ROI_ID,1,2,3,4,5,6,7,8,9,10,11,12,13,14,15,16,17,18,19,20,21,22,23,24,25,26,27,28,29,30,31,32,33,34,35,36,37,38,39,40,41,42,43,44,45,46,47,48,49,50,51,52,53,54,55,56,57,58,59,60,61,62,63,64,65,66,67,68,69,70,71,72,73,74,75,76,77,78,79,80,81,82,83,84,85,86,87,88,89,90,91,92,93,94,95,96,97,98,99,100,101,102,103,104,105,106,107,108,109,110,111,112,113,114,115,116,117,118,119,120,121,122,123,124,125,126,127,128,129,130,131,132,133,134,135,136,137,138,139,140,141,142,143
1,0,0,9.484794532e-07,6.275628266e-07,1.237370498e-06,8.261514267e-06,0,6.365162335e-07,0.0002589822398,4.182295379e-05,0.0009008411434,0.0001457536855,0.051607728,0.08258443326,0.007751396392,0.0002444628626,3.047119435e-06,0,0,0,0,0,0,0,0,0,0,0,2.114762719e-05,0,0,0,0,0,0,0,0,0,0,0,0,0,0,0.2262850553,0.008920409717,0.005070406478,0.0007395379944,0.00107409351,0.0004116113996,0.0007472316502,0.0001725815964,0.0009636789327,0,0.0004848670796,0,0,1.007105766e-05,0,0,0.001403546077,0.000167623075,7.539633953e-05,9.080078598e-05,0,0,0,0.002494589193,0.0003039713483,0.004012078047,0,2.22645167e-06,0.003930042963,0.7986141443,0.0001622771524,0.0004037671606,0.0002460883115,0,0,1.659134796e-05,0,0,1.605196667e-05,0.003659360576,0.08310294151,0.4034411609,0.002901987638,0.01111770142,1.043131851e-05,2.993247108e-05,0,0,7.360389282e-05,7.727130651e-06,0,0,0,0,0,0,0,0,0,0,0,0,0,0,0,0,0,0,0,0,9.398618772e-07,0,0,0,0,0,0,0,0,0,0,0,0,0,0,0,0,0,0,0,8.458086427e-07,0,0,0,0,0,0,0,0,4.987823559e-06
2,0,0,0,0,0,0,0,0,8.225398778e-05,0,0.0001046554826,0,0.02985964343,0.02541377582,3.015941184e-05,0.0001846529922,0,0,0,0,0,0,0,0,0,0,0,0,0,0,0,0,0,0,0,0,0,0,0,0,0,0,0,0.07859389484,0.02326508798,0.01095432136,0.004761904944,0.004761904944,0.003296938026,0.003470460419,0.0006584337098,0.0004573250189,0,0,0.0002510187333,0,0,0.0003415164538,0,0.003435886232,0,0,0,0,4.92685358e-05,0,0,0,0.00266235345,0,0,0.0003398100089,0.5779172778,0.0002194346744,0.0007897161413,3.013013838e-06,0,0,1.681786489e-05,0,0,0,0,0.04885123298,0.3572095037,0.004054500721,0.0001486375986,0,0,0,0,0,0,0,0,0,0,0,0,0,0,0,0,0,0,0,0,0,0,0,0,0,0,0,0,0,0,0,0,0,0,0,0,0,0,0,0,0,0,0,0,0,0,0,0,0,0,0,0,0,0,0,0
3,9.484794532e-07,0,0,1.156187977e-06,4.202220589e-05,0,5.147508091e-06,3.03217621e-06,0.0006796800881,0.0001305885671,0.0006826448371,0.0001848508109,0.07422725111,0.0501142256,0.0004033712321,0.0005877567455,0,0,0,0,0,0,0,0,0,0,0,0,0,0,0.0001228406327,0,0,0,0,0.0002137411502,0.0008361276123,0,0,0,0,0,0,0.2307897806,0.05866706371,0.0347795859,0.008798172697,0.01089008432,0.004254416097,0.005611545872,0.001390500809,0.001321327756,0.003299600678,0.0002225532371,0.0001822946942,0.0001554725168,7.964613906e-05,0.0002218222071,0,0.007480244618,0.0001058976995,0.0002251916449,0.0003118530731,6.169635162e-05,0.0002056338562,6.882933667e-05,0.007184999995,0.0009026756161,0.004586753435,1.132443504e-05,4.111630005e-06,0.0009130337276,0.8415834904,0.0007214160287,0.00402469933,9.525654605e-05,0.0003861300938,0,0.0001798420271,4.235651068e-05,0,9.508137009e-05,0.01080356259,0.1251205057,0.465574801,0.01304240152,0.004962513689,0.0004728052882,7.815271601e-06,7.116826964e-06,4.982334758e-06,0.0007775122067,2.891200347e-05,4.730306318e-05,1.773456233e-06,0,0,6.422737897e-06,2.131298061e-05,0,8.092782991e-06,1.669567246e-05,9.940514246e-06,0,0,0,0,0,0,0,1.997539403e-05,0,3.988143726e-05,1.582413006e-06,0,0,0,0,0,0,0,2.198535003e-05,9.505114349e-07,0,0,3.597840623e-05,1.186555255e-05,0,1.357989368e-05,0,0,0,1.453931418e-05,0,0,0,0,0,3.328645164e-07,0,0,1.521817831e-05,1.42435847e-05
4,6.275628266e-07,0,1.156187977e-06,0,2.199447863e-06,0,0,1.399713256e-06,0.000445441081,2.247994416e-05,0.0006075766287,2.778224189e-05,0.06832163781,0.02162967063,0.001773116761,0.0002447731968,0,0,0,0,0,0,0,0,0,0,9.384218174e-06,0,0,0,0,0,0,0,0,0,0,0,0,0,0,0,0,0.1952595562,0.08136861026,0.06565119326,0.02795966342,0.04669950157,0.01570543274,0.01425778307,0.007103480864,0.0072177127,0,0,0,0,0,5.676833098e-05,1.424473339e-05,0.01589795388,0,0.000183385695,0.001249608118,9.788254829e-05,0.0002316955797,6.111371476e-05,0.007369430736,0.0008246097714,0.003563313279,0,0,0.002786153462,0.7397187352,0.006508083083,0.009464040399,0.0005505988374,0.0005192353274,0.0001822937775,0.0004821219773,0.0001685311145,0,0.0003500228049,0.01799418777,0.1474950165,0.4306358099,0.01839691959,0.01768131182,0.0005400726222,0,0,3.491045572e-05,0.003737312742,0.0001066007171,0,0,0,0.0001021212811,0,0,0,0,0.0002533102816,0,0,0,0,0,0,0.0001960380905,0,4.978285688e-06,0,0,7.044120593e-06,0,0,0,3.108998862e-05,0,0,0,0,0,0,1.164079549e-05,0,0,0,0,0,1.473305292e-05,0,0,0,0,0,0,0,0,0,0,0,0.0002859666129
5,1.237370498e-06,0,4.202220589e-05,2.199447863e-06,0,0,0,1.325573521e-06,0.001280450961,0.004367025103,0.002750950633,0.0009755975916,0.05698753148,0.1420861781,0.007820073515,0.001180029707,0,0,0,0,0,0,0,0,0,0,0.002380952239,0,0,0,0,0,0,0,0,0,0,0,0,0,0,0,0,0.2710539699,0.002981775207,0.007105722092,0.0007967134006,0.0001657996181,0.0001980288507,0.0006301779649,0.0001172328848,0.0008551853243,0,0,0,0,0,0,4.227221143e-05,0.003678244771,0,0,0.0001322996104,2.532525832e-05,0,0.0001821229525,0.002084262203,0,0.01037637703,0,0,0.008130436763,0.8892008066,0.00305060111,0.001297878451,0.009007805958,0,0.002380952472,0.0005124597228,0.0003173143195,0,8.086665184e-05,0.008494641632,0.1176497638,0.4521366954,0.00975978747,0.02937560156,0.001300144009,0.00141344266,0,0,0.0002197127033,0.0001490169088,0,0,0,0,0,3.493250233e-06,0,0,0,0,0,0,0,0,0,0,0,5.938000413e-06,0,0,0,0,0,0,0,0,0,0,0,0,0,1.141136295e-06,0,0,0,1.776792305e-05,0,0,0,0,0,0,0,0,3.509356975e-05,0,0,0,0,0
6,8.261514267e-06,0,0,0,0,0,0,8.469793102e-06,0.008281155489,0.006064064801,0.001297575538,0.0001664303854,0.109843187,0.02638169937,0,0.0005266329972,0,0,0,0.0001389683457,0,0,0,0,0,0,0.002380952239,0,0,0,0,0,0,0.002380952472,0,0,0,0,0,0,0,0,0,0.2052939385,0.08010555804,0.08073643595,0.01624481939,0.02199230716,0.02306744643,0.0164381247,0.008738457225,0.006329603493,0.002380952472,0,0.002380952472,0.002380952239,0,0,0,0.02272354811,0,0.0002114505478,0.001909949002,0.0002398549841,0.002380952472,0.002380952472,0.01447966229,0.006469298154,0.01640236005,0,0,0.001342402422,0.7677326202,0.006670220289,0.003767615184,0.009640011005,0,0.002380952239,0.01190476213,0.002515089698,0,2.74797585e-05,0.01602746174,0.1898099333,0.382435739,0.01535851881,0.009530945681,0.007142857648,0,0.003640289651,0.00114497426,0.002607458737,0,0,0,0,0,4.036644896e-05,0,0,6.700360245e-05,0,0,0,0,0,7.299301797e-05,0.0001643905271,0.0001489002316,0,0.000178704242,0,0,0,0,0,0,7.725881733e-05,0,0,0,0.002380952472,0,0,0,0.000268081727,0,0,0.0002213755506,0,3.563807331e-05,0,0,0,0,0,0,0,0,0,0,0,0.0002770558931
7,0,0,5.147508091e-06,0,0,0,0,0,0.008271927945,0,0.0003786840825,0.001158630126,0.1392347068,0.0275787022,0.0003531869443,0.001969455043,0,0,0,0,0,0,0,0,0,0,0.002380952472,0,0,0,0,0,0,0,0,0,0,0,0,0,0,0,0,0.1500194818,0.06195762008,0.08034651726,0.02245642245,0.02435597591,0.02096383832,0.01681659929,0.01155655086,0.003298070049,0.002380952472,0.002380952472,0.004761904944,0.002380952472,0,0,0,0.02932547219,0,0.002380952472,0.00703827152,0,0.004710232373,0,0.01301635616,0.006262855139,0.0298151616,0,0,0.000435732858,0.6922194958,0.0168423634,0.005904185586,0.0002361335792,0.002380952239,0.0001956878405,0.008528248407,0,0,0.0006623928784,0.01057657227,0.1521551907,0.350884378,0.01741578244,0.0002300997003,0.0008665639907,0,0.0002943043364,0.001135243336,0,0,0,0,0,0,0,0,0,0,0.001149532269,0,0,0,0,0,0,0,0,0,0,0,0,0,0,0,0,0,0,0,0,0,0,0,0,0.00103557657,0,0.0009682736709,0,0,0,0,0.0003451609227,0,0,0,0,0,0,0,0,0
8,6.365162335e-07,0,3.03217621e-06,1.399713256e-06,1.325573521e-06,8.469793102e-06,0,0,0.0006598645705,4.582320253e-05,0.001191824442,0.0001515243639,0.07057878375,0.02189985849,0.0009453473031,0.0001166796428,0,0,0,0,0,0,0,0,0,0,0,3.919409937e-05,0,2.485869572e-06,5.831607632e-05,0,0,0,0,0,0,0,0,0,0,0,0,0.2420736998,0.08374731243,0.06066055596,0.01051209494,0.01469424553,0.008210591041,0.009492921643,0.001950348378,0.002431770554,0,0.004387325607,0.0003168499097,0.003848097287,0.0005940916599,6.068910443e-05,2.564523493e-05,0.02038581111,0.002154012676,0.0001158795931,0.0005843114341,8.846724813e-05,0.00121802208,0.0003556255251,0.007636213209,0.001117674168,0.008371924981,0,9.431855142e-05,0.005093552172,0.8454492688,0.005243998021,0.008451718837,0.0007891660207,0.002152929315,0.0002489881881,0.00118920044,3.787104652e-05,0,0.0002088235633,0.02722814493,0.1670163572,0.4931218028,0.0208056774,0.01945700124,0.001426214003,0,0.0001719063584,0.0001122593894,0.001509712427,0.0001858497708,3.034307156e-05,3.995664883e-06,4.627876842e-05,0,0,2.457073606e-05,0,8.114182492e-06,1.998357584e-05,0.0001224156586,0,0,0,0,0,4.065556368e-06,0,1.06168236e-05,0,1.763273576e-05,0,0,0,4.489125331e-06,0,0,0,0,0,0,0,3.21217999e-06,1.343148324e-05,0,0,1.827283813e-05,0,5.119523848e-06,0,0,2.205680357e-05,0,0,0,0,5.268790119e-06,0,0,6.476281851e-05,3.8224116e-05
9,0.0002589822398,8.225398778e-05,0.0006796800881,0.000445441081,0.001280450961,0.008281155489,0.008271927945,0.0006598645705,0,1.346234239e-05,0.002366788918,0.0003299045784,0.03261903301,0.09501104802,0.003614042653,0.000284710346,1.236784465e-05,2.621378735e-05,4.120354424e-05,1.205064291e-05,3.690842277e-05,6.158218457e-05,0.0002646145585,0,0,1.535833144e-05,5.676341607e-05,0.0001199211329,0.0001615907531,4.375162462e-05,3.79522462e-05,5.628808867e-05,2.54305869e-05,0,1.55203179e-05,7.526964328e-05,3.24339635e-05,2.521957504e-05,0.0007429640973,0,0,0,0,0.277154237,0.03682634607,0.04507884383,0.005908138119,0.01422694698,0.0147293089,0.00595526956,0.003229926107,0.01865670457,0.002472897293,0.0005371847074,0.0006148091634,0.0004429483961,5.311674613e-05,0.0001157528895,9.29822545e-06,0.01322281174,0.0007768342039,0.0008156687254,0.001490008086,0.0001923836535,0.0008591586375,7.186352013e-05,0.04272831231,0.003810253926,0.0194361154,6.985640357e-05,2.334529563e-05,0.03535042703,0.964106977,0.007140254602,0.004204194061,0.001124547096,0.0006769754109,0.0002141261648,0.001048436039,0.0007253258955,5.027869338e-05,0.001405706163,0.02753742784,0.3284095228,0.7914008498,0.07489854842,0.01827426255,0.0005648974329,0.001343928277,3.306368308e-05,9.781176777e-05,0.005526617635,0.001319666742,0.002167299856,0.001914691296,0.001923670061,0.002834068611,0.002740485128,0.001581725082,0.003619942348,0.001823528437,0.002323287539,0.0005470238975,0.0006272306782,0.0002254155261,3.267879219e-05,4.979846926e-05,0.0001307751372,0.001291877474,0.0001610345353,0.001166078378,0.0006724860868,0.0007188860327,0.0006968059461,6.41275692e-05,8.076853555e-05,0.0002837026841,0.000938148878,5.41910922e-05,5.532135765e-05,4.12469708e-05,0.0005683467607,8.776807954e-05,0.002832221566,0.001950737438,0.001160253189,0.000781951996,4.889516276e-05,0.001359452726,0.0006155634183,0.0005307107931,0.0008984841988,0.001469630166,0.0008923755377,0,6.04205743e-05,0.0003700496454,0.0001309372747,3.727003059e-05,4.626866212e-05,3.810266207e-05,0.001359375543,0.0008358924533
10,4.182295379e-05,0,0.0001305885671,2.247994416e-05,0.004367025103,0.006064064801,0,4.582320253e-05,1.346234239e-05,0,1.618166607e-05,3.578089718e-06,0.01153362449,0.04284154996,1.352613253e-05,4.281114525e-05,0,0,0,0,0,0,0,0,0,0,7.509764146e-06,0,0,2.489769031e-05,0,0,0,0,0,0,0,0,0,0,0,0,0,0.149484098,0.07392347604,0.0231223274,0.0212829262,0.04033262283,0.01689163968,0.01113984082,0.00821787864,0.003989080898,0,3.283914339e-05,2.505494194e-05,5.108275582e-05,5.904937552e-06,4.843391071e-05,7.292710507e-07,0.005611256231,0.0008660865133,0.000210079932,0.0008793066954,6.312927871e-05,3.103259223e-05,5.907967989e-06,0.00686986791,0.0005358984345,0.00165473728,4.5406955e-06,1.110783614e-06,0.0002455323411,0.8032397032,0.0006696871715,0.001648621401,2.131936071e-06,7.18014644e-06,0,2.822854367e-05,0.0002406099084,1.190235707e-06,0.0005734756705,0.005404666532,0.09529662132,0.6914866567,0.01587934047,0.0002190713858,5.906074875e-06,4.298024123e-06,1.004635124e-06,1.250688683e-06,0.0007537589991,3.743918205e-05,0,0,0,0.001014057663,0.0009683402022,0.003015022725,0,0.0002498744579,0.005016402807,0,0,0,0,0,5.432072157e-06,0,0,0.0002949220652,0,0.0006450059591,0.0005142372684,0,0,0,0,0,0,0,0,2.086622089e-06,0,0,0,0.0004116462951,0,0.001135390019,0.0001469364506,0.001191679272,0,0,0,0,0,0,0,0,0,0,0.0001707644406,0.0008584679454
11,0.0009008411434,0.0001046554826,0.0006826448371,0.0006075766287,0.002750950633,0.001297575538,0.0003786840825,0.001191824442,0.002366788918,1.618166607e-05,0,0.0001259845158,0.1372883916,0.07227933407,0.0001151235265,0.001614555484,0.0002604686306,0.001592279063,0.0001927192061,0,0.0009103590273,0,0,0,9.995838627e-05,0,0.000518892426,0.0003386094177,0.0006693060277,0.0005949514452,0.0004988868604,0.000953863957,0,0,0.0001540951489,0.001774109085,0.002473359229,0,0,0,0,0,0,0.2448651493,0.03109564818,0.02918579429,0.005737952422,0.01438261475,0.02081658319,0.006340503227,0.003884654725,0.002586415038,0.0001286633342,9.445037722e-05,0.0003589167318,0.0004301012377,4.324133624e-05,9.413075168e-05,1.87370315e-05,0.009024234489,0.0003560967161,0.0005677537993,0.001789064729,0.0003475378326,0.000579639338,5.180453809e-05,0.01021057833,0.00105599314,0.004105987493,0.0001660173439,2.891143777e-05,0.0004998735967,0.9012752175,0.002970501082,0.002989440924,0.0001086826887,0.0004430144909,0.0001503340463,0.001024581143,0.001101122703,3.210681825e-05,0.001981820911,0.01266346779,0.1951587498,0.6734524965,0.02611844055,0.0009167587268,0.0001005378581,9.087136277e-05,3.032990389e-05,0.0001079249487,0.006341305096,0.001919318223,0.004654142074,0.002480363706,0.006188814994,0.002504572505,0.004288680851,0.004972325638,0.001281189849,0.003089110134,0.00386958709,0.0006421439466,0.0001509720605,0.0002105135936,0,0.0001641717536,0.0003164515947,0.001269118045,7.432687562e-05,0.001671192236,6.466334889e-05,0.0011407563,0.0008408481372,0,8.802037337e-05,0.0006953380653,0.0006747970474,8.823403732e-06,8.476738003e-05,7.303821621e-05,0.0004212980857,6.352416676e-05,0.0001296329428,0.001063892851,0.0009976845467,0.0008674841956,2.364123793e-05,0.0022380671,0.001867521438,0.00202567433,0.001517419703,0.001015066984,0.001179386512,0.0008807581617,4.108330904e-05,4.552851169e-05,3.117867527e-05,2.063607644e-05,3.238443969e-05,2.48479173e-05,0.001764789457,0.001312031411
12,0.0001457536855,0,0.0001848508109,2.778224189e-05,0.0009755975916,0.0001664303854,0.001158630126,0.0001515243639,0.0003299045784,3.578089718e-06,0.0001259845158,0,0.02843690105,0.02889341302,0.0001658770198,8.003111725e-05,7.523118256e-06,0,5.978614354e-05,0,0,4.332563185e-05,0,0,0,0,5.148621858e-05,0,0.0002353173186,4.150213863e-05,5.193202469e-06,0,0,0,4.811166946e-06,0,0,0,0,0,0,0,0,0.2305166721,0.09246762842,0.02994982712,0.02023903467,0.04403992742,0.03174464405,0.008509622887,0.006117636338,0.001578625059,0.0001819326426,5.542394501e-05,7.060096686e-05,0.0001188020033,7.975292647e-06,3.414355524e-05,2.240201411e-06,0.006771354005,0.0002078932885,0.0003139613837,0.001182366745,0.0001457031613,0.0001504428365,1.314988276e-05,0.005815607961,0.0008264462231,0.002728834515,0,5.749200682e-06,0.00558835594,0.8218309283,0.002393628471,0.001599475509,0.0002303296351,0.0003497127327,0.0001064047974,0.0006421869039,0.0007172829355,1.970021003e-05,0.001534074428,0.01036124025,0.1177514419,0.561291039,0.01602330245,0.002513846382,0.0001024582889,0.0001737457205,1.69687828e-05,3.028913306e-05,0.007139324676,0.002652557567,0.0008160376456,0.0001884024532,0.00326904445,0.00392675912,0.004360109102,0.003410098841,0.0008426518179,0.00307323318,0.004713358358,0.0006786164595,0,0,0.0005307365209,0,1.143207737e-05,0.000641789462,0.0002161760785,0.0007029136177,0,0.0004883363144,7.421646296e-05,0,6.760371616e-05,0.0006039592554,8.888790762e-05,0,0,0,0.0003117571468,3.935742643e-05,0,0.0002198172151,0.0003042408789,0.0002508189064,4.535349217e-05,0.002159156138,0.0003763099376,0.0004917387851,0,0,0.0001165992508,0,0.0002344012755,0.0002665625943,0.0002556915279,0,3.362026837e-05,0,0.001674868166,0.000394096307
13,0.051607728,0.02985964343,0.07422725111,0.06832163781,0.05698753148,0.109843187,0.1392347068,0.07057878375,0.03261903301,0.01153362449,0.1372883916,0.02843690105,0,0.4521972239,0.2657044232,0.02372716367,0.00869600568,0.01276862435,0.01068287529,0.006842235569,0.006992228329,0.004853357095,0.003718337743,0.003448997857,0.004333397839,0.01194134355,0.0469000116,0.03008488193,0.02692014724,0.02380032465,0.02585135214,0.02021707408,0.01147074159,0.02115395293,0.02393653989,0.0294298213,0.007808437571,0.003467888804,0,0.007019144949,0.0006472765235,0.003030589083,0.002380952472,0.6705850959,0.1755377203,0.438028574,0.1201297343,0.1009733975,0.15628995,0.1870492399,0.1325507164,0.280618012,0.1392523199,0.06651678681,0.07379065454,0.07287759334,0.01117750164,0.0244012624,0.004054093268,0.334572643,0.08998171985,0.06170776859,0.1028058976,0.03520546854,0.1467751414,0.0209592972,0.3950524032,0.2023478299,0.2388963848,0.06743584573,0.05995251611,0.2121393085,0.9862561822,0.2299481928,0.1475049555,0.1668919027,0.2430953234,0.1396833509,0.2173666358,0.1867329627,0.2482158095,0.1840587556,0.3303411305,0.5504018068,0.9184991121,0.3853225112,0.2046409696,0.1617553085,0.2664965689,0.0938667506,0.0844720751,0.3175469637,0.2610357404,0.05155660212,0.05441718176,0.05984140188,0.05483342335,0.06042432413,0.05674958229,0.05428485572,0.06024346873,0.06647806615,0.03980138525,0.01943513937,0.02520618029,0.01616607979,0.023299044,0.03875505552,0.04952608421,0.02235897258,0.03417623788,0.005193052813,0.0300386548,0.04031247646,0.03485288844,0.03525283188,0.02520081215,0.03696757928,0.0320068337,0.0256373845,0.03797958419,0.05720696971,0.03912852332,0.03945798054,0.0624323152,0.03858812526,0.03346177563,0.04940378293,0.04606350139,0.05488767102,0.03692839667,0.02536412328,0.01733674109,0.03214776888,0.02968921326,0.03133761138,0.07032987475,0.06415127963,0.06955741346,0.0483187288,0.05069538951,0.06022660807,0.03221032023
14,0.08258443326,0.02541377582,0.0501142256,0.02162967063,0.1420861781,0.02638169937,0.0275787022,0.02189985849,0.09501104802,0.04284154996,0.07227933407,0.02889341302,0.4521972239,0,0.04326787964,0.03172060102,0.008302390575,0.01473328471,0.01406904776,0.01126733236,0.01769623905,0.0151369581,0.004686890636,0.002380952472,0.009214722551,0.007187084295,0.02542335913,0.02931584232,0.0192718152,0.02173379064,0.02455794252,0.02664667554,0.01572270691,0.01394238509,0.01549099572,0.02033891156,0.005268560257,0.004761904944,0.002380952472,0.003142679809,0.005149233621,0.003592455527,0,0.8199986219,0.3491621315,0.5146489143,0.1523919851,0.2305333763,0.3684351742,0.1986531764,0.1449390352,0.3065537214,0.125753358,0.1987743527,0.2598763406,0.2627379298,0.1174585819,0.08279449493,0.04526023939,0.3431212008,0.14262411,0.1372745186,0.133522436,0.08976869285,0.347447753,0.1556119174,0.472164005,0.3320494294,0.3990378082,0.04254331812,0.1283103228,0.1936557144,0.9979178905,0.3652538657,0.2397533357,0.2052033693,0.3384796679,0.1887907535,0.3972997963,0.1281170696,0.1591307968,0.147362411,0.4558917582,0.7012778521,0.9503914118,0.4479797184,0.3224315941,0.265740782,0.1462443322,0.1446740031,0.1883909404,0.3983635902,0.2280063778,0.1125698686,0.06972496957,0.04928297177,0.0838188082,0.09072699398,0.1747960448,0.04727711529,0.1170833632,0.1544176787,0.05381661654,0.01014356222,0.02214360982,0.002380952472,0.02429850399,0.0702945292,0.05960362405,0.0142857153,0.1001628935,0.007142857648,0.08324979246,0.09158413857,0.01636482403,0.05348888785,0.03473825753,0.05080143735,0.01190476213,0.01666666754,0.02877022512,0.03080142289,0.1009759009,0.02315006405,0.05396170914,0.0418125093,0.04135006294,0.007142857648,0.09127520025,0.05378114432,0.05992484838,0.02477256767,0.008742952719,0.06820904464,0.01186270453,0.02277786657,0.03003161401,0.02580388263,0.07062745839,0.05950712413,0.03012499772,0.07654128224,0.07348331809
15,0.007751396392,3.015941184e-05,0.0004033712321,0.001773116761,0.007820073515,0,0.0003531869443,0.0009453473031,0.003614042653,1.352613253e-05,0.0001151235265,0.0001658770198,0.2657044232,0.04326787964,0,0.0006225403049,0,0.002380952472,0,0,0,0,0,0,0,0,0.001430299482,0.0010621947,0,0,0,0,0.002380952472,0,0,0,0,0,0,0,0,0,0,0.5085450411,0.1888974607,0.2903563976,0.115958415,0.1125314832,0.08497659862,0.1224338636,0.0837456435,0.06829849631,0.009523809887,0.008697680198,0.03231851757,0.01645406522,0.007555763703,0.01716277376,0.005809046328,0.1359015554,0.007142857648,0.009523809887,0.0788937062,0.02091495693,0.04087857902,0.009551278315,0.07575193793,0.03751050308,0.1140459627,0.00327850203,0.003549274988,0.0001520547521,0.948998034,0.06480681151,0.08780524135,8.980585699e-05,0.0109237507,0.005195816047,0.043148987,0.001696728636,0,0.0322242938,0.1110234261,0.4640294313,0.8463948965,0.126395002,0.001800256432,0.009797199629,9.971288819e-06,0.0008728448884,0.01229905523,0.01324085984,0.004680257291,0.002380952472,0.0003219209611,0.0007780418382,0.004083677195,0.007142857648,0.002903749933,0.001213403069,0.005908934865,0.008970006369,0.002380952472,0,0,0,0,0.004761904944,0.006486127153,0,0.0120274229,0,0.006883560214,0.004041576758,0,0.004761904944,0.002380952472,0,0,0,0.0001196229132,0,0.001764360815,0,0.0002245382057,0.0008545509772,0.002380952472,0,0.012105681,0,0.002245586598,0.002380952472,0,0.003234579461,0,0,1.746429189e-05,0,0.0004909096751,0.0006044904585,0,0.003793579759,0.003506794572
16,0.0002444628626,0.0001846529922,0.0005877567455,0.0002447731968,0.001180029707,0.0005266329972,0.001969455043,0.0001166796428,0.000284710346,4.281114525e-05,0.001614555484,8.003111725e-05,0.02372716367,0.03172060102,0.0006225403049,0,0,0,0,2.039508217e-05,0,0,0,0,0,0,2.560700159e-05,0.0001187215676,9.815321391e-05,5.116124157e-05,1.988233271e-05,1.068578968e-05,7.314495451e-05,0,4.286320109e-05,2.285369374e-05,0,0,0,0,0,0,0,0.2442120463,0.04133373499,0.04646214098,0.004836641718,0.01314437203,0.01818628982,0.004632900003,0.002544014249,0.0161962416,0.002650603652,0.001129619079,0.001415335224,0.001805681037,0.0001193782009,0.000213963358,3.066444697e-05,0.01236032508,0.00131467334,0.0008853034815,0.001670041005,0.0003727740259,0.003004885511,0.0001864154328,0.05043515563,0.006578356028,0.0260620527,0.000199249931,9.413366934e-05,0.02921018004,0.9682989717,0.01246608514,0.005369483493,0.002581197303,0.003178284969,0.0006505296333,0.003903853707,0.001056960784,0.0001818224846,0.001518831472,0.03573100641,0.3516729474,0.766898036,0.0772620365,0.03057191521,0.001512025017,0.00346641941,9.929181397e-05,0.0004587283765,0.006466502324,0.001587763778,0.001478702179,0.0002799067297,0.004689009394,0.001724791829,0.00177709281,0.004046820104,0.000981536461,0.00340076955,0.003284463659,0.00183707953,0.002607349074,6.674799806e-05,0.0003945769568,0.0001741494198,0.0003141003544,0.001800704747,0,0.001162393484,0.0007263252628,0.001170379343,0.0007157369982,0.0005255092983,0.0001045066747,0.0004354909179,0.0009831619682,0.0001068487181,6.921992463e-05,2.557131847e-05,0.0004958406207,0.0002431537287,0,0.0004761484161,0.00208351668,0.001099405694,8.633016114e-05,0.001035146997,0.002040366875,0.000678448996,0.00128892879,0.0002822942915,0.000441978249,0.003027390921,0.0002096807584,0.0004043203953,0.001842854545,0.0001846757805,0.000326888141,6.011153891e-05,0.001751614502,0.0009453764651
17,3.047119435e-06,0,0,0,0,0,0,0,1.236784465e-05,0,0.0002604686306,7.523118256e-06,0.00869600568,0.008302390575,0,0,0,0,0,0,0,0,0,0,0,0,0,0,0,0,0,0,0,0,0,0,0,0,0,0,0,0,0,0.02945692465,0.01168599632,0.006344511639,0.001461668639,0.009727404453,0,0.003379802685,0.0001583458361,0.0001989374141,0,0,0,0,0,0,0,0,0,0,0,0,0,0,0,0,0.005029131658,0,0,0,0.40432477,0.002380952472,0,0.0009354964714,0,0,0.0006030841614,0,0,0,0.003498516511,0.03666217625,0.2108752429,0.006379168481,0.002380952472,0,0,0,0,0,0,0,0,0,0,0,0,0,0,0,0,0,0,0,0,0,0,0,0,0,0,0,0,0,0,0,0,0,0,0,0,0,0,0,0,0,0,0,0,0,0,0,0,0,0,0,0,0,0,0,0
18,0,0,0,0,0,0,0,0,2.621378735e-05,0,0.001592279063,0,0.01276862435,0.01473328471,0.002380952472,0,0,0,0,0,0,0,0,0,0,0,0,0,0,0,0,0,0,0,0,0,0,0,0,0,0,0,0,0.01265571546,0.004761904944,0,0,0,0.002380952472,0,0,0.002380952472,0,0,0,0,0,0,0,0,0,0,0,0,0,0,0,0,0.002611882519,0,0,0,0.2555581629,0,0,0,0,0,0,0,0,0,0,0.03882756457,0.1171125621,0.002380952472,0,0,0,0,0,0,0,0,0,0,0,0,0,0,0,0,0,0,0,0,0,0,0,0,0,0,0,0,0,0,0,0,0,0,0,0,0,0,0,0,0,0,0,0,0,0,0,0,0,0,0,0,0,0,0,0,0
19,0,0,0,0,0,0,0,0,4.120354424e-05,0,0.0001927192061,5.978614354e-05,0.01068287529,0.01406904776,0,0,0,0,0,0,0,0,0,0,0,0,0,0,0,0,0,0,0,0,0,0,0,0,0,0,0,0,0,0.02236052789,0.007142857648,0.002380952472,0.001309629646,0.003645314369,0.001716215862,0.0002892132034,0,0,0,0,0,0,0,0,0,0,0,0,0.001185116009,0.0004554368788,0,0,0,0,0.001236157259,0,0,0.007142857648,0.3158813119,0.002380952239,0,0,0,0,0,0,0,0,0,0.03154364973,0.1192049012,0.001606036909,0.004761904944,0,0,0,0,0,0,0,0,0,0,0,0,0,0,0,0,0,0,0,0,0,0,0,0,0,0,0,0,0,0,0,0,0,0,0,0,0,0,0,0,0,0,0,0,0,0,0,0,0,0,0,0,0,0,0,0
20,0,0,0,0,0,0.0001389683457,0,0,1.205064291e-05,0,0,0,0.006842235569,0.01126733236,0,2.039508217e-05,0,0,0,0,0,0,0,0,0,0,0,0,0,0,0,0,0,0,0,0,0,0,0,0,0,0,0,0.01970834285,0.008340626955,0.01395656541,0.001191129792,0.0009714119369,0,0.0007813409902,0.0006453514798,0,0,0,0,0,0,0,0,0,0,0,0,0,0,0,0,0,0.002695583506,0,0,0.002380952472,0.3684512377,0,0.001431596,0,0,0,0,0,0,0,0,0.05230372027,0.1945101023,0.002380952472,0.001039144816,0,0,0,0,0,0,0,0,0,0,0,0,0,0,0,0,0,0,0,0,0,0,0,0,0,0,0,0,0,0,0,0,0,0,0,0,0,0,0,0,0,0,0,0,0,0,0,0,0,0,0,0,0,0,0,0
21,0,0,0,0,0,0,0,0,3.690842277e-05,0,0.0009103590273,0,0.006992228329,0.01769623905,0,0,0,0,0,0,0,0,0,0,0,0,0,0,0,0,0,0,0,0,0,0,0,0,0,0,0,0,0,0.03475339338,0.008122150786,0.0003343972494,0,0.0007093353779,0,0,0.0004655080265,0.001137361163,0,0,0,0,0,0,0,0.005142609589,0,0,0.0001246862375,8.499873366e-05,0,0,0,0,0.00191811088,0,0,0,0.3663069308,0,0,0,0,0,0,0,0,0,0,0.04816352203,0.1673932672,0.002380952472,0,0,0.0008305810625,0,0,0,0,0,0,0,0,0,0,0,0,0,0,0,0,0,0,0,0,0,0,0,0,0,0,0,0,0,0,0,0,0,0,0,0,0,0,0,0,0,0,0,0,0,0,0,0,0,0,0,0,0,0
22,0,0,0,0,0,0,0,0,6.158218457e-05,0,0,4.332563185e-05,0.004853357095,0.0151369581,0,0,0,0,0,0,0,0,0,0,0,0,0,0,0,0,0,0,0,0,0,0,0,0,0,0,0,0,0,0.01387461741,0.004761904944,0.002380952472,0,0.001318458584,0.002380952472,0.001454293611,0,0,0,0,0,0,0,0,0,0.002380952472,0,0,0,0,0,0,0,0,0.005749289412,0,0,0,0.2690563202,0,0.002903132001,0.001167012029,0,0,0,0,0,0,0,0.02038552985,0.09958612174,0,0,0,0,0,0,0,0,0,0,0,0,0,0,0,0,0,0,0,0,0,0,0,0,0,0,0,0,0,0,0,0,0,0,0,0,0,0,0,0,0,0,0,0,0,0,0,0,0,0,0,0,0,0,0,0,0,0
23,0,0,0,0,0,0,0,0,0.0002646145585,0,0,0,0.003718337743,0.004686890636,0,0,0,0,0,0,0,0,0,0,0,0,0,0,0,0,0,0,0,0,0,0,0,0,0,0,0,0,0,0.008919359185,0.003732405137,0.002380952472,0,0,0.002380952472,0,0,0,0,0,0,0,0,0,0,0.001785915578,0,0,0.0001354916749,0.0003684689291,0,0,0,0,0,0,0,0.002380952239,0.1310185194,0,0,0,0,0,0,0,0,0,0,0.01793816872,0.07935338467,0,0,0,0,0,0,0,0,0,0,0,0,0,0,0,0,0,0,0,0,0,0,0,0,0,0,0,0,0,0,0,0,0,0,0,0,0,0,0,0,0,0,0,0,0,0,0,0,0,0,0,0,0,0,0,0,0,0
24,0,0,0,0,0,0,0,0,0,0,0,0,0.003448997857,0.002380952472,0,0,0,0,0,0,0,0,0,0,0,0,0,0,0,0,0,0,0,0,0,0,0,0,0,0,0,0,0,0.01022490859,0,0.002380952472,0,0,0,0,0,0,0,0,0,0,0,0,0,0,0,0,0,0,0,0,0,0,0,0,0,0,0.06991129369,0,0,0,0,0,0,0,0,0,0,0.01190476213,0.02987995185,0,0,0,0,0,0,0,0,0,0,0,0,0,0,0,0,0,0,0,0,0,0,0,0,0,0,0,0,0,0,0,0,0,0,0,0,0,0,0,0,0,0,0,0,0,0,0,0,0,0,0,0,0,0,0,0,0,0
25,0,0,0,0,0,0,0,0,0,0,9.995838627e-05,0,0.004333397839,0.009214722551,0,0,0,0,0,0,0,0,0,0,0,0,0,0,0,0,0,0,0,0,0,0,0,0,0,0,0,0,0,0.02066861838,0.006869169418,0.002380952472,0,0,0.0008255979628,0,0,0,0,0,0,0,0,0,0,0,0,0,0,0,0,0,0.002380952239,0,0.002591863275,0,0,0,0.1617188156,0,0,0,0,0,0.0007073729648,0,0,0,0,0.01602107659,0.0489083454,0,0,0,0,0,0,0,0,0,0,0,0,0,0,0,0,0,0,0,0,0,0,0,0,0,0,0,0,0,0,0,0,0,0,0,0,0,0,0,0,0,0,0,0,0,0,0,0,0,0,0,0,0,0,0,0,0,0
26,0,0,0,0,0,0,0,0,1.535833144e-05,0,0,0,0.01194134355,0.007187084295,0,0,0,0,0,0,0,0,0,0,0,0,0,0,0,0,0,0,0,0,0,0,0,0,0,0,0,0,0,0.02737708576,0.009776025079,0.0004124601837,0.002380952472,0,0,0,0,0,0,0.002380952472,0,0,0,0,0,0.002380952472,0,0,0,0,0,0,0,0,0.006558401976,0,0,0.002380952472,0.2910684943,0.002380952472,0,0,0,0,0,0,0,0,0.002380952472,0.03851394355,0.1153909937,0.0008853941108,0,0,0,0,0,0,0,0,0,0,0,0,0,0,0.001327486942,0,0,0,0,0,0,0,0,0,0,0,0,0,0,0,0,0,0,0,0,0,0,0,0,0,0,0,0,0,0,0,0,0,0,0,0,0,0,0,0,0,0
27,0,0,0,9.384218174e-06,0.002380952239,0.002380952239,0.002380952472,0,5.676341607e-05,7.509764146e-06,0.000518892426,5.148621858e-05,0.0469000116,0.02542335913,0.001430299482,2.560700159e-05,0,0,0,0,0,0,0,0,0,0,0,6.48862283e-07,0,0,0,0,0,0,0,0,0,0,0,0,0,0,0,0.1274170578,0.02597834542,0.01963414066,0.003277624957,0.006972635631,0.00672106212,0.002799390117,0.001051437808,0.007364636287,0,0.0002049840841,0,0.0009431017097,0,0,7.267272849e-06,0.004363410175,0.0009299020749,0,0.0005936119123,7.208788884e-05,0.0005373061285,2.818807297e-05,0.007496240083,0.0009567175875,0.01454713475,0,1.324299774e-05,0.01205962058,0.8595170975,0.002295604674,0.0006374807563,0.001010058098,0.0003447373456,0.0003904962505,0.001448221505,0.0001504452812,0.0001958371868,0.0002141158038,0.02059810981,0.255294323,0.6961627603,0.0351601541,0.006475714501,0.0001019898045,0.0007464408409,7.630491018e-05,0,0.001732179429,0.0003108953242,0,0.001012034132,0.002380952472,0,0.002380952472,0,0,0,0.0003952178231,0,0,0,0,0,0,0,0,0,0,0,0.0001971169986,0,0,0,0,0,0,0,0,0,0,0,0,0,0,0,0,0.001070077298,0,0,0,0,0,0,0,0,0,0,0,0
28,0,0,0,0,0,0,0,3.919409937e-05,0.0001199211329,0,0.0003386094177,0,0.03008488193,0.02931584232,0.0010621947,0.0001187215676,0,0,0,0,0,0,0,0,0,0,6.48862283e-07,0,0,0,0,0,0,0,0,0,0,0,0,0,0,0,0,0.03785378113,0.008989028633,0.007909751497,0.00233057281,0.001721382258,0.005256857257,0.0006625643582,6.000694339e-05,0.002380952472,0,0,0,0,0,0,0,0.001793110161,0,0.0008612048114,0.00011612034,0,0,4.045551759e-05,0.004761904944,0.0005524719018,0.01035744976,0,0,0.002380952472,0.5978094339,0.0005421160604,0,0,0,0,0,0,0,0.0004961257218,0,0.1136885583,0.3689536452,0.01339169312,0.001519962447,0,0,0.0005193203688,0,0,0,0,0,0,0,0,0,0,0,0,0,0,0,0,0,0,0,0,0,0,0,0,0,0,0,0,0,0,0,0,0,0,0,0,0,0,0,0,0,0,0,0,0,0,0,0,0,0,0,0,0
29,2.114762719e-05,0,0,0,0,0,0,0,0.0001615907531,0,0.0006693060277,0.0002353173186,0.02692014724,0.0192718152,0,9.815321391e-05,0,0,0,0,0,0,0,0,0,0,0,0,0,0,0,0,0,0,0,0,0,0,0,0,0,0,0,0.07741188258,0.01966216974,0.0183149036,0.005356667563,0.003513205098,0.002446575789,0.003403048497,0.0009331077454,0.005866738502,0,0,0,0,0,0,1.851576963e-05,0.002022525296,0,0,0.0001275725663,0,0,2.801555274e-05,0.01054108981,0.001782064792,0.01169897337,0,7.852703129e-05,0.005945088807,0.7114781737,0.000587377348,0.0008208327927,0,0,0,0.003885929706,0,0,8.439081284e-05,0.01291810628,0.1544962674,0.516664207,0.01282129437,0.00834379904,0.002380952239,0,0,0.0001565309067,0.0007102187374,0,0,0,0,0.0006330671022,0,0,0,0,0,0,0,0,0,0,0,0,0,0.0003020026197,0,0,0,0,0,0,0,0,0,0,0,0,0,0,0,0,0,0,0,0,0,0,0,0,0,0,0,0,0,0,0,0.0007712744991
30,0,0,0,0,0,0,0,2.485869572e-06,4.375162462e-05,2.489769031e-05,0.0005949514452,4.150213863e-05,0.02380032465,0.02173379064,0,5.116124157e-05,0,0,0,0,0,0,0,0,0,0,0,0,0,0,0,0,0,0,0,0,0,0,0,0,0,0,0,0.08710221946,0.01980825886,0.01220090594,0.001364841592,0.002934367629,0.00106809102,0.002144383499,0.0009416300454,0.001373183215,0,0.0006605654489,0,0,5.240686733e-05,0,0,0.005637087394,0,0,0.000550127821,9.758865053e-05,0,0,0.005478919484,0,0.01536739152,0,0,0.007825355977,0.7824608684,0.002465337515,0.001269577537,0.002380952472,0,0,0.002096297219,0.0003480474406,0,0.0001281140285,0.00134773273,0.1994662285,0.5692916512,0.01608979888,0.01311297808,0.0030962124,0.003779971274,0,0,0,0.0003141689231,0,0,0,0,0,0.002380952472,0,0,0,0.001318993629,0,0,0,0,0,0,0,0,0,0,0,0,0,0,0.0006215798785,0,0,0,0,0,0,0,0,0,0,0,0,0,0,0,0,0,0,0,0,0,0,0,0,0
31,0,0,0.0001228406327,0,0,0,0,5.831607632e-05,3.79522462e-05,0,0.0004988868604,5.193202469e-06,0.02585135214,0.02455794252,0,1.988233271e-05,0,0,0,0,0,0,0,0,0,0,0,0,0,0,0,3.371182515e-07,0,0,0,0,0,0,0,0,0,0,0,0.07499355078,0.02208718471,0.0153370928,0.001856284682,0.005736361258,0.006777388044,0.0009179605404,0.001837228192,0.004058377817,0,0,0,0,0,0,0,0.002515596338,0,0,0.0001637414098,0,0,0,0.006428455003,0,0.01356595755,0,0,0.01420206297,0.7765850425,0.002004012465,0.001084036543,0.002555337036,0.002603356028,0,0.0002277532476,0.0004177362716,0,0.0003714317572,0.001216290751,0.1788650751,0.5377414823,0.01291928347,0.005174282938,0,0,0,0.0001013548026,0,0,0.001205009175,0,0,0,0,0,0,0,0,0,0,0,0,0,0,0,0,0.0002396565396,0,0,0,0,0,0,0,0,0,0,0,0,0,0,0,0,0,0,0,0,0,0,0,0,0,0,0,0,0,0,0,0
32,0,0,0,0,0,0,0,0,5.628808867e-05,0,0.000953863957,0,0.02021707408,0.02664667554,0,1.068578968e-05,0,0,0,0,0,0,0,0,0,0,0,0,0,0,3.371182515e-07,0,0,0,0,0,0,0,0,0,0,0,0,0.0563386865,0.02026735805,0.008520766161,0.003687994322,0.01258798689,0.001033492852,0.003472339129,0.001496728975,0.001778790844,0,0.002380952472,0,0,0,0,0,0.006212818436,0,0,0.0003273390757,9.429130296e-05,0,0,0.002380952472,0.001831530128,0.009434765205,0,0,0.002380952472,0.7073704004,0.0009768154705,0.003953740932,0.001789471484,0,0,0.0005429729354,0,0,0,0,0.1449184567,0.3916120529,0.01437229943,0.003997280728,0,0.002380952472,0,0.0002792889718,0.001079009497,0,0,0,0,0,0,0,0,0,0,0,0,0,0,0,0,0,0,0,0,0,0,0,0,0,0,0,0,0,0,0,0,0,0,0,0,0,0,0,0,0,0,0,0,0,0,0,0,0,0,0
33,0,0,0,0,0,0,0,0,2.54305869e-05,0,0,0,0.01147074159,0.01572270691,0.002380952472,7.314495451e-05,0,0,0,0,0,0,0,0,0,0,0,0,0,0,0,0,0,0,0,0,0,0,0,0,0,0,0,0.03745060042,0.01316122804,0.01495109126,0.0005283440114,0.002088028006,0,0.000436508999,0.004371217918,0,0,0,0.0006979420432,0,0,0,0,0,0,0,0,0,0.002380952472,6.857078552e-05,0.002380952472,0,0.006874924991,0,0,0.001513645286,0.4695503116,0,0,0,0,0,0,0,0,0,0,0.06475788355,0.227657333,0,0.002380952472,0,0,0,0,0,0,0,0,0,0,0,0,0,0,0,0,0,0,0,0,0,0,0,0,0,0,0,0,0,0,0,0,0,0,0,0,0,0,0,0,0,0,0,0,0,0,0,0,0,0,0,0,0,0,0,0
34,0,0,0,0,0,0.002380952472,0,0,0,0,0,0,0.02115395293,0.01394238509,0,0,0,0,0,0,0,0,0,0,0,0,0,0,0,0,0,0,0,0,0,0,0,0,0,0,0,0,0,0.03031408787,0.002380952472,0.002878532046,0.003689419013,0.004761904944,0,0.001180938678,0.004761904944,0.00159921369,0,0,0,0,0,0,0,0,0,0,0,0,0,0,0,0,0.007808411028,0,0,0,0.384180218,0,0,0,0,0,0,0,0,0,0.002380952472,0.07013768703,0.152304098,0,0.002380952472,0,0,0,0.002380952472,0,0,0,0,0,0,0,0,0,0,0,0,0,0,0,0,0,0,0,0.0007058263873,0,0,0,0,0,0,0,0,0,0,0,0,0,0,0,0,0,0,0,0,0,0,0,0,0,0,0,0,0,0,0,0
35,0,0,0,0,0,0,0,0,1.55203179e-05,0,0.0001540951489,4.811166946e-06,0.02393653989,0.01549099572,0,4.286320109e-05,0,0,0,0,0,0,0,0,0,0,0,0,0,0,0,0,0,0,0,0,0,0,0,0,0,0,0,0.04609473422,0.01984466985,0.01790038496,0.001027182676,0.008238162845,0.004761904944,0.00612686947,0.0002102636208,0.003138470696,0,0,0,0,0,0,0,0.002497412032,0,0,0,0,0.001291106106,8.499227988e-05,0.002380952472,0,0.006045693066,0,0,0.004761904944,0.6611078978,0.002380952239,0.0009428417543,0.0005814967444,0,0,0,0,0,0,0.002936441684,0.1161326468,0.3334967494,0.004515992478,0.003765829839,0,0.001442649285,0,0.0002334857563,0,0,0,0,0,0,0,0,0,0,0,0,0,0,0,0,0,0,0,0,0,0,0,0,0,0,0,0,0,0,0,0,0,0,0,0,0,0,0,0,0,0,0,0,0,0,0,0,0,0,0,0
36,0,0,0.0002137411502,0,0,0,0,0,7.526964328e-05,0,0.001774109085,0,0.0294298213,0.02033891156,0,2.285369374e-05,0,0,0,0,0,0,0,0,0,0,0,0,0,0,0,0,0,0,0,0,0,0,0,0,0,0,0,0.06565871835,0.01849898882,0.009997979738,0.001513038878,0.01223729085,0.003087982768,0.001192923519,0.001852520974,0.007185616065,0.001379763591,0,0,0,0,0,0,0.0028610304,0,0,0.0003565583902,1.832009548e-05,0.0001964150724,0,0.005518784281,0,0.01563842222,0,0,0.002816195833,0.7317288518,0.004751880653,0.002641981468,0.0003039566218,0,0,0.0002330735588,0,0,0,0.002825825708,0.1283224225,0.4209562242,0.01683810167,0.007116416004,0,0.0009606776875,0,0,0.0004816445871,0.0001224715525,0,0,0,0,0,0,0,0.0008673598641,0,0,0,0,0,0,0,0,0,0,0,0.001163545297,0,0,0,0,0,0,0,0,0,0,0,0,0,0,0,0,0,0,0,0,0,0,0,0,0,0,0,0.0004701181315,0,0
37,0,0,0.0008361276123,0,0,0,0,0,3.24339635e-05,0,0.002473359229,0,0.007808437571,0.005268560257,0,0,0,0,0,0,0,0,0,0,0,0,0,0,0,0,0,0,0,0,0,0,0,0,0,0,0,0,0,0.03001605161,0.004761904944,0,0.0001540880476,0.001051508007,0,0.0005929764011,0.0003959593014,0,0,0,0,0,0,0,0,0.002380952472,0,0,0,0,0,0,0,0,0.004420040641,0,0,0,0.2409666032,0,0,0,0,0,0,0,0,0,0,0.03486574441,0.1001120135,0,0,0,0,0,0,0,0,0,0,0,0,0,0,0,0,0,0,0,0,0,0,0,0,0,0,0,0,0,0,0,0,0,0,0,0,0,0,0,0,0,0,0,0,0,0,0,0,0,0,0,0,0,0,0,0,0,0
38,0,0,0,0,0,0,0,0,2.521957504e-05,0,0,0,0.003467888804,0.004761904944,0,0,0,0,0,0,0,0,0,0,0,0,0,0,0,0,0,0,0,0,0,0,0,0,0,0,0,0,0,0,0.002380952472,0,0,0,0,0,0,0,0,0,0,0,0,0,0,0,0,0,0,0,0,0,0,0,0,0,0,0,0.05288991705,0,0,0,0,0,0,0,0,0,0,0.004761904944,0.02380952425,0,0,0,0,0,0,0,0,0,0,0,0,0,0,0,0,0,0,0,0,0,0,0,0,0,0,0,0,0,0,0,0,0,0,0,0,0,0,0,0,0,0,0,0,0,0,0,0,0,0,0,0,0,0,0,0,0,0
39,0,0,0,0,0,0,0,0,0.0007429640973,0,0,0,0,0.002380952472,0,0,0,0,0,0,0,0,0,0,0,0,0,0,0,0,0,0,0,0,0,0,0,0,0,0,0,0,0,0,0,0,0,0,0,0,0,0,0,0,0,0,0,0,0,0.002380952472,0,0,0,0,0,0,0,0,0,0,0,0,0.04285714403,0,0,0,0,0,0,0,0,0,0,0.002380952472,0.02619047649,0,0,0,0,0,0,0,0,0,0,0,0,0,0,0,0,0,0,0,0,0,0,0,0,0,0,0,0,0,0,0,0,0,0,0,0,0,0,0,0,0,0,0,0,0,0,0,0,0,0,0,0,0,0,0,0,0,0
40,0,0,0,0,0,0,0,0,0,0,0,0,0.007019144949,0.003142679809,0,0,0,0,0,0,0,0,0,0,0,0,0,0,0,0,0,0,0,0,0,0,0,0,0,0,0,0,0,0.004761904944,0.001205440145,0.002380952472,0,0.002380952472,0,0,0.002380952472,0,0,0,0,0,0,0,0,0,0,0,0,0,0,0,0,0,0.002380952472,0,0,0,0.1142857224,0,0,0,0,0,0,0,0,0,0,0.01190476213,0.0605311282,0.002380952472,0,0,0,0,0,0,0,0,0,0,0,0,0,0,0,0,0,0,0,0,0,0,0,0,0,0,0,0,0,0,0,0,0,0,0,0,0,0,0,0,0,0,0,0,0,0,0,0,0,0,0,0,0,0,0,0,0
41,0,0,0,0,0,0,0,0,0,0,0,0,0.0006472765235,0.005149233621,0,0,0,0,0,0,0,0,0,0,0,0,0,0,0,0,0,0,0,0,0,0,0,0,0,0,0,0,0,0.002380952472,0,0.0009989968967,0,0,0,0,0,0.002380952472,0,0,0,0,0,0,0,0,0,0,0,0,0,0,0,0,0.002380952239,0,0,0,0.05238095298,0,0,0,0,0,0,0,0,0,0,0.008530162275,0.02142857201,0,0,0,0,0,0,0,0,0,0,0,0,0,0,0,0,0,0,0,0,0,0,0,0,0,0,0,0,0,0,0,0,0,0,0,0,0,0,0,0,0,0,0,0,0,0,0,0,0,0,0,0,0,0,0,0,0,0
42,0,0,0,0,0,0,0,0,0,0,0,0,0.003030589083,0.003592455527,0,0,0,0,0,0,0,0,0,0,0,0,0,0,0,0,0,0,0,0,0,0,0,0,0,0,0,0,0,0.004761904944,0,0,0,0,0,0.002380952472,0,0,0,0,0,0,0,0,0,0,0,0.002380952472,0,0,0,0,0,0,0.002380952472,0,0,0,0.04695078731,0,0,0,0,0,0,0,0,0,0,0.002380952472,0.007142857648,0,0,0,0,0,0,0,0,0,0,0,0,0,0,0,0,0,0,0,0,0,0,0,0,0,0,0,0,0,0,0,0,0,0,0,0,0,0,0,0,0,0,0,0,0,0,0,0,0,0,0,0,0,0,0,0,0,0
43,0,0,0,0,0,0,0,0,0,0,0,0,0.002380952472,0,0,0,0,0,0,0,0,0,0,0,0,0,0,0,0,0,0,0,0,0,0,0,0,0,0,0,0,0,0,0,0,0,0,0,0,0,0,0,0,0,0,0,0,0,0,0,0,0,0,0,0,0,0,0,0,0,0,0,0.0142857153,0,0,0,0,0,0,0,0,0,0,0,0.002380952239,0.002380952472,0,0,0,0,0,0,0,0,0,0,0,0,0,0,0,0,0,0,0,0,0,0,0,0,0,0,0,0,0,0,0,0,0,0,0,0,0,0,0,0,0,0,0,0,0,0,0,0,0,0,0,0,0,0,0,0,0
44,0.2262850553,0.07859389484,0.2307897806,0.1952595562,0.2710539699,0.2052939385,0.1500194818,0.2420736998,0.277154237,0.149484098,0.2448651493,0.2305166721,0.6705850959,0.8199986219,0.5085450411,0.2442120463,0.02945692465,0.01265571546,0.02236052789,0.01970834285,0.03475339338,0.01387461741,0.008919359185,0.01022490859,0.02066861838,0.02737708576,0.1274170578,0.03785378113,0.07741188258,0.08710221946,0.07499355078,0.0563386865,0.03745060042,0.03031408787,0.04609473422,0.06565871835,0.03001605161,0,0,0.004761904944,0.002380952472,0.004761904944,0,0,0.0512762852,0.04382541403,0.08946359158,0.1630893052,0.1802432686,0.05970761552,0.1531863362,0.1567375064,0.1377682835,0.1136093214,0.08807917684,0.0739775151,0.06066055968,0.06416971236,0.06590584666,0.07205012441,0.07157732546,0.08802972734,0.122462213,0.1189339831,0.1178322062,0.07571410388,0.2012186795,0.1709103435,0.2088495046,0.1542458385,0.2437144816,0.3650814295,0.8667902946,0.1664499193,0.1039529666,0.233947441,0.1423798352,0.1157310903,0.1072338969,0.2383294404,0.2564814985,0.2395394593,0.1417935193,0.3423841,0.8118444085,0.2100515217,0.3405124843,0.1792454571,0.2655375004,0.2277085483,0.1061264277,0.246781826,0.2553667724,0.27020064,0.2552219033,0.2780052722,0.2199481726,0.2409223169,0.272100836,0.1629166603,0.2146788538,0.2379020452,0.1424436569,0.03589711711,0.03407278284,0.03846041858,0.09946606308,0.1457093954,0.1767226458,0.0199720189,0.1707759351,0.01814971119,0.1744448543,0.143146798,0.07262423635,0.1159044951,0.09135890007,0.1764271259,0.03209748864,0.08940387517,0.1501002461,0.1337132454,0.1255681515,0.08240675926,0.2638069391,0.1593461633,0.1214304194,0.09635473043,0.1641696244,0.1667848676,0.1890347153,0.09543521702,0.05488647521,0.127642259,0.07027228177,0.09292390198,0.1172569618,0.1241329312,0.1659240276,0.08313070983,0.10832946,0.2366570085,0.1689112335
45,0.008920409717,0.02326508798,0.05866706371,0.08136861026,0.002981775207,0.08010555804,0.06195762008,0.08374731243,0.03682634607,0.07392347604,0.03109564818,0.09246762842,0.1755377203,0.3491621315,0.1888974607,0.04133373499,0.01168599632,0.004761904944,0.007142857648,0.008340626955,0.008122150786,0.004761904944,0.003732405137,0,0.006869169418,0.009776025079,0.02597834542,0.008989028633,0.01966216974,0.01980825886,0.02208718471,0.02026735805,0.01316122804,0.002380952472,0.01984466985,0.01849898882,0.004761904944,0.002380952472,0,0.001205440145,0,0,0,0.0512762852,0,0.00163214386,0.0003721078101,0.0002920207917,0.0005861409591,0.001081353519,0.001154717058,0.04701242223,0.04850007221,0.05704690516,0.09164325148,0.04368962348,0.02261555009,0.04199108481,0.03208889812,0.01908064447,0.02631865628,0.03608511761,0.01119679399,0.05077472329,0.08697786182,0.03098733723,0.0963672772,0.08801604062,0.03823179752,0.01438219287,0.02581950277,0.1189996526,0.8310064077,0.1156082079,0.05198970437,0.0759133324,0.09865429997,0.05080986768,0.0744612664,0.03068530746,0.03087456524,0.01013856847,0.1033353657,0.2051504999,0.68184793,0.05528677255,0.0807569921,0.07227093726,0.07407891005,0.04413099959,0.04301991686,0.005839232821,0.01758794114,0.001693255152,0.001823248109,0.001288402709,0.002328057541,0.000923648302,0.001106214826,0.001287248218,0.00165126333,0.0009720728267,0.01151209418,0.00492458092,0.004761904478,0.002380952472,0.002380952472,0.01904338412,0.007286509499,0,0.01014930476,0,0.03468748927,0.04082975537,0,0.01495705545,0.01007056516,0.01165631227,0.002380952472,0.004761904944,0.004355915356,0.004653700627,0.01555755269,0.01038381178,0.02358239517,0.008804193698,0.01337627973,0.002380952472,0.007687121164,0.02309244871,0.01075606886,0.0003965632932,0.003063068725,0.01765537448,0.008159544319,0.002780498005,0.02848503739,0.01242046524,0.0224593915,0.004761904944,0.00345795881,0.004597253166,0.01762852259
46,0.005070406478,0.01095432136,0.0347795859,0.06565119326,0.007105722092,0.08073643595,0.08034651726,0.06066055596,0.04507884383,0.0231223274,0.02918579429,0.02994982712,0.438028574,0.5146489143,0.2903563976,0.04646214098,0.006344511639,0,0.002380952472,0.01395656541,0.0003343972494,0.002380952472,0.002380952472,0.002380952472,0.002380952472,0.0004124601837,0.01963414066,0.007909751497,0.0183149036,0.01220090594,0.0153370928,0.008520766161,0.01495109126,0.002878532046,0.01790038496,0.009997979738,0,0,0,0.002380952472,0.0009989968967,0,0,0.04382541403,0.00163214386,0,0.0007959151408,0.01463655476,0.01154699735,0.0002510910563,0.0009914571419,0.01104351133,0.01188656501,0.004624398891,0.002217537491,0.001290695742,0.001375089865,0.002063994063,0.003211013973,0.0002992726513,0.00329498644,0.004061367828,0.001456213766,0.005184760783,0.002442067023,0.001069536782,0.009238418192,0.0143665839,0.02868408523,0.006737829186,0.002847507829,0.1632341892,0.4563435912,0.007683379576,0.001370014506,0.03412572294,0.004044057336,0.0009861188009,0.001816052361,0.01013647951,0.008310303092,0.003927384038,0.002450482221,0.0306790974,0.5728251934,0.0195469968,0.1094049513,0.01207643189,0.1004816219,0.004906518385,0.001178521314,0.01340823434,0.0148558272,0.004059227649,0.006009515375,0.003697777167,0.0001293445966,0.0012606245,0.002594459802,0.0028068393,0.001167515409,0.001735965139,0.00135461567,0.002380952472,0.001212324365,0.000706206949,0.0007259575068,0.003864466678,0.006045506336,0.0006258927751,0.005202637985,0.002380952472,0.006865401752,0.007889948785,0.002977615921,0.0008635474951,0.005868242122,0.001848685904,0,0,0.004035624675,0.004180708434,0.001762626111,0.02443926036,0.0247358419,0.01256652363,0.006490666419,0.002380952472,0.003648121376,0.002706872299,0.005957871675,0.003033540212,0.005486045964,0.004018547945,0.002380952472,0.006235331297,0.01644226722,0.009135922417,0.001602456439,0.0008474712376,0.0005048994208,0.002331682248,0.007057147566
47,0.0007395379944,0.004761904944,0.008798172697,0.02795966342,0.0007967134006,0.01624481939,0.02245642245,0.01051209494,0.005908138119,0.0212829262,0.005737952422,0.02023903467,0.1201297343,0.1523919851,0.115958415,0.004836641718,0.001461668639,0,0.001309629646,0.001191129792,0,0,0,0,0,0.002380952472,0.003277624957,0.00233057281,0.005356667563,0.001364841592,0.001856284682,0.003687994322,0.0005283440114,0.003689419013,0.001027182676,0.001513038878,0.0001540880476,0,0,0,0,0,0,0.08946359158,0.0003721078101,0.0007959151408,0,0.0003022814053,0.001106860931,0.0001267951448,0.0002062740969,0.01603257097,0.01897306368,0.02382884361,0.06613899767,0.04161060601,0.01581794396,0.02831006609,0.007665022276,0.01591167226,0.01724735461,0.02332630754,0.007298696786,0.02483190596,0.03988929093,0.02578986064,0.03503512219,0.04464770854,0.0159936063,0.009460678324,0.01677010208,0.0709900856,0.7734999657,0.05147989839,0.03374895826,0.04474797472,0.0370211713,0.0153294215,0.04539012536,0.01968366094,0.01530069299,0.00507304864,0.05034565926,0.1223414391,0.5053709149,0.01574518532,0.0518726781,0.02498250268,0.05151780322,0.01111379545,0.02205486409,0.001337035093,0.01100473478,0.0005576175172,0.0002055682999,6.344230496e-05,4.650578194e-05,4.094657561e-05,0.0002332665754,0.0001427505631,8.923347195e-05,0.0001055576722,0.002541831695,0.001034258865,0,0,0.0003896015405,0.0160201285,0.0001126455172,0,0.0009246370173,0.002380952472,0.00551144965,0.007545074914,0,0.0005253282143,0.003747711424,0.001041695359,0,0,0.002727219602,0.01340545528,0,0.005065596662,0.001222377759,0.0006734092021,0.001357977977,0,0.0008349618292,0.002794829896,0.001664661802,0.0005648683291,0.002380952472,0.001146244351,0.0006703506806,0,0.01506537292,0.01233864017,0.000740270887,0.001458127866,0,0.000377138058,0.002793808701
48,0.00107409351,0.004761904944,0.01089008432,0.04669950157,0.0001657996181,0.02199230716,0.02435597591,0.01469424553,0.01422694698,0.04033262283,0.01438261475,0.04403992742,0.1009733975,0.2305333763,0.1125314832,0.01314437203,0.009727404453,0,0.003645314369,0.0009714119369,0.0007093353779,0.001318458584,0,0,0,0,0.006972635631,0.001721382258,0.003513205098,0.002934367629,0.005736361258,0.01258798689,0.002088028006,0.004761904944,0.008238162845,0.01223729085,0.001051508007,0,0,0.002380952472,0,0,0,0.1630893052,0.0002920207917,0.01463655476,0.0003022814053,0,6.327389565e-05,0.002020914108,3.799421393e-05,0.02783048525,0.02765880339,0.03622442484,0.03504327685,0.04074709862,0.02073194273,0.02088852227,0.0151125174,0.04842681438,0.009993674234,0.01546871848,0.01319571026,0.03302351013,0.0804515034,0.02463362925,0.05915757269,0.05866091698,0.02808316611,0.007037070114,0.02277022786,0.08222019672,0.8265476227,0.07419087738,0.06002856046,0.0587054193,0.05289059505,0.02259735763,0.06705801189,0.01608380303,0.01498612761,0.004698432982,0.09959626198,0.1682248116,0.6097135544,0.0337488763,0.06232152507,0.04427122697,0.04891985655,0.02153526805,0.02655784413,0.0005997119006,0.006832170766,0.0005710792029,0.0001972146711,0.0002716151939,8.883103146e-05,3.207723785e-05,0.0001235081436,0.0001962276001,0.0001922932861,9.742107795e-05,0.001658934401,0,0,0,0,0.011697012,5.835923002e-05,0.004761904944,0.001031748718,0.002380952472,0.01109157596,0.01470397133,0,0.002380952472,0.001876988215,0.001968787285,0,0.002380952472,0,0,0.003235440701,0.01075753197,0.004176509101,0.0009159639594,0.002238436835,0,0.00101594103,0.001234583673,0.001284978702,0,0,0.001913431217,0.003691925434,0.002380952472,0.007770545781,0.001590876724,0.00314442534,0,0,0.0003639058268,0.006004899275
49,0.0004116113996,0.003296938026,0.004254416097,0.01570543274,0.0001980288507,0.02306744643,0.02096383832,0.008210591041,0.0147293089,0.01689163968,0.02081658319,0.03174464405,0.15628995,0.3684351742,0.08497659862,0.01818628982,0,0.002380952472,0.001716215862,0,0,0.002380952472,0.002380952472,0,0.0008255979628,0,0.00672106212,0.005256857257,0.002446575789,0.00106809102,0.006777388044,0.001033492852,0,0,0.004761904944,0.003087982768,0,0,0,0,0,0,0,0.1802432686,0.0005861409591,0.01154699735,0.001106860931,6.327389565e-05,0,0.001462706947,4.608169547e-05,0.009943370707,0.01076001581,0.008907267824,0.04011274502,0.02141681872,0.01006821077,0.0122565385,0.005044538062,0.02208057418,0.00993658416,0.01301797386,0.001062768861,0.003604615107,0.03980725259,0.01451676246,0.04124708474,0.02942090295,0.02890119515,0.001320144278,0.0002871041652,0.0699762404,0.9275942445,0.03273391351,0.02829794772,0.05541759729,0.03777718544,0.007166717667,0.05546863005,0.0001447048126,0.0001198773462,0.0001598948293,0.08906152844,0.2042422593,0.6095317006,0.02936564758,0.09214033931,0.03304775804,0.003720234148,0.0005457348889,0.01176873874,9.984530334e-05,0.0002083289,6.631769793e-05,9.697877977e-05,2.042114102e-05,7.315492985e-05,0.000107887834,7.445489609e-05,6.717747601e-05,5.470786709e-05,4.025894305e-05,0.0002054413781,0,0,0,0.002380952472,0.003022540826,5.418287765e-05,0,0.0004544747644,0,0.00112950115,0.007172049955,0.0008316346793,0.003154234728,0.00134256063,0.0005661912728,0,0,0,0.002502340358,0.0001303240424,0.0004726737679,0.001222135616,0.0003174834419,0.002428601496,0,0.0001936303015,0.0007094505127,0.0003913051041,0,0,0.0005156961852,0,0.0003461258602,0,0.002463491168,0.001290560351,0,0,0.0001032970104,0.0008584724856
50,0.0007472316502,0.003470460419,0.005611545872,0.01425778307,0.0006301779649,0.0164381247,0.01681659929,0.009492921643,0.00595526956,0.01113984082,0.006340503227,0.008509622887,0.1870492399,0.1986531764,0.1224338636,0.004632900003,0.003379802685,0,0.0002892132034,0.0007813409902,0,0.001454293611,0,0,0,0,0.002799390117,0.0006625643582,0.003403048497,0.002144383499,0.0009179605404,0.003472339129,0.000436508999,0.001180938678,0.00612686947,0.001192923519,0.0005929764011,0,0,0,0,0.002380952472,0,0.05970761552,0.001081353519,0.0002510910563,0.0001267951448,0.002020914108,0.001462706947,0,6.135053263e-05,0.005834928714,0.009064778686,0.007452069782,0.01002111007,0.006858342327,0.003178462852,0.00192876521,0.003869806184,0.0003144987859,0.006463472731,0.001763482229,7.057694893e-05,0.001894991496,0.009854529053,0.0007614028291,0.01254721917,0.01546002086,0.01491773967,0.007902510464,0.003741291817,0.08504919708,0.7539606094,0.01640791446,0.002392778872,0.04016863182,0.01642722823,0.001073050313,0.008353438228,0.007100057788,0.01603914425,0.0002787813428,0.01875033043,0.1025981829,0.429754585,0.008474078029,0.07143335044,0.01666807011,0.03313725069,0.00633874489,0.001469147741,0.0006897294079,0.003939583898,0.0001824080537,6.284449046e-05,0.001463709865,4.627590897e-06,4.17816409e-05,2.547371332e-05,0.0002192152897,1.868443542e-05,8.651215467e-05,0.0002030651958,0,0,0,0,0.003575375071,0.001188440132,0,0.0005449947785,0,0.002165426267,0.00474720588,0,0.001104103751,0.0009969070088,0.0002712120477,0,0,0.002380952472,0.0006709106383,0.001455455786,0.008584323339,0.004230400082,0,0.0008724748041,0,0.0005116770626,0.001999310916,0.0003591165878,0.000301197957,0.002380952472,0.001041493379,0,0,0.004372794181,0.008858623914,0,0.0004954894539,0.0007801384781,0.0004208571918,0.00123095559
51,0.0001725815964,0.0006584337098,0.001390500809,0.007103480864,0.0001172328848,0.008738457225,0.01155655086,0.001950348378,0.003229926107,0.00821787864,0.003884654725,0.006117636338,0.1325507164,0.1449390352,0.0837456435,0.002544014249,0.0001583458361,0,0,0.0006453514798,0.0004655080265,0,0,0,0,0,0.001051437808,6.000694339e-05,0.0009331077454,0.0009416300454,0.001837228192,0.001496728975,0.004371217918,0.004761904944,0.0002102636208,0.001852520974,0.0003959593014,0,0,0.002380952472,0,0,0,0.1531863362,0.001154717058,0.0009914571419,0.0002062740969,3.799421393e-05,4.608169547e-05,6.135053263e-05,0,0.004142255988,0.005352902226,0.009925077669,0.0161966756,0.01526048966,0.002988445573,0.00203303108,0.004107768182,0.002945165848,0.002985433675,0.004802664742,0.0001756764686,0.002179694129,0.01318506524,0.008947756141,0.01242337469,0.01176618133,0.01169038285,0.004236373119,0.0007901413483,0.08355517685,0.8163848519,0.02035255544,0.005737601779,0.03824193776,0.006048447918,0.005240399856,0.01304527186,0.002399988472,0.002391102957,0.0001042465228,0.02781609632,0.1082971916,0.4066398144,0.00701798778,0.0617252253,0.0161075592,0.03242976591,0.003875035094,0.001132158679,9.055940609e-05,0.0009829616174,6.400611164e-05,1.371462349e-05,0,1.881281491e-06,0,3.087313962e-05,5.672967291e-06,5.468262316e-06,9.944770682e-06,8.608421194e-05,0,0,0,0,0.00332777109,6.01724023e-05,0.002380952472,8.061486733e-05,0.0003764809517,0.001167793525,0.001344375196,0,0.0009965207428,0.000159242918,9.711959865e-05,0,0,0,0.002626752947,0,0,0.0003273067996,7.037844625e-05,0.0001178233797,0,6.941932224e-05,0.0004463441146,1.544838778e-05,6.653735181e-05,0,5.325274469e-05,0,0.000183254233,0.006617468782,0.001033579931,0.0004819845781,0,0,1.659751069e-05,0.0002713165013
52,0.0009636789327,0.0004573250189,0.001321327756,0.0072177127,0.0008551853243,0.006329603493,0.003298070049,0.002431770554,0.01865670457,0.003989080898,0.002586415038,0.001578625059,0.280618012,0.3065537214,0.06829849631,0.0161962416,0.0001989374141,0.002380952472,0,0,0.001137361163,0,0,0,0,0,0.007364636287,0.002380952472,0.005866738502,0.001373183215,0.004058377817,0.001778790844,0,0.00159921369,0.003138470696,0.007185616065,0,0,0,0,0.002380952472,0,0,0.1567375064,0.04701242223,0.01104351133,0.01603257097,0.02783048525,0.009943370707,0.005834928714,0.004142255988,0,2.629417941e-05,0.0001316882117,0.001184242545,0.004919984378,0.000596790167,0.0002045176079,0.0002292621939,0.004372418858,0.0002996861585,0.001004308346,0.001041026204,0.0004184155259,0.001564588165,0.001840123907,0.0005992451333,0.0001497824996,0.009820410982,0.0002531233476,0.001296792179,0.1735049784,0.8534576297,0.000932562456,0.002282131696,0.01184960455,0.001848271117,0.001180023653,0.004162115045,0.0009672224405,0.00041499082,0.001046725665,0.004022834823,0.1129839793,0.1500840187,0.001984976931,0.04766565561,0.00130153005,0.01949369162,0.0005279259058,0.001452272176,0.002176945796,0.001627542661,0.002774485154,0.002566856798,0.002777212998,0.004507383797,0.001929457183,0.003775837831,0.0008130485658,0.001661596354,0.001942408853,0.0005607222556,0.0005424798583,3.394324449e-05,0,0.0001655287197,0.00030299832,0.00136089907,0.002380952239,0.001034892164,0.0005055282381,0.0009946440114,0.0005815571058,5.796780169e-05,0.001108829165,0.0002656832221,0.00114508043,0,0.003828398418,0.0003564684594,0.0006094429409,0.00238459371,0.003448004602,0.001133980229,0.0002487784659,0.001151681878,0,0.001044847188,0.0005193534889,0.001671403996,0.0003868152562,2.762962686e-05,0.001069446444,0.0008833564934,0.0004034201847,0.005975664593,0.00244161021,0.001200696453,0,0,0.00120122009,0.001104830531
53,0,0,0.003299600678,0,0,0.002380952472,0.002380952472,0,0.002472897293,0,0.0001286633342,0.0001819326426,0.1392523199,0.125753358,0.009523809887,0.002650603652,0,0,0,0,0,0,0,0,0,0,0,0,0,0,0,0,0,0,0,0.001379763591,0,0,0,0,0,0,0,0.1377682835,0.04850007221,0.01188656501,0.01897306368,0.02765880339,0.01076001581,0.009064778686,0.005352902226,2.629417941e-05,0,3.233199379e-07,7.369170362e-06,0.0001064284879,2.24461528e-05,0,0,0.00152407994,0,0,0.0002761635405,2.712358037e-05,2.57897882e-05,0,0.0002307784453,2.868125364e-07,0.0001093083483,0,0.0005874029011,0.01844277605,0.6989747882,2.152648813e-05,0.0003492668329,0.000611227646,0,0,0.001276287367,0,0,0.0002921119449,0.0013680337,0.0414798446,0.2350947708,0.0009296986391,0.002865805523,2.770277206e-05,0.0008803206729,7.109725993e-05,0.0001814832649,0.005067649763,0,0,0,0,0,0,0,0,0,0,0,0,0,0,0,1.534295734e-05,0,0,0.0003382719005,0,0,0,0,0,0,0.001153589459,0,0,0,0,0,0,0,0,0,0,0,0,0,0,0,0,0,0,0,0,0,0,0,0,0
54,0.0004848670796,0,0.0002225532371,0,0,0,0.002380952472,0.004387325607,0.0005371847074,3.283914339e-05,9.445037722e-05,5.542394501e-05,0.06651678681,0.1987743527,0.008697680198,0.001129619079,0,0,0,0,0,0,0,0,0,0.002380952472,0.0002049840841,0,0,0.0006605654489,0,0.002380952472,0,0,0,0,0,0,0,0,0,0,0,0.1136093214,0.05704690516,0.004624398891,0.02382884361,0.03622442484,0.008907267824,0.007452069782,0.009925077669,0.0001316882117,3.233199379e-07,0,1.102830765e-06,2.008609044e-06,0,2.325786227e-06,0.0001337936556,0.0009080626769,0,0,0.0001372069819,3.074404958e-05,1.960566351e-06,0,0.0001004096703,4.505828656e-06,4.478485789e-05,0,6.750594366e-06,0.01311204676,0.608759284,1.286688894e-05,0.0001526780252,0.000402460515,0,0,1.831158079e-05,0,0,0.0007534729084,0.0002447190054,0.02448888309,0.3449691832,0.001006358536,0.001092306687,3.03441102e-05,0.0003153498401,0,3.369727892e-06,0.01115005277,0,0,0,0,0,0,0,0,0,0,0,0,0,0,0,0,0,0,0,0,0,0,0,0,0,0,0,0,0,0,0,0,0,0,0,0,0.0009864205495,0,0,0,0,0,0,0,0,0,0,0,0,0.002380952472,0
55,0,0.0002510187333,0.0001822946942,0,0,0.002380952472,0.004761904944,0.0003168499097,0.0006148091634,2.505494194e-05,0.0003589167318,7.060096686e-05,0.07379065454,0.2598763406,0.03231851757,0.001415335224,0,0,0,0,0,0,0,0,0,0,0,0,0,0,0,0,0.0006979420432,0,0,0,0,0,0,0,0,0,0,0.08807917684,0.09164325148,0.002217537491,0.06613899767,0.03504327685,0.04011274502,0.01002111007,0.0161966756,0.001184242545,7.369170362e-06,1.102830765e-06,0,3.919150231e-07,0,7.456022558e-06,0,0.0003469538642,4.13765747e-07,0,0.0002911091142,0.0001146872019,3.760784011e-06,2.087351504e-06,0.0005780718056,2.007984403e-05,0.0007314721588,0,1.833471288e-06,0.03435057402,0.5596828461,5.59613145e-05,8.631200035e-05,0.004355303012,3.53050018e-05,0,2.31976901e-05,0.0001000280754,0.0003270174202,0.003052253509,0.0001741273882,0.02269070596,0.4747035503,0.00123775762,0.01088368054,0.0003499035083,0.004761904944,0,0,0.006486484781,0,0,0,0,0,0,0,0,0,0,0,0,0,0,0,0,0,0,0.0002739524352,0,8.481725672e-05,0,0,0,0,0,0,0,0,0,0,0.002380952472,0,0,0,0,0.0001686557662,0,0,0,0,0,0,0,0,0,0,0,0,0.002380952472,0
56,0,0,0.0001554725168,0,0,0.002380952239,0.002380952472,0.003848097287,0.0004429483961,5.108275582e-05,0.0004301012377,0.0001188020033,0.07287759334,0.2627379298,0.01645406522,0.001805681037,0,0,0,0,0,0,0,0,0,0,0.0009431017097,0,0,0,0,0,0,0,0,0,0,0,0,0,0,0,0,0.0739775151,0.04368962348,0.001290695742,0.04161060601,0.04074709862,0.02141681872,0.006858342327,0.01526048966,0.004919984378,0.0001064284879,2.008609044e-06,3.919150231e-07,0,8.450206792e-07,6.815382221e-06,0,0.0002561061119,0,3.416692152e-06,0.0003295253846,4.069706847e-05,9.679154573e-06,2.644480219e-06,0.0008893516497,0.0005914759822,0.002429154003,0,0,0.0351671651,0.5672848225,0.0001522289385,2.05996057e-05,0.004477106966,0.0005307493848,0,2.3659818e-06,0.0003835300158,1.611895095e-05,0,0.000271373021,0.02938239835,0.4981310666,0.002847041702,0.02194950916,0,0.006407344714,0,2.366094304e-05,0.007142857648,0.004761904944,0,0,0,0,0,0,0,0,0,0,0,0,0,0,0,0,0,0,0,0.0001002168574,0.0001882009965,0,0,0,0,0,0,0,0,0,0,0.002380952472,0,0,0,0,0,0,0,0,0,0,0,0,0,0,0,0,0,0.002380952472
57,1.007105766e-05,0,7.964613906e-05,0,0,0,0,0.0005940916599,5.311674613e-05,5.904937552e-06,4.324133624e-05,7.975292647e-06,0.01117750164,0.1174585819,0.007555763703,0.0001193782009,0,0,0,0,0,0,0,0,0,0,0,0,0,5.240686733e-05,0,0,0,0,0,0,0,0,0,0,0,0,0,0.06066055968,0.02261555009,0.001375089865,0.01581794396,0.02073194273,0.01006821077,0.003178462852,0.002988445573,0.000596790167,2.24461528e-05,0,0,8.450206792e-07,0,1.439191124e-06,0,0.0003217506164,0,1.089270086e-06,3.821530117e-05,9.613663678e-06,9.814518307e-06,0,0.0007714152453,5.494986544e-05,0.0002788604761,0,0,0.01762897149,0.6067928076,2.34621275e-05,2.925137051e-05,0.0009848682676,0,0,1.665740092e-05,4.926264592e-05,0,0.0006280199159,0.0001856093295,0.03969220445,0.4165474176,0.003724980867,0.004413163755,0.0001701291039,0,0,0,0.0003259122896,0.000610240153,0,0,0,0,0,0,0,0,0,0,0,0,0,0,0,0,0,9.17795187e-05,0,0,0,0,0,0,0,0,0,0,0,0,0,0.0001784827327,0,0,0,0,0.0001028155166,0,0,0,0,0,0,0.002380952472,0,0,0,0,0,0
58,0,0.0003415164538,0.0002218222071,5.676833098e-05,0,0,0,6.068910443e-05,0.0001157528895,4.843391071e-05,9.413075168e-05,3.414355524e-05,0.0244012624,0.08279449493,0.01716277376,0.000213963358,0,0,0,0,0,0,0,0,0,0,0,0,0,0,0,0,0,0,0,0,0,0,0,0,0,0,0,0.06416971236,0.04199108481,0.002063994063,0.02831006609,0.02088852227,0.0122565385,0.00192876521,0.00203303108,0.0002045176079,0,2.325786227e-06,7.456022558e-06,6.815382221e-06,1.439191124e-06,0,3.48454455e-06,0.0005128757912,0,0,2.301846689e-05,2.347993359e-06,4.037579856e-05,2.248413239e-06,0.0006624195375,4.272258593e-05,0.0004152502224,0,0,0.02890334465,0.6839114428,4.02697151e-05,7.850039401e-05,0.002535363892,0,0,4.307188647e-05,0,0,0.0001799420716,0.001024343306,0.05349519104,0.3156045079,0.002067779656,0.008058990352,0,0.002380952472,4.04007078e-05,0,0.003505315166,0.0001244088635,0,0,0,0,0,0.001551062218,0,0,0,0,0,0,0,0,0,0,0,2.624651825e-05,0,0,0,0,0,0,0,0,0,0,0,0,0,0.0007414768334,0,0,0,8.172606613e-05,0,0,0,0,0,0,0.0003916780697,0,0,0,0,0,8.27169788e-05,0.0001480337523
59,0,0,0,1.424473339e-05,4.227221143e-05,0,0,2.564523493e-05,9.29822545e-06,7.292710507e-07,1.87370315e-05,2.240201411e-06,0.004054093268,0.04526023939,0.005809046328,3.066444697e-05,0,0,0,0,0,0,0,0,0,0,7.267272849e-06,0,1.851576963e-05,0,0,0,0,0,0,0,0,0,0,0,0,0,0,0.06590584666,0.03208889812,0.003211013973,0.007665022276,0.0151125174,0.005044538062,0.003869806184,0.004107768182,0.0002292621939,0,0.0001337936556,0,0,0,3.48454455e-06,0,0.001228108653,0,0,8.087588503e-05,9.168867905e-07,4.170404736e-06,0,0.0004732407397,0,0.0002945513406,0,0,0.007989500649,0.7085750103,9.418233822e-05,0.0001879407064,0.00101412239,2.527230026e-05,0,0.0001257862459,1.130076612e-06,0,1.269065888e-05,0.002631118288,0.05529061332,0.3346028626,0.002068635542,0.003411755897,9.930252418e-06,0.0004864337679,5.34397941e-06,4.192268534e-05,0.0001308521896,9.744912859e-06,0,0,0,0,0,0,0,0,0,0,0,0,0,0,0,0,0,2.557051084e-05,0,2.577223768e-06,0,0,0,0,0,0,0,0,0,0,0,0,0,0,0,0.0001073292515,0,0,0,0,0,0,0,0,0,0,0,0,0.0003281633544,0
60,0.001403546077,0.003435886232,0.007480244618,0.01589795388,0.003678244771,0.02272354811,0.02932547219,0.02038581111,0.01322281174,0.005611256231,0.009024234489,0.006771354005,0.334572643,0.3431212008,0.1359015554,0.01236032508,0,0,0,0,0.005142609589,0.002380952472,0.001785915578,0,0,0.002380952472,0.004363410175,0.001793110161,0.002022525296,0.005637087394,0.002515596338,0.006212818436,0,0,0.002497412032,0.0028610304,0.002380952472,0,0.002380952472,0,0,0,0,0.07205012441,0.01908064447,0.0002992726513,0.01591167226,0.04842681438,0.02208057418,0.0003144987859,0.002945165848,0.004372418858,0.00152407994,0.0009080626769,0.0003469538642,0.0002561061119,0.0003217506164,0.0005128757912,0.001228108653,0,0.0002585217007,0.0004706630716,0.0001951087324,0.001045476063,0.0005810883013,0.0002757264301,0.0002681606275,0.002681507031,0.01428089663,0.001851811074,0.0004042083747,0.1142457277,0.5917975307,0.0007788810181,0.0001540889207,0.01614704542,0.0009277986246,0.0005536807585,0.00050661352,0.0051957299,0.002427292988,0.001021909178,0.0001189142349,0.01492783148,0.4310182929,0.003162777051,0.06619573385,0.003031725762,0.04063111916,0.0006341716507,0.0003328429884,0.01218182035,0.003869856941,0.003807953093,0.0002531486971,0.003881095909,0.001148819923,0.0006314822822,0.001104339142,0.0009895750554,0.002468280727,0.003706634277,0.0009456456755,0,0,0,0,0.0003392221406,0.001506996923,0,0.005053314846,0.002380952472,0.003486030968,0.002330704825,0,0,0.0003459109575,0.002088259906,0.0005661974428,0.0005834872718,0.002014142694,0.003485900583,0,0.004314158112,0.0159467198,0.0002732060966,0.00340809999,0.001599663752,0.001716127968,0.001800863538,0.001777919242,0,0,0.001382621005,0,0.001564412145,0.006630429998,0.01258591563,0.0005469188327,0,0.002380952472,0.0009622867801,0.001937623951
61,0.000167623075,0,0.0001058976995,0,0,0,0,0.002154012676,0.0007768342039,0.0008660865133,0.0003560967161,0.0002078932885,0.08998171985,0.14262411,0.007142857648,0.00131467334,0,0,0,0,0,0,0,0,0,0,0.0009299020749,0,0,0,0,0,0,0,0,0,0,0,0,0,0,0,0,0.07157732546,0.02631865628,0.00329498644,0.01724735461,0.009993674234,0.00993658416,0.006463472731,0.002985433675,0.0002996861585,0,0,4.13765747e-07,0,0,0,0,0.0002585217007,0,0,6.429583209e-06,3.991183621e-05,4.044450179e-06,0,0.0002880072861,1.439231369e-06,0.000328385795,0,6.436092372e-05,0.02679668181,0.576028049,6.068173093e-07,2.040686013e-05,0.001271089073,0,0.0003531495749,3.514920536e-05,0,0,0.001093169209,0.0001418003085,0.02247252315,0.356837064,0.002021270106,0.008499662392,0.0001023004152,0.002380952472,0.0003465456539,0,0.004761904944,0,0,0,0,0,0,0,0,0,0,0,0,0,0,0,0,0,0,0,0,0,0,0,0,0,0,0,0,0,0,0,0,0,0,0,0,0,0,0,0,0,0,0,0,0,0,0,0,0,0,0
62,7.539633953e-05,0,0.0002251916449,0.000183385695,0,0.0002114505478,0.002380952472,0.0001158795931,0.0008156687254,0.000210079932,0.0005677537993,0.0003139613837,0.06170776859,0.1372745186,0.009523809887,0.0008853034815,0,0,0,0,0,0,0,0,0,0,0,0.0008612048114,0,0,0,0,0,0,0,0,0,0,0,0,0,0.002380952472,0,0.08802972734,0.03608511761,0.004061367828,0.02332630754,0.01546871848,0.01301797386,0.001763482229,0.004802664742,0.001004308346,0,0,0,3.416692152e-06,1.089270086e-06,0,0,0.0004706630716,0,0,2.149761031e-06,6.043913345e-06,1.419157797e-05,7.360878044e-06,0.0008560105925,1.66074351e-05,0.0006204269594,3.489579103e-05,0,0.02290374972,0.6684387922,3.177012559e-06,7.575978088e-06,0.001597403432,0,0,9.525342648e-06,1.859906661e-05,0,0.0001814222487,8.213878755e-05,0.04941540584,0.3346392512,0.002015521284,0.01003951393,2.513376603e-05,0.0002679687168,0,7.096321497e-06,0.007675065659,0.0003403833834,0.001861317316,0,0,0,0,0,0,0,0,0,0,0,0,0,0,0,0,1.527465975e-05,0,2.285322807e-05,0,0,0,0,0,0,0,0,5.354224777e-05,0,0,0.0001388921082,0,0,0,3.250193549e-05,0,5.386439443e-05,0,0,0,0,0,0,0,0,0,0,0.0007229464827,0
63,9.080078598e-05,0,0.0003118530731,0.001249608118,0.0001322996104,0.001909949002,0.00703827152,0.0005843114341,0.001490008086,0.0008793066954,0.001789064729,0.001182366745,0.1028058976,0.133522436,0.0788937062,0.001670041005,0,0,0.001185116009,0,0.0001246862375,0,0.0001354916749,0,0,0,0.0005936119123,0.00011612034,0.0001275725663,0.000550127821,0.0001637414098,0.0003273390757,0,0,0,0.0003565583902,0,0,0,0,0,0,0,0.122462213,0.01119679399,0.001456213766,0.007298696786,0.01319571026,0.001062768861,7.057694893e-05,0.0001756764686,0.001041026204,0.0002761635405,0.0001372069819,0.0002911091142,0.0003295253846,3.821530117e-05,2.301846689e-05,8.087588503e-05,0.0001951087324,6.429583209e-06,2.149761031e-06,0,2.117818985e-05,0.000760140887,0.0001336732821,0.002741480945,0.0008346041432,0.006090809125,0.0004589903983,2.276251871e-05,0.07949987799,0.7478855848,0.0003579136392,3.652237865e-05,0.01772901043,0.001609343686,0.0005779897911,0.0008227849612,0.0003381656134,0.0003731483885,3.039807962e-05,0.002778215101,0.07647825032,0.3478373289,0.003940662835,0.05312991515,0.002859072294,0.01984156482,0.0007391956751,0.0003124448995,0.0001728449279,0.0001872725843,0.0003462175082,0,0.0001579833042,0,1.94316508e-05,3.448037387e-05,6.234876491e-05,1.622217496e-05,4.101625382e-05,9.200761269e-06,0,0,0,5.547282126e-05,0.0001673030201,1.492990395e-05,0,2.022168337e-05,0,7.252547221e-05,0.000143858415,0,0,5.066433005e-05,9.690908337e-05,0,0,0.000115767667,0.0003419884306,0,0.0005332272849,0.0004919375642,3.314931746e-05,0,0,4.342003012e-05,0.000274089427,0,7.484878734e-05,0,0.0001247347245,0,0,0.002114979317,0.0005804606481,0.0004467784893,0,0,1.511241862e-05,1.106830678e-05
64,0,0,6.169635162e-05,9.788254829e-05,2.532525832e-05,0.0002398549841,0,8.846724813e-05,0.0001923836535,6.312927871e-05,0.0003475378326,0.0001457031613,0.03520546854,0.08976869285,0.02091495693,0.0003727740259,0,0,0.0004554368788,0,8.499873366e-05,0,0.0003684689291,0,0,0,7.208788884e-05,0,0,9.758865053e-05,0,9.429130296e-05,0,0,0,1.832009548e-05,0,0,0,0,0,0,0,0.1189339831,0.05077472329,0.005184760783,0.02483190596,0.03302351013,0.003604615107,0.001894991496,0.002179694129,0.0004184155259,2.712358037e-05,3.074404958e-05,0.0001146872019,4.069706847e-05,9.613663678e-06,2.347993359e-06,9.168867905e-07,0.001045476063,3.991183621e-05,6.043913345e-06,2.117818985e-05,0,0.0001363531483,1.939339018e-05,0.001019621966,0.000238185632,0.002000810811,0,2.284225047e-06,0.0380406566,0.7566078901,0.0001029590712,0.0001947723795,0.003725728486,0.0007421035552,0.000164639685,0.0002993779781,1.206023626e-05,0,1.771001371e-05,0.00135951885,0.06864760816,0.2925634384,0.002340318868,0.0301439818,0.0001791022951,0.00150465488,0.000114829556,0,0.0004803366028,3.111984915e-05,0,3.200534411e-05,0,0,0.0002662811312,9.558704915e-05,0,0,0,0,0,0,0,0,0,0.000116867559,0,8.259000424e-06,0,2.780923751e-06,1.437483115e-05,0,0,6.02034379e-06,0,0,0,0,0,0,0,0,1.698379492e-05,0,0,5.015970237e-05,0,0,0,0,1.329171391e-05,0,0,0,0,0,0,0,0,7.437776731e-06
65,0,4.92685358e-05,0.0002056338562,0.0002316955797,0,0.002380952472,0.004710232373,0.00121802208,0.0008591586375,3.103259223e-05,0.000579639338,0.0001504428365,0.1467751414,0.347447753,0.04087857902,0.003004885511,0,0,0,0,0,0,0,0,0,0,0.0005373061285,0,0,0,0,0,0.002380952472,0,0.001291106106,0.0001964150724,0,0,0,0,0,0,0,0.1178322062,0.08697786182,0.002442067023,0.03988929093,0.0804515034,0.03980725259,0.009854529053,0.01318506524,0.001564588165,2.57897882e-05,1.960566351e-06,3.760784011e-06,9.679154573e-06,9.814518307e-06,4.037579856e-05,4.170404736e-06,0.0005810883013,4.044450179e-06,1.419157797e-05,0.000760140887,0.0001363531483,0,1.999993628e-06,0.0003670101578,6.97955038e-05,0.0003066079225,0,3.419344239e-07,0.05691935122,0.575368762,6.152649439e-05,0.0001419106702,0.0004848979588,2.155170932e-06,0,1.881595608e-06,0.0005554521922,0,0.001032905304,0.0002938776743,0.02358414792,0.4720554948,0.002069866285,0.005562094972,9.515716556e-06,0.002469305182,1.662912723e-06,2.574010296e-06,0.004631770775,0.001539947116,0.001273778267,0,0,0,0,0,0,0,0,0,0,0,0,0,3.171072876e-06,0,0,0.0002764491946,0,0,0,0,0,0,0,0,0,0,0,0,0.002380952472,0.0004681950959,0,0,0,0.001357582514,9.74434588e-05,0.001496582991,0,0,0,0,0,0,0.0001402631606,0,0,0,0,0.000505642849
66,0,0,6.882933667e-05,6.111371476e-05,0.0001821229525,0.002380952472,0,0.0003556255251,7.186352013e-05,5.907967989e-06,5.180453809e-05,1.314988276e-05,0.0209592972,0.1556119174,0.009551278315,0.0001864154328,0,0,0,0,0,0,0,0,0,0,2.818807297e-05,4.045551759e-05,2.801555274e-05,0,0,0,6.857078552e-05,0,8.499227988e-05,0,0,0,0,0,0,0,0,0.07571410388,0.03098733723,0.001069536782,0.02578986064,0.02463362925,0.01451676246,0.0007614028291,0.008947756141,0.001840123907,0,0,2.087351504e-06,2.644480219e-06,0,2.248413239e-06,0,0.0002757264301,0,7.360878044e-06,0.0001336732821,1.939339018e-05,1.999993628e-06,0,0.00176826783,0.0003052782267,0.0002332434669,0,0,0.02463768609,0.5986287594,0.0001632433559,5.519201295e-05,0.0003848263295,0,0,4.986572549e-06,0.0002525397576,0,0.0001056991168,0.0005371571751,0.03479398414,0.4381474257,0.004339919426,0.006174092181,1.842916936e-05,0.0004760799929,4.903434728e-06,4.424825875e-07,0.001986239571,0.000153933579,0.002380952472,0,0,0,0,0.002380952239,0,0,0,0,0,0,0,0,0,0.0003619247873,0,0,0,0,0,0,0,0,0,0,0,0,0,0,0,0.0005514893564,0,0,0,0.0001696641848,0.0001613494969,0,0,0,0,0,0,0.001480728737,0,2.365563887e-05,0,0,0,5.501837222e-05
67,0.002494589193,0,0.007184999995,0.007369430736,0.002084262203,0.01447966229,0.01301635616,0.007636213209,0.04272831231,0.00686986791,0.01021057833,0.005815607961,0.3950524032,0.472164005,0.07575193793,0.05043515563,0,0,0,0,0,0,0,0,0.002380952239,0,0.007496240083,0.004761904944,0.01054108981,0.005478919484,0.006428455003,0.002380952472,0.002380952472,0,0.002380952472,0.005518784281,0,0,0,0,0,0,0,0.2012186795,0.0963672772,0.009238418192,0.03503512219,0.05915757269,0.04124708474,0.01254721917,0.01242337469,0.0005992451333,0.0002307784453,0.0001004096703,0.0005780718056,0.0008893516497,0.0007714152453,0.0006624195375,0.0004732407397,0.0002681606275,0.0002880072861,0.0008560105925,0.002741480945,0.001019621966,0.0003670101578,0.00176826783,0,9.939241863e-05,0.01293990668,0.001161954366,0.0002814698964,0.1226587892,0.6697704196,0.0001096246633,0.0007851177943,0.009777488187,0.0004717306292,0.0007628583116,0.001272481284,0.0009680552757,0.0008200850571,0.002330192132,6.506905629e-05,0.02034097724,0.3066881895,0.0003151880228,0.04386210069,0.001166608068,0.02631112747,0.0006335768849,0.001569980173,0.00567520503,0.001972521422,0.003303088481,0.000997081399,0,0.004604242742,0.001230425085,0.007313916925,0.0005982670118,0.005411880556,0.002193978988,0.0001003873767,0.0003766512673,0,0,0.0004762298195,0.0007519078208,0.004087801557,0,0.002498695161,0,0.001425144845,0.0003030751832,0,0,0,0.0002240850736,0,0,0,0.0006424300373,0.001025984064,0.009523809887,0.004042717163,0.003267238848,4.49168474e-05,0,0.00207547727,0.0001587482257,0.0004620022955,0.0004989767913,0,0.003257488366,0,0.000865955255,0.004761904944,0.0009284385014,0,0,0,0.002114076866,0.001375548192
68,0.0003039713483,0,0.0009026756161,0.0008246097714,0,0.006469298154,0.006262855139,0.001117674168,0.003810253926,0.0005358984345,0.00105599314,0.0008264462231,0.2023478299,0.3320494294,0.03751050308,0.006578356028,0,0,0,0,0,0,0,0,0,0,0.0009567175875,0.0005524719018,0.001782064792,0,0,0.001831530128,0,0,0,0,0,0,0,0,0,0,0,0.1709103435,0.08801604062,0.0143665839,0.04464770854,0.05866091698,0.02942090295,0.01546002086,0.01176618133,0.0001497824996,2.868125364e-07,4.505828656e-06,2.007984403e-05,0.0005914759822,5.494986544e-05,4.272258593e-05,0,0.002681507031,1.439231369e-06,1.66074351e-05,0.0008346041432,0.000238185632,6.97955038e-05,0.0003052782267,9.939241863e-05,0,0.001221958664,3.157636093e-05,4.715847899e-05,0.06571748853,0.6936842799,3.553371789e-05,0.001078917412,0.001700895838,9.289289301e-05,4.438784163e-05,0.0003002596786,0.0002495755034,0,0.0009923360776,0.0004859158653,0.03637142107,0.294968456,0.0008254526765,0.009523577988,8.96526908e-05,0.002219918417,1.484077529e-05,0.0001680971036,0.00433422951,0.001613109373,0,0,0,0,0,0.006003803574,0,0.001509896829,0.0009334287606,2.544514609e-05,0,0,0,0,2.558536607e-06,0.002380952472,0,0.0004724733299,0,3.021393786e-05,0.0001269355998,0,0,0,0.000180112489,0,0,0,0.0001713597303,0,0.004761904944,0.01088425331,0.0007524330285,0.0003444906033,0,0.001516427263,7.945430116e-05,0,0,0.0002318551415,0.0001528667199,0,0.0006169980043,0,0,0,0,0,0.001436269726,0.0005651636166
69,0.004012078047,0.00266235345,0.004586753435,0.003563313279,0.01037637703,0.01640236005,0.0298151616,0.008371924981,0.0194361154,0.00165473728,0.004105987493,0.002728834515,0.2388963848,0.3990378082,0.1140459627,0.0260620527,0.005029131658,0.002611882519,0.001236157259,0.002695583506,0.00191811088,0.005749289412,0,0,0.002591863275,0.006558401976,0.01454713475,0.01035744976,0.01169897337,0.01536739152,0.01356595755,0.009434765205,0.006874924991,0.007808411028,0.006045693066,0.01563842222,0.004420040641,0,0,0.002380952472,0.002380952239,0.002380952472,0,0.2088495046,0.03823179752,0.02868408523,0.0159936063,0.02808316611,0.02890119515,0.01491773967,0.01169038285,0.009820410982,0.0001093083483,4.478485789e-05,0.0007314721588,0.002429154003,0.0002788604761,0.0004152502224,0.0002945513406,0.01428089663,0.000328385795,0.0006204269594,0.006090809125,0.002000810811,0.0003066079225,0.0002332434669,0.01293990668,0.001221958664,0,0.0008420438389,9.556687291e-05,0.08752464503,0.8464195728,0.002507160418,0.007155454252,0.008774399757,0.001210881048,0.0007726053009,0.001770876814,0.006538771559,0.0002172827808,0.006986701395,0.01287586428,0.2255447507,0.6578227878,0.0376104638,0.0149373319,0.000179738985,0.02947372384,0.0001791124232,0.0001966233976,0.01039559208,0.005961682182,0.01285603084,0.005337444134,0.01199287549,0.01145720202,0.01144426037,0.01381534152,0.01252585556,0.009822484106,0.01374866813,0.005800737999,0.00510723656,0.0002986777108,0,0.001398151508,0.001253193826,0.008994009346,0.0003886886407,0.007450374309,0.002028513001,0.005703551229,0.004988617729,0.0001613912318,0.0004826829827,0.002571963239,0.006800396834,7.41981512e-06,0.0002340721112,0.0004232099454,0.001874748967,0.0003324563149,0.03912308067,0.01144577749,0.005824196618,0.00519547658,0.0001601397234,0.006780449301,0.005393548403,0.004508503713,0.004413586576,0.004465236329,0.00683451863,0.00360249728,0.0006090713432,0.01176124439,0.005305340514,0.0002842769318,0.0002383112296,0.0001151874167,0.009727770463,0.005740082357
70,0,0,1.132443504e-05,0,0,0,0,0,6.985640357e-05,4.5406955e-06,0.0001660173439,0,0.06743584573,0.04254331812,0.00327850203,0.000199249931,0,0,0,0,0,0,0,0,0,0,0,0,0,0,0,0,0,0,0,0,0,0,0,0,0,0,0,0.1542458385,0.01438219287,0.006737829186,0.009460678324,0.007037070114,0.001320144278,0.007902510464,0.004236373119,0.0002531233476,0,0,0,0,0,0,0,0.001851811074,0,3.489579103e-05,0.0004589903983,0,0,0,0.001161954366,3.157636093e-05,0.0008420438389,0,0,0.005778715014,0.6691694856,5.711275298e-05,0.00125439954,0,0,0,0.0007582512335,0,0,3.687553772e-06,0.003262041602,0.04664984345,0.2443428338,0.001303744502,0.007665004116,0,4.352566975e-05,0,0,0,0,0,0,0,0,0,0,0,0,0,2.253215462e-05,0,0,0,0,0,0,0,0,0,0,0,0,0,0,0,0,0,0,0,0,0,0,0,0,0,0,0,0,0,0,0,0,0,0,0,0,0,0,0,0
71,2.22645167e-06,0,4.111630005e-06,0,0,0,0,9.431855142e-05,2.334529563e-05,1.110783614e-06,2.891143777e-05,5.749200682e-06,0.05995251611,0.1283103228,0.003549274988,9.413366934e-05,0,0,0,0,0,0,0,0,0,0,1.324299774e-05,0,7.852703129e-05,0,0,0,0,0,0,0,0,0,0,0,0,0,0,0.2437144816,0.02581950277,0.002847507829,0.01677010208,0.02277022786,0.0002871041652,0.003741291817,0.0007901413483,0.001296792179,0.0005874029011,6.750594366e-06,1.833471288e-06,0,0,0,0,0.0004042083747,6.436092372e-05,0,2.276251871e-05,2.284225047e-06,3.419344239e-07,0,0.0002814698964,4.715847899e-05,9.556687291e-05,0,0,0.001600295771,0.7183098197,0.0001060382492,0.0001576284121,9.243191744e-05,0,1.514548512e-05,0,4.135499694e-06,1.057158343e-07,1.509766116e-05,0.0007581064128,0.02827874944,0.4530115128,0.003262989456,0.001808146946,6.182343895e-06,0,0,0,2.082428182e-05,1.077420393e-06,0,0,0,0,0,0,0,0,0,0,0,0,0,0,0,0,0,0,0,0,0,0,0,0,0,0,0,0,0,0,0,0.0004705788742,0,0,0,0.0002426668798,0,0.0003086942015,0,0,0,0,0,0,0,0,0,0,0,0.0001403260103
72,0.003930042963,0.0003398100089,0.0009130337276,0.002786153462,0.008130436763,0.001342402422,0.000435732858,0.005093552172,0.03535042703,0.0002455323411,0.0004998735967,0.00558835594,0.2121393085,0.1936557144,0.0001520547521,0.02921018004,0,0,0.007142857648,0.002380952472,0,0,0.002380952239,0,0,0.002380952472,0.01205962058,0.002380952472,0.005945088807,0.007825355977,0.01420206297,0.002380952472,0.001513645286,0,0.004761904944,0.002816195833,0,0,0,0,0,0,0,0.3650814295,0.1189996526,0.1632341892,0.0709900856,0.08222019672,0.0699762404,0.08504919708,0.08355517685,0.1735049784,0.01844277605,0.01311204676,0.03435057402,0.0351671651,0.01762897149,0.02890334465,0.007989500649,0.1142457277,0.02679668181,0.02290374972,0.07949987799,0.0380406566,0.05691935122,0.02463768609,0.1226587892,0.06571748853,0.08752464503,0.005778715014,0.001600295771,0,0.8769693375,0.08365797997,0.09556338191,0.0002866013092,0.01274749916,0.0063689854,0.04788427055,0.004664157517,0.0001194955767,0.03236615285,0.1116909459,0.4271719158,0.9014284015,0.1756675988,0.0008831509622,0.001927844365,0.0001837255986,0.0002362070954,0.007502245251,0.01323992014,0.003059772542,0.001688475604,0.007079527248,0.002380952239,0.006359700579,0.01593339629,0.008356915787,0,0.01620358601,0.02238266356,0.006780347787,0.002380952472,0,0,0.002380952472,0.01010392513,0.005832231604,0.002380952472,0.03418034688,0,0.01620208845,0.0161990691,0,0.003751841374,0.005259924103,0.0006716845091,0,0,0.0001999336528,0.003732460085,0.007033714559,0.0003426771145,0.0008999088896,0.005742260721,0.003618932562,4.401158367e-05,0.01517341658,0.001351043466,0.01141004916,0.00132290239,0,0.004646634217,0.0002991835645,2.23138195e-05,0.0002832663595,0.0001957313507,0.0002003846894,0.002689425834,0,0.002590938238,0.005218362901
73,0.7986141443,0.5779172778,0.8415834904,0.7397187352,0.8892008066,0.7677326202,0.6922194958,0.8454492688,0.964106977,0.8032397032,0.9012752175,0.8218309283,0.9862561822,0.9979178905,0.948998034,0.9682989717,0.40432477,0.2555581629,0.3158813119,0.3684512377,0.3663069308,0.2690563202,0.1310185194,0.06991129369,0.1617188156,0.2910684943,0.8595170975,0.5978094339,0.7114781737,0.7824608684,0.7765850425,0.7073704004,0.4695503116,0.384180218,0.6611078978,0.7317288518,0.2409666032,0.05288991705,0.04285714403,0.1142857224,0.05238095298,0.04695078731,0.0142857153,0.8667902946,0.8310064077,0.4563435912,0.7734999657,0.8265476227,0.9275942445,0.7539606094,0.8163848519,0.8534576297,0.6989747882,0.608759284,0.5596828461,0.5672848225,0.6067928076,0.6839114428,0.7085750103,0.5917975307,0.576028049,0.6684387922,0.7478855848,0.7566078901,0.575368762,0.5986287594,0.6697704196,0.6936842799,0.8464195728,0.6691694856,0.7183098197,0.8769693375,0,0.6211611032,0.6170917749,0.8096206188,0.5906773806,0.5790247321,0.5723721981,0.8705227375,0.8788131475,0.8519122601,0.5733421445,0.7069369555,0.9958934188,0.8417623043,0.8684113622,0.6680582166,0.8979914784,0.6940894723,0.5959151983,0.9578341842,0.9178435206,0.812120378,0.7951028347,0.8282731175,0.7926508784,0.8153125048,0.8794850707,0.6318430901,0.80847615,0.8311089277,0.7136056423,0.2975149453,0.2640275955,0.2806885839,0.4142228663,0.6714178324,0.686188519,0.2199405283,0.7714808583,0.1723312289,0.7739861012,0.7623549104,0.3971082866,0.579317987,0.5189497471,0.7406049967,0.2542086244,0.364641726,0.5810787678,0.6226089001,0.5696238279,0.5467907786,0.8302457929,0.6884367466,0.6287996173,0.3629154861,0.7737873793,0.724955976,0.7809605598,0.5251034498,0.3160154819,0.7031162381,0.3826767504,0.4474059045,0.6383081079,0.5630892515,0.626621604,0.4961080253,0.4678554833,0.8340467215,0.7776881456
74,0.0001622771524,0.0002194346744,0.0007214160287,0.006508083083,0.00305060111,0.006670220289,0.0168423634,0.005243998021,0.007140254602,0.0006696871715,0.002970501082,0.002393628471,0.2299481928,0.3652538657,0.06480681151,0.01246608514,0.002380952472,0,0.002380952239,0,0,0,0,0,0,0.002380952472,0.002295604674,0.0005421160604,0.000587377348,0.002465337515,0.002004012465,0.0009768154705,0,0,0.002380952239,0.004751880653,0,0,0,0,0,0,0,0.1664499193,0.1156082079,0.007683379576,0.05147989839,0.07419087738,0.03273391351,0.01640791446,0.02035255544,0.000932562456,2.152648813e-05,1.286688894e-05,5.59613145e-05,0.0001522289385,2.34621275e-05,4.02697151e-05,9.418233822e-05,0.0007788810181,6.068173093e-07,3.177012559e-06,0.0003579136392,0.0001029590712,6.152649439e-05,0.0001632433559,0.0001096246633,3.553371789e-05,0.002507160418,5.711275298e-05,0.0001060382492,0.08365797997,0.6211611032,0,7.378881855e-05,0.002440769691,3.677290442e-05,9.879779827e-05,0.0001028410697,0.0004389802052,0.0004461779026,0.001566443942,4.231977437e-05,0.02379326895,0.3960851431,0.001000739867,0.01908378676,0.0001710148208,0.01317647472,0.0001700098364,0.0002146650513,0.00773131242,0.0003817995894,0.0007146417629,0,0,0.002380952472,0.0001486341353,0.004966027103,0.002380952472,0.00417773705,0.003433414036,0.0004206856829,0,0,0,0.0001441498607,0.0001214112854,0.0002283620852,0,0.0004864415387,0,9.744099953e-05,0.0001291811204,0,0,0,0,0,0.0001936660992,0,8.129980415e-05,0,0.002380952472,0.0009362745332,0.0003015230468,0.0002501285926,0,0.003431908321,0.0002107423061,0,0,0,0,0,0,0.002909414703,0.0002580908476,0,0.0001785000204,0,0.002611729549,3.501675383e-05
75,0.0004037671606,0.0007897161413,0.00402469933,0.009464040399,0.001297878451,0.003767615184,0.005904185586,0.008451718837,0.004204194061,0.001648621401,0.002989440924,0.001599475509,0.1475049555,0.2397533357,0.08780524135,0.005369483493,0,0,0,0.001431596,0,0.002903132001,0,0,0,0,0.0006374807563,0,0.0008208327927,0.001269577537,0.001084036543,0.003953740932,0,0,0.0009428417543,0.002641981468,0,0,0,0,0,0,0,0.1039529666,0.05198970437,0.001370014506,0.03374895826,0.06002856046,0.02829794772,0.002392778872,0.005737601779,0.002282131696,0.0003492668329,0.0001526780252,8.631200035e-05,2.05996057e-05,2.925137051e-05,7.850039401e-05,0.0001879407064,0.0001540889207,2.040686013e-05,7.575978088e-06,3.652237865e-05,0.0001947723795,0.0001419106702,5.519201295e-05,0.0007851177943,0.001078917412,0.007155454252,0.00125439954,0.0001576284121,0.09556338191,0.6170917749,7.378881855e-05,0,0.006807465106,0.0001910690626,0.0001949011494,0.0001570867316,0.0008253693231,0.0001521320082,0.0005367610138,7.874851872e-05,0.0332743153,0.3939800262,0.003362926887,0.04972030222,0.001281695557,0.03012258559,0.0002492373751,6.258241046e-05,0.003519158578,0.001220722101,0.003074528649,0.0005477129598,0.002380952472,0.0004415373842,0.0001834651193,0.00331006851,9.839196537e-06,0.0008663523477,0.0002842118265,0.0001423166104,0,0,0,0,0.0005489571486,0.0001801081817,0,0.001254640636,0.0002403025137,0.0005096375244,0.0005406542332,0,0,7.992175233e-05,0.0001398040185,0,0,0,0.0004488390987,0,0.001000804361,0.007749467622,0.0005218631704,0.0003068772785,0,0.0004922109074,0.0008905611467,0.0006348086754,0.0011787978,0,0.0008045589202,0,0.0001918388443,0.005454510916,0,0,0,0,6.626197865e-05,0.0003123798524
76,0.0002460883115,3.013013838e-06,9.525654605e-05,0.0005505988374,0.009007805958,0.009640011005,0.0002361335792,0.0007891660207,0.001124547096,2.131936071e-06,0.0001086826887,0.0002303296351,0.1668919027,0.2052033693,8.980585699e-05,0.002581197303,0.0009354964714,0,0,0,0,0.001167012029,0,0,0,0,0.001010058098,0,0,0.002380952472,0.002555337036,0.001789471484,0,0,0.0005814967444,0.0003039566218,0,0,0,0,0,0,0,0.233947441,0.0759133324,0.03412572294,0.04474797472,0.0587054193,0.05541759729,0.04016863182,0.03824193776,0.01184960455,0.000611227646,0.000402460515,0.004355303012,0.004477106966,0.0009848682676,0.002535363892,0.00101412239,0.01614704542,0.001271089073,0.001597403432,0.01772901043,0.003725728486,0.0004848979588,0.0003848263295,0.009777488187,0.001700895838,0.008774399757,0,9.243191744e-05,0.0002866013092,0.8096206188,0.002440769691,0.006807465106,0,6.795572062e-06,4.232842912e-06,0.0002912125492,0.00232351711,2.053970093e-05,0.009131724946,0.01041182596,0.133121416,0.76235044,0.02615476213,0.0002207364596,1.872333814e-05,1.176846945e-05,5.486311693e-06,8.421989332e-05,0.005392612424,0.001173558878,0,0.0001976732747,0,0.004800956231,0.006370644551,0.003729965072,0,0.002337291371,0.0102950111,0,0,0,0,0,0.001460305881,0.004226647783,0,0.008692532778,0,0.006470295135,0.008201862685,0,0.000206794386,0,0.0001497819612,0,0,9.94876973e-06,0,0,4.87410216e-06,0.001511519542,0.001140077831,0.00390556897,5.121323738e-06,0.00553149404,0.001187691232,0.003509847447,0.00288778008,0,0.00648238929,0,0,0,8.951141695e-07,2.265259127e-06,0,0,0.000893923454,0.0004657442623
77,0,0,0.0003861300938,0.0005192353274,0,0,0.002380952239,0.002152929315,0.0006769754109,7.18014644e-06,0.0004430144909,0.0003497127327,0.2430953234,0.3384796679,0.0109237507,0.003178284969,0,0,0,0,0,0,0,0,0,0,0.0003447373456,0,0,0,0.002603356028,0,0,0,0,0,0,0,0,0,0,0,0,0.1423798352,0.09865429997,0.004044057336,0.0370211713,0.05289059505,0.03777718544,0.01642722823,0.006048447918,0.001848271117,0,0,3.53050018e-05,0.0005307493848,0,0,2.527230026e-05,0.0009277986246,0,0,0.001609343686,0.0007421035552,2.155170932e-06,0,0.0004717306292,9.289289301e-05,0.001210881048,0,0,0.01274749916,0.5906773806,3.677290442e-05,0.0001910690626,6.795572062e-06,0,0,1.862523504e-07,0.001221299521,0,0.0006502444157,0.0004288589698,0.02407591976,0.4852796793,0.001938091824,0.001914209337,3.5545022e-06,6.231766747e-05,6.94275343e-07,0,0.002290030941,0,0,0,0,0,0,0,0,0,0.002380952472,0,0,0,0,0,0,0,0,0,0,0,0,0,0,0,0,0,0,0,0,0,0,0.004201551899,0.0009851498762,0,0,0,0.001291672699,0,0,0,0,0,0,0,0,0,0,0,0.0006872923113,0
78,0,0,0,0.0001822937775,0.002380952472,0.002380952239,0.0001956878405,0.0002489881881,0.0002141261648,0,0.0001503340463,0.0001064047974,0.1396833509,0.1887907535,0.005195816047,0.0006505296333,0,0,0,0,0,0,0,0,0,0,0.0003904962505,0,0,0,0,0,0,0,0,0,0,0,0,0,0,0,0,0.1157310903,0.05080986768,0.0009861188009,0.0153294215,0.02259735763,0.007166717667,0.001073050313,0.005240399856,0.001180023653,0,0,0,0,0,0,0,0.0005536807585,0.0003531495749,0,0.0005779897911,0.000164639685,0,0,0.0007628583116,4.438784163e-05,0.0007726053009,0,1.514548512e-05,0.0063689854,0.5790247321,9.879779827e-05,0.0001949011494,4.232842912e-06,0,0,2.833134261e-07,7.391352847e-05,0,0.0004707834742,0.0006122692721,0.02579179965,0.4815173149,0.003800598439,0.001406483934,1.104021339e-05,6.182290963e-05,3.915709215e-07,0,0.0007573234034,0.0004485314712,0,0,0,0,0,0.0006253556348,0,0,0,0,0,0,0,0,0.000136064642,0,0,0,0,0.0009130711551,0,0,0,0,0,0,0,0,0,0,0.0004426433297,0.002793733496,0,0,0,0.0004849939723,0,0,0,0,0,0,0,2.179984585e-05,0,0,0,0,0,0
79,1.659134796e-05,1.681786489e-05,0.0001798420271,0.0004821219773,0.0005124597228,0.01190476213,0.008528248407,0.00118920044,0.001048436039,2.822854367e-05,0.001024581143,0.0006421869039,0.2173666358,0.3972997963,0.043148987,0.003903853707,0.0006030841614,0,0,0,0,0,0,0,0.0007073729648,0,0.001448221505,0,0.003885929706,0.002096297219,0.0002277532476,0.0005429729354,0,0,0,0.0002330735588,0,0,0,0,0,0,0,0.1072338969,0.0744612664,0.001816052361,0.04539012536,0.06705801189,0.05546863005,0.008353438228,0.01304527186,0.004162115045,0.001276287367,1.831158079e-05,2.31976901e-05,2.3659818e-06,1.665740092e-05,4.307188647e-05,0.0001257862459,0.00050661352,3.514920536e-05,9.525342648e-06,0.0008227849612,0.0002993779781,1.881595608e-06,4.986572549e-06,0.001272481284,0.0003002596786,0.001770876814,0.0007582512335,0,0.04788427055,0.5723721981,0.0001028410697,0.0001570867316,0.0002912125492,1.862523504e-07,2.833134261e-07,0,0.003105676034,1.656127097e-05,0.00331700407,0.0004680163402,0.02505870163,0.5022990108,0.004050626885,0.01870314404,7.222730346e-05,0.001273577218,1.350581988e-05,1.370818495e-06,0.01991683058,0.005469331518,0.000493102707,0,0,0,0,0.001282093232,0,0,0.002380952472,0,0,0,0,0,0,0,0,0,0,0,0,0,0,0,0,0,0,0,0,0,0,0.005573024508,0,0,0,0.0009859941201,0.0002912613563,0.0003024553007,0,0,0,0,0,0,0.0001577483927,0,0,0,0,9.00773739e-05
80,0,0,4.235651068e-05,0.0001685311145,0.0003173143195,0.002515089698,0,3.787104652e-05,0.0007253258955,0.0002406099084,0.001101122703,0.0007172829355,0.1867329627,0.1281170696,0.001696728636,0.001056960784,0,0,0,0,0,0,0,0,0,0,0.0001504452812,0,0,0.0003480474406,0.0004177362716,0,0,0,0,0,0,0,0,0,0,0,0,0.2383294404,0.03068530746,0.01013647951,0.01968366094,0.01608380303,0.0001447048126,0.007100057788,0.002399988472,0.0009672224405,0,0,0.0001000280754,0.0003835300158,4.926264592e-05,0,1.130076612e-06,0.0051957299,0,1.859906661e-05,0.0003381656134,1.206023626e-05,0.0005554521922,0.0002525397576,0.0009680552757,0.0002495755034,0.006538771559,0,4.135499694e-06,0.004664157517,0.8705227375,0.0004389802052,0.0008253693231,0.00232351711,0.001221299521,7.391352847e-05,0.003105676034,0,0,6.007600859e-06,0.005279909819,0.07379550487,0.3523620665,0.004300373606,0.02533648536,0.0009747582371,2.720078737e-05,6.10188772e-06,0,3.405033794e-06,0,0,0,0,0,0,0.0001761253516,0,0,8.825312398e-05,0,0,0,0,0,1.448823355e-06,0,0,2.715935443e-05,0,3.011949502e-06,0,0,0,0,0,0,0,0,7.676254427e-06,0,0,0,0,0,0,1.885843994e-05,0,0,0,0,8.429152331e-06,0,0,0,0,0,0,0,3.072867548e-05,2.28338904e-05
81,0,0,0,0,0,0,0,0,5.027869338e-05,1.190235707e-06,3.210681825e-05,1.970021003e-05,0.2482158095,0.1591307968,0,0.0001818224846,0,0,0,0,0,0,0,0,0,0,0.0001958371868,0,0,0,0,0,0,0,0,0,0,0,0,0,0,0,0,0.2564814985,0.03087456524,0.008310303092,0.01530069299,0.01498612761,0.0001198773462,0.01603914425,0.002391102957,0.00041499082,0,0,0.0003270174202,1.611895095e-05,0,0,0,0.002427292988,0,0,0.0003731483885,0,0,0,0.0008200850571,0,0.0002172827808,0,1.057158343e-07,0.0001194955767,0.8788131475,0.0004461779026,0.0001521320082,2.053970093e-05,0,0,1.656127097e-05,0,0,6.605665021e-06,0.0005915778456,0.04104419053,0.4511018395,0.00240531913,0.0008023048285,7.475906841e-06,0,0,0,8.463843187e-06,0,0,0,0,0,0,0,0,0,0,0,0,0,0,0,0,0,0,0,0,0,0,0,0,0,0,0,0,0,0,0,0,0,0,0,0,0,0,0,0,0,0,0,0,0,0,0,0,0,0,0
82,1.605196667e-05,0,9.508137009e-05,0.0003500228049,8.086665184e-05,2.74797585e-05,0.0006623928784,0.0002088235633,0.001405706163,0.0005734756705,0.001981820911,0.001534074428,0.1840587556,0.147362411,0.0322242938,0.001518831472,0,0,0,0,0,0,0,0,0,0,0.0002141158038,0.0004961257218,8.439081284e-05,0.0001281140285,0.0003714317572,0,0,0,0,0,0,0,0,0,0,0,0,0.2395394593,0.01013856847,0.003927384038,0.00507304864,0.004698432982,0.0001598948293,0.0002787813428,0.0001042465228,0.001046725665,0.0002921119449,0.0007534729084,0.003052253509,0,0.0006280199159,0.0001799420716,1.269065888e-05,0.001021909178,0.001093169209,0.0001814222487,3.039807962e-05,1.771001371e-05,0.001032905304,0.0001056991168,0.002330192132,0.0009923360776,0.006986701395,3.687553772e-06,1.509766116e-05,0.03236615285,0.8519122601,0.001566443942,0.0005367610138,0.009131724946,0.0006502444157,0.0004707834742,0.00331700407,6.007600859e-06,6.605665021e-06,0,0.007477969863,0.09049177915,0.3707929254,0.004096841905,0.04732133448,0.002026203554,0.0004325202608,8.576666733e-05,0.0002547448385,1.930851249e-05,4.217035894e-06,0,1.349984086e-05,0,6.026323535e-05,0,0,0,8.292495295e-06,2.75644943e-05,9.512543329e-06,0,0,0,3.323881174e-05,2.098993536e-05,0,0,1.011487439e-05,0,1.408001572e-05,2.17404795e-05,0,0,3.613843364e-05,4.354563316e-06,0,0,0,2.75874645e-05,0,0,0.0002575064136,9.019010577e-06,1.348586557e-05,0,8.457578588e-06,1.950909609e-05,0,0,0,1.542635437e-05,0,0,0.0002615076664,0.0001458025799,0,0,0,1.456872087e-05,6.92536878e-06
83,0.003659360576,0,0.01080356259,0.01799418777,0.008494641632,0.01602746174,0.01057657227,0.02722814493,0.02753742784,0.005404666532,0.01266346779,0.01036124025,0.3303411305,0.4558917582,0.1110234261,0.03573100641,0.003498516511,0,0,0,0,0,0,0,0,0.002380952472,0.02059810981,0,0.01291810628,0.00134773273,0.001216290751,0,0,0.002380952472,0.002936441684,0.002825825708,0,0,0,0,0,0,0,0.1417935193,0.1033353657,0.002450482221,0.05034565926,0.09959626198,0.08906152844,0.01875033043,0.02781609632,0.004022834823,0.0013680337,0.0002447190054,0.0001741273882,0.000271373021,0.0001856093295,0.001024343306,0.002631118288,0.0001189142349,0.0001418003085,8.213878755e-05,0.002778215101,0.00135951885,0.0002938776743,0.0005371571751,6.506905629e-05,0.0004859158653,0.01287586428,0.003262041602,0.0007581064128,0.1116909459,0.5733421445,4.231977437e-05,7.874851872e-05,0.01041182596,0.0004288589698,0.0006122692721,0.0004680163402,0.005279909819,0.0005915778456,0.007477969863,0,0.015675487,0.4754309952,0.001006455161,0.05530974269,0.001617249916,0.03903513029,0.0008890659083,0.000486713252,0.02323082462,0.006482184865,0.005583287217,0,0.002380952472,0.002380952239,0.004193141591,0.01135731023,0.0002428293083,0.004785486963,0.003867336782,0.0007062466466,0.002380952472,0,0,0,0.003154644277,0.004752695095,0,0.004767414648,0.0002337903425,0.00254742289,0.003976488486,0,2.862572364e-05,0.001794764656,0.0004361175233,0,0.0007792605902,0.000236366468,0,0.0001709785574,0.006173107307,0.01131313667,0.001071259496,9.037180462e-06,0,0.007298605982,0.001061390503,0.0006788002793,0,0,7.623942656e-05,0.0004923557281,0,0,0.00331598823,0,0,0,0.001883709221,0.002843751339
84,0.08310294151,0.04885123298,0.1251205057,0.1474950165,0.1176497638,0.1898099333,0.1521551907,0.1670163572,0.3284095228,0.09529662132,0.1951587498,0.1177514419,0.5504018068,0.7012778521,0.4640294313,0.3516729474,0.03666217625,0.03882756457,0.03154364973,0.05230372027,0.04816352203,0.02038552985,0.01793816872,0.01190476213,0.01602107659,0.03851394355,0.255294323,0.1136885583,0.1544962674,0.1994662285,0.1788650751,0.1449184567,0.06475788355,0.07013768703,0.1161326468,0.1283224225,0.03486574441,0.004761904944,0.002380952472,0.01190476213,0.008530162275,0.002380952472,0,0.3423841,0.2051504999,0.0306790974,0.1223414391,0.1682248116,0.2042422593,0.1025981829,0.1082971916,0.1129839793,0.0414798446,0.02448888309,0.02269070596,0.02938239835,0.03969220445,0.05349519104,0.05529061332,0.01492783148,0.02247252315,0.04941540584,0.07647825032,0.06864760816,0.02358414792,0.03479398414,0.02034097724,0.03637142107,0.2255447507,0.04664984345,0.02827874944,0.4271719158,0.7069369555,0.02379326895,0.0332743153,0.133121416,0.02407591976,0.02579179965,0.02505870163,0.07379550487,0.04104419053,0.09049177915,0.015675487,0,0.6388016939,0.04018718004,0.3243938684,0.0429722406,0.2895835042,0.03647885099,0.02869649231,0.1293650866,0.09857513011,0.1144772619,0.09880957007,0.1088582799,0.1185143888,0.1088338718,0.1315284967,0.06601979584,0.1116576269,0.1134577468,0.08012600243,0.04869415238,0.009988578968,0.01728668995,0.04024331272,0.0473038815,0.07980561256,0.02299260907,0.09254000336,0.02525703609,0.07485046983,0.05902926251,0.02211814374,0.03436695039,0.05030747876,0.07529405504,0.01412041672,0.02208040841,0.02940597944,0.04861086234,0.02682581358,0.1122207418,0.1237420887,0.07507037371,0.0812626034,0.01921653375,0.1009391919,0.07988580316,0.0931007117,0.06555052847,0.04778133705,0.0901145637,0.0468054004,0.03967503831,0.1209245026,0.0777708739,0.02961312979,0.02053182572,0.02882336266,0.1039329171,0.08779869974
85,0.4034411609,0.3572095037,0.465574801,0.4306358099,0.4521366954,0.382435739,0.350884378,0.4931218028,0.7914008498,0.6914866567,0.6734524965,0.561291039,0.9184991121,0.9503914118,0.8463948965,0.766898036,0.2108752429,0.1171125621,0.1192049012,0.1945101023,0.1673932672,0.09958612174,0.07935338467,0.02987995185,0.0489083454,0.1153909937,0.6961627603,0.3689536452,0.516664207,0.5692916512,0.5377414823,0.3916120529,0.227657333,0.152304098,0.3334967494,0.4209562242,0.1001120135,0.02380952425,0.02619047649,0.0605311282,0.02142857201,0.007142857648,0.002380952239,0.8118444085,0.68184793,0.5728251934,0.5053709149,0.6097135544,0.6095317006,0.429754585,0.4066398144,0.1500840187,0.2350947708,0.3449691832,0.4747035503,0.4981310666,0.4165474176,0.3156045079,0.3346028626,0.4310182929,0.356837064,0.3346392512,0.3478373289,0.2925634384,0.4720554948,0.4381474257,0.3066881895,0.294968456,0.6578227878,0.2443428338,0.4530115128,0.9014284015,0.9958934188,0.3960851431,0.3939800262,0.76235044,0.4852796793,0.4815173149,0.5022990108,0.3523620665,0.4511018395,0.3707929254,0.4754309952,0.6388016939,0,0.1875263155,0.8902719617,0.5422489047,0.8410435319,0.4940179884,0.4503775537,0.4284854233,0.4161751568,0.4136660397,0.4102091193,0.3596038818,0.4407984912,0.4751219153,0.4824028909,0.3019687533,0.4726707339,0.4950336516,0.3481866121,0.2041089833,0.1457632482,0.1489866376,0.2226461917,0.2922738194,0.4128322601,0.1317248642,0.4263894856,0.113602519,0.3654327393,0.316041857,0.169547081,0.3645603955,0.2415073663,0.4171763659,0.09583096951,0.1827882975,0.3017933369,0.2821604311,0.4175840616,0.3953485191,0.4472286105,0.3797240555,0.3663152158,0.1972652078,0.4326870441,0.3534756899,0.4006201029,0.2795464396,0.1968276203,0.3821451962,0.2398023009,0.2194774151,0.4558096528,0.3889073133,0.4473570883,0.2600575984,0.2327455878,0.4536976218,0.4052708447
86,0.002901987638,0.004054500721,0.01304240152,0.01839691959,0.00975978747,0.01535851881,0.01741578244,0.0208056774,0.07489854842,0.01587934047,0.02611844055,0.01602330245,0.3853225112,0.4479797184,0.126395002,0.0772620365,0.006379168481,0.002380952472,0.001606036909,0.002380952472,0.002380952472,0,0,0,0,0.0008853941108,0.0351601541,0.01339169312,0.01282129437,0.01608979888,0.01291928347,0.01437229943,0,0,0.004515992478,0.01683810167,0,0,0,0.002380952472,0,0,0.002380952472,0.2100515217,0.05528677255,0.0195469968,0.01574518532,0.0337488763,0.02936564758,0.008474078029,0.00701798778,0.001984976931,0.0009296986391,0.001006358536,0.00123775762,0.002847041702,0.003724980867,0.002067779656,0.002068635542,0.003162777051,0.002021270106,0.002015521284,0.003940662835,0.002340318868,0.002069866285,0.004339919426,0.0003151880228,0.0008254526765,0.0376104638,0.001303744502,0.003262989456,0.1756675988,0.8417623043,0.001000739867,0.003362926887,0.02615476213,0.001938091824,0.003800598439,0.004050626885,0.004300373606,0.00240531913,0.004096841905,0.001006455161,0.04018718004,0.1875263155,0,0.09431966394,0.003977046348,0.05349233747,0.002287915675,0.002684534062,0.008154469542,0.006605891977,0.003644441254,0.00830956921,0.003814319381,0.00780845806,0.007458148059,0.01012680307,0.00356570771,0.005713010672,0.007547909394,0.005386844277,0.0002474847424,0,0.002380952239,0.0002454172354,0.001506509027,0.006203822326,0.0009453612729,0.004624111578,0.002554141916,0.003860788187,0.001783592743,0.001365210279,0.001126528252,0.002474376466,0.00389383873,0,0.0001582922705,0.0002704986255,0.0007609496242,0.002807839308,0,0.009828572161,0.004458719399,0.00229423889,0.0007509855786,0.007541083265,0.004680098034,0.002385355067,0.003105910728,0.005843909923,0.004761917982,0.002380952472,0.003513860516,0.01255288534,0.008247057907,0.001627924852,0.001182701322,0,0.005770959426,0.004984714556
87,0.01111770142,0.0001486375986,0.004962513689,0.01768131182,0.02937560156,0.009530945681,0.0002300997003,0.01945700124,0.01827426255,0.0002190713858,0.0009167587268,0.002513846382,0.2046409696,0.3224315941,0.001800256432,0.03057191521,0.002380952472,0,0.004761904944,0.001039144816,0,0,0,0,0,0,0.006475714501,0.001519962447,0.00834379904,0.01311297808,0.005174282938,0.003997280728,0.002380952472,0.002380952472,0.003765829839,0.007116416004,0,0,0,0,0,0,0,0.3405124843,0.0807569921,0.1094049513,0.0518726781,0.06232152507,0.09214033931,0.07143335044,0.0617252253,0.04766565561,0.002865805523,0.001092306687,0.01088368054,0.02194950916,0.004413163755,0.008058990352,0.003411755897,0.06619573385,0.008499662392,0.01003951393,0.05312991515,0.0301439818,0.005562094972,0.006174092181,0.04386210069,0.009523577988,0.0149373319,0.007665004116,0.001808146946,0.0008831509622,0.8684113622,0.01908378676,0.04972030222,0.0002207364596,0.001914209337,0.001406483934,0.01870314404,0.02533648536,0.0008023048285,0.04732133448,0.05530974269,0.3243938684,0.8902719617,0.09431966394,0,0.0001087969868,0.0004907569382,0.0003118723107,0.002160836477,0.03808159381,0.02671399713,0.00699174311,0.009776974097,0.01019607764,0.00928277988,0.0157891158,0.01693650335,0.01364414673,0.02145898715,0.02804743312,0.01427605096,0,0.001936812652,0.002380952472,0.01049910858,0.01368672866,0.0083495453,0.002380952239,0.02933101542,0,0.03171641752,0.02220090479,0,0.006253173575,0.01318669412,0.007892425172,0,0,0.0005942459684,0.002312458819,0.002499307739,0.0001131458412,0.01074690372,0.01676297002,0.008965422399,0,0.02744972333,0.01197266299,0.02037660219,0.007142857648,0,0.00949296914,0.0004713131639,0.000100105739,9.177772154e-05,0.0002078919206,0.000259229826,0.001673350227,0,0.008195092902,0.01946263015
88,1.043131851e-05,0,0.0004728052882,0.0005400726222,0.001300144009,0.007142857648,0.0008665639907,0.001426214003,0.0005648974329,5.906074875e-06,0.0001005378581,0.0001024582889,0.1617553085,0.265740782,0.009797199629,0.001512025017,0,0,0,0,0,0,0,0,0,0,0.0001019898045,0,0.002380952239,0.0030962124,0,0,0,0,0,0,0,0,0,0,0,0,0,0.1792454571,0.07227093726,0.01207643189,0.02498250268,0.04427122697,0.03304775804,0.01666807011,0.0161075592,0.00130153005,2.770277206e-05,3.03441102e-05,0.0003499035083,0,0.0001701291039,0,9.930252418e-06,0.003031725762,0.0001023004152,2.513376603e-05,0.002859072294,0.0001791022951,9.515716556e-06,1.842916936e-05,0.001166608068,8.96526908e-05,0.000179738985,0,6.182343895e-06,0.001927844365,0.6680582166,0.0001710148208,0.001281695557,1.872333814e-05,3.5545022e-06,1.104021339e-05,7.222730346e-05,0.0009747582371,7.475906841e-06,0.002026203554,0.001617249916,0.0429722406,0.5422489047,0.003977046348,0.0001087969868,0,8.592194354e-05,2.995078148e-06,1.376471937e-05,0.006849291269,0.000379838486,0.000774245942,0.002380952472,0,0.002380952239,0,0.001397375017,0,0,0.002380952472,0,0,0,0,0,0.000223239258,0.002380952239,0,0.001631874358,0,0.001798296347,0,0,0,0,0.0007345883059,0,0,0,0,0,0,0.000575545826,0,0.001532803057,0,0.001964976545,0.001480076811,0,0,0,0.0008477371885,0,0,1.598297968e-05,5.566104392e-06,0,0,0,0.0005571160582,0.001707240706
89,2.993247108e-05,0,7.815271601e-06,0,0.00141344266,0,0,0,0.001343928277,4.298024123e-06,9.087136277e-05,0.0001737457205,0.2664965689,0.1462443322,9.971288819e-06,0.00346641941,0,0,0,0,0.0008305810625,0,0,0,0,0,0.0007464408409,0,0,0.003779971274,0,0.002380952472,0,0,0.001442649285,0.0009606776875,0,0,0,0,0,0,0,0.2655375004,0.07407891005,0.1004816219,0.05151780322,0.04891985655,0.003720234148,0.03313725069,0.03242976591,0.01949369162,0.0008803206729,0.0003153498401,0.004761904944,0.006407344714,0,0.002380952472,0.0004864337679,0.04063111916,0.002380952472,0.0002679687168,0.01984156482,0.00150465488,0.002469305182,0.0004760799929,0.02631112747,0.002219918417,0.02947372384,4.352566975e-05,0,0.0001837255986,0.8979914784,0.01317647472,0.03012258559,1.176846945e-05,6.231766747e-05,6.182290963e-05,0.001273577218,2.720078737e-05,0,0.0004325202608,0.03903513029,0.2895835042,0.8410435319,0.05349233747,0.0004907569382,8.592194354e-05,0,6.694348826e-07,0.0005414679181,5.012810652e-05,8.885793068e-05,0,0.001609897241,0,0.001434723847,0,0.0009635144379,0,0.00197802973,0.002611745615,0,0,0,0,0.002380952472,0,0,0,0.0005127991317,0,0.001864497084,0.002380182268,0,0,0.003928640857,0.0003579045588,0,0,0,0,0,0,0.0005328500993,0.002380952472,0.002380952472,5.361453077e-06,0.001039401395,5.423647963e-05,0.002033786848,0,0,0.004761904944,0,0,0,0,0,0,0,0,2.281022353e-05
90,0,0,7.116826964e-06,0,0,0.003640289651,0.0002943043364,0.0001719063584,3.306368308e-05,1.004635124e-06,3.032990389e-05,1.69687828e-05,0.0938667506,0.1446740031,0.0008728448884,9.929181397e-05,0,0,0,0,0,0,0,0,0,0,7.630491018e-05,0.0005193203688,0,0,0,0,0,0,0,0,0,0,0,0,0,0,0,0.2277085483,0.04413099959,0.004906518385,0.01111379545,0.02153526805,0.0005457348889,0.00633874489,0.003875035094,0.0005279259058,7.109725993e-05,0,0,0,0,4.04007078e-05,5.34397941e-06,0.0006341716507,0.0003465456539,0,0.0007391956751,0.000114829556,1.662912723e-06,4.903434728e-06,0.0006335768849,1.484077529e-05,0.0001791124232,0,0,0.0002362070954,0.6940894723,0.0001700098364,0.0002492373751,5.486311693e-06,6.94275343e-07,3.915709215e-07,1.350581988e-05,6.10188772e-06,0,8.576666733e-05,0.0008890659083,0.03647885099,0.4940179884,0.002287915675,0.0003118723107,2.995078148e-06,6.694348826e-07,0,0,6.215807662e-05,1.353938478e-05,0,0,0,0,0,0,0,0.0001748253853,0,7.3846124e-05,0,0,0,0,0,0,0,0.0001727111667,0,0,0,0,0,0,2.191327621e-05,0,0,0,0,0,0,0.001074097934,0,0,0,0,5.432726175e-05,0,0,0,0.0002064127766,0,0,0,0,0,0,0,0,0
91,0,0,4.982334758e-06,3.491045572e-05,0,0.00114497426,0.001135243336,0.0001122593894,9.781176777e-05,1.250688683e-06,0.0001079249487,3.028913306e-05,0.0844720751,0.1883909404,0.01229905523,0.0004587283765,0,0,0,0,0,0,0,0,0,0,0,0,0.0001565309067,0,0.0001013548026,0.0002792889718,0,0.002380952472,0.0002334857563,0,0,0,0,0,0,0,0,0.1061264277,0.04301991686,0.001178521314,0.02205486409,0.02655784413,0.01176873874,0.001469147741,0.001132158679,0.001452272176,0.0001814832649,3.369727892e-06,0,2.366094304e-05,0,0,4.192268534e-05,0.0003328429884,0,7.096321497e-06,0.0003124448995,0,2.574010296e-06,4.424825875e-07,0.001569980173,0.0001680971036,0.0001966233976,0,0,0.007502245251,0.5959151983,0.0002146650513,6.258241046e-05,8.421989332e-05,0,0,1.370818495e-06,0,0,0.0002547448385,0.000486713252,0.02869649231,0.4503775537,0.002684534062,0.002160836477,1.376471937e-05,0.0005414679181,0,0,0.002116245916,6.280146044e-05,0,0,0,0,0,0,0,0,0,0,0,0,0,0,0,0,0,0,0,5.890160173e-05,0,0,0,0,0,0,0,0,0,0,0,0,0,0,0,0,0,0,0,0,0,0,0,0,0,0,0,0,0.0003041426826,0
92,7.360389282e-05,0,0.0007775122067,0.003737312742,0.0002197127033,0.002607458737,0,0.001509712427,0.005526617635,0.0007537589991,0.006341305096,0.007139324676,0.3175469637,0.3983635902,0.01324085984,0.006466502324,0,0,0,0,0,0,0,0,0,0,0.001732179429,0,0.0007102187374,0,0,0.001079009497,0,0,0,0.0004816445871,0,0,0,0,0,0,0,0.246781826,0.005839232821,0.01340823434,0.001337035093,0.0005997119006,9.984530334e-05,0.0006897294079,9.055940609e-05,0.002176945796,0.005067649763,0.01115005277,0.006486484781,0.007142857648,0.0003259122896,0.003505315166,0.0001308521896,0.01218182035,0.004761904944,0.007675065659,0.0001728449279,0.0004803366028,0.004631770775,0.001986239571,0.00567520503,0.00433422951,0.01039559208,0,2.082428182e-05,0.01323992014,0.9578341842,0.00773131242,0.003519158578,0.005392612424,0.002290030941,0.0007573234034,0.01991683058,3.405033794e-06,8.463843187e-06,1.930851249e-05,0.02323082462,0.1293650866,0.4284854233,0.008154469542,0.03808159381,0.006849291269,5.012810652e-05,6.215807662e-05,0.002116245916,0,4.301506578e-06,0,0,0.0001258327247,2.290554221e-05,1.425799019e-05,4.789760715e-05,3.544585707e-05,1.769500159e-05,2.823222167e-05,0,0,0,0,0,0,0.0001583178237,0,2.83061654e-05,0,8.624874317e-05,0,0,0,0.003524258267,0.0001893830486,0,0,0,0,0,0,0.0003248593712,0.0001431906276,0.0009728419827,0,3.638675116e-05,0,0,0.0002622807515,0,0.0001236459211,0,0,6.043617759e-05,0.001722045941,0,0,0,0,2.758856681e-05
93,7.727130651e-06,0,2.891200347e-05,0.0001066007171,0.0001490169088,0,0,0.0001858497708,0.001319666742,3.743918205e-05,0.001919318223,0.002652557567,0.2610357404,0.2280063778,0.004680257291,0.001587763778,0,0,0,0,0,0,0,0,0,0,0.0003108953242,0,0,0.0003141689231,0,0,0,0,0,0.0001224715525,0,0,0,0,0,0,0,0.2553667724,0.01758794114,0.0148558272,0.01100473478,0.006832170766,0.0002083289,0.003939583898,0.0009829616174,0.001627542661,0,0,0,0.004761904944,0.000610240153,0.0001244088635,9.744912859e-06,0.003869856941,0,0.0003403833834,0.0001872725843,3.111984915e-05,0.001539947116,0.000153933579,0.001972521422,0.001613109373,0.005961682182,0,1.077420393e-06,0.003059772542,0.9178435206,0.0003817995894,0.001220722101,0.001173558878,0,0.0004485314712,0.005469331518,0,0,4.217035894e-06,0.006482184865,0.09857513011,0.4161751568,0.006605891977,0.02671399713,0.000379838486,8.885793068e-05,1.353938478e-05,6.280146044e-05,4.301506578e-06,0,0,0,0.0001986433053,0,0,9.686345584e-05,0,0,9.846305329e-05,0,0,0,0,0,3.711838872e-05,7.849917893e-05,0,2.611083255e-05,0.0003868409258,1.159201747e-05,7.219457984e-06,0,0,0,0,0,0,0,0,0,0,0.0002382598614,1.127469204e-05,3.136911255e-05,0,7.192836165e-06,4.119534424e-06,2.377687997e-05,0,0,0,0,0,0,0,0,0,0,0,2.162532382e-06
94,0,0,4.730306318e-05,0,0,0,0,3.034307156e-05,0.002167299856,0,0.004654142074,0.0008160376456,0.05155660212,0.1125698686,0.002380952472,0.001478702179,0,0,0,0,0,0,0,0,0,0,0,0,0,0,0.001205009175,0,0,0,0,0,0,0,0,0,0,0,0,0.27020064,0.001693255152,0.004059227649,0.0005576175172,0.0005710792029,6.631769793e-05,0.0001824080537,6.400611164e-05,0.002774485154,0,0,0,0,0,0,0,0.003807953093,0,0.001861317316,0.0003462175082,0,0.001273778267,0.002380952472,0.003303088481,0,0.01285603084,0,0,0.001688475604,0.812120378,0.0007146417629,0.003074528649,0,0,0,0.000493102707,0,0,0,0.005583287217,0.1144772619,0.4136660397,0.003644441254,0.00699174311,0.000774245942,0,0,0,0,0,0,0,0,0,0,8.123367934e-07,0,0,0,0,0,0,0,0,0,0,0,0,0,0,0,0,0,0,0,0,0,0,0,0,0,0,0,0,0,0,0,0,0,0,0,0,0,0,0,0,0,0,0,0
95,0,0,1.773456233e-06,0,0,0,0,3.995664883e-06,0.001914691296,0,0.002480363706,0.0001884024532,0.05441718176,0.06972496957,0.0003219209611,0.0002799067297,0,0,0,0,0,0,0,0,0,0,0.001012034132,0,0,0,0,0,0,0,0,0,0,0,0,0,0,0,0,0.2552219033,0.001823248109,0.006009515375,0.0002055682999,0.0001972146711,9.697877977e-05,6.284449046e-05,1.371462349e-05,0.002566856798,0,0,0,0,0,0,0,0.0002531486971,0,0,0,3.200534411e-05,0,0,0.000997081399,0,0.005337444134,0,0,0.007079527248,0.7951028347,0,0.0005477129598,0.0001976732747,0,0,0,0,0,1.349984086e-05,0,0.09880957007,0.4102091193,0.00830956921,0.009776974097,0.002380952472,0.001609897241,0,0,0,0,0,0,0,0,0,0,0,0,0,0,0,0,0,0,0,0,0,0,0,0,0,0,0,0,0,0,0,0,0,0,0,0,0,0,0,0,0,0,0,0,0,0,0,0,0,0,0,0,0,0
96,0,0,0,0,0,0,0,4.627876842e-05,0.001923670061,0,0.006188814994,0.00326904445,0.05984140188,0.04928297177,0.0007780418382,0.004689009394,0,0,0,0,0,0,0,0,0,0,0.002380952472,0,0,0,0,0,0,0,0,0,0,0,0,0,0,0,0,0.2780052722,0.001288402709,0.003697777167,6.344230496e-05,0.0002716151939,2.042114102e-05,0.001463709865,0,0.002777212998,0,0,0,0,0,0,0,0.003881095909,0,0,0.0001579833042,0,0,0,0,0,0.01199287549,0,0,0.002380952239,0.8282731175,0,0.002380952472,0,0,0,0,0,0,0,0.002380952472,0.1088582799,0.3596038818,0.003814319381,0.01019607764,0,0,0,0,0.0001258327247,0.0001986433053,0,0,0,0,0,0,0,0,0,0,0,0,0,0,0,0,0,0,0,0,0,0,0,0,0,0,0,0,0,0,0,0,0,0,0,0,0,0,0,0,0,0,0,0,0,0,0,0,0,0
97,0,0,0,0.0001021212811,0,0,0,0,0.002834068611,0.001014057663,0.002504572505,0.00392675912,0.05483342335,0.0838188082,0.004083677195,0.001724791829,0,0,0,0,0,0,0,0,0,0,0,0,0.0006330671022,0,0,0,0,0,0,0,0,0,0,0,0,0,0,0.2199481726,0.002328057541,0.0001293445966,4.650578194e-05,8.883103146e-05,7.315492985e-05,4.627590897e-06,1.881281491e-06,0.004507383797,0,0,0,0,0,0,0,0.001148819923,0,0,0,0,0,0,0.004604242742,0,0.01145720202,0,0,0.006359700579,0.7926508784,0.002380952472,0.0004415373842,0.004800956231,0,0,0,0,0,6.026323535e-05,0.002380952239,0.1185143888,0.4407984912,0.00780845806,0.00928277988,0.002380952239,0.001434723847,0,0,2.290554221e-05,0,0,0,0,0,0,0,0,0,0,0,0,0,0,0,0,0,0,0,0,0,0,0,0,0,0,0,0,0,0,0,0,0,0,0,0,0,0,0,0,0,0,0,0,0,0,0,0,0,0,0
98,0,0,6.422737897e-06,0,0,4.036644896e-05,0,0,0.002740485128,0.0009683402022,0.004288680851,0.004360109102,0.06042432413,0.09072699398,0.007142857648,0.00177709281,0,0,0,0,0,0,0,0,0,0,0.002380952472,0,0,0,0,0,0,0,0,0,0,0,0,0,0,0,0,0.2409223169,0.000923648302,0.0012606245,4.094657561e-05,3.207723785e-05,0.000107887834,4.17816409e-05,0,0.001929457183,0,0,0,0,0,0,0,0.0006314822822,0,0,1.94316508e-05,0.0002662811312,0,0,0.001230425085,0,0.01144426037,0,0,0.01593339629,0.8153125048,0.0001486341353,0.0001834651193,0.006370644551,0,0,0,0,0,0,0.004193141591,0.1088338718,0.4751219153,0.007458148059,0.0157891158,0,0,0,0,1.425799019e-05,0,0,0,0,0,0,0,0,0,0,0,0,0,0,0,0,4.006984e-06,0,0,0,0,0,0,0,0,0,0,0,0,0,0,0,0,0,0,0,0,0,0,0,0,0,0,0,0,0,0,0,0,0,0
99,0,0,2.131298061e-05,0,3.493250233e-06,0,0,2.457073606e-05,0.001581725082,0.003015022725,0.004972325638,0.003410098841,0.05674958229,0.1747960448,0.002903749933,0.004046820104,0,0,0,0,0,0,0,0,0,0,0,0,0,0.002380952472,0,0,0,0,0,0,0,0,0,0,0,0,0,0.272100836,0.001106214826,0.002594459802,0.0002332665754,0.0001235081436,7.445489609e-05,2.547371332e-05,3.087313962e-05,0.003775837831,0,0,0,0,0,0.001551062218,0,0.001104339142,0,0,3.448037387e-05,9.558704915e-05,0,0.002380952239,0.007313916925,0.006003803574,0.01381534152,0,0,0.008356915787,0.8794850707,0.004966027103,0.00331006851,0.003729965072,0,0.0006253556348,0.001282093232,0.0001761253516,0,0,0.01135731023,0.1315284967,0.4824028909,0.01012680307,0.01693650335,0.001397375017,0.0009635144379,0,0,4.789760715e-05,9.686345584e-05,8.123367934e-07,0,0,0,0,0,0,0,0,0,0,0,0,0,0,0,0,0,0,0,0,0,0,0,0,0,0,0,0,0,2.644838969e-05,0,0,0,0,0,0,0,0,0,0,0,0,0,0,0,0,0,0,0
100,0,0,0,0,0,0,0,0,0.003619942348,0,0.001281189849,0.0008426518179,0.05428485572,0.04727711529,0.001213403069,0.000981536461,0,0,0,0,0,0,0,0,0,0,0,0,0,0,0,0,0,0,0,0,0,0,0,0,0,0,0,0.1629166603,0.001287248218,0.0028068393,0.0001427505631,0.0001962276001,6.717747601e-05,0.0002192152897,5.672967291e-06,0.0008130485658,0,0,0,0,0,0,0,0.0009895750554,0,0,6.234876491e-05,0,0,0,0.0005982670118,0,0.01252585556,0,0,0,0.6318430901,0.002380952472,9.839196537e-06,0,0,0,0,0,0,0,0.0002428293083,0.06601979584,0.3019687533,0.00356570771,0.01364414673,0,0,0,0,3.544585707e-05,0,0,0,0,0,0,0,0,0,0,0,0,0,0,0,0,0,0,0,0,0,0,0,0,0,0,0,0,0,0,0,0,0,0,0,0,0,0,0,0,0,0,0,0,0,0,0,0,0,0,0
101,0,0,8.092782991e-06,0,0,6.700360245e-05,0,8.114182492e-06,0.001823528437,0.0002498744579,0.003089110134,0.00307323318,0.06024346873,0.1170833632,0.005908934865,0.00340076955,0,0,0,0,0,0,0,0,0,0.001327486942,0,0,0,0,0,0,0,0,0,0.0008673598641,0,0,0,0,0,0,0,0.2146788538,0.00165126333,0.001167515409,8.923347195e-05,0.0001922932861,5.470786709e-05,1.868443542e-05,5.468262316e-06,0.001661596354,0,0,0,0,0,0,0,0.002468280727,0,0,1.622217496e-05,0,0,0,0.005411880556,0.001509896829,0.009822484106,0,0,0.01620358601,0.80847615,0.00417773705,0.0008663523477,0.002337291371,0,0,0,0,0,8.292495295e-06,0.004785486963,0.1116576269,0.4726707339,0.005713010672,0.02145898715,0,0.00197802973,0.0001748253853,0,1.769500159e-05,0,0,0,0,0,0,0,0,0,0,0,0,0,0,0,0,0,0,0,0,0,0,0,0,0,0,0,0,0,0,0,0,0,0,0,0,0,0,0,0,0,0,0,0,0,0,0,0,0,0,0
102,0,0,1.669567246e-05,0.0002533102816,0,0,0.001149532269,1.998357584e-05,0.002323287539,0.005016402807,0.00386958709,0.004713358358,0.06647806615,0.1544176787,0.008970006369,0.003284463659,0,0,0,0,0,0,0,0,0,0,0.0003952178231,0,0,0,0,0,0,0,0,0,0,0,0,0,0,0,0,0.2379020452,0.0009720728267,0.001735965139,0.0001055576722,9.742107795e-05,4.025894305e-05,8.651215467e-05,9.944770682e-06,0.001942408853,0,0,0,0,0,0,0,0.003706634277,0,0,4.101625382e-05,0,0,0,0.002193978988,0.0009334287606,0.01374866813,0,0,0.02238266356,0.8311089277,0.003433414036,0.0002842118265,0.0102950111,0.002380952472,0,0.002380952472,8.825312398e-05,0,2.75644943e-05,0.003867336782,0.1134577468,0.4950336516,0.007547909394,0.02804743312,0.002380952472,0.002611745615,0,0,2.823222167e-05,9.846305329e-05,0,0,0,0,0,0,0,0,0,0,0,0,0,0,0,0,0,0,0,0,0,0,0,0,0,0,0,0,0,0,0.0001211340787,1.097897621e-05,0,0,0,0,0,0,0,0,0,0,4.407169035e-05,0.0006497551803,0,0,0,0,0,0
103,0,0,9.940514246e-06,0,0,0,0,0.0001224156586,0.0005470238975,0,0.0006421439466,0.0006786164595,0.03980138525,0.05381661654,0.002380952472,0.00183707953,0,0,0,0,0,0,0,0,0,0,0,0,0,0.001318993629,0,0,0,0,0,0,0,0,0,0,0,0,0,0.1424436569,0.01151209418,0.00135461567,0.002541831695,0.001658934401,0.0002054413781,0.0002030651958,8.608421194e-05,0.0005607222556,0,0,0,0,0,0,0,0.0009456456755,0,0,9.200761269e-06,0,0,0,0.0001003873767,2.544514609e-05,0.005800737999,2.253215462e-05,0,0.006780347787,0.7136056423,0.0004206856829,0.0001423166104,0,0,0,0,0,0,9.512543329e-06,0.0007062466466,0.08012600243,0.3481866121,0.005386844277,0.01427605096,0,0,7.3846124e-05,0,0,0,0,0,0,0,0,0,0,0,0,0,0,0,0,0,0,0,0,0,0,0,0,0,0,0,0,0,0,0,0,0,0,0,0,0,0,0,0,0,0,0,0,0,0,0,0,0,0,0,0,0
104,0,0,0,0,0,0,0,0,0.0006272306782,0,0.0001509720605,0,0.01943513937,0.01014356222,0,0.002607349074,0,0,0,0,0,0,0,0,0,0,0,0,0,0,0,0,0,0,0,0,0,0,0,0,0,0,0,0.03589711711,0.00492458092,0.002380952472,0.001034258865,0,0,0,0,0.0005424798583,0,0,0,0,0,0,0,0,0,0,0,0,0,0,0.0003766512673,0,0.00510723656,0,0,0.002380952472,0.2975149453,0,0,0,0,0,0,0,0,0,0.002380952472,0.04869415238,0.2041089833,0.0002474847424,0,0,0,0,0,0,0,0,0,0,0,0,0,0,0,0,0,0,0,0,0,0,0,0,0,0,0,0,0,0,0,0,0,0,0,0,0,0,0,0,0,0,0,0,0,0,0,0,0,0,0,0,0,0,0,0,0
105,0,0,0,0,0,0,0,0,0.0002254155261,0,0.0002105135936,0,0.02520618029,0.02214360982,0,6.674799806e-05,0,0,0,0,0,0,0,0,0,0,0,0,0,0,0,0,0,0,0,0,0,0,0,0,0,0,0,0.03407278284,0.004761904478,0.001212324365,0,0,0,0,0,3.394324449e-05,0,0,0,0,0,0,0,0,0,0,0,0,0,0,0,0,0.0002986777108,0,0,0,0.2640275955,0,0,0,0,0,0,0,0,0,0,0.009988578968,0.1457632482,0,0.001936812652,0,0,0,0,0,0,0,0,0,0,0,0,0,0,0,0,0,0,0,0,0,0,0,0,0,0,0,0,0,0,0,0,0,0,0,0,0,0,0,0,0,0,0,0,0,0,0,0,0,0,0,0,0,0,0,0
106,0,0,0,0,0,0,0,0,3.267879219e-05,0,0,0.0005307365209,0.01616607979,0.002380952472,0,0.0003945769568,0,0,0,0,0,0,0,0,0,0,0,0,0,0,0,0,0,0,0,0,0,0,0,0,0,0,0,0.03846041858,0.002380952472,0.000706206949,0,0,0,0,0,0,0,0,0,0,0,0,0,0,0,0,0,0,0,0,0,0,0,0,0,0,0.2806885839,0,0,0,0,0,0,0,0,0,0,0.01728668995,0.1489866376,0.002380952239,0.002380952472,0,0,0,0,0,0,0,0,0,0,0,0,0,0,0,0,0,0,0,0,0,0,0,0,0,0,0,0,0,0,0,0,0,0,0,0,0,0,0,0,0,0,0,0,0,0,0,0,0,0,0,0,0,0,0,0
107,0,0,0,0,0,7.299301797e-05,0,0,4.979846926e-05,0,0.0001641717536,0,0.023299044,0.02429850399,0,0.0001741494198,0,0,0,0,0,0,0,0,0,0,0,0,0,0,0,0,0,0,0,0,0,0,0,0,0,0,0,0.09946606308,0.002380952472,0.0007259575068,0.0003896015405,0,0.002380952472,0,0,0.0001655287197,0,0,0,0,0,0,0,0,0,0,5.547282126e-05,0,0,0,0.0004762298195,0,0.001398151508,0,0,0.002380952472,0.4142228663,0.0001441498607,0,0,0,0,0,0,0,3.323881174e-05,0,0.04024331272,0.2226461917,0.0002454172354,0.01049910858,0,0.002380952472,0,0,0,0,0,0,0,0,0,0,0,0,0,0,0,0,0,0,0,0,0,0,0,0,0,0,0,0,0,0,0,0,0,0,0,0,0,0,0,0,0,0,0,0,0,0,0,0,0,0,0,0,0,0
108,0,0,0,0,0,0.0001643905271,0,0,0.0001307751372,5.432072157e-06,0.0003164515947,1.143207737e-05,0.03875505552,0.0702945292,0.004761904944,0.0003141003544,0,0,0,0,0,0,0,0,0,0,0,0,0,0,0,0,0,0,0,0,0,0,0,0,0,0,0,0.1457093954,0.01904338412,0.003864466678,0.0160201285,0.011697012,0.003022540826,0.003575375071,0.00332777109,0.00030299832,1.534295734e-05,0,0,0,0,0,0,0.0003392221406,0,0,0.0001673030201,0,3.171072876e-06,0,0.0007519078208,2.558536607e-06,0.001253193826,0,0,0.01010392513,0.6714178324,0.0001214112854,0.0005489571486,0.001460305881,0,0.000136064642,0,1.448823355e-06,0,2.098993536e-05,0.003154644277,0.0473038815,0.2922738194,0.001506509027,0.01368672866,0.000223239258,0,0,0,0,3.711838872e-05,0,0,0,0,0,0,0,0,0,0,0,0,0,0,0,0,0,0,0,0,0,0,0,0,0,0,0,0,0,0,0,0,0,0,0,0,0,0,0,0,0,0,0,0,0,0,0,0,0,0
109,0,0,0,0.0001960380905,0,0.0001489002316,0,4.065556368e-06,0.001291877474,0,0.001269118045,0.000641789462,0.04952608421,0.05960362405,0.006486127153,0.001800704747,0,0,0,0,0,0,0,0,0,0,0,0,0,0,0,0,0,0,0,0,0,0,0,0,0,0,0,0.1767226458,0.007286509499,0.006045506336,0.0001126455172,5.835923002e-05,5.418287765e-05,0.001188440132,6.01724023e-05,0.00136089907,0,0,0,0,0,0,0,0.001506996923,0,0,1.492990395e-05,0.000116867559,0,0.0003619247873,0.004087801557,0.002380952472,0.008994009346,0,0,0.005832231604,0.686188519,0.0002283620852,0.0001801081817,0.004226647783,0,0,0,0,0,0,0.004752695095,0.07980561256,0.4128322601,0.006203822326,0.0083495453,0.002380952239,0,0,0,0.0001583178237,7.849917893e-05,0,0,0,0,4.006984e-06,0,0,0,0,0,0,0,0,0,0,0,0,0,0,0,0,0,0,0,0,0,0,0,0,0,0,1.626765311e-06,0,0,0,0,0,0,0,0,0,0,0,0.0007848405512,0,0,0,0,0,0
110,0,0,0,0,0,0,0,0,0.0001610345353,0,7.432687562e-05,0.0002161760785,0.02235897258,0.0142857153,0,0,0,0,0,0,0,0,0,0,0,0,0,0,0,0,0,0,0,0,0,0,0,0,0,0,0,0,0,0.0199720189,0,0.0006258927751,0,0.004761904944,0,0,0.002380952472,0.002380952239,0,0,0,0,0,0,0,0,0,0,0,0,0,0,0,0,0.0003886886407,0,0,0.002380952472,0.2199405283,0,0,0,0,0,0,0,0,0,0,0.02299260907,0.1317248642,0.0009453612729,0.002380952239,0,0,0,0,0,0,0,0,0,0,0,0,0,0,0,0,0,0,0,0,0,0,0,0,0,0,0,0,0,0,0,0,0,0,0,0,0,0,0,0,0,0,0,0,0,0,0,0,0,0,0,0,0,0,0,0
111,0,0,1.997539403e-05,4.978285688e-06,5.938000413e-06,0.000178704242,0,1.06168236e-05,0.001166078378,0.0002949220652,0.001671192236,0.0007029136177,0.03417623788,0.1001628935,0.0120274229,0.001162393484,0,0,0,0,0,0,0,0,0,0,0,0,0.0003020026197,0,0.0002396565396,0,0,0.0007058263873,0,0,0,0,0,0,0,0,0,0.1707759351,0.01014930476,0.005202637985,0.0009246370173,0.001031748718,0.0004544747644,0.0005449947785,8.061486733e-05,0.001034892164,0.0003382719005,0,0.0002739524352,0,9.17795187e-05,2.624651825e-05,2.557051084e-05,0.005053314846,0,1.527465975e-05,2.022168337e-05,8.259000424e-06,0.0002764491946,0,0.002498695161,0.0004724733299,0.007450374309,0,0,0.03418034688,0.7714808583,0.0004864415387,0.001254640636,0.008692532778,0,0,0,2.715935443e-05,0,1.011487439e-05,0.004767414648,0.09254000336,0.4263894856,0.004624111578,0.02933101542,0.001631874358,0.0005127991317,0.0001727111667,0,2.83061654e-05,2.611083255e-05,0,0,0,0,0,0,0,0,0,0,0,0,0,0,0,0,0,0,0,0,0,0,0,0,0,0,0,0,0,0,0,0,0,1.482194847e-07,0,1.657413009e-06,0,0,0,0,0,0,0,0,0,0,0,0,0,0
112,0,0,0,0,0,0,0,0,0.0006724860868,0,6.466334889e-05,0,0.005193052813,0.007142857648,0,0.0007263252628,0,0,0,0,0,0,0,0,0,0,0,0,0,0,0,0,0,0,0,0,0,0,0,0,0,0,0,0.01814971119,0,0.002380952472,0.002380952472,0.002380952472,0,0,0.0003764809517,0.0005055282381,0,0,0,0,0,0,0,0.002380952472,0,0,0,0,0,0,0,0,0.002028513001,0,0,0,0.1723312289,0,0.0002403025137,0,0,0,0,0,0,0,0.0002337903425,0.02525703609,0.113602519,0.002554141916,0,0,0,0,0,0,0.0003868409258,0,0,0,0,0,0,0,0,0,0,0,0,0,0,0,0,0,0,0,0,0,0,0,0,0,0,0,0,0,0,0,0,0,0,0,0,0,0,0,0,0,0,0,0,0,0,0,0,0,0
113,0,0,3.988143726e-05,0,0,0,0,1.763273576e-05,0.0007188860327,0.0006450059591,0.0011407563,0.0004883363144,0.0300386548,0.08324979246,0.006883560214,0.001170379343,0,0,0,0,0,0,0,0,0,0,0,0,0,0,0,0,0,0,0,0.001163545297,0,0,0,0,0,0,0,0.1744448543,0.03468748927,0.006865401752,0.00551144965,0.01109157596,0.00112950115,0.002165426267,0.001167793525,0.0009946440114,0,0,8.481725672e-05,0.0001002168574,0,0,2.577223768e-06,0.003486030968,0,2.285322807e-05,7.252547221e-05,2.780923751e-06,0,0,0.001425144845,3.021393786e-05,0.005703551229,0,0,0.01620208845,0.7739861012,9.744099953e-05,0.0005096375244,0.006470295135,0,0.0009130711551,0,3.011949502e-06,0,1.408001572e-05,0.00254742289,0.07485046983,0.3654327393,0.003860788187,0.03171641752,0.001798296347,0.001864497084,0,5.890160173e-05,8.624874317e-05,1.159201747e-05,0,0,0,0,0,0,0,0,0,0,0,0,0,0,0,0,0,0,0,0,0,0,0,0,0,0,0,0,0,0,0,9.970879182e-05,0,0,0,0,0,0,0,0,0,0,0,4.654444274e-05,0,0,0,0,2.819939073e-05,0
114,9.398618772e-07,0,1.582413006e-06,7.044120593e-06,0,0,0,0,0.0006968059461,0.0005142372684,0.0008408481372,7.421646296e-05,0.04031247646,0.09158413857,0.004041576758,0.0007157369982,0,0,0,0,0,0,0,0,0,0,0.0001971169986,0,0,0,0,0,0,0,0,0,0,0,0,0,0,0,0,0.143146798,0.04082975537,0.007889948785,0.007545074914,0.01470397133,0.007172049955,0.00474720588,0.001344375196,0.0005815571058,0,0,0,0.0001882009965,0,0,0,0.002330704825,0,0,0.000143858415,1.437483115e-05,0,0,0.0003030751832,0.0001269355998,0.004988617729,0,0,0.0161990691,0.7623549104,0.0001291811204,0.0005406542332,0.008201862685,0,0,0,0,0,2.17404795e-05,0.003976488486,0.05902926251,0.316041857,0.001783592743,0.02220090479,0,0.002380182268,0,0,0,7.219457984e-06,0,0,0,0,0,0,0,0,0,0,0,0,0,0,0,0,0,0,0,0,0,0,0,0,0,0,0,0,0,0,0,3.175514939e-05,0,0,0,0,0,0,0,0,0,0,0,0,0,0,0,0,0,0
115,0,0,0,0,0,0,0,0,6.41275692e-05,0,0,0,0.03485288844,0.01636482403,0,0.0005255092983,0,0,0,0,0,0,0,0,0,0,0,0,0,0,0,0,0,0,0,0,0,0,0,0,0,0,0,0.07262423635,0,0.002977615921,0,0,0.0008316346793,0,0,5.796780169e-05,0,0,0,0,0,0,0,0,0,0,0,0,0,0,0,0,0.0001613912318,0,0,0,0.3971082866,0,0,0,0,0,0,0,0,0,0,0.02211814374,0.169547081,0.001365210279,0,0,0,0,0,0,0,0,0,0,0,0,0,0,0,0,0,0,0,0,0,0,0,0,0,0,0,0,0,0,0,0,0,0,0,0,0,0,0,0,0,0,0,0,0,0,0,0,0,0,0,0,0,0,0,0,0
116,0,0,0,0,0,0,0,0,8.076853555e-05,0,8.802037337e-05,6.760371616e-05,0.03525283188,0.05348888785,0.004761904944,0.0001045066747,0,0,0,0,0,0,0,0,0,0,0,0,0,0,0,0,0,0,0,0,0,0,0,0,0,0,0,0.1159044951,0.01495705545,0.0008635474951,0.0005253282143,0.002380952472,0.003154234728,0.001104103751,0.0009965207428,0.001108829165,0,0,0,0,0,0,0,0,0,0,0,0,0,0,0,0,0.0004826829827,0,0,0.003751841374,0.579317987,0,0,0.000206794386,0,0,0,0,0,0,2.862572364e-05,0.03436695039,0.3645603955,0.001126528252,0.006253173575,0,0,0,0,0,0,0,0,0,0,0,0,0,0,0,0,0,0,0,0,0,0,0,0,0,0,0,0,0,0,0,0,0,0,0,0,0,0,0,0,0,0,0,0,0,0,0,0,0,0,0,0,0,0,0,0
117,0,0,0,0,0,0,0,4.489125331e-06,0.0002837026841,0,0.0006953380653,0.0006039592554,0.02520081215,0.03473825753,0.002380952472,0.0004354909179,0,0,0,0,0,0,0,0,0,0,0,0,0,0,0,0,0,0,0,0,0,0,0,0,0,0,0,0.09135890007,0.01007056516,0.005868242122,0.003747711424,0.001876988215,0.00134256063,0.0009969070088,0.000159242918,0.0002656832221,0,0,0,0,0,0,0,0.0003459109575,0,0,5.066433005e-05,6.02034379e-06,0,0,0,0,0.002571963239,0,0,0.005259924103,0.5189497471,0,7.992175233e-05,0,0,0,0,0,0,3.613843364e-05,0.001794764656,0.05030747876,0.2415073663,0.002474376466,0.01318669412,0,0.003928640857,0,0,0.003524258267,0,0,0,0,0,0,0,0,0,0,0,0,0,0,0,0,0,0,0,0,0,0,0,0,0,0,0,0,0,0,0,0,0,0,0,0,0,0,0,0,0,0,0,0,0,0,0,0,0,0,0
118,0,0,0,3.108998862e-05,0,7.725881733e-05,0,0,0.000938148878,0,0.0006747970474,8.888790762e-05,0.03696757928,0.05080143735,0,0.0009831619682,0,0,0,0,0,0,0,0,0,0,0,0,0,0.0006215798785,0,0,0,0,0,0,0,0,0,0,0,0,0,0.1764271259,0.01165631227,0.001848685904,0.001041695359,0.001968787285,0.0005661912728,0.0002712120477,9.711959865e-05,0.00114508043,0.001153589459,0,0,0,0,0,0,0.002088259906,0,0,9.690908337e-05,0,0,0,0.0002240850736,0.000180112489,0.006800396834,0,0,0.0006716845091,0.7406049967,0,0.0001398040185,0.0001497819612,0,0,0,0,0,4.354563316e-06,0.0004361175233,0.07529405504,0.4171763659,0.00389383873,0.007892425172,0.0007345883059,0.0003579045588,2.191327621e-05,0,0.0001893830486,0,0,0,0,0,0,0,0,0,0,0,0,0,0,0,0,0,0,0,0,0,0,0,0,0,0,0,0,0,0,0,0,0,0,0,0,0,0,0,0,0,0,0,0,0,0,0,0,0,0,0
119,0,0,0,0,0,0,0,0,5.41910922e-05,0,8.823403732e-06,0,0.0320068337,0.01190476213,0,0.0001068487181,0,0,0,0,0,0,0,0,0,0,0,0,0,0,0,0,0,0,0,0,0,0,0,0,0,0,0,0.03209748864,0.002380952472,0,0,0,0,0,0,0,0,0,0,0,0,0,0,0.0005661974428,0,0,0,0,0,0,0,0,7.41981512e-06,0,0,0,0.2542086244,0,0,0,0,0,0,0,0,0,0,0.01412041672,0.09583096951,0,0,0,0,0,0,0,0,0,0,0,0,0,0,0,0,0,0,0,0,0,0,0,0,0,0,0,0,0,0,0,0,0,0,0,0,0,0,0,0,0,0,0,0,0,0,0,0,0,0,0,0,0,0,0,0,0,0
120,0,0,0,0,0,0,0,0,5.532135765e-05,0,8.476738003e-05,0,0.0256373845,0.01666666754,0,6.921992463e-05,0,0,0,0,0,0,0,0,0,0,0,0,0,0,0,0,0,0,0,0,0,0,0,0,0,0,0,0.08940387517,0.004761904944,0,0,0.002380952472,0,0,0,0.003828398418,0,0,0,0,0,0,0,0.0005834872718,0,0,0,0,0,0,0,0,0.0002340721112,0,0,0,0.364641726,0.0001936660992,0,0,0,0,0,0,0,0,0.0007792605902,0.02208040841,0.1827882975,0.0001582922705,0,0,0,0,0,0,0,0,0,0,0,0,0,0,0,0,0,0,0,0,0,0,0,0,0,0,0,0,0,0,0,0,0,0,0,0,0,0,0,0,0,0,0,0,0,0,0,0,0,0,0,0,0,0,0,0,0
121,0,0,0,0,0,0,0,0,4.12469708e-05,0,7.303821621e-05,0,0.03797958419,0.02877022512,0.0001196229132,2.557131847e-05,0,0,0,0,0,0,0,0,0,0,0,0,0,0,0,0,0,0,0,0,0,0,0,0,0,0,0,0.1501002461,0.004355915356,0.004035624675,0.002727219602,0,0,0.002380952472,0,0.0003564684594,0,0,0,0,0,0,0,0.002014142694,0,0,0.000115767667,0,0,0,0,0,0.0004232099454,0,0,0.0001999336528,0.5810787678,0,0,9.94876973e-06,0,0,0,0,0,0,0.000236366468,0.02940597944,0.3017933369,0.0002704986255,0.0005942459684,0,0,0,0,0,0,0,0,0,0,0,0,0,0,0,0,0,0,0,0,0,0,0,0,0,0,0,0,0,0,0,0,0,0,0,0,0,0,0,0,0,0,0,0,0,0,0,0,0,0,0,0,0,0,0,0
122,0,0,2.198535003e-05,0,0,0.002380952472,0,0,0.0005683467607,0,0.0004212980857,0.0003117571468,0.05720696971,0.03080142289,0,0.0004958406207,0,0,0,0,0,0,0,0,0,0,0,0,0,0,0,0,0,0,0,0,0,0,0,0,0,0,0,0.1337132454,0.004653700627,0.004180708434,0.01340545528,0,0.002502340358,0.0006709106383,0.002626752947,0.0006094429409,0,0,0,0,0,0,0,0.003485900583,0,5.354224777e-05,0.0003419884306,0,0,0,0.0006424300373,0.0001713597303,0.001874748967,0,0,0.003732460085,0.6226089001,8.129980415e-05,0.0004488390987,0,0,0,0,7.676254427e-06,0,2.75874645e-05,0,0.04861086234,0.2821604311,0.0007609496242,0.002312458819,0,0,0,0,0,0,0,0,0,0,0,0,0,0,0,0,0,0,0,0,0,0,0,0,0,0,0,0,0,0,0,0,0,0,0,0,0,0.0001839528413,0,0,0,0,0,0,0,0,0,0,0,0,0,0,0,0,0,0
123,0,0,9.505114349e-07,0,0,0,0,0,8.776807954e-05,2.086622089e-06,6.352416676e-05,3.935742643e-05,0.03912852332,0.1009759009,0.001764360815,0.0002431537287,0,0,0,0,0,0,0,0,0,0,0,0,0,0,0,0,0,0,0,0,0,0,0,0,0,0,0,0.1255681515,0.01555755269,0.001762626111,0,0.003235440701,0.0001303240424,0.001455455786,0,0.00238459371,0,0,0,0,0,0,0,0,0,0,0,0,0,0,0.001025984064,0,0.0003324563149,0,0,0.007033714559,0.5696238279,0,0,0,0,0,0,0,0,0,0.0001709785574,0.02682581358,0.4175840616,0.002807839308,0.002499307739,0,0,0,0,0,0,0,0,0,0,0,0,0,0,0,0,0,0,0,0,0,0,0,0,0,0,0,0,0,0,0,0,0,0,0,0,0,0,0,0,0,0,0,0,0,0,0,0,0,0,0,0,0,0,0,0
124,0,0,0,0,0,0,0,0,0.002832221566,0,0.0001296329428,0,0.03945798054,0.02315006405,0,0,0,0,0,0,0,0,0,0,0,0,0,0,0,0,0,0,0,0,0,0,0,0,0,0,0,0,0,0.08240675926,0.01038381178,0.02443926036,0.005065596662,0.01075753197,0.0004726737679,0.008584323339,0,0.003448004602,0,0,0.002380952472,0,0,0,0,0.004314158112,0,0,0.0005332272849,0,0.002380952472,0,0.009523809887,0.004761904944,0.03912308067,0,0,0.0003426771145,0.5467907786,0.002380952472,0.001000804361,4.87410216e-06,0,0.0004426433297,0,0,0,0,0.006173107307,0.1122207418,0.3953485191,0,0.0001131458412,0,0,0,0,0,0,0,0,0,0,0,2.644838969e-05,0,0,0.0001211340787,0,0,0,0,0,0,0,0,0,0,0,0,0,0,0,0,0,0,0,0,0,0,0,0,0,0,0,0,0,0,0,0,0,0,0,0,0,0,0,0,0
125,0,0,0,1.164079549e-05,1.141136295e-06,0,0,3.21217999e-06,0.001950737438,0,0.001063892851,0.0002198172151,0.0624323152,0.05396170914,0.0002245382057,0.0004761484161,0,0,0,0,0,0,0,0,0,0,0,0,0,0,0,0,0,0,0,0,0,0,0,0,0,0,0,0.2638069391,0.02358239517,0.0247358419,0.001222377759,0.004176509101,0.001222135616,0.004230400082,0.0003273067996,0.001133980229,0,0,0,0.002380952472,0.0001784827327,0.0007414768334,0,0.0159467198,0,0.0001388921082,0.0004919375642,0,0.0004681950959,0.0005514893564,0.004042717163,0.01088425331,0.01144577749,0,0.0004705788742,0.0008999088896,0.8302457929,0.0009362745332,0.007749467622,0.001511519542,0.004201551899,0.002793733496,0.005573024508,0,0,0.0002575064136,0.01131313667,0.1237420887,0.4472286105,0.009828572161,0.01074690372,0.000575545826,0.0005328500993,0.001074097934,0,0.0003248593712,0.0002382598614,0,0,0,0,0,0,0,0,1.097897621e-05,0,0,0,0,0,0,1.626765311e-06,0,0,0,9.970879182e-05,3.175514939e-05,0,0,0,0,0,0,0,0.0001839528413,0,0,0,0,0,0,2.432808469e-05,0,0,0,0,0,0,0,0,0,0,0,0,0,0
126,0,0,3.597840623e-05,0,0,0.000268081727,0,1.343148324e-05,0.001160253189,0,0.0009976845467,0.0003042408789,0.03858812526,0.0418125093,0.0008545509772,0.00208351668,0,0,0,0,0,0,0,0,0,0,0,0,0,0,0,0,0,0,0,0,0,0,0,0,0,0,0,0.1593461633,0.008804193698,0.01256652363,0.0006734092021,0.0009159639594,0.0003174834419,0,7.037844625e-05,0.0002487784659,0,0,0,0,0,0,0,0.0002732060966,0,0,3.314931746e-05,1.698379492e-05,0,0,0.003267238848,0.0007524330285,0.005824196618,0,0,0.005742260721,0.6884367466,0.0003015230468,0.0005218631704,0.001140077831,0.0009851498762,0,0,0,0,9.019010577e-06,0.001071259496,0.07507037371,0.3797240555,0.004458719399,0.01676297002,0,0.002380952472,0,0,0.0001431906276,1.127469204e-05,0,0,0,0,0,0,0,0,0,0,0,0,0,0,0,0,0,0,0,0,0,0,0,0,0,0,0,0,0,0,0,0,0,0,0,0,0,0,0,0,0,0,0,0,0,0,0,0,0,0
127,0,0,1.186555255e-05,0,0,0,0.00103557657,0,0.000781951996,0.0004116462951,0.0008674841956,0.0002508189064,0.03346177563,0.04135006294,0.002380952472,0.001099405694,0,0,0,0,0,0,0,0,0,0,0,0,0,0,0,0,0,0,0,0,0,0,0,0,0,0,0,0.1214304194,0.01337627973,0.006490666419,0.001357977977,0.002238436835,0.002428601496,0.0008724748041,0.0001178233797,0.001151681878,0,0,0,0,0,0,0,0.00340809999,0,0,0,0,0,0,4.49168474e-05,0.0003444906033,0.00519547658,0,0,0.003618932562,0.6287996173,0.0002501285926,0.0003068772785,0.00390556897,0,0,0,0,0,1.348586557e-05,9.037180462e-06,0.0812626034,0.3663152158,0.00229423889,0.008965422399,0.001532803057,0.002380952472,0,0,0.0009728419827,3.136911255e-05,0,0,0,0,0,0,0,0,0,0,0,0,0,0,0,0,0,1.482194847e-07,0,0,0,0,0,0,0,0,0,0,0,0,0,0,0,0,0,0,0,0,0,0,0,0,0,0,0,0,0,0,0,0
128,0,0,0,0,0,0,0,0,4.889516276e-05,0,2.364123793e-05,4.535349217e-05,0.04940378293,0.007142857648,0,8.633016114e-05,0,0,0,0,0,0,0,0,0,0,0,0,0,0,0,0,0,0,0,0,0,0,0,0,0,0,0,0.09635473043,0.002380952472,0.002380952472,0,0,0,0,0,0,0,0,0,0,0,0,0,0.001599663752,0,0,0,0,0,0,0,0,0.0001601397234,0,0,4.401158367e-05,0.3629154861,0,0,5.121323738e-06,0,0,0,0,0,0,0,0.01921653375,0.1972652078,0.0007509855786,0,0,5.361453077e-06,0,0,0,0,0,0,0,0,0,0,0,0,0,0,0,0,0,0,0,0,0,0,0,0,0,0,0,0,0,0,0,0,0,0,0,0,0,0,0,0,0,0,0,0,0,0,0,0,0,0,0,0,0,0
129,0,0,1.357989368e-05,0,1.776792305e-05,0.0002213755506,0.0009682736709,1.827283813e-05,0.001359452726,0.001135390019,0.0022380671,0.002159156138,0.04606350139,0.09127520025,0.012105681,0.001035146997,0,0,0,0,0,0,0,0,0,0,0,0,0,0,0,0,0,0,0,0,0,0,0,0,0,0,0,0.1641696244,0.007687121164,0.003648121376,0.0008349618292,0.00101594103,0.0001936303015,0.0005116770626,6.941932224e-05,0.001044847188,0,0.0009864205495,0.0001686557662,0,0,8.172606613e-05,0.0001073292515,0.001716127968,0,3.250193549e-05,4.342003012e-05,5.015970237e-05,0.001357582514,0.0001696641848,0.00207547727,0.001516427263,0.006780449301,0,0.0002426668798,0.01517341658,0.7737873793,0.003431908321,0.0004922109074,0.00553149404,0,0.0004849939723,0.0009859941201,1.885843994e-05,0,8.457578588e-06,0.007298605982,0.1009391919,0.4326870441,0.007541083265,0.02744972333,0.001964976545,0.001039401395,0,0,3.638675116e-05,7.192836165e-06,0,0,0,0,0,0,0,0,0,0,0,0,0,0,0,0,0,1.657413009e-06,0,0,0,0,0,0,0,0,0,0,0,0,0,2.432808469e-05,0,0,0,0,0,0,0,0,0,0,0,0,0,0,0,0,0,0
130,0,0,0,0,0,0,0,0,0.0006155634183,0.0001469364506,0.001867521438,0.0003763099376,0.05488767102,0.05378114432,0,0.002040366875,0,0,0,0,0,0,0,0,0,0,0,0,0,0,0,0,0,0,0,0,0,0,0,0,0,0,0,0.1667848676,0.02309244871,0.002706872299,0.002794829896,0.001234583673,0.0007094505127,0.001999310916,0.0004463441146,0.0005193534889,0,0,0,0,0.0001028155166,0,0,0.001800863538,0,0,0.000274089427,0,9.74434588e-05,0.0001613494969,0.0001587482257,7.945430116e-05,0.005393548403,0,0,0.001351043466,0.724955976,0.0002107423061,0.0008905611467,0.001187691232,0.001291672699,0,0.0002912613563,0,0,1.950909609e-05,0.001061390503,0.07988580316,0.3534756899,0.004680098034,0.01197266299,0.001480076811,5.423647963e-05,5.432726175e-05,0,0,4.119534424e-06,0,0,0,0,0,0,0,0,0,0,0,0,0,0,0,0,0,0,0,0,0,0,0,0,0,0,0,0,0,0,0,0,0,0,0,0,0,0,0,0,0,0,0,0,0,0,0,0,0,0
131,0,0,0,1.473305292e-05,0,3.563807331e-05,0,5.119523848e-06,0.0005307107931,0.001191679272,0.00202567433,0.0004917387851,0.03692839667,0.05992484838,0.002245586598,0.000678448996,0,0,0,0,0,0,0,0,0,0,0.001070077298,0,0,0,0,0,0,0,0,0,0,0,0,0,0,0,0,0.1890347153,0.01075606886,0.005957871675,0.001664661802,0.001284978702,0.0003913051041,0.0003591165878,1.544838778e-05,0.001671403996,0,0,0,0,0,0,0,0.001777919242,0,5.386439443e-05,0,0,0.001496582991,0,0.0004620022955,0,0.004508503713,0,0.0003086942015,0.01141004916,0.7809605598,0,0.0006348086754,0.003509847447,0,0,0.0003024553007,0,0,0,0.0006788002793,0.0931007117,0.4006201029,0.002385355067,0.02037660219,0,0.002033786848,0,0,0,2.377687997e-05,0,0,0,0,0,0,0,0,0,0,0,0,0,0,0,0,0,0,0,0,0,0,0,0,0,0,0,0,0,0,0,0,0,0,0,0,0,0,0,0,0,0,0,0,0,0,0,0,0,0
132,0,0,0,0,0,0,0,0,0.0008984841988,0,0.001517419703,0,0.02536412328,0.02477256767,0.002380952472,0.00128892879,0,0,0,0,0,0,0,0,0,0,0,0,0,0,0,0,0,0,0,0,0,0,0,0,0,0,0,0.09543521702,0.0003965632932,0.003033540212,0.0005648683291,0,0,0.000301197957,6.653735181e-05,0.0003868152562,0,0,0,0,0,0,0,0,0,0,7.484878734e-05,0,0,0,0.0004989767913,0,0.004413586576,0,0,0.00132290239,0.5251034498,0,0.0011787978,0.00288778008,0,0,0,0,0,0,0,0.06555052847,0.2795464396,0.003105910728,0.007142857648,0,0,0,0,0.0002622807515,0,0,0,0,0,0,0,0,0,0,0,0,0,0,0,0,0,0,0,0,0,0,0,0,0,0,0,0,0,0,0,0,0,0,0,0,0,0,0,0,0,0,0,0,0,0,0,0,0,0,0
133,0,0,1.453931418e-05,0,0,0,0,0,0.001469630166,0,0.001015066984,0,0.01733674109,0.008742952719,0,0.0002822942915,0,0,0,0,0,0,0,0,0,0,0,0,0,0,0,0,0,0,0,0,0,0,0,0,0,0,0,0.05488647521,0.003063068725,0.005486045964,0.002380952472,0,0,0.002380952472,0,2.762962686e-05,0,0,0,0,0,0,0,0,0,0,0,0,0,0,0,0.0002318551415,0.004465236329,0,0,0,0.3160154819,0,0,0,0,0,0,0,0,0,0,0.04778133705,0.1968276203,0.005843909923,0,0,0,0,0,0,0,0,0,0,0,0,0,0,0,0,0,0,0,0,0,0,0,0,0,0,0,0,0,0,0,0,0,0,0,0,0,0,0,0,0,0,0,0,0,0,0,0,0,0,0,0,0,0,0,0,0
134,8.458086427e-07,0,0,0,0,0,0.0003451609227,2.205680357e-05,0.0008923755377,0,0.001179386512,0.0001165992508,0.03214776888,0.06820904464,0.003234579461,0.000441978249,0,0,0,0,0,0,0,0,0,0,0,0,0,0,0,0,0,0,0,0,0,0,0,0,0,0,0,0.127642259,0.01765537448,0.004018547945,0.001146244351,0.001913431217,0.0005156961852,0.001041493379,5.325274469e-05,0.001069446444,0,0,0,0,0,0,0,0.001382621005,0,0,0.0001247347245,1.329171391e-05,0,0,0.003257488366,0.0001528667199,0.00683451863,0,0,0.004646634217,0.7031162381,0,0.0008045589202,0.00648238929,0,0,0,8.429152331e-06,0,1.542635437e-05,7.623942656e-05,0.0901145637,0.3821451962,0.004761917982,0.00949296914,0.0008477371885,0.004761904944,0.0002064127766,0,0.0001236459211,0,0,0,0,0,0,0,0,0,0,0,0,0,0,0,0,0,0,0,0,0,0,0,0,0,0,0,0,0,0,0,0,0,0,0,0,0,0,0,0,0,0,0,0,0,0,0,0,0,0,0
135,0,0,0,0,0,0,0,0,0,0,0.0008807581617,0,0.02968921326,0.01186270453,0,0.003027390921,0,0,0,0,0,0,0,0,0,0,0,0,0,0,0,0,0,0,0,0,0,0,0,0,0,0,0,0.07027228177,0.008159544319,0.002380952472,0.0006703506806,0.003691925434,0,0,0,0.0008833564934,0,0,0,0,0,0,0,0,0,0,0,0,0,0,0,0,0.00360249728,0,0,0.0002991835645,0.3826767504,0,0,0,0,0,0,0,0,0,0.0004923557281,0.0468054004,0.2398023009,0.002380952472,0.0004713131639,0,0,0,0,0,0,0,0,0,0,0,0,0,0,0,0,0,0,0,0,0,0,0,0,0,0,0,0,0,0,0,0,0,0,0,0,0,0,0,0,0,0,0,0,0,0,0,0,0,0,0,0,0,0,0,0
136,0,0,0,0,0,0,0,0,6.04205743e-05,0,4.108330904e-05,0.0002344012755,0.03133761138,0.02277786657,0,0.0002096807584,0,0,0,0,0,0,0,0,0,0,0,0,0,0,0,0,0,0,0,0,0,0,0,0,0,0,0,0.09292390198,0.002780498005,0.006235331297,0,0.002380952472,0.0003461258602,0,0.000183254233,0.0004034201847,0,0,0,0,0,0.0003916780697,0,0.001564412145,0,0,0,0,0,0,0.000865955255,0.0006169980043,0.0006090713432,0,0,2.23138195e-05,0.4474059045,0,0.0001918388443,0,0,0,0,0,0,0,0,0.03967503831,0.2194774151,0.003513860516,0.000100105739,0,0,0,0,0,0,0,0,0,0,0,0,0,0,4.407169035e-05,0,0,0,0,0,0,0,0,0,0,0,0,0,0,0,0,0,0,0,0,0,0,0,0,0,0,0,0,0,0,0,0,0,0,0,0,0,0,0,0,0
137,0,0,0,0,0,0,0,0,0.0003700496454,0,4.552851169e-05,0.0002665625943,0.07032987475,0.03003161401,1.746429189e-05,0.0004043203953,0,0,0,0,0,0,0,0,0,0,0,0,0,0,0,0,0,0,0,0,0,0,0,0,0,0,0,0.1172569618,0.02848503739,0.01644226722,0.01506537292,0.007770545781,0,0.004372794181,0.006617468782,0.005975664593,0,0,0,0,0.002380952472,0,0,0.006630429998,0,0,0.002114979317,0,0,0.001480728737,0.004761904944,0,0.01176124439,0,0,0.0002832663595,0.6383081079,0.002909414703,0.005454510916,0,0,2.179984585e-05,0,0,0,0.0002615076664,0,0.1209245026,0.4558096528,0.01255288534,9.177772154e-05,1.598297968e-05,0,0,0,6.043617759e-05,0,0,0,0,0,0,0,0,0,0.0006497551803,0,0,0,0,0,0,0.0007848405512,0,0,0,4.654444274e-05,0,0,0,0,0,0,0,0,0,0,0,0,0,0,0,0,0,0,0,0,0,0,0,0,0,0,0,0,0,0
138,0,0,0,0,3.509356975e-05,0,0,0,0.0001309372747,0,3.117867527e-05,0.0002556915279,0.06415127963,0.02580388263,0,0.001842854545,0,0,0,0,0,0,0,0,0,0,0,0,0,0,0,0,0,0,0,0,0,0,0,0,0,0,0,0.1241329312,0.01242046524,0.009135922417,0.01233864017,0.001590876724,0.002463491168,0.008858623914,0.001033579931,0.00244161021,0,0,0,0,0,0,0,0.01258591563,0,0,0.0005804606481,0,0.0001402631606,0,0.0009284385014,0,0.005305340514,0,0,0.0001957313507,0.5630892515,0.0002580908476,0,8.951141695e-07,0,0,0.0001577483927,0,0,0.0001458025799,0.00331598823,0.0777708739,0.3889073133,0.008247057907,0.0002078919206,5.566104392e-06,0,0,0,0.001722045941,0,0,0,0,0,0,0,0,0,0,0,0,0,0,0,0,0,0,0,0,0,0,0,0,0,0,0,0,0,0,0,0,0,0,0,0,0,0,0,0,0,0,0,0,0,0,0,0,0,0,0
139,0,0,3.328645164e-07,0,0,0,0,5.268790119e-06,3.727003059e-05,0,2.063607644e-05,0,0.06955741346,0.07062745839,0.0004909096751,0.0001846757805,0,0,0,0,0,0,0,0,0,0,0,0,0,0,0,0,0,0,0,0,0,0,0,0,0,0,0,0.1659240276,0.0224593915,0.001602456439,0.000740270887,0.00314442534,0.001290560351,0,0.0004819845781,0.001200696453,0,0,0,0,0,0,0,0.0005469188327,0,0,0.0004467784893,0,0,2.365563887e-05,0,0,0.0002842769318,0,0,0.0002003846894,0.626621604,0,0,2.265259127e-06,0,0,0,0,0,0,0,0.02961312979,0.4473570883,0.001627924852,0.000259229826,0,0,0,0,0,0,0,0,0,0,0,0,0,0,0,0,0,0,0,0,0,0,0,0,0,0,0,0,0,0,0,0,0,0,0,0,0,0,0,0,0,0,0,0,0,0,0,0,0,0,0,0,0,0,0,0
140,0,0,0,0,0,0,0,0,4.626866212e-05,0,3.238443969e-05,3.362026837e-05,0.0483187288,0.05950712413,0.0006044904585,0.000326888141,0,0,0,0,0,0,0,0,0,0,0,0,0,0,0,0,0,0,0,0,0,0,0,0,0,0,0,0.08313070983,0.004761904944,0.0008474712376,0.001458127866,0,0,0.0004954894539,0,0,0,0,0,0,0,0,0,0,0,0,0,0,0,0,0,0,0.0002383112296,0,0,0.002689425834,0.4961080253,0.0001785000204,0,0,0,0,0,0,0,0,0,0.02053182572,0.2600575984,0.001182701322,0.001673350227,0,0,0,0,0,0,0,0,0,0,0,0,0,0,0,0,0,0,0,0,0,0,0,0,0,0,0,0,0,0,0,0,0,0,0,0,0,0,0,0,0,0,0,0,0,0,0,0,0,0,0,0,0,0,0,0
141,0,0,0,0,0,0,0,0,3.810266207e-05,0,2.48479173e-05,0,0.05069538951,0.03012499772,0,6.011153891e-05,0,0,0,0,0,0,0,0,0,0,0,0,0,0,0,0,0,0,0,0.0004701181315,0,0,0,0,0,0,0,0.10832946,0.00345795881,0.0005048994208,0,0,0,0.0007801384781,0,0,0,0,0,0,0,0,0,0.002380952472,0,0,0,0,0,0,0,0,0.0001151874167,0,0,0,0.4678554833,0,0,0,0,0,0,0,0,0,0,0.02882336266,0.2327455878,0,0,0,0,0,0,0,0,0,0,0,0,0,0,0,0,0,0,0,0,0,0,0,0,0,0,0,0,0,0,0,0,0,0,0,0,0,0,0,0,0,0,0,0,0,0,0,0,0,0,0,0,0,0,0,0,0,0
142,0,0,1.521817831e-05,0,0,0,0,6.476281851e-05,0.001359375543,0.0001707644406,0.001764789457,0.001674868166,0.06022660807,0.07654128224,0.003793579759,0.001751614502,0,0,0,0,0,0,0,0,0,0,0,0,0,0,0,0,0,0,0,0,0,0,0,0,0,0,0,0.2366570085,0.004597253166,0.002331682248,0.000377138058,0.0003639058268,0.0001032970104,0.0004208571918,1.659751069e-05,0.00120122009,0,0.002380952472,0.002380952472,0,0,8.27169788e-05,0.0003281633544,0.0009622867801,0,0.0007229464827,1.511241862e-05,0,0,0,0.002114076866,0.001436269726,0.009727770463,0,0,0.002590938238,0.8340467215,0.002611729549,6.626197865e-05,0.000893923454,0.0006872923113,0,0,3.072867548e-05,0,1.456872087e-05,0.001883709221,0.1039329171,0.4536976218,0.005770959426,0.008195092902,0.0005571160582,0,0,0.0003041426826,0,0,0,0,0,0,0,0,0,0,0,0,0,0,0,0,0,0,0,0,0,2.819939073e-05,0,0,0,0,0,0,0,0,0,0,0,0,0,0,0,0,0,0,0,0,0,0,0,0,0,0,0,0,0,0
143,4.987823559e-06,0,1.42435847e-05,0.0002859666129,0,0.0002770558931,0,3.8224116e-05,0.0008358924533,0.0008584679454,0.001312031411,0.000394096307,0.03221032023,0.07348331809,0.003506794572,0.0009453764651,0,0,0,0,0,0,0,0,0,0,0,0,0.0007712744991,0,0,0,0,0,0,0,0,0,0,0,0,0,0,0.1689112335,0.01762852259,0.007057147566,0.002793808701,0.006004899275,0.0008584724856,0.00123095559,0.0002713165013,0.001104830531,0,0,0,0.002380952472,0,0.0001480337523,0,0.001937623951,0,0,1.106830678e-05,7.437776731e-06,0.000505642849,5.501837222e-05,0.001375548192,0.0005651636166,0.005740082357,0,0.0001403260103,0.005218362901,0.7776881456,3.501675383e-05,0.0003123798524,0.0004657442623,0,0,9.00773739e-05,2.28338904e-05,0,6.92536878e-06,0.002843751339,0.08779869974,0.4052708447,0.004984714556,0.01946263015,0.001707240706,2.281022353e-05,0,0,2.758856681e-05,2.162532382e-06,0,0,0,0,0,0,0,0,0,0,0,0,0,0,0,0,0,0,0,0,0,0,0,0,0,0,0,0,0,0,0,0,0,0,0,0,0,0,0,0,0,0,0,0,0,0,0,0,0,0
