ROI_ID,1,2,3,4,5,6,7,8,9,10,11,12,13,14,15,16,17,18,19,20,21,22,23,24,25,26,27,28,29,30,31,32,33,34,35,36,37,38,39,40,41,42,43,44,45,46,47,48,49,50,51,52,53,54,55,56,57,58,59,60,61,62,63,64,65,66,67,68,69,70,71,72,73,74,75,76,77,78,79,80,81,82,83,84,85,86,87,88,89,90,91,92,93,94,95,96,97,98,99,100,101,102,103,104,105,106,107,108,109,110,111,112,113,114,115,116,117,118,119,120,121,122,123,124,125,126,127,128,129,130,131,132,133,134,135,136,137,138,139,140,141,142,143
1,0,5.444210274e-06,0.0002680927864,8.642052126e-05,0.005261846352,0.01225690544,0.0002417178766,0.0001500087819,0.0001338784205,3.131666017e-05,0.0004722587473,0.0003581911151,0.0002917021629,0.001763460808,0.00223075645,0.0002306651731,1.595838148e-05,0,8.364975656e-05,4.766720303e-05,2.04752414e-05,0,8.617393178e-06,0,4.211232954e-05,5.005163985e-06,2.152652633e-05,0,0,9.249550203e-06,0,0,0,0,0,0,0,0,0,0,0,0,0,0.0003983485221,0.0002499712573,0.0001291751541,0.0001862591889,0.0006541138282,0.0003659662616,0.0002155064576,0.0003106278018,7.67274687e-05,0,0,0,0,4.108144276e-05,0.0001875010203,4.972456736e-06,0.000757267233,0.0005084917066,0.0001390836987,0.0005211259704,0.0003108564706,0,9.318427146e-06,0.0002250239631,5.350552965e-05,0.0003120404144,0.0001100962763,1.737231287e-05,0,0.0008747664397,0.0001447464747,0.0001148347583,0,0,0,0,0.0001987631549,2.422578518e-06,0.000504177995,0.000114835806,0.0003976406588,3.268178625e-05,0.000290912285,7.83390642e-05,0,0,8.956080251e-07,0,0.0004189563042,0.0003594337613,0.03833596781,0.003841423895,0.009597678669,0.0009335823124,0.001195698627,0.003804459702,0.002379925223,0.0006816258538,0.0007030565175,0.001768064103,0.0006136648008,0.0003880053118,0.0002504427102,1.618126043e-05,5.334532034e-06,0.01638004184,0.0002421676618,0.0002465366852,6.741203106e-05,0.0001205693479,3.511189425e-05,0.0007385878707,1.42435174e-05,0.001781605417,0.00501181744,0.0002551468497,1.323101878e-05,2.440253957e-05,1.65133024e-05,5.235403933e-06,0.003048348008,0.7001411915,0.08003282547,0.0002071961062,0.0002568330674,0.0005429712473,0.0002404723054,0.2878127098,0.01520422008,0.01219850127,0.001727891271,0.001753783901,0.0001223252475,0.0001693029626,0.0001090715887,7.777540304e-06,0.0002634260163,1.295045786e-05,0.0009137361194,0.0004001775524
2,5.444210274e-06,0,2.361851557e-06,0,0.001662363415,0.004131000955,2.162913688e-06,5.59910859e-06,2.196655623e-05,0,1.388892088e-05,0,0,0,0,0,0,0,0,0,0,0,0,0,2.080087688e-05,0,0,0,0,0,0,0,0,0,0,0,0,0,0,0,0,0,0,0,0,0,0,0,0,0,0,0,0,0,0,0,0,0,0,0,0,0,0.0007990118465,0.0001556914212,0,0,0,0,0,0,0,0,0,0,0,0,0,0,0,0,0,6.8591944e-05,0,0,0,0,0,0,0,0,0,0,0.000175355759,0.01573473401,0.002950170543,0.004336085636,0.001396147767,0.001326405792,0.001443223213,0.0004328371433,0.0006574491854,0.0001679372945,0.0003800950362,0,0,1.357456586e-05,7.592851716e-07,0,0.002390940208,0,7.547703717e-05,0,0.0001564191916,3.589171001e-06,2.009528998e-06,1.919437864e-06,0.000108387103,0.0003767396265,0,0,0,0,0,2.976411679e-06,0.4648033679,0.01041740272,0,2.716386234e-06,0.0002317210892,0,0.1817689985,0.001548776403,7.315099356e-05,0.0004953756579,2.071108975e-05,1.448445119e-06,0,1.212408847e-06,3.924161547e-07,0,1.414411145e-06,0.0001467343973,3.685839329e-05
3,0.0002680927864,2.361851557e-06,0,2.056694939e-05,0.02902793139,0.01025974564,1.623300159e-05,0.0003538225428,0.0001247858891,0,0.0001399951871,4.761778109e-05,0.0001877588074,0.0003695354098,0.0001957612985,0.0002092317591,5.07592631e-05,0.0001017924078,0,0,0,0,0,0,0,0,0,0,0,0,0,0,0,0,0,0,0,0,0,0,0,0,0,6.210729771e-05,0,0,9.981387848e-05,0.0003116450971,0.0003048520593,0,0.0002418132499,0.0001382875198,0,0,0,0,0,9.742320981e-05,0,3.734498023e-05,0.0001041460127,0,0.0004716452968,0.0002352944284,0,1.756039092e-05,8.388060087e-05,0.0001942600793,0.0001709137869,8.825657278e-05,1.405991588e-05,1.823107777e-05,5.672598945e-06,0.0003105716023,0.000132759611,0,0,0,0,0.000175480076,0,0.0002287628449,0,0.0001004142468,0.0001393302955,0,0.0001428068645,0,3.982416274e-06,0,0,0.0004833030107,0.0002256736188,0.02430456504,0.001907418016,0.005050160456,0.0006100430037,0.0006203018129,0.002406514715,0.001104326569,0.0003857644915,0.0003278052027,0.0002741678036,2.76150131e-05,4.342160537e-05,7.284669118e-05,4.1257681e-06,8.894740517e-07,0.005434033461,0.0001519838988,0.0001462062355,5.370078725e-06,9.205470997e-05,1.634008913e-05,0.0001477390615,6.165803825e-06,0.0004635057703,0.001314110938,2.660160499e-05,0,4.717895536e-06,4.335322228e-05,3.095394277e-06,3.484937042e-05,0.479221791,0.02818067744,0.0001013283327,9.240087093e-05,0.0002827651915,0.000137651703,0.1933230162,0.005418604705,0.002610211726,0.0006616912433,0.0001314240217,1.311026153e-05,2.668007028e-06,1.43616744e-05,5.354020232e-06,5.726280506e-05,2.017703537e-06,0.0003236769116,0.0001740435109
4,8.642052126e-05,0,2.056694939e-05,0,0.004690415226,0.004602284171,0.0002529253543,2.730871893e-05,6.779057003e-05,0,3.079690578e-05,2.653546107e-05,0,0.0003537342709,0,6.970282993e-05,0,0,0,0,0,0,0,0,0,0,0,0,0,0,0,0,0,0,0,0,0,0,0,0,0,0,0,0,0,0,0.002380952472,0,0.0002179842122,0,0.0005860737874,0.0002704223734,0,0,0,0,0,0,0,0.002380952239,0,0.001256109448,0.0004385848879,0.0002550530771,0,0,0,0.0001419079053,0,0,0,0,0,0,0.0001479021594,0,0,0,0,0.0002023436391,0,0.0008530503837,0,0,0.0001086255579,0,0.002380952472,0,0,2.834144834e-05,0,0,0.001006530249,0.0307738632,0.007916188799,0.02406588756,0.004193987697,0.004762133583,0.008863208815,0.002265114803,0.0008037993102,0.0006267038407,0.0002641344327,0.000230700316,6.263878458e-05,4.205881851e-05,0,0,0.007089241408,2.906425107e-05,0.0002257481683,0,0.0001494820754,5.102234809e-06,0.0001153082558,0,0.0008946348098,0.002964970656,0,0,9.021900951e-06,0,4.622762901e-07,0.00102481083,0.5671266913,0.02688705176,0.0001349229715,3.631575964e-05,0.0003663832322,0.000425229402,0.2309073508,0.005174700171,0.003719470464,0.0008010040619,0.0005780681386,3.852240479e-05,0.0002012283221,7.292604278e-05,6.670067251e-06,9.211370343e-05,0,7.076166366e-05,0.0002835147898
5,0.005261846352,0.001662363415,0.02902793139,0.004690415226,0,0.1521957964,0.05288353935,0.004673706368,0.008163172752,0.008548493497,0.009639920667,0.01605726406,0.01192640513,0.01755592413,0.01449591108,0.01037346479,0.01302747708,0.0007297582924,0.002447065432,0.004186792765,0.00351139321,0.005204858258,0,0.0001950753649,0.002513085725,0.001624550205,0.0006574767758,0.0006887671771,0.001198730315,0.0004653423966,0.001660183421,0.0004683331645,0.002380952472,0.002380952472,0,0.002215604298,0.001764322515,0,0,0.002380952472,0,0,0,0.01276673842,0.01020322926,0.01274940092,0.01392565947,0.01257394534,0.01359467115,0.01234860346,0.01211886015,0.005914707668,0.003064081538,0.002837430919,0.000974276918,0.00100230833,0.00334254629,0.004363548476,0.01071578171,0.008365475573,9.218644846e-05,0.003673267784,0.008345880546,0.006672661752,0.01073099114,0.005792230368,0.005481210537,0.003020337783,0.005592279602,0.00968933478,0.007608816493,0.01230455842,0.01244374737,0.001260071644,0.005832425319,0.02223107405,0.007270191796,0.01487029716,0.007091755979,0.01170511171,0.01904268935,0.008344523609,0.003417684697,0.008548234589,0.008196457289,0.005076548085,0.005514657125,0.002380952472,0.02689615265,0.02005706541,0.01810252666,0.01566185616,0.008231407031,0.1497782469,0.03388005868,0.03206329793,0.0287176352,0.02589630522,0.03967823833,0.0554985255,0.03714420274,0.04452075809,0.0731568262,0.04620150477,0.03507260606,0.02926712297,0.002509510843,0.001730656251,0.1203960255,0.02638296783,0.02295393497,0.01682358794,0.012317935,0.004898883402,0.0506804809,0.006116894539,0.06035367027,0.05650245398,0.03938435763,0.0126895206,0.1189303324,0.01744290441,0.01585945301,0.04079350084,0.8516067266,0.1770464331,0.01091058645,0.0616587922,0.06481968611,0.05268867314,0.4413874447,0.1133092046,0.1105703935,0.03936681896,0.03593612462,0.03619457409,0.1052247584,0.02270761505,0.04695518687,0.04250948131,0.013849793,0.0952758491,0.06592422724
6,0.01225690544,0.004131000955,0.01025974564,0.004602284171,0.1521957964,0,0.003159343963,0.002963544568,0.01168440096,0.002079046099,0.007060974836,0.002895097947,0.0337870419,0.003484084271,0.0005392730236,0.003234515898,0.001617806265,0,0.003612826113,0.001650340157,0.003995305393,0.0002882330737,0.000936692406,0,0.002767009893,0.003457318759,0.002380952472,0,0,0.001258733682,0,0.00347356149,0,0,0,0.002380952472,0,0,0,0,0,0,0,0.0235606581,0.02265833691,0.009858922102,0.01428803802,0.02484134398,0.04993962497,0.01917536743,0.03769303113,0.02005788498,0.003897606861,0.002380952472,0,0,0,0.00639487477,0.01008295827,0.007451698184,0.002380952239,0.009822992608,0.01632308401,0.02059631236,0.004179385491,0.007142857648,0.005854509771,0.004955235403,0.01813490875,0.0130562447,0.01605229266,0.002380952472,0.006814847235,0.008038671687,0.01732663438,0.0036762245,0.002380952239,0,0,0.01585862413,0.01310694031,0.01864631101,0.007348040584,0.002124790102,0.005199851934,0.006799805444,0,0.002380952472,0.008318835869,0.01873172261,0.004094365053,0.03401634842,0.01920618489,0.4542036355,0.05721622705,0.1035288721,0.02415775508,0.03228153288,0.1342147589,0.05076165125,0.0273880586,0.04463814199,0.06339477003,0.0249578841,0.05491342768,0.07863464952,0.01325467974,0.004174275324,0.1642752588,0.03160842136,0.02241379768,0.01298090257,0.01881286316,0.01188386697,0.08111318946,0.02514615469,0.0658948496,0.07299802452,0.04678816721,0.007375861984,0.1092642024,0.004509521183,0.02927742153,0.01594663411,0.342969954,0.2606271505,0.02169610001,0.07226583362,0.05929509923,0.05239972472,0.4987317622,0.1119489744,0.1053125858,0.05327225104,0.06388666481,0.06149299443,0.05856692046,0.0276780501,0.04035208374,0.06500861794,0.01125002652,0.151230067,0.06922419369
7,0.0002417178766,2.162913688e-06,1.623300159e-05,0.0002529253543,0.05288353935,0.003159343963,0,0.0001957357308,0,0,0.0001166159782,0.00181589101,0,0.0001427412499,0,0,0.001252709772,0,0,0,0,0,0,0,0,0,0,0,0,0,0,0,0,0,0,0,0,0,0,0,0,0,0,0,0,0,0,0,0,0,0.0006964312633,0,0,0,0,0,0,0,0,0,0,0,0.002380952472,0.003397821449,0,0,0,0,0,0,0.002380952472,0,5.087065074e-05,0,0.0009066971834,0,0,0,0,0,0,0.0003217972699,0.002380952472,0,0,0,0,0,0,0,0,0,0.008990959264,0.04638938978,0.006925032474,0.01424664259,0.005803870037,0.003539359896,0.002935957629,0.009176687337,0.007179090753,0.005729935598,0.003351773135,0,0.00677595567,0.005546731874,0.002380952472,0,0.03816416115,0,0.005003480241,0,0.0006118905731,0.0006360636908,0.01403409243,0.0008720952319,0.00621385267,0.009434662759,0,0,0,0,0,2.531990731e-06,0.5020861626,0.08485949785,0.003760604886,0.0004920353531,0.0005441429676,0,0.369653672,0.0155604668,0.01708390936,0.01048013754,0.0002742951328,0.0001642817078,1.281499408e-06,0,0,0.006723715924,0,0.0005243827472,2.570143442e-05
8,0.0001500087819,5.59910859e-06,0.0003538225428,2.730871893e-05,0.004673706368,0.002963544568,0.0001957357308,0,0.0001082443923,0,0.0003939048329,0.0001503374806,0.0002619735606,0.0001129713564,4.068989438e-05,0.0001121933892,1.828920722e-05,0,4.732537491e-05,2.617566315e-05,2.917706752e-06,0,0,0,0,5.096786481e-06,0,0,0,5.235060144e-06,0,0,0,0,0,1.145981696e-05,0,0,0,0,0,0,0,0.0005419861991,0.001490723109,0.000238502922,0.0006346438895,0.0008764871745,0.001247051638,0.0003645850811,0.0004054552119,0.00114730862,0.001164796762,0,0,0,2.095417585e-05,0.0005170542281,5.29203644e-05,0.0001676178945,0,0.001211309922,0.0007004205254,0.0006270515732,0,0,0.0001344165794,6.360731641e-05,0.0004426352389,0.0001799128804,7.918112715e-06,0,0.0003071948595,0.0001609509782,0.0003224762913,0,0.0001532456954,3.207286863e-05,2.380862861e-05,0.0006037681596,8.551810606e-05,0.0007076304173,0.0002315841411,0.0002076507953,0.001246356056,0.0002396296622,0,0,0,0,0,0.0009341099067,0.0004992840695,0.04176519066,0.004060237203,0.01484417077,0.0009848170448,0.00113821344,0.005759483669,0.002309782198,0.0007158023072,0.0007791361422,0.001627669903,0.0004338507424,0.0005227706861,0.0006592089194,1.447286832e-05,7.713903869e-06,0.01919927262,0.0004696130636,0.0003323219717,0.0001121985115,0.0002763269295,6.168995606e-05,0.001745924121,3.914356057e-05,0.002073328244,0.006228535902,0.0008834991022,0.0001304806501,0.0003138289612,0.0001379872992,3.597690375e-05,0.002518970985,0.6734827757,0.09800620377,0.0005944487057,0.001165245543,0.0005597413401,0.0007840558537,0.2918203175,0.01728373952,0.01536385808,0.00205466128,0.006481137592,0.0007796382997,0.001914187451,0.0007223294815,7.01290337e-05,0.0009559268947,7.50676918e-05,0.002668844303,0.0005572114023
9,0.0001338784205,2.196655623e-05,0.0001247858891,6.779057003e-05,0.008163172752,0.01168440096,0,0.0001082443923,0,0,9.954834468e-07,0,0,0,0,1.200174324e-07,0,0,0,0,0,0,0,0,0,0,0,0,0,0,0,0,0,0,0,0,0,0,0,0,0,0,0,0,0,0,0,0,0,0,0,0,0,0,0,0,0,0,0,0,0,0,0,0,0,0,0,0,0,0,0,0,0,0,0,0,0,0,0,0,0,0,0,0,0,0,0,0,0,0,0,0,0,0.01309455838,0.002099953359,0.0005464441492,0.0004192292981,7.341311721e-05,0.0001498865749,0.001426678966,8.099871775e-05,0,2.715554547e-05,0,2.603571193e-05,0,4.543063551e-05,0,0.002080477541,0,2.331246833e-05,0,1.70056519e-05,0,2.595193837e-05,0,0.0001573450572,0.0006116516888,0,0,0,0,0,0.0001086175689,0.551060915,0.007308687083,0,9.038827557e-06,1.071887709e-05,0,0.1274937689,0.0007546260604,0.00282775145,0.0002330488496,0.0009850069182,4.551722304e-05,0,4.178092058e-05,0,0,0,3.489574374e-05,0
10,3.131666017e-05,0,0,0,0.008548493497,0.002079046099,0,0,0,0,0,0,0,0,0,0,0,0,0,0,0,0,0,0,0,0,0,0,0,0,0,0,0,0,0,0,0,0,0,0,0,0,0,0,0,0,0,0,0,0,0,0,0,0,0,0,0,0,0,0,0,0,0,0,0,0,0,0,0,0,0,0,0,0,0,0,0,0,0,0,0,0,0,0,0,0,0,0,0,0,0,0,0,0.006272324827,0.002380952239,0,0.002380952472,0,0,0.001480706269,0.0003938387963,0,0.0006110997638,0,0,0,0,0,0.0005445854622,0,0,0,0,0,7.010814443e-05,0,0,0.0008227869403,0,0,0,0,0,0,0.3760789633,0.004942014348,0,0,0,0.0003583279613,0.1218354255,0.0007210425683,0,0,0.0001014929148,0,0,0,0,0,0,0,5.000436795e-05
11,0.0004722587473,1.388892088e-05,0.0001399951871,3.079690578e-05,0.009639920667,0.007060974836,0.0001166159782,0.0003939048329,9.954834468e-07,0,0,4.614594786e-07,0,3.4765686e-05,0,0,0,0,0,0,0,0,0,0,0,0,0,0,0,0,0,0,0,0,0,0,0,0,0,0,0,0,0,0,0,0,0,0,0,0,4.867315965e-06,0,0,0,0,0,0,0,0,0,0,0,0,0,0,0,0,1.364751142e-06,0,0,0,0,0,0,0,0,0,0,0,1.594143396e-05,0,4.339845873e-06,0,0,0,0,0,0,0,0,0,0,3.779854887e-05,0.01600277424,0.003481298219,0.01253814623,0.0009617676842,0.001308312756,0.001286974177,0.002584211761,0.0002278647298,0.0002403523686,0.0003752859484,0,0.0006309045712,0,5.536375465e-05,0,0.006742991973,0,4.039537816e-05,0,0,5.276530374e-06,8.069106116e-05,2.965913882e-05,0.001442356384,0.001154965023,6.680925435e-05,0,0,0,0,9.320257232e-05,0.5717505217,0.01672689617,6.945953646e-05,4.936974801e-05,8.43038215e-05,0,0.1690227687,0.001696656924,0.003979880828,0.0009324871935,0.001885944162,0,0,1.450229047e-05,0,2.079232581e-05,0,0.0001110650483,8.494015674e-06
12,0.0003581911151,0,4.761778109e-05,2.653546107e-05,0.01605726406,0.002895097947,0.00181589101,0.0001503374806,0,0,4.614594786e-07,0,0,0,7.921193173e-06,1.113365897e-06,0,2.564785791e-05,0,0,0,0,0,0,0,0,0,0,0,0,0,0,0,0,0,0,0,0,0,0,0,0,0,0,0,0,0,0,0,0,0,0,0,0,0,0,0,0,0,0,0,0,4.127387729e-05,3.449907308e-05,0,0,0,0,0,0,0,0,0,0,0,0,0,0,0,0,0,0,0,0,0,0,0,0,0,0,0,0,0.0002106057655,0.01848929748,0.009678202681,0.007364461664,0,0.00181219168,0.003972224426,0.008957082406,0.003498724429,0.0008298351313,0.0009578340687,0,0.0002847522555,0,1.560293822e-05,0,0.01829752885,0.000827744836,0.0001060013747,0,0,0,0.0003755661019,0,0.003220108338,0.003548637498,0.0001097475106,0,1.589983731e-05,0,0,0,0.5567877889,0.03114028089,0,1.256357791e-05,0.0003239179496,0,0.2331224829,0.005792569369,0.005363367032,0.003151937155,0.004356488585,2.682962077e-05,0,0,5.775736099e-06,0.0001267506159,5.695860818e-05,0.0006537223235,0.0002731796994
13,0.0002917021629,0,0.0001877588074,0,0.01192640513,0.0337870419,0,0.0002619735606,0,0,0,0,0,0,0,0,0,0,0,0,0,0,0,0,0,0,0,0,0,0,0,0,0,0,0,0,0,0,0,0,0,0,0,0,0,0,0,0,0,0,0,0,0,0,0,0,0,0,0,0,0,0,0,2.614779532e-06,0,0,0,0,0,0,0,0,4.18555345e-07,0,0,0,0,0,0,0,0,0,0,0,0,0,0,0,0,0,0,0,0,0.01319858897,0.0003145211958,0.0006675984478,0.0003461913147,0.0001923792152,8.824827091e-06,0.0007147350116,0,0,0,0,0,0,0,0,0.004877388012,0,2.141812729e-05,0,0,0,0.0005699211033,0,0.0002987894404,0.0007217365783,0,0,0,0,0,0,0.6505962014,0.01236913633,0,0,0,0,0.1613179892,0.004317277111,0.005228138063,0.001253250055,0.00317984377,0.0005364713143,0,0,0,0,0,5.940641859e-05,0
14,0.001763460808,0,0.0003695354098,0.0003537342709,0.01755592413,0.003484084271,0.0001427412499,0.0001129713564,0,0,3.4765686e-05,0,0,0,4.949610593e-05,0,0.002380952472,0,0,0,0,0,0,0,0,0,0,0,0,0,0,0,0,0,0,0,0,0,0,0,0,0,0,0,0,0,0,0,0,0,0,0,0,0,0,0,0,0,0,0,0,0,5.068071914e-05,0.0002907797752,0,0,0,0,0,0,0,0,0,0,0,0,0,0,0,0,0,0,0,0,0,0,0,0,0.0009442776209,0,0,0,0,0.01381026581,0.007629611529,0.004275723826,5.932539352e-05,0.003544671927,0,0.006399940699,0.0009557277081,0,0.001151236007,0,0.002380952472,0,0,0,0.01703843474,0,0.0003100065805,0,0.0002104645537,0,0.00135326176,0,0.006888177712,0.004775678273,0,0,0,0,0,0,0.5357157588,0.02407138236,0,0,0,0.0005824471009,0.2271324992,0.00467682723,0.002380952472,0.003500321414,0.007898936048,0.007142857648,0,0.0008913665079,0,0.002380952472,0,0,0.00121817179
15,0.00223075645,0,0.0001957612985,0,0.01449591108,0.0005392730236,0,4.068989438e-05,0,0,0,7.921193173e-06,0,4.949610593e-05,0,6.305398983e-06,0,0,0,0,0,0,0,0,0,0,0,0,0,0,0,0,0,0,0,0,0,0,0,0,0,0,0,0,0,0,0,0,0,0,0,0,0,0,0,0,0,0,0,0,0,0,0,0,0,0,0,0,0,0,0,0,0,0,0,0,0,0,0,0,0,0.0009879720164,0,0,0,0,0,0,0,0,0,0,0,0.01654871181,0.003377447138,0.0004079466453,0,0.002989093075,0.0008854232728,0.007142857648,0.001504299929,0.00256871758,0,0,0,0,0,0,0.009933509864,0,0,0,0,0,0,0,0,0.002380952472,0,0,0,0,0,0,0.4259307981,0.02374750935,0,0,0,0,0.1713627428,0.00324748992,0.002380952239,0.002752070082,0.002530253958,0,0,0.0002682111517,0,0,0.0009462122107,0,0
16,0.0002306651731,0,0.0002092317591,6.970282993e-05,0.01037346479,0.003234515898,0,0.0001121933892,1.200174324e-07,0,0,1.113365897e-06,0,0,6.305398983e-06,0,0,0,0,0,0,0,0,0,0,0,0,0,0,0,0,0,0,0,0,0,0,0,0,0,0,0,0,0,0,0,0,0,0,0,1.108988999e-05,0,0,0,0,0,0,0,5.303047601e-07,0,0,0,1.485901521e-05,2.072606367e-05,0,0,0,0,0,0,6.519854196e-06,0,0,0,0,0,0,0,0,0,0,3.582654608e-05,0,0,0,0,0,0,0,0,0,0,4.608173913e-05,0.02857525833,0.005003865808,0.009209663607,0.0009549002862,0.002983759157,0.00151433819,0.003791787429,0.0007046248065,0.000347227935,0.0008227287908,0.0003578262113,0.001196821453,0.0006365769077,0.0001131100289,0,0.01815040968,0.0002551238867,0.0002099226695,0,4.598533269e-05,0.0001438980835,0.0007911708672,0.0001291646913,0.00127351121,0.001681444934,0.00207353523,0,0,0,0,0.0002539885463,0.57788831,0.02356469817,8.347271796e-05,0.0004545376287,1.806502405e-05,0,0.2146815807,0.002866196213,0.003780066501,0.00247413246,0.005009077955,0,0,0.0002518999099,1.264098955e-05,0.0004987256834,0,0.0002099343401,9.975964531e-06
17,1.595838148e-05,0,5.07592631e-05,0,0.01302747708,0.001617806265,0.001252709772,1.828920722e-05,0,0,0,0,0,0.002380952472,0,0,0,0,0,0,0,0,0,0,0,0,0,0,0,0,0,0,0,0,0,0,0,0,0,0,0,0,0,0.002380952472,0,0,0.002380952472,0,0,0,0,0,0,0,0,0,0,0,0,0,0,0,0,9.435263928e-05,0,0,0,0,0.0002167346684,0,0,0,0,0,0,0,0,0,0,0,0,0.0005888681626,0,0,0,0,0,0,0,0,0,0,0,0.01315299422,0.002616233192,0.009417359717,0.0008795838803,0.0007491049473,0.002093459712,0.001076334273,3.924289194e-05,0.002645812929,0.00146985671,0,0.0004594229977,0.0003519860911,0,0,0.007060098462,7.950669533e-05,0.0001535375486,0,0,0,5.001762474e-05,0,0.0002004037669,0.003911010921,0,0,5.463793059e-05,0,0,0.0004329543444,0.5794670582,0.0459157005,4.642183194e-05,0.0001298735442,0.0001851669949,0,0.2570994198,0.004493237473,0.004608219955,0.0005616933922,0,6.172902795e-05,0,0,0,0.0003395414969,0,0.001034099143,0
18,0,0,0.0001017924078,0,0.0007297582924,0,0,0,0,0,0,2.564785791e-05,0,0,0,0,0,0,0,0,0,0,0,0,0,0,0,0,0,0,0,0,0,0,0,0,0,0,0,0,0,0,0,0,0,0,0,0,0,0,0,0,0,0,0,0,0,0,0,0,0,0,0,0,0,0,0,0,0,0,0,0,0,0,0,0,0,0,0,0,0,0,0,0,0,0,0,0,0,0,0,0,0,0.00505117327,0,0.001207879279,0,0,0.002380952239,0,0,0,0,0,0,0,0,0,0.002917645499,0,0,0,0,0,0,0,0.0003203355591,0,0,0,0,0,0,0,0.4194104373,0.01108582597,0,0,0,0,0.1439681947,0,0,0,0,0,0,0,0,0,0,0,0
19,8.364975656e-05,0,0,0,0.002447065432,0.003612826113,0,4.732537491e-05,0,0,0,0,0,0,0,0,0,0,0,0,0,0,0,0,0,0,0,0,0,0,0,0,0,0,0,0,0,0,0,0,0,0,0,0,0,0,0,0,0,0,0,0,0,0,0,0,0,0,0,0,0,0,0,0,0,0,0,0,0,0,0,0,0,0,0,0,0,0,0,0,0,0,0,0,0,0,0,0,0,0,0,0,0,0.006744350772,0.002378779231,0.002472831635,0,0.0001846577798,0,0.002380952472,0,0,0.0001555034687,0,0,0,0,0,0.003717696993,0,3.171638309e-05,0,0,0,0,0,0.000394577306,0.0004489074345,0,0,0,0,0,0,0.485071063,0.01904955879,0,0,0,0,0.1693595946,0.004761904944,0.002380952472,0,0,0,0,0,0,0,0,0,0
20,4.766720303e-05,0,0,0,0.004186792765,0.001650340157,0,2.617566315e-05,0,0,0,0,0,0,0,0,0,0,0,0,0,0,0,0,0,0,0,0,0,0,0,0,0,0,0,0,0,0,0,0,0,0,0,0,0,0,0,0,0,0,0,0,0,0,0,0,0,0,0,0,0,0,0,0,0,0,0,0,0,0,0,0,0,0,0,0,0,0,0,0,0,0,0,0,0,0,0,0,0,0,0,0,0,0.005211572628,0.0002251558326,0.003761329222,0,0,0,0.0002611737873,0.000148135965,0.0004136513453,0,0,0,0.000951443275,0,0,0.00550196832,0,0.00010166227,0,0,0,0,0,0.002380952472,0.003819857491,0,0,0,0,0,0,0.4980281591,0.01717463881,0,0,0,0,0.1876449287,0.002380952472,0,0,0,0,0,0,0,0,0,0,0
21,2.04752414e-05,0,0,0,0.00351139321,0.003995305393,0,2.917706752e-06,0,0,0,0,0,0,0,0,0,0,0,0,0,0,0,0,0,0,0,0,0,0,0,0,0,0,0,0,0,0,0,0,0,0,0,0,0,0,0,0,0,0,0,0,0,0,0,0,0,0,0,0,0,0,0,0,0,0,0,0,0,0,0,0,0,0,0,0,0,0,0,0.000691561494,0,0,0,0,0,0,0,0,0,0,0,0,0,0.003332556225,0.001167194685,0,0,0,0.001031488646,0.0007470919518,0,0,0,0,0,0,0,0,0.006851364393,0,0,0,0,0,0.002380952472,0,0,0.000300233718,0,0,0,0,0,0,0.505145669,0.005639279727,0,0,0,0,0.1921574622,0.0008930040058,0,0.0001376192668,0.001199209481,0,0,0,0,0,0,0,0
22,0,0,0,0,0.005204858258,0.0002882330737,0,0,0,0,0,0,0,0,0,0,0,0,0,0,0,0,0,0,0,0,0,0,0,0,0,0,0,0,0,0,0,0,0,0,0,0,0,0,0,0,0,0,0,0,0,0,0,0,0,0,0,0,0,0,0,0,0,0,0,0,0,0,0,0,0,0,0,0,0,0,0,0,0,0,0,0,0,0,0,0,0,0,0,0,0,0,0,0.00621380657,0.002930512186,0.0005570137873,0,0,0.003629691433,0,0,0,0,0,0,0.0002742262732,0,0,0.006341524422,0,0,0,0,0,0.0002634484554,0,0,0,0,0,0,0,0,0,0.4139257669,0.02110460959,0,0,0,0,0.1531663835,0,0.001069798134,0.0007776030689,0,0,0,0,0,0,0,0,0
23,8.617393178e-06,0,0,0,0,0.000936692406,0,0,0,0,0,0,0,0,0,0,0,0,0,0,0,0,0,0,0,0,0,0,0,0,0,0,0,0,0,0,0,0,0,0,0,0,0,0,0,0,0,0,0,0,0,0,0,0,0,0,0,0,0,0,0,0,0,0,0,0,0,0,0,0,0,0,0,0,0,0,0,0,0,0,0,0,0,0,0,0,0,0,0,0,0,0,0,0.002380952472,0,0,0.002380952472,0,0,0,0,0,0,0,0,0,0,0,0.002380952239,0,0,0,0,0,0,0,0,0.001233981573,0,0,0,0,0,0,0.2769052386,0,0,0,0,0,0.07534131408,0,0,0,0,0,0,0,0,0,0,0,0
24,0,0,0,0,0.0001950753649,0,0,0,0,0,0,0,0,0,0,0,0,0,0,0,0,0,0,0,0,0,0,0,0,0,0,0,0,0,0,0,0,0,0,0,0,0,0,0,0,0,0,0,0,0,0,0,0,0,0,0,0,0,0,0,0,0,0,0,0,0,0,0,0,0,0,0,0,0,0,0,0,0,0,0,0,0,0,0,0,0,0,0,0,0,0,0,0,0.001882920507,0.002380952472,0,0,0,0,0,0,0,0,0,0,0,0,0,0,0,0,0,0,0,0,0,0,0,0,0,0,0,0,0,0.1924637705,0,0,0,0,0,0.05320610851,0,0,0,0,0,0,0,0,0,0,0,0
25,4.211232954e-05,2.080087688e-05,0,0,0.002513085725,0.002767009893,0,0,0,0,0,0,0,0,0,0,0,0,0,0,0,0,0,0,0,0,0,0,0,0,0,0,0,0,0,0,0,0,0,0,0,0,0,0,0,0,0,0,0,0,0,0,0,0,0,0,0,0,0,0,0,0,0,0,0,0,0,0,0,0,0,0,0,0,0,0,0,0,0,0,0,0.002380952472,0,0,0,0,0,0,0,0,0,0,0,0.0007125837728,0.0005882949336,0.0008008601726,0,0.0004116378841,0.002380952472,0.0005233284319,0,0,0,0,0.0006224191748,0,0,0,0.007142857648,0,0.0004793604312,0,0,0,0,0,0.0006780669792,0.0002067708992,0,0,0,0,0,0,0.4810977876,0.01440217812,0,0,0,0,0.1695842594,0,0.002380952472,0,0.0004343503388,0.0008806623518,0,0,0,0,0,0,0
26,5.005163985e-06,0,0,0,0.001624550205,0.003457318759,0,5.096786481e-06,0,0,0,0,0,0,0,0,0,0,0,0,0,0,0,0,0,0,0,0,0,0,0,0,0,0,0,0,0,0,0,0,0,0,0,0,0,0,0,0,0,0,0,0,0,0,0,0,0,0,0,0,0,0,0,0,0,0,0,0,0,0,0,0,0,0,0,0,0,0,0,0.0005543426378,0,0,0,0,0,0,0,0,0,0,0,0,0,0.009132356383,0,0.003025558079,0,0,0,0,0.0001002590143,0,0,0,0.00014674454,0,0,0,0.003740325104,0,0,0,0,0,0,0,0,0.002380952239,0,0,0,0,0,0,0.4979845881,0.01877633668,0.000298006431,0,0,0,0.1617697477,0.0007941274671,0,0.0002739537158,0,0,0,0,0,0.0003044753394,0,0,0
27,2.152652633e-05,0,0,0,0.0006574767758,0.002380952472,0,0,0,0,0,0,0,0,0,0,0,0,0,0,0,0,0,0,0,0,0,0,0,0,0,0,0,0,0,0,0,0,0,0,0,0,0,0,0,0,0,0,0,0,0,0,0,0,0,0,0,0,0,0,0,0,0,0,0,0,0,0,0,0,0,0,0,0,0,0,0,0,0,0,0,0,0,0,0,0,0,0,0,0,0,0,0,0.003755437909,0.003584708087,0,0,0.001064679585,0,0,0,0,0,0,0,0,0,0,0.002380952472,0,0,0,0,0,0,0,0,0,0,0.001530137728,0,0,0,0.002380952239,0.3578991592,0,0,0,0,0,0.1108547598,0,0,0,0,0,0,0,0,0,0,0,0
28,0,0,0,0,0.0006887671771,0,0,0,0,0,0,0,0,0,0,0,0,0,0,0,0,0,0,0,0,0,0,0,0,0,0,0,0,0,0,0,0,0,0,0,0,0,0,0,0,0,0,0,0,0,0,0,0,0,0,0,0,0,0,0,0,0,0,0,0,0,0,0,0,0,0,0,0,0,0,0,0,0,0,0,0,0,0,0,0,0,0,0,0,0,0,0,0,0,0,0,0,0,0,0,0,0,0,0,0,0,0,0,0,0,0,0,0,0,0.0008696503355,0,0,0,0,0,0,0,0,0,0.1130233258,0,0,0,0,0,0.05612262338,0,0,0,0,0,0,0,0,0,0,0,0
29,0,0,0,0,0.001198730315,0,0,0,0,0,0,0,0,0,0,0,0,0,0,0,0,0,0,0,0,0,0,0,0,0,0,0,0,0,0,0,0,0,0,0,0,0,0,0,0,0,0,0,0,0,0,0,0,0,0,0,0,0,0,0,0,0,0,0,0,0,0,0,0,0,0,0,0,0,0,0,0,0,0,0,0,0,0,0,0,0,0,0,0,0,0,0,0,0,0.002380952472,0.002380952472,0,0,0,0,0,0,0,0,0,0,0,0,0.002380952239,0,0,0,0,0,0,0,0.0007332990644,0,0,0,0,0,0,0,0.192982614,0.002380952472,0,0,0,0,0.05804596469,0,0,0,0,0,0,0,0,0,0,0,0
30,9.249550203e-06,0,0,0,0.0004653423966,0.001258733682,0,5.235060144e-06,0,0,0,0,0,0,0,0,0,0,0,0,0,0,0,0,0,0,0,0,0,0,0,0,0,0,0,0,0,0,0,0,0,0,0,0,0,0,0,0,0,0,0,0,0,0,0,0,0,0,0,0,0,0,0,0,0,0,0,0,0,0,0,0,0,0,0,0,0,0,0,0,0,0,0,0,0,0,0,0,0,0,0,0,0,0.004761904944,0,0,0,0,0,0,0,0,0,0,0,0,0,0,0,0,0.0001415421284,0,0,0,0,0,0,0,0,0,0,0,0,0,0.2955812216,0.002380952472,0,0,0,0,0.1295357347,0,0,0,0,0,0,0,0,0,0,0,0
31,0,0,0,0,0.001660183421,0,0,0,0,0,0,0,0,0,0,0,0,0,0,0,0,0,0,0,0,0,0,0,0,0,0,0,0,0,0,0,0,0,0,0,0,0,0,0,0,0,0,0,0,0,0,0,0,0,0,0,0,0,0,0,0,0,0,0,0,0,0,0,0,0,0,0,0,0,0,0,0,0,0,0,0,0,0,0,0,0,0,0,0,0,0,0,0,0.0007219614345,0,0,0,0,0,0,0,0,0,0,0,0,0,0,0,0,0,0,0,0,0,0,0,0,0,0,0,0,0,0,0.2524468303,0.001675396459,0,0,0,0,0.07925119251,0,0,0,0,0,0,0,0,0,0,0,0
32,0,0,0,0,0.0004683331645,0.00347356149,0,0,0,0,0,0,0,0,0,0,0,0,0,0,0,0,0,0,0,0,0,0,0,0,0,0,0,0,0,0,0,0,0,0,0,0,0,0,0,0,0,0,0,0,0,0,0,0,0,0,0,0,0,0,0,0,0,0,0,0,0,0,0,0,0,0,0,0,0,0,0,0,0,0,0,0,0,0,0,0,0,0,0,0,0,0,0,0,0,0,0,0,0,0,0,0,0,0,0,0,0,0,0,0,0,0,0,0,0,0,0,0,0,0,0,0,0,0,0.1913391799,0.002380952472,0,0,0,0,0.05731003359,0.002380952239,0,0,0,0,0,0,0,0,0,0,0
33,0,0,0,0,0.002380952472,0,0,0,0,0,0,0,0,0,0,0,0,0,0,0,0,0,0,0,0,0,0,0,0,0,0,0,0,0,0,0,0,0,0,0,0,0,0,0,0,0,0,0,0,0,0,0,0,0,0,0,0,0,0,0,0,0,0,0,0,0,0,0,0,0,0,0,0,0,0,0,0,0,0,0,0,0,0,0,0,0,0,0,0,0,0,0,0,0.002380952239,0,0,0,0,0,0,0,0,0,0,0,0,0,0,0.004761904944,0,0,0,0,0,0,0,0,0,0,0,0,0,0,0,0.1640790552,0,0,0,0,0,0.02288066223,0,0,0,0,0,0,0,0,0,0,0,0
34,0,0,0,0,0.002380952472,0,0,0,0,0,0,0,0,0,0,0,0,0,0,0,0,0,0,0,0,0,0,0,0,0,0,0,0,0,0,0,0,0,0,0,0,0,0,0,0,0,0,0,0,0,0,0,0,0,0,0,0,0,0,0,0,0,0,0,0,0,0,0,0,0,0,0,0,0,0,0,0,0,0,0,0,0,0,0,0,0,0,0,0,0,0,0,0,0,0,0,0,0,0,0,0,0,0,0,0,0,0,0,0,0,0,0,0,0,0,0,0,0,0,0,0,0,0,0,0.08203360438,0,0,0,0,0,0.01759504154,0,0,0,0,0,0,0,0,0,0,0,0
35,0,0,0,0,0,0,0,0,0,0,0,0,0,0,0,0,0,0,0,0,0,0,0,0,0,0,0,0,0,0,0,0,0,0,0,0,0,0,0,0,0,0,0,0,0,0,0,0,0,0,0,0,0,0,0,0,0,0,0,0,0,0,0,0,0,0,0,0,0,0,0,0,0,0,0,0,0,0,0,0,0,0,0,0,0,0,0,0,0,0,0,0,0,0.002380952472,0,0,0,0,0,0,0,0,0,0,0,0,0,0,0,0,0,0,0,0,0,0,0,0,0,0,0,0,0,0,0.1515261382,0.0005071560154,0,0,0,0,0.02616268955,0,0,0,0,0,0,0,0,0,0,0,0
36,0,0,0,0,0.002215604298,0.002380952472,0,1.145981696e-05,0,0,0,0,0,0,0,0,0,0,0,0,0,0,0,0,0,0,0,0,0,0,0,0,0,0,0,0,0,0,0,0,0,0,0,0,0,0,0,0,0,0,0,0,0,0,0,0,0,0,0,0,0,0,0,0,0,0,0,0,0,0,0,0,0,0,0,0,0,0,0,0,0,0,0,0,0,0,0,0,0,0,0,0,0,0,0,0,0,0,0,0,0,0,0,0,0,0,0,0,0,0,0,0,0,0,0.002380952472,0,0,0,0,0,0,0,0,0,0.2441391647,0,0,0,0,0,0.05383098498,0,0,0,0,0,0,0,0,0,0,0,0
37,0,0,0,0,0.001764322515,0,0,0,0,0,0,0,0,0,0,0,0,0,0,0,0,0,0,0,0,0,0,0,0,0,0,0,0,0,0,0,0,0,0,0,0,0,0,0,0,0,0,0,0,0,0,0,0,0,0,0,0,0,0,0,0,0,0,0,0,0,0,0,0,0,0,0,0,0,0,0,0,0,0,0,0,0,0,0,0,0,0,0,0,0,0,0,0,0,0,0,0,0,0,0,0,0,0,0,0,0,0,0,0.002380952472,0,0,0,0,0,0,0,0,0,0,0,0,0,0,0,0.1473808736,0,0,0,0,0,0.05589969084,0,0,0,0,0,0,0,0,0,0,0,0
38,0,0,0,0,0,0,0,0,0,0,0,0,0,0,0,0,0,0,0,0,0,0,0,0,0,0,0,0,0,0,0,0,0,0,0,0,0,0,0,0,0,0,0,0,0,0,0,0,0,0,0,0,0,0,0,0,0,0,0,0,0,0,0,0,0,0,0,0,0,0,0,0,0,0,0,0,0,0,0,0,0,0,0,0,0,0,0,0,0,0,0,0,0,0,0,0,0,0,0,0,0,0,0,0,0,0,0,0,0,0,0,0,0,0,0,0,0,0,0,0,0,0,0,0,0.02380952425,0,0,0,0,0,0.002380952472,0,0,0,0,0,0,0,0,0,0,0,0
39,0,0,0,0,0,0,0,0,0,0,0,0,0,0,0,0,0,0,0,0,0,0,0,0,0,0,0,0,0,0,0,0,0,0,0,0,0,0,0,0,0,0,0,0,0,0,0,0,0,0,0,0,0,0,0,0,0,0,0,0,0,0,0,0,0,0,0,0,0,0,0,0,0,0,0,0,0,0,0,0,0,0,0,0,0,0,0,0,0,0,0,0,0,0,0,0,0,0,0,0,0,0,0,0,0,0,0,0,0,0,0,0,0,0,0,0,0,0,0,0,0,0,0,0,0.04523809627,0,0,0,0,0,0.0008571204962,0,0,0,0,0,0,0,0,0,0,0,0
40,0,0,0,0,0.002380952472,0,0,0,0,0,0,0,0,0,0,0,0,0,0,0,0,0,0,0,0,0,0,0,0,0,0,0,0,0,0,0,0,0,0,0,0,0,0,0,0,0,0,0,0,0,0,0,0,0,0,0,0,0,0,0,0,0,0,0,0,0,0,0,0,0,0,0,0,0,0,0,0,0,0,0,0,0,0,0,0,0,0,0,0,0,0,0,0,0,0,0.002380952472,0,0,0,0.002380952472,0,0,0,0,0,0,0,0,0.004761904944,0,0,0,0,0,0,0,0,0,0,0,0,0,0,0,0.1164961383,0,0,0,0,0,0.03035968542,0,0,0,0,0,0,0,0,0,0,0,0
41,0,0,0,0,0,0,0,0,0,0,0,0,0,0,0,0,0,0,0,0,0,0,0,0,0,0,0,0,0,0,0,0,0,0,0,0,0,0,0,0,0,0,0,0,0,0,0,0,0,0,0,0,0,0,0,0,0,0,0,0,0,0,0,0,0,0,0,0,0,0,0,0,0,0,0,0,0,0,0,0,0,0,0,0,0,0,0,0,0,0,0,0,0,0,0,0,0,0,0,0,0,0,0,0,0,0,0,0,0,0,0,0,0,0,0,0,0,0.002380952472,0,0,0,0,0,0,0.05799815804,0.004761904944,0,0,0,0,0.01312002074,0,0,0,0,0,0,0,0,0,0,0,0
42,0,0,0,0,0,0,0,0,0,0,0,0,0,0,0,0,0,0,0,0,0,0,0,0,0,0,0,0,0,0,0,0,0,0,0,0,0,0,0,0,0,0,0,0,0,0,0,0,0,0,0,0,0,0,0,0,0,0,0,0,0,0,0,0,0,0,0,0,0,0,0,0,0,0,0,0,0,0,0,0,0,0,0,0,0,0,0,0,0,0,0,0,0,0,0,0,0,0,0,0,0,0,0,0,0,0,0,0,0.002380952472,0,0,0,0,0,0,0,0,0,0,0,0,0,0,0,0.08138605207,0,0,0,0,0,0.02037931234,0,0,0,0,0,0,0,0,0,0,0,0
43,0,0,0,0,0,0,0,0,0,0,0,0,0,0,0,0,0,0,0,0,0,0,0,0,0,0,0,0,0,0,0,0,0,0,0,0,0,0,0,0,0,0,0,0,0,0,0,0,0,0,0,0,0,0,0,0,0,0,0,0,0,0,0,0,0,0,0,0,0,0,0,0,0,0,0,0,0,0,0,0,0,0,0,0,0,0,0,0,0,0,0,0,0,0,0,0,0,0,0,0,0,0,0,0,0,0,0,0,0,0,0,0,0,0,0,0,0,0,0,0,0,0,0,0,0.007142857648,0,0,0,0,0,0,0,0,0,0,0,0,0,0,0,0,0,0
44,0.0003983485221,0,6.210729771e-05,0,0.01276673842,0.0235606581,0,0.0005419861991,0,0,0,0,0,0,0,0,0.002380952472,0,0,0,0,0,0,0,0,0,0,0,0,0,0,0,0,0,0,0,0,0,0,0,0,0,0,0,0,0,0,0,0,0,0,0,0,0,0,0,0,0,0,0,0,0,0,0,0,0,0,0,0,0,0,0,0,0,0,0,0,0,0,0,0,0,0,0,0,0,0,0,0,0,0,0,0,0.01302701235,0,0.0002588461211,0,6.073014447e-05,1.471076303e-05,0,0,0,0,0,0,0,0,0,0.0007575045456,0,0.0001708197378,0,0,0,0,0,0,0.000405356026,0,0,0,0,0,0,0.628392756,0.004255262204,0,0,0,0,0.1595266163,0,0,0.000664226478,0.003464580514,0,0,0,0,0,0,8.025856368e-05,0
45,0.0002499712573,0,0,0,0.01020322926,0.02265833691,0,0.001490723109,0,0,0,0,0,0,0,0,0,0,0,0,0,0,0,0,0,0,0,0,0,0,0,0,0,0,0,0,0,0,0,0,0,0,0,0,0,0,0,0,0,0,0,0,0,0,0,0,0,0,0,0,0,0,0,0,0,0,0,0,0,0,0,0,0,0,0,0,0,0,0,0,0,0,0,0,0,0,0,0,0,0,0,0,0,0.02033221163,3.3245753e-05,2.136003241e-05,0,0,0,0,0,0,0,0,0,0,0,0,0.000293047342,0,0.0003331095795,0,0,0,0,0,0.002380952472,0,0,0,0,0,0,0,0.6440649629,0.009571889415,0,0,3.859318895e-05,0,0.1579264551,0,0.002380952472,0.002931794152,0,0,0,0,0,0,0,0,0
46,0.0001291751541,0,0,0,0.01274940092,0.009858922102,0,0.000238502922,0,0,0,0,0,0,0,0,0,0,0,0,0,0,0,0,0,0,0,0,0,0,0,0,0,0,0,0,0,0,0,0,0,0,0,0,0,0,0,0,0,0,0,0,0,0,0,0,0,0,0,0,0,0,0,0,0,0,0,0,0,0,0,0,0,0,0,0,0,0,0,0,0,0,0,0,0,0,0,0,0,0,0,0,0,0.01019986533,0.0001974397019,0.0001358513255,0,0,0.000659396057,7.052890578e-05,0,0,0,0,0,0,0,0,5.83676956e-06,0,3.322491102e-05,0,0,0,0,0,0.0007076650509,0.00075897848,0,0,0,0,0,0,0.4970133007,0.01025493536,0,0,0,0,0.13727054,0.0002894863719,0,0,0.002380952472,0,0,0,0,0,0,0,0
47,0.0001862591889,0,9.981387848e-05,0.002380952472,0.01392565947,0.01428803802,0,0.0006346438895,0,0,0,0,0,0,0,0,0.002380952472,0,0,0,0,0,0,0,0,0,0,0,0,0,0,0,0,0,0,0,0,0,0,0,0,0,0,0,0,0,0,0,0,0,0,0,0,0,0,0,0,0,0,0,0,0,0,0,0,0,0,0,0,0,0,0,0,0,0,0,0,0,0,0,0,0,0,0,0,0,0,0,0,0,0,0,0,0.01105863601,1.320888805e-05,0.0002278898028,0,0,0,0,0,0,0.0002605183399,0,0,0,0,0,0.001215863158,0,0,0,0,0,0,0,0,0.0003386939352,0,0,0,0,0,0,0.5985270739,0.003163332352,0,0,0,0,0.1360359192,0,0,0,0,0,0,0,0,0,0,0,0
48,0.0006541138282,0,0.0003116450971,0,0.01257394534,0.02484134398,0,0.0008764871745,0,0,0,0,0,0,0,0,0,0,0,0,0,0,0,0,0,0,0,0,0,0,0,0,0,0,0,0,0,0,0,0,0,0,0,0,0,0,0,0,0,0,0,0,0,0,0,0,0,0,0,0,0,0,0,0,0,0,0,0,0,0,0,0,0,0,0,0,0,0,0,0,0,0,0,0,0,0,0,0,0,0,0,0,0,0.01397925243,0,0.0001159041931,0,6.953091361e-05,0,0.0003287289583,0,0,0,0,0,0,0,0,0.0003383952135,0,0,0,0,0,0,0,0,0.000199427639,0,0,0,0,0,0.0007195026847,0.6490938663,0.005277013406,0,0,0,0,0.1267914176,0,0,0,0.0007778984727,0,0,0,0,0,0,0,0
49,0.0003659662616,0,0.0003048520593,0.0002179842122,0.01359467115,0.04993962497,0,0.001247051638,0,0,0,0,0,0,0,0,0,0,0,0,0,0,0,0,0,0,0,0,0,0,0,0,0,0,0,0,0,0,0,0,0,0,0,0,0,0,0,0,0,0,0,0,0,0,0,0,0,0,0,0,0,0,4.691918093e-06,0,0,0,0,0,0,0,0,0,0,0,0,0,0,0,0,0,0,0,0,0,0,0,0,0,0,0,0,0,4.316931154e-06,0.01321540866,7.942257071e-05,0.0002938890539,1.710297147e-05,0,1.559875045e-06,3.809827467e-05,0,0,0,0,0,0,0,0,0.0002105749154,0.005922931712,0,0,0,0,0,0,0.001371074002,0.001053806162,0,0,0,0,0,0.001349109225,0.6674104333,0.004477526993,0,0,3.533655672e-06,0,0.1420301944,0.002786708763,0.004527634941,0.0001513175521,0.002740397351,0,0,0,0,0,0,0,0
50,0.0002155064576,0,0,0,0.01234860346,0.01917536743,0,0.0003645850811,0,0,0,0,0,0,0,0,0,0,0,0,0,0,0,0,0,0,0,0,0,0,0,0,0,0,0,0,0,0,0,0,0,0,0,0,0,0,0,0,0,0,0,0,0,0,0,0,0,0,0,0,0,0,0,0,0,0,0,0,0,0,0,0,0,0,0,0,0,0,0,0,0,0,0,0,0,0,0,0,0,0,0,0,0,0.0116155399,3.370294144e-05,0.0002039229003,0,2.084841435e-05,0,0.0003900951124,0,0,0,0,0,0,0,0,0.0003916948335,0,2.771102299e-05,0,0,0,0,0,0.002380952472,0,0,0,0,0,0,0,0.5817295313,0.006108471658,0,0,0,0,0.1487248838,5.886560393e-05,0,0,0,0,0,0,0,0,0,0,0
51,0.0003106278018,0,0.0002418132499,0.0005860737874,0.01211886015,0.03769303113,0.0006964312633,0.0004054552119,0,0,4.867315965e-06,0,0,0,0,1.108988999e-05,0,0,0,0,0,0,0,0,0,0,0,0,0,0,0,0,0,0,0,0,0,0,0,0,0,0,0,0,0,0,0,0,0,0,0,0,0,0,0,0,0,0,0,0,0,0,0,0,0,0,0,0,0,0,0,0,0,0,0,0,0,0,0,0,0,0,0,0,0,0,0,0,0,0,0,0,0,0.01176994387,4.985896885e-05,0.0002278753818,0,5.832951501e-06,2.261029476e-05,3.357060677e-06,5.059625892e-07,0,2.344133645e-05,0,0.002380952472,0.0008213162655,0,0,0.0003995509178,0,0,0,0,0,0,0,0.001134766149,0.0003104101052,0,0,0,0,0,0,0.6075294614,0.004673295189,0,0,0,0,0.1358212233,0.003023730125,0.003604866331,5.01978393e-05,0.0008341936627,0,0,0,0,0,0,6.508872957e-06,0
52,7.67274687e-05,0,0.0001382875198,0.0002704223734,0.005914707668,0.02005788498,0,0.00114730862,0,0,0,0,0,0,0,0,0,0,0,0,0,0,0,0,0,0,0,0,0,0,0,0,0,0,0,0,0,0,0,0,0,0,0,0,0,0,0,0,0,0,0,0,0,0,0,0,0,0,0,0,0,0,0,0,0,0,0,0,0,0,0,0,0,0,0,0,0,0,0,0,0,0,0,0,0,0,0,0,0,0,0,0,0,0.01306830253,0.001056744833,0.006468040869,0,0.0003638728813,0,0.001934091095,1.315758618e-05,0,1.29568416e-05,0,0,0,0.00012707524,0,0.001137333689,0,0,0,0,0,0,0,0,0.000190641309,0,0,0,0,0,0.002380952472,0.5338975787,0.005674757995,0,0,0,2.828921424e-05,0.1170936972,0.002732609631,0.001730366377,0.0004093812604,0.001814101241,0.0006058163708,0,0,0,0,0,0,0
53,0,0,0,0,0.003064081538,0.003897606861,0,0.001164796762,0,0,0,0,0,0,0,0,0,0,0,0,0,0,0,0,0,0,0,0,0,0,0,0,0,0,0,0,0,0,0,0,0,0,0,0,0,0,0,0,0,0,0,0,0,0,0,0,0,0,0,0,0,0,0,0,0,0,0,0,0,0,0,0,0,0,0,0,0,0,0,0,0,0,0,0,0,0,0,0,0,0,0,0,0,0,0.002380952239,0,0,0,0,0,0,0,0,0,0,0,0,0,0.000546182564,0,0,0,0,0,0,0,0,0,0,0,0,0,0,0,0.1740898788,0.002859412692,0,0,0,0,0.06394246966,0,0,0,0,0,0,0,0,0,0,0,0
54,0,0,0,0,0.002837430919,0.002380952472,0,0,0,0,0,0,0,0,0,0,0,0,0,0,0,0,0,0,0,0,0,0,0,0,0,0,0,0,0,0,0,0,0,0,0,0,0,0,0,0,0,0,0,0,0,0,0,0,0,0,0,0,0,0,0,0,0,0,0,0,0,0,0,0,0,0,0,0,0,0,0,0,0,0,0,0,0,0,0,0,0,0,0,0,0,0,0,0,0,0,0,0,0,0,0,0,0,0,0,0,0,0,0,0,0,0,0,0,0,0,0,0,0,0,0,0,0,0,0.1145093963,0,0,0,0,0,0.03095613606,0,0,0,0,0,0,0,0,0,0,0,0
55,0,0,0,0,0.000974276918,0,0,0,0,0,0,0,0,0,0,0,0,0,0,0,0,0,0,0,0,0,0,0,0,0,0,0,0,0,0,0,0,0,0,0,0,0,0,0,0,0,0,0,0,0,0,0,0,0,0,0,0,0,0,0,0,0,0,0,0,0,0,0,0,0,0,0,0,0,0,0,0,0,0,0,0,0,0,0,0,0,0,0,0,0,0,0,0,0,0,0,0,0,0,0,0,0,0,0,0,0,0,0,0.001257618773,0,0,0,0,0,0,0,0,0,0,0,0,0,0,0,0.1315536499,0.0003307040024,0,0,0,0,0.03997816145,0,0,0,0,0,0,0,0,0,0,0,0
56,0,0,0,0,0.00100230833,0,0,0,0,0,0,0,0,0,0,0,0,0,0,0,0,0,0,0,0,0,0,0,0,0,0,0,0,0,0,0,0,0,0,0,0,0,0,0,0,0,0,0,0,0,0,0,0,0,0,0,0,0,0,0,0,0,0,0,0,0,0,0,0,0,0,0,0,0,0,0,0,0,0,0,0,0,0,0,0,0,0,0,0,0,0,0,0,0,0,0,0,0,0,0,0,0,0,0,0,0,0,0,0,0,0,0,0,0,0,0,0,0,0,0,0,0,0,0,0.1375680566,0.002380952472,0,0,0,0,0.04526280984,0.002380952472,0,0,0,0,0,0,0,0,0,0,0
57,4.108144276e-05,0,0,0,0.00334254629,0,0,2.095417585e-05,0,0,0,0,0,0,0,0,0,0,0,0,0,0,0,0,0,0,0,0,0,0,0,0,0,0,0,0,0,0,0,0,0,0,0,0,0,0,0,0,0,0,0,0,0,0,0,0,0,0,0,0,0,0,0,0,0,0,0,0,0,0,0,0,0,0,0,0,0,0,0,0,0,0,0,0,0,0,0,0,0,0,0,0,0,0.002364799846,0,0,0,0,0,0,0,0,0,0,0,0,0,0,0,0,0,0,0,0,0,0,0,0,0,0,0,0,0,0,0.254544884,0,0,0,0,0,0.06900429726,0,0,0,0.002380952472,0,0,0,0,0,0,0,0
58,0.0001875010203,0,9.742320981e-05,0,0.004363548476,0.00639487477,0,0.0005170542281,0,0,0,0,0,0,0,0,0,0,0,0,0,0,0,0,0,0,0,0,0,0,0,0,0,0,0,0,0,0,0,0,0,0,0,0,0,0,0,0,0,0,0,0,0,0,0,0,0,0,0,0,0,0,0,0,0,0,0,0,0,0,0,0,0,0,0,0,0,0,0,0,0,0,0,0,0,0,0,0,0,0,0,0,0,0.01168199163,0.003245912492,0.006961686537,0,0.001461661188,0,0.0003357451933,0,0.000201331568,2.945980486e-05,0,0,0,0,0,0.0008715023869,0,0,0,0,0,0,0,0,0.000756016525,0,0,0,0,0,0.0003482557659,0.4834861159,0.005519125145,0,0,0,0,0.08278541267,0.0006169647677,0,9.881359438e-05,0.002380952472,0,0,0,0,0,0,0,0
59,4.972456736e-06,0,0,0,0.01071578171,0.01008295827,0,5.29203644e-05,0,0,0,0,0,0,0,5.303047601e-07,0,0,0,0,0,0,0,0,0,0,0,0,0,0,0,0,0,0,0,0,0,0,0,0,0,0,0,0,0,0,0,0,0,0,0,0,0,0,0,0,0,0,0,0,0,0,0,0,0,0,0,0,0,0,0,0,0,0,0,0,0,0,0,0,0,0,0,0,0,0,0,0,0,0,0,0,0,0.01155065931,0.003037666203,0.004321002867,0,0.0002771193103,0.0002494513465,0.0001020320415,0.0001089987345,0,0,0,0,0,0,0,0.001341343392,0,1.832636008e-05,0,1.022723836e-06,0,0,0,0,5.847293869e-05,0,0,0,0,0,0,0.5173119307,0.006784456782,0,0,0,0,0.06795347482,5.42994967e-05,0.0002447669685,0.0001539901714,0.004650196526,0,0,0,0,0,0,0,0
60,0.000757267233,0,3.734498023e-05,0.002380952239,0.008365475573,0.007451698184,0,0.0001676178945,0,0,0,0,0,0,0,0,0,0,0,0,0,0,0,0,0,0,0,0,0,0,0,0,0,0,0,0,0,0,0,0,0,0,0,0,0,0,0,0,0,0,0,0,0,0,0,0,0,0,0,0,0,0,0,0,0,0,0,0,0,0,0,0,0,0,0,0,0,0,0,0,0,0,0,0,0,0,0,0,0,0,0,0,0,0.01231447235,0,0.001094659674,0,0,0,0,3.654545435e-05,0,0,0,0,0,0,0,0.001746477443,0,0,0,0,0,0,0,0.002380952472,0.001800959231,0,0,0,0,0,0,0.4422304332,0.003675519489,0,0,0,0,0.1166338101,0.002380952472,0,0,0,0,0,0,0,0,0,0,0
61,0.0005084917066,0,0.0001041460127,0,9.218644846e-05,0.002380952239,0,0,0,0,0,0,0,0,0,0,0,0,0,0,0,0,0,0,0,0,0,0,0,0,0,0,0,0,0,0,0,0,0,0,0,0,0,0,0,0,0,0,0,0,0,0,0,0,0,0,0,0,0,0,0,0,0,0,0,0,0,0,0,0,0,0,0,0,0,0,0,0,0,0,0,0,0,0,0,0,0,0,0,0,0,0,0,0.002162762918,0,0,0,0,0,0,0,0,0,0,0,0,0,0,0.001745760208,0,0,0,0,0,0,0,0,0.0001499768259,0,0,0,0,0,0,0.1985017061,0.0008109374903,0,0,0,0,0.04450138286,0,0,0.0006019032444,0,0,0,0,0,0,0,0,0
62,0.0001390836987,0,0,0.001256109448,0.003673267784,0.009822992608,0,0.001211309922,0,0,0,0,0,0,0,0,0,0,0,0,0,0,0,0,0,0,0,0,0,0,0,0,0,0,0,0,0,0,0,0,0,0,0,0,0,0,0,0,0,0,0,0,0,0,0,0,0,0,0,0,0,0,0,0,0,0,0,0,0,0,0,0,0,0,0,0,0,0,0,0,0,0,0,0,0,0,0,0,0,0,0,0,0,0.01387735363,0.003237703117,0,0,0.002380952472,0,0.0009500838351,7.814352284e-05,0,0.0001405010553,0,0.0005576192052,0,0,0,0.0008809299907,0,5.461744149e-05,0,0,0,0,0,0.0001586368162,0.0007730606594,0.000519992318,0,0,0,0,0,0.4632890522,0.002926345216,0,0,0,0,0.1207371876,9.682209929e-05,0,0.0002652259136,0.0009756488143,0.0005692251143,0,0,0,0,0,0,0
63,0.0005211259704,0.0007990118465,0.0004716452968,0.0004385848879,0.008345880546,0.01632308401,0.002380952472,0.0007004205254,0,0,0,4.127387729e-05,0,5.068071914e-05,0,1.485901521e-05,0,0,0,0,0,0,0,0,0,0,0,0,0,0,0,0,0,0,0,0,0,0,0,0,0,0,0,0,0,0,0,0,4.691918093e-06,0,0,0,0,0,0,0,0,0,0,0,0,0,0,0,0,0,0,0,0,0,0,0,0,0,0,0,0,0,0,0,0,0,0,0,0,0,0,0,0.001301729004,0,0,0,0,0.01069093961,0.0009418035042,0.002050329,0.0001658421825,0.0001548751607,0.0003190126154,0.0009622173966,7.233756332e-05,0,5.119345224e-05,0.0001228440669,0,0,0,0,0.001178749255,0.0002257897286,0,0,0,2.570451579e-05,0,0,0.0007878098986,0.0003957221343,0.001212642761,0,0,0,0,0.001114670886,0.5294485688,0.004116963129,0,0,1.020114541e-05,0.0001988656149,0.1404212713,0.001210244372,0.001426557661,0.0002983398444,0.003188381437,0.0001665270247,0,0,0,0,0,0,9.350057553e-06
64,0.0003108564706,0.0001556914212,0.0002352944284,0.0002550530771,0.006672661752,0.02059631236,0.003397821449,0.0006270515732,0,0,0,3.449907308e-05,2.614779532e-06,0.0002907797752,0,2.072606367e-05,9.435263928e-05,0,0,0,0,0,0,0,0,0,0,0,0,0,0,0,0,0,0,0,0,0,0,0,0,0,0,0,0,0,0,0,0,0,0,0,0,0,0,0,0,0,0,0,0,0,0,0,0,0,0,0,0,0,0,0,2.86272043e-05,0,0,0,0,0,0,1.908702188e-06,0,0,0,0,0,0,0,0,0,0,0,0,0,0.01216345467,0.005456351209,0.01688187942,0.0007410692051,0.001006122679,0.001304827514,0.001579403994,0.0001505558757,0.0001810443209,5.26543372e-05,5.456879808e-05,2.968721128e-05,0,0,0,0.003594169393,0,1.836847332e-05,0,9.560721992e-07,2.723371381e-06,4.628526585e-05,0,8.259215247e-05,0.0004194510693,0,0,0,0,0,0.003829658264,0.5441038609,0.007350360509,0,0,2.433993586e-06,3.212448428e-05,0.1116834655,0.001016565599,0.0009662870434,0.0003856842231,0.002050070325,0,0,0.0008283134084,0.0001494033204,0,0,0.0001094832696,4.357203579e-06
65,0,0,0,0,0.01073099114,0.004179385491,0,0,0,0,0,0,0,0,0,0,0,0,0,0,0,0,0,0,0,0,0,0,0,0,0,0,0,0,0,0,0,0,0,0,0,0,0,0,0,0,0,0,0,0,0,0,0,0,0,0,0,0,0,0,0,0,0,0,0,0,0,0,0,0,0,0,0,0,0,0,0,0,0,0,0,0,0,0,0,0,0,0,0,0,0,0,0,0.005792732351,0,0,0,0,0,0,0,0,0,0,0,0,0,0,0.0003197770566,0,0,0,0,0,0,0,0,0.0002314039011,0,0,0,0,0,0,0.3213810623,0,0,0,0,0,0.07394399494,0,0,0,0,0,0,0,0,0,0,0,0
66,9.318427146e-06,0,1.756039092e-05,0,0.005792230368,0.007142857648,0,0,0,0,0,0,0,0,0,0,0,0,0,0,0,0,0,0,0,0,0,0,0,0,0,0,0,0,0,0,0,0,0,0,0,0,0,0,0,0,0,0,0,0,0,0,0,0,0,0,0,0,0,0,0,0,0,0,0,0,0,0,0,0,0,0,0,0,0,0,0,0,0,0,0,0,0,0,0,0,0,0,0,0,0,0,0,0.007149423007,0,0,0,0,0,0,0,0,0,0,0,0,0,0,0.0001627013116,0,0,0,0,0,0,0,0,0,0,0,0,0,0,0,0.3724530637,0.0009732824983,0,0,0,0,0.1015876159,0,0.001191440737,0,0,0,0,0,0,0,0,0,0
67,0.0002250239631,0,8.388060087e-05,0,0.005481210537,0.005854509771,0,0.0001344165794,0,0,0,0,0,0,0,0,0,0,0,0,0,0,0,0,0,0,0,0,0,0,0,0,0,0,0,0,0,0,0,0,0,0,0,0,0,0,0,0,0,0,0,0,0,0,0,0,0,0,0,0,0,0,0,0,0,0,0,0,0,0,0,0,0,0,0,0,0,0,0,0,0,0,0,0,0,0,0,0,0,0,0,0,0,0.005997803528,0,0.002380952239,0,0,0,0,0,0,0,0,0,0,0,0,0.0007996122586,0,0,0,0,0,0,0,0,0.0005148535129,0,0,0,0,0,0,0.3603021204,0.003329107072,0,0,0,0,0.07771217078,0,0,0,0,0,0,0,0,0,0,0,0
68,5.350552965e-05,0,0.0001942600793,0.0001419079053,0.003020337783,0.004955235403,0,6.360731641e-05,0,0,1.364751142e-06,0,0,0,0,0,0,0,0,0,0,0,0,0,0,0,0,0,0,0,0,0,0,0,0,0,0,0,0,0,0,0,0,0,0,0,0,0,0,0,0,0,0,0,0,0,0,0,0,0,0,0,0,0,0,0,0,0,0,0,0,0,0,0,0,0,0,0,0,0,0,0,0,0,0,0,0,0,0,0,0,0,0,0.01257669833,0.003310490632,0,0,0,0,0,0,0,4.147294021e-05,0,0,0,0,0,0.002289964352,0,2.765626778e-05,0,0,0,0,0,0.000176613903,3.434428072e-05,0,0,0,0,0,0,0.4160444736,0.009890957735,0,0,0,0,0.07276301831,6.686693087e-05,0,6.630141434e-05,0.0008621055749,0,0,0,0,0,0,0,0
69,0.0003120404144,0,0.0001709137869,0,0.005592279602,0.01813490875,0,0.0004426352389,0,0,0,0,0,0,0,0,0.0002167346684,0,0,0,0,0,0,0,0,0,0,0,0,0,0,0,0,0,0,0,0,0,0,0,0,0,0,0,0,0,0,0,0,0,0,0,0,0,0,0,0,0,0,0,0,0,0,0,0,0,0,0,0,0,0,0,0,0,0,0,0,0,0,0,0,0,0,0,0,0,0,0,0,0,0,0,0,0.008785216138,0.004914382007,0.003790713614,0,0,0.000262082991,3.998864122e-05,3.924348493e-05,0,0,0,0,0,0,0,0.001413187012,0,7.31484979e-05,0,0,0,0,0,0,0.0002377686906,0,0,0,0,0,0,0.509952426,0.007641742472,0,0,0,0,0.1305426806,0.0008028302691,0.0002178978757,0,0.0001574202033,0,0,0,0,0,0,0,0
70,0.0001100962763,0,8.825657278e-05,0,0.00968933478,0.0130562447,0,0.0001799128804,0,0,0,0,0,0,0,0,0,0,0,0,0,0,0,0,0,0,0,0,0,0,0,0,0,0,0,0,0,0,0,0,0,0,0,0,0,0,0,0,0,0,0,0,0,0,0,0,0,0,0,0,0,0,0,0,0,0,0,0,0,0,0,0,0,0,0,0,0,0,0,0,0,0,0,0,0,0,0,0,0,0,0,0,0,0.007903088816,0.002380952239,0.002380952472,0.002380952239,0,0.002999722958,0.002380952239,0,0.0004267902987,0,0,0,0,0,0,0.001684170566,0,0,0,0,0,0,0,5.863186016e-05,0.0008307272801,0,0,0,0,0,0,0.5260486603,0.003714396153,0,0,0,0,0.07693104446,0.0001888774714,0,0.0005621699966,0,0,0,0,0,0,0,0,0
71,1.737231287e-05,0,1.405991588e-05,0,0.007608816493,0.01605229266,0.002380952472,7.918112715e-06,0,0,0,0,0,0,0,6.519854196e-06,0,0,0,0,0,0,0,0,0,0,0,0,0,0,0,0,0,0,0,0,0,0,0,0,0,0,0,0,0,0,0,0,0,0,0,0,0,0,0,0,0,0,0,0,0,0,0,0,0,0,0,0,0,0,0,0,0,0,0,0,0,0,0,0,0,0,0,0,0,0,0,0,0,0,0,0,0,0.01695886999,0,0,0.0006517380243,0,0,0,0,0,0,0,0,0,0,0,0.0001312132663,0,0,0,0,0,0,0,9.544567729e-05,0.000256825675,0,0,0,0,0,0,0.4705380499,0.001444560825,0,0,0,0,0.09816123545,0.00113462843,0,5.961607167e-05,0.0009187860996,0,0,0,0,0,0,0,0
72,0,0,1.823107777e-05,0,0.01230455842,0.002380952472,0,0,0,0,0,0,0,0,0,0,0,0,0,0,0,0,0,0,0,0,0,0,0,0,0,0,0,0,0,0,0,0,0,0,0,0,0,0,0,0,0,0,0,0,0,0,0,0,0,0,0,0,0,0,0,0,0,0,0,0,0,0,0,0,0,0,0,0,0,0,0,0,0,0,0,0,0,0,0,0,0,0,0,0,0,0,0,0.003298880532,0.0004717911361,0,0,0,0,0,0,0,0.0006582008209,0,0,0,0,0,0,0,0,0,0,0,0,0,0,0.000771849649,0,0,0,0,0,1.44172202e-06,0.2540217638,0.004761904944,0,0,0,0,0.1642563492,0,0,0.003111067694,1.898358096e-05,0,0,2.64121627e-06,0,0,0,0,0
73,0.0008747664397,0,5.672598945e-06,0,0.01244374737,0.006814847235,5.087065074e-05,0.0003071948595,0,0,0,0,4.18555345e-07,0,0,0,0,0,0,0,0,0,0,0,0,0,0,0,0,0,0,0,0,0,0,0,0,0,0,0,0,0,0,0,0,0,0,0,0,0,0,0,0,0,0,0,0,0,0,0,0,0,0,2.86272043e-05,0,0,0,0,0,0,0,0,0,0,0,0,0,0,0,0,0,0,0,0,0,0,0,0,0,0,0,0,0,0.009750946425,0.000969378103,0.00266962056,5.356356633e-05,0.0007783483015,5.93176992e-05,0.001639360562,0,0,0.000339604856,0,0,0,0,0,0.004820647649,0,6.506678619e-05,0,1.419778164e-05,0,0.003388496349,0,0.001058992231,0.002102190861,0,0,0,0,0,0,0.5958083272,0.01924254559,0,0,0,0,0.1784837842,0,0.003857739968,0.001613709494,0.001348245423,0,0,0,0,0,0,8.256921865e-05,0
74,0.0001447464747,0,0.0003105716023,0,0.001260071644,0.008038671687,0,0.0001609509782,0,0,0,0,0,0,0,0,0,0,0,0,0,0,0,0,0,0,0,0,0,0,0,0,0,0,0,0,0,0,0,0,0,0,0,0,0,0,0,0,0,0,0,0,0,0,0,0,0,0,0,0,0,0,0,0,0,0,0,0,0,0,0,0,0,0,0,0,0,0,0,0,0,0,0,0,0,0,0,0,0,0,0,0,0,0.001974944025,0.002380952472,0.004761904944,0,0,0.000823527691,0.0009915210539,0,0,0,0,0,0,0,0,0.0002726530947,0,0,0,0,0,0,0,8.059364518e-06,0,0,0,0,0,0,0,0.4360422492,0.006084749475,0,0,0,0,0.09408964217,0,0,4.652352072e-05,0,0,0,0.002380952472,0,0,0,0,0
75,0.0001148347583,0,0.000132759611,0.0001479021594,0.005832425319,0.01732663438,0.0009066971834,0.0003224762913,0,0,0,0,0,0,0,0,0,0,0,0,0,0,0,0,0,0,0,0,0,0,0,0,0,0,0,0,0,0,0,0,0,0,0,0,0,0,0,0,0,0,0,0,0,0,0,0,0,0,0,0,0,0,0,0,0,0,0,0,0,0,0,0,0,0,0,0,0,0,0,0,0,0,0,0,0,0,0,0,0,0,0,0,0,0.004806226585,0.0006910201046,0.001214223565,4.038379484e-05,2.227865662e-05,5.698966197e-05,0,2.415646122e-05,0,0,0,0,0,0,0,0,0,0,0,2.796586341e-05,0,0,0,0,0.0003615171299,0,0,0,0.002380952472,0,0.0031187844,0.484077394,0.003594859038,0,0,0,0,0.1315244883,0.002392873401,0.0014692978,0,0.00158873247,0.002380952472,0,0,0,0,0,2.72681591e-05,0
76,0,0,0,0,0.02223107405,0.0036762245,0,0,0,0,0,0,0,0,0,0,0,0,0,0,0,0,0,0,0,0,0,0,0,0,0,0,0,0,0,0,0,0,0,0,0,0,0,0,0,0,0,0,0,0,0,0,0,0,0,0,0,0,0,0,0,0,0,0,0,0,0,0,0,0,0,0,0,0,0,0,0,0,0,0,0,0,0,0,0,0,0,0,0,0,0,0,0,0.005778575316,0,0.003972970881,0,0,0,0,0,0,0,0,0,0,0,0,0.003258259036,0,0.001045549405,0,0,0,0,0,0,0.0001927177218,0,0,0,0,0,0,0.2595024109,0.00157271605,0,0,0,0,0.1307992786,0,0.003014362184,0,0,0,0,0,0,0,0,0,0
77,0,0,0,0,0.007270191796,0.002380952239,0,0.0001532456954,0,0,0,0,0,0,0,0,0,0,0,0,0,0,0,0,0,0,0,0,0,0,0,0,0,0,0,0,0,0,0,0,0,0,0,0,0,0,0,0,0,0,0,0,0,0,0,0,0,0,0,0,0,0,0,0,0,0,0,0,0,0,0,0,0,0,0,0,0,0,0,0,0,0,0,0,0,0,0,0,0,0,0,0,0,0.009472176433,0,0,0,0,0,0,0,0,0,0,0,0,0,0,0.00127464463,0,0,0,0,0,0,0,0,0,0,0,0,0,0,0,0.1689679325,0.002380952472,0,0,0,0,0.05029017478,0,0,0,0,0,0,0,0,0,0,0,0
78,0,0,0,0,0.01487029716,0,0,3.207286863e-05,0,0,0,0,0,0,0,0,0,0,0,0,0,0,0,0,0,0,0,0,0,0,0,0,0,0,0,0,0,0,0,0,0,0,0,0,0,0,0,0,0,0,0,0,0,0,0,0,0,0,0,0,0,0,0,0,0,0,0,0,0,0,0,0,0,0,0,0,0,0,0,0,0,0,0,0,0,0,0,0,0,0,0,0,0,0.004227391444,0,0,0,0,0,0,0,0,0,0,0,0,0,0,0,0,0,0,0,0,0,0,0,0.0004110161972,0,0,0,0,0,0,0.228659153,0,0,0,0,0,0.0735283941,0,0,0,0,0,0,0,0,0,0,0,0
79,0,0,0,0,0.007091755979,0,0,2.380862861e-05,0,0,0,0,0,0,0,0,0,0,0,0,0,0,0,0,0,0,0,0,0,0,0,0,0,0,0,0,0,0,0,0,0,0,0,0,0,0,0,0,0,0,0,0,0,0,0,0,0,0,0,0,0,0,0,0,0,0,0,0,0,0,0,0,0,0,0,0,0,0,0,0,0,0,0,0,0,0,0,0,0,0,0,0,0,0.009640647098,0,0.002380952239,0,0,0.002380952472,0,0,0,0,0,0,0,0,0,0,0,0,0,0,0,0,0,0,7.973723405e-05,0,0,0,0,0,0,0.3453211188,0.0007464630762,0,0,0,0,0.08932190388,0,0,0,0,0,0,0,0,0,0,0,0
80,0.0001987631549,0,0.000175480076,0.0002023436391,0.01170511171,0.01585862413,0,0.0006037681596,0,0,1.594143396e-05,0,0,0,0,0,0,0,0,0,0.000691561494,0,0,0,0,0.0005543426378,0,0,0,0,0,0,0,0,0,0,0,0,0,0,0,0,0,0,0,0,0,0,0,0,0,0,0,0,0,0,0,0,0,0,0,0,0,1.908702188e-06,0,0,0,0,0,0,0,0,0,0,0,0,0,0,0,0,0,4.783127565e-07,0,0,0,0,0,0,0,0,0,0,0,0.01183033269,0.005580165889,0.006402701605,0.0003846227191,0,0.0001713427773,0.0005630996893,0.0006108065718,0.0001230487687,5.638342373e-06,0,0,1.851302113e-05,0,6.815600386e-07,0.002004016191,0,0,0,1.529903784e-05,0,0.0001432399004,0,5.438819426e-05,0.0006746159634,6.548886449e-05,0,0,0,3.121532791e-05,7.136309432e-05,0.5477657914,0.006354745943,0.0004333505058,0.0006506734644,0,0,0.1115144044,0.0005424562842,0.0004437557945,0.000385412015,0.001762552536,0.0006407258916,0,0.001541153411,8.737538883e-05,0.0001999768137,0.0001767721842,1.417244403e-05,0
81,2.422578518e-06,0,0,0,0.01904268935,0.01310694031,0,8.551810606e-05,0,0,0,0,0,0,0,0,0,0,0,0,0,0,0,0,0,0,0,0,0,0,0,0,0,0,0,0,0,0,0,0,0,0,0,0,0,0,0,0,0,0,0,0,0,0,0,0,0,0,0,0,0,0,0,0,0,0,0,0,0,0,0,0,0,0,0,0,0,0,0,0,0,0,0,0,0,0,0,0,0,0,0,0,0,0.01164374314,0.002380952472,0,0.001532088616,0,0,0,0,0,0,0,0,0,0,0,0.0002408994478,0,0,0,0,0,0,0,0,0.0001397661399,0,0,0,0,0,0,0.4537587762,0.001541752717,0,0,0,0,0.116720967,0.003490678966,0,0,0,0,0,0,0,0,0,0,0
82,0.000504177995,6.8591944e-05,0.0002287628449,0.0008530503837,0.008344523609,0.01864631101,0.0003217972699,0.0007076304173,0,0,4.339845873e-06,0,0,0,0.0009879720164,3.582654608e-05,0.0005888681626,0,0,0,0,0,0,0,0.002380952472,0,0,0,0,0,0,0,0,0,0,0,0,0,0,0,0,0,0,0,0,0,0,0,0,0,0,0,0,0,0,0,0,0,0,0,0,0,0,0,0,0,0,0,0,0,0,0,0,0,0,0,0,0,0,4.783127565e-07,0,0,0,0,0,0,0,0,0,0,0,0,4.334395953e-07,0.01204886474,0.001809817739,0.002716603456,0.0001021437565,0.0001223514264,0.0002068721224,0.0004236108507,3.045627636e-05,2.826700256e-05,1.959867041e-05,0,9.101822798e-05,0,0,7.690320672e-06,0.001874413341,4.359483501e-05,1.306090144e-05,0,1.488075213e-06,2.6850837e-06,0.0002806388366,0,0.0003339469549,0.0007090115105,0,0,0,6.236020999e-05,0,0.0006112774718,0.5345082283,0.005907379556,0,0,5.590359251e-07,0,0.1350275874,0.002850851975,0.001122992951,0.0003905139747,0.001394750434,0.000107722728,0,0.0001128883305,0,0,0,1.616883674e-05,5.816483281e-06
83,0.000114835806,0,0,0,0.003417684697,0.007348040584,0.002380952472,0.0002315841411,0,0,0,0,0,0,0,0,0,0,0,0,0,0,0,0,0,0,0,0,0,0,0,0,0,0,0,0,0,0,0,0,0,0,0,0,0,0,0,0,0,0,0,0,0,0,0,0,0,0,0,0,0,0,0,0,0,0,0,0,0,0,0,0,0,0,0,0,0,0,0,0,0,0,0,0,0,0,0,0,0,0,0,0,0,0.004761904478,0,0.002380952472,0,0,0,0.0001936483168,0,0,0,0,0,0,0,0,0,0,0,0,0,0,0,0,0,0,0,0,0,0,0,0,0.2810406983,0.003011930501,0,0,0,0,0.06645941734,0.001011651126,0.002380952472,0,0,0,0,0,0,0,0,0,0
84,0.0003976406588,0,0.0001004142468,0,0.008548234589,0.002124790102,0,0.0002076507953,0,0,0,0,0,0,0,0,0,0,0,0,0,0,0,0,0,0,0,0,0,0,0,0,0,0,0,0,0,0,0,0,0,0,0,0,0,0,0,0,0,0,0,0,0,0,0,0,0,0,0,0,0,0,0,0,0,0,0,0,0,0,0,0,0,0,0,0,0,0,0,0,0,0,0,0,0,0,0,0,0,0,0,0,3.236334669e-05,0.01284002978,0.002322557149,0.0008532837383,0,3.453209865e-05,0,0,0.0002280237386,0.0001075333275,0.0004223544965,0,0,0,0,0,6.656733603e-05,0,7.101725714e-06,0,0,0,0,0,0,0.0002067181777,0,0,0,0,0,0,0.5047494769,0.00605580816,0,0,0,0,0.1250229776,0.003895882983,0,0.0004036917235,0,0.001795342308,0,0,0,0,0,0,0
85,3.268178625e-05,0,0.0001393302955,0.0001086255579,0.008196457289,0.005199851934,0,0.001246356056,0,0,0,0,0,0,0,0,0,0,0,0,0,0,0,0,0,0,0,0,0,0,0,0,0,0,0,0,0,0,0,0,0,0,0,0,0,0,0,0,0,0,0,0,0,0,0,0,0,0,0,0,0,0,0,0,0,0,0,0,0,0,0,0,0,0,0,0,0,0,0,0,0,0,0,0,0,0,0,0,0,0,0,0,0,0.006369615905,0.001238865894,0.0006358015817,0,0,0,0,0,0,0,0,0.002380952472,0,0,0,0.0006649725256,0,0,0,0,0,0,0,0,0.0003964701318,0,0,0,0,0,0,0.5379240513,0.003506421577,0,0,0,0,0.1297846287,0.0004916798207,0.0004734888789,0,0.0008341570501,0,0,0,0,0,0,0,0
86,0.000290912285,0,0,0,0.005076548085,0.006799805444,0,0.0002396296622,0,0,0,0,0,0,0,0,0,0,0,0,0,0,0,0,0,0,0,0,0,0,0,0,0,0,0,0,0,0,0,0,0,0,0,0,0,0,0,0,0,0,0,0,0,0,0,0,0,0,0,0,0,0,0,0,0,0,0,0,0,0,0,0,0,0,0,0,0,0,0,0,0,0,0,0,0,0,0,0,0,0,0,0,0,0.009936215356,0.002945435233,0.0003479311999,0,0,0,0,7.866638771e-05,0,8.510448242e-05,0,0,0,0,0,0.0001054033419,0,0,0,0,0,0,0,0,0.0001456397877,0,0,0,0,0,0,0.4945788682,0.00498357974,0,0,0,0,0.1210040525,0.0004893719452,0.002380952472,0,0.0007229944458,0,0,0,0,0,0,0,0
87,7.83390642e-05,0,0.0001428068645,0.002380952472,0.005514657125,0,0,0,0,0,0,0,0,0,0,0,0,0,0,0,0,0,0,0,0,0,0,0,0,0,0,0,0,0,0,0,0,0,0,0,0,0,0,0,0,0,0,0,0,0,0,0,0,0,0,0,0,0,0,0,0,0,0,0,0,0,0,0,0,0,0,0,0,0,0,0,0,0,0,0,0,0,0,0,0,0,0,0,0,0,0,0,0,0.006566829048,0,0,0,0,0,0,0,0,0,0,0,0,0,0,0,0,0,0,0,0,0,0,0,0,0,0,0,0,0,0,0.2019597739,0.00277151796,0,0,0,0,0.07212258875,0.002380952472,0,0,0,0,0,0,0,0,0,0,0
88,0,0,0,0,0.002380952472,0.002380952472,0,0,0,0,0,0,0,0,0,0,0,0,0,0,0,0,0,0,0,0,0,0,0,0,0,0,0,0,0,0,0,0,0,0,0,0,0,0,0,0,0,0,0,0,0,0,0,0,0,0,0,0,0,0,0,0,0,0,0,0,0,0,0,0,0,0,0,0,0,0,0,0,0,0,0,0,0,0,0,0,0,0,0,0,0,0,0,0.0009446938056,0,0,0,0,0,0,0,0,0,0,0,0,0,0,0,0,0,0,0,0,0,0,0,0,0,0,0,0,0,0,0.1548875719,0,0,0,0,0,0.0618169643,0,0,0,0,0,0,0,0,0,0,0,0
89,0,0,3.982416274e-06,0,0.02689615265,0.008318835869,0,0,0,0,0,0,0,0.0009442776209,0,0,0,0,0,0,0,0,0,0,0,0,0,0,0,0,0,0,0,0,0,0,0,0,0,0,0,0,0,0,0,0,0,0,0,0,0,0,0,0,0,0,0,0,0,0,0,0,0.001301729004,0,0,0,0,0,0,0,0,0,0,0,0,0,0,0,0,0,0,0,0,0,0,0,0,0,0,0,0,0,0,0.01102569327,0.003623846453,0.003281720914,0.0004984206753,0.001095974352,0,0.0009959434392,0.0004933657474,0,0,0,0,0,0,0,0.001807047985,0,0.0005759096239,0,0,0.0005354445893,0,0,0,0.0001438221079,0,0,0,0,0,0,0.3399758637,0.008056516759,0,0,0,0,0.1614789069,0,0.002380952472,0,0,0,0,0,0,0,0,0,0
90,8.956080251e-07,0,0,2.834144834e-05,0.02005706541,0.01873172261,0,0,0,0,0,0,0,0,0,0,0,0,0,0,0,0,0,0,0,0,0,0,0,0,0,0,0,0,0,0,0,0,0,0,0,0,0,0,0,0,0,0,0,0,0,0,0,0,0,0,0,0,0,0,0,0,0,0,0,0,0,0,0,0,0,0,0,0,0,0,0,0,0,0,0,0,0,0,0,0,0,0,0,0,0,0,0,0.01125812717,0,0,0,0,0,0.0003178965999,0,0,0,0,0,0,0,0,0.002730790526,0,0,0,0,0.000105733292,0,0,0,0.0001184701614,0,0,0,0,0,0,0.4372797012,0.001609466388,0,0,0,0,0.1102699339,0.00314256479,0,0,0,1.284244263e-06,0,0,0,0,0,0,0
91,0,0,0,0,0.01810252666,0.004094365053,0,0,0,0,0,0,0,0,0,0,0,0,0,0,0,0,0,0,0,0,0,0,0,0,0,0,0,0,0,0,0,0,0,0,0,0,0,0,0,0,0,0,0,0,0,0,0,0,0,0,0,0,0,0,0,0,0,0,0,0,0,0,0,0,0,0,0,0,0,0,0,0,0,0,0,0,0,0,0,0,0,0,0,0,0,0,0,0.01036011148,0,0,0,0,0,0,0,0,0,0,0,0,0,0,2.260053952e-05,0,0,0,0,0,0,0,0,0,0,0,0,0,0,0.0006976948353,0.4012453854,0.002188475104,0,0,0,0,0.08701907843,0,0,0,0,0,0,0,0,0,0,0,0
92,0.0004189563042,0,0.0004833030107,0,0.01566185616,0.03401634842,0,0.0009341099067,0,0,0,0,0,0,0,0,0,0,0,0,0,0,0,0,0,0,0,0,0,0,0,0,0,0,0,0,0,0,0,0,0,0,0,0,0,0,0,0,0,0,0,0,0,0,0,0,0,0,0,0,0,0,0,0,0,0,0,0,0,0,0,0,0,0,0,0,0,0,0,0,0,0,0,0,0,0,0,0,0,0,0,0,0,0.01114244759,0.00024291093,0.0001060647555,1.079765025e-05,1.234426327e-05,8.122729923e-06,0,6.548739748e-06,2.283096137e-06,0.0002496100788,0.001311891479,0.0001932372834,0,0,0,0.000282731984,0,2.805680015e-05,0,0,0,0,0,0.000313170196,0.000661411148,0,0,0,0,0,0,0.5912800431,0.004424169194,0,0,0,0,0.1252977699,0.002304332796,0.002380952472,0.0006259759539,0.001471524942,0,0,0,0,0,0,0,0
93,0.0003594337613,0.000175355759,0.0002256736188,0.001006530249,0.008231407031,0.01920618489,0.008990959264,0.0004992840695,0,0,3.779854887e-05,0.0002106057655,0,0,0,4.608173913e-05,0,0,0,0,0,0,0,0,0,0,0,0,0,0,0,0,0,0,0,0,0,0,0,0,0,0,0,0,0,0,0,0,4.316931154e-06,0,0,0,0,0,0,0,0,0,0,0,0,0,0,0,0,0,0,0,0,0,0,0,0,0,0,0,0,0,0,0,0,4.334395953e-07,0,3.236334669e-05,0,0,0,0,0,0,0,0,0,0.0110121835,0.002427340252,0.004067495,0.0002061697305,8.636100392e-05,0.0003029112122,0.0001988778095,7.043978258e-05,1.353953121e-05,0.0001085670956,0,0,0.0006599558401,0,0,0.002380366437,0,3.188432675e-05,0,1.359765292e-06,0,7.731799269e-05,0,4.98106383e-05,0.0002904775611,0,0,0,0,0,9.523936751e-05,0.5378320813,0.005466015544,2.603136636e-05,0,1.80836355e-06,0,0.1356563866,0.001405399409,0.001716146478,0.0003034579277,0,0.00110324251,0,0.000272973266,0,0.0007197589148,0,5.154728569e-05,1.160845386e-06
94,0.03833596781,0.01573473401,0.02430456504,0.0307738632,0.1497782469,0.4542036355,0.04638938978,0.04176519066,0.01309455838,0.006272324827,0.01600277424,0.01848929748,0.01319858897,0.01381026581,0.01654871181,0.02857525833,0.01315299422,0.00505117327,0.006744350772,0.005211572628,0.003332556225,0.00621380657,0.002380952472,0.001882920507,0.0007125837728,0.009132356383,0.003755437909,0,0,0.004761904944,0.0007219614345,0,0.002380952239,0,0.002380952472,0,0,0,0,0,0,0,0,0.01302701235,0.02033221163,0.01019986533,0.01105863601,0.01397925243,0.01321540866,0.0116155399,0.01176994387,0.01306830253,0,0,0,0,0.002364799846,0.01168199163,0.01155065931,0.01231447235,0.002162762918,0.01387735363,0.01069093961,0.01216345467,0.005792732351,0.007149423007,0.005997803528,0.01257669833,0.008785216138,0.007903088816,0.01695886999,0.003298880532,0.009750946425,0.001974944025,0.004806226585,0.005778575316,0.009472176433,0.004227391444,0.009640647098,0.01183033269,0.01164374314,0.01204886474,0.004761904478,0.01284002978,0.006369615905,0.009936215356,0.006566829048,0.0009446938056,0.01102569327,0.01125812717,0.01036011148,0.01114244759,0.0110121835,0,0.004742774181,0.004467973951,0.009113736451,0.01067011617,0.009655470029,0.007309417706,0.008257199079,0.01141981594,0.01277473383,0.01429186296,0.03662106022,0.02528466098,0.005181315821,0.005108656827,0.006643692497,0.01594855078,0.009684815072,0.00705137616,0.009948877618,0.01006303914,0.0371854715,0.008686861955,0.03352770209,0.03396342695,0.02148805931,0.01153459214,0.01316001359,0.005641239695,0.01182131283,0.02237555571,0.792521596,0.0737484768,0.01398407295,0.03132770211,0.0111645218,0.01161290519,0.3289782703,0.04753178358,0.051666338,0.01616269723,0.03520543873,0.02009207942,0.01202696469,0.01858714037,0.01116291806,0.02324271761,0.01097500231,0.01058979798,0.01133588236
95,0.003841423895,0.002950170543,0.001907418016,0.007916188799,0.03388005868,0.05721622705,0.006925032474,0.004060237203,0.002099953359,0.002380952239,0.003481298219,0.009678202681,0.0003145211958,0.007629611529,0.003377447138,0.005003865808,0.002616233192,0,0.002378779231,0.0002251558326,0.001167194685,0.002930512186,0,0.002380952472,0.0005882949336,0,0.003584708087,0,0.002380952472,0,0,0,0,0,0,0,0,0,0,0,0,0,0,0,3.3245753e-05,0.0001974397019,1.320888805e-05,0,7.942257071e-05,3.370294144e-05,4.985896885e-05,0.001056744833,0.002380952239,0,0,0,0,0.003245912492,0.003037666203,0,0,0.003237703117,0.0009418035042,0.005456351209,0,0,0,0.003310490632,0.004914382007,0.002380952239,0,0.0004717911361,0.000969378103,0.002380952472,0.0006910201046,0,0,0,0,0.005580165889,0.002380952472,0.001809817739,0,0.002322557149,0.001238865894,0.002945435233,0,0,0.003623846453,0,0,0.00024291093,0.002427340252,0.004742774181,0,9.830643103e-05,3.866101906e-05,5.086610327e-05,0.0003531616821,0.0004950290895,0.0001492926676,0.0002876700019,0.005787284113,0.002846579533,0.01976162754,0.02005486935,0.006282994989,0.007641218137,0.0003518286103,0.01148250606,0.002064144239,0.005932005588,0.006641293876,0.007574321236,0.02323102579,0.00377305341,0.02365367301,0.001844016952,0.01194617245,0.001071640756,0.000993818976,0.003769649426,0.002641892526,0.003279517172,0.4990060031,0.01177618559,0.005884714425,0.01028869115,0.002823415911,0.004215506837,0.1835083663,0.0123269232,0.02041618153,0.007434031926,0.003233249532,0.007458487526,0.002780065173,0.001770749921,0.005953106564,0.008835309185,0.0001976603089,0.0005739785847,0.002861537738
96,0.009597678669,0.004336085636,0.005050160456,0.02406588756,0.03206329793,0.1035288721,0.01424664259,0.01484417077,0.0005464441492,0,0.01253814623,0.007364461664,0.0006675984478,0.004275723826,0.0004079466453,0.009209663607,0.009417359717,0.001207879279,0.002472831635,0.003761329222,0,0.0005570137873,0,0,0.0008008601726,0.003025558079,0,0,0.002380952472,0,0,0,0,0,0,0,0,0,0,0.002380952472,0,0,0,0.0002588461211,2.136003241e-05,0.0001358513255,0.0002278898028,0.0001159041931,0.0002938890539,0.0002039229003,0.0002278753818,0.006468040869,0,0,0,0,0,0.006961686537,0.004321002867,0.001094659674,0,0,0.002050329,0.01688187942,0,0,0.002380952239,0,0.003790713614,0.002380952472,0,0,0.00266962056,0.004761904944,0.001214223565,0.003972970881,0,0,0.002380952239,0.006402701605,0,0.002716603456,0.002380952472,0.0008532837383,0.0006358015817,0.0003479311999,0,0,0.003281720914,0,0,0.0001060647555,0.004067495,0.004467973951,9.830643103e-05,0,0.0008360862848,9.351324115e-05,2.165257683e-05,0.002090868074,0.000518695917,8.43950038e-05,0.009209793992,0.009415226057,0.0247406736,0.02485702001,0.01128807943,0.009612919763,0.00217677094,0.01807629503,0.001828111126,0.0007610027678,0.00677063223,0.01231508609,0.04028121009,0.007739138324,0.0414179638,0.005374855828,0.01669933461,0.0004995298805,0.004627222661,0,0.006072428543,0.003122027032,0.5786609054,0.02487469465,0.01230627019,0.01620518416,0.001868738676,0.002115066629,0.2636518776,0.02897954732,0.03558204323,0.01590185426,0.005533936899,0.007792160381,0.001885735663,0.002231764374,0.003196032951,0.01271439809,0.001900042291,0.0002380498918,0.001400371548
97,0.0009335823124,0.001396147767,0.0006100430037,0.004193987697,0.0287176352,0.02415775508,0.005803870037,0.0009848170448,0.0004192292981,0.002380952472,0.0009617676842,0,0.0003461913147,5.932539352e-05,0,0.0009549002862,0.0008795838803,0,0,0,0,0,0.002380952472,0,0,0,0,0,0,0,0,0,0,0,0,0,0,0,0,0,0,0,0,0,0,0,0,0,1.710297147e-05,0,0,0,0,0,0,0,0,0,0,0,0,0,0.0001658421825,0.0007410692051,0,0,0,0,0,0.002380952239,0.0006517380243,0,5.356356633e-05,0,4.038379484e-05,0,0,0,0,0.0003846227191,0.001532088616,0.0001021437565,0,0,0,0,0,0,0.0004984206753,0,0,1.079765025e-05,0.0002061697305,0.009113736451,3.866101906e-05,0.0008360862848,0,1.953948777e-05,0.0004959973157,6.075320562e-05,1.257913846e-05,0.0001040993448,0.001506956061,0.005367475096,0.01155241113,0.009746551514,0.0008857069188,0,0.0002994562674,0.008349586278,0.0008020808455,0,0.003600438591,0.0007514879107,0.009266591631,0.005738079548,0.01256616134,0.0008405805565,0.005450716708,0.0005151513033,0.000388528133,0,0.002879510168,0.001848122803,0.4741858542,0.006640241947,0.001030967687,0.001608703053,0.0007071332075,0.001012127963,0.1151895449,0.004246736877,0.0101019768,0.004736061674,0.003664231161,0.003218426602,0.0007627931191,0.00160503888,0.001227792469,0.006120297126,0.003850699402,0.0001797104051,0.0003873314417
98,0.001195698627,0.001326405792,0.0006203018129,0.004762133583,0.02589630522,0.03228153288,0.003539359896,0.00113821344,7.341311721e-05,0,0.001308312756,0.00181219168,0.0001923792152,0.003544671927,0.002989093075,0.002983759157,0.0007491049473,0,0.0001846577798,0,0,0,0,0,0.0004116378841,0,0.001064679585,0,0,0,0,0,0,0,0,0,0,0,0,0,0,0,0,6.073014447e-05,0,0,0,6.953091361e-05,0,2.084841435e-05,5.832951501e-06,0.0003638728813,0,0,0,0,0,0.001461661188,0.0002771193103,0,0,0.002380952472,0.0001548751607,0.001006122679,0,0,0,0,0,0,0,0,0.0007783483015,0,2.227865662e-05,0,0,0,0,0,0,0.0001223514264,0,3.453209865e-05,0,0,0,0,0.001095974352,0,0,1.234426327e-05,8.636100392e-05,0.01067011617,5.086610327e-05,9.351324115e-05,1.953948777e-05,0,4.237654139e-05,0.002486845246,2.179140392e-05,1.095212065e-05,0.001871213899,0.005913598463,0.01699888147,0.01426187996,0.002697406104,0.003434132785,0.002173054498,0.008777048439,0.002613104647,0.006658114027,0.004943731707,0.006311453413,0.01877945848,0.0044384473,0.0186868757,0.001165851718,0.01009019464,0,0.001684251823,0,0.002553659026,0.001963597955,0.5042862892,0.009733756073,0.006937071681,0.01012954395,0.0005249503884,0.00131083047,0.1372817457,0.005462075584,0.01028576028,0.009827484377,0.002528418321,0.00411959365,0.002137178089,0.001320489915,0.001268416643,0.007008807734,0.001475282595,0.0001158968516,0.000650526199
99,0.003804459702,0.001443223213,0.002406514715,0.008863208815,0.03967823833,0.1342147589,0.002935957629,0.005759483669,0.0001498865749,0,0.001286974177,0.003972224426,8.824827091e-06,0,0.0008854232728,0.00151433819,0.002093459712,0.002380952239,0,0,0.001031488646,0.003629691433,0,0,0.002380952472,0,0,0,0,0,0,0,0,0,0,0,0,0,0,0,0,0,0,1.471076303e-05,0,0.000659396057,0,0,1.559875045e-06,0,2.261029476e-05,0,0,0,0,0,0,0,0.0002494513465,0,0,0,0.0003190126154,0.001304827514,0,0,0,0,0.000262082991,0.002999722958,0,0,5.93176992e-05,0.000823527691,5.698966197e-05,0,0,0,0.002380952472,0.0001713427773,0,0.0002068721224,0,0,0,0,0,0,0,0,0,8.122729923e-06,0.0003029112122,0.009655470029,0.0003531616821,2.165257683e-05,0.0004959973157,4.237654139e-05,0,0.002690934576,0.0001295531256,2.063454986e-06,0.001706723124,0.003336429363,0.006749852095,0.02280127257,0.004984403029,0.001210879418,0.005554674193,0.01055875048,0.0004297052219,0,0.0007157385699,0.004093982745,0.02555445768,0.0007488469128,0.01833311841,0.002682370367,0.00210528099,0.002380952239,4.536549022e-05,0.0007719267742,9.72797352e-05,0.003458011895,0.6738233566,0.01957115903,0.001708240481,0.01161534246,3.821120481e-05,5.237026926e-05,0.2037926167,0.01181771699,0.02085364796,0.0100436043,0.004412007518,0.004558589309,0.000257248932,0.001406724448,5.89125666e-05,0.01756590232,0.001395734493,1.216601231e-05,5.085019802e-05
100,0.002379925223,0.0004328371433,0.001104326569,0.002265114803,0.0554985255,0.05076165125,0.009176687337,0.002309782198,0.001426678966,0.001480706269,0.002584211761,0.008957082406,0.0007147350116,0.006399940699,0.007142857648,0.003791787429,0.001076334273,0,0.002380952472,0.0002611737873,0.0007470919518,0,0,0,0.0005233284319,0,0,0,0,0,0,0,0,0,0,0,0,0,0,0.002380952472,0,0,0,0,0,7.052890578e-05,0,0.0003287289583,3.809827467e-05,0.0003900951124,3.357060677e-06,0.001934091095,0,0,0,0,0,0.0003357451933,0.0001020320415,0,0,0.0009500838351,0.0009622173966,0.001579403994,0,0,0,0,3.998864122e-05,0.002380952239,0,0,0.001639360562,0.0009915210539,0,0,0,0,0,0.0005630996893,0,0.0004236108507,0.0001936483168,0,0,0,0,0,0.0009959434392,0.0003178965999,0,0,0.0001988778095,0.007309417706,0.0004950290895,0.002090868074,6.075320562e-05,0.002486845246,0.002690934576,0,1.63801069e-05,0.0002649332746,0.0006073837867,0.003399772337,0.005146946758,0.0008238235023,0.0002038336825,0.0003100143513,6.100126848e-05,0.000753763481,9.09524606e-05,0.000255182822,0.0004782624601,0.0003699618101,0.0006950538955,0.0001330425439,0.002994505456,0.001197548932,0.0005978737609,0.001075960812,0.001303187106,0,0.0001183007334,0.007613064721,0.4414554536,0.002893708879,0.000348286354,0.001278654789,0.0002901181288,0.003341326024,0.1131414399,0.002279971261,8.714372234e-05,4.419114703e-05,0.004825859796,0.0009092467371,0.001499450882,0.001157297869,0.001409178716,0.0004087338748,1.267916196e-05,0.002940893872,0.001138367108
101,0.0006816258538,0.0006574491854,0.0003857644915,0.0008037993102,0.03714420274,0.0273880586,0.007179090753,0.0007158023072,8.099871775e-05,0.0003938387963,0.0002278647298,0.003498724429,0,0.0009557277081,0.001504299929,0.0007046248065,3.924289194e-05,0,0,0.000148135965,0,0,0,0,0,0.0001002590143,0,0,0,0,0,0,0,0,0,0,0,0,0,0,0,0,0,0,0,0,0,0,0,0,5.059625892e-07,1.315758618e-05,0,0,0,0,0,0,0.0001089987345,3.654545435e-05,0,7.814352284e-05,7.233756332e-05,0.0001505558757,0,0,0,0,3.924348493e-05,0,0,0,0,0,2.415646122e-05,0,0,0,0,0.0006108065718,0,3.045627636e-05,0,0.0002280237386,0,7.866638771e-05,0,0,0.0004933657474,0,0,6.548739748e-06,7.043978258e-05,0.008257199079,0.0001492926676,0.000518695917,1.257913846e-05,2.179140392e-05,0.0001295531256,1.63801069e-05,0,7.399249625e-06,0.0002607203787,0.0004147835716,0.003761020256,0.004830903374,0.0007160133682,0.001082925242,0.0002565272735,0.005035449285,1.907568003e-05,0.001138850697,0.0003023645841,0.0002098781115,0.004862032365,0.0005140409921,0.005055957008,0.0008383044042,0.002313717268,0,0.0009569692193,0.0006616763421,0.001581607619,0.002542124363,0.5073519349,0.006124292966,0.0001639686816,0.001516483375,4.791220636e-05,0.0002837972715,0.0921516791,0.001648660051,0.003203438595,0.0003300477692,0.005111665465,0.002061958192,0.001620383468,0.002424026141,0.003548188368,0.002603180939,0.0005032689078,3.463196845e-05,0.0002937151294
102,0.0007030565175,0.0001679372945,0.0003278052027,0.0006267038407,0.04452075809,0.04463814199,0.005729935598,0.0007791361422,0,0,0.0002403523686,0.0008298351313,0,0,0.00256871758,0.000347227935,0.002645812929,0,0,0.0004136513453,0,0,0,0,0,0,0,0,0,0,0,0,0,0,0,0,0,0,0,0,0,0,0,0,0,0,0,0,0,0,0,0,0,0,0,0,0,0.000201331568,0,0,0,0,0,0.0001810443209,0,0,0,0,0,0.0004267902987,0,0,0,0,0,0,0,0,0,0.0001230487687,0,2.826700256e-05,0,0.0001075333275,0,0,0,0,0,0,0,2.283096137e-06,1.353953121e-05,0.01141981594,0.0002876700019,8.43950038e-05,0.0001040993448,1.095212065e-05,2.063454986e-06,0.0002649332746,7.399249625e-06,0,0.0002372915769,0.000327718968,0.002944687149,0.003321807832,0.001554611721,0.0001094795807,0.00130403717,0.0009146330995,3.040053889e-05,0,0.0004190130276,0.0001752206736,0.003576531075,1.01577798e-05,0.002398261102,0.0006997212186,0.0003860794823,0,0,0,0,0.002000216627,0.618272543,0.006964476779,0.0001260254212,0.002851103665,1.684557719e-05,0.0001535724441,0.09726373851,0.001851459732,0.005125090946,0.0009357027011,0.006350780837,0.002333995188,0.0002216784778,0.0004109885485,0,0.0003933335829,0.0002621763269,9.461501577e-06,3.797966565e-05
103,0.001768064103,0.0003800950362,0.0002741678036,0.0002641344327,0.0731568262,0.06339477003,0.003351773135,0.001627669903,2.715554547e-05,0.0006110997638,0.0003752859484,0.0009578340687,0,0.001151236007,0,0.0008227287908,0.00146985671,0,0.0001555034687,0,0,0,0,0,0,0,0,0,0,0,0,0,0,0,0,0,0,0,0,0,0,0,0,0,0,0,0.0002605183399,0,0,0,2.344133645e-05,1.29568416e-05,0,0,0,0,0,2.945980486e-05,0,0,0,0.0001405010553,5.119345224e-05,5.26543372e-05,0,0,0,4.147294021e-05,0,0,0,0.0006582008209,0.000339604856,0,0,0,0,0,0,5.638342373e-06,0,1.959867041e-05,0,0.0004223544965,0,8.510448242e-05,0,0,0,0,0,0.0002496100788,0.0001085670956,0.01277473383,0.005787284113,0.009209793992,0.001506956061,0.001871213899,0.001706723124,0.0006073837867,0.0002607203787,0.0002372915769,0,8.851704933e-07,1.033111403e-05,0.0004462610814,7.292413648e-05,6.837655383e-05,0.001789988135,3.192393342e-05,2.863811278e-05,0,3.1436055e-05,2.422038233e-05,0.0001177717786,0,1.602155135e-05,0.0001479152415,1.689933379e-05,0,0,2.807210512e-05,8.795499161e-05,0.004715782125,0.3833982646,0.002940485952,4.613271813e-05,9.573446732e-05,0.000144732825,6.387649773e-05,0.01702116616,9.100365423e-05,4.003072172e-05,0.0001440466149,0.001874483889,6.383934669e-05,0.0006952434778,0.0004352130927,0.0001320761221,0.0002020551474,2.773661254e-05,9.055943519e-05,7.933357847e-05
104,0.0006136648008,0,2.76150131e-05,0.000230700316,0.04620150477,0.0249578841,0,0.0004338507424,0,0,0,0,0,0,0,0.0003578262113,0,0,0,0,0,0,0,0,0,0,0,0,0,0,0,0,0,0,0,0,0,0,0,0,0,0,0,0,0,0,0,0,0,0,0,0,0,0,0,0,0,0,0,0,0,0,0.0001228440669,5.456879808e-05,0,0,0,0,0,0,0,0,0,0,0,0,0,0,0,0,0,0,0,0,0,0,0,0,0,0,0,0.001311891479,0,0.01429186296,0.002846579533,0.009415226057,0.005367475096,0.005913598463,0.003336429363,0.003399772337,0.0004147835716,0.000327718968,8.851704933e-07,0,3.383474905e-07,1.680178866e-05,0,0,0.001561851474,3.093616897e-06,2.159922769e-05,0,0,0,2.737875184e-05,0,1.091155991e-05,6.899160326e-06,3.460637117e-06,0,0,0,0,0.00332892267,0.3984575272,0.002043876797,1.146716568e-05,0.0001449026313,7.389156963e-05,0,0.03020025976,6.016630869e-05,5.706060983e-05,0.0001487078553,0.0002074421354,1.2037136e-05,0,0.0004089150461,0,4.611137774e-05,0,0,1.479473394e-05
105,0.0003880053118,0,4.342160537e-05,6.263878458e-05,0.03507260606,0.05491342768,0.00677595567,0.0005227706861,2.603571193e-05,0,0.0006309045712,0.0002847522555,0,0.002380952472,0,0.001196821453,0.0004594229977,0,0,0,0,0,0,0,0.0006224191748,0.00014674454,0,0,0,0,0,0,0,0,0,0,0,0,0,0,0,0,0,0,0,0,0,0,0,0,0.002380952472,0,0,0,0,0,0,0,0,0,0,0.0005576192052,0,2.968721128e-05,0,0,0,0,0,0,0,0,0,0,0,0,0,0,0,0,0,9.101822798e-05,0,0,0.002380952472,0,0,0,0,0,0,0.0001932372834,0,0.03662106022,0.01976162754,0.0247406736,0.01155241113,0.01699888147,0.006749852095,0.005146946758,0.003761020256,0.002944687149,1.033111403e-05,3.383474905e-07,0,2.213538437e-06,4.347984941e-07,4.256789907e-06,0.001798896934,6.495917546e-07,0.0001507348497,0,0.0003267706197,0,9.486441741e-06,0,1.133997102e-05,7.612772606e-05,7.464226428e-07,0,2.799610957e-05,0,0,0.003617840353,0.4114122689,0.001382690272,2.092858631e-05,4.633792196e-05,0.0005865967833,0,0.05944953114,0.0001865852391,0.0001748837094,0.000243582137,0.0008164380561,2.449637395e-05,0.0006909915828,0.001535167103,0,7.495044701e-05,0,0.002643700223,0.0002072748466
106,0.0002504427102,1.357456586e-05,7.284669118e-05,4.205881851e-05,0.02926712297,0.07863464952,0.005546731874,0.0006592089194,0,0,0,0,0,0,0,0.0006365769077,0.0003519860911,0,0,0.000951443275,0,0.0002742262732,0,0,0,0,0,0,0,0,0,0,0,0,0,0,0,0,0,0,0,0,0,0,0,0,0,0,0,0,0.0008213162655,0,0,0,0,0,0,0,0,0,0,0,0,0,0,0,0,0,0,0,0,0,0,0,0,0,0,0,0,1.851302113e-05,0,0,0,0,0,0,0,0,0,0,0,0,0.0006599558401,0.02528466098,0.02005486935,0.02485702001,0.009746551514,0.01426187996,0.02280127257,0.0008238235023,0.004830903374,0.003321807832,0.0004462610814,1.680178866e-05,2.213538437e-06,0,3.99527778e-07,0,0.0005577703705,9.594888297e-07,0.0001755247649,0,0,1.399876328e-05,2.934292297e-06,2.647665269e-06,4.013902071e-05,0.0005334855523,6.29570377e-06,0,0,0,0,0.004164837301,0.3960349858,0.001373432577,2.048485294e-05,2.085122287e-05,0.000459399831,2.260055226e-05,0.09299159795,0.0003760041145,0.0001280325523,9.713289182e-05,0.003062226111,0.0001442956855,0,0.0002530104539,0,0,1.055548546e-05,0.003934835549,0.0003929670493
107,1.618126043e-05,7.592851716e-07,4.1257681e-06,0,0.002509510843,0.01325467974,0.002380952472,1.447286832e-05,4.543063551e-05,0,5.536375465e-05,1.560293822e-05,0,0,0,0.0001131100289,0,0,0,0,0,0,0,0,0,0,0,0,0,0,0,0,0,0,0,0,0,0,0,0,0,0,0,0,0,0,0,0,0,0,0,0.00012707524,0,0,0,0,0,0,0,0,0,0,0,0,0,0,0,0,0,0,0,0,0,0,0,0,0,0,0,0,0,0,0,0,0,0,0,0,0,0,0,0,0,0.005181315821,0.006282994989,0.01128807943,0.0008857069188,0.002697406104,0.004984403029,0.0002038336825,0.0007160133682,0.001554611721,7.292413648e-05,0,4.347984941e-07,3.99527778e-07,0,0,0.0001797584409,0,4.486477792e-06,0,0,0,1.057695727e-06,0,6.477311399e-05,1.950252226e-05,0,0,0,0,0,0.0007088773418,0.4501270652,0.001759359613,9.748985121e-07,0,0,0,0.1057849377,0.0002698242897,0.0002209676313,2.815570951e-05,0.0001263261511,0,0,0,0,2.050881221e-06,0,0.003327761311,0
108,5.334532034e-06,0,8.894740517e-07,0,0.001730656251,0.004174275324,0,7.713903869e-06,0,0,0,0,0,0,0,0,0,0,0,0,0,0,0,0,0,0,0,0,0,0,0,0,0,0,0,0,0,0,0,0,0,0,0,0,0,0,0,0,0,0,0,0,0,0,0,0,0,0,0,0,0,0,0,0,0,0,0,0,0,0,0,0,0,0,0,0,0,0,0,6.815600386e-07,0,7.690320672e-06,0,0,0,0,0,0,0,0,0,0,0,0.005108656827,0.007641218137,0.009612919763,0,0.003434132785,0.001210879418,0.0003100143513,0.001082925242,0.0001094795807,6.837655383e-05,0,4.256789907e-06,0,0,0,0.001515673357,0,1.366611741e-05,0,0,0,3.867224223e-06,0,1.154473466e-05,3.176207247e-05,4.551626716e-06,0,0,0,0,0.0007122496609,0.5577914119,0.00483255228,0,0,0,7.020724979e-07,0.08951420337,7.038575131e-05,0.0003769372124,0.0001041757423,5.676603905e-05,0,0,0,5.625131053e-06,1.627143138e-05,0,7.040891069e-05,0
109,0.01638004184,0.002390940208,0.005434033461,0.007089241408,0.1203960255,0.1642752588,0.03816416115,0.01919927262,0.002080477541,0.0005445854622,0.006742991973,0.01829752885,0.004877388012,0.01703843474,0.009933509864,0.01815040968,0.007060098462,0.002917645499,0.003717696993,0.00550196832,0.006851364393,0.006341524422,0.002380952239,0,0.007142857648,0.003740325104,0.002380952472,0,0.002380952239,0,0,0,0.004761904944,0,0,0,0.002380952472,0,0,0.004761904944,0,0.002380952472,0,0.0007575045456,0.000293047342,5.83676956e-06,0.001215863158,0.0003383952135,0.0002105749154,0.0003916948335,0.0003995509178,0.001137333689,0.000546182564,0,0.001257618773,0,0,0.0008715023869,0.001341343392,0.001746477443,0.001745760208,0.0008809299907,0.001178749255,0.003594169393,0.0003197770566,0.0001627013116,0.0007996122586,0.002289964352,0.001413187012,0.001684170566,0.0001312132663,0,0.004820647649,0.0002726530947,0,0.003258259036,0.00127464463,0,0,0.002004016191,0.0002408994478,0.001874413341,0,6.656733603e-05,0.0006649725256,0.0001054033419,0,0,0.001807047985,0.002730790526,2.260053952e-05,0.000282731984,0.002380366437,0.006643692497,0.0003518286103,0.00217677094,0.0002994562674,0.002173054498,0.005554674193,6.100126848e-05,0.0002565272735,0.00130403717,0.001789988135,0.001561851474,0.001798896934,0.0005577703705,0.0001797584409,0.001515673357,0,0.0004459504853,0.0005001692916,0.0002173763787,0.001856510644,0.0008831059095,0.0006599492626,0.0002525760792,0.001325999037,0.005627875216,0.001256822608,0.0001195201694,0.0003973219136,0.000407732965,0.0005002690596,0.01113767549,0.3709398806,0.001742791384,0.0003950920654,0.0004190544132,0.001647160854,0.003349515842,0.2053958476,0.003712801496,0.0003665954864,0.0002216847934,0.01101567969,0.001365910051,0.007679215167,0.00261720689,0.0007799461018,0.000227671233,0.0002943550935,0.002440709621,0.002972585615
110,0.0002421676618,0,0.0001519838988,2.906425107e-05,0.02638296783,0.03160842136,0,0.0004696130636,0,0,0,0.000827744836,0,0,0,0.0002551238867,7.950669533e-05,0,0,0,0,0,0,0,0,0,0,0,0,0,0,0,0,0,0,0,0,0,0,0,0,0,0,0,0,0,0,0,0.005922931712,0,0,0,0,0,0,0,0,0,0,0,0,0,0.0002257897286,0,0,0,0,0,0,0,0,0,0,0,0,0,0,0,0,0,0,4.359483501e-05,0,0,0,0,0,0,0,0,0,0,0,0.01594855078,0.01148250606,0.01807629503,0.008349586278,0.008777048439,0.01055875048,0.000753763481,0.005035449285,0.0009146330995,3.192393342e-05,3.093616897e-06,6.495917546e-07,9.594888297e-07,0,0,0.0004459504853,0,1.215595512e-05,0,0,4.189002993e-06,7.661897143e-06,0,5.760739441e-06,0.0002410135785,2.628589391e-05,0,0.002380952472,0,0,0.002380952472,0.395358175,0.001397419139,4.64583394e-07,0,0.0005842980463,0,0.07754620165,0.0001974390761,0.0003543877683,8.770728164e-05,0.002233489649,4.486176113e-05,0,0,0.0001607919985,0,0,0,0
111,0.0002465366852,7.547703717e-05,0.0001462062355,0.0002257481683,0.02295393497,0.02241379768,0.005003480241,0.0003323219717,2.331246833e-05,0,4.039537816e-05,0.0001060013747,2.141812729e-05,0.0003100065805,0,0.0002099226695,0.0001535375486,0,3.171638309e-05,0.00010166227,0,0,0,0,0.0004793604312,0,0,0,0,0.0001415421284,0,0,0,0,0,0,0,0,0,0,0,0,0,0.0001708197378,0.0003331095795,3.322491102e-05,0,0,0,2.771102299e-05,0,0,0,0,0,0,0,0,1.832636008e-05,0,0,5.461744149e-05,0,1.836847332e-05,0,0,0,2.765626778e-05,7.31484979e-05,0,0,0,6.506678619e-05,0,0,0.001045549405,0,0,0,0,0,1.306090144e-05,0,7.101725714e-06,0,0,0,0,0.0005759096239,0,0,2.805680015e-05,3.188432675e-05,0.009684815072,0.002064144239,0.001828111126,0.0008020808455,0.002613104647,0.0004297052219,9.09524606e-05,1.907568003e-05,3.040053889e-05,2.863811278e-05,2.159922769e-05,0.0001507348497,0.0001755247649,4.486477792e-06,1.366611741e-05,0.0005001692916,1.215595512e-05,0,6.940891808e-07,2.316413884e-06,1.285506414e-06,0.0003353982174,9.848431546e-06,0.0001935069886,0.0004013877769,0.0007405881188,9.732415492e-05,3.971120896e-05,0,0,0.004292778205,0.5223917961,0.004882770125,3.652554028e-07,0.0003342980635,5.453071935e-06,7.935288886e-05,0.08400550485,0.0005938570248,0.0006462234305,1.503671774e-05,0.0035674104,0.0004761577584,0.0002383505926,0.0003144757939,0.0003302824625,1.643790347e-05,0,1.720741056e-05,2.086368841e-05
112,6.741203106e-05,0,5.370078725e-06,0,0.01682358794,0.01298090257,0,0.0001121985115,0,0,0,0,0,0,0,0,0,0,0,0,0,0,0,0,0,0,0,0,0,0,0,0,0,0,0,0,0,0,0,0,0,0,0,0,0,0,0,0,0,0,0,0,0,0,0,0,0,0,0,0,0,0,0,0,0,0,0,0,0,0,0,0,0,0,0,0,0,0,0,0,0,0,0,0,0,0,0,0,0,0,0,0,0,0.00705137616,0.005932005588,0.0007610027678,0,0.006658114027,0,0.000255182822,0.001138850697,0,0,0,0,0,0,0,0.0002173763787,0,6.940891808e-07,0,0,0,0,0,0,0,0,0,0,0,0,0,0.3925935328,0.001536877011,0,0,0,0,0.08599942923,0.0001377266599,0,9.226408224e-07,0,0,0,0,0,0,0,0,0
113,0.0001205693479,0.0001564191916,9.205470997e-05,0.0001494820754,0.012317935,0.01881286316,0.0006118905731,0.0002763269295,1.70056519e-05,0,0,0,0,0.0002104645537,0,4.598533269e-05,0,0,0,0,0,0,0,0,0,0,0,0,0,0,0,0,0,0,0,0,0,0,0,0,0,0,0,0,0,0,0,0,0,0,0,0,0,0,0,0,0,0,1.022723836e-06,0,0,0,0,9.560721992e-07,0,0,0,0,0,0,0,0,1.419778164e-05,0,2.796586341e-05,0,0,0,0,1.529903784e-05,0,1.488075213e-06,0,0,0,0,0,0,0,0,0,0,1.359765292e-06,0.009948877618,0.006641293876,0.00677063223,0.003600438591,0.004943731707,0.0007157385699,0.0004782624601,0.0003023645841,0.0004190130276,3.1436055e-05,0,0.0003267706197,0,0,0,0.001856510644,0,2.316413884e-06,0,0,1.920349632e-06,0.0001653320942,0,7.062945224e-05,0.0004186393635,2.234591011e-05,0,0,5.262703553e-07,4.711823294e-06,0.0006716496428,0.5408415794,0.00503506884,1.514143423e-05,7.64522847e-05,0,4.89046306e-06,0.08591765165,0.0005838621291,0.003019993193,0.0001467620168,0.0008941374836,0.0001445553935,0,0.0002172584645,7.080730938e-06,0.0001519742946,0,6.305094576e-05,2.285879191e-06
114,3.511189425e-05,3.589171001e-06,1.634008913e-05,5.102234809e-06,0.004898883402,0.01188386697,0.0006360636908,6.168995606e-05,0,0,5.276530374e-06,0,0,0,0,0.0001438980835,0,0,0,0,0,0,0,0,0,0,0,0,0,0,0,0,0,0,0,0,0,0,0,0,0,0,0,0,0,0,0,0,0,0,0,0,0,0,0,0,0,0,0,0,0,0,2.570451579e-05,2.723371381e-06,0,0,0,0,0,0,0,0,0,0,0,0,0,0,0,0,0,2.6850837e-06,0,0,0,0,0,0,0.0005354445893,0.000105733292,0,0,0,0.01006303914,0.007574321236,0.01231508609,0.0007514879107,0.006311453413,0.004093982745,0.0003699618101,0.0002098781115,0.0001752206736,2.422038233e-05,0,0,1.399876328e-05,0,0,0.0008831059095,4.189002993e-06,1.285506414e-06,0,1.920349632e-06,0,1.638187678e-05,0,0.0001066842451,8.376335609e-05,1.943747156e-05,0,0,0,0,0.0009922466706,0.5028876066,0.004732464906,0,0,0,0,0.0696715042,0.0006478585419,0.0002544770832,4.84478951e-05,0.0006949939416,5.164707909e-05,0,0.0006586805684,0,5.829340353e-06,0,0,5.412378596e-05
115,0.0007385878707,2.009528998e-06,0.0001477390615,0.0001153082558,0.0506804809,0.08111318946,0.01403409243,0.001745924121,2.595193837e-05,7.010814443e-05,8.069106116e-05,0.0003755661019,0.0005699211033,0.00135326176,0,0.0007911708672,5.001762474e-05,0,0,0,0.002380952472,0.0002634484554,0,0,0,0,0,0.0008696503355,0,0,0,0,0,0,0,0.002380952472,0,0,0,0,0,0,0,0,0,0,0,0,0,0,0,0,0,0,0,0,0,0,0,0,0,0,0,4.628526585e-05,0,0,0,0,0,0,0,0,0.003388496349,0,0,0,0,0,0,0.0001432399004,0,0.0002806388366,0,0,0,0,0,0,0,0,0,0,7.731799269e-05,0.0371854715,0.02323102579,0.04028121009,0.009266591631,0.01877945848,0.02555445768,0.0006950538955,0.004862032365,0.003576531075,0.0001177717786,2.737875184e-05,9.486441741e-06,2.934292297e-06,1.057695727e-06,3.867224223e-06,0.0006599492626,7.661897143e-06,0.0003353982174,0,0.0001653320942,1.638187678e-05,0,1.023874461e-06,5.569709538e-05,0.0008284838987,1.538767719e-06,0,0,0,0,0.007334279828,0.4059946537,0.001451738295,2.458704148e-05,1.032925638e-06,0.001148450887,8.081649867e-05,0.08013448864,0.0004354931589,0.0001555589697,0.0002255450963,0.001385398908,2.812539151e-06,0.0005051226472,5.003132173e-05,3.684051762e-06,1.358978238e-06,0,0.001713705016,0.0008275851724
116,1.42435174e-05,1.919437864e-06,6.165803825e-06,0,0.006116894539,0.02514615469,0.0008720952319,3.914356057e-05,0,0,2.965913882e-05,0,0,0,0,0.0001291646913,0,0,0,0,0,0,0,0,0,0,0,0,0,0,0,0,0,0,0,0,0,0,0,0,0,0,0,0,0,0,0,0,0,0,0,0,0,0,0,0,0,0,0,0,0,0,0,0,0,0,0,0,0,0,0,0,0,0,0,0,0,0,0,0,0,0,0,0,0,0,0,0,0,0,0,0,0,0.008686861955,0.00377305341,0.007739138324,0.005738079548,0.0044384473,0.0007488469128,0.0001330425439,0.0005140409921,1.01577798e-05,0,0,0,2.647665269e-06,0,0,0.0002525760792,0,9.848431546e-06,0,0,0,1.023874461e-06,0,7.109402941e-05,4.555245323e-05,0,0,0,0,0,0.002380952472,0.4166407287,0.001656064996,4.663886102e-06,0,0,0,0.09967917204,0.0004607723677,0.0002303492365,2.623576984e-05,0.0009761541733,2.82915571e-05,0,0,0,0,0,0.0004255931417,0.0001095982079
117,0.001781605417,0.000108387103,0.0004635057703,0.0008946348098,0.06035367027,0.0658948496,0.00621385267,0.002073328244,0.0001573450572,0,0.001442356384,0.003220108338,0.0002987894404,0.006888177712,0,0.00127351121,0.0002004037669,0.0003203355591,0.000394577306,0.002380952472,0,0,0,0,0.0006780669792,0,0,0,0.0007332990644,0,0,0,0,0,0,0,0,0,0,0,0,0,0,0,0.002380952472,0.0007076650509,0,0,0.001371074002,0.002380952472,0.001134766149,0,0,0,0,0,0,0,0,0.002380952472,0,0.0001586368162,0.0007878098986,8.259215247e-05,0,0,0,0.000176613903,0,5.863186016e-05,9.544567729e-05,0,0.001058992231,8.059364518e-06,0,0,0,0,0,5.438819426e-05,0,0.0003339469549,0,0,0,0,0,0,0,0,0,0.000313170196,4.98106383e-05,0.03352770209,0.02365367301,0.0414179638,0.01256616134,0.0186868757,0.01833311841,0.002994505456,0.005055957008,0.002398261102,1.602155135e-05,1.091155991e-05,1.133997102e-05,4.013902071e-05,6.477311399e-05,1.154473466e-05,0.001325999037,5.760739441e-06,0.0001935069886,0,7.062945224e-05,0.0001066842451,5.569709538e-05,7.109402941e-05,0,0.0007125337725,3.52998286e-05,0.000218325149,0,0,7.776261918e-05,0.006646881811,0.420406878,0.001368054887,8.314510524e-06,0.0001232254726,0.0002896890801,0.001654617605,0.0574506931,0.000145182159,3.858622949e-05,5.631199747e-05,0.002889068797,9.948066145e-05,0.001282140147,0.00076180615,0.0002571122022,0.0001305025507,0.0001713521342,0.002259528963,0.001476659556
118,0.00501181744,0.0003767396265,0.001314110938,0.002964970656,0.05650245398,0.07299802452,0.009434662759,0.006228535902,0.0006116516888,0.0008227869403,0.001154965023,0.003548637498,0.0007217365783,0.004775678273,0.002380952472,0.001681444934,0.003911010921,0,0.0004489074345,0.003819857491,0.000300233718,0,0.001233981573,0,0.0002067708992,0.002380952239,0,0,0,0,0,0,0,0,0,0,0,0,0,0,0.002380952472,0,0,0.000405356026,0,0.00075897848,0.0003386939352,0.000199427639,0.001053806162,0,0.0003104101052,0.000190641309,0,0,0,0,0,0.000756016525,5.847293869e-05,0.001800959231,0.0001499768259,0.0007730606594,0.0003957221343,0.0004194510693,0.0002314039011,0,0.0005148535129,3.434428072e-05,0.0002377686906,0.0008307272801,0.000256825675,0.000771849649,0.002102190861,0,0.0003615171299,0.0001927177218,0,0.0004110161972,7.973723405e-05,0.0006746159634,0.0001397661399,0.0007090115105,0,0.0002067181777,0.0003964701318,0.0001456397877,0,0,0.0001438221079,0.0001184701614,0,0.000661411148,0.0002904775611,0.03396342695,0.001844016952,0.005374855828,0.0008405805565,0.001165851718,0.002682370367,0.001197548932,0.0008383044042,0.0006997212186,0.0001479152415,6.899160326e-06,7.612772606e-05,0.0005334855523,1.950252226e-05,3.176207247e-05,0.005627875216,0.0002410135785,0.0004013877769,0,0.0004186393635,8.376335609e-05,0.0008284838987,4.555245323e-05,0.0007125337725,0,2.789098653e-05,6.554526772e-05,4.334347523e-06,0.0003239556099,6.892290548e-05,0.002675393363,0.0616436936,0.02534184046,0.000315755693,0.0009742130642,0.0005445985589,0.0005288842949,0.05008787662,0.003581557423,0.002227516612,0.00103894365,0.0007038943586,0.000428907515,0.001708353055,0.0005338363117,5.38415843e-05,0.0008711629198,3.978119639e-05,0.001023908379,0.0005188008654
119,0.0002551468497,0,2.660160499e-05,0,0.03938435763,0.04678816721,0,0.0008834991022,0,0,6.680925435e-05,0.0001097475106,0,0,0,0.00207353523,0,0,0,0,0,0,0,0,0,0,0,0,0,0,0,0,0,0,0,0,0,0,0,0,0,0,0,0,0,0,0,0,0,0,0,0,0,0,0,0,0,0,0,0,0,0.000519992318,0.001212642761,0,0,0,0,0,0,0,0,0,0,0,0,0,0,0,0,6.548886449e-05,0,0,0,0,0,0,0,0,0,0,0,0,0,0.02148805931,0.01194617245,0.01669933461,0.005450716708,0.01009019464,0.00210528099,0.0005978737609,0.002313717268,0.0003860794823,1.689933379e-05,3.460637117e-06,7.464226428e-07,6.29570377e-06,0,4.551626716e-06,0.001256822608,2.628589391e-05,0.0007405881188,0,2.234591011e-05,1.943747156e-05,1.538767719e-06,0,3.52998286e-05,2.789098653e-05,0,0,0,0,0,0.0003586850944,0.392567873,0.001829914865,0,1.05238214e-05,0.0005927087041,0,0.06833095849,0.0003051200474,0.0002799395297,0.0001740872685,4.753547728e-06,1.608546967e-07,0.0005184746697,2.62524718e-05,0,0,0,1.617550879e-05,0.0001510516013
120,1.323101878e-05,0,0,0,0.0126895206,0.007375861984,0,0.0001304806501,0,0,0,0,0,0,0,0,0,0,0,0,0,0,0,0,0,0,0.001530137728,0,0,0,0,0,0,0,0,0,0,0,0,0,0,0,0,0,0,0,0,0,0,0,0,0,0,0,0,0,0,0,0,0,0,0,0,0,0,0,0,0,0,0,0,0,0,0,0,0,0,0,0,0,0,0,0,0,0,0,0,0,0,0,0,0,0,0.01153459214,0.001071640756,0.0004995298805,0.0005151513033,0,0.002380952239,0.001075960812,0,0,0,0,0,0,0,0,0.0001195201694,0,9.732415492e-05,0,0,0,0,0,0.000218325149,6.554526772e-05,0,0,0,0,0,0,0.3870402277,0.002640190069,0,0,0,0,0.09704093635,0.0003828446497,5.202350076e-05,0.0001149368472,9.347643754e-06,0,0,0,0,0,0,0,0
121,2.440253957e-05,0,4.717895536e-06,9.021900951e-06,0.1189303324,0.1092642024,0,0.0003138289612,0,0,0,1.589983731e-05,0,0,0,0,5.463793059e-05,0,0,0,0,0,0,0,0,0,0,0,0,0,0,0,0,0,0,0,0,0,0,0,0,0,0,0,0,0,0,0,0,0,0,0,0,0,0,0,0,0,0,0,0,0,0,0,0,0,0,0,0,0,0,0,0,0,0,0,0,0,0,0,0,0,0,0,0,0,0,0,0,0,0,0,0,0.01316001359,0.000993818976,0.004627222661,0.000388528133,0.001684251823,4.536549022e-05,0.001303187106,0.0009569692193,0,0,0,2.799610957e-05,0,0,0,0.0003973219136,0.002380952472,3.971120896e-05,0,0,0,0,0,0,4.334347523e-06,0,0,0,0,0,0,0.7053850889,0.003503109328,0,0,4.643020475e-06,0,0.1304443628,0,0.0006493120454,0.0004150139575,0,0,0,0,0,1.742104723e-05,0,3.243874517e-06,0
122,1.65133024e-05,0,4.335322228e-05,0,0.01744290441,0.004509521183,0,0.0001379872992,0,0,0,0,0,0,0,0,0,0,0,0,0,0,0,0,0,0,0,0,0,0,0,0,0,0,0,0,0,0,0,0,0,0,0,0,0,0,0,0,0,0,0,0,0,0,0,0,0,0,0,0,0,0,0,0,0,0,0,0,0,0,0,0,0,0,0.002380952472,0,0,0,0,0,0,6.236020999e-05,0,0,0,0,0,0,0,0,0,0,0,0.005641239695,0.003769649426,0,0,0,0.0007719267742,0,0.0006616763421,0,2.807210512e-05,0,0,0,0,0,0.000407732965,0,0,0,5.262703553e-07,0,0,0,0,0.0003239556099,0,0,0,0,0,0,0.5053555369,0.006062936038,0,0,0,0,0.071443744,0,0,0.000131502049,0,0,0,0,0,0,0,0,0
123,5.235403933e-06,0,3.095394277e-06,4.622762901e-07,0.01585945301,0.02927742153,0,3.597690375e-05,0,0,0,0,0,0,0,0,0,0,0,0,0,0,0,0,0,0,0,0,0,0,0,0,0,0,0,0,0,0,0,0,0,0,0,0,0,0,0,0,0,0,0,0,0,0,0,0,0,0,0,0,0,0,0,0,0,0,0,0,0,0,0,0,0,0,0,0,0,0,0,3.121532791e-05,0,0,0,0,0,0,0,0,0,0,0,0,0,0.01182131283,0.002641892526,0.006072428543,0.002879510168,0.002553659026,9.72797352e-05,0.0001183007334,0.001581607619,0,8.795499161e-05,0,0,0,0,0,0.0005002690596,0,0,0,4.711823294e-06,0,0,0,7.776261918e-05,6.892290548e-05,0,0,0,0,0,0.0001627169986,0.516063273,0.002046463778,3.087172809e-05,0,1.521823197e-05,0,0.08734350652,0.00018698044,6.163612125e-05,0.0001661458373,0.0002362658124,0,0,0,0,0,0,0,4.382191946e-06
124,0.003048348008,2.976411679e-06,3.484937042e-05,0.00102481083,0.04079350084,0.01594663411,2.531990731e-06,0.002518970985,0.0001086175689,0,9.320257232e-05,0,0,0,0,0.0002539885463,0.0004329543444,0,0,0,0,0,0,0,0,0,0.002380952239,0,0,0,0,0,0,0,0,0,0,0,0,0,0,0,0,0,0,0,0,0.0007195026847,0.001349109225,0,0,0.002380952472,0,0,0,0,0,0.0003482557659,0,0,0,0,0.001114670886,0.003829658264,0,0,0,0,0,0,0,1.44172202e-06,0,0,0.0031187844,0,0,0,0,7.136309432e-05,0,0.0006112774718,0,0,0,0,0,0,0,0,0.0006976948353,0,9.523936751e-05,0.02237555571,0.003279517172,0.003122027032,0.001848122803,0.001963597955,0.003458011895,0.007613064721,0.002542124363,0.002000216627,0.004715782125,0.00332892267,0.003617840353,0.004164837301,0.0007088773418,0.0007122496609,0.01113767549,0.002380952472,0.004292778205,0,0.0006716496428,0.0009922466706,0.007334279828,0.002380952472,0.006646881811,0.002675393363,0.0003586850944,0,0,0,0.0001627169986,0,0.2974230647,0.03399751708,0.001523073995,0.0009717868525,0.0008407901041,0.0001454543817,0.2969460487,0.006839924026,0.009222713299,0.005548526999,1.498778602e-05,2.601443839e-06,1.396917128e-06,3.915085472e-06,0,0.004209127277,0,0.0001033967128,4.001380148e-05
125,0.7001411915,0.4648033679,0.479221791,0.5671266913,0.8516067266,0.342969954,0.5020861626,0.6734827757,0.551060915,0.3760789633,0.5717505217,0.5567877889,0.6505962014,0.5357157588,0.4259307981,0.57788831,0.5794670582,0.4194104373,0.485071063,0.4980281591,0.505145669,0.4139257669,0.2769052386,0.1924637705,0.4810977876,0.4979845881,0.3578991592,0.1130233258,0.192982614,0.2955812216,0.2524468303,0.1913391799,0.1640790552,0.08203360438,0.1515261382,0.2441391647,0.1473808736,0.02380952425,0.04523809627,0.1164961383,0.05799815804,0.08138605207,0.007142857648,0.628392756,0.6440649629,0.4970133007,0.5985270739,0.6490938663,0.6674104333,0.5817295313,0.6075294614,0.5338975787,0.1740898788,0.1145093963,0.1315536499,0.1375680566,0.254544884,0.4834861159,0.5173119307,0.4422304332,0.1985017061,0.4632890522,0.5294485688,0.5441038609,0.3213810623,0.3724530637,0.3603021204,0.4160444736,0.509952426,0.5260486603,0.4705380499,0.2540217638,0.5958083272,0.4360422492,0.484077394,0.2595024109,0.1689679325,0.228659153,0.3453211188,0.5477657914,0.4537587762,0.5345082283,0.2810406983,0.5047494769,0.5379240513,0.4945788682,0.2019597739,0.1548875719,0.3399758637,0.4372797012,0.4012453854,0.5912800431,0.5378320813,0.792521596,0.4990060031,0.5786609054,0.4741858542,0.5042862892,0.6738233566,0.4414554536,0.5073519349,0.618272543,0.3833982646,0.3984575272,0.4114122689,0.3960349858,0.4501270652,0.5577914119,0.3709398806,0.395358175,0.5223917961,0.3925935328,0.5408415794,0.5028876066,0.4059946537,0.4166407287,0.420406878,0.0616436936,0.392567873,0.3870402277,0.7053850889,0.5053555369,0.516063273,0.2974230647,0,0.284116298,0.4733932614,0.4004800916,0.6529537439,0.6576181054,0.479506582,0.4448125362,0.4126556516,0.4284640253,0.1839508116,0.350099057,0.4886572659,0.2977643907,0.523260057,0.4131221771,0.4241627455,0.7558719516,0.6823403835
126,0.08003282547,0.01041740272,0.02818067744,0.02688705176,0.1770464331,0.2606271505,0.08485949785,0.09800620377,0.007308687083,0.004942014348,0.01672689617,0.03114028089,0.01236913633,0.02407138236,0.02374750935,0.02356469817,0.0459157005,0.01108582597,0.01904955879,0.01717463881,0.005639279727,0.02110460959,0,0,0.01440217812,0.01877633668,0,0,0.002380952472,0.002380952472,0.001675396459,0.002380952472,0,0,0.0005071560154,0,0,0,0,0,0.004761904944,0,0,0.004255262204,0.009571889415,0.01025493536,0.003163332352,0.005277013406,0.004477526993,0.006108471658,0.004673295189,0.005674757995,0.002859412692,0,0.0003307040024,0.002380952472,0,0.005519125145,0.006784456782,0.003675519489,0.0008109374903,0.002926345216,0.004116963129,0.007350360509,0,0.0009732824983,0.003329107072,0.009890957735,0.007641742472,0.003714396153,0.001444560825,0.004761904944,0.01924254559,0.006084749475,0.003594859038,0.00157271605,0.002380952472,0,0.0007464630762,0.006354745943,0.001541752717,0.005907379556,0.003011930501,0.00605580816,0.003506421577,0.00498357974,0.00277151796,0,0.008056516759,0.001609466388,0.002188475104,0.004424169194,0.005466015544,0.0737484768,0.01177618559,0.02487469465,0.006640241947,0.009733756073,0.01957115903,0.002893708879,0.006124292966,0.006964476779,0.002940485952,0.002043876797,0.001382690272,0.001373432577,0.001759359613,0.00483255228,0.001742791384,0.001397419139,0.004882770125,0.001536877011,0.00503506884,0.004732464906,0.001451738295,0.001656064996,0.001368054887,0.02534184046,0.001829914865,0.002640190069,0.003503109328,0.006062936038,0.002046463778,0.03399751708,0.284116298,0,0.001888752915,0.001395472791,0.007822776213,0.007858887315,0.07749924064,0.001257018768,0.0007422517519,0.001188112888,0.02924931794,0.002647978952,0.01597556658,0.01244700234,0.002031509997,0.00147041888,0.000894727069,0.01085893903,0.00721737789
127,0.0002071961062,0,0.0001013283327,0.0001349229715,0.01091058645,0.02169610001,0.003760604886,0.0005944487057,0,0,6.945953646e-05,0,0,0,0,8.347271796e-05,4.642183194e-05,0,0,0,0,0,0,0,0,0.000298006431,0,0,0,0,0,0,0,0,0,0,0,0,0,0,0,0,0,0,0,0,0,0,0,0,0,0,0,0,0,0,0,0,0,0,0,0,0,0,0,0,0,0,0,0,0,0,0,0,0,0,0,0,0,0.0004333505058,0,0,0,0,0,0,0,0,0,0,0,0,2.603136636e-05,0.01398407295,0.005884714425,0.01230627019,0.001030967687,0.006937071681,0.001708240481,0.000348286354,0.0001639686816,0.0001260254212,4.613271813e-05,1.146716568e-05,2.092858631e-05,2.048485294e-05,9.748985121e-07,0,0.0003950920654,4.64583394e-07,3.652554028e-07,0,1.514143423e-05,0,2.458704148e-05,4.663886102e-06,8.314510524e-06,0.000315755693,0,0,0,0,3.087172809e-05,0.001523073995,0.4733932614,0.001888752915,0,0,2.48379547e-05,1.938788409e-05,0.08603700995,0.0002118838602,6.506915815e-05,6.84051065e-06,0.001126673771,6.579035835e-05,0,0.0007386734942,0,5.37180631e-06,0,0.0008568016347,3.233804819e-05
128,0.0002568330674,2.716386234e-06,9.240087093e-05,3.631575964e-05,0.0616587922,0.07226583362,0.0004920353531,0.001165245543,9.038827557e-06,0,4.936974801e-05,1.256357791e-05,0,0,0,0.0004545376287,0.0001298735442,0,0,0,0,0,0,0,0,0,0,0,0,0,0,0,0,0,0,0,0,0,0,0,0,0,0,0,0,0,0,0,0,0,0,0,0,0,0,0,0,0,0,0,0,0,0,0,0,0,0,0,0,0,0,0,0,0,0,0,0,0,0,0.0006506734644,0,0,0,0,0,0,0,0,0,0,0,0,0,0.03132770211,0.01028869115,0.01620518416,0.001608703053,0.01012954395,0.01161534246,0.001278654789,0.001516483375,0.002851103665,9.573446732e-05,0.0001449026313,4.633792196e-05,2.085122287e-05,0,0,0.0004190544132,0,0.0003342980635,0,7.64522847e-05,0,1.032925638e-06,0,0.0001232254726,0.0009742130642,1.05238214e-05,0,0,0,0,0.0009717868525,0.4004800916,0.001395472791,0,0,0.0001146648065,0.002527858131,0.0898444429,0.000329422619,0.0001089782018,0.0002698437311,0.0001877399336,4.505326388e-07,3.282300167e-05,3.020117447e-06,1.451688945e-06,3.926621162e-07,0,0.0007557225181,0
129,0.0005429712473,0.0002317210892,0.0002827651915,0.0003663832322,0.06481968611,0.05929509923,0.0005441429676,0.0005597413401,1.071887709e-05,0,8.43038215e-05,0.0003239179496,0,0,0,1.806502405e-05,0.0001851669949,0,0,0,0,0,0,0,0,0,0,0,0,0,0,0,0,0,0,0,0,0,0,0,0,0,0,0,3.859318895e-05,0,0,0,3.533655672e-06,0,0,0,0,0,0,0,0,0,0,0,0,0,1.020114541e-05,2.433993586e-06,0,0,0,0,0,0,0,0,0,0,0,0,0,0,0,0,0,5.590359251e-07,0,0,0,0,0,0,0,0,0,0,1.80836355e-06,0.0111645218,0.002823415911,0.001868738676,0.0007071332075,0.0005249503884,3.821120481e-05,0.0002901181288,4.791220636e-05,1.684557719e-05,0.000144732825,7.389156963e-05,0.0005865967833,0.000459399831,0,0,0.001647160854,0.0005842980463,5.453071935e-06,0,0,0,0.001148450887,0,0.0002896890801,0.0005445985589,0.0005927087041,0,4.643020475e-06,0,1.521823197e-05,0.0008407901041,0.6529537439,0.007822776213,2.48379547e-05,0.0001146648065,0,9.019340723e-06,0.09799886495,0.001548073371,0.0003873766691,0.0001550987654,0.001510145725,0.0004681670689,8.179606084e-05,0.001737882034,2.29207526e-05,0.001609855099,0,9.877861658e-07,3.471214995e-06
130,0.0002404723054,0,0.000137651703,0.000425229402,0.05268867314,0.05239972472,0,0.0007840558537,0,0.0003583279613,0,0,0,0.0005824471009,0,0,0,0,0,0,0,0,0,0,0,0,0,0,0,0,0,0,0,0,0,0,0,0,0,0,0,0,0,0,0,0,0,0,0,0,0,2.828921424e-05,0,0,0,0,0,0,0,0,0,0,0.0001988656149,3.212448428e-05,0,0,0,0,0,0,0,0,0,0,0,0,0,0,0,0,0,0,0,0,0,0,0,0,0,0,0,0,0,0.01161290519,0.004215506837,0.002115066629,0.001012127963,0.00131083047,5.237026926e-05,0.003341326024,0.0002837972715,0.0001535724441,6.387649773e-05,0,0,2.260055226e-05,0,7.020724979e-07,0.003349515842,0,7.935288886e-05,0,4.89046306e-06,0,8.081649867e-05,0,0.001654617605,0.0005288842949,0,0,0,0,0,0.0001454543817,0.6576181054,0.007858887315,1.938788409e-05,0.002527858131,9.019340723e-06,0,0.1208320409,0.0009044909966,0.002492920961,0.0008643663023,0.0005440537934,8.380273357e-05,0,8.541935676e-05,0,0.001125307404,0,0,2.471419123e-07
131,0.2878127098,0.1817689985,0.1933230162,0.2309073508,0.4413874447,0.4987317622,0.369653672,0.2918203175,0.1274937689,0.1218354255,0.1690227687,0.2331224829,0.1613179892,0.2271324992,0.1713627428,0.2146815807,0.2570994198,0.1439681947,0.1693595946,0.1876449287,0.1921574622,0.1531663835,0.07534131408,0.05320610851,0.1695842594,0.1617697477,0.1108547598,0.05612262338,0.05804596469,0.1295357347,0.07925119251,0.05731003359,0.02288066223,0.01759504154,0.02616268955,0.05383098498,0.05589969084,0.002380952472,0.0008571204962,0.03035968542,0.01312002074,0.02037931234,0,0.1595266163,0.1579264551,0.13727054,0.1360359192,0.1267914176,0.1420301944,0.1487248838,0.1358212233,0.1170936972,0.06394246966,0.03095613606,0.03997816145,0.04526280984,0.06900429726,0.08278541267,0.06795347482,0.1166338101,0.04450138286,0.1207371876,0.1404212713,0.1116834655,0.07394399494,0.1015876159,0.07771217078,0.07276301831,0.1305426806,0.07693104446,0.09816123545,0.1642563492,0.1784837842,0.09408964217,0.1315244883,0.1307992786,0.05029017478,0.0735283941,0.08932190388,0.1115144044,0.116720967,0.1350275874,0.06645941734,0.1250229776,0.1297846287,0.1210040525,0.07212258875,0.0618169643,0.1614789069,0.1102699339,0.08701907843,0.1252977699,0.1356563866,0.3289782703,0.1835083663,0.2636518776,0.1151895449,0.1372817457,0.2037926167,0.1131414399,0.0921516791,0.09726373851,0.01702116616,0.03020025976,0.05944953114,0.09299159795,0.1057849377,0.08951420337,0.2053958476,0.07754620165,0.08400550485,0.08599942923,0.08591765165,0.0696715042,0.08013448864,0.09967917204,0.0574506931,0.05008787662,0.06833095849,0.09704093635,0.1304443628,0.071443744,0.08734350652,0.2969460487,0.479506582,0.07749924064,0.08603700995,0.0898444429,0.09799886495,0.1208320409,0,0.02397491224,0.04672280326,0.08246767521,0.2336277217,0.1046532169,0.2322748899,0.215810582,0.1049128249,0.1084976941,0.09001837671,0.1131296828,0.1146875098
132,0.01520422008,0.001548776403,0.005418604705,0.005174700171,0.1133092046,0.1119489744,0.0155604668,0.01728373952,0.0007546260604,0.0007210425683,0.001696656924,0.005792569369,0.004317277111,0.00467682723,0.00324748992,0.002866196213,0.004493237473,0,0.004761904944,0.002380952472,0.0008930040058,0,0,0,0,0.0007941274671,0,0,0,0,0,0.002380952239,0,0,0,0,0,0,0,0,0,0,0,0,0,0.0002894863719,0,0,0.002786708763,5.886560393e-05,0.003023730125,0.002732609631,0,0,0,0.002380952472,0,0.0006169647677,5.42994967e-05,0.002380952472,0,9.682209929e-05,0.001210244372,0.001016565599,0,0,0,6.686693087e-05,0.0008028302691,0.0001888774714,0.00113462843,0,0,0,0.002392873401,0,0,0,0,0.0005424562842,0.003490678966,0.002850851975,0.001011651126,0.003895882983,0.0004916798207,0.0004893719452,0.002380952472,0,0,0.00314256479,0,0.002304332796,0.001405399409,0.04753178358,0.0123269232,0.02897954732,0.004246736877,0.005462075584,0.01181771699,0.002279971261,0.001648660051,0.001851459732,9.100365423e-05,6.016630869e-05,0.0001865852391,0.0003760041145,0.0002698242897,7.038575131e-05,0.003712801496,0.0001974390761,0.0005938570248,0.0001377266599,0.0005838621291,0.0006478585419,0.0004354931589,0.0004607723677,0.000145182159,0.003581557423,0.0003051200474,0.0003828446497,0,0,0.00018698044,0.006839924026,0.4448125362,0.001257018768,0.0002118838602,0.000329422619,0.001548073371,0.0009044909966,0.02397491224,0,4.047886978e-05,0.0002463614801,0.005871331319,0.0005675550783,0.000814593106,0.002779880771,0.002729633125,0.0006593117141,0.0009490653756,0.001622680575,0.000845805509
133,0.01219850127,7.315099356e-05,0.002610211726,0.003719470464,0.1105703935,0.1053125858,0.01708390936,0.01536385808,0.00282775145,0,0.003979880828,0.005363367032,0.005228138063,0.002380952472,0.002380952239,0.003780066501,0.004608219955,0,0.002380952472,0,0,0.001069798134,0,0,0.002380952472,0,0,0,0,0,0,0,0,0,0,0,0,0,0,0,0,0,0,0,0.002380952472,0,0,0,0.004527634941,0,0.003604866331,0.001730366377,0,0,0,0,0,0,0.0002447669685,0,0,0,0.001426557661,0.0009662870434,0,0.001191440737,0,0,0.0002178978757,0,0,0,0.003857739968,0,0.0014692978,0.003014362184,0,0,0,0.0004437557945,0,0.001122992951,0.002380952472,0,0.0004734888789,0.002380952472,0,0,0.002380952472,0,0,0.002380952472,0.001716146478,0.051666338,0.02041618153,0.03558204323,0.0101019768,0.01028576028,0.02085364796,8.714372234e-05,0.003203438595,0.005125090946,4.003072172e-05,5.706060983e-05,0.0001748837094,0.0001280325523,0.0002209676313,0.0003769372124,0.0003665954864,0.0003543877683,0.0006462234305,0,0.003019993193,0.0002544770832,0.0001555589697,0.0002303492365,3.858622949e-05,0.002227516612,0.0002799395297,5.202350076e-05,0.0006493120454,0,6.163612125e-05,0.009222713299,0.4126556516,0.0007422517519,6.506915815e-05,0.0001089782018,0.0003873766691,0.002492920961,0.04672280326,4.047886978e-05,0,1.806219734e-05,0.006024598144,0.0003781500563,0.004664783832,0.001117611653,0.0004122964456,0.0003400313435,5.519509068e-05,0.004459470045,0.004177288152
134,0.001727891271,0.0004953756579,0.0006616912433,0.0008010040619,0.03936681896,0.05327225104,0.01048013754,0.00205466128,0.0002330488496,0,0.0009324871935,0.003151937155,0.001253250055,0.003500321414,0.002752070082,0.00247413246,0.0005616933922,0,0,0,0.0001376192668,0.0007776030689,0,0,0,0.0002739537158,0,0,0,0,0,0,0,0,0,0,0,0,0,0,0,0,0,0.000664226478,0.002931794152,0,0,0,0.0001513175521,0,5.01978393e-05,0.0004093812604,0,0,0,0,0,9.881359438e-05,0.0001539901714,0,0.0006019032444,0.0002652259136,0.0002983398444,0.0003856842231,0,0,0,6.630141434e-05,0,0.0005621699966,5.961607167e-05,0.003111067694,0.001613709494,4.652352072e-05,0,0,0,0,0,0.000385412015,0,0.0003905139747,0,0.0004036917235,0,0,0,0,0,0,0,0.0006259759539,0.0003034579277,0.01616269723,0.007434031926,0.01590185426,0.004736061674,0.009827484377,0.0100436043,4.419114703e-05,0.0003300477692,0.0009357027011,0.0001440466149,0.0001487078553,0.000243582137,9.713289182e-05,2.815570951e-05,0.0001041757423,0.0002216847934,8.770728164e-05,1.503671774e-05,9.226408224e-07,0.0001467620168,4.84478951e-05,0.0002255450963,2.623576984e-05,5.631199747e-05,0.00103894365,0.0001740872685,0.0001149368472,0.0004150139575,0.000131502049,0.0001661458373,0.005548526999,0.4284640253,0.001188112888,6.84051065e-06,0.0002698437311,0.0001550987654,0.0008643663023,0.08246767521,0.0002463614801,1.806219734e-05,0,0.005388282705,0.0005505381268,0.001542277052,0.001253970317,9.084865451e-05,7.970185106e-05,5.610505468e-05,0.001294730813,0.0008021080866
135,0.001753783901,2.071108975e-05,0.0001314240217,0.0005780681386,0.03593612462,0.06388666481,0.0002742951328,0.006481137592,0.0009850069182,0.0001014929148,0.001885944162,0.004356488585,0.00317984377,0.007898936048,0.002530253958,0.005009077955,0,0,0,0,0.001199209481,0,0,0,0.0004343503388,0,0,0,0,0,0,0,0,0,0,0,0,0,0,0,0,0,0,0.003464580514,0,0.002380952472,0,0.0007778984727,0.002740397351,0,0.0008341936627,0.001814101241,0,0,0,0,0.002380952472,0.002380952472,0.004650196526,0,0,0.0009756488143,0.003188381437,0.002050070325,0,0,0,0.0008621055749,0.0001574202033,0,0.0009187860996,1.898358096e-05,0.001348245423,0,0.00158873247,0,0,0,0,0.001762552536,0,0.001394750434,0,0,0.0008341570501,0.0007229944458,0,0,0,0,0,0.001471524942,0,0.03520543873,0.003233249532,0.005533936899,0.003664231161,0.002528418321,0.004412007518,0.004825859796,0.005111665465,0.006350780837,0.001874483889,0.0002074421354,0.0008164380561,0.003062226111,0.0001263261511,5.676603905e-05,0.01101567969,0.002233489649,0.0035674104,0,0.0008941374836,0.0006949939416,0.001385398908,0.0009761541733,0.002889068797,0.0007038943586,4.753547728e-06,9.347643754e-06,0,0,0.0002362658124,1.498778602e-05,0.1839508116,0.02924931794,0.001126673771,0.0001877399336,0.001510145725,0.0005440537934,0.2336277217,0.005871331319,0.006024598144,0.005388282705,0,4.432463811e-06,3.334316716e-05,2.111933645e-05,1.851258821e-05,0.0005914303474,0.0002097967517,0.00417210348,0.0001186961963
136,0.0001223252475,1.448445119e-06,1.311026153e-05,3.852240479e-05,0.03619457409,0.06149299443,0.0001642817078,0.0007796382997,4.551722304e-05,0,0,2.682962077e-05,0.0005364713143,0.007142857648,0,0,6.172902795e-05,0,0,0,0,0,0,0,0.0008806623518,0,0,0,0,0,0,0,0,0,0,0,0,0,0,0,0,0,0,0,0,0,0,0,0,0,0,0.0006058163708,0,0,0,0,0,0,0,0,0,0.0005692251143,0.0001665270247,0,0,0,0,0,0,0,0,0,0,0,0.002380952472,0,0,0,0,0.0006407258916,0,0.000107722728,0,0.001795342308,0,0,0,0,0,1.284244263e-06,0,0,0.00110324251,0.02009207942,0.007458487526,0.007792160381,0.003218426602,0.00411959365,0.004558589309,0.0009092467371,0.002061958192,0.002333995188,6.383934669e-05,1.2037136e-05,2.449637395e-05,0.0001442956855,0,0,0.001365910051,4.486176113e-05,0.0004761577584,0,0.0001445553935,5.164707909e-05,2.812539151e-06,2.82915571e-05,9.948066145e-05,0.000428907515,1.608546967e-07,0,0,0,0,2.601443839e-06,0.350099057,0.002647978952,6.579035835e-05,4.505326388e-07,0.0004681670689,8.380273357e-05,0.1046532169,0.0005675550783,0.0003781500563,0.0005505381268,4.432463811e-06,0,0,2.276266059e-06,0,1.348326077e-05,7.342744084e-07,0.0007040231139,0
137,0.0001693029626,0,2.668007028e-06,0.0002012283221,0.1052247584,0.05856692046,1.281499408e-06,0.001914187451,0,0,0,0,0,0,0,0,0,0,0,0,0,0,0,0,0,0,0,0,0,0,0,0,0,0,0,0,0,0,0,0,0,0,0,0,0,0,0,0,0,0,0,0,0,0,0,0,0,0,0,0,0,0,0,0,0,0,0,0,0,0,0,0,0,0,0,0,0,0,0,0,0,0,0,0,0,0,0,0,0,0,0,0,0,0.01202696469,0.002780065173,0.001885735663,0.0007627931191,0.002137178089,0.000257248932,0.001499450882,0.001620383468,0.0002216784778,0.0006952434778,0,0.0006909915828,0,0,0,0.007679215167,0,0.0002383505926,0,0,0,0.0005051226472,0,0.001282140147,0.001708353055,0.0005184746697,0,0,0,0,1.396917128e-06,0.4886572659,0.01597556658,0,3.282300167e-05,8.179606084e-05,0,0.2322748899,0.000814593106,0.004664783832,0.001542277052,3.334316716e-05,0,0,0,0,0,0,8.272859304e-06,0
138,0.0001090715887,1.212408847e-06,1.43616744e-05,7.292604278e-05,0.02270761505,0.0276780501,0,0.0007223294815,4.178092058e-05,0,1.450229047e-05,0,0,0.0008913665079,0.0002682111517,0.0002518999099,0,0,0,0,0,0,0,0,0,0,0,0,0,0,0,0,0,0,0,0,0,0,0,0,0,0,0,0,0,0,0,0,0,0,0,0,0,0,0,0,0,0,0,0,0,0,0,0.0008283134084,0,0,0,0,0,0,0,2.64121627e-06,0,0.002380952472,0,0,0,0,0,0.001541153411,0,0.0001128883305,0,0,0,0,0,0,0,0,0,0,0.000272973266,0.01858714037,0.001770749921,0.002231764374,0.00160503888,0.001320489915,0.001406724448,0.001157297869,0.002424026141,0.0004109885485,0.0004352130927,0.0004089150461,0.001535167103,0.0002530104539,0,0,0.00261720689,0,0.0003144757939,0,0.0002172584645,0.0006586805684,5.003132173e-05,0,0.00076180615,0.0005338363117,2.62524718e-05,0,0,0,0,3.915085472e-06,0.2977643907,0.01244700234,0.0007386734942,3.020117447e-06,0.001737882034,8.541935676e-05,0.215810582,0.002779880771,0.001117611653,0.001253970317,2.111933645e-05,2.276266059e-06,0,0,0,0,4.60193769e-06,0.0002812965249,1.725223046e-05
139,7.777540304e-06,3.924161547e-07,5.354020232e-06,6.670067251e-06,0.04695518687,0.04035208374,0,7.01290337e-05,0,0,0,5.775736099e-06,0,0,0,1.264098955e-05,0,0,0,0,0,0,0,0,0,0,0,0,0,0,0,0,0,0,0,0,0,0,0,0,0,0,0,0,0,0,0,0,0,0,0,0,0,0,0,0,0,0,0,0,0,0,0,0.0001494033204,0,0,0,0,0,0,0,0,0,0,0,0,0,0,0,8.737538883e-05,0,0,0,0,0,0,0,0,0,0,0,0,0,0.01116291806,0.005953106564,0.003196032951,0.001227792469,0.001268416643,5.89125666e-05,0.001409178716,0.003548188368,0,0.0001320761221,0,0,0,0,5.625131053e-06,0.0007799461018,0.0001607919985,0.0003302824625,0,7.080730938e-06,0,3.684051762e-06,0,0.0002571122022,5.38415843e-05,0,0,0,0,0,0,0.523260057,0.002031509997,0,1.451688945e-06,2.29207526e-05,0,0.1049128249,0.002729633125,0.0004122964456,9.084865451e-05,1.851258821e-05,0,0,0,0,0,0,0,0
140,0.0002634260163,0,5.726280506e-05,9.211370343e-05,0.04250948131,0.06500861794,0.006723715924,0.0009559268947,0,0,2.079232581e-05,0.0001267506159,0,0.002380952472,0,0.0004987256834,0.0003395414969,0,0,0,0,0,0,0,0,0.0003044753394,0,0,0,0,0,0,0,0,0,0,0,0,0,0,0,0,0,0,0,0,0,0,0,0,0,0,0,0,0,0,0,0,0,0,0,0,0,0,0,0,0,0,0,0,0,0,0,0,0,0,0,0,0,0.0001999768137,0,0,0,0,0,0,0,0,0,0,0,0,0.0007197589148,0.02324271761,0.008835309185,0.01271439809,0.006120297126,0.007008807734,0.01756590232,0.0004087338748,0.002603180939,0.0003933335829,0.0002020551474,4.611137774e-05,7.495044701e-05,0,2.050881221e-06,1.627143138e-05,0.000227671233,0,1.643790347e-05,0,0.0001519742946,5.829340353e-06,1.358978238e-06,0,0.0001305025507,0.0008711629198,0,0,1.742104723e-05,0,0,0.004209127277,0.4131221771,0.00147041888,5.37180631e-06,3.926621162e-07,0.001609855099,0.001125307404,0.1084976941,0.0006593117141,0.0003400313435,7.970185106e-05,0.0005914303474,1.348326077e-05,0,0,0,0,0,0.0006615211605,0.0005310326233
141,1.295045786e-05,1.414411145e-06,2.017703537e-06,0,0.013849793,0.01125002652,0,7.50676918e-05,0,0,0,5.695860818e-05,0,0,0.0009462122107,0,0,0,0,0,0,0,0,0,0,0,0,0,0,0,0,0,0,0,0,0,0,0,0,0,0,0,0,0,0,0,0,0,0,0,0,0,0,0,0,0,0,0,0,0,0,0,0,0,0,0,0,0,0,0,0,0,0,0,0,0,0,0,0,0.0001767721842,0,0,0,0,0,0,0,0,0,0,0,0,0,0.01097500231,0.0001976603089,0.001900042291,0.003850699402,0.001475282595,0.001395734493,1.267916196e-05,0.0005032689078,0.0002621763269,2.773661254e-05,0,0,1.055548546e-05,0,0,0.0002943550935,0,0,0,0,0,0,0,0.0001713521342,3.978119639e-05,0,0,0,0,0,0,0.4241627455,0.000894727069,0,0,0,0,0.09001837671,0.0009490653756,5.519509068e-05,5.610505468e-05,0.0002097967517,7.342744084e-07,0,4.60193769e-06,0,0,0,0,0
142,0.0009137361194,0.0001467343973,0.0003236769116,7.076166366e-05,0.0952758491,0.151230067,0.0005243827472,0.002668844303,3.489574374e-05,0,0.0001110650483,0.0006537223235,5.940641859e-05,0,0,0.0002099343401,0.001034099143,0,0,0,0,0,0,0,0,0,0,0,0,0,0,0,0,0,0,0,0,0,0,0,0,0,0,8.025856368e-05,0,0,0,0,0,0,6.508872957e-06,0,0,0,0,0,0,0,0,0,0,0,0,0.0001094832696,0,0,0,0,0,0,0,0,8.256921865e-05,0,2.72681591e-05,0,0,0,0,1.417244403e-05,0,1.616883674e-05,0,0,0,0,0,0,0,0,0,0,5.154728569e-05,0.01058979798,0.0005739785847,0.0002380498918,0.0001797104051,0.0001158968516,1.216601231e-05,0.002940893872,3.463196845e-05,9.461501577e-06,9.055943519e-05,0,0.002643700223,0.003934835549,0.003327761311,7.040891069e-05,0.002440709621,0,1.720741056e-05,0,6.305094576e-05,0,0.001713705016,0.0004255931417,0.002259528963,0.001023908379,1.617550879e-05,0,3.243874517e-06,0,0,0.0001033967128,0.7558719516,0.01085893903,0.0008568016347,0.0007557225181,9.877861658e-07,0,0.1131296828,0.001622680575,0.004459470045,0.001294730813,0.00417210348,0.0007040231139,8.272859304e-06,0.0002812965249,0,0.0006615211605,0,0,1.762041052e-06
143,0.0004001775524,3.685839329e-05,0.0001740435109,0.0002835147898,0.06592422724,0.06922419369,2.570143442e-05,0.0005572114023,0,5.000436795e-05,8.494015674e-06,0.0002731796994,0,0.00121817179,0,9.975964531e-06,0,0,0,0,0,0,0,0,0,0,0,0,0,0,0,0,0,0,0,0,0,0,0,0,0,0,0,0,0,0,0,0,0,0,0,0,0,0,0,0,0,0,0,0,0,0,9.350057553e-06,4.357203579e-06,0,0,0,0,0,0,0,0,0,0,0,0,0,0,0,0,0,5.816483281e-06,0,0,0,0,0,0,0,0,0,0,1.160845386e-06,0.01133588236,0.002861537738,0.001400371548,0.0003873314417,0.000650526199,5.085019802e-05,0.001138367108,0.0002937151294,3.797966565e-05,7.933357847e-05,1.479473394e-05,0.0002072748466,0.0003929670493,0,0,0.002972585615,0,2.086368841e-05,0,2.285879191e-06,5.412378596e-05,0.0008275851724,0.0001095982079,0.001476659556,0.0005188008654,0.0001510516013,0,0,0,4.382191946e-06,4.001380148e-05,0.6823403835,0.00721737789,3.233804819e-05,0,3.471214995e-06,2.471419123e-07,0.1146875098,0.000845805509,0.004177288152,0.0008021080866,0.0001186961963,0,0,1.725223046e-05,0,0.0005310326233,0,1.762041052e-06,0
