ROI_ID,1,2,3,4,5,6,7,8,9,10,11,12,13,14,15,16,17,18,19,20,21,22,23,24,25,26,27,28,29,30,31,32,33,34,35,36,37,38,39,40,41,42,43,44,45,46,47,48,49,50,51,52,53,54,55,56,57,58,59,60,61,62,63,64,65,66,67,68,69,70,71,72,73,74,75,76,77,78,79,80,81,82,83,84,85,86,87,88,89,90,91,92,93,94,95,96,97,98,99,100,101,102,103,104,105,106,107,108,109,110,111,112,113,114,115,116,117,118,119,120,121,122,123,124,125,126,127,128,129,130,131,132,133,134,135,136,137,138,139,140,141,142,143
1,0,6.872650374e-06,0.0003437289561,8.334549057e-05,0.002324242378,0.01426643692,0.000257464766,0.00015995375,0.0001853883878,3.131666017e-05,0.0004997050855,0.0004891233984,0.0002991472429,0.001928774756,0.002890465315,0.0002230382524,1.693670856e-05,4.408621317e-05,8.364975656e-05,4.164739948e-05,2.04752414e-05,8.050828001e-06,8.617393178e-06,0,4.211232954e-05,5.005163985e-06,2.152652633e-05,0,0,9.249550203e-06,0,0,0,0,0,0,0,0,0,0,0,0,0,0.0003176703176,0.0001475108729,8.07764518e-05,0.00024931808,0.0006138050812,0.0005309491535,0.0003394280211,0.0002403394901,0.0001564789127,0,0,0,0,3.387169636e-05,0.0002857291838,1.896367394e-05,0.000809404999,0.0005084917066,0.0001830905676,0.0005400836235,0.0004177185474,0,0,7.196993829e-05,1.99849128e-05,0.0002938174002,0.0001249159977,2.191022759e-05,7.48164166e-05,0.0007403575582,0.0001784070482,0.0002241200127,0,0,5.552488801e-06,0,0.0003158931795,0,0.0006144263898,0.0002912293712,0.0004754455877,0.0004051095748,0.0003564129292,0,0,0,3.03263505e-06,0,0.0004616785154,0.0004700323625,0.01591205597,0.004483120982,0.009372433648,0.001254625618,0.001636842266,0.003373520216,0.003019531025,0.0009141734336,0.0007646438316,0.005603504833,0.001162576838,0.0006790771149,0.0003138276224,2.206788304e-05,6.436382137e-06,0.01753034256,0.0003585770028,0.0003480395826,9.517275612e-05,0.0001597232185,5.092532228e-05,0.0009600388003,1.844148574e-05,0.00300680357,0.02442112938,0.0003024335892,1.355986296e-05,1.386473195e-05,7.382137119e-05,7.129312962e-06,0.003696705448,0.9170763493,0.143792972,0.0002909954928,0.00032407447,0.0005737858592,0.0003171513963,0.5426999927,0.02689852379,0.018179629,0.002247184981,0.002802276053,0.0001791860559,0.0002403011022,0.0001655399828,1.114000497e-05,0.0003383756557,2.069124275e-05,0.0007384336204,0.0003919020528
2,6.872650374e-06,0,2.094212959e-06,4.267331235e-07,0.0008007541765,0.005499934778,1.184628036e-05,1.204173077e-05,2.196655623e-05,0,1.388892088e-05,0,0,0,0,0,0,0,0,0,0,0,0,0,2.080087688e-05,0,0,0,0,0,0,0,0,0,0,0,0,0,0,0,0,0,0,0,0,0,0,0,0.0002383288811,0,0,0,0,0,0,0,0,0,0,0,0,0,0.0007990118465,0.0001556914212,0,0,0,0,9.180611232e-05,0,0,0,0,0,0,0,0,0,0,2.508860962e-05,0,0,0,0,0,0,0,0,0,0,0,0,0.000175355759,0.006202966906,0.003229050431,0.005687081255,0.002053244039,0.002053164179,0.002410498448,0.001141638728,0.00135424966,0.0004352130054,0.0012211008,0,5.060238436e-06,5.744773716e-06,0,0,0.003028389532,8.9885536e-05,6.969265087e-05,0,0.0001790428651,0,4.72146121e-06,1.182235565e-06,0.0003010458313,0.002773727756,0,0,0,0,0,3.694648512e-06,0.8054565191,0.02594719268,8.717655874e-05,3.102226856e-06,0.0005287916283,0,0.3719317317,0.002239739755,0.0001678020199,0.0006279561785,5.216632781e-05,2.164997113e-06,0,2.914639254e-06,3.924161547e-07,1.074543093e-06,9.98383166e-06,3.449634823e-05,0.0001030711501
3,0.0003437289561,2.094212959e-06,0,1.402761518e-05,0.01793338358,0.01387323905,2.027248229e-05,0.0004160250246,0.0001996921346,1.622345735e-05,0.0003050054947,6.745344581e-05,6.229089922e-05,0.0003695354098,0.0001957612985,0.0002359418868,5.562115985e-05,0.0001017924078,0.000115774681,0,2.257561209e-05,0,0,0,0,0,3.214610479e-05,0,0,0,0,0,0,0,0,0,0,0,0,0,0,0,0,0.0009008828201,0,3.476869097e-05,0,0.0002827435383,0.0004034685262,0,0.0005739804474,0.0002860921377,0,0,0,0,0,0.000127391555,9.242136912e-06,0.0002425407147,0.0001041460127,0,0.0005368639831,0.0003887392813,0,1.756039092e-05,8.388060087e-05,0.0001743796893,0.0002166209451,0.0001087386918,1.405991588e-05,1.823107777e-05,5.672598945e-06,0.0004941707593,0.0002790484577,0,0,0,0,0.0004022385983,0,0.0003831596405,0,0.0001004142468,0.0002855743805,0.0003480646701,0.0001604332501,0,8.911131772e-06,2.038367256e-06,0,0.0007118397625,0.0003599909251,0.01133683324,0.002628429793,0.005292517599,0.0009708345169,0.001109711593,0.00229132711,0.00161313219,0.0007656222442,0.0005065944279,0.001174798585,6.878060231e-05,5.529639748e-05,8.943208377e-05,5.927903203e-06,2.373593816e-06,0.006165890023,0.0001514020551,0.0002412277099,5.370078725e-06,0.0001730528456,3.023829595e-05,0.0002409391163,7.4390191e-06,0.0007556976052,0.01125210058,3.962635674e-05,6.257462246e-07,4.638118753e-06,4.335322228e-05,3.425863042e-06,6.026322808e-05,0.8878384829,0.05890440941,0.0002017659135,0.0001391113765,0.0004430418485,0.0003207976115,0.4127699733,0.01097398624,0.004571958445,0.0009954902343,0.0002852340695,2.429836059e-05,1.582290497e-05,1.806150613e-05,9.334442439e-06,6.849751662e-05,9.130936633e-06,0.0002013404737,0.0003943360352
4,8.334549057e-05,4.267331235e-07,1.402761518e-05,0,0.002763333498,0.005694437306,0.0002570674405,2.611838136e-05,4.529563012e-05,0,4.528577483e-05,2.653546107e-05,0,0.0003537342709,0,5.856869757e-05,0,0,0,0,0,0,0,0,0,0,0,0,0,0,0,0,0,0,0,0,0,0,0,0,0,0,0,0,0,0,0,0,0,0,0.0005860737874,0.0002704223734,0,0,0,0,0,0,0,0.002380952239,0,0.0006975299329,0.001150555909,0.0003530582762,0,0,0,0.0001419079053,0.0001801044709,0,0,0,0,0,0.0001479021594,0,0,0,0,0.0002023436391,0,0.0009435001411,0,0,0.0001086255579,0,0.002380952472,0,0,5.027972293e-05,0,0,0.00116702891,0.01516281255,0.007824881002,0.02790057473,0.005479732994,0.008780123666,0.005875961855,0.003201930085,0.0013479013,0.0008940392872,0.000875054975,0.000230700316,7.09866581e-05,3.364618169e-05,0,0,0.007623899728,1.722031448e-05,0.0002180469601,4.43518984e-05,0.0001748831564,5.102234809e-06,0.0001269058994,6.111418429e-07,0.0009498642758,0.01248553675,1.796803008e-05,0,9.021900951e-06,0,4.622762901e-07,0.001102727838,0.8336527944,0.05020247027,0.000153776622,7.670163905e-05,0.0003718926455,0.0007120192749,0.4092419147,0.007528312504,0.004690134898,0.0008562276489,0.0009453163366,4.662686479e-05,0.0002331444848,7.462281064e-05,6.670067251e-06,9.250618314e-05,0,0.0001316361158,0.0003321422846
5,0.002324242378,0.0008007541765,0.01793338358,0.002763333498,0,0.08168467134,0.02451958135,0.002333239419,0.002223731717,0.0006635010359,0.005165930372,0.008212598041,0.0007609699969,0.01022926252,0.01063925307,0.006194116548,0.005489001051,0.0007297582924,0.0005517377867,0.001133026788,0.002096778946,0.001331148902,0,0,0.0003103128693,0.0004072026059,7.934572932e-05,0,0.000100690384,0.0001156833969,0.001821297221,0.000221942988,0,0,0,0,0.0007700435235,0,0,0.002380952472,0,0,0,0.0004020070774,0.0001682327711,0.0009399579722,0.0008073495701,0.0002634071279,0.0003296923824,0.002308786614,0.001133336569,0.002510648221,0.0001692873338,0.002380952472,0,0.0004929230199,0.0003572583664,0.002157034585,0.001409208635,0.004604822025,0,0.003038336057,0.003106941003,0.003265279578,0.006081601605,0.003837210825,0.001489741844,0.0007836163277,0.002695956035,0.002607283182,0.00275020604,0.005563030485,0.003082525916,0.0003861300356,0.002199965296,0.003526278073,0.002380952472,0.00118467561,0.004859941546,0.003179008374,0.003147646552,0.002651272109,0.001165747643,0.00212111813,0.003708299482,0.003123263828,0.002380952239,0.0009130915278,0.005025870632,0.004573802464,0.009839251637,0.001566190738,0.003530783812,0.002402971266,0.01348311454,0.005552893039,0.01520464569,0.01072091516,0.001960570924,0.03181571141,0.01094392315,0.003486374626,0.06303470582,0.04075256363,0.03707195073,0.026607031,0.001619430142,0.0006033512182,0.0663093999,0.0275193844,0.007040927187,0.009325826541,0.003087049583,0.003285816405,0.05257433653,0.003100173082,0.06574597955,0.1013562679,0.03680394962,0.006540722214,0.002384050284,0.001183506451,0.002835389925,0.01449888758,0.4240191579,0.2451521605,0.006483735982,0.05715414882,0.003792470088,0.002418727381,0.7141317129,0.1500809342,0.1333792657,0.0350625664,0.03443909436,0.03490568325,0.007189123891,0.01100380346,0.004579572473,0.03874119371,0.01226030663,0.001527395798,0.002034551231
6,0.01426643692,0.005499934778,0.01387323905,0.005694437306,0.08168467134,0,0.004994974472,0.004239842761,0.009807304479,0.004857148509,0.007019858342,0.003707515309,0.01697188988,0.00328489719,0.001516921213,0.003341203555,0.002491674852,0.0004314922553,0.003693869803,0.004511583596,0.004125453066,0.001753723249,0.000936692406,0,0.002863649977,0.004414922092,0.002380952472,0.002380952472,0,0.002380952472,0,0.00347356149,0,0,0,0.002380952472,0,0,0,0,0,0,0,0.009830267169,0.01000122074,0.00382159953,0.008482706733,0.01313449256,0.02292010002,0.007742515765,0.01878577657,0.01780916005,0.003897606861,0,0,0,0,0.009416533634,0.00721277995,0.004279843997,0,0.01045057364,0.01441179775,0.01723199897,0.006560337264,0.004761904944,0.004678966478,0.005140269641,0.01639029384,0.01002337318,0.01604852825,0.0002046078298,0.004184387159,0.007231793366,0.01524227951,0.002380952472,0,0,0.001084295916,0.01275826991,0.007142857648,0.0179364942,0.007603503764,0.002124790102,0.003689083271,0.008906842209,0,0.002380952472,0.01253176946,0.01672003791,0.00171341293,0.01775720157,0.01283991989,0.1725318432,0.04520971701,0.06295453012,0.02195197903,0.03034842387,0.062023215,0.04739329591,0.0237733312,0.02495135926,0.07390085608,0.03329146653,0.06092144921,0.08244214207,0.01186680235,0.004203348886,0.1259465069,0.03672976792,0.01756670326,0.01197004225,0.01831763797,0.01376664732,0.09565945715,0.03029013425,0.07189743221,0.271376133,0.0469157584,0.01336875651,0.04548139125,0.007668737322,0.01667237841,0.02688904852,0.9421435595,0.3299224973,0.0221471414,0.08057492226,0.02688090503,0.02861921862,0.7623766065,0.1560210884,0.108353585,0.05259536207,0.1407645047,0.07858570665,0.0491255112,0.04388881847,0.02885439247,0.06527782977,0.01296072081,0.04792308435,0.02927230112
7,0.000257464766,1.184628036e-05,2.027248229e-05,0.0002570674405,0.02451958135,0.004994974472,0,8.703727508e-05,0,0,0.0001014804657,0.0004516791669,0,0.0001427412499,0,0,0.0006714845076,0,0,0,0,0,0,0,0,0,0,0,0,0,0,0,0,0,0,0,0,0,0,0,0,0,0,0,0,0,0,0,0,0,0.0006964312633,0,0,0,0,0,0,0,0,0,0,0,0.00409258157,0.003397821449,0,0,0,0,0,0.002380952239,0,0,5.087065074e-05,0,0,0,0,0,0,0,0,0.0007422870258,0.002380952472,0,0,0,0,0,0,0,0,0,0.009545032866,0.02128595673,0.007684615906,0.01412031054,0.006868249271,0.004937534686,0.002029332798,0.01190410648,0.007195208687,0.006772263907,0.01078387443,0,0.00727924658,0.00514695188,0.002380952472,0,0.03631413355,0,0.01099388488,0,0.0006118905731,0,0.01403409243,0.0008720952319,0.01135510765,0.04134827852,0.002380952472,0,0,0,0,4.217889909e-06,0.8765509129,0.1333837062,0.0002851529862,0.0007629114552,0.0006135024014,0,0.6324192882,0.02407315932,0.02557921968,0.01848211884,0.0004098356585,0.000172004613,1.281499408e-06,0,0,0.005570402835,0,0.0001525417902,2.570143442e-05
8,0.00015995375,1.204173077e-05,0.0004160250246,2.611838136e-05,0.002333239419,0.004239842761,8.703727508e-05,0,0.0001516531338,0,0.0004796495195,0.0001790992246,0.000160765223,0.0002663333726,4.068989438e-05,7.673594519e-05,1.952736966e-05,0,4.732537491e-05,2.617566315e-05,2.917706752e-06,0,0,0,0,5.096786481e-06,0,0,0,0,0,0,0,0,0,1.145981696e-05,0,0,0,0,0,0,0,0.0008644139161,0.0009996569715,0.00106274907,0.0004875537998,0.0008319163462,0.0005299437325,0.0005812915624,0.0005896129878,0.0012504966,0.001164796762,0,0,0,0,0.00049199356,6.080967069e-05,0.0001676178945,0,0.001081767026,0.0008633421385,0.0007255834644,0,1.47919709e-05,0.0001344165794,0,0.0005848787259,0.0001799128804,2.778968155e-05,0,0.0003514474956,0.0001609509782,0.0003336256486,0,0.0001532456954,3.207286863e-05,2.380862861e-05,0.0009189761477,8.551810606e-05,0.0007897795876,0.0004850751138,0.0009259107173,0.001326879486,0.0002396296622,0,0,0.0002201774623,4.495025132e-05,0,0.0009370774496,0.0005336569156,0.01824039966,0.004071577918,0.01289795898,0.001226781285,0.001413312042,0.004840251524,0.002767057857,0.0007945830002,0.0009026285843,0.00532929413,0.0009716690402,0.0006434517563,0.0007032775902,1.792861076e-05,8.854805856e-06,0.01863373816,0.0004610053729,0.0004582558759,0.0002023620909,0.000309541414,6.910120283e-05,0.00196111016,3.72456052e-05,0.002963643754,0.02812569588,0.0009698768263,9.207078256e-05,0.0001685073366,0.0001713936945,3.250516238e-05,0.003132564481,0.9415551424,0.1652052402,0.0006847301847,0.001163807116,0.0005249663373,0.0007991747116,0.5370160341,0.03138076514,0.01955021359,0.002460683696,0.009878329001,0.00105814659,0.0008259748574,0.0008138754056,8.874107152e-05,0.001183402492,9.115280409e-05,0.001262621838,0.0005733372527
9,0.0001853883878,2.196655623e-05,0.0001996921346,4.529563012e-05,0.002223731717,0.009807304479,0,0.0001516531338,0,0,9.954834468e-07,0,0,0,0,1.200174324e-07,0,0,0,0,0,0,0,0,0,0,0,0,0,0,0,0,0,0,0,0,0,0,0,0,0,0,0,0,0,0,0,0,0,0,0,0,0,0,0,0,0,0,0,0,0,0,0,0,0,0,0,0,0,0,0,0,0,0,0,0,0,0,0,0,0,0,0,0,0,0,0,0,0,0,0,0,0,0.0009485965129,0.00255826558,0.001254396979,0.0006262801471,0.0003045152698,0.0002277622116,0.002325970912,0.0001026237369,9.163462528e-05,0.00031162714,0,0.0003210009017,0,5.670930841e-05,0,0.002015867736,0,9.95485243e-05,0,1.70056519e-05,0,4.012223872e-05,0,0.0004547285498,0.00557977194,0.0001038227856,0,0,0,0,0.0009290649323,0.6707752943,0.02647569403,0,0,3.64220723e-05,1.084388987e-05,0.2864702046,0.001435678918,0.00303827785,0.0004463439691,0.0007763607427,0.000225138705,0,7.57897069e-05,0,0,0,4.45294354e-05,4.036366136e-06
10,3.131666017e-05,0,1.622345735e-05,0,0.0006635010359,0.004857148509,0,0,0,0,0,0,2.66206298e-05,0,0,0,0,0,0,0,0,0,0,0,0,0,0,0,0,0,0,0,0,0,0,0,0,0,0,0,0,0,0,0,0,0,0,0,0,0,0,0,0,0,0,0,0,0,0,0,0,0,0,0,0,0,0,0,0,0,0,0,0,0,0,0,0,0,0,0,0,0,0,0,0,0,0,0,0,0,0,0,0,0.002970140195,0.003484618152,0,0.002380952472,0,0,0.0020698437,0.00106988335,0,0.0006110997638,0,0,0,0,0,0.001638565795,0,0.0001939868671,0,0,0,7.010814443e-05,0,0.0003098489251,0.003349084873,0,0,0,0,0,0,0.5996744633,0.01385487337,0,0,0,0.0003583279613,0.2399682403,0.0007210425683,0,0.0002432312176,0.0001904176752,0,0,0,0,0,0,0,5.000436795e-05
11,0.0004997050855,1.388892088e-05,0.0003050054947,4.528577483e-05,0.005165930372,0.007019858342,0.0001014804657,0.0004796495195,9.954834468e-07,0,0,0,0,3.4765686e-05,0,0,4.457005707e-05,0,0,0,0,0,0,0,0,0,0,0,0,0,0,0,0,0,0,0,0,0,0,0,0,0,0,0,0,0,0,0,0,0,0,0,0,0,0,0,0,0,0,0,0,0,0,1.037060656e-06,1.884969492e-06,0,0,1.364751142e-06,0,0,0,0,0,0,0,0,0,0,0,1.594143396e-05,0,7.081157491e-06,0,0,0,0,0,0,0,0,0,0,3.779854887e-05,0.007607382722,0.0035356523,0.01231656503,0.0008471388719,0.001216841396,0.001307600643,0.003485830501,0.0003274642513,0.0002403523686,0.0006509383675,0,0.0008517471142,0,5.536375465e-05,0,0.008449815214,0,3.906065103e-05,0,0,2.013373523e-05,0.0001288730127,2.965913882e-05,0.002662199782,0.007942168042,0.0004921054933,0,0,0,0,9.849194612e-05,0.8241816759,0.04450294003,6.945953646e-05,0.0001087122946,8.43038215e-05,0,0.3442005515,0.004644198343,0.005026008934,0.001218934078,0.001745621441,2.827405842e-05,0,1.963053182e-05,0,3.841019861e-05,0,0.0001110650483,8.494015674e-06
12,0.0004891233984,0,6.745344581e-05,2.653546107e-05,0.008212598041,0.003707515309,0.0004516791669,0.0001790992246,0,0,0,0,0,0,7.921193173e-06,1.113365897e-06,0,2.564785791e-05,0,0,0,0,0,0,0,0,0,0,0,0,0,0,0,0,0,0,0,0,0,0,0,0,0,0,0,0,0,0,0,0,7.673571236e-05,0,0,0,0,0,0,0,0,0,0,0,1.346147656e-05,1.933192652e-05,0,0,0,0,0,0,0,0,0,0,0,0,0,0,0,0,0,3.775364166e-05,0,0,0,0,0,0,0,0,0,0,0,0.00999891758,0.008689792827,0.00843732059,0.0003681576345,0.003226607339,0.001565558952,0.0097031435,0.003526955377,0.001446460607,0.00264696707,0,0.0005068047321,0,0,0,0.01517384313,0.000827744836,0.0002843791444,0.0005222056643,0.0001455210877,3.629412458e-05,0.0003636190086,3.021456905e-06,0.001210780698,0.01640245877,0.0001097475106,0,1.589983731e-05,0,0,0,0.8208368421,0.07290297002,0,1.934405009e-05,0.0004380628525,0,0.4190787077,0.01423545182,0.0109002674,0.003421044676,0.007386403158,0,0,1.508526293e-05,5.775736099e-06,8.71871307e-05,5.695860818e-05,0,0.0002731796994
13,0.0002991472429,0,6.229089922e-05,0,0.0007609699969,0.01697188988,0,0.000160765223,0,2.66206298e-05,0,0,0,0,0,0,0,0,0,0,0,0,0,0,0,0,0,0,0,0,0,0,0,0,0,0,0,0,0,0,0,0,0,0,0,0,0,0,0,0,0,0,0,0,0,0,0,0,0,0,0,0,0,2.614779532e-06,0,0,0,0,0,0,0,0,4.18555345e-07,0,0,0,0,0,0,0,0,0,0,0,0,0,0,0,0,0,0,0,0,0.000435149821,0.0004185876169,0.000758101989,0.0003461913147,0.0001275319228,2.224098171e-05,0.001403853064,1.79087674e-05,0,7.052509318e-05,0.0006462581223,0,0,0,0,0.004289483652,0,2.141812729e-05,0,0,0,0.0005699211033,0,0.001311833737,0.004887924064,0,0,0,0,0,0,0.4626201987,0.03631210327,0,0,1.050368883e-05,0,0.3490658402,0.005175335333,0.006683413405,0.001122576534,0.00570502691,0.001560742036,0,0.0002467668382,0,0.001033089007,0,5.940641859e-05,1.19906681e-05
14,0.001928774756,0,0.0003695354098,0.0003537342709,0.01022926252,0.00328489719,0.0001427412499,0.0002663333726,0,0,3.4765686e-05,0,0,0,4.949610593e-05,0,0.002380952472,0,0,0,0,0,0,0,0,0,0,0,0,0,0,0,0,0,0,0,0,0,0,0,0,0,0,0,0,0,0,0,0,0,0,0,0,0,0,0,0,0,0,0,0,0,0,0.0002907797752,0,0,0,0,0,0,0,0,0,0,0,0,0,0,0,0,0,0.0001381736947,0,0,0,0,0,0,0,0,0,0,0,0.008703271858,0.005872536916,0.001432691352,0.0006512920372,0.003544671927,0,0.002960961079,0.001520676189,0.0002986419131,0.001151236007,0,0.002380952472,0,0,0,0.01834937744,0,0.0002713568392,0,0.0002104645537,0,0.00135326176,0,0.009269130416,0.01921679266,0,0,0,0,0,0,0.7918146253,0.05632114038,0,0,0,0.0005824471009,0.3971467018,0.007057779469,0.002380952472,0.002050468931,0.005517983809,0.007142857648,0,0.0008913665079,0,0.002380952472,0,0,0.00121817179
15,0.002890465315,0,0.0001957612985,0,0.01063925307,0.001516921213,0,4.068989438e-05,0,0,0,7.921193173e-06,0,4.949610593e-05,0,6.305398983e-06,0,0,0,0,0,0,0,0,0,0,0,0,0,0,0,0,0,0,0,0,0,0,0,0,0,0,0,0,0,0,0,0,0,0,0,0,0,0,0,0,0,0,0,0,0,0,0,0,0,0,0,0,0,0,0,0,0,0,0,0,0,0,0,0,0,0.0009879720164,0,0,0,0,0,0,0,0,0,0,0,0.00348042557,0.003377447138,0.0004079466453,0,0.002989093075,0.0008854232728,0.004761904944,0.002745917998,0.001263536862,0,0,0,0,0,0,0.01245194301,0,0,0,0.0005394098116,0,0,0,0,0.007048100233,0,0,0,0,0,0,0.688421011,0.04232219979,0,0,0,0,0.2866238952,0.00324748992,0.002380952239,0.004295046907,0.002530253958,0,0,0.0002682111517,0,0,0.0009462122107,0,0
16,0.0002230382524,0,0.0002359418868,5.856869757e-05,0.006194116548,0.003341203555,0,7.673594519e-05,1.200174324e-07,0,0,1.113365897e-06,0,0,6.305398983e-06,0,0,0,0,0,0,0,0,0,0,0,0,0,0,0,0,0,0,0,0,0,0,0,0,0,0,0,0,0,0,0,0,0,0,0,9.20075945e-06,0,0,0,0,0,0,0,2.058030532e-06,0,0,0,1.92404259e-05,3.346677113e-05,0,0,0,0,0,0,0,0,0,0,0,0,0,0,0,0,0,5.503310967e-05,0,0,0,0,0,0,0,0,0,0,4.608173913e-05,0.01237483881,0.005865129642,0.00790502131,0.001234130352,0.003409005469,0.001958932728,0.005941516254,0.0006927298382,0.0004702798906,0.001491800766,0.0003578262113,0.0008714838768,0.0002267397795,0.0001131100289,0,0.01298728865,0.0002551238867,0.0001928460115,0,4.598533269e-05,0.0001438980835,0.0004858034081,0.0001291646913,0.001634599175,0.009460858069,0.00207353523,0,0,0,0,0.0008088253671,0.8288167119,0.05741812661,8.347271796e-05,0.0004850779369,0,0,0.3932696283,0.0101522496,0.005265354179,0.002251015278,0.004903061315,0,0,0.0002518999099,0,0.0004997642245,0,0.0003935070708,0
17,1.693670856e-05,0,5.562115985e-05,0,0.005489001051,0.002491674852,0.0006714845076,1.952736966e-05,0,0,4.457005707e-05,0,0,0.002380952472,0,0,0,0,0,0,0,0,0,0,0,0,0,0,0,0,0,0,0,0,0,0,0,0,0,0,0,0,0,0.002380952472,0,0,0.002380952472,0,0,0,0,0,0,0,0,0,0,0,0,0,0,0,0,9.435263928e-05,0,0,0,0,0,0,0,0,0,0,0,0,0,0,0,0,0,0.0005888681626,0,0,0,0,0,0,0,0,0,0,0,0.007436958607,0.003934288863,0.006090233568,0.0008953224751,0.0005709377001,0.001435579616,0.0009909052169,5.254628195e-05,0.0003564873477,0.003191817552,0.0001093944811,0.0006958597805,0.0006757909432,0,0,0.009458576329,0.0002164088946,7.944901881e-05,0.0001523965038,0,0,0.0003185922978,0,0.0002004037669,0.01809463277,0,0,5.463793059e-05,0,0,0.0004329543444,0.8302153349,0.07449795306,4.642183194e-05,0.0002030382748,0.0001851669949,0,0.4969796836,0.0103213368,0.006022203714,0.0008287474047,0,9.781165136e-05,0,0,0,9.767965093e-05,0,0,0
18,4.408621317e-05,0,0.0001017924078,0,0.0007297582924,0.0004314922553,0,0,0,0,0,2.564785791e-05,0,0,0,0,0,0,0,0,0,0,0,0,0,0,0,0,0,0,0,0,0,0,0,0,0,0,0,0,0,0,0,0,0,0,0,0,0,0,0,0,0,0,0,0,0,0,0,0,0,0,0,0,0,0,0,0,0,0,0,0,0,0,0,0,0,0,0,0,0,0,0,0,0,0,0,0,0,0,0,0,0,0.001880273805,0,0.001207879279,0,0,0.002380952239,0.0006375054945,0,0,0,0,0,0,0,0,0.002917645499,0,0,0,0,0,0,0,0.0006875946419,0.007937015966,0,0,0,0,0,0,0.6123968959,0.01666666754,0,0,0,0,0.2961035669,0,0.002380952472,0.0002454870264,0,0,0,0,0,0,0,0,0
19,8.364975656e-05,0,0.000115774681,0,0.0005517377867,0.003693869803,0,4.732537491e-05,0,0,0,0,0,0,0,0,0,0,0,0,0,0,0,0,0,0,0,0,0,0,0,0,0,0,0,0,0,0,0,0,0,0,0,0,0,0,0,0,0,0,0,0,0,0,0,0,0,0,0,0,0,0,0,0,0,0,0,0,0,0,0,0,0,0,0,0,0,0,0,0,0,0,0,0,0,0,0,0,0,0,0,0,0,0.003904924262,0.001990927849,0.002472831635,0,0.0001846577798,0,0.002849934623,0.0003983355127,0,0.0001555034687,0,0,0,0,0,0.003473371034,0,3.171638309e-05,0,0,0,0,0,0.000394577306,0.01036442071,0,0,0,0,0,0,0.6573549509,0.03039519861,0,0,0,0,0.3328513503,0.009523809887,0.002380952472,0,0.001036919537,0,0,0,0,0.0004117804347,0,0,0
20,4.164739948e-05,0,0,0,0.001133026788,0.004511583596,0,2.617566315e-05,0,0,0,0,0,0,0,0,0,0,0,0,0,0,0,0,0,0,0,0,0,0,0,0,0,0,0,0,0,0,0,0,0,0,0,0,0,0,0,0,0,0,0,0,0,0,0,0,0,0,0,0,0,0,0,0,0,0,0,0,0,0,0,0,0,0,0,0,0,0,0,0,0,0,0,0,0,0,0,0,0,0,0,0,0,0.004383462016,0.0002251558326,0.0007612016052,0,0,0,0.0002611737873,0,0.0004136513453,0.000988152693,0,0,0.000951443275,0,0,0.006659224629,0,0.00010166227,0,0,0,0,0,0.002380952472,0.01204104722,0,0,0,0,0,0,0.7013055682,0.04192290083,0,0,0,0,0.3621113002,0.004761904944,0,9.506760398e-05,0.002380952472,0,0,0,0,0,0,0,0
21,2.04752414e-05,0,2.257561209e-05,0,0.002096778946,0.004125453066,0,2.917706752e-06,0,0,0,0,0,0,0,0,0,0,0,0,0,0,0,0,0,0,0,0,0,0,0,0,0,0,0,0,0,0,0,0,0,0,0,0,0,0,0,0,0,0,0,0,0,0,0,0,0,0,0,0,0,0,0,0,0,0,0,0,0,0,0,0,0,0,0,0,0,0,0,0.000691561494,0,0,0,0,0,0,0,0,0,0,0,0,0,0.001218733261,0.001167194685,0.001577688032,0.0007079086499,0,0.002027589828,0.0007470919518,0.0003691719612,0,0.002380952472,0,0,0,0,0,0.005384482443,0,0,0,0,0,0.002380952472,0,0,0.01397593226,0,0,0,0,0,0,0.7075394392,0.02266901918,0,0,0,0,0.3673841953,0.0008930040058,0,0.0002849391603,0.002722044243,0,0,0,0,0,0,0,0
22,8.050828001e-06,0,0,0,0.001331148902,0.001753723249,0,0,0,0,0,0,0,0,0,0,0,0,0,0,0,0,0,0,0,0,0,0,0,0,0,0,0,0,0,0,0,0,0,0,0,0,0,0,0,0,0,0,0,0,0,0,0,0,0,0,0,0,0,0,0,0,0,0,0,0,0,0,0,0,0,0,0,0,0,0,0,0,0,0,0,0,0,0,0,0,0,0,0,0,0,0,0,0.003364705015,0.002930512186,0.0005570137873,0,0.002380952472,0.002380952472,0,9.910240624e-05,0,0,0,0,0.0002742262732,0,0,0.007128826343,0,0,0,0,0,0.0002634484554,0,0,0.006999393459,0,0,0,0,0,0,0.5817609429,0.0311057698,0,0,0,0,0.2848015428,0,0.003450750606,0,0,0,0,0,0,0,0,0,0
23,8.617393178e-06,0,0,0,0,0.000936692406,0,0,0,0,0,0,0,0,0,0,0,0,0,0,0,0,0,0,0,0,0,0,0,0,0,0,0,0,0,0,0,0,0,0,0,0,0,0,0,0,0,0,0,0,0,0,0,0,0,0,0,0,0,0,0,0,0,0,0,0,0,0,0,0,0,0,0,0,0,0,0,0,0,0,0,0,0,0,0,0,0,0,0,0,0,0,0,0.002380952472,0.002380952472,0,0,0,0.002380952472,0,0,0,0,0,0,0,0,0,0.002380952239,0,0,0,0,0,0,0,0,0.003614933928,0,0,0,0,0,0,0.3702574074,0.003943464253,0,0,0,0,0.1484209895,0,0,0,0,0,0,0,0,0,0,0,0
24,0,0,0,0,0,0,0,0,0,0,0,0,0,0,0,0,0,0,0,0,0,0,0,0,0,0,0,0,0,0,0,0,0,0,0,0,0,0,0,0,0,0,0,0,0,0,0,0,0,0,0,0,0,0,0,0,0,0,0,0,0,0,0,0,0,0,0,0,0,0,0,0,0,0,0,0,0,0,0,0,0,0,0,0,0,0,0,0,0,0,0,0,0,0,0,0,0,0,0,0,0,0,0,0,0,0,0,0,0,0,0.002380952472,0,0,0,0,0,0,0,0,0,0,0,0,0,0.259544611,0.004761904944,0,0,0,0,0.1087836623,0.002380952239,0,0,0,0,0,0,0,0,0,0,0
25,4.211232954e-05,2.080087688e-05,0,0,0.0003103128693,0.002863649977,0,0,0,0,0,0,0,0,0,0,0,0,0,0,0,0,0,0,0,0,0,0,0,0,0,0,0,0,0,0,0,0,0,0,0,0,0,0,0,0,0,0,0,0,0,0,0,0,0,0,0,0,0,0,0,0,0,0,0,0,0,0,0,0,0,0,0,0,0,0,0,0,0,0,0,0.002380952472,0,0,0,0,0,0,0,0,0,0,0,0,0.001442193286,0.003181812819,0,0.002792590298,0.002380952472,0.0005233284319,0,0,0,0,0.0006224191748,0,0,0,0.002380952239,0,0.0004793604312,0,0,0,0,0,0.0006780669792,0.00815098919,0,0,0,0,0,0,0.6688424349,0.01939531602,0,0,0,0,0.297178328,0,0.002380952472,0,0.0004343503388,0.0008806623518,0,0,0,0,0,0,0
26,5.005163985e-06,0,0,0,0.0004072026059,0.004414922092,0,5.096786481e-06,0,0,0,0,0,0,0,0,0,0,0,0,0,0,0,0,0,0,0,0,0,0,0,0,0,0,0,0,0,0,0,0,0,0,0,0,0,0,0,0,0,0,0,0,0,0,0,0,0,0,0,0,0,0,0,0,0,0,0,0,0,0,0,0,0,0,0,0,0,0,0,0.0005543426378,0,0,0,0,0,0,0,0,0,0,0,0,0,0.004258423112,0,0.003025558079,0,0,0,0,0.000199512273,0,0.002725659404,0,0.00014674454,0,0,0,0.004642141052,0,0.0001928055281,0,0,0,0,0,0,0.003480982268,0,0,0,0.00146131136,0,0,0.6833771467,0.02366589196,0.000298006431,0,0,0,0.3088020086,0.0007941274671,0,5.474698628e-05,0.002380952472,0,0,0,0,0.0003044753394,0,0,0
27,2.152652633e-05,0,3.214610479e-05,0,7.934572932e-05,0.002380952472,0,0,0,0,0,0,0,0,0,0,0,0,0,0,0,0,0,0,0,0,0,0,0,0,0,0,0,0,0,0,0,0,0,0,0,0,0,0,0,0,0,0,0,0,0,0,0,0,0,0,0,0,0,0,0,0,0,0,0,0,0,0,0,0,0,0,0,0,0,0,0,0,0,0,0,0,0,0,0,0,0,0,0,0,0,0,0,0.001374485437,0.003584708087,0,0,0.001064679585,0,0,0,0,0,0,0,0,0,0,0.004168870859,0,0,0,0,0,0,0,0,0.002686072141,0,0.001530137728,0,0,0,0.002380952239,0.452865392,0.007962295786,0,0,0,0,0.2290179729,0,0,0,0,0,0,0,0,0,0,0,0
28,0,0,0,0,0,0.002380952472,0,0,0,0,0,0,0,0,0,0,0,0,0,0,0,0,0,0,0,0,0,0,0,0,0,0,0,0,0,0,0,0,0,0,0,0,0,0,0,0,0,0,0,0,0,0,0,0,0,0,0,0,0,0,0,0,0,0,0,0,0,0,0,0,0,0,0,0,0,0,0,0,0,0,0,0,0,0,0,0,0,0,0,0,0,0,0,0,0,0,0,0,0,0,0,0,0,0,0,0,0,0,0,0,0,0,0,0,0,0,0,0.00305478205,0,0,0,0,0,0,0.1690726727,0.002380952472,0,0,0,0,0.1052993387,0,0,0,0,0,0,0,0,0,0,0,0
29,0,0,0,0,0.000100690384,0,0,0,0,0,0,0,0,0,0,0,0,0,0,0,0,0,0,0,0,0,0,0,0,0,0,0,0,0,0,0,0,0,0,0,0,0,0,0,0,0,0,0,0,0,0,0,0,0,0,0,0,0,0,0,0,0,0,0,0,0,0,0,0,0,0,0,0,0,0,0,0,0,0,0,0,0,0,0,0,0,0,0,0,0,0,0,0,0,0.002380952472,0.002380952472,0,0,0,0,0,0,0,0,0,0,0,0,0,0,0,0,0,0,0,0,0.0007332990644,0.002238523448,0,0,0,0,0,0,0.2551694512,0.004761904944,0,0,0,0,0.1187482998,0,0,0,0,0,0,0,0,0,0,0,0
30,9.249550203e-06,0,0,0,0.0001156833969,0.002380952472,0,0,0,0,0,0,0,0,0,0,0,0,0,0,0,0,0,0,0,0,0,0,0,0,0,0,0,0,0,0,0,0,0,0,0,0,0,0,0,0,0,0,0,0,0,0,0,0,0,0,0,0,0,0,0,0,0,0,0,0,0,0,0,0,0,0,0,0,0,0,0,0,0,0,0,0,0,0,0,0,0,0,0,0,0,0,0,0.004761904944,0,0,0,0,0,0,0,0,0.002380952472,0,0,0,0,0,0,0,0.0001415421284,0,0,0,0,0,0,0.0009219653439,0,0,0,0,0,0,0.419095546,0.0122019155,0,0,0,0,0.220579356,0,0.002380952239,0,0,0,0,0,0,0,0,0,0
31,0,0,0,0,0.001821297221,0,0,0,0,0,0,0,0,0,0,0,0,0,0,0,0,0,0,0,0,0,0,0,0,0,0,0,0,0,0,0,0,0,0,0,0,0,0,0,0,0,0,0,0,0,0,0,0,0,0,0,0,0,0,0,0,0,0,0,0,0,0,0,0,0,0,0,0,0,0,0,0,0,0,0,0,0,0,0,0,0,0,0,0,0,0,0,0,0,0,0,0,0,0,0,0,0,0,0,0,0,0,0,0,0,0,0,0,0,0,0,0,0.001116239931,0,0,0,0,0,0,0.3495418727,0.007019997574,0,0,0,0,0.1738449037,0,0,0.0004624146677,0,0,0,0,0,0,0,0,0
32,0,0,0,0,0.000221942988,0.00347356149,0,0,0,0,0,0,0,0,0,0,0,0,0,0,0,0,0,0,0,0,0,0,0,0,0,0,0,0,0,0,0,0,0,0,0,0,0,0,0,0,0,0,0,0,0,0,0,0,0,0,0,0,0,0,0,0,0,0,0,0,0,0,0,0,0,0,0,0,0,0,0,0,0,0,0,0,0,0,0,0,0,0,0,0,0,0,0,0,0,0,0,0,0.0005865747808,0,0.002380952472,0,0,0,0,0,0,0,0.00163891702,0,0,0,0,0,0,0,0,0,0,0,0,0,0,0,0.2700794935,0.01190476213,0,0,0,0,0.1047223434,0.002380952239,0,0,0,0,0,0,0,0,0,0,0
33,0,0,0,0,0,0,0,0,0,0,0,0,0,0,0,0,0,0,0,0,0,0,0,0,0,0,0,0,0,0,0,0,0,0,0,0,0,0,0,0,0,0,0,0,0,0,0,0,0,0,0,0,0,0,0,0,0,0,0,0,0,0,0,0,0,0,0,0,0,0,0,0,0,0,0,0,0,0,0,0,0,0,0,0,0,0,0,0,0,0,0,0,0,0.002380952239,0,0,0,0,0,0,0,0,0,0,0,0,0,0,0.004761904944,0,0,0,0,0,0,0,0,0.002380952472,0,0,0,0,0,0,0.206616044,0.004761904944,0,0,0,0,0.0623566024,0,0,0,0,0,0,0,0,0,0,0,0
34,0,0,0,0,0,0,0,0,0,0,0,0,0,0,0,0,0,0,0,0,0,0,0,0,0,0,0,0,0,0,0,0,0,0,0,0,0,0,0,0,0,0,0,0,0,0,0,0,0,0,0,0,0,0,0,0,0,0,0,0,0,0,0,0,0,0,0,0,0,0,0,0,0,0,0,0,0,0,0,0,0,0,0,0,0,0,0,0,0,0,0,0,0,0,0,0,0,0,0,0,0,0,0,0,0,0,0,0,0,0,0,0,0,0,0,0,0,0.001398611581,0,0,0,0,0,0,0.1173435897,0,0,0,0,0,0.03809523955,0,0,0,0,0,0,0,0,0,0,0,0
35,0,0,0,0,0,0,0,0,0,0,0,0,0,0,0,0,0,0,0,0,0,0,0,0,0,0,0,0,0,0,0,0,0,0,0,0,0,0,0,0,0,0,0,0,0,0,0,0,0,0,0,0,0,0,0,0,0,0,0,0,0,0,0,0,0,0,0,0,0,0,0,0,0,0,0,0,0,0,0,0,0,0,0,0,0,0,0,0,0,0,0,0,0,0.00120294292,0,0,0,0,0,0,0,0,0.002380952472,0,0,0,0,0,0,0,0,0,0,0,0,0,0,0,0,0,0,0,0,0,0.2108661383,0.004831649363,0,0,0,0,0.08059120178,0,0,0,0,0,0,0,0,0,0,0,0
36,0,0,0,0,0,0.002380952472,0,1.145981696e-05,0,0,0,0,0,0,0,0,0,0,0,0,0,0,0,0,0,0,0,0,0,0,0,0,0,0,0,0,0,0,0,0,0,0,0,0,0,0,0,0,0,0,0,0,0,0,0,0,0,0,0,0,0,0,0,0,0,0,0,0,0,0,0,0,0,0,0,0,0,0,0,0,0,0,0,0,0,0,0,0,0,0,0,0,0,0,0,0,0,0,0,0,0,0,0,0,0,0,0,0,0,0,0,0,0,0,0.002380952472,0,0,0.002380952472,0,0,0,0,0,0,0.3283464909,0.002380952472,0,0,0,0,0.1254624426,0.002380952472,0,0,0.002380952472,0,0,0,0,0,0,0,0
37,0,0,0,0,0.0007700435235,0,0,0,0,0,0,0,0,0,0,0,0,0,0,0,0,0,0,0,0,0,0,0,0,0,0,0,0,0,0,0,0,0,0,0,0,0,0,0,0,0,0,0,0,0,0,0,0,0,0,0,0,0,0,0,0,0,0,0,0,0,0,0,0,0,0,0,0,0,0,0,0,0,0,0,0,0,0,0,0,0,0,0,0,0,0,0,0,0,0,0,0,0,0,0,0,0,0,0,0,0,0,0,0.002380952472,0,0,0,0,0,0,0,0,0.002380952472,0,0,0,0,0,0,0.2257378846,0.003915723879,0,0,0,0,0.1057185978,0,0,0,0,0,0,0,0,0,0,0,0
38,0,0,0,0,0,0,0,0,0,0,0,0,0,0,0,0,0,0,0,0,0,0,0,0,0,0,0,0,0,0,0,0,0,0,0,0,0,0,0,0,0,0,0,0,0,0,0,0,0,0,0,0,0,0,0,0,0,0,0,0,0,0,0,0,0,0,0,0,0,0,0,0,0,0,0,0,0,0,0,0,0,0,0,0,0,0,0,0,0,0,0,0,0,0,0,0,0,0,0,0,0,0,0,0,0,0,0,0,0,0,0,0,0,0,0,0,0,0,0,0,0,0,0,0,0.04133406654,0,0,0,0,0,0.006519572344,0,0,0,0,0,0,0,0,0,0,0,0
39,0,0,0,0,0,0,0,0,0,0,0,0,0,0,0,0,0,0,0,0,0,0,0,0,0,0,0,0,0,0,0,0,0,0,0,0,0,0,0,0,0,0,0,0,0,0,0,0,0,0,0,0,0,0,0,0,0,0,0,0,0,0,0,0,0,0,0,0,0,0,0,0,0,0,0,0,0,0,0,0,0,0,0,0,0,0,0,0,0,0,0,0,0,0,0,0,0,0,0,0,0,0,0,0,0,0,0,0,0,0,0,0,0,0,0,0,0,0,0,0,0,0,0,0,0.0642857179,0,0,0,0,0,0.005619025324,0,0,0,0,0,0,0,0,0,0,0,0
40,0,0,0,0,0.002380952472,0,0,0,0,0,0,0,0,0,0,0,0,0,0,0,0,0,0,0,0,0,0,0,0,0,0,0,0,0,0,0,0,0,0,0,0,0,0,0,0,0,0,0,0,0,0,0,0,0,0,0,0,0,0,0,0,0,0,0,0,0,0,0,0,0,0,0,0,0,0,0,0,0,0,0,0,0,0,0,0,0,0,0,0,0,0,0,0,0,0,0.002380952472,0,0.002380952472,0,0.002380952472,0,0,0,0,0,0,0,0,0.004761904944,0,0,0,0,0,0,0,0,0,0,0,0,0,0,0,0.1935203075,0,0,0,0,0,0.07206885517,0,0,0,0,0,0,0,0,0,0,0,0
41,0,0,0,0,0,0,0,0,0,0,0,0,0,0,0,0,0,0,0,0,0,0,0,0,0,0,0,0,0,0,0,0,0,0,0,0,0,0,0,0,0,0,0,0,0,0,0,0,0,0,0,0,0,0,0,0,0,0,0,0,0,0,0,0,0,0,0,0,0,0,0,0,0,0,0,0,0,0,0,0,0,0,0,0,0,0,0,0,0,0,0,0,0,0,0,0,0,0,0,0,0,0,0,0,0,0,0,0,0,0,0,0,0,0,0,0,0,0.002380952472,0,0,0,0,0,0,0.08019475639,0.007142857648,0,0,0,0,0.01604999974,0,0,0,0,0,0,0,0,0,0,0,0
42,0,0,0,0,0,0,0,0,0,0,0,0,0,0,0,0,0,0,0,0,0,0,0,0,0,0,0,0,0,0,0,0,0,0,0,0,0,0,0,0,0,0,0,0,0,0,0,0,0,0,0,0,0,0,0,0,0,0,0,0,0,0,0,0,0,0,0,0,0,0,0,0,0,0,0,0,0,0,0,0,0,0,0,0,0,0,0,0,0,0,0,0,0,0,0.002380952472,0,0,0,0,0,0,0,0,0,0,0,0,0,0,0,0,0,0,0,0,0,0,0,0,0,0,0,0,0,0.1087065116,0.002380952472,0,0,0,0,0.03466502577,0,0,0,0,0,0,0,0,0,0,0,0
43,0,0,0,0,0,0,0,0,0,0,0,0,0,0,0,0,0,0,0,0,0,0,0,0,0,0,0,0,0,0,0,0,0,0,0,0,0,0,0,0,0,0,0,0,0,0,0,0,0,0,0,0,0,0,0,0,0,0,0,0,0,0,0,0,0,0,0,0,0,0,0,0,0,0,0,0,0,0,0,0,0,0,0,0,0,0,0,0,0,0,0,0,0,0,0,0,0,0,0,0,0,0,0,0,0,0,0,0,0,0,0,0,0,0,0,0,0,0,0,0,0,0,0,0,0.01904761977,0,0,0.002380952472,0,0,0,0,0,0,0,0,0,0,0,0,0,0,0
44,0.0003176703176,0,0.0009008828201,0,0.0004020070774,0.009830267169,0,0.0008644139161,0,0,0,0,0,0,0,0,0.002380952472,0,0,0,0,0,0,0,0,0,0,0,0,0,0,0,0,0,0,0,0,0,0,0,0,0,0,0,0,0,0,0,0,0,0,0,0,0,0,0,0,0,0,0,0,0,0,0,0,0,0,0,0,0,0,0,0,0,0,0,0,0,0,0,0,0,0,0,0,0,0,0,0,0,0,0,0,0.0005052116467,9.569535905e-05,0.0002588461211,0,0.0001241422142,0,6.021969602e-05,0,0,0,0,0,0,0,0,0.001160404296,0,0.0001708197378,0,0,0,0,0,0.004009741824,0.00868754182,0,0,0,0,0,0,0.3999603391,0.02197274193,0,0,0,0,0.3301035762,0.0004516905756,0.002380952472,0.001381573151,0.003464580514,0,0,0,0,0,0,0,0
45,0.0001475108729,0,0,0,0.0001682327711,0.01000122074,0,0.0009996569715,0,0,0,0,0,0,0,0,0,0,0,0,0,0,0,0,0,0,0,0,0,0,0,0,0,0,0,0,0,0,0,0,0,0,0,0,0,0,0,0,0,0,0,0,0,0,0,0,0,0,0,0,0,0,0,0,0,0,0,0,0,0,0,0,0,0,0,0,0,0,0,0,0,0,0,0,0,0,0,0,0,0,0,0,0,0.0002748032566,0,2.136003241e-05,0,0,0,0,0,0,0,0,0,0,0,0,0,0,0,0,0,0,0,0,0.002380952472,0.002425438026,0,0,0,0,0,0,0.4034153819,0.02275595441,0,0,3.859318895e-05,0,0.3026489019,0,0.002380952472,0.002931794152,0,0,0,0,0,0,0,0,0
46,8.07764518e-05,0,3.476869097e-05,0,0.0009399579722,0.00382159953,0,0.00106274907,0,0,0,0,0,0,0,0,0,0,0,0,0,0,0,0,0,0,0,0,0,0,0,0,0,0,0,0,0,0,0,0,0,0,0,0,0,0,0,0,0,0,0,0,0,0,0,0,0,0,0,0,0,0,0,0,0,0,0,0,0,0,0,0,0,0,0,0,0,0,0,0,0,0,0,0,0,0,0,0,0,0,0,0,0,0.0006417609402,0.0001974397019,0.001267077401,0,0,5.485855581e-05,0.0001626588928,5.263350886e-06,0,0.0002173436951,0,0,0,0,0,5.83676956e-06,0,8.425849228e-05,0,0,0,0,0,0.0007076650509,0.002187300241,0,0,0,0,0,0,0.5740872622,0.02583123185,0,0,0,0,0.3136173785,0.0008376410115,0,0,0,0,0,0,0,0,0,0,0
47,0.00024931808,0,0,0,0.0008073495701,0.008482706733,0,0.0004875537998,0,0,0,0,0,0,0,0,0.002380952472,0,0,0,0,0,0,0,0,0,0,0,0,0,0,0,0,0,0,0,0,0,0,0,0,0,0,0,0,0,0,0,0,0,0,0,0,0,0,0,0,0,0,0,0,0,0,0,0,0,0,0,0,0,0,0,0,0,0,0,0,0,0,0,0,0,0,0,0,0,0,0,0,0,0,0,0,0.0003621958313,3.358733011e-05,0.0001288478379,0,0,0,0,0,0,0.0003793488722,0,0,0,0,0,0.0003794847871,0,0,0,0,0,0,0,0.002380952472,0.003761876374,0,0,0,0,0,0,0.4624672234,0.01927580498,0,0,0,0,0.2969346046,0.001318954048,0,0.0008422970423,0.002885429189,0,0,0,0,0,0,0,0
48,0.0006138050812,0,0.0002827435383,0,0.0002634071279,0.01313449256,0,0.0008319163462,0,0,0,0,0,0,0,0,0,0,0,0,0,0,0,0,0,0,0,0,0,0,0,0,0,0,0,0,0,0,0,0,0,0,0,0,0,0,0,0,0,0,0,0,0,0,0,0,0,0,0,0,0,0,0,0,0,0,0,0,0,0,0,0,0,0,0,0,0,0,0,0,0,0,0,0,0,0,0,0,0,0,0,0,0,5.920781769e-05,0,3.711674435e-05,3.639717761e-05,5.323996083e-05,0,0.000257420179,1.083612278e-05,0,0.001973975915,0,0,0,0,0,0.0002196654968,0,0,0,0,0,0,0,0,0.004066369962,0,0,0,0,0,0.0007195026847,0.3943260312,0.02205020376,0,0,0,0,0.2992691994,0.001544124214,0.002380952472,0,0.0007778984727,0,0,0,0,0,0,0,0
49,0.0005309491535,0.0002383288811,0.0004034685262,0,0.0003296923824,0.02292010002,0,0.0005299437325,0,0,0,0,0,0,0,0,0,0,0,0,0,0,0,0,0,0,0,0,0,0,0,0,0,0,0,0,0,0,0,0,0,0,0,0,0,0,0,0,0,0,0,0,0,0,0,0,0,0,0,0,0,0,4.691918093e-06,0,0,0,0,0,0,0,0,0,0,0,0,0,0,0,0,0,0,0,0,0,0,0,0,0,0,0,0,0,4.316931154e-06,0.0006583762588,0.0002539970446,0.0002383231331,1.197468919e-05,1.065388824e-05,0,0.000254113198,6.139437573e-06,0,0.0003985871735,0,0.002380952472,0,0,0,0.0005848699948,0.005922931712,1.126672851e-05,0,0,0.0002303976362,0.002380952239,0,0.001371074002,0.004717841744,0,0,0,0,0,0,0.3621396124,0.02790125273,0,0,3.533655672e-06,0,0.3096010983,0.005972195882,0.00690858718,0.0003828984336,0.005048196763,0,0,0,0,0,0,0,0
50,0.0003394280211,0,0,0,0.002308786614,0.007742515765,0,0.0005812915624,0,0,0,0,0,0,0,0,0,0,0,0,0,0,0,0,0,0,0,0,0,0,0,0,0,0,0,0,0,0,0,0,0,0,0,0,0,0,0,0,0,0,0,0,0,0,0,0,0,0,0,0,0,0,0,0,0,0,0,0,0,0,0,0,0,0,0,0,0,0,0,0,0,0,0,0,0,0,0,0,0,0,0,0,0,0.001451470656,8.803482342e-05,9.114426939e-05,8.679150596e-06,0,0,0.0003900951124,1.557465839e-05,3.975148047e-06,0.002037454396,0,0,0,0,0,0.0005840793019,0,2.771102299e-05,0,0,0,0,0,0.002643671818,0.005022287369,0,0,0,0,0,0,0.5626107454,0.02614567429,0,0,0,0,0.3148775101,0.003553247545,0.0001228011242,0,0.002448277548,0,0,0,0,0,0,0,0
51,0.0002403394901,0,0.0005739804474,0.0005860737874,0.001133336569,0.01878577657,0.0006964312633,0.0005896129878,0,0,0,7.673571236e-05,0,0,0,9.20075945e-06,0,0,0,0,0,0,0,0,0,0,0,0,0,0,0,0,0,0,0,0,0,0,0,0,0,0,0,0,0,0,0,0,0,0,0,0,0,0,0,0,0,0,0,0,0,0,0,0,0,0,0,0,0,0,0,0,0,0,0,0,0,0,0,0,0,0,0,0,0,0,0,0,0,0,0,0,0,0.0005755316233,0.0001720328,0.0003597194736,3.713352271e-06,5.832951501e-06,1.529530346e-05,0.0001163966881,1.205081389e-06,1.28206284e-06,0.0003071925603,0,0.002380952472,0,0,0,0.0007835385622,0,1.379378136e-05,0,0,0,0,0,0.001348865335,0.005228541326,0,0,0,0,0,0.001454015495,0.473900944,0.02693047374,0.0002342844964,0,0,0,0.3068105876,0.006133640651,0.007320057135,0.0001809529786,0.004506314173,0.0009621942881,0,0,0,0,0,0,0
52,0.0001564789127,0,0.0002860921377,0.0002704223734,0.002510648221,0.01780916005,0,0.0012504966,0,0,0,0,0,0,0,0,0,0,0,0,0,0,0,0,0,0,0,0,0,0,0,0,0,0,0,0,0,0,0,0,0,0,0,0,0,0,0,0,0,0,0,0,0,0,0,0,0,0,0,0,0,0,0,0,0,0,0,0,0,0,0,0,0,0,0,0,0,0,0,0,0,0,0,0,0,0,0,0,0,0,0,0,0,0.001569543965,0.00417270232,0.008178000338,7.756271225e-05,0.0003638728813,0.0001249706693,0.0008389948634,0.0001087801866,5.458047235e-05,0.0002107056353,0,0.0005212056567,0,0,0,0.002702549566,0,0,0,0,0,0,0,0.0001736642444,0.004354018252,0,0,0,0,0,0.002380952472,0.7335362434,0.02503866516,0,0,1.019038609e-05,2.828921424e-05,0.2780579627,0.002976762829,0.00214220304,0.0004193428904,0.002345456975,0.0006058163708,0,0,0,0,0,0.0002268358076,0
53,0,0,0,0,0.0001692873338,0.003897606861,0,0.001164796762,0,0,0,0,0,0,0,0,0,0,0,0,0,0,0,0,0,0,0,0,0,0,0,0,0,0,0,0,0,0,0,0,0,0,0,0,0,0,0,0,0,0,0,0,0,0,0,0,0,0,0,0,0,0,0,0,0,0,0,0,0,0,0,0,0,0,0,0,0,0,0,0,0,0,0,0,0,0,0,0,0,0,0,0,0,0,0.007142857648,0.002380952472,0,0,0,0.002380952239,0,0,0,0,0,0,0,0,0.000546182564,0,0,0,0,0,0,0,0,0.001463254332,0,0,0,0,0,0,0.2625186145,0.004805530887,0,0,0,0,0.1514792889,0,0,0.0003220548097,0,0,0,0,0,0,0,0,0
54,0,0,0,0,0.002380952472,0,0,0,0,0,0,0,0,0,0,0,0,0,0,0,0,0,0,0,0,0,0,0,0,0,0,0,0,0,0,0,0,0,0,0,0,0,0,0,0,0,0,0,0,0,0,0,0,0,0,0,0,0,0,0,0,0,0,0,0,0,0,0,0,0,0,0,0,0,0,0,0,0,0,0,0,0,0,0,0,0,0,0,0,0,0,0,0,0,0,0,0,0,0,0,0,0,0,0,0,0,0,0,0,0,0,0,0,0,0,0,0,0.002380952472,0,0,0,0,0,0,0.1796390563,0.0006100689061,0,0,0,0,0.06281077862,0,0,0,0,0,0,0,0,0,0,0,0
55,0,0,0,0,0,0,0,0,0,0,0,0,0,0,0,0,0,0,0,0,0,0,0,0,0,0,0,0,0,0,0,0,0,0,0,0,0,0,0,0,0,0,0,0,0,0,0,0,0,0,0,0,0,0,0,0,0,0,0,0,0,0,0,0,0,0,0,0,0,0,0,0,0,0,0,0,0,0,0,0,0,0,0,0,0,0,0,0,0,0,0,0,0,0,0,0,0,0,0,0,0,0,0.0001841475605,0,0,0,0,0,0.001257618773,0,0,0,0,0,0,0,0,0,0,0,0,0,0,0,0.1876156032,0.00536761526,0,0,0,0,0.09426464885,0,0,0,0,0,0,0,0,0,0,0,0
56,0,0,0,0,0.0004929230199,0,0,0,0,0,0,0,0,0,0,0,0,0,0,0,0,0,0,0,0,0,0,0,0,0,0,0,0,0,0,0,0,0,0,0,0,0,0,0,0,0,0,0,0,0,0,0,0,0,0,0,0,0,0,0,0,0,0,0,0,0,0,0,0,0,0,0,0,0,0,0,0,0,0,0,0,0,0,0,0,0,0,0,0,0,0,0,0,0,0,0,0,0,0,0,0,0,0,0,0,0,0,0,0,0,0,0,0,0,0,0,0,0.000458218361,0,0,0,0,0,0,0.2059810311,0.003825216787,0,0,0,0,0.1076988801,0.002380952472,0,0,0,0,0,0,0,0,0,0,0
57,3.387169636e-05,0,0,0,0.0003572583664,0,0,0,0,0,0,0,0,0,0,0,0,0,0,0,0,0,0,0,0,0,0,0,0,0,0,0,0,0,0,0,0,0,0,0,0,0,0,0,0,0,0,0,0,0,0,0,0,0,0,0,0,0,0,0,0,0,0,0,0,0,0,0,0,0,0,0,0,0,0,0,0,0,0,0,0,0,0,0,0,0,0,0,0,0,0,0,0,0.0008304025978,0,0,0,0,0,0,0,0,0,0,0,0,0,0,0,0,0,0,0,0,0,0,0,0.002207379322,0,0,0,0,0,0,0.3288548887,0.008631450124,0,0,0,0,0.1555905491,0,0,0,0.002380952472,0,0,0,0,0,0,0,0
58,0.0002857291838,0,0.000127391555,0,0.002157034585,0.009416533634,0,0.00049199356,0,0,0,0,0,0,0,0,0,0,0,0,0,0,0,0,0,0,0,0,0,0,0,0,0,0,0,0,0,0,0,0,0,0,0,0,0,0,0,0,0,0,0,0,0,0,0,0,0,0,0,0,0,0,0,0,0,0,0,0,0,0,0,0,0,0,0,0,0,0,0,0,0,0,0,0,0,0,0,0,0,0,0,0,0,0.004473502282,0.004204616416,0.005065276753,0.004761904944,0.001749341376,0,0.003188504837,0.0003129175748,0.003132676007,0.0001451980788,0.0001933488675,0,0,0,0,0.001954364823,0,1.549844274e-05,0,0,0,0,0,0,0.003193566576,0,0,0,9.954111192e-06,0,0.0003482557659,0.7230214477,0.02890370972,0,0,0.0001147332805,0,0.1943336576,0.001470424235,0.001294534188,9.881359438e-05,0.004761904944,0,0,0,0,0,0,0,0
59,1.896367394e-05,0,9.242136912e-06,0,0.001409208635,0.00721277995,0,6.080967069e-05,0,0,0,0,0,0,0,2.058030532e-06,0,0,0,0,0,0,0,0,0,0,0,0,0,0,0,0,0,0,0,0,0,0,0,0,0,0,0,0,0,0,0,0,0,0,0,0,0,0,0,0,0,0,0,0,0,0,0,0,0,0,0,0,0,0,0,0,0,0,0,0,0,0,0,0,0,0,0,0,0,0,0,0,0,0,0,0,0,0.002138429089,0.002837622305,0.004321002867,0,0.003031472676,0,0.0001020320415,0.0003330621403,0,7.6724682e-05,0,4.012481895e-06,0,0,0,0.001370347221,0,2.749369924e-05,0,1.022723836e-06,2.407761713e-06,0,0,2.162479905e-05,0.001579377451,0,0,0,0,0,0,0.5974993706,0.01569318958,0,0,5.620036973e-05,0,0.1619040072,0.001020456781,8.791331493e-05,0.0003749266325,0.007031148765,0,0,0,0,0,0,0,0
60,0.000809404999,0,0.0002425407147,0.002380952239,0.004604822025,0.004279843997,0,0.0001676178945,0,0,0,0,0,0,0,0,0,0,0,0,0,0,0,0,0,0,0,0,0,0,0,0,0,0,0,0,0,0,0,0,0,0,0,0,0,0,0,0,0,0,0,0,0,0,0,0,0,0,0,0,0,0,0,0,0,0,0,0,0,0,0,0,0,0,0,0,0,0,0,0,0,0,0,0,0,0,0,0,0,0,0,0,0,0.002847349504,0,0.001094659674,0,0,0,0.002380952472,3.654545435e-05,0,0.0005978667759,0,0,0,0,0,0.001746477443,0,0,0,0,0,0,0,0.004761904944,0.01052363962,0,0,0,0,0,0,0.593909204,0.01176141389,0,0,0,0,0.274846822,0.004761904944,0,0,0,0,0,0.0006454825052,0,0,0,0,0
61,0.0005084917066,0,0.0001041460127,0,0,0,0,0,0,0,0,0,0,0,0,0,0,0,0,0,0,0,0,0,0,0,0,0,0,0,0,0,0,0,0,0,0,0,0,0,0,0,0,0,0,0,0,0,0,0,0,0,0,0,0,0,0,0,0,0,0,0,0,0,0,0,0,0,0,0,0,0,0,0,0,0,0,0,0,0,0,0,0,0,0,0,0,0,0,0,0,0,0,0,0,0,0.002380952472,0,0,0.002380952239,0,0,0,0,0,0,0,0,0.001745760208,0,0,0,0,0,0,0,0,0.001054784283,0,0,0,0,0,0,0.2971386611,0.003961502574,0,0,0,0,0.1084461883,7.40482792e-05,0,0.0006019032444,0,0,0,0,0,0,0,0,0
62,0.0001830905676,0,0,0.0006975299329,0.003038336057,0.01045057364,0,0.001081767026,0,0,0,0,0,0,0,0,0,0,0,0,0,0,0,0,0,0,0,0,0,0,0,0,0,0,0,0,0,0,0,0,0,0,0,0,0,0,0,0,0,0,0,0,0,0,0,0,0,0,0,0,0,0,0,0,0,0,0,0,0,0,0,0,0,0,0,0,0,0,0,0,0,0,0,0,0,0,0,0,0,0,0,0,0,0.007352259476,0.003440845758,0.006376500707,0,0.002380952472,0,0.001452669851,0.0005697070155,0,0.0002250139951,0,0.0005576192052,0,0,0,0.0008809299907,0,5.461744149e-05,0,0,0,0,0,0.0002145803301,0.003565624123,0.000519992318,0,0,0,0,0,0.6569846272,0.01716347784,0,0,0,0,0.260861367,0.001072230865,0.0007404838107,0.0003232909366,0.003356601344,0.0005692251143,0,0,0,0,0,0,0
63,0.0005400836235,0.0007990118465,0.0005368639831,0.001150555909,0.003106941003,0.01441179775,0.00409258157,0.0008633421385,0,0,0,1.346147656e-05,0,0,0,1.92404259e-05,0,0,0,0,0,0,0,0,0,0,0,0,0,0,0,0,0,0,0,0,0,0,0,0,0,0,0,0,0,0,0,0,4.691918093e-06,0,0,0,0,0,0,0,0,0,0,0,0,0,0,0,0,0,0,0,0,0,0,0,0,0,0,0,0,0,0,0,0,0,0,0,0,0,0,0,0.001301729004,0,0,0,7.36545735e-06,0.002613987075,0.001360831317,0.003066793317,0.0004490506253,0.0003051516542,0.0003184855159,0.001892080181,8.114031516e-05,4.428356533e-06,0.000592173601,0.0002938202524,0.003265471198,0,0,0,0.001914991532,0.0002691860136,3.080475653e-05,0,0,2.570451579e-05,0.0008175105904,0,0.0009304224513,0.005898321047,0.001212642761,0,0,0,0,0.0014482158,0.7208528519,0.02533673123,0,0,5.43123133e-06,0.0001988656149,0.3155412376,0.003569848835,0.003532329109,0.0005219246959,0.003231435781,0.0003475535486,0,0,0,0,0,7.41378899e-05,3.960280083e-06
64,0.0004177185474,0.0001556914212,0.0003887392813,0.0003530582762,0.003265279578,0.01723199897,0.003397821449,0.0007255834644,0,0,1.037060656e-06,1.933192652e-05,2.614779532e-06,0.0002907797752,0,3.346677113e-05,9.435263928e-05,0,0,0,0,0,0,0,0,0,0,0,0,0,0,0,0,0,0,0,0,0,0,0,0,0,0,0,0,0,0,0,0,0,0,0,0,0,0,0,0,0,0,0,0,0,0,0,0,0,0,0,0,0,0,0,2.86272043e-05,0,0,0,0,0,0,1.908702188e-06,0,0,0,0,0,0,0,0,0,0,0,0,0,0.00508144591,0.009580436163,0.02850878611,0.001727095922,0.002302310197,0.001643115189,0.0043793777,0.0006972180563,0.0002406164422,0.0002023995476,0.0001279112184,0.0001786191133,0.0001197766833,0,0,0.007427991834,0,5.623676407e-05,0,1.512804374e-06,3.501137371e-06,0.000152206514,0,0.0003588444961,0.005579375196,0.0003023983154,0,0,0,0,0.005648260005,0.7705655098,0.03017114848,0.0001676274842,0,2.115745156e-05,4.852987331e-05,0.2566490173,0.002583075315,0.002525398973,0.0008638713043,0.006476558279,0.0003506552021,0,0.001619412331,0.0001733218523,5.642414544e-05,0,0.0001710120996,4.357203579e-06
65,0,0,0,0,0.006081601605,0.006560337264,0,0,0,0,1.884969492e-06,0,0,0,0,0,0,0,0,0,0,0,0,0,0,0,0,0,0,0,0,0,0,0,0,0,0,0,0,0,0,0,0,0,0,0,0,0,0,0,0,0,0,0,0,0,0,0,0,0,0,0,0,0,0,0,0,0,0,0,0,0,0,0,0,0,0,0,0,0,0,0,0,0,0,0,0,0,0,0,0,0,0,0.002380952472,0,0,0,0,0,0.002380952472,0,0,0,0,0,0,0,0,0.0003197770566,0,0,0,0,0,0,0,0,0.002771399915,0,0,0,0,0,0,0.4186249971,0.009174603969,0,0,0,0,0.1903617531,0,0,0,0,0,0,0,0,0,0,0,0
66,0,0,1.756039092e-05,0,0.003837210825,0.004761904944,0,1.47919709e-05,0,0,0,0,0,0,0,0,0,0,0,0,0,0,0,0,0,0,0,0,0,0,0,0,0,0,0,0,0,0,0,0,0,0,0,0,0,0,0,0,0,0,0,0,0,0,0,0,0,0,0,0,0,0,0,0,0,0,0,0,0,0,0,0,0,0,0,0,0,0,0,0,0,0,0,0,0,0,0,0,0,0,0,0,0,0.0004600788816,0,0,0,0,0,0,0,0,0,0,0,0,0,0,0.0003870072542,0,0,0,0,0,0,0,0,0.001042103861,0,0,0,0,0,0,0.5280811191,0.01047619525,0,0,0,0,0.2286989093,0,0.001191440737,0,0,0,0,0,0,0,0,0,0
67,7.196993829e-05,0,8.388060087e-05,0,0.001489741844,0.004678966478,0,0.0001344165794,0,0,0,0,0,0,0,0,0,0,0,0,0,0,0,0,0,0,0,0,0,0,0,0,0,0,0,0,0,0,0,0,0,0,0,0,0,0,0,0,0,0,0,0,0,0,0,0,0,0,0,0,0,0,0,0,0,0,0,0,0,0,0,0,0,0,0,0,0,0,0,0,0,0,0,0,0,0,0,0,0,0,0,0,0,0.002380952472,0,0.002380952239,0,0.0009077587165,0,0,0.0001423627691,0,0.000246034062,0,0,0,0,0,0.0006078251754,0,1.934070133e-05,0,0,0,0,0,0,0.002613049466,0,0,0,0,0,0,0.5093688369,0.02017967403,0,0,0,0.0004744488979,0.1834468842,0.0003253245377,0,0,0,0,0,0,0,0,0,0,0
68,1.99849128e-05,0,0.0001743796893,0.0001419079053,0.0007836163277,0.005140269641,0,0,0,0,1.364751142e-06,0,0,0,0,0,0,0,0,0,0,0,0,0,0,0,0,0,0,0,0,0,0,0,0,0,0,0,0,0,0,0,0,0,0,0,0,0,0,0,0,0,0,0,0,0,0,0,0,0,0,0,0,0,0,0,0,0,0,0,0,0,0,0,0,0,0,0,0,0,0,0,0,0,0,0,0,0,0,0,0,0,0,0.001253321534,0.003310490632,0,0.0003661168157,0,0.0005906011211,0,0.002380952472,0,0.0002940211853,0,3.225440014e-05,0,0,0,0.002289964352,0,2.765626778e-05,0,0,0,0,0,0.0002189416991,0.00325412699,0,0,0,0,0,0.003787569003,0.582213521,0.02117957547,0,0,0,0,0.1773750037,0.0006233404856,0,0.0002236846049,0.001368548721,0,0,0,0,0,0,0,0
69,0.0002938174002,9.180611232e-05,0.0002166209451,0.0001801044709,0.002695956035,0.01639029384,0,0.0005848787259,0,0,0,0,0,0,0,0,0,0,0,0,0,0,0,0,0,0,0,0,0,0,0,0,0,0,0,0,0,0,0,0,0,0,0,0,0,0,0,0,0,0,0,0,0,0,0,0,0,0,0,0,0,0,0,0,0,0,0,0,0,0,0,0,0,0,0,0,0,0,0,0,0,0,0,0,0,0,0,0,0,0,0,0,0,0.00156048825,0.007474332582,0.003425257048,0,0,0.000262082991,0.0004888450494,6.83727776e-05,0,0.0008174944087,0,0.0004272833758,0,0,0,0.001913457061,0,7.31484979e-05,0,0,0,0,0,0.0001020938362,0.004455836024,0,0,0,0,0,0.0008852817118,0.7215030789,0.02497495711,0,0,2.510021841e-05,0,0.2974798083,0.004214438144,0.0007272705552,0.000610809424,0.0004812644038,0,0,0,0,0,0,4.560845628e-05,3.17706108e-05
70,0.0001249159977,0,0.0001087386918,0,0.002607283182,0.01002337318,0.002380952239,0.0001799128804,0,0,0,0,0,0,0,0,0,0,0,0,0,0,0,0,0,0,0,0,0,0,0,0,0,0,0,0,0,0,0,0,0,0,0,0,0,0,0,0,0,0,0,0,0,0,0,0,0,0,0,0,0,0,0,0,0,0,0,0,0,0,0,0,0,0,0,0,0,0,0,0,0,0,0,0,0,0,0,0,0,0,0,0,0,0.002646236215,0.005615504924,0.006121668965,0.002885596827,0.002923574997,0.002999722958,0,0.0007971336017,0.0004267902987,0.0001024129742,0,0,0,0,0,0.003535605967,0,3.284764534e-05,0,1.976844715e-06,0,0,1.404611794e-05,5.863186016e-05,0.004421000835,0,0,0,0,0,0,0.6210136414,0.02062522434,0,0.0002506017045,0,0,0.1962717026,0.0008965808083,0.0002852238249,0.0006686818087,0,0,0,0,0,0,0,0,0
71,2.191022759e-05,0,1.405991588e-05,0,0.00275020604,0.01604852825,0,2.778968155e-05,0,0,0,0,0,0,0,0,0,0,0,0,0,0,0,0,0,0,0,0,0,0,0,0,0,0,0,0,0,0,0,0,0,0,0,0,0,0,0,0,0,0,0,0,0,0,0,0,0,0,0,0,0,0,0,0,0,0,0,0,0,0,0,0,0,0,0,0,0,0,0,0,0,0,0,0,0,0,0,0,0,0,0,0,0,0.004222291522,0,0.002380952472,0.0006517380243,0,0,0,0,0,0,0,0,0,0,0,0.0003707841097,0,0,0,0,0,0,0,9.544567729e-05,0.0008164019673,0,0,0,0,0,0,0.5531494617,0.01077642385,0,0,0,0,0.2246999443,0.002066842746,0.002380952239,5.961607167e-05,0.0009187860996,0,0,0,0,0,0,0,0
72,7.48164166e-05,0,1.823107777e-05,0,0.005563030485,0.0002046078298,0,0,0,0,0,0,0,0,0,0,0,0,0,0,0,0,0,0,0,0,0,0,0,0,0,0,0,0,0,0,0,0,0,0,0,0,0,0,0,0,0,0,0,0,0,0,0,0,0,0,0,0,0,0,0,0,0,0,0,0,0,0,0,0,0,0,0,0,0,0,0,0,0,0,0,0,0,0,0,0,0,0,0,0,0,0,0,0,0.0003196276957,0,0,0,0,0,0,0,0.001493685879,0,0,0,0,0,0,0,0,0,0,0,0,0,0,0.003715401748,0,0,0,0,0,1.44172202e-06,0.5066913962,0.01613344811,0,0,0,0,0.2953068912,0,0,0.003675129265,0,0,0,2.64121627e-06,0,0,0,0,0
73,0.0007403575582,0,5.672598945e-06,0,0.003082525916,0.004184387159,5.087065074e-05,0.0003514474956,0,0,0,0,4.18555345e-07,0,0,0,0,0,0,0,0,0,0,0,0,0,0,0,0,0,0,0,0,0,0,0,0,0,0,0,0,0,0,0,0,0,0,0,0,0,0,0,0,0,0,0,0,0,0,0,0,0,0,2.86272043e-05,0,0,0,0,0,0,0,0,0,0,0,0,0,0,0,0,0,0,0,0,0,0,0,0,0,0,0,0,0,0.00167199946,0.001064787037,0.003577463794,5.356356633e-05,0.0006671189913,0,0.003223700682,0,0,0.0003952490806,0,0,0,0,0,0.005123739596,0,6.506678619e-05,0,1.419778164e-05,0,0.002380952472,0,0.001058992231,0.009719529189,0,0,0,0,0,0,0.6257947087,0.04482653365,0,0,0,0,0.3503458798,0.001788890571,0.001476787613,0.001274927636,0.002823034069,0,0,0,0,0,0,0,0
74,0.0001784070482,0,0.0004941707593,0,0.0003861300356,0.007231793366,0,0.0001609509782,0,0,0,0,0,0,0,0,0,0,0,0,0,0,0,0,0,0,0,0,0,0,0,0,0,0,0,0,0,0,0,0,0,0,0,0,0,0,0,0,0,0,0,0,0,0,0,0,0,0,0,0,0,0,0,0,0,0,0,0,0,0,0,0,0,0,0,0,0,0,0,0,0,0,0,0,0,0,0,0,0,0,0,0,0,2.545389179e-05,0.002380952472,0.008700683713,0.00307466439,0,0.000823527691,0.006025331561,0,0,0.0001551991445,0,0.0008679956081,0,0,0,0.000249008619,0,0,0,7.638074749e-06,0,0,0,4.157948206e-05,0.003114738269,0,0,0,0,0,0.002380952472,0.5980088115,0.01935488544,5.347308615e-05,0,0,0,0.2044441849,0.001080562128,0.002380952472,4.652352072e-05,0,0,0,0,0,0,0,0,0
75,0.0002241200127,0,0.0002790484577,0.0001479021594,0.002199965296,0.01524227951,0,0.0003336256486,0,0,0,0,0,0,0,0,0,0,0,0,0,0,0,0,0,0,0,0,0,0,0,0,0,0,0,0,0,0,0,0,0,0,0,0,0,0,0,0,0,0,0,0,0,0,0,0,0,0,0,0,0,0,0,0,0,0,0,0,0,0,0,0,0,0,0,0,0,0,0,0,0,0,0,0,0,0,0,0,0,0,0,0,0,0.001739792991,0.001117672306,0.003595176153,0.000100547506,6.125456275e-05,0.0008665821515,9.637588664e-05,2.415646122e-05,0,5.908242019e-05,0,0,0,0,0,0.0007806826034,0,1.018478815e-05,0,3.365201701e-05,0,0,0,6.257010682e-05,0.004597464111,0,0,0,0.002380952472,0,0.005499736872,0.6902002692,0.02061378397,0.0001056769252,0,0,0,0.294268012,0.004734307528,0.003850250272,0.0001057416303,0.00160403375,0.002380952472,0,0,0,0,0,0,0
76,0,0,0,0,0.003526278073,0.002380952472,0,0,0,0,0,0,0,0,0,0,0,0,0,0,0,0,0,0,0,0,0,0,0,0,0,0,0,0,0,0,0,0,0,0,0,0,0,0,0,0,0,0,0,0,0,0,0,0,0,0,0,0,0,0,0,0,0,0,0,0,0,0,0,0,0,0,0,0,0,0,0,0,0,0,0,0,0,0,0,0,0,0,0,0,0,0,0,0.0002640209568,0.002477134811,0,0.001017724862,0,0,0.002380952239,0,0.0006503415643,0,0,0.001253566938,0.001261611353,0,0,0,0,0.001045549405,0,0,0,0,0,0,0.001967217075,0,0,0,0,0,0,0.4833482206,0.009510963224,0,0,0,0,0.258364141,0.002992125694,0.003014362184,0.001769431517,8.485598664e-05,0,0,0,0,0,0,0,0
77,0,0,0,0,0.002380952472,0,0,0.0001532456954,0,0,0,0,0,0,0,0,0,0,0,0,0,0,0,0,0,0,0,0,0,0,0,0,0,0,0,0,0,0,0,0,0,0,0,0,0,0,0,0,0,0,0,0,0,0,0,0,0,0,0,0,0,0,0,0,0,0,0,0,0,0,0,0,0,0,0,0,0,0,0,0,0,0,0,0,0,0,0,0,0,0,0,0,0,0,0,0,0,0,0,0,0,0,0,0,0,0,0,0,0.00127464463,0,0,0,0,0,0,0,0,0.0003381050774,0,0,0,0,0,0,0.2578837276,0.004893236328,0,0,0,0,0.1281403452,0,0,0,0,0,0,0,0,0,0,0,0
78,5.552488801e-06,0,0,0,0.00118467561,0,0,3.207286863e-05,0,0,0,0,0,0,0,0,0,0,0,0,0,0,0,0,0,0,0,0,0,0,0,0,0,0,0,0,0,0,0,0,0,0,0,0,0,0,0,0,0,0,0,0,0,0,0,0,0,0,0,0,0,0,0,0,0,0,0,0,0,0,0,0,0,0,0,0,0,0,0,0,0,0,0,0,0,0,0,0,0,0,0,0,0,0.001003914978,0,0,0,0,0,0,0,0,0,0,0,0,0,0,0,0,0,0,0,0,0,0,0,0.001136296429,0,0,0,0,0,0,0.2995427847,0.004225406796,0,0,0,0,0.151205495,0,0,0.0007502706721,0,0,0,0,0,0,0,0,0
79,0,0,0,0,0.004859941546,0.001084295916,0,2.380862861e-05,0,0,0,0,0,0,0,0,0,0,0,0,0,0,0,0,0,0,0,0,0,0,0,0,0,0,0,0,0,0,0,0,0,0,0,0,0,0,0,0,0,0,0,0,0,0,0,0,0,0,0,0,0,0,0,0,0,0,0,0,0,0,0,0,0,0,0,0,0,0,0,0,0,0,0,0,0,0,0,0,0,0,0,0,0,0.001562427729,0,0.002380952239,0,0,0.002380952472,0,0,0,0.0002518196416,0,0,0,0,0,0,0,0,0,0,0,0,0,0,0.001032590633,0,0,0,0,0,0,0.4263000786,0.01006266382,0,0,0,0,0.2166428119,0.0007101497613,0,0,0.0009578646859,0,0,0,0,0,0,0,0
80,0.0003158931795,2.508860962e-05,0.0004022385983,0.0002023436391,0.003179008374,0.01275826991,0,0.0009189761477,0,0,1.594143396e-05,0,0,0,0,0,0,0,0,0,0.000691561494,0,0,0,0,0.0005543426378,0,0,0,0,0,0,0,0,0,0,0,0,0,0,0,0,0,0,0,0,0,0,0,0,0,0,0,0,0,0,0,0,0,0,0,0,0,1.908702188e-06,0,0,0,0,0,0,0,0,0,0,0,0,0,0,0,0,0,1.832917405e-06,0,0,0,0,0,0,0,0,0,0,1.848156046e-07,0.003404099494,0.009631996974,0.006163701415,0.001424380112,0.001542819315,0.0002342512016,0.004035157617,0.001286305371,0.0005093430518,6.640390347e-05,0.0001240491983,0,0.001056691632,1.510412039e-05,1.125489462e-06,0.002819202142,0,8.641014574e-06,0,4.351992538e-05,0,0.002983763581,0,0.0001469292911,0.004729739856,6.548886449e-05,0,0,0,5.813026655e-05,7.136309432e-05,0.6648983359,0.0225792639,0.0004333505058,0.001282192185,0,0,0.2606164813,0.001549175009,0.002906002337,0.0005669546081,0.002985501662,0.0004902707879,0,0.002027725102,8.737538883e-05,0.0004357765429,0.0001767721842,1.417244403e-05,0
81,0,0,0,0,0.003147646552,0.007142857648,0,8.551810606e-05,0,0,0,0,0,0,0,0,0,0,0,0,0,0,0,0,0,0,0,0,0,0,0,0,0,0,0,0,0,0,0,0,0,0,0,0,0,0,0,0,0,0,0,0,0,0,0,0,0,0,0,0,0,0,0,0,0,0,0,0,0,0,0,0,0,0,0,0,0,0,0,0,0,0,0,0,0,0,0,0,0,0,0,0,0,0.0006661235238,0.001207148656,0,0.001532088616,0.0006377918762,0,0.0004296325787,0,0,0.0002075155498,0,0,0,0,0,0.0002408994478,0,0,0,0,0,0,0,0,0.0006712077302,0,0,0,0,0,0,0.4838250577,0.007771068253,0,0,0,0,0.2388703972,0.006117857993,0,0,0,0,0,0,0,0,0,0,0
82,0.0006144263898,0,0.0003831596405,0.0009435001411,0.002651272109,0.0179364942,0.0007422870258,0.0007897795876,0,0,7.081157491e-06,3.775364166e-05,0,0.0001381736947,0.0009879720164,5.503310967e-05,0.0005888681626,0,0,0,0,0,0,0,0.002380952472,0,0,0,0,0,0,0,0,0,0,0,0,0,0,0,0,0,0,0,0,0,0,0,0,0,0,0,0,0,0,0,0,0,0,0,0,0,0,0,0,0,0,0,0,0,0,0,0,0,0,0,0,0,0,1.832917405e-06,0,0,0,0,0,0,0,0,0,0,0,0,4.334395953e-07,0.002523768693,0.002628301503,0.005327140912,0.0002580081928,0.0003306564176,0.0002239588794,0.001119380235,8.18882545e-05,2.809103171e-05,0.0004310367513,0.0003090389655,0.000222245144,0,0,1.181737116e-05,0.002914638957,4.359483501e-05,3.024608486e-05,0,8.109193004e-06,2.6850837e-06,0.0001917812187,0,0.001229717396,0.005396223627,0,0.0001430904958,0,6.236020999e-05,0,0.00280746771,0.7135187984,0.02825372852,5.722555215e-05,0,7.842999366e-06,9.337083611e-06,0.3032034636,0.004917613696,0.003570047673,0.0006292180624,0.00375672942,0.001640910399,0,0.001007102546,0,0,0,1.616883674e-05,1.021802473e-05
83,0.0002912293712,0,0,0,0.001165747643,0.007603503764,0.002380952472,0.0004850751138,0,0,0,0,0,0,0,0,0,0,0,0,0,0,0,0,0,0,0,0,0,0,0,0,0,0,0,0,0,0,0,0,0,0,0,0,0,0,0,0,0,0,0,0,0,0,0,0,0,0,0,0,0,0,0,0,0,0,0,0,0,0,0,0,0,0,0,0,0,0,0,0,0,0,0,0,0,0,0,0,0,0,0,0,0,0.002380952239,0,0.002380952472,0,0,0,0.0001936483168,0,0,0.002380952472,0,0,0,0,0,7.815452409e-05,0,0,0,0,0,0,0,0,0.004054020159,0,0,0,0,0,0,0.4076487124,0.01239295211,0,0,0,0,0.1766004562,0.001011651126,0.002380952472,5.905331636e-05,0,0,0,0,0,0,0,0,0
84,0.0004754455877,0,0.0001004142468,0,0.00212111813,0.002124790102,0,0.0009259107173,0,0,0,0,0,0,0,0,0,0,0,0,0,0,0,0,0,0,0,0,0,0,0,0,0,0,0,0,0,0,0,0,0,0,0,0,0,0,0,0,0,0,0,0,0,0,0,0,0,0,0,0,0,0,0,0,0,0,0,0,0,0,0,0,0,0,0,0,0,0,0,0,0,0,0,0,0,0,0,0,0,0,0,0,5.85891612e-05,0.0009539607563,0.002377614146,0.0008532837383,0.0002633119293,3.453209865e-05,0,0,0.0002280237386,0,0.000453208253,0,0,0,0,0,9.656255861e-05,0,7.101725714e-06,0,0,0,0,0,0,0.003362331307,0,0,0,0,0,0,0.669347167,0.02857506089,0,0,0,0,0.282728374,0.003225989407,0,0.0004036917235,0.000136560775,0.001795342308,0,0,0,0,0,0,6.741834659e-05
85,0.0004051095748,0,0.0002855743805,0.0001086255579,0.003708299482,0.003689083271,0,0.001326879486,0,0,0,0,0,0,0,0,0,0,0,0,0,0,0,0,0,0,0,0,0,0,0,0,0,0,0,0,0,0,0,0,0,0,0,0,0,0,0,0,0,0,0,0,0,0,0,0,0,0,0,0,0,0,0,0,0,0,0,0,0,0,0,0,0,0,0,0,0,0,0,0,0,0,0,0,0,0,0,0,0,0,0,0,0,0.003990174271,0.001567935687,0,0,0,0,0,0,0,0,0,0.002380952472,0,0,0,0.0006649725256,0,0,0,0,0,0,0,0,0.006447088439,0,0,0,0,0,0,0.6874799728,0.02173449472,0,0,0,0,0.2815858424,0.001740028849,0.0004734888789,0,0.0008341570501,0,0,0,0,0,0,0,2.731879795e-05
86,0.0003564129292,0,0.0003480646701,0,0.003123263828,0.008906842209,0,0.0002396296622,0,0,0,0,0,0,0,0,0,0,0,0,0,0,0,0,0,0,0,0,0,0,0,0,0,0,0,0,0,0,0,0,0,0,0,0,0,0,0,0,0,0,0,0,0,0,0,0,0,0,0,0,0,0,0,0,0,0,0,0,0,0,0,0,0,0,0,0,0,0,0,0,0,0,0,0,0,0,0,0,0,0,0,0,0,0.001334566507,0.003927501384,0.0003479311999,0,0,0,0,9.995072469e-05,0,0.0001746341586,0,0,0,0,0,0.001081119524,0,0,0,0,0,0,0,2.00444174e-05,0.004746935796,0,0,0,0,0,0,0.6922006011,0.02259648964,0,0,0,0,0.2560421228,0.005211243406,0.00320330821,5.75696904e-05,0.00232522632,0.0008186917403,0,0,0,0,0,0,0
87,0,0,0.0001604332501,0.002380952472,0.002380952239,0,0,0,0,0,0,0,0,0,0,0,0,0,0,0,0,0,0,0,0,0,0,0,0,0,0,0,0,0,0,0,0,0,0,0,0,0,0,0,0,0,0,0,0,0,0,0,0,0,0,0,0,0,0,0,0,0,0,0,0,0,0,0,0,0,0,0,0,0,0,0,0,0,0,0,0,0,0,0,0,0,0,0,0,0,0,0,0,0,0,0,0,0,0,0,0,0,0,0,0,0,0,0,0,0,0,0,0,0,0,0,0,0.00110927911,0,0,0,0,0,0,0.3116902709,0.0085792467,0,0,0,0,0.1615054756,0.002380952472,0,0,0,0,0,0,0,0,0,0,0
88,0,0,0,0,0.0009130915278,0.002380952472,0,0,0,0,0,0,0,0,0,0,0,0,0,0,0,0,0,0,0,0,0,0,0,0,0,0,0,0,0,0,0,0,0,0,0,0,0,0,0,0,0,0,0,0,0,0,0,0,0,0,0,0,0,0,0,0,0,0,0,0,0,0,0,0,0,0,0,0,0,0,0,0,0,0,0,0,0,0,0,0,0,0,0,0,0,0,0,0,0,0,0,0,0,0,0,0,0,0,0,0,0,0,0,0,0,0,0,0,0,0,0,0.001696749823,0,0,0,0,0,0,0.2365592718,0.001698444481,0,0,0,0,0.1200294122,0,0,0,0,0,0,0,0,0,0,0,0
89,0,0,8.911131772e-06,0,0.005025870632,0.01253176946,0,0.0002201774623,0,0,0,0,0,0,0,0,0,0,0,0,0,0,0,0,0,0,0,0,0,0,0,0,0,0,0,0,0,0,0,0,0,0,0,0,0,0,0,0,0,0,0,0,0,0,0,0,0,0,0,0,0,0,0.001301729004,0,0,0,0,0,0,0,0,0,0,0,0,0,0,0,0,0,0,0,0,0,0,0,0,0,0,0,0,0,0,0.0006129902904,0.002380952472,0.002380952472,0.001551988069,0.001095974352,0,0.001643310068,0.0004933657474,0.0005174648832,0.00239703129,0,0,0,0,0,0.002029885538,0,0.0005759096239,0,0,0.0005354445893,0.0003926354402,0,0.002380952239,0.00296996953,0,0,0,0,0,9.536837524e-07,0.623562634,0.02036438324,0,0,0,0,0.3482322395,0.00113512564,0.002380952472,0.001223152038,3.954331078e-06,0,0,0,0,0,0,0,0
90,3.03263505e-06,0,2.038367256e-06,5.027972293e-05,0.004573802464,0.01672003791,0,4.495025132e-05,0,0,0,0,0,0,0,0,0,0,0,0,0,0,0,0,0,0,0,0,0,0,0,0,0,0,0,0,0,0,0,0,0,0,0,0,0,0,0,0,0,0,0,0,0,0,0,0,0,0,0,0,0,0,0,0,0,0,0,0,0,0,0,0,0,0,0,0,0,0,0,0,0,0,0,0,0,0,0,0,0,0,0,0,0,0.0002094254887,0,0,0,0,0,0,0,0,0,0,0,0,0,0,0.002993604168,0,0.0001696810214,0,0,0.000105733292,0,0,0.001289121225,0.0009531013202,0,0,0,0,0,0,0.5334045291,0.009670516476,0,0,0,0,0.239624083,0.003453817917,0,0.0001620909024,0,1.284244263e-06,0,0,0,0,0,0,0
91,0,0,0,0,0.009839251637,0.00171341293,0,0,0,0,0,0,0,0,0,0,0,0,0,0,0,0,0,0,0,0,0,0,0,0,0,0,0,0,0,0,0,0,0,0,0,0,0,0,0,0,0,0,0,0,0,0,0,0,0,0,0,0,0,0,0,0,0,0,0,0,0,0,0,0,0,0,0,0,0,0,0,0,0,0,0,0,0,0,0,0,0,0,0,0,0,0,0,0,0,0,0,0,0,0.0003662022355,0,0,0,0,0,0,0,0,0,0,0,0,0,0,0,0,0,0.001450218377,0,0,0,0,0,0.0006976948353,0.4761199653,0.009886650369,0,0,0,0,0.2118243724,0,0,0.0001194547804,0,0,0,0,0,0,0,0,0
92,0.0004616785154,0,0.0007118397625,0,0.001566190738,0.01775720157,0,0.0009370774496,0,0,0,0,0,0,0,0,0,0,0,0,0,0,0,0,0,0,0,0,0,0,0,0,0,0,0,0,0,0,0,0,0,0,0,0,0,0,0,0,0,0,0,0,0,0,0,0,0,0,0,0,0,0,0,0,0,0,0,0,0,0,0,0,0,0,0,0,0,0,0,0,0,0,0,0,0,0,0,0,0,0,0,0,0,0.0009295620257,0.0003655765613,8.530091145e-05,1.079765025e-05,2.049984505e-05,1.5797983e-05,0,1.870686356e-05,3.894274869e-06,0.0016156208,0.001311891479,0.0005544838496,0.0009725175332,0,0,0.0003163773508,0,5.061694901e-05,0,0.0001332673128,0,0.0007902387879,0,0.001717727049,0.005859979428,0,0,0,0,0,0.001940882183,0.5086519122,0.02679065615,6.022668458e-05,0,0,0,0.2847219408,0.005234235432,0.00266640773,0.0008515522932,0.001319127507,0,0,0,0,0.00037224486,0,7.500031643e-05,5.053543282e-05
93,0.0004700323625,0.000175355759,0.0003599909251,0.00116702891,0.003530783812,0.01283991989,0.009545032866,0.0005336569156,0,0,3.779854887e-05,0,0,0,0,4.608173913e-05,0,0,0,0,0,0,0,0,0,0,0,0,0,0,0,0,0,0,0,0,0,0,0,0,0,0,0,0,0,0,0,0,4.316931154e-06,0,0,0,0,0,0,0,0,0,0,0,0,0,7.36545735e-06,0,0,0,0,0,0,0,0,0,0,0,0,0,0,0,0,1.848156046e-07,0,4.334395953e-07,0,5.85891612e-05,0,0,0,0,0,0,0,0,0,0.002493793145,0.003252285765,0.006878855173,0.0006811959902,0.0007070673746,0.000547332922,0.002319338499,0.0002315223246,0.0001115893028,0.0006616746541,0.00017296843,0.0001327917853,0.0006599558401,0,0,0.00308109913,0.0006290426245,4.726209954e-05,0,2.05065262e-05,0,0.0009963603225,0,0.000337035046,0.004710875917,0,0,0,0,0,0.0008512183558,0.7274911404,0.02683185786,2.603136636e-05,0.002380952472,4.852964139e-06,5.381622032e-06,0.2982260287,0.003901194315,0.004958068021,0.0005839148071,0.003171639517,0.00110324251,0,0.0005445065326,0,0.0007197589148,0,5.154728569e-05,5.312071153e-06
94,0.01591205597,0.006202966906,0.01133683324,0.01516281255,0.002402971266,0.1725318432,0.02128595673,0.01824039966,0.0009485965129,0.002970140195,0.007607382722,0.00999891758,0.000435149821,0.008703271858,0.00348042557,0.01237483881,0.007436958607,0.001880273805,0.003904924262,0.004383462016,0.001218733261,0.003364705015,0.002380952472,0,0,0.004258423112,0.001374485437,0,0,0.004761904944,0,0,0.002380952239,0,0.00120294292,0,0,0,0,0,0,0,0,0.0005052116467,0.0002748032566,0.0006417609402,0.0003621958313,5.920781769e-05,0.0006583762588,0.001451470656,0.0005755316233,0.001569543965,0,0,0,0,0.0008304025978,0.004473502282,0.002138429089,0.002847349504,0,0.007352259476,0.002613987075,0.00508144591,0.002380952472,0.0004600788816,0.002380952472,0.001253321534,0.00156048825,0.002646236215,0.004222291522,0,0.00167199946,2.545389179e-05,0.001739792991,0.0002640209568,0,0.001003914978,0.001562427729,0.003404099494,0.0006661235238,0.002523768693,0.002380952239,0.0009539607563,0.003990174271,0.001334566507,0,0,0.0006129902904,0.0002094254887,0,0.0009295620257,0.002493793145,0,0.001238202909,0.0004966981942,0.003438438755,0.003176534548,0.0002741058706,0.003238047706,0.001512874383,0.0005035935901,0.008232477121,0.006917386316,0.02835766599,0.02662736177,0.0034939826,0.0008682494517,0.002060916508,0.0260392949,0.001693479484,0.004640252795,0.00257042679,0.005868228618,0.03760625795,0.003877938725,0.0344405286,0.04427993298,0.01810969412,0.007189902943,6.498597213e-05,5.269002941e-05,0.0008455490461,0.0116418926,0.2355991751,0.1007509604,0.007710981183,0.02476863191,0.0003691600286,0.0003143747163,0.5739298463,0.0605786033,0.06214921549,0.01202061772,0.02578748763,0.01596213691,0.001118268119,0.006319633685,0.001049713697,0.02175858058,0.01489733346,9.124480857e-05,0.0002496032102
95,0.004483120982,0.003229050431,0.002628429793,0.007824881002,0.01348311454,0.04520971701,0.007684615906,0.004071577918,0.00255826558,0.003484618152,0.0035356523,0.008689792827,0.0004185876169,0.005872536916,0.003377447138,0.005865129642,0.003934288863,0,0.001990927849,0.0002251558326,0.001167194685,0.002930512186,0.002380952472,0,0.001442193286,0,0.003584708087,0,0.002380952472,0,0,0,0,0,0,0,0,0,0,0,0,0.002380952472,0,9.569535905e-05,0,0.0001974397019,3.358733011e-05,0,0.0002539970446,8.803482342e-05,0.0001720328,0.00417270232,0.007142857648,0,0,0,0,0.004204616416,0.002837622305,0,0,0.003440845758,0.001360831317,0.009580436163,0,0,0,0.003310490632,0.007474332582,0.005615504924,0,0.0003196276957,0.001064787037,0.002380952472,0.001117672306,0.002477134811,0,0,0,0.009631996974,0.001207148656,0.002628301503,0,0.002377614146,0.001567935687,0.003927501384,0,0,0.002380952472,0,0,0.0003655765613,0.003252285765,0.001238202909,0,0.0001249986817,7.28838495e-05,9.069340013e-05,0.0004798984155,0.000946158194,0.0002963280422,0.0005379460054,0.02005562373,0.02475813404,0.04591977969,0.03673323244,0.007677909452,0.008789901622,0.0004895723541,0.02755413577,0.004072366748,0.01033887826,0.0135952523,0.01564055309,0.04593603685,0.01177411433,0.05361527577,0.01374540851,0.02343225107,0.001071640756,0.001702416455,0.008854107,0.008041417226,0.005765287671,0.6047948599,0.04251168668,0.01052560471,0.02156126685,0.004270924255,0.01415802818,0.3984816074,0.02707063407,0.03850695118,0.01329960488,0.006150097586,0.01212248951,0.002273075748,0.002536718966,0.009445285425,0.01985916309,0.005734527949,0.0009381358395,0.00554560544
96,0.009372433648,0.005687081255,0.005292517599,0.02790057473,0.005552893039,0.06295453012,0.01412031054,0.01289795898,0.001254396979,0,0.01231656503,0.00843732059,0.000758101989,0.001432691352,0.0004079466453,0.00790502131,0.006090233568,0.001207879279,0.002472831635,0.0007612016052,0.001577688032,0.0005570137873,0,0,0.003181812819,0.003025558079,0,0,0.002380952472,0,0,0,0,0,0,0,0,0,0,0.002380952472,0,0,0,0.0002588461211,2.136003241e-05,0.001267077401,0.0001288478379,3.711674435e-05,0.0002383231331,9.114426939e-05,0.0003597194736,0.008178000338,0.002380952472,0,0,0,0,0.005065276753,0.004321002867,0.001094659674,0,0.006376500707,0.003066793317,0.02850878611,0,0,0.002380952239,0,0.003425257048,0.006121668965,0.002380952472,0,0.003577463794,0.008700683713,0.003595176153,0,0,0,0.002380952239,0.006163701415,0,0.005327140912,0.002380952472,0.0008532837383,0,0.0003479311999,0,0,0.002380952472,0,0,8.530091145e-05,0.006878855173,0.0004966981942,0.0001249986817,0,0.001420553424,0.0001479761413,2.498766662e-05,0.00326247653,0.0008130192291,0.0001183975764,0.02557483502,0.0186713133,0.05519285053,0.04190225899,0.01538085751,0.01060692966,0.002582173329,0.02561920509,0.002603950212,0.004258221481,0.01453814749,0.0130282566,0.0664883852,0.02333891392,0.07690753043,0.02235682681,0.03307840973,0.0002837836219,0.001648685429,0,0.009080871008,0.004012035206,0.5388452411,0.07128371298,0.01996341534,0.03371383995,0.002003079513,0.003062337404,0.5191881061,0.05865755305,0.0668155849,0.02577370964,0.007402289193,0.01463425625,0.004032108933,0.002638909267,0.007006453816,0.02416090854,0.01350736711,0.0002621473977,0.002253987826
97,0.001254625618,0.002053244039,0.0009708345169,0.005479732994,0.01520464569,0.02195197903,0.006868249271,0.001226781285,0.0006262801471,0.002380952472,0.0008471388719,0.0003681576345,0.0003461913147,0.0006512920372,0,0.001234130352,0.0008953224751,0,0,0,0.0007079086499,0,0,0,0,0,0,0,0,0,0,0,0,0,0,0,0,0,0,0,0,0,0,0,0,0,0,3.639717761e-05,1.197468919e-05,8.679150596e-06,3.713352271e-06,7.756271225e-05,0,0,0,0,0,0.004761904944,0,0,0.002380952472,0,0.0004490506253,0.001727095922,0,0,0,0.0003661168157,0,0.002885596827,0.0006517380243,0,5.356356633e-05,0.00307466439,0.000100547506,0.001017724862,0,0,0,0.001424380112,0.001532088616,0.0002580081928,0,0.0002633119293,0,0,0,0,0.001551988069,0,0,1.079765025e-05,0.0006811959902,0.003438438755,7.28838495e-05,0.001420553424,0,3.791832933e-05,0.0007334482507,0.0001436780149,2.628780931e-05,0.0002107172913,0.006106870249,0.01304499339,0.03331591189,0.02090754546,0.002952575684,0.003212826326,0.0004028487892,0.01602573879,0.002057089703,0.003099828726,0.009045133367,0.002368343761,0.02423336171,0.01165678073,0.03014854528,0.009035985917,0.01290467847,0,0.000388528133,0.002951867878,0.007641415112,0.004394672811,0.680327177,0.02743528411,0.004991125781,0.008024828508,0.001454121317,0.002700777492,0.277405262,0.01100568566,0.01732197404,0.009936860763,0.007027189247,0.00765467668,0.003158167936,0.002150486223,0.003824207233,0.01207303815,0.004538684618,0.0002883490524,0.006228030194
98,0.001636842266,0.002053164179,0.001109711593,0.008780123666,0.01072091516,0.03034842387,0.004937534686,0.001413312042,0.0003045152698,0,0.001216841396,0.003226607339,0.0001275319228,0.003544671927,0.002989093075,0.003409005469,0.0005709377001,0,0.0001846577798,0,0,0.002380952472,0,0,0.002792590298,0,0.001064679585,0,0,0,0,0,0,0,0,0,0,0,0,0.002380952472,0,0,0,0.0001241422142,0,0,0,5.323996083e-05,1.065388824e-05,0,5.832951501e-06,0.0003638728813,0,0,0,0,0,0.001749341376,0.003031472676,0,0,0.002380952472,0.0003051516542,0.002302310197,0,0,0.0009077587165,0,0,0.002923574997,0,0,0.0006671189913,0,6.125456275e-05,0,0,0,0,0.001542819315,0.0006377918762,0.0003306564176,0,3.453209865e-05,0,0,0,0,0.001095974352,0,0,2.049984505e-05,0.0007070673746,0.003176534548,9.069340013e-05,0.0001479761413,3.791832933e-05,0,7.851854025e-05,0.004799650051,5.024019265e-05,2.48293818e-05,0.009370174259,0.01072250959,0.03148872405,0.03222934157,0.01005523931,0.004347505514,0.003288698383,0.0190222729,0.004623483401,0.005363274366,0.008481027558,0.01132287551,0.0442619212,0.009069739841,0.03531034291,0.01135612279,0.01832654141,0.001100491616,0.001684251823,0.001125658397,0.004934611265,0.003634721739,0.6741941571,0.03602516651,0.01459327713,0.0192311015,0.001186800422,0.001887070364,0.3196650445,0.01324849296,0.02519989759,0.01837362722,0.00636329921,0.009212226607,0.002957671182,0.001658921828,0.0024095017,0.01818674058,0.001927680103,0.0001988316944,0.002128931461
99,0.003373520216,0.002410498448,0.00229132711,0.005875961855,0.001960570924,0.062023215,0.002029332798,0.004840251524,0.0002277622116,0,0.001307600643,0.001565558952,2.224098171e-05,0,0.0008854232728,0.001958932728,0.001435579616,0.002380952239,0,0,0.002027589828,0.002380952472,0.002380952472,0,0.002380952472,0,0,0,0,0,0,0.0005865747808,0,0,0,0,0,0,0,0,0,0,0,0,0,5.485855581e-05,0,0,0,0,1.529530346e-05,0.0001249706693,0,0,0,0,0,0,0,0,0,0,0.0003184855159,0.001643115189,0,0,0,0.0005906011211,0.000262082991,0.002999722958,0,0,0,0.000823527691,0.0008665821515,0,0,0,0.002380952472,0.0002342512016,0,0.0002239588794,0,0,0,0,0,0,0,0,0,1.5797983e-05,0.000547332922,0.0002741058706,0.0004798984155,2.498766662e-05,0.0007334482507,7.851854025e-05,0,0.004684115294,0.0001864117075,3.798353873e-06,0.00594978407,0.003948892467,0.02424441651,0.04053260013,0.00620642025,0.001461725216,0.006395342294,0.02538298815,0.0006759433309,0,0.002024024958,0.009036820382,0.03807257116,0.005231968593,0.02777300961,0.01404951513,0.005001722835,0.002380952239,2.466722071e-05,0.003152879188,0.001068235375,0.003473134013,0.3781533837,0.05990647152,0.004454219714,0.02349749394,7.31507098e-05,8.701190382e-05,0.4225251973,0.02653989941,0.04006241634,0.01517620683,0.006643072236,0.009516843595,0.0002977074473,0.002092064824,0.0002038448292,0.01799274981,0.001395734493,6.086397661e-06,0.0002097612014
100,0.003019531025,0.001141638728,0.00161313219,0.003201930085,0.03181571141,0.04739329591,0.01190410648,0.002767057857,0.002325970912,0.0020698437,0.003485830501,0.0097031435,0.001403853064,0.002960961079,0.004761904944,0.005941516254,0.0009909052169,0.0006375054945,0.002849934623,0.0002611737873,0.0007470919518,0,0,0,0.0005233284319,0,0,0,0,0,0,0,0,0,0,0,0,0,0,0.002380952472,0,0,0,6.021969602e-05,0,0.0001626588928,0,0.000257420179,0.000254113198,0.0003900951124,0.0001163966881,0.0008389948634,0.002380952239,0,0,0,0,0.003188504837,0.0001020320415,0.002380952472,0.002380952239,0.001452669851,0.001892080181,0.0043793777,0.002380952472,0,0,0,0.0004888450494,0,0,0,0.003223700682,0.006025331561,9.637588664e-05,0.002380952239,0,0,0,0.004035157617,0.0004296325787,0.001119380235,0.0001936483168,0,0,0,0,0,0.001643310068,0,0.0003662022355,0,0.002319338499,0.003238047706,0.000946158194,0.00326247653,0.0001436780149,0.004799650051,0.004684115294,0,3.554788418e-05,0.0005831113667,0.002761930693,0.005429259036,0.008673624136,0.001593728899,0.0003052102402,0.0006600070628,9.389741172e-05,0.00108510151,0.0001997225918,0.0002871638862,0.001366621116,0.0008660183521,0.002168173669,0.0003091742401,0.006590194069,0.01031315234,0.001077124965,0.001142574591,0.001597109484,0,0.0004891794524,0.006887125317,0.5926076174,0.01310300734,0.0008191146189,0.002256837673,0.000472226995,0.00505696144,0.2632629871,0.005259912461,0.0001899894414,8.812132e-05,0.008850553073,0.002593642799,0.002790486906,0.002933366457,0.002028960269,0.0007621208206,0.0006403411389,0.0005988700432,0.003111925675
101,0.0009141734336,0.00135424966,0.0007656222442,0.0013479013,0.01094392315,0.0237733312,0.007195208687,0.0007945830002,0.0001026237369,0.00106988335,0.0003274642513,0.003526955377,1.79087674e-05,0.001520676189,0.002745917998,0.0006927298382,5.254628195e-05,0,0.0003983355127,0,0.0003691719612,9.910240624e-05,0,0,0,0.000199512273,0,0,0,0,0,0.002380952472,0,0,0,0,0,0,0,0,0,0,0,0,0,5.263350886e-06,0,1.083612278e-05,6.139437573e-06,1.557465839e-05,1.205081389e-06,0.0001087801866,0,0,0,0,0,0.0003129175748,0.0003330621403,3.654545435e-05,0,0.0005697070155,8.114031516e-05,0.0006972180563,0,0,0.0001423627691,0.002380952472,6.83727776e-05,0.0007971336017,0,0,0,0,2.415646122e-05,0,0,0,0,0.001286305371,0,8.18882545e-05,0,0.0002280237386,0,9.995072469e-05,0,0,0.0004933657474,0,0,1.870686356e-05,0.0002315223246,0.001512874383,0.0002963280422,0.0008130192291,2.628780931e-05,5.024019265e-05,0.0001864117075,3.554788418e-05,0,1.89844377e-05,0.001670755912,0.002470245119,0.008208042942,0.00792073831,0.001447401824,0.001229224959,0.0003816808457,0.008173294365,4.395002907e-05,0.001222603838,0.0009196167812,0.0006527046789,0.008799018338,0.002296728548,0.01282095537,0.008352695033,0.007104892284,0.0002646284993,0.003337921575,0.001091367449,0.002481258009,0.00502121821,0.6211669445,0.02435226925,0.0004830983235,0.003322977573,0.0001260328718,0.001166780246,0.2249392122,0.00515022222,0.007063876837,0.0007617538213,0.01073409524,0.005077521317,0.002109863097,0.003822254715,0.006339102983,0.004863663111,0.0009418661939,5.399078145e-05,0.0005775569589
102,0.0007646438316,0.0004352130054,0.0005065944279,0.0008940392872,0.003486374626,0.02495135926,0.006772263907,0.0009026285843,9.163462528e-05,0,0.0002403523686,0.001446460607,0,0.0002986419131,0.001263536862,0.0004702798906,0.0003564873477,0,0,0.0004136513453,0,0,0,0,0,0,0,0,0,0,0,0,0,0,0,0,0,0,0,0,0,0,0,0,0,0,0,0,0,3.975148047e-06,1.28206284e-06,5.458047235e-05,0,0,0,0,0,0.003132676007,0,0,0,0,4.428356533e-06,0.0002406164422,0,0,0,0,0,0.0004267902987,0,0,0,0,0,0.0006503415643,0,0,0,0.0005093430518,0,2.809103171e-05,0,0,0,0,0,0,0.0005174648832,0,0,3.894274869e-06,0.0001115893028,0.0005035935901,0.0005379460054,0.0001183975764,0.0002107172913,2.48293818e-05,3.798353873e-06,0.0005831113667,1.89844377e-05,0,0.001027626102,0.001582428114,0.007695737295,0.004959297832,0.00199692254,0.0005849627196,0.001727270428,0.01140616741,5.481363405e-05,0.0007302485174,0.0007828233065,0.0006955218851,0.007592371665,0.000405242492,0.007896980271,0.007334057242,0.006783989724,0.002380952472,0,0.0004454341251,0,0.006046122406,0.4592545331,0.02859026007,0.0003406497708,0.005722922739,3.250420923e-05,0.0003859849239,0.2315271199,0.004220826086,0.009081756696,0.002031880664,0.01024579257,0.004702985287,0.0007458230248,0.002017079387,0.00184308656,0.001691694721,0.002643128857,1.199260441e-05,5.357284317e-05
103,0.005603504833,0.0012211008,0.001174798585,0.000875054975,0.06303470582,0.07390085608,0.01078387443,0.00532929413,0.00031162714,0.0006110997638,0.0006509383675,0.00264696707,7.052509318e-05,0.001151236007,0,0.001491800766,0.003191817552,0,0.0001555034687,0.000988152693,0.002380952472,0,0,0,0,0.002725659404,0,0,0,0.002380952472,0,0,0,0,0.002380952472,0,0,0,0,0,0,0,0,0,0,0.0002173436951,0.0003793488722,0.001973975915,0.0003985871735,0.002037454396,0.0003071925603,0.0002107056353,0,0,0.0001841475605,0,0,0.0001451980788,7.6724682e-05,0.0005978667759,0,0.0002250139951,0.000592173601,0.0002023995476,0,0,0.000246034062,0.0002940211853,0.0008174944087,0.0001024129742,0,0.001493685879,0.0003952490806,0.0001551991445,5.908242019e-05,0,0,0,0.0002518196416,6.640390347e-05,0.0002075155498,0.0004310367513,0.002380952472,0.000453208253,0,0.0001746341586,0,0,0.00239703129,0,0,0.0016156208,0.0006616746541,0.008232477121,0.02005562373,0.02557483502,0.006106870249,0.009370174259,0.00594978407,0.002761930693,0.001670755912,0.001027626102,0,7.945746802e-06,3.190565985e-05,0.0007200411637,0.0002160231379,7.45780053e-05,0.004703224637,0.0001562280668,0.0001949899015,8.6411128e-05,0.0001765827474,7.675409142e-05,0.0003071090323,0.0001287343184,6.320491957e-05,0.003759140382,9.807380411e-05,0.0001857377501,0.0003415825486,0.0003639949427,0.0004988271976,0.0198256094,0.7345609665,0.01689737849,0.0001882555516,0.0003094034037,0.0004183186393,0.0003164898662,0.0505907312,0.0003386517928,0.0001759931329,0.0006410233327,0.01194363832,0.000313930359,0.004479939584,0.004161936697,0.0005838357611,0.0008111234056,0.0003533522831,0.0003771729243,0.0003047565697
104,0.001162576838,0,6.878060231e-05,0.000230700316,0.04075256363,0.03329146653,0,0.0009716690402,0,0,0,0,0.0006462581223,0,0,0.0003578262113,0.0001093944811,0,0,0,0,0,0,0,0,0,0,0,0,0,0,0,0,0,0,0,0,0,0,0,0,0,0,0,0,0,0,0,0,0,0,0,0,0,0,0,0,0.0001933488675,0,0,0,0,0.0002938202524,0.0001279112184,0,0,0,0,0,0,0,0,0,0,0,0,0,0,0,0.0001240491983,0,0.0003090389655,0,0,0,0,0,0,0,0,0,0.001311891479,0.00017296843,0.006917386316,0.02475813404,0.0186713133,0.01304499339,0.01072250959,0.003948892467,0.005429259036,0.002470245119,0.001582428114,7.945746802e-06,0,7.416618359e-07,5.238115409e-05,1.480726837e-06,0,0.003284332808,4.965006156e-06,0.0001210759219,0,0,1.886514951e-06,6.760586257e-05,2.413621951e-05,1.926523692e-05,0.00028110118,9.685434634e-06,0,0,0,0,0.005709875375,0.7099711299,0.01179572009,9.401283751e-05,0.0001449026313,0.0003169628326,0.0001546673157,0.08639132231,0.0005348049453,0.0004545138218,0.0003276220814,0.0009154261788,6.564570504e-05,0,0.0004926720867,0,0.0001262025035,0,0.0004296641564,8.454755152e-05
105,0.0006790771149,5.060238436e-06,5.529639748e-05,7.09866581e-05,0.03707195073,0.06092144921,0.00727924658,0.0006434517563,0.0003210009017,0,0.0008517471142,0.0005068047321,0,0.002380952472,0,0.0008714838768,0.0006958597805,0,0,0,0,0,0,0,0.0006224191748,0.00014674454,0,0,0,0,0,0,0,0,0,0,0,0,0,0,0,0,0,0,0,0,0,0,0.002380952472,0,0.002380952472,0.0005212056567,0,0,0,0,0,0,4.012481895e-06,0,0,0.0005576192052,0.003265471198,0.0001786191133,0,0,0,3.225440014e-05,0.0004272833758,0,0,0,0,0.0008679956081,0,0.001253566938,0,0,0,0,0,0.000222245144,0,0,0.002380952472,0,0,0,0,0,0,0.0005544838496,0.0001327917853,0.02835766599,0.04591977969,0.05519285053,0.03331591189,0.03148872405,0.02424441651,0.008673624136,0.008208042942,0.007695737295,3.190565985e-05,7.416618359e-07,0,4.325033842e-06,4.347984941e-07,4.256789907e-06,0.002469487023,1.082354515e-06,0.0002565623727,0,0.0003741550026,5.348885225e-06,1.576744035e-05,2.448585974e-06,2.27393939e-05,0.0007266869652,2.307517661e-06,0,0,0,0,0.005697928369,0.710056901,0.009395650588,5.532775685e-05,5.790965224e-05,0.003371407976,1.923685886e-05,0.1465713084,0.0005948237376,0.0005789230345,0.0005486194859,0.001197193167,4.744711259e-05,0.0006909915828,0.001985661453,0,0.0001344543271,0,0.00371229765,0.0005229266244
106,0.0003138276224,5.744773716e-06,8.943208377e-05,3.364618169e-05,0.026607031,0.08244214207,0.00514695188,0.0007032775902,0,0,0,0,0,0,0,0.0002267397795,0.0006757909432,0,0,0.000951443275,0,0.0002742262732,0,0,0,0,0,0,0,0,0,0,0,0,0,0,0,0,0,0,0,0,0,0,0,0,0,0,0,0,0,0,0,0,0,0,0,0,0,0,0,0,0,0.0001197766833,0,0,0,0,0,0,0,0,0,0,0,0.001261611353,0,0,0,0.001056691632,0,0,0,0,0,0,0,0,0,0,0,0.0009725175332,0.0006599558401,0.02662736177,0.03673323244,0.04190225899,0.02090754546,0.03222934157,0.04053260013,0.001593728899,0.00792073831,0.004959297832,0.0007200411637,5.238115409e-05,4.325033842e-06,0,9.695537528e-07,0,0.00086463755,2.018980013e-06,0.0002686931402,0,0.0002994531824,1.923201853e-05,9.757865882e-06,2.647665269e-06,8.282333874e-05,0.00304138381,2.345475514e-05,0,0,0,0,0.00794791989,0.6224030256,0.007424538024,2.711651905e-05,5.054685971e-05,0.001121817273,0.0001147349685,0.2150188833,0.0008391857264,0.0002573823149,0.000243335322,0.007453056984,0.000223344221,0,0.001215265831,0,1.302057535e-05,0.0001371910912,0.01011098456,0.0008078682004
107,2.206788304e-05,0,5.927903203e-06,0,0.001619430142,0.01186680235,0.002380952472,1.792861076e-05,5.670930841e-05,0,5.536375465e-05,0,0,0,0,0.0001131100289,0,0,0,0,0,0,0,0,0,0,0,0,0,0,0,0,0,0,0,0,0,0,0,0,0,0,0,0,0,0,0,0,0,0,0,0,0,0,0,0,0,0,0,0,0,0,0,0,0,0,0,0,0,0,0,0,0,0,0,0,0,0,0,1.510412039e-05,0,0,0,0,0,0,0,0,0,0,0,0,0,0.0034939826,0.007677909452,0.01538085751,0.002952575684,0.01005523931,0.00620642025,0.0003052102402,0.001447401824,0.00199692254,0.0002160231379,1.480726837e-06,4.347984941e-07,9.695537528e-07,0,0,0.0002482002019,3.826499437e-07,1.04658111e-05,0,0,1.103865202e-06,4.030746368e-06,0,0.0001300518343,0.000228231962,0,0,0,0,0,0.0007088773418,0.6363282204,0.008146592416,2.743818868e-06,0,7.099005597e-05,0.0001343155309,0.2351403087,0.001415158389,0.000301470136,3.96065916e-05,0.0003771776392,2.392054193e-05,0,0,0,2.050881221e-06,0,0.003327761311,0
108,6.436382137e-06,0,2.373593816e-06,0,0.0006033512182,0.004203348886,0,8.854805856e-06,0,0,0,0,0,0,0,0,0,0,0,0,0,0,0,0,0,0,0,0,0,0,0,0,0,0,0,0,0,0,0,0,0,0,0,0,0,0,0,0,0,0,0,0,0,0,0,0,0,0,0,0,0,0,0,0,0,0,0,0,0,0,0,0,0,0,0,0,0,0,0,1.125489462e-06,0,1.181737116e-05,0,0,0,0,0,0,0,0,0,0,0,0.0008682494517,0.008789901622,0.01060692966,0.003212826326,0.004347505514,0.001461725216,0.0006600070628,0.001229224959,0.0005849627196,7.45780053e-05,0,4.256789907e-06,0,0,0,0.002025708091,0,1.420606623e-05,0,0,8.933936897e-07,1.017838531e-05,0,5.62178393e-05,0.0002008258598,4.551626716e-06,0,0,0,0,0.0007122496609,0.7059851885,0.01471045613,0,1.465680907e-05,0,7.020724979e-07,0.1976716667,0.00134198938,0.001250230009,0.0001285627077,0.0001479863131,1.777822945e-06,0,8.540247654e-05,5.625131053e-06,1.627143138e-05,0,7.848860696e-05,0
109,0.01753034256,0.003028389532,0.006165890023,0.007623899728,0.0663093999,0.1259465069,0.03631413355,0.01863373816,0.002015867736,0.001638565795,0.008449815214,0.01517384313,0.004289483652,0.01834937744,0.01245194301,0.01298728865,0.009458576329,0.002917645499,0.003473371034,0.006659224629,0.005384482443,0.007128826343,0.002380952239,0,0.002380952239,0.004642141052,0.004168870859,0,0,0,0,0.00163891702,0.004761904944,0,0,0,0.002380952472,0,0,0.004761904944,0,0,0,0.001160404296,0,5.83676956e-06,0.0003794847871,0.0002196654968,0.0005848699948,0.0005840793019,0.0007835385622,0.002702549566,0.000546182564,0,0.001257618773,0,0,0.001954364823,0.001370347221,0.001746477443,0.001745760208,0.0008809299907,0.001914991532,0.007427991834,0.0003197770566,0.0003870072542,0.0006078251754,0.002289964352,0.001913457061,0.003535605967,0.0003707841097,0,0.005123739596,0.000249008619,0.0007806826034,0,0.00127464463,0,0,0.002819202142,0.0002408994478,0.002914638957,7.815452409e-05,9.656255861e-05,0.0006649725256,0.001081119524,0,0,0.002029885538,0.002993604168,0,0.0003163773508,0.00308109913,0.002060916508,0.0004895723541,0.002582173329,0.0004028487892,0.003288698383,0.006395342294,9.389741172e-05,0.0003816808457,0.001727270428,0.004703224637,0.003284332808,0.002469487023,0.00086463755,0.0002482002019,0.002025708091,0,0.0007815741119,0.0008064600406,0.0002463086275,0.003248275258,0.00152019097,0.001179630868,0.000347522524,0.002572298981,0.01926732622,0.00234016194,0.0001556507632,0.0004040081985,0.001164763817,0.0008144546882,0.01304380503,0.3889125884,0.005849780515,0.0008674449637,0.0008058161475,0.00299928477,0.004135854542,0.4020890892,0.008102321066,0.0006695624324,0.0003536043514,0.0137016587,0.001953611616,0.007694152649,0.003790391842,0.001877445146,0.0004126676067,0.0003016181872,0.002046882873,0.003110331716
110,0.0003585770028,8.9885536e-05,0.0001514020551,1.722031448e-05,0.0275193844,0.03672976792,0,0.0004610053729,0,0,0,0.000827744836,0,0,0,0.0002551238867,0.0002164088946,0,0,0,0,0,0,0,0,0,0,0,0,0,0,0,0,0,0,0,0,0,0,0,0,0,0,0,0,0,0,0,0.005922931712,0,0,0,0,0,0,0,0,0,0,0,0,0,0.0002691860136,0,0,0,0,0,0,0,0,0,0,0,0,0,0,0,0,0,0,4.359483501e-05,0,0,0,0,0,0,0,0,0,0,0.0006290426245,0.0260392949,0.02755413577,0.02561920509,0.01602573879,0.0190222729,0.02538298815,0.00108510151,0.008173294365,0.01140616741,0.0001562280668,4.965006156e-06,1.082354515e-06,2.018980013e-06,3.826499437e-07,0,0.0007815741119,0,3.783491775e-05,0,0,6.501463304e-06,2.424662489e-05,2.883765228e-05,1.752314711e-05,0.002910307609,3.889082291e-05,0,0,0,0,0.003297674702,0.6572042108,0.00727006793,2.106721922e-06,2.922082422e-05,0.001487881294,0,0.1826991737,0.0007917747134,0.0007898010081,0.0001524557883,0.002972646151,3.218240818e-05,0,0,0.0001607919985,7.712708612e-05,0.0005051828921,0.005664336495,0.0006659333012
111,0.0003480395826,6.969265087e-05,0.0002412277099,0.0002180469601,0.007040927187,0.01756670326,0.01099388488,0.0004582558759,9.95485243e-05,0.0001939868671,3.906065103e-05,0.0002843791444,2.141812729e-05,0.0002713568392,0,0.0001928460115,7.944901881e-05,0,3.171638309e-05,0.00010166227,0,0,0,0.002380952472,0.0004793604312,0.0001928055281,0,0,0,0.0001415421284,0,0,0,0,0,0,0,0,0,0,0,0,0,0.0001708197378,0,8.425849228e-05,0,0,1.126672851e-05,2.771102299e-05,1.379378136e-05,0,0,0,0,0,0,1.549844274e-05,2.749369924e-05,0,0,5.461744149e-05,3.080475653e-05,5.623676407e-05,0,0,1.934070133e-05,2.765626778e-05,7.31484979e-05,3.284764534e-05,0,0,6.506678619e-05,0,1.018478815e-05,0.001045549405,0,0,0,8.641014574e-06,0,3.024608486e-05,0,7.101725714e-06,0,0,0,0,0.0005759096239,0.0001696810214,0,5.061694901e-05,4.726209954e-05,0.001693479484,0.004072366748,0.002603950212,0.002057089703,0.004623483401,0.0006759433309,0.0001997225918,4.395002907e-05,5.481363405e-05,0.0001949899015,0.0001210759219,0.0002565623727,0.0002686931402,1.04658111e-05,1.420606623e-05,0.0008064600406,3.783491775e-05,0,7.200614505e-07,9.093246263e-06,5.712213806e-06,0.0008116118843,2.374260657e-05,0.0003847670159,0.00417018868,0.0009815767407,7.50924155e-05,0,3.249953443e-05,2.708060856e-05,0.004176099319,0.6452715397,0.02084284276,1.256728524e-06,0.0008406813722,9.083955774e-06,6.499356823e-05,0.2004347146,0.002125821775,0.001500329119,3.623311568e-05,0.007106636185,0.001139807515,0.0002383505926,0.001006944804,0.00057375693,0.0001544731058,0,4.656440069e-05,5.028516171e-05
112,9.517275612e-05,0,5.370078725e-06,4.43518984e-05,0.009325826541,0.01197004225,0,0.0002023620909,0,0,0,0.0005222056643,0,0,0,0,0.0001523965038,0,0,0,0,0,0,0,0,0,0,0,0,0,0,0,0,0,0,0,0,0,0,0,0,0,0,0,0,0,0,0,0,0,0,0,0,0,0,0,0,0,0,0,0,0,0,0,0,0,0,0,0,0,0,0,0,0,0,0,0,0,0,0,0,0,0,0,0,0,0,0,0,0,0,0,0,0.004640252795,0.01033887826,0.004258221481,0.003099828726,0.005363274366,0,0.0002871638862,0.001222603838,0.0007302485174,8.6411128e-05,0,0,0,0,0,0.0002463086275,0,7.200614505e-07,0,0,0,4.427701242e-06,0,4.160960543e-06,0.0007759011351,0,0,0,0,0,0,0.576985538,0.008920042776,1.633576403e-07,0,0.002380952239,0,0.2018578798,0.000669319008,9.284583939e-06,1.160832835e-05,0,0,0,0,0,0,0,0,0
113,0.0001597232185,0.0001790428651,0.0001730528456,0.0001748831564,0.003087049583,0.01831763797,0.0006118905731,0.000309541414,1.70056519e-05,0,0,0.0001455210877,0,0.0002104645537,0.0005394098116,4.598533269e-05,0,0,0,0,0,0,0,0,0,0,0,0,0,0,0,0,0,0,0,0,0,0,0,0,0,0,0,0,0,0,0,0,0,0,0,0,0,0,0,0,0,0,1.022723836e-06,0,0,0,0,1.512804374e-06,0,0,0,0,0,1.976844715e-06,0,0,1.419778164e-05,7.638074749e-06,3.365201701e-05,0,0,0,0,4.351992538e-05,0,8.109193004e-06,0,0,0,0,0,0,0,0,0,0.0001332673128,2.05065262e-05,0.00257042679,0.0135952523,0.01453814749,0.009045133367,0.008481027558,0.002024024958,0.001366621116,0.0009196167812,0.0007828233065,0.0001765827474,0,0.0003741550026,0.0002994531824,0,0,0.003248275258,0,9.093246263e-06,0,0,3.891710094e-06,0.0003241212107,0,0.0001579478267,0.003674440319,0.00018991658,0,0,1.267978291e-06,0,0.001014883164,0.710760951,0.02394533716,3.185334572e-05,0.0006771834451,1.981543846e-06,4.89046306e-06,0.2034736127,0.00249292911,0.003986841068,0.0002916220983,0.002369857626,0.0004856720334,0,0,7.080730938e-06,0.000285090151,0,0.0001285904436,2.612713388e-06
114,5.092532228e-05,0,3.023829595e-05,5.102234809e-06,0.003285816405,0.01376664732,0,6.910120283e-05,0,0,2.013373523e-05,3.629412458e-05,0,0,0,0.0001438980835,0,0,0,0,0,0,0,0,0,0,0,0,0,0,0,0,0,0,0,0,0,0,0,0,0,0,0,0,0,0,0,0,0.0002303976362,0,0,0,0,0,0,0,0,0,2.407761713e-06,0,0,0,2.570451579e-05,3.501137371e-06,0,0,0,0,0,0,0,0,0,0,0,0,0,0,0,0,0,2.6850837e-06,0,0,0,0,0,0,0.0005354445893,0.000105733292,0,0,0,0.005868228618,0.01564055309,0.0130282566,0.002368343761,0.01132287551,0.009036820382,0.0008660183521,0.0006527046789,0.0006955218851,7.675409142e-05,1.886514951e-06,5.348885225e-06,1.923201853e-05,1.103865202e-06,8.933936897e-07,0.00152019097,6.501463304e-06,5.712213806e-06,0,3.891710094e-06,0,3.100261165e-05,0,0.0001189262766,0.00107011653,5.425010022e-05,0,0,0,1.631354849e-06,0.002902646083,0.7635819316,0.01794208027,5.811508572e-07,7.788513176e-05,0.0002822376264,1.010298911e-05,0.1681877673,0.001656119362,0.0006263518007,8.093009819e-05,0.003963159397,0.0002641847823,0,0.0009727346478,0,1.241861901e-05,0,2.998304444e-05,9.006356413e-05
115,0.0009600388003,4.72146121e-06,0.0002409391163,0.0001269058994,0.05257433653,0.09565945715,0.01403409243,0.00196111016,4.012223872e-05,7.010814443e-05,0.0001288730127,0.0003636190086,0.0005699211033,0.00135326176,0,0.0004858034081,0.0003185922978,0,0,0,0.002380952472,0.0002634484554,0,0,0,0,0,0,0,0,0,0,0,0,0,0.002380952472,0,0,0,0,0,0,0,0,0,0,0,0,0.002380952239,0,0,0,0,0,0,0,0,0,0,0,0,0,0.0008175105904,0.000152206514,0,0,0,0,0,0,0,0,0.002380952472,0,0,0,0,0,0,0.002983763581,0,0.0001917812187,0,0,0,0,0,0,0.0003926354402,0,0,0.0007902387879,0.0009963603225,0.03760625795,0.04593603685,0.0664883852,0.02423336171,0.0442619212,0.03807257116,0.002168173669,0.008799018338,0.007592371665,0.0003071090323,6.760586257e-05,1.576744035e-05,9.757865882e-06,4.030746368e-06,1.017838531e-05,0.001179630868,2.424662489e-05,0.0008116118843,4.427701242e-06,0.0003241212107,3.100261165e-05,0,2.988844244e-06,0.0001461747597,0.005902383011,6.9286084e-06,0,0,0,0,0.01197853405,0.6679412127,0.008222848177,3.987103992e-05,1.871907216e-06,0.002878115745,0.0007517907652,0.1910552084,0.001120573143,0.000443047873,0.0004929673742,0.002588234376,7.477575309e-06,0.0005051226472,0.0001708415512,6.97164478e-06,3.07189589e-06,0,0.0007470038836,0.001486455789
116,1.844148574e-05,1.182235565e-06,7.4390191e-06,6.111418429e-07,0.003100173082,0.03029013425,0.0008720952319,3.72456052e-05,0,0,2.965913882e-05,3.021456905e-06,0,0,0,0.0001291646913,0,0,0,0,0,0,0,0,0,0,0,0,0,0,0,0,0,0,0,0,0,0,0,0,0,0,0,0,0,0,0,0,0,0,0,0,0,0,0,0,0,0,0,0,0,0,0,0,0,0,0,0,0,1.404611794e-05,0,0,0,0,0,0,0,0,0,0,0,0,0,0,0,0,0,0,0,0,0,0,0,0.003877938725,0.01177411433,0.02333891392,0.01165678073,0.009069739841,0.005231968593,0.0003091742401,0.002296728548,0.000405242492,0.0001287343184,2.413621951e-05,2.448585974e-06,2.647665269e-06,0,0,0.000347522524,2.883765228e-05,2.374260657e-05,0,0,0,2.988844244e-06,0,0.0001876384631,0.0006974937278,0,0,0,0,0,0.002816748805,0.6334579587,0.009434647858,4.663886102e-06,3.048689905e-06,0,0,0.2248408496,0.001698023756,0.0006782601704,6.400114944e-05,0.000944184023,3.562131678e-05,0,0,0,0,0,0.0004255931417,0.0001095982079
117,0.00300680357,0.0003010458313,0.0007556976052,0.0009498642758,0.06574597955,0.07189743221,0.01135510765,0.002963643754,0.0004547285498,0.0003098489251,0.002662199782,0.001210780698,0.001311833737,0.009269130416,0,0.001634599175,0.0002004037669,0.0006875946419,0.000394577306,0.002380952472,0,0,0,0,0.0006780669792,0,0,0,0.0007332990644,0,0,0,0,0,0,0,0,0,0,0,0,0,0,0.004009741824,0.002380952472,0.0007076650509,0.002380952472,0,0.001371074002,0.002643671818,0.001348865335,0.0001736642444,0,0,0,0,0,0,2.162479905e-05,0.004761904944,0,0.0002145803301,0.0009304224513,0.0003588444961,0,0,0,0.0002189416991,0.0001020938362,5.863186016e-05,9.544567729e-05,0,0.001058992231,4.157948206e-05,6.257010682e-05,0,0,0,0,0.0001469292911,0,0.001229717396,0,0,0,2.00444174e-05,0,0,0.002380952239,0.001289121225,0,0.001717727049,0.000337035046,0.0344405286,0.05361527577,0.07690753043,0.03014854528,0.03531034291,0.02777300961,0.006590194069,0.01282095537,0.007896980271,6.320491957e-05,1.926523692e-05,2.27393939e-05,8.282333874e-05,0.0001300518343,5.62178393e-05,0.002572298981,1.752314711e-05,0.0003847670159,4.160960543e-06,0.0001579478267,0.0001189262766,0.0001461747597,0.0001876384631,0,0.005768933333,9.497323481e-05,0.0002869593445,0.002502054442,2.121458238e-05,0.0001460251369,0.009865738451,0.7231606841,0.008989170194,3.145626761e-05,0.0003015230177,0.0009528759983,0.00174981344,0.1435371786,0.0004275769752,0.0001074157626,0.0001551410387,0.006695379969,0.0002569847566,0.001282140147,0.001272477326,0.0003528282978,0.0002375909389,0.0002230727114,0.004002957605,0.001716208411
118,0.02442112938,0.002773727756,0.01125210058,0.01248553675,0.1013562679,0.271376133,0.04134827852,0.02812569588,0.00557977194,0.003349084873,0.007942168042,0.01640245877,0.004887924064,0.01921679266,0.007048100233,0.009460858069,0.01809463277,0.007937015966,0.01036442071,0.01204104722,0.01397593226,0.006999393459,0.003614933928,0,0.00815098919,0.003480982268,0.002686072141,0.00305478205,0.002238523448,0.0009219653439,0.001116239931,0,0.002380952472,0.001398611581,0,0.002380952472,0.002380952472,0,0,0,0.002380952472,0,0,0.00868754182,0.002425438026,0.002187300241,0.003761876374,0.004066369962,0.004717841744,0.005022287369,0.005228541326,0.004354018252,0.001463254332,0.002380952472,0,0.000458218361,0.002207379322,0.003193566576,0.001579377451,0.01052363962,0.001054784283,0.003565624123,0.005898321047,0.005579375196,0.002771399915,0.001042103861,0.002613049466,0.00325412699,0.004455836024,0.004421000835,0.0008164019673,0.003715401748,0.009719529189,0.003114738269,0.004597464111,0.001967217075,0.0003381050774,0.001136296429,0.001032590633,0.004729739856,0.0006712077302,0.005396223627,0.004054020159,0.003362331307,0.006447088439,0.004746935796,0.00110927911,0.001696749823,0.00296996953,0.0009531013202,0.001450218377,0.005859979428,0.004710875917,0.04427993298,0.01374540851,0.02235682681,0.009035985917,0.01135612279,0.01404951513,0.01031315234,0.008352695033,0.007334057242,0.003759140382,0.00028110118,0.0007266869652,0.00304138381,0.000228231962,0.0002008258598,0.01926732622,0.002910307609,0.00417018868,0.0007759011351,0.003674440319,0.00107011653,0.005902383011,0.0006974937278,0.005768933333,0,0.0002676323638,0.0008869953454,0.000465526944,0.001120068249,0.0006215341273,0.01551278494,0.6562401652,0.07867207378,0.003359289607,0.005401296541,0.005238255486,0.005844905507,0.2347661406,0.02510770969,0.01753085293,0.008555325679,0.009828930721,0.00371245807,0.009837609716,0.006888579112,0.0006520912284,0.004533416126,0.0007328070351,0.006229608785,0.004769233521
119,0.0003024335892,0,3.962635674e-05,1.796803008e-05,0.03680394962,0.0469157584,0.002380952472,0.0009698768263,0.0001038227856,0,0.0004921054933,0.0001097475106,0,0,0,0.00207353523,0,0,0,0,0,0,0,0,0,0,0,0,0,0,0,0,0,0,0,0,0,0,0,0,0,0,0,0,0,0,0,0,0,0,0,0,0,0,0,0,0,0,0,0,0,0.000519992318,0.001212642761,0.0003023983154,0,0,0,0,0,0,0,0,0,0,0,0,0,0,0,6.548886449e-05,0,0,0,0,0,0,0,0,0,0,0,0,0,0.01810969412,0.02343225107,0.03307840973,0.01290467847,0.01832654141,0.005001722835,0.001077124965,0.007104892284,0.006783989724,9.807380411e-05,9.685434634e-06,2.307517661e-06,2.345475514e-05,0,4.551626716e-06,0.00234016194,3.889082291e-05,0.0009815767407,0,0.00018991658,5.425010022e-05,6.9286084e-06,0,9.497323481e-05,0.0002676323638,0,0,0,0,0,0.0004711391812,0.7227030993,0.009973477572,0.0001119652734,1.05238214e-05,0.003139764536,0.0002529986959,0.1695927978,0.0008256572764,0.0004863895301,0.0004931039875,1.052757216e-05,1.309464096e-06,0.0005184746697,2.841458991e-05,0,3.332458846e-06,0,0.0001424638322,8.231245738e-05
120,1.355986296e-05,0,6.257462246e-07,0,0.006540722214,0.01336875651,0,9.207078256e-05,0,0,0,0,0,0,0,0,0,0,0,0,0,0,0,0,0,0,0.001530137728,0,0,0,0,0,0,0,0,0,0,0,0,0,0,0,0,0,0,0,0,0,0,0,0,0,0,0,0,0,0,0,0,0,0,0,0,0,0,0,0,0,0,0,0,0,0,0,0,0,0,0,0,0,0,0.0001430904958,0,0,0,0,0,0,0,0,0,0,0,0.007189902943,0.001071640756,0.0002837836219,0,0.001100491616,0.002380952239,0.001142574591,0.0002646284993,0.002380952472,0.0001857377501,0,0,0,0,0,0.0001556507632,0,7.50924155e-05,0,0,0,0,0,0.0002869593445,0.0008869953454,0,0,0,0,0,0.002380952472,0.6305871606,0.008618107066,0,0,0,0,0.237577647,0.0008537004469,0.0002599523868,0.0002795615001,2.0159001e-05,3.477641144e-07,0,0,0,0,0,0,0
121,1.386473195e-05,0,4.638118753e-06,9.021900951e-06,0.002384050284,0.04548139125,0,0.0001685073366,0,0,0,1.589983731e-05,0,0,0,0,5.463793059e-05,0,0,0,0,0,0,0,0,0,0,0,0,0,0,0,0,0,0,0,0,0,0,0,0,0,0,0,0,0,0,0,0,0,0,0,0,0,0,0,0,0,0,0,0,0,0,0,0,0,0,0,0,0,0,0,0,0,0,0,0,0,0,0,0,0,0,0,0,0,0,0,0,0,0,0,0,6.498597213e-05,0.001702416455,0.001648685429,0.000388528133,0.001684251823,2.466722071e-05,0.001597109484,0.003337921575,0,0.0003415825486,0,0,0,0,0,0.0004040081985,0,0,0,0,0,0,0,0.002502054442,0.000465526944,0,0,0,0,0,0,0.2030267715,0.01258890238,0,0,1.892306136e-05,0,0.2919748724,0.002024902496,0.001027864171,0.001079617068,6.559932081e-05,0,0,0,0,0,0,1.418475563e-06,0
122,7.382137119e-05,0,4.335322228e-05,0,0.001183506451,0.007668737322,0,0.0001713936945,0,0,0,0,0,0,0,0,0,0,0,0,0,0,0,0,0,0.00146131136,0,0,0,0,0,0,0,0,0,0,0,0,0,0,0,0,0,0,0,0,0,0,0,0,0,0,0,0,0,0,0,9.954111192e-06,0,0,0,0,0,0,0,0,0,0,0,0,0,0,0,0,0.002380952472,0,0,0,0,0,0,6.236020999e-05,0,0,0,0,0,0,0,0,0,0,0,5.269002941e-05,0.008854107,0,0.002951867878,0.001125658397,0.003152879188,0,0.001091367449,0.0004454341251,0.0003639949427,0,0,0,0,0,0.001164763817,0,3.249953443e-05,0,1.267978291e-06,0,0,0,2.121458238e-05,0.001120068249,0,0,0,0,0,0,0.5169697404,0.01491544396,0,0,0.0001090134901,0,0.171500802,0.003215693403,0,0.0005338253104,0.0001453320874,4.917125261e-05,0,9.39816091e-05,0,0,0,0,0
123,7.129312962e-06,0,3.425863042e-06,4.622762901e-07,0.002835389925,0.01667237841,0,3.250516238e-05,0,0,0,0,0,0,0,0,0,0,0,0,0,0,0,0,0,0,0,0,0,0,0,0,0,0,0,0,0,0,0,0,0,0,0,0,0,0,0,0,0,0,0,0,0,0,0,0,0,0,0,0,0,0,0,0,0,0,0,0,0,0,0,0,0,0,0,0,0,0,0,5.813026655e-05,0,0,0,0,0,0,0,0,0,0,0,0,0,0.0008455490461,0.008041417226,0.009080871008,0.007641415112,0.004934611265,0.001068235375,0.0004891794524,0.002481258009,0,0.0004988271976,0,0,0,0,0,0.0008144546882,0,2.708060856e-05,0,0,1.631354849e-06,0,0,0.0001460251369,0.0006215341273,0,0,0,0,0,0.0001627169986,0.50195539,0.009264469147,3.087172809e-05,0,1.521823197e-05,0,0.2138802856,0.0004953359021,0.0005978240515,0.0002213678235,0.0003468705108,2.679815907e-06,0,8.579521091e-05,0,0,0,0,4.382191946e-06
124,0.003696705448,3.694648512e-06,6.026322808e-05,0.001102727838,0.01449888758,0.02688904852,4.217889909e-06,0.003132564481,0.0009290649323,0,9.849194612e-05,0,0,0,0,0.0008088253671,0.0004329543444,0,0,0,0,0,0,0,0,0,0.002380952239,0,0,0,0,0,0,0,0,0,0,0,0,0,0,0,0,0,0,0,0,0.0007195026847,0,0,0.001454015495,0.002380952472,0,0,0,0,0,0.0003482557659,0,0,0,0,0.0014482158,0.005648260005,0,0,0,0.003787569003,0.0008852817118,0,0,1.44172202e-06,0,0.002380952472,0.005499736872,0,0,0,0,7.136309432e-05,0,0.00280746771,0,0,0,0,0,0,9.536837524e-07,0,0.0006976948353,0.001940882183,0.0008512183558,0.0116418926,0.005765287671,0.004012035206,0.004394672811,0.003634721739,0.003473134013,0.006887125317,0.00502121821,0.006046122406,0.0198256094,0.005709875375,0.005697928369,0.00794791989,0.0007088773418,0.0007122496609,0.01304380503,0.003297674702,0.004176099319,0,0.001014883164,0.002902646083,0.01197853405,0.002816748805,0.009865738451,0.01551278494,0.0004711391812,0.002380952472,0,0,0.0001627169986,0,0.8042704463,0.08389128,0.00555132702,0.001550744637,0.0006596036837,0.000185889774,0.582116425,0.01463529095,0.01611746103,0.008086443879,4.277326298e-05,7.208941042e-06,2.698162234e-06,6.570113328e-06,9.718188267e-06,0.007675201166,0.002380952472,0.0003402042785,4.878335312e-05
125,0.9170763493,0.8054565191,0.8878384829,0.8336527944,0.4240191579,0.9421435595,0.8765509129,0.9415551424,0.6707752943,0.5996744633,0.8241816759,0.8208368421,0.4626201987,0.7918146253,0.688421011,0.8288167119,0.8302153349,0.6123968959,0.6573549509,0.7013055682,0.7075394392,0.5817609429,0.3702574074,0.259544611,0.6688424349,0.6833771467,0.452865392,0.1690726727,0.2551694512,0.419095546,0.3495418727,0.2700794935,0.206616044,0.1173435897,0.2108661383,0.3283464909,0.2257378846,0.04133406654,0.0642857179,0.1935203075,0.08019475639,0.1087065116,0.01904761977,0.3999603391,0.4034153819,0.5740872622,0.4624672234,0.3943260312,0.3621396124,0.5626107454,0.473900944,0.7335362434,0.2625186145,0.1796390563,0.1876156032,0.2059810311,0.3288548887,0.7230214477,0.5974993706,0.593909204,0.2971386611,0.6569846272,0.7208528519,0.7705655098,0.4186249971,0.5280811191,0.5093688369,0.582213521,0.7215030789,0.6210136414,0.5531494617,0.5066913962,0.6257947087,0.5980088115,0.6902002692,0.4833482206,0.2578837276,0.2995427847,0.4263000786,0.6648983359,0.4838250577,0.7135187984,0.4076487124,0.669347167,0.6874799728,0.6922006011,0.3116902709,0.2365592718,0.623562634,0.5334045291,0.4761199653,0.5086519122,0.7274911404,0.2355991751,0.6047948599,0.5388452411,0.680327177,0.6741941571,0.3781533837,0.5926076174,0.6211669445,0.4592545331,0.7345609665,0.7099711299,0.710056901,0.6224030256,0.6363282204,0.7059851885,0.3889125884,0.6572042108,0.6452715397,0.576985538,0.710760951,0.7635819316,0.6679412127,0.6334579587,0.7231606841,0.6562401652,0.7227030993,0.6305871606,0.2030267715,0.5169697404,0.50195539,0.8042704463,0,0.5259234905,0.7026087046,0.6549516916,0.4023015499,0.3970879912,0.9202326536,0.8294281363,0.7236878276,0.6528705955,0.7888391614,0.7627446055,0.4979041517,0.7940719724,0.4757349193,0.6198491454,0.6268923283,0.1909095645,0.364489764
126,0.143792972,0.02594719268,0.05890440941,0.05020247027,0.2451521605,0.3299224973,0.1333837062,0.1652052402,0.02647569403,0.01385487337,0.04450294003,0.07290297002,0.03631210327,0.05632114038,0.04232219979,0.05741812661,0.07449795306,0.01666666754,0.03039519861,0.04192290083,0.02266901918,0.0311057698,0.003943464253,0.004761904944,0.01939531602,0.02366589196,0.007962295786,0.002380952472,0.004761904944,0.0122019155,0.007019997574,0.01190476213,0.004761904944,0,0.004831649363,0.002380952472,0.003915723879,0,0,0,0.007142857648,0.002380952472,0,0.02197274193,0.02275595441,0.02583123185,0.01927580498,0.02205020376,0.02790125273,0.02614567429,0.02693047374,0.02503866516,0.004805530887,0.0006100689061,0.00536761526,0.003825216787,0.008631450124,0.02890370972,0.01569318958,0.01176141389,0.003961502574,0.01716347784,0.02533673123,0.03017114848,0.009174603969,0.01047619525,0.02017967403,0.02117957547,0.02497495711,0.02062522434,0.01077642385,0.01613344811,0.04482653365,0.01935488544,0.02061378397,0.009510963224,0.004893236328,0.004225406796,0.01006266382,0.0225792639,0.007771068253,0.02825372852,0.01239295211,0.02857506089,0.02173449472,0.02259648964,0.0085792467,0.001698444481,0.02036438324,0.009670516476,0.009886650369,0.02679065615,0.02683185786,0.1007509604,0.04251168668,0.07128371298,0.02743528411,0.03602516651,0.05990647152,0.01310300734,0.02435226925,0.02859026007,0.01689737849,0.01179572009,0.009395650588,0.007424538024,0.008146592416,0.01471045613,0.005849780515,0.00727006793,0.02084284276,0.008920042776,0.02394533716,0.01794208027,0.008222848177,0.009434647858,0.008989170194,0.07867207378,0.009973477572,0.008618107066,0.01258890238,0.01491544396,0.009264469147,0.08389128,0.5259234905,0,0.01172336284,0.008126318455,0.02458466589,0.03112934344,0.2377605885,0.007873215713,0.005279230885,0.006838968955,0.07177084684,0.01162978262,0.04322784767,0.04035695642,0.01076546777,0.00778276287,0.008289319463,0.03328526765,0.02970141359
127,0.0002909954928,8.717655874e-05,0.0002017659135,0.000153776622,0.006483735982,0.0221471414,0.0002851529862,0.0006847301847,0,0,6.945953646e-05,0,0,0,0,8.347271796e-05,4.642183194e-05,0,0,0,0,0,0,0,0,0.000298006431,0,0,0,0,0,0,0,0,0,0,0,0,0,0,0,0,0,0,0,0,0,0,0,0,0.0002342844964,0,0,0,0,0,0,0,0,0,0,0,0,0.0001676274842,0,0,0,0,0,0,0,0,0,5.347308615e-05,0.0001056769252,0,0,0,0,0.0004333505058,0,5.722555215e-05,0,0,0,0,0,0,0,0,0,6.022668458e-05,2.603136636e-05,0.007710981183,0.01052560471,0.01996341534,0.004991125781,0.01459327713,0.004454219714,0.0008191146189,0.0004830983235,0.0003406497708,0.0001882555516,9.401283751e-05,5.532775685e-05,2.711651905e-05,2.743818868e-06,0,0.0008674449637,2.106721922e-06,1.256728524e-06,1.633576403e-07,3.185334572e-05,5.811508572e-07,3.987103992e-05,4.663886102e-06,3.145626761e-05,0.003359289607,0.0001119652734,0,0,0,3.087172809e-05,0.00555132702,0.7026087046,0.01172336284,0,0.0001516812335,7.933052984e-05,0.002448230982,0.2024748921,0.0008091054042,0.0002564916795,1.491210696e-05,0.003965688869,0.0001860872726,0,0.001063113217,0,1.547577631e-05,0,0.0009689316503,0.0002331230644
128,0.00032407447,3.102226856e-06,0.0001391113765,7.670163905e-05,0.05715414882,0.08057492226,0.0007629114552,0.001163807116,0,0,0.0001087122946,1.934405009e-05,0,0,0,0.0004850779369,0.0002030382748,0,0,0,0,0,0,0,0,0,0,0,0,0,0,0,0,0,0,0,0,0,0,0,0,0,0.002380952472,0,0,0,0,0,0,0,0,0,0,0,0,0,0,0,0,0,0,0,0,0,0,0,0,0,0,0.0002506017045,0,0,0,0,0,0,0,0,0,0.001282192185,0,0,0,0,0,0,0,0,0,0,0,0,0.002380952472,0.02476863191,0.02156126685,0.03371383995,0.008024828508,0.0192311015,0.02349749394,0.002256837673,0.003322977573,0.005722922739,0.0003094034037,0.0001449026313,5.790965224e-05,5.054685971e-05,0,1.465680907e-05,0.0008058161475,2.922082422e-05,0.0008406813722,0,0.0006771834451,7.788513176e-05,1.871907216e-06,3.048689905e-06,0.0003015230177,0.005401296541,1.05238214e-05,0,0,0,0,0.001550744637,0.6549516916,0.008126318455,0.0001516812335,0,0.001322864788,0.003540876321,0.2112303674,0.0009134316933,0.0003015383845,0.0005273454008,0.000341096078,9.59415047e-07,0,3.020117447e-06,3.127071068e-06,1.144174917e-06,0,0.0008587449556,0.0004978949437
129,0.0005737858592,0.0005287916283,0.0004430418485,0.0003718926455,0.003792470088,0.02688090503,0.0006135024014,0.0005249663373,3.64220723e-05,0,8.43038215e-05,0.0004380628525,1.050368883e-05,0,0,0,0.0001851669949,0,0,0,0,0,0,0,0,0,0,0,0,0,0,0,0,0,0,0,0,0,0,0,0,0,0,0,3.859318895e-05,0,0,0,3.533655672e-06,0,0,1.019038609e-05,0,0,0,0,0,0.0001147332805,5.620036973e-05,0,0,0,5.43123133e-06,2.115745156e-05,0,0,0,0,2.510021841e-05,0,0,0,0,0,0,0,0,0,0,0,0,7.842999366e-06,0,0,0,0,0,0,0,0,0,0,4.852964139e-06,0.0003691600286,0.004270924255,0.002003079513,0.001454121317,0.001186800422,7.31507098e-05,0.000472226995,0.0001260328718,3.250420923e-05,0.0004183186393,0.0003169628326,0.003371407976,0.001121817273,7.099005597e-05,0,0.00299928477,0.001487881294,9.083955774e-06,0.002380952239,1.981543846e-06,0.0002822376264,0.002878115745,0,0.0009528759983,0.005238255486,0.003139764536,0,1.892306136e-05,0.0001090134901,1.521823197e-05,0.0006596036837,0.4023015499,0.02458466589,7.933052984e-05,0.001322864788,0,9.019340723e-06,0.2312756926,0.003657455789,0.001989650307,0.0003149747499,0.003913446795,0.001279760036,8.179606084e-05,0.002353964373,2.29207526e-05,0.002000892535,0,2.615309086e-06,2.069130915e-06
130,0.0003171513963,0,0.0003207976115,0.0007120192749,0.002418727381,0.02861921862,0,0.0007991747116,1.084388987e-05,0.0003583279613,0,0,0,0.0005824471009,0,0,0,0,0,0,0,0,0,0,0,0,0,0,0,0,0,0,0,0,0,0,0,0,0,0,0,0,0,0,0,0,0,0,0,0,0,2.828921424e-05,0,0,0,0,0,0,0,0,0,0,0.0001988656149,4.852987331e-05,0,0,0.0004744488979,0,0,0,0,0,0,0,0,0,0,0,0,0,0,9.337083611e-06,0,0,0,0,0,0,0,0,0,0,5.381622032e-06,0.0003143747163,0.01415802818,0.003062337404,0.002700777492,0.001887070364,8.701190382e-05,0.00505696144,0.001166780246,0.0003859849239,0.0003164898662,0.0001546673157,1.923685886e-05,0.0001147349685,0.0001343155309,7.020724979e-07,0.004135854542,0,6.499356823e-05,0,4.89046306e-06,1.010298911e-05,0.0007517907652,0,0.00174981344,0.005844905507,0.0002529986959,0,0,0,0,0.000185889774,0.3970879912,0.03112934344,0.002448230982,0.003540876321,9.019340723e-06,0,0.2713962793,0.004384332802,0.004821914714,0.001890704152,0.002929783892,0.0004634440411,0,8.541935676e-05,0,0.001125307404,0,3.348249493e-06,2.471419123e-07
131,0.5426999927,0.3719317317,0.4127699733,0.4092419147,0.7141317129,0.7623766065,0.6324192882,0.5370160341,0.2864702046,0.2399682403,0.3442005515,0.4190787077,0.3490658402,0.3971467018,0.2866238952,0.3932696283,0.4969796836,0.2961035669,0.3328513503,0.3621113002,0.3673841953,0.2848015428,0.1484209895,0.1087836623,0.297178328,0.3088020086,0.2290179729,0.1052993387,0.1187482998,0.220579356,0.1738449037,0.1047223434,0.0623566024,0.03809523955,0.08059120178,0.1254624426,0.1057185978,0.006519572344,0.005619025324,0.07206885517,0.01604999974,0.03466502577,0,0.3301035762,0.3026489019,0.3136173785,0.2969346046,0.2992691994,0.3096010983,0.3148775101,0.3068105876,0.2780579627,0.1514792889,0.06281077862,0.09426464885,0.1076988801,0.1555905491,0.1943336576,0.1619040072,0.274846822,0.1084461883,0.260861367,0.3155412376,0.2566490173,0.1903617531,0.2286989093,0.1834468842,0.1773750037,0.2974798083,0.1962717026,0.2246999443,0.2953068912,0.3503458798,0.2044441849,0.294268012,0.258364141,0.1281403452,0.151205495,0.2166428119,0.2606164813,0.2388703972,0.3032034636,0.1766004562,0.282728374,0.2815858424,0.2560421228,0.1615054756,0.1200294122,0.3482322395,0.239624083,0.2118243724,0.2847219408,0.2982260287,0.5739298463,0.3984816074,0.5191881061,0.277405262,0.3196650445,0.4225251973,0.2632629871,0.2249392122,0.2315271199,0.0505907312,0.08639132231,0.1465713084,0.2150188833,0.2351403087,0.1976716667,0.4020890892,0.1826991737,0.2004347146,0.2018578798,0.2034736127,0.1681877673,0.1910552084,0.2248408496,0.1435371786,0.2347661406,0.1695927978,0.237577647,0.2919748724,0.171500802,0.2138802856,0.582116425,0.9202326536,0.2377605885,0.2024748921,0.2112303674,0.2312756926,0.2713962793,0,0.06771881133,0.1197995171,0.1981049627,0.5331696868,0.243059352,0.4626478553,0.4633723795,0.2396727651,0.2489916086,0.2188848555,0.2570979595,0.2607132494
132,0.02689852379,0.002239739755,0.01097398624,0.007528312504,0.1500809342,0.1560210884,0.02407315932,0.03138076514,0.001435678918,0.0007210425683,0.004644198343,0.01423545182,0.005175335333,0.007057779469,0.00324748992,0.0101522496,0.0103213368,0,0.009523809887,0.004761904944,0.0008930040058,0,0,0.002380952239,0,0.0007941274671,0,0,0,0,0,0.002380952239,0,0,0,0.002380952472,0,0,0,0,0,0,0,0.0004516905756,0,0.0008376410115,0.001318954048,0.001544124214,0.005972195882,0.003553247545,0.006133640651,0.002976762829,0,0,0,0.002380952472,0,0.001470424235,0.001020456781,0.004761904944,7.40482792e-05,0.001072230865,0.003569848835,0.002583075315,0,0,0.0003253245377,0.0006233404856,0.004214438144,0.0008965808083,0.002066842746,0,0.001788890571,0.001080562128,0.004734307528,0.002992125694,0,0,0.0007101497613,0.001549175009,0.006117857993,0.004917613696,0.001011651126,0.003225989407,0.001740028849,0.005211243406,0.002380952472,0,0.00113512564,0.003453817917,0,0.005234235432,0.003901194315,0.0605786033,0.02707063407,0.05865755305,0.01100568566,0.01324849296,0.02653989941,0.005259912461,0.00515022222,0.004220826086,0.0003386517928,0.0005348049453,0.0005948237376,0.0008391857264,0.001415158389,0.00134198938,0.008102321066,0.0007917747134,0.002125821775,0.000669319008,0.00249292911,0.001656119362,0.001120573143,0.001698023756,0.0004275769752,0.02510770969,0.0008256572764,0.0008537004469,0.002024902496,0.003215693403,0.0004953359021,0.01463529095,0.8294281363,0.007873215713,0.0008091054042,0.0009134316933,0.003657455789,0.004384332802,0.06771881133,0,0.0001332776155,0.0006170022534,0.01623314247,0.00140075956,0.002112297574,0.006662139669,0.00351142697,0.001719031134,0.001852276735,0.004977202509,0.002656041179
133,0.018179629,0.0001678020199,0.004571958445,0.004690134898,0.1333792657,0.108353585,0.02557921968,0.01955021359,0.00303827785,0,0.005026008934,0.0109002674,0.006683413405,0.002380952472,0.002380952239,0.005265354179,0.006022203714,0.002380952472,0.002380952472,0,0,0.003450750606,0,0,0.002380952472,0,0,0,0,0.002380952239,0,0,0,0,0,0,0,0,0,0,0,0,0,0.002380952472,0.002380952472,0,0,0.002380952472,0.00690858718,0.0001228011242,0.007320057135,0.00214220304,0,0,0,0,0,0.001294534188,8.791331493e-05,0,0,0.0007404838107,0.003532329109,0.002525398973,0,0.001191440737,0,0,0.0007272705552,0.0002852238249,0.002380952239,0,0.001476787613,0.002380952472,0.003850250272,0.003014362184,0,0,0,0.002906002337,0,0.003570047673,0.002380952472,0,0.0004734888789,0.00320330821,0,0,0.002380952472,0,0,0.00266640773,0.004958068021,0.06214921549,0.03850695118,0.0668155849,0.01732197404,0.02519989759,0.04006241634,0.0001899894414,0.007063876837,0.009081756696,0.0001759931329,0.0004545138218,0.0005789230345,0.0002573823149,0.000301470136,0.001250230009,0.0006695624324,0.0007898010081,0.001500329119,9.284583939e-06,0.003986841068,0.0006263518007,0.000443047873,0.0006782601704,0.0001074157626,0.01753085293,0.0004863895301,0.0002599523868,0.001027864171,0,0.0005978240515,0.01611746103,0.7236878276,0.005279230885,0.0002564916795,0.0003015383845,0.001989650307,0.004821914714,0.1197995171,0.0001332776155,0,4.811537292e-05,0.01152141672,0.0006934232661,0.004808764905,0.00239344174,0.001423774054,0.0005743611837,0.0007880263729,0.0100155985,0.006220170762
134,0.002247184981,0.0006279561785,0.0009954902343,0.0008562276489,0.0350625664,0.05259536207,0.01848211884,0.002460683696,0.0004463439691,0.0002432312176,0.001218934078,0.003421044676,0.001122576534,0.002050468931,0.004295046907,0.002251015278,0.0008287474047,0.0002454870264,0,9.506760398e-05,0.0002849391603,0,0,0,0,5.474698628e-05,0,0,0,0,0.0004624146677,0,0,0,0,0,0,0,0,0,0,0,0,0.001381573151,0.002931794152,0,0.0008422970423,0,0.0003828984336,0,0.0001809529786,0.0004193428904,0.0003220548097,0,0,0,0,9.881359438e-05,0.0003749266325,0,0.0006019032444,0.0003232909366,0.0005219246959,0.0008638713043,0,0,0,0.0002236846049,0.000610809424,0.0006686818087,5.961607167e-05,0.003675129265,0.001274927636,4.652352072e-05,0.0001057416303,0.001769431517,0,0.0007502706721,0,0.0005669546081,0,0.0006292180624,5.905331636e-05,0.0004036917235,0,5.75696904e-05,0,0,0.001223152038,0.0001620909024,0.0001194547804,0.0008515522932,0.0005839148071,0.01202061772,0.01329960488,0.02577370964,0.009936860763,0.01837362722,0.01517620683,8.812132e-05,0.0007617538213,0.002031880664,0.0006410233327,0.0003276220814,0.0005486194859,0.000243335322,3.96065916e-05,0.0001285627077,0.0003536043514,0.0001524557883,3.623311568e-05,1.160832835e-05,0.0002916220983,8.093009819e-05,0.0004929673742,6.400114944e-05,0.0001551410387,0.008555325679,0.0004931039875,0.0002795615001,0.001079617068,0.0005338253104,0.0002213678235,0.008086443879,0.6528705955,0.006838968955,1.491210696e-05,0.0005273454008,0.0003149747499,0.001890704152,0.1981049627,0.0006170022534,4.811537292e-05,0,0.01075705606,0.00114088261,0.001884000958,0.002023069421,0.0002387107961,0.0001499693899,0.0001036993781,0.001948076417,0.00131646439
135,0.002802276053,5.216632781e-05,0.0002852340695,0.0009453163366,0.03443909436,0.1407645047,0.0004098356585,0.009878329001,0.0007763607427,0.0001904176752,0.001745621441,0.007386403158,0.00570502691,0.005517983809,0.002530253958,0.004903061315,0,0,0.001036919537,0.002380952472,0.002722044243,0,0,0,0.0004343503388,0.002380952472,0,0,0,0,0,0,0,0,0,0.002380952472,0,0,0,0,0,0,0,0.003464580514,0,0,0.002885429189,0.0007778984727,0.005048196763,0.002448277548,0.004506314173,0.002345456975,0,0,0,0,0.002380952472,0.004761904944,0.007031148765,0,0,0.003356601344,0.003231435781,0.006476558279,0,0,0,0.001368548721,0.0004812644038,0,0.0009187860996,0,0.002823034069,0,0.00160403375,8.485598664e-05,0,0,0.0009578646859,0.002985501662,0,0.00375672942,0,0.000136560775,0.0008341570501,0.00232522632,0,0,3.954331078e-06,0,0,0.001319127507,0.003171639517,0.02578748763,0.006150097586,0.007402289193,0.007027189247,0.00636329921,0.006643072236,0.008850553073,0.01073409524,0.01024579257,0.01194363832,0.0009154261788,0.001197193167,0.007453056984,0.0003771776392,0.0001479863131,0.0137016587,0.002972646151,0.007106636185,0,0.002369857626,0.003963159397,0.002588234376,0.000944184023,0.006695379969,0.009828930721,1.052757216e-05,2.0159001e-05,6.559932081e-05,0.0001453320874,0.0003468705108,4.277326298e-05,0.7888391614,0.07177084684,0.003965688869,0.000341096078,0.003913446795,0.002929783892,0.5331696868,0.01623314247,0.01152141672,0.01075705606,0,1.632439125e-05,0.0001362284238,5.203545516e-05,3.058631046e-05,0.00182590948,0.0002670517424,0.005827835295,0.0005590076908
136,0.0001791860559,2.164997113e-06,2.429836059e-05,4.662686479e-05,0.03490568325,0.07858570665,0.000172004613,0.00105814659,0.000225138705,0,2.827405842e-05,0,0.001560742036,0.007142857648,0,0,9.781165136e-05,0,0,0,0,0,0,0,0.0008806623518,0,0,0,0,0,0,0,0,0,0,0,0,0,0,0,0,0,0,0,0,0,0,0,0,0,0.0009621942881,0.0006058163708,0,0,0,0,0,0,0,0,0,0.0005692251143,0.0003475535486,0.0003506552021,0,0,0,0,0,0,0,0,0,0,0.002380952472,0,0,0,0,0.0004902707879,0,0.001640910399,0,0.001795342308,0,0.0008186917403,0,0,0,1.284244263e-06,0,0,0.00110324251,0.01596213691,0.01212248951,0.01463425625,0.00765467668,0.009212226607,0.009516843595,0.002593642799,0.005077521317,0.004702985287,0.000313930359,6.564570504e-05,4.744711259e-05,0.000223344221,2.392054193e-05,1.777822945e-06,0.001953611616,3.218240818e-05,0.001139807515,0,0.0004856720334,0.0002641847823,7.477575309e-06,3.562131678e-05,0.0002569847566,0.00371245807,1.309464096e-06,3.477641144e-07,0,4.917125261e-05,2.679815907e-06,7.208941042e-06,0.7627446055,0.01162978262,0.0001860872726,9.59415047e-07,0.001279760036,0.0004634440411,0.243059352,0.00140075956,0.0006934232661,0.00114088261,1.632439125e-05,0,0,5.886490726e-06,2.931175686e-06,1.684926428e-05,0,0.0008016402717,5.509059702e-05
137,0.0002403011022,0,1.582290497e-05,0.0002331444848,0.007189123891,0.0491255112,1.281499408e-06,0.0008259748574,0,0,0,0,0,0,0,0,0,0,0,0,0,0,0,0,0,0,0,0,0,0,0,0,0,0,0,0,0,0,0,0,0,0,0,0,0,0,0,0,0,0,0,0,0,0,0,0,0,0,0,0,0,0,0,0,0,0,0,0,0,0,0,0,0,0,0,0,0,0,0,0,0,0,0,0,0,0,0,0,0,0,0,0,0,0.001118268119,0.002273075748,0.004032108933,0.003158167936,0.002957671182,0.0002977074473,0.002790486906,0.002109863097,0.0007458230248,0.004479939584,0,0.0006909915828,0,0,0,0.007694152649,0,0.0002383505926,0,0,0,0.0005051226472,0,0.001282140147,0.009837609716,0.0005184746697,0,0,0,0,2.698162234e-06,0.4979041517,0.04322784767,0,0,8.179606084e-05,0,0.4626478553,0.002112297574,0.004808764905,0.001884000958,0.0001362284238,0,0,2.69136649e-06,1.788006472e-07,0.0005036161747,0.0009575154982,2.67117025e-06,0
138,0.0001655399828,2.914639254e-06,1.806150613e-05,7.462281064e-05,0.01100380346,0.04388881847,0,0.0008138754056,7.57897069e-05,0,1.963053182e-05,1.508526293e-05,0.0002467668382,0.0008913665079,0.0002682111517,0.0002518999099,0,0,0,0,0,0,0,0,0,0,0,0,0,0,0,0,0,0,0,0,0,0,0,0,0,0,0,0,0,0,0,0,0,0,0,0,0,0,0,0,0,0,0,0.0006454825052,0,0,0,0.001619412331,0,0,0,0,0,0,0,2.64121627e-06,0,0,0,0,0,0,0,0.002027725102,0,0.001007102546,0,0,0,0,0,0,0,0,0,0,0.0005445065326,0.006319633685,0.002536718966,0.002638909267,0.002150486223,0.001658921828,0.002092064824,0.002933366457,0.003822254715,0.002017079387,0.004161936697,0.0004926720867,0.001985661453,0.001215265831,0,8.540247654e-05,0.003790391842,0,0.001006944804,0,0,0.0009727346478,0.0001708415512,0,0.001272477326,0.006888579112,2.841458991e-05,0,0,9.39816091e-05,8.579521091e-05,6.570113328e-06,0.7940719724,0.04035695642,0.001063113217,3.020117447e-06,0.002353964373,8.541935676e-05,0.4633723795,0.006662139669,0.00239344174,0.002023069421,5.203545516e-05,5.886490726e-06,2.69136649e-06,0,2.141303952e-07,1.553938455e-05,4.60193769e-06,0.0002969606721,9.906212654e-05
139,1.114000497e-05,3.924161547e-07,9.334442439e-06,6.670067251e-06,0.004579572473,0.02885439247,0,8.874107152e-05,0,0,0,5.775736099e-06,0,0,0,0,0,0,0,0,0,0,0,0,0,0,0,0,0,0,0,0,0,0,0,0,0,0,0,0,0,0,0,0,0,0,0,0,0,0,0,0,0,0,0,0,0,0,0,0,0,0,0,0.0001733218523,0,0,0,0,0,0,0,0,0,0,0,0,0,0,0,8.737538883e-05,0,0,0,0,0,0,0,0,0,0,0,0,0,0.001049713697,0.009445285425,0.007006453816,0.003824207233,0.0024095017,0.0002038448292,0.002028960269,0.006339102983,0.00184308656,0.0005838357611,0,0,0,0,5.625131053e-06,0.001877445146,0.0001607919985,0.00057375693,0,7.080730938e-06,0,6.97164478e-06,0,0.0003528282978,0.0006520912284,0,0,0,0,0,9.718188267e-06,0.4757349193,0.01076546777,0,3.127071068e-06,2.29207526e-05,0,0.2396727651,0.00351142697,0.001423774054,0.0002387107961,3.058631046e-05,2.931175686e-06,1.788006472e-07,2.141303952e-07,0,0,0,0,0
140,0.0003383756557,1.074543093e-06,6.849751662e-05,9.250618314e-05,0.03874119371,0.06527782977,0.005570402835,0.001183402492,0,0,3.841019861e-05,8.71871307e-05,0.001033089007,0.002380952472,0,0.0004997642245,9.767965093e-05,0,0.0004117804347,0,0,0,0,0,0,0.0003044753394,0,0,0,0,0,0,0,0,0,0,0,0,0,0,0,0,0,0,0,0,0,0,0,0,0,0,0,0,0,0,0,0,0,0,0,0,0,5.642414544e-05,0,0,0,0,0,0,0,0,0,0,0,0,0,0,0,0.0004357765429,0,0,0,0,0,0,0,0,0,0,0,0.00037224486,0.0007197589148,0.02175858058,0.01985916309,0.02416090854,0.01207303815,0.01818674058,0.01799274981,0.0007621208206,0.004863663111,0.001691694721,0.0008111234056,0.0001262025035,0.0001344543271,1.302057535e-05,2.050881221e-06,1.627143138e-05,0.0004126676067,7.712708612e-05,0.0001544731058,0,0.000285090151,1.241861901e-05,3.07189589e-06,0,0.0002375909389,0.004533416126,3.332458846e-06,0,0,0,0,0.007675201166,0.6198491454,0.00778276287,1.547577631e-05,1.144174917e-06,0.002000892535,0.001125307404,0.2489916086,0.001719031134,0.0005743611837,0.0001499693899,0.00182590948,1.684926428e-05,0.0005036161747,1.553938455e-05,0,0,2.714720608e-07,0.001581110875,0.001932639512
141,2.069124275e-05,9.98383166e-06,9.130936633e-06,0,0.01226030663,0.01296072081,0,9.115280409e-05,0,0,0,5.695860818e-05,0,0,0.0009462122107,0,0,0,0,0,0,0,0,0,0,0,0,0,0,0,0,0,0,0,0,0,0,0,0,0,0,0,0,0,0,0,0,0,0,0,0,0,0,0,0,0,0,0,0,0,0,0,0,0,0,0,0,0,0,0,0,0,0,0,0,0,0,0,0,0.0001767721842,0,0,0,0,0,0,0,0,0,0,0,0,0,0.01489733346,0.005734527949,0.01350736711,0.004538684618,0.001927680103,0.001395734493,0.0006403411389,0.0009418661939,0.002643128857,0.0003533522831,0,0,0.0001371910912,0,0,0.0003016181872,0.0005051828921,0,0,0,0,0,0,0.0002230727114,0.0007328070351,0,0,0,0,0,0.002380952472,0.6268923283,0.008289319463,0,0,0,0,0.2188848555,0.001852276735,0.0007880263729,0.0001036993781,0.0002670517424,0,0.0009575154982,4.60193769e-06,0,2.714720608e-07,0,0,0
142,0.0007384336204,3.449634823e-05,0.0002013404737,0.0001316361158,0.001527395798,0.04792308435,0.0001525417902,0.001262621838,4.45294354e-05,0,0.0001110650483,0,5.940641859e-05,0,0,0.0003935070708,0,0,0,0,0,0,0,0,0,0,0,0,0,0,0,0,0,0,0,0,0,0,0,0,0,0,0,0,0,0,0,0,0,0,0,0.0002268358076,0,0,0,0,0,0,0,0,0,0,7.41378899e-05,0.0001710120996,0,0,0,0,4.560845628e-05,0,0,0,0,0,0,0,0,0,0,1.417244403e-05,0,1.616883674e-05,0,0,0,0,0,0,0,0,0,7.500031643e-05,5.154728569e-05,9.124480857e-05,0.0009381358395,0.0002621473977,0.0002883490524,0.0001988316944,6.086397661e-06,0.0005988700432,5.399078145e-05,1.199260441e-05,0.0003771729243,0.0004296641564,0.00371229765,0.01011098456,0.003327761311,7.848860696e-05,0.002046882873,0.005664336495,4.656440069e-05,0,0.0001285904436,2.998304444e-05,0.0007470038836,0.0004255931417,0.004002957605,0.006229608785,0.0001424638322,0,1.418475563e-06,0,0,0.0003402042785,0.1909095645,0.03328526765,0.0009689316503,0.0008587449556,2.615309086e-06,3.348249493e-06,0.2570979595,0.004977202509,0.0100155985,0.001948076417,0.005827835295,0.0008016402717,2.67117025e-06,0.0002969606721,0,0.001581110875,0,0,1.495585934e-06
143,0.0003919020528,0.0001030711501,0.0003943360352,0.0003321422846,0.002034551231,0.02927230112,2.570143442e-05,0.0005733372527,4.036366136e-06,5.000436795e-05,8.494015674e-06,0.0002731796994,1.19906681e-05,0.00121817179,0,0,0,0,0,0,0,0,0,0,0,0,0,0,0,0,0,0,0,0,0,0,0,0,0,0,0,0,0,0,0,0,0,0,0,0,0,0,0,0,0,0,0,0,0,0,0,0,3.960280083e-06,4.357203579e-06,0,0,0,0,3.17706108e-05,0,0,0,0,0,0,0,0,0,0,0,0,1.021802473e-05,0,6.741834659e-05,2.731879795e-05,0,0,0,0,0,0,5.053543282e-05,5.312071153e-06,0.0002496032102,0.00554560544,0.002253987826,0.006228030194,0.002128931461,0.0002097612014,0.003111925675,0.0005775569589,5.357284317e-05,0.0003047565697,8.454755152e-05,0.0005229266244,0.0008078682004,0,0,0.003110331716,0.0006659333012,5.028516171e-05,0,2.612713388e-06,9.006356413e-05,0.001486455789,0.0001095982079,0.001716208411,0.004769233521,8.231245738e-05,0,0,0,4.382191946e-06,4.878335312e-05,0.364489764,0.02970141359,0.0002331230644,0.0004978949437,2.069130915e-06,2.471419123e-07,0.2607132494,0.002656041179,0.006220170762,0.00131646439,0.0005590076908,5.509059702e-05,0,9.906212654e-05,0,0.001932639512,0,1.495585934e-06,0
