ROI_ID,1,2,3,4,5,6,7,8,9,10,11,12,13,14,15,16,17,18,19,20,21,22,23,24,25,26,27,28,29,30,31,32,33,34,35,36,37,38,39,40,41,42,43,44,45,46,47,48,49,50,51,52,53,54,55,56,57,58,59,60,61,62,63,64,65,66,67,68,69,70,71,72,73,74,75,76,77,78,79,80,81,82,83,84,85,86,87,88,89,90,91,92,93,94,95,96,97,98,99,100,101,102,103,104,105,106,107,108,109,110,111,112,113,114,115,116,117,118,119,120,121,122,123,124,125,126,127,128,129,130,131,132,133,134,135,136,137,138,139,140,141,142,143
1,0,4.384495469e-07,0,5.163004971e-06,7.662756616e-07,0,0,1.403983788e-06,0.001013201894,0.0004913874436,0.001741833985,0.0003582962963,0.04048848897,0.04416720569,0.0003543367784,0.00170794758,2.635635065e-05,0.0002290032426,0.000542546215,0.0001499533246,0.000175876994,0.0001837721793,0.0001778298029,9.464842151e-06,2.910131843e-05,0.0002358507336,0.002255622298,0.005248529371,0.008782902732,0.004619353451,0.003302814905,0.00376050733,0.003885200713,0.001475030789,0.0008725569933,0.001365743112,0.0006288550794,0,0.0004151444009,0,0.0001166069851,7.991362509e-05,0,0.3402862251,0.001517160097,0.00233870768,0.002565161791,0.0007354344707,0.0006553208805,0.001752951532,0.0006292774342,0.002339500934,0,1.372457791e-05,0,0,0.003018956166,0.002367119072,0.001009974047,0.003322844859,0.0001977654756,0.0004245780874,0.0005078254617,0.0004308143107,0,0.0003149597323,0.0005241343752,0.0009946628707,0.001213826356,0.0002100017009,0,0,0.6375465989,4.450415508e-05,0.0011432803,0,0,0,1.208334197e-05,0.0001214492368,0,9.686475096e-05,0.0007335115224,0.02216267586,0.3914862275,0.001075235661,0.001098068315,0,0,0,1.024783069e-05,0.0002518708934,5.627046903e-06,0,0,0,0,0,1.064166463e-05,0,8.080638509e-06,0,4.129758963e-06,0,0,0,0,4.312168755e-07,0,0,2.2405452e-06,0,2.725683544e-06,2.608065415e-06,0,0,0,9.426852557e-06,0,0,0,1.683687151e-05,0,0,0,0,0,0,4.698862176e-05,0,1.993464366e-06,0,0,1.247388127e-06,0,0,0,0,0,0,0,0,6.466226478e-05
2,4.384495469e-07,0,0,0,0,0,0,0,0.002095488599,0.0002179748262,0.001696593477,0.0005526989116,0.0195543617,0.0259187445,0,0.004831790924,0,0.0001349247177,0,0,1.263297145e-05,0,0,0,0,0,0.0005746198003,0.0001554326009,0.0007686166791,0.0009953700937,4.347455251e-05,0.0005209987285,0,0,0.0001316176349,0,0,0,0,0,0,0,0,0.1218877137,0.007751313504,0.008990591392,0.01733290963,0.003559368663,0.004092334304,0.01450407784,0.01210834458,0.001171689015,0,0.0007392713451,0,0,0.001057736692,0.008105479181,0.001547591761,0.004276340827,0,0.001786805922,0.009926230647,0.002470406238,4.92685358e-05,7.650682528e-05,0.002380952472,0.003443832742,0.0003901133314,0.0004503546515,0,4.579973847e-06,0.4368751943,0,0.002678926336,0,0,0,0.0003968403325,0.0002530677884,0,0.002489016857,0.0007123145624,0.02314469405,0.3225276768,0.001693309285,0,0,0,0,0,0.002359986771,0.0004383907944,0,0,0,0,0.0005041650729,0,0,0,0,0,0,0,0,0,8.691990274e-07,0,0,4.116076525e-05,5.441654503e-05,8.77704806e-05,0,0,0,0,2.168196625e-05,0,0,0,0,0,0,0,0,0.000974953,0,0.0003527057706,0,0,0,0.0003231079318,0,0,0,0,0,0,0,0,0,0
3,0,0,0,2.881345608e-06,1.69867817e-05,0,0,0,0.0008433256298,0.0001867215469,0.0007184579736,0.0002116612595,0.02260980196,0.008593508042,0.0004374465207,0.00224091881,0.0002440432581,0.0006398723926,0.0004983455874,0.0009978727903,0.0003949462553,0.0003215931356,0.0004378129379,0.0006075538113,0,0.0007787636132,0.008168291301,0.006554457825,0.008919662796,0.006553674117,0.006820918061,0.003344295546,0.007402217016,0.009829453193,0.003091034247,0.005781892687,0.001723980997,0.000320303021,0.001294390531,0.0001960938826,0,0,0,0.2141296118,0.008163866587,0.003416558262,0.00385339302,0.00167944259,0.0003372586216,0.001022343407,0.000868681178,0.003565803403,0.0001385033393,0,3.537339944e-05,0.0008739604382,0.0006248014979,0.001700222609,0.0002479299437,0.002720347373,0,1.36816916e-05,0.0003725384595,0.0001605976722,9.305916319e-05,2.801328446e-05,0.000862323679,0.0002368869755,0.0009371279157,0,0,0.0001204658547,0.6712026,7.092290616e-05,0.0004478014016,1.946896191e-05,0,0,4.529641501e-06,6.199457857e-05,0,5.05230928e-05,0.008055558428,0.03124374337,0.4469328225,0.003872254165,0.00120170461,0,0,0,0,0.000207534089,0,0,0,0,0,0,2.131298061e-05,0,0,0,1.582709592e-05,0,0,0,0,0,0,0,3.333056611e-06,0,1.260755471e-05,0,0,3.098692218e-07,0,5.45318062e-06,0,0,0,0,3.046349661e-07,0,0,0,0,0,7.858534445e-06,0,0,0,0,0,0,0,0,0,0,0,0,0,1.756445818e-05
4,5.163004971e-06,0,2.881345608e-06,0,2.467064587e-05,0,0,1.399713256e-06,0.007586272433,0.003639555769,0.01124291494,0.0007649746258,0.02167413943,0.03285879642,0.001049556537,0.00655965507,1.414613143e-05,9.141842384e-06,6.098571976e-05,1.309865911e-05,8.103132859e-05,2.474573012e-05,0,0,0,1.769440678e-05,0.0002229208185,0.0001365447097,0.0001792839466,0.0001617384405,0.0001502270898,0.0001192470081,0.0002242508635,0,0.000114936076,0.0001935231267,9.147740639e-05,0,0,0,0.0002342980442,0,0,0.1688301861,0.03072162531,0.02680333704,0.0496372655,0.03147760406,0.01706322469,0.04986497015,0.04376275465,0.01551847532,0.002416422358,0,0.001396006439,0.0001750901283,0.008235514164,0.02620511688,0.005820895545,0.0263221655,0,0.008727671579,0.0205865521,0.01228613872,0.0003895971167,0.0001741131564,0.003080100752,0.01436213125,0.00313547207,0.001033299137,3.558503886e-05,0.001917914953,0.6186895967,0.007117940579,0.02913118899,9.186576062e-05,0,0,0.0006177420728,0.00185557385,0,0.008338950574,0.005115031265,0.04356093332,0.3930191994,0.007472433615,0.003202678636,0,0,0,5.810981747e-05,0.007589797489,0.002153613139,0,0,0,0.0002125652391,0,0,0,0,9.842745931e-05,6.072111137e-05,1.410219738e-05,0,0,0,6.923489764e-06,0,0,6.844913878e-05,0,0.000250543002,8.64721369e-05,0,5.724123184e-07,0.0001586971921,0,0,0,0,0.0001062746232,2.196059086e-06,0,1.764886974e-06,0,7.46118094e-05,0,0.0004126399872,0.0001359787129,0,0,0,0,0,0,0,0,0,0,0,0.0004697782861,0.0004491402069
5,7.662756616e-07,0,1.69867817e-05,2.467064587e-05,0,0,0,1.596673087e-06,0.001591605018,0.004642716143,0.0005990139907,0.001402263646,0.05032595247,0.06802322716,0,0.001693889149,0.000967190892,0.0004250386846,0.004663156345,0.0007939809002,0.0007060091011,0.001065436751,0,0.0003487035283,0,0.0004414782161,0.01758575439,0.0110720573,0.01889271662,0.01429825649,0.02230859548,0.01573376358,0.004712038208,0.007142857648,0.006493716035,0.01180186775,0.0111162262,0,0,0.0006408502231,0,0,0,0.4018458128,0.001385936746,0.001842569094,0.0001351879182,0.0003523798659,0.0001612384513,7.691374776e-05,5.090167542e-05,0.001877655508,0.0002245981741,0.004761904944,0,0,0.002822359558,0.000646517612,0.002975778421,0.00218607951,0,0,0.0004655892844,9.486768977e-05,0,0.001194224344,0.0009965387871,0,0.001713302219,0.0007515525795,0.001027487917,0.001214448479,0.7788803577,0.000148623134,0.001782664447,0,0,0,0,0.0003173143195,0,0.0001072795494,0.0001988263539,0.0291139856,0.4314213395,0.001898907707,0.001226632739,0,0.001375301392,0,0,1.755828816e-05,0.0001695091778,0,0,0,0,0,3.493250233e-06,0,0,0,0,0,0,0,0,0,0,0,0,0,2.84469661e-05,0,0,0,9.65216459e-05,0,0,0,0,0,0,0,3.559996173e-07,0,0,0,0,8.819983486e-05,0,0,0,0,0,0,0,0,0,0,0,0,5.019228774e-05
6,0,0,0,0,0,0,0,6.307158401e-06,0.00186127075,0,0.0002574294922,0.0001436448802,0.02475092188,0.007467336953,0,0.0001226277236,0,0,0,0,0.0005723697832,0.001188611146,0,0,0,0,0.005544515327,0.002736540977,0.00789628271,0.01308769919,0.007813686505,0.003159200074,0.005201522727,0.007564219646,0.002879143925,0.005448868033,0.002380952472,0,0,0,0,0,0,0.09800552577,0.004053490236,0.008346752264,0.001256671851,0.00113400945,0.002883689478,0.00152919523,0.0006095904973,0,0,0,0,0,0,0,0.002380952472,0.001574505004,0,0,0.0003390237689,0.0009296314092,0,0,0.004761904944,0.003432507627,0.001843162463,0,0,0,0.6444798112,0,0,0.006238965318,0,0,0.004761904944,0,0,0,0.006394174881,0.04470947012,0.3769933581,0.004618298262,0.003340998199,0,0,0.001259337296,0,0.002607458737,0,0,0,0,0,0,0,0,0,0,0,0,0,0,0,0.0001643905271,0,0,0,0,0,0,0,0,0,0,0,0,0,0,0,0,0,0,0,0,0,0,0,0,0,0,0,0,0,0,0,0,0,0,0
7,0,0,0,0,0,0,0,0,0.003581549507,0,0.0002571268415,0,0.02144615166,0.003818873083,4.721416644e-06,0.0003178504994,0,0,0,0,0,0,0,0,0,0,0.003731538774,0,0,0.002380952472,0,0,0,0,0,0,0,0,0,0,0,0,0,0.05795710161,0.003517772537,0.006328550167,0.001726656803,0.004761904944,0,0.001593793044,0.003138402011,0.0009171176935,0,0.002380952472,0,0,0,0,0,0.00602366589,0,0,0,0,0.00310266437,0,0.002380952472,0,0.001196769765,0,0,0,0.5791748762,0.0008180861478,0,0,0,0,0.001385390642,0,0,0,0.0006074334378,0.04119733721,0.3106775284,0,0.0001200875704,0,0,0,0.001135243336,0,0,0,0,0,0,0,0,0,0,0,0,0,0,0,0,0,0,0,0,0,0,0,0,0,0,0,0,0,0,0,0,0,0,0,0,0,0,0,0,0,0,0,0,0,0,0,0,0,0,0,0
8,1.403983788e-06,0,0,1.399713256e-06,1.596673087e-06,6.307158401e-06,0,0,0.003525558626,0.003657455556,0.005773483776,0.001304325066,0.01686362922,0.01206892263,8.061553672e-05,0.001703391434,1.438399431e-05,3.64476582e-05,3.997075692e-05,7.047237159e-05,5.617288843e-05,4.612164048e-05,6.523320189e-05,2.579556531e-05,2.737620207e-06,6.38403726e-05,0.0007836869918,0.0009048213833,0.0008859996451,0.001069177175,0.000826068921,0.0005963394651,0.0007344995975,0.001059235889,0.0001706915646,0.0002584627073,0.0001219148107,0,9.308319568e-05,1.313233588e-05,6.768989988e-05,0,0,0.2148627639,0.01388566196,0.01068554912,0.01424264628,0.01000874769,0.002180761192,0.01130408514,0.004943291191,0.004184990656,0.002639011713,0.002610981464,0.003772203811,0.002513767453,0.01023580041,0.01819285937,0.007568899542,0.01204243023,0.0005730443518,0.002541439608,0.00418501813,0.002510588616,0.002475625603,0.0008948445902,0.002380952472,0.003962635063,0.004685694352,0.00118980126,0.0002293919388,0.0008587709744,0.6849336624,0.00105801411,0.01063123252,5.909630636e-05,0.0003439272114,0.0006015742547,0.0001503308304,0.0009242644883,0,0.001027986757,0.006312171929,0.04765571281,0.4607268274,0.004709924106,0.007977815345,0.00089972961,0,0,5.221707397e-05,0.001356310444,0.0003635162138,2.833086182e-05,0,0,4.77347794e-06,0,0,2.186293932e-05,1.993584738e-05,2.487201709e-05,6.493612455e-05,0,0,0,2.282665946e-06,7.000628102e-06,4.576830543e-05,0,2.851530371e-05,0,0.0001268642663,2.862881774e-05,0,3.469017429e-06,3.484777699e-05,0,0,0,0,0,0,0,0,0,1.000700468e-05,0,0.0002141876466,0,0,0,0,1.949497573e-06,0,0,0,0,0,0,0,0.000107090571,0.0006563851493
9,0.001013201894,0.002095488599,0.0008433256298,0.007586272433,0.001591605018,0.00186127075,0.003581549507,0.003525558626,0,4.663493019e-05,0.0008500266704,0.0008766813553,0.007724903058,0.01429397427,0.0005515656667,0.0006639704225,0.006750224158,0.02624678425,0.02869230509,0.02775133587,0.02271514758,0.02297671884,0.02412747964,0.02077870816,0.006558482535,0.01791146025,0.01591186039,0.05511220545,0.09113179147,0.05501267686,0.02702238038,0.0347876288,0.04228132963,0.02181548253,0.009623574093,0.0203416422,0.02077541687,0.01377088018,0.01580660604,0.003419095185,0.006882604677,0.00365808676,0,0.2569256127,0.005418707151,0.008243080229,0.001339315437,0.002471002284,0.002703948179,0.001682617934,0.001059923088,0.01737625897,0.001188853872,0.0002056615485,0.0001662033901,0.0001600242831,0.000215221793,0.0003888766514,0.0001988852018,0.002993275644,0.0003483695036,0.0003321070399,0.0008197620627,0.0003646173573,0.0001804524363,0.0001012115317,0.008906914853,0.0009320918471,0.004918652121,0.0001757862628,5.546415923e-05,0.005774832331,0.8426164985,0.001633119653,0.0009610585403,0.0001534713811,0.0001766543137,3.669200669e-05,0.0001958560606,0.0004869216937,3.54326512e-05,0.0007090807776,0.005630594213,0.1024532989,0.7230542302,0.0206780564,0.002777736401,0.0001132353354,0.0002286180097,2.627713184e-05,6.303814735e-05,0.001912889653,0.0004772052052,0.005398349836,0.00111812423,0.0007352429093,0.0002336230682,0.0003775717341,0.0002329663839,0.001663825358,0.001000051969,0.0003674547479,0.00023895911,0.0005210934323,0.0002743387304,0.0002443697012,0.002798488131,0.0005438215449,0.0005734458682,0.000116500727,0.00040492689,0,0.0003514666751,0.0004459781339,0.0002459366515,0.0006008959026,4.331102537e-05,0.0002521840797,4.161052857e-05,0.0001533313916,4.616265142e-05,0.0001610766922,0.0001599858952,0.0001967548742,0.002140260069,0.0001685805619,0.0004130780289,9.66331063e-05,0.0002963291481,0.0002740579948,0.00019955881,5.674826753e-05,0.0004612472258,0.0003139385663,0,0.0004238471447,3.376572204e-05,5.593278911e-05,0.0001069182545,0.0001735033584,8.844449621e-05,0.0002626889909,0.0003414668026
10,0.0004913874436,0.0002179748262,0.0001867215469,0.003639555769,0.004642716143,0,0,0.003657455556,4.663493019e-05,0,3.781588021e-05,5.761024295e-05,0.002877349732,0.00762732327,0,0.0005940479459,0.004559704568,0.0101374574,0.01031957194,0.009397118352,0.0101374425,0.01313746721,0.01278668549,0.01679675467,0.00656781625,0.01035385672,0.01697382703,0.03157714382,0.04866503552,0.03898598626,0.02549234964,0.02746589668,0.02674629167,0.02073466778,0.0103647951,0.01741304062,0.01750164106,0.008698605932,0.00853555277,0.004484649748,0.01268174686,0.00864583347,0.002380952472,0.19818905,0.01180404145,0.003208807204,0.009742580354,0.01302077621,0.00349132577,0.008617598563,0.01374202128,0.004782885779,4.437305688e-05,4.814262138e-05,3.536721852e-05,5.349573257e-05,0.0001681500289,0.001752753742,0.0002091323113,0.001490706229,8.105728193e-05,0.0004528812424,0.002833668143,0.001328922343,2.160630174e-06,2.501047129e-05,0.0016022044,0.0003251992166,0.000270021701,0.0003085758071,1.677764521e-05,1.195986715e-05,0.6214723587,0.0001898396295,0.001999285538,2.080644208e-07,4.983186955e-06,0,1.796186189e-05,0.0001592007902,0,0.002205137862,0.00260891323,0.02522886544,0.6157671213,0.004457380623,1.932416126e-05,1.36739834e-06,2.134946271e-06,3.93022674e-06,8.830950719e-06,0.000787306577,0.0004045112873,0.000557520194,0,0,0,0.001393656363,0.0006340704276,0.001991367899,0.0006350681651,0.001511364942,0.0006896051345,0,0,0,0.0008130897186,0.0003217580961,0,0.0004563545808,0.003005787497,0.0005585228209,0.001400076551,0.0005488239694,0.0001308725186,2.365342152e-05,0,0.0004832611012,0,0,0,0.0001351063838,6.578634202e-05,0,0.003756497055,0,0.001205451204,0,0.001736366423,0,0,0,0,0.002161043696,0,0,0,0,1.307215098e-05,2.343370397e-05,0,0,0.0006100911414
11,0.001741833985,0.001696593477,0.0007184579736,0.01124291494,0.0005990139907,0.0002574294922,0.0002571268415,0.005773483776,0.0008500266704,3.781588021e-05,0,0.0003028366773,0.03463496268,0.01515833568,2.648158988e-05,0.0020856997,0.05301472545,0.08922986686,0.09968101978,0.09292775393,0.09685494006,0.09742341936,0.07411198318,0.06718019396,0.05688011646,0.08839681,0.1212337688,0.2155053765,0.2710947096,0.2518723309,0.1953443736,0.1835140288,0.1954315603,0.1398375034,0.1022079065,0.1365034431,0.1294379383,0.04111023247,0.03750301898,0.037696179,0.0320456028,0.03162010387,0,0.176419571,0.003488410031,0.003581027268,0.001031128573,0.001734867808,0.002333257347,0.001089457073,0.0006739457021,0.002703174949,3.956896035e-05,8.160198377e-06,7.761705638e-05,3.873569585e-05,5.625930862e-05,9.477787535e-05,0.0001251961221,0.001253561117,8.708553651e-05,8.363946836e-05,0.0004418369499,0.0001914443274,0.0001120888992,3.873424794e-05,0.001659753267,0.0002123128506,0.0009411622887,0.00012428849,3.53061987e-05,4.797199654e-05,0.7543921471,0.0003797446552,0.0005122785224,2.284976654e-05,6.352951459e-05,1.729953328e-05,0.0001559317898,0.0003671716549,2.459115422e-05,0.0004037357285,0.002066742396,0.05560483783,0.6373512745,0.006970528979,0.0001465239766,1.629356666e-05,1.516276552e-05,1.379923742e-05,3.401395225e-05,0.0006046760245,0.0004902096116,0.003542009275,4.49460822e-05,0.0003484501212,0.000363007508,0.0002087473549,0.000897304446,5.854582923e-05,0.0002784085809,0.0003813278163,6.810749619e-05,0,0.0008057763916,0,0.001952898107,0.0006909515359,2.718231372e-05,0.0002780763025,0.0003832630173,0,0.0002813037718,0.0002905073634,0.001207267866,0.000356551318,5.399847942e-05,0.0001904879755,0.0003039910225,6.524032415e-06,2.088368637e-05,4.479015479e-05,4.557511056e-05,2.741240496e-05,0.0006698861835,0.0002710835251,0.0002233575651,2.345351641e-05,0.0002742528741,0.0002913959906,5.270447218e-05,0.002013164572,0,0.0001834246214,0.0003200256906,0.0001301662996,1.013671135e-05,1.699778659e-05,4.448107575e-05,0.000190793231,0.0002428395092,0.0004355497076,0.0002623650653
12,0.0003582962963,0.0005526989116,0.0002116612595,0.0007649746258,0.001402263646,0.0001436448802,0,0.001304325066,0.0008766813553,5.761024295e-05,0.0003028366773,0,0.006504984573,0.006809145212,3.779731196e-05,0.0005837088684,0.002101398539,0.002711240202,0.002145197708,0.002226197626,0.002214405686,0.002764353761,0.003369153012,0.002874126425,0.001076035085,0.003555562347,0.007616391405,0.01067498792,0.01502178982,0.01279762387,0.008106114343,0.008588376455,0.008389866911,0.0085128434,0.00469194632,0.006748468615,0.006648490205,0.002330805641,0.002045464236,0.002261352027,0.002182416618,0.0009177224129,0,0.1770128161,0.01119794231,0.004961992148,0.009820500389,0.009685612284,0.009792028926,0.005157807376,0.006440448575,0.002001209185,0.000423023419,7.420896054e-06,3.103041308e-05,2.215431959e-05,0.0001761299209,0.001003406243,0.000418945041,0.002389146481,0.0001851104607,0.0008510013577,0.00212690304,0.001448474475,3.025775004e-05,5.166025221e-05,0.001648246311,0.0003745708673,0.001281796372,0.0004832097329,2.089950067e-05,0.001029344276,0.6550520658,0.0005800182116,0.001011981629,9.703940123e-06,2.767022306e-05,3.681131057e-05,0.0001319174044,0.001274821232,2.94482852e-05,0.00234051561,0.001616342342,0.036381796,0.5353505015,0.00497585116,0.0006392389769,2.586741903e-05,6.055213089e-05,9.807461538e-06,3.464643669e-06,0.003924008459,0.001486492925,0.0008160376456,0,0.001257624128,0.0004602088593,0.00301418337,0.000695598952,0.002917788224,0.002367967274,0.0003737212683,0.0001512911113,0.000864882255,0,0.0004549407749,0.0004627880407,0.0002037357481,0.0005656394642,0.0006363705616,0.001966689248,0,0.001250834554,0.001022971235,3.715689309e-05,0.0001846897649,0.0008393155294,0.0006012513768,0,0,0,0.0002607291972,3.122788985e-05,0,0.000740592659,0.0003551341651,0.0001498502679,0,0.001107730321,0.0002426556748,0.0003285177809,0,0,0.001417455031,0,4.857945532e-05,0,0,2.278368993e-05,8.982255531e-05,0.000177232534,0.000696680625,0.0009383483557
13,0.04048848897,0.0195543617,0.02260980196,0.02167413943,0.05032595247,0.02475092188,0.02144615166,0.01686362922,0.007724903058,0.002877349732,0.03463496268,0.006504984573,0,0.1807200313,0.04843600467,0.00447072275,0.0214962475,0.04012177885,0.04604919255,0.04244508594,0.04165631533,0.03091218881,0.02986384369,0.03205269575,0.04186353087,0.04914716631,0.1359904706,0.122486189,0.1666813344,0.1472585648,0.116827026,0.1014028937,0.08704473823,0.0605189763,0.0659153983,0.07921914756,0.05638873577,0.01440561656,0.0142857153,0.01878811792,0.002380952472,0.01488941535,0.002380952472,0.6636781693,0.09780634195,0.1586876512,0.04915030673,0.05735475197,0.1327315122,0.08452218771,0.09546571225,0.1996421516,0.05104461685,0.01921121404,0.01956452057,0.02000103705,0.003816807643,0.008946217597,0.002935303841,0.109158285,0.02537446655,0.02178683132,0.05992558599,0.01753643155,0.04263682291,0.00641076453,0.1055754349,0.05848078802,0.09113343805,0.05657391623,0.05600594729,0.03614638001,0.8843755126,0.06381789595,0.0464604795,0.03468603641,0.06349721551,0.0450337939,0.05768926442,0.1801875234,0.2452527285,0.166855216,0.08624312282,0.1781953722,0.8299127817,0.1309535056,0.04220642895,0.04318397865,0.2002237886,0.07225791365,0.02587064356,0.301710695,0.2521632016,0.04861338064,0.04633704945,0.05479728431,0.04269391671,0.05132375658,0.05092364922,0.04089512676,0.0489115417,0.05680876598,0.01765109599,0.01103430893,0.0137447631,0.008887757547,0.01798724197,0.02468041331,0.03069770336,0.01724488288,0.01965633407,0.004337317776,0.01704852469,0.02237207443,0.01549062878,0.01489209011,0.01228593104,0.01864669658,0.008382776752,0.01664145105,0.03597687557,0.0388565436,0.01756715029,0.01160156634,0.03677814826,0.02471230179,0.01050319057,0.03255159035,0.027447192,0.04106524214,0.01417591888,0.01452069078,0.005807495676,0.01807952486,0.01250409987,0.01353549398,0.02911612019,0.02864875272,0.04010817781,0.03344330564,0.02723408304,0.0513160266,0.01566705666
14,0.04416720569,0.0259187445,0.008593508042,0.03285879642,0.06802322716,0.007467336953,0.003818873083,0.01206892263,0.01429397427,0.00762732327,0.01515833568,0.006809145212,0.1807200313,0,0.006030939985,0.004932012409,0.1472163796,0.131568253,0.1922196299,0.1982733309,0.2084108293,0.1586916149,0.06320333481,0.02991441451,0.08027961105,0.1370210648,0.2224829644,0.3062881827,0.3686172664,0.3930601776,0.3421580195,0.337449193,0.2595695853,0.1729159355,0.2046340853,0.2047627419,0.1266496032,0.01350635383,0.02284393646,0.02381605469,0.03303232044,0.02919881418,0,0.518234551,0.08119541407,0.137424171,0.03165856376,0.05324275792,0.1546303779,0.04640791938,0.03788674995,0.1501234919,0.030313069,0.04285546392,0.05482013524,0.07331534475,0.03110866249,0.01962032169,0.02637684345,0.08678530157,0.03774572536,0.02544968762,0.03203326464,0.01902073435,0.1033247635,0.04770251364,0.1279792637,0.09595109522,0.229057759,0.01364056114,0.05243214965,0.08334863186,0.9708496928,0.100881815,0.05997953191,0.05391312018,0.08258616179,0.04765383154,0.1047053263,0.06664027274,0.1174263284,0.0625135228,0.1252214611,0.2714933157,0.8956712484,0.1559955627,0.1563005596,0.06790165603,0.05839257687,0.05576404929,0.04741207138,0.2634684443,0.1438375562,0.06038318574,0.02256444655,0.01796994358,0.02094140649,0.03069695458,0.06629705429,0.0102687031,0.03300151601,0.0571176745,0.01224096213,0,0.004761904944,0.002380952472,0.0142857153,0.02149770223,0.02149691805,0,0.02393312007,0.004761904944,0.01882689819,0.02183615416,0.002380952472,0.02265808173,0.008528986014,0.008740062825,0.002380952472,0.004761904944,0.005831601564,0.009498745203,0.02773935534,0.003711991245,0.01230312232,0.009835272096,0.006392832845,0,0.02318271995,0.01867598109,0.01495785918,0.002051226096,0.002380952472,0.01440708339,0.003617500886,0.004761904944,0.008489171043,0.00327773625,0.02371808328,0.01592587493,0.01020197757,0.02646027878,0.01409685891
15,0.0003543367784,0,0.0004374465207,0.001049556537,0,0,4.721416644e-06,8.061553672e-05,0.0005515656667,0,2.648158988e-05,3.779731196e-05,0.04843600467,0.006030939985,0,7.964207907e-05,0,0,0,0,0.001323924982,0.004278306384,0,0,0,0,0.0004345777561,0.004761904944,0.01750486717,0.009570386261,0.005136936437,0.008427046239,0.002380952472,0,0,0.003238359932,0,0,0,0,0,0,0,0.1859868467,0.02162049897,0.03274198994,0.02372521907,0.008208497427,0.008436284959,0.01168975327,0.006569519173,0.02704011463,0,0,0.008448394015,0.002380952472,0.0003125276999,0,0.002486040816,0.02113720588,0.002380952472,0.002380952472,0.01669905335,0.003698250977,0.00628654426,0.0007534521865,0.01738929376,0.007142857648,0.01584593207,0,0.0004163830308,6.027672043e-06,0.8051005602,0.009246394038,0.01706035621,2.204722477e-05,0.0004114439944,0,0.006143264938,0,0,0.004270029254,0.01252926607,0.1208838746,0.7508392334,0.01910071634,0.0001423131616,0.002894169884,0,0.000457223272,0.00572537072,0.004946163855,0.0007708222256,0,0,0,0,0.002380952472,0.001535656396,0,0.002380952472,0,0,0,0,0,0,0,0,0,0.001275073271,0,0,0,0,0,0,0,0,0,0,0,0,0,3.367039244e-05,0,0,0,0.001700989436,0,0,0,0,0.003234579461,0,0,0,0,0,0,0,0,0.0002939137921
16,0.00170794758,0.004831790924,0.00224091881,0.00655965507,0.001693889149,0.0001226277236,0.0003178504994,0.001703391434,0.0006639704225,0.0005940479459,0.0020856997,0.0005837088684,0.00447072275,0.004932012409,7.964207907e-05,0,0.007009378169,0.02618159913,0.02743832394,0.02394910716,0.01874620281,0.02107701078,0.02524392679,0.0195704177,0.004442035686,0.01662407629,0.02308751829,0.07610819489,0.109887816,0.07208052278,0.03627626225,0.0470216535,0.05519027635,0.03256046027,0.01115547586,0.02506074496,0.02187551185,0.01796541922,0.01130172797,0.004486602265,0.008599187247,0.003790680086,0.001141906832,0.2203785926,0.006870422512,0.008740665391,0.00226385612,0.003690537997,0.005629989319,0.002618119586,0.00259027537,0.01683886722,0.002042329637,0.001460843603,0.0007277153782,0.00143377448,0.001777747879,0.003789921291,0.002368388698,0.00425739307,0.001798849669,0.00385429454,0.003515564604,0.004010518081,0.00122252584,0.0006557701854,0.010670566,0.00317169982,0.009634301998,0.003270866349,0.0003739644308,0.004750400316,0.8580376506,0.004387629684,0.003102280898,0.0005427442957,0.0009322842234,0.0001688702032,0.001232148497,0.004130815621,0.0002686928492,0.003322107252,0.009928592481,0.1096228957,0.7116814256,0.02391618676,0.006574355066,0.0004760142183,0.0004926433321,0.0002627171052,0.0002789984574,0.006334225181,0.003153788624,0.006750778761,0.0007335891714,0,0.0009234143654,0.0009226927068,0.0004189246683,0.00191189209,0.001530780923,0.0019127829,0.00380926393,0.004135712516,0.0004138051881,0.0006833437947,0.005263156258,0.00319215632,0.001927692094,0.000380107027,0.002041488653,0.004517664667,0.002395486925,0.002799923997,0.001094236621,0.002093199641,0.001750163967,0.003078767331,0.002380952472,6.921992463e-05,0.0001674952364,0.002242617309,0.0005409296136,4.08727783e-06,0.002944711596,2.826104537e-05,0.0009513213299,0.000467089063,0.002269664546,0.002762536285,0.001714626327,0.0009491225937,0,0.004066595808,0.001373185194,0.001044509117,0,0.0006244415417,0.001034286921,0.001337180496,0.002381688217,0.001985044451,0.0019891595
17,2.635635065e-05,0,0.0002440432581,1.414613143e-05,0.000967190892,0,0,1.438399431e-05,0.006750224158,0.004559704568,0.05301472545,0.002101398539,0.0214962475,0.1472163796,0,0.007009378169,0,0,0,0,1.062130991e-06,0,0,0,0,0,1.035335754e-05,2.086659151e-05,5.211415191e-05,5.029817839e-05,1.81414398e-05,5.419536683e-05,2.790798862e-05,0,1.920838622e-05,2.720055272e-05,0,0,0,0,0,0,0,0.188201189,0.06959193945,0.07061862946,0.1596840024,0.07675674558,0.04198129848,0.1263610125,0.1288990229,0.02220264636,0.02304059267,0.006297447719,0.007841317914,0.00653037196,0.0293719992,0.07874415815,0.03721168265,0.07373353839,0.01553638931,0.02863699198,0.09583637118,0.06567380577,0.002883860376,0.004291238729,0.007790028583,0.02843582258,0.01885392703,0.0109281633,0.00256963307,0.004761904944,0.3430499136,0.02562581562,0.06674519926,0,0,0.0006376627134,0.003249465954,0.02936853841,0.0008702803752,0.03130470216,0.01758865267,0.04352417588,0.2097835243,0.0175377652,0.007142857648,0,0,0,0.0009497241117,0.02064758539,0.01254677027,0.0002205658966,0.0001253945811,0,0,0.0002782330848,0,0,0.0003250994196,0.0002844060655,0.002138061216,0,0.0001022621873,0,2.043859786e-05,0.0001734777325,0.001191150164,0.001706457231,0.002630931325,0,0.003467811504,0.001329731429,0,3.732228652e-05,0.0001568439329,0.005001630168,0,0,0,0.003140366171,0,0,0,0.004880614113,0.0003745924041,0,0.003563210368,0.002780155279,0.000597520615,0.001559533877,0,0.0006389836781,0,0,0,0,0,0,0,0.002706008498,0.005803740583
18,0.0002290032426,0.0001349247177,0.0006398723926,9.141842384e-06,0.0004250386846,0,0,3.64476582e-05,0.02624678425,0.0101374574,0.08922986686,0.002711240202,0.04012177885,0.131568253,0,0.02618159913,0,0,0,0,0,0,0,0,0,0,3.545193613e-05,2.092002978e-05,0,1.647399927e-06,1.119471199e-05,3.528607704e-05,3.472239041e-05,0,0,0,0,0,0,0,0,0,0,0.1379013062,0.0477383621,0.05785606056,0.1139852777,0.06511161476,0.03537225351,0.1290206611,0.1362409145,0.02927994542,0.01190476213,0.005047309678,0.006049685646,0.01259702351,0.03810091317,0.09834314138,0.05847070739,0.06791637093,0.01019505132,0.0417018272,0.1282604933,0.1103985757,0.001336074783,0.009630978107,0.005500299856,0.03099899925,0.02417344227,0.01347560622,0.004127566703,0.002380952472,0.2152538449,0.01717213541,0.07629407197,0.001367104123,0.001329305698,0,0.007693363819,0.02070278674,0.0005346615799,0.06385844946,0.03095238283,0.04030164331,0.1290173233,0.01220887899,0.002380952472,0.00118177454,0,0,0.003038519062,0.02930789627,0.01137772296,0.0001935378677,0.001027084771,0,0.003897741437,0.001596027869,0.004761904944,0.0009370155749,0.0008337194449,0.002407759894,0.005511285271,0,0,0.000305394613,4.058935519e-05,0.0007117980276,0,0,0.003101173788,0,0.01142333262,0.002824476222,0.001143479371,7.75778899e-05,0.003398365807,0.00292305788,0,0,0,0.005224382039,0.0009407100151,0,0,0,0.003316180548,0,0.01537045464,0.007562384475,0.003115967382,0.004761904944,0,0.001305271639,0,0,0,0,0,0,0,0,0.0127372779
19,0.000542546215,0,0.0004983455874,6.098571976e-05,0.004663156345,0,0,3.997075692e-05,0.02869230509,0.01031957194,0.09968101978,0.002145197708,0.04604919255,0.1922196299,0,0.02743832394,0,0,0,0,0,0,0,0,0,0,0.0001183711211,6.697522167e-06,4.090314633e-06,1.641944255e-05,1.299497762e-05,1.367997629e-05,0,0,1.679671004e-05,5.077888545e-06,1.354247979e-05,0,0,0,0,0,0,0.176152125,0.09495679289,0.06287602335,0.1226431727,0.08556497097,0.04662230611,0.163844943,0.1593654752,0.0492510125,0.007737953216,0.01278268639,0.01464371383,0.006276661064,0.03961821273,0.1059957966,0.05900823697,0.09732150286,0.02700809203,0.05177557096,0.140622437,0.1038039625,0.002310246928,0.006845778786,0.01247995067,0.04276346043,0.027636813,0.02158333547,0.004233793821,0.004188708495,0.2664429247,0.03007532097,0.08502411842,0.0004368240479,0,0.001934471657,0.007423624396,0.04294111207,0,0.08382199705,0.01734889112,0.04199933633,0.1194665506,0.01660884358,0.009523809887,0.000225556636,0,0.0002496758243,0.001506009139,0.03636831418,0.02855912782,0.001951427199,0,0.0009152868879,0,0,0.002380952472,0.0005565346801,0.001047428814,0.003717891872,0.003192464821,0.002380952472,0.001184767927,0.003204053966,8.536563109e-05,0.0003359483671,0.00102192536,0.0009112820262,0.002624560846,0,0.01272743568,0.001955247018,0,0.0001745473419,0.001857868512,0.006711568218,0,0,0,0.008425903507,0,0,0,0.002380952472,0.00594603084,0,0.008677249774,0.002380952472,0.002593664918,0,0,0.0006694899057,0,0,0,0,0,0.002668237314,0,0.002461394528,0.01080883015
20,0.0001499533246,0,0.0009978727903,1.309865911e-05,0.0007939809002,0,0,7.047237159e-05,0.02775133587,0.009397118352,0.09292775393,0.002226197626,0.04244508594,0.1982733309,0,0.02394910716,0,0,0,0,0,0,0,0,0,9.539377288e-07,4.470923159e-05,1.414305643e-05,7.09461392e-06,9.565935216e-06,1.388411329e-05,8.339620763e-06,0,7.279343117e-05,7.036993793e-06,4.349311894e-06,0,0,0,3.201326035e-05,0,0,0,0.2164821774,0.1096090749,0.1421696991,0.2184157073,0.1051302478,0.06909871846,0.2026278079,0.2049391121,0.05590600148,0.02178867348,0.01048838347,0.018178951,0.01118917484,0.03783329204,0.1063367575,0.05769048259,0.141904816,0.01685240492,0.05392805487,0.156201452,0.117617555,0.005639954004,0.008534723893,0.02291723154,0.06508272141,0.05648630857,0.03095681965,0.003118133638,0.007142857648,0.3409355283,0.04010678455,0.122882627,0.002380952472,0.001429146039,0,0.00359464041,0.0606584698,0.0006893399986,0.1034058928,0.04619729519,0.05732539669,0.211612165,0.03203468397,0.004278975539,0.001973536331,0,0.0006334938225,0.003414313076,0.07030697912,0.03120997921,0,0.0008445173153,0,0.0005333435256,0.0003018696152,0.001162076136,0,0.0003315300855,0.00557996612,0.006925114896,0.004279400222,0,0.002454926725,0,0.0004410757392,0.002208066871,0,0.005885291379,0,0.01474249084,0.00274712313,0,0.0005959031405,0.001694712089,0.001478955965,0,0,0.0002106519969,0.009071448818,0.0006599568878,0,0.0006598758046,0.006376871839,0.004674851894,0.001385438489,0.007471130695,0.004925006535,0.002380952472,0.002380952239,0.001040320378,0.002099245088,0,0,0,0,0,0,0,0.005598575808,0.03826297447
21,0.000175876994,1.263297145e-05,0.0003949462553,8.103132859e-05,0.0007060091011,0.0005723697832,0,5.617288843e-05,0.02271514758,0.0101374425,0.09685494006,0.002214405686,0.04165631533,0.2084108293,0.001323924982,0.01874620281,1.062130991e-06,0,0,0,0,7.443240406e-07,0,0,1.719075499e-06,2.759237304e-06,6.276195199e-05,0,1.264294497e-05,7.704114978e-06,3.631522986e-06,6.878772183e-06,7.874762559e-06,2.866109207e-05,0,2.198338734e-05,0,0,0,0,0,0,0,0.2078946084,0.128290087,0.09088990092,0.2000202835,0.1093049496,0.07752068341,0.1748650521,0.2141291052,0.04401066899,0.008739894256,0.01280452032,0.01720803604,0.0109914951,0.04342040792,0.1270661056,0.05448875204,0.120256573,0.0245502796,0.04667899758,0.1517131925,0.113791436,0.004744995851,0.007288992871,0.0122880917,0.04087536409,0.0451002866,0.03218092024,0.003638875438,0.007142857648,0.3396427929,0.03221497312,0.1114111543,0,0.001242279541,0.003988541663,0.005038937088,0.03830797598,0.0003306669532,0.08607845753,0.0304903239,0.05587923899,0.1821145862,0.01695874706,0.001732383971,0.0007681578863,0.0008305810625,0.0007509727147,0.002271044068,0.04206880927,0.0318611525,0.0001310630178,0,0,0,0.001795220771,0,0.001307733357,0.001245989581,0.001772718504,0.01231306512,0.0007371432148,0.0005827710265,0.0006042628083,9.79588367e-05,0.0008574115927,0.001033481909,0,0.005061508156,0.001005587983,0.01563498378,0.002909397939,0.001777958241,4.999622251e-05,0.00274025742,0.004889215808,0.002380952472,0,0,0.005981254391,0.0002058335085,0,0.0001696276013,0.0009393041255,0.001574843191,0,0.009662684053,0.0186045114,0.001360464375,0,0,0.0007641385309,0,0.000407060259,0,0,0,0,0,0.003872010857,0.02767629363
22,0.0001837721793,0,0.0003215931356,2.474573012e-05,0.001065436751,0.001188611146,0,4.612164048e-05,0.02297671884,0.01313746721,0.09742341936,0.002764353761,0.03091218881,0.1586916149,0.004278306384,0.02107701078,0,0,0,0,7.443240406e-07,0,0,0,0,0,5.298489486e-05,0,0,1.509555295e-05,0,0,0,0,0,3.680576629e-05,0,0,0,0,0,0,0,0.1641341746,0.05433890596,0.051604826,0.1246023849,0.04985746741,0.04530609772,0.1275759339,0.1647343338,0.03144091368,0.01666666754,0.01168311667,0.01110269036,0.006332450546,0.03814301267,0.1068964675,0.06704353541,0.08897975087,0.01319097169,0.05555313826,0.1604367644,0.09190044552,0.004601133522,0.009383312427,0.01190476213,0.01898447238,0.03344026208,0.01881425641,0.002827932825,0,0.2538120449,0.02398530766,0.08663958311,0.001191321062,0,0,0.004165985622,0.03651369736,0,0.075170964,0.01106787194,0.02649767883,0.1121717468,0.02034827322,0.003389581572,0,0,0.0002523377771,0.000547471398,0.04532641545,0.01749989763,0,0,0,0.0006358736428,0.002380952472,0,0.002721170662,0.000774710672,0.00513526611,0.0167930387,0.001060049632,0,0,9.597740427e-05,0.0005120715359,0,0,0.006756026298,0,0.01290198229,0.004215619992,0,0.0004596629879,0.00181677565,0.006638331339,0,0,0,0.006446844898,0.0008993237861,0,5.923668141e-05,0.004761904944,0.006883414462,0,0.02356235869,0.007839456201,0.002380952472,0.002380952472,0,0.003823628416,0,0,0,0,0.0001202812928,0,0,0.007015761454,0.01722365618
23,0.0001778298029,0,0.0004378129379,0,0,0,0,6.523320189e-05,0.02412747964,0.01278668549,0.07411198318,0.003369153012,0.02986384369,0.06320333481,0,0.02524392679,0,0,0,0,0,0,0,0,0,0,0.0001067583653,0,0,4.620411346e-05,0,0,0,0,0,0,0,0,0,0,0,0,0,0.1136178821,0.03284130991,0.04557348043,0.09810305387,0.03070586361,0.0265505258,0.08051087707,0.110874936,0.01211761124,0.006232704036,0.002380952239,0.006266616285,0.004761904944,0.0420252122,0.09439088404,0.07304772735,0.04280998185,0.002380952472,0.0249811504,0.07051777095,0.09387433529,0.004750370514,0.01170396619,0.002380952472,0.01904761977,0.01904761977,0.00782501325,0.0008455571951,0,0.1117179096,0.01219467353,0.05289087817,0.002380952472,0,0,0.002191278618,0.02285354398,0,0.06501081586,0.004761904944,0.02289989032,0.08287623525,0.007142857648,0.002380952472,0,0,0,0.000758768816,0.01190476213,0.02476986311,0,0,0,0,0,0,0.002380952472,0,0.002049758798,0,0,0,0,0,0.0006989199901,0,0,0.004093677737,0,0.01494636014,0.001626961515,0,0.0002784631506,0.001864070306,0.004761904944,0,0,0,0.004761904944,0.0004407671804,0,0,0.002380952472,0,0,0.01343734842,0.002380952472,0,0,0,0,0,0,0,0,0,0,0.002380952239,0,0.009523809887
24,9.464842151e-06,0,0.0006075538113,0,0.0003487035283,0,0,2.579556531e-05,0.02077870816,0.01679675467,0.06718019396,0.002874126425,0.03205269575,0.02991441451,0,0.0195704177,0,0,0,0,0,0,0,0,0,0,0,0,0,1.29123946e-05,0,0,0,0,2.945704182e-05,0,0,0,0,0,0,0,0,0.0739216432,0.02276091464,0.007428690791,0.03678056225,0.02380952425,0.01190476213,0.03549952805,0.04873052239,0.005707267206,0.002380952239,0,0.001077745808,0.002380952472,0.03922867402,0.06504396349,0.05165981129,0.02864346094,0.002380952472,0.02030743659,0.05041895062,0.09184077382,0,0.005209996365,0.002380952472,0.008273007348,0.003330448177,0.005890130997,0.004120934289,0.002380952472,0.06276843697,0.002380952472,0.03711802885,0,0,0,0,0.007995797321,0,0.05346950889,0.004761904944,0.01190476213,0.03226090595,0.002380952472,0.002380952472,0,0,0,0,0.002380952239,0,0,0,0.002380952472,0,0,0,0,0,0.0008679196471,0.002380952472,0,0,0,0.000186553254,0.0001807761873,0,0,0.0008129448979,0,0.006949896924,0.003227680689,0,0.0006380720879,0,0,0,0,0,0.007142857648,0,0,0,0.002380952472,0,0,0.0004027927062,0.004125853069,0,0.002380952472,0,0.002380952472,0,0,0,0,0,0,0,0,0.002380952472
25,2.910131843e-05,0,0,0,0,0,0,2.737620207e-06,0.006558482535,0.00656781625,0.05688011646,0.001076035085,0.04186353087,0.08027961105,0,0.004442035686,0,0,0,0,1.719075499e-06,0,0,0,0,0,3.09066636e-05,0,5.883100675e-05,7.194586487e-06,3.680588861e-06,0,0,0,3.377138637e-05,6.897697858e-06,0,0,0,0,0,0,0,0.1000239179,0.03598805889,0.04370876774,0.06782708317,0.02307163924,0.01034940779,0.08144471794,0.07865580171,0.01299763937,0,0.002380952472,0.006269100588,0,0.02790939435,0.0858156383,0.03853872046,0.03389154375,0,0.02062387951,0.09471954405,0.06348174065,0,0.004288051743,0.002380952472,0.02126489393,0.01275727898,0.01189190149,0.001333979191,0,0.1424869895,0.01151307486,0.043331258,0,0.0007569560548,0,0.001098825829,0.0167042464,0.001220995793,0.03204703331,0.0008442281396,0.01082396135,0.05128929764,0.003800366074,0,0.0008642589673,0,0,0,0.0142857153,0.006019176915,0,0,0,0,0,0,0,0.00284600351,0,0.004761904944,0,0.0008627814241,0,0,7.80075643e-05,0,0,0.00195055455,0,0.01359635126,0.00379032013,0,0,0.001712156343,0.0005815177574,0,0,0,0,0.0001762210741,0,0.001348183025,0.001287038322,0,0,0.005226199981,0.002380952472,0.00214176788,0.001089935773,0,0,0,0.000541251502,0,0,0,0,0,0.0005230854731,0.0125456145
26,0.0002358507336,0,0.0007787636132,1.769440678e-05,0.0004414782161,0,0,6.38403726e-05,0.01791146025,0.01035385672,0.08839681,0.003555562347,0.04914716631,0.1370210648,0,0.01662407629,0,0,0,9.539377288e-07,2.759237304e-06,0,0,0,0,0,6.691843737e-05,1.916963811e-05,3.670536171e-05,1.736879494e-05,0,2.672397932e-05,0,1.544300358e-05,0,0,0,0,0,0,0,0,0,0.1640499383,0.06175933033,0.05874303356,0.1300447881,0.05840825662,0.04337247089,0.1192193851,0.1536067277,0.03513636068,0.008994929492,0.008518305607,0.01494878531,0.007616937626,0.04083709419,0.1034753621,0.05517201871,0.0715148747,0.01167180482,0.0187962912,0.1306807995,0.09460873902,0.004761904478,0.006568046287,0.007142857648,0.02815173566,0.03796097264,0.01635592803,0.00159685174,0.004761904944,0.2634265125,0.01310654916,0.05614826828,0.002380952472,0.001005397178,0,0.002172787208,0.03133115917,0.000243862698,0.05908823386,0.013207376,0.04394018278,0.1134235337,0.00564729888,0.002380952472,0.002380952472,0,0.001141311484,0.003752086312,0.03535864502,0.02861508727,0.0001012615612,0,0,0,0,0.003174296813,0,0.002018003492,0.003456615377,0.008362865075,0,0,0.001547188731,0.0001580053067,0.0007068992709,0.00107562833,0,0.002703347011,0.003805342829,0.01869490743,0.003006057814,0,0,0.001457710867,0.0005961045972,0,0,0,0.005007312633,5.859484372e-05,0,0.0001847740496,0.002811433049,0.001106485375,0,0.009519578889,0.009804919362,0.004477696028,0.007242666092,0.002380952472,0.001929578721,0.002380952472,0,0,0,0,0,0,0.0118204914,0.01209068764
27,0.002255622298,0.0005746198003,0.008168291301,0.0002229208185,0.01758575439,0.005544515327,0.003731538774,0.0007836869918,0.01591186039,0.01697382703,0.1212337688,0.007616391405,0.1359904706,0.2224829644,0.0004345777561,0.02308751829,1.035335754e-05,3.545193613e-05,0.0001183711211,4.470923159e-05,6.276195199e-05,5.298489486e-05,0.0001067583653,0,3.09066636e-05,6.691843737e-05,0,9.068950931e-06,3.599255069e-05,5.636400965e-05,3.873519381e-05,3.805969027e-05,9.398953989e-05,4.198710667e-05,2.403422877e-05,5.941731069e-05,8.456429896e-06,0,0,1.412457323e-06,0,3.228551577e-06,0,0.3543752432,0.1997196823,0.1904578358,0.2154797167,0.1993366927,0.189035207,0.2185312808,0.209813863,0.16930978,0.0929255262,0.03817510232,0.04874580726,0.02788454294,0.06570326537,0.1436366886,0.08909220994,0.1936691701,0.08568305522,0.1442399621,0.2045344114,0.1674711853,0.01811652631,0.01317778043,0.07448807359,0.1046655327,0.1068515852,0.1094068363,0.007733980659,0.02851852588,0.7706807852,0.09327435493,0.1628246158,0.003754910082,0.0107591562,0.001555174706,0.01946746558,0.1444102079,0.004244810436,0.1995100528,0.1020542011,0.2001272738,0.6901097894,0.1275946647,0.03372874856,0.002362657804,0.001191619784,0.001659534755,0.005465082359,0.1535334885,0.1222696081,0.005363405682,0.02524708398,0.01106051076,0.03932357579,0.01239080913,0.04106305912,0.01873863302,0.05921415985,0.0670934841,0.08163841069,0.02606338635,0.001429115655,0.001090499107,0.003367048455,0.01265869197,0.03387321532,0.007712763734,0.07274283469,0.01073211432,0.1100208834,0.06167734042,0.003204419976,0.001116397209,0.02042803913,0.08310105652,0.003764221445,0.0008247437072,0.002171715954,0.0648502633,0.001762251137,0.003809312591,0.03351773322,0.05613795295,0.04755919799,0.000357436511,0.1310658604,0.0750227347,0.06336194277,0.02435564622,0.02045143768,0.03832674772,0.004644481465,0.0002857526124,0,0.003331269138,0.0005525499582,0.002398242708,0.000461627671,0.06624433398,0.1375540197
28,0.005248529371,0.0001554326009,0.006554457825,0.0001365447097,0.0110720573,0.002736540977,0,0.0009048213833,0.05511220545,0.03157714382,0.2155053765,0.01067498792,0.122486189,0.3062881827,0.004761904944,0.07610819489,2.086659151e-05,2.092002978e-05,6.697522167e-06,1.414305643e-05,0,0,0,0,0,1.916963811e-05,9.068950931e-06,0,1.461161787e-06,6.365801255e-06,8.583426165e-07,1.752910612e-05,1.171948315e-05,2.737963405e-05,6.648475846e-06,2.377456212e-06,0,0,0,0,0,0,0,0.2854712605,0.1829692125,0.1876081973,0.3131112754,0.1899535656,0.1598340124,0.2680086792,0.3112547994,0.1219496578,0.04340304434,0.04218427092,0.04173280299,0.04620788246,0.081235677,0.1757513732,0.1136807054,0.2307017446,0.0453773737,0.09436385334,0.2515558302,0.2115616798,0.02416222915,0.02653663792,0.04271131009,0.08170381933,0.1491285712,0.06497099251,0.01593645476,0.007142857648,0.5734840035,0.09409856796,0.2049479485,0.004255341832,0.005441613495,0.003530072281,0.02593143657,0.1182210073,0.003573541064,0.2252263427,0.06562392414,0.1412913203,0.3995328844,0.06887593865,0.01995277032,0.006127533503,0,0.003464287147,0.01037143264,0.0942563042,0.08553738147,0.000683765451,0.007142857648,0.001388347358,0.01492307149,0.007860302925,0.01029246207,0.002380952472,0.03120051883,0.02821986005,0.02773002349,0.0142857153,0.0008337148465,0.0009677891503,0.002696148353,0.01091622654,0.01529646013,0.008847774006,0.07902930677,0.004761904944,0.1160121709,0.05845733732,0.004761904944,0.001374428859,0.009716718458,0.04200140014,0,0,0.002380952472,0.02760759555,0.001737342332,0,0.008831060492,0.01360501535,0.02765424736,0.003498737235,0.1013274714,0.04566757008,0.03107461892,0.01666666754,0.009523809887,0.02533694357,0.002380952239,0,0.002380952472,0,0,0,0.0004784589692,0.03532425314,0.09018478543
29,0.008782902732,0.0007686166791,0.008919662796,0.0001792839466,0.01889271662,0.00789628271,0,0.0008859996451,0.09113179147,0.04866503552,0.2710947096,0.01502178982,0.1666813344,0.3686172664,0.01750486717,0.109887816,5.211415191e-05,0,4.090314633e-06,7.09461392e-06,1.264294497e-05,0,0,0,5.883100675e-05,3.670536171e-05,3.599255069e-05,1.461161787e-06,0,1.795810022e-06,9.145059266e-06,3.398431363e-05,3.961141192e-05,0,4.921099026e-05,6.736440992e-05,1.192445779e-06,0,0,0.000119859702,0,5.974690066e-05,0,0.3803827763,0.3354965746,0.3021310866,0.3681497872,0.3116675317,0.2292639613,0.3613888323,0.3840715885,0.200728029,0.09764423966,0.05967720971,0.06341015548,0.04675197229,0.1143541262,0.2301564217,0.1492093205,0.3212414384,0.0924121365,0.189820081,0.3272885382,0.2823289335,0.03383761644,0.03336080909,0.07512395084,0.1672128886,0.216595158,0.1384060979,0.01688167825,0.02557497099,0.6767600179,0.1472238451,0.2740891576,0.0107656084,0.01404764969,0.01366383396,0.04587611929,0.2192082256,0.01101433951,0.2924915552,0.1153388098,0.2005203068,0.5759280324,0.1111403108,0.03024058044,0.01015946455,0.001296701375,0.00450173486,0.02096575685,0.2000574619,0.1714079082,0.004569621291,0.02106648311,0.004761904944,0.02442393638,0.01053699572,0.02808132209,0.02087944187,0.05161062256,0.07757335901,0.07100699842,0.01567270793,0.007424241863,0.005027370993,0.003249742324,0.01395898219,0.03252145275,0.007201779634,0.1041463092,0.004761904944,0.151314944,0.08459880948,0.006705130916,0.002069244394,0.04664217681,0.07999902964,0.006139883306,0,0.005140275694,0.06859725714,0.002340961248,0.007142857648,0.02225401439,0.04166696221,0.0385764502,0.0004700442951,0.1421222687,0.08695065975,0.06212584302,0.02647759207,0.0142857153,0.03391386941,0.005120512098,0.002730789827,0.001596537419,0,0.002119899495,0.0002800516959,0.0007864276413,0.05699932575,0.149072051
30,0.004619353451,0.0009953700937,0.006553674117,0.0001617384405,0.01429825649,0.01308769919,0.002380952472,0.001069177175,0.05501267686,0.03898598626,0.2518723309,0.01279762387,0.1472585648,0.3930601776,0.009570386261,0.07208052278,5.029817839e-05,1.647399927e-06,1.641944255e-05,9.565935216e-06,7.704114978e-06,1.509555295e-05,4.620411346e-05,1.29123946e-05,7.194586487e-06,1.736879494e-05,5.636400965e-05,6.365801255e-06,1.795810022e-06,0,5.399843758e-06,5.725775736e-06,1.944000178e-05,6.5881708e-05,1.119521767e-05,1.713728489e-05,5.138703727e-06,0,0,1.432017689e-05,0,0,0,0.4422942996,0.3754882812,0.3172696233,0.3874075115,0.3572630286,0.319845587,0.3719784915,0.3860948682,0.221860379,0.1278920323,0.08931460232,0.0593092218,0.05535082519,0.1017212495,0.2176951468,0.138650015,0.3484335542,0.1199304089,0.2155817747,0.3258074224,0.26828444,0.04484471679,0.03094118834,0.1515235305,0.2113226056,0.2192972153,0.1504823416,0.01428748388,0.05366867036,0.7433947921,0.1764454246,0.2881928086,0.0149869537,0.01788132451,0.004740499891,0.04475494102,0.2143693715,0.00448855944,0.3038968146,0.1868604869,0.3193997741,0.6331136227,0.1676910222,0.05505204201,0.0195909217,0.005902227014,0.004152868409,0.01027884614,0.2768926919,0.2050244063,0.01378543954,0.01772281714,0.004761904944,0.03759014606,0.02673632093,0.05614985153,0.01560552977,0.06073057279,0.05965811014,0.09829342365,0.03850948066,0.009977514856,0.01881657913,0.0023486102,0.01240013354,0.03302531689,0.009669062681,0.1046541259,0.008756123483,0.1581192464,0.07800796628,0.00654811319,0.00173530227,0.05324950814,0.09530103952,0.002380952472,0,0.002043043962,0.06720189005,0.0031235239,0.008233522996,0.02727455087,0.05974841118,0.04725857824,0,0.164966628,0.08620712161,0.09140254557,0.04141416401,0.01540891547,0.03562937677,0.005228515714,0,0.002380952239,0,0.0001688430348,0.004895976279,0.0008073084173,0.06465341896,0.1923157871
31,0.003302814905,4.347455251e-05,0.006820918061,0.0001502270898,0.02230859548,0.007813686505,0,0.000826068921,0.02702238038,0.02549234964,0.1953443736,0.008106114343,0.116827026,0.3421580195,0.005136936437,0.03627626225,1.81414398e-05,1.119471199e-05,1.299497762e-05,1.388411329e-05,3.631522986e-06,0,0,0,3.680588861e-06,0,3.873519381e-05,8.583426165e-07,9.145059266e-06,5.399843758e-06,0,2.838389719e-06,5.982291441e-06,0,1.074265765e-05,1.225352025e-05,0,0,0,5.179974323e-06,0,3.877602012e-06,0,0.3832961023,0.24584122,0.2786259949,0.305321902,0.2670704722,0.2341159582,0.311832875,0.3291054964,0.1846776158,0.07718081027,0.03687813506,0.04967280477,0.04481476173,0.08162438869,0.1795881093,0.1079752371,0.2774287462,0.1122335494,0.1618231386,0.2773340642,0.2155335099,0.03696611151,0.01909453981,0.07788391411,0.1631106734,0.1687824726,0.09708227217,0.01159489155,0.03945033997,0.7174043655,0.123086527,0.2297557443,0.01275827456,0.01351150591,0.00438911235,0.03287548199,0.1843348742,0.002746242099,0.2591160238,0.123362653,0.231922999,0.5519641042,0.1247050986,0.02656664513,0.01822488196,0.001486251014,0.002440917771,0.01288263127,0.1856001318,0.1437404752,0.004939774517,0.004761904944,0.007142857648,0.01532332972,0.01933817938,0.02766247652,0.00712765241,0.05495138094,0.05567990616,0.08600893617,0.01353525277,0.003900355427,0.008502255194,0.001851845998,0.009317454882,0.03255430609,0.01138242614,0.0874543786,0.004622010048,0.1165029556,0.06797909737,0.003678984707,0.001240171841,0.03222367913,0.07375990599,0,0.0014509639,0.001660286915,0.04137580097,0.002185738413,0.009523809887,0.02911429107,0.03301612288,0.03396747261,0.00147010549,0.1448608488,0.08370875567,0.04235078022,0.01666666754,0.01284021139,0.03720011562,0.003713567276,0,0,0.0007452715072,0.0004929854767,0,0.0004771609674,0.03845168278,0.1363883615
32,0.00376050733,0.0005209987285,0.003344295546,0.0001192470081,0.01573376358,0.003159200074,0,0.0005963394651,0.0347876288,0.02746589668,0.1835140288,0.008588376455,0.1014028937,0.337449193,0.008427046239,0.0470216535,5.419536683e-05,3.528607704e-05,1.367997629e-05,8.339620763e-06,6.878772183e-06,0,0,0,0,2.672397932e-05,3.805969027e-05,1.752910612e-05,3.398431363e-05,5.725775736e-06,2.838389719e-06,0,0,7.930620427e-07,2.354924391e-06,8.89975945e-06,1.609161518e-05,0,0,0,0,0,0,0.3379606009,0.2111340165,0.224783659,0.2730022669,0.2168956995,0.1764124781,0.2875086367,0.3235156238,0.1238985732,0.08914288133,0.04437517747,0.02941454574,0.03183140233,0.07432063669,0.1787394583,0.09740051627,0.2134246379,0.06779143959,0.1181670278,0.2621275783,0.2076207399,0.02743254788,0.02210679837,0.03177254274,0.1106107384,0.1478295177,0.08451745659,0.01112100575,0.02456708997,0.649344027,0.09174127132,0.2196372896,0.005519397557,0.009824991226,0.004594635684,0.04203366488,0.1270935088,0.003767344868,0.2265379876,0.07282422483,0.1485666484,0.4208003879,0.1004440188,0.01921497658,0.01922689751,0.003786425339,0.0008214462432,0.007604648825,0.1312733442,0.1296045929,0.009821236134,0.004761904944,0,0.01709417999,0.01742559485,0.02187121473,0.002380952472,0.03092135116,0.03426022083,0.0489583388,0.002380952472,0.00859644264,0.003389796708,0.002046780428,0.009501304477,0.02144260705,0.004809775855,0.0637344718,0.01084117498,0.1086126491,0.05042010546,0.00171620422,0.0007478715852,0.02795681357,0.05280509964,0.002380952472,0,0.0006793942302,0.04098060727,0.001945337746,0,0.02022528648,0.01676745899,0.01418064628,0.0007464155206,0.1067458168,0.05414493755,0.0277747158,0.01012389734,0.002380952472,0.01976691559,0.01105724089,0.001141089131,0,0,0.0002150740183,0.00401396025,0.003104070667,0.03479712084,0.07843384147
33,0.003885200713,0,0.007402217016,0.0002242508635,0.004712038208,0.005201522727,0,0.0007344995975,0.04228132963,0.02674629167,0.1954315603,0.008389866911,0.08704473823,0.2595695853,0.002380952472,0.05519027635,2.790798862e-05,3.472239041e-05,0,0,7.874762559e-06,0,0,0,0,0,9.398953989e-05,1.171948315e-05,3.961141192e-05,1.944000178e-05,5.982291441e-06,0,0,3.451166037e-07,0,0,0,0,0,0,0,0,0,0.2786078155,0.1578720659,0.1517970711,0.26763466,0.1562858075,0.1251107603,0.2546954155,0.2500267327,0.07629570365,0.02867340483,0.01529305708,0.0268020276,0.0141968336,0.05821041018,0.1511716992,0.09761077166,0.1717730016,0.03743770719,0.09147189558,0.2248675674,0.1919765472,0.01614085399,0.02200283483,0.03030851483,0.06296461076,0.08653306961,0.06702788919,0.007250377908,0.01103745494,0.4274743497,0.05397325382,0.1730712056,0.007433340419,0.008686219342,0.002380952472,0.03163159639,0.1015726104,0.004866858944,0.1930495203,0.0427043736,0.116572395,0.2405855209,0.03002488799,0.01225302648,0.003940837458,0.002380952472,0.000639845035,0.004480471835,0.09689193219,0.07486186922,0.0008150820504,0,0.002380952239,0.002380952239,0.01309047733,0.004761904944,0.002380952239,0.01607854851,0.01947617345,0.02682767063,0.009523809887,0.00322531932,0.0004868656979,0.001094357343,0.007896039635,0.005031635985,0.007142857648,0.05218780413,0,0.09892963618,0.03619388491,0,0.0003432441445,0.007355055772,0.03487461433,0,0,0.001545144711,0.01241137367,0.0008089247276,0,0.004894299898,0.007142857648,0.02219696902,0,0.06882486492,0.03654237092,0.02712666243,0.006366336253,0.002380952472,0.01987395622,0.002380952472,0.00110397907,0,0,0.0005356170004,0,0,0.008132309653,0.07019843906
34,0.001475030789,0,0.009829453193,0,0.007142857648,0.007564219646,0,0.001059235889,0.02181548253,0.02073466778,0.1398375034,0.0085128434,0.0605189763,0.1729159355,0,0.03256046027,0,0,0,7.279343117e-05,2.866109207e-05,0,0,0,0,1.544300358e-05,4.198710667e-05,2.737963405e-05,0,6.5881708e-05,0,7.930620427e-07,3.451166037e-07,0,4.397372777e-07,0,0,0,0,0,0,0,0,0.1847321689,0.09338584542,0.08714284748,0.1492457241,0.07284214348,0.0910096243,0.1522365361,0.1748165339,0.04704679176,0.01294080727,0.0152622899,0.01617338695,0.004780920688,0.05104824901,0.1182186082,0.07623629272,0.07623332739,0.006574334111,0.0498310551,0.1747139096,0.149600774,0.01436554734,0.01104855724,0.01101619005,0.05899100378,0.0600179024,0.02615747042,0.007166302297,0,0.3426420093,0.02909860201,0.1037009805,0.002435227623,0.002380952472,0.002069302835,0.01158256549,0.06105995551,0.003771445248,0.1370849162,0.02839375287,0.04837986827,0.1629097462,0.0264185071,0.004761904944,0.001478230115,0,0.0003510717943,0.004761904944,0.03931376338,0.0423197411,0.002380952472,0.002380952472,0,0.007142857648,0.004761904944,0,0.002380952472,0.01641896181,0.009523809887,0.008867230266,0.002380952472,0.002380952472,0,0.002114101546,0.006989220623,0.004761904944,0,0.03569439799,0.002380952239,0.04025722295,0.03325362876,0,0,0.004761904944,0.009523809887,0,0,0,0.008944941685,0.000407126965,0,0.006124392152,0.002380952239,0.007142857648,0,0.02117868513,0.02298999764,0.01045218483,0,0.002380952472,0.008090390824,0,0,0,0,0.000416660565,0.002380952472,0,0.0142857153,0.0467431359
35,0.0008725569933,0.0001316176349,0.003091034247,0.000114936076,0.006493716035,0.002879143925,0,0.0001706915646,0.009623574093,0.0103647951,0.1022079065,0.00469194632,0.0659153983,0.2046340853,0,0.01115547586,1.920838622e-05,0,1.679671004e-05,7.036993793e-06,0,0,0,2.945704182e-05,3.377138637e-05,0,2.403422877e-05,6.648475846e-06,4.921099026e-05,1.119521767e-05,1.074265765e-05,2.354924391e-06,0,4.397372777e-07,0,6.571586255e-06,0,0,0,0,0,0,0,0.284111321,0.1353982687,0.1351610273,0.2101652473,0.1436164528,0.1251060218,0.1771903038,0.2201405615,0.07388340682,0.02941824682,0.02016050369,0.02931267768,0.02172193862,0.04562113062,0.1150405034,0.06672006845,0.1499310732,0.04662865773,0.0750406757,0.1667326242,0.1495058686,0.01782603934,0.007713556755,0.01943148486,0.05713472515,0.08687721938,0.03813257813,0.003567826701,0.006633764599,0.5868303776,0.04800489172,0.1291840971,0.002684713341,0.003598258831,0.001447681221,0.01089802478,0.07820357382,0.000888266135,0.1629723758,0.05714741349,0.09560500085,0.3348366618,0.04329497367,0.01321882103,0.001368741971,0,0.0001951460436,0.002823089249,0.07005003095,0.07199191302,0.004761904944,0.00277622533,0.002380952472,0,0.00450498471,0.005922504701,0.002380952472,0.008753450587,0.02938390337,0.01591516472,0.002380952472,0,0.0008062373381,0.0005346136168,0.004298186861,0.0142857153,0,0.06963361055,0.002380952472,0.06453450769,0.0321979858,0,0.0009998574387,0.01397033501,0.02329898439,0,0,0,0.03114284948,0.001509527327,0,0.0126028182,0.01666666754,0.01534144115,0,0.06513093412,0.02956559137,0.01279096864,0.006147709675,0.004761904944,0.02207441442,0.002380952472,0,0,0,0.0006932963734,0.0005148297641,0.000258132437,0.0168486312,0.05199897662
36,0.001365743112,0,0.005781892687,0.0001935231267,0.01180186775,0.005448868033,0,0.0002584627073,0.0203416422,0.01741304062,0.1365034431,0.006748468615,0.07921914756,0.2047627419,0.003238359932,0.02506074496,2.720055272e-05,0,5.077888545e-06,4.349311894e-06,2.198338734e-05,3.680576629e-05,0,0,6.897697858e-06,0,5.941731069e-05,2.377456212e-06,6.736440992e-05,1.713728489e-05,1.225352025e-05,8.89975945e-06,0,0,6.571586255e-06,0,0,0,0,5.128549674e-05,0,0,0,0.2797254324,0.1574261338,0.1421441138,0.2040185183,0.1672168374,0.1021515056,0.1985340267,0.2071702033,0.09549603611,0.04401620105,0.02817753889,0.02084682323,0.02231823653,0.04932704568,0.1121166646,0.07004316151,0.1497579813,0.02917134017,0.07144152373,0.1635879576,0.1446623653,0.0157970842,0.01424295269,0.01972927526,0.08412331343,0.1022592336,0.06259013712,0.006022220943,0.01466516405,0.6821824312,0.05892966688,0.1330126822,0.00371174491,0.005090705585,0.001244933694,0.02119657211,0.1039203331,0.003946158104,0.156233117,0.05400051177,0.1162053198,0.4365464151,0.04010176286,0.01609016396,0.006134356838,0.002380952472,0.001640916336,0.00524688419,0.11242681,0.0857726559,0.002653428353,0.002380952472,0,0.006879094988,0.004657450598,0.01269124169,0.009461836889,0.0329734683,0.01989364065,0.02449132875,0.004761904944,0.007142857648,0.005275398493,0.001308960374,0.005829595961,0.007142857648,0.001841047895,0.04569704458,0,0.08140974492,0.02777850442,0.0007119003567,0.0004975966876,0.01199810114,0.03107197024,0.002380952472,0,0,0.02256422117,0.001643761178,0,0.009523809887,0.01190476213,0.01645157114,0.0009098678711,0.07954970002,0.02844867669,0.01721710712,0.01423329767,0.009523809887,0.01950151473,0.002380952472,0.0005851945025,0,0.0004560746311,0.0001765103079,0.001767717069,0.001301142038,0.01800493151,0.06163863465
37,0.0006288550794,0,0.001723980997,9.147740639e-05,0.0111162262,0.002380952472,0,0.0001219148107,0.02077541687,0.01750164106,0.1294379383,0.006648490205,0.05638873577,0.1266496032,0,0.02187551185,0,0,1.354247979e-05,0,0,0,0,0,0,0,8.456429896e-06,0,1.192445779e-06,5.138703727e-06,0,1.609161518e-05,0,0,0,0,0,0,0,0,0,0,0,0.1301910281,0.08388659358,0.04839670658,0.1470588446,0.06614585966,0.05419117212,0.1184848621,0.1573717594,0.02678351477,0.01114620268,0.007638209034,0.005424461327,0.01025931351,0.05855640769,0.1319280416,0.08328543603,0.08076483756,0.01247841772,0.04192842543,0.1476423144,0.1449631155,0.002704794751,0.01644147001,0.01190476213,0.02743776329,0.04247293621,0.01685908437,0.01170901302,0,0.2235446423,0.02185035497,0.08818848431,0.002380952472,0.002380952472,0.002380952472,0.01233807579,0.03234206885,0,0.1112574115,0.01666666754,0.04844728857,0.09795236588,0.0142857153,0.004761904944,0.002380952472,0,0.0001232236827,0.002320790896,0.03617744148,0.01666666754,0.0006321842666,0,0,0.005327558145,0.002380952472,0,0,0.008158627898,0.00527212536,0.005614404567,0,0,0,0,0.002283597598,0.003238601377,0.002380952472,0.01427150983,0,0.03090062551,0.01536722388,0,0.002542157425,0.003388651414,0.02221038379,0,0,0,0.002380952472,0.0006902909372,0,0.002380952472,0.004761904944,0.006323689595,0,0.02572655864,0.009058674797,0.005871069152,0.002380952472,0,0.007942500524,0,0,0,0,0,0,0,0.004761904944,0.02240278758
38,0,0,0.000320303021,0,0,0,0,0,0.01377088018,0.008698605932,0.04111023247,0.002330805641,0.01440561656,0.01350635383,0,0.01796541922,0,0,0,0,0,0,0,0,0,0,0,0,0,0,0,0,0,0,0,0,0,0,0,0,0,0,0,0.01736535691,0.004761904944,0.0142857153,0.007863075472,0.003814267693,0.004761904944,0.02062083222,0.01871740632,0.004761904944,0,0,0.002380952472,0.002380952472,0.01547885593,0.03212634474,0.03856818005,0.01799073443,0,0.003770555602,0.02408128604,0.04485953972,0.001172177494,0.004863051698,0,0.003121490823,0.002380952472,0.002380952472,0.001474922639,0,0.04511620849,0,0.009523809887,0,0,0,0,0.004761547782,0,0.01947241835,0,0,0.01666666754,0.002380952472,0,0,0,0,0,0.007142857648,0.004761904944,0.002380952472,0,0,0,0,0,0,0,0,0,0,0,0,0,0,0,0,0.002933322918,0,0.004761904944,0.004761904944,0,0,0,0.002380952472,0,0,0,0,0,0,0,0,0,0,0.002380952472,0,0,0,0,0,0,0.001896143192,0,0,0,0,0,0,0
39,0.0004151444009,0,0.001294390531,0,0,0,0,9.308319568e-05,0.01580660604,0.00853555277,0.03750301898,0.002045464236,0.0142857153,0.02284393646,0,0.01130172797,0,0,0,0,0,0,0,0,0,0,0,0,0,0,0,0,0,0,0,0,0,0,0,0,0,0,0,0.0142857153,0.004000372719,0.0142857153,0.02209147625,0.004761904944,0.002380952472,0.02057160996,0.03320870921,0.004761904944,0,0,0.002380952472,0,0.01186302304,0.02490006201,0.04265587032,0.0142857153,0,0.002380952239,0.03565643355,0.02969087288,0,0,0,0.002380952472,0.002380952472,0.007142857648,0,0,0.04047619179,0,0.0142857153,0,0,0,0,0.004761904944,0,0.02243230119,0.004761904944,0.002380952472,0.02619047649,0,0,0,0,0,0,0.004761904944,0.002380952472,0,0,0,0,0,0.002380952472,0,0,0.002380952472,0,0,0,0,0,0,0,0,0.01212840807,0,0,0,0,0,0,0.002380952239,0,0,0,0,0,0,0,0,0,0,0.002380952472,0,0,0,0,0.002380952472,0,0,0,0,0,0,0,0,0.004761904944
40,0,0,0.0001960938826,0,0.0006408502231,0,0,1.313233588e-05,0.003419095185,0.004484649748,0.037696179,0.002261352027,0.01878811792,0.02381605469,0,0.004486602265,0,0,0,3.201326035e-05,0,0,0,0,0,0,1.412457323e-06,0,0.000119859702,1.432017689e-05,5.179974323e-06,0,0,0,0,5.128549674e-05,0,0,0,0,0,0,0,0.03968022391,0.0160181392,0.022877004,0.03285694495,0.01666666754,0.007142857648,0.02345096506,0.03482777253,0.004761904944,0.002380952472,0,0.002380952472,0.002380952239,0.02408040315,0.04994384944,0.04031128436,0.02030534111,0.002380952472,0.009035794996,0.03897028416,0.0477723293,0,0.0006515966379,0,0.007787790615,0.01190476213,0.004761904944,0.004768893588,0,0.09523809701,0.0009524490451,0.01190476213,0,0,0,0,0.0151599776,0,0.01046482194,0.004761904944,0.007142857648,0.05695379525,0,0,0,0,0,0,0.01298636757,0.007142857648,0,0,0,0,0,0,0,0.002380952472,0,0,0,0,0,0,0.0008721589693,0,0,0.002380952472,0,0.008337721229,0.005446441006,0,0.0003911951208,0.002380952472,0.002380952472,0,0,0,0,0,0,0.002380952239,0,0.003303388366,0,0.002380952472,0,0.002380952472,0,0,0,0,0,0,0,0,0,0,0,0.002380952472
41,0.0001166069851,0,0,0.0002342980442,0,0,0,6.768989988e-05,0.006882604677,0.01268174686,0.0320456028,0.002182416618,0.002380952472,0.03303232044,0,0.008599187247,0,0,0,0,0,0,0,0,0,0,0,0,0,0,0,0,0,0,0,0,0,0,0,0,0,0,0,0.02657184936,0.007142857648,0.02242756821,0.03008299135,0.009523809887,0.002380952472,0.007142857648,0.03686274961,0.0142857153,0,0,0.004761904944,0.002380952472,0.03176695481,0.04877363518,0.0513192825,0.01980944723,0,0.004761904944,0.05105551332,0.03918593749,0.002380952472,0.002634142758,0.002380952472,0.01011128351,0.007142857648,0.008054269478,0.001273706905,0,0.05238095298,0.001005476923,0.01342787407,0,0,0,0.001064462587,0.003580306889,0,0.02029797621,0.002380952472,0.004761904944,0.02380952425,0,0,0,0,0,0,0.0142857153,0.002380952472,0,0,0,0,0,0,0,0,0,0,0,0,0,0,0.0007773642428,0,0,0.004761904944,0,0.008801964112,0.001106822863,0,0,0,0,0,0,0,0,0.001039030845,0,0.002380952472,0,0,0,0.004761904944,0,0,0.002380952472,0,0,0,0,0,0,0,0,0,0.002380952472,0.01190476213
42,7.991362509e-05,0,0,0,0,0,0,0,0.00365808676,0.00864583347,0.03162010387,0.0009177224129,0.01488941535,0.02919881418,0,0.003790680086,0,0,0,0,0,0,0,0,0,0,3.228551577e-06,0,5.974690066e-05,0,3.877602012e-06,0,0,0,0,0,0,0,0,0,0,0,0,0.02619047649,0.004761904944,0.01666666754,0.01810929365,0.002380952472,0.004761904944,0.0142857153,0.03690174222,0.004761904944,0.002380952472,0,0,0.002380952472,0.01159390155,0.03662104532,0.03998212516,0.01190476213,0.007142857648,0.002579117427,0.0281565357,0.04709812626,0.002380952472,0.003464193316,0,0.009523809887,0.008030824363,0.002380952472,0,0,0.04218888283,0.002380952472,0.007815479301,0,0,0,0.004761904944,0.004761904944,0,0.02212179825,0,0.002380952472,0.01190476213,0.002380952472,0,0,0,0,0,0.004761904944,0,0,0,0,0,0,0,0,0,0,0,0,0,0,0,0.001896483009,0,0.001031174557,0.003745255759,0,0.004761904944,0.002380952472,0,0,0,0,0,0,0,0,0,0,0,0,0,0,0.002380952472,0,0,0,0,0.002380952472,0,0,0,0,0,0,0,0,0.002380952239
43,0,0,0,0,0,0,0,0,0,0.002380952472,0,0,0.002380952472,0,0,0.001141906832,0,0,0,0,0,0,0,0,0,0,0,0,0,0,0,0,0,0,0,0,0,0,0,0,0,0,0,0.004761904944,0,0,0.004761904944,0.002380952472,0,0.004761904944,0,0,0,0,0,0,0.002380952239,0.002380952472,0.007142857648,0.002380952472,0,0,0.004761904944,0,0,0,0,0,0,0,0.0004242830619,0,0.009523809887,0,0,0,0,0,0,0,0,0,0,0,0.002380952239,0,0,0,0,0,0,0,0,0,0,0,0,0,0,0,0,0,0,0,0,0,0,0,0,0,0,0,0,0,0,0,0,0,0,0,0,0,0,0,0,0,0,0,0,0,0,0,0,0,0,0,0,0,0,0,0,0,0
44,0.3402862251,0.1218877137,0.2141296118,0.1688301861,0.4018458128,0.09800552577,0.05795710161,0.2148627639,0.2569256127,0.19818905,0.176419571,0.1770128161,0.6636781693,0.518234551,0.1859868467,0.2203785926,0.188201189,0.1379013062,0.176152125,0.2164821774,0.2078946084,0.1641341746,0.1136178821,0.0739216432,0.1000239179,0.1640499383,0.3543752432,0.2854712605,0.3803827763,0.4422942996,0.3832961023,0.3379606009,0.2786078155,0.1847321689,0.284111321,0.2797254324,0.1301910281,0.01736535691,0.0142857153,0.03968022391,0.02657184936,0.02619047649,0.004761904944,0,0.04444115609,0.01354302373,0.08175449073,0.204128474,0.3089036942,0.04898515716,0.2412053496,0.2321960181,0.17890279,0.08876864612,0.06404569745,0.03721942753,0.1086990908,0.1501346231,0.2232921869,0.03129710257,0.08947403729,0.1288726181,0.1842471659,0.2383085042,0.05791383237,0.06990899146,0.1313748807,0.1872539818,0.1614372283,0.3527364135,0.4464681745,0.1649629325,0.7316624522,0.1290364563,0.07430589944,0.1083172485,0.07994000614,0.06526635587,0.0365697518,0.4829809964,0.4936158955,0.4261811674,0.05485841259,0.1288195848,0.7465773821,0.1588987112,0.113727808,0.1124119759,0.4801326096,0.3942126334,0.06998710334,0.4264962375,0.4682473838,0.3889523745,0.3498241007,0.3845770061,0.3209947646,0.3401708901,0.3895697296,0.2100055218,0.3099967837,0.3374090493,0.2143537998,0.06069841981,0.05725665018,0.04426351562,0.1320524365,0.2725436687,0.2495176196,0.0494020842,0.2608832121,0.04675016552,0.2958714962,0.296335727,0.07352505624,0.1429481655,0.1640535444,0.2528363764,0.04897883162,0.1147573218,0.2256101966,0.2390715778,0.1721502244,0.09671021998,0.3191197813,0.2277988195,0.1684045643,0.1508135796,0.2532278299,0.3205401003,0.245170787,0.136968106,0.06068635359,0.1910557747,0.06380243599,0.1357758641,0.1495366693,0.1630504876,0.261904031,0.1173326075,0.1329265386,0.353928566,0.2779148817
45,0.001517160097,0.007751313504,0.008163866587,0.03072162531,0.001385936746,0.004053490236,0.003517772537,0.01388566196,0.005418707151,0.01180404145,0.003488410031,0.01119794231,0.09780634195,0.08119541407,0.02162049897,0.006870422512,0.06959193945,0.0477383621,0.09495679289,0.1096090749,0.128290087,0.05433890596,0.03284130991,0.02276091464,0.03598805889,0.06175933033,0.1997196823,0.1829692125,0.3354965746,0.3754882812,0.24584122,0.2111340165,0.1578720659,0.09338584542,0.1353982687,0.1574261338,0.08388659358,0.004761904944,0.004000372719,0.0160181392,0.007142857648,0.004761904944,0,0.04444115609,0,0.0003717213694,8.422847168e-05,6.421305443e-05,0.0002872989862,0.0002638747974,0.0003263726539,0.05421401933,0.01583587751,0.01070827339,0.02201789804,0.01127349306,0.01354229636,0.01040654443,0.01428221259,0.004672841635,0.007258108351,0.004720436409,0.003073951462,0.0186033491,0.01859032363,0.01016435679,0.02295306884,0.02413634397,0.006800483447,0.004761904944,0.007939446718,0.01030736417,0.6113502383,0.03023889102,0.01229548641,0.005248508882,0.01894506626,0.008971774951,0.01379768457,0.01108880062,0.01959026232,0.003585902508,0.0234437678,0.05527237058,0.618961513,0.01715513505,0.007879184559,0.01153127477,0.003445148235,0.0124224918,0.01221151557,0.005671085324,0.0107505247,0.0002810043225,0,0.0003263948602,0,6.965664943e-05,0.0004224604345,0,0.0005071292398,0.0002184861223,0.0007039146149,0,0.004761904944,0,0.004761904944,0.008376110345,0.0006052590325,0,0.001479802071,0,0.007462308276,0.01354786009,0,0.008909202181,0.000443240162,0.002927212045,0,0,0.001379983849,0.001959884772,0.000676714466,0,0.00104710192,0.0005327048711,0.001465915819,0,0.001351334271,0.009001850151,0.0001014615918,0,0,0.001285521197,0,0,0.0007182020927,0,0.004601528868,0.002380952472,0,0.00166110578,0.002917614533
46,0.00233870768,0.008990591392,0.003416558262,0.02680333704,0.001842569094,0.008346752264,0.006328550167,0.01068554912,0.008243080229,0.003208807204,0.003581027268,0.004961992148,0.1586876512,0.137424171,0.03274198994,0.008740665391,0.07061862946,0.05785606056,0.06287602335,0.1421696991,0.09088990092,0.051604826,0.04557348043,0.007428690791,0.04370876774,0.05874303356,0.1904578358,0.1876081973,0.3021310866,0.3172696233,0.2786259949,0.224783659,0.1517970711,0.08714284748,0.1351610273,0.1421441138,0.04839670658,0.0142857153,0.0142857153,0.022877004,0.02242756821,0.01666666754,0,0.01354302373,0.0003717213694,0,0.0001871903223,0.003028817009,0.00419923896,5.634443733e-05,0.0002545323514,0.01357599255,0.002534212777,0.0004233532527,0.0004556755885,0.0006206071121,0.0013552811,0.000872012286,0.001518641249,6.406296598e-05,0.0007429695106,0.0007315807161,0.0004117366043,0.001687075943,0.0004808545636,0.0003155996965,0.002445590217,0.003256465308,0.00530828815,0.0004322397872,0.002108149463,0.01046926528,0.2662593722,0.001268889522,0.000342807034,0.002259398345,0.0009011873044,0.000222826653,0.0004470970889,0.003569174558,0.00385698257,0.001443439513,0.00054878433,0.008019411005,0.5297589898,0.006763007957,0.009607005864,0.0006803354481,0.01138148829,0.001447569695,0.0002635573037,0.009413172491,0.008501637727,0.001153725898,0.002542242175,0.00131316972,0,0.0006701241364,0.0009129713289,0,0.0005038851523,0.0001676195971,0.0004002834903,0.002380952472,0,0.0004194825306,0.001149969408,0.001946236822,0.001643856172,0,0.001603859593,0.002380952472,0.002136866329,0.001628571539,0,0.0007683997392,0.0008099887636,0.0002653871488,0,0,0.0001576979121,0.0004880398046,0.0005571306101,0,0.0008052265621,0,0,0.002380952472,0.0007048782427,9.588502871e-05,0.0001315937552,0,0,0.0004325548362,0,0,0,0,0.002868980868,0,0,0.0006778242532,0.001186595764
47,0.002565161791,0.01733290963,0.00385339302,0.0496372655,0.0001351879182,0.001256671851,0.001726656803,0.01424264628,0.001339315437,0.009742580354,0.001031128573,0.009820500389,0.04915030673,0.03165856376,0.02372521907,0.00226385612,0.1596840024,0.1139852777,0.1226431727,0.2184157073,0.2000202835,0.1246023849,0.09810305387,0.03678056225,0.06782708317,0.1300447881,0.2154797167,0.3131112754,0.3681497872,0.3874075115,0.305321902,0.2730022669,0.26763466,0.1492457241,0.2101652473,0.2040185183,0.1470588446,0.007863075472,0.02209147625,0.03285694495,0.03008299135,0.01810929365,0.004761904944,0.08175449073,8.422847168e-05,0.0001871903223,0,9.059532022e-05,0.0002921213163,4.641076521e-05,7.411926345e-05,0.02482156456,0.007675755769,0.004477039445,0.01150511485,0.013627165,0.01590879075,0.0125759393,0.01847595721,0.004949508235,0.005452222191,0.01115260553,0.002748852596,0.01278617047,0.006127257831,0.009291972965,0.01101432089,0.01699964516,0.003346408485,0.003449821146,0.01190649066,0.008252526633,0.5619665384,0.01554989722,0.01027641352,0.00336856721,0.008741961792,0.001519042067,0.01388266496,0.009126955643,0.006105069537,0.001916485955,0.01427766867,0.03197878599,0.4813664854,0.005942823831,0.00768564688,0.006652587093,0.002837903798,0.0017676485,0.006923314184,0.0007822987391,0.005988218356,0.000248384953,0.0001813327108,0,0,4.532524599e-06,9.012904047e-05,0,3.741968385e-06,1.96558085e-05,0.0005302358186,0,0,0,0.004761904944,0.01505882759,0,0.001234954107,0.0002331731521,0,0.003780049272,0.002699090401,0,0.007142857648,0.0006485845661,1.957637323e-05,0,0.002380952239,0,0.002420146717,0.006011489779,0,0,3.092690167e-05,0.0003231838928,0,0.000210909202,0.000510696671,2.854759259e-05,0,0.002380952472,0.0002642439213,0,0.00143303338,0.00120395422,0.003769916249,0.002380952472,0.003839080222,0,0.0001759531297,0.001468240283
48,0.0007354344707,0.003559368663,0.00167944259,0.03147760406,0.0003523798659,0.00113400945,0.004761904944,0.01000874769,0.002471002284,0.01302077621,0.001734867808,0.009685612284,0.05735475197,0.05324275792,0.008208497427,0.003690537997,0.07675674558,0.06511161476,0.08556497097,0.1051302478,0.1093049496,0.04985746741,0.03070586361,0.02380952425,0.02307163924,0.05840825662,0.1993366927,0.1899535656,0.3116675317,0.3572630286,0.2670704722,0.2168956995,0.1562858075,0.07284214348,0.1436164528,0.1672168374,0.06614585966,0.003814267693,0.004761904944,0.01666666754,0.009523809887,0.002380952472,0.002380952472,0.204128474,6.421305443e-05,0.003028817009,9.059532022e-05,0,2.45954925e-05,0.0004986316781,1.28519896e-05,0.0354350619,0.01789963059,0.00626910245,0.01159910299,0.00955883693,0.008386606351,0.01121342368,0.01508773863,0.01526108384,0,0.006793397479,0.004451802,0.01468969043,0.02071829885,0.01555694453,0.02192552574,0.02436261997,0.00511482358,0.003317262512,0.01057523582,0.01009080745,0.6238750219,0.02004131302,0.01400852483,0.008418323472,0.005766616669,0.003884612583,0.01077683829,0.006887437776,0.005992424674,0.001838818658,0.01499462221,0.04556178674,0.5644266009,0.01211691834,0.005710027181,0.007597988471,0.005151618272,0.008627805859,0.004761904944,0.0004384207132,0.002940370236,0,0,1.254796825e-05,2.234956264e-05,0,6.960014434e-05,0,4.259183697e-05,1.88635222e-05,0,0,0,0,0.002380952472,0.01240494289,0,0,0.0002876035578,0,0.0009755360661,0.002505756449,0,0.000871282944,0.0002823708928,0.0001557602664,0,0.002380952472,0,0,0.002005491173,0,0.0001579043892,0,0.0001724994363,0,0.0002180994052,0.001445619622,8.845888078e-05,0,0,0.0007867342792,0,0,0.0005521764979,0,0.001763684792,0.002380952472,0.002380952472,8.858329238e-05,0.000506912882
49,0.0006553208805,0.004092334304,0.0003372586216,0.01706322469,0.0001612384513,0.002883689478,0,0.002180761192,0.002703948179,0.00349132577,0.002333257347,0.009792028926,0.1327315122,0.1546303779,0.008436284959,0.005629989319,0.04198129848,0.03537225351,0.04662230611,0.06909871846,0.07752068341,0.04530609772,0.0265505258,0.01190476213,0.01034940779,0.04337247089,0.189035207,0.1598340124,0.2292639613,0.319845587,0.2341159582,0.1764124781,0.1251107603,0.0910096243,0.1251060218,0.1021515056,0.05419117212,0.004761904944,0.002380952472,0.007142857648,0.002380952472,0.004761904944,0,0.3089036942,0.0002872989862,0.00419923896,0.0002921213163,2.45954925e-05,0,0.0004581797984,2.242221308e-05,0.01334987488,0.00341755175,0.0009068079526,0.01062731352,0.006895293947,0.0157188084,0.00765840197,0.00345827546,0.008607280441,0.0004501208023,0.004385502078,0.0003864371101,0.001463267836,0.00710619567,0.009610701352,0.01522689126,0.008718998171,0.0058885701,0,0.0002017598017,0.005042980425,0.8105586767,0.008127725683,0.007987368852,0.00624194229,0.00974134542,0.003581101075,0.01931111701,0.0001372299448,0.0001312653039,0.0001416574378,0.02106921002,0.05670053512,0.5645939708,0.008618883789,0.01084562764,0.001619790331,0.000259449007,0.0005182941095,0.006552915089,0.0001447160321,0.0001811550756,2.313488767e-05,3.182025466e-05,0.0001242668368,2.117491204e-05,6.232447049e-05,7.978874783e-05,0,4.265610914e-05,6.147125532e-05,0.0001393251296,0,0,0,0.004761904944,0.001909871004,0,0,7.62053096e-05,0,0.0002894961217,0.002895972924,0,0.00178831222,0,0,0,0,0,0.0001213879077,0.0009993298445,0,0.0003422124428,0,0,0,4.776940841e-05,5.949023034e-05,0.0001787985093,0,0,0,0,0,0,0,0,0,0,4.348366929e-05,0.0001183887216
50,0.001752951532,0.01450407784,0.001022343407,0.04986497015,7.691374776e-05,0.00152919523,0.001593793044,0.01130408514,0.001682617934,0.008617598563,0.001089457073,0.005157807376,0.08452218771,0.04640791938,0.01168975327,0.002618119586,0.1263610125,0.1290206611,0.163844943,0.2026278079,0.1748650521,0.1275759339,0.08051087707,0.03549952805,0.08144471794,0.1192193851,0.2185312808,0.2680086792,0.3613888323,0.3719784915,0.311832875,0.2875086367,0.2546954155,0.1522365361,0.1771903038,0.1985340267,0.1184848621,0.02062083222,0.02057160996,0.02345096506,0.007142857648,0.0142857153,0.004761904944,0.04898515716,0.0002638747974,5.634443733e-05,4.641076521e-05,0.0004986316781,0.0004581797984,0,2.324159686e-05,0.009567452595,0.002921772422,7.044505764e-05,0.002085723681,0.001304204343,0.005095206667,0.003780118655,0.006198436022,8.730861009e-05,0.000243200775,0.0009375345544,3.151070996e-05,0.001014873269,0.001938017667,0.0002971676295,0.003569720779,0.005914627574,0.003917767201,0,0.006718874443,0.008042783476,0.5351586342,0.006614963058,0.0007034947048,0.00613307301,0.001834593597,0.0002014417114,0.002686671913,0.001409279183,0.008448011242,0.0001290778309,0.005648329854,0.02770303935,0.423202008,0.003340867115,0.01174381468,0.000575160142,0.00130171224,0.003359527327,0.0005871450994,0.0005387204001,0.002171904547,0.001074285829,0,0.0007767144125,0,1.212993266e-05,3.047185601e-05,0.0001408987009,0,3.722359543e-05,0,0,0,0,0.01409248542,0.002799469279,6.693167961e-05,0.002380952472,0.0001381864131,0,0.0004310611694,0.0025594295,0,0.005999323446,0.0009969070088,6.60982987e-05,0,0.002380952239,0,0,0.002380952239,0.002380952472,0.0002945185988,0,6.352354831e-05,0,0.0001373615814,0.0003302698315,0,0.000301197957,0.002380952472,0.0004484706733,0,0,0,0,0,0.0008777695475,0.003955404274,6.323451544e-06,0.0002558112028
51,0.0006292774342,0.01210834458,0.000868681178,0.04376275465,5.090167542e-05,0.0006095904973,0.003138402011,0.004943291191,0.001059923088,0.01374202128,0.0006739457021,0.006440448575,0.09546571225,0.03788674995,0.006569519173,0.00259027537,0.1288990229,0.1362409145,0.1593654752,0.2049391121,0.2141291052,0.1647343338,0.110874936,0.04873052239,0.07865580171,0.1536067277,0.209813863,0.3112547994,0.3840715885,0.3860948682,0.3291054964,0.3235156238,0.2500267327,0.1748165339,0.2201405615,0.2071702033,0.1573717594,0.01871740632,0.03320870921,0.03482777253,0.03686274961,0.03690174222,0,0.2412053496,0.0003263726539,0.0002545323514,7.411926345e-05,1.28519896e-05,2.242221308e-05,2.324159686e-05,0,0.007858206518,0.002327692928,0.003422195092,0.004858847242,0.005619762465,0.005949819926,0.007467342075,0.01083634328,0.0007735407562,0.001304930658,0.0006817585672,6.963303895e-05,0.00192944333,0.002326095011,0.008047875948,0.004398101009,0.005745314993,0.00314051169,0.001619870425,0.01012173668,0.01363825519,0.6325628161,0.006288114935,0.001627657679,0.003364396747,0.00281331921,0.0007375507266,0.00453971466,0.001188535709,0.003015130758,4.665480446e-05,0.006017810199,0.02870463952,0.405850172,0.003048593178,0.006764573976,0.001122115529,0.005286014639,0.00328205619,0.00110834511,7.961064694e-05,0.0006164441584,0.0003423645976,0,0,0,5.572531336e-06,2.391620546e-05,5.672967291e-06,7.20271828e-06,1.179309379e-06,4.408610766e-05,0,0.001863014651,0.002380952472,0.01049504802,0.005354008637,2.78526386e-06,0,3.585413288e-05,0.0003764809517,0.0004104498657,0.0009782430716,0,0.006235339679,0.000159242918,6.18367676e-06,0,0.002380952472,0,0.002904392313,0.002552576363,0,0.000272333622,0,0.0003617997572,0,1.574346788e-05,0.0002532238432,0,6.653735181e-05,0,9.763739945e-05,0,0,0,0,0.002380952472,0.002380952472,0.002880173735,1.74679019e-06,4.806663492e-05
52,0.002339500934,0.001171689015,0.003565803403,0.01551847532,0.001877655508,0,0.0009171176935,0.004184990656,0.01737625897,0.004782885779,0.002703174949,0.002001209185,0.1996421516,0.1501234919,0.02704011463,0.01683886722,0.02220264636,0.02927994542,0.0492510125,0.05590600148,0.04401066899,0.03144091368,0.01211761124,0.005707267206,0.01299763937,0.03513636068,0.16930978,0.1219496578,0.200728029,0.221860379,0.1846776158,0.1238985732,0.07629570365,0.04704679176,0.07388340682,0.09549603611,0.02678351477,0.004761904944,0.004761904944,0.004761904944,0.0142857153,0.004761904944,0,0.2321960181,0.05421401933,0.01357599255,0.02482156456,0.0354350619,0.01334987488,0.009567452595,0.007858206518,0,6.996149023e-05,0.0002414697665,0.002057954669,0.006678356789,0.0009008359048,0.0004272002261,0.0004909148556,0.006982988678,0.0006059795851,0.001355744083,0.002005728893,0.0007910910645,0.002155177761,0.002378954086,0.001078907866,0.0002549808705,0.01560379844,0.0005727082025,0.001804674976,0.09566468745,0.7114767432,0.001401687157,0.003565805731,0.007858568802,0.002714028349,0.002295180224,0.006378020626,0.001621742151,0.001094197971,0.002043138258,0.005459331907,0.0470973812,0.2494490147,0.003728079377,0.03000984155,0.00145812158,0.01080721803,0.0008942687418,0.003233023221,0.003619649913,0.002231656807,0.00338143087,0.004812476225,0.001790158334,0.005906725768,0.004031789955,0.006174585782,0.002035093727,0.003990010358,0.004805402365,0.0009848315967,0.0009506831411,0,0.000271274359,0.0007595416391,0.0004950141883,0.003178124549,0.003467488335,0.002159221563,0.0002002533292,0.001529479399,0.001173855737,5.796780169e-05,0.002517224289,0.0008053645142,0.002320901025,0.0002378884237,0.003594825044,0.001500016078,0.001503000152,0.005794751924,0.002380952472,0.001103283605,0.002709814347,0.001132665202,0,0.002342503518,0.0009931636741,0.00191455544,0.003743973328,0.003490444971,0.004381794948,0,0.0006833621883,0.007643335965,0,0.002219651127,0.0008490615292,0.001859954791,0.002058474347,0.002262534574
53,0,0,0.0001385033393,0.002416422358,0.0002245981741,0,0,0.002639011713,0.001188853872,4.437305688e-05,3.956896035e-05,0.000423023419,0.05104461685,0.030313069,0,0.002042329637,0.02304059267,0.01190476213,0.007737953216,0.02178867348,0.008739894256,0.01666666754,0.006232704036,0.002380952239,0,0.008994929492,0.0929255262,0.04340304434,0.09764423966,0.1278920323,0.07718081027,0.08914288133,0.02867340483,0.01294080727,0.02941824682,0.04401620105,0.01114620268,0,0,0.002380952472,0,0.002380952472,0,0.17890279,0.01583587751,0.002534212777,0.007675755769,0.01789963059,0.00341755175,0.002921772422,0.002327692928,6.996149023e-05,0,3.233199379e-07,0,0,0,0,8.542100841e-05,0.0002496414236,0,0,0.0003587450192,5.785674148e-06,5.193910965e-06,0,4.940109284e-05,5.917610224e-07,3.820782877e-05,0,0,0.003325580154,0.4682497382,0,0.0002733640431,0,0,0,0,1.081091796e-05,0,4.66226229e-05,0.0001913824526,0.01068925858,0.2502151132,0.0003575264127,0.0002859640517,0,0,2.137009506e-05,0.0001419260079,0,0,0,0,0,0,0,0,0,0,0,0,0,0,0,0,0.0001370051468,0,0,0.0009084803169,0,0,0,0,0,0,0.001153589459,0,0,0,0,0,0,0.0008187944768,0,0,0,0,0,0,0,0,0,0,0,0,0,0,0,0,0,0
54,1.372457791e-05,0.0007392713451,0,0,0.004761904944,0,0.002380952472,0.002610981464,0.0002056615485,4.814262138e-05,8.160198377e-06,7.420896054e-06,0.01921121404,0.04285546392,0,0.001460843603,0.006297447719,0.005047309678,0.01278268639,0.01048838347,0.01280452032,0.01168311667,0.002380952239,0,0.002380952472,0.008518305607,0.03817510232,0.04218427092,0.05967720971,0.08931460232,0.03687813506,0.04437517747,0.01529305708,0.0152622899,0.02016050369,0.02817753889,0.007638209034,0,0,0,0,0,0,0.08876864612,0.01070827339,0.0004233532527,0.004477039445,0.00626910245,0.0009068079526,7.044505764e-05,0.003422195092,0.0002414697665,3.233199379e-07,0,0,2.008609044e-06,0,1.655944652e-05,2.040872459e-05,0.0003682055685,0,0,7.682410796e-05,1.275113027e-05,0,9.192753168e-06,9.433498781e-05,1.461650982e-06,9.579800462e-06,0,0,0.0009487810312,0.3618926108,4.089488357e-06,6.355396908e-05,0.0002038441016,0,0,0,0,0,0.0002447512525,0.0002111458307,0.005807085894,0.3123645484,0.0005326099345,2.031471195e-05,0,0,0,0.0001074887696,0.004761904944,0,0.002380952472,0,0,0,0,0,0,0,0,0,0,0,0,0,0,0,0,0,0,7.074009045e-05,0,0,0,0,0,0,0,0,0,0,0,0,0,0,0,0,0,0,0,0,0,0,0,0,0,0,0,0,0.002380952472,0
55,0,0,3.537339944e-05,0.001396006439,0,0,0,0.003772203811,0.0001662033901,3.536721852e-05,7.761705638e-05,3.103041308e-05,0.01956452057,0.05482013524,0.008448394015,0.0007277153782,0.007841317914,0.006049685646,0.01464371383,0.018178951,0.01720803604,0.01110269036,0.006266616285,0.001077745808,0.006269100588,0.01494878531,0.04874580726,0.04173280299,0.06341015548,0.0593092218,0.04967280477,0.02941454574,0.0268020276,0.01617338695,0.02931267768,0.02084682323,0.005424461327,0.002380952472,0.002380952472,0.002380952472,0.004761904944,0,0,0.06404569745,0.02201789804,0.0004556755885,0.01150511485,0.01159910299,0.01062731352,0.002085723681,0.004858847242,0.002057954669,0,0,0,0,0,2.765432146e-05,4.335597259e-05,8.728801913e-05,0,0,0.0001621963456,2.445479731e-05,7.757814728e-07,7.543355309e-07,7.790790551e-05,2.652881267e-05,0.0001858694886,0,0,0.005178536288,0.3138780594,3.574683433e-06,1.101695216e-05,0.0002629873634,3.53050018e-05,0,0,4.041369903e-05,0,0,3.284662307e-05,0.005669841543,0.4421552122,0.0006426241016,0.002107399981,3.620670395e-05,0.002380952472,0,0,0.001724580186,0,0,0,0,0,0,0,0,0,0,0,0,0,0,0,0,0,0,0,0,0,0,0,0,0,0,0,0,0,0,0,0,0.002380952472,0,0,0,0.000931173272,0,0,0,0,0,0,0,0,0,0,0,0,0,0
56,0,0,0.0008739604382,0.0001750901283,0,0,0,0.002513767453,0.0001600242831,5.349573257e-05,3.873569585e-05,2.215431959e-05,0.02000103705,0.07331534475,0.002380952472,0.00143377448,0.00653037196,0.01259702351,0.006276661064,0.01118917484,0.0109914951,0.006332450546,0.004761904944,0.002380952472,0,0.007616937626,0.02788454294,0.04620788246,0.04675197229,0.05535082519,0.04481476173,0.03183140233,0.0141968336,0.004780920688,0.02172193862,0.02231823653,0.01025931351,0.002380952472,0,0.002380952239,0.002380952472,0.002380952472,0,0.03721942753,0.01127349306,0.0006206071121,0.013627165,0.00955883693,0.006895293947,0.001304204343,0.005619762465,0.006678356789,0,2.008609044e-06,0,0,1.877192744e-06,0,0.0001948629942,4.825576616e-05,0,3.416692152e-06,2.289483928e-05,3.517447476e-05,0,5.616153089e-07,0.0002535970416,7.439814362e-05,0.0004459191405,0,0,0.002943468746,0.3340802491,1.292498018e-05,2.443737685e-05,0.000322770793,0,0.0008185213082,2.3659818e-06,0.0003835300158,0,0,8.587805496e-05,0.008037280291,0.4571313262,0.00132731162,0.00126748078,0,0,0,0,0.004761904944,0,0,0,0,0,0,0,0,0.001615240471,0,0,0,0,0,0,0,0.00110013911,0,0,0,0,0,0,0,0,0,0,0,0,0,0,0,0,0,0,0,0,0,0,0,0,0,0,0,0,0,0,0,0,0,0
57,0.003018956166,0.001057736692,0.0006248014979,0.008235514164,0.002822359558,0,0,0.01023580041,0.000215221793,0.0001681500289,5.625930862e-05,0.0001761299209,0.003816807643,0.03110866249,0.0003125276999,0.001777747879,0.0293719992,0.03810091317,0.03961821273,0.03783329204,0.04342040792,0.03814301267,0.0420252122,0.03922867402,0.02790939435,0.04083709419,0.06570326537,0.081235677,0.1143541262,0.1017212495,0.08162438869,0.07432063669,0.05821041018,0.05104824901,0.04562113062,0.04932704568,0.05855640769,0.01547885593,0.01186302304,0.02408040315,0.03176695481,0.01159390155,0.002380952239,0.1086990908,0.01354229636,0.0013552811,0.01590879075,0.008386606351,0.0157188084,0.005095206667,0.005949819926,0.0009008359048,0,0,0,1.877192744e-06,0,2.748471888e-05,8.415165939e-05,0.0006297206855,1.223423396e-06,1.172676093e-05,0.000348113128,0.0002696164302,2.133732414e-05,1.430662451e-05,0.0001856008457,1.002621138e-05,0.0001165560607,0.0006308537559,0.0002819192887,0.0003414346429,0.3972491026,0,0.0001038342452,0.0001463194785,0,0,1.955186235e-05,0.0004860108602,0.0004576663487,0.0007756124251,0.0001555717899,0.00986695569,0.4006077945,0.001999694854,0.0004593604826,4.604132846e-05,0,0.0004897239269,6.854513231e-06,0.00253222161,0.002380952472,0.005630577914,0,0,0.002380952472,0,0,0,0,0,0,0,0.0003083950141,0,0.0008693168638,4.881557106e-05,0.0007624761201,0,0.0005360215437,0,0.0001105077099,0.0001178260281,0,0.0005295799929,0,0,0,0.0008804950048,0.0005285276566,0,0.0001848190441,0,0.003126251046,0,0,0,0.002380952472,0.0005882098922,0,0,0,0,0,0.001390824327,0,0,0.001055783243,0,0.0007744952454,0.001220787293,0.0002212914114
58,0.002367119072,0.008105479181,0.001700222609,0.02620511688,0.000646517612,0,0,0.01819285937,0.0003888766514,0.001752753742,9.477787535e-05,0.001003406243,0.008946217597,0.01962032169,0,0.003789921291,0.07874415815,0.09834314138,0.1059957966,0.1063367575,0.1270661056,0.1068964675,0.09439088404,0.06504396349,0.0858156383,0.1034753621,0.1436366886,0.1757513732,0.2301564217,0.2176951468,0.1795881093,0.1787394583,0.1511716992,0.1182186082,0.1150405034,0.1121166646,0.1319280416,0.03212634474,0.02490006201,0.04994384944,0.04877363518,0.03662104532,0.002380952472,0.1501346231,0.01040654443,0.000872012286,0.0125759393,0.01121342368,0.00765840197,0.003780118655,0.007467342075,0.0004272002261,0,1.655944652e-05,2.765432146e-05,0,2.748471888e-05,0,0.0001017756149,0.0002425542043,2.773552978e-06,0,9.704331023e-05,2.41127309e-05,7.104539691e-05,0.0001089944562,0.0004989590961,1.209636412e-05,0.000202476047,4.423202699e-05,0.0003710205783,0.00328833214,0.4796549082,2.194357512e-05,2.576488987e-05,0.0008463968989,0.0001127997384,0.0001883490477,0.0001152185141,0.000388962857,0.0003263772232,0.002664075466,0.0002771271684,0.01622992195,0.3198840618,0.001414062688,0.0007894292939,0,0,0.0006296174834,0.0001161562468,0.003726645838,0.0004508087586,0.0003145888913,0,0,0.003981345799,0,0,0,0.0002641598985,0,0,0,0,0,0.0008035232895,0.0003654806642,0,0.0007418058231,8.209990483e-05,0,9.48753368e-05,5.124582094e-05,0,0.00131149916,8.898205851e-05,0.000239857909,0,0,0.001500580343,0,0.000916971534,0,0.005267398898,0,0.0009671278531,0.0004891994176,0,0,0,0,0,0,0,0.003301622113,0,0,0.006933296565,0,0.002110166475,8.27169788e-05,7.06726205e-05
59,0.001009974047,0.001547591761,0.0002479299437,0.005820895545,0.002975778421,0.002380952472,0,0.007568899542,0.0001988852018,0.0002091323113,0.0001251961221,0.000418945041,0.002935303841,0.02637684345,0.002486040816,0.002368388698,0.03721168265,0.05847070739,0.05900823697,0.05769048259,0.05448875204,0.06704353541,0.07304772735,0.05165981129,0.03853872046,0.05517201871,0.08909220994,0.1136807054,0.1492093205,0.138650015,0.1079752371,0.09740051627,0.09761077166,0.07623629272,0.06672006845,0.07004316151,0.08328543603,0.03856818005,0.04265587032,0.04031128436,0.0513192825,0.03998212516,0.007142857648,0.2232921869,0.01428221259,0.001518641249,0.01847595721,0.01508773863,0.00345827546,0.006198436022,0.01083634328,0.0004909148556,8.542100841e-05,2.040872459e-05,4.335597259e-05,0.0001948629942,8.415165939e-05,0.0001017756149,0,0.003198387101,6.339470565e-05,0.0005166898482,0.001428200747,0.0001014197405,0.0001558105432,6.216159818e-05,0.0003273070033,0.000106352607,0.0001194169163,0,9.49637888e-06,0.004009400029,0.520209372,9.430787759e-05,0.0009196861065,0.001216664677,0.000333423086,0.0001947665151,0.0001413520804,1.460980457e-05,2.96778544e-05,0.000447737315,0.002651579678,0.01572801545,0.3386155665,0.0007674585213,0.0003029197105,0.0001742957247,7.49584724e-05,0.0004585567222,8.811758744e-05,0.004723742139,0.0001555461204,0.002734578215,0,0,0,0.00175482023,0,0.0008818534552,0.001245763851,0,0,0,2.518402471e-05,5.193988545e-05,0.0001144508933,2.151436638e-05,0,9.308526387e-06,0.000209928563,0,7.066573744e-05,3.286093124e-05,1.751431955e-05,0.000113068294,5.783277811e-05,0.0001146698705,0.0002543297596,0.004529372323,8.439214434e-05,0,5.633125693e-05,0,0.003482074477,0,0,0.0004398408928,0.0003406166215,1.314069414e-05,4.483505109e-05,0,0,7.341954188e-05,0.002380952472,0.0008287261007,0,0.000409686123,0.000472217449,0.0002352199517,0.0006491183885,0,8.200294542e-05
60,0.003322844859,0.004276340827,0.002720347373,0.0263221655,0.00218607951,0.001574505004,0.00602366589,0.01204243023,0.002993275644,0.001490706229,0.001253561117,0.002389146481,0.109158285,0.08678530157,0.02113720588,0.00425739307,0.07373353839,0.06791637093,0.09732150286,0.141904816,0.120256573,0.08897975087,0.04280998185,0.02864346094,0.03389154375,0.0715148747,0.1936691701,0.2307017446,0.3212414384,0.3484335542,0.2774287462,0.2134246379,0.1717730016,0.07623332739,0.1499310732,0.1497579813,0.08076483756,0.01799073443,0.0142857153,0.02030534111,0.01980944723,0.01190476213,0.002380952472,0.03129710257,0.004672841635,6.406296598e-05,0.004949508235,0.01526108384,0.008607280441,8.730861009e-05,0.0007735407562,0.006982988678,0.0002496414236,0.0003682055685,8.728801913e-05,4.825576616e-05,0.0006297206855,0.0002425542043,0.003198387101,0,0.0001594635978,0.0002327815891,6.168634718e-05,0.0004271633807,0.0001753023971,0.0001507280831,7.366416685e-05,0.001177559374,0.003820175538,0.0001905351965,0.0004328035284,0.00755390292,0.3619580865,0.0002140706201,4.969139263e-05,0.002158532385,0.0001868264662,6.174228474e-05,0.000135468159,0.0039946693,0.001233030693,0.0004080559011,3.009633838e-05,0.003724188311,0.4117315412,0.001198432292,0.008844663389,0.000666210195,0.00395840127,0.0001363099436,2.152377056e-05,0.007791486103,0.001170390169,0.0005469495081,7.718708366e-05,0,0,0.0002595953702,0.000542559661,0,0.0002695553703,0.0007226988091,8.87874703e-05,0,0,0,0.001515837619,0.00193764607,0.0003286633,0,0.001175076002,0.00183714868,0.0001325487829,0.001151707489,0,0,0.0001973387261,0.0002228639351,0,0.0005355834728,7.095673936e-05,0.001462742337,0.0003022173478,0,0.004854246043,0.0002022442204,0.002588772681,0,0.0005208472139,0.0004502945812,0.0001660967246,0,0,0.000536729407,0,0,0,0.001441616449,0,0.0008800264914,0,0.0007889732951,0.0002317493781
61,0.0001977654756,0,0,0,0,0,0,0.0005730443518,0.0003483695036,8.105728193e-05,8.708553651e-05,0.0001851104607,0.02537446655,0.03774572536,0.002380952472,0.001798849669,0.01553638931,0.01019505132,0.02700809203,0.01685240492,0.0245502796,0.01319097169,0.002380952472,0.002380952472,0,0.01167180482,0.08568305522,0.0453773737,0.0924121365,0.1199304089,0.1122335494,0.06779143959,0.03743770719,0.006574334111,0.04662865773,0.02917134017,0.01247841772,0,0,0.002380952472,0,0.007142857648,0,0.08947403729,0.007258108351,0.0007429695106,0.005452222191,0,0.0004501208023,0.000243200775,0.001304930658,0.0006059795851,0,0,0,0,1.223423396e-06,2.773552978e-06,6.339470565e-05,0.0001594635978,0,7.621778195e-07,2.250671287e-06,6.672881682e-06,4.044450179e-06,2.319618034e-05,0.0001243024453,0,9.943512123e-05,0,0.0001116335188,0,0.3481774628,0,0,0.0001808008383,0,0.0001502315426,0,0,0.0002058595855,0.0005254540592,7.238381386e-06,0.005906649865,0.3385210037,0.0004697436525,0,3.41617706e-05,0,0,0,0.002380952472,0,0,0,0,0,0,0,0,0,0,0,0,0,0,0,1.279093885e-05,0,0,0,0.002380952239,0,0,0,0.000998135074,0,0,0,0,0,0,0,0,0,0,0,0,0,0,0,0,0,0,0,0,0,0,0,0,0,0,0
62,0.0004245780874,0.001786805922,1.36816916e-05,0.008727671579,0,0,0,0.002541439608,0.0003321070399,0.0004528812424,8.363946836e-05,0.0008510013577,0.02178683132,0.02544968762,0.002380952472,0.00385429454,0.02863699198,0.0417018272,0.05177557096,0.05392805487,0.04667899758,0.05555313826,0.0249811504,0.02030743659,0.02062387951,0.0187962912,0.1442399621,0.09436385334,0.189820081,0.2155817747,0.1618231386,0.1181670278,0.09147189558,0.0498310551,0.0750406757,0.07144152373,0.04192842543,0.003770555602,0.002380952239,0.009035794996,0.004761904944,0.002579117427,0,0.1288726181,0.004720436409,0.0007315807161,0.01115260553,0.006793397479,0.004385502078,0.0009375345544,0.0006817585672,0.001355744083,0,0,0,3.416692152e-06,1.172676093e-05,0,0.0005166898482,0.0002327815891,7.621778195e-07,0,1.343175654e-06,1.852785317e-05,1.26475943e-05,4.614942736e-05,0.0001901943324,1.066744971e-06,0.0002606913331,0,5.766198228e-05,0,0.4480567276,4.155309341e-07,4.466423889e-06,5.624775076e-05,0,0,3.467780743e-06,1.859906661e-05,0,4.708056804e-05,1.662486648e-05,0.01198297366,0.3333886266,0.0008287940291,0.0009909052169,6.02502223e-05,0,0.0002455061185,7.096321497e-06,0.003205282148,0.0003403833834,0.001231151051,0,0,0,0,0.002380952472,0,0,0,0,0,0,0,0,0.000855949067,0,0,0,0,0,0,0,0.0002226197248,0,0,0,0,0,0,0,0,0.001043599914,0,0,0,3.250193549e-05,0,0,0,0,0,0,0,0,0,0,0,0,0.0002162770834,0
63,0.0005078254617,0.009926230647,0.0003725384595,0.0205865521,0.0004655892844,0.0003390237689,0,0.00418501813,0.0008197620627,0.002833668143,0.0004418369499,0.00212690304,0.05992558599,0.03203326464,0.01669905335,0.003515564604,0.09583637118,0.1282604933,0.140622437,0.156201452,0.1517131925,0.1604367644,0.07051777095,0.05041895062,0.09471954405,0.1306807995,0.2045344114,0.2515558302,0.3272885382,0.3258074224,0.2773340642,0.2621275783,0.2248675674,0.1747139096,0.1667326242,0.1635879576,0.1476423144,0.02408128604,0.03565643355,0.03897028416,0.05105551332,0.0281565357,0.004761904944,0.1842471659,0.003073951462,0.0004117366043,0.002748852596,0.004451802,0.0003864371101,3.151070996e-05,6.963303895e-05,0.002005728893,0.0003587450192,7.682410796e-05,0.0001621963456,2.289483928e-05,0.000348113128,9.704331023e-05,0.001428200747,6.168634718e-05,2.250671287e-06,1.343175654e-06,0,1.937727575e-05,0.0002549508645,0.0002640402527,0.0009576986777,0.000482884032,0.00198741979,0.0005241653998,0.0003780442057,0.004609751515,0.5431759357,0.0001088757854,1.487247573e-05,0.00121758075,0.0001659148693,0.0002177902934,0.0002804309479,0.0002266313968,0.0007146375719,1.603817509e-05,0.001062025549,0.01965702884,0.354226321,0.001648992533,0.003877923358,0.0004686596221,0.002686354797,0.001313115819,5.964981028e-05,0.0001324542391,0.0001484354434,0.0008496265509,0,0,0,1.774652083e-05,3.448037387e-05,6.234876491e-05,2.679040881e-05,9.179671179e-05,0,0,0,0,0.004036524333,0.001334553352,0,0.002341123298,1.527200038e-05,0.001373253646,0.0002063451393,0.0001022958531,0,0.0005106659955,0.0005879618111,6.961820327e-05,0,0,0.0006159951445,0,0.0005141780712,0,0.00017068944,0,7.259500308e-06,0,8.078071005e-06,0.0003327949962,0,7.484878734e-05,0,7.856970478e-05,0,0,0.0007842104533,0.003506159876,0,0,9.532582044e-05,0,3.837595614e-06
64,0.0004308143107,0.002470406238,0.0001605976722,0.01228613872,9.486768977e-05,0.0009296314092,0,0.002510588616,0.0003646173573,0.001328922343,0.0001914443274,0.001448474475,0.01753643155,0.01902073435,0.003698250977,0.004010518081,0.06567380577,0.1103985757,0.1038039625,0.117617555,0.113791436,0.09190044552,0.09387433529,0.09184077382,0.06348174065,0.09460873902,0.1674711853,0.2115616798,0.2823289335,0.26828444,0.2155335099,0.2076207399,0.1919765472,0.149600774,0.1495058686,0.1446623653,0.1449631155,0.04485953972,0.02969087288,0.0477723293,0.03918593749,0.04709812626,0,0.2383085042,0.0186033491,0.001687075943,0.01278617047,0.01468969043,0.001463267836,0.001014873269,0.00192944333,0.0007910910645,5.785674148e-06,1.275113027e-05,2.445479731e-05,3.517447476e-05,0.0002696164302,2.41127309e-05,0.0001014197405,0.0004271633807,6.672881682e-06,1.852785317e-05,1.937727575e-05,0,5.653452899e-05,0.0001318247523,0.000321110856,3.227399066e-05,0.0007474492886,0,3.562079291e-05,0.00738180615,0.5517807007,6.725863932e-05,7.938459021e-05,0.0004475075111,0.0003791159252,8.97425125e-05,0.0001372150291,6.125237633e-06,2.26266111e-05,1.785274435e-05,0.0004935185425,0.01742776297,0.3054938912,0.0008628636715,0.003798561869,0.0001985011477,0.0003819557605,0.0002215031855,2.056098674e-05,0.0003563754726,2.248624151e-05,0.001986843767,0,0,0.0002077625541,1.166181664e-05,0.0001253077498,0.0009959022282,0.0002204074408,6.076750651e-05,0,6.736913201e-05,0.0002381792438,0.0009708985453,0.001148014213,0.000110060857,0,0,3.202014341e-05,0,1.677544606e-05,4.279559289e-05,0,0.00104158395,0,0,0,0,0.0002788884449,1.122593312e-05,0.0002450239845,0,0.0002044765424,0,0,0.0001196416124,6.07085276e-05,4.172565241e-05,0,0,0,0,0,0.0007848637179,0,0,0.001673382823,0.0003656084882,0,0,8.8682973e-06
65,0,4.92685358e-05,9.305916319e-05,0.0003895971167,0,0,0.00310266437,0.002475625603,0.0001804524363,2.160630174e-06,0.0001120888992,3.025775004e-05,0.04263682291,0.1033247635,0.00628654426,0.00122252584,0.002883860376,0.001336074783,0.002310246928,0.005639954004,0.004744995851,0.004601133522,0.004750370514,0,0,0.004761904478,0.01811652631,0.02416222915,0.03383761644,0.04484471679,0.03696611151,0.02743254788,0.01614085399,0.01436554734,0.01782603934,0.0157970842,0.002704794751,0.001172177494,0,0,0.002380952472,0.002380952472,0,0.05791383237,0.01859032363,0.0004808545636,0.006127257831,0.02071829885,0.00710619567,0.001938017667,0.002326095011,0.002155177761,5.193910965e-06,0,7.757814728e-07,0,2.133732414e-05,7.104539691e-05,0.0001558105432,0.0001753023971,4.044450179e-06,1.26475943e-05,0.0002549508645,5.653452899e-05,0,2.4385389e-07,0.0001135794955,2.153404785e-05,7.029413973e-05,0,0,0.00223710225,0.3267331421,1.168338986e-05,3.92680995e-05,4.28143976e-05,0,0,3.133335156e-07,7.141769311e-05,0,0.0002790049766,4.499112038e-05,0.005997871049,0.4342077374,0.0006367704482,0.0006727590808,7.907154895e-07,4.447430547e-05,0,0,0.001113152364,0.001321356511,0,0,0,0,0,0,0,0,0,0,0,0,0,0,3.171072876e-06,0,0,0,0,0.0004170267493,0,0,2.288393489e-06,0,0,0,0,0,0,0,0,0,0,0,0,0,9.74434588e-05,0,0,0,0,0,0,0,0,0,0,0,0,0
66,0.0003149597323,7.650682528e-05,2.801328446e-05,0.0001741131564,0.001194224344,0,0,0.0008948445902,0.0001012115317,2.501047129e-05,3.873424794e-05,5.166025221e-05,0.00641076453,0.04770251364,0.0007534521865,0.0006557701854,0.004291238729,0.009630978107,0.006845778786,0.008534723893,0.007288992871,0.009383312427,0.01170396619,0.005209996365,0.004288051743,0.006568046287,0.01317778043,0.02653663792,0.03336080909,0.03094118834,0.01909453981,0.02210679837,0.02200283483,0.01104855724,0.007713556755,0.01424295269,0.01644147001,0.004863051698,0,0.0006515966379,0.002634142758,0.003464193316,0,0.06990899146,0.01016435679,0.0003155996965,0.009291972965,0.01555694453,0.009610701352,0.0002971676295,0.008047875948,0.002378954086,0,9.192753168e-06,7.543355309e-07,5.616153089e-07,1.430662451e-05,0.0001089944562,6.216159818e-05,0.0001507280831,2.319618034e-05,4.614942736e-05,0.0002640402527,0.0001318247523,2.4385389e-07,0,0.0002888085728,3.571947673e-05,4.702994556e-05,0,7.401856692e-07,0.0008039858658,0.3735328019,3.455664046e-05,7.115492917e-05,0.0001299050055,0,0,2.447397947e-06,0.000101561207,0,0.001305378275,5.162293746e-05,0.008609872311,0.4209972322,0.001665483695,0.0004555888881,0,0.0004109470756,0,1.763355158e-06,0.00172001461,0.0009344763821,0.003029064508,0,0,0,0,0,0,0,0,0,0,0,0,0,8.643899605e-07,0,0,0.0001376294094,0,0.0002559902496,1.40111888e-05,0,6.985482742e-06,0,0,0,0.0001457286126,0,0,1.083302504e-05,0,0,0,0,0,0.0003385674499,0.0001613494969,0,0,0,0,0,0,0,0,0,0,0,0,0.0003443754395
67,0.0005241343752,0.002380952472,0.000862323679,0.003080100752,0.0009965387871,0.004761904944,0.002380952472,0.002380952472,0.008906914853,0.0016022044,0.001659753267,0.001648246311,0.1055754349,0.1279792637,0.01738929376,0.010670566,0.007790028583,0.005500299856,0.01247995067,0.02291723154,0.0122880917,0.01190476213,0.002380952472,0.002380952472,0.002380952472,0.007142857648,0.07448807359,0.04271131009,0.07512395084,0.1515235305,0.07788391411,0.03177254274,0.03030851483,0.01101619005,0.01943148486,0.01972927526,0.01190476213,0,0,0,0.002380952472,0,0,0.1313748807,0.02295306884,0.002445590217,0.01101432089,0.02192552574,0.01522689126,0.003569720779,0.004398101009,0.001078907866,4.940109284e-05,9.433498781e-05,7.790790551e-05,0.0002535970416,0.0001856008457,0.0004989590961,0.0003273070033,7.366416685e-05,0.0001243024453,0.0001901943324,0.0009576986777,0.000321110856,0.0001135794955,0.0002888085728,0,4.014910883e-05,0.003997523338,0,0.0001171847762,0.01213174127,0.4144488871,3.898660725e-05,0.0002738093317,0.00123577565,9.87862586e-05,0,0.0002972891089,0.0002206874633,0.000375206786,0.0007778006839,1.944710675e-05,0.004836978391,0.287563622,0.000124180282,0.005761007778,9.13451513e-05,0.001822462888,6.308555749e-05,0.0001835427538,0.003473605495,0.0008183004102,0,0.002380952472,0,0.000766700774,0.0008019956294,0.002762027783,0.0005982670118,0.001593770809,0.0008851377643,0.0004286863841,0,0,0,0,0.0001685628667,0,0,0.0006047462812,0,0.0007353939,0.0001646918972,0,0,0,0,0,0,0,0.0001795796124,7.42566117e-05,0,0.0009559905739,0.0002334119636,9.891405352e-05,0,0.00119030627,0.002868862124,0,0,0,0.0006772045745,0,0,0,0,0,0,0,0.00152719894,5.838598008e-05
68,0.0009946628707,0.003443832742,0.0002368869755,0.01436213125,0,0.003432507627,0,0.003962635063,0.0009320918471,0.0003251992166,0.0002123128506,0.0003745708673,0.05848078802,0.09595109522,0.007142857648,0.00317169982,0.02843582258,0.03099899925,0.04276346043,0.06508272141,0.04087536409,0.01898447238,0.01904761977,0.008273007348,0.02126489393,0.02815173566,0.1046655327,0.08170381933,0.1672128886,0.2113226056,0.1631106734,0.1106107384,0.06296461076,0.05899100378,0.05713472515,0.08412331343,0.02743776329,0.003121490823,0.002380952472,0.007787790615,0.01011128351,0.009523809887,0,0.1872539818,0.02413634397,0.003256465308,0.01699964516,0.02436261997,0.008718998171,0.005914627574,0.005745314993,0.0002549808705,5.917610224e-07,1.461650982e-06,2.652881267e-05,7.439814362e-05,1.002621138e-05,1.209636412e-05,0.000106352607,0.001177559374,0,1.066744971e-06,0.000482884032,3.227399066e-05,2.153404785e-05,3.571947673e-05,4.014910883e-05,0,0.0003943595511,0,3.64343432e-05,0.006779667921,0.4427847266,7.174588518e-06,0.0004223145079,0.0001341444586,5.151002551e-05,1.901607175e-05,4.553647523e-05,5.664832133e-05,0,0.0002203351032,0.0002041391708,0.008707934991,0.2853939235,0.0003343014687,0.001284715021,1.879533193e-05,0.0002887696028,0.000131659981,0.0001599345123,0.001001830213,8.006447752e-05,0.001537508797,0,0,0,0,0.004761904944,0,0.0005152560188,0.0005606557825,0,0,0,0,0,0,0,0,0.0001742753666,0,0,0,0,0.001083330601,0,0,0,0,0,0,7.811743126e-05,0,0.002655067947,0,0,0,0.0007224433939,3.421442307e-05,0,0,0,0.0001528667199,0,0.001712454134,0,0,0.0001780054154,0,0,0.0006445710897,0.0002202783508
69,0.001213826356,0.0003901133314,0.0009371279157,0.00313547207,0.001713302219,0.001843162463,0.001196769765,0.004685694352,0.004918652121,0.000270021701,0.0009411622887,0.001281796372,0.09113343805,0.229057759,0.01584593207,0.009634301998,0.01885392703,0.02417344227,0.027636813,0.05648630857,0.0451002866,0.03344026208,0.01904761977,0.003330448177,0.01275727898,0.03796097264,0.1068515852,0.1491285712,0.216595158,0.2192972153,0.1687824726,0.1478295177,0.08653306961,0.0600179024,0.08687721938,0.1022592336,0.04247293621,0.002380952472,0.002380952472,0.01190476213,0.007142857648,0.008030824363,0,0.1614372283,0.006800483447,0.00530828815,0.003346408485,0.00511482358,0.0058885701,0.003917767201,0.00314051169,0.01560379844,3.820782877e-05,9.579800462e-06,0.0001858694886,0.0004459191405,0.0001165560607,0.000202476047,0.0001194169163,0.003820175538,9.943512123e-05,0.0002606913331,0.00198741979,0.0007474492886,7.029413973e-05,4.702994556e-05,0.003997523338,0.0003943595511,0,0.0003987736127,2.797886555e-05,0.003345026169,0.5035074949,0.0006801575655,0.002051187912,0.0006210980355,0.0002129090426,0.0001457237813,0.0003560323676,0.002160125412,3.306891813e-05,0.001683552517,0.003247299232,0.07006677985,0.6394286156,0.01754028909,0.0005699646426,1.899384552e-05,0.001398311579,2.468212006e-05,3.464995461e-05,0.003002901329,0.001555067371,0.001621274627,0.0002068930335,0.004534380045,0.001087733544,0.001884599333,0.003384869546,0.001666278811,0.001540714758,0.001328213722,0.00116532098,0.00142397068,0,0,0.0006047140341,0.000563223497,0.0006337817758,0,0.001397575019,0.0007635392249,0.001446064096,0.001174297882,1.281941877e-05,0.0002870860626,0.000319008017,0.001393855433,7.41981512e-06,0,2.042441884e-05,0.0005623768084,0.0001701564033,0.002958175726,0.003030747641,0.00133852486,0.001110076904,0,0.00108768791,0.001394882449,0.0006693293108,0.0007028096006,0.002249240177,0.001764555578,0.0001171276308,0.0001001448691,0.0001442614739,0.0001428167307,3.538336023e-05,0.0002483650169,0,0.001198043698,0.001223483472
70,0.0002100017009,0.0004503546515,0,0.001033299137,0.0007515525795,0,0,0.00118980126,0.0001757862628,0.0003085758071,0.00012428849,0.0004832097329,0.05657391623,0.01364056114,0,0.003270866349,0.0109281633,0.01347560622,0.02158333547,0.03095681965,0.03218092024,0.01881425641,0.00782501325,0.005890130997,0.01189190149,0.01635592803,0.1094068363,0.06497099251,0.1384060979,0.1504823416,0.09708227217,0.08451745659,0.06702788919,0.02615747042,0.03813257813,0.06259013712,0.01685908437,0.002380952472,0.007142857648,0.004761904944,0.008054269478,0.002380952472,0,0.3527364135,0.004761904944,0.0004322397872,0.003449821146,0.003317262512,0,0,0.001619870425,0.0005727082025,0,0,0,0,0.0006308537559,4.423202699e-05,0,0.0001905351965,0,0,0.0005241653998,0,0,0,0,0,0.0003987736127,0,0,0.002380952239,0.5092919469,0,0.0005674866843,0,0,0,0.0007582512335,4.469767646e-06,0,2.971410822e-06,0.003226182889,0.01202275883,0.264654249,0.0007165658171,0.0007633924251,0.0002083509899,0,1.194564084e-05,0,0,0,0,0,0,0,0,0,0,0,0,0,0,0,0,0,3.277443966e-06,0,0,0,0,0,1.621815863e-05,0,0,0,0,0,0,0.0001161592663,0,0,0,0,0,0.0001813736453,0,0,0,0,0,0,0,0.001588645508,0,0,0,7.138291403e-05,0,0,0,0
71,0,0,0,3.558503886e-05,0.001027487917,0,0,0.0002293919388,5.546415923e-05,1.677764521e-05,3.53061987e-05,2.089950067e-05,0.05600594729,0.05243214965,0.0004163830308,0.0003739644308,0.00256963307,0.004127566703,0.004233793821,0.003118133638,0.003638875438,0.002827932825,0.0008455571951,0.004120934289,0.001333979191,0.00159685174,0.007733980659,0.01593645476,0.01688167825,0.01428748388,0.01159489155,0.01112100575,0.007250377908,0.007166302297,0.003567826701,0.006022220943,0.01170901302,0.001474922639,0,0.004768893588,0.001273706905,0,0.0004242830619,0.4464681745,0.007939446718,0.002108149463,0.01190649066,0.01057523582,0.0002017598017,0.006718874443,0.01012173668,0.001804674976,0,0,0,0,0.0002819192887,0.0003710205783,9.49637888e-06,0.0004328035284,0.0001116335188,5.766198228e-05,0.0003780442057,3.562079291e-05,0,7.401856692e-07,0.0001171847762,3.64343432e-05,2.797886555e-05,0,0,5.413534018e-05,0.5542330146,4.352992983e-05,0.0002108140034,8.514733054e-05,0,0,0,2.222264629e-05,0,2.908623355e-05,0.0002064344881,0.005886015017,0.4122358561,0.0009684842662,5.643858094e-05,0,0,0,3.36515086e-06,3.675303742e-05,6.947806469e-06,0,0,0,0,0,0,0,0,0,0,0,0,0,6.375965313e-06,1.692021669e-06,0,0,1.379965579e-05,0,2.02962874e-05,0,0,0,0,0,0,0,0,0,2.319038828e-07,0,0,0,0,0,0,0,0,0,0,0,0,0,0,0,0,0,0,0,0
72,0,4.579973847e-06,0.0001204658547,0.001917914953,0.001214448479,0,0,0.0008587709744,0.005774832331,1.195986715e-05,4.797199654e-05,0.001029344276,0.03614638001,0.08334863186,6.027672043e-06,0.004750400316,0.004761904944,0.002380952472,0.004188708495,0.007142857648,0.007142857648,0,0,0.002380952472,0,0.004761904944,0.02851852588,0.007142857648,0.02557497099,0.05366867036,0.03945033997,0.02456708997,0.01103745494,0,0.006633764599,0.01466516405,0,0,0,0,0,0,0,0.1649629325,0.01030736417,0.01046926528,0.008252526633,0.01009080745,0.005042980425,0.008042783476,0.01363825519,0.09566468745,0.003325580154,0.0009487810312,0.005178536288,0.002943468746,0.0003414346429,0.00328833214,0.004009400029,0.00755390292,0,0,0.004609751515,0.00738180615,0.00223710225,0.0008039858658,0.01213174127,0.006779667921,0.003345026169,0.002380952239,5.413534018e-05,0,0.6253749728,0.01054113638,0.01040900033,1.008081745e-05,0.0007410378312,0.0006136790616,0.002937508048,0.0002476383233,2.314871745e-05,0.002383466111,0.01477766875,0.1048345789,0.6987118721,0.02901142091,2.644929555e-05,0.0008923606947,1.200270049e-06,3.447285962e-06,0.001133570098,0.002556691412,0.0001920314826,0,0.001062421943,0,0,0.0008552212385,0,0,0.001964370953,0,0,0,0,0,0.002380952472,0.003554089926,0.002987817395,0.002380952472,0.001769085065,0,0.0008911245386,0,0,0,0.0004980189842,0.0004874887818,0,0,0,0,0.0008107431931,0,0,0.0008696084842,0,0,0.003379315604,0,0,0,0,0.0004455953313,0,0,2.094866431e-06,0,0,0,0,0,0.0003516898432
73,0.6375465989,0.4368751943,0.6712026,0.6186895967,0.7788803577,0.6444798112,0.5791748762,0.6849336624,0.8426164985,0.6214723587,0.7543921471,0.6550520658,0.8843755126,0.9708496928,0.8051005602,0.8580376506,0.3430499136,0.2152538449,0.2664429247,0.3409355283,0.3396427929,0.2538120449,0.1117179096,0.06276843697,0.1424869895,0.2634265125,0.7706807852,0.5734840035,0.6767600179,0.7433947921,0.7174043655,0.649344027,0.4274743497,0.3426420093,0.5868303776,0.6821824312,0.2235446423,0.04511620849,0.04047619179,0.09523809701,0.05238095298,0.04218888283,0.009523809887,0.7316624522,0.6113502383,0.2662593722,0.5619665384,0.6238750219,0.8105586767,0.5351586342,0.6325628161,0.7114767432,0.4682497382,0.3618926108,0.3138780594,0.3340802491,0.3972491026,0.4796549082,0.520209372,0.3619580865,0.3481774628,0.4480567276,0.5431759357,0.5517807007,0.3267331421,0.3735328019,0.4144488871,0.4427847266,0.5035074949,0.5092919469,0.5542330146,0.6253749728,0,0.3680691421,0.3864665627,0.5965615511,0.3432971835,0.348616451,0.3302448094,0.7604351044,0.7961130142,0.7213687301,0.3245161176,0.4217762649,0.9700438976,0.6329097152,0.5968682766,0.4390546978,0.7049435377,0.4901990294,0.3660272658,0.9067211747,0.8430976868,0.7247462273,0.659742415,0.7265662551,0.6351642609,0.67383641,0.7680725455,0.4992084205,0.6545395255,0.6858602166,0.5338404775,0.2203049511,0.1915621161,0.1874399185,0.2703512311,0.470426172,0.5361468792,0.1495046914,0.5842308402,0.1173278466,0.5833622217,0.5600547791,0.2594894469,0.3721785843,0.3741005957,0.5568141341,0.1510467827,0.2378625274,0.3933408558,0.4618848264,0.3564170599,0.4171494544,0.7008439898,0.5309108496,0.4769390225,0.2270214558,0.5902030468,0.5493004918,0.5810365677,0.3863659501,0.2456982136,0.531583488,0.3047473431,0.3217106164,0.4871135056,0.427470535,0.3970321417,0.2983052433,0.294841826,0.6710501909,0.5834562182
74,4.450415508e-05,0,7.092290616e-05,0.007117940579,0.000148623134,0,0.0008180861478,0.00105801411,0.001633119653,0.0001898396295,0.0003797446552,0.0005800182116,0.06381789595,0.100881815,0.009246394038,0.004387629684,0.02562581562,0.01717213541,0.03007532097,0.04010678455,0.03221497312,0.02398530766,0.01219467353,0.002380952472,0.01151307486,0.01310654916,0.09327435493,0.09409856796,0.1472238451,0.1764454246,0.123086527,0.09174127132,0.05397325382,0.02909860201,0.04800489172,0.05892966688,0.02185035497,0,0,0.0009524490451,0.001005476923,0.002380952472,0,0.1290364563,0.03023889102,0.001268889522,0.01554989722,0.02004131302,0.008127725683,0.006614963058,0.006288114935,0.001401687157,0,4.089488357e-06,3.574683433e-06,1.292498018e-05,0,2.194357512e-05,9.430787759e-05,0.0002140706201,0,4.155309341e-07,0.0001088757854,6.725863932e-05,1.168338986e-05,3.455664046e-05,3.898660725e-05,7.174588518e-06,0.0006801575655,0,4.352992983e-05,0.01054113638,0.3680691421,0,1.777570833e-05,0.0002094666415,2.059912049e-06,7.761202141e-06,2.106418469e-05,0.0001762011962,0,0.0004674314114,1.656916538e-05,0.005797205493,0.3641882837,0.0003132404527,0.002749284264,5.262908599e-05,0,8.500320109e-05,3.44464861e-05,0.00120882655,0.000128140251,0,0,0,0,0,0.0002041221596,0,0.0008939941181,0,0,0,0,0,0.0001441498607,8.078145038e-05,0,0,0.0001610337495,0,6.403281986e-06,2.095534364e-05,0,0.0004798326408,4.484292731e-05,0,0,0,0,0,0,0,0.002078254009,0,0,0,0.002327104565,8.570712089e-05,0,0,0,0.001192695927,0,0,0,0.0003384807787,0,0.0001785000204,0,0,0
75,0.0011432803,0.002678926336,0.0004478014016,0.02913118899,0.001782664447,0,0,0.01063123252,0.0009610585403,0.001999285538,0.0005122785224,0.001011981629,0.0464604795,0.05997953191,0.01706035621,0.003102280898,0.06674519926,0.07629407197,0.08502411842,0.122882627,0.1114111543,0.08663958311,0.05289087817,0.03711802885,0.043331258,0.05614826828,0.1628246158,0.2049479485,0.2740891576,0.2881928086,0.2297557443,0.2196372896,0.1730712056,0.1037009805,0.1291840971,0.1330126822,0.08818848431,0.009523809887,0.0142857153,0.01190476213,0.01342787407,0.007815479301,0,0.07430589944,0.01229548641,0.000342807034,0.01027641352,0.01400852483,0.007987368852,0.0007034947048,0.001627657679,0.003565805731,0.0002733640431,6.355396908e-05,1.101695216e-05,2.443737685e-05,0.0001038342452,2.576488987e-05,0.0009196861065,4.969139263e-05,0,4.466423889e-06,1.487247573e-05,7.938459021e-05,3.92680995e-05,7.115492917e-05,0.0002738093317,0.0004223145079,0.002051187912,0.0005674866843,0.0002108140034,0.01040900033,0.3864665627,1.777570833e-05,0,0.0008132580551,4.322067616e-05,9.718427464e-05,1.458822044e-05,0.0003284142585,0.001460630796,0.0001737478597,2.465429134e-05,0.008543454111,0.381347239,0.001462293207,0.00645789085,0.0002265231306,0.004798132461,0.0002743772638,4.752590394e-05,0.001801312086,0.0006767263403,0,0.0004403411003,0,0,0,0,0,0.0001701723668,0.0001607096638,9.48472516e-05,0,0,0,0.004756840412,0.0006958837039,0,0,1.847530984e-05,0,0.0002559548302,0.0005830331938,0,0.0002048398601,0,0,0,0.0006994098076,0,7.407889643e-05,3.303050835e-05,0,0.0005390922888,2.686977132e-05,0.0002855497878,0.000641788647,6.537386071e-05,0.0001775030541,0,0.00039992659,0,1.280540891e-05,0,0,0,0,0.0009739222005,0,0,0,5.949257684e-05
76,0,0,1.946896191e-05,9.186576062e-05,0,0.006238965318,0,5.909630636e-05,0.0001534713811,2.080644208e-07,2.284976654e-05,9.703940123e-06,0.03468603641,0.05391312018,2.204722477e-05,0.0005427442957,0,0.001367104123,0.0004368240479,0.002380952472,0,0.001191321062,0.002380952472,0,0,0.002380952472,0.003754910082,0.004255341832,0.0107656084,0.0149869537,0.01275827456,0.005519397557,0.007433340419,0.002435227623,0.002684713341,0.00371174491,0.002380952472,0,0,0,0,0,0,0.1083172485,0.005248508882,0.002259398345,0.00336856721,0.008418323472,0.00624194229,0.00613307301,0.003364396747,0.007858568802,0,0.0002038441016,0.0002629873634,0.000322770793,0.0001463194785,0.0008463968989,0.001216664677,0.002158532385,0.0001808008383,5.624775076e-05,0.00121758075,0.0004475075111,4.28143976e-05,0.0001299050055,0.00123577565,0.0001341444586,0.0006210980355,0,8.514733054e-05,1.008081745e-05,0.5965615511,0.0002094666415,0.0008132580551,0,3.56089771e-07,0,1.659607369e-05,0.0004461263889,0,0.001265344443,0.0009253207827,0.0296768751,0.6420387626,0.004376185127,1.178648199e-05,2.048924671e-06,4.702672413e-06,1.230060661e-06,2.976554924e-06,0.0002845603158,6.469383516e-05,0,0,0,0,0.0004419798497,0,0,0.001437520841,0,0,0,0,0,0,0.0007083039382,0.0007843374624,0,0,0,0.001023949706,0,0,0,0,0.0001497819612,0,0,0,0,0,0,0.0001256263495,0,0,0,0,0.0002764185483,0,0,0,0,0,0,0,0,0,0,0,0,0
77,0,0,0,0,0,0,0,0.0003439272114,0.0001766543137,4.983186955e-06,6.352951459e-05,2.767022306e-05,0.06349721551,0.08258616179,0.0004114439944,0.0009322842234,0,0.001329305698,0,0.001429146039,0.001242279541,0,0,0,0.0007569560548,0.001005397178,0.0107591562,0.005441613495,0.01404764969,0.01788132451,0.01351150591,0.009824991226,0.008686219342,0.002380952472,0.003598258831,0.005090705585,0.002380952472,0,0,0,0,0,0,0.07994000614,0.01894506626,0.0009011873044,0.008741961792,0.005766616669,0.00974134542,0.001834593597,0.00281331921,0.002714028349,0,0,3.53050018e-05,0,0,0.0001127997384,0.000333423086,0.0001868264662,0,0,0.0001659148693,0.0003791159252,0,0,9.87862586e-05,5.151002551e-05,0.0002129090426,0,0,0.0007410378312,0.3432971835,2.059912049e-06,4.322067616e-05,3.56089771e-07,0,0,0,0.0001080593865,0,0.0005982717266,7.108874797e-06,0.005979927722,0.4421954751,0.0009628688567,0.0002504881704,0,9.847887668e-06,0,0,0.0008247716469,0,0,0,0,0,0,0,0,0,0,0,0,0,0,0,0,0,0,0,0,0,0,0,0,0,0,0,0,0,0,0,0,0,0,0,0,0,0,0,0,0,0,0,0,0,0,0,0,0,0,0
78,0,0,0,0,0,0,0,0.0006015742547,3.669200669e-05,0,1.729953328e-05,3.681131057e-05,0.0450337939,0.04765383154,0,0.0001688702032,0.0006376627134,0,0.001934471657,0,0.003988541663,0,0,0,0,0,0.001555174706,0.003530072281,0.01366383396,0.004740499891,0.00438911235,0.004594635684,0.002380952472,0.002069302835,0.001447681221,0.001244933694,0.002380952472,0,0,0,0,0,0,0.06526635587,0.008971774951,0.000222826653,0.001519042067,0.003884612583,0.003581101075,0.0002014417114,0.0007375507266,0.002295180224,0,0,0,0.0008185213082,0,0.0001883490477,0.0001947665151,6.174228474e-05,0.0001502315426,0,0.0002177902934,8.97425125e-05,0,0,0,1.901607175e-05,0.0001457237813,0,0,0.0006136790616,0.348616451,7.761202141e-06,9.718427464e-05,0,0,0,0,0.00117078796,0,0.0006185777602,7.497141269e-06,0.005868786015,0.4461643994,0.0004095047771,1.069356131e-05,0,0,0,0,0.0001293790992,0,0,0,0,0,0,0.0006253556348,0,0,0,0,0,0,0,0,0,0,0,0,0,0,0,0,0,0,0,0,0,0,0,0,0,0.0004127810535,0,0,0,0,0.0009862785228,0,0,0,0,0,0,0,0,0,0,0,0,0
79,1.208334197e-05,0.0003968403325,4.529641501e-06,0.0006177420728,0,0.004761904944,0.001385390642,0.0001503308304,0.0001958560606,1.796186189e-05,0.0001559317898,0.0001319174044,0.05768926442,0.1047053263,0.006143264938,0.001232148497,0.003249465954,0.007693363819,0.007423624396,0.00359464041,0.005038937088,0.004165985622,0.002191278618,0,0.001098825829,0.002172787208,0.01946746558,0.02593143657,0.04587611929,0.04475494102,0.03287548199,0.04203366488,0.03163159639,0.01158256549,0.01089802478,0.02119657211,0.01233807579,0,0,0,0.001064462587,0.004761904944,0,0.0365697518,0.01379768457,0.0004470970889,0.01388266496,0.01077683829,0.01931111701,0.002686671913,0.00453971466,0.006378020626,0,0,0,2.3659818e-06,1.955186235e-05,0.0001152185141,0.0001413520804,0.000135468159,0,3.467780743e-06,0.0002804309479,0.0001372150291,3.133335156e-07,2.447397947e-06,0.0002972891089,4.553647523e-05,0.0003560323676,0.0007582512335,0,0.002937508048,0.3302448094,2.106418469e-05,1.458822044e-05,1.659607369e-05,0,0,0,0,0,0.001129551325,0.0001411960693,0.006343419664,0.4600494802,0.001559782191,0.001810083282,7.547462701e-06,0.0001030800559,4.916669695e-06,0,0.00366875343,0.002760128584,0.0008513670764,0,0,0,0,0,0,0,0,0,0,0,0,0,4.13685666e-05,0,0,0,0,0,0,0,0,0,0,0,0,0,0,0,0,0.002320388099,0,0,0,0,0.0008813721361,0,0,0,0,0,0,0,0,0,0,0,0,0
80,0.0001214492368,0.0002530677884,6.199457857e-05,0.00185557385,0.0003173143195,0,0,0.0009242644883,0.0004869216937,0.0001592007902,0.0003671716549,0.001274821232,0.1801875234,0.06664027274,0,0.004130815621,0.02936853841,0.02070278674,0.04294111207,0.0606584698,0.03830797598,0.03651369736,0.02285354398,0.007995797321,0.0167042464,0.03133115917,0.1444102079,0.1182210073,0.2192082256,0.2143693715,0.1843348742,0.1270935088,0.1015726104,0.06105995551,0.07820357382,0.1039203331,0.03234206885,0.004761547782,0.004761904944,0.0151599776,0.003580306889,0.004761904944,0,0.4829809964,0.01108880062,0.003569174558,0.009126955643,0.006887437776,0.0001372299448,0.001409279183,0.001188535709,0.001621742151,1.081091796e-05,0,4.041369903e-05,0.0003835300158,0.0004860108602,0.000388962857,1.460980457e-05,0.0039946693,0,1.859906661e-05,0.0002266313968,6.125237633e-06,7.141769311e-05,0.000101561207,0.0002206874633,5.664832133e-05,0.002160125412,4.469767646e-06,2.222264629e-05,0.0002476383233,0.7604351044,0.0001762011962,0.0003284142585,0.0004461263889,0.0001080593865,0.00117078796,0,0,0,4.875381819e-06,0.001712289988,0.02019911073,0.3630963862,0.002149144653,0.002600192791,0,1.023530331e-05,1.120880916e-05,0.0007040414494,1.730045369e-06,2.082962993e-07,0.0002428877342,0,0,0,0,0.0001090585283,0,8.434468327e-05,0,0,0,0,0,0,3.614225761e-06,0,0.0001933685126,8.29430719e-05,0,0,7.692830877e-06,0,0.0003886160848,0,0,0,0,0,0,2.324337947e-05,0,0,0,0,0,2.321240027e-05,0,0,0,0,0,0,0,0,0,7.987074059e-05,0,0,3.072867548e-05,1.802755469e-05
81,0,0,0,0,0,0,0,0,3.54326512e-05,0,2.459115422e-05,2.94482852e-05,0.2452527285,0.1174263284,0,0.0002686928492,0.0008702803752,0.0005346615799,0,0.0006893399986,0.0003306669532,0,0,0,0.001220995793,0.000243862698,0.004244810436,0.003573541064,0.01101433951,0.00448855944,0.002746242099,0.003767344868,0.004866858944,0.003771445248,0.000888266135,0.003946158104,0,0,0,0,0,0,0,0.4936158955,0.01959026232,0.00385698257,0.006105069537,0.005992424674,0.0001312653039,0.008448011242,0.003015130758,0.001094197971,0,0,0,0,0.0004576663487,0.0003263772232,2.96778544e-05,0.001233030693,0.0002058595855,0,0.0007146375719,2.26266111e-05,0,0,0.000375206786,0,3.306891813e-05,0,0,2.314871745e-05,0.7961130142,0,0.001460630796,0,0,0,0,0,0,4.87444413e-05,0.0001343148615,0.00940420758,0.3933864236,0.001228651614,4.683649968e-05,0,0,0,0,1.345934652e-05,0,0,0,0,0,0,0,0,0,0,0,0,0,0,0,0,0,0,0,0,0,0,0,0,0,0,0,0,0,0,0,0,0,0,0,0,0.0003106891818,0,0,0,0,0,0,0,0,0,0,0,0,0,0
82,9.686475096e-05,0.002489016857,5.05230928e-05,0.008338950574,0.0001072795494,0,0,0.001027986757,0.0007090807776,0.002205137862,0.0004037357285,0.00234051561,0.166855216,0.0625135228,0.004270029254,0.003322107252,0.03130470216,0.06385844946,0.08382199705,0.1034058928,0.08607845753,0.075170964,0.06501081586,0.05346950889,0.03204703331,0.05908823386,0.1995100528,0.2252263427,0.2924915552,0.3038968146,0.2591160238,0.2265379876,0.1930495203,0.1370849162,0.1629723758,0.156233117,0.1112574115,0.01947241835,0.02243230119,0.01046482194,0.02029797621,0.02212179825,0,0.4261811674,0.003585902508,0.001443439513,0.001916485955,0.001838818658,0.0001416574378,0.0001290778309,4.665480446e-05,0.002043138258,4.66226229e-05,0.0002447512525,0,0,0.0007756124251,0.002664075466,0.000447737315,0.0004080559011,0.0005254540592,4.708056804e-05,1.603817509e-05,1.785274435e-05,0.0002790049766,0.001305378275,0.0007778006839,0.0002203351032,0.001683552517,2.971410822e-06,2.908623355e-05,0.002383466111,0.7213687301,0.0004674314114,0.0001737478597,0.001265344443,0.0005982717266,0.0006185777602,0.001129551325,4.875381819e-06,4.87444413e-05,0,0.00296761631,0.0236740578,0.3728046417,0.001743317582,0.004788765218,0.000967353466,0.0001448183903,7.660053961e-05,0.00064006506,1.276440253e-05,2.394822104e-06,0.0004632410419,3.515034768e-05,0,4.298139902e-05,0,0,0,0,3.804202788e-05,0,0,0,0,0.002433751011,0.0001259904093,0,0,3.624713145e-06,0,1.650764898e-05,2.003424561e-05,0,0.0005099857226,0,4.354563316e-06,0,0,6.067561844e-05,0.0001030894564,0.0001504775719,0,0.0001506559202,0,0,0.0001060188661,2.219638873e-06,3.393487714e-05,0,0,0,7.098675269e-05,0,0,0,0,0.0004326145281,0.0002572041412,0.0004885003436,9.525661881e-06,2.255689651e-06
83,0.0007335115224,0.0007123145624,0.008055558428,0.005115031265,0.0001988263539,0.006394174881,0.0006074334378,0.006312171929,0.005630594213,0.00260891323,0.002066742396,0.001616342342,0.08624312282,0.1252214611,0.01252926607,0.009928592481,0.01758865267,0.03095238283,0.01734889112,0.04619729519,0.0304903239,0.01106787194,0.004761904944,0.004761904944,0.0008442281396,0.013207376,0.1020542011,0.06562392414,0.1153388098,0.1868604869,0.123362653,0.07282422483,0.0427043736,0.02839375287,0.05714741349,0.05400051177,0.01666666754,0,0.004761904944,0.004761904944,0.002380952472,0,0,0.05485841259,0.0234437678,0.00054878433,0.01427766867,0.01499462221,0.02106921002,0.005648329854,0.006017810199,0.005459331907,0.0001913824526,0.0002111458307,3.284662307e-05,8.587805496e-05,0.0001555717899,0.0002771271684,0.002651579678,3.009633838e-05,7.238381386e-06,1.662486648e-05,0.001062025549,0.0004935185425,4.499112038e-05,5.162293746e-05,1.944710675e-05,0.0002041391708,0.003247299232,0.003226182889,0.0002064344881,0.01477766875,0.3245161176,1.656916538e-05,2.465429134e-05,0.0009253207827,7.108874797e-06,7.497141269e-06,0.0001411960693,0.001712289988,0.0001343148615,0.00296761631,0,0.003783413675,0.4303601384,0.0003097797453,0.00472811982,0.0003372522187,0.005408768542,0.0003732000187,0.000194167369,0.006929381285,0.003551396076,0,0,0,0,0,0,0,0.0009163227514,0.001118074986,5.432484613e-05,0,0,0,0.002380952239,0,0,0,0.0007033732254,0,0.001114233048,0.0001609765895,0,0,0,0,0,0.001520722639,0,0,0.0005875211791,0.00141120248,0.003020559205,0,2.085049709e-05,0,0.0003228178248,0.0003681037924,0,0,0,0.002380952472,0,0,0,0,0,0,0,0,0.0001963108662
84,0.02216267586,0.02314469405,0.03124374337,0.04356093332,0.0291139856,0.04470947012,0.04119733721,0.04765571281,0.1024532989,0.02522886544,0.05560483783,0.036381796,0.1781953722,0.2714933157,0.1208838746,0.1096228957,0.04352417588,0.04030164331,0.04199933633,0.05732539669,0.05587923899,0.02649767883,0.02289989032,0.01190476213,0.01082396135,0.04394018278,0.2001272738,0.1412913203,0.2005203068,0.3193997741,0.231922999,0.1485666484,0.116572395,0.04837986827,0.09560500085,0.1162053198,0.04844728857,0,0.002380952472,0.007142857648,0.004761904944,0.002380952472,0,0.1288195848,0.05527237058,0.008019411005,0.03197878599,0.04556178674,0.05670053512,0.02770303935,0.02870463952,0.0470973812,0.01068925858,0.005807085894,0.005669841543,0.008037280291,0.00986695569,0.01622992195,0.01572801545,0.003724188311,0.005906649865,0.01198297366,0.01965702884,0.01742776297,0.005997871049,0.008609872311,0.004836978391,0.008707934991,0.07006677985,0.01202275883,0.005886015017,0.1048345789,0.4217762649,0.005797205493,0.008543454111,0.0296768751,0.005979927722,0.005868786015,0.006343419664,0.02019911073,0.00940420758,0.0236740578,0.003783413675,0,0.4815984368,0.01021234039,0.08064222336,0.01009752601,0.06782540679,0.00761752855,0.006789030507,0.03247668967,0.02639283799,0.03246952221,0.02803630941,0.02821520343,0.01921473444,0.02352095209,0.02720852755,0.009539948776,0.0293400865,0.03071044199,0.01973080076,0.004715486895,0,0.001479742932,0.01066941675,0.01521130465,0.02107387036,0.006093962118,0.02248803154,0.007602918893,0.01944625378,0.01565448754,0.003339451505,0.01062870305,0.01252423599,0.01798796467,0.007031164132,0.00667809369,0.004736858886,0.01310682669,0.007972595282,0.02541711554,0.02838495933,0.01781276613,0.01532518677,0.007292292081,0.02407956123,0.0219048243,0.02235408127,0.01313398685,0.009525405243,0.02035045251,0.01268600486,0.01102682017,0.02384303138,0.01447294373,0.00777286943,0.004893050995,0.008673175238,0.02675212733,0.02187292837
85,0.3914862275,0.3225276768,0.4469328225,0.3930191994,0.4314213395,0.3769933581,0.3106775284,0.4607268274,0.7230542302,0.6157671213,0.6373512745,0.5353505015,0.8299127817,0.8956712484,0.7508392334,0.7116814256,0.2097835243,0.1290173233,0.1194665506,0.211612165,0.1821145862,0.1121717468,0.08287623525,0.03226090595,0.05128929764,0.1134235337,0.6901097894,0.3995328844,0.5759280324,0.6331136227,0.5519641042,0.4208003879,0.2405855209,0.1629097462,0.3348366618,0.4365464151,0.09795236588,0.01666666754,0.02619047649,0.05695379525,0.02380952425,0.01190476213,0.002380952239,0.7465773821,0.618961513,0.5297589898,0.4813664854,0.5644266009,0.5645939708,0.423202008,0.405850172,0.2494490147,0.2502151132,0.3123645484,0.4421552122,0.4571313262,0.4006077945,0.3198840618,0.3386155665,0.4117315412,0.3385210037,0.3333886266,0.354226321,0.3054938912,0.4342077374,0.4209972322,0.287563622,0.2853939235,0.6394286156,0.264654249,0.4122358561,0.6987118721,0.9700438976,0.3641882837,0.381347239,0.6420387626,0.4421954751,0.4461643994,0.4600494802,0.3630963862,0.3933864236,0.3728046417,0.4303601384,0.4815984368,0,0.18953152,0.7014748454,0.4817776382,0.6768366694,0.4374645352,0.4318043888,0.4151604474,0.4118846953,0.3855350018,0.3905134797,0.3394688666,0.414157033,0.4434699416,0.4602113068,0.3047918975,0.4555576742,0.4612031281,0.3536292315,0.1875127703,0.1304932535,0.1420208216,0.2005140334,0.3124426007,0.3843976855,0.1201062724,0.4167027175,0.1241610646,0.3627341688,0.3204169869,0.1712904871,0.3284488618,0.2406105846,0.3893339336,0.08875314891,0.1635024548,0.2589772046,0.2902424037,0.384110719,0.3485481739,0.432015568,0.357375145,0.3437817991,0.1777934134,0.4201394618,0.3514159918,0.3793397248,0.2756915092,0.2013765723,0.3597439826,0.2377159446,0.1910678893,0.3622633517,0.3186126351,0.3924065828,0.2440217584,0.2216612995,0.4296301901,0.3880632222
86,0.001075235661,0.001693309285,0.003872254165,0.007472433615,0.001898907707,0.004618298262,0,0.004709924106,0.0206780564,0.004457380623,0.006970528979,0.00497585116,0.1309535056,0.1559955627,0.01910071634,0.02391618676,0.0175377652,0.01220887899,0.01660884358,0.03203468397,0.01695874706,0.02034827322,0.007142857648,0.002380952472,0.003800366074,0.00564729888,0.1275946647,0.06887593865,0.1111403108,0.1676910222,0.1247050986,0.1004440188,0.03002488799,0.0264185071,0.04329497367,0.04010176286,0.0142857153,0.002380952472,0,0,0,0.002380952472,0,0.1588987112,0.01715513505,0.006763007957,0.005942823831,0.01211691834,0.008618883789,0.003340867115,0.003048593178,0.003728079377,0.0003575264127,0.0005326099345,0.0006426241016,0.00132731162,0.001999694854,0.001414062688,0.0007674585213,0.001198432292,0.0004697436525,0.0008287940291,0.001648992533,0.0008628636715,0.0006367704482,0.001665483695,0.000124180282,0.0003343014687,0.01754028909,0.0007165658171,0.0009684842662,0.02901142091,0.6329097152,0.0003132404527,0.001462293207,0.004376185127,0.0009628688567,0.0004095047771,0.001559782191,0.002149144653,0.001228651614,0.001743317582,0.0003097797453,0.01021234039,0.18953152,0,0.01680548303,0.0005281880149,0.01279275585,0.0004313274694,0.001380997128,0.002359582111,0.003932086285,0.000929433736,0.0009013293893,0.002402045997,0.00494366372,0.002979320008,0.003953939304,0.002363520209,0.002872661687,0.002149998909,0.002087116009,0,0,0,0.0001563276019,0.0008374866447,0.0006534230197,0.00041772041,0.001298761112,0,0.001686501433,0.001332876738,0,0.00048759114,0.0008988267509,0.001558929798,0,0,0,0.0002382607054,0.002540961374,0,0.00300837704,0.003162691602,0.001737456769,0,0.00301853125,0.001180655789,0.0007395072025,0.0004354185949,0.0005817596102,0.002805253491,0,0,0,0,0.0001353612024,0,0,0.001525574364,0.001965207281
87,0.001098068315,0,0.00120170461,0.003202678636,0.001226632739,0.003340998199,0.0001200875704,0.007977815345,0.002777736401,1.932416126e-05,0.0001465239766,0.0006392389769,0.04220642895,0.1563005596,0.0001423131616,0.006574355066,0.007142857648,0.002380952472,0.009523809887,0.004278975539,0.001732383971,0.003389581572,0.002380952472,0.002380952472,0,0.002380952472,0.03372874856,0.01995277032,0.03024058044,0.05505204201,0.02656664513,0.01921497658,0.01225302648,0.004761904944,0.01321882103,0.01609016396,0.004761904944,0,0,0,0,0,0,0.113727808,0.007879184559,0.009607005864,0.00768564688,0.005710027181,0.01084562764,0.01174381468,0.006764573976,0.03000984155,0.0002859640517,2.031471195e-05,0.002107399981,0.00126748078,0.0004593604826,0.0007894292939,0.0003029197105,0.008844663389,0,0.0009909052169,0.003877923358,0.003798561869,0.0006727590808,0.0004555888881,0.005761007778,0.001284715021,0.0005699646426,0.0007633924251,5.643858094e-05,2.644929555e-05,0.5968682766,0.002749284264,0.00645789085,1.178648199e-05,0.0002504881704,1.069356131e-05,0.001810083282,0.002600192791,4.683649968e-05,0.004788765218,0.00472811982,0.08064222336,0.7014748454,0.01680548303,0,8.771195098e-06,3.705407653e-05,3.285163257e-05,0.0003082551993,0.006485482678,0.002323506866,0,0,0,0,0,0,0.002380952472,0.0004475414171,0.004515053239,0.003559750738,0,0,0,0,0.002380952472,0,0,0.0009082305478,0,0.005553474184,0.0006698938669,0,0.001565981656,0.002972215414,0,0,0,0,0,0,0,0.0001357760048,0.0008526530582,0.0007094808971,0,0.005401592236,0.002767471829,0,0.004761904944,0,0.00053595606,0,0,0,0,0,0,0,0,0.005647673272
88,0,0,0,0,0,0,0,0.00089972961,0.0001132353354,1.36739834e-06,1.629356666e-05,2.586741903e-05,0.04318397865,0.06790165603,0.002894169884,0.0004760142183,0,0.00118177454,0.000225556636,0.001973536331,0.0007681578863,0,0,0,0.0008642589673,0.002380952472,0.002362657804,0.006127533503,0.01015946455,0.0195909217,0.01822488196,0.01922689751,0.003940837458,0.001478230115,0.001368741971,0.006134356838,0.002380952472,0,0,0,0,0,0,0.1124119759,0.01153127477,0.0006803354481,0.006652587093,0.007597988471,0.001619790331,0.000575160142,0.001122115529,0.00145812158,0,0,3.620670395e-05,0,4.604132846e-05,0,0.0001742957247,0.000666210195,3.41617706e-05,6.02502223e-05,0.0004686596221,0.0001985011477,7.907154895e-07,0,9.13451513e-05,1.879533193e-05,1.899384552e-05,0.0002083509899,0,0.0008923606947,0.4390546978,5.262908599e-05,0.0002265231306,2.048924671e-06,0,0,7.547462701e-06,0,0,0.000967353466,0.0003372522187,0.01009752601,0.4817776382,0.0005281880149,8.771195098e-06,0,1.060700106e-05,0,0,0.00172283256,9.810899792e-05,0,0,0,0,0,0,0,0,0,0,0,0,0,0,0,0,0,0,0,0,0,0,0,0,0,0,0,0,0,0,0,0,0,0,0,0,0.001249003224,0,0,0,0,0,0,0,0,0,0,0,0,0.000645266904
89,0,0,0,0,0.001375301392,0,0,0,0.0002286180097,2.134946271e-06,1.516276552e-05,6.055213089e-05,0.2002237886,0.05839257687,0,0.0004926433321,0,0,0,0,0.0008305810625,0,0,0,0,0,0.001191619784,0,0.001296701375,0.005902227014,0.001486251014,0.003786425339,0.002380952472,0,0,0.002380952472,0,0,0,0,0,0,0,0.4801326096,0.003445148235,0.01138148829,0.002837903798,0.005151618272,0.000259449007,0.00130171224,0.005286014639,0.01080721803,0,0,0.002380952472,0,0,0,7.49584724e-05,0.00395840127,0,0,0.002686354797,0.0003819557605,4.447430547e-05,0.0004109470756,0.001822462888,0.0002887696028,0.001398311579,0,0,1.200270049e-06,0.7049435377,0,0.004798132461,4.702672413e-06,9.847887668e-06,0,0.0001030800559,1.023530331e-05,0,0.0001448183903,0.005408768542,0.06782540679,0.6768366694,0.01279275585,3.705407653e-05,1.060700106e-05,0,0,0,0,6.61203012e-06,0,0,0,0,0,0,0,0,0,0,0,0,0,0.002380952472,0,0,0,0,0,0,0,0,0,0,0,0,0,0,0,0,0,0,0.002380952472,0,5.361453077e-06,0,5.423647963e-05,0,0,0,0.002380952472,0,0,0,0,0,0,0,0,0
90,0,0,0,0,0,0.001259337296,0,0,2.627713184e-05,3.93022674e-06,1.379923742e-05,9.807461538e-06,0.07225791365,0.05576404929,0.000457223272,0.0002627171052,0,0,0.0002496758243,0.0006334938225,0.0007509727147,0.0002523377771,0,0,0,0.001141311484,0.001659534755,0.003464287147,0.00450173486,0.004152868409,0.002440917771,0.0008214462432,0.000639845035,0.0003510717943,0.0001951460436,0.001640916336,0.0001232236827,0,0,0,0,0,0,0.3942126334,0.0124224918,0.001447569695,0.0017676485,0.008627805859,0.0005182941095,0.003359527327,0.00328205619,0.0008942687418,2.137009506e-05,0,0,0,0.0004897239269,0.0006296174834,0.0004585567222,0.0001363099436,0,0.0002455061185,0.001313115819,0.0002215031855,0,0,6.308555749e-05,0.000131659981,2.468212006e-05,1.194564084e-05,0,3.447285962e-06,0.4901990294,8.500320109e-05,0.0002743772638,1.230060661e-06,0,0,4.916669695e-06,1.120880916e-05,0,7.660053961e-05,0.0003732000187,0.00761752855,0.4374645352,0.0004313274694,3.285163257e-05,0,0,0,0,2.315933489e-05,5.949932529e-06,0,0,0,0,0,0,0,0,0,0.0003529773967,0,0,0,0,0.0002114093659,0,0,0,0,0,0,0,0,0,0,0,0,0,0.0001279012504,0,0,0,0,0,0,0,0,0,0,0,0,0,0,0,0,0,0,0,0,0
91,1.024783069e-05,0,0,5.810981747e-05,0,0,0.001135243336,5.221707397e-05,6.303814735e-05,8.830950719e-06,3.401395225e-05,3.464643669e-06,0.02587064356,0.04741207138,0.00572537072,0.0002789984574,0.0009497241117,0.003038519062,0.001506009139,0.003414313076,0.002271044068,0.000547471398,0.000758768816,0,0,0.003752086312,0.005465082359,0.01037143264,0.02096575685,0.01027884614,0.01288263127,0.007604648825,0.004480471835,0.004761904944,0.002823089249,0.00524688419,0.002320790896,0,0,0,0,0,0,0.06998710334,0.01221151557,0.0002635573037,0.006923314184,0.004761904944,0.006552915089,0.0005871450994,0.00110834511,0.003233023221,0.0001419260079,0.0001074887696,0,0,6.854513231e-06,0.0001161562468,8.811758744e-05,2.152377056e-05,0,7.096321497e-06,5.964981028e-05,2.056098674e-05,0,1.763355158e-06,0.0001835427538,0.0001599345123,3.464995461e-05,0,3.36515086e-06,0.001133570098,0.3660272658,3.44464861e-05,4.752590394e-05,2.976554924e-06,0,0,0,0.0007040414494,0,0.00064006506,0.000194167369,0.006789030507,0.4318043888,0.001380997128,0.0003082551993,0,0,0,0,0.002834320767,0,0,0,0,0,0,0,0,0,0,0,0,0,0,0,0,0.0002459550742,0,0,0,0,0.0002846463467,0,0,0,0,0,0,0,0,0,0,0,0,0,0,0,0.0005508239847,0,0,0,0,0,0,0,0,0,0,0,0,0
92,0.0002518708934,0.002359986771,0.000207534089,0.007589797489,1.755828816e-05,0.002607458737,0,0.001356310444,0.001912889653,0.000787306577,0.0006046760245,0.003924008459,0.301710695,0.2634684443,0.004946163855,0.006334225181,0.02064758539,0.02930789627,0.03636831418,0.07030697912,0.04206880927,0.04532641545,0.01190476213,0.002380952239,0.0142857153,0.03535864502,0.1535334885,0.0942563042,0.2000574619,0.2768926919,0.1856001318,0.1312733442,0.09689193219,0.03931376338,0.07005003095,0.11242681,0.03617744148,0.007142857648,0.004761904944,0.01298636757,0.0142857153,0.004761904944,0,0.4264962375,0.005671085324,0.009413172491,0.0007822987391,0.0004384207132,0.0001447160321,0.0005387204001,7.961064694e-05,0.003619649913,0,0.004761904944,0.001724580186,0.004761904944,0.00253222161,0.003726645838,0.004723742139,0.007791486103,0.002380952472,0.003205282148,0.0001324542391,0.0003563754726,0.001113152364,0.00172001461,0.003473605495,0.001001830213,0.003002901329,0,3.675303742e-05,0.002556691412,0.9067211747,0.00120882655,0.001801312086,0.0002845603158,0.0008247716469,0.0001293790992,0.00366875343,1.730045369e-06,1.345934652e-05,1.276440253e-05,0.006929381285,0.03247668967,0.4151604474,0.002359582111,0.006485482678,0.00172283256,0,2.315933489e-05,0.002834320767,0,6.051389846e-06,0,5.59636901e-05,0.0001536639611,0,2.017243969e-05,5.748688272e-05,3.544585707e-05,1.42523495e-05,3.186537651e-05,0,0,0,0,0.001277385745,0,0.0001583178237,0,1.491661351e-05,0,5.853647235e-05,0,0,0,0,0,0,0,0,0,0.002380952472,0,0.0002624827321,0.0001431906276,0.0009728419827,0,2.551599573e-05,0,0,0,0,0,0,0,6.043617759e-05,0,6.504698831e-05,0,0,1.43509551e-05,0
93,5.627046903e-06,0.0004383907944,0,0.002153613139,0.0001695091778,0,0,0.0003635162138,0.0004772052052,0.0004045112873,0.0004902096116,0.001486492925,0.2521632016,0.1438375562,0.0007708222256,0.003153788624,0.01254677027,0.01137772296,0.02855912782,0.03120997921,0.0318611525,0.01749989763,0.02476986311,0,0.006019176915,0.02861508727,0.1222696081,0.08553738147,0.1714079082,0.2050244063,0.1437404752,0.1296045929,0.07486186922,0.0423197411,0.07199191302,0.0857726559,0.01666666754,0.004761904944,0.002380952472,0.007142857648,0.002380952472,0,0,0.4682473838,0.0107505247,0.008501637727,0.005988218356,0.002940370236,0.0001811550756,0.002171904547,0.0006164441584,0.002231656807,0,0,0,0,0.002380952472,0.0004508087586,0.0001555461204,0.001170390169,0,0.0003403833834,0.0001484354434,2.248624151e-05,0.001321356511,0.0009344763821,0.0008183004102,8.006447752e-05,0.001555067371,0,6.947806469e-06,0.0001920314826,0.8430976868,0.000128140251,0.0006767263403,6.469383516e-05,0,0,0.002760128584,2.082962993e-07,0,2.394822104e-06,0.003551396076,0.02639283799,0.4118846953,0.003932086285,0.002323506866,9.810899792e-05,6.61203012e-06,5.949932529e-06,0,6.051389846e-06,0,0,0,0.0001986433053,0.0001828083186,0,9.686345584e-05,0,1.668957157e-05,0,0,0,0,0,0.0007602596888,0.0002126210456,0,0,2.018927262e-06,0,0,0,0.0003248657158,0,0,0,0,0,0,0,0,0,0,0,3.136911255e-05,0,1.789339876e-06,0,0,0,0,0,0,0,0,0.000999894226,7.643351273e-05,0,0,0,0
94,0,0,0,0,0,0,0,2.833086182e-05,0.005398349836,0.000557520194,0.003542009275,0.0008160376456,0.04861338064,0.06038318574,0,0.006750778761,0.0002205658966,0.0001935378677,0.001951427199,0,0.0001310630178,0,0,0,0,0.0001012615612,0.005363405682,0.000683765451,0.004569621291,0.01378543954,0.004939774517,0.009821236134,0.0008150820504,0.002380952472,0.004761904944,0.002653428353,0.0006321842666,0.002380952472,0,0,0,0,0,0.3889523745,0.0002810043225,0.001153725898,0.000248384953,0,2.313488767e-05,0.001074285829,0.0003423645976,0.00338143087,0,0.002380952472,0,0,0.005630577914,0.0003145888913,0.002734578215,0.0005469495081,0,0.001231151051,0.0008496265509,0.001986843767,0,0.003029064508,0,0.001537508797,0.001621274627,0,0,0,0.7247462273,0,0,0,0,0,0.0008513670764,0.0002428877342,0,0.0004632410419,0,0.03246952221,0.3855350018,0.000929433736,0,0,0,0,0,0,0,0,0,0,0,0,8.123367934e-07,0,0,0,0,0,0,0,0,0,0,0,1.029388204e-05,0,4.302429443e-05,0,0,0,0,0,0,0,0,0,0,0,0,0,0,0,4.807817277e-06,0,0,0,0,0,0,0,0,0,0,0,0,0,3.908520739e-05
95,0,0,0,0,0,0,0,0,0.00111812423,0,4.49460822e-05,0,0.04633704945,0.02256444655,0,0.0007335891714,0.0001253945811,0.001027084771,0,0.0008445173153,0,0,0,0,0,0,0.02524708398,0.007142857648,0.02106648311,0.01772281714,0.004761904944,0.004761904944,0,0.002380952472,0.00277622533,0.002380952472,0,0,0,0,0,0,0,0.3498241007,0,0.002542242175,0.0001813327108,0,3.182025466e-05,0,0,0.004812476225,0,0,0,0,0,0,0,7.718708366e-05,0,0,0,0,0,0,0.002380952472,0,0.0002068930335,0,0,0.001062421943,0.659742415,0,0.0004403411003,0,0,0,0,0,0,3.515034768e-05,0,0.02803630941,0.3905134797,0.0009013293893,0,0,0,0,0,5.59636901e-05,0,0,0,0,0,0,0,0,0,0,0,0,0,0,0,0,0,0,0,0,0,0,0,0,0,0,0,0,0,0,0,0,0,0,0,0,0,0,0,0,0,0,0,0,0,0,0,0,0,0,0
96,0,0,0,0,0,0,0,0,0.0007352429093,0,0.0003484501212,0.001257624128,0.05479728431,0.01796994358,0,0,0,0,0.0009152868879,0,0,0,0,0.002380952472,0,0,0.01106051076,0.001388347358,0.004761904944,0.004761904944,0.007142857648,0,0.002380952239,0,0.002380952472,0,0,0,0,0,0,0,0,0.3845770061,0.0003263948602,0.00131316972,0,1.254796825e-05,0.0001242668368,0.0007767144125,0,0.001790158334,0,0,0,0,0,0,0,0,0,0,0,0,0,0,0,0,0.004534380045,0,0,0,0.7265662551,0,0,0,0,0,0,0,0,0,0,0.02821520343,0.3394688666,0.002402045997,0,0,0,0,0,0.0001536639611,0.0001986433053,0,0,0,0,0,0,0,0,0,0,0,0,0,0,0,0,0,0,0,0,0,0,0,0,0,0,0,0,0,0,0,0,0,0,0,0,0,0,0,0,0,0,0,0,0,0,0,0,0,0
97,0,0,0,0.0002125652391,0,0,0,4.77347794e-06,0.0002336230682,0,0.000363007508,0.0004602088593,0.04269391671,0.02094140649,0,0.0009234143654,0,0.003897741437,0,0.0005333435256,0,0.0006358736428,0,0,0,0,0.03932357579,0.01492307149,0.02442393638,0.03759014606,0.01532332972,0.01709417999,0.002380952239,0.007142857648,0,0.006879094988,0.005327558145,0,0,0,0,0,0,0.3209947646,0,0,0,2.234956264e-05,2.117491204e-05,0,0,0.005906725768,0,0,0,0,0.002380952472,0.003981345799,0,0,0,0,0,0.0002077625541,0,0,0.000766700774,0,0.001087733544,0,0,0,0.6351642609,0,0,0,0,0,0,0,0,4.298139902e-05,0,0.01921473444,0.414157033,0.00494366372,0,0,0,0,0,0,0.0001828083186,0,0,0,0,0,0,0,0,0,0,0,0,0,0,0,0,0,0,0,0,0,0,0,0,0,0,0,0,0,0,0,0,0,0,0,0,0,0,0,0,0,0,0,0,0,0,0,0,0,0
98,0,0.0005041650729,0,0,0,0,0,0,0.0003775717341,0.001393656363,0.0002087473549,0.00301418337,0.05132375658,0.03069695458,0.002380952472,0.0009226927068,0.0002782330848,0.001596027869,0,0.0003018696152,0.001795220771,0.002380952472,0,0,0,0,0.01239080913,0.007860302925,0.01053699572,0.02673632093,0.01933817938,0.01742559485,0.01309047733,0.004761904944,0.00450498471,0.004657450598,0.002380952472,0,0,0,0,0,0,0.3401708901,6.965664943e-05,0.0006701241364,4.532524599e-06,0,6.232447049e-05,1.212993266e-05,5.572531336e-06,0.004031789955,0,0,0,0,0,0,0.00175482023,0.0002595953702,0,0,1.774652083e-05,1.166181664e-05,0,0,0.0008019956294,0,0.001884599333,0,0,0.0008552212385,0.67383641,0,0,0.0004419798497,0,0,0,0,0,0,0,0.02352095209,0.4434699416,0.002979320008,0,0,0,0,0,2.017243969e-05,0,0,0,0,0,0,0,0,0,0,0,0,0,0,0,0,0,0,0,0,0,0,0,0,0,0,0,0,0,0,0,0,0,0,0,0,0,0,0,0,0,0,0,0,0,0,0,0,0,0,0
99,1.064166463e-05,0,2.131298061e-05,0,3.493250233e-06,0,0,0,0.0002329663839,0.0006340704276,0.000897304446,0.000695598952,0.05092364922,0.06629705429,0.001535656396,0.0004189246683,0,0.004761904944,0.002380952472,0.001162076136,0,0,0,0,0,0.003174296813,0.04106305912,0.01029246207,0.02808132209,0.05614985153,0.02766247652,0.02187121473,0.004761904944,0,0.005922504701,0.01269124169,0,0,0.002380952472,0,0,0,0,0.3895697296,0.0004224604345,0.0009129713289,9.012904047e-05,6.960014434e-05,7.978874783e-05,3.047185601e-05,2.391620546e-05,0.006174585782,0,0,0,0,0,0,0,0.000542559661,0,0.002380952472,3.448037387e-05,0.0001253077498,0,0,0.002762027783,0.004761904944,0.003384869546,0,0,0,0.7680725455,0.0002041221596,0,0,0,0.0006253556348,0,0.0001090585283,0,0,0,0.02720852755,0.4602113068,0.003953939304,0,0,0,0,0,5.748688272e-05,9.686345584e-05,8.123367934e-07,0,0,0,0,0,0,0,0,0,0,0,0,0,0,0,0,0,0,0,0,0,0,0,0,0,0,0,0,0,0,0,0,0,0,0,0,0,0,0,0,0,0,0,0,0,0,0,0,0
100,0,0,0,0,0,0,0,2.186293932e-05,0.001663825358,0.001991367899,5.854582923e-05,0.002917788224,0.04089512676,0.0102687031,0,0.00191189209,0,0.0009370155749,0.0005565346801,0,0.001307733357,0.002721170662,0.002380952472,0,0,0,0.01873863302,0.002380952472,0.02087944187,0.01560552977,0.00712765241,0.002380952472,0.002380952239,0.002380952472,0.002380952472,0.009461836889,0,0,0,0,0,0,0,0.2100055218,0,0,0,0,0,0.0001408987009,5.672967291e-06,0.002035093727,0,0,0,0,0,0,0.0008818534552,0,0,0,6.234876491e-05,0.0009959022282,0,0,0.0005982670118,0,0.001666278811,0,0,0,0.4992084205,0,0,0,0,0,0,0,0,0,0,0.009539948776,0.3047918975,0.002363520209,0.002380952472,0,0,0,0,3.544585707e-05,0,0,0,0,0,0,0,0,0,0,0,0,0,0,0,0,0,0,0,0,0,0,0,0,0,0,0,0,0,0,0,0,0,0,0,0,0,0,0,0,0,0,0,0,0,0,0,0,0,0,0
101,8.080638509e-06,0,0,0,0,0,0,1.993584738e-05,0.001000051969,0.0006350681651,0.0002784085809,0.002367967274,0.0489115417,0.03300151601,0.002380952472,0.001530780923,0.0003250994196,0.0008337194449,0.001047428814,0.0003315300855,0.001245989581,0.000774710672,0,0,0.00284600351,0.002018003492,0.05921415985,0.03120051883,0.05161062256,0.06073057279,0.05495138094,0.03092135116,0.01607854851,0.01641896181,0.008753450587,0.0329734683,0.008158627898,0,0,0.002380952472,0,0,0,0.3099967837,0.0005071292398,0.0005038851523,3.741968385e-06,4.259183697e-05,4.265610914e-05,0,7.20271828e-06,0.003990010358,0,0,0,0.001615240471,0,0.0002641598985,0.001245763851,0.0002695553703,0,0,2.679040881e-05,0.0002204074408,0,0,0.001593770809,0.0005152560188,0.001540714758,0,0,0.001964370953,0.6545395255,0.0008939941181,0.0001701723668,0.001437520841,0,0,0,8.434468327e-05,0,0,0.0009163227514,0.0293400865,0.4555576742,0.002872661687,0.0004475414171,0,0,0,0,1.42523495e-05,1.668957157e-05,0,0,0,0,0,0,0,0,0,0,0,0,0,0,0,0,0,0,0,0,0,0,0,0,0,0,0,0,0,0,0,0,0,0,0,0,0,0,0,0,0,0,0,0,0,0,0,0,0,0
102,0,0,0,9.842745931e-05,0,0,0,2.487201709e-05,0.0003674547479,0.001511364942,0.0003813278163,0.0003737212683,0.05680876598,0.0571176745,0,0.0019127829,0.0002844060655,0.002407759894,0.003717891872,0.00557996612,0.001772718504,0.00513526611,0.002049758798,0.0008679196471,0,0.003456615377,0.0670934841,0.02821986005,0.07757335901,0.05965811014,0.05567990616,0.03426022083,0.01947617345,0.009523809887,0.02938390337,0.01989364065,0.00527212536,0,0.002380952472,0,0,0,0,0.3374090493,0.0002184861223,0.0001676195971,1.96558085e-05,1.88635222e-05,6.147125532e-05,3.722359543e-05,1.179309379e-06,0.004805402365,0,0,0,0,0,0,0,0.0007226988091,0,0,9.179671179e-05,6.076750651e-05,0,0,0.0008851377643,0.0005606557825,0.001328213722,0,0,0,0.6858602166,0,0.0001607096638,0,0,0,0,0,0,3.804202788e-05,0.001118074986,0.03071044199,0.4612031281,0.002149998909,0.004515053239,0,0,0,0,3.186537651e-05,0,0,0,0,0,0,0,0,0,0,0,0,0,0,0,0.0009524820489,0,0,6.102076895e-06,0,0,0,0,0,0,0,0,0,0,0,0,0,1.097897621e-05,0,0,0,0,0,0,0,0,0,0,0,0,0,0,0,0,0,0
103,4.129758963e-06,0,1.582709592e-05,6.072111137e-05,0,0,0,6.493612455e-05,0.00023895911,0.0006896051345,6.810749619e-05,0.0001512911113,0.01765109599,0.01224096213,0,0.00380926393,0.002138061216,0.005511285271,0.003192464821,0.006925114896,0.01231306512,0.0167930387,0,0.002380952472,0.004761904944,0.008362865075,0.08163841069,0.02773002349,0.07100699842,0.09829342365,0.08600893617,0.0489583388,0.02682767063,0.008867230266,0.01591516472,0.02449132875,0.005614404567,0,0,0,0,0,0,0.2143537998,0.0007039146149,0.0004002834903,0.0005302358186,0,0.0001393251296,0,4.408610766e-05,0.0009848315967,0,0,0,0,0,0,0,8.87874703e-05,0,0,0,0,0,0,0.0004286863841,0,0.00116532098,0,0,0,0.5338404775,0,9.48472516e-05,0,0,0,0,0,0,0,5.432484613e-05,0.01973080076,0.3536292315,0.002087116009,0.003559750738,0,0,0.0003529773967,0,0,0,0,0,0,0,0,0,0,0,0,0,0,0,0,0,0,0,0,0,0,0,0,0,0,0,0,0,0,0,0,0,0,0,0,0,0,0,3.053482578e-05,0,0,0,0,0,0,0,0,0,0,0,0,0
104,0,0,0,1.410219738e-05,0,0,0,0,0.0005210934323,0,0,0.000864882255,0.01103430893,0,0,0.004135712516,0,0,0.002380952472,0.004279400222,0.0007371432148,0.001060049632,0,0,0,0,0.02606338635,0.0142857153,0.01567270793,0.03850948066,0.01353525277,0.002380952472,0.009523809887,0.002380952472,0.002380952472,0.004761904944,0,0,0,0,0,0,0,0.06069841981,0,0.002380952472,0,0,0,0,0,0.0009506831411,0,0,0,0,0,0,0,0,0,0,0,6.736913201e-05,0,0,0,0,0.00142397068,0,0,0,0.2203049511,0,0,0,0,0,0,0,0,0,0,0.004715486895,0.1875127703,0,0,0,0,0,0,0,0,0,0,0,0,0,0,0,0,0,0,0,0,0,0,0,0,0,0,0,0,0,0,0,0,0,0,0,0,0,0,0,0,0,0,0,0,0,0,0,0,0,0,0,0,0,0,0,0,0,0
105,0,0,0,0,0,0,0,0,0.0002743387304,0,0.0008057763916,0,0.0137447631,0.004761904944,0,0.0004138051881,0.0001022621873,0,0.001184767927,0,0.0005827710265,0,0,0,0.0008627814241,0,0.001429115655,0.0008337148465,0.007424241863,0.009977514856,0.003900355427,0.00859644264,0.00322531932,0.002380952472,0,0.007142857648,0,0,0,0,0,0,0,0.05725665018,0.004761904944,0,0,0,0,0,0.001863014651,0,0,0,0,0,0.0003083950141,0,2.518402471e-05,0,0,0,0,0.0002381792438,0,0,0,0,0,0,0,0,0.1915621161,0,0,0,0,0,0,0,0,0,0,0,0.1304932535,0,0,0,0,0,0,0,0,0,0,0,0,0,0,0,0,0,0,0,0,0,0,0,0,0,0,0,0,0,0,0,0,0,0,0,0,0,0,0,0,0,0,0,0,0,0,0,0,0,0,0,0,0,0,0,0,0,0
106,0,0,0,0,0,0,0,0,0.0002443697012,0,0,0.0004549407749,0.008887757547,0.002380952472,0,0.0006833437947,0,0.000305394613,0.003204053966,0.002454926725,0.0006042628083,0,0,0,0,0.001547188731,0.001090499107,0.0009677891503,0.005027370993,0.01881657913,0.008502255194,0.003389796708,0.0004868656979,0,0.0008062373381,0.005275398493,0,0,0,0,0,0,0,0.04426351562,0,0.0004194825306,0,0,0,0,0.002380952472,0.000271274359,0,0,0,0,0,0,5.193988545e-05,0,0,0,0,0.0009708985453,0,0,0,0,0,0,0,0,0.1874399185,0,0,0,0,0,0,0,0,0,0,0.001479742932,0.1420208216,0,0,0,0,0,0,0,0,0,0,0,0,0,0,0,0,0,0,0,0,0,0,0,0,0,0,0,0,0,0,0,0,0,0,0,0,0,0,0,0,0,0,0,0,0,0,0,0,0,0,0,0,0,0,0,0,0,0
107,0,0,0,0,0,0,0,2.282665946e-06,0.002798488131,0.0008130897186,0.001952898107,0.0004627880407,0.01798724197,0.0142857153,0,0.005263156258,2.043859786e-05,4.058935519e-05,8.536563109e-05,0,9.79588367e-05,9.597740427e-05,0,0.000186553254,0,0.0001580053067,0.003367048455,0.002696148353,0.003249742324,0.0023486102,0.001851845998,0.002046780428,0.001094357343,0.002114101546,0.0005346136168,0.001308960374,0,0,0,0,0,0,0,0.1320524365,0.004761904944,0.001149969408,0.004761904944,0.002380952472,0.004761904944,0.01409248542,0.01049504802,0.0007595416391,0,0,0,0,0.0008693168638,0.0008035232895,0.0001144508933,0.001515837619,0,0,0.004036524333,0.001148014213,0,0,0,0,0.0006047140341,0,6.375965313e-06,0.002380952472,0.2703512311,0.0001441498607,0.004756840412,0,0,0,0,0,0,0.002433751011,0.002380952239,0.01066941675,0.2005140334,0.0001563276019,0,0,0.002380952472,0,0,0.001277385745,0.0007602596888,0,0,0,0,0,0,0,0,0,0,0,0,0,0,0,0,0,0,0,0,0,0,0,0,0,0,0,0,0.0003953748965,0,0,0,0,0,0,0,9.466739721e-05,0,0,0,0,0,0,0,0,0,0,0,0,0
108,4.312168755e-07,8.691990274e-07,0,6.923489764e-06,0,0.0001643905271,0,7.000628102e-06,0.0005438215449,0.0003217580961,0.0006909515359,0.0002037357481,0.02468041331,0.02149770223,0,0.00319215632,0.0001734777325,0.0007117980276,0.0003359483671,0.0004410757392,0.0008574115927,0.0005120715359,0.0006989199901,0.0001807761873,7.80075643e-05,0.0007068992709,0.01265869197,0.01091622654,0.01395898219,0.01240013354,0.009317454882,0.009501304477,0.007896039635,0.006989220623,0.004298186861,0.005829595961,0.002283597598,0,0,0.0008721589693,0.0007773642428,0.001896483009,0,0.2725436687,0.008376110345,0.001946236822,0.01505882759,0.01240494289,0.001909871004,0.002799469279,0.005354008637,0.0004950141883,0.0001370051468,0,0,0,4.881557106e-05,0.0003654806642,2.151436638e-05,0.00193764607,1.279093885e-05,0.000855949067,0.001334553352,0.000110060857,3.171072876e-06,8.643899605e-07,0.0001685628667,0,0.000563223497,3.277443966e-06,1.692021669e-06,0.003554089926,0.470426172,8.078145038e-05,0.0006958837039,0.0007083039382,0,0,4.13685666e-05,3.614225761e-06,0,0.0001259904093,0,0.01521130465,0.3124426007,0.0008374866447,0.002380952472,0,0,0.0002114093659,0,0,0.0002126210456,0,0,0,0,0,0,0,0,0.0009524820489,0,0,0,0,0,0,0,0,5.209143637e-06,0,0,0,0,2.430897894e-06,0,0,0,0,0,0,0,0,3.051169369e-05,0,0,0,5.37843116e-05,0,0,0,0,0,0,0,0,0,8.386961781e-06,0,0,0,0
109,0,0,0,0,0,0,0,4.576830543e-05,0.0005734458682,0,2.718231372e-05,0.0005656394642,0.03069770336,0.02149691805,0,0.001927692094,0.001191150164,0,0.00102192536,0.002208066871,0.001033481909,0,0,0,0,0.00107562833,0.03387321532,0.01529646013,0.03252145275,0.03302531689,0.03255430609,0.02144260705,0.005031635985,0.004761904944,0.0142857153,0.007142857648,0.003238601377,0,0,0,0,0,0,0.2495176196,0.0006052590325,0.001643856172,0,0,0,6.693167961e-05,2.78526386e-06,0.003178124549,0,0,0,0.00110013911,0.0007624761201,0,0,0.0003286633,0,0,0,0,0,0,0,0,0.0006337817758,0,0,0.002987817395,0.5361468792,0,0,0.0007843374624,0,0,0,0,0,0,0,0.02107387036,0.3843976855,0.0006534230197,0,0,0,0,0.0002459550742,0.0001583178237,0,0,0,0,0,0,0,0,0,0,0,0,0,0,0,0,0,0,0,0,0,0,0,0,0,0,0,0,0,0,0,0,0,0,0,0,0,0,0,0,0,0,0,0,0,0,0,0,0,0,0
110,0,0,0,0,0,0,0,0,0.000116500727,0.0004563545808,0.0002780763025,0.0006363705616,0.01724488288,0,0,0.000380107027,0.001706457231,0,0.0009112820262,0,0,0,0,0,0,0,0.007712763734,0.008847774006,0.007201779634,0.009669062681,0.01138242614,0.004809775855,0.007142857648,0,0,0.001841047895,0.002380952472,0,0,0,0,0.001031174557,0,0.0494020842,0,0,0.001234954107,0,0,0.002380952472,0,0.003467488335,0,0,0,0,0,0.0007418058231,9.308526387e-06,0,0,0,0.002341123298,0,0,0,0,0,0,0,0,0.002380952472,0.1495046914,0,0,0,0,0,0,0.0001933685126,0,0,0,0.006093962118,0.1201062724,0.00041772041,0,0,0,0,0,0,0,0,0,0,0,0,0,0,0,0,0,0,0,0,0,0,0,0,0,0,0,0,0,0,0,0,0,0,0,0,0,0,0,0,0,0,0,0,0,0,0,0,0,0,0,0,0,0,0,0,0
111,2.2405452e-06,4.116076525e-05,3.333056611e-06,6.844913878e-05,0,0,0,2.851530371e-05,0.00040492689,0.003005787497,0.0003832630173,0.001966689248,0.01965633407,0.02393312007,0.001275073271,0.002041488653,0.002630931325,0.003101173788,0.002624560846,0.005885291379,0.005061508156,0.006756026298,0.004093677737,0.0008129448979,0.00195055455,0.002703347011,0.07274283469,0.07902930677,0.1041463092,0.1046541259,0.0874543786,0.0637344718,0.05218780413,0.03569439799,0.06963361055,0.04569704458,0.01427150983,0.002933322918,0.01212840807,0.002380952472,0.004761904944,0.003745255759,0,0.2608832121,0.001479802071,0.001603859593,0.0002331731521,0.0002876035578,7.62053096e-05,0.0001381864131,3.585413288e-05,0.002159221563,0.0009084803169,0,0,0,0.0005360215437,8.209990483e-05,0.000209928563,0.001175076002,0,0,1.527200038e-05,3.202014341e-05,0,0.0001376294094,0.0006047462812,0.0001742753666,0.001397575019,0,1.379965579e-05,0.001769085065,0.5842308402,0.0001610337495,1.847530984e-05,0,0,0,0,8.29430719e-05,0,3.624713145e-06,0.0007033732254,0.02248803154,0.4167027175,0.001298761112,0.0009082305478,0,0,0,0,1.491661351e-05,2.018927262e-06,1.029388204e-05,0,0,0,0,0,0,0,6.102076895e-06,0,0,0,0,0,5.209143637e-06,0,0,0,0,1.23677421e-06,0,0,0,0,0,0,0,0,0,0,0,0,0,0,0,0,0,0,0,0,0,0,0,0,0,0,0,0,0,0
112,0,5.441654503e-05,0,0,0,0,0,0,0,0.0005585228209,0,0,0.004337317776,0.004761904944,0,0.004517664667,0,0,0,0,0.001005587983,0,0,0,0,0.003805342829,0.01073211432,0.004761904944,0.004761904944,0.008756123483,0.004622010048,0.01084117498,0,0.002380952239,0.002380952472,0,0,0,0,0,0,0,0,0.04675016552,0,0.002380952472,0,0,0,0,0.0003764809517,0.0002002533292,0,0,0,0,0,0,0,0.00183714868,0.002380952239,0,0.001373253646,0,0,0,0,0,0.0007635392249,0,0,0,0.1173278466,0,0,0,0,0,0,0,0,0,0,0.007602918893,0.1241610646,0,0,0,0,0,0,0,0,0,0,0,0,0,0,0,0,0,0,0,0,0,0,0,0,0,0,0,0,0,0,0,0,0,0,0,0,0,0,0,0,0,0,0,0,0,0,0,0,0,0,0,0,0,0,0,0,0,0
113,2.725683544e-06,8.77704806e-05,1.260755471e-05,0.000250543002,2.84469661e-05,0,0,0.0001268642663,0.0003514666751,0.001400076551,0.0002813037718,0.001250834554,0.01704852469,0.01882689819,0,0.002395486925,0.003467811504,0.01142333262,0.01272743568,0.01474249084,0.01563498378,0.01290198229,0.01494636014,0.006949896924,0.01359635126,0.01869490743,0.1100208834,0.1160121709,0.151314944,0.1581192464,0.1165029556,0.1086126491,0.09892963618,0.04025722295,0.06453450769,0.08140974492,0.03090062551,0.004761904944,0,0.008337721229,0.008801964112,0.004761904944,0,0.2958714962,0.007462308276,0.002136866329,0.003780049272,0.0009755360661,0.0002894961217,0.0004310611694,0.0004104498657,0.001529479399,0,7.074009045e-05,0,0,0.0001105077099,9.48753368e-05,7.066573744e-05,0.0001325487829,0,0,0.0002063451393,1.677544606e-05,0.0004170267493,0.0002559902496,0.0007353939,0,0.001446064096,0,2.02962874e-05,0.0008911245386,0.5833622217,6.403281986e-06,0.0002559548302,0.001023949706,0,0,0,0,0,1.650764898e-05,0.001114233048,0.01944625378,0.3627341688,0.001686501433,0.005553474184,0,0,0,0,5.853647235e-05,0,4.302429443e-05,0,0,0,0,0,0,0,0,0,0,0,0,0,0,0,0,1.23677421e-06,0,0,3.767617045e-06,0,0,0,0,0,0,0,0,0,0,0.0003041964374,0,0,5.637016875e-05,0,0,0,0,0,0,0,0,0,0,9.206183313e-05,0,0,0,0
114,2.608065415e-06,0,0,8.64721369e-05,0,0,0,2.862881774e-05,0.0004459781339,0.0005488239694,0.0002905073634,0.001022971235,0.02237207443,0.02183615416,0,0.002799923997,0.001329731429,0.002824476222,0.001955247018,0.00274712313,0.002909397939,0.004215619992,0.001626961515,0.003227680689,0.00379032013,0.003006057814,0.06167734042,0.05845733732,0.08459880948,0.07800796628,0.06797909737,0.05042010546,0.03619388491,0.03325362876,0.0321979858,0.02777850442,0.01536722388,0.004761904944,0,0.005446441006,0.001106822863,0.002380952472,0,0.296335727,0.01354786009,0.001628571539,0.002699090401,0.002505756449,0.002895972924,0.0025594295,0.0009782430716,0.001173855737,0,0,0,0,0.0001178260281,5.124582094e-05,3.286093124e-05,0.001151707489,0,0,0.0001022958531,4.279559289e-05,0,1.40111888e-05,0.0001646918972,0,0.001174297882,1.621815863e-05,0,0,0.5600547791,2.095534364e-05,0.0005830331938,0,0,0,0,7.692830877e-06,0,2.003424561e-05,0.0001609765895,0.01565448754,0.3204169869,0.001332876738,0.0006698938669,0,0,0,0.0002846463467,0,0,0,0,0,0,0,0,0,0,0,0,0,0,0,0,0,0,0,0,0,3.767617045e-06,0,1.864585283e-05,0,0,0,0,0,0,0,0,0,0.0001226348249,0,0,0,0,0,0,0,0,0,0,8.423207328e-05,0,0,0,0,0,0,0.0002025442664
115,0,0,0,0,0,0,0,0,0.0002459366515,0.0001308725186,0.001207267866,3.715689309e-05,0.01549062878,0.002380952472,0,0.001094236621,0,0.001143479371,0,0,0.001777958241,0,0,0,0,0,0.003204419976,0.004761904944,0.006705130916,0.00654811319,0.003678984707,0.00171620422,0,0,0,0.0007119003567,0,0,0,0,0,0,0,0.07352505624,0,0,0,0,0,0,0,5.796780169e-05,0,0,0,0,0,0,1.751431955e-05,0,0,0,0,0,0,0,0,0,1.281941877e-05,0,0,0,0.2594894469,0,0,0,0,0,0,0,0,0,0,0.003339451505,0.1712904871,0,0,0,0,0,0,0,0.0003248657158,0,0,0,0,0,0,0,0,0,0,0,0,0,0,0,0,0,0,0,0,1.864585283e-05,0,0,0,0,0,0,0,0,0,0,0,0,0,0,0,0,0,0,0,0,0,0,0,0,0,0,0,0,0
116,0,0,3.098692218e-07,5.724123184e-07,0,0,0,3.469017429e-06,0.0006008959026,2.365342152e-05,0.000356551318,0.0001846897649,0.01489209011,0.02265808173,0,0.002093199641,3.732228652e-05,7.75778899e-05,0.0001745473419,0.0005959031405,4.999622251e-05,0.0004596629879,0.0002784631506,0.0006380720879,0,0,0.001116397209,0.001374428859,0.002069244394,0.00173530227,0.001240171841,0.0007478715852,0.0003432441445,0,0.0009998574387,0.0004975966876,0.002542157425,0,0,0.0003911951208,0,0,0,0.1429481655,0.008909202181,0.0007683997392,0.007142857648,0.000871282944,0.00178831222,0.005999323446,0.006235339679,0.002517224289,0,0,0,0,0.0005295799929,0.00131149916,0.000113068294,0,0.000998135074,0.0002226197248,0.0005106659955,0.00104158395,2.288393489e-06,6.985482742e-06,0,0.001083330601,0.0002870860626,0,0,0,0.3721785843,0.0004798326408,0.0002048398601,0,0,0,0,0.0003886160848,0,0.0005099857226,0,0.01062870305,0.3284488618,0.00048759114,0.001565981656,0,0,0,0,0,0,0,0,0,0,0,0,0,0,0,0,0,0,0,0,2.430897894e-06,0,0,0,0,0,0,0,0,0,0,0,0,0,2.003723785e-05,0,0,0,0,0,0,0,0,0,0,0,0,0,0,0,0,0,0,0,0,0
117,0,0,0,0.0001586971921,9.65216459e-05,0,0,3.484777699e-05,4.331102537e-05,0,5.399847942e-05,0.0008393155294,0.01228593104,0.008528986014,0,0.001750163967,0.0001568439329,0.003398365807,0.001857868512,0.001694712089,0.00274025742,0.00181677565,0.001864070306,0,0.001712156343,0.001457710867,0.02042803913,0.009716718458,0.04664217681,0.05324950814,0.03222367913,0.02795681357,0.007355055772,0.004761904944,0.01397033501,0.01199810114,0.003388651414,0,0,0.002380952472,0,0,0,0.1640535444,0.000443240162,0.0008099887636,0.0006485845661,0.0002823708928,0,0.0009969070088,0.000159242918,0.0008053645142,0,0,0,0,0,8.898205851e-05,5.783277811e-05,0.0001973387261,0,0,0.0005879618111,0,0,0,0,0,0.000319008017,0,0,0.0004980189842,0.3741005957,4.484292731e-05,0,0,0,0,0,0,0,0,0,0.01252423599,0.2406105846,0.0008988267509,0.002972215414,0,0,0,0,0,0,0,0,0,0,0,0,0,0,0,0,0,0,0,0,0,0,0,0,0,0,0,0,0,0,0,0,0,0,0,0,0,0,0,0,0,0,0,0,0,0,0,0,0,0,0,0,0,0,0,0
118,9.426852557e-06,2.168196625e-05,5.45318062e-06,0,0,0,0,0,0.0002521840797,0.0004832611012,0.0001904879755,0.0006012513768,0.01864669658,0.008740062825,0,0.003078767331,0.005001630168,0.00292305788,0.006711568218,0.001478955965,0.004889215808,0.006638331339,0.004761904944,0,0.0005815177574,0.0005961045972,0.08310105652,0.04200140014,0.07999902964,0.09530103952,0.07375990599,0.05280509964,0.03487461433,0.009523809887,0.02329898439,0.03107197024,0.02221038379,0.002380952472,0.002380952239,0.002380952472,0,0,0,0.2528363764,0.002927212045,0.0002653871488,1.957637323e-05,0.0001557602664,0,6.60982987e-05,6.18367676e-06,0.002320901025,0.001153589459,0,0,0,0,0.000239857909,0.0001146698705,0.0002228639351,0,0,6.961820327e-05,0,0,0,0,0,0.001393855433,0,0,0.0004874887818,0.5568141341,0,0,0.0001497819612,0,0,0,0,0,4.354563316e-06,0,0.01798796467,0.3893339336,0.001558929798,0,0,0,0,0,0,0,0,0,0,0,0,0,0,0,0,0,0,0,0,0,0,0,0,0,0,0,0,0,0,0,0,0,0,0,0,0,0,0,0,0,0,0,0,0,0,0,0,0,0,0,0,0,0,0,0,0
119,0,0,0,0,0,0,0,0,4.161052857e-05,0,0.0003039910225,0,0.008382776752,0.002380952472,0,0.002380952472,0,0,0,0,0.002380952472,0,0,0,0,0,0.003764221445,0,0.006139883306,0.002380952472,0,0.002380952472,0,0,0,0.002380952472,0,0,0,0,0,0,0,0.04897883162,0,0,0,0,0,0,0,0.0002378884237,0,0,0,0,0,0,0.0002543297596,0,0,0,0,0,0,0,0,0,7.41981512e-06,0,0,0,0.1510467827,0,0,0,0,0,0,0,0,0,0,0.007031164132,0.08875314891,0,0,0,0,0,0,0,0,0,0,0,0,0,0,0,0,0,0,0,0,0,0,0,0,0,0,0,0,0,0,0,0,0,0,0,0,0,0,0,0,0,0,0,0,0.0002958190744,0,0,0,0,0,0,0,0,0,0,0,0,0
120,0,0,0,0,0,0,0,0,0.0001533313916,0,6.524032415e-06,0,0.01664145105,0.004761904944,0,6.921992463e-05,0,0,0,0,0,0,0,0,0,0,0.0008247437072,0,0,0,0.0014509639,0,0,0,0,0,0,0,0,0,0,0,0,0.1147573218,0,0,0.002380952239,0.002380952472,0,0.002380952239,0.002380952472,0.003594825044,0,0,0,0,0.0008804950048,0,0.004529372323,0.0005355834728,0,0,0,0,0,0.0001457286126,0,0,0,0,0,0,0.2378625274,0,0.0006994098076,0,0,0,0,0,0,0,0.001520722639,0.00667809369,0.1635024548,0,0,0,0,0,0,0,0,0,0,0,0,0,0,0,0,0,0,0,0,0,0,0,0,0,0,0,0,0,0,0,0,0,0,0,0,0,0,0,0,0,0,0,0,0,0,0,0,0,0,0,0,0,0,0,0,0,0
121,0,0,0,0,0,0,0,0,4.616265142e-05,0,2.088368637e-05,0,0.03597687557,0.005831601564,0,0.0001674952364,0,0,0,0.0002106519969,0,0,0,0,0,0,0.002171715954,0.002380952472,0.005140275694,0.002043043962,0.001660286915,0.0006793942302,0.001545144711,0,0,0,0,0,0,0,0,0,0,0.2256101966,0.001379983849,0.0001576979121,0,0,0,0,0,0.001500016078,0,0,0,0,0.0005285276566,0.001500580343,8.439214434e-05,7.095673936e-05,0,0,0.0006159951445,0.0002788884449,0,0,0,0,2.042441884e-05,0.0001161592663,0,0,0.3933408558,0,0,0,0,0,0,0,0,6.067561844e-05,0,0.004736858886,0.2589772046,0,0,0,0,0,0,0,0,0,0,0,0,0,0,0,0,0,0,0,0,0,0,0,0,0,0,0,0,0,0,0,0,0,0,0,0,0,0,0,0,0,0,0,0,0,0,0,0,0,0,0,0,0,0,0,0,0,0
122,1.683687151e-05,0,0,0.0001062746232,0,0,0,0,0.0001610766922,0.0001351063838,4.479015479e-05,0.0002607291972,0.0388565436,0.009498745203,0,0.002242617309,0.003140366171,0.005224382039,0.008425903507,0.009071448818,0.005981254391,0.006446844898,0.004761904944,0.007142857648,0,0.005007312633,0.0648502633,0.02760759555,0.06859725714,0.06720189005,0.04137580097,0.04098060727,0.01241137367,0.008944941685,0.03114284948,0.02256422117,0.002380952472,0,0,0,0,0,0,0.2390715778,0.001959884772,0.0004880398046,0.002420146717,0,0.0001213879077,0,0.002904392313,0.001503000152,0,0,0,0,0,0,0,0.001462742337,0,0,0,1.122593312e-05,0,0,0.0001795796124,0,0.0005623768084,0,0,0,0.4618848264,0,7.407889643e-05,0,0,0,0,0,0,0.0001030894564,0,0.01310682669,0.2902424037,0.0002382607054,0,0,0,0.0001279012504,0,0,0,0,0,0,0,0,0,0,0,0,0,0,0,0,0.0003953748965,0,0,0,0,0,0,0,0,2.003723785e-05,0,0,0,0,0,0,0,0,0,0,0,0,0,0,0,0,0,0,0,0,0,0,1.99545575e-05,0,0,0,0
123,0,0,3.046349661e-07,2.196059086e-06,0,0,0,0,0.0001599858952,6.578634202e-05,4.557511056e-05,3.122788985e-05,0.01756715029,0.02773935534,0,0.0005409296136,0,0.0009407100151,0,0.0006599568878,0.0002058335085,0.0008993237861,0.0004407671804,0,0.0001762210741,5.859484372e-05,0.001762251137,0.001737342332,0.002340961248,0.0031235239,0.002185738413,0.001945337746,0.0008089247276,0.000407126965,0.001509527327,0.001643761178,0.0006902909372,0,0,0,0.001039030845,0,0,0.1721502244,0.000676714466,0.0005571306101,0.006011489779,0.002005491173,0.0009993298445,0.002380952239,0.002552576363,0.005794751924,0,0,0,0,0.0001848190441,0.000916971534,5.633125693e-05,0.0003022173478,0,0,0.0005141780712,0.0002450239845,0,1.083302504e-05,7.42566117e-05,7.811743126e-05,0.0001701564033,0,2.319038828e-07,0.0008107431931,0.3564170599,0,3.303050835e-05,0,0,0,0,2.324337947e-05,0,0.0001504775719,0.0005875211791,0.007972595282,0.384110719,0.002540961374,0,0,0,0,0,0.002380952472,0,0,0,0,0,0,0,0,0,0,0,0,0,0,0,0,0,0,0,0,0,0,0,0,0,0,0,0,0,0,0,0,0,0,0,0,2.891675831e-05,0,0,0,0,0,0,0,0,0,0,0,0,0,0
124,0,0,0,0,0,0,0,0,0.0001967548742,0,2.741240496e-05,0,0.01160156634,0.003711991245,0,4.08727783e-06,0,0,0,0,0,0,0,0,0,0,0.003809312591,0,0.007142857648,0.008233522996,0.009523809887,0,0,0,0,0,0,0,0,0,0,0,0,0.09671021998,0,0,0,0,0,0.002380952472,0,0.002380952472,0,0,0,0,0,0,0,0,0,0,0,0,0,0,0,0,0.002958175726,0,0,0,0.4171494544,0,0,0,0,0,0,0,0,0,0.00141120248,0.02541711554,0.3485481739,0,0,0,0,0,0,0,0,0,0,0,0,0,0,0,0,0,0,0,0,0,0,0,0,0,0,0,0,0,0,0,0,0,0,0,0,0,0,0,0,0,0,0,0,0,0,0,0,0,0,0,0,0,0,0,0,0,0
125,0,0,0,1.764886974e-06,3.559996173e-07,0,0,0,0.002140260069,0.003756497055,0.0006698861835,0.000740592659,0.03677814826,0.01230312232,3.367039244e-05,0.002944711596,0,0,0,0.0006598758046,0.0001696276013,5.923668141e-05,0,0,0.001348183025,0.0001847740496,0.03351773322,0.008831060492,0.02225401439,0.02727455087,0.02911429107,0.02022528648,0.004894299898,0.006124392152,0.0126028182,0.009523809887,0.002380952472,0,0,0.002380952239,0.002380952472,0,0,0.3191197813,0.00104710192,0.0008052265621,0,0.0001579043892,0.0003422124428,0.0002945185988,0.000272333622,0.001103283605,0.0008187944768,0,0.002380952472,0,0.003126251046,0.005267398898,0.003482074477,0.004854246043,0,0.001043599914,0.00017068944,0.0002044765424,0,0,0.0009559905739,0.002655067947,0.003030747641,0,0,0,0.7008439898,0.002078254009,0.0005390922888,0.0001256263495,0,0.0004127810535,0.002320388099,0,0,0.0001506559202,0.003020559205,0.02838495933,0.432015568,0.00300837704,0.0001357760048,0,0,0,0,0.0002624827321,0,0,0,0,0,0,0,0,0,1.097897621e-05,0,0,0,0,0,3.051169369e-05,0,0,0,0,0.0003041964374,0.0001226348249,0,0,0,0,0,0,0,0,0,0,0,0,0,0,8.05732052e-05,0,0,0,0,0,0,0,0,0,0,0,0,0,0
126,0,0,0,0,0,0,0,0,0.0001685805619,0,0.0002710835251,0.0003551341651,0.02471230179,0.009835272096,0,2.826104537e-05,0.004880614113,0,0.002380952472,0.006376871839,0.0009393041255,0.004761904944,0.002380952472,0.002380952472,0.001287038322,0.002811433049,0.05613795295,0.01360501535,0.04166696221,0.05974841118,0.03301612288,0.01676745899,0.007142857648,0.002380952239,0.01666666754,0.01190476213,0.004761904944,0,0,0,0,0,0,0.2277988195,0.0005327048711,0,3.092690167e-05,0,0,0,0,0.002709814347,0,0,0,0,0,0,0,0.0002022442204,0,0,0,0,0,0,0.0002334119636,0,0.00133852486,0,0,0.0008696084842,0.5309108496,0,2.686977132e-05,0,0,0,0,0,0,0,0,0.01781276613,0.357375145,0.003162691602,0.0008526530582,0,0.002380952472,0,0,0.0001431906276,0,0,0,0,0,0,0,0,0,0,0,0,0,0,0,0,0,0,0,0,0,0,0,0,0,0,0,0,0,0,0,0,0,0,0,0,0,0,0,0,0,0,0,0,0,0,0,0,0,0,0
127,0,0.000974953,0,7.46118094e-05,0,0,0,1.000700468e-05,0.0004130780289,0.001205451204,0.0002233575651,0.0001498502679,0.01050319057,0.006392832845,0,0.0009513213299,0.0003745924041,0.003316180548,0.00594603084,0.004674851894,0.001574843191,0.006883414462,0,0,0,0.001106485375,0.04755919799,0.02765424736,0.0385764502,0.04725857824,0.03396747261,0.01418064628,0.02219696902,0.007142857648,0.01534144115,0.01645157114,0.006323689595,0,0,0.003303388366,0,0,0,0.1684045643,0.001465915819,0,0.0003231838928,0.0001724994363,0,6.352354831e-05,0.0003617997572,0.001132665202,0,0,0,0,0,0.0009671278531,0,0.002588772681,0,0,7.259500308e-06,0,0,0,9.891405352e-05,0,0.001110076904,0.0001813736453,0,0,0.4769390225,0,0.0002855497878,0,0,0,0,0,0,0,2.085049709e-05,0.01532518677,0.3437817991,0.001737456769,0.0007094808971,0,0,0,0,0.0009728419827,3.136911255e-05,0,0,0,0,0,0,0,0,0,0,0,0,0,0,0,0,0,0,0,0,0,0,0,0,0,0,0,0,0,0,0,0,0,0,0,0,0,0,0,0,0,0,0,0,0,0,0,0,0,0
128,0,0,0,0,0,0,0,0,9.66331063e-05,0,2.345351641e-05,0,0.03255159035,0,0,0.000467089063,0,0,0,0.001385438489,0,0,0,0,0,0,0.000357436511,0.003498737235,0.0004700442951,0,0.00147010549,0.0007464155206,0,0,0,0.0009098678711,0,0,0,0,0,0,0,0.1508135796,0,0.002380952472,0,0,0,0,0,0,0,0,0,0,0,0.0004891994176,0.0004398408928,0,0,0,0,0.0001196416124,0,0,0,0,0,0,0,0,0.2270214558,0,0.000641788647,0,0,0,0,0,0,0.0001060188661,0,0.007292292081,0.1777934134,0,0,0,5.361453077e-06,0,0,0,0,0,0,0,0,0,0,0,0,0,0,0,0,0,0,0,0,0,0,0,5.637016875e-05,0,0,0,0,0,0,0,0,0,0,0,0,0,0,0,0,0,0,0,0,0,0,0,0,0,0,0,0,0,0
129,4.698862176e-05,0.0003527057706,7.858534445e-06,0.0004126399872,0,0,0,0.0002141876466,0.0002963291481,0.001736366423,0.0002742528741,0.001107730321,0.027447192,0.02318271995,0.001700989436,0.002269664546,0.003563210368,0.01537045464,0.008677249774,0.007471130695,0.009662684053,0.02356235869,0.01343734842,0.0004027927062,0.005226199981,0.009519578889,0.1310658604,0.1013274714,0.1421222687,0.164966628,0.1448608488,0.1067458168,0.06882486492,0.02117868513,0.06513093412,0.07954970002,0.02572655864,0.002380952472,0.002380952472,0.002380952472,0.004761904944,0.002380952472,0,0.2532278299,0.001351334271,0.0007048782427,0.000210909202,0.0002180994052,4.776940841e-05,0.0001373615814,1.574346788e-05,0.002342503518,0,0,0.000931173272,0,0.002380952472,0,0.0003406166215,0.0005208472139,0,3.250193549e-05,8.078071005e-06,6.07085276e-05,0,0.0003385674499,0.00119030627,0.0007224433939,0.00108768791,0,0,0.003379315604,0.5902030468,0.002327104565,6.537386071e-05,0,0,0,0,2.321240027e-05,0.0003106891818,2.219638873e-06,0.0003228178248,0.02407956123,0.4201394618,0.00301853125,0.005401592236,0,0,0,0,2.551599573e-05,1.789339876e-06,4.807817277e-06,0,0,0,0,0,0,0,0,0,0,0,0,0,5.37843116e-05,0,0,0,0,0,0,0,0,0,0,0,0,0,0,2.891675831e-05,0,8.05732052e-05,0,0,0,0,0,0,0,0,0,0,0,0,0,0,0,0,0,0
130,0,0,0,0.0001359787129,8.819983486e-05,0,0,0,0.0002740579948,0,0.0002913959906,0.0002426556748,0.04106524214,0.01867598109,0,0.002762536285,0.002780155279,0.007562384475,0.002380952472,0.004925006535,0.0186045114,0.007839456201,0.002380952472,0.004125853069,0.002380952472,0.009804919362,0.0750227347,0.04566757008,0.08695065975,0.08620712161,0.08370875567,0.05414493755,0.03654237092,0.02298999764,0.02956559137,0.02844867669,0.009058674797,0,0,0,0,0,0,0.3205401003,0.009001850151,9.588502871e-05,0.000510696671,0.001445619622,5.949023034e-05,0.0003302698315,0.0002532238432,0.0009931636741,0,0,0,0,0.0005882098922,0,1.314069414e-05,0.0004502945812,0,0,0.0003327949962,4.172565241e-05,9.74434588e-05,0.0001613494969,0.002868862124,3.421442307e-05,0.001394882449,0,0,0,0.5493004918,8.570712089e-05,0.0001775030541,0.0002764185483,0,0.0009862785228,0.0008813721361,0,0,3.393487714e-05,0.0003681037924,0.0219048243,0.3514159918,0.001180655789,0.002767471829,0.001249003224,5.423647963e-05,0,0.0005508239847,0,0,0,0,0,0,0,0,0,0,0,3.053482578e-05,0,0,0,9.466739721e-05,0,0,0,0,0,0,0,0,0,0,0,0.0002958190744,0,0,0,0,0,0,0,0,0,0,0,0,0,0,0,0,0,0,0,0,0,0,0,0
131,1.993464366e-06,0,0,0,0,0,0,0,0.00019955881,0,5.270447218e-05,0.0003285177809,0.01417591888,0.01495785918,0,0.001714626327,0.000597520615,0.003115967382,0.002593664918,0.002380952472,0.001360464375,0.002380952472,0,0,0.00214176788,0.004477696028,0.06336194277,0.03107461892,0.06212584302,0.09140254557,0.04235078022,0.0277747158,0.02712666243,0.01045218483,0.01279096864,0.01721710712,0.005871069152,0,0,0.002380952472,0,0,0,0.245170787,0.0001014615918,0.0001315937552,2.854759259e-05,8.845888078e-05,0.0001787985093,0,0,0.00191455544,0,0,0,0,0,0,4.483505109e-05,0.0001660967246,0,0,0,0,0,0,0,0,0.0006693293108,0,0,0,0.5810365677,0,0,0,0,0,0,0,0,0,0,0.02235408127,0.3793397248,0.0007395072025,0,0,0,0,0,0,0,0,0,0,0,0,0,0,0,0,0,0,0,0,0,0,0,0,0,0,0,0,0,0,0,0,0,0,0,0,0,0,0,0,0,0,0,0,0,0,0,0,0,0,0,0,0,0,0,0,0
132,0,0,0,0,0,0,0,0,5.674826753e-05,0,0.002013164572,0,0.01452069078,0.002051226096,0,0.0009491225937,0.001559533877,0.004761904944,0,0.002380952239,0,0.002380952472,0,0.002380952472,0.001089935773,0.007242666092,0.02435564622,0.01666666754,0.02647759207,0.04141416401,0.01666666754,0.01012389734,0.006366336253,0,0.006147709675,0.01423329767,0.002380952472,0,0,0,0.002380952472,0,0,0.136968106,0,0,0,0,0,0.000301197957,6.653735181e-05,0.003743973328,0,0,0,0,0,0,0,0,0,0,7.484878734e-05,0,0,0,0,0,0.0007028096006,0,0,0,0.3863659501,0,0.00039992659,0,0,0,0,0,0,0,0,0.01313398685,0.2756915092,0.0004354185949,0.004761904944,0,0,0,0,0,0,0,0,0,0,0,0,0,0,0,0,0,0,0,0,0,0,0,0,0,0,0,0,0,0,0,0,0,0,0,0,0,0,0,0,0,0,0,0,0,0,0,0,0,0,0,0,0,0,0,0
133,0,0.0003231079318,0,0,0,0,0,0,0.0004612472258,0,0,0,0.005807495676,0.002380952472,0,0,0,0,0,0.001040320378,0,0,0,0,0,0.002380952472,0.02045143768,0.009523809887,0.0142857153,0.01540891547,0.01284021139,0.002380952472,0.002380952472,0.002380952472,0.004761904944,0.009523809887,0,0,0,0,0,0,0,0.06068635359,0,0,0.002380952472,0,0,0.002380952472,0,0.003490444971,0,0,0,0,0,0,0,0,0,0,0,0,0,0,0,0,0.002249240177,0,0,0,0.2456982136,0,0,0,0,0,0,0,0,0,0,0.009525405243,0.2013765723,0.0005817596102,0,0,0,0,0,0,0,0,0,0,0,0,0,0,0,0,0,0,0,0,0,0,0,0,0,0,0,0,0,0,0,0,0,0,0,0,0,0,0,0,0,0,0,0,0,0,0,0,0,0,0,0,0,0,0,0,0
134,1.247388127e-06,0,0,0,0,0,0,1.949497573e-06,0.0003139385663,0.002161043696,0.0001834246214,0.001417455031,0.01807952486,0.01440708339,0.003234579461,0.004066595808,0.0006389836781,0.001305271639,0.0006694899057,0.002099245088,0.0007641385309,0.003823628416,0,0.002380952472,0,0.001929578721,0.03832674772,0.02533694357,0.03391386941,0.03562937677,0.03720011562,0.01976691559,0.01987395622,0.008090390824,0.02207441442,0.01950151473,0.007942500524,0,0.002380952472,0,0,0.002380952472,0,0.1910557747,0.001285521197,0.0004325548362,0.0002642439213,0.0007867342792,0,0.0004484706733,9.763739945e-05,0.004381794948,0,0,0,0,0,0,7.341954188e-05,0.000536729407,0,0,7.856970478e-05,0,0,0,0.0006772045745,0.0001528667199,0.001764555578,0,0,0.0004455953313,0.531583488,0.001192695927,1.280540891e-05,0,0,0,0,0,0,7.098675269e-05,0.002380952472,0.02035045251,0.3597439826,0.002805253491,0.00053595606,0,0.002380952472,0,0,0,0,0,0,0,0,0,0,0,0,0,0,0,0,0,0,0,0,0,0,0,0,0,0,0,0,0,0,0,0,0,0,0,0,0,0,0,0,0,0,0,0,0,0,0,0,0,0,0,0,0,2.180116462e-05
135,0,0,0,0,0,0,0,0,0,0,0.0003200256906,0,0.01250409987,0.003617500886,0,0.001373185194,0,0,0,0,0,0,0,0,0,0.002380952472,0.004644481465,0.002380952239,0.005120512098,0.005228515714,0.003713567276,0.01105724089,0.002380952472,0,0.002380952472,0.002380952472,0,0,0,0,0,0,0,0.06380243599,0,0,0,0,0,0,0,0,0,0,0,0,0,0,0.002380952472,0,0,0,0,0,0,0,0,0,0.0001171276308,0.001588645508,0,0,0.3047473431,0,0,0,0,0,0,0,0,0,0,0.01268600486,0.2377159446,0,0,0,0,0,0,0,0,0,0,0,0,0,0,0,0,0,0,0,0,0,0,0,0,0,0,0,0,0,0,0,0,0,0,0,0,0,0,0,0,0,0,0,0,0,0,0,0,0,0,0,0,0,0,0,0,0,0
136,0,0,0,0,0,0,0,0,0.0004238471447,0,0.0001301662996,4.857945532e-05,0.01353549398,0.004761904944,0,0.001044509117,0,0,0,0,0.000407060259,0,0,0,0.000541251502,0,0.0002857526124,0,0.002730789827,0,0,0.001141089131,0.00110397907,0,0,0.0005851945025,0,0.001896143192,0,0,0,0,0,0.1357758641,0,0,0.00143303338,0,0,0,0,0.0006833621883,0,0,0,0,0.001390824327,0.003301622113,0.0008287261007,0,0,0,0,0.0007848637179,0,0,0,0.001712454134,0.0001001448691,0,0,0,0.3217106164,0,0,0,0,0,0,0,0,0,0,0.01102682017,0.1910678893,0,0,0,0,0,0,0,0,0,0,0,0,0,0,0,0,0,0,0,0,0,0,0,0,0,0,0,0,8.423207328e-05,0,0,0,0,0,0,0,0,0,0,0,0,0,0,0,0,0,0,0,0,0,0,0,0,0,0,0,0,0.0002081217535
137,0,0,0,0,0,0,0,0,3.376572204e-05,0,1.013671135e-05,0,0.02911612019,0.008489171043,0,0,0,0,0,0,0,0,0,0,0,0,0,0.002380952472,0.001596537419,0.002380952239,0,0,0,0,0,0,0,0,0,0,0,0,0,0.1495366693,0.0007182020927,0,0.00120395422,0.0005521764979,0,0,0,0.007643335965,0,0,0,0,0,0,0,0,0,0,0.0007842104533,0,0,0,0,0,0.0001442614739,0,0,2.094866431e-06,0.4871135056,0,0,0,0,0,0,0,0,0,0,0.02384303138,0.3622633517,0,0,0,0,0,0,6.043617759e-05,0,0,0,0,0,0,0,0,0,0,0,0,0,0,0,0,0,0,0,0,0,0,0,0,0,0,0,0,0,0,0,0,0,0,0,0,0,0,0,0,0,0,0,0,0,0,0,0,0,0,0
138,0,0,0,0,0,0,0,0,5.593278911e-05,0,1.699778659e-05,0,0.02864875272,0.00327773625,0,0.0006244415417,0,0,0,0,0,0,0,0,0,0,0.003331269138,0,0,0,0.0007452715072,0,0,0,0,0.0004560746311,0,0,0,0,0,0,0,0.1630504876,0,0,0.003769916249,0,0,0,0,0,0,0,0,0,0,0,0.000409686123,0.001441616449,0,0,0.003506159876,0,0,0,0,0,0.0001428167307,0,0,0,0.427470535,0.0003384807787,0,0,0,0,0,0,0,0,0,0.01447294373,0.3186126351,0,0,0,0,0,0,0,0.000999894226,0,0,0,0,0,0,0,0,0,0,0,0,0,0,0,0,0,0,0,0,0,0,0,0,0,0,0,0,0,0,0,0,0,0,0,0,0,0,0,0,0,0,0,0,0,0,0,0,0,0
139,0,0,0,0,0,0,0,0,0.0001069182545,1.307215098e-05,4.448107575e-05,2.278368993e-05,0.04010817781,0.02371808328,0,0.001034286921,0,0,0,0,0,0.0001202812928,0,0,0,0,0.0005525499582,0,0.002119899495,0.0001688430348,0.0004929854767,0.0002150740183,0.0005356170004,0.000416660565,0.0006932963734,0.0001765103079,0,0,0,0,0,0,0,0.261904031,0.004601528868,0.002868980868,0.002380952472,0.001763684792,0,0,0.002380952472,0.002219651127,0,0,0,0,0.001055783243,0.006933296565,0.000472217449,0,0,0,0,0.001673382823,0,0,0,0.0001780054154,3.538336023e-05,7.138291403e-05,0,0,0.3970321417,0,0.0009739222005,0,0,0,0,7.987074059e-05,0,0.0004326145281,0,0.00777286943,0.3924065828,0.0001353612024,0,0,0,0,0,6.504698831e-05,7.643351273e-05,0,0,0,0,0,0,0,0,0,0,0,0,0,0,8.386961781e-06,0,0,0,0,9.206183313e-05,0,0,0,0,0,0,0,0,1.99545575e-05,0,0,0,0,0,0,0,0,0,0,0,0,0,0,0,0,0,0,0,0,0
140,0,0,0,0,0,0,0,0,0.0001735033584,2.343370397e-05,0.000190793231,8.982255531e-05,0.03344330564,0.01592587493,0,0.001337180496,0,0,0.002668237314,0,0,0,0,0,0,0,0.002398242708,0,0.0002800516959,0.004895976279,0,0.00401396025,0,0.002380952472,0.0005148297641,0.001767717069,0,0,0,0,0,0,0,0.1173326075,0.002380952472,0,0.003839080222,0.002380952472,0,0.0008777695475,0.002380952472,0.0008490615292,0,0,0,0,0,0,0.0002352199517,0.0008800264914,0,0,0,0.0003656084882,0,0,0,0,0.0002483650169,0,0,0,0.2983052433,0.0001785000204,0,0,0,0,0,0,0,0.0002572041412,0,0.004893050995,0.2440217584,0,0,0,0,0,0,0,0,0,0,0,0,0,0,0,0,0,0,0,0,0,0,0,0,0,0,0,0,0,0,0,0,0,0,0,0,0,0,0,0,0,0,0,0,0,0,0,0,0,0,0,0,0,0,0,0,0,0
141,0,0,0,0,0,0,0,0,8.844449621e-05,0,0.0002428395092,0.000177232534,0.02723408304,0.01020197757,0,0.002381688217,0,0,0,0,0,0,0.002380952239,0,0,0,0.000461627671,0.0004784589692,0.0007864276413,0.0008073084173,0.0004771609674,0.003104070667,0,0,0.000258132437,0.001301142038,0,0,0,0,0,0,0,0.1329265386,0,0,0,0.002380952472,0,0.003955404274,0.002880173735,0.001859954791,0,0,0,0,0.0007744952454,0.002110166475,0.0006491183885,0,0,0,9.532582044e-05,0,0,0,0,0,0,0,0,0,0.294841826,0,0,0,0,0,0,0,0,0.0004885003436,0,0.008673175238,0.2216612995,0,0,0,0,0,0,0,0,0,0,0,0,0,0,0,0,0,0,0,0,0,0,0,0,0,0,0,0,0,0,0,0,0,0,0,0,0,0,0,0,0,0,0,0,0,0,0,0,0,0,0,0,0,0,0,0,0,0
142,0,0,0,0.0004697782861,0,0,0,0.000107090571,0.0002626889909,0,0.0004355497076,0.000696680625,0.0513160266,0.02646027878,0,0.001985044451,0.002706008498,0,0.002461394528,0.005598575808,0.003872010857,0.007015761454,0,0,0.0005230854731,0.0118204914,0.06624433398,0.03532425314,0.05699932575,0.06465341896,0.03845168278,0.03479712084,0.008132309653,0.0142857153,0.0168486312,0.01800493151,0.004761904944,0,0,0,0.002380952472,0,0,0.353928566,0.00166110578,0.0006778242532,0.0001759531297,8.858329238e-05,4.348366929e-05,6.323451544e-06,1.74679019e-06,0.002058474347,0,0.002380952472,0,0,0.001220787293,8.27169788e-05,0,0.0007889732951,0,0.0002162770834,0,0,0,0,0.00152719894,0.0006445710897,0.001198043698,0,0,0,0.6710501909,0,0,0,0,0,0,3.072867548e-05,0,9.525661881e-06,0,0.02675212733,0.4296301901,0.001525574364,0,0,0,0,0,1.43509551e-05,0,0,0,0,0,0,0,0,0,0,0,0,0,0,0,0,0,0,0,0,0,0,0,0,0,0,0,0,0,0,0,0,0,0,0,0,0,0,0,0,0,0,0,0,0,0,0,0,0,0,0
143,6.466226478e-05,0,1.756445818e-05,0.0004491402069,5.019228774e-05,0,0,0.0006563851493,0.0003414668026,0.0006100911414,0.0002623650653,0.0009383483557,0.01566705666,0.01409685891,0.0002939137921,0.0019891595,0.005803740583,0.0127372779,0.01080883015,0.03826297447,0.02767629363,0.01722365618,0.009523809887,0.002380952472,0.0125456145,0.01209068764,0.1375540197,0.09018478543,0.149072051,0.1923157871,0.1363883615,0.07843384147,0.07019843906,0.0467431359,0.05199897662,0.06163863465,0.02240278758,0,0.004761904944,0.002380952472,0.01190476213,0.002380952239,0,0.2779148817,0.002917614533,0.001186595764,0.001468240283,0.000506912882,0.0001183887216,0.0002558112028,4.806663492e-05,0.002262534574,0,0,0,0,0.0002212914114,7.06726205e-05,8.200294542e-05,0.0002317493781,0,0,3.837595614e-06,8.8682973e-06,0,0.0003443754395,5.838598008e-05,0.0002202783508,0.001223483472,0,0,0.0003516898432,0.5834562182,0,5.949257684e-05,0,0,0,0,1.802755469e-05,0,2.255689651e-06,0.0001963108662,0.02187292837,0.3880632222,0.001965207281,0.005647673272,0.000645266904,0,0,0,0,0,3.908520739e-05,0,0,0,0,0,0,0,0,0,0,0,0,0,0,0,0,0,0,0,0.0002025442664,0,0,0,0,0,0,0,0,0,0,0,0,0,0,0,0,0,0,0,2.180116462e-05,0,0.0002081217535,0,0,0,0,0,0,0
