ROI_ID,1,2,3,4,5,6,7,8,9,10,11,12,13,14,15,16,17,18,19,20,21,22,23,24,25,26,27,28,29,30,31,32,33,34,35,36,37,38,39,40,41,42,43,44,45,46,47,48,49,50,51,52,53,54,55,56,57,58,59,60,61,62,63,64,65,66,67,68,69,70,71,72,73,74,75,76,77,78,79,80,81,82,83,84,85,86,87,88,89,90,91,92,93,94,95,96,97,98,99,100,101,102,103,104,105,106,107,108,109,110,111,112,113,114,115,116,117,118,119,120,121,122,123,124,125,126,127,128,129,130,131,132,133,134,135,136,137,138,139,140,141,142,143
1,0,4.443199487e-06,0.0002404645202,4.105942571e-05,0.003763341112,0.01421987358,0.0001778876904,9.459254943e-05,0.000102141661,3.131666017e-05,0.0002364438842,0.0002817439963,0.0001598691306,0.0007320475997,0.002890465315,0.0001632273779,1.164077094e-05,0,5.03961237e-05,1.995431376e-05,2.04752414e-05,8.050828001e-06,8.617393178e-06,0,4.211232954e-05,5.005163985e-06,1.178492221e-05,0,0,9.249550203e-06,0,0,0,0,0,0,0,0,0,0,0,0,0,0.0002910655458,0.0003971026163,0,0.0001077828783,0.0004802032781,0.0004179116222,0.0002351640287,0.0002068058384,5.171559678e-05,0,0,0,0,3.387169636e-05,0.000162783108,5.283533028e-06,0.0003848188207,0.0005084917066,0.0001328084327,0.0001908590057,0.0001892499131,0,0,0.000113374088,1.99849128e-05,0.0001870375418,0.0001184691937,6.281991773e-06,7.48164166e-05,0.0002205878991,0.0001152766636,0.0001944941469,4.517818161e-05,0,5.552488801e-06,0,0.0001371376275,0,0.0003240053193,0.0001763935725,0.000206908313,0.0001628642349,0.0001047774131,0,0,0,0,0,0.0002062790591,0.0002281027118,0.02243107185,0.002297731116,0.005192336161,0.0007081889198,0.0009543636115,0.002297046827,0.001549024018,0.0005358231138,0.0004883979564,0.004621889442,0.000759125629,0.0004609783646,0.0001412139245,1.034400975e-05,4.650690244e-06,0.007176219951,0.0002343481901,0.0002001686516,1.925780634e-05,8.666741633e-05,2.469223182e-05,0.0004620387917,9.313913324e-06,0.001422852045,0.01949494332,0.0001640210976,1.286952374e-05,2.359555219e-05,8.375038306e-06,2.181280252e-06,0.003381358227,0.9023699164,0.08777984977,0.0001285024191,0.0001424570801,0.0003839714336,0.0001885030651,0.5765562654,0.02352046967,0.009376036935,0.00102969876,0.002759115305,0.0001207134919,0.0002150138316,0.00014715406,7.779756743e-06,0.0001584681013,7.619809821e-06,0.0008466051077,0.000273464073
2,4.443199487e-06,0,1.534691137e-06,4.267331235e-07,0.0009287821595,0.005033574998,1.184628036e-05,1.131356294e-05,2.196655623e-05,0,0,0,0,0,0,0,0,0,0,0,0,0,0,0,2.080087688e-05,0,0,0,0,0,0,0,0,0,0,0,0,0,0,0,0,0,0,0,0,0,0,0,0.0002383288811,0,0,0,0,0,0,0,0,0,0,0,0,0,0,0,0,0,0,0,9.180611232e-05,0,0,0,0,0,0,0,0,0,0,2.508860962e-05,0,0,0,0,0,0,0,0,0,0,0,0,0.0001351391256,0.005156450439,0.002099033678,0.002358453581,0.001074464642,0.001370746526,0.0005874320632,0.0005278900499,0.0007433973951,0.0002672757255,0.001117467182,0,1.306034392e-05,2.972596121e-06,0,0,0.001879583695,0,5.445862553e-05,0,0.0001646463934,0,4.72146121e-06,1.182235565e-06,0.0002620301093,0.002393010771,3.69898089e-06,0,0,0,0,5.203948149e-06,0.8027133942,0.0185683053,0,1.472597091e-06,0.0005466239527,0,0.434012115,0.002664479893,0.0001303308673,0.0005011073663,0.0002941313433,1.637018727e-06,0,4.131443347e-06,3.924161547e-07,0,8.569420061e-06,0.000112238049,1.735568731e-05
3,0.0002404645202,1.534691137e-06,0,9.574773685e-06,0.02009725571,0.01235963777,2.131160181e-05,0.0002753762819,0.0001389463578,1.622345735e-05,0.0002671363181,2.731578752e-05,8.334307495e-05,0.0003695354098,0.0001229272602,0.000114683935,4.708120832e-05,0,0,0,0,0,0,0,0,0,0,0,0,0,0,0,0,0,0,0,0,0,0,0,0,0,0,0.0002262439666,0,3.476869097e-05,0,0.0004680416023,0.0002756370232,0,0.0002914910729,0.0002525375749,0,0,0,0,0,0.000127391555,3.58249963e-06,3.734498023e-05,0,0,0.0002700099722,0.0002252244303,0,0,0,0.0001743796893,8.888170123e-05,0.0002803084499,1.193321441e-05,1.823107777e-05,5.672598945e-06,0.0005672269035,0.0002069504262,0,0,0,0,0.0001538885845,0,0.0003539141908,0,0.0001004142468,8.240347233e-05,0.0003480646701,0.0001604332501,0,8.911131772e-06,2.038367256e-06,0,0.0002654203563,0.0001636695233,0.01064489689,0.001612194115,0.003040180542,0.0005473623169,0.0006555010332,0.001797649078,0.00103490951,0.0005327409017,0.0003778622777,0.000946247601,2.683885759e-05,4.082335727e-05,5.763514855e-05,2.459239113e-06,7.034150826e-07,0.002841971116,7.786667993e-05,0.0001877362374,5.370078725e-06,6.686315464e-05,2.980761565e-05,0.0001665398595,6.598482742e-06,0.0005410365411,0.008931878954,3.052548709e-05,2.349831448e-06,7.598803222e-06,0,3.360121127e-06,7.170836034e-05,0.8791632652,0.04110340029,0.0001200295665,9.384581062e-05,0.0003385161399,0.0001819051977,0.438490063,0.01091729291,0.003117526649,0.0005947525497,0.0004750310618,2.131335532e-05,2.668007028e-06,1.355135828e-05,5.40427709e-06,4.390587856e-05,1.431225974e-05,0.0003571592097,0.0002299235202
4,4.105942571e-05,4.267331235e-07,9.574773685e-06,0,0.002827830613,0.003570085624,8.882112161e-05,1.591958244e-05,2.528753794e-05,0,3.079690578e-05,2.653546107e-05,0,0.0003537342709,0,5.354270979e-05,0,0,0,0,0,0,0,0,0,0,0,0,0,0,0,0,0,0,0,0,0,0,0,0,0,0,0,0,0,0,0.002380952472,0,0,0,0,0,0,0,0,0,0,0,0,0,0,0.0006975299329,0.0007828635862,0.0001140192762,0,0,0,0.0001419079053,0,0,0,0,0,0,0.0001479021594,0,0,0,0,0,0,0,0,0,0,0,0.002380952472,0,0,2.834144834e-05,0,0,0.0001485757675,0.01588275656,0.002997391624,0.0104959216,0.002859136323,0.003111738013,0.004206233192,0.002043258166,0.0004898736952,0.0006725866697,0.0008154904936,0.000230700316,2.496315392e-05,2.273365499e-05,0,0,0.003169823671,1.128340136e-05,0.0001442736975,0,8.620734297e-05,0,6.563810166e-05,0,0.0007105211844,0.01044782065,3.093446139e-05,0,9.021900951e-06,0,0,0.0009938182775,0.8246455789,0.02987570502,0.0001314480469,2.490749648e-05,0.0001357021538,0.000460585783,0.4593548179,0.004927920178,0.002301878296,0.0004776429269,0.001175071578,3.182305591e-05,0.0002331444848,7.017932512e-05,5.173358659e-06,5.540061102e-05,0,7.076166366e-05,0.0001121066744
5,0.003763341112,0.0009287821595,0.02009725571,0.002827830613,0,0.159850806,0.03023416363,0.003469333053,0.004246599972,0.006212918088,0.00529804267,0.009519201703,0.006591643672,0.009957462549,0.01166717615,0.005689421203,0.006973298267,0.0007297582924,0.001166924485,0.002582675079,0.001985961804,0.005326860584,0,0,0.002384830732,0.001346088131,0,0.0006887671771,0.001098040026,1.335227171e-05,0.0003021869343,0.0004683331645,0.002380952472,0.002380952472,0,0.002215604298,0.0009942790493,0,0,0.002380952472,0,0,0,0.006338441744,0.00455617765,0.005567311309,0.004572632723,0.006624076515,0.006567609962,0.006752571091,0.006426243111,0.00461881049,0.002550239675,0.002837430919,0,0.0005093853106,0.0007400363102,0.002921684412,0.006906366441,0.003738480387,9.218644846e-05,0.001359559712,0.004610044882,0.003990589641,0.007030343171,0.003545133863,0.003200237406,0.001977953594,0.002728219377,0.006928004324,0.002998885466,0.00992360618,0.006074005738,0.0003280175442,0.003210049821,0.01080856565,0.004889239091,0.005777319428,0.00589890033,0.00733761536,0.01102828141,0.004461060744,0.003546700114,0.004068492446,0.005039038137,0.002480898751,0.002720548073,0.003294043941,0.01760135591,0.008756817318,0.01020664629,0.00781112304,0.004591243342,0.06996712089,0.01998581551,0.0181738697,0.017045632,0.01530381292,0.02250633761,0.03274952248,0.02167476527,0.02409227379,0.06677356362,0.03078084253,0.02338321321,0.01432797126,0.001019931631,0.001127009629,0.06890811026,0.01054244861,0.01281521749,0.00913981162,0.00769743789,0.003341815434,0.02910737693,0.0024286767,0.0430153273,0.09108700603,0.02217675187,0.01054926403,0.06697310507,0.01012999937,0.007653183304,0.02439722233,0.6606314778,0.1576144099,0.006778243463,0.03561061621,0.03650022298,0.02988767251,0.752219677,0.1155414134,0.06637990475,0.02203671262,0.0331806913,0.02208693884,0.06086449325,0.01428139303,0.02499886602,0.02353717573,0.00840046443,0.05252231658,0.03524684906
6,0.01421987358,0.005033574998,0.01235963777,0.003570085624,0.159850806,0,0.004770925269,0.004738739226,0.01033239253,0.002476195572,0.006012063008,0.003762191394,0.02852122299,0.001980691683,0.002241536044,0.002908176975,0.002644487657,0,0.006284977309,0.006153475493,0.003006992862,0.001753723249,0.000936692406,0,0.002767009893,0.004501718562,0.002380952472,0.002380952472,0,0.00530594727,0,0.00347356149,0,0,0,0.002380952472,0,0,0,0,0,0,0,0.0177569259,0.01540382765,0.007070743944,0.009632234462,0.0228137169,0.04261296242,0.01442370936,0.02841343731,0.00879648421,0.001516654389,0.002380952472,0,0,0,0.006978447549,0.01059293561,0.005217014812,0,0.006485396996,0.01110152062,0.01655634865,0,0.006581330206,0.004678966478,0.004761904944,0.003743918845,0.01233241241,0.007081684191,0.002585560083,0.005288258661,0.004123270512,0.01012137812,0.0036762245,0.002380952239,0,0,0.01363743097,0.01310694031,0.01366975997,0.002154940506,0.00172542606,0.001472673728,0.004081040155,0,0.002380952472,0.01412143558,0.012501725,0.002380952472,0.02676982619,0.01277709194,0.3902311623,0.03263762966,0.06557569653,0.01591329835,0.01950561441,0.1080976054,0.02915059589,0.01975624822,0.03500552103,0.07417698205,0.02391484007,0.04045620188,0.04389954358,0.009713836014,0.004223891534,0.09047725052,0.02066243254,0.01429664716,0.00723030325,0.01710517518,0.007032218855,0.04980878904,0.02286107466,0.04393532872,0.2566198707,0.03873308375,0.01123449486,0.1067615375,0.005287784617,0.02475560829,0.03005894832,0.9433290362,0.2085294276,0.01349296514,0.04299024865,0.05082249269,0.0452506952,0.7851989269,0.1187363639,0.06461244822,0.02989133447,0.1410227269,0.0506282784,0.06494857371,0.04017458484,0.03831231222,0.03659109026,0.003525182838,0.1386243999,0.05961278453
7,0.0001778876904,1.184628036e-05,2.131160181e-05,8.882112161e-05,0.03023416363,0.004770925269,0,8.94982586e-05,0,0,0.0001014804657,0.000219726644,0,0.0001427412499,0,0,0.0006714845076,0,0,0,0,0,0,0,0,0,0,0,0,0,0,0,0,0,0,0,0,0,0,0,0,0,0,0,0,0,0,0,0,0,0.0006964312633,0,0,0,0,0,0,0,0,0,0,0,0,0.003397821449,0,0,0,0,0,0.002380952239,0,0,5.087065074e-05,0,0,0,0,0,0,0,0,0,0.002380952472,0,0,0,0,0,0,0,0,0,0.004761904944,0.02202083357,0.003763098735,0.005720672198,0.002847855911,0.001966194483,0.0008974433294,0.004387039691,0.006929609925,0.003610362997,0.01130861975,0,0.002014050726,0.0009807457682,0.002380952472,0,0.01437292341,0,0.007941536605,0,0.0001785579225,0,0.008849840611,0.0008720952319,0.00695155561,0.03342768177,0.003751276992,0,0,0,0,4.869039003e-06,0.8706095815,0.07473036647,0,0.0004920353531,0.0002671233669,0,0.6873255968,0.02310009487,0.02191742882,0.01078051981,0.0008048946038,0.0001875820453,1.281499408e-06,0,0,0.002380952472,0,0.0003718409571,2.570143442e-05
8,9.459254943e-05,1.131356294e-05,0.0002753762819,1.591958244e-05,0.003469333053,0.004738739226,8.94982586e-05,0,0.0001027112085,0,0.0002538162516,7.647971506e-05,6.402950385e-05,0.0002663333726,4.068989438e-05,3.617947732e-05,1.689457713e-05,0,4.732537491e-05,9.980023606e-06,2.917706752e-06,0,0,0,0,0,0,0,0,5.235060144e-06,0,0,0,0,0,1.145981696e-05,0,0,0,0,0,0,0,0,0.0009656220791,0.0008979561972,0.0004145303101,0.0004092309973,0.0009029010544,0.0002541862195,0.0002086569439,0.000883710687,0.001164796762,0,0,0,0,0.0002035677899,1.000162138e-05,0,0,0.0007672889042,0.0004998460063,0.0004471246793,0,5.994096136e-05,0,0,0.000286698807,3.742131594e-05,7.918112715e-06,0,0.0002238219022,6.907986244e-05,0,0,0,3.207286863e-05,2.380862861e-05,0.0004905141541,8.551810606e-05,0.0003236810153,0,0.000236216918,0.001246356056,0,0,0,0.0002201774623,4.495025132e-05,0,0.0004557684588,0.0001784402557,0.02320675924,0.002096772427,0.006993961986,0.0006257676287,0.0008535961388,0.003564943094,0.001240676502,0.0004074412573,0.0005301468773,0.004286491778,0.0004743142345,0.0003832431976,0.000299780193,9.595797565e-06,7.009419278e-06,0.007761801593,0.0002191967651,0.0002505910525,5.524774315e-05,0.0001815519936,4.051972428e-05,0.001112548751,1.479267576e-05,0.001288348343,0.02242690139,0.0005797379999,5.894423157e-05,0.0003051803797,0.0001713936945,1.423484446e-05,0.00223375624,0.9299481511,0.09731908143,0.0003199066559,0.000565911876,0.0004527145065,0.0004558238434,0.5612915158,0.02579455078,0.00988042634,0.0011097471,0.009034566581,0.0006277358043,0.001510910923,0.0009794333018,7.47824015e-05,0.0006012734957,1.130383862e-05,0.002213936532,0.0003829508496
9,0.000102141661,2.196655623e-05,0.0001389463578,2.528753794e-05,0.004246599972,0.01033239253,0,0.0001027112085,0,0,9.954834468e-07,0,0,0,0,0,0,0,0,0,0,0,0,0,0,0,0,0,0,0,0,0,0,0,0,0,0,0,0,0,0,0,0,0,0,0,0,0,0,0,0,0,0,0,0,0,0,0,0,0,0,0,0,0,0,0,0,0,0,0,0,0,0,0,0,0,0,0,0,0,0,0,0,0,0,0,0,0,0,0,0,0,0,0.001881986274,0.000593170349,0.001315647503,0.0002677259035,0.0001736460836,0.0001147141884,0.001791603165,0.0001223827712,3.805281449e-05,0.0003389948397,0,0.0003210009017,0,1.127867199e-05,0,0.001520388527,0,6.642269e-05,0,0,0,0,0,0.0001808559609,0.003601030679,8.720110782e-05,0,0,0,0,0.0008204473997,0.6877462268,0.02487280965,0,1.327084192e-05,3.946321522e-05,2.154784306e-05,0.3389956951,0.001726795454,0.002967490582,0.0002466076112,0.001003391226,4.551722304e-05,0,7.57897069e-05,0,0,0,3.489574374e-05,1.018193143e-05
10,3.131666017e-05,0,1.622345735e-05,0,0.006212918088,0.002476195572,0,0,0,0,0,0,2.66206298e-05,0,0,0,0,0,0,0,0,0,0,0,0,0,0,0,0,0,0,0,0,0,0,0,0,0,0,0,0,0,0,0,0,0,0,0,0,0,0,0,0,0,0,0,0,0,0,0,0,0,0,0,0,0,0,0,0,0,0,0,0,0,0,0,0,0,0,0,0,0,0,0,0,0,0,0,0,0,0,0,0,0.0005087109748,0,0,0,0,0,0.0020698437,0.00106988335,0,0.0006110997638,0,0,0,0,0,0.0003656229528,0,0,0,0,0,7.010814443e-05,0,0.0003098489251,0.002802178496,0,0,0,0,0,0,0.5976013541,0.0132129807,0,0,0,0.0003583279613,0.3054614365,0.003101994982,0,0,0.0002945244196,0,0,0,0,0,0,0,5.000436795e-05
11,0.0002364438842,0,0.0002671363181,3.079690578e-05,0.00529804267,0.006012063008,0.0001014804657,0.0002538162516,9.954834468e-07,0,0,0,0,3.4765686e-05,0,0,0,0,0,0,0,0,0,0,0,0,0,0,0,0,0,0,0,0,0,0,0,0,0,0,0,0,0,0,0,0,0,0,0,0,0,0,0,0,0,0,0,0,0,0,0,0,0,0,0,0,0,0,0,0,0,0,0,0,0,0,0,0,0,1.594143396e-05,0,2.239718697e-06,0,0,0,0,0,0,0,0,0,0,0,0.007524192799,0.001034902525,0.001792019233,0.0003649943101,0.0007498288178,0.0004896300961,0.002031834098,0.0001952259045,0.0001192102281,0.0006734998897,0,0.0003202654188,0,5.536375465e-05,0,0.002916887635,0,5.36941443e-05,0,0,1.485720441e-05,9.899831639e-05,0,0.0003032199747,0.005860884674,0.0004921054933,0,0,0,0,2.439799391e-05,0.8121756911,0.03427135199,6.945953646e-05,2.187314021e-05,8.779703057e-05,0,0.3984055519,0.004441496916,0.001017025788,0.0007001784397,0.002096588025,0,0,5.1282409e-06,0,2.079232581e-05,0,0.0001110650483,8.494015674e-06
12,0.0002817439963,0,2.731578752e-05,2.653546107e-05,0.009519201703,0.003762191394,0.000219726644,7.647971506e-05,0,0,0,0,0,0,7.921193173e-06,1.113365897e-06,0,2.564785791e-05,0,0,0,0,0,0,0,0,0,0,0,0,0,0,0,0,0,0,0,0,0,0,0,0,0,0,0,0,0,0,0,0,0,0,0,0,0,0,0,0,0,0,0,0,0,1.933192652e-05,0,0,0,0,0,0,0,0,0,0,0,0,0,0,0,0,0,0,0,0,0,0,0,0,0,0,0,0,0,0.007484802511,0.003983297385,0.004895549268,0,0.002086066408,0.0006229833234,0.004376992118,0.001887924736,0.001030410174,0.002407670487,0,0.0009360455442,0,0,0,0.009502163157,0.0006516646827,7.505260146e-05,0.0005222056643,0,0,0.0001349634113,0,0.0008133665542,0.01351329498,0.0001097475106,0,0,0,0,0,0.7996895313,0.05086514726,0,3.1907628e-05,0.0001141449247,0,0.4817415476,0.01080913469,0.004768945277,0.002053905278,0.00842432864,0,0,0,5.775736099e-06,3.956348155e-05,5.695860818e-05,0.0006537223235,0.0001243237348
13,0.0001598691306,0,8.334307495e-05,0,0.006591643672,0.02852122299,0,6.402950385e-05,0,2.66206298e-05,0,0,0,0,0,0,0,0,0,0,0,0,0,0,0,0,0,0,0,0,0,0,0,0,0,0,0,0,0,0,0,0,0,0,0,0,0,0,0,0,0,0,0,0,0,0,0,0,0,0,0,0,0,2.614779532e-06,0,0,0,0,0,0,0,0,0,0,0,0,0,0,0,0,0,0,0,0,0,0,0,0,0,0,0,0,0,0.0008803057717,0.0003392210347,0.000736521557,4.397529119e-05,0.000231172904,4.272408205e-06,0.0007316307747,2.560264329e-05,0,0.0005304979859,0.0005784719251,0,0,0,0,0.002753026783,0,0,0,0,0,0.0001597409719,0,0.0003239307553,0.003632347099,0,0,0,0,0,0,0.5432232022,0.02975110523,0,0,0,0,0.4084864557,0.003945204429,0.0009774257196,0.0006500238087,0.003145803232,0,0,0.0002467668382,0,0,0,5.940641859e-05,0
14,0.0007320475997,0,0.0003695354098,0.0003537342709,0.009957462549,0.001980691683,0.0001427412499,0.0002663333726,0,0,3.4765686e-05,0,0,0,0,0,0.002380952472,0,0,0,0,0,0,0,0,0,0,0,0,0,0,0,0,0,0,0,0,0,0,0,0,0,0,0,0,0,0,0,0,0,0,0,0,0,0,0,0,0,0,0,0,0,0,0.0002907797752,0,0,0,0,0,0,0,0,0,0,0,0,0,0,0,0,0,0.0001381736947,0,0,0,0,0,0,0,0,0,0,0,0.007494953461,0.0005257438752,0.0004733789829,5.932539352e-05,0,0,0.002380952472,0,0.0005102239666,0,0,0,0,0,0,0.009639874101,0,0,0,0.0002104645537,0,0,0,0.005467140116,0.01535412483,0,0,0,0,0,0,0.7821316123,0.03330647573,0,0,0,0,0.430280745,0.002856561216,0.002380952472,0.00137585029,0.005517983809,0.004761904944,0,0.0008913665079,0,0,0,0,0.00121817179
15,0.002890465315,0,0.0001229272602,0,0.01166717615,0.002241536044,0,4.068989438e-05,0,0,0,7.921193173e-06,0,0,0,6.305398983e-06,0,0,0,0,0,0,0,0,0,0,0,0,0,0,0,0,0,0,0,0,0,0,0,0,0,0,0,0,0,0,0,0,0,0,0,0,0,0,0,0,0,0,0,0,0,0,0,0,0,0,0,0,0,0,0,0,0,0,0,0,0,0,0,0,0,0,0,0,0,0,0,0,0,0,0,0,0,0.007977056317,0,0,0,0.002989093075,0,0.004761904944,0,0.001305180718,0,0,0,0,0,0,0.006422218401,0,0,0,0.0005394098116,0,0,0,0,0.007507154252,0,0,0,0,0,0,0.6766644716,0.02891618945,0,0,0,0,0.3145123124,0.00324748992,0.002380952239,0.003556618467,0.002530253958,0,0,0.0002682111517,0,0,0.0009462122107,0,0
16,0.0001632273779,0,0.000114683935,5.354270979e-05,0.005689421203,0.002908176975,0,3.617947732e-05,0,0,0,1.113365897e-06,0,0,6.305398983e-06,0,0,0,0,0,0,0,0,0,0,0,0,0,0,0,0,0,0,0,0,0,0,0,0,0,0,0,0,0,0,0,0,0,0,0,9.782928828e-06,0,0,0,0,0,0,0,0,0,0,0,1.098958001e-05,1.779245213e-05,0,0,0,0,0,0,6.519854196e-06,0,0,0,0,0,0,0,0,0,0,2.881928594e-05,0,0,0,0,0,0,0,0,0,0,4.608173913e-05,0.01278008521,0.002332728822,0.004954155069,0.0006176206516,0.001802926185,0.001414649305,0.00307139405,0.0005530934432,0.0001576833165,0.001124935574,0.0003578262113,0,0,0,0,0.004788086284,0,8.305591473e-05,0,8.054949831e-06,8.044253627e-05,0,0,0.0006702926476,0.008520658128,0.0006649107672,0,0,0,0,0.0008669616072,0.8189563751,0.04655055329,8.347271796e-05,0.0001357352739,1.806502405e-05,0,0.4499635696,0.01064235065,0.004352441058,0.0004772560496,0.006810928695,0,0,0.0005035693757,1.264098955e-05,0,0,0.0002816401829,9.975964531e-06
17,1.164077094e-05,0,4.708120832e-05,0,0.006973298267,0.002644487657,0.0006714845076,1.689457713e-05,0,0,0,0,0,0.002380952472,0,0,0,0,0,0,0,0,0,0,0,0,0,0,0,0,0,0,0,0,0,0,0,0,0,0,0,0,0,0.002380952472,0,0,0,0,0,0,0.0001426447998,0,0,0,0,0,0,0,0,0,0,0,0,9.435263928e-05,0,0,0,0,0,0,0,0,0,0,0,0,0,0,0,0,0,0.0005888681626,0,0,0,0,0,0,0,0,0,0,0,0.00562492013,0.002152907429,0.001804100233,0.0005834078765,0.000332037831,0.0004937028862,0.0003695527848,5.254628195e-05,2.843176298e-05,0.001411151141,0.0001093944811,0.0004829446552,0.0003519860911,0,0,0.003020667471,0,0.0001199789549,0,0,0,5.001762474e-05,0,0.0007486226386,0.01365156006,0,0,5.463793059e-05,0,0,0.002380952472,0.8209123611,0.05675137043,4.642183194e-05,7.316473784e-05,0,0,0.5068526864,0.007375066169,0.004004968796,0.0003511288087,0.0002004591952,9.781165136e-05,0,0,0,0.0002616566198,0,0.001034099143,0
18,0,0,0,0,0.0007297582924,0,0,0,0,0,0,2.564785791e-05,0,0,0,0,0,0,0,0,0,0,0,0,0,0,0,0,0,0,0,0,0,0,0,0,0,0,0,0,0,0,0,0,0,0,0,0,0,0,0,0,0,0,0,0,0,0,0,0,0,0,0,0,0,0,0,0,0,0,0,0,0,0,0,0,0,0,0,0,0,0,0,0,0,0,0,0,0,0,0,0,0,0.0006989716203,0,0.001207879279,0,0,0,0.0006375054945,0,0,0,0,0,0,0,0,0,0,0,0,0,0,0,0,0.0006875946419,0.007657290902,0,0,0,0,0,0,0.5981650352,0.01730051078,0,0,0,0,0.3334608078,0,0.002380952472,0.0002454870264,0,0,0,0,0,0,0,0,0
19,5.03961237e-05,0,0,0,0.001166924485,0.006284977309,0,4.732537491e-05,0,0,0,0,0,0,0,0,0,0,0,0,0,0,0,0,0,0,0,0,0,0,0,0,0,0,0,0,0,0,0,0,0,0,0,0,0,0,0,0,0,0,0,0,0,0,0,0,0,0,0,0,0,0,0,0,0,0,0,0,0,0,0,0,0,0,0,0,0,0,0,0,0,0,0,0,0,0,0,0,0,0,0,0,0,0.00062693574,0.001609159983,0.001060992246,0,0.0001846577798,0,0.002849934623,0,0,0,0,0,0,0,0,0.0009324632119,0,0,0,0,0,0,0,7.324344188e-05,0.007636244409,0,0,0,0,0,0,0.6519757509,0.01706716605,0,0,0,0,0.3592476845,0.007142857648,0.002380952472,0,0.001036919537,0,0,0,0,0.0004117804347,0,0,0
20,1.995431376e-05,0,0,0,0.002582675079,0.006153475493,0,9.980023606e-06,0,0,0,0,0,0,0,0,0,0,0,0,0,0,0,0,0,0,0,0,0,0,0,0,0,0,0,0,0,0,0,0,0,0,0,0,0,0,0,0,0,0,0,0,0,0,0,0,0,0,0,0,0,0,0,0,0,0,0,0,0,0,0,0,0,0,0,0,0,0,0,0,0,0,0,0,0,0,0,0,0,0,0,0,0,0.002380952472,0.0002251558326,0.0007423809147,0,0.0005347124534,0,0.0002611737873,0,0,0.001386393211,0,0,0.000951443275,0,0,0.002259914763,0,0,0,0,0,0,0,0.002380952472,0.009150227532,0,0,0,0,0,0,0.6889379025,0.03238750249,0,0,0,0,0.3852235079,0,0,0,0,0,0,0,0,0,0,0,0
21,2.04752414e-05,0,0,0,0.001985961804,0.003006992862,0,2.917706752e-06,0,0,0,0,0,0,0,0,0,0,0,0,0,0,0,0,0,0,0,0,0,0,0,0,0,0,0,0,0,0,0,0,0,0,0,0,0,0,0,0,0,0,0,0,0,0,0,0,0,0,0,0,0,0,0,0,0,0,0,0,0,0,0,0,0,0,0,0,0,0,0,0.000691561494,0,0,0,0,0,0,0,0,0,0,0,0,0,0.0005089212791,0.001869631466,0,0,0,0.000996101182,0,0.0003691719612,0,0,0,0,0,0,0,0.002380952239,0,0,0,0,0,0.002380952472,0,0,0.01563962735,0,0,0,0,0,0,0.7001063228,0.01768316701,0,0,0,0,0.3688490093,0,0,0,0.003256547032,0,0,0,0,0,0,0,0
22,8.050828001e-06,0,0,0,0.005326860584,0.001753723249,0,0,0,0,0,0,0,0,0,0,0,0,0,0,0,0,0,0,0,0,0,0,0,0,0,0,0,0,0,0,0,0,0,0,0,0,0,0,0,0,0,0,0,0,0,0,0,0,0,0,0,0,0,0,0,0,0,0,0,0,0,0,0,0,0,0,0,0,0,0,0,0,0,0,0,0,0,0,0,0,0,0,0,0,0,0,0,0.003802833147,0.002380952472,0.0005570137873,0,0,0.002380952472,0,0,0,0,0,0,0.0002742262732,0,0,0,0,0,0,0,0,0.0002634484554,0,0,0.003458587918,0,0,0,0,0,0,0.5801410079,0.01239548344,0,0,0,0,0.2971665263,0,0.001069798134,0,0,0,0,0,0,0,0,0,0
23,8.617393178e-06,0,0,0,0,0.000936692406,0,0,0,0,0,0,0,0,0,0,0,0,0,0,0,0,0,0,0,0,0,0,0,0,0,0,0,0,0,0,0,0,0,0,0,0,0,0,0,0,0,0,0,0,0,0,0,0,0,0,0,0,0,0,0,0,0,0,0,0,0,0,0,0,0,0,0,0,0,0,0,0,0,0,0,0,0,0,0,0,0,0,0,0,0,0,0,0,0.002380952472,0,0.002380952472,0,0,0,0,0,0,0,0,0,0,0,0,0,0,0,0,0,0,0,0,0.003614933928,0,0,0,0,0,0,0.3572866619,0.003943464253,0,0,0,0,0.1732750386,0,0,0,0,0,0,0,0,0,0,0,0
24,0,0,0,0,0,0,0,0,0,0,0,0,0,0,0,0,0,0,0,0,0,0,0,0,0,0,0,0,0,0,0,0,0,0,0,0,0,0,0,0,0,0,0,0,0,0,0,0,0,0,0,0,0,0,0,0,0,0,0,0,0,0,0,0,0,0,0,0,0,0,0,0,0,0,0,0,0,0,0,0,0,0,0,0,0,0,0,0,0,0,0,0,0,0,0.002380952472,0,0,0,0,0,0,0,0,0,0,0,0,0,0,0,0.002380952472,0,0,0,0,0,0,0,0,0,0,0,0,0,0.2600134313,0.002380952472,0,0,0,0,0.1238496304,0.002380952239,0,0,0,0,0,0,0,0,0,0,0
25,4.211232954e-05,2.080087688e-05,0,0,0.002384830732,0.002767009893,0,0,0,0,0,0,0,0,0,0,0,0,0,0,0,0,0,0,0,0,0,0,0,0,0,0,0,0,0,0,0,0,0,0,0,0,0,0,0,0,0,0,0,0,0,0,0,0,0,0,0,0,0,0,0,0,0,0,0,0,0,0,0,0,0,0,0,0,0,0,0,0,0,0,0,0.002380952472,0,0,0,0,0,0,0,0,0,0,0,0,0.001442193286,0.0008008601726,0,0.0004116378841,0.002380952472,0,0,0,0,0,0,0,0,0,0.002380952239,0,0,0,0,0,0,0,0,0.00121732289,0,0,0,0,0,0,0.6622835398,0.02007422782,0,0,0,0,0.3157680333,0,0,0,0.0004343503388,0.0008806623518,0,0,0,0,0,0,0
26,5.005163985e-06,0,0,0,0.001346088131,0.004501718562,0,0,0,0,0,0,0,0,0,0,0,0,0,0,0,0,0,0,0,0,0,0,0,0,0,0,0,0,0,0,0,0,0,0,0,0,0,0,0,0,0,0,0,0,0,0,0,0,0,0,0,0,0,0,0,0,0,0,0,0,0,0,0,0,0,0,0,0,0,0,0,0,0,0,0,0,0,0,0,0,0,0,0,0,0,0,0,0.005511321593,0,0.000644605665,0,0,0,0,0,0,0.002380952472,0,0,0,0,0,0.0006090280949,0,0.0001928055281,0,0,0,0,0,0,0.004908061121,0,0,0,0,0,0,0.670922339,0.01000366174,0.000298006431,0,0,0,0.2980679274,0,0,0,0.002380952472,0,0,0,0,0.0003044753394,0,0,0
27,1.178492221e-05,0,0,0,0,0.002380952472,0,0,0,0,0,0,0,0,0,0,0,0,0,0,0,0,0,0,0,0,0,0,0,0,0,0,0,0,0,0,0,0,0,0,0,0,0,0,0,0,0,0,0,0,0,0,0,0,0,0,0,0,0,0,0,0,0,0,0,0,0,0,0,0,0,0,0,0,0,0,0,0,0,0,0,0,0,0,0,0,0,0,0,0,0,0,0,0.001374485437,0,0,0,0,0,0,0,0,0,0,0,0,0,0,0,0,0,0,0,0,0,0,0,0.002822097158,0,0,0,0,0,0,0.4553065896,0.008513331413,0,0,0,0,0.2588741183,0,0,0,0,0,0,0,0,0,0,0,0
28,0,0,0,0,0.0006887671771,0.002380952472,0,0,0,0,0,0,0,0,0,0,0,0,0,0,0,0,0,0,0,0,0,0,0,0,0,0,0,0,0,0,0,0,0,0,0,0,0,0,0,0,0,0,0,0,0,0,0,0,0,0,0,0,0,0,0,0,0,0,0,0,0,0,0,0,0,0,0,0,0,0,0,0,0,0,0,0,0,0,0,0,0,0,0,0,0,0,0,0,0,0,0,0,0,0,0,0,0,0,0,0,0,0,0,0,0,0,0,0,0,0,0,0.00305478205,0,0,0,0,0,0,0.1619583368,0,0,0,0,0,0.1113546565,0,0,0,0,0,0,0,0,0,0,0,0
29,0,0,0,0,0.001098040026,0,0,0,0,0,0,0,0,0,0,0,0,0,0,0,0,0,0,0,0,0,0,0,0,0,0,0,0,0,0,0,0,0,0,0,0,0,0,0,0,0,0,0,0,0,0,0,0,0,0,0,0,0,0,0,0,0,0,0,0,0,0,0,0,0,0,0,0,0,0,0,0,0,0,0,0,0,0,0,0,0,0,0,0,0,0,0,0,0,0.002380952472,0,0,0,0,0,0,0,0,0,0,0,0,0,0,0,0,0,0,0,0,0,0,0,0,0,0,0,0,0,0.25413239,0.0006554095889,0,0,0,0,0.1334478408,0,0,0,0,0,0,0,0,0,0,0,0
30,9.249550203e-06,0,0,0,1.335227171e-05,0.00530594727,0,5.235060144e-06,0,0,0,0,0,0,0,0,0,0,0,0,0,0,0,0,0,0,0,0,0,0,0,0,0,0,0,0,0,0,0,0,0,0,0,0,0,0,0,0,0,0,0,0,0,0,0,0,0,0,0,0,0,0,0,0,0,0,0,0,0,0,0,0,0,0,0,0,0,0,0,0,0,0,0,0,0,0,0,0,0,0,0,0,0,0,0,0,0,0,0,0,0,0,0.002380952472,0,0,0,0,0,0,0,0,0,0,0,0,0,0,0.0009219653439,0,0,0,0,0,0,0.4164251089,0.01020119991,0,0,0,0,0.2329996824,0,0.002380952239,0,0,0,0,0,0,0,0,0,0
31,0,0,0,0,0.0003021869343,0,0,0,0,0,0,0,0,0,0,0,0,0,0,0,0,0,0,0,0,0,0,0,0,0,0,0,0,0,0,0,0,0,0,0,0,0,0,0,0,0,0,0,0,0,0,0,0,0,0,0,0,0,0,0,0,0,0,0,0,0,0,0,0,0,0,0,0,0,0,0,0,0,0,0,0,0,0,0,0,0,0,0,0,0,0,0,0,0,0,0,0,0,0,0,0,0,0,0,0,0,0,0,0,0,0,0,0,0,0,0,0,0,0,0,0,0,0,0,0.3509607613,0.00643730117,0,0,0,0,0.189482227,0,0,0,0.0004146535939,0,0,0,0,0,0,0,0
32,0,0,0,0,0.0004683331645,0.00347356149,0,0,0,0,0,0,0,0,0,0,0,0,0,0,0,0,0,0,0,0,0,0,0,0,0,0,0,0,0,0,0,0,0,0,0,0,0,0,0,0,0,0,0,0,0,0,0,0,0,0,0,0,0,0,0,0,0,0,0,0,0,0,0,0,0,0,0,0,0,0,0,0,0,0,0,0,0,0,0,0,0,0,0,0,0,0,0,0,0,0,0,0,0.001279712305,0,0.002380952472,0,0,0,0,0,0,0,0,0,0,0,0,0,0,0,0,0,0,0,0,0,0,0,0.2661702633,0.004761904944,0,0,0,0,0.1298583001,0,0,0,0.002380952472,0,0,0,0,0,0,0,0
33,0,0,0,0,0.002380952472,0,0,0,0,0,0,0,0,0,0,0,0,0,0,0,0,0,0,0,0,0,0,0,0,0,0,0,0,0,0,0,0,0,0,0,0,0,0,0,0,0,0,0,0,0,0,0,0,0,0,0,0,0,0,0,0,0,0,0,0,0,0,0,0,0,0,0,0,0,0,0,0,0,0,0,0,0,0,0,0,0,0,0,0,0,0,0,0,0,0,0,0,0,0,0,0,0,0,0,0,0,0,0,0.002380952472,0,0,0,0,0,0,0,0,0.002380952472,0,0,0,0,0,0,0.2097152621,0.002380952472,0,0,0,0,0.06949945539,0,0,0,0,0,0,0,0,0,0,0,0
34,0,0,0,0,0.002380952472,0,0,0,0,0,0,0,0,0,0,0,0,0,0,0,0,0,0,0,0,0,0,0,0,0,0,0,0,0,0,0,0,0,0,0,0,0,0,0,0,0,0,0,0,0,0,0,0,0,0,0,0,0,0,0,0,0,0,0,0,0,0,0,0,0,0,0,0,0,0,0,0,0,0,0,0,0,0,0,0,0,0,0,0,0,0,0,0,0,0,0,0,0,0,0,0,0,0,0,0,0,0,0,0,0,0,0,0,0,0,0,0,0,0,0,0,0,0,0,0.1137359738,0,0,0,0,0,0.04047619179,0,0,0,0,0,0,0,0,0,0,0,0
35,0,0,0,0,0,0,0,0,0,0,0,0,0,0,0,0,0,0,0,0,0,0,0,0,0,0,0,0,0,0,0,0,0,0,0,0,0,0,0,0,0,0,0,0,0,0,0,0,0,0,0,0,0,0,0,0,0,0,0,0,0,0,0,0,0,0,0,0,0,0,0,0,0,0,0,0,0,0,0,0,0,0,0,0,0,0,0,0,0,0,0,0,0,0,0,0,0,0,0,0,0,0,0,0,0,0,0,0,0,0,0,0,0,0,0,0,0,0,0,0,0,0,0,0,0.2123142332,0.004251857754,0,0,0,0,0.1037751362,0,0,0,0,0,0,0,0,0,0,0,0
36,0,0,0,0,0.002215604298,0.002380952472,0,1.145981696e-05,0,0,0,0,0,0,0,0,0,0,0,0,0,0,0,0,0,0,0,0,0,0,0,0,0,0,0,0,0,0,0,0,0,0,0,0,0,0,0,0,0,0,0,0,0,0,0,0,0,0,0,0,0,0,0,0,0,0,0,0,0,0,0,0,0,0,0,0,0,0,0,0,0,0,0,0,0,0,0,0,0,0,0,0,0,0,0,0,0,0,0,0,0,0,0,0,0,0,0,0,0,0,0,0,0,0,0,0,0,0,0,0,0,0,0,0,0.3149336874,0,0,0,0,0,0.124352105,0.002380952472,0,0,0.002380952472,0,0,0,0,0,0,0,0
37,0,0,0,0,0.0009942790493,0,0,0,0,0,0,0,0,0,0,0,0,0,0,0,0,0,0,0,0,0,0,0,0,0,0,0,0,0,0,0,0,0,0,0,0,0,0,0,0,0,0,0,0,0,0,0,0,0,0,0,0,0,0,0,0,0,0,0,0,0,0,0,0,0,0,0,0,0,0,0,0,0,0,0,0,0,0,0,0,0,0,0,0,0,0,0,0,0,0,0,0,0,0,0,0,0,0,0,0,0,0,0,0,0,0,0,0,0,0,0,0,0,0,0,0,0,0,0,0.2323589921,0.003915723879,0,0,0,0,0.09901672602,0,0,0,0,0,0,0,0,0,0,0,0
38,0,0,0,0,0,0,0,0,0,0,0,0,0,0,0,0,0,0,0,0,0,0,0,0,0,0,0,0,0,0,0,0,0,0,0,0,0,0,0,0,0,0,0,0,0,0,0,0,0,0,0,0,0,0,0,0,0,0,0,0,0,0,0,0,0,0,0,0,0,0,0,0,0,0,0,0,0,0,0,0,0,0,0,0,0,0,0,0,0,0,0,0,0,0,0,0,0,0,0,0,0,0,0,0,0,0,0,0,0,0,0,0,0,0,0,0,0,0,0,0,0,0,0,0,0.04133406654,0,0,0,0,0,0.01366242953,0,0,0,0,0,0,0,0,0,0,0,0
39,0,0,0,0,0,0,0,0,0,0,0,0,0,0,0,0,0,0,0,0,0,0,0,0,0,0,0,0,0,0,0,0,0,0,0,0,0,0,0,0,0,0,0,0,0,0,0,0,0,0,0,0,0,0,0,0,0,0,0,0,0,0,0,0,0,0,0,0,0,0,0,0,0,0,0,0,0,0,0,0,0,0,0,0,0,0,0,0,0,0,0,0,0,0,0,0,0,0,0,0,0,0,0,0,0,0,0,0,0,0,0,0,0,0,0,0,0,0,0,0,0,0,0,0,0.0642857179,0,0,0,0,0,0.01276188251,0,0,0,0,0,0,0,0,0,0,0,0
40,0,0,0,0,0.002380952472,0,0,0,0,0,0,0,0,0,0,0,0,0,0,0,0,0,0,0,0,0,0,0,0,0,0,0,0,0,0,0,0,0,0,0,0,0,0,0,0,0,0,0,0,0,0,0,0,0,0,0,0,0,0,0,0,0,0,0,0,0,0,0,0,0,0,0,0,0,0,0,0,0,0,0,0,0,0,0,0,0,0,0,0,0,0,0,0,0,0,0,0,0.002380952472,0,0.002380952472,0,0,0,0,0,0,0,0,0,0,0,0,0,0,0,0,0,0,0,0,0,0,0,0,0.1889720112,0,0,0,0,0,0.06864169985,0,0,0,0,0,0,0,0,0,0,0,0
41,0,0,0,0,0,0,0,0,0,0,0,0,0,0,0,0,0,0,0,0,0,0,0,0,0,0,0,0,0,0,0,0,0,0,0,0,0,0,0,0,0,0,0,0,0,0,0,0,0,0,0,0,0,0,0,0,0,0,0,0,0,0,0,0,0,0,0,0,0,0,0,0,0,0,0,0,0,0,0,0,0,0,0,0,0,0,0,0,0,0,0,0,0,0,0,0,0,0,0,0,0,0,0,0,0,0,0,0,0,0,0,0,0,0,0,0,0,0.002380952472,0,0,0,0,0,0,0.08095238358,0.007142857648,0,0,0,0,0.01971385069,0,0,0,0,0,0,0,0,0,0,0,0
42,0,0,0,0,0,0,0,0,0,0,0,0,0,0,0,0,0,0,0,0,0,0,0,0,0,0,0,0,0,0,0,0,0,0,0,0,0,0,0,0,0,0,0,0,0,0,0,0,0,0,0,0,0,0,0,0,0,0,0,0,0,0,0,0,0,0,0,0,0,0,0,0,0,0,0,0,0,0,0,0,0,0,0,0,0,0,0,0,0,0,0,0,0,0,0,0,0,0,0,0,0,0,0,0,0,0,0,0,0,0,0,0,0,0,0,0,0,0,0,0,0,0,0,0,0.1030749008,0.002380952472,0,0,0,0,0.04418883845,0,0,0,0,0,0,0,0,0,0,0,0
43,0,0,0,0,0,0,0,0,0,0,0,0,0,0,0,0,0,0,0,0,0,0,0,0,0,0,0,0,0,0,0,0,0,0,0,0,0,0,0,0,0,0,0,0,0,0,0,0,0,0,0,0,0,0,0,0,0,0,0,0,0,0,0,0,0,0,0,0,0,0,0,0,0,0,0,0,0,0,0,0,0,0,0,0,0,0,0,0,0,0,0,0,0,0,0,0,0,0,0,0,0,0,0,0,0,0,0,0,0,0,0,0,0,0,0,0,0,0,0,0,0,0,0,0,0.02142857201,0,0,0.002380952472,0,0,0,0,0,0,0,0,0,0,0,0,0,0,0
44,0.0002910655458,0,0.0002262439666,0,0.006338441744,0.0177569259,0,0,0,0,0,0,0,0,0,0,0.002380952472,0,0,0,0,0,0,0,0,0,0,0,0,0,0,0,0,0,0,0,0,0,0,0,0,0,0,0,0,0,0,0,0,0,0,0,0,0,0,0,0,0,0,0,0,0,0,0,0,0,0,0,0,0,0,0,0,0,0,0,0,0,0,0,0,0,0,0,0,0,0,0,0,0,0,0,0,0.0004011772689,0,0,0,6.073014447e-05,1.471076303e-05,0,0,0,0.0005951208877,0,0,0,0,0,0.0006663075183,0,0,0,0,0,0,0,0.003158865264,0.003126566764,0,0,0,0,0,0,0.4841986001,0.0223266203,0,0,0,0,0.3969234526,0.002924045082,0,0.0004354310804,0.003464580514,0,0,0,0,0,0,0,0
45,0.0003971026163,0,0,0,0.00455617765,0.01540382765,0,0.0009656220791,0,0,0,0,0,0,0,0,0,0,0,0,0,0,0,0,0,0,0,0,0,0,0,0,0,0,0,0,0,0,0,0,0,0,0,0,0,0,0,0,0,0,0,0,0,0,0,0,0,0,0,0,0,0,0,0,0,0,0,0,0,0,0,0,0,0,0,0,0,0,0,0,0,0,0,0,0,0,0,0,0,0,0,0,0,0.000399385026,0,0,0,0,0,0,0,0,0,0,0,0,0,0,0.000293047342,0,0.0003331095795,0,0,0,0,0,0.002380952472,0.00107777596,0,0,0,0,0,0,0.4891468287,0.0231306646,0,0,0,0,0.3674166501,0,0,0.002931794152,0,0,0,0,0,0,0,0,0
46,0,0,3.476869097e-05,0,0.005567311309,0.007070743944,0,0.0008979561972,0,0,0,0,0,0,0,0,0,0,0,0,0,0,0,0,0,0,0,0,0,0,0,0,0,0,0,0,0,0,0,0,0,0,0,0,0,0,0,0,0,0,0,0,0,0,0,0,0,0,0,0,0,0,0,0,0,0,0,0,0,0,0,0,0,0,0,0,0,0,0,0,0,0,0,0,0,0,0,0,0,0,0,0,0,0.000726498256,0,0.000518583518,0,9.428855265e-06,0.000659396057,0,0,0,0.0002173436951,0,0,0,0,0,0.0001358271693,0,8.425849228e-05,0,0,0,0,0,0,0.00139676698,0,0,0,0,0,0,0.5815387964,0.02782750875,0,0,0,0,0.3658544719,0.002816519001,0,0,0.002380952472,0,0,0,0,0,0,0,0.0002521797142
47,0.0001077828783,0,0,0.002380952472,0.004572632723,0.009632234462,0,0.0004145303101,0,0,0,0,0,0,0,0,0,0,0,0,0,0,0,0,0,0,0,0,0,0,0,0,0,0,0,0,0,0,0,0,0,0,0,0,0,0,0,0,0,0,0,0,0,0,0,0,0,0,0,0,0,0,0,0,0,0,0,0,0,0,0,0,0,0,0,0,0,0,0,0,0,0,0,0,0,0,0,0,0,0,0,0,0,0.0004876633757,2.037844388e-05,0.0003253140603,0,0,0,0,0,0,0.0002862110559,0,0,0,0,0,0.0002261795889,0,0,0,0,0,0,0,0,0.002886832925,0,0,0,0,0,0,0.5297403336,0.01903330721,0,0,0,0,0.3562662601,0,0,0,0.002885429189,0,0,0,0,0,0,0,0
48,0.0004802032781,0,0.0004680416023,0,0.006624076515,0.0228137169,0,0.0004092309973,0,0,0,0,0,0,0,0,0,0,0,0,0,0,0,0,0,0,0,0,0,0,0,0,0,0,0,0,0,0,0,0,0,0,0,0,0,0,0,0,0,0,0,0,0,0,0,0,0,0,0,0,0,0,0,0,0,0,0,0,0,0,0,0,0,0,0,0,0,0,0,0,0,0,0,0,0,0,0,0,0,0,0,0,0,0.00049302564,0,8.910774341e-05,3.639717761e-05,5.323996083e-05,0,0,1.336044647e-06,0,0.00227753981,0,0,0,0,0,9.883100574e-05,0,0,0,0,0,0,0,0,0.004284793511,0,0,0,0,0,0,0.4857033193,0.02064100839,0,0,0,0,0.3507140875,0.001009827713,0.002380952472,0.0002336824255,0.0002542133443,0,0,0,0,0,0,0,0
49,0.0004179116222,0.0002383288811,0.0002756370232,0,0.006567609962,0.04261296242,0,0.0009029010544,0,0,0,0,0,0,0,0,0,0,0,0,0,0,0,0,0,0,0,0,0,0,0,0,0,0,0,0,0,0,0,0,0,0,0,0,0,0,0,0,0,0,0,0,0,0,0,0,0,0,0,0,0,0,0,0,0,0,0,0,0,0,0,0,0,0,0,0,0,0,0,0,0,0,0,0,0,0,0,0,0,0,0,0,4.316931154e-06,0.0007384085329,0.0002378374484,0.000260764733,1.197468919e-05,1.065388824e-05,1.559875045e-06,0.0002106667234,7.63372384e-07,0,0.0006391722127,0,0,0,0,0,0.0002790424624,0.003541979473,2.270073855e-05,0,0,0.0002303976362,0,0,0,0.003509721952,0,0,0,0,0,0,0.4571910799,0.02530303411,0,0,3.533655672e-06,0,0.374964565,0.005431219004,0.002380952472,0.0003658637579,0.002667244291,0,0,0,0,0,0,0,0
50,0.0002351640287,0,0,0,0.006752571091,0.01442370936,0,0.0002541862195,0,0,0,0,0,0,0,0,0,0,0,0,0,0,0,0,0,0,0,0,0,0,0,0,0,0,0,0,0,0,0,0,0,0,0,0,0,0,0,0,0,0,0,0,0,0,0,0,0,0,0,0,0,0,0,0,0,0,0,0,0,0,0,0,0,0,0,0,0,0,0,0,0,0,0,0,0,0,0,0,0,0,0,0,0,0.001791944145,4.788709339e-05,0.0001127786163,0,0,0,0.0003900951124,1.557465839e-05,3.975148047e-06,0.001971746096,0,0,0,0,0,0.0002989930799,0,2.771102299e-05,0,0,0,0,0,0.0002627194335,0.001586557482,0,0,0,0,0,0,0.5957486629,0.0293287579,0,0,0,0,0.3669899106,0.003659333102,0,0,0.002191409701,0,0,0,0,0,0,0,0
51,0.0002068058384,0,0.0002914910729,0,0.006426243111,0.02841343731,0.0006964312633,0.0002086569439,0,0,0,0,0,0,0,9.782928828e-06,0.0001426447998,0,0,0,0,0,0,0,0,0,0,0,0,0,0,0,0,0,0,0,0,0,0,0,0,0,0,0,0,0,0,0,0,0,0,0,0,0,0,0,0,0,0,0,0,0,0,0,0,0,0,0,0,0,0,0,0,0,0,0,0,0,0,0,0,0,0,0,0,0,0,0,0,0,0,0,0,0.0007649664767,2.940913328e-05,0.0001369528327,5.232415333e-06,5.832951501e-06,5.908466846e-06,0.0001163966881,1.205081389e-06,1.28206284e-06,0.0001699910354,0,0.002380952472,0,0,0,0.000127284191,0,0,0,0,0,0,0,0.00164602499,0.003637935268,0,0,0,0,0,0.001454015495,0.539270997,0.02477114089,0,0,0,0,0.3633728623,0.00725928694,0.006543606985,0.0002828613215,0.001291168039,0.0009621942881,0,0,0,0,0,0,0
52,5.171559678e-05,0,0.0002525375749,0,0.00461881049,0.00879648421,0,0.000883710687,0,0,0,0,0,0,0,0,0,0,0,0,0,0,0,0,0,0,0,0,0,0,0,0,0,0,0,0,0,0,0,0,0,0,0,0,0,0,0,0,0,0,0,0,0,0,0,0,0,0,0,0,0,0,0,0,0,0,0,0,0,0,0,0,0,0,0,0,0,0,0,0,0,0,0,0,0,0,0,0,0,0,0,0,0,0.002026859205,0.003303519217,0.003905853955,7.756271225e-05,0.0002052887576,0,0.0009735997883,0.0001059511196,0,0.0002090381458,0,0,0,0,0,0.001710979152,0,0,0,0,0,0,0,6.530081737e-05,0.002339736093,0,0,0,0,0,0,0.7337944508,0.02416278422,0,0,1.019038609e-05,2.828921424e-05,0.3238424063,0.003582151607,0.001232157927,0.0005263871863,0.001217760378,0.0006058163708,0,0,0,0,0,0.0002820751688,0
53,0,0,0,0,0.002550239675,0.001516654389,0,0.001164796762,0,0,0,0,0,0,0,0,0,0,0,0,0,0,0,0,0,0,0,0,0,0,0,0,0,0,0,0,0,0,0,0,0,0,0,0,0,0,0,0,0,0,0,0,0,0,0,0,0,0,0,0,0,0,0,0,0,0,0,0,0,0,0,0,0,0,0,0,0,0,0,0,0,0,0,0,0,0,0,0,0,0,0,0,0,0,0.004761904944,0,0,0,0,0,0,0,0,0,0,0,0,0,0,0,0,0,0,0,0,0,0,0.0007201752742,0,0,0,0,0,0,0.2537946105,0.007721733768,0,0,0,0,0.1875408292,0,0,0.0003220548097,0,0,0,0,0,0,0,0,0
54,0,0,0,0,0.002837430919,0.002380952472,0,0,0,0,0,0,0,0,0,0,0,0,0,0,0,0,0,0,0,0,0,0,0,0,0,0,0,0,0,0,0,0,0,0,0,0,0,0,0,0,0,0,0,0,0,0,0,0,0,0,0,0,0,0,0,0,0,0,0,0,0,0,0,0,0,0,0,0,0,0,0,0,0,0,0,0,0,0,0,0,0,0,0,0,0,0,0,0,0,0,0,0,0,0,0,0,0,0,0,0,0,0,0,0,0,0,0,0,0,0,0,0.002380952472,0,0,0,0,0,0.002380952472,0.1787062287,0.0001957716158,0,0,0,0,0.09019051492,0,0,0,0,0,0,0,0,0,0,0,0
55,0,0,0,0,0,0,0,0,0,0,0,0,0,0,0,0,0,0,0,0,0,0,0,0,0,0,0,0,0,0,0,0,0,0,0,0,0,0,0,0,0,0,0,0,0,0,0,0,0,0,0,0,0,0,0,0,0,0,0,0,0,0,0,0,0,0,0,0,0,0,0,0,0,0,0,0,0,0,0,0,0,0,0,0,0,0,0,0,0,0,0,0,0,0,0,0,0,0,0,0,0,0,0.0001841475605,0,0,0,0,0,0,0,0,0,0,0,0,0,0,0,0,0,0,0,0,0,0.1864053011,0.002986662555,0,0,0,0,0.114411369,0,0,0,0,0,0,0,0,0,0,0,0
56,0,0,0,0,0.0005093853106,0,0,0,0,0,0,0,0,0,0,0,0,0,0,0,0,0,0,0,0,0,0,0,0,0,0,0,0,0,0,0,0,0,0,0,0,0,0,0,0,0,0,0,0,0,0,0,0,0,0,0,0,0,0,0,0,0,0,0,0,0,0,0,0,0,0,0,0,0,0,0,0,0,0,0,0,0,0,0,0,0,0,0,0,0,0,0,0,0,0,0,0,0,0,0,0.002380952472,0,0,0,0,0,0,0,0,0,0,0,0,0,0,0,0,0.000458218361,0,0,0,0,0,0,0.2028178722,0.002380952472,0,0,0,0,0.1365163624,0.004761904944,0,0,0,0,0,0,0,0,0,0,0
57,3.387169636e-05,0,0,0,0.0007400363102,0,0,0,0,0,0,0,0,0,0,0,0,0,0,0,0,0,0,0,0,0,0,0,0,0,0,0,0,0,0,0,0,0,0,0,0,0,0,0,0,0,0,0,0,0,0,0,0,0,0,0,0,0,0,0,0,0,0,0,0,0,0,0,0,0,0,0,0,0,0,0,0,0,0,0,0,0,0,0,0,0,0,0,0,0,0,0,0,0.001857961062,0,0,0,0,0,0,0,0,7.870849367e-05,0,0,0,0,0,0,0,0.0001641974231,0,0,0,0,0,0,0.001762313419,0,0,0,0,0,0,0.325076282,0.005785783753,0,0,0,0,0.1786767393,0,0,0,0.002380952472,0,0,0,0,0,0,0,0
58,0.000162783108,0,0.000127391555,0,0.002921684412,0.006978447549,0,0.0002035677899,0,0,0,0,0,0,0,0,0,0,0,0,0,0,0,0,0,0,0,0,0,0,0,0,0,0,0,0,0,0,0,0,0,0,0,0,0,0,0,0,0,0,0,0,0,0,0,0,0,0,0,0,0,0,0,0,0,0,0,0,0,0,0,0,0,0,0,0,0,0,0,0,0,0,0,0,0,0,0,0,0,0,0,0,0,0.004871982615,0.004299963359,0.0003033719258,0.004761904944,0.001461661188,0.0003994414001,0.004176620394,0.0002828856523,0.002582283923,0.0002523527073,0.0001933488675,0,0,0,0,0.001237665187,0,4.730079672e-05,0,0,0,0,0,4.514874672e-05,0.001427804586,0,0,0,9.954111192e-06,0,0,0.7257568836,0.02366799489,0,0,0.0001147332805,0,0.236045599,0.002025354421,0.000798738969,6.965606008e-05,0.002380952472,0,0,0,0,0,0,0,0
59,5.283533028e-06,0,3.58249963e-06,0,0.006906366441,0.01059293561,0,1.000162138e-05,0,0,0,0,0,0,0,0,0,0,0,0,0,0,0,0,0,0,0,0,0,0,0,0,0,0,0,0,0,0,0,0,0,0,0,0,0,0,0,0,0,0,0,0,0,0,0,0,0,0,0,0,0,0,0,0,0,0,0,0,0,0,0,0,0,0,0,0,0,0,0,0,0,0,0,0,0,0,0,0,0,0,0,0,0,0.001869014581,0.002689973684,0.004321002867,0,0.003151092678,0.0002494513465,0,0,0.0002571717487,8.841304225e-05,1.4811043e-05,0,0,0,0,0.000383639097,0,0,0,1.022723836e-06,2.407761713e-06,0,0,2.844818118e-05,0.001061344519,0,0,0,0,0,0,0.6259443164,0.01675954089,0,0,1.148737192e-05,0,0.2166479677,0.001789226779,0.0002855488565,0.000343048654,0.004650196526,0,0,0,0,0,0,0,0
60,0.0003848188207,0,3.734498023e-05,0,0.003738480387,0.005217014812,0,0,0,0,0,0,0,0,0,0,0,0,0,0,0,0,0,0,0,0,0,0,0,0,0,0,0,0,0,0,0,0,0,0,0,0,0,0,0,0,0,0,0,0,0,0,0,0,0,0,0,0,0,0,0,0,0,0,0,0,0,0,0,0,0,0,0,0,0,0,0,0,0,0,0,0,0,0,0,0,0,0,0,0,0,0,0,0.001449445379,0,0.001094659674,0,0,0,0,0,0,0.002273996826,0,0,0,0,0,0.001532353926,0,0,0,0,0,0,0,0.004761904944,0.005779478699,0,0,0,0,0,0,0.5971450806,0.01417030022,0,0,0,0,0.308347553,0.004980364349,0,0,0,0,0,0.0006454825052,0,0,0,0,0
61,0.0005084917066,0,0,0,9.218644846e-05,0,0,0,0,0,0,0,0,0,0,0,0,0,0,0,0,0,0,0,0,0,0,0,0,0,0,0,0,0,0,0,0,0,0,0,0,0,0,0,0,0,0,0,0,0,0,0,0,0,0,0,0,0,0,0,0,0,0,0,0,0,0,0,0,0,0,0,0,0,0,0,0,0,0,0,0,0,0,0,0,0,0,0,0,0,0,0,0,0.002162762918,0,0,0.002380952472,0,0,0.002380952239,0,0,0,0,0,0,0,0,0,0,0,0,0,0,0,0,0,0.0006926577771,0,0,0,0,0,0,0.2767013311,0.007309374865,0,0,0,0,0.1352716535,7.40482792e-05,0,0,0,0,0,0,0,0,0,0,0
62,0.0001328084327,0,0,0.0006975299329,0.001359559712,0.006485396996,0,0.0007672889042,0,0,0,0,0,0,0,0,0,0,0,0,0,0,0,0,0,0,0,0,0,0,0,0,0,0,0,0,0,0,0,0,0,0,0,0,0,0,0,0,0,0,0,0,0,0,0,0,0,0,0,0,0,0,0,0,0,0,0,0,0,0,0,0,0,0,0,0,0,0,0,0,0,0,0,0,0,0,0,0,0,0,0,0,0,0.003776509548,0.001059893169,0,0,0.002380952472,0,0.0005095714005,0.0002949488407,0,0.0001837236196,0,0,0,0,0,0.0008809299907,0,0,0,0,0,0,0,0.000193750544,0.002582101384,0.000519992318,0,0,0,0,0,0.659732759,0.02070458606,0,0,0,0,0.3028317094,0.003453183221,0.000644294254,0.0003005389299,0.003356601344,0,0,0,0,0,0,0,0
63,0.0001908590057,0,0.0002700099722,0.0007828635862,0.004610044882,0.01110152062,0,0.0004998460063,0,0,0,0,0,0,0,1.098958001e-05,0,0,0,0,0,0,0,0,0,0,0,0,0,0,0,0,0,0,0,0,0,0,0,0,0,0,0,0,0,0,0,0,0,0,0,0,0,0,0,0,0,0,0,0,0,0,0,0,0,0,0,0,0,0,0,0,0,0,0,0,0,0,0,0,0,0,0,0,0,0,0,0,0.001301729004,0,0,0,0,0.002622044412,0.0007819571183,0.001181840897,0.0003534776915,0.0001904785313,0.0002189522056,0.00101744954,5.606977356e-05,1.831910777e-05,0.0007623078418,0.001611328917,0.0008845189004,0,0,0,0.0007188944146,0.0006445800536,1.881859316e-05,0,0,2.570451579e-05,0,0,0.0009685140685,0.003760053543,0.001212642761,0,0,0,0,0.001114670886,0.7137519121,0.02361738682,0,0,2.120037061e-05,2.074606346e-05,0.3720400631,0.004065527581,0.002257181564,0.0002462023986,0.003097482957,0.0003475535486,0,0,0,0,0,1.48967556e-05,8.490039363e-06
64,0.0001892499131,0,0.0002252244303,0.0001140192762,0.003990589641,0.01655634865,0.003397821449,0.0004471246793,0,0,0,1.933192652e-05,2.614779532e-06,0.0002907797752,0,1.779245213e-05,9.435263928e-05,0,0,0,0,0,0,0,0,0,0,0,0,0,0,0,0,0,0,0,0,0,0,0,0,0,0,0,0,0,0,0,0,0,0,0,0,0,0,0,0,0,0,0,0,0,0,0,0,0,0,0,0,0,0,0,0,0,0,0,0,0,0,0,0,0,0,0,0,0,0,0,0,0,0,0,0,0.0036859354,0.00669546891,0.01797671802,0.001191714895,0.001973553328,0.001017094473,0.003185393522,0.0006070366362,0.0002628150978,0.0002995237592,0.0001855456067,0.0001786191133,0.0002748861443,0,0,0.003602486104,6.614589802e-05,3.730954268e-05,0,9.560721992e-07,4.64581035e-06,0.0001059212518,0,0.0003526061482,0.004040552303,0,0,0,0,0,0.0007370744133,0.7637097836,0.02730121091,0.000119864002,0.0006708511501,2.327408401e-05,3.890712105e-05,0.3100807071,0.003570208559,0.003764474299,0.0003315534268,0.005155023653,0.0005225493805,0,0.001111749443,0.0001494033204,2.926272828e-05,0,0.0002413992624,1.662572572e-06
65,0,0,0,0,0.007030343171,0,0,0,0,0,0,0,0,0,0,0,0,0,0,0,0,0,0,0,0,0,0,0,0,0,0,0,0,0,0,0,0,0,0,0,0,0,0,0,0,0,0,0,0,0,0,0,0,0,0,0,0,0,0,0,0,0,0,0,0,0,0,0,0,0,0,0,0,0,0,0,0,0,0,0,0,0,0,0,0,0,0,0,0,0,0,0,0,0,0,0,0,0,0,0,0,0,0,0,0,0,0,0,0,0,0,0,0,0,0,0,0,0.000333742064,0,0,0,0,0,0,0.4372400045,0.009388711303,0,0,0,0,0.2304654419,0,0,0,0,0,0,0,0,0,0,0,0
66,0,0,0,0,0.003545133863,0.006581330206,0,5.994096136e-05,0,0,0,0,0,0,0,0,0,0,0,0,0,0,0,0,0,0,0,0,0,0,0,0,0,0,0,0,0,0,0,0,0,0,0,0,0,0,0,0,0,0,0,0,0,0,0,0,0,0,0,0,0,0,0,0,0,0,0,0,0,0,0,0,0,0,0,0,0,0,0,0,0,0,0,0,0,0,0,0,0,0,0,0,0,0,0,0,0,0,0,0,0,0,0,0,0,0,0,0,9.535770369e-05,0,0,0,0,0,0,0,0,0.0006458115531,0,0,0,0,0,0,0.5241752267,0.009355259128,0,0,0,0,0.2865155935,0.0009680810035,0,0,0,0,0,0,0,0,0,0,0
67,0.000113374088,0,0,0,0.003200237406,0.004678966478,0,0,0,0,0,0,0,0,0,0,0,0,0,0,0,0,0,0,0,0,0,0,0,0,0,0,0,0,0,0,0,0,0,0,0,0,0,0,0,0,0,0,0,0,0,0,0,0,0,0,0,0,0,0,0,0,0,0,0,0,0,0,0,0,0,0,0,0,0,0,0,0,0,0,0,0,0,0,0,0,0,0,0,0,0,0,0,0.002380952472,0,0.002380952239,0,0.0009077587165,0,0,0.0001423627691,0,0.0002970772621,0,0,0,0,0,0.0006078251754,0,0,0,0,0,0,0,0.000616549456,0.004080679268,0,0,0,0,0,0,0.5004964471,0.01917656697,0,0,0,0,0.2217126787,0.0003253245377,0,2.390640657e-05,0,0,0,0,0,0,0,0,0
68,1.99849128e-05,0,0.0001743796893,0.0001419079053,0.001977953594,0.004761904944,0,0,0,0,0,0,0,0,0,0,0,0,0,0,0,0,0,0,0,0,0,0,0,0,0,0,0,0,0,0,0,0,0,0,0,0,0,0,0,0,0,0,0,0,0,0,0,0,0,0,0,0,0,0,0,0,0,0,0,0,0,0,0,0,0,0,0,0,0,0,0,0,0,0,0,0,0,0,0,0,0,0,0,0,0,0,0,0.003634274239,0.0033104904,0,0.0003661168157,0,0.002342397813,0,0,0,8.156732656e-05,0,0,0,0,0,0,0,2.765626778e-05,0,0,0,0,0,0.0002189416991,0.002168264706,0,0,0,0,0,0.001406616648,0.5846992135,0.01707083732,0,0,0,0,0.2215945423,0.0006233404856,0,6.630141434e-05,0.001368548721,0,0,0,0,0,0,0,0
69,0.0001870375418,9.180611232e-05,8.888170123e-05,0,0.002728219377,0.003743918845,0,0.000286698807,0,0,0,0,0,0,0,0,0,0,0,0,0,0,0,0,0,0,0,0,0,0,0,0,0,0,0,0,0,0,0,0,0,0,0,0,0,0,0,0,0,0,0,0,0,0,0,0,0,0,0,0,0,0,0,0,0,0,0,0,0,0,0,0,0,0,0,0,0,0,0,0,0,0,0,0,0,0,0,0,0,0,0,0,0,0.002214085544,0.005003503524,0,0.0001069853461,0,0.0001253029477,0.000262423302,6.83727776e-05,0,0.000164881174,0,0,0,0,0,0.001332100946,0,0,0,0,0,0,0,6.888881035e-05,0.003874336369,0,0,0,0,0,0,0.7147434354,0.02243398875,0,0,0,0,0.336348623,0.004143096972,0.0004257040564,0.000826220552,0.000629602524,0,0,0,0,0,0,4.560845628e-05,0
70,0.0001184691937,0,0.0002803084499,0,0.006928004324,0.01233241241,0.002380952239,3.742131594e-05,0,0,0,0,0,0,0,0,0,0,0,0,0,0,0,0,0,0,0,0,0,0,0,0,0,0,0,0,0,0,0,0,0,0,0,0,0,0,0,0,0,0,0,0,0,0,0,0,0,0,0,0,0,0,0,0,0,0,0,0,0,0,0,0,0,0,0,0,0,0,0,0,0,0,0,0,0,0,0,0,0,0,0,0,0,0.001556974021,0.00569560891,0.005203344859,0.0005046446458,0.004051037598,0.002999722958,0.0006439600256,0.0007971336017,0.0004267902987,4.466907194e-05,0,0,0,0,0,0.001616077032,0,0,0,1.976844715e-06,0,0,0,5.863186016e-05,0.003193247132,0,0,0,0,0,0,0.6400483847,0.02116836421,0,0,0,0,0.24185884,0.001900398755,0,0.0006701255916,0,0,0,0,0,0,0,0,0
71,6.281991773e-06,0,1.193321441e-05,0,0.002998885466,0.007081684191,0,7.918112715e-06,0,0,0,0,0,0,0,6.519854196e-06,0,0,0,0,0,0,0,0,0,0,0,0,0,0,0,0,0,0,0,0,0,0,0,0,0,0,0,0,0,0,0,0,0,0,0,0,0,0,0,0,0,0,0,0,0,0,0,0,0,0,0,0,0,0,0,0,0,0,0,0,0,0,0,0,0,0,0,0,0,0,0,0,0,0,0,0,0,0.004984240048,0,0.002380952472,0.0006517380243,0,0,0,0,0,0,0,0,0,0,0,0.0001881838834,0,0,0,0,0,0,0,9.544567729e-05,0.0005397188943,0,0,0,0,0,0,0.5670781136,0.009788575582,0,0,0,0,0.295433253,0.002186000114,0.002625920111,0,0.001549886772,0,0,0,0,0,0,0,0
72,7.48164166e-05,0,1.823107777e-05,0,0.00992360618,0.002585560083,0,0,0,0,0,0,0,0,0,0,0,0,0,0,0,0,0,0,0,0,0,0,0,0,0,0,0,0,0,0,0,0,0,0,0,0,0,0,0,0,0,0,0,0,0,0,0,0,0,0,0,0,0,0,0,0,0,0,0,0,0,0,0,0,0,0,0,0,0,0,0,0,0,0,0,0,0,0,0,0,0,0,0,0,0,0,0,0,0,0,0,0,0,0,0,0,0.001493685879,0,0,0,0,0,0,0,0,0,0,0,0,0,0,0.001146982424,0,0,0,0,0,1.44172202e-06,0.5216007829,0.01169002987,0,0,0,0,0.3419211805,0,0,0.0007301152218,0.0004792957334,0,0,2.64121627e-06,0,0,0,0,0
73,0.0002205878991,0,5.672598945e-06,0,0.006074005738,0.005288258661,5.087065074e-05,0.0002238219022,0,0,0,0,0,0,0,0,0,0,0,0,0,0,0,0,0,0,0,0,0,0,0,0,0,0,0,0,0,0,0,0,0,0,0,0,0,0,0,0,0,0,0,0,0,0,0,0,0,0,0,0,0,0,0,0,0,0,0,0,0,0,0,0,0,0,0,0,0,0,0,0,0,0,0,0,0,0,0,0,0,0,0,0,0,0.001282368903,0.0001812881528,0.001196511323,5.356356633e-05,0.0006671189913,0,0.00281073316,0,0,0,0,0,0,0,0,0.001317143324,0,0,0,0,0,0,0,0.0009459957946,0.007271138486,0,0,0,0,0,0,0.6572595835,0.02912582643,0,0,0,0,0.398938477,0.002186104655,0.0009689638391,0.001972839236,0.001348245423,0,0,0,0,0,0,0,0
74,0.0001152766636,0,0.0005672269035,0,0.0003280175442,0.004123270512,0,6.907986244e-05,0,0,0,0,0,0,0,0,0,0,0,0,0,0,0,0,0,0,0,0,0,0,0,0,0,0,0,0,0,0,0,0,0,0,0,0,0,0,0,0,0,0,0,0,0,0,0,0,0,0,0,0,0,0,0,0,0,0,0,0,0,0,0,0,0,0,0,0,0,0,0,0,0,0,0,0,0,0,0,0,0,0,0,0,0,2.545389179e-05,0.00279411138,0.003938778769,0.002774712397,0,0.00150910113,0.001263427082,0,0,0.0005362001248,0,0,0,0,0,0,0,6.465395472e-06,0,0,0,0,0,4.157948206e-05,0.002383360406,0,0,0,0,0,0.002380952472,0.6041332483,0.01886654831,5.347308615e-05,0,0,0,0.2384938449,0.0005350284628,0,0.0002170428779,0,0,0,0,0,0,0,0,0
75,0.0001944941469,0,0.0002069504262,0.0001479021594,0.003210049821,0.01012137812,0,0,0,0,0,0,0,0,0,0,0,0,0,0,0,0,0,0,0,0,0,0,0,0,0,0,0,0,0,0,0,0,0,0,0,0,0,0,0,0,0,0,0,0,0,0,0,0,0,0,0,0,0,0,0,0,0,0,0,0,0,0,0,0,0,0,0,0,0,0,0,0,0,0,0,0,0,0,0,0,0,0,0,0,0,0,0,0.0007451692945,0.0003517260193,0.003695563413,4.038379484e-05,3.897590796e-05,0.000380362093,0.002477328293,6.06528738e-06,0,0.0001223985455,0,0,0,0,0,0.0006958500599,0,0,0,5.686154054e-06,0,0,0,6.257010682e-05,0.001762444037,0,0,0,0.002380952472,0,0.002380952472,0.6873232126,0.02059740573,0.0001056769252,0,0,0,0.3413769305,0.005429868121,0,0.0005224308115,0.0009599698242,0.002380952472,0,0,0,0,0,0,0
76,4.517818161e-05,0,0,0,0.01080856565,0.0036762245,0,0,0,0,0,0,0,0,0,0,0,0,0,0,0,0,0,0,0,0,0,0,0,0,0,0,0,0,0,0,0,0,0,0,0,0,0,0,0,0,0,0,0,0,0,0,0,0,0,0,0,0,0,0,0,0,0,0,0,0,0,0,0,0,0,0,0,0,0,0,0,0,0,0,0,0,0,0,0,0,0,0,0,0,0,0,0,0,0.002477134811,0,0.001017724862,0,0,0.002380952239,0,0.0006503415643,0,0,0.001253566938,0,0,0,0,0,0.001045549405,0,0,0,0,0,0,0.001518161967,0,0,0,0,0,6.502772976e-06,0.4983667731,0.005806997884,0,0,0,0,0.3097493351,0.002992125694,0.0006334097707,0.001195779885,0.0005556271062,0,0,0,0,0,0,0,0
77,0,0,0,0,0.004889239091,0.002380952239,0,0,0,0,0,0,0,0,0,0,0,0,0,0,0,0,0,0,0,0,0,0,0,0,0,0,0,0,0,0,0,0,0,0,0,0,0,0,0,0,0,0,0,0,0,0,0,0,0,0,0,0,0,0,0,0,0,0,0,0,0,0,0,0,0,0,0,0,0,0,0,0,0,0,0,0,0,0,0,0,0,0,0,0,0,0,0,0,0,0,0,0,0,0,0,0,0,0,0,0,0,0,0.00127464463,0,0,0,0,0,0,0,0,0,0,0,0,0,0,0,0.2619740069,0.003575972514,0,0,0,0,0.15965873,0,0.0004278825654,0,0.0001455661841,0,0,0,0,0,0,0,0
78,5.552488801e-06,0,0,0,0.005777319428,0,0,3.207286863e-05,0,0,0,0,0,0,0,0,0,0,0,0,0,0,0,0,0,0,0,0,0,0,0,0,0,0,0,0,0,0,0,0,0,0,0,0,0,0,0,0,0,0,0,0,0,0,0,0,0,0,0,0,0,0,0,0,0,0,0,0,0,0,0,0,0,0,0,0,0,0,0,0,0,0,0,0,0,0,0,0,0,0,0,0,0,0,0,0,0,0,0,0,0,0,0,0,0,0,0,0,0,0,0,0,0,0,0,0,0,0.000515536638,0,0,0,0,0,0,0.314178288,0.004498659167,0,0,0,0,0.1883971095,0,0,0.0007502706721,0.0001580043754,0,0,0,0,0,0,0,0
79,0,0,0,0,0.00589890033,0,0,2.380862861e-05,0,0,0,0,0,0,0,0,0,0,0,0,0,0,0,0,0,0,0,0,0,0,0,0,0,0,0,0,0,0,0,0,0,0,0,0,0,0,0,0,0,0,0,0,0,0,0,0,0,0,0,0,0,0,0,0,0,0,0,0,0,0,0,0,0,0,0,0,0,0,0,0,0,0,0,0,0,0,0,0,0,0,0,0,0,0.001088170335,0,0,0,0,0.002380952472,0,0,0,0,0,0,0,0,0,0,0,0,0,0,0,0,0,0,0.0001637778914,0,0,0,0,0,0,0.4313323498,0.007931603119,0,0,0,0,0.26634866,0.0008976124809,0,0,0.0007037309697,0,0,0,0,0,0,0,0
80,0.0001371376275,2.508860962e-05,0.0001538885845,0,0.00733761536,0.01363743097,0,0.0004905141541,0,0,1.594143396e-05,0,0,0,0,0,0,0,0,0,0.000691561494,0,0,0,0,0,0,0,0,0,0,0,0,0,0,0,0,0,0,0,0,0,0,0,0,0,0,0,0,0,0,0,0,0,0,0,0,0,0,0,0,0,0,0,0,0,0,0,0,0,0,0,0,0,0,0,0,0,0,0,0,1.354604706e-06,0,0,0,0,0,0,0,0,0,0,0,0.003252086695,0.004683874082,0.006215504836,0.001231180271,0.001476307516,0.0001964456897,0.001623603632,0.001005450846,0.000258265296,0.0002074509539,0,0,0.001056691632,1.510412039e-05,4.439294514e-07,0.001199441031,0,2.429337655e-05,0,1.529903784e-05,0,0.002921352396,0,0.000113385453,0.003499935148,6.548886449e-05,0,0,0,5.813026655e-05,7.136309432e-05,0.6858375669,0.02433184348,0.0004333505058,0.0006506734644,8.982230611e-06,0,0.3099976182,0.003012156114,0.002389691537,0.0004972108291,0.003902358701,0.0004902707879,0,0.002027725102,0,0.0003507851216,0.0001767721842,0,3.067414355e-06
81,0,0,0,0,0.01102828141,0.01310694031,0,8.551810606e-05,0,0,0,0,0,0,0,0,0,0,0,0,0,0,0,0,0,0,0,0,0,0,0,0,0,0,0,0,0,0,0,0,0,0,0,0,0,0,0,0,0,0,0,0,0,0,0,0,0,0,0,0,0,0,0,0,0,0,0,0,0,0,0,0,0,0,0,0,0,0,0,0,0,0,0,0,0,0,0,0,0,0,0,0,0,0,0.001207148656,0,0.001532088616,0,0,0,0,0,0.0002075155498,0,0,0,0,0,0,0,0,0,0,0,0,0,0,0.0002291549317,0,0,0,0,0,0,0.5308580399,0.006640798878,0,0,0,0,0.3039319515,0.003736905986,0,0,0.0001642621792,0,0,0,0,0,0,0,0
82,0.0003240053193,0,0.0003539141908,0,0.004461060744,0.01366975997,0,0.0003236810153,0,0,2.239718697e-06,0,0,0.0001381736947,0,2.881928594e-05,0.0005888681626,0,0,0,0,0,0,0,0.002380952472,0,0,0,0,0,0,0,0,0,0,0,0,0,0,0,0,0,0,0,0,0,0,0,0,0,0,0,0,0,0,0,0,0,0,0,0,0,0,0,0,0,0,0,0,0,0,0,0,0,0,0,0,0,0,1.354604706e-06,0,0,0,0,0,0,0,0,0,0,0,0,4.334395953e-07,0.002524560783,0.001808292698,0.003364565084,0.0001607234735,0.0002051084593,0.0001656610257,0.0004007883254,6.391244096e-05,1.567091385e-05,0.0004800662282,0.000405615574,0.0001937823545,0.0003063035547,0,1.181737116e-05,0.001454044133,4.359483501e-05,2.414522896e-05,0,8.924624126e-06,0,0.0005589681095,0,0.0005260528997,0.003833175404,0.0003328285529,0.0001430904958,0,5.59138789e-05,0,0.00280746771,0.7117277384,0.02649849653,2.065369699e-05,0.0009485367336,7.271612958e-06,0,0.3573349118,0.006401310209,0.002533059567,0.0004135040217,0.003227467416,0.0008105620509,0,0.0008975997334,0,0,0,4.453307611e-06,3.096269666e-06
83,0.0001763935725,0,0,0,0.003546700114,0.002154940506,0.002380952472,0,0,0,0,0,0,0,0,0,0,0,0,0,0,0,0,0,0,0,0,0,0,0,0,0,0,0,0,0,0,0,0,0,0,0,0,0,0,0,0,0,0,0,0,0,0,0,0,0,0,0,0,0,0,0,0,0,0,0,0,0,0,0,0,0,0,0,0,0,0,0,0,0,0,0,0,0,0,0,0,0,0,0,0,0,0,0.002380952239,0,0.002380952472,0,0,0,0,0,0,0.002494617598,0,0,0,0,0,0.0001547970605,0,0,0,0,0,0,0,0,0.001546521438,0,0,0,0,0,0,0.3986671269,0.01024097484,0,0,0,0,0.2051685005,0.001011651126,0.002380952472,0,0,0,0,0,0,0,0,0,0
84,0.000206908313,0,0.0001004142468,0,0.004068492446,0.00172542606,0,0.000236216918,0,0,0,0,0,0,0,0,0,0,0,0,0,0,0,0,0,0,0,0,0,0,0,0,0,0,0,0,0,0,0,0,0,0,0,0,0,0,0,0,0,0,0,0,0,0,0,0,0,0,0,0,0,0,0,0,0,0,0,0,0,0,0,0,0,0,0,0,0,0,0,0,0,0,0,0,0,0,0,0,0,0,0,0,0,0.002291896148,0.001429557335,0,0,3.453209865e-05,0,0,0,0,0.0004223544965,0,0,0,0,0,6.656733603e-05,0,0,0,0,0,0,0,0,0.002702991944,0,0,0,0,0,0,0.6829032898,0.02687586099,0,0,0,0,0.3451854587,0.003696220927,0,0,0.002380952472,0.001795342308,0,0,0,0,0,0,0
85,0.0001628642349,0,8.240347233e-05,0,0.005039038137,0.001472673728,0,0.001246356056,0,0,0,0,0,0,0,0,0,0,0,0,0,0,0,0,0,0,0,0,0,0,0,0,0,0,0,0,0,0,0,0,0,0,0,0,0,0,0,0,0,0,0,0,0,0,0,0,0,0,0,0,0,0,0,0,0,0,0,0,0,0,0,0,0,0,0,0,0,0,0,0,0,0,0,0,0,0,0,0,0,0,0,0,0,0.0018654624,0.001279476215,0,0,0,0,0,0,0,0,0,0.002380952472,0,0,0,0.0005951251951,0,0,0,0,0,0,0,0,0.004196126945,0,0,0,0,0,0,0.697226584,0.01600651629,0,0,0,0,0.3227517009,0.004690080881,0,0,0,0,0,0,0,0,0,0,0
86,0.0001047774131,0,0.0003480646701,0,0.002480898751,0.004081040155,0,0,0,0,0,0,0,0,0,0,0,0,0,0,0,0,0,0,0,0,0,0,0,0,0,0,0,0,0,0,0,0,0,0,0,0,0,0,0,0,0,0,0,0,0,0,0,0,0,0,0,0,0,0,0,0,0,0,0,0,0,0,0,0,0,0,0,0,0,0,0,0,0,0,0,0,0,0,0,0,0,0,0,0,0,0,0,0.0006490671658,0.003927501384,0,0,0,0,0,0,0,0.0001420993649,0,0,0,0,0,0.00101220503,0,0,0,0,0,0,0,2.00444174e-05,0.003621341893,0,0,0,0,0,0,0.6919087768,0.01540991664,0,0,0,0,0.2954868376,0.002533400198,0.002380952472,5.75696904e-05,0.0001281303557,0,0,0,0,0,0,0,0
87,0,0,0.0001604332501,0.002380952472,0.002720548073,0,0,0,0,0,0,0,0,0,0,0,0,0,0,0,0,0,0,0,0,0,0,0,0,0,0,0,0,0,0,0,0,0,0,0,0,0,0,0,0,0,0,0,0,0,0,0,0,0,0,0,0,0,0,0,0,0,0,0,0,0,0,0,0,0,0,0,0,0,0,0,0,0,0,0,0,0,0,0,0,0,0,0,0,0,0,0,0,0,0,0,0,0,0,0,0,0,0,0,0,0,0,0,0,0,0,0,0,0,0,0,0,0.00110927911,0,0,0,0,0,8.310569683e-06,0.3071673214,0.006500347517,0,0,0,0,0.183548376,0.002380952472,0,0,0.0005462258705,0,0,0,0,0,0,0,0
88,0,0,0,0,0.003294043941,0.002380952472,0,0,0,0,0,0,0,0,0,0,0,0,0,0,0,0,0,0,0,0,0,0,0,0,0,0,0,0,0,0,0,0,0,0,0,0,0,0,0,0,0,0,0,0,0,0,0,0,0,0,0,0,0,0,0,0,0,0,0,0,0,0,0,0,0,0,0,0,0,0,0,0,0,0,0,0,0,0,0,0,0,0,0,0,0,0,0,0,0,0,0,0,0,0,0,0,0,0,0,0,0,0,0,0,0,0,0,0,0,0,0,0.00157732598,0,0,0,0,0,0,0.2365741879,0.005450191442,0,0,0,0,0.1560240835,0,0,0,0.0006384871667,0,0,0,0,0,0,0,0
89,0,0,8.911131772e-06,0,0.01760135591,0.01412143558,0,0.0002201774623,0,0,0,0,0,0,0,0,0,0,0,0,0,0,0,0,0,0,0,0,0,0,0,0,0,0,0,0,0,0,0,0,0,0,0,0,0,0,0,0,0,0,0,0,0,0,0,0,0,0,0,0,0,0,0.001301729004,0,0,0,0,0,0,0,0,0,0,0,0,0,0,0,0,0,0,0,0,0,0,0,0,0,0,0,0,0,0,0,0.001944123767,0.0005763302324,0,0.001095974352,0,0.001643310068,0.0005515016965,0,0.004849433899,0,0,0,0,0,0.001221909188,0,0,0,0,0.0005354445893,0.0003926354402,0,0,0.002357983496,0,0,0,0,0,9.536837524e-07,0.6447734237,0.0208355207,0,0,0,0,0.4250968993,0.0004080452491,0,0.001223152038,0.0004410248657,0,0,1.111232905e-06,0,0,0,0,0
90,0,0,2.038367256e-06,2.834144834e-05,0.008756817318,0.012501725,0,4.495025132e-05,0,0,0,0,0,0,0,0,0,0,0,0,0,0,0,0,0,0,0,0,0,0,0,0,0,0,0,0,0,0,0,0,0,0,0,0,0,0,0,0,0,0,0,0,0,0,0,0,0,0,0,0,0,0,0,0,0,0,0,0,0,0,0,0,0,0,0,0,0,0,0,0,0,0,0,0,0,0,0,0,0,0,0,0,0,0.001004646067,0,0,0,0,0,0,0,0,0,0,0,0,0,0,0.002993604168,0,0.0001696810214,0,0,0.000105733292,0,0,0.001289121225,0.001519473968,0,0,0,0,0,0,0.5676738024,0.009086067788,0,0,0,0,0.3136171699,0.003751303069,0,1.438472191e-05,0.0002044962748,1.284244263e-06,0,0,0,0,0,0,0
91,0,0,0,0,0.01020664629,0.002380952472,0,0,0,0,0,0,0,0,0,0,0,0,0,0,0,0,0,0,0,0,0,0,0,0,0,0,0,0,0,0,0,0,0,0,0,0,0,0,0,0,0,0,0,0,0,0,0,0,0,0,0,0,0,0,0,0,0,0,0,0,0,0,0,0,0,0,0,0,0,0,0,0,0,0,0,0,0,0,0,0,0,0,0,0,0,0,0,0,0,0,0,0,0,0,0,0,0,0,0,0,0,0,2.260053952e-05,0,0,0,0,0,0,0,0,0.001072710729,0,0,0,0,0,0.0006976948353,0.4684252143,0.01159482356,0,0,0,0,0.2882210612,0.001165677211,0,0,0.0007874148432,0,0,0,0,0,0,0,0
92,0.0002062790591,0,0.0002654203563,0,0.00781112304,0.02676982619,0,0.0004557684588,0,0,0,0,0,0,0,0,0,0,0,0,0,0,0,0,0,0,0,0,0,0,0,0,0,0,0,0,0,0,0,0,0,0,0,0,0,0,0,0,0,0,0,0,0,0,0,0,0,0,0,0,0,0,0,0,0,0,0,0,0,0,0,0,0,0,0,0,0,0,0,0,0,0,0,0,0,0,0,0,0,0,0,0,0,0.001094412408,0.000133047899,0.000137482275,4.914836154e-06,1.234426327e-05,7.675252164e-06,0,2.078597026e-05,1.611178732e-06,0.001284961705,0.001311891479,0.0005544838496,0.0009725175332,0,0,7.340499724e-05,0,4.432813512e-05,0,1.186627105e-05,0.000154851281,0,0,0.000313170196,0.004719401244,0,0,0,0,0,0,0.5607584715,0.02015530318,0,0,0,0,0.3404529989,0.003379137954,0.004761904944,0.0001013841902,0.001319127507,0,0,0,0,0.00037224486,0,7.500031643e-05,0
93,0.0002281027118,0.0001351391256,0.0001636695233,0.0001485757675,0.004591243342,0.01277709194,0.004761904944,0.0001784402557,0,0,0,0,0,0,0,4.608173913e-05,0,0,0,0,0,0,0,0,0,0,0,0,0,0,0,0,0,0,0,0,0,0,0,0,0,0,0,0,0,0,0,0,4.316931154e-06,0,0,0,0,0,0,0,0,0,0,0,0,0,0,0,0,0,0,0,0,0,0,0,0,0,0,0,0,0,0,0,0,4.334395953e-07,0,0,0,0,0,0,0,0,0,0,0,0.002675562166,0.002268562559,0.004844599869,0.0003269852896,0.0003992695711,0.0003451939265,0.0004061223008,0.0001216017044,7.003885548e-05,0.0004818960733,0.00017296843,0,0.0006599558401,0,0,0.00198763446,0,4.727895066e-05,0,1.994865124e-05,0,0.00133329269,6.520165334e-05,0.000226787859,0.002780302428,0,0,0,0,0,0.000755978981,0.7256321907,0.02365593798,2.603136636e-05,0,4.852964139e-06,0,0.350191474,0.003605820937,0.004139909055,0.0004714269598,0.004350510426,0,0,0.0002715332375,0,0.0004103675892,0,0,1.160845386e-06
94,0.02243107185,0.005156450439,0.01064489689,0.01588275656,0.06996712089,0.3902311623,0.02202083357,0.02320675924,0.001881986274,0.0005087109748,0.007524192799,0.007484802511,0.0008803057717,0.007494953461,0.007977056317,0.01278008521,0.00562492013,0.0006989716203,0.00062693574,0.002380952472,0.0005089212791,0.003802833147,0,0,0,0.005511321593,0.001374485437,0,0,0,0,0,0,0,0,0,0,0,0,0,0,0,0,0.0004011772689,0.000399385026,0.000726498256,0.0004876633757,0.00049302564,0.0007384085329,0.001791944145,0.0007649664767,0.002026859205,0,0,0,0,0.001857961062,0.004871982615,0.001869014581,0.001449445379,0.002162762918,0.003776509548,0.002622044412,0.0036859354,0,0,0.002380952472,0.003634274239,0.002214085544,0.001556974021,0.004984240048,0,0.001282368903,2.545389179e-05,0.0007451692945,0,0,0,0.001088170335,0.003252086695,0,0.002524560783,0.002380952239,0.002291896148,0.0018654624,0.0006490671658,0,0,0,0.001004646067,0,0.001094412408,0.002675562166,0,0.001488243579,0.0008877830696,0.003670297796,0.002993413713,0.000726261409,0.003347393358,0.001681859605,0.0009156270535,0.007589233574,0.005449882708,0.02538109198,0.01469636429,0.002142107347,0.002075241413,0.002986443928,0.007034664042,0.001728585339,0.005731829908,0.002344181761,0.005562010687,0.02515200712,0.002906959737,0.02355596796,0.04018245637,0.01628192142,0.001722470974,0.0003736412327,0.001802192884,0.0008465846186,0.009754688479,0.4400043488,0.07865804434,0.006058502011,0.01805702224,0.0006421194412,0.0004037831095,0.6232998967,0.04928977042,0.03605313599,0.00965746399,0.02610075474,0.01179615688,0.001176069491,0.00707389554,0.0008191164816,0.0200320892,0.005959431175,0.0004361977917,0.0006726610591
95,0.002297731116,0.002099033678,0.001612194115,0.002997391624,0.01998581551,0.03263762966,0.003763098735,0.002096772427,0.000593170349,0,0.001034902525,0.003983297385,0.0003392210347,0.0005257438752,0,0.002332728822,0.002152907429,0,0.001609159983,0.0002251558326,0.001869631466,0.002380952472,0.002380952472,0.002380952472,0.001442193286,0,0,0,0.002380952472,0,0,0,0,0,0,0,0,0,0,0,0,0,0,0,0,0,2.037844388e-05,0,0.0002378374484,4.788709339e-05,2.940913328e-05,0.003303519217,0.004761904944,0,0,0,0,0.004299963359,0.002689973684,0,0,0.001059893169,0.0007819571183,0.00669546891,0,0,0,0.0033104904,0.005003503524,0.00569560891,0,0,0.0001812881528,0.00279411138,0.0003517260193,0.002477134811,0,0,0,0.004683874082,0.001207148656,0.001808292698,0,0.001429557335,0.001279476215,0.003927501384,0,0,0.001944123767,0,0,0.000133047899,0.002268562559,0.001488243579,0,8.169787179e-05,5.558630801e-05,6.774316716e-05,0.0003436204279,0.0005854617921,0.0002118465054,0.0004494873574,0.01779715903,0.02229358815,0.02698449977,0.02831579186,0.006097501609,0.005251787603,0.0002602663299,0.01546070725,0.002738349605,0.006431115326,0.008691955358,0.01205904223,0.02718765102,0.005077417474,0.04478599131,0.009868817404,0.01394436415,0.00106970605,0.001702416455,0.005364116747,0.00780375395,0.004185187165,0.6176322699,0.03546840325,0.006282585673,0.01059916709,0.003075994551,0.007765590679,0.4674669206,0.03146481887,0.03306020051,0.008715456352,0.005244870204,0.007278005127,0.001754479948,0.001960394671,0.009039619938,0.009147843346,0.004324098118,0.001035691705,0.003533288371
96,0.005192336161,0.002358453581,0.003040180542,0.0104959216,0.0181738697,0.06557569653,0.005720672198,0.006993961986,0.001315647503,0,0.001792019233,0.004895549268,0.000736521557,0.0004733789829,0,0.004954155069,0.001804100233,0.001207879279,0.001060992246,0.0007423809147,0,0.0005570137873,0,0,0.0008008601726,0.000644605665,0,0,0,0,0,0,0,0,0,0,0,0,0,0,0,0,0,0,0,0.000518583518,0.0003253140603,8.910774341e-05,0.000260764733,0.0001127786163,0.0001369528327,0.003905853955,0,0,0,0,0,0.0003033719258,0.004321002867,0.001094659674,0,0,0.001181840897,0.01797671802,0,0,0.002380952239,0,0,0.005203344859,0.002380952472,0,0.001196511323,0.003938778769,0.003695563413,0,0,0,0,0.006215504836,0,0.003364565084,0.002380952472,0,0,0,0,0,0.0005763302324,0,0,0.000137482275,0.004844599869,0.0008877830696,8.169787179e-05,0,0.001021640492,0.0001035544556,1.428155156e-05,0.001739615574,0.00060590863,7.679158443e-05,0.02468979545,0.02446430922,0.03279187158,0.02336339839,0.009472980164,0.002479581628,0.001423349022,0.01101460028,0.00211228733,0.002380952472,0.00992044434,0.01049847063,0.03737964854,0.007482041139,0.05416213721,0.01624871045,0.02471391857,0.0009242421365,0.003158957465,0,0.007133814506,0.002298433566,0.5856251121,0.05438799039,0.007735250052,0.01682137512,0.001011545304,0.002103026025,0.586194098,0.05590541288,0.05099422485,0.01464711688,0.006295904517,0.007587571163,0.002087936271,0.001896612579,0.005044361111,0.01173122134,0.01053409278,0.0001554837072,0.0019936522
97,0.0007081889198,0.001074464642,0.0005473623169,0.002859136323,0.017045632,0.01591329835,0.002847855911,0.0006257676287,0.0002677259035,0,0.0003649943101,0,4.397529119e-05,5.932539352e-05,0,0.0006176206516,0.0005834078765,0,0,0,0,0,0.002380952472,0,0,0,0,0,0,0,0,0,0,0,0,0,0,0,0,0,0,0,0,0,0,0,0,3.639717761e-05,1.197468919e-05,0,5.232415333e-06,7.756271225e-05,0,0,0,0,0,0.004761904944,0,0,0.002380952472,0,0.0003534776915,0.001191714895,0,0,0,0.0003661168157,0.0001069853461,0.0005046446458,0.0006517380243,0,5.356356633e-05,0.002774712397,4.038379484e-05,0.001017724862,0,0,0,0.001231180271,0.001532088616,0.0001607234735,0,0,0,0,0,0,0,0,0,4.914836154e-06,0.0003269852896,0.003670297796,5.558630801e-05,0.001021640492,0,2.815822336e-05,0.000478479953,0.0001071201477,1.888360202e-05,0.0001828357781,0.006395535544,0.01146372221,0.02052524313,0.01708729379,0.00136880856,0.000831873971,0.0002180938609,0.01329901628,0.001599209965,0,0.002805818571,0.001883352757,0.01475509815,0.008773409761,0.03134358302,0.006384658627,0.01023694128,0.0005151513033,0.000388528133,0.002951867878,0.01093748864,0.002605714137,0.679017663,0.0255624596,0.005608562846,0.008236527443,0.000990185421,0.002775556874,0.338648349,0.0144318426,0.01736364141,0.007040994242,0.00645153597,0.007438725792,0.003749649273,0.001794183627,0.001128551085,0.004143609665,0.000603258959,0.0002193687105,0.004730049521
98,0.0009543636115,0.001370746526,0.0006555010332,0.003111738013,0.01530381292,0.01950561441,0.001966194483,0.0008535961388,0.0001736460836,0,0.0007498288178,0.002086066408,0.000231172904,0,0.002989093075,0.001802926185,0.000332037831,0,0.0001846577798,0.0005347124534,0,0,0,0,0.0004116378841,0,0,0,0,0,0,0,0,0,0,0,0,0,0,0.002380952472,0,0,0,6.073014447e-05,0,9.428855265e-06,0,5.323996083e-05,1.065388824e-05,0,5.832951501e-06,0.0002052887576,0,0,0,0,0,0.001461661188,0.003151092678,0,0,0.002380952472,0.0001904785313,0.001973553328,0,0,0.0009077587165,0,0,0.004051037598,0,0,0.0006671189913,0,3.897590796e-05,0,0,0,0,0.001476307516,0,0.0002051084593,0,3.453209865e-05,0,0,0,0,0.001095974352,0,0,1.234426327e-05,0.0003992695711,0.002993413713,6.774316716e-05,0.0001035544556,2.815822336e-05,0,5.517830141e-05,0.003644212848,4.212568456e-05,1.997857908e-05,0.008427481167,0.006548995152,0.0330622308,0.02281518467,0.005443693604,0.002695840318,0.001894712332,0.0155466646,0.003262311686,0.0018962092,0.004350438248,0.01194886398,0.03216692805,0.005201201886,0.03172026202,0.007958676666,0.01648821682,0,0.001684251823,0,0.002380952472,0.002327629831,0.6773668528,0.03370827809,0.01048227306,0.01175810862,0.0007232070202,0.002714693313,0.3832670152,0.01653984748,0.01940782927,0.0139540527,0.005215193145,0.009771795012,0.001054403489,0.001462834654,0.002079425147,0.01366497017,0.0004523975658,0.0001211160779,0.00123742281
99,0.002297046827,0.0005874320632,0.001797649078,0.004206233192,0.02250633761,0.1080976054,0.0008974433294,0.003564943094,0.0001147141884,0,0.0004896300961,0.0006229833234,4.272408205e-06,0,0,0.001414649305,0.0004937028862,0,0,0,0.000996101182,0.002380952472,0,0,0.002380952472,0,0,0,0,0,0,0.001279712305,0,0,0,0,0,0,0,0,0,0,0,1.471076303e-05,0,0.000659396057,0,0,1.559875045e-06,0,5.908466846e-06,0,0,0,0,0,0,0.0003994414001,0.0002494513465,0,0,0,0.0002189522056,0.001017094473,0,0,0,0.002342397813,0.0001253029477,0.002999722958,0,0,0,0.00150910113,0.000380362093,0,0,0,0.002380952472,0.0001964456897,0,0.0001656610257,0,0,0,0,0,0,0,0,0,7.675252164e-06,0.0003451939265,0.000726261409,0.0003436204279,1.428155156e-05,0.000478479953,5.517830141e-05,0,0.003010887653,0.0001091863014,3.095511147e-06,0.004503550474,0.006645681337,0.01856487617,0.02291564085,0.002324756002,0.001972754486,0.003756988095,0.01628360525,0.0004324141191,0.003339700401,0.001158345607,0.008915321901,0.02857838199,0.00258010067,0.02287916094,0.01068215631,0.003547815373,0.002380952239,0,0.0007719267742,0.000944068539,0.002959683537,0.4803542197,0.04821140319,0.003077454632,0.01319750585,6.138706522e-05,0.0001014421796,0.4857933223,0.02629696205,0.02993024513,0.01046141144,0.005482763052,0.004678503145,0.0001432235003,0.001605053432,0.0006099129678,0.01111773215,0.0004875011218,5.211274583e-06,0.0001190280818
100,0.001549024018,0.0005278900499,0.00103490951,0.002043258166,0.03274952248,0.02915059589,0.004387039691,0.001240676502,0.001791603165,0.0020698437,0.002031834098,0.004376992118,0.0007316307747,0.002380952472,0.004761904944,0.00307139405,0.0003695527848,0.0006375054945,0.002849934623,0.0002611737873,0,0,0,0,0,0,0,0,0,0,0,0,0,0,0,0,0,0,0,0.002380952472,0,0,0,0,0,0,0,0,0.0002106667234,0.0003900951124,0.0001163966881,0.0009735997883,0,0,0,0,0,0.004176620394,0,0,0.002380952239,0.0005095714005,0.00101744954,0.003185393522,0,0,0,0,0.000262423302,0.0006439600256,0,0,0.00281073316,0.001263427082,0.002477328293,0.002380952239,0,0,0,0.001623603632,0,0.0004007883254,0,0,0,0,0,0,0.001643310068,0,0,0,0.0004061223008,0.003347393358,0.0005854617921,0.001739615574,0.0001071201477,0.003644212848,0.003010887653,0,2.913804383e-05,0.0003875920956,0.002602400258,0.002235115971,0.00633584056,0.001575572882,0.0001699742716,0.002865419723,4.663894651e-05,0.0004462578509,0.0001499956561,0.0003478712169,0.00119662995,0.0008387988782,0.002112911548,7.032756548e-05,0.006218333729,0.007339354604,0.001374639105,1.023564346e-05,0.001597109484,0,0.0005372412852,0.005471239332,0.5953029394,0.01272344775,0.0005960321869,0.001660048612,0.0004401886836,0.003833135357,0.3231112957,0.005928893108,0.0001648324251,6.551430852e-05,0.006839460693,0.002348695416,0.003046652302,0.001748537063,0.001728910021,0.0007649976178,3.263932376e-05,0.002342792461,0.001887736493
101,0.0005358231138,0.0007433973951,0.0005327409017,0.0004898736952,0.02167476527,0.01975624822,0.006929609925,0.0004074412573,0.0001223827712,0.00106988335,0.0001952259045,0.001887924736,2.560264329e-05,0,0,0.0005530934432,5.254628195e-05,0,0,0,0.0003691719612,0,0,0,0,0,0,0,0,0,0,0.002380952472,0,0,0,0,0,0,0,0,0,0,0,0,0,0,0,1.336044647e-06,7.63372384e-07,1.557465839e-05,1.205081389e-06,0.0001059511196,0,0,0,0.002380952472,0,0.0002828856523,0,0,0,0.0002949488407,5.606977356e-05,0.0006070366362,0,0,0.0001423627691,0,6.83727776e-05,0.0007971336017,0,0,0,0,6.06528738e-06,0,0,0,0,0.001005450846,0,6.391244096e-05,0,0,0,0,0,0,0.0005515016965,0,0,2.078597026e-05,0.0001216017044,0.001681859605,0.0002118465054,0.00060590863,1.888360202e-05,4.212568456e-05,0.0001091863014,2.913804383e-05,0,1.473504926e-05,0.001390387421,0.00191056903,0.008536994457,0.006516491529,0.0004763139295,0.0002314375015,0.000216804503,0.006082476582,3.32702657e-05,0.00124275533,0.0008103600121,0.0005893478519,0.006673565134,0.001433173777,0.00997153949,0.005858539604,0.005459172186,0,0.0009569692193,0.001425473602,0.001649789745,0.005060808733,0.6387138963,0.02289301902,0.0004028666299,0.003696652595,0.0001087549972,0.001376020256,0.2748722732,0.006475252565,0.006608866155,0.0006223135279,0.009156325832,0.005154352635,0.001769800088,0.003405059921,0.004827360623,0.003697248641,0.0007176232175,5.573324961e-05,0.0005878756056
102,0.0004883979564,0.0002672757255,0.0003778622777,0.0006725866697,0.02409227379,0.03500552103,0.003610362997,0.0005301468773,3.805281449e-05,0,0.0001192102281,0.001030410174,0,0.0005102239666,0.001305180718,0.0001576833165,2.843176298e-05,0,0,0,0,0,0,0,0,0,0,0,0,0,0,0,0,0,0,0,0,0,0,0,0,0,0,0,0,0,0,0,0,3.975148047e-06,1.28206284e-06,0,0,0,0,0,0,0.002582283923,0.0002571717487,0,0,0,1.831910777e-05,0.0002628150978,0,0,0,0,0,0.0004267902987,0,0,0,0,0,0.0006503415643,0,0,0,0.000258265296,0,1.567091385e-05,0,0,0,0,0,0,0,0,0,1.611178732e-06,7.003885548e-05,0.0009156270535,0.0004494873574,7.679158443e-05,0.0001828357781,1.997857908e-05,3.095511147e-06,0.0003875920956,1.473504926e-05,0,0.0009222593508,0.001785657601,0.00486404961,0.002806964098,0.001255806303,0.0005849627196,0.001132721198,0.001374340267,4.695144889e-05,0.0007302485174,0.0005556772812,0.0007067447295,0.006045701448,0.0003316389048,0.007310099434,0.004810414743,0.005530213472,0.002659371123,0,0.0004454341251,0.002380952472,0.005298580509,0.5277170539,0.02621423453,0.0003761586268,0.003513816046,2.801740447e-05,0.0003415395622,0.2807237506,0.005665594712,0.006141548045,0.001468826784,0.008760373108,0.002994126873,0.0008889270248,0.0007712184452,0.0002316075115,0.0009448187775,0,8.405714652e-06,7.3951589e-05
103,0.004621889442,0.001117467182,0.000946247601,0.0008154904936,0.06677356362,0.07417698205,0.01130861975,0.004286491778,0.0003389948397,0.0006110997638,0.0006734998897,0.002407670487,0.0005304979859,0,0,0.001124935574,0.001411151141,0,0,0.001386393211,0,0,0,0,0,0.002380952472,0,0,0,0.002380952472,0,0,0,0,0,0,0,0,0,0,0,0,0,0.0005951208877,0,0.0002173436951,0.0002862110559,0.00227753981,0.0006391722127,0.001971746096,0.0001699910354,0.0002090381458,0,0,0.0001841475605,0,7.870849367e-05,0.0002523527073,8.841304225e-05,0.002273996826,0,0.0001837236196,0.0007623078418,0.0002995237592,0,0,0.0002970772621,8.156732656e-05,0.000164881174,4.466907194e-05,0,0.001493685879,0,0.0005362001248,0.0001223985455,0,0,0,0,0.0002074509539,0.0002075155498,0.0004800662282,0.002494617598,0.0004223544965,0,0.0001420993649,0,0,0.004849433899,0,0,0.001284961705,0.0004818960733,0.007589233574,0.01779715903,0.02468979545,0.006395535544,0.008427481167,0.004503550474,0.002602400258,0.001390387421,0.0009222593508,0,1.298091047e-05,4.620350592e-05,0.0007312553353,0.0003112312988,9.003825835e-05,0.003635785077,0.0001386057993,0.0002213107655,2.498801405e-05,0.0001973325125,8.74917605e-05,0.000322077045,0.0002819655347,8.820452786e-05,0.00256073731,0.0001618626702,0.0001324268233,0.0004010978446,0.0004398972378,0.000586008653,0.02086767927,0.7416347265,0.01694698259,0.0002121348516,0.0006794313667,0.0003751335607,0.0005735799205,0.06445409358,0.0005622557946,0.0002372587624,0.0006214986206,0.01131107472,0.0003443091991,0.003248014487,0.00312343007,0.0005542971194,0.0007136061322,0.0003288471489,0.0003184155212,0.0002570405777
104,0.000759125629,0,2.683885759e-05,0.000230700316,0.03078084253,0.02391484007,0,0.0004743142345,0,0,0,0,0.0005784719251,0,0,0.0003578262113,0.0001093944811,0,0,0,0,0,0,0,0,0,0,0,0,0,0,0,0,0,0,0,0,0,0,0,0,0,0,0,0,0,0,0,0,0,0,0,0,0,0,0,0,0.0001933488675,1.4811043e-05,0,0,0,0.001611328917,0.0001855456067,0,0,0,0,0,0,0,0,0,0,0,0,0,0,0,0,0,0.000405615574,0,0,0,0,0,0,0,0,0,0.001311891479,0.00017296843,0.005449882708,0.02229358815,0.02446430922,0.01146372221,0.006548995152,0.006645681337,0.002235115971,0.00191056903,0.001785657601,1.298091047e-05,0,8.352575378e-07,3.312972694e-05,1.480726837e-06,0,0.002117973287,3.093616897e-06,8.260012692e-05,0,0,0,3.025248407e-05,2.413621951e-05,2.596419654e-05,0.0002012577897,8.788391824e-06,0,0,0,0,0.005709875375,0.7017416954,0.01181661431,9.401283751e-05,0.000397700147,0.0001892506843,3.74618503e-05,0.1094568148,0.0008178229909,0.000515441352,0.0003334302455,0.0005880192039,3.587765241e-05,0,0.0004926720867,0,0.0002753456065,0,0.0001955611369,8.454755152e-05
105,0.0004609783646,1.306034392e-05,4.082335727e-05,2.496315392e-05,0.02338321321,0.04045620188,0.002014050726,0.0003832431976,0.0003210009017,0,0.0003202654188,0.0009360455442,0,0,0,0,0.0004829446552,0,0,0,0,0,0,0,0,0,0,0,0,0,0,0,0,0,0,0,0,0,0,0,0,0,0,0,0,0,0,0,0,0,0.002380952472,0,0,0,0,0,0,0,0,0,0,0,0.0008845189004,0.0001786191133,0,0,0,0,0,0,0,0,0,0,0,0.001253566938,0,0,0,0,0,0.0001937823545,0,0,0.002380952472,0,0,0,0,0,0,0.0005544838496,0,0.02538109198,0.02698449977,0.03279187158,0.02052524313,0.0330622308,0.01856487617,0.00633584056,0.008536994457,0.00486404961,4.620350592e-05,8.352575378e-07,0,4.031226126e-06,1.146063141e-06,4.256789907e-06,0.001481046434,2.343842198e-06,0.0002380314836,0,0.0004029316478,1.235816762e-05,1.229377267e-05,0,1.970608719e-05,0.0004986138665,1.611616312e-06,0,0,0,0,0.004017911386,0.6924411058,0.009970941581,5.004224295e-05,7.365000783e-05,0.003454527585,1.923685886e-05,0.2052004039,0.000897411257,0.0003676751803,0.000487782032,0.001579847652,3.920287782e-05,0.0006780558615,0.0009899256984,0,0.0001097269196,1.372720817e-05,0.00357456808,0.0003156517923
106,0.0001412139245,2.972596121e-06,5.763514855e-05,2.273365499e-05,0.01432797126,0.04389954358,0.0009807457682,0.000299780193,0,0,0,0,0,0,0,0,0.0003519860911,0,0,0.000951443275,0,0.0002742262732,0,0,0,0,0,0,0,0,0,0,0,0,0,0,0,0,0,0,0,0,0,0,0,0,0,0,0,0,0,0,0,0,0,0,0,0,0,0,0,0,0,0.0002748861443,0,0,0,0,0,0,0,0,0,0,0,0,0,0,0,0.001056691632,0,0.0003063035547,0,0,0,0,0,0,0,0,0,0.0009725175332,0.0006599558401,0.01469636429,0.02831579186,0.02336339839,0.01708729379,0.02281518467,0.02291564085,0.001575572882,0.006516491529,0.002806964098,0.0007312553353,3.312972694e-05,4.031226126e-06,0,3.892335485e-07,0,0.0004618274106,1.718568114e-06,0.000187439553,0,0.0003495144483,6.75433057e-06,5.686277291e-06,2.647665269e-06,5.568341658e-05,0.002304087393,5.546398825e-05,0,0,0,0,0.004056300968,0.6068868637,0.007067008875,1.000406974e-05,2.182120807e-05,0.001455624122,0.0001147349685,0.2855323255,0.001252888935,0.0002244427742,0.0001950260194,0.006775330752,0.0002651987015,0,0.001126997871,0,3.258412789e-06,0.0001371910912,0.002906336682,0.001125221723
107,1.034400975e-05,0,2.459239113e-06,0,0.001019931631,0.009713836014,0.002380952472,9.595797565e-06,1.127867199e-05,0,5.536375465e-05,0,0,0,0,0,0,0,0,0,0,0,0,0,0,0,0,0,0,0,0,0,0,0,0,0,0,0,0,0,0,0,0,0,0,0,0,0,0,0,0,0,0,0,0,0,0,0,0,0,0,0,0,0,0,0,0,0,0,0,0,0,0,0,0,0,0,0,0,1.510412039e-05,0,0,0,0,0,0,0,0,0,0,0,0,0,0.002142107347,0.006097501609,0.009472980164,0.00136880856,0.005443693604,0.002324756002,0.0001699742716,0.0004763139295,0.001255806303,0.0003112312988,1.480726837e-06,1.146063141e-06,3.892335485e-07,0,0,6.823287549e-05,0,6.552728337e-06,0,0,0,1.93092751e-06,0,0.0001270888461,0.0001718312851,0,0,0,0,0,0.0007088773418,0.6331194639,0.008860953152,3.807212124e-06,0,0,0,0.2917737365,0.001206347253,0.000211285238,3.398387344e-05,0.0002003182017,4.5959614e-06,0,0,0,1.844767098e-06,0,0.002969006775,0
108,4.650690244e-06,0,7.034150826e-07,0,0.001127009629,0.004223891534,0,7.009419278e-06,0,0,0,0,0,0,0,0,0,0,0,0,0,0,0,0,0,0,0,0,0,0,0,0,0,0,0,0,0,0,0,0,0,0,0,0,0,0,0,0,0,0,0,0,0,0,0,0,0,0,0,0,0,0,0,0,0,0,0,0,0,0,0,0,0,0,0,0,0,0,0,4.439294514e-07,0,1.181737116e-05,0,0,0,0,0,0,0,0,0,0,0,0.002075241413,0.005251787603,0.002479581628,0.000831873971,0.002695840318,0.001972754486,0.002865419723,0.0002314375015,0.0005849627196,9.003825835e-05,0,4.256789907e-06,0,0,0,0.0006273630424,0,1.366611741e-05,0,0,2.297511941e-07,2.345139592e-06,0,4.663455547e-05,0.0001402973867,2.398404149e-06,0,0,0,0,5.214200428e-05,0.7098430395,0.01531936508,0,1.465680907e-05,5.671424151e-05,0,0.2353294939,0.002128935419,0.001254768111,0.0001027525723,0.0003287378931,1.777822945e-06,0,8.540247654e-05,5.625131053e-06,0,0,3.136401938e-05,0
109,0.007176219951,0.001879583695,0.002841971116,0.003169823671,0.06890811026,0.09047725052,0.01437292341,0.007761801593,0.001520388527,0.0003656229528,0.002916887635,0.009502163157,0.002753026783,0.009639874101,0.006422218401,0.004788086284,0.003020667471,0,0.0009324632119,0.002259914763,0.002380952239,0,0,0,0.002380952239,0.0006090280949,0,0,0,0,0,0,0.002380952472,0,0,0,0,0,0,0,0,0,0,0.0006663075183,0.000293047342,0.0001358271693,0.0002261795889,9.883100574e-05,0.0002790424624,0.0002989930799,0.000127284191,0.001710979152,0,0,0,0,0,0.001237665187,0.000383639097,0.001532353926,0,0.0008809299907,0.0007188944146,0.003602486104,0,9.535770369e-05,0.0006078251754,0,0.001332100946,0.001616077032,0.0001881838834,0,0.001317143324,0,0.0006958500599,0,0.00127464463,0,0,0.001199441031,0,0.001454044133,0.0001547970605,6.656733603e-05,0.0005951251951,0.00101220503,0,0,0.001221909188,0.002993604168,2.260053952e-05,7.340499724e-05,0.00198763446,0.002986443928,0.0002602663299,0.001423349022,0.0002180938609,0.001894712332,0.003756988095,4.663894651e-05,0.000216804503,0.001132721198,0.003635785077,0.002117973287,0.001481046434,0.0004618274106,6.823287549e-05,0.0006273630424,0,0.0004345857014,0.0004016147868,0.0002002628753,0.001064117416,0.0006916700513,0.0007268188638,0.0001493448653,0.001835497678,0.0143198669,0.001448012423,0.000146189981,0.0008013301413,0.000407732965,0.0004312395467,0.005146794952,0.4115359187,0.005616292823,0.0004501692019,0.0003817701654,0.001333861728,0.002325637033,0.4612312019,0.007004349492,0.0004258888366,0.0001814752468,0.008461493067,0.001035717083,0.004551433958,0.002381434198,0.0008413891774,0.0001859894401,0.000222574221,0.001689569908,0.002185485326
110,0.0002343481901,0,7.786667993e-05,1.128340136e-05,0.01054244861,0.02066243254,0,0.0002191967651,0,0,0,0.0006516646827,0,0,0,0,0,0,0,0,0,0,0,0,0,0,0,0,0,0,0,0,0,0,0,0,0,0,0,0,0,0,0,0,0,0,0,0,0.003541979473,0,0,0,0,0,0,0,0,0,0,0,0,0,0.0006445800536,6.614589802e-05,0,0,0,0,0,0,0,0,0,0,0,0,0,0,0,0,0,4.359483501e-05,0,0,0,0,0,0,0,0,0,0,0,0.007034664042,0.01546070725,0.01101460028,0.01329901628,0.0155466646,0.01628360525,0.0004462578509,0.006082476582,0.001374340267,0.0001386057993,3.093616897e-06,2.343842198e-06,1.718568114e-06,0,0,0.0004345857014,0,3.45270746e-05,0,0,3.013135029e-06,2.015326027e-05,0,1.098863231e-05,0.002373664873,3.705724521e-05,0,0,0,0,0.0009167224634,0.6354600787,0.00798389595,1.349432637e-06,3.726941213e-05,0.0005842980463,0,0.2464639246,0.0009176934836,0.000642639352,8.447385335e-05,0.002697285963,4.149748202e-05,0,0,0.0001607919985,1.862589306e-05,0,0.0009024315514,0
111,0.0002001686516,5.445862553e-05,0.0001877362374,0.0001442736975,0.01281521749,0.01429664716,0.007941536605,0.0002505910525,6.642269e-05,0,5.36941443e-05,7.505260146e-05,0,0,0,8.305591473e-05,0.0001199789549,0,0,0,0,0,0,0.002380952472,0,0.0001928055281,0,0,0,0,0,0,0,0,0,0,0,0,0,0,0,0,0,0,0.0003331095795,8.425849228e-05,0,0,2.270073855e-05,2.771102299e-05,0,0,0,0,0,0,0.0001641974231,4.730079672e-05,0,0,0,0,1.881859316e-05,3.730954268e-05,0,0,0,2.765626778e-05,0,0,0,0,0,6.465395472e-06,0,0.001045549405,0,0,0,2.429337655e-05,0,2.414522896e-05,0,0,0,0,0,0,0,0.0001696810214,0,4.432813512e-05,4.727895066e-05,0.001728585339,0.002738349605,0.00211228733,0.001599209965,0.003262311686,0.0004324141191,0.0001499956561,3.32702657e-05,4.695144889e-05,0.0002213107655,8.260012692e-05,0.0002380314836,0.000187439553,6.552728337e-06,1.366611741e-05,0.0004016147868,3.45270746e-05,0,1.414150574e-06,5.321918707e-06,5.668524864e-06,0.0007067127735,1.609862193e-05,0.0003033141838,0.002809828613,0.0003132305574,5.63843023e-05,0,3.903326797e-05,7.265912245e-06,0.003719783854,0.6594163179,0.0198320616,1.036794288e-06,0.0006499956944,8.816152331e-06,1.480184255e-05,0.2468858361,0.002661956241,0.001572358771,2.650410352e-05,0.00727974996,0.0008692243719,0.0002383505926,0.001519618905,0.0006891089142,9.576978482e-05,2.192184866e-06,1.921260809e-05,6.478117575e-05
112,1.925780634e-05,0,5.370078725e-06,0,0.00913981162,0.00723030325,0,5.524774315e-05,0,0,0,0.0005222056643,0,0,0,0,0,0,0,0,0,0,0,0,0,0,0,0,0,0,0,0,0,0,0,0,0,0,0,0,0,0,0,0,0,0,0,0,0,0,0,0,0,0,0,0,0,0,0,0,0,0,0,0,0,0,0,0,0,0,0,0,0,0,0,0,0,0,0,0,0,0,0,0,0,0,0,0,0,0,0,0,0,0.005731829908,0.006431115326,0.002380952472,0,0.0018962092,0.003339700401,0.0003478712169,0.00124275533,0.0007302485174,2.498801405e-05,0,0,0,0,0,0.0002002628753,0,1.414150574e-06,0,0,0,1.143559712e-05,0,0,0.0007083462551,0,0,0,0,0,0,0.5649090409,0.00856580399,0,0,0,0,0.250294894,0.0006000488065,0.0004715318209,2.851419367e-06,0,0,0,0,0,0,0,0,0
113,8.666741633e-05,0.0001646463934,6.686315464e-05,8.620734297e-05,0.00769743789,0.01710517518,0.0001785579225,0.0001815519936,0,0,0,0,0,0.0002104645537,0.0005394098116,8.054949831e-06,0,0,0,0,0,0,0,0,0,0,0,0,0,0,0,0,0,0,0,0,0,0,0,0,0,0,0,0,0,0,0,0,0,0,0,0,0,0,0,0,0,0,1.022723836e-06,0,0,0,0,9.560721992e-07,0,0,0,0,0,1.976844715e-06,0,0,0,0,5.686154054e-06,0,0,0,0,1.529903784e-05,0,8.924624126e-06,0,0,0,0,0,0,0,0,0,1.186627105e-05,1.994865124e-05,0.002344181761,0.008691955358,0.00992044434,0.002805818571,0.004350438248,0.001158345607,0.00119662995,0.0008103600121,0.0005556772812,0.0001973325125,0,0.0004029316478,0.0003495144483,0,0,0.001064117416,0,5.321918707e-06,0,0,4.153226655e-06,0.0002619227453,1.002888166e-05,0.0002015897044,0.002288334072,7.845908112e-05,0,0,1.40436714e-06,0,0.000463119708,0.7187236547,0.02065272257,2.422264151e-05,0,6.400704251e-07,3.413378863e-06,0.2513537407,0.003028696403,0.003762477543,0.0002208059595,0.0021157593,0.0004468211555,0,5.295714072e-05,1.001522287e-05,4.136502685e-05,0,0.0001244198356,4.594757684e-06
114,2.469223182e-05,0,2.980761565e-05,0,0.003341815434,0.007032218855,0,4.051972428e-05,0,0,1.485720441e-05,0,0,0,0,8.044253627e-05,0,0,0,0,0,0,0,0,0,0,0,0,0,0,0,0,0,0,0,0,0,0,0,0,0,0,0,0,0,0,0,0,0.0002303976362,0,0,0,0,0,0,0,0,0,2.407761713e-06,0,0,0,2.570451579e-05,4.64581035e-06,0,0,0,0,0,0,0,0,0,0,0,0,0,0,0,0,0,0,0,0,0,0,0,0,0.0005354445893,0.000105733292,0,0.000154851281,0,0.005562010687,0.01205904223,0.01049847063,0.001883352757,0.01194886398,0.008915321901,0.0008387988782,0.0005893478519,0.0007067447295,8.74917605e-05,0,1.235816762e-05,6.75433057e-06,0,2.297511941e-07,0.0006916700513,3.013135029e-06,5.668524864e-06,0,4.153226655e-06,0,2.38666762e-05,0,0.0001228091423,0.000699545606,1.943747156e-05,0,0,0,0,0.002902646083,0.752799511,0.01568543352,5.811508572e-07,8.725403313e-05,0.0001082802701,0,0.2095940411,0.002006161027,0.000337192294,3.945351637e-05,0.004266886972,0.0001942761301,0,0.001824550447,5.350231368e-05,0,0,0.0005568820052,9.49384048e-05
115,0.0004620387917,4.72146121e-06,0.0001665398595,6.563810166e-05,0.02910737693,0.04980878904,0.008849840611,0.001112548751,0,7.010814443e-05,9.899831639e-05,0.0001349634113,0.0001597409719,0,0,0,5.001762474e-05,0,0,0,0.002380952472,0.0002634484554,0,0,0,0,0,0,0,0,0,0,0,0,0,0,0,0,0,0,0,0,0,0,0,0,0,0,0,0,0,0,0,0,0,0,0,0,0,0,0,0,0,0.0001059212518,0,0,0,0,0,0,0,0,0,0,0,0,0,0,0,0.002921352396,0,0.0005589681095,0,0,0,0,0,0,0.0003926354402,0,0,0,0.00133329269,0.02515200712,0.02718765102,0.03737964854,0.01475509815,0.03216692805,0.02857838199,0.002112911548,0.006673565134,0.006045701448,0.000322077045,3.025248407e-05,1.229377267e-05,5.686277291e-06,1.93092751e-06,2.345139592e-06,0.0007268188638,2.015326027e-05,0.0007067127735,1.143559712e-05,0.0002619227453,2.38666762e-05,0,1.277782417e-06,0.0001367818768,0.004269549157,3.806360098e-07,0,0,0,0,0.01048474573,0.650347054,0.008661756292,1.709284152e-05,1.980003162e-06,0.002176333917,0.0003415759129,0.2611558437,0.001458234969,0.0003607102844,0.0004121946113,0.001814809395,7.637364433e-06,0,0.0001383534691,8.780185453e-06,2.707343128e-06,0,0.002672034781,0.001060942071
116,9.313913324e-06,1.182235565e-06,6.598482742e-06,0,0.0024286767,0.02286107466,0.0008720952319,1.479267576e-05,0,0,0,0,0,0,0,0,0,0,0,0,0,0,0,0,0,0,0,0,0,0,0,0,0,0,0,0,0,0,0,0,0,0,0,0,0,0,0,0,0,0,0,0,0,0,0,0,0,0,0,0,0,0,0,0,0,0,0,0,0,0,0,0,0,0,0,0,0,0,0,0,0,0,0,0,0,0,0,0,0,0,0,0,6.520165334e-05,0.002906959737,0.005077417474,0.007482041139,0.008773409761,0.005201201886,0.00258010067,7.032756548e-05,0.001433173777,0.0003316389048,0.0002819655347,2.413621951e-05,0,2.647665269e-06,0,0,0.0001493448653,0,1.609862193e-05,0,1.002888166e-05,0,1.277782417e-06,0,0.0001872737048,0.0004928794224,0,0,0,0,0,0.002816748805,0.6192230582,0.009742451832,0,0,0,0.0003084669588,0.2902287245,0.001720937784,0.0006044678739,4.963009269e-05,0.0005770038697,3.562131678e-05,0,0,0,7.219109079e-07,0,0.0005588294589,0.0001095982079
117,0.001422852045,0.0002620301093,0.0005410365411,0.0007105211844,0.0430153273,0.04393532872,0.00695155561,0.001288348343,0.0001808559609,0.0003098489251,0.0003032199747,0.0008133665542,0.0003239307553,0.005467140116,0,0.0006702926476,0.0007486226386,0.0006875946419,7.324344188e-05,0.002380952472,0,0,0,0,0,0,0,0,0,0,0,0,0,0,0,0,0,0,0,0,0,0,0,0.003158865264,0.002380952472,0,0,0,0,0.0002627194335,0.00164602499,6.530081737e-05,0,0,0,0,0,4.514874672e-05,2.844818118e-05,0.004761904944,0,0.000193750544,0.0009685140685,0.0003526061482,0,0,0.000616549456,0.0002189416991,6.888881035e-05,5.863186016e-05,9.544567729e-05,0,0.0009459957946,4.157948206e-05,6.257010682e-05,0,0,0,0,0.000113385453,0,0.0005260528997,0,0,0,2.00444174e-05,0,0,0,0.001289121225,0,0.000313170196,0.000226787859,0.02355596796,0.04478599131,0.05416213721,0.03134358302,0.03172026202,0.02287916094,0.006218333729,0.00997153949,0.007310099434,8.820452786e-05,2.596419654e-05,1.970608719e-05,5.568341658e-05,0.0001270888461,4.663455547e-05,0.001835497678,1.098863231e-05,0.0003033141838,0,0.0002015897044,0.0001228091423,0.0001367818768,0.0001872737048,0,0.004667227622,8.430810703e-05,0.0007419461617,0.000121101788,0,0.000205023156,0.005145185627,0.70896703,0.009461350739,2.80186905e-05,0.0002624478657,0.001241923892,0.001716115512,0.2080121487,0.0007249402697,0.0001230813214,0.0001238380501,0.006474543829,0.0002792980522,0.001282140147,0.001034541288,0.0003493846743,0.0002835684281,0.00036018627,0.002145134611,0.0004750092339
118,0.01949494332,0.002393010771,0.008931878954,0.01044782065,0.09108700603,0.2566198707,0.03342768177,0.02242690139,0.003601030679,0.002802178496,0.005860884674,0.01351329498,0.003632347099,0.01535412483,0.007507154252,0.008520658128,0.01365156006,0.007657290902,0.007636244409,0.009150227532,0.01563962735,0.003458587918,0.003614933928,0,0.00121732289,0.004908061121,0.002822097158,0.00305478205,0,0.0009219653439,0,0,0.002380952472,0,0,0,0,0,0,0,0.002380952472,0,0,0.003126566764,0.00107777596,0.00139676698,0.002886832925,0.004284793511,0.003509721952,0.001586557482,0.003637935268,0.002339736093,0.0007201752742,0.002380952472,0,0.000458218361,0.001762313419,0.001427804586,0.001061344519,0.005779478699,0.0006926577771,0.002582101384,0.003760053543,0.004040552303,0.000333742064,0.0006458115531,0.004080679268,0.002168264706,0.003874336369,0.003193247132,0.0005397188943,0.001146982424,0.007271138486,0.002383360406,0.001762444037,0.001518161967,0,0.000515536638,0.0001637778914,0.003499935148,0.0002291549317,0.003833175404,0.001546521438,0.002702991944,0.004196126945,0.003621341893,0.00110927911,0.00157732598,0.002357983496,0.001519473968,0.001072710729,0.004719401244,0.002780302428,0.04018245637,0.009868817404,0.01624871045,0.006384658627,0.007958676666,0.01068215631,0.007339354604,0.005858539604,0.004810414743,0.00256073731,0.0002012577897,0.0004986138665,0.002304087393,0.0001718312851,0.0001402973867,0.0143198669,0.002373664873,0.002809828613,0.0007083462551,0.002288334072,0.000699545606,0.004269549157,0.0004928794224,0.004667227622,0,0.0002001263056,0.0004895465099,0.0002779997594,0.0008804553654,0.0004381925391,0.01399502438,0.6736777425,0.06695228815,0.002197339432,0.004138628487,0.003833357245,0.004266230855,0.2164749652,0.02041788399,0.01313278545,0.006070719566,0.008524916135,0.002837951528,0.007677911315,0.005656632595,0.0004268050252,0.003824649146,0.0003890476946,0.004050602205,0.003782576649
119,0.0001640210976,3.69898089e-06,3.052548709e-05,3.093446139e-05,0.02217675187,0.03873308375,0.003751276992,0.0005797379999,8.720110782e-05,0,0.0004921054933,0.0001097475106,0,0,0,0.0006649107672,0,0,0,0,0,0,0,0,0,0,0,0,0,0,0,0,0,0,0,0,0,0,0,0,0,0,0,0,0,0,0,0,0,0,0,0,0,0,0,0,0,0,0,0,0,0.000519992318,0.001212642761,0,0,0,0,0,0,0,0,0,0,0,0,0,0,0,0,6.548886449e-05,0,0.0003328285529,0,0,0,0,0,0,0,0,0,0,0,0.01628192142,0.01394436415,0.02471391857,0.01023694128,0.01648821682,0.003547815373,0.001374639105,0.005459172186,0.005530213472,0.0001618626702,8.788391824e-06,1.611616312e-06,5.546398825e-05,0,2.398404149e-06,0.001448012423,3.705724521e-05,0.0003132305574,0,7.845908112e-05,1.943747156e-05,3.806360098e-07,0,8.430810703e-05,0.0002001263056,0,0,0,0,0,0.000442888675,0.7074145079,0.01048728079,9.142751514e-05,1.637079004e-05,0.002542528091,0.0004619073588,0.2343535721,0.001261017052,0.0005122157745,0.0004183527781,2.563901398e-05,3.757083675e-07,0.0006682240637,3.681729868e-05,6.581524303e-07,3.332458846e-06,0,0.0005757535691,0.0001110237936
120,1.286952374e-05,0,2.349831448e-06,0,0.01054926403,0.01123449486,0,5.894423157e-05,0,0,0,0,0,0,0,0,0,0,0,0,0,0,0,0,0,0,0,0,0,0,0,0,0,0,0,0,0,0,0,0,0,0,0,0,0,0,0,0,0,0,0,0,0,0,0,0,0,0,0,0,0,0,0,0,0,0,0,0,0,0,0,0,0,0,0,0,0,0,0,0,0,0.0001430904958,0,0,0,0,0,0,0,0,0,0,0,0.001722470974,0.00106970605,0.0009242421365,0.0005151513033,0,0.002380952239,1.023564346e-05,0,0.002659371123,0.0001324268233,0,0,0,0,0,0.000146189981,0,5.63843023e-05,0,0,0,0,0,0.0007419461617,0.0004895465099,0,0,0,0,0,0.002380952472,0.6323945522,0.01072682161,0,0,0,0,0.3142495751,0.002329736948,0.000395230687,0.0003106423537,5.263967978e-05,3.477641144e-07,0,0,0,0,0,0,0
121,2.359555219e-05,0,7.598803222e-06,9.021900951e-06,0.06697310507,0.1067615375,0,0.0003051803797,0,0,0,0,0,0,0,0,5.463793059e-05,0,0,0,0,0,0,0,0,0,0,0,0,0,0,0,0,0,0,0,0,0,0,0,0,0,0,0,0,0,0,0,0,0,0,0,0,0,0,0,0,0,0,0,0,0,0,0,0,0,0,0,0,0,0,0,0,0,0,0,0,0,0,0,0,0,0,0,0,0,0,0,0,0,0,0,0,0.0003736412327,0.001702416455,0.003158957465,0.000388528133,0.001684251823,0,0.001597109484,0.0009569692193,0,0.0004010978446,0,0,0,0,0,0.0008013301413,0,0,0,0,0,0,0,0.000121101788,0.0002779997594,0,0,0,0,0,0,0.3387220204,0.0136163123,0,0,1.892306136e-05,0,0.3571823239,0.003745348193,0.0006493120454,0.0005819320213,0.000363956613,0,0,0,0,1.742104723e-05,0,0,0
122,8.375038306e-06,0,0,0,0.01012999937,0.005287784617,0,0.0001713936945,0,0,0,0,0,0,0,0,0,0,0,0,0,0,0,0,0,0,0,0,0,0,0,0,0,0,0,0,0,0,0,0,0,0,0,0,0,0,0,0,0,0,0,0,0,0,0,0,0,9.954111192e-06,0,0,0,0,0,0,0,0,0,0,0,0,0,0,0,0,0.002380952472,0,0,0,0,0,0,5.59138789e-05,0,0,0,0,0,0,0,0,0,0,0,0.001802192884,0.005364116747,0,0.002951867878,0,0.0007719267742,0,0.001425473602,0.0004454341251,0.0004398972378,0,0,0,0,0,0.000407732965,0,3.903326797e-05,0,1.40436714e-06,0,0,0,0,0.0008804553654,0,0,0,0,0,0,0.5504947901,0.01582977548,0,0,0.0001090134901,0,0.22843723,0.001941512921,0,0.0003959848254,0.0001453320874,4.917125261e-05,0,9.39816091e-05,0,0,0,0,0
123,2.181280252e-06,0,3.360121127e-06,0,0.007653183304,0.02475560829,0,1.423484446e-05,0,0,0,0,0,0,0,0,0,0,0,0,0,0,0,0,0,0,0,0,0,0,0,0,0,0,0,0,0,0,0,0,0,0,0,0,0,0,0,0,0,0,0,0,0,0,0,0,0,0,0,0,0,0,0,0,0,0,0,0,0,0,0,0,0,0,0,0,0,0,0,5.813026655e-05,0,0,0,0,0,0,0,0,0,0,0,0,0,0.0008465846186,0.00780375395,0.007133814506,0.01093748864,0.002380952472,0.000944068539,0.0005372412852,0.001649789745,0.002380952472,0.000586008653,0,0,0,0,0,0.0004312395467,0,7.265912245e-06,0,0,0,0,0,0.000205023156,0.0004381925391,0,0,0,0,0,0.0001627169986,0.54536587,0.009345230646,3.087172809e-05,0,9.728466466e-06,0,0.2768704891,0.0008808362763,0.000805715099,0.0001166960719,0.0001644827425,2.679815907e-06,0,0,0,0,0,0,0
124,0.003381358227,5.203948149e-06,7.170836034e-05,0.0009938182775,0.02439722233,0.03005894832,4.869039003e-06,0.00223375624,0.0008204473997,0,2.439799391e-05,0,0,0,0,0.0008669616072,0.002380952472,0,0,0,0,0,0,0,0,0,0,0,0,0,0,0,0,0,0,0,0,0,0,0,0,0,0,0,0,0,0,0,0,0,0.001454015495,0,0,0.002380952472,0,0,0,0,0,0,0,0,0.001114670886,0.0007370744133,0,0,0,0.001406616648,0,0,0,1.44172202e-06,0,0.002380952472,0.002380952472,6.502772976e-06,0,0,0,7.136309432e-05,0,0.00280746771,0,0,0,0,8.310569683e-06,0,9.536837524e-07,0,0.0006976948353,0,0.000755978981,0.009754688479,0.004185187165,0.002298433566,0.002605714137,0.002327629831,0.002959683537,0.005471239332,0.005060808733,0.005298580509,0.02086767927,0.005709875375,0.004017911386,0.004056300968,0.0007088773418,5.214200428e-05,0.005146794952,0.0009167224634,0.003719783854,0,0.000463119708,0.002902646083,0.01048474573,0.002816748805,0.005145185627,0.01399502438,0.000442888675,0.002380952472,0,0,0.0001627169986,0,0.8052415848,0.05968679488,0.002387268003,0.001452793484,5.685416909e-05,0.000185889774,0.6470467448,0.01517166942,0.01570781879,0.006024145056,0.0004251672653,1.310167136e-05,3.3344229e-06,1.650227387e-05,9.718188267e-06,0.007470165845,0.002380952472,0.000274258462,4.878335312e-05
125,0.9023699164,0.8027133942,0.8791632652,0.8246455789,0.6606314778,0.9433290362,0.8706095815,0.9299481511,0.6877462268,0.5976013541,0.8121756911,0.7996895313,0.5432232022,0.7821316123,0.6766644716,0.8189563751,0.8209123611,0.5981650352,0.6519757509,0.6889379025,0.7001063228,0.5801410079,0.3572866619,0.2600134313,0.6622835398,0.670922339,0.4553065896,0.1619583368,0.25413239,0.4164251089,0.3509607613,0.2661702633,0.2097152621,0.1137359738,0.2123142332,0.3149336874,0.2323589921,0.04133406654,0.0642857179,0.1889720112,0.08095238358,0.1030749008,0.02142857201,0.4841986001,0.4891468287,0.5815387964,0.5297403336,0.4857033193,0.4571910799,0.5957486629,0.539270997,0.7337944508,0.2537946105,0.1787062287,0.1864053011,0.2028178722,0.325076282,0.7257568836,0.6259443164,0.5971450806,0.2767013311,0.659732759,0.7137519121,0.7637097836,0.4372400045,0.5241752267,0.5004964471,0.5846992135,0.7147434354,0.6400483847,0.5670781136,0.5216007829,0.6572595835,0.6041332483,0.6873232126,0.4983667731,0.2619740069,0.314178288,0.4313323498,0.6858375669,0.5308580399,0.7117277384,0.3986671269,0.6829032898,0.697226584,0.6919087768,0.3071673214,0.2365741879,0.6447734237,0.5676738024,0.4684252143,0.5607584715,0.7256321907,0.4400043488,0.6176322699,0.5856251121,0.679017663,0.6773668528,0.4803542197,0.5953029394,0.6387138963,0.5277170539,0.7416347265,0.7017416954,0.6924411058,0.6068868637,0.6331194639,0.7098430395,0.4115359187,0.6354600787,0.6594163179,0.5649090409,0.7187236547,0.752799511,0.650347054,0.6192230582,0.70896703,0.6736777425,0.7074145079,0.6323945522,0.3387220204,0.5504947901,0.54536587,0.8052415848,0,0.5474252701,0.691655159,0.6366205215,0.4908930361,0.4780282676,0.942381084,0.820764184,0.7076743841,0.6418942213,0.7831688523,0.7512325048,0.5706453919,0.7940932512,0.5306881666,0.608305037,0.6153538823,0.3454132676,0.4628872275
126,0.08777984977,0.0185683053,0.04110340029,0.02987570502,0.1576144099,0.2085294276,0.07473036647,0.09731908143,0.02487280965,0.0132129807,0.03427135199,0.05086514726,0.02975110523,0.03330647573,0.02891618945,0.04655055329,0.05675137043,0.01730051078,0.01706716605,0.03238750249,0.01768316701,0.01239548344,0.003943464253,0.002380952472,0.02007422782,0.01000366174,0.008513331413,0,0.0006554095889,0.01020119991,0.00643730117,0.004761904944,0.002380952472,0,0.004251857754,0,0.003915723879,0,0,0,0.007142857648,0.002380952472,0,0.0223266203,0.0231306646,0.02782750875,0.01903330721,0.02064100839,0.02530303411,0.0293287579,0.02477114089,0.02416278422,0.007721733768,0.0001957716158,0.002986662555,0.002380952472,0.005785783753,0.02366799489,0.01675954089,0.01417030022,0.007309374865,0.02070458606,0.02361738682,0.02730121091,0.009388711303,0.009355259128,0.01917656697,0.01707083732,0.02243398875,0.02116836421,0.009788575582,0.01169002987,0.02912582643,0.01886654831,0.02059740573,0.005806997884,0.003575972514,0.004498659167,0.007931603119,0.02433184348,0.006640798878,0.02649849653,0.01024097484,0.02687586099,0.01600651629,0.01540991664,0.006500347517,0.005450191442,0.0208355207,0.009086067788,0.01159482356,0.02015530318,0.02365593798,0.07865804434,0.03546840325,0.05438799039,0.0255624596,0.03370827809,0.04821140319,0.01272344775,0.02289301902,0.02621423453,0.01694698259,0.01181661431,0.009970941581,0.007067008875,0.008860953152,0.01531936508,0.005616292823,0.00798389595,0.0198320616,0.00856580399,0.02065272257,0.01568543352,0.008661756292,0.009742451832,0.009461350739,0.06695228815,0.01048728079,0.01072682161,0.0136163123,0.01582977548,0.009345230646,0.05968679488,0.5474252701,0,0.01173884142,0.008303113282,0.02362148277,0.02871396951,0.2835457921,0.008400988765,0.005804164335,0.007062192075,0.06006907299,0.01143095549,0.03530864045,0.03586266562,0.01141046453,0.008824154735,0.0101959426,0.03074208833,0.02890726551
127,0.0001285024191,0,0.0001200295665,0.0001314480469,0.006778243463,0.01349296514,0,0.0003199066559,0,0,6.945953646e-05,0,0,0,0,8.347271796e-05,4.642183194e-05,0,0,0,0,0,0,0,0,0.000298006431,0,0,0,0,0,0,0,0,0,0,0,0,0,0,0,0,0,0,0,0,0,0,0,0,0,0,0,0,0,0,0,0,0,0,0,0,0,0.000119864002,0,0,0,0,0,0,0,0,0,5.347308615e-05,0.0001056769252,0,0,0,0,0.0004333505058,0,2.065369699e-05,0,0,0,0,0,0,0,0,0,0,2.603136636e-05,0.006058502011,0.006282585673,0.007735250052,0.005608562846,0.01048227306,0.003077454632,0.0005960321869,0.0004028666299,0.0003761586268,0.0002121348516,9.401283751e-05,5.004224295e-05,1.000406974e-05,3.807212124e-06,0,0.0004501692019,1.349432637e-06,1.036794288e-06,0,2.422264151e-05,5.811508572e-07,1.709284152e-05,0,2.80186905e-05,0.002197339432,9.142751514e-05,0,0,0,3.087172809e-05,0.002387268003,0.691655159,0.01173884142,0,5.159241118e-05,3.411515354e-05,0.0001303771714,0.255515933,0.001253949595,0.0003014584363,1.09090015e-05,0.0033364431,0.0001688656048,0,0.0001963733084,3.988836397e-05,6.151855814e-06,0,0.0009508560179,0.0001093674946
128,0.0001424570801,1.472597091e-06,9.384581062e-05,2.490749648e-05,0.03561061621,0.04299024865,0.0004920353531,0.000565911876,1.327084192e-05,0,2.187314021e-05,3.1907628e-05,0,0,0,0.0001357352739,7.316473784e-05,0,0,0,0,0,0,0,0,0,0,0,0,0,0,0,0,0,0,0,0,0,0,0,0,0,0.002380952472,0,0,0,0,0,0,0,0,0,0,0,0,0,0,0,0,0,0,0,0,0.0006708511501,0,0,0,0,0,0,0,0,0,0,0,0,0,0,0,0.0006506734644,0,0.0009485367336,0,0,0,0,0,0,0,0,0,0,0,0.01805702224,0.01059916709,0.01682137512,0.008236527443,0.01175810862,0.01319750585,0.001660048612,0.003696652595,0.003513816046,0.0006794313667,0.000397700147,7.365000783e-05,2.182120807e-05,0,1.465680907e-05,0.0003817701654,3.726941213e-05,0.0006499956944,0,0,8.725403313e-05,1.980003162e-06,0,0.0002624478657,0.004138628487,1.637079004e-05,0,0,0,0,0.001452793484,0.6366205215,0.008303113282,5.159241118e-05,0,0.001038818038,0.0003818176046,0.2796812654,0.001540739206,0.0004115588381,0.0002597795683,0.0004005865776,7.815566505e-07,0,3.809063401e-06,1.90862238e-06,4.82258713e-07,0,0.0009493747493,0
129,0.0003839714336,0.0005466239527,0.0003385161399,0.0001357021538,0.03650022298,0.05082249269,0.0002671233669,0.0004527145065,3.946321522e-05,0,8.779703057e-05,0.0001141449247,0,0,0,1.806502405e-05,0,0,0,0,0,0,0,0,0,0,0,0,0,0,0,0,0,0,0,0,0,0,0,0,0,0,0,0,0,0,0,0,3.533655672e-06,0,0,1.019038609e-05,0,0,0,0,0,0.0001147332805,1.148737192e-05,0,0,0,2.120037061e-05,2.327408401e-05,0,0,0,0,0,0,0,0,0,0,0,0,0,0,0,8.982230611e-06,0,7.271612958e-06,0,0,0,0,0,0,0,0,0,0,4.852964139e-06,0.0006421194412,0.003075994551,0.001011545304,0.000990185421,0.0007232070202,6.138706522e-05,0.0004401886836,0.0001087549972,2.801740447e-05,0.0003751335607,0.0001892506843,0.003454527585,0.001455624122,0,5.671424151e-05,0.001333861728,0.0005842980463,8.816152331e-06,0,6.400704251e-07,0.0001082802701,0.002176333917,0,0.001241923892,0.003833357245,0.002542528091,0,1.892306136e-05,0.0001090134901,9.728466466e-06,5.685416909e-05,0.4908930361,0.02362148277,3.411515354e-05,0.001038818038,0,5.8992091e-06,0.2799987793,0.004775917623,0.002335654572,0.0002224717609,0.00307710981,0.001094514737,0.000115236151,0.001877013361,2.29207526e-05,0.001574190683,0,2.790407734e-06,2.526296839e-06
130,0.0001885030651,0,0.0001819051977,0.000460585783,0.02988767251,0.0452506952,0,0.0004558238434,2.154784306e-05,0.0003583279613,0,0,0,0,0,0,0,0,0,0,0,0,0,0,0,0,0,0,0,0,0,0,0,0,0,0,0,0,0,0,0,0,0,0,0,0,0,0,0,0,0,2.828921424e-05,0,0,0,0,0,0,0,0,0,0,2.074606346e-05,3.890712105e-05,0,0,0,0,0,0,0,0,0,0,0,0,0,0,0,0,0,0,0,0,0,0,0,0,0,0,0,0,0,0.0004037831095,0.007765590679,0.002103026025,0.002775556874,0.002714693313,0.0001014421796,0.003833135357,0.001376020256,0.0003415395622,0.0005735799205,3.74618503e-05,1.923685886e-05,0.0001147349685,0,0,0.002325637033,0,1.480184255e-05,0,3.413378863e-06,0,0.0003415759129,0.0003084669588,0.001716115512,0.004266230855,0.0004619073588,0,0,0,0,0.000185889774,0.4780282676,0.02871396951,0.0001303771714,0.0003818176046,5.8992091e-06,0,0.325745225,0.005705453921,0.003173883772,0.001339474809,0.002810341539,0.0002789815189,0,8.541935676e-05,0,0.000288041163,0,3.348249493e-06,2.471419123e-07
131,0.5765562654,0.434012115,0.438490063,0.4593548179,0.752219677,0.7851989269,0.6873255968,0.5612915158,0.3389956951,0.3054614365,0.3984055519,0.4817415476,0.4084864557,0.430280745,0.3145123124,0.4499635696,0.5068526864,0.3334608078,0.3592476845,0.3852235079,0.3688490093,0.2971665263,0.1732750386,0.1238496304,0.3157680333,0.2980679274,0.2588741183,0.1113546565,0.1334478408,0.2329996824,0.189482227,0.1298583001,0.06949945539,0.04047619179,0.1037751362,0.124352105,0.09901672602,0.01366242953,0.01276188251,0.06864169985,0.01971385069,0.04418883845,0,0.3969234526,0.3674166501,0.3658544719,0.3562662601,0.3507140875,0.374964565,0.3669899106,0.3633728623,0.3238424063,0.1875408292,0.09019051492,0.114411369,0.1365163624,0.1786767393,0.236045599,0.2166479677,0.308347553,0.1352716535,0.3028317094,0.3720400631,0.3100807071,0.2304654419,0.2865155935,0.2217126787,0.2215945423,0.336348623,0.24185884,0.295433253,0.3419211805,0.398938477,0.2384938449,0.3413769305,0.3097493351,0.15965873,0.1883971095,0.26634866,0.3099976182,0.3039319515,0.3573349118,0.2051685005,0.3451854587,0.3227517009,0.2954868376,0.183548376,0.1560240835,0.4250968993,0.3136171699,0.2882210612,0.3404529989,0.350191474,0.6232998967,0.4674669206,0.586194098,0.338648349,0.3832670152,0.4857933223,0.3231112957,0.2748722732,0.2807237506,0.06445409358,0.1094568148,0.2052004039,0.2855323255,0.2917737365,0.2353294939,0.4612312019,0.2464639246,0.2468858361,0.250294894,0.2513537407,0.2095940411,0.2611558437,0.2902287245,0.2080121487,0.2164749652,0.2343535721,0.3142495751,0.3571823239,0.22843723,0.2768704891,0.6470467448,0.942381084,0.2835457921,0.255515933,0.2796812654,0.2799987793,0.325745225,0,0.1211891547,0.1833984256,0.259118259,0.5954905748,0.312656641,0.5174551606,0.5347115397,0.3056175113,0.3121186495,0.2815940976,0.3029973209,0.3135322034
132,0.02352046967,0.002664479893,0.01091729291,0.004927920178,0.1155414134,0.1187363639,0.02310009487,0.02579455078,0.001726795454,0.003101994982,0.004441496916,0.01080913469,0.003945204429,0.002856561216,0.00324748992,0.01064235065,0.007375066169,0,0.007142857648,0,0,0,0,0.002380952239,0,0,0,0,0,0,0,0,0,0,0,0.002380952472,0,0,0,0,0,0,0,0.002924045082,0,0.002816519001,0,0.001009827713,0.005431219004,0.003659333102,0.00725928694,0.003582151607,0,0,0,0.004761904944,0,0.002025354421,0.001789226779,0.004980364349,7.40482792e-05,0.003453183221,0.004065527581,0.003570208559,0,0.0009680810035,0.0003253245377,0.0006233404856,0.004143096972,0.001900398755,0.002186000114,0,0.002186104655,0.0005350284628,0.005429868121,0.002992125694,0,0,0.0008976124809,0.003012156114,0.003736905986,0.006401310209,0.001011651126,0.003696220927,0.004690080881,0.002533400198,0.002380952472,0,0.0004080452491,0.003751303069,0.001165677211,0.003379137954,0.003605820937,0.04928977042,0.03146481887,0.05590541288,0.0144318426,0.01653984748,0.02629696205,0.005928893108,0.006475252565,0.005665594712,0.0005622557946,0.0008178229909,0.000897411257,0.001252888935,0.001206347253,0.002128935419,0.007004349492,0.0009176934836,0.002661956241,0.0006000488065,0.003028696403,0.002006161027,0.001458234969,0.001720937784,0.0007249402697,0.02041788399,0.001261017052,0.002329736948,0.003745348193,0.001941512921,0.0008808362763,0.01517166942,0.820764184,0.008400988765,0.001253949595,0.001540739206,0.004775917623,0.005705453921,0.1211891547,0,0.0002125592582,0.0008241007454,0.0186382439,0.001960423309,0.004927779548,0.008090055548,0.001452301745,0.002126321662,0.001419344218,0.005224161781,0.003031127388
133,0.009376036935,0.0001303308673,0.003117526649,0.002301878296,0.06637990475,0.06461244822,0.02191742882,0.00988042634,0.002967490582,0,0.001017025788,0.004768945277,0.0009774257196,0.002380952472,0.002380952239,0.004352441058,0.004004968796,0.002380952472,0.002380952472,0,0,0.001069798134,0,0,0,0,0,0,0,0.002380952239,0,0,0,0,0,0,0,0,0,0,0,0,0,0,0,0,0,0.002380952472,0.002380952472,0,0.006543606985,0.001232157927,0,0,0,0,0,0.000798738969,0.0002855488565,0,0,0.000644294254,0.002257181564,0.003764474299,0,0,0,0,0.0004257040564,0,0.002625920111,0,0.0009689638391,0,0,0.0006334097707,0.0004278825654,0,0,0.002389691537,0,0.002533059567,0.002380952472,0,0,0.002380952472,0,0,0,0,0,0.004761904944,0.004139909055,0.03605313599,0.03306020051,0.05099422485,0.01736364141,0.01940782927,0.02993024513,0.0001648324251,0.006608866155,0.006141548045,0.0002372587624,0.000515441352,0.0003676751803,0.0002244427742,0.000211285238,0.001254768111,0.0004258888366,0.000642639352,0.001572358771,0.0004715318209,0.003762477543,0.000337192294,0.0003607102844,0.0006044678739,0.0001230813214,0.01313278545,0.0005122157745,0.000395230687,0.0006493120454,0,0.000805715099,0.01570781879,0.7076743841,0.005804164335,0.0003014584363,0.0004115588381,0.002335654572,0.003173883772,0.1833984256,0.0002125592582,0,4.682172585e-05,0.01100171637,0.0006616931641,0.00217498187,0.002052298281,0.001230336027,0.0006340062828,0.0002183285978,0.007497885264,0.00682018511
134,0.00102969876,0.0005011073663,0.0005947525497,0.0004776429269,0.02203671262,0.02989133447,0.01078051981,0.0011097471,0.0002466076112,0,0.0007001784397,0.002053905278,0.0006500238087,0.00137585029,0.003556618467,0.0004772560496,0.0003511288087,0.0002454870264,0,0,0,0,0,0,0,0,0,0,0,0,0,0,0,0,0,0,0,0,0,0,0,0,0,0.0004354310804,0.002931794152,0,0,0.0002336824255,0.0003658637579,0,0.0002828613215,0.0005263871863,0.0003220548097,0,0,0,0,6.965606008e-05,0.000343048654,0,0,0.0003005389299,0.0002462023986,0.0003315534268,0,0,2.390640657e-05,6.630141434e-05,0.000826220552,0.0006701255916,0,0.0007301152218,0.001972839236,0.0002170428779,0.0005224308115,0.001195779885,0,0.0007502706721,0,0.0004972108291,0,0.0004135040217,0,0,0,5.75696904e-05,0,0,0.001223152038,1.438472191e-05,0,0.0001013841902,0.0004714269598,0.00965746399,0.008715456352,0.01464711688,0.007040994242,0.0139540527,0.01046141144,6.551430852e-05,0.0006223135279,0.001468826784,0.0006214986206,0.0003334302455,0.000487782032,0.0001950260194,3.398387344e-05,0.0001027525723,0.0001814752468,8.447385335e-05,2.650410352e-05,2.851419367e-06,0.0002208059595,3.945351637e-05,0.0004121946113,4.963009269e-05,0.0001238380501,0.006070719566,0.0004183527781,0.0003106423537,0.0005819320213,0.0003959848254,0.0001166960719,0.006024145056,0.6418942213,0.007062192075,1.09090015e-05,0.0002597795683,0.0002224717609,0.001339474809,0.259118259,0.0008241007454,4.682172585e-05,0,0.009929295629,0.000728180341,0.00145840703,0.002286300063,0.0002009561867,8.833836182e-05,0.0001099530855,0.001068400685,0.0008467457374
135,0.002759115305,0.0002941313433,0.0004750310618,0.001175071578,0.0331806913,0.1410227269,0.0008048946038,0.009034566581,0.001003391226,0.0002945244196,0.002096588025,0.00842432864,0.003145803232,0.005517983809,0.002530253958,0.006810928695,0.0002004591952,0,0.001036919537,0,0.003256547032,0,0,0,0.0004343503388,0.002380952472,0,0,0,0,0.0004146535939,0.002380952472,0,0,0,0.002380952472,0,0,0,0,0,0,0,0.003464580514,0,0.002380952472,0.002885429189,0.0002542133443,0.002667244291,0.002191409701,0.001291168039,0.001217760378,0,0,0,0,0.002380952472,0.002380952472,0.004650196526,0,0,0.003356601344,0.003097482957,0.005155023653,0,0,0,0.001368548721,0.000629602524,0,0.001549886772,0.0004792957334,0.001348245423,0,0.0009599698242,0.0005556271062,0.0001455661841,0.0001580043754,0.0007037309697,0.003902358701,0.0001642621792,0.003227467416,0,0.002380952472,0,0.0001281303557,0.0005462258705,0.0006384871667,0.0004410248657,0.0002044962748,0.0007874148432,0.001319127507,0.004350510426,0.02610075474,0.005244870204,0.006295904517,0.00645153597,0.005215193145,0.005482763052,0.006839460693,0.009156325832,0.008760373108,0.01131107472,0.0005880192039,0.001579847652,0.006775330752,0.0002003182017,0.0003287378931,0.008461493067,0.002697285963,0.00727974996,0,0.0021157593,0.004266886972,0.001814809395,0.0005770038697,0.006474543829,0.008524916135,2.563901398e-05,5.263967978e-05,0.000363956613,0.0001453320874,0.0001644827425,0.0004251672653,0.7831688523,0.06006907299,0.0033364431,0.0004005865776,0.00307710981,0.002810341539,0.5954905748,0.0186382439,0.01100171637,0.009929295629,0,0.0003385435266,0.0004235592787,0.0005271980772,0.0001304997131,0.001751856646,0.0004579890519,0.004821196198,0.0008429524023
136,0.0001207134919,1.637018727e-06,2.131335532e-05,3.182305591e-05,0.02208693884,0.0506282784,0.0001875820453,0.0006277358043,4.551722304e-05,0,0,0,0,0.004761904944,0,0,9.781165136e-05,0,0,0,0,0,0,0,0.0008806623518,0,0,0,0,0,0,0,0,0,0,0,0,0,0,0,0,0,0,0,0,0,0,0,0,0,0.0009621942881,0.0006058163708,0,0,0,0,0,0,0,0,0,0,0.0003475535486,0.0005225493805,0,0,0,0,0,0,0,0,0,0,0.002380952472,0,0,0,0,0.0004902707879,0,0.0008105620509,0,0.001795342308,0,0,0,0,0,1.284244263e-06,0,0,0,0.01179615688,0.007278005127,0.007587571163,0.007438725792,0.009771795012,0.004678503145,0.002348695416,0.005154352635,0.002994126873,0.0003443091991,3.587765241e-05,3.920287782e-05,0.0002651987015,4.5959614e-06,1.777822945e-06,0.001035717083,4.149748202e-05,0.0008692243719,0,0.0004468211555,0.0001942761301,7.637364433e-06,3.562131678e-05,0.0002792980522,0.002837951528,3.757083675e-07,3.477641144e-07,0,4.917125261e-05,2.679815907e-06,1.310167136e-05,0.7512325048,0.01143095549,0.0001688656048,7.815566505e-07,0.001094514737,0.0002789815189,0.312656641,0.001960423309,0.0006616931641,0.000728180341,0.0003385435266,0,5.609230357e-06,5.147370757e-06,2.931175686e-06,1.647418867e-05,0,0.0007537719212,0.0001530013396
137,0.0002150138316,0,2.668007028e-06,0.0002331444848,0.06086449325,0.06494857371,1.281499408e-06,0.001510910923,0,0,0,0,0,0,0,0,0,0,0,0,0,0,0,0,0,0,0,0,0,0,0,0,0,0,0,0,0,0,0,0,0,0,0,0,0,0,0,0,0,0,0,0,0,0,0,0,0,0,0,0,0,0,0,0,0,0,0,0,0,0,0,0,0,0,0,0,0,0,0,0,0,0,0,0,0,0,0,0,0,0,0,0,0,0.001176069491,0.001754479948,0.002087936271,0.003749649273,0.001054403489,0.0001432235003,0.003046652302,0.001769800088,0.0008889270248,0.003248014487,0,0.0006780558615,0,0,0,0.004551433958,0,0.0002383505926,0,0,0,0,0,0.001282140147,0.007677911315,0.0006682240637,0,0,0,0,3.3344229e-06,0.5706453919,0.03530864045,0,0,0.000115236151,0,0.5174551606,0.004927779548,0.00217498187,0.00145840703,0.0004235592787,5.609230357e-06,0,3.782246267e-06,1.788006472e-07,0.0005036161747,0.0009575154982,2.67117025e-06,0
138,0.00014715406,4.131443347e-06,1.355135828e-05,7.017932512e-05,0.01428139303,0.04017458484,0,0.0009794333018,7.57897069e-05,0,5.1282409e-06,0,0.0002467668382,0.0008913665079,0.0002682111517,0.0005035693757,0,0,0,0,0,0,0,0,0,0,0,0,0,0,0,0,0,0,0,0,0,0,0,0,0,0,0,0,0,0,0,0,0,0,0,0,0,0,0,0,0,0,0,0.0006454825052,0,0,0,0.001111749443,0,0,0,0,0,0,0,2.64121627e-06,0,0,0,0,0,0,0,0.002027725102,0,0.0008975997334,0,0,0,0,0,0,1.111232905e-06,0,0,0,0.0002715332375,0.00707389554,0.001960394671,0.001896612579,0.001794183627,0.001462834654,0.001605053432,0.001748537063,0.003405059921,0.0007712184452,0.00312343007,0.0004926720867,0.0009899256984,0.001126997871,0,8.540247654e-05,0.002381434198,0,0.001519618905,0,5.295714072e-05,0.001824550447,0.0001383534691,0,0.001034541288,0.005656632595,3.681729868e-05,0,0,9.39816091e-05,0,1.650227387e-05,0.7940932512,0.03586266562,0.0001963733084,3.809063401e-06,0.001877013361,8.541935676e-05,0.5347115397,0.008090055548,0.002052298281,0.002286300063,0.0005271980772,5.147370757e-06,3.782246267e-06,0,2.501143399e-07,8.020001587e-06,4.60193769e-06,4.150157474e-05,9.906212654e-05
139,7.779756743e-06,3.924161547e-07,5.40427709e-06,5.173358659e-06,0.02499886602,0.03831231222,0,7.47824015e-05,0,0,0,5.775736099e-06,0,0,0,1.264098955e-05,0,0,0,0,0,0,0,0,0,0,0,0,0,0,0,0,0,0,0,0,0,0,0,0,0,0,0,0,0,0,0,0,0,0,0,0,0,0,0,0,0,0,0,0,0,0,0,0.0001494033204,0,0,0,0,0,0,0,0,0,0,0,0,0,0,0,0,0,0,0,0,0,0,0,0,0,0,0,0,0,0.0008191164816,0.009039619938,0.005044361111,0.001128551085,0.002079425147,0.0006099129678,0.001728910021,0.004827360623,0.0002316075115,0.0005542971194,0,0,0,0,5.625131053e-06,0.0008413891774,0.0001607919985,0.0006891089142,0,1.001522287e-05,5.350231368e-05,8.780185453e-06,0,0.0003493846743,0.0004268050252,6.581524303e-07,0,0,0,0,9.718188267e-06,0.5306881666,0.01141046453,3.988836397e-05,1.90862238e-06,2.29207526e-05,0,0.3056175113,0.001452301745,0.001230336027,0.0002009561867,0.0001304997131,2.931175686e-06,1.788006472e-07,2.501143399e-07,0,0,0,2.603661187e-06,0
140,0.0001584681013,0,4.390587856e-05,5.540061102e-05,0.02353717573,0.03659109026,0.002380952472,0.0006012734957,0,0,2.079232581e-05,3.956348155e-05,0,0,0,0,0.0002616566198,0,0.0004117804347,0,0,0,0,0,0,0.0003044753394,0,0,0,0,0,0,0,0,0,0,0,0,0,0,0,0,0,0,0,0,0,0,0,0,0,0,0,0,0,0,0,0,0,0,0,0,0,2.926272828e-05,0,0,0,0,0,0,0,0,0,0,0,0,0,0,0,0.0003507851216,0,0,0,0,0,0,0,0,0,0,0,0.00037224486,0.0004103675892,0.0200320892,0.009147843346,0.01173122134,0.004143609665,0.01366497017,0.01111773215,0.0007649976178,0.003697248641,0.0009448187775,0.0007136061322,0.0002753456065,0.0001097269196,3.258412789e-06,1.844767098e-06,0,0.0001859894401,1.862589306e-05,9.576978482e-05,0,4.136502685e-05,0,2.707343128e-06,7.219109079e-07,0.0002835684281,0.003824649146,3.332458846e-06,0,1.742104723e-05,0,0,0.007470165845,0.608305037,0.008824154735,6.151855814e-06,4.82258713e-07,0.001574190683,0.000288041163,0.3121186495,0.002126321662,0.0006340062828,8.833836182e-05,0.001751856646,1.647418867e-05,0.0005036161747,8.020001587e-06,0,0,2.714720608e-07,0.0003652492014,0.0002511644852
141,7.619809821e-06,8.569420061e-06,1.431225974e-05,0,0.00840046443,0.003525182838,0,1.130383862e-05,0,0,0,5.695860818e-05,0,0,0.0009462122107,0,0,0,0,0,0,0,0,0,0,0,0,0,0,0,0,0,0,0,0,0,0,0,0,0,0,0,0,0,0,0,0,0,0,0,0,0,0,0,0,0,0,0,0,0,0,0,0,0,0,0,0,0,0,0,0,0,0,0,0,0,0,0,0,0.0001767721842,0,0,0,0,0,0,0,0,0,0,0,0,0,0.005959431175,0.004324098118,0.01053409278,0.000603258959,0.0004523975658,0.0004875011218,3.263932376e-05,0.0007176232175,0,0.0003288471489,0,1.372720817e-05,0.0001371910912,0,0,0.000222574221,0,2.192184866e-06,0,0,0,0,0,0.00036018627,0.0003890476946,0,0,0,0,0,0.002380952472,0.6153538823,0.0101959426,0,0,0,0,0.2815940976,0.001419344218,0.0002183285978,0.0001099530855,0.0004579890519,0,0.0009575154982,4.60193769e-06,0,2.714720608e-07,0,0,0
142,0.0008466051077,0.000112238049,0.0003571592097,7.076166366e-05,0.05252231658,0.1386243999,0.0003718409571,0.002213936532,3.489574374e-05,0,0.0001110650483,0.0006537223235,5.940641859e-05,0,0,0.0002816401829,0.001034099143,0,0,0,0,0,0,0,0,0,0,0,0,0,0,0,0,0,0,0,0,0,0,0,0,0,0,0,0,0,0,0,0,0,0,0.0002820751688,0,0,0,0,0,0,0,0,0,0,1.48967556e-05,0.0002413992624,0,0,0,0,4.560845628e-05,0,0,0,0,0,0,0,0,0,0,0,0,4.453307611e-06,0,0,0,0,0,0,0,0,0,7.500031643e-05,0,0.0004361977917,0.001035691705,0.0001554837072,0.0002193687105,0.0001211160779,5.211274583e-06,0.002342792461,5.573324961e-05,8.405714652e-06,0.0003184155212,0.0001955611369,0.00357456808,0.002906336682,0.002969006775,3.136401938e-05,0.001689569908,0.0009024315514,1.921260809e-05,0,0.0001244198356,0.0005568820052,0.002672034781,0.0005588294589,0.002145134611,0.004050602205,0.0005757535691,0,0,0,0,0.000274258462,0.3454132676,0.03074208833,0.0009508560179,0.0009493747493,2.790407734e-06,3.348249493e-06,0.3029973209,0.005224161781,0.007497885264,0.001068400685,0.004821196198,0.0007537719212,2.67117025e-06,4.150157474e-05,2.603661187e-06,0.0003652492014,0,0,5.548066042e-07
143,0.000273464073,1.735568731e-05,0.0002299235202,0.0001121066744,0.03524684906,0.05961278453,2.570143442e-05,0.0003829508496,1.018193143e-05,5.000436795e-05,8.494015674e-06,0.0001243237348,0,0.00121817179,0,9.975964531e-06,0,0,0,0,0,0,0,0,0,0,0,0,0,0,0,0,0,0,0,0,0,0,0,0,0,0,0,0,0,0.0002521797142,0,0,0,0,0,0,0,0,0,0,0,0,0,0,0,0,8.490039363e-06,1.662572572e-06,0,0,0,0,0,0,0,0,0,0,0,0,0,0,0,3.067414355e-06,0,3.096269666e-06,0,0,0,0,0,0,0,0,0,0,1.160845386e-06,0.0006726610591,0.003533288371,0.0019936522,0.004730049521,0.00123742281,0.0001190280818,0.001887736493,0.0005878756056,7.3951589e-05,0.0002570405777,8.454755152e-05,0.0003156517923,0.001125221723,0,0,0.002185485326,0,6.478117575e-05,0,4.594757684e-06,9.49384048e-05,0.001060942071,0.0001095982079,0.0004750092339,0.003782576649,0.0001110237936,0,0,0,0,4.878335312e-05,0.4628872275,0.02890726551,0.0001093674946,0,2.526296839e-06,2.471419123e-07,0.3135322034,0.003031127388,0.00682018511,0.0008467457374,0.0008429524023,0.0001530013396,0,9.906212654e-05,0,0.0002511644852,0,5.548066042e-07,0
