ROI_ID,1,2,3,4,5,6,7,8,9,10,11,12,13,14,15,16,17,18,19,20,21,22,23,24,25,26,27,28,29,30,31,32,33,34,35,36,37,38,39,40,41,42,43,44,45,46,47,48,49,50,51,52,53,54,55,56,57,58,59,60,61,62,63,64,65,66,67,68,69,70,71,72,73,74,75,76,77,78,79,80,81,82,83,84,85,86,87,88,89,90,91,92,93,94,95,96,97,98,99,100,101,102,103,104,105,106,107,108,109,110,111,112,113,114,115,116,117,118,119,120,121,122,123,124,125,126,127,128,129,130,131,132,133,134,135,136,137,138,139,140,141,142,143
1,0,9.703615433e-06,0.0004468980478,0.0001244069863,0.005584853236,0.01405298524,0.0004260420392,0.000214123982,0.0002401912643,3.797313548e-05,0.0006813677028,0.000724328449,0.000353788957,0.002302388195,0.002890465315,0.000316430087,2.603045323e-05,4.408621317e-05,8.364975656e-05,5.851062087e-05,2.04752414e-05,8.050828001e-06,8.617393178e-06,0,4.211232954e-05,1.419121327e-05,2.152652633e-05,0,0,9.249550203e-06,0,0,8.714008436e-05,0,0,0,0,0,0,0,0,0,0,0.0004943609238,0.0004223560391,0.0001291751541,0.0003199325583,0.0007866873639,0.0006915513077,0.0006287369761,0.0003836025717,0.0002385887783,0,0,0,0,4.108144276e-05,0.0003415496612,3.812871e-05,0.001172899385,0.0005285738152,0.0003004114551,0.0007777008577,0.0005189466756,0,9.318427146e-06,0.0002250239631,5.350552965e-05,0.0004112954775,0.0001347867656,2.688532186e-05,7.48164166e-05,0.001003431156,0.0002156857809,0.0002441814577,0,0,5.552488801e-06,0,0.0004009414697,2.422578518e-06,0.000839903485,0.0002912293712,0.0005633539986,0.0005956130335,0.0003841625876,0,0,0,3.03263505e-06,0,0.0005371649168,0.0007014040602,0.09679585695,0.006047421135,0.01331978384,0.001627299818,0.002107324079,0.004980143625,0.00404325733,0.001158922911,0.00103761605,0.005785606336,0.001385081327,0.0008518075338,0.0004135520721,2.643583321e-05,7.315486528e-06,0.02295319922,0.0003754506761,0.0004585029383,0.000101568643,0.0002133335802,5.811558731e-05,0.001225484302,2.295643026e-05,0.003536484204,0.02143938094,0.0003674549516,1.810448884e-05,2.746048995e-05,4.223299402e-05,1.020392574e-05,0.005313441157,0.9526076317,0.2259456068,0.0004125755222,0.0003824962187,0.0008109378396,0.0004464668746,0.573867321,0.03500918299,0.02270126902,0.002847554162,0.003957652953,0.0002426940046,0.0003864958999,0.0002362739178,1.678987428e-05,0.000403327489,2.520507587e-05,0.001347772893,0.0006121417973
2,9.703615433e-06,0,3.32978334e-06,4.267331235e-07,0.002075349912,0.006279268768,1.184628036e-05,1.28650081e-05,2.196655623e-05,0,1.388892088e-05,0,0,0,0,0,0,0,0,0,0,0,0,0,2.080087688e-05,0,0,0,0,0,0,0,0,0,0,0,0,0,0,0,0,0,0,0,0,0,0,0,0.0002383288811,0,0,0,0,0,0,0,0,0,0,0,0,0,0.0007990118465,0.0001556914212,0,0,0,0,9.180611232e-05,0,0,0,0,0,0.0003116186417,0,0,0,0,2.508860962e-05,0,0.0004647810129,0,0,0,0,0,0,0,0,0,0,0.000175355759,0.06555374712,0.005447667092,0.008658679202,0.002715569921,0.004880229477,0.002875086619,0.00159618794,0.001563071855,0.0006671118317,0.001103014336,4.997701035e-05,2.784400021e-05,1.913544838e-05,0,0,0.003880310571,8.9885536e-05,0.0003085790086,0,0.0001790428651,3.589171001e-06,8.368574527e-06,1.182235565e-06,0.0004254580417,0.002507516183,3.69898089e-06,0,2.31944e-06,0,0,7.142264167e-06,0.8677797318,0.05872145295,8.717655874e-05,3.102226856e-06,0.0008011876489,0,0.4190746248,0.003910596948,0.002055645222,0.000963397848,7.501989603e-05,2.587216613e-06,0,2.914639254e-06,3.924161547e-07,1.227512712e-05,9.98383166e-06,0.0001467343973,0.0001176430305
3,0.0004468980478,3.32978334e-06,0,2.708806278e-05,0.03609754518,0.01432208717,3.737648512e-05,0.0005458280793,0.0002094919182,1.622345735e-05,0.0003785674344,6.745344581e-05,0.000259136461,0.0003695354098,0.0001957612985,0.0002343730594,5.562115985e-05,0.0001017924078,0.000115774681,0,2.257561209e-05,0,0,0,0,0,3.214610479e-05,0,0,0,0,0,0,0,0,0,0,0,0,0,0,0,0,0.001153206918,0,3.476869097e-05,0.0003148585674,0.0004718161945,0.0004801486793,0.0005547690671,0.0006577270688,0.0006419917336,0,0,0,0,0,0.000127391555,9.242136912e-06,0.0003244221443,0.0001041460127,0,0.0007728058845,0.0004582409165,0,1.756039092e-05,8.388060087e-05,0.0001942600793,0.0002373272873,0.0002803084499,1.405991588e-05,1.823107777e-05,0.0001801270555,0.0008717419696,0.0006070263335,0,0,2.927984497e-05,1.234033425e-05,0.0004883774091,0,0.0004939454375,0,0.0002190408268,0.000342501211,0.0003480646701,0.0001604332501,0,8.911131772e-06,2.038367256e-06,0,0.0007790772361,0.0004646754824,0.06801450253,0.003819160396,0.008134204894,0.001255780808,0.001518326113,0.003702480346,0.00211614999,0.000956587377,0.000712738838,0.001046256861,4.973604518e-05,7.782250759e-05,0.0001200885526,7.629291304e-06,3.11931467e-06,0.008710805327,0.0002009766904,0.0003079326125,5.370078725e-06,0.0002092072536,4.643268403e-05,0.0003085263597,9.710498489e-06,0.0009713476757,0.009172852151,6.131137343e-05,6.257462246e-07,1.276841977e-05,4.335322228e-05,5.653525932e-06,8.267028898e-05,0.920507431,0.1072632149,0.0002468327002,0.0001758926519,0.0005794857279,0.0004392244737,0.4327259362,0.01453780197,0.005228226073,0.001278274576,0.0003586701932,3.774098877e-05,1.774882548e-05,2.693076749e-05,9.334442439e-06,9.958378359e-05,1.642058669e-05,0.0005783526576,0.000461331947
4,0.0001244069863,4.267331235e-07,2.708806278e-05,0,0.004915370606,0.00504236389,0.0002570674405,3.587384344e-05,7.497389015e-05,0,7.99447298e-05,2.653546107e-05,0.0004299800785,0.0003537342709,0,6.970282993e-05,4.055418685e-06,0,0,0,0,0,0,0,0,0,0,0,0,0,0,0,0,0,0,0,0,0,0,0,0,0,0,0,0,0,0.002380952472,0.0005142168957,0.0002179842122,0.000212458428,0.0007827912341,0.0002704223734,0,0,0,0,0,0,0,0.002380952239,0,0.00149939477,0.001462664688,0.0004645555746,0,1.525933658e-05,0,0.0001419079053,0.0001909600687,0,0,0,0,0.000636975572,0.002528854646,0,0,0,0,0.0002023436391,0,0.001017802977,0,0,0.0001086255579,0,0.002380952472,0,0,5.027972293e-05,0,0,0.001345552853,0.06291427463,0.01179748774,0.03396072984,0.006333845668,0.01028988604,0.01024962496,0.00389075838,0.001859921613,0.001302414574,0.001091059879,0.000230700316,7.447441749e-05,5.277994205e-05,1.321293894e-06,0,0.01056466158,4.034765516e-05,0.0004359664163,6.784434663e-05,0.0001748831564,2.454208334e-05,0.0001744026958,6.111418429e-07,0.001528261346,0.01218939479,3.964164353e-05,7.61353067e-06,9.021900951e-06,9.761894034e-06,4.622762901e-07,0.001695530955,0.8780212998,0.09090679884,0.0002240856556,7.980844384e-05,0.0006272851024,0.0007480434142,0.4510486126,0.009863723069,0.006894589867,0.001218933146,0.00122983614,5.224335837e-05,0.0002331444848,8.589225035e-05,6.670067251e-06,0.0001058635971,0,0.0001655873348,0.0005558404955
5,0.005584853236,0.002075349912,0.03609754518,0.004915370606,0,0.1034159586,0.06224622205,0.004490583204,0.01130386256,0.01384065859,0.01112981327,0.01761562936,0.01674281806,0.02076358348,0.01538588479,0.01188273448,0.01334370114,0.001192353782,0.002447065432,0.003263841383,0.002929608105,0.004180710297,0,0.003889880376,0.002689839108,0.00180470373,0.0009824776789,0.001066180062,0.000164741461,0.001029514358,0.001740842825,0.0009447154007,0.002380952472,0.002380952472,0.0002175828849,0.001648104517,0.00414527487,0,0,0.004761904944,0,0,0,0.01739762165,0.01510963589,0.01802076586,0.02081163041,0.01909871399,0.01948888414,0.01840337738,0.01895202324,0.008720190264,0.003233368741,0.002837430919,0.003298949683,0.0004929230199,0.00391842844,0.006225898396,0.01348212641,0.008378412575,0.002100520302,0.004335657693,0.01124892384,0.008268996142,0.01481370907,0.006696364842,0.003587934654,0.004057656508,0.009412300773,0.01129268017,0.009953423403,0.01919040829,0.01693704724,0.002075704047,0.008308884688,0.01985011995,0.009569416754,0.01580648497,0.0126919318,0.01652435213,0.03077023849,0.01165534277,0.003611534368,0.01088366099,0.00962642394,0.007226529066,0.007147722412,0.003294043941,0.03878233582,0.02585041709,0.02266064472,0.02338998578,0.01257170551,0.3033009171,0.04674339294,0.04738442227,0.04061940312,0.03590928763,0.05591887608,0.07352672517,0.05246872827,0.06366623938,0.119631052,0.06920996308,0.05440199375,0.03706400469,0.003228574293,0.002018581377,0.1561424285,0.03998873755,0.03242121264,0.01630068384,0.01816611178,0.006405080669,0.07529468089,0.007035772782,0.08767051995,0.1146380305,0.05457025766,0.0185867697,0.1611002535,0.02705967426,0.01983956061,0.05286252871,0.8763546348,0.4001096487,0.01815706678,0.08293685317,0.09272493422,0.07457438856,0.7664188743,0.2003244013,0.174258709,0.05513427034,0.05360637978,0.052782882,0.1454385966,0.03479347751,0.06253643334,0.05491586775,0.02457735501,0.1375177056,0.09480875731
6,0.01405298524,0.006279268768,0.01432208717,0.00504236389,0.1034159586,0,0.005191457924,0.00321812788,0.01613756455,0.004857148509,0.00988466572,0.003363567404,0.03601875901,0.004153662827,0.00199666433,0.004257909488,0.001525180181,0,0.003402671777,0.00351486844,0.004510587081,0.0002882330737,0.000936692406,0,0.0003860573343,0.002922159154,0.002380952472,0.002380952472,0,0.001258733682,0,0.00347356149,0,0,0,0.002380952472,0,0,0,0,0,0,0,0.02413970791,0.02524096705,0.009858922102,0.01321070176,0.02720861509,0.05022140592,0.02170629986,0.0442102477,0.02369361557,0.003897606861,0.002380952472,0,0,0,0.009416533634,0.01220089383,0.006660796702,0.004761904944,0.01350646745,0.02132035233,0.02760070749,0.006560337264,0.009523809887,0.007258031052,0.009882219136,0.02322575264,0.01397910621,0.01989979856,0.0002046078298,0.009732400067,0.00791126769,0.02128154598,0.0036762245,0.002380952239,0,0.001084295916,0.02408969402,0.01548789255,0.0258796718,0.007603503764,0.002843843773,0.005861581769,0.009180758148,0,0.002380952472,0.0141483089,0.02111267485,0.004094365053,0.04434026405,0.02170736901,0.4548738301,0.06946653128,0.1190411448,0.03106002323,0.04340365157,0.1405211389,0.06258932501,0.03524272144,0.04970035329,0.09589447081,0.04617710784,0.08716736734,0.1011703983,0.01499754377,0.005833437201,0.1843888164,0.04802700877,0.02898933925,0.01587272435,0.02361811511,0.01772449166,0.1245267913,0.03826746717,0.1001385972,0.2468498498,0.07209023088,0.01336875651,0.1121155545,0.005287784617,0.03371350467,0.03218798712,0.7951974869,0.4449334741,0.02974258736,0.1022451445,0.06517161429,0.05878990889,0.7990861535,0.1865132302,0.1450993419,0.07176000625,0.1523319334,0.09130473435,0.07155048102,0.04753658548,0.04515293241,0.08863249421,0.01730870642,0.1547632515,0.07158467174
7,0.0004260420392,1.184628036e-05,3.737648512e-05,0.0002570674405,0.06224622205,0.005191457924,0,0.000313205237,0.0004498408234,0,0.0001014804657,0.002335282508,0,0.0001427412499,0,0,0.001252709772,0,0,0,0,0,0,0,0,0,0,0,0,0,0,0,0,0,0,0,0,0,0,0,0,0,0,0,0,0,0,0,0,0,0.0006964312633,0,0,0,0,0,0,0,0,0,0.002380952472,0.002380952472,0.008220468648,0.006978313904,0,0,0,0,0,0.002380952239,0.002380952472,0,5.087065074e-05,0,0.003287649481,0,0,0,0,0,0,0.0007422870258,0.002380952472,0,0,0,0,0,0,0,0,0,0.01111149509,0.1192268208,0.01260818355,0.02217620239,0.008802634664,0.009072104469,0.007443389855,0.02307115123,0.01342673786,0.007654555142,0.01263781637,0,0.009660199285,0.008818950504,0.003468317213,0,0.05558291078,0,0.01216894854,0,0.0006469636573,0.002777579473,0.01528843958,0.0008720952319,0.01555053797,0.03660339862,0.005728982855,0.001428815071,0,0,0,4.217889909e-06,0.910462141,0.2027387172,0.006108487025,0.001418448286,0.001624895958,0,0.6796658635,0.03311851993,0.0362399891,0.02692997456,0.0005354390014,0.0003828051558,4.420335245e-06,0,0,0.006723715924,0,0.0007940122159,2.570143442e-05
8,0.000214123982,1.28650081e-05,0.0005458280793,3.587384344e-05,0.004490583204,0.00321812788,0.000313205237,0,0.0001858521864,0,0.0005883357953,0.0002562070731,0.0002455089998,0.0003229541471,4.068989438e-05,0.0001337730209,2.120328827e-05,0,4.732537491e-05,2.617566315e-05,6.193860372e-06,0,0,0,0,5.096786481e-06,0,0,0,5.235060144e-06,0,0,0,0,0,1.145981696e-05,0,0,0,0,0,0.0001052370353,0,0.003529370995,0.001490723109,0.00106274907,0.0009832177311,0.0008764871745,0.001420203014,0.001351301325,0.0008144429885,0.001628792728,0.001164796762,0,0,0,2.095417585e-05,0.00049199356,6.080967069e-05,0.0006686904235,0,0.00152924587,0.001237332122,0.001075050677,4.100168735e-05,5.994096136e-05,0.0004464950762,0.0001463010267,0.0005848787259,0.0006556589506,7.918112715e-06,9.21740957e-06,0.0003514474956,0.0001609509782,0.0003460585431,0.0002458015806,0.0001532456954,3.207286863e-05,2.380862861e-05,0.001062484575,8.551810606e-05,0.001278428826,0.0004850751138,0.001046057791,0.001326879486,0.0005949228653,0,0,0.0002201774623,0.0001228120818,0,0.001210630639,0.0008851171006,0.07097355276,0.006201265845,0.02013936825,0.001589723397,0.002141526435,0.007475917228,0.00375012774,0.001095125685,0.001217310433,0.005713847931,0.001080128946,0.0009792047786,0.0008344372618,2.376161683e-05,9.750548998e-06,0.02633713,0.0006437245756,0.0005671213148,0.0002023620909,0.0004490178544,9.404716548e-05,0.00265793642,4.573787373e-05,0.004109059926,0.02411604486,0.00146027212,0.0001675355161,0.0003236654447,0.0001713936945,4.461886056e-05,0.004032503814,0.947129786,0.246432364,0.0008789458661,0.001915269881,0.000770194456,0.001248012995,0.5612291098,0.04233936593,0.02470985427,0.003325928003,0.01224492304,0.001418888336,0.002329164417,0.001335960696,0.0001091832892,0.001519969315,9.115280409e-05,0.003150369739,0.0009462181479
9,0.0002401912643,2.196655623e-05,0.0002094919182,7.497389015e-05,0.01130386256,0.01613756455,0.0004498408234,0.0001858521864,0,0,9.954834468e-07,7.434021541e-07,0,0,0,3.77495553e-07,0,0,0,0,0,0,0,0,0,0,0,0,0,0,0,0,0,0,0,0,0,0,0,0,0,0,0,0,0,0,0,0,0,0,0,0,0,0,0,0,0,0,0,0,0,0,0,0,0,0,0,0,0,0,0,0,0,5.751291155e-06,0,0,0,0,0,0,0,0,0,0,0,0,0,0,0,0,0,0,0,0.09457353503,0.003093537875,0.001774926088,0.0006262801471,0.000334675482,0.0003194465535,0.002746509155,0.0001651156053,0.0001178063467,0.0004277939152,0,0.0003210009017,0,5.670930841e-05,0,0.003129819874,0,0.0001122530884,0,2.133937232e-05,0,4.012223872e-05,0,0.0004872252757,0.004358718172,8.720110782e-05,0,0,0,0,0.001641266979,0.8632602692,0.07577637583,0,4.232014362e-06,3.83774277e-05,2.154784306e-05,0.3223659694,0.001940756105,0.003218110185,0.0007406200748,0.002995436545,0.000225138705,0,7.57897069e-05,0,0,0,0.0001727369527,1.018193143e-05
10,3.797313548e-05,0,1.622345735e-05,0,0.01384065859,0.004857148509,0,0,0,0,0,0,2.66206298e-05,0,0,0,0,0,0,0,0,0,0,0,0,0,0,0,0,0,0,0,0,0,0,0,0,0,0,0,0,0,0,0,0,0,0,0,0,0,0,0,0,0,0,0,0,0,0,0,0,0,0,0,0,0,0,0,0,0,0,0,0,0,0,0,0,0,0,0,0,0,0,0,0,0,0,0,0,0,0,0,0,0.05861633271,0.003484618152,0.0005387855927,0.002380952472,0,0,0.0020698437,0.00106988335,0,0.0006110997638,0,0,0,0,0,0.003038676223,0,0.0004114465555,0,0,0,7.010814443e-05,0,0.0003098489251,0.00231185602,0,0,0,0,0,0,0.6832885742,0.04346579686,0.001199567458,0,0,0.0003583279613,0.2775401771,0.0007210425683,0,0.0002432312176,0.0001904176752,0,0,0,0,0,0,0,5.000436795e-05
11,0.0006813677028,1.388892088e-05,0.0003785674344,7.99447298e-05,0.01112981327,0.00988466572,0.0001014804657,0.0005883357953,9.954834468e-07,0,0,0,0,3.4765686e-05,0,1.59687545e-06,0,0,0,0,0,0,0,0,0,0,0,0,0,0,0,0,0,0,0,0,0,0,0,0,0,0,0,0,0,0,2.45339811e-06,0,0,0,4.867315965e-06,0,0,0,0,0,0,0,0,0,0,0,0,1.037060656e-06,1.884969492e-06,0,0,1.364751142e-06,7.720174722e-07,0,0,0,0,0,0,0,0,0,0,2.927961214e-05,0,2.479281102e-05,0,0,0,4.85765031e-06,0,0,0,0,0,0,3.779854887e-05,0.09426561743,0.005208687391,0.01631994732,0.001449154573,0.001919045579,0.002057106467,0.003931538668,0.00040864927,0.0002403523686,0.0005590388901,0,0.0008517471142,0,5.536375465e-05,2.788211077e-06,0.01100756042,0,7.866468513e-05,0,0,5.000885722e-05,0.0001749024959,2.965913882e-05,0.002802259289,0.006739942357,0.0004921054933,0,0,0,0,0.000163251636,0.9001210928,0.1006213725,0.0001329106162,0.0001216560559,0.0001896023314,0.00030585489,0.3857756257,0.007792277262,0.005373885855,0.001675809151,0.002438317752,2.692667476e-05,0,2.874397796e-05,0,2.079232581e-05,0,0.0001110650483,8.494015674e-06
12,0.000724328449,0,6.745344581e-05,2.653546107e-05,0.01761562936,0.003363567404,0.002335282508,0.0002562070731,7.434021541e-07,0,0,0,0,2.512630817e-05,7.921193173e-06,1.113365897e-06,0,2.564785791e-05,0,0,0,0,0,0,0,0,0,0,0,0,0,0,0,0,0,0,0,0,0,0,0,0,0,0,0,0,0,0,0,0,0.0001016903116,0,0,0,0,0,0,0,0,0,0,0,1.346147656e-05,2.363516251e-05,0,0,0,0,0,0,0,0,0,0,0,0,0,0,0,2.001191024e-05,0,6.91287787e-05,0,0,0,0,0,0,0,0,0,0,0.0002106057655,0.05690555647,0.01434912439,0.0132375164,0.001427023904,0.004814160056,0.007957365364,0.01203582808,0.004525513388,0.001625402831,0.003045528894,0.0008694507997,0.0005068047321,0.0001779816957,4.353756231e-05,0,0.02154055238,0.000827744836,0.0002843791444,0.0005222056643,0.0001455210877,3.629412458e-05,0.0003636190086,3.021456905e-06,0.004646329209,0.01444515865,0.0001097475106,0,1.589983731e-05,0,0,0,0.8633481264,0.1307626814,0,0.0001862997306,0.0004380628525,0.0001436676393,0.4593438208,0.01968544908,0.0109002674,0.004106039647,0.009313365445,2.682962077e-05,0,7.710765931e-05,1.267562129e-05,8.71871307e-05,8.648635412e-05,0.0006537223235,0.0002731796994
13,0.000353788957,0,0.000259136461,0.0004299800785,0.01674281806,0.03601875901,0,0.0002455089998,0,2.66206298e-05,0,0,0,0,0,7.642532296e-07,0,0,0,0,0,0,0,0,0,0,0,0,0,0,0,0,0,0,0,0,0,0,0,0,0,0,0,0,0,0,0,0,0,0,0,0,0,0,0,0,0,0,0,0,0,0,0,2.614779532e-06,0,0,0,0,0,0,0,0,4.18555345e-07,0,0,0,0,0,0,0,0,0,0,0,0,0,0,0,0,0,0,0,0,0.1156984046,0.0004765992053,0.001302044024,0.0003461913147,0.000206972225,5.84013178e-05,0.00157935929,2.560264329e-05,0,0.0001378164161,0.0005784719251,0,0,0,0,0.005972527433,0,2.141812729e-05,0,0,0,0.0007296620752,0,0.001702331589,0.003940504976,0,0,0,0,0,0,0.894664526,0.09369919449,0,0,3.629671119e-05,0,0.3915912211,0.00787454471,0.01315927319,0.001988466363,0.006818055641,0.001560742036,0,0.002287266543,0,0.001033089007,0,5.940641859e-05,1.19906681e-05
14,0.002302388195,0,0.0003695354098,0.0003537342709,0.02076358348,0.004153662827,0.0001427412499,0.0003229541471,0,0,3.4765686e-05,2.512630817e-05,0,0,4.949610593e-05,0,0.002380952472,0,0,0,0,0,0,0,0,0,0,0,0,0,0,0,0,0,0,0,0,0,0,0,0,0,0,0,0,0,0,0,0,0,0,0,0,0,0,0,0,0,0,0,0,0,5.068071914e-05,0.0003701505484,0,0,0,0,0,0,0,0,0,0,0,0,0,0,0,0,0,0.0001381736947,0,0,0,0,0,0,0.0009442776209,0,0,0,0,0.05079170689,0.0110271005,0.006361226086,0.001531047164,0.006382199004,0,0.006958726328,0.002325850772,0.0005102239666,0.001151236007,0,0.002380952472,0.001886967802,0,0,0.02406621538,0,0.001779023325,0,0.0002104645537,0,0.00135326176,0,0.01165008266,0.01652263664,0,0,0,0,0,0,0.8339115381,0.1078539044,0,0.002380952472,0,0.0005824471009,0.4321371615,0.009438731708,0.003686413169,0.004547606222,0.007898936048,0.007142857648,0,0.0008913665079,0,0.002380952472,0,0,0.00121817179
15,0.002890465315,0,0.0001957612985,0,0.01538588479,0.00199666433,0,4.068989438e-05,0,0,0,7.921193173e-06,0,4.949610593e-05,0,6.305398983e-06,0,0,0,0,0,0,0,0,0,0,0,0,0,0,0,0,0,0,0,0,0,0,0,0,0,0,0,0,0,0,0,0,0,0,0,0,0,0,0,0,0,0,0,0,0,0,0,0,0,0,0,0,0,0,0,0,0,0,0,0,0,0,0,0,0,0.0009879720164,0,0,0,0,0,0,0,0,0,0,0.0006224078243,0.03621022776,0.008139351383,0.002788899234,0.001446965849,0.002989093075,0.0008854232728,0.01190476213,0.001504299929,0.00256871758,0,0,0,0,0,0,0.01803583093,0,0,0,0.0005394098116,0,0.001739959116,0,0,0.00949891191,0,0,0,0,0,0,0.7082676291,0.06556579471,0,0,0,0,0.3226518035,0.00324748992,0.002380952239,0.0114717409,0.002530253958,0.001299635158,0,0.0002682111517,0,0.00143571652,0.0009462122107,0,0
16,0.000316430087,0,0.0002343730594,6.970282993e-05,0.01188273448,0.004257909488,0,0.0001337730209,3.77495553e-07,0,1.59687545e-06,1.113365897e-06,7.642532296e-07,0,6.305398983e-06,0,0,0,0,0,0,0,0,0,0,0,0,0,0,0,0,0,0,0,0,0,0,0,0,0,0,0,0,0,0,5.509878974e-06,0,0,0,0,1.503678868e-05,0,0,0,0,0,0,0,2.058030532e-06,0,0,0,1.92404259e-05,3.346677113e-05,0,0,0,0,0,0,6.519854196e-06,0,0,0,0,0,0,0,0,0,0,5.503310967e-05,0,0,0,0,0,0,0,0,0,0,4.608173913e-05,0.06989704818,0.008797219954,0.01432323828,0.001934904372,0.003920073621,0.002596825827,0.006700784434,0.0009253466851,0.0007372060791,0.001705667819,0.0003578262113,0.001072849147,0.0005870985915,0.0001131100289,0,0.02167531289,0.002336711157,0.0002747624821,0.0003848143388,8.572883235e-05,0.0001438980835,0.0007911708672,0.0001291646913,0.002672972158,0.009025060572,0.00207353523,0,0,0,0,0.0008915433427,0.8857924938,0.1232245713,0.0001804713393,0.000912436517,1.806502405e-05,0.0001079561262,0.4352579117,0.0142638851,0.006939237006,0.003437855747,0.008939753287,0.0001714007667,0,0.0005035693757,1.264098955e-05,0.00084918231,0,0.0005657570437,0.0001733881072
17,2.603045323e-05,0,5.562115985e-05,4.055418685e-06,0.01334370114,0.001525180181,0.001252709772,2.120328827e-05,0,0,0,0,0,0.002380952472,0,0,0,0,0,0,0,0,0,0,0,0,0,0,0,0,0,0,0,0,0,0,0,0,0,0,0,0,0,0.002380952472,0,0,0.002380952472,0,0.0006606648676,0,0.00105810992,0,0,0,0,0,0,0,0,0,0,0,0,9.435263928e-05,0,0,0,0,0.0002167346684,0,0,0,0,0,0,0,0,0,0,0,0,0.0006314134807,0,0,0,0,0,0,0,0,0,0,0,0.04975408688,0.005771610886,0.009447230957,0.001167066628,0.0009580189362,0.002093459712,0.0009909052169,0.0001265075844,0.0003564873477,0.003239964135,0.0001093944811,0.0006958597805,0.0006757909432,0,0,0.01315974351,0.0002164088946,0.0001885464881,0.0001523965038,0,0,0.0006411561044,0,0.0003012896632,0.01417428069,0,0,5.463793059e-05,0,0,0.0004329543444,0.8445028663,0.1187552214,4.642183194e-05,0.0002030382748,0.0001851669949,0,0.5061277151,0.01098520309,0.006022203714,0.001858748728,0.0002004591952,0.0001571278699,0,0,0,0.0003395414969,0,0.001034099143,0.0004775349516
18,4.408621317e-05,0,0.0001017924078,0,0.001192353782,0,0,0,0,0,0,2.564785791e-05,0,0,0,0,0,0,0,0,0,0,0,0,0,0,0,0,0,0,0,0,0,0,0,0,0,0,0,0,0,0,0,0,0,0,0,0,0,0,0,0,0,0,0,0,0,0,0,0,0,0,0,0,0,0,0,0,0,0,0,0,0,0,0,0,0,0,0,0,0,0,0,0,0,0,0,0,0,0,0,0,0,0.01556851249,0,0.001207879279,0,0,0.002380952239,0.0006375054945,0,0,0,0,0,0,0,0,0.003635143628,0,0,0,0,0,0,0,0.0006875946419,0.007937015966,0,0,0,0,0,0,0.625236094,0.03349129856,0,0,0,0,0.3111799955,0,0.002380952472,0.000771203253,0,0,0,0,0,0,0,0,0
19,8.364975656e-05,0,0.000115774681,0,0.002447065432,0.003402671777,0,4.732537491e-05,0,0,0,0,0,0,0,0,0,0,0,0,0,0,0,0,0,0,0,0,0,0,0,0,0,0,0,0,0,0,0,0,0,0,0,0,0,0,0,0,0,0,0,0,0,0,0,0,0,0,0,0,0,0,0,0,0,0,0,0,0,0,0,0,0,0,0,0,0,0,0,0,0,0,0,0,0,0,0,0,0,0,0,0,0,0.02634422295,0.003060647054,0.006543931086,0.0003242354724,0.0001846577798,0,0.002849934623,0,0,0.0001555034687,0,0,0,0,0,0.007327317726,0,3.171638309e-05,0,0,0,0,0,0.000394577306,0.01049239375,0,0,0,0,0,0,0.6964458227,0.04295457527,0,0,0,0,0.3559562564,0.009523809887,0.002380952472,0,0.001036919537,0,0,0,0,0.0004117804347,0,0,0
20,5.851062087e-05,0,0,0,0.003263841383,0.00351486844,0,2.617566315e-05,0,0,0,0,0,0,0,0,0,0,0,0,0,0,0,0,0,0,0,0,0,0,0,0,0,0,0,0,0,0,0,0,0,0,0,0,0,0,0,0,0,0,0,0,0,0,0,0,0,0,0,0,0,0,0,0,0,0,0,0,0,0,0,0,0,0,0,0,0,0,0,0,0,0,0,0,0,0,0,0,0,0,0,0,0,0.03010591492,0.00195034116,0.004167053383,0,0.001004320686,0,0.002642126055,8.125504246e-05,0.0004136513453,0.001386393211,0,0,0.000951443275,0,0,0.007136673201,0,0.00010166227,0,0,0,0,0,0.002380952472,0.008887261152,0,0,0,0,0,0,0.7240297794,0.0646860823,0,0,0,0,0.3821465373,0.005246795714,0,9.506760398e-05,0.002380952472,0,0,0,0,0,0,0,0
21,2.04752414e-05,0,2.257561209e-05,0,0.002929608105,0.004510587081,0,6.193860372e-06,0,0,0,0,0,0,0,0,0,0,0,0,0,0,0,0,0,0,0,0,0,0,0,0,0,0,0,0,0,0,0,0,0,0,0,0,0,0,0,0,0,0,0,0,0,0,0,0,0,0,0,0,0,0,0,0,0,0,0,0,0,0,0,0,0,0,0,0,0,0,0,0.000691561494,0,0,0,0,0,0,0,0,0.001456101192,0,0,0,0,0.0174422469,0.004097082652,0.002353647491,0.0007079086499,0.0006847822224,0.002027589828,0.0007470919518,0.0005108580808,0,0,0,0,0,0,0,0.007321421988,0,0,0,0,0,0.002380952472,0,0,0.01298604533,0,0,0,0,0,0,0.7250080109,0.04906219989,0,0,0,0,0.3725527823,0.0008930040058,0,0.000733554014,0.002722044243,0,0,0,0,0,0,0,0
22,8.050828001e-06,0,0,0,0.004180710297,0.0002882330737,0,0,0,0,0,0,0,0,0,0,0,0,0,0,0,0,0,0,0,0,0,0,0,0,0,0,0,0,0,0,0,0,0,0,0,0,0,0,0,0,0,0,0,0,0,0,0,0,0,0,0,0,0,0,0,0,0,0,0,0,0,0,0,0,0,0,0,0,0,0,0,0,0,0,0,0,0,0,0,0,0,0,0,0,0,0,0,0.02564568818,0.003520320868,0.001199308666,0,0.002380952472,0.002380952472,0,0,0,0,0,0,0.0002742262732,0,0,0.007394690998,0,0,0,0,0,0.0002634484554,0.0002094443771,0,0.004211469088,0,0,0,0,0,0,0.5985031128,0.04851683229,0,0,0,0,0.288369894,0,0.003450750606,0.0007776030689,0,0,0,0,0,0,0,0,0
23,8.617393178e-06,0,0,0,0,0.000936692406,0,0,0,0,0,0,0,0,0,0,0,0,0,0,0,0,0,0,0,0,0,0,0,0,0,0,0,0,0,0,0,0,0,0,0,0,0,0,0,0,0,0,0,0,0,0,0,0,0,0,0,0,0,0,0,0,0,0,0,0,0,0,0,0,0,0,0,0,0,0,0,0,0,0,0,0,0,0,0,0,0,0,0,0,0,0,0,0.0113770524,0.002380952472,0,0,0,0.002380952472,0,0,0,0,0,0,0,0,0,0.002380952239,0,0,0,0,0,0,0,0,0.001233981573,0,0,0,0,0,0,0.3771080673,0.008705369197,0,0,0,0,0.1541307122,0,0,0,0,0,0,0,0,0.002380952472,0,0.002380952472,0
24,0,0,0,0,0.003889880376,0,0,0,0,0,0,0,0,0,0,0,0,0,0,0,0,0,0,0,0,0,0,0,0,0,0,0,0,0,0,0,0,0,0,0,0,0,0,0,0,0,0,0,0,0,0,0,0,0,0,0,0,0,0,0,0,0,0,0,0,0,0,0,0,0,0,0,0,0,0,0,0,0,0,0,0,0,0,0,0,0,0,0,0,0,0,0,0,0.009471729398,0.003642584197,0,0,0,0,0,0,0,0,0,0,0,0,0,0.00141594687,0,0.002380952472,0,0,0,0,0,0,0,0,0,0,0,0,0,0.2723047137,0.009523809887,0,0,0,0,0.1225742996,0.002380952239,0,0,0.001942737494,0,0,0,0,0,0,0,0
25,4.211232954e-05,2.080087688e-05,0,0,0.002689839108,0.0003860573343,0,0,0,0,0,0,0,0,0,0,0,0,0,0,0,0,0,0,0,0,0,0,0,0,0,0,0,0,0,0,0,0,0,0,0,0,0,0,0,0,0,0,0,0,0,0,0,0,0,0,0,0,0,0,0,0,0.001921356888,0,0,0,0,0,0,0,0,0,0,0,0,0,0,0,0,0,0,0.002380952472,0,0,0,0,0,0,0,0,0,0,0,0.01290138811,0.001442193286,0.005562765524,0,0.003632362001,0.002380952472,0.0005233284319,0,0,0,0,0.0006224191748,0,0,0,0.007142857648,0,0.0004793604312,0,0,0,0,0,0.0006780669792,0.00121732289,0,0,0,0,0,0,0.6857578158,0.03701466694,0,0,0,0,0.3085214496,0,0.002380952472,0,0.0004343503388,0.0008806623518,0,0,0,0,0,0.001063906238,0
26,1.419121327e-05,0,0,0,0.00180470373,0.002922159154,0,5.096786481e-06,0,0,0,0,0,0,0,0,0,0,0,0,0,0,0,0,0,0,0,0,0,0,0,0,0,0,0,0,0,0,0,0,0,0,0,0,0,0,0,0,0,0,0,0,0,0,0,0,0,0,0,0,0,0,0,0,0,0,0,0,0,0,0,0,0,0,0,0,0,0,0,0.0005543426378,0,0,0,0,0,0,0,0,0,0,0,0,0,0.02365964651,0,0.003025558079,0,0,0,0,0.000170451749,0,0.002380952472,0,0.00014674454,0,0,0,0.005251169205,0,0.0001928055281,0,0,0,0,0,0.001189676696,0.006215058267,0,0,0,0.00146131136,0,0,0.7055627108,0.04490750656,0.000298006431,0,0,0,0.3155728281,0.0007941274671,0,0.0002739537158,0.002380952472,0,0,0,0,0.0003044753394,0,0.0002003454574,0
27,2.152652633e-05,0,3.214610479e-05,0,0.0009824776789,0.002380952472,0,0,0,0,0,0,0,0,0,0,0,0,0,0,0,0,0,0,0,0,0,0,0,0,0,0,0,0,0,0,0,0,0,0,0,0,0,0,0,0,0,0,0,0,0,0,0,0,0,0,0,0,0,0,0,0,0,0,0,0,0,0,0,0,0,0,0,0,0,0,0,0,0,0,0,0,0,0,0,0,0,0,0,0,0,0,0,0.01058400329,0.003584708087,0,0,0.001064679585,0,0,0,0,0,0,0,0,0,0,0.004168870859,0,0,0,0,0,0,0,0,0.0001360252354,0,0.001530137728,0,0,0,0.002380952239,0.4930121899,0.02537591942,0,0,0,0,0.2403020114,0,0,0,0.000323314307,0,0,0,0,0,0,0,0
28,0,0,0,0,0.001066180062,0.002380952472,0,0,0,0,0,0,0,0,0,0,0,0,0,0,0,0,0,0,0,0,0,0,0,0,0,0,0,0,0,0,0,0,0,0,0,0,0,0,0,0,0,0,0,0,0,0,0,0,0,0,0,0,0,0,0,0,0,0,0,0,0,0,0,0,0,0,0,0,0,0,0,0,0,0,0,0,0,0,0,0,0,0,0,0,0,0,0,0.004761904944,0,0,0,0,0,0,0,0,0,0,0,0,0,0,0,0,0,0,0,0,0.0008696503355,0,0,0.00305478205,0,0,0,0,0,0,0.1765759289,0.01138059981,0,0,0,0,0.115369685,0,0,0,0,0,0,0,0,0,0,0,0
29,0,0,0,0,0.000164741461,0,0,0,0,0,0,0,0,0,0,0,0,0,0,0,0,0,0,0,0,0,0,0,0,0,0,0,0,0,0,0,0,0,0,0,0,0,0,0,0,0,0,0,0,0,0,0,0,0,0,0,0,0,0,0,0,0,0,0,0,0,0,0,0,0,0,0,0,0,0,0,0,0,0,0,0,0,0,0,0,0,0,0,0,0,0,0,0,0.002711459296,0.002380952472,0.002380952472,0,0,0,0,0,0,0,0,0,0,0,0,0.002380952239,0,0,0,0,0,0,0,0.0007332990644,0,0,0,0,0,0,0,0.2682658434,0.009416699409,0,0,0,0,0.1293913424,0,0,0,0,0,0,0,0,0,0,0,0
30,9.249550203e-06,0,0,0,0.001029514358,0.001258733682,0,5.235060144e-06,0,0,0,0,0,0,0,0,0,0,0,0,0,0,0,0,0,0,0,0,0,0,0,0,0,0,0,0,0,0,0,0,0,0,0,0,0,0,0,0,0,0,0,0,0,0,0,0,0,0,0,0,0,0,0,0,0,0,0,0,0,0,0,0,0,0,0,0,0,0,0,0,0,0,0,0,0,0,0,0,0,0,0,0,0,0.008908818476,0,0,0,0,0,0,0,0,0.002380952472,0,0,0,0,0,0.001976137282,0,0.0001415421284,0,0,0,0,0,0,0.0009219653439,0,0,0,0,0,0,0.4376795292,0.02865418419,0,0,0,0,0.2232313901,0,0.002380952239,0,0,0,0,0,0,0,0,0,0
31,0,0,0,0,0.001740842825,0,0,0,0,0,0,0,0,0,0,0,0,0,0,0,0,0,0,0,0,0,0,0,0,0,0,0,0,0,0,0,0,0,0,0,0,0,0,0,0,0,0,0,0,0,0,0,0,0,0,0,0,0,0,0,0,0,0,0,0,0,0,0,0,0,0,0,0,0,0,0,0,0,0,0,0,0,0,0,0,0,0,0,0,0,0,0,0,0.007563776337,0,0,0,0.002380952239,0,0,0,0,0,0,0,0,0,0,0,0,0,0,0,0,0,0,0,0,0,0,0,0,0,0,0.3748894632,0.0199548658,0,0,0,0,0.188427493,0,0,0.0004624146677,0,0,0,0,0,0,0,0,0
32,0,0,0,0,0.0009447154007,0.00347356149,0,0,0,0,0,0,0,0,0,0,0,0,0,0,0,0,0,0,0,0,0,0,0,0,0,0,0,0,0,0,0,0,0,0,0,0,0,0,0,0,0,0,0,0,0,0,0,0,0,0,0,0,0,0,0,0,0,0,0,0,0,0,0,0,0,0,0,0,0,0,0,0,0,0,0,0,0,0,0,0,0,0,0,0,0,0,0,0.005786304828,0,0,0,0,0.0005865747808,0,0.002380952472,0,0,0,0,0,0,0,0.004019869491,0,0,0,0,0,0,0,0,0,0,0,0,0,0,0,0.2776193619,0.02361777239,0,0,0,0,0.1179615855,0.002380952239,0,0,0,0,0,0,0,0,0,0,0
33,8.714008436e-05,0,0,0,0.002380952472,0,0,0,0,0,0,0,0,0,0,0,0,0,0,0,0,0,0,0,0,0,0,0,0,0,0,0,0,0,0,0,0,0,0,0,0,0,0,0,0,0,0,0,0,0,0,0,0,0,0,0,0,0,0,0,0,0,0,0,0,0,0,0,0,0,0,0,0,0,0,0,0,0,0,0,0,0,0,0,0,0,0,0,0,0,0,0,0,0.00795793999,0,0,0,0,0,0,0,0,0,0,0,0,0,0,0.004761904944,0,0,0,0,0,0,0,0,0,0,0,0,0,0,0,0.2188569903,0.01063768752,0,0,0,0,0.06711850315,0,0,0,0,0,0,0,0,0,0,0,0
34,0,0,0,0,0.002380952472,0,0,0,0,0,0,0,0,0,0,0,0,0,0,0,0,0,0,0,0,0,0,0,0,0,0,0,0,0,0,0,0,0,0,0,0,0,0,0,0,0,0,0,0,0,0,0,0,0,0,0,0,0,0,0,0,0,0,0,0,0,0,0,0,0,0,0,0,0,0,0,0,0,0,0,0,0,0,0,0,0,0,0,0,0,0,0,0,0.003001272678,0,0,0,0,0,0,0,0,0,0,0,0,0,0,0,0,0,0,0,0,0,0,0,0,0,0,0,0,0,0,0.1207895875,0.002380952472,0,0,0,0,0.04285714403,0,0,0,0,0,0,0,0,0,0,0,0
35,0,0,0,0,0.0002175828849,0,0,0,0,0,0,0,0,0,0,0,0,0,0,0,0,0,0,0,0,0,0,0,0,0,0,0,0,0,0,0,0,0,0,0,0,0,0,0,0,0,0,0,0,0,0,0,0,0,0,0,0,0,0,0,0,0,0,0,0,0,0,0,0,0,0,0,0,0,0,0,0,0,0,0,0,0,0,0,0,0,0,0,0,0,0,0,0,0.004092175048,0,0,0,0,0,0,0,0,0,0,0,0,0,0,0,0,0,0,0,0,0,0,0,0,0,0,0,0,0,0,0.2202894092,0.0172051359,0,0,0,0,0.08520319313,0,0,0,0,0,0,0,0,0,0,0,0
36,0,0,0,0,0.001648104517,0.002380952472,0,1.145981696e-05,0,0,0,0,0,0,0,0,0,0,0,0,0,0,0,0,0,0,0,0,0,0,0,0,0,0,0,0,0,0,0,0,0,0,0,0,0,0,0,0,0,0,0,0,0,0,0,0,0,0,0,0,0,0,0,0,0,0,0,0,0,0,0,0,0,0,0,0,0,0,0,0,0,0,0,0,0,0,0,0,0,0,0,0,0,0.0007767844945,0,0,0,0,0,0,0,0.0008954943041,0,0,0,0,0,0,0.002380952472,0,0,0,0,0,0.002380952472,0,0,0,0,0,0,0,0,0,0.3557820022,0.01190476213,0,0,0,0,0.1256456077,0.004761904944,0,0,0.002380952472,0,0,0,0,0,0,0,0
37,0,0,0,0,0.00414527487,0,0,0,0,0,0,0,0,0,0,0,0,0,0,0,0,0,0,0,0,0,0,0,0,0,0,0,0,0,0,0,0,0,0,0,0,0,0,0,0,0,0,0,0,0,0,0,0,0,0,0,0,0,0,0,0,0,0,0,0,0,0,0,0,0,0,0,0,0,0,0,0,0,0,0,0,0,0,0,0,0,0,0,0,0,0,0,0,0.003416459076,0.0004234852386,0.002380952472,0,0,0,0,0,0,0,0,0,0,0,0,0.002380952472,0,0,0,0,0,0,0,0,0,0,0,0,0,0,0,0.2416325361,0.004761904944,0,0,0,0,0.1019965857,0,0,0,0,0,0,0,0,0,0,0,0
38,0,0,0,0,0,0,0,0,0,0,0,0,0,0,0,0,0,0,0,0,0,0,0,0,0,0,0,0,0,0,0,0,0,0,0,0,0,0,0,0,0,0,0,0,0,0,0,0,0,0,0,0,0,0,0,0,0,0,0,0,0,0,0,0,0,0,0,0,0,0,0,0,0,0,0,0,0,0,0,0,0,0,0,0,0,0,0,0,0,0,0,0,0,0,0,0,0,0,0,0,0,0,0,0,0,0,0,0,0,0,0,0,0,0,0,0,0,0,0,0,0,0,0,0,0.04371501878,0,0,0,0,0,0.006519572344,0,0,0,0,0,0,0,0,0,0,0,0
39,0,0,0,0,0,0,0,0,0,0,0,0,0,0,0,0,0,0,0,0,0,0,0,0,0,0,0,0,0,0,0,0,0,0,0,0,0,0,0,0,0,0,0,0,0,0,0,0,0,0,0,0,0,0,0,0,0,0,0,0,0,0,0,0,0,0,0,0,0,0,0,0,0,0,0,0,0,0,0,0,0,0,0,0,0,0,0,0,0,0,0,0,0,0.002380952472,0,0,0,0,0,0,0,0,0,0,0,0,0,0,0,0,0,0,0,0,0,0,0,0,0,0,0,0,0,0,0.06904762238,0,0,0,0,0,0.01276188251,0,0,0,0,0,0,0,0,0,0,0,0
40,0,0,0,0,0.004761904944,0,0,0,0,0,0,0,0,0,0,0,0,0,0,0,0,0,0,0,0,0,0,0,0,0,0,0,0,0,0,0,0,0,0,0,0,0,0,0,0,0,0,0,0,0,0,0,0,0,0,0,0,0,0,0,0,0,0,0,0,0,0,0,0,0,0,0,0,0,0,0,0,0,0,0,0,0,0,0,0,0,0,0,0,0,0,0,0,0,0,0.002380952472,0,0.002380952472,0,0.002380952472,0,0,0,0,0,0,0,0,0.007142857648,0,0,0,0,0,0,0,0,0,0,0,0,0,0,0,0.2004438341,0.002380952472,0,0,0,0,0.06913820654,0,0,0,0,0,0,0,0,0,0,0,0
41,0,0,0,0,0,0,0,0,0,0,0,0,0,0,0,0,0,0,0,0,0,0,0,0,0,0,0,0,0,0,0,0,0,0,0,0,0,0,0,0,0,0,0,0,0,0,0,0,0,0,0,0,0,0,0,0,0,0,0,0,0,0,0,0,0,0,0,0,0,0,0,0,0,0,0,0,0,0,0,0,0,0,0,0,0,0,0,0,0,0,0,0,0,0.002380952472,0,0,0,0,0,0,0,0,0,0,0,0,0,0,0,0,0,0,0,0,0,0,0,0.002380952472,0,0,0,0,0,0,0.08603579551,0.01190476213,0,0,0,0,0.02026287839,0,0,0,0,0,0,0,0,0,0,0,0
42,0,0,0,0,0,0,0,0.0001052370353,0,0,0,0,0,0,0,0,0,0,0,0,0,0,0,0,0,0,0,0,0,0,0,0,0,0,0,0,0,0,0,0,0,0,0,0,0,0,0,0,0,0,0,0,0,0,0,0,0,0,0,0,0,0,0,0,0,0,0,0,0,0,0,0,0,0,0,0,0,0,0,0,0,0,0,0,0,0,0,0,0,0,0,0,0,0,0.002380952472,0.002380952239,0,0,0,0,0,0,0,0,0,0,0,0,0.002380952472,0,0,0,0,0,0,0,0,0,0,0,0,0,0,0,0.1125498191,0.002380952472,0,0,0,0,0.04180788621,0,0,0,0,0,0,0,0,0,0,0,0
43,0,0,0,0,0,0,0,0,0,0,0,0,0,0,0,0,0,0,0,0,0,0,0,0,0,0,0,0,0,0,0,0,0,0,0,0,0,0,0,0,0,0,0,0,0,0,0,0,0,0,0,0,0,0,0,0,0,0,0,0,0,0,0,0,0,0,0,0,0,0,0,0,0,0,0,0,0,0,0,0,0,0,0,0,0,0,0,0,0,0,0,0,0,0,0,0,0,0,0,0,0,0,0,0,0,0,0,0,0,0,0,0,0,0,0,0,0,0,0,0,0,0,0,0,0.01904761977,0.002380952239,0,0.002380952472,0,0,0,0,0,0,0,0,0,0,0,0,0,0,0
44,0.0004943609238,0,0.001153206918,0,0.01739762165,0.02413970791,0,0.003529370995,0,0,0,0,0,0,0,0,0.002380952472,0,0,0,0,0,0,0,0,0,0,0,0,0,0,0,0,0,0,0,0,0,0,0,0,0,0,0,0,0,0,0,0,0,0,0,0,0,0,0,0,0,0,0,0,0,0,0,0,0,0,0,0,0,0,0,0,0,0,0,0,0,0,0,0,0,0,0,0,0,0,0,0,0,0,0,0,0.1127759889,0.0002047032904,0.0003555591975,0,0.0001241422142,1.471076303e-05,0,0,0,0.0005951208877,0,0,0,0,0,0.001285069622,0,0.0001708197378,0,0,0,0,0,0.004009741824,0.005647835322,0,0,0,0,0,0,0.8424259424,0.05445950478,0,0,0,0,0.3828859031,0.002832642989,0.002380952472,0.001381573151,0.003784037894,0,0,0,0,0,0,8.025856368e-05,0
45,0.0004223560391,0,0,0,0.01510963589,0.02524096705,0,0.001490723109,0,0,0,0,0,0,0,0,0,0,0,0,0,0,0,0,0,0,0,0,0,0,0,0,0,0,0,0,0,0,0,0,0,0,0,0,0,0,0,0,0,0,0,0,0,0,0,0,0,0,0,0,0,0,0,0,0,0,0,0,0,0.002380952472,0,0,0,0,0,0,0,0,0,0,0,0,0,0,0,0,0,0,0,0,0,0,0,0.138018325,3.3245753e-05,2.136003241e-05,1.194156084e-05,0,1.986879579e-05,0,0,2.871548531e-05,0,0,0,0,0,0,9.736797074e-05,0,0.0003331095795,0,0,0,0,0,0.002380952472,0.000897648395,0,0,0,0,0,0,0.8508222699,0.06207429618,0,0.0005293320282,3.859318895e-05,0,0.3496303856,0,0.002380952472,0.003205803223,0.002380952239,0,0,0,0,0,0,0,0
46,0.0001291751541,0,3.476869097e-05,0,0.01802076586,0.009858922102,0,0.00106274907,0,0,0,0,0,0,0,5.509878974e-06,0,0,0,0,0,0,0,0,0,0,0,0,0,0,0,0,0,0,0,0,0,0,0,0,0,0,0,0,0,0,0,0,0,0,0,0,0,0,0,0,0,0,0,0,0,0,0,0,0,0,0,0,0,0,0,0,0,0,0,0,0,0,0,0,0,0,0,0,0,0,0,0,0,0,0,0,0,0.0797945857,0.0001974397019,0.000518583518,0,0,0.000659396057,0.0001626588928,5.263350886e-06,0,0.0002173436951,0,0,0,0,0,0.0001358271693,0,8.425849228e-05,0,0,0,0,0,0.0007076650509,0.00146684621,0,0,0,0,0,0,0.7756620646,0.07967532426,0,0,0,0,0.3516619205,0.002799281152,0,0.0002551191428,0.004761904944,0,0,0,0,0,0,0,0.0002521797142
47,0.0003199325583,0,0.0003148585674,0.002380952472,0.02081163041,0.01321070176,0,0.0009832177311,0,0,2.45339811e-06,0,0,0,0,0,0.002380952472,0,0,0,0,0,0,0,0,0,0,0,0,0,0,0,0,0,0,0,0,0,0,0,0,0,0,0,0,0,0,0,0,0,0,0,0,0,0,0,0,0,0,0,0,0,0,0,0,0,0,0,0,0,0,0,0,0,0,0,0,0,0,0,0,0,0,0,0,0,0,0,0,0,0,0,0,0.1122130826,5.930836778e-05,0.0003372257925,0,0,1.449519277e-05,0,0,7.98957808e-06,0.0007026350941,0,0,0,0,0,0.001399307745,0,0,0,0,0,0,0,0.002380952472,0.003042679513,0,0,0,0,0,0,0.8462061882,0.06249269098,0,0,0,0,0.3337444365,0.001318954048,0.0004587266012,0,0.002532334765,0.000383959763,0,0,0,0,0,0,0
48,0.0007866873639,0,0.0004718161945,0.0005142168957,0.01909871399,0.02720861509,0,0.0008764871745,0,0,0,0,0,0,0,0,0,0,0,0,0,0,0,0,0,0,0,0,0,0,0,0,0,0,0,0,0,0,0,0,0,0,0,0,0,0,0,0,0,0,0,0,0,0,0,0,0,0,0,0,0,0,0,0,0,0,0,0,0,0,0,0,0,0,0,0,0,0,0,0,0,0,0,0,0,0,0,0,0,0,0,0,0,0.1167045385,4.047558105e-05,0.0001480251376,0.0001313265966,6.953091361e-05,3.202514335e-06,0.0003287289583,1.083612278e-05,0,0.00227753981,0,0,0,0,0,0.0004514346365,0,0,0,0,0,0,0,0,0.003379265778,0,0,0,0,0,0.0007195026847,0.8681652546,0.06985190511,0,0,0,0,0.3352192342,0.001544124214,0.002380952472,0.0002336824255,0.0007778984727,0,0,0,0,0,0,0,0
49,0.0006915513077,0.0002383288811,0.0004801486793,0.0002179842122,0.01948888414,0.05022140592,0,0.001420203014,0,0,0,0,0,0,0,0,0.0006606648676,0,0,0,0,0,0,0,0,0,0,0,0,0,0,0,0,0,0,0,0,0,0,0,0,0,0,0,0,0,0,0,0,0,0,0,0,0,0,0,0,0,0,0,0,0,4.691918093e-06,0,0,0,0,0,0,0,0,0,9.090881576e-06,0,0,0,0,0,0,0,0,0,0,0,0,0,0,0,0,0,0,0,4.316931154e-06,0.1181784347,0.00043587439,0.0003386853496,6.771623157e-05,1.065388824e-05,3.850620487e-06,0.0003996432642,8.446951142e-06,0,0.000392954069,0,0,0,0,0,0.000918595586,0.005922931712,7.185572485e-06,0,0,0,0.002380952239,0,0.003304364625,0.003700717352,0,0,0,0,0,0.001349109225,0.8820453882,0.07535624504,0,0,3.533655672e-06,0,0.3555340767,0.008041601628,0.00690858718,0.0005773785524,0.005121349823,0,0,0.000499964226,0,0,0,6.555597793e-06,0
50,0.0006287369761,0,0.0005547690671,0.000212458428,0.01840337738,0.02170629986,0,0.001351301325,0,0,0,0,0,0,0,0,0,0,0,0,0,0,0,0,0,0,0,0,0,0,0,0,0,0,0,0,0,0,0,0,0,0,0,0,0,0,0,0,0,0,0,0,0,0,0,0,0,0,0,0,0,0,0,0,0,0,0,0,0,0,0,0,0,0,0,0,0,0,0,0,0,0,0,0,0,0,0,0,0,0,0,0,0,0.1168164313,8.803482342e-05,0.0004107503919,8.679150596e-06,5.983904339e-05,0,0.0003900951124,1.557465839e-05,3.975148047e-06,0.001971746096,0,0,0,0,0,0.0009064439801,0,2.771102299e-05,0,0,0,0,0,0.005024624057,0.001368412049,0,0,0,0,0,0,0.8636758924,0.0774268955,0,0,0,0,0.3475986421,0.003553247545,0.0001228011242,0,0.002448277548,0,0,0,0,0,0,7.999716763e-05,0
51,0.0003836025717,0,0.0006577270688,0.0007827912341,0.01895202324,0.0442102477,0.0006964312633,0.0008144429885,0,0,4.867315965e-06,0.0001016903116,0,0,0,1.503678868e-05,0.00105810992,0,0,0,0,0,0,0,0,0,0,0,0,0,0,0,0,0,0,0,0,0,0,0,0,0,0,0,0,0,0,0,0,0,0,0,0,0,0,0,0,0,0,0,0,0,0,0,0,0,0,0,0,0,0,0,0,0,0,0,0,0,0,0,0,0,0,0,0,0,0,0,0,0,0,0,0,0.1140608266,0.0001883356454,0.0004101139202,5.232415333e-06,5.832951501e-06,3.937747169e-05,0.0001344259654,3.393586667e-06,1.28206284e-06,0.0008107078029,0,0.002380952472,0.0008213162655,0,0,0.001182421576,0,1.689607961e-05,0,0,0,0.001486188034,0,0.002436074894,0.003946764395,0,0,0,0,0,0.002179376548,0.8519336581,0.08016792685,0.0002342844964,0,0,0,0.3423489928,0.008406482637,0.009293249808,0.0003757374361,0.00533310743,0.0009621942881,0,0,0,0,0,6.508872957e-06,0
52,0.0002385887783,0,0.0006419917336,0.0002704223734,0.008720190264,0.02369361557,0,0.001628792728,0,0,0,0,0,0,0,0,0,0,0,0,0,0,0,0,0,0,0,0,0,0,0,0,0,0,0,0,0,0,0,0,0,0,0,0,0,0,0,0,0,0,0,0,0,0,0,0,0,0,0,0,0,0,0,0,0,0,0,0,0,0,0,0,0,0,0,0,0,0,0,0,0,0,0,0,0,0,0,0,0,0,0,0,0,0.08485923707,0.004186097533,0.01037290692,7.756271225e-05,0.0003638728813,0.0003059149021,0.002068696078,9.010390204e-05,5.241294639e-05,0.0002107056353,0,0.0005212056567,0,0.00012707524,0,0.003033760237,0,0,0,0,0,0,0,6.530081737e-05,0.002923299326,0,0,0,0,0,0.002904451685,0.8650702834,0.07105082273,0,0,1.019038609e-05,2.828921424e-05,0.3067414463,0.004941662308,0.00214220304,0.0004793190747,0.00355617865,0.0006058163708,0,0,0,0,0,0.0002268358076,0
53,0,0,0,0,0.003233368741,0.003897606861,0,0.001164796762,0,0,0,0,0,0,0,0,0,0,0,0,0,0,0,0,0,0,0,0,0,0,0,0,0,0,0,0,0,0,0,0,0,0,0,0,0,0,0,0,0,0,0,0,0,0,0,0,0,0,0,0,0,0,0,0,0,0,0,0,0,0,0,0,0,0,0,0,0,0,0,0,0,0,0,0,0,0,0,0,0,0,0,0,0,0.01445181947,0.007142857648,0.002380952472,0,0,0,0.002380952239,0,0,0,0,0,0,0,0,0.000546182564,0,0,0,0,0,0,0,0,0.001767046168,0,0,0,0,0,0,0.3056652248,0.02369054407,0,0,0,0,0.1780280471,0,0,0.0003220548097,0,0,0,0,0,0,0,0,0
54,0,0,0,0,0.002837430919,0.002380952472,0,0,0,0,0,0,0,0,0,0,0,0,0,0,0,0,0,0,0,0,0,0,0,0,0,0,0,0,0,0,0,0,0,0,0,0,0,0,0,0,0,0,0,0,0,0,0,0,0,0,0,0,0,0,0,0,0,0,0,0,0,0,0,0,0,0,0,0,0,0,0,0,0,0,0,0,0,0,0,0,0,0,0,0,0,0,0,0.01334438473,0,0,0,0,0,0,0,0,0,0,0,0,0,0,0,0,0,0,0,0,0,0,0,0.002380952472,0,0,0,0,0,0.002380952472,0.1975592524,0.01250813529,0,0,0,0,0.08087331802,0,0,0,0,0,0,0,0,0,0,0,0
55,0,0,0,0,0.003298949683,0,0,0,0,0,0,0,0,0,0,0,0,0,0,0,0,0,0,0,0,0,0,0,0,0,0,0,0,0,0,0,0,0,0,0,0,0,0,0,0,0,0,0,0,0,0,0,0,0,0,0,0,0,0,0,0,0,0,0,0,0,0,0,0,0,0,0,0,0,0,0,0,0,0,0,0,0,0,0,0,0,0,0,0,0,0,0,0,0.01613697782,0,0,0,0,0,0,0,0,0.0001841475605,0,0,0,0,0,0.001257618773,0,0,0,0,0,0,0,0,0,0,0,0,0,0,0,0.2220442593,0.01368518826,0,0,0,0,0.1003996134,0,0,0,0,0,0,0,0,0,0,0,0
56,0,0,0,0,0.0004929230199,0,0,0,0,0,0,0,0,0,0,0,0,0,0,0,0,0,0,0,0,0,0,0,0,0,0,0,0,0,0,0,0,0,0,0,0,0,0,0,0,0,0,0,0,0,0,0,0,0,0,0,0,0,0,0,0,0,0,0,0,0,0,0,0,0,0,0,0,0,0,0,0,0,0,0,0,0,0,0,0,0,0,0,0,0,0,0,0,0.01282635704,0,0.001260666759,0,0,0,0,0,0,0,0,0,0,0,0,0,0,0,0,0,0,0,0,0,0.000458218361,0,0,0,0,0,0,0.2342752665,0.01091562305,0,0,0,0,0.1261904091,0.004761904944,0,0,0,0,0,0,0,0,0,0,0
57,4.108144276e-05,0,0,0,0.00391842844,0,0,2.095417585e-05,0,0,0,0,0,0,0,0,0,0,0,0,0,0,0,0,0,0,0,0,0,0,0,0,0,0,0,0,0,0,0,0,0,0,0,0,0,0,0,0,0,0,0,0,0,0,0,0,0,0,0,0,0,0,0,0,0,0,0,0,0,0,0,0,0,0,0,0,0,0,0,0,0,0,0,0,0,0,0,0,0,0,0,0,0,0.02994175814,0,0,0,0,0,0.001171058509,0,0,0,0,0,0,0,0,0,0,0,0,0,0,0,0,0,0.001711084391,0,0,0,0,0,0,0.4084324241,0.02322505228,0,0,0,0,0.1762948632,0,0,0,0.002380952472,0,0,0,0,0,0,0,0
58,0.0003415496612,0,0.000127391555,0,0.006225898396,0.009416533634,0,0.00049199356,0,0,0,0,0,0,0,0,0,0,0,0,0,0,0,0,0,0,0,0,0,0,0,0,0,0,0,0,0,0,0,0,0,0,0,0,0,0,0,0,0,0,0,0,0,0,0,0,0,0,0,0,0,0,0,0,0,0,0,0,0,0,0,0,0,0,0,0,0,0,0,0,0,0,0,0,0,0,0,0,0,0,0,0,0,0.06332803518,0.004299963359,0.009342638776,0.004761904944,0.001749341376,8.473460184e-05,0.00508969184,0.0004497513291,0.003334007459,0.0003164795635,0.0001933488675,0,0,0,0,0.006259823218,0,6.303266127e-05,0,0,0,0,0,4.514874672e-05,0.002695149276,0,0,0,9.954111192e-06,0,0.000533799408,0.8518781066,0.07542336732,0,0,0.0001147332805,0,0.2245472223,0.001917098067,0.0005146592739,0.0001068687561,0.004761904944,0,0,0,0,0,0,0,0
59,3.812871e-05,0,9.242136912e-06,0,0.01348212641,0.01220089383,0,6.080967069e-05,0,0,0,0,0,0,0,2.058030532e-06,0,0,0,0,0,0,0,0,0,0,0,0,0,0,0,0,0,0,0,0,0,0,0,0,0,0,0,0,0,0,0,0,0,0,0,0,0,0,0,0,0,0,0,0,0,0,0,0,0,0,0,0,0,0,0,0,0,0,0,0,0,0,0,0,0,0,0,0,0,0,0,0,0,0,0,0,0,0.08561067283,0.006051349454,0.006701955572,0,0.003936478868,0.0002494513465,0.0009927084902,0.0003330621403,0.0001595202339,6.092071635e-05,1.4811043e-05,4.012481895e-06,0,0,0,0.002313616686,0,4.009164695e-05,0,1.022723836e-06,2.407761713e-06,0,0,2.844818118e-05,0.001099528046,0,0,0,0,0,0,0.8347497582,0.05401950702,0,0,1.148737192e-05,0,0.1935572773,0.001801339327,0.0002855488565,0.0004709298664,0.007289429661,0,0,0.0009382897988,0,0,0,0,0
60,0.001172899385,0,0.0003244221443,0.002380952239,0.008378412575,0.006660796702,0,0.0006686904235,0,0,0,0,0,0,0,0,0,0,0,0,0,0,0,0,0,0,0,0,0,0,0,0,0,0,0,0,0,0,0,0,0,0,0,0,0,0,0,0,0,0,0,0,0,0,0,0,0,0,0,0,0,0,0,0,0,0,0,0,0,0,0,0,0,0,0,0,0,0,0,0,0,0,0,0,0,0,0,0,0,0,0,0,0,0.065389283,0,0.001284097205,0,0,0,0.002380952472,3.654545435e-05,0,0.002273996826,0,0,0,0,0,0.001746477443,0,0,0,0,0,0,0,0.004761904944,0.005106547382,0,0,0,0,0,0,0.7046107054,0.05945722386,0,0,0,0,0.2805379629,0.003266633488,0,0,0.002962171333,0,0,0.0006454825052,0,0,0,0,0
61,0.0005285738152,0,0.0001041460127,0,0.002100520302,0.004761904944,0.002380952472,0,0,0,0,0,0,0,0,0,0,0,0,0,0,0,0,0,0,0,0,0,0,0,0,0,0,0,0,0,0,0,0,0,0,0,0,0,0,0,0,0,0,0,0,0,0,0,0,0,0,0,0,0,0,0,0,0,0,0,0,0,0,0,0,0,0,0,0,0,0,0,0,0,0,0,0,0,0,0,0,0,0,0,0,0,0,0.02260006592,0,0,0.002380952472,0,0,0.002380952239,0,0,0,0,0,0,0,0,0.001745760208,0,0,0,0,0,0,0,0,0.001054784283,0,0,0,0,0,0,0.3529969156,0.01847103424,0,0,0,0,0.1174385175,7.40482792e-05,0,0.0006019032444,0.002380952239,0,0,0,0,0,0,0,0
62,0.0003004114551,0,0,0.00149939477,0.004335657693,0.01350646745,0.002380952472,0.00152924587,0,0,0,0,0,0,0,0,0,0,0,0,0,0,0,0,0,0,0,0,0,0,0,0,0,0,0,0,0,0,0,0,0,0,0,0,0,0,0,0,0,0,0,0,0,0,0,0,0,0,0,0,0,0,0,0,0,0,0,0,0,0,0,0,0,0,0,0,0,0,0,0,0,0,0,0,0,0,0,0,0,0,0,0,0.0001528662833,0.0657582432,0.003440845758,0.006376500707,0.0006361523992,0.002380952472,0,0.001452669851,0.0004089704016,0,0.0001837236196,0,0.0005576192052,0,0,0,0.002191164531,0,0.0002036061778,0,0,0,0.0002646268695,0,0.000193750544,0.002899371786,0.000519992318,0,0,0,0,0,0.7394057512,0.05884146318,0,0,0,0,0.2827770412,0.003453183221,0.0007404838107,0.0003590891138,0.003356601344,0.0005692251143,0,0,0,0,0,0,0
63,0.0007777008577,0.0007990118465,0.0007728058845,0.001462664688,0.01124892384,0.02132035233,0.008220468648,0.001237332122,0,0,0,1.346147656e-05,0,5.068071914e-05,0,1.92404259e-05,0,0,0,0,0,0,0,0,0.001921356888,0,0,0,0,0,0,0,0,0,0,0,0,0,0,0,0,0,0,0,0,0,0,0,4.691918093e-06,0,0,0,0,0,0,0,0,0,0,0,0,0,0,0,0,0,0,0,0,0,0,0,0,0,0,0,0,0,0,1.561776662e-05,0,0,0,0,0,0,0,0,0.001301729004,0,0,0,5.408366633e-06,0.08674938232,0.001902960707,0.004159663338,0.0004469137348,0.0003509301168,0.000602131593,0.002038872102,0.0001338271686,1.73071785e-05,0.0008695528959,0.001611328917,0.003265471198,0.001046183868,0.0001432506688,0,0.002374484669,0.0009137660381,3.080475653e-05,0,0,2.570451579e-05,0.0008175105904,0,0.0009988292586,0.004331357311,0.001212642761,0,0.0003479517181,0,0,0.003521679901,0.8581635356,0.07696643472,3.664439873e-06,0,1.32695377e-05,0.0001988656149,0.3572235703,0.004209645092,0.003834191011,0.00103416515,0.005590531509,0.001070434926,0.0003619038325,0.002992769936,0,0,0,7.41378899e-05,1.09001885e-05
64,0.0005189466756,0.0001556914212,0.0004582409165,0.0004645555746,0.008268996142,0.02760070749,0.006978313904,0.001075050677,0,0,1.037060656e-06,2.363516251e-05,2.614779532e-06,0.0003701505484,0,3.346677113e-05,9.435263928e-05,0,0,0,0,0,0,0,0,0,0,0,0,0,0,0,0,0,0,0,0,0,0,0,0,0,0,0,0,0,0,0,0,0,0,0,0,0,0,0,0,0,0,0,0,0,0,0,0,0,0,0,0,0,0,0,2.86272043e-05,0,0,0,0,0,0,1.908702188e-06,0,0,0,0,0,0,0,0,5.663269621e-05,0,0,0,0,0.09177393466,0.01354967803,0.03612627834,0.002735494869,0.002882872941,0.002130569424,0.005348044448,0.0009344436112,0.0004792895925,0.0002624184126,0.0001882945508,0.0002180189185,0.0004760514712,0,0,0.009297513403,6.614589802e-05,6.97242067e-05,0,2.451974979e-06,7.113295851e-06,0.000152206514,0,0.0005216240534,0.004319300875,0.0001137891595,0,0.0001877440081,0,0,0.009380531497,0.8911260962,0.07939532399,0.0001830616529,0.0006068882067,3.537564771e-05,4.852987331e-05,0.2921245992,0.003585407976,0.003189234063,0.0009683865355,0.00998876337,0.0008137623081,0.0001896225876,0.001737271203,0.0001733218523,5.642414544e-05,0,0.0002536634856,6.043463145e-06
65,0,0,0,0,0.01481370907,0.006560337264,0,4.100168735e-05,0,0,1.884969492e-06,0,0,0,0,0,0,0,0,0,0,0,0,0,0,0,0,0,0,0,0,0,0,0,0,0,0,0,0,0,0,0,0,0,0,0,0,0,0,0,0,0,0,0,0,0,0,0,0,0,0,0,0,0,0,0,0,0,0,0,0,0,0,0,0,0,0,0,0,0,0,0,0,0,0,0,0,0,0,0,0,0,0,0.04685907438,0,0,0,0,0,0.002380952472,0,0,0,0,0,0,0,0,0.0003197770566,0,0,0,0,0,0,0,0,0.000333742064,0,0,0,0,0,0,0.5519803762,0.03362118453,0,0,0,0,0.218009904,0,0,0,0,0,0,0,0,0,0,0,0
66,9.318427146e-06,0,1.756039092e-05,1.525933658e-05,0.006696364842,0.009523809887,0,5.994096136e-05,0,0,0,0,0,0,0,0,0,0,0,0,0,0,0,0,0,0,0,0,0,0,0,0,0,0,0,0,0,0,0,0,0,0,0,0,0,0,0,0,0,0,0,0,0,0,0,0,0,0,0,0,0,0,0,0,0,0,0,0,0,0,0,0,0,0,0,0,0,0,0,0,0,0,0,0,0,0,0,0,0,0,0,0,0,0.05200724676,0,0,0,0,0,0,0,0,0,0,0,0,0,0,0.0005095400265,0,0,0,0,0,0,0,0,0.001092021237,0,0,0,0,0,0,0.6488645673,0.03139030188,0,0,0,0,0.2762787938,0.0009680810035,0.001191440737,0,0.0004247588222,0,0,0,0,0,0,0,0
67,0.0002250239631,0,8.388060087e-05,0,0.003587934654,0.007258031052,0,0.0004464950762,0,0,0,0,0,0,0,0,0,0,0,0,0,0,0,0,0,0,0,0,0,0,0,0,0,0,0,0,0,0,0,0,0,0,0,0,0,0,0,0,0,0,0,0,0,0,0,0,0,0,0,0,0,0,0,0,0,0,0,0,0,0,0,0,0,0,0,0,0,0,0,0,0,0,0,0,0,0,0,0,0,0,0,0,0,0.04313904792,0,0.002380952239,0,0.0009077587165,0,0.002380952472,0.0001423627691,0,0.000246034062,0,0,0,0,0,0.002343891421,0,1.934070133e-05,0,0,0,0,0,0.000616549456,0.001995347673,0,0,0,0,0,0,0.5732252598,0.05854403973,0,0,0,0.0004744488979,0.2043444812,0,0,0,0,0,0,0,0,0,0,0,0
68,5.350552965e-05,0,0.0001942600793,0.0001419079053,0.004057656508,0.009882219136,0,0.0001463010267,0,0,1.364751142e-06,0,0,0,0,0,0,0,0,0,0,0,0,0,0,0,0,0,0,0,0,0,0,0,0,0,0,0,0,0,0,0,0,0,0,0,0,0,0,0,0,0,0,0,0,0,0,0,0,0,0,0,0,0,0,0,0,0,0,0,0,0,0,0,0,0,0,0,0,0,0,0,0,0,0,0,0,0,0,0,0,0,0,0.04037519172,0.005691442639,0,0.0003661168157,0,0.002342397813,0,0.002380952472,0,4.147294021e-05,0,3.225440014e-05,0,0,0,0.002289964352,0,2.765626778e-05,0,0,0,0,0,0.0002189416991,0.002480973722,0,0,0,0,0,0.001406616648,0.6778060198,0.05205546692,0,0,0,0,0.1975426674,0.001248654909,0,0.0002236846049,0.001368548721,0,0,0,0,0,0,0,0
69,0.0004112954775,9.180611232e-05,0.0002373272873,0.0001909600687,0.009412300773,0.02322575264,0,0.0005848787259,0,0,7.720174722e-07,0,0,0,0,0,0.0002167346684,0,0,0,0,0,0,0,0,0,0,0,0,0,0,0,0,0,0,0,0,0,0,0,0,0,0,0,0,0,0,0,0,0,0,0,0,0,0,0,0,0,0,0,0,0,0,0,0,0,0,0,0,0,0,0,0,0,0,0,0,0,0,0,0,0,0,0,0,0,0,0,0,0,0,0,0,0.07191119343,0.007970831357,0.007512992714,0.000203921285,0,0.000262082991,0.000302411936,0.0001517073251,0,0.0001534790936,0,0,0,0,0,0.001980289817,0,7.31484979e-05,0,0,0,0,0,0.0001020938362,0.00361048989,0,0,0,0,0,0,0.8583449721,0.07164387405,0,0,2.510021841e-05,0,0.321783632,0.005983258132,0.0007272705552,0.0006497153663,0.0007553254836,0.0001460719213,0,0,0,0,0,4.560845628e-05,0
70,0.0001347867656,0,0.0002803084499,0,0.01129268017,0.01397910621,0.002380952239,0.0006556589506,0,0,0,0,0,0,0,0,0,0,0,0,0,0,0,0,0,0,0,0,0,0,0,0,0,0,0,0,0,0,0,0,0,0,0,0,0.002380952472,0,0,0,0,0,0,0,0,0,0,0,0,0,0,0,0,0,0,0,0,0,0,0,0,0,0,0,0,0,0,0,0,0,0,0,0,0,0,0,0,0,0,0,0,0,0,0,0,0.08462695777,0.008678537793,0.005203344859,0.002885596827,0.004051037598,0.003439277178,0.004416049458,0.0007971336017,0.0004267902987,4.466907194e-05,0,0,0,0,0,0.00468276348,0,0,0,1.976844715e-06,0,0,0,5.863186016e-05,0.003692607163,0,0,0,0,0,0,0.8296995163,0.05771723017,0,0.0002506017045,0,0,0.2239628434,0.001552542555,0.0002852238249,0.0009309706511,0,0,0,0,0,0,0,0,0
71,2.688532186e-05,0,1.405991588e-05,0,0.009953423403,0.01989979856,0.002380952472,7.918112715e-06,0,0,0,0,0,0,0,6.519854196e-06,0,0,0,0,0,0,0,0,0,0,0,0,0,0,0,0,0,0,0,0,0,0,0,0,0,0,0,0,0,0,0,0,0,0,0,0,0,0,0,0,0,0,0,0,0,0,0,0,0,0,0,0,0,0,0,0,0,0,0,0,0,0,0,0,0,0,0,0,0,0,0,0,0,0,0,0,0,0.09278005362,0,0.002380952472,0.0006517380243,0,0.002860422013,0,0.001222877647,0,0,0,0,0,0,0,0.0004992976901,0,0,0,0,0,0,0,9.544567729e-05,0.0006101084873,0,0,0,0,0,0.0006800192641,0.7718816996,0.03305840865,0,0,0,0,0.2694078684,0.002844775328,0.002625920111,5.961607167e-05,0.0009187860996,0,0,0,0,0,0,0,0
72,7.48164166e-05,0,1.823107777e-05,0,0.01919040829,0.0002046078298,0,9.21740957e-06,0,0,0,0,0,0,0,0,0,0,0,0,0,0,0,0,0,0,0,0,0,0,0,0,0,0,0,0,0,0,0,0,0,0,0,0,0,0,0,0,0,0,0,0,0,0,0,0,0,0,0,0,0,0,0,0,0,0,0,0,0,0,0,0,0,0,0,0,0,0,0,0,0,0.0003826476459,0,0,0,0,0,0,0,0,0,0,0,0.06167057529,0.00079141889,0,0,0,0,0,0,0,0.001493685879,0,0,0,0,0,0.003996159881,0,0,0,0,0,0,0,0.002380952472,0.002000197303,0,0,0,0,0,1.44172202e-06,0.5847985148,0.02822622471,0,0,0,0,0.3263458312,0,0,0.005026464351,1.898358096e-05,0,0,2.64121627e-06,0,0,0,0,0
73,0.001003431156,0,0.0001801270555,0,0.01693704724,0.009732400067,5.087065074e-05,0.0003514474956,0,0,0,0,4.18555345e-07,0,0,0,0,0,0,0,0,0,0,0,0,0,0,0,0,0,0,0,0,0,0,0,0,0,0,0,0,0,0,0,0,0,0,0,9.090881576e-06,0,0,0,0,0,0,0,0,0,0,0,0,0,0,2.86272043e-05,0,0,0,0,0,0,0,0,0,0,0,0,0,0,0,0,0,0,0,0,0,0,0,0,0,0,0,0,0,0.1051534489,0.00140876323,0.004743583966,5.356356633e-05,0.001381270122,0,0.003697155276,0,0,0.000339604856,0,0,0,0,0,0.00534129655,0,6.506678619e-05,0,1.419778164e-05,0,0.003388496349,0,0.001058992231,0.008840736933,0,0,0,0,0,0,0.8389986753,0.09321925789,0,0,0,0,0.3896104097,0.00244643609,0.003857739968,0.002414299641,0.002823034069,0,0.002380952472,0.0001408561802,0,0,0,8.256921865e-05,0
74,0.0002156857809,0,0.0008717419696,0.000636975572,0.002075704047,0.00791126769,0,0.0001609509782,5.751291155e-06,0,0,0,0,0,0,0,0,0,0,0,0,0,0,0,0,0,0,0,0,0,0,0,0,0,0,0,0,0,0,0,0,0,0,0,0,0,0,0,0,0,0,0,0,0,0,0,0,0,0,0,0,0,0,0,0,0,0,0,0,0,0,0,0,0,0,0,0,0,0,0,0,0,0,0,0,0,0,0,0,0,0,0,0,0.04515324906,0.005175063852,0.008700683713,0.00307466439,0.0001187010421,0.00150910113,0.006926844362,0,0,0.0002488240716,0,0.0008679956081,0,0,0,0.002712185727,0,6.465395472e-06,0,7.638074749e-06,0,0.0007662633434,0,4.157948206e-05,0.002639915328,0,0,0,0,0,0.002380952472,0.6918319464,0.05089311302,5.347308615e-05,0,0,0,0.2238395959,0.0009848907357,0.002380952472,0.002445680788,0.003123063361,0,0,0.002380952472,0,0,0,0,0
75,0.0002441814577,0.0003116186417,0.0006070263335,0.002528854646,0.008308884688,0.02128154598,0.003287649481,0.0003460585431,0,0,0,0,0,0,0,0,0,0,0,0,0,0,0,0,0,0,0,0,0,0,0,0,0,0,0,0,0,0,0,0,0,0,0,0,0,0,0,0,0,0,0,0,0,0,0,0,0,0,0,0,0,0,0,0,0,0,0,0,0,0,0,0,0,0,0,0,0,0,0,0,0,0,0,0,0,0,0,0,0,0,0,0,0,0.06881295145,0.001301069628,0.004272890743,0.0003357036039,0.0002973430092,0.000998676056,0.002477328293,2.415646122e-05,6.412999937e-05,5.908242019e-05,0,0.001091714134,0,0,0,0.001490667113,0,7.759732398e-06,0,3.365201701e-05,0,0,0,6.257010682e-05,0.001914806548,0,0,0,0.002380952472,0,0.005499736872,0.7885936499,0.0639405027,0.0001056769252,0,0,0,0.3231334984,0.007875729352,0.006231202744,0.0005142826121,0.002127287211,0.002380952472,0,0,0,0,0,2.72681591e-05,7.646717677e-06
76,0,0,0,0,0.01985011995,0.0036762245,0,0.0002458015806,0,0,0,0,0,0,0,0,0,0,0,0,0,0,0,0,0,0,0,0,0,0,0,0,0,0,0,0,0,0,0,0,0,0,0,0,0,0,0,0,0,0,0,0,0,0,0,0,0,0,0,0,0,0,0,0,0,0,0,0,0,0,0,0,0,0,0,0,0,0,0,0,0,0,0,0,0,0,0,0,0,0,0,0,0,0.06637126952,0.005190379918,0.002912775846,0.001017724862,0,0.0005941768177,0.002380952239,0.0009206833784,0.0006503415643,0,0,0.001253566938,0.001261611353,0,0,0.003258259036,0,0.001045549405,0,0,0,0,0,0.002380952239,0.001564852078,0,0,0,0,0,0,0.5903616548,0.02504954487,0,0,0,0,0.2813253105,0.002992125694,0.003014362184,0.001769431517,8.485598664e-05,0,0,0,0,0,0,0,0
77,0,0,0,0,0.009569416754,0.002380952239,0,0.0001532456954,0,0,0,0,0,0,0,0,0,0,0,0,0,0,0,0,0,0,0,0,0,0,0,0,0,0,0,0,0,0,0,0,0,0,0,0,0,0,0,0,0,0,0,0,0,0,0,0,0,0,0,0,0,0,0,0,0,0,0,0,0,0,0,0,0,0,0,0,0,0,0,0,0,0,0,0,0,0,0,0,0,0,0,0,0,0.05983487144,0,0,0,0,0,0,0,0,0,0,0,0,0,0,0.00127464463,0,0,0,0,0,0,0,0,0,0,0,0,0,0,0,0.3459120393,0.01909580082,0,0,0,0,0.1520130038,0,0.0004278825654,0,0,0,0,0,0,0,0,0,0
78,5.552488801e-06,0,2.927984497e-05,0,0.01580648497,0,0,3.207286863e-05,0,0,0,0,0,0,0,0,0,0,0,0,0,0,0,0,0,0,0,0,0,0,0,0,0,0,0,0,0,0,0,0,0,0,0,0,0,0,0,0,0,0,0,0,0,0,0,0,0,0,0,0,0,0,0,0,0,0,0,0,0,0,0,0,0,0,0,0,0,0,0,0,0,0,0,0,0,0,0,0,0,0,0,0,0,0.06788928062,0.002380952239,0,0,0,0,0,0,0,0,0,0,0,0,0,0,0,0,0,0,0,0,0,0,0.0004110161972,0,0,0,0,0,0,0.4300557375,0.02362121455,0,0,0,0,0.1836894453,0,0,0.00108587835,0,0,0,0,0,0,0,0,0
79,0,0,1.234033425e-05,0,0.0126919318,0.001084295916,0,2.380862861e-05,0,0,0,0,0,0,0,0,0,0,0,0,0,0,0,0,0,0,0,0,0,0,0,0,0,0,0,0,0,0,0,0,0,0,0,0,0,0,0,0,0,0,0,0,0,0,0,0,0,0,0,0,0,0,0,0,0,0,0,0,0,0,0,0,0,0,0,0,0,0,0,0,0,0,0,0,0,0,0,0,0,0,0,0,0,0.05302821472,0,0.002380952239,0,0,0.002380952472,0,0,0,0,0,0,0,0,0,0.0001654716907,0,0,0,0,0,0,0,0,0.0002435151255,0,0,0,0,0,0,0.6005536318,0.03342273086,0,0,0,0,0.2425755113,0.0008976124809,0,0,0.0009578646859,0,0,0,0,0,0,0,0
80,0.0004009414697,2.508860962e-05,0.0004883774091,0.0002023436391,0.01652435213,0.02408969402,0,0.001062484575,0,0,2.927961214e-05,2.001191024e-05,0,0,0,0,0,0,0,0,0.000691561494,0,0,0,0,0.0005543426378,0,0,0,0,0,0,0,0,0,0,0,0,0,0,0,0,0,0,0,0,0,0,0,0,0,0,0,0,0,0,0,0,0,0,0,0,1.561776662e-05,1.908702188e-06,0,0,0,0,0,0,0,0,0,0,0,0,0,0,0,0,0,1.832917405e-06,0,0,0,0,0,0,0,0,0,0,0,0.125688374,0.01133079361,0.008783699013,0.001139074797,0.001577490009,0.0002960506536,0.00482331682,0.00148071337,0.0003813140502,0.0001264727907,0,0,0.001056691632,1.510412039e-05,1.125489462e-06,0.004112204071,0,1.613143286e-05,0,4.351992538e-05,0,0.003417878412,0,0.0002132751833,0.004066339228,6.548886449e-05,0,0,0,5.813026655e-05,7.136309432e-05,0.8868556619,0.06474842876,0.0004333505058,0.001282192185,0,0,0.2913189232,0.002566531068,0.003068570513,0.000743689423,0.009283127263,0.003411241807,0.0003164891677,0.00273591117,8.737538883e-05,0.0004357765429,0.0001767721842,2.047215821e-05,3.067414355e-06
81,2.422578518e-06,0,0,0,0.03077023849,0.01548789255,0,8.551810606e-05,0,0,0,0,0,0,0,0,0,0,0,0,0,0,0,0,0,0,0,0,0,0,0,0,0,0,0,0,0,0,0,0,0,0,0,0,0,0,0,0,0,0,0,0,0,0,0,0,0,0,0,0,0,0,0,0,0,0,0,0,0,0,0,0,0,0,0,0,0,0,0,0,0,0,0,0,0,0,0,0,0,0,0,0,0,0.1092574671,0.003588100895,0,0.001532088616,0.0006377918762,0,0.0004296325787,0,0,0.0002075155498,0,0,0,0,0,0.0004298221902,0,0,0,0,0,0,0,0.0002057153033,0.0004453196598,0,0,0,0,0,0,0.796318531,0.02963385731,0,0,0,0,0.2886135876,0.006117857993,0,0,0,0,0,0,0,0,0,0,0
82,0.000839903485,0.0004647810129,0.0004939454375,0.001017802977,0.01165534277,0.0258796718,0.0007422870258,0.001278428826,0,0,2.479281102e-05,6.91287787e-05,0,0.0001381736947,0.0009879720164,5.503310967e-05,0.0006314134807,0,0,0,0,0,0,0,0.002380952472,0,0,0,0,0,0,0,0,0,0,0,0,0,0,0,0,0,0,0,0,0,0,0,0,0,0,0,0,0,0,0,0,0,0,0,0,0,0,0,0,0,0,0,0,0,0,0.0003826476459,0,0,0,0,0,0,0,1.832917405e-06,0,0,0,0,0,0,0,0,0,0,0,0,4.334395953e-07,0.09300296009,0.003106274642,0.00596673321,0.0003009228676,0.0003455985279,0.0003093530831,0.001126011251,0.0001122352551,3.140884291e-05,0.0005238281447,0.000405615574,0.0003587197571,0,0,1.181737116e-05,0.003822857747,4.359483501e-05,3.87758555e-05,0,1.185340079e-05,2.6850837e-06,0.001447022543,0,0.001164606423,0.004302226938,0,0.0001430904958,0,6.236020999e-05,0,0.006998898461,0.8643090725,0.08036844432,5.722555215e-05,0,1.544580118e-05,2.766416219e-05,0.3404089808,0.006298992317,0.004962876905,0.0008429827285,0.005993468221,0.001630429178,0.0005045131547,0.001479363767,0.0002457137743,0,0,1.616883674e-05,1.382251412e-05
83,0.0002912293712,0,0,0,0.003611534368,0.007603503764,0.002380952472,0.0004850751138,0,0,0,0,0,0,0,0,0,0,0,0,0,0,0,0,0,0,0,0,0,0,0,0,0,0,0,0,0,0,0,0,0,0,0,0,0,0,0,0,0,0,0,0,0,0,0,0,0,0,0,0,0,0,0,0,0,0,0,0,0,0,0,0,0,0,0,0,0,0,0,0,0,0,0,0,0,0,0,0,0,0,0,0,0,0.03378566355,0,0.002380952472,0,0,0,0.0001936483168,0,0,0.002380952472,0,0,0,0,0,0.0001547970605,0,0,0,0,0,0,0,0,0.004147409461,0,0,0,0,0,0,0.4548891187,0.03645168617,0,0,0,0,0.2032889426,0.001011651126,0.002380952472,5.905331636e-05,0,0,0,0,0,0,0,0,0
84,0.0005633539986,0,0.0002190408268,0,0.01088366099,0.002843843773,0,0.001046057791,0,0,0,0,0,0,0,0,0,0,0,0,0,0,0,0,0,0,0,0,0,0,0,0,0,0,0,0,0,0,0,0,0,0,0,0,0,0,0,0,0,0,0,0,0,0,0,0,0,0,0,0,0,0,0,0,0,0,0,0,0,0,0,0,0,0,0,0,0,0,0,0,0,0,0,0,0,0,0,0,0,0,0,0,5.85891612e-05,0.06646085531,0.002765274607,0.0008532837383,0.0002633119293,3.453209865e-05,0,0,0.0002280237386,4.89714912e-05,0.0004223544965,0,0,0,0,0,0.0003320144315,0,7.101725714e-06,0,0,0,0,0,0,0.002676673001,0,0,0,0,0,0,0.7976276278,0.07277006656,0,0,0,0,0.3346447349,0.006432198454,0,0.0007038809126,0.003903367091,0.001795342308,0,0,0,0,0,0.0003922524047,0
85,0.0005956130335,0,0.000342501211,0.0001086255579,0.00962642394,0.005861581769,0,0.001326879486,0,0,0,0,0,0,0,0,0,0,0,0,0,0,0,0,0,0,0,0,0,0,0,0,0,0,0,0,0,0,0,0,0,0,0,0,0,0,0,0,0,0,0,0,0,0,0,0,0,0,0,0,0,0,0,0,0,0,0,0,0,0,0,0,0,0,0,0,0,0,0,0,0,0,0,0,0,0,0,0,0,0,0,0,0,0.06051531434,0.001567935687,0,0,0,0,0,0,0,0,0,0.002380952472,0,0,0,0.0006649725256,0,0,0,0,0,0,0,0,0.004886159673,0,0,0,0,0,0,0.8142647743,0.06176498905,0,0,0,0,0.3063583076,0.001740028849,0.001310361316,0,0.003685044358,0,0,0,0,0,0,0,2.731879795e-05
86,0.0003841625876,0,0.0003480646701,0,0.007226529066,0.009180758148,0,0.0005949228653,0,0,4.85765031e-06,0,0,0,0,0,0,0,0,0,0,0,0,0,0,0,0,0,0,0,0,0,0,0,0,0,0,0,0,0,0,0,0,0,0,0,0,0,0,0,0,0,0,0,0,0,0,0,0,0,0,0,0,0,0,0,0,0,0,0,0,0,0,0,0,0,0,0,0,0,0,0,0,0,0,0,0,0,0,0,0,0,0,0.06876841933,0.004862003494,0.001817130018,0,0.0001035924361,0.0003132953425,0,9.995072469e-05,0,0.0003252462484,0,0,0,0,0,0.001081119524,0,0,0,0,0,0,0,2.00444174e-05,0.0036069036,0,0,0,0,0,0,0.805339396,0.06170435995,0,0,0,0,0.277744621,0.005403724499,0.002380952472,0.0002983542799,0.002833036939,0.002211377025,0,0,0,0,0,0,0
87,0,0,0.0001604332501,0.002380952472,0.007147722412,0,0,0,0,0,0,0,0,0,0,0,0,0,0,0,0,0,0,0,0,0,0,0,0,0,0,0,0,0,0,0,0,0,0,0,0,0,0,0,0,0,0,0,0,0,0,0,0,0,0,0,0,0,0,0,0,0,0,0,0,0,0,0,0,0,0,0,0,0,0,0,0,0,0,0,0,0,0,0,0,0,0,0,0,0,0,0,0,0.03315284848,0,0,0,0,0,0,0,0,0,0,0,0,0,0,0,0,0,0,0,0,0,0,0,0.0009061375167,0,0,0,0,0,0,0.3586471379,0.01566489227,0,0,0,0,0.1766228527,0.002380952472,0,0,0,0,0,0,0,0,0,0,0
88,0,0,0,0,0.003294043941,0.002380952472,0,0,0,0,0,0,0,0,0,0,0,0,0,0,0,0,0,0,0,0,0,0,0,0,0,0,0,0,0,0,0,0,0,0,0,0,0,0,0,0,0,0,0,0,0,0,0,0,0,0,0,0,0,0,0,0,0,0,0,0,0,0,0,0,0,0,0,0,0,0,0,0,0,0,0,0,0,0,0,0,0,0,0,0,0,0,0,0.02912428416,0,0,0,0,0,0,0,0,0,0,0,0,0,0,0,0,0,0,0,0,0,0,0,0.00157732598,0,0,0,0,0,0,0.2966471016,0.01437372435,0,0,0,0,0.1495274603,0,0,0,3.411417129e-05,0,0,0,0,0,0,0,0
89,0,0,8.911131772e-06,0,0.03878233582,0.0141483089,0,0.0002201774623,0,0,0,0,0,0.0009442776209,0,0,0,0,0,0,0.001456101192,0,0,0,0,0,0,0,0,0,0,0,0,0,0,0,0,0,0,0,0,0,0,0,0,0,0,0,0,0,0,0,0,0,0,0,0,0,0,0,0,0,0.001301729004,5.663269621e-05,0,0,0,0,0,0,0,0,0,0,0,0,0,0,0,0,0,0,0,0,0,0,0,0,0,0,0,0,8.71780685e-06,0.1245374158,0.006355338264,0.005305557046,0.001551988069,0.001095974352,0,0.002259166213,0.001044867444,0.0005174648832,0.002572004916,0,0,0,0,0,0.005064528435,0,0.0005759096239,0,0,0.0005354445893,0.0003926354402,0,0.002380952239,0.00223118579,0,0,0,0,0,2.675138376e-06,0.7812446356,0.04950669035,0,3.320983296e-06,0,0,0.3953355253,0.00113512564,0.002380952472,0.001223152038,3.954331078e-06,0,0,0,0,0,0,0,0
90,3.03263505e-06,0,2.038367256e-06,5.027972293e-05,0.02585041709,0.02111267485,0,0.0001228120818,0,0,0,0,0,0,0,0,0,0,0,0,0,0,0,0,0,0,0,0,0,0,0,0,0,0,0,0,0,0,0,0,0,0,0,0,0,0,0,0,0,0,0,0,0,0,0,0,0,0,0,0,0,0,0,0,0,0,0,0,0,0,0,0,0,0,0,0,0,0,0,0,0,0,0,0,0,0,0,0,0,0,0,0,0,0.1166211143,0.000128802887,0,0,0,0,0.0003178965999,0,0,0,0,0,0,0,0,0.003184775123,0,0.0001696810214,0,0,0.000105733292,0,0,0.001289121225,0.0008034930215,0,0,0,0,0,0,0.7890972495,0.02897358686,0,0,0,0,0.2884936631,0.004167063162,0,0.000240961308,0,1.284244263e-06,0,0,0,0,0,0,0
91,0,0,0,0,0.02266064472,0.004094365053,0,0,0,0,0,0,0,0,0,0,0,0,0,0,0,0,0,0,0,0,0,0,0,0,0,0,0,0,0,0,0,0,0,0,0,0,0,0,0,0,0,0,0,0,0,0,0,0,0,0,0,0,0,0,0,0,0,0,0,0,0,0,0,0,0,0,0,0,0,0,0,0,0,0,0,0,0,0,0,0,0,0,0,0,0,0,0,0.09358504415,0.002380952472,0,0,0,0,0.0003662022355,0,0,0,0,0,0,0,0,2.260053952e-05,0,0,0,0,0,0,0,0,0.001279249438,0,0,0,0,0,0.0006976948353,0.6745986342,0.02901725844,0,0,0,0,0.2521542609,0.001165677211,0,0.0001194547804,0,0,0,0,0,0,0,0,0
92,0.0005371649168,0,0.0007790772361,0,0.02338998578,0.04434026405,0,0.001210630639,0,0,0,0,0,0,0,0,0,0,0,0,0,0,0,0,0,0,0,0,0,0,0,0,0,0,0,0,0,0,0,0,0,0,0,0,0,0,0,0,0,0,0,0,0,0,0,0,0,0,0,0,0,0,0,0,0,0,0,0,0,0,0,0,0,0,0,0,0,0,0,0,0,0,0,0,0,0,0,0,0,0,0,0,0,0.1114535183,0.0003655765613,0.0002227831865,1.079765025e-05,2.869393575e-05,2.781803414e-05,9.268860595e-06,2.221926843e-05,3.894274869e-06,0.001300504664,0.001311891479,0.0005544838496,0.0009725175332,0,0,0.0008154932293,0,5.86619135e-05,0,1.186627105e-05,0,0,0,0.0008706585504,0.00537328748,0,0,0,0,0,0.001940882183,0.8633272648,0.06938890368,6.022668458e-05,0,2.383705942e-05,0,0.3240928054,0.00285328296,0.005047359969,0.001241468592,0.00184750848,0,0,0,0,0.00037224486,0,8.076947415e-05,5.053543282e-05
93,0.0007014040602,0.000175355759,0.0004646754824,0.001345552853,0.01257170551,0.02170736901,0.01111149509,0.0008851171006,0,0,3.779854887e-05,0.0002106057655,0,0,0.0006224078243,4.608173913e-05,0,0,0,0,0,0,0,0,0,0,0,0,0,0,0,0,0,0,0,0,0,0,0,0,0,0,0,0,0,0,0,0,4.316931154e-06,0,0,0,0,0,0,0,0,0,0,0,0,0.0001528662833,5.408366633e-06,0,0,0,0,0,0,0,0,0,0,0,0,0,0,0,0,0,0,4.334395953e-07,0,5.85891612e-05,0,0,0,0,8.71780685e-06,0,0,0,0,0.09289709479,0.003997579683,0.009107548743,0.0008820132934,0.0006229037535,0.0006530017708,0.002038445324,0.0002599834697,0.000143349811,0.0006261104718,0.00017296843,0.0001327917853,0.001062531723,0,0,0.003997518681,0.0006290426245,5.449160017e-05,0,2.05065262e-05,3.731303877e-06,0.002065633424,0,0.0005824428517,0.003496861318,0,0,0,0,0,0.001558450167,0.8678975701,0.07986394316,2.603136636e-05,0.002380952472,1.377646731e-05,5.381622032e-06,0.3371087015,0.004690665752,0.005135944579,0.0007846931112,0.004469278734,0.00110324251,0,0.001168116694,0,0.0007197589148,0,7.494684542e-05,5.312071153e-06
94,0.09679585695,0.06555374712,0.06801450253,0.06291427463,0.3033009171,0.4548738301,0.1192268208,0.07097355276,0.09457353503,0.05861633271,0.09426561743,0.05690555647,0.1156984046,0.05079170689,0.03621022776,0.06989704818,0.04975408688,0.01556851249,0.02634422295,0.03010591492,0.0174422469,0.02564568818,0.0113770524,0.009471729398,0.01290138811,0.02365964651,0.01058400329,0.004761904944,0.002711459296,0.008908818476,0.007563776337,0.005786304828,0.00795793999,0.003001272678,0.004092175048,0.0007767844945,0.003416459076,0,0.002380952472,0,0.002380952472,0,0,0.1127759889,0.138018325,0.0797945857,0.1122130826,0.1167045385,0.1181784347,0.1168164313,0.1140608266,0.08485923707,0.01445181947,0.01334438473,0.01613697782,0.01282635704,0.02994175814,0.06332803518,0.08561067283,0.065389283,0.02260006592,0.0657582432,0.08674938232,0.09177393466,0.04685907438,0.05200724676,0.04313904792,0.04037519172,0.07191119343,0.08462695777,0.09278005362,0.06167057529,0.1051534489,0.04515324906,0.06881295145,0.06637126952,0.05983487144,0.06788928062,0.05302821472,0.125688374,0.1092574671,0.09300296009,0.03378566355,0.06646085531,0.06051531434,0.06876841933,0.03315284848,0.02912428416,0.1245374158,0.1166211143,0.09358504415,0.1114535183,0.09289709479,0,0.02448072284,0.02923522517,0.05193773285,0.07516235113,0.08984395862,0.02551997639,0.06818958372,0.1133211628,0.1074311584,0.08083366603,0.07483126968,0.05027389154,0.01250243466,0.03879119828,0.01709721424,0.04463843629,0.08394774795,0.01694933884,0.08607898653,0.03056724742,0.07392917573,0.03031168506,0.09009993821,0.1077548191,0.1010866538,0.06898275763,0.148084864,0.08747157454,0.1337869465,0.1068160608,0.8501715064,0.2122663856,0.05672216788,0.07118848711,0.1264151782,0.1353638023,0.6467888951,0.1421280801,0.1232993677,0.04788094386,0.08247426897,0.07513464242,0.1432428211,0.09421595931,0.138520062,0.04884299636,0.06053154916,0.1106282845,0.1279419959
95,0.006047421135,0.005447667092,0.003819160396,0.01179748774,0.04674339294,0.06946653128,0.01260818355,0.006201265845,0.003093537875,0.003484618152,0.005208687391,0.01434912439,0.0004765992053,0.0110271005,0.008139351383,0.008797219954,0.005771610886,0,0.003060647054,0.00195034116,0.004097082652,0.003520320868,0.002380952472,0.003642584197,0.001442193286,0,0.003584708087,0,0.002380952472,0,0,0,0,0,0,0,0.0004234852386,0,0,0,0,0.002380952472,0,0.0002047032904,3.3245753e-05,0.0001974397019,5.930836778e-05,4.047558105e-05,0.00043587439,8.803482342e-05,0.0001883356454,0.004186097533,0.007142857648,0,0,0,0,0.004299963359,0.006051349454,0,0,0.003440845758,0.001902960707,0.01354967803,0,0,0,0.005691442639,0.007970831357,0.008678537793,0,0.00079141889,0.00140876323,0.005175063852,0.001301069628,0.005190379918,0,0.002380952239,0,0.01133079361,0.003588100895,0.003106274642,0,0.002765274607,0.001567935687,0.004862003494,0,0,0.006355338264,0.000128802887,0.002380952472,0.0003655765613,0.003997579683,0.02448072284,0,0.0001687693584,8.890782919e-05,0.0001102675233,0.0006522432086,0.00124375266,0.0003558758472,0.0007050354034,0.02028915845,0.03487436846,0.05308520794,0.04694508389,0.009558536112,0.01036513504,0.0006282354589,0.03478796408,0.004897017963,0.01271757018,0.01391765568,0.01809483767,0.05424195156,0.01345390733,0.06855458021,0.01128502376,0.02777554467,0.001269782078,0.004104411695,0.0100419512,0.014295673,0.009047836065,0.7443796396,0.1069907621,0.01298623905,0.02815296873,0.005026927684,0.01235572528,0.4488990605,0.03471592814,0.04860794917,0.01670148969,0.009906020015,0.01562468614,0.006864946336,0.005028957967,0.01302003209,0.02517857216,0.007040398195,0.001723576337,0.008390192874
96,0.01331978384,0.008658679202,0.008134204894,0.03396072984,0.04738442227,0.1190411448,0.02217620239,0.02013936825,0.001774926088,0.0005387855927,0.01631994732,0.0132375164,0.001302044024,0.006361226086,0.002788899234,0.01432323828,0.009447230957,0.001207879279,0.006543931086,0.004167053383,0.002353647491,0.001199308666,0,0,0.005562765524,0.003025558079,0,0,0.002380952472,0,0,0,0,0,0,0,0.002380952472,0,0,0.002380952472,0,0.002380952239,0,0.0003555591975,2.136003241e-05,0.000518583518,0.0003372257925,0.0001480251376,0.0003386853496,0.0004107503919,0.0004101139202,0.01037290692,0.002380952472,0,0,0.001260666759,0,0.009342638776,0.006701955572,0.001284097205,0,0.006376500707,0.004159663338,0.03612627834,0,0,0.002380952239,0,0.007512992714,0.005203344859,0.002380952472,0,0.004743583966,0.008700683713,0.004272890743,0.002912775846,0,0,0.002380952239,0.008783699013,0,0.00596673321,0.002380952472,0.0008532837383,0,0.001817130018,0,0,0.005305557046,0,0,0.0002227831865,0.009107548743,0.02923522517,0.0001687693584,0,0.001730825868,0.0001876053429,3.769844989e-05,0.004162459169,0.001011621323,0.0001695207902,0.02814207412,0.02005923167,0.06873731315,0.05523935333,0.02266862988,0.02210236154,0.003441602457,0.03571594134,0.00408114586,0.006639173254,0.018641904,0.0167311877,0.0760749951,0.03057275154,0.09412935376,0.02042536996,0.04066961259,0.0004995298805,0.003540212288,0.001533687348,0.01910282858,0.007242422085,0.7616273761,0.1599344909,0.02386406623,0.04553936794,0.00328246993,0.004030385986,0.5786677003,0.07114645839,0.08149965107,0.03265431896,0.01294670533,0.02380158938,0.0049170563,0.005780113395,0.009454164654,0.03111753613,0.02028036118,0.0005781658692,0.004296313506
97,0.001627299818,0.002715569921,0.001255780808,0.006333845668,0.04061940312,0.03106002323,0.008802634664,0.001589723397,0.0006262801471,0.002380952472,0.001449154573,0.001427023904,0.0003461913147,0.001531047164,0.001446965849,0.001934904372,0.001167066628,0,0.0003242354724,0,0.0007079086499,0,0,0,0,0,0,0,0,0,0,0,0,0,0,0,0,0,0,0,0,0,0,0,1.194156084e-05,0,0,0.0001313265966,6.771623157e-05,8.679150596e-06,5.232415333e-06,7.756271225e-05,0,0,0,0,0,0.004761904944,0,0,0.002380952472,0.0006361523992,0.0004469137348,0.002735494869,0,0,0,0.0003661168157,0.000203921285,0.002885596827,0.0006517380243,0,5.356356633e-05,0.00307466439,0.0003357036039,0.001017724862,0,0,0,0.001139074797,0.001532088616,0.0003009228676,0,0.0002633119293,0,0,0,0,0.001551988069,0,0,1.079765025e-05,0.0008820132934,0.05193773285,8.890782919e-05,0.001730825868,0,4.724899918e-05,0.0008530621999,0.0001732837263,2.978446901e-05,0.0002902836422,0.006255474873,0.01457475126,0.03285413235,0.02598392777,0.002062262269,0.003385139164,0.0004935581819,0.02493488602,0.002094353549,0.003099828726,0.007518252824,0.002538930858,0.02794480883,0.01197007112,0.04111298174,0.00664957799,0.01333662495,0.001026733313,0.000388528133,0.002951867878,0.01183052454,0.007176872343,0.8014061451,0.07656522095,0.005540442653,0.01273485087,0.00147794676,0.002402921906,0.314917922,0.01441731304,0.02098973282,0.01170493569,0.01006212458,0.009522300214,0.004491368309,0.003657038556,0.00235634367,0.01459341217,0.005141943693,0.0003970445832,0.007040292956
98,0.002107324079,0.004880229477,0.001518326113,0.01028988604,0.03590928763,0.04340365157,0.009072104469,0.002141526435,0.000334675482,0,0.001919045579,0.004814160056,0.000206972225,0.006382199004,0.002989093075,0.003920073621,0.0009580189362,0,0.0001846577798,0.001004320686,0.0006847822224,0.002380952472,0,0,0.003632362001,0,0.001064679585,0,0,0,0.002380952239,0,0,0,0,0,0,0,0,0.002380952472,0,0,0,0.0001241422142,0,0,0,6.953091361e-05,1.065388824e-05,5.983904339e-05,5.832951501e-06,0.0003638728813,0,0,0,0,0,0.001749341376,0.003936478868,0,0,0.002380952472,0.0003509301168,0.002882872941,0,0,0.0009077587165,0,0,0.004051037598,0,0,0.001381270122,0.0001187010421,0.0002973430092,0,0,0,0,0.001577490009,0.0006377918762,0.0003455985279,0,3.453209865e-05,0,0.0001035924361,0,0,0.001095974352,0,0,2.869393575e-05,0.0006229037535,0.07516235113,0.0001102675233,0.0001876053429,4.724899918e-05,0,0.0001012017601,0.005586263258,5.891919864e-05,2.872594087e-05,0.008758405223,0.01562015805,0.04322069511,0.03465922922,0.01077379286,0.007010247093,0.004302451387,0.02160055377,0.005481706001,0.00774422707,0.01043141261,0.01803040132,0.056722451,0.01045018528,0.04305488244,0.008560427465,0.02188077942,0.001100491616,0.004065203946,0,0.00582054304,0.005227423273,0.8224774003,0.0938353464,0.01695138961,0.02243758552,0.001659197267,0.002260355977,0.3601777852,0.01723074913,0.03055071458,0.0236150492,0.009878621437,0.01311092917,0.004839804024,0.00575033715,0.00627814373,0.02271101438,0.002666217973,0.0002851087775,0.002586887451
99,0.004980143625,0.002875086619,0.003702480346,0.01024962496,0.05591887608,0.1405211389,0.007443389855,0.007475917228,0.0003194465535,0,0.002057106467,0.007957365364,5.84013178e-05,0,0.0008854232728,0.002596825827,0.002093459712,0.002380952239,0,0,0.002027589828,0.002380952472,0.002380952472,0,0.002380952472,0,0,0,0,0,0,0.0005865747808,0,0,0,0,0,0,0,0,0,0,0,1.471076303e-05,1.986879579e-05,0.000659396057,1.449519277e-05,3.202514335e-06,3.850620487e-06,0,3.937747169e-05,0.0003059149021,0,0,0,0,0,8.473460184e-05,0.0002494513465,0,0,0,0.000602131593,0.002130569424,0,0,0,0.002342397813,0.000262082991,0.003439277178,0.002860422013,0,0,0.00150910113,0.000998676056,0.0005941768177,0,0,0.002380952472,0.0002960506536,0,0.0003093530831,0,0,0,0.0003132953425,0,0,0,0,0,2.781803414e-05,0.0006530017708,0.08984395862,0.0006522432086,3.769844989e-05,0.0008530621999,0.0001012017601,0,0.006074788049,0.0002561098954,5.384203632e-06,0.006193752401,0.006598747801,0.03344329447,0.04812570661,0.008587372489,0.001972754486,0.009121393785,0.02530970983,0.0008609704673,0.005720653106,0.002128195716,0.01061564218,0.04413281381,0.0109524643,0.03817576915,0.01241854765,0.004685824737,0.002380952239,4.536549022e-05,0.003152879188,0.00098745164,0.007332606241,0.8712083697,0.1384667903,0.005249451846,0.03019816615,9.736624634e-05,0.0001098220891,0.4700717926,0.03390841559,0.04879206046,0.01928503998,0.01108185481,0.01237396151,0.000388697983,0.003544664476,0.0009503486799,0.02745523304,0.001395734493,2.545024654e-05,0.000279021624
100,0.00404325733,0.00159618794,0.00211614999,0.00389075838,0.07352672517,0.06258932501,0.02307115123,0.00375012774,0.002746509155,0.0020698437,0.003931538668,0.01203582808,0.00157935929,0.006958726328,0.01190476213,0.006700784434,0.0009909052169,0.0006375054945,0.002849934623,0.002642126055,0.0007470919518,0,0,0,0.0005233284319,0,0,0,0,0,0,0,0,0,0,0,0,0,0,0.002380952472,0,0,0,0,0,0.0001626588928,0,0.0003287289583,0.0003996432642,0.0003900951124,0.0001344259654,0.002068696078,0.002380952239,0,0,0,0.001171058509,0.00508969184,0.0009927084902,0.002380952472,0.002380952239,0.001452669851,0.002038872102,0.005348044448,0.002380952472,0,0.002380952472,0,0.000302411936,0.004416049458,0,0,0.003697155276,0.006926844362,0.002477328293,0.002380952239,0,0,0,0.00482331682,0.0004296325787,0.001126011251,0.0001936483168,0,0,0,0,0,0.002259166213,0.0003178965999,0.0003662022355,9.268860595e-06,0.002038445324,0.02551997639,0.00124375266,0.004162459169,0.0001732837263,0.005586263258,0.006074788049,0,4.257288674e-05,0.0006827050238,0.002659438644,0.005540299695,0.009782806039,0.001829291577,0.0003758776875,0.001242681057,0.0001189704781,0.001993379556,0.0002385503612,0.0003798522521,0.001502506901,0.00116333086,0.002811352257,0.0003091742401,0.007407961413,0.008146709763,0.00191478373,0.001174469129,0.001597109484,0,0.0006074801786,0.01353407837,0.7138149142,0.04143431783,0.001018357463,0.002465673489,0.0006246754783,0.005577383563,0.3022189736,0.006646126974,0.0002413502807,0.0001098196444,0.01380058751,0.004002344795,0.005778316874,0.004527220502,0.002340340987,0.001184612513,0.0007266903413,0.002147777705,0.003766022855
101,0.001158922911,0.001563071855,0.000956587377,0.001859921613,0.05246872827,0.03524272144,0.01342673786,0.001095125685,0.0001651156053,0.00106988335,0.00040864927,0.004525513388,2.560264329e-05,0.002325850772,0.001504299929,0.0009253466851,0.0001265075844,0,0,8.125504246e-05,0.0005108580808,0,0,0,0,0.000170451749,0,0,0,0,0,0.002380952472,0,0,0,0,0,0,0,0,0,0,0,0,0,5.263350886e-06,0,1.083612278e-05,8.446951142e-06,1.557465839e-05,3.393586667e-06,9.010390204e-05,0,0,0,0,0,0.0004497513291,0.0003330621403,3.654545435e-05,0,0.0004089704016,0.0001338271686,0.0009344436112,0,0,0.0001423627691,0.002380952472,0.0001517073251,0.0007971336017,0.001222877647,0,0,0,2.415646122e-05,0.0009206833784,0,0,0,0.00148071337,0,0.0001122352551,0,0.0002280237386,0,9.995072469e-05,0,0,0.001044867444,0,0,2.221926843e-05,0.0002599834697,0.06818958372,0.0003558758472,0.001011621323,2.978446901e-05,5.891919864e-05,0.0002561098954,4.257288674e-05,0,2.183624019e-05,0.001554752933,0.002355292672,0.01172108389,0.0105717713,0.001851328532,0.001171494485,0.0004672805662,0.007908860222,4.754969632e-05,0.00150007871,0.001033840352,0.0006981178885,0.01086596213,0.002479503863,0.01474708878,0.006073209923,0.008246937767,0.0002646284993,0.003337921575,0.001425473602,0.002286363393,0.008286257274,0.8082652092,0.06808182597,0.0005832461757,0.005148410797,0.0001521989907,0.001797359437,0.2538767159,0.006763343234,0.008322726004,0.0009376686648,0.01423560362,0.006973526441,0.00390417641,0.006494400091,0.006615343969,0.006432518363,0.001062301337,7.682009164e-05,0.0006827823236
102,0.00103761605,0.0006671118317,0.000712738838,0.001302414574,0.06366623938,0.04970035329,0.007654555142,0.001217310433,0.0001178063467,0,0.0002403523686,0.001625402831,0,0.0005102239666,0.00256871758,0.0007372060791,0.0003564873477,0,0,0.0004136513453,0,0,0,0,0,0,0,0,0,0,0,0,0,0,0,0.0008954943041,0,0,0,0,0,0,0,0,2.871548531e-05,0,7.98957808e-06,0,0,3.975148047e-06,1.28206284e-06,5.241294639e-05,0,0,0,0,0,0.003334007459,0.0001595202339,0,0,0,1.73071785e-05,0.0004792895925,0,0,0,0,0,0.0004267902987,0,0,0,0,6.412999937e-05,0.0006503415643,0,0,0,0.0003813140502,0,3.140884291e-05,0,4.89714912e-05,0,0,0,0,0.0005174648832,0,0,3.894274869e-06,0.000143349811,0.1133211628,0.0007050354034,0.0001695207902,0.0002902836422,2.872594087e-05,5.384203632e-06,0.0006827050238,2.183624019e-05,0,0.0009670776781,0.001321561635,0.008440374397,0.007958667353,0.002072158502,0.0005849627196,0.002355707111,0.009025215171,7.728981291e-05,0.0007302485174,0.001429012744,0.0009759966051,0.008851933293,0.000405242492,0.01249020919,0.005154710263,0.006795237307,0.002380952472,0.0002147450577,0.0004454341251,0.002380952472,0.01269891113,0.8742266297,0.07830513269,0.0005675088032,0.006805988494,4.039126725e-05,0.0006313251797,0.2604754567,0.006229747552,0.01043965761,0.002424224978,0.01559210196,0.006286094896,0.0008889270248,0.001599211013,0.00152754446,0.002405316336,0.002643128857,1.749095645e-05,0.0001171596232
103,0.005785606336,0.001103014336,0.001046256861,0.001091059879,0.119631052,0.09589447081,0.01263781637,0.005713847931,0.0004277939152,0.0006110997638,0.0005590388901,0.003045528894,0.0001378164161,0.001151236007,0,0.001705667819,0.003239964135,0,0.0001555034687,0.001386393211,0,0,0,0,0,0.002380952472,0,0,0,0.002380952472,0,0,0,0,0,0,0,0,0,0,0,0,0,0.0005951208877,0,0.0002173436951,0.0007026350941,0.00227753981,0.000392954069,0.001971746096,0.0008107078029,0.0002107056353,0,0,0.0001841475605,0,0,0.0003164795635,6.092071635e-05,0.002273996826,0,0.0001837236196,0.0008695528959,0.0002624184126,0,0,0.000246034062,4.147294021e-05,0.0001534790936,4.466907194e-05,0,0.001493685879,0.000339604856,0.0002488240716,5.908242019e-05,0,0,0,0,0.0001264727907,0.0002075155498,0.0005238281447,0.002380952472,0.0004223544965,0,0.0003252462484,0,0,0.002572004916,0,0,0.001300504664,0.0006261104718,0.1074311584,0.02028915845,0.02814207412,0.006255474873,0.008758405223,0.006193752401,0.002659438644,0.001554752933,0.0009670776781,0,8.090166375e-06,4.032636571e-05,0.000723743462,0.0002066441812,8.40976063e-05,0.004748075269,0.0001597307564,0.0001963470713,2.498801405e-05,0.0001665410382,0.0001061634539,0.0003429896315,0.0003586993553,7.228869799e-05,0.002352510346,0.000135960232,0.0001480352221,0.0004010978446,0.000418948388,0.0004724605242,0.02258205414,0.8422957063,0.04582851753,0.0001928486017,0.0006043135654,0.000392489892,0.000570909935,0.05610387027,0.0004303707101,0.0001955701882,0.0006509266095,0.01375592221,0.0003120648907,0.003753106575,0.004532078281,0.0005863594124,0.0007319680299,0.0004090557632,0.0004346670175,0.000260788016
104,0.001385081327,4.997701035e-05,4.973604518e-05,0.000230700316,0.06920996308,0.04617710784,0,0.001080128946,0,0,0,0.0008694507997,0.0005784719251,0,0,0.0003578262113,0.0001093944811,0,0,0,0,0,0,0,0,0,0,0,0,0,0,0,0,0,0,0,0,0,0,0,0,0,0,0,0,0,0,0,0,0,0,0,0,0,0,0,0,0.0001933488675,1.4811043e-05,0,0,0,0.001611328917,0.0001882945508,0,0,0,0,0,0,0,0,0,0,0,0,0,0,0,0,0,0.000405615574,0,0,0,0,0,0,0,0,0,0.001311891479,0.00017296843,0.08083366603,0.03487436846,0.02005923167,0.01457475126,0.01562015805,0.006598747801,0.005540299695,0.002355292672,0.001321561635,8.090166375e-06,0,8.352575378e-07,5.413871986e-05,1.480726837e-06,0,0.004246108234,3.093616897e-06,0.0001141492612,0,0,1.886514951e-06,7.588349399e-05,2.413621951e-05,2.050703733e-05,0.0001777027355,8.788391824e-06,0,0,0,0,0.005709875375,0.8419126272,0.04075117409,9.401283751e-05,0.0001692220685,9.3349292e-05,0.0001663121511,0.09861448407,0.0007248131442,0.0005547128385,0.0004204474972,0.0009913166286,7.449639088e-05,0,0.0007734744577,0,0.0001262025035,0,0.0004499636416,0.000275015278
105,0.0008518075338,2.784400021e-05,7.782250759e-05,7.447441749e-05,0.05440199375,0.08716736734,0.009660199285,0.0009792047786,0.0003210009017,0,0.0008517471142,0.0005068047321,0,0.002380952472,0,0.001072849147,0.0006958597805,0,0,0,0,0,0,0,0.0006224191748,0.00014674454,0,0,0,0,0,0,0,0,0,0,0,0,0,0,0,0,0,0,0,0,0,0,0,0,0.002380952472,0.0005212056567,0,0,0,0,0,0,4.012481895e-06,0,0,0.0005576192052,0.003265471198,0.0002180189185,0,0,0,3.225440014e-05,0,0,0,0,0,0.0008679956081,0.001091714134,0.001253566938,0,0,0,0,0,0.0003587197571,0,0,0.002380952472,0,0,0,0,0,0,0.0005544838496,0.0001327917853,0.07483126968,0.05308520794,0.06873731315,0.03285413235,0.04322069511,0.03344329447,0.009782806039,0.01172108389,0.008440374397,4.032636571e-05,8.352575378e-07,0,6.006468539e-06,1.663185117e-06,4.256789907e-06,0.002864447655,1.483003302e-06,0.0003364881268,0,0.0004029316478,1.044587225e-05,2.150951696e-05,4.633366189e-06,2.621843305e-05,0.0005727574462,4.187553714e-06,0,2.799610957e-05,0.0007225937443,6.468965239e-07,0.01195441,0.846924603,0.03317163512,8.059960237e-05,9.135799337e-05,0.003431902267,0.0003465920745,0.1814624667,0.0007496944745,0.0006212305743,0.0007039881893,0.002015261212,7.481688954e-05,0.001369047444,0.002335200552,0,0.0001547170395,0,0.004102686886,0.001283083693
106,0.0004135520721,1.913544838e-05,0.0001200885526,5.277994205e-05,0.03706400469,0.1011703983,0.008818950504,0.0008344372618,0,0,0,0.0001779816957,0,0.001886967802,0,0.0005870985915,0.0006757909432,0,0,0.000951443275,0,0.0002742262732,0,0,0,0,0,0,0,0,0,0,0,0,0,0,0,0,0,0,0,0,0,0,0,0,0,0,0,0,0.0008213162655,0,0,0,0,0,0,0,0,0,0,0,0.001046183868,0.0004760514712,0,0,0,0,0,0,0,0,0,0,0,0.001261611353,0,0,0,0.001056691632,0,0,0,0,0,0,0,0,0,0,0,0.0009725175332,0.001062531723,0.05027389154,0.04694508389,0.05523935333,0.02598392777,0.03465922922,0.04812570661,0.001829291577,0.0105717713,0.007958667353,0.000723743462,5.413871986e-05,6.006468539e-06,0,1.020490117e-06,0,0.0009840942221,3.099455171e-06,0.0003863940365,0,0.0005667005898,1.923201853e-05,1.319541116e-05,2.647665269e-06,0.000100084435,0.002682615304,4.186824299e-05,0,0,0,0,0.01240499504,0.7687785625,0.02637954615,3.326153819e-05,5.781255095e-05,0.002051042626,0.0001147349685,0.2651680708,0.001157294726,0.0003959933238,0.0003169038973,0.01086136978,0.0003506327921,0,0.001472721808,8.599716239e-05,1.747543138e-05,0.0001371910912,0.009748416953,0.001488507376
107,2.643583321e-05,0,7.629291304e-06,1.321293894e-06,0.003228574293,0.01499754377,0.003468317213,2.376161683e-05,5.670930841e-05,0,5.536375465e-05,4.353756231e-05,0,0,0,0.0001131100289,0,0,0,0,0,0,0,0,0,0,0,0,0,0,0,0,0,0,0,0,0,0,0,0,0,0,0,0,0,0,0,0,0,0,0,0.00012707524,0,0,0,0,0,0,0,0,0,0,0.0001432506688,0,0,0,0,0,0,0,0,0,0,0,0,0,0,0,0,1.510412039e-05,0,0,0,0,0,0,0,0,0,0,0,0,0,0.01250243466,0.009558536112,0.02266862988,0.002062262269,0.01077379286,0.008587372489,0.0003758776875,0.001851328532,0.002072158502,0.0002066441812,1.480726837e-06,1.663185117e-06,1.020490117e-06,0,0,0.0003185139212,3.826499437e-07,1.04658111e-05,3.094296517e-07,0,1.103865202e-06,6.798326922e-06,0,0.000144469348,0.0001824502542,0,0,0,0,0,0.0007088773418,0.7414721251,0.03067017905,4.672419891e-06,0,7.099005597e-05,0.0001343155309,0.275418967,0.001729769865,0.0004472956352,5.818078353e-05,0.0005554860691,2.94577585e-05,0.002380952472,8.848821744e-05,0,2.583889227e-06,0,0.003327761311,0
108,7.315486528e-06,0,3.11931467e-06,0,0.002018581377,0.005833437201,0,9.750548998e-06,0,0,2.788211077e-06,0,0,0,0,0,0,0,0,0,0,0,0,0,0,0,0,0,0,0,0,0,0,0,0,0,0,0,0,0,0,0,0,0,0,0,0,0,0,0,0,0,0,0,0,0,0,0,0,0,0,0,0,0,0,0,0,0,0,0,0,0,0,0,0,0,0,0,0,1.125489462e-06,0,1.181737116e-05,0,0,0,0,0,0,0,0,0,0,0,0.03879119828,0.01036513504,0.02210236154,0.003385139164,0.007010247093,0.001972754486,0.001242681057,0.001171494485,0.0005849627196,8.40976063e-05,0,4.256789907e-06,0,0,0,0.002089503687,0,1.366611741e-05,0,0,1.068714369e-06,3.867224223e-06,0,5.463916023e-05,0.0001384411007,6.950031093e-06,0,0,0,0,0.001452879165,0.856687963,0.04352913052,0,0,6.708382716e-05,1.220803824e-06,0.2204535455,0.002044168301,0.001897763112,0.0001659154368,0.0001479863131,1.777822945e-06,0,8.540247654e-05,5.625131053e-06,1.627143138e-05,0,0.0001098526263,0
109,0.02295319922,0.003880310571,0.008710805327,0.01056466158,0.1561424285,0.1843888164,0.05558291078,0.02633713,0.003129819874,0.003038676223,0.01100756042,0.02154055238,0.005972527433,0.02406621538,0.01803583093,0.02167531289,0.01315974351,0.003635143628,0.007327317726,0.007136673201,0.007321421988,0.007394690998,0.002380952239,0.00141594687,0.007142857648,0.005251169205,0.004168870859,0,0.002380952239,0.001976137282,0,0.004019869491,0.004761904944,0,0,0.002380952472,0.002380952472,0,0,0.007142857648,0,0.002380952472,0,0.001285069622,9.736797074e-05,0.0001358271693,0.001399307745,0.0004514346365,0.000918595586,0.0009064439801,0.001182421576,0.003033760237,0.000546182564,0,0.001257618773,0,0,0.006259823218,0.002313616686,0.001746477443,0.001745760208,0.002191164531,0.002374484669,0.009297513403,0.0003197770566,0.0005095400265,0.002343891421,0.002289964352,0.001980289817,0.00468276348,0.0004992976901,0.003996159881,0.00534129655,0.002712185727,0.001490667113,0.003258259036,0.00127464463,0,0.0001654716907,0.004112204071,0.0004298221902,0.003822857747,0.0001547970605,0.0003320144315,0.0006649725256,0.001081119524,0,0,0.005064528435,0.003184775123,2.260053952e-05,0.0008154932293,0.003997518681,0.01709721424,0.0006282354589,0.003441602457,0.0004935581819,0.004302451387,0.009121393785,0.0001189704781,0.0004672805662,0.002355707111,0.004748075269,0.004246108234,0.002864447655,0.0009840942221,0.0003185139212,0.002089503687,0,0.0009557038429,0.0009944371413,0.0003518735757,0.004717316013,0.00182843348,0.001478002639,0.0004940475919,0.00345605053,0.01846867613,0.003025445854,0.001588742831,0.003136112122,0.001734595513,0.00118517736,0.02237255685,0.5202869177,0.02107568085,0.001036477392,0.001012544264,0.003661876777,0.006307005417,0.4576129615,0.01054943074,0.0008468080196,0.0004454108421,0.0216285754,0.002922340296,0.01469116937,0.006742100231,0.002376444405,0.0005004063714,0.0003855960094,0.005006729625,0.005485202186
110,0.0003754506761,8.9885536e-05,0.0002009766904,4.034765516e-05,0.03998873755,0.04802700877,0,0.0006437245756,0,0,0,0.000827744836,0,0,0,0.002336711157,0.0002164088946,0,0,0,0,0,0,0,0,0,0,0,0,0,0,0,0,0,0,0,0,0,0,0,0,0,0,0,0,0,0,0,0.005922931712,0,0,0,0,0,0,0,0,0,0,0,0,0,0.0009137660381,6.614589802e-05,0,0,0,0,0,0,0,0,0,0,0,0,0,0,0,0,0,4.359483501e-05,0,0,0,0,0,0,0,0,0,0,0.0006290426245,0.04463843629,0.03478796408,0.03571594134,0.02493488602,0.02160055377,0.02530970983,0.001993379556,0.007908860222,0.009025215171,0.0001597307564,3.093616897e-06,1.483003302e-06,3.099455171e-06,3.826499437e-07,0,0.0009557038429,0,4.391153198e-05,0,0,1.999770939e-05,2.69863649e-05,2.883765228e-05,2.015612699e-05,0.00226427149,5.731578858e-05,0,0.002380952472,0,0,0.007823965512,0.7916356921,0.02702410705,2.995376235e-06,4.55578629e-05,0.001702518668,0.002380952472,0.2261312902,0.0009500968154,0.001023663091,0.0001586656872,0.00404267991,8.635924314e-05,0,0.002080490347,0.0001607919985,8.69857322e-05,0.0005051828921,0.006643516012,0.0006659333012
111,0.0004585029383,0.0003085790086,0.0003079326125,0.0004359664163,0.03242121264,0.02898933925,0.01216894854,0.0005671213148,0.0001122530884,0.0004114465555,7.866468513e-05,0.0002843791444,2.141812729e-05,0.001779023325,0,0.0002747624821,0.0001885464881,0,3.171638309e-05,0.00010166227,0,0,0,0.002380952472,0.0004793604312,0.0001928055281,0,0,0,0.0001415421284,0,0,0,0,0,0,0,0,0,0,0,0,0,0.0001708197378,0.0003331095795,8.425849228e-05,0,0,7.185572485e-06,2.771102299e-05,1.689607961e-05,0,0,0,0,0,0,6.303266127e-05,4.009164695e-05,0,0,0.0002036061778,3.080475653e-05,6.97242067e-05,0,0,1.934070133e-05,2.765626778e-05,7.31484979e-05,0,0,0,6.506678619e-05,6.465395472e-06,7.759732398e-06,0.001045549405,0,0,0,1.613143286e-05,0,3.87758555e-05,0,7.101725714e-06,0,0,0,0,0.0005759096239,0.0001696810214,0,5.86619135e-05,5.449160017e-05,0.08394774795,0.004897017963,0.00408114586,0.002094353549,0.005481706001,0.0008609704673,0.0002385503612,4.754969632e-05,7.728981291e-05,0.0001963470713,0.0001141492612,0.0003364881268,0.0003863940365,1.04658111e-05,1.366611741e-05,0.0009944371413,4.391153198e-05,0,1.414150574e-06,9.402959222e-06,6.065910384e-06,0.001073930645,2.180979754e-05,0.0005426346324,0.002961136401,0.001132284757,7.50924155e-05,3.971120896e-05,3.903326797e-05,3.434652172e-05,0.00655135978,0.8396508098,0.05993368104,1.471434416e-06,0.001004709513,1.41685714e-05,9.415472596e-05,0.2279800177,0.002849695273,0.001761049149,4.701204307e-05,0.01185504068,0.001547209453,0.001374026528,0.002587073017,0.0008241061005,0.0002331641736,2.192184866e-06,6.297913933e-05,6.85632549e-05
112,0.000101568643,0,5.370078725e-06,6.784434663e-05,0.01630068384,0.01587272435,0,0.0002023620909,0,0,0,0.0005222056643,0,0,0,0.0003848143388,0.0001523965038,0,0,0,0,0,0,0,0,0,0,0,0,0,0,0,0,0,0,0,0,0,0,0,0,0,0,0,0,0,0,0,0,0,0,0,0,0,0,0,0,0,0,0,0,0,0,0,0,0,0,0,0,0,0,0,0,0,0,0,0,0,0,0,0,0,0,0,0,0,0,0,0,0,0,0,0,0.01694933884,0.01271757018,0.006639173254,0.003099828726,0.00774422707,0.005720653106,0.0003798522521,0.00150007871,0.0007302485174,2.498801405e-05,0,0,0,3.094296517e-07,0,0.0003518735757,0,1.414150574e-06,0,0,0,4.427701242e-06,0,7.545677818e-06,0.0007166158757,9.573699936e-05,0,0,0,0,0,0.6732057333,0.03796330467,1.633576403e-07,0,0.002380952239,0,0.2350222319,0.0009353635251,9.284583939e-06,1.778321894e-05,0.0001497632038,0,0,0,0,0,0,0,0
113,0.0002133335802,0.0001790428651,0.0002092072536,0.0001748831564,0.01816611178,0.02361811511,0.0006469636573,0.0004490178544,2.133937232e-05,0,0,0.0001455210877,0,0.0002104645537,0.0005394098116,8.572883235e-05,0,0,0,0,0,0,0,0,0,0,0,0,0,0,0,0,0,0,0,0,0,0,0,0,0,0,0,0,0,0,0,0,0,0,0,0,0,0,0,0,0,0,1.022723836e-06,0,0,0,0,2.451974979e-06,0,0,0,0,0,1.976844715e-06,0,0,1.419778164e-05,7.638074749e-06,3.365201701e-05,0,0,0,0,4.351992538e-05,0,1.185340079e-05,0,0,0,0,0,0,0,0,0,1.186627105e-05,2.05065262e-05,0.08607898653,0.01391765568,0.018641904,0.007518252824,0.01043141261,0.002128195716,0.001502506901,0.001033840352,0.001429012744,0.0001665410382,0,0.0004029316478,0.0005667005898,0,0,0.004717316013,0,9.402959222e-06,0,0,2.992306008e-06,0.0004472735163,7.352809007e-06,0.0004017137398,0.002608376555,0.0001123506881,0,0,1.267978291e-06,4.711823294e-06,0.001234896015,0.8909150958,0.06770270318,3.181666034e-05,0.0004301753943,2.621614385e-06,6.760657016e-06,0.2318686247,0.002987564774,0.004597363062,0.0003514761047,0.005869731773,0.0005828616559,0,0.0003172999714,1.001522287e-05,0.0002344860259,4.196427835e-05,0.0001666867174,4.746842478e-06
114,5.811558731e-05,3.589171001e-06,4.643268403e-05,2.454208334e-05,0.006405080669,0.01772449166,0.002777579473,9.404716548e-05,0,0,5.000885722e-05,3.629412458e-05,0,0,0,0.0001438980835,0,0,0,0,0,0,0,0,0,0,0,0,0,0,0,0,0,0,0,0,0,0,0,0,0,0,0,0,0,0,0,0,0,0,0,0,0,0,0,0,0,0,2.407761713e-06,0,0,0,2.570451579e-05,7.113295851e-06,0,0,0,0,0,0,0,0,0,0,0,0,0,0,0,0,0,2.6850837e-06,0,0,0,0,0,0,0.0005354445893,0.000105733292,0,0,3.731303877e-06,0.03056724742,0.01809483767,0.0167311877,0.002538930858,0.01803040132,0.01061564218,0.00116333086,0.0006981178885,0.0009759966051,0.0001061634539,1.886514951e-06,1.044587225e-05,1.923201853e-05,1.103865202e-06,1.068714369e-06,0.00182843348,1.999770939e-05,6.065910384e-06,0,2.992306008e-06,0,4.710242501e-05,0,0.0001264403691,0.0007408646052,5.425010022e-05,0,0,0,1.631354849e-06,0.007870466448,0.8483549953,0.05183286592,5.811508572e-07,0.0004060358624,0.0002822376264,1.010298911e-05,0.191656515,0.00204401766,0.0007696953253,0.0001057975242,0.004086577799,0.0002952916257,0,0.001709499047,4.894882659e-05,2.183415745e-05,0,2.998304444e-05,0.0001053279484
115,0.001225484302,8.368574527e-06,0.0003085263597,0.0001744026958,0.07529468089,0.1245267913,0.01528843958,0.00265793642,4.012223872e-05,7.010814443e-05,0.0001749024959,0.0003636190086,0.0007296620752,0.00135326176,0.001739959116,0.0007911708672,0.0006411561044,0,0,0,0.002380952472,0.0002634484554,0,0,0,0,0,0.0008696503355,0,0,0,0,0,0,0,0.002380952472,0,0,0,0,0,0,0,0,0,0,0,0,0.002380952239,0,0.001486188034,0,0,0,0,0,0,0,0,0,0,0.0002646268695,0.0008175105904,0.000152206514,0,0,0,0,0,0,0,0,0.003388496349,0.0007662633434,0,0,0,0,0,0.003417878412,0,0.001447022543,0,0,0,0,0,0,0.0003926354402,0,0,0,0.002065633424,0.07392917573,0.05424195156,0.0760749951,0.02794480883,0.056722451,0.04413281381,0.002811352257,0.01086596213,0.008851933293,0.0003429896315,7.588349399e-05,2.150951696e-05,1.319541116e-05,6.798326922e-06,3.867224223e-06,0.001478002639,2.69863649e-05,0.001073930645,4.427701242e-06,0.0004472735163,4.710242501e-05,0,3.352568228e-06,0.0001831136033,0.004972324707,8.035713108e-06,0,1.879711454e-05,0,0,0.018118212,0.8094819784,0.0288770888,9.832422802e-05,2.519606369e-06,0.002984039951,0.0008922819397,0.2383718491,0.001527346671,0.0005422190879,0.000587671937,0.004129930865,1.430111934e-05,0.001536865253,0.0002739549673,1.134207923e-05,4.275449101e-06,0,0.003413948929,0.001405344694
116,2.295643026e-05,1.182235565e-06,9.710498489e-06,6.111418429e-07,0.007035772782,0.03826746717,0.0008720952319,4.573787373e-05,0,0,2.965913882e-05,3.021456905e-06,0,0,0,0.0001291646913,0,0,0,0,0,0.0002094443771,0,0,0,0,0,0,0,0,0,0,0,0,0,0,0,0,0,0,0,0,0,0,0,0,0,0,0,0,0,0,0,0,0,0,0,0,0,0,0,0,0,0,0,0,0,0,0,0,0,0,0,0,0,0,0,0,0,0,0,0,0,0,0,0,0,0,0,0,0,0,0,0.03031168506,0.01345390733,0.03057275154,0.01197007112,0.01045018528,0.0109524643,0.0003091742401,0.002479503863,0.000405242492,0.0003586993553,2.413621951e-05,4.633366189e-06,2.647665269e-06,0,0,0.0004940475919,2.883765228e-05,2.180979754e-05,0,7.352809007e-06,0,3.352568228e-06,0,0.0003020027361,0.000681221718,0,0,0,0,0,0.003184535541,0.7591422796,0.03263238817,4.663886102e-06,3.048689905e-06,0,0.0004648103786,0.2681476772,0.002075809985,0.0007436128799,8.505155711e-05,0.001351888641,4.841521513e-05,0,8.677499136e-05,0,7.219109079e-07,0,0.0005588294589,0.0001095982079
117,0.003536484204,0.0004254580417,0.0009713476757,0.001528261346,0.08767051995,0.1001385972,0.01555053797,0.004109059926,0.0004872252757,0.0003098489251,0.002802259289,0.004646329209,0.001702331589,0.01165008266,0,0.002672972158,0.0003012896632,0.0006875946419,0.000394577306,0.002380952472,0,0,0,0,0.0006780669792,0.001189676696,0,0,0.0007332990644,0,0,0,0,0,0,0,0,0,0,0,0,0,0,0.004009741824,0.002380952472,0.0007076650509,0.002380952472,0,0.003304364625,0.005024624057,0.002436074894,6.530081737e-05,0,0,0,0,0,4.514874672e-05,2.844818118e-05,0.004761904944,0,0.000193750544,0.0009988292586,0.0005216240534,0,0,0.000616549456,0.0002189416991,0.0001020938362,5.863186016e-05,9.544567729e-05,0.002380952472,0.001058992231,4.157948206e-05,6.257010682e-05,0.002380952239,0,0,0,0.0002132751833,0.0002057153033,0.001164606423,0,0,0,2.00444174e-05,0,0,0.002380952239,0.001289121225,0,0.0008706585504,0.0005824428517,0.09009993821,0.06855458021,0.09412935376,0.04111298174,0.04305488244,0.03817576915,0.007407961413,0.01474708878,0.01249020919,7.228869799e-05,2.050703733e-05,2.621843305e-05,0.000100084435,0.000144469348,5.463916023e-05,0.00345605053,2.015612699e-05,0.0005426346324,7.545677818e-06,0.0004017137398,0.0001264403691,0.0001831136033,0.0003020027361,0,0.004916303791,0.000121333549,0.0003326788719,0.002949408488,2.121458238e-05,0.0002126691543,0.01300753932,0.8621242046,0.03046640381,4.271171929e-05,0.0003899053263,0.001793878735,0.001769268769,0.1819280386,0.0006537859445,0.0001329431834,0.0001903118537,0.01111080498,0.0004315070692,0.001551042893,0.003212096402,0.0004094922042,0.0003247870773,0.0004552700266,0.006162697449,0.001889415667
118,0.02143938094,0.002507516183,0.009172852151,0.01218939479,0.1146380305,0.2468498498,0.03660339862,0.02411604486,0.004358718172,0.00231185602,0.006739942357,0.01444515865,0.003940504976,0.01652263664,0.00949891191,0.009025060572,0.01417428069,0.007937015966,0.01049239375,0.008887261152,0.01298604533,0.004211469088,0.001233981573,0,0.00121732289,0.006215058267,0.0001360252354,0.00305478205,0,0.0009219653439,0,0,0,0,0,0,0,0,0,0,0.002380952472,0,0,0.005647835322,0.000897648395,0.00146684621,0.003042679513,0.003379265778,0.003700717352,0.001368412049,0.003946764395,0.002923299326,0.001767046168,0.002380952472,0,0.000458218361,0.001711084391,0.002695149276,0.001099528046,0.005106547382,0.001054784283,0.002899371786,0.004331357311,0.004319300875,0.000333742064,0.001092021237,0.001995347673,0.002480973722,0.00361048989,0.003692607163,0.0006101084873,0.002000197303,0.008840736933,0.002639915328,0.001914806548,0.001564852078,0,0.0004110161972,0.0002435151255,0.004066339228,0.0004453196598,0.004302226938,0.004147409461,0.002676673001,0.004886159673,0.0036069036,0.0009061375167,0.00157732598,0.00223118579,0.0008034930215,0.001279249438,0.00537328748,0.003496861318,0.1077548191,0.01128502376,0.02042536996,0.00664957799,0.008560427465,0.01241854765,0.008146709763,0.006073209923,0.005154710263,0.002352510346,0.0001777027355,0.0005727574462,0.002682615304,0.0001824502542,0.0001384411007,0.01846867613,0.00226427149,0.002961136401,0.0007166158757,0.002608376555,0.0007408646052,0.004972324707,0.000681221718,0.004916303791,0,0.0002087313624,0.0005831978633,0.0002756178437,0.0009865602478,0.0005669263192,0.01422634255,0.6365066767,0.1267404258,0.002402730985,0.004542862065,0.003927195445,0.004520799499,0.2065308094,0.02140956931,0.01462391578,0.007081336807,0.008809871972,0.003055872396,0.00872934144,0.005888202228,0.0005488486495,0.003971470054,0.0004582850088,0.004519536626,0.003932194319
119,0.0003674549516,3.69898089e-06,6.131137343e-05,3.964164353e-05,0.05457025766,0.07209023088,0.005728982855,0.00146027212,8.720110782e-05,0,0.0004921054933,0.0001097475106,0,0,0,0.00207353523,0,0,0,0,0,0,0,0,0,0,0,0,0,0,0,0,0,0,0,0,0,0,0,0,0,0,0,0,0,0,0,0,0,0,0,0,0,0,0,0,0,0,0,0,0,0.000519992318,0.001212642761,0.0001137891595,0,0,0,0,0,0,0,0,0,0,0,0,0,0,0,6.548886449e-05,0,0,0,0,0,0,0,0,0,0,0,0,0,0.1010866538,0.02777554467,0.04066961259,0.01333662495,0.02188077942,0.004685824737,0.00191478373,0.008246937767,0.006795237307,0.000135960232,8.788391824e-06,4.187553714e-06,4.186824299e-05,0,6.950031093e-06,0.003025445854,5.731578858e-05,0.001132284757,9.573699936e-05,0.0001123506881,5.425010022e-05,8.035713108e-06,0,0.000121333549,0.0002087313624,0,0,0,0,0,0.002128801309,0.8418660164,0.03494321555,0.0001648639154,1.05238214e-05,0.002714218805,0.0007149060257,0.2099773884,0.001316459966,0.000632357318,0.0006344611174,1.58107905e-05,1.952085995e-06,0.0005184746697,4.145521962e-05,6.581524303e-07,3.332458846e-06,0,0.0002663500491,0.0001510516013
120,1.810448884e-05,0,6.257462246e-07,7.61353067e-06,0.0185867697,0.01336875651,0.001428815071,0.0001675355161,0,0,0,0,0,0,0,0,0,0,0,0,0,0,0,0,0,0,0.001530137728,0,0,0,0,0,0,0,0,0,0,0,0,0,0,0,0,0,0,0,0,0,0,0,0,0,0,0,0,0,0,0,0,0,0,0,0,0,0,0,0,0,0,0,0,0,0,0,0,0,0,0,0,0,0,0.0001430904958,0,0,0,0,0,0,0,0,0,0,0,0.06898275763,0.001269782078,0.0004995298805,0.001026733313,0.001100491616,0.002380952239,0.001174469129,0.0002646284993,0.002380952472,0.0001480352221,0,0,0,0,0,0.001588742831,0,7.50924155e-05,0,0,0,0,0,0.0003326788719,0.0005831978633,0,0,0,0,0,0.002380952472,0.7644691467,0.03622149304,0,0,0,0,0.2799136937,0.001670448575,0.0004671352508,0.0003339303657,3.423779344e-05,3.477641144e-07,0,0,0,0,0,0,0
121,2.746048995e-05,2.31944e-06,1.276841977e-05,9.021900951e-06,0.1611002535,0.1121155545,0,0.0003236654447,0,0,0,1.589983731e-05,0,0,0,0,5.463793059e-05,0,0,0,0,0,0,0,0,0,0,0,0,0,0,0,0,0,0,0,0,0,0,0,0,0,0,0,0,0,0,0,0,0,0,0,0,0,0,0,0,0,0,0,0,0,0.0003479517181,0.0001877440081,0,0,0,0,0,0,0,0,0,0,0,0,0,0,0,0,0,0,0,0,0,0,0,0,0,0,0,0,0,0.148084864,0.004104411695,0.003540212288,0.000388528133,0.004065203946,4.536549022e-05,0.001597109484,0.003337921575,0.0002147450577,0.0004010978446,0,2.799610957e-05,0,0,0,0.003136112122,0.002380952472,3.971120896e-05,0,0,0,1.879711454e-05,0,0.002949408488,0.0002756178437,0,0,0,0,0,3.695220812e-06,0.949801147,0.04501145706,0,0,2.356608093e-05,0,0.340211004,0.004095781595,0.001438939595,0.001118334243,9.794285143e-05,0,0,0,0,1.742104723e-05,0,4.662349966e-06,0
122,4.223299402e-05,0,4.335322228e-05,9.761894034e-06,0.02705967426,0.005287784617,0,0.0001713936945,0,0,0,0,0,0,0,0,0,0,0,0,0,0,0,0,0,0.00146131136,0,0,0,0,0,0,0,0,0,0,0,0,0,0,0,0,0,0,0,0,0,0,0,0,0,0,0,0,0,0,0,9.954111192e-06,0,0,0,0,0,0,0,0,0,0,0,0,0,0,0,0,0.002380952472,0,0,0,0,0,0,6.236020999e-05,0,0,0,0,0,0,0,0,0,0,0,0.08747157454,0.0100419512,0.001533687348,0.002951867878,0,0.003152879188,0,0.001425473602,0.0004454341251,0.000418948388,0,0.0007225937443,0,0,0,0.001734595513,0,3.903326797e-05,0,1.267978291e-06,0,0,0,2.121458238e-05,0.0009865602478,0,0,0,0,0,0,0.7757335901,0.03748423234,0,0,0.0001090134901,0,0.1975612193,0.0009448558558,0.0001777023572,0.0005024460843,0.0001453320874,0.000317951577,0,9.39816091e-05,0,0,0,0,0
123,1.020392574e-05,0,5.653525932e-06,4.622762901e-07,0.01983956061,0.03371350467,0,4.461886056e-05,0,0,0,0,0,0,0,0,0,0,0,0,0,0,0,0,0,0,0,0,0,0,0,0,0,0,0,0,0,0,0,0,0,0,0,0,0,0,0,0,0,0,0,0,0,0,0,0,0,0,0,0,0,0,0,0,0,0,0,0,0,0,0,0,0,0,0,0,0,0,0,5.813026655e-05,0,0,0,0,0,0,0,0,0,0,0,0,0,0.1337869465,0.014295673,0.01910282858,0.01183052454,0.00582054304,0.00098745164,0.0006074801786,0.002286363393,0.002380952472,0.0004724605242,0,6.468965239e-07,0,0,0,0.00118517736,0,3.434652172e-05,0,4.711823294e-06,1.631354849e-06,0,0,0.0002126691543,0.0005669263192,0,0,0,0,0,0.0003386646567,0.8424755335,0.02904369682,3.087172809e-05,0,1.521823197e-05,0,0.2604597807,0.00117338961,0.0009695002227,0.000337303587,0.0004192144843,2.679815907e-06,0,0.0001056599576,0,0,0,0,4.382191946e-06
124,0.005313441157,7.142264167e-06,8.267028898e-05,0.001695530955,0.05286252871,0.03218798712,4.217889909e-06,0.004032503814,0.001641266979,0,0.000163251636,0,0,0,0,0.0008915433427,0.0004329543444,0,0,0,0,0,0,0,0,0,0.002380952239,0,0,0,0,0,0,0,0,0,0,0,0,0,0,0,0,0,0,0,0,0.0007195026847,0.001349109225,0,0.002179376548,0.002904451685,0,0.002380952472,0,0,0,0.000533799408,0,0,0,0,0.003521679901,0.009380531497,0,0,0,0.001406616648,0,0,0.0006800192641,1.44172202e-06,0,0.002380952472,0.005499736872,0,0,0,0,7.136309432e-05,0,0.006998898461,0,0,0,0,0,0,2.675138376e-06,0,0.0006976948353,0.001940882183,0.001558450167,0.1068160608,0.009047836065,0.007242422085,0.007176872343,0.005227423273,0.007332606241,0.01353407837,0.008286257274,0.01269891113,0.02258205414,0.005709875375,0.01195441,0.01240499504,0.0007088773418,0.001452879165,0.02237255685,0.007823965512,0.00655135978,0,0.001234896015,0.007870466448,0.018118212,0.003184535541,0.01300753932,0.01422634255,0.002128801309,0.002380952472,3.695220812e-06,0,0.0003386646567,0,0.8365560174,0.1600073725,0.008315051906,0.002982110251,0.001258264645,0.000185889774,0.6377229691,0.02890230902,0.0266372934,0.01297471579,4.748901483e-05,1.160019656e-05,3.16751516e-06,9.31996783e-06,2.61313362e-05,0.01206916664,0.002380952472,0.0005735527375,5.781316941e-05
125,0.9526076317,0.8677797318,0.920507431,0.8780212998,0.8763546348,0.7951974869,0.910462141,0.947129786,0.8632602692,0.6832885742,0.9001210928,0.8633481264,0.894664526,0.8339115381,0.7082676291,0.8857924938,0.8445028663,0.625236094,0.6964458227,0.7240297794,0.7250080109,0.5985031128,0.3771080673,0.2723047137,0.6857578158,0.7055627108,0.4930121899,0.1765759289,0.2682658434,0.4376795292,0.3748894632,0.2776193619,0.2188569903,0.1207895875,0.2202894092,0.3557820022,0.2416325361,0.04371501878,0.06904762238,0.2004438341,0.08603579551,0.1125498191,0.01904761977,0.8424259424,0.8508222699,0.7756620646,0.8462061882,0.8681652546,0.8820453882,0.8636758924,0.8519336581,0.8650702834,0.3056652248,0.1975592524,0.2220442593,0.2342752665,0.4084324241,0.8518781066,0.8347497582,0.7046107054,0.3529969156,0.7394057512,0.8581635356,0.8911260962,0.5519803762,0.6488645673,0.5732252598,0.6778060198,0.8583449721,0.8296995163,0.7718816996,0.5847985148,0.8389986753,0.6918319464,0.7885936499,0.5903616548,0.3459120393,0.4300557375,0.6005536318,0.8868556619,0.796318531,0.8643090725,0.4548891187,0.7976276278,0.8142647743,0.805339396,0.3586471379,0.2966471016,0.7812446356,0.7890972495,0.6745986342,0.8633272648,0.8678975701,0.8501715064,0.7443796396,0.7616273761,0.8014061451,0.8224774003,0.8712083697,0.7138149142,0.8082652092,0.8742266297,0.8422957063,0.8419126272,0.846924603,0.7687785625,0.7414721251,0.856687963,0.5202869177,0.7916356921,0.8396508098,0.6732057333,0.8909150958,0.8483549953,0.8094819784,0.7591422796,0.8621242046,0.6365066767,0.8418660164,0.7644691467,0.949801147,0.7757335901,0.8424755335,0.8365560174,0,0.758838594,0.8232300878,0.7899004817,0.9120252132,0.9269099832,0.9524915814,0.9205133915,0.8626371622,0.7857586145,0.7828500867,0.8421972394,0.9007944465,0.8422545195,0.8834025264,0.7542530298,0.7617442608,0.9462792277,0.9314317703
126,0.2259456068,0.05872145295,0.1072632149,0.09090679884,0.4001096487,0.4449334741,0.2027387172,0.246432364,0.07577637583,0.04346579686,0.1006213725,0.1307626814,0.09369919449,0.1078539044,0.06556579471,0.1232245713,0.1187552214,0.03349129856,0.04295457527,0.0646860823,0.04906219989,0.04851683229,0.008705369197,0.009523809887,0.03701466694,0.04490750656,0.02537591942,0.01138059981,0.009416699409,0.02865418419,0.0199548658,0.02361777239,0.01063768752,0.002380952472,0.0172051359,0.01190476213,0.004761904944,0,0,0.002380952472,0.01190476213,0.002380952472,0.002380952239,0.05445950478,0.06207429618,0.07967532426,0.06249269098,0.06985190511,0.07535624504,0.0774268955,0.08016792685,0.07105082273,0.02369054407,0.01250813529,0.01368518826,0.01091562305,0.02322505228,0.07542336732,0.05401950702,0.05945722386,0.01847103424,0.05884146318,0.07696643472,0.07939532399,0.03362118453,0.03139030188,0.05854403973,0.05205546692,0.07164387405,0.05771723017,0.03305840865,0.02822622471,0.09321925789,0.05089311302,0.0639405027,0.02504954487,0.01909580082,0.02362121455,0.03342273086,0.06474842876,0.02963385731,0.08036844432,0.03645168617,0.07277006656,0.06176498905,0.06170435995,0.01566489227,0.01437372435,0.04950669035,0.02897358686,0.02901725844,0.06938890368,0.07986394316,0.2122663856,0.1069907621,0.1599344909,0.07656522095,0.0938353464,0.1384667903,0.04143431783,0.06808182597,0.07830513269,0.04582851753,0.04075117409,0.03317163512,0.02637954615,0.03067017905,0.04352913052,0.02107568085,0.02702410705,0.05993368104,0.03796330467,0.06770270318,0.05183286592,0.0288770888,0.03263238817,0.03046640381,0.1267404258,0.03494321555,0.03622149304,0.04501145706,0.03748423234,0.02904369682,0.1600073725,0.758838594,0,0.03613735363,0.02870271169,0.07117076963,0.0760185793,0.3495206833,0.02324124984,0.01850069128,0.02418326214,0.1430840641,0.03700729087,0.09207113087,0.09184088558,0.03737582266,0.02957438678,0.03497965634,0.08612045646,0.07738423347
127,0.0004125755222,8.717655874e-05,0.0002468327002,0.0002240856556,0.01815706678,0.02974258736,0.006108487025,0.0008789458661,0,0.001199567458,0.0001329106162,0,0,0,0,0.0001804713393,4.642183194e-05,0,0,0,0,0,0,0,0,0.000298006431,0,0,0,0,0,0,0,0,0,0,0,0,0,0,0,0,0,0,0,0,0,0,0,0,0.0002342844964,0,0,0,0,0,0,0,0,0,0,0,3.664439873e-06,0.0001830616529,0,0,0,0,0,0,0,0,0,5.347308615e-05,0.0001056769252,0,0,0,0,0.0004333505058,0,5.722555215e-05,0,0,0,0,0,0,0,0,0,6.022668458e-05,2.603136636e-05,0.05672216788,0.01298623905,0.02386406623,0.005540442653,0.01695138961,0.005249451846,0.001018357463,0.0005832461757,0.0005675088032,0.0001928486017,9.401283751e-05,8.059960237e-05,3.326153819e-05,4.672419891e-06,0,0.001036477392,2.995376235e-06,1.471434416e-06,1.633576403e-07,3.181666034e-05,5.811508572e-07,9.832422802e-05,4.663886102e-06,4.271171929e-05,0.002402730985,0.0001648639154,0,0,0,3.087172809e-05,0.008315051906,0.8232300878,0.03613735363,0,0.0001389947574,8.299915498e-05,0.002448230982,0.2375410646,0.001325135934,0.0004108344438,1.811621405e-05,0.006202172954,0.0003113406128,0,0.0009814919904,0,1.683785558e-05,0.0002182627213,0.002069021109,0.0002331230644
128,0.0003824962187,3.102226856e-06,0.0001758926519,7.980844384e-05,0.08293685317,0.1022451445,0.001418448286,0.001915269881,4.232014362e-06,0,0.0001216560559,0.0001862997306,0,0.002380952472,0,0.000912436517,0.0002030382748,0,0,0,0,0,0,0,0,0,0,0,0,0,0,0,0,0,0,0,0,0,0,0,0,0,0.002380952472,0,0.0005293320282,0,0,0,0,0,0,0,0,0,0,0,0,0,0,0,0,0,0,0.0006068882067,0,0,0,0,0,0.0002506017045,0,0,0,0,0,0,0,0,0,0.001282192185,0,0,0,0,0,0,0,0,3.320983296e-06,0,0,0,0.002380952472,0.07118848711,0.02815296873,0.04553936794,0.01273485087,0.02243758552,0.03019816615,0.002465673489,0.005148410797,0.006805988494,0.0006043135654,0.0001692220685,9.135799337e-05,5.781255095e-05,0,0,0.001012544264,4.55578629e-05,0.001004709513,0,0.0004301753943,0.0004060358624,2.519606369e-06,3.048689905e-06,0.0003899053263,0.004542862065,1.05238214e-05,0,0,0,0,0.002982110251,0.7899004817,0.02870271169,0.0001389947574,0,0.001623882912,0.003852725262,0.2563674152,0.001368411817,0.0003955672728,0.0006106333458,0.0006119245081,1.749286298e-06,5.208204675e-05,5.354449968e-06,3.360311212e-06,1.732488727e-06,0,0.0009493747493,0.0002093038929
129,0.0008109378396,0.0008011876489,0.0005794857279,0.0006272851024,0.09272493422,0.06517161429,0.001624895958,0.000770194456,3.83774277e-05,0,0.0001896023314,0.0004380628525,3.629671119e-05,0,0,1.806502405e-05,0.0001851669949,0,0,0,0,0,0,0,0,0,0,0,0,0,0,0,0,0,0,0,0,0,0,0,0,0,0,0,3.859318895e-05,0,0,0,3.533655672e-06,0,0,1.019038609e-05,0,0,0,0,0,0.0001147332805,1.148737192e-05,0,0,0,1.32695377e-05,3.537564771e-05,0,0,0,0,2.510021841e-05,0,0,0,0,0,0,0,0,0,0,0,0,1.544580118e-05,0,0,0,0,0,0,0,0,0,2.383705942e-05,1.377646731e-05,0.1264151782,0.005026927684,0.00328246993,0.00147794676,0.001659197267,9.736624634e-05,0.0006246754783,0.0001521989907,4.039126725e-05,0.000392489892,9.3349292e-05,0.003431902267,0.002051042626,7.099005597e-05,6.708382716e-05,0.003661876777,0.001702518668,1.41685714e-05,0.002380952239,2.621614385e-06,0.0002822376264,0.002984039951,0,0.001793878735,0.003927195445,0.002714218805,0,2.356608093e-05,0.0001090134901,1.521823197e-05,0.001258264645,0.9120252132,0.07117076963,8.299915498e-05,0.001623882912,0,9.019340723e-06,0.2621762455,0.004529534373,0.002500907751,0.0003623340453,0.004927494098,0.001599889714,0.0001315294649,0.002708252054,2.29207526e-05,0.002281619469,0.0001851709967,3.497949592e-06,4.86193494e-06
130,0.0004464668746,0,0.0004392244737,0.0007480434142,0.07457438856,0.05878990889,0,0.001248012995,2.154784306e-05,0.0003583279613,0.00030585489,0.0001436676393,0,0.0005824471009,0,0.0001079561262,0,0,0,0,0,0,0,0,0,0,0,0,0,0,0,0,0,0,0,0,0,0,0,0,0,0,0,0,0,0,0,0,0,0,0,2.828921424e-05,0,0,0,0,0,0,0,0,0,0,0.0001988656149,4.852987331e-05,0,0,0.0004744488979,0,0,0,0,0,0,0,0,0,0,0,0,0,0,2.766416219e-05,0,0,0,0,0,0,0,0,0,0,5.381622032e-06,0.1353638023,0.01235572528,0.004030385986,0.002402921906,0.002260355977,0.0001098220891,0.005577383563,0.001797359437,0.0006313251797,0.000570909935,0.0001663121511,0.0003465920745,0.0001147349685,0.0001343155309,1.220803824e-06,0.006307005417,0.002380952472,9.415472596e-05,0,6.760657016e-06,1.010298911e-05,0.0008922819397,0.0004648103786,0.001769268769,0.004520799499,0.0007149060257,0,0,0,0,0.000185889774,0.9269099832,0.0760185793,0.002448230982,0.003852725262,9.019340723e-06,0,0.3077219129,0.005826839712,0.005458874162,0.002056991449,0.00361828017,0.0002789815189,0,8.541935676e-05,0,0.001125307404,0,3.348249493e-06,2.471419123e-07
131,0.573867321,0.4190746248,0.4327259362,0.4510486126,0.7664188743,0.7990861535,0.6796658635,0.5612291098,0.3223659694,0.2775401771,0.3857756257,0.4593438208,0.3915912211,0.4321371615,0.3226518035,0.4352579117,0.5061277151,0.3111799955,0.3559562564,0.3821465373,0.3725527823,0.288369894,0.1541307122,0.1225742996,0.3085214496,0.3155728281,0.2403020114,0.115369685,0.1293913424,0.2232313901,0.188427493,0.1179615855,0.06711850315,0.04285714403,0.08520319313,0.1256456077,0.1019965857,0.006519572344,0.01276188251,0.06913820654,0.02026287839,0.04180788621,0,0.3828859031,0.3496303856,0.3516619205,0.3337444365,0.3352192342,0.3555340767,0.3475986421,0.3423489928,0.3067414463,0.1780280471,0.08087331802,0.1003996134,0.1261904091,0.1762948632,0.2245472223,0.1935572773,0.2805379629,0.1174385175,0.2827770412,0.3572235703,0.2921245992,0.218009904,0.2762787938,0.2043444812,0.1975426674,0.321783632,0.2239628434,0.2694078684,0.3263458312,0.3896104097,0.2238395959,0.3231334984,0.2813253105,0.1520130038,0.1836894453,0.2425755113,0.2913189232,0.2886135876,0.3404089808,0.2032889426,0.3346447349,0.3063583076,0.277744621,0.1766228527,0.1495274603,0.3953355253,0.2884936631,0.2521542609,0.3240928054,0.3371087015,0.6467888951,0.4488990605,0.5786677003,0.314917922,0.3601777852,0.4700717926,0.3022189736,0.2538767159,0.2604754567,0.05610387027,0.09861448407,0.1814624667,0.2651680708,0.275418967,0.2204535455,0.4576129615,0.2261312902,0.2279800177,0.2350222319,0.2318686247,0.191656515,0.2383718491,0.2681476772,0.1819280386,0.2065308094,0.2099773884,0.2799136937,0.340211004,0.1975612193,0.2604597807,0.6377229691,0.9524915814,0.3495206833,0.2375410646,0.2563674152,0.2621762455,0.3077219129,0,0.09266614169,0.1566412896,0.2386598736,0.579307735,0.288877517,0.5086944699,0.5137634277,0.2832990587,0.2952752113,0.2613339722,0.2846079171,0.2953156829
132,0.03500918299,0.003910596948,0.01453780197,0.009863723069,0.2003244013,0.1865132302,0.03311851993,0.04233936593,0.001940756105,0.0007210425683,0.007792277262,0.01968544908,0.00787454471,0.009438731708,0.00324748992,0.0142638851,0.01098520309,0,0.009523809887,0.005246795714,0.0008930040058,0,0,0.002380952239,0,0.0007941274671,0,0,0,0,0,0.002380952239,0,0,0,0.004761904944,0,0,0,0,0,0,0,0.002832642989,0,0.002799281152,0.001318954048,0.001544124214,0.008041601628,0.003553247545,0.008406482637,0.004941662308,0,0,0,0.004761904944,0,0.001917098067,0.001801339327,0.003266633488,7.40482792e-05,0.003453183221,0.004209645092,0.003585407976,0,0.0009680810035,0,0.001248654909,0.005983258132,0.001552542555,0.002844775328,0,0.00244643609,0.0009848907357,0.007875729352,0.002992125694,0,0,0.0008976124809,0.002566531068,0.006117857993,0.006298992317,0.001011651126,0.006432198454,0.001740028849,0.005403724499,0.002380952472,0,0.00113512564,0.004167063162,0.001165677211,0.00285328296,0.004690665752,0.1421280801,0.03471592814,0.07114645839,0.01441731304,0.01723074913,0.03390841559,0.006646126974,0.006763343234,0.006229747552,0.0004303707101,0.0007248131442,0.0007496944745,0.001157294726,0.001729769865,0.002044168301,0.01054943074,0.0009500968154,0.002849695273,0.0009353635251,0.002987564774,0.00204401766,0.001527346671,0.002075809985,0.0006537859445,0.02140956931,0.001316459966,0.001670448575,0.004095781595,0.0009448558558,0.00117338961,0.02890230902,0.9205133915,0.02324124984,0.001325135934,0.001368411817,0.004529534373,0.005826839712,0.09266614169,0,0.0001935988257,0.0008700692561,0.02844385989,0.002077657031,0.009169004858,0.01118106674,0.003808147507,0.002325498033,0.002394687384,0.006214674562,0.00329419761
133,0.02270126902,0.002055645222,0.005228226073,0.006894589867,0.174258709,0.1450993419,0.0362399891,0.02470985427,0.003218110185,0,0.005373885855,0.0109002674,0.01315927319,0.003686413169,0.002380952239,0.006939237006,0.006022203714,0.002380952472,0.002380952472,0,0,0.003450750606,0,0,0.002380952472,0,0,0,0,0.002380952239,0,0,0,0,0,0,0,0,0,0,0,0,0,0.002380952472,0.002380952472,0,0.0004587266012,0.002380952472,0.00690858718,0.0001228011242,0.009293249808,0.00214220304,0,0,0,0,0,0.0005146592739,0.0002855488565,0,0,0.0007404838107,0.003834191011,0.003189234063,0,0.001191440737,0,0,0.0007272705552,0.0002852238249,0.002625920111,0,0.003857739968,0.002380952472,0.006231202744,0.003014362184,0.0004278825654,0,0,0.003068570513,0,0.004962876905,0.002380952472,0,0.001310361316,0.002380952472,0,0,0.002380952472,0,0,0.005047359969,0.005135944579,0.1232993677,0.04860794917,0.08149965107,0.02098973282,0.03055071458,0.04879206046,0.0002413502807,0.008322726004,0.01043965761,0.0001955701882,0.0005547128385,0.0006212305743,0.0003959933238,0.0004472956352,0.001897763112,0.0008468080196,0.001023663091,0.001761049149,9.284583939e-06,0.004597363062,0.0007696953253,0.0005422190879,0.0007436128799,0.0001329431834,0.01462391578,0.000632357318,0.0004671352508,0.001438939595,0.0001777023572,0.0009695002227,0.0266372934,0.8626371622,0.01850069128,0.0004108344438,0.0003955672728,0.002500907751,0.005458874162,0.1566412896,0.0001935988257,0,6.471115194e-05,0.01638541371,0.001170388306,0.00862033572,0.005194312893,0.002003617818,0.0007516130572,0.0007880263729,0.01184571162,0.007181087974
134,0.002847554162,0.000963397848,0.001278274576,0.001218933146,0.05513427034,0.07176000625,0.02692997456,0.003325928003,0.0007406200748,0.0002432312176,0.001675809151,0.004106039647,0.001988466363,0.004547606222,0.0114717409,0.003437855747,0.001858748728,0.000771203253,0,9.506760398e-05,0.000733554014,0.0007776030689,0,0,0,0.0002739537158,0,0,0,0,0.0004624146677,0,0,0,0,0,0,0,0,0,0,0,0,0.001381573151,0.003205803223,0.0002551191428,0,0.0002336824255,0.0005773785524,0,0.0003757374361,0.0004793190747,0.0003220548097,0,0,0,0,0.0001068687561,0.0004709298664,0,0.0006019032444,0.0003590891138,0.00103416515,0.0009683865355,0,0,0,0.0002236846049,0.0006497153663,0.0009309706511,5.961607167e-05,0.005026464351,0.002414299641,0.002445680788,0.0005142826121,0.001769431517,0,0.00108587835,0,0.000743689423,0,0.0008429827285,5.905331636e-05,0.0007038809126,0,0.0002983542799,0,0,0.001223152038,0.000240961308,0.0001194547804,0.001241468592,0.0007846931112,0.04788094386,0.01670148969,0.03265431896,0.01170493569,0.0236150492,0.01928503998,0.0001098196444,0.0009376686648,0.002424224978,0.0006509266095,0.0004204474972,0.0007039881893,0.0003169038973,5.818078353e-05,0.0001659154368,0.0004454108421,0.0001586656872,4.701204307e-05,1.778321894e-05,0.0003514761047,0.0001057975242,0.000587671937,8.505155711e-05,0.0001903118537,0.007081336807,0.0006344611174,0.0003339303657,0.001118334243,0.0005024460843,0.000337303587,0.01297471579,0.7857586145,0.02418326214,1.811621405e-05,0.0006106333458,0.0003623340453,0.002056991449,0.2386598736,0.0008700692561,6.471115194e-05,0,0.01814910024,0.00149727019,0.004095142707,0.003629987827,0.0003286832944,0.0001901274663,0.0001225876622,0.002156314673,0.001825479208
135,0.003957652953,7.501989603e-05,0.0003586701932,0.00122983614,0.05360637978,0.1523319334,0.0005354390014,0.01224492304,0.002995436545,0.0001904176752,0.002438317752,0.009313365445,0.006818055641,0.007898936048,0.002530253958,0.008939753287,0.0002004591952,0,0.001036919537,0.002380952472,0.002722044243,0,0,0.001942737494,0.0004343503388,0.002380952472,0.000323314307,0,0,0,0,0,0,0,0,0.002380952472,0,0,0,0,0,0,0,0.003784037894,0.002380952239,0.004761904944,0.002532334765,0.0007778984727,0.005121349823,0.002448277548,0.00533310743,0.00355617865,0,0,0,0,0.002380952472,0.004761904944,0.007289429661,0.002962171333,0.002380952239,0.003356601344,0.005590531509,0.00998876337,0,0.0004247588222,0,0.001368548721,0.0007553254836,0,0.0009187860996,1.898358096e-05,0.002823034069,0.003123063361,0.002127287211,8.485598664e-05,0,0,0.0009578646859,0.009283127263,0,0.005993468221,0,0.003903367091,0.003685044358,0.002833036939,0,3.411417129e-05,3.954331078e-06,0,0,0.00184750848,0.004469278734,0.08247426897,0.009906020015,0.01294670533,0.01006212458,0.009878621437,0.01108185481,0.01380058751,0.01423560362,0.01559210196,0.01375592221,0.0009913166286,0.002015261212,0.01086136978,0.0005554860691,0.0001479863131,0.0216285754,0.00404267991,0.01185504068,0.0001497632038,0.005869731773,0.004086577799,0.004129930865,0.001351888641,0.01111080498,0.008809871972,1.58107905e-05,3.423779344e-05,9.794285143e-05,0.0001453320874,0.0004192144843,4.748901483e-05,0.7828500867,0.1430840641,0.006202172954,0.0006119245081,0.004927494098,0.00361828017,0.579307735,0.02844385989,0.01638541371,0.01814910024,0,2.154336653e-05,0.0001362284238,6.064513218e-05,6.900399603e-05,0.002821455477,0.0004962574458,0.007872560993,0.002171475906
136,0.0002426940046,2.587216613e-06,3.774098877e-05,5.224335837e-05,0.052782882,0.09130473435,0.0003828051558,0.001418888336,0.000225138705,0,2.692667476e-05,2.682962077e-05,0.001560742036,0.007142857648,0.001299635158,0.0001714007667,0.0001571278699,0,0,0,0,0,0,0,0.0008806623518,0,0,0,0,0,0,0,0,0,0,0,0,0,0,0,0,0,0,0,0,0,0.000383959763,0,0,0,0.0009621942881,0.0006058163708,0,0,0,0,0,0,0,0,0,0.0005692251143,0.001070434926,0.0008137623081,0,0,0,0,0.0001460719213,0,0,0,0,0,0.002380952472,0,0,0,0,0.003411241807,0,0.001630429178,0,0.001795342308,0,0.002211377025,0,0,0,1.284244263e-06,0,0,0.00110324251,0.07513464242,0.01562468614,0.02380158938,0.009522300214,0.01311092917,0.01237396151,0.004002344795,0.006973526441,0.006286094896,0.0003120648907,7.449639088e-05,7.481688954e-05,0.0003506327921,2.94577585e-05,1.777822945e-06,0.002922340296,8.635924314e-05,0.001547209453,0,0.0005828616559,0.0002952916257,1.430111934e-05,4.841521513e-05,0.0004315070692,0.003055872396,1.952085995e-06,3.477641144e-07,0,0.000317951577,2.679815907e-06,1.160019656e-05,0.8421972394,0.03700729087,0.0003113406128,1.749286298e-06,0.001599889714,0.0002789815189,0.288877517,0.002077657031,0.001170388306,0.00149727019,2.154336653e-05,0,0,8.683863598e-06,2.931175686e-06,2.648249028e-05,7.342744084e-07,0.001228883164,0.0002098350669
137,0.0003864958999,0,1.774882548e-05,0.0002331444848,0.1454385966,0.07155048102,4.420335245e-06,0.002329164417,0,0,0,0,0,0,0,0,0,0,0,0,0,0,0,0,0,0,0,0,0,0,0,0,0,0,0,0,0,0,0,0,0,0,0,0,0,0,0,0,0,0,0,0,0,0,0,0,0,0,0,0,0,0,0.0003619038325,0.0001896225876,0,0,0,0,0,0,0,0,0.002380952472,0,0,0,0,0,0,0.0003164891677,0,0.0005045131547,0,0,0,0,0,0,0,0,0,0,0,0.1432428211,0.006864946336,0.0049170563,0.004491368309,0.004839804024,0.000388697983,0.005778316874,0.00390417641,0.0008889270248,0.003753106575,0,0.001369047444,0,0.002380952472,0,0.01469116937,0,0.001374026528,0,0,0,0.001536865253,0,0.001551042893,0.00872934144,0.0005184746697,0,0,0,0,3.16751516e-06,0.9007944465,0.09207113087,0,5.208204675e-05,0.0001315294649,0,0.5086944699,0.009169004858,0.00862033572,0.004095142707,0.0001362284238,0,0,3.782246267e-06,1.788006472e-07,0.0005036161747,0.0009575154982,1.786505163e-05,0
138,0.0002362739178,2.914639254e-06,2.693076749e-05,8.589225035e-05,0.03479347751,0.04753658548,0,0.001335960696,7.57897069e-05,0,2.874397796e-05,7.710765931e-05,0.002287266543,0.0008913665079,0.0002682111517,0.0005035693757,0,0,0,0,0,0,0,0,0,0,0,0,0,0,0,0,0,0,0,0,0,0,0,0,0,0,0,0,0,0,0,0,0.000499964226,0,0,0,0,0,0,0,0,0,0.0009382897988,0.0006454825052,0,0,0.002992769936,0.001737271203,0,0,0,0,0,0,0,2.64121627e-06,0.0001408561802,0.002380952472,0,0,0,0,0,0.00273591117,0,0.001479363767,0,0,0,0,0,0,0,0,0,0,0.001168116694,0.09421595931,0.005028957967,0.005780113395,0.003657038556,0.00575033715,0.003544664476,0.004527220502,0.006494400091,0.001599211013,0.004532078281,0.0007734744577,0.002335200552,0.001472721808,8.848821744e-05,8.540247654e-05,0.006742100231,0.002080490347,0.002587073017,0,0.0003172999714,0.001709499047,0.0002739549673,8.677499136e-05,0.003212096402,0.005888202228,4.145521962e-05,0,0,9.39816091e-05,0.0001056599576,9.31996783e-06,0.8422545195,0.09184088558,0.0009814919904,5.354449968e-06,0.002708252054,8.541935676e-05,0.5137634277,0.01118106674,0.005194312893,0.003629987827,6.064513218e-05,8.683863598e-06,3.782246267e-06,0,4.642447493e-07,2.97712304e-05,4.60193769e-06,0.0005323444493,0.0001041901996
139,1.678987428e-05,3.924161547e-07,9.334442439e-06,6.670067251e-06,0.06253643334,0.04515293241,0,0.0001091832892,0,0,0,1.267562129e-05,0,0,0,1.264098955e-05,0,0,0,0,0,0,0,0,0,0,0,0,0,0,0,0,0,0,0,0,0,0,0,0,0,0,0,0,0,0,0,0,0,0,0,0,0,0,0,0,0,0,0,0,0,0,0,0.0001733218523,0,0,0,0,0,0,0,0,0,0,0,0,0,0,0,8.737538883e-05,0,0.0002457137743,0,0,0,0,0,0,0,0,0,0,0,0.138520062,0.01302003209,0.009454164654,0.00235634367,0.00627814373,0.0009503486799,0.002340340987,0.006615343969,0.00152754446,0.0005863594124,0,0,8.599716239e-05,0,5.625131053e-06,0.002376444405,0.0001607919985,0.0008241061005,0,1.001522287e-05,4.894882659e-05,1.134207923e-05,0,0.0004094922042,0.0005488486495,6.581524303e-07,0,0,0,0,2.61313362e-05,0.8834025264,0.03737582266,0,3.360311212e-06,2.29207526e-05,0,0.2832990587,0.003808147507,0.002003617818,0.0003286832944,6.900399603e-05,2.931175686e-06,1.788006472e-07,4.642447493e-07,0,0,0,0,0
140,0.000403327489,1.227512712e-05,9.958378359e-05,0.0001058635971,0.05491586775,0.08863249421,0.006723715924,0.001519969315,0,0,2.079232581e-05,8.71871307e-05,0.001033089007,0.002380952472,0.00143571652,0.00084918231,0.0003395414969,0,0.0004117804347,0,0,0,0.002380952472,0,0,0.0003044753394,0,0,0,0,0,0,0,0,0,0,0,0,0,0,0,0,0,0,0,0,0,0,0,0,0,0,0,0,0,0,0,0,0,0,0,0,0,5.642414544e-05,0,0,0,0,0,0,0,0,0,0,0,0,0,0,0,0.0004357765429,0,0,0,0,0,0,0,0,0,0,0,0.00037224486,0.0007197589148,0.04884299636,0.02517857216,0.03111753613,0.01459341217,0.02271101438,0.02745523304,0.001184612513,0.006432518363,0.002405316336,0.0007319680299,0.0001262025035,0.0001547170395,1.747543138e-05,2.583889227e-06,1.627143138e-05,0.0005004063714,8.69857322e-05,0.0002331641736,0,0.0002344860259,2.183415745e-05,4.275449101e-06,7.219109079e-07,0.0003247870773,0.003971470054,3.332458846e-06,0,1.742104723e-05,0,0,0.01206916664,0.7542530298,0.02957438678,1.683785558e-05,1.732488727e-06,0.002281619469,0.001125307404,0.2952752113,0.002325498033,0.0007516130572,0.0001901274663,0.002821455477,2.648249028e-05,0.0005036161747,2.97712304e-05,0,0,2.714720608e-07,0.002176100854,0.002116502263
141,2.520507587e-05,9.98383166e-06,1.642058669e-05,0,0.02457735501,0.01730870642,0,9.115280409e-05,0,0,0,8.648635412e-05,0,0,0.0009462122107,0,0,0,0,0,0,0,0,0,0,0,0,0,0,0,0,0,0,0,0,0,0,0,0,0,0,0,0,0,0,0,0,0,0,0,0,0,0,0,0,0,0,0,0,0,0,0,0,0,0,0,0,0,0,0,0,0,0,0,0,0,0,0,0,0.0001767721842,0,0,0,0,0,0,0,0,0,0,0,0,0,0.06053154916,0.007040398195,0.02028036118,0.005141943693,0.002666217973,0.001395734493,0.0007266903413,0.001062301337,0.002643128857,0.0004090557632,0,0,0.0001371910912,0,0,0.0003855960094,0.0005051828921,2.192184866e-06,0,4.196427835e-05,0,0,0,0.0004552700266,0.0004582850088,0,0,0,0,0,0.002380952472,0.7617442608,0.03497965634,0.0002182627213,0,0.0001851709967,0,0.2613339722,0.002394687384,0.0007880263729,0.0001225876622,0.0004962574458,7.342744084e-07,0.0009575154982,4.60193769e-06,0,2.714720608e-07,0,0,0
142,0.001347772893,0.0001467343973,0.0005783526576,0.0001655873348,0.1375177056,0.1547632515,0.0007940122159,0.003150369739,0.0001727369527,0,0.0001110650483,0.0006537223235,5.940641859e-05,0,0,0.0005657570437,0.001034099143,0,0,0,0,0,0.002380952472,0,0.001063906238,0.0002003454574,0,0,0,0,0,0,0,0,0,0,0,0,0,0,0,0,0,8.025856368e-05,0,0,0,0,6.555597793e-06,7.999716763e-05,6.508872957e-06,0.0002268358076,0,0,0,0,0,0,0,0,0,0,7.41378899e-05,0.0002536634856,0,0,0,0,4.560845628e-05,0,0,0,8.256921865e-05,0,2.72681591e-05,0,0,0,0,2.047215821e-05,0,1.616883674e-05,0,0.0003922524047,0,0,0,0,0,0,0,8.076947415e-05,7.494684542e-05,0.1106282845,0.001723576337,0.0005781658692,0.0003970445832,0.0002851087775,2.545024654e-05,0.002147777705,7.682009164e-05,1.749095645e-05,0.0004346670175,0.0004499636416,0.004102686886,0.009748416953,0.003327761311,0.0001098526263,0.005006729625,0.006643516012,6.297913933e-05,0,0.0001666867174,2.998304444e-05,0.003413948929,0.0005588294589,0.006162697449,0.004519536626,0.0002663500491,0,4.662349966e-06,0,0,0.0005735527375,0.9462792277,0.08612045646,0.002069021109,0.0009493747493,3.497949592e-06,3.348249493e-06,0.2846079171,0.006214674562,0.01184571162,0.002156314673,0.007872560993,0.001228883164,1.786505163e-05,0.0005323444493,0,0.002176100854,0,0,2.180177262e-06
143,0.0006121417973,0.0001176430305,0.000461331947,0.0005558404955,0.09480875731,0.07158467174,2.570143442e-05,0.0009462181479,1.018193143e-05,5.000436795e-05,8.494015674e-06,0.0002731796994,1.19906681e-05,0.00121817179,0,0.0001733881072,0.0004775349516,0,0,0,0,0,0,0,0,0,0,0,0,0,0,0,0,0,0,0,0,0,0,0,0,0,0,0,0,0.0002521797142,0,0,0,0,0,0,0,0,0,0,0,0,0,0,0,0,1.09001885e-05,6.043463145e-06,0,0,0,0,0,0,0,0,0,0,7.646717677e-06,0,0,0,0,3.067414355e-06,0,1.382251412e-05,0,0,2.731879795e-05,0,0,0,0,0,0,5.053543282e-05,5.312071153e-06,0.1279419959,0.008390192874,0.004296313506,0.007040292956,0.002586887451,0.000279021624,0.003766022855,0.0006827823236,0.0001171596232,0.000260788016,0.000275015278,0.001283083693,0.001488507376,0,0,0.005485202186,0.0006659333012,6.85632549e-05,0,4.746842478e-06,0.0001053279484,0.001405344694,0.0001095982079,0.001889415667,0.003932194319,0.0001510516013,0,0,0,4.382191946e-06,5.781316941e-05,0.9314317703,0.07738423347,0.0002331230644,0.0002093038929,4.86193494e-06,2.471419123e-07,0.2953156829,0.00329419761,0.007181087974,0.001825479208,0.002171475906,0.0002098350669,0,0.0001041901996,0,0.002116502263,0,2.180177262e-06,0
