ROI_ID,1,2,3,4,5,6,7,8,9,10,11,12,13,14,15,16,17,18,19,20,21,22,23,24,25,26,27,28,29,30,31,32,33,34,35,36,37,38,39,40,41,42,43,44,45,46,47,48,49,50,51,52,53,54,55,56,57,58,59,60,61,62,63,64,65,66,67,68,69,70,71,72,73,74,75,76,77,78,79,80,81,82,83,84,85,86,87,88,89,90,91,92,93,94,95,96,97,98,99,100,101,102,103,104,105,106,107,108,109,110,111,112,113,114,115,116,117,118,119,120,121,122,123,124,125,126,127,128,129,130,131,132,133,134,135,136,137,138,139,140,141,142,143
1,0,0,2.271806352e-06,3.399954721e-06,1.237370498e-06,8.261514267e-06,0,3.258033075e-06,0.0009921634337,0.0001152928235,0.002724573016,0.0005811993615,0.06240655109,0.1488267481,0.02236171626,0.000679152261,3.047119435e-06,0,0,0,0,0,0,0,0,0,2.960371421e-05,0,2.114762719e-05,0,4.728419299e-06,0,0,0,0,0,0,0,0,0,0,0,0,0.141003862,0.01356053259,0.005917762872,0.0009857208934,0.002448419342,0.0007340456359,0.001071734936,0.0002775959147,0.0004574598861,0,0.0004848670796,0,0.0004307221971,1.007105766e-05,0,0,0.002307407092,0,7.405617362e-05,8.549543418e-05,0,2.313894947e-05,0,0.002544421703,8.310569683e-05,0.002576802624,0,0,0.005873994436,0.6640817523,8.16643369e-05,0.0006656924961,0.0007115513436,8.794841051e-06,0,2.965473686e-05,3.033483517e-05,0,3.426290277e-05,0.002980189864,0.03996394947,0.3358317912,0.002035681624,0.01989605464,6.606981333e-05,2.993247108e-05,0,0,2.242537084e-05,1.32626019e-05,0,0,0,0,0,0,0,0,0,0,0,0,0,0,0,0,0,0,0,0,9.398618772e-07,0,0,0,0,0,0,0,0,0,0,2.545315738e-06,0,0,0,0,5.758209227e-06,0,0,0,8.458086427e-07,0,0,0,0,0,0,0,0,1.167771461e-05
2,0,0,0,0,0,0,0,0,0.0004955097684,0,0.0001869127009,0,0.06257525086,0.03312317654,3.015941184e-05,0.0002502467541,0,0,0,0,0,0,0,0,0,0,0,0,0,0,0,0,0,0,0,0,0,0,0,0,0,0,0,0.05681843683,0.03642006591,0.01296231151,0.005198987667,0.01029201318,0.004239533562,0.005726183299,0.0006926407223,0.0001147882795,0,0,0.0002510187333,0,0,0.0003415164538,0,0.003351366147,0,0,0,0,4.92685358e-05,0,0,0,0.0003755559446,0,0,0.0001809054811,0.4812099338,0.0002194346744,0.0007897161413,1.391765727e-05,0,0,0,0,0,0,0,0.03266029805,0.2987541258,0.003376615234,0.000102906859,0,1.905894806e-06,0,0,0,0,0,0,0,0,0,0,0,0,0,0,0,0,0,0,0,0,0,0,0,0,0,0,0,0,0,0,0,0,0,0,0,0,0,0,0,0,0,0,0,0,0,0,0,0,0,0,0,0,0,0
3,2.271806352e-06,0,0,3.235829581e-06,7.762470341e-05,4.942297528e-05,1.512436597e-06,9.222120752e-06,0.00636124704,0.00012347546,0.001739962143,0.0002952652867,0.1754143983,0.08275403082,0.004201685544,0.0027253679,0,0,0,0,0,0,0,0.0004104696854,0,0,0.0003759990504,0.0002101753198,0.0001276267139,3.102484698e-05,0.0001228406327,4.578736844e-05,0,0,0,0,0.001363041112,0,0,0,0,0,0,0.2184842676,0.1163915098,0.04464005679,0.01676640846,0.02680057846,0.007914382033,0.009276141413,0.002506238641,0.00135730498,0.00267209881,0.0002225532371,0.0001822946942,0.0001554725168,7.964613906e-05,0.0003413345839,7.770272532e-06,0.01147505827,0.0002441424294,0.0006212510052,0.000768327096,0.0001887786784,0.0003170774144,6.882933667e-05,0.008366336115,0.001054016757,0.003401645925,1.132443504e-05,4.111630005e-06,0.001251826645,0.7383285761,0.001296895207,0.005494494457,0.0001453706354,0.0004348565126,0,0.0001952877647,4.235651068e-05,0,0.0002064268629,0.01517246943,0.08370120823,0.3958465457,0.0126516996,0.007507384755,0.0005106365425,1.015474118e-05,1.334411809e-05,2.000532368e-05,0.00103723479,0.0001833385031,6.728287553e-05,7.037887826e-06,0,2.840884918e-05,8.927381714e-06,5.683699419e-05,0,2.093056719e-05,3.444415415e-05,1.497813355e-05,0,0,0,0,0,8.497107956e-06,0,5.305763625e-05,0,8.60181608e-05,1.053234337e-05,0,0,0,0,0,0,0,2.198535003e-05,9.505114349e-07,0,7.240274954e-06,3.597840623e-05,9.445659998e-06,0,8.836813504e-05,3.610469503e-05,4.67821792e-06,0,1.453931418e-05,2.764070132e-06,0,0,0,0,3.328645164e-07,4.773141882e-06,0,4.16227449e-05,0.0001228228648
4,3.399954721e-06,0,3.235829581e-06,0,1.952213097e-05,0,0,1.991978934e-06,0.004418032244,5.35006875e-05,0.0009226193652,4.335897029e-05,0.1892423034,0.03563027084,0.002187924227,0.0008259230526,0,0,0,0,0,0,0,0,0,0,1.868370236e-05,0,8.037958651e-06,0,0,0,0,0,0,0,0,0,0,0,0,0,0,0.2094472349,0.1352439821,0.08510369062,0.04937465861,0.08941993117,0.03468186036,0.03176902235,0.01366794854,0.00712587405,0,0,0,6.205552199e-05,0.0003222841769,5.676833098e-05,1.424473339e-05,0.02746559121,0,0.0006465182523,0.003337148344,0.0003774324432,0.0002316955797,7.420483598e-05,0.01213133521,0.0008246097714,0.002649932168,0,0,0.003283147467,0.6800729036,0.007228692528,0.01479621232,0.0007219737745,0.0005192353274,0.0001822937775,0.0005756486207,0.0002878089144,6.881501122e-06,0.00114654866,0.02055419423,0.1275702864,0.3754323721,0.02016808465,0.0180930458,0.0008811901789,0.0001044945384,0,8.163278835e-05,0.006118264981,0.001180081395,0,0,0.0005736606545,0.0006447283085,0.0002043345594,0.0001917830232,0,8.375128527e-05,0.000792172912,4.288433411e-05,0,0,0,0,0,0.0002347261179,0,0.0001002408608,0,3.342879063e-05,2.968284389e-05,0,0,0,4.597474981e-05,0,0,0,0.0004754090915,0,0,1.164079549e-05,0,9.064759797e-05,0,0.0001911540894,2.295789091e-05,0.0001420487097,0,0,8.710147085e-06,0,0,0,0,0,0,0,0.0008218846633,0.0003630243009
5,1.237370498e-06,0,7.762470341e-05,1.952213097e-05,0,0,0,5.920208878e-06,0.005200207233,0.006582385395,0.006661997177,0.002780244686,0.04500474781,0.2159255296,0.01928480528,0.003336908761,0,0,0,0,0,0,0,0,0,0,0.002380952239,0,0,5.297490134e-05,0.0001225886517,0,0,0,0,0,0,0,0,0,0,0,0,0.1715151221,0.005028531887,0.009299025871,0.001006650506,0.0004783131008,0.0002482027921,0.001229081303,0.0001569924498,0.0005621174932,0,0,0,0,0,0.0003825874301,6.325062714e-05,0.003039281815,3.580897828e-05,0,0.0002537848195,5.070398038e-05,0.002380952472,0.0001821229525,0.001915111905,0.0001095736297,0.006189207081,0,8.12636863e-05,0.01540308073,0.7918453813,0.002684564563,0.0007531865849,0.011210436,0,0.002380952472,0.004421363585,3.649196151e-05,0,0.000109037479,0.008839029819,0.06420747936,0.3869784176,0.006107322406,0.03128832206,0.003681096714,0.001708068536,0,0,0.0001001190758,0.0002151211229,4.595013081e-07,0,0,0,0,0,0,0,6.716419193e-06,0,0,0,0,0,0,0,0,0,0,1.492571118e-05,5.773068915e-05,0,0,0,2.626011701e-05,0,0,0,0,0,0,1.839728043e-06,0,0,0,1.776792305e-05,4.135494237e-05,0,0,0,0,0,0,0,7.172189362e-05,0,0,0,5.706679985e-06,0
6,8.261514267e-06,0,4.942297528e-05,0,0,0,0,1.010827782e-05,0.0626668781,0.006390316878,0.002444195095,0.0001664303854,0.314396739,0.03895157203,0.001423710608,0.002330941381,0,0,0,0.0001389683457,0,0,0,0,0,0,0.002380952239,0,0,0,0,0,0,0.002380952472,0,0,0,0,0,0,0,0,0,0.2109005004,0.1542640328,0.1053189784,0.03719529137,0.0505958721,0.03886467218,0.0316169709,0.01499520894,0.006723270752,0.007142857648,0.002380952472,0.002380952472,0,0.002380952239,0.004955202807,0.0005218065344,0.03206209093,0,0.00281432108,0.004679047968,0.0004870230041,0.004761904944,0.002380952472,0.01597209834,0.004595752805,0.0132381646,0,0,0.004190794658,0.7248719335,0.007293477189,0.007765909191,0.01168369409,0.002380952472,0.002380952239,0.01190476213,0.002515089698,0,0.000241203219,0.02211500518,0.1357075125,0.3401198387,0.01796785183,0.009817602113,0.007142857648,0,0.003640289651,0.00114497426,0.003953062464,0.000187917758,0,0,0,6.322904665e-05,0.00010854422,0.0004286420008,0.0001523385727,5.529604823e-05,0.0002075018419,0,0,0,0,7.299301797e-05,0.0001643905271,0.0002455745416,0,0.0003287934233,0,0,0.0003497839789,0,0,0,0.0001761213061,0,0,0,0.002380952472,0,0,0,0.000268081727,0.0001279753196,0,0.000675786112,0,7.224280853e-05,0,0,0,0,0,0,0,0,0,0,0.000355966331,0.001266857376
7,0,0,1.512436597e-06,0,0,0,0,0,0.05178852007,1.524811978e-05,0.0004188222811,0.001238837838,0.354147166,0.03289833665,0.0004300922446,0.007198019419,0.0007226283778,0,0,0,0,0,0,0,0,0,0.002380952472,0,0,0,0,0,0,0,0,0,0,0,0,0,0,0,0,0.1857309341,0.107787244,0.09106009454,0.04805248976,0.05912699178,0.0375906378,0.02947894111,0.02185657062,0.0009171176935,0.002380952472,0.002380952472,0.004761904944,0.002380952472,0.004761904944,0,0,0.04122411832,0,0.004761904944,0.0143242199,0.001794078038,0.004710232373,0,0.01301635616,0.006262855139,0.01022501383,0,0,0.0002163532481,0.6712177396,0.0168423634,0.01316324808,0.0001445032685,0.002380952239,0.0001956878405,0.01329015289,0.0007372015389,0,0.001334646717,0.01533847675,0.1345999241,0.3249796033,0.01666666754,0.0002871602774,0.003247516695,0,0.0002943043364,0.004611920565,0.002380952472,0.002261678688,0,0,8.053695637e-05,0,0.0003444578033,0,0.0005115060485,0.0001703515009,0.001149532269,0,0.002380952239,0,0,0,0,0,0,0.0007182539557,0,0.002636854537,0.000473339489,0,0,0,0,0,0,0,0.0001263806626,0.0003432230733,0,0,0,0.00103557657,0,0.0009208884439,0,0.0001225246233,0,0,0.0005336830509,0,0,0,0,0,0,0,0,0.0001456026948
8,3.258033075e-06,0,9.222120752e-06,1.991978934e-06,5.920208878e-06,1.010827782e-05,0,0,0.004527418409,0.0001781087485,0.002693433547,0.0002068241156,0.1790097952,0.03457159549,0.001559443423,0.0004589668533,0,0,0,0,0,0,0,0,0,0,1.791621253e-05,6.096287325e-05,9.215405953e-06,2.485869572e-06,5.831607632e-05,3.093930354e-05,0,0,0,0,0,0,0,0,0,0,0,0.2356503457,0.1563450694,0.08035004884,0.02214469016,0.03875706345,0.01639125682,0.01892438717,0.004850835074,0.002462624107,0,0.003490240313,0.0003168499097,0.004026981536,0.0007241817657,9.855008102e-05,5.020429671e-05,0.03144245595,0.002154012676,0,0.001327712904,0.0002601340238,0.00157268648,0.0004645717563,0.01020761859,0.001523776795,0.008630938828,0,0.0001289253996,0.01196586713,0.7737147212,0.007529892959,0.01074129436,0.0007891660207,0.003526157234,0.001280141179,0.002039677929,9.446602053e-05,0,0.0005361613003,0.03592822328,0.1334757507,0.4122135639,0.01920594648,0.02558236755,0.001209060778,0,0.0002432371984,0.0003038265859,0.001891862834,0.000531202415,2.081869388e-05,3.995664883e-06,7.096031914e-05,2.010977914e-05,6.883210062e-06,4.051951692e-05,0,2.453615707e-05,4.161481775e-05,0.0001647412137,0,0,0,0,0,3.393052975e-05,0,2.896564365e-05,0,0.0001099931542,1.917249165e-06,0,0,3.232750896e-05,1.443211931e-05,0,0,0,0,7.164292128e-06,0,4.125181022e-06,2.845410927e-05,0,0,0.000161681397,0,4.339980296e-05,0,0,2.718027827e-05,0,0,0.0002002390102,0,5.268790119e-06,0,0,6.476281851e-05,0.0001451071003
9,0.0009921634337,0.0004955097684,0.00636124704,0.004418032244,0.005200207233,0.0626668781,0.05178852007,0.004527418409,0,6.675871555e-05,0.01226235647,0.00198533223,0.2457082719,0.2669734061,0.02759568952,0.005421689712,3.417792686e-05,0.0001179088285,4.120354424e-05,0.0001109401273,7.104167162e-05,0.0001992603939,0.0002781377116,0,4.452478606e-05,0.0001323480683,0.0001478088234,0.0002591132652,0.0003331682237,0.0002530036145,0.000141216573,0.0001638987596,7.498747436e-05,0.0002428143198,5.862591934e-05,0.0001421273773,5.989202327e-05,2.521957504e-05,0.0007429640973,5.479401443e-05,0,0,0,0.290715009,0.1015466377,0.08300558478,0.01550759096,0.04282755405,0.03980975971,0.01409606542,0.008354433812,0.02115755901,0.00366186141,0.001153322286,0.001055245171,0.0008562025614,0.0001050431965,0.0002241336915,1.983493348e-05,0.02447386831,0.001359565766,0.00156529434,0.003660292132,0.0004615009238,0.001562338672,0.0001417722815,0.06919955462,0.00647987891,0.02691053972,0.000132364672,5.057766975e-05,0.1238787994,0.9533398151,0.01262813248,0.008974398486,0.005763618741,0.001244436717,0.0004791316751,0.001993519953,0.001771342242,0.0001158515588,0.003717578482,0.04894730821,0.3620631993,0.74219203,0.1089302525,0.06603033096,0.001961572794,0.005622688215,0.0001337267458,0.0001884393423,0.01053432561,0.003868011292,0.004803164862,0.007327234838,0.006560342386,0.007708600257,0.00876947213,0.007226389833,0.006444243249,0.006516183726,0.007570338901,0.001624033204,0.001676336396,0.0002254155261,0.000368266541,0.0002509510959,0.0002712095738,0.005165915471,0.0002283663343,0.003989265766,0.001264158986,0.002521108836,0.001521145925,0.0001060714203,0.000166919388,0.0008239839226,0.002982825041,8.637404972e-05,0.0001544427068,0.0001150577227,0.0007691226201,0.000170495463,0.009645180777,0.01605127007,0.004019932821,0.002057597041,0.0001427891548,0.005054457579,0.001650058315,0.004461256322,0.002576639643,0.002471914049,0.002704465529,0.0008622652967,0.0002815107291,0.002014594851,0.0009812545031,0.0001728535717,8.479950338e-05,0.0001699397835,0.004205236211,0.002962832805
10,0.0001152928235,0,0.00012347546,5.35006875e-05,0.006582385395,0.006390316878,1.524811978e-05,0.0001781087485,6.675871555e-05,0,3.984652722e-05,6.930361451e-06,0.04956013709,0.07579793036,6.835711974e-05,0.0002572072262,0,0,0,0,0,0,0,0,0,0,3.466922135e-05,0,0.0001843060309,2.489769031e-05,1.549771332e-05,0,0,0,0,4.92037143e-05,0,0,0,0,0,0,0,0.1408022642,0.1464436948,0.03345743567,0.04048318416,0.06768723577,0.037713781,0.01776967384,0.01610155962,0.004564273171,0,3.283914339e-05,2.578364911e-05,5.41967238e-05,4.714789611e-06,6.200338976e-05,0,0.007566080429,2.724957267e-05,0.0004240923736,0.003260797588,0.0002279528417,5.097583926e-05,9.976733963e-06,0.00918866694,0.0008765074308,0.0007493060548,4.5406955e-06,4.381517556e-06,0.0001656080422,0.7045251727,0.0009364747675,0.00286710239,9.417553883e-06,7.884810657e-06,2.603227585e-06,3.771209595e-05,0.0003143668291,1.190235707e-06,0.002276894636,0.006057609338,0.07519268245,0.61737293,0.01684534736,0.0001690473582,1.226045606e-05,6.493098226e-06,1.521100444e-06,5.808926176e-07,0.001249852707,0.0001064461103,0.001004500547,0,0,0.002621261403,0.004940698389,0.003015022725,0.001189533505,0.004242607392,0.01079614926,0.001122129848,0,0,0,0,5.432072157e-06,0.0002320351923,0,0.001308764447,0,0.001262243022,0.0005907834857,0,0,9.643389058e-05,0.002739565913,0,0,0,0,2.086622089e-06,0,0.000925215194,0.0007657245733,0.000781638606,0,0.004847392906,0.0003296764917,0.002340081148,0,0,0.0004293650854,0,0,2.091775514e-06,0,0,0,0,0.001063719159,0.001645526965
11,0.002724573016,0.0001869127009,0.001739962143,0.0009226193652,0.006661997177,0.002444195095,0.0004188222811,0.002693433547,0.01226235647,3.984652722e-05,0,0.0001940062066,0.3223814368,0.08034547418,0.0002143481397,0.005716093816,0.0008503997815,0.001810382702,0.000538110442,0.0009553046548,0.001704262802,0.0003769889008,0,0,0.0008396531921,0.0003847632906,0.002426504623,0.002574346494,0.002227112418,0.002748859581,0.001693689497,0.001769394847,0.001053003594,0.003106117481,0.0008906691219,0.003170684213,0.003458512714,0,0,0,0.002380952239,0,0,0.2448508441,0.05857038125,0.03857561946,0.01083269715,0.03022970818,0.04004047811,0.01011415385,0.007551366463,0.002258264227,0.0001450149139,8.757816977e-05,0.0004133860057,0.0005181348533,6.274304906e-05,0.0001689343771,3.842001024e-05,0.01134259161,0.0005045259022,0.001124596572,0.003653864143,0.000725782651,0.0006561485352,7.525041292e-05,0.01026518364,0.001070785802,0.002511614934,0.0003774615179,3.912321336e-05,0.0004294693645,0.8356115818,0.003545268206,0.004844660405,0.0001342410105,0.0004967818968,0.0001872226421,0.001215647557,0.002608465031,4.76675159e-05,0.005131667946,0.01530467626,0.1369425207,0.6040169597,0.02156316303,0.0007803421468,0.0001196627927,0.0001006934981,3.799937986e-05,0.0001440943597,0.01142715011,0.004770886153,0.008132041432,0.008065249771,0.01561594661,0.008075566962,0.008352173492,0.01309409831,0.005459830165,0.009581383318,0.009503645822,0.002562033478,0.002010132885,0.001707479008,1.911492836e-05,0.0001641717536,0.0005017296062,0.004116156138,0.001297119306,0.005970139988,0.0001914621389,0.00365203945,0.001978118671,8.994753443e-05,0.000272472389,0.002159540541,0.003732873593,0.0001736405247,4.764372352e-05,7.303821621e-05,0.00116556068,0.0001111667079,0.0001634202636,0.003526372137,0.003989987541,0.004262135364,5.888560918e-05,0.00657815719,0.003468208248,0.004620306659,0.004197388887,0.0008820286021,0.003020134056,0.001961338101,7.28665691e-05,6.996723823e-05,4.337570863e-05,3.82846265e-05,6.700262747e-05,6.061155e-05,0.005816749763,0.003976267762
12,0.0005811993615,0,0.0002952652867,4.335897029e-05,0.002780244686,0.0001664303854,0.001238837838,0.0002068241156,0.00198533223,6.930361451e-06,0.0001940062066,0,0.06852997839,0.03755102679,0.0002917141828,0.0002824257826,7.523118256e-06,0,5.978614354e-05,0,0,4.332563185e-05,0,0,0,0,0.0001516359625,0.0001551124733,0.0002475330839,6.884094182e-05,7.330721564e-05,4.892261495e-05,3.740119428e-05,0,4.811166946e-06,4.335608173e-05,0,0,0,0,0,0,0,0.227541104,0.1663516909,0.03989412263,0.04069935158,0.09116815031,0.05702805147,0.01429034676,0.01241941657,0.001369516249,0.000201152201,6.477632996e-05,6.449309149e-05,0.0001266241015,9.943684745e-06,4.551127859e-05,3.139871069e-06,0.008921560831,0.0001411558333,0.0005142148002,0.002080373699,0.0002573016973,0.0001979327208,1.613576387e-05,0.006527617108,0.0008216184797,0.002500536386,0,1.350723596e-05,0.006040662993,0.7371485829,0.002728568157,0.003153924365,0.0003000923025,0.000615588564,0.0001239257836,0.0007532279124,0.001100268331,2.209645754e-05,0.003110768273,0.01207441185,0.09312798828,0.4923393726,0.01551758964,0.002416302916,0.0001513681636,0.000257120264,2.508133548e-05,3.150670454e-05,0.01079385448,0.005193637218,0.001720965956,0.001176054939,0.003633310553,0.01154013257,0.007377724629,0.005408387631,0.004401571117,0.006121519487,0.01230410207,0.001485800603,0,0,0.0005307365209,1.21145622e-05,1.022135257e-05,0.001260013902,0.0002161760785,0.002239449183,0.002380952472,0.001884696656,0.0005241667968,0,9.354064241e-05,0.0006855774554,0.0008742778446,0,0,0,0.0003949614184,5.728190081e-05,0,0.0007801013417,0.001641298528,0.001618335024,4.535349217e-05,0.005925299134,0.000761855219,0.002155483235,0.001484824694,9.238463099e-05,0.001539301826,0.001087712008,0.0002344012755,0.0005928413593,0.0002556915279,0,3.362026837e-05,0,0.005170515738,0.003252667841
13,0.06240655109,0.06257525086,0.1754143983,0.1892423034,0.04500474781,0.314396739,0.354147166,0.1790097952,0.2457082719,0.04956013709,0.3223814368,0.06852997839,0,0.6870608926,0.6992312074,0.1416769922,0.03219119459,0.02927146293,0.02396091446,0.02471471764,0.03703663498,0.02759979852,0.02823015489,0.01053452305,0.03050605394,0.04543809593,0.1588787735,0.09171586484,0.101944901,0.09150537103,0.09473277628,0.08136469871,0.06137583405,0.0594108291,0.09201193601,0.1018320024,0.05196990073,0.008229793981,0.01776272804,0.02373055182,0.02129890583,0.01493535098,0.004761904944,0.481482327,0.164422363,0.4375065863,0.1835066229,0.1175944433,0.1085400134,0.2186214775,0.1370422393,0.2931825817,0.1645384133,0.08424461633,0.08194066584,0.08301439136,0.0137208607,0.03839349747,0.007115751039,0.3757344484,0.1062181219,0.09424921125,0.1280872077,0.06150530651,0.1750679612,0.02352930605,0.5122291446,0.2683991194,0.2958179116,0.06528591365,0.04510978982,0.4839366972,0.9727956653,0.3026993871,0.193209514,0.4224112034,0.2943505943,0.1735627353,0.2489752024,0.1462817937,0.1744158715,0.1498546004,0.4082528055,0.5957694054,0.883538425,0.4680021107,0.4658626914,0.3157019615,0.3762558103,0.1007223725,0.08655686677,0.2013349682,0.1840684265,0.04237161204,0.0523198843,0.04618038237,0.05483107269,0.0528199859,0.04242498055,0.06801320612,0.0600213483,0.05628464371,0.06785098463,0.04241745174,0.0410252437,0.01330459397,0.02050129697,0.04296449572,0.06222373247,0.02967502922,0.06463094801,0.01111371908,0.06408620626,0.07557189465,0.03614337742,0.0401597172,0.0446247384,0.06669840217,0.03588337079,0.03219887987,0.03807210922,0.06773268431,0.04686968401,0.09025488049,0.1066968888,0.07467079163,0.06630875915,0.05439780653,0.07600323111,0.08220884204,0.08087289333,0.06533452123,0.0435208194,0.06973414123,0.06062428281,0.07964774966,0.1711935252,0.1475318968,0.09637093544,0.05131635442,0.05788528547,0.0576011166,0.06521701813
14,0.1488267481,0.03312317654,0.08275403082,0.03563027084,0.2159255296,0.03895157203,0.03289833665,0.03457159549,0.2669734061,0.07579793036,0.08034547418,0.03755102679,0.6870608926,0,0.04691744596,0.07165999711,0.02204307169,0.02686667815,0.02513349429,0.03274069726,0.02772503532,0.02397296205,0.007828021422,0.004761904944,0.01159567572,0.02049974538,0.05694674328,0.04967373237,0.05373008922,0.05083391815,0.05657245591,0.0623616986,0.04156551883,0.02978299558,0.03431360796,0.056884069,0.01717026345,0.009523809887,0.009523809887,0.003142679809,0.01185295172,0.005973407999,0,0.8703314066,0.4973604381,0.6095019579,0.2333595604,0.3528398871,0.5038309693,0.2712571621,0.2180534303,0.3419054449,0.1429707408,0.230287537,0.2987900674,0.3055078387,0.1430440545,0.1164060086,0.06890234351,0.4132756293,0.1629161835,0.193303749,0.2060803473,0.1399676353,0.4060584307,0.1866946667,0.5052374601,0.3745735586,0.4186642766,0.06097718328,0.1546815187,0.1814389229,0.9976080656,0.4131180942,0.3233009577,0.2277487665,0.3820804656,0.2157173306,0.4475370347,0.2108116299,0.1740857661,0.2295455337,0.5240831375,0.687928021,0.9238225818,0.4732941985,0.3317832947,0.3113308549,0.1315760612,0.1701066196,0.2189152986,0.4715259969,0.3086295724,0.1448162198,0.1018032655,0.07875739783,0.1357984692,0.1475886405,0.2526040375,0.0838785395,0.1974504888,0.2596826851,0.123253338,0.02869840153,0.02214360982,0.01904761977,0.03390849754,0.09669860452,0.107159853,0.0153604215,0.1839752048,0.0142857153,0.1567511111,0.1381377429,0.02826958708,0.07723961771,0.04854728281,0.1137774289,0.0142857153,0.01666666754,0.03873783723,0.06554995477,0.1262978315,0.02653844655,0.08655193448,0.08207303286,0.08607261628,0.009523809887,0.1926257461,0.09546998143,0.1228912771,0.04745697603,0.0283133965,0.1057139933,0.0387920849,0.03278586268,0.03388174251,0.02727719769,0.07582487166,0.06465130299,0.03797316179,0.1472949535,0.1535467356
15,0.02236171626,3.015941184e-05,0.004201685544,0.002187924227,0.01928480528,0.001423710608,0.0004300922446,0.001559443423,0.02759568952,6.835711974e-05,0.0002143481397,0.0002917141828,0.6992312074,0.04691744596,0,0.005355637986,0,0.002380952472,0,0,0.003723281668,0.002380952472,0,0,0.002380952472,0,0.003848010674,0.003443147056,0.007142857648,0.006188010331,0.01207200531,0.002380952472,0.002380952472,0.002380952472,0.002380952472,0.004761904944,0,0,0,0,0,0,0,0.5828197002,0.3418236971,0.3856633604,0.2208377868,0.2720634043,0.1725185961,0.2468936294,0.1919086128,0.0783117339,0.008124530315,0.009289869107,0.03807467595,0.03164672479,0.01268298458,0.02430563048,0.01172468159,0.1914746463,0.007142857648,0.02290810645,0.1511695683,0.04525239393,0.06199536845,0.01760041714,0.09954782575,0.04096756876,0.05785565823,0.004743870348,0.004439554643,8.605837502e-05,0.9253676534,0.07669013739,0.1706415117,9.883667371e-05,0.01814166829,0.008661280386,0.0694751516,0.00899071712,0,0.06984699517,0.1620106846,0.4114255905,0.7958262563,0.1347959936,0.001293966081,0.01001718082,8.827852071e-06,0.0005896722432,0.02426525019,0.02517658286,0.01345018391,0.004335882142,0.007004736457,0.001247748383,0.009949604981,0.01005509775,0.02195136994,0.003594355425,0.02977304533,0.03678889945,0.01500927564,0,0,0.002380952472,0,0.004761904944,0.01529884525,0,0.03700347245,0,0.03247179091,0.01229714043,0,0.01097168401,0.005571377464,0.003747013863,0,0,0.0001724763133,0,0.001764360815,0,0.001135569997,0.006400159094,0.006400482729,0,0.03477466106,0.005620240234,0.01126070134,0.002380952472,0,0.01579514518,0,0,1.746429189e-05,0,0.0004909096751,0.0006044904585,0,0.01139376964,0.008825155906
16,0.000679152261,0.0002502467541,0.0027253679,0.0008259230526,0.003336908761,0.002330941381,0.007198019419,0.0004589668533,0.005421689712,0.0002572072262,0.005716093816,0.0002824257826,0.1416769922,0.07165999711,0.005355637986,0,2.960465645e-05,0,7.595946954e-05,7.105212717e-05,0,0,0,7.523137174e-05,1.487237296e-05,1.750922138e-06,7.41915137e-05,0.0003048751387,0.000296761049,0.0001584209531,7.366204227e-05,3.491915049e-05,0.0001591153268,6.73103641e-05,6.920427404e-05,3.860334982e-05,0,0,0,0,0,0,0,0.2735320628,0.08812209219,0.07144669443,0.01051675528,0.03274149075,0.03998444229,0.009147400968,0.005537165329,0.0183854606,0.002844260773,0.001415461535,0.001857789,0.003016522387,0.0001761168824,0.0003479389707,5.474373756e-05,0.0193164181,0.001844388433,0.001641743584,0.003632684704,0.0007851792034,0.004613418132,0.0002522379509,0.06903035194,0.00891742669,0.03005964682,0.0005530694034,0.0001718884014,0.07675085217,0.9573322535,0.02024638839,0.009245850146,0.008946433663,0.004672208335,0.001173772733,0.005619774573,0.003008498577,0.0004059770145,0.003918854985,0.05091167241,0.3399354219,0.7100434899,0.09359900653,0.07808471471,0.004244592041,0.007583209779,0.0002508503385,0.0006013952079,0.0117058875,0.004883395042,0.003589835484,0.004298684187,0.01675286517,0.005453599151,0.006180811208,0.01201471034,0.002087106695,0.008666702546,0.009651768021,0.004233665764,0.001847931067,6.674799806e-05,0.0003945769568,0.0003951273975,0.0004785679921,0.004767660052,0.0003138107713,0.004056404345,0.001803070074,0.003099373775,0.002108357381,0.0003403156297,0.0004075271427,0.00116650993,0.004341460299,0.0003915002744,0.0003694792686,0.0001595014328,0.001571683679,0.0003935683926,0.003030909924,0.002195472596,0.004420752171,0.003751846263,8.633016114e-05,0.004810667131,0.003451084718,0.003610074753,0.005474433769,0.002443973208,0.003199305618,0.002745680977,0.0006040239241,0.002613043645,0.001551394467,0.0003668170248,0.0008466587751,0.0002705196384,0.004783815704,0.003218266647
17,3.047119435e-06,0,0,0,0,0,0.0007226283778,0,3.417792686e-05,0,0.0008503997815,7.523118256e-06,0.03219119459,0.02204307169,0,2.960465645e-05,0,0,3.689581717e-06,0,0,0,0,0,0,0,0,0,0,0,0,0,0,0,0,0,0,0,0,0,0,0,0,0.03069424443,0.01635918207,0.01387540624,0.001777195139,0.01043895259,0,0.003379802685,0.001252759714,0.0001989374141,0,0,0,0,0,0,0,0,0,0,0,0,0,0,0.003959504422,0.001071352861,0.001125020091,0,0,0,0.358214438,0.002380952472,0,0,0,0,0.0006030841614,0,0,0,0.003498516511,0.02171538025,0.1905570924,0.008783648722,0.007429682184,0,0.001273268834,0,0.0003681574017,0,0,0,0,0,0,0,0,0,0,0,0,0,0,0,0,0,0,0,0,0,0,0,0,0,0,0,0,0,0,0,0,0,0,0,0,0,0,0,0,0,0,0,0,0,0,0,0,0,0,0,0
18,0,0,0,0,0,0,0,0,0.0001179088285,0,0.001810382702,0,0.02927146293,0.02686667815,0.002380952472,0,0,0,0,0,0,0,0,0,0,0,0,0,0,0,0,0,0,0,0,0,0,0,0,0,0,0,0,0.010059922,0.01518365741,0,0.004761904944,0.001526078908,0.002380952472,0.002380952472,0.00136266544,0.004761904944,0,0,0,0,0,0,0,0.0008010924212,0,0,0.0004006501695,0,0,0,0,0,0,0,0,0,0.2465293258,0,0,0,0,0,0,0,0,0,0,0.03331808001,0.1162586138,0.002380952472,0,0,0,0,0,0,0,0,0,0,0,0,0,0,0,0,0,0,0,0,0,0,0,0,0,0,0.000608688395,0,0,0,0,0,0,0,0,0,0,0,0,0,0,0,0,0,0,0,0,0,0,0,0,0,0,0,0,0,0
19,0,0,0,0,0,0,0,0,4.120354424e-05,0,0.000538110442,5.978614354e-05,0.02396091446,0.02513349429,0,7.595946954e-05,3.689581717e-06,0,0,0,0,0,0,0,0,0,0,0,0,0,0,0,0,0,0,0,0,0,0,0,0,0,0,0.01965640858,0.0198510401,0.008510171436,0.001963820076,0.003645314369,0.001716215862,0.0002892132034,0,0,0,0,0,0,0,0,0,0,0,0,0.001383405295,0.0004554368788,0,0,0,0,0,0,0,0.004761904944,0.2783687413,0,0,0.0004368240479,0,0,0,0,0,0,0.002380952239,0.03178077191,0.09615667909,0.001606036909,0.007142857648,0,0,0.0001171258991,0,0.002380952472,0,0,0,0,0,0,0,0,0,0,0,0,0,0,0,0,0,0,0,0,0,0,0,0,0,0,0,0,0,0,0,0,0,0,0,0,0,0,0,0,0,0,0,0,0,0,0,0,0,0,0
20,0,0,0,0,0,0.0001389683457,0,0,0.0001109401273,0,0.0009553046548,0,0.02471471764,0.03274069726,0,7.105212717e-05,0,0,0,0,0,0,0,0,0,0,0,0,0,0,0,0,0,0,0,0,0,0,0,0,0,0,0,0.02678844146,0.01988679171,0.01943982579,0.001191129792,0.005733316299,0,0.002007417614,0.001756126061,0,0,0,0,0,0,0,0,0.0006510560052,0,0,0,0,0,0,0,0,0.006747255102,0,0,0.004761904944,0.3404943943,0,0.0007389067323,0,0,0,0,0,0,0,0,0.03739188612,0.1849434078,0.007142857648,0.003314464586,0,0.002380952239,0,0,0,0,0,0,0,0,0,0,0,0,0,0,0,0,0,0,0,0,0,0,0,0,0,0,0,0,0,0,0,0,0,0,0,0,0,0,0,0,0,0,0,0,0,0,0,0,0,0,0,0,0.002380952472,0
21,0,0,0,0,0,0,0,0,7.104167162e-05,0,0.001704262802,0,0.03703663498,0.02772503532,0.003723281668,0,0,0,0,0,0,0,0,0,0,0,0,0,0,0,0,0,0,0,0,0,0,0,0,0,0,0,0,0.03201837093,0.01559372805,0.007068405394,0,0.009436372668,0.006182949059,0,0.0004655080265,0.001137361163,0,0,0,0,0,0,0,0.005142609589,0,0,0.0006794793298,8.499873366e-05,0,0,0,0,0.003901612246,0,0,0.004761904944,0.3481558561,0.002380952239,0.0004856525338,0.0004319373402,0,0,0,0,0,0,0,0.03904285654,0.1472576261,0,0.001833068207,0.0002660594182,0.002710448578,0,0,0,0,0,0,0,0,0,0,0,0,0,0,0,0,0,0,0,0,0,0,0,0,0,0,0,0,0,0,0,0,0,0,0,0,0,0,0,0,0,0,0,0,0,0,0,0,0,0,0,0,0,0
22,0,0,0,0,0,0,0,0,0.0001992603939,0,0.0003769889008,4.332563185e-05,0.02759979852,0.02397296205,0.002380952472,0,0,0,0,0,0,0,0,0,0,0,0,0,0,0,0,0,0,0,0,0,0,0,0,0,0,0,0,0.01691140421,0.010025681,0.004761904944,0,0.006512861233,0.00559631642,0.002300099237,0,0,0,0,0,0,0,0,0,0.002380952472,0,0,0,0.0002607855131,0,0.0002933120995,0,0,0.002451025881,0,0,0,0.2616766989,0,0.002903132001,0.001167012029,0,0,0,0,0,0.0003354068904,0,0.01467512082,0.09106771648,0.0006019951543,0,0,0,0,0,0,0,0,0,0,0,0,0,0,0,0,0,0,0,0,0,0,0,0,0,0,0,0,0,0,0,0,0,0,0,0,0,0,0,0,0,0,0,0,0,0,0,0,0,0,0,0,0,0,0,0,0
23,0,0,0,0,0,0,0,0,0.0002781377116,0,0,0,0.02823015489,0.007828021422,0,0,0,0,0,0,0,0,0,0,0,0,0,0,0,0,0,0,0,0,0,0,0,0,0,0,0,0,0,0.008919359185,0.003732405137,0.002380952472,0,0,0.002380952472,0,0.002380952472,0,0,0,0,0,0,0,0,0,0,0,0.0001354916749,0.0003684689291,0,0,0,0,0,0,0,0,0.1150387004,0,0,0,0,0,0,0,0,0,0,0.02031912282,0.06620956957,0,0,0,0,0,0,0,0,0,0,0,0,0,0,0,0,0,0,0,0,0,0,0,0,0,0,0,0,0,0,0,0,0,0,0,0,0,0,0,0,0,0,0,0,0,0,0,0,0,0,0,0,0,0,0,0,0,0
24,0,0,0.0004104696854,0,0,0,0,0,0,0,0,0,0.01053452305,0.004761904944,0,7.523137174e-05,0,0,0,0,0,0,0,0,0,0,0,0,0,0,0,0,0,0,0,0,0,0,0,0,0,0,0,0.007142857648,0.0012998397,0.002380952472,0,0,0,0,0,0,0,0,0,0,0,0,0,0,0,0,0,0,0,0,0,0,0,0,0,0,0.06514938921,0,0,0,0,0,0,0,0,0,0,0.0142857153,0.02511804737,0,0.002380952472,0,0,0,0,0,0,0,0,0,0,0,0,0,0,0,0,0,0,0,0,0,0,0,0,0,0,0,0,0,0,0,0,0,0,0,0,0,0,0,0,0,0,0,0,0,0,0,0,0,0,0,0,0,0,0,0
25,0,0,0,0,0,0,0,0,4.452478606e-05,0,0.0008396531921,0,0.03050605394,0.01159567572,0.002380952472,1.487237296e-05,0,0,0,0,0,0,0,0,0,0,0,0,0,0,0,0,0,0,0,0,0,0,0,0,0,0,0,0.01281013433,0.009250122122,0.004761904944,0,0,0.003206550376,0,0,0,0,0,0,0,0,0,0,0.002380952472,0,0,0,0,0,0,0.002380952239,0,0.002380952472,0,0,0,0.1493291855,0,0,0,0,0,0.0007073729648,0,0,0,0,0.01436037011,0.04414644092,0,0.002380952472,0,0,0,0,0,0,0,0,0,0,0,0,0,0,0,0,0,0,0,0,0,0,0,0,0,0,0,0,0,0,0,0,0,0,0,0,0,0,0,0,0,0,0,0,0,0,0,0,0,0,0,0,0,0,0,0
26,0,0,0,0,0,0,0,0,0.0001323480683,0,0.0003847632906,0,0.04543809593,0.02049974538,0,1.750922138e-06,0,0,0,0,0,0,0,0,0,0,0,0,0,0,0,0,0,0,0,0,0,0,0,0,0,0,0,0.02334754914,0.01740209945,0,0.007142857648,0.002852561651,0.003660150571,0.001315304544,0,0,0,0.002380952472,0,0,0,0,0,0.002760618459,0,0,0.002380952472,0,0.0006513684057,0,0,0,0.00304969307,0,0,0.002380952472,0.2798193991,0.002380952472,0,0,0,0,0,0,0,0,0,0.03799720109,0.1069661826,0.0008853941108,0,0,0,0,0,0,0,0,0,0,0,0,0,0,0.001327486942,0.0007122966927,0,0,0,0,0,0,0,0,0,0,0,0,0,0,0,0,0,0,0,0,0,0,0,0,0,0,0,0,0,0,0,0,0,0,0,0,0,0,0,0,0
27,2.960371421e-05,0,0.0003759990504,1.868370236e-05,0.002380952239,0.002380952239,0.002380952472,1.791621253e-05,0.0001478088234,3.466922135e-05,0.002426504623,0.0001516359625,0.1588787735,0.05694674328,0.003848010674,7.41915137e-05,0,0,0,0,0,0,0,0,0,0,0,6.48862283e-07,0,1.445092266e-06,0,0,0,0,0,0,0,0,0,0,0,0,0,0.1286499798,0.05974779651,0.03497363999,0.00656599924,0.02465310507,0.01845308766,0.005076431204,0.002540453104,0.01002962049,0.002380952472,0.0006408013287,0.0001731899974,0.0009431017097,7.217400253e-06,2.866735304e-05,1.590834654e-05,0.007619306445,0.0009299020749,0.0003172659199,0.001205262262,0.000105617888,0.0006842145231,2.818807297e-05,0.008805728517,0.0005336982431,0.01669868454,0,1.324299774e-05,0.02275581285,0.8266946077,0.003562622471,0.001291569322,0.003133936087,0.0004386318033,0,0.001418559696,0.0007371142274,0.0001958371868,0.0001880234777,0.02304710075,0.2197061926,0.6445678473,0.0380885601,0.02344921604,0.001232869807,0.000929594331,0.0001185135698,0,0.003156682942,0.003061979311,0.001551751979,0.008154891431,0.002380952472,0,0.002380952472,0.001644983771,0,0,0.0003952178231,0,0,0,0,1.596196853e-05,0,0,0,0,0,0.000669830828,0.0002810654987,0,0,0,0,0,0,0,0,6.524552737e-05,0,0,0,0,0,0,0,0.001070077298,0.002380952472,0.002380952472,0.002380952472,0,0,0,0,0,0,0,0,0.0004467516846
28,0,0,0.0002101753198,0,0,0,0,6.096287325e-05,0.0002591132652,0,0.002574346494,0.0001551124733,0.09171586484,0.04967373237,0.003443147056,0.0003048751387,0,0,0,0,0,0,0,0,0,0,6.48862283e-07,0,0,0,0,0,0,0,0,0,0,0,0,0,0,0,0,0.04443921149,0.02984175831,0.01187331043,0.005528653506,0.004204528406,0.007917426527,0.00349793979,0.0004092243034,0.002380952472,0,0,0,0,0,0,0,0.007630445063,0,0.0008612048114,0.00011612034,0,0,4.045551759e-05,0.004761904944,0.0005524719018,0.009922235273,0,0,0,0.5699551702,0.0005421160604,0,0,0,0.002380952239,0,0,0,0.0008398680948,0,0.09002704173,0.3283002973,0.008629788645,0.01104377117,0.004761904944,0,0.0005193203688,0,0,0,0,0,0,0,0,0.002380952239,0,0,0.001587191015,0,0,0,0,0,0,0,0,0,0,0,0,0,0,0,0,0,0,0,0,0,0,0.001073487219,0,0,0,0,0,0,0,0,0,0,0,0.002380952472,0,0,0,0,0,0
29,2.114762719e-05,0,0.0001276267139,8.037958651e-06,0,0,0,9.215405953e-06,0.0003331682237,0.0001843060309,0.002227112418,0.0002475330839,0.101944901,0.05373008922,0.007142857648,0.000296761049,0,0,0,0,0,0,0,0,0,0,0,0,0,0,0,0,0,0,0,0,0,0,0,0,0,0,0,0.06893999875,0.0477382578,0.03106462769,0.009970348328,0.01181794889,0.01474466361,0.002739068354,0.002218030626,0.005782295484,0,0,0,0,0,0,4.010282282e-05,0.005282131489,0,0,0.000326814421,0.0001690697827,0,2.801555274e-05,0.01580905356,0.002261858201,0.01960370876,0,7.852703129e-05,0.0178498514,0.6942210197,0.000587377348,0.001250881702,0.003156798426,0,0,0.004845689051,0,0.0003273541515,0.0002409809385,0.01608471759,0.1261558086,0.4882731438,0.009616263211,0.01602140814,0.003344978206,0,0.000158424984,0.0007701363647,0.003091171384,0.0005847479333,0,0,0,0.0006330671022,0,0,0,0.0007822094485,0,0,0,0,0,0,0,0,0,0.0003020026197,0,0,0.001090589096,0,0,0,0,0,0,0,0,0,0.002380952472,0,0,0,0,0.002262478461,0,0,0,0,0,0,0,0,0,0,0,0,0,0.0007712744991
30,0,0,3.102484698e-05,0,5.297490134e-05,0,0,2.485869572e-06,0.0002530036145,2.489769031e-05,0.002748859581,6.884094182e-05,0.09150537103,0.05083391815,0.006188010331,0.0001584209531,0,0,0,0,0,0,0,0,0,0,1.445092266e-06,0,0,0,0,0,0,0,0,0,0,0,0,0,0,0,0,0.08628374338,0.05009385571,0.01779448986,0.004554565996,0.009407822043,0.006125306245,0.003556319745,0.002378355013,0.002791322535,0,0.0006605654489,0,0.001650151215,0.0001194411016,0,0,0.009428866208,0,0,0.0006778476527,9.758865053e-05,0,6.267360004e-05,0.005478919484,0.0003632418811,0.01331285946,0,0,0.02241562121,0.7569672465,0.00297187781,0.002070249757,0.004224372562,0.001026307815,0,0.002042712644,0.00445504766,0,0.000580980035,0.00134773273,0.1632218063,0.5219746828,0.01353207324,0.01841156371,0.004542767536,0.003779971274,0.0005975165986,0,0,0.0008890778408,0,0,0,0,0,0.004761904944,0,0,0.0009068850777,0.001318993629,0,0,0,0,0,0,0,0,0,0,0,0,0,0,0,0,0,0,0,0,0,0,0,0,0,0.0005399715737,0,0,0,0,0.001104527968,0,0,0,0,0,0,0,0,0.0003796800447
31,4.728419299e-06,0,0.0001228406327,0,0.0001225886517,0,0,5.831607632e-05,0.000141216573,1.549771332e-05,0.001693689497,7.330721564e-05,0.09473277628,0.05657245591,0.01207200531,7.366204227e-05,0,0,0,0,0,0,0,0,0,0,0,0,0,0,0,3.371182515e-07,0,0,0,0,0,0,0,0,0,0,0,0.08130910993,0.05536073819,0.02662117966,0.002696964424,0.01453507412,0.008450149558,0.003550007008,0.003448734526,0.005263404455,0,0,0,0,0,0,0,0.00443050405,0,0,0.0006055546692,0,0.0009631101857,0,0.01280343626,0,0.01545098796,0,3.399989146e-05,0.02216420881,0.7432910204,0.004384964705,0.001477689599,0.003594756592,0.004341484979,0,0.0004871554265,0.0004177362716,0,0.0004126785207,0.003411406651,0.1644228995,0.4914812446,0.02090702765,0.02202905342,0.001068226411,0,0,0.0001013548026,0.002380952472,0,0.001205009175,0,0,0,0,0,0,0,0,0,0,0,0,0,0,0,0,0.0002396565396,0,0.001076918212,0,0,0,0,0,0,0,0,0,0,0,0,0,0,0,0,0,0,0,0,0,0,0,0,0,0,0,0,0.002380952472,0
32,0,0,4.578736844e-05,0,0,0,0,3.093930354e-05,0.0001638987596,0,0.001769394847,4.892261495e-05,0.08136469871,0.0623616986,0.002380952472,3.491915049e-05,0,0,0,0,0,0,0,0,0,0,0,0,0,0,3.371182515e-07,0,0,0,0,0,0,0,0,0,0,0,0,0.05949474126,0.04482117295,0.01993353851,0.004881669767,0.02351256832,0.003461895743,0.005512384232,0.001681013964,0,0,0.002380952472,0.0007122937823,0,0,0,0,0.007609859109,0,0,0.0006821406423,9.429130296e-05,0.0003537843295,0,0.002633063588,0.001831530128,0.009445023723,0,0,0.004761904944,0.6700422764,0.0009768154705,0.009088392369,0.002916741651,0,0,0.0008078705869,0,0,0.001104091411,0,0.1100194529,0.3539292514,0.01779864542,0.009518838488,0,0.002380952472,0,0.0002792889718,0.003459961852,0,0,0.002380952472,0,0,0,0,0,0,0,0,0,0,0,0,0,0,0,0,0,0,0,0,0,0,0,0,0,0,0,0,0,0.002380952472,0,0.0005606600898,0,0,0,0,0,0,0,0,0,0,0,0,0,0,0,0
33,0,0,0,0,0,0,0,0,7.498747436e-05,0,0.001053003594,3.740119428e-05,0.06137583405,0.04156551883,0.002380952472,0.0001591153268,0,0,0,0,0,0,0,0,0,0,0,0,0,0,0,0,0,0,0,0,0,0,0,0,0,0,0,0.03492623195,0.0214692913,0.01739599369,0.004122152925,0.005151479971,0.006748851389,0.0006889343495,0.004371217918,0.002380952472,0,0,0.0006979420432,0,0,0,0,0,0,0,0,6.471952656e-05,0.002380952472,6.857078552e-05,0.002380952472,0,0.007755720522,0,0,0.006275549997,0.4527488649,0.002380952472,0.001196981641,0,0,0,0.0006279164227,0,0,0,0,0.05927325413,0.2106914222,0.002380952472,0.004068668,0,0,0,0,0,0,0,0,0,0,0,0,0,0,0,0,0,0,0,0,0,0,0,0,0,0,0,0,0,0,0,0,0,0,0,0,0,0,0,0,0,0.001436569495,0,0,0,0,0,0,0,0,0,0,0,0,0,0
34,0,0,0,0,0,0.002380952472,0,0,0.0002428143198,0,0.003106117481,0,0.0594108291,0.02978299558,0.002380952472,6.73103641e-05,0,0,0,0,0,0,0,0,0,0,0,0,0,0,0,0,0,0,0,0,0,0,0,0,0,0,0,0.02816630341,0.01718919724,0.005181400105,0.0058399681,0.007142857648,0.001279978547,0.001710977405,0.005068337079,0.00159921369,0,0,0.002380952472,0,0,0,0,0,0,0,0,6.212447624e-05,0.001363439136,0,0.002380952472,0.002380952239,0.007142857648,0,0,0,0.3505510688,0,0.003076595487,0.003311551875,0,0,0,0,0,0,0.004761904944,0.04691528156,0.1424123794,0.002380952239,0.002380952472,0,0.002380952239,0,0.002380952472,0,0,0,0,0,0,0,0,0,0.001530969748,0,0,0,0,0,0,0,0,0,0.0007058263873,0,0,0,0,0,0,0,0,0,0,0,0,0,0,0,0,0,0,0,0,0,0,0,0,0,0,0,0,0,0,0,0
35,0,0,0,0,0,0,0,0,5.862591934e-05,0,0.0008906691219,4.811166946e-06,0.09201193601,0.03431360796,0.002380952472,6.920427404e-05,0,0,0,0,0,0,0,0,0,0,0,0,0,0,0,0,0,0,0,0,0,0,0,0,0,0,0,0.05470454693,0.04132187366,0.02194337733,0.0071889502,0.02312894352,0.008720640093,0.005690771621,0.003271212801,0.004761904944,0,0,0,0,0,0,0,0.003955570981,0,0,9.753522318e-05,0,0.001291106106,8.499227988e-05,0.002380952472,0.002380952472,0.002751917811,0,0,0.008682284504,0.6275297403,0.002380952239,0.002248640172,0.0005814967444,0,0,0,0.0005275363219,0,0.001166053815,0.007698346395,0.1066775247,0.2883318365,0.007674134802,0.009747875854,0,0.001442649285,0.0002359822975,0,0.0007070161519,0.001867007813,0,0,0,0,0,0,0,0,0,0.002380952472,0,0,0,0,0,0,0,0,0,0,0,0,0,0,0,0,0,0,0,0,0,0,0,0,0,0.0004987803404,0.0009029647335,0,0,0,0,0,0,0,0,0,0,0,0,0
36,0,0,0,0,0,0,0,0,0.0001421273773,4.92037143e-05,0.003170684213,4.335608173e-05,0.1018320024,0.056884069,0.004761904944,3.860334982e-05,0,0,0,0,0,0,0,0,0,0,0,0,0,0,0,0,0,0,0,0,0,0,0,0,0,0,0,0.06720298529,0.05555705726,0.01748008281,0.004036350176,0.0200065989,0.01500041503,0.002832470695,0.002452988876,0.009921103716,0.001379763591,0,0,0,0,0,0,0.004163968842,0,0,0.001308908453,1.832009548e-05,0.0001964150724,0,0.01028068922,0,0.01714987308,0,0,0.01093252096,0.7153313756,0.002561196918,0.003192560282,0.001171406475,0,0,0.0002330735588,0,0,0.0002836135973,0.005278386641,0.1243171021,0.3951030374,0.01403561793,0.01193501614,0.0003391097707,0.002380952239,5.032028639e-05,0,0.0004816445871,0.0001224715525,0.0004269775818,0,0,0,0,0,0,0.001550958375,0,0,0,0,0,0,0,0,0,0.0001814981661,0,0.0002185426856,0,0,0,0,0.002380952472,0,0,0,0,0,0,0.002380952472,0,0,0,0.002380952472,0,0,0,0,0,0,0,0,0,0,0,0.0004701181315,0.001542591839,0
37,0,0,0.001363041112,0,0,0,0,0,5.989202327e-05,0,0.003458512714,0,0.05196990073,0.01717026345,0,0,0,0,0,0,0,0,0,0,0,0,0,0,0,0,0,0,0,0,0,0,0,0,0,0,0,0,0,0.0267935358,0.01589199156,0.002702477854,0.0001540880476,0.004355086945,0.002380952472,0.0005929764011,0.0003959593014,0,0,0,0,0,0,0,0,0.002380952472,0,0,0,0,0,0,0.002380952472,0,0.001098142122,0,0,0,0.2370626926,0,0,0.002380952472,0,0,0,0,0,0,0,0.0302267503,0.08579045534,0,0,0,0,0,0,0,0,0,0,0,0,0,0,0,0.003488151822,0,0,0,0,0,0,0,0,0,0,0,0,0,0,0,0,0,0,0,0,0,0,0,0,0,0,0,0,0,0,0,0,0,0,0,0,0,0,0,0,0,0
38,0,0,0,0,0,0,0,0,2.521957504e-05,0,0,0,0.008229793981,0.009523809887,0,0,0,0,0,0,0,0,0,0,0,0,0,0,0,0,0,0,0,0,0,0,0,0,0,0,0,0,0,0,0.002380952472,0,0,0,0,0,0,0,0,0,0,0,0,0,0,0,0,0,0,0,0,0,0,0,0,0,0,0,0.04574706033,0,0,0,0,0,0,0,0,0,0,0,0.01666666754,0,0.002380952472,0,0,0,0,0,0,0,0,0,0,0,0,0,0,0,0,0,0,0,0,0,0,0,0,0,0,0,0,0,0,0,0,0,0,0,0,0,0,0,0,0,0,0,0,0,0,0,0,0,0,0,0,0,0,0,0
39,0,0,0,0,0,0,0,0,0.0007429640973,0,0,0,0.01776272804,0.009523809887,0,0,0,0,0,0,0,0,0,0,0,0,0,0,0,0,0,0,0,0,0,0,0,0,0,0,0,0,0,0,0.0007615319337,0,0,0,0,0.002380952472,0,0,0,0,0,0,0,0,0,0.002380952472,0,0,0,0,0,0,0,0,0,0,0,0,0.04285714403,0,0,0,0.002380952472,0,0,0,0,0,0,0.002380952472,0.01904761977,0.002380952239,0,0,0,0,0,0,0,0,0,0,0,0,0,0,0,0,0,0,0,0,0,0,0,0,0,0,0,0,0,0,0,0,0,0,0,0,0,0,0,0,0,0,0,0,0,0,0,0,0,0,0,0,0,0,0,0,0
40,0,0,0,0,0,0,0,0,5.479401443e-05,0,0,0,0.02373055182,0.003142679809,0,0,0,0,0,0,0,0,0,0,0,0,0,0,0,0,0,0,0,0,0,0,0,0,0,0,0,0,0,0,0.009523809887,0.002380952472,0,0.004761904944,0,0,0.004761904944,0,0,0,0,0,0,0,0,0,0,0,0,0,0,0,0,0,0,0,0,0,0.104761906,0,0,0,0,0,0,0,0,0,0,0.01190476213,0.05338827148,0,0,0,0,0,0,0,0,0,0,0,0,0,0,0,0,0,0,0,0,0,0,0,0,0,0,0,0,0,0,0,0,0,0,0,0,0,0,0,0,0,0,0,0,0,0,0,0,0,0,0,0,0,0,0,0,0,0
41,0,0,0,0,0,0,0,0,0,0,0.002380952239,0,0.02129890583,0.01185295172,0,0,0,0,0,0,0,0,0,0,0,0,0,0,0,0,0,0,0,0,0,0,0,0,0,0,0,0,0,0.002380952472,0.004761904944,0.0009989968967,0,0,0,0,0,0.002380952472,0,0,0,0,0,0,0,0,0,0,0,0,0,0,0.002380952472,0,0.002380952239,0,0,0.002380952239,0.05238095298,0,0,0,0,0,0,0,0,0,0,0.002380952239,0.01666666754,0,0,0,0,0,0,0,0,0,0,0,0,0,0,0,0,0,0,0,0,0,0,0,0,0,0,0,0,0,0,0,0,0,0,0,0,0,0,0,0,0,0,0,0,0,0,0,0,0,0,0,0,0,0,0,0,0,0
42,0,0,0,0,0,0,0,0,0,0,0,0,0.01493535098,0.005973407999,0,0,0,0,0,0,0,0,0,0,0,0,0,0,0,0,0,0,0,0,0,0,0,0,0,0,0,0,0,0.004761904944,0,0,0.002380952472,0,0,0.002380952472,0,0,0,0,0,0,0,0,0,0,0,0.002380952472,0,0,0,0,0.002380952472,0,0,0,0,0,0.04456983507,0,0,0,0,0,0.002380952472,0,0,0,0,0.002380952472,0.007142857648,0,0,0,0,0,0,0,0,0,0,0,0,0,0,0,0,0,0,0,0,0,0,0,0,0,0,0,0,0,0,0,0,0,0,0,0,0,0,0,0,0,0,0,0,0,0,0,0,0,0,0,0,0,0,0,0,0,0
43,0,0,0,0,0,0,0,0,0,0,0,0,0.004761904944,0,0,0,0,0,0,0,0,0,0,0,0,0,0,0,0,0,0,0,0,0,0,0,0,0,0,0,0,0,0,0,0,0,0,0,0,0,0,0,0,0,0,0,0,0,0,0,0,0,0,0,0,0,0,0,0,0,0,0,0.0142857153,0,0,0,0,0,0,0,0,0,0,0,0.002380952239,0.002380952472,0,0,0,0,0,0,0,0,0,0,0,0,0,0,0,0,0,0,0,0,0,0,0,0,0,0,0,0,0,0,0,0,0,0,0,0,0,0,0,0,0,0,0,0,0,0,0,0,0,0,0,0,0,0,0,0,0
44,0.141003862,0.05681843683,0.2184842676,0.2094472349,0.1715151221,0.2109005004,0.1857309341,0.2356503457,0.290715009,0.1408022642,0.2448508441,0.227541104,0.481482327,0.8703314066,0.5828197002,0.2735320628,0.03069424443,0.010059922,0.01965640858,0.02678844146,0.03201837093,0.01691140421,0.008919359185,0.007142857648,0.01281013433,0.02334754914,0.1286499798,0.04443921149,0.06893999875,0.08628374338,0.08130910993,0.05949474126,0.03492623195,0.02816630341,0.05470454693,0.06720298529,0.0267935358,0,0,0,0.002380952472,0.004761904944,0,0,0.0221340023,0.01164690033,0.04387766868,0.09032617509,0.1027902439,0.02352109924,0.08899693936,0.08872713894,0.07117006183,0.05619737878,0.03577334434,0.0277141314,0.02324411459,0.03357097507,0.04053662717,0.02535794675,0.03135005757,0.04607640579,0.06673483551,0.08099338412,0.06158376113,0.02929842658,0.1303079873,0.1095268801,0.1476503164,0.1005409062,0.1502194554,0.388176918,0.7239285707,0.09720846266,0.04579317942,0.2262825072,0.07481893152,0.06506292522,0.04563459381,0.1489638984,0.1567548513,0.1446904391,0.07171613723,0.2215071619,0.7325518727,0.1375027597,0.334261626,0.1388546526,0.1828803718,0.1432783306,0.0478907451,0.1440291107,0.1539268792,0.1796108186,0.1632683724,0.1845507175,0.1339217871,0.1478509754,0.1752693951,0.09943723679,0.1286328733,0.1411425173,0.08632139862,0.02714518644,0.01753241941,0.01643710397,0.05589978397,0.08300091326,0.1031616032,0.01548041869,0.1066715196,0.007254007738,0.1171537116,0.09264475107,0.0314925313,0.06137683243,0.05803631246,0.112820968,0.02216819488,0.0431054756,0.0864405185,0.08582273871,0.07481122017,0.06896732002,0.201923728,0.09927250445,0.07322152704,0.06038700044,0.09724675864,0.09903391451,0.1243060082,0.07548841089,0.03180835769,0.07838371396,0.03503111377,0.06596723199,0.08348985761,0.08364646882,0.100961417,0.04910012335,0.06901617348,0.1459230632,0.1042874232
45,0.01356053259,0.03642006591,0.1163915098,0.1352439821,0.005028531887,0.1542640328,0.107787244,0.1563450694,0.1015466377,0.1464436948,0.05857038125,0.1663516909,0.164422363,0.4973604381,0.3418236971,0.08812209219,0.01635918207,0.01518365741,0.0198510401,0.01988679171,0.01559372805,0.010025681,0.003732405137,0.0012998397,0.009250122122,0.01740209945,0.05974779651,0.02984175831,0.0477382578,0.05009385571,0.05536073819,0.04482117295,0.0214692913,0.01718919724,0.04132187366,0.05555705726,0.01589199156,0.002380952472,0.0007615319337,0.009523809887,0.004761904944,0,0,0.0221340023,0,0.001381996786,0.0004409630201,0.0003548408276,0.0005595275434,0.001155736274,0.001374595566,0.03786457703,0.04555527493,0.04472628236,0.07519201189,0.04411784932,0.02386332303,0.03944189474,0.04839703068,0.01692217961,0.02684739605,0.03111595288,0.01216818765,0.0521835573,0.07857618481,0.03306565061,0.07168757915,0.06867357343,0.02754209004,0.01898927614,0.01782410964,0.1601945162,0.6533703804,0.09435766935,0.05413807556,0.120982945,0.08260580152,0.05006467551,0.05602222681,0.03427277878,0.0208668448,0.01104889531,0.08584208786,0.1035347134,0.581772089,0.03650575876,0.1116289198,0.09607172012,0.1138500273,0.0564921163,0.04218814522,0.003268844215,0.01787432283,0.002627587179,0.005478599574,0.002096357755,0.003073960077,0.001204115222,0.001215006108,0.001817747136,0.002651537769,0.001591379521,0.01643801294,0.002380952472,0.00318576931,0.003852546914,0.002380952239,0.02017327771,0.01301040035,0,0.01858833805,0,0.03975211829,0.05227797478,0.003616069211,0.01399632357,0.01767724939,0.02507379465,0,0.003514421172,0.005322196055,0.01393297594,0.02036762796,0.02479740046,0.04790638387,0.02076717652,0.01621072181,0.004761904944,0.01148528978,0.02871128917,0.02835370973,0.001370066777,0.005444020964,0.02457015403,0.01435228903,0.01112294849,0.04243449867,0.03174808994,0.03338864446,0.002380952472,0.002407226712,0.003415537067,0.02695919015
46,0.005917762872,0.01296231151,0.04464005679,0.08510369062,0.009299025871,0.1053189784,0.09106009454,0.08035004884,0.08300558478,0.03345743567,0.03857561946,0.03989412263,0.4375065863,0.6095019579,0.3856633604,0.07144669443,0.01387540624,0,0.008510171436,0.01943982579,0.007068405394,0.004761904944,0.002380952472,0.002380952472,0.004761904944,0,0.03497363999,0.01187331043,0.03106462769,0.01779448986,0.02662117966,0.01993353851,0.01739599369,0.005181400105,0.02194337733,0.01748008281,0.002702477854,0,0,0.002380952472,0.0009989968967,0,0,0.01164690033,0.001381996786,0,0.0007235879311,0.01346530858,0.009861326776,0.0002105242456,0.0008927569143,0.00793170929,0.008809749968,0.00147058093,0.001344697783,0.0009978485759,0.001319917501,0.001948126359,0.005566324107,0.0002047223388,0.002276997315,0.003788676113,0.001415319392,0.004056986421,0.001484282431,0.0007875859155,0.006339715794,0.008256149478,0.02018342353,0.003510061419,0.002082374878,0.1833503246,0.281281054,0.005214113276,0.0009897752898,0.0449026823,0.002799476497,0.00186383049,0.001232528477,0.01100683026,0.005326522049,0.003794604214,0.001605235855,0.01319811586,0.4837734699,0.01181431394,0.1146405339,0.01381823607,0.1163095236,0.006128046662,0.0007903381484,0.007428248413,0.01232720818,0.003865349339,0.005869236775,0.003913467284,0.0003856181575,0.001718936954,0.002368034096,0.003132573562,0.001511221984,0.001772102551,0.001588220592,0.002380952472,0.0004714747192,0.0004194825306,0.0007259575068,0.001451806747,0.005807421636,0,0.006201657932,0.002380952472,0.008887014352,0.006456659641,0.003416657681,0.000759954215,0.006755268667,0.001948868623,0,0.002514540218,0.003602350829,0.003344144905,0.001017809962,0.01966281421,0.0345928669,0.01513005141,0.006421357393,0.0007109617,0.004082463682,0.004903175402,0.008981025778,0.003130796598,0.005944787059,0.007065958343,0.003036984475,0.006919013802,0.02791493572,0.01372742839,0.00311210216,0.0008474712376,0.0005048994208,0.003216639627,0.005384395365
47,0.0009857208934,0.005198987667,0.01676640846,0.04937465861,0.001006650506,0.03719529137,0.04805248976,0.02214469016,0.01550759096,0.04048318416,0.01083269715,0.04069935158,0.1835066229,0.2333595604,0.2208377868,0.01051675528,0.001777195139,0.004761904944,0.001963820076,0.001191129792,0,0,0,0,0,0.007142857648,0.00656599924,0.005528653506,0.009970348328,0.004554565996,0.002696964424,0.004881669767,0.004122152925,0.0058399681,0.0071889502,0.004036350176,0.0001540880476,0,0,0,0,0.002380952472,0,0.04387766868,0.0004409630201,0.0007235879311,0,0.0003408881603,0.001409174874,0.0001322902681,0.0002111399954,0.0113883242,0.01652808674,0.02470769733,0.04288897291,0.03720987961,0.01872886717,0.02488206327,0.008753357455,0.01375547331,0.01791597717,0.02479879372,0.008043965325,0.02418868244,0.03335784748,0.01723746583,0.02133364789,0.02885031886,0.009405605495,0.007079726085,0.02098031715,0.08427768201,0.5979087949,0.0392068997,0.02776052803,0.06390741467,0.02773486823,0.01121347584,0.03715320304,0.01882147789,0.01026131958,0.005457685795,0.0423678793,0.05077342689,0.4182026386,0.009341401048,0.06057570502,0.02844631672,0.06884232163,0.02418775484,0.01388015226,0.001618789858,0.01013572235,0.0007613828639,0.001419602311,0.0004911145661,9.271029558e-05,0.0002292727149,0.0003973589919,0.0003342878481,0.0001682467264,8.23125738e-05,0.005313766655,0.001034258865,0,0.002380952472,0.0003896015405,0.01369193196,0.0006122565246,0,0.001505453023,0.002380952472,0.008020955138,0.009325603023,0.002380952472,0.001576397219,0.006128664594,0.001987993019,0,0,0.008813221008,0.004801099654,0,0.0118643837,0.003845713334,0.0008280940237,0.002500515664,0,0.001412770594,0.003008855041,0.004288719036,0.0007095361361,0.002380952472,0.001591939596,0.001099258312,0.004232093226,0.01100569963,0.01504382677,0.006872291677,0.001458127866,0,0.0004911884316,0.004370248411
48,0.002448419342,0.01029201318,0.02680057846,0.08941993117,0.0004783131008,0.0505958721,0.05912699178,0.03875706345,0.04282755405,0.06768723577,0.03022970818,0.09116815031,0.1175944433,0.3528398871,0.2720634043,0.03274149075,0.01043895259,0.001526078908,0.003645314369,0.005733316299,0.009436372668,0.006512861233,0,0,0,0.002852561651,0.02465310507,0.004204528406,0.01181794889,0.009407822043,0.01453507412,0.02351256832,0.005151479971,0.007142857648,0.02312894352,0.0200065989,0.004355086945,0,0,0.004761904944,0,0,0,0.09032617509,0.0003548408276,0.01346530858,0.0003408881603,0,7.377123256e-05,0.002334172139,4.356363934e-05,0.02085035481,0.02252827212,0.03718293086,0.03382996097,0.0427355282,0.02640514448,0.0316637978,0.02308372036,0.04568462074,0.004860644229,0.02545834519,0.01316564064,0.04033461958,0.07015919685,0.02638980374,0.04564642534,0.05448164046,0.0183169432,0.007037070114,0.02495205216,0.1057897732,0.6653755903,0.06223866343,0.05561684445,0.1019147336,0.04942339286,0.03664970398,0.05669552833,0.0149328569,0.01514144801,0.005759977736,0.06288816035,0.07931873202,0.5148832798,0.02204992808,0.08289020509,0.07133109868,0.07617680728,0.03404569253,0.02025794238,0.0004737598065,0.00958144106,0.0009501312743,0.0003585886152,0.0005651388201,0.000301323802,0.0001918249764,0.0002264642681,0.0004779088194,0.0002354620956,0.000136760631,0.003273856826,0.002380952239,0.002380952472,0,0,0.006688218564,0.0001502022205,0.002380952472,0.002780484734,0.002570966026,0.02022379637,0.01427677087,0,0,0.007860457525,0.002384081483,0.002380952472,0.003179798136,0.003688678611,0.00134791946,0,0.01871951297,0.01073161419,0.006021968555,0.005368839018,0,0.002093248069,0.003222600091,0.003667576937,0.001524339546,0.003413422965,0.002227638615,0.007411797997,0.007188872434,0.01623399369,0.02060785517,0.008024568669,0,0.002380952239,0.0006517621223,0.009606027976
49,0.0007340456359,0.004239533562,0.007914382033,0.03468186036,0.0002482027921,0.03886467218,0.0375906378,0.01639125682,0.03980975971,0.037713781,0.04004047811,0.05702805147,0.1085400134,0.5038309693,0.1725185961,0.03998444229,0,0.002380952472,0.001716215862,0,0.006182949059,0.00559631642,0.002380952472,0,0.003206550376,0.003660150571,0.01845308766,0.007917426527,0.01474466361,0.006125306245,0.008450149558,0.003461895743,0.006748851389,0.001279978547,0.008720640093,0.01500041503,0.002380952472,0,0,0,0,0,0,0.1027902439,0.0005595275434,0.009861326776,0.001409174874,7.377123256e-05,0,0.001507907058,5.939410767e-05,0.008078974672,0.003713716986,0.01141457725,0.04634010047,0.02955750935,0.009035303257,0.0101702353,0.006230980158,0.02100692317,0.008169638924,0.01686165482,0.001144279493,0.005361923482,0.03992181271,0.01756329089,0.03609296679,0.02924951725,0.02190189064,0.001116762636,0.0002356658515,0.1054022685,0.8200051785,0.03084015474,0.02588975616,0.08631521463,0.04050604627,0.008886129595,0.05179731175,0.0001394238498,6.426500477e-05,0.0001448335679,0.08119093627,0.110106498,0.5229887366,0.02148424275,0.1231560707,0.05302701518,0.005685734563,0.00147721963,0.00663438905,3.141836351e-05,0.0001301500888,0.0001475441532,9.955262067e-05,1.589948624e-05,8.325505041e-05,0.0001113945473,5.02075236e-05,9.489648801e-05,5.253875861e-05,3.180094791e-05,0.0002113537921,0.001559396391,0,0,0.002867319388,0.004448933061,0.0001579373784,0,0.00056599651,0,0.002232832368,0.00363243348,0,0.001519214013,0.004920353182,0.001062692376,0,0,0.0004821888579,0,0.001406644937,0.003404115094,0.002628297545,0.001009447034,0.002409467241,0.002881519496,0.0002029323077,0.00118837005,0.001338919741,0.00023377045,0,0.0005783896777,0,0.0003461258602,0.003090169979,0.004722548183,0.00234521227,0.002380952472,0,8.847295248e-05,0.0009275978664
50,0.001071734936,0.005726183299,0.009276141413,0.03176902235,0.001229081303,0.0316169709,0.02947894111,0.01892438717,0.01409606542,0.01776967384,0.01011415385,0.01429034676,0.2186214775,0.2712571621,0.2468936294,0.009147400968,0.003379802685,0.002380952472,0.0002892132034,0.002007417614,0,0.002300099237,0,0,0,0.001315304544,0.005076431204,0.00349793979,0.002739068354,0.003556319745,0.003550007008,0.005512384232,0.0006889343495,0.001710977405,0.005690771621,0.002832470695,0.0005929764011,0,0.002380952472,0,0,0.002380952472,0,0.02352109924,0.001155736274,0.0002105242456,0.0001322902681,0.002334172139,0.001507907058,0,6.173631846e-05,0.004050014075,0.008541606367,0.002738971496,0.004621914588,0.003191933502,0.00553017715,0.001308493549,0.003225529566,0.0002437334188,0.004132344387,0.001754431869,6.714116898e-05,0.001914763707,0.004776794929,0.0005504651344,0.007865768857,0.01211336814,0.009232275188,0.004241629038,0.004875983577,0.09979207814,0.5648103356,0.01327116415,0.001922574942,0.05553194508,0.01496731024,0.004420602694,0.005492409691,0.003060668008,0.009809807874,0.0002660289465,0.01457917411,0.04341482744,0.3558475375,0.004891489632,0.07410763949,0.02286681719,0.06085314602,0.008141314611,0.001544953673,0.000459054485,0.002428909298,0.0003463021421,0.0004357503203,0.0005157999694,0.0002102838043,0.0001441575005,0.0001030644271,0.0002135655668,1.529307883e-05,0.0001430228731,0.0003650279832,0,0,0,0,0.0007462325739,0.001126243733,0,0.0007302442682,0,0.002295484534,0.004669387825,0,0.0007321691955,0.001587729552,0.0003587243264,0,0.002380952472,0.002380952472,0.0004307091876,0.001455455786,0.01331761014,0.005969982129,0.0007115002372,0.00191443786,0,0.0005708493409,0.003542715684,0.001836029929,0.002874375554,0.001001888653,0.001578996074,0.0007568845176,0,0.01019758079,0.01169978734,0,0.0004954894539,0.0007801384781,0.0004365605419,0.00131560897
51,0.0002775959147,0.0006926407223,0.002506238641,0.01366794854,0.0001569924498,0.01499520894,0.02185657062,0.004850835074,0.008354433812,0.01610155962,0.007551366463,0.01241941657,0.1370422393,0.2180534303,0.1919086128,0.005537165329,0.001252759714,0.00136266544,0,0.001756126061,0.0004655080265,0,0.002380952472,0,0,0,0.002540453104,0.0004092243034,0.002218030626,0.002378355013,0.003448734526,0.001681013964,0.004371217918,0.005068337079,0.003271212801,0.002452988876,0.0003959593014,0,0,0.004761904944,0,0,0,0.08899693936,0.001374595566,0.0008927569143,0.0002111399954,4.356363934e-05,5.939410767e-05,6.173631846e-05,0,0.002924957778,0.00278066122,0.008096436039,0.01702775061,0.01399449259,0.00264872727,0.00340740406,0.003667078447,0.002616058104,0.004529814236,0.003055892885,0.0001916399779,0.002046021633,0.007837041281,0.006265573669,0.009650563821,0.008694143966,0.007671265863,0.003536913311,0.001224313979,0.1083977222,0.6595736146,0.01490494423,0.004844555631,0.06482729316,0.00948633533,0.005421805661,0.0112597663,0.002833743347,0.003339826828,0.0001133919504,0.02324271947,0.04605558515,0.3354714215,0.004444097634,0.07514962554,0.02483718842,0.05871729925,0.008279475383,0.001812908216,7.091971929e-05,0.0005941886338,3.639564238e-05,4.039351552e-05,9.345765648e-06,1.465465721e-05,4.032391735e-05,3.903852848e-05,0.0001959617512,1.562746183e-05,1.869147127e-05,7.444749644e-05,0,0,0,0,0.00250502862,6.155775191e-05,0,0.0001696373947,0.0003764809517,0.001860151184,0.001585325343,0.0008687367663,0.0009965207428,0.001061503659,0.000490503211,0.001104439725,0,0,0.003017669544,6.714936899e-05,0.002259244677,0.001060643466,0.0002157255512,0.0003300632525,0,9.539345047e-05,0.0005896993098,0.0001594616624,6.653735181e-05,0,8.553993393e-05,0.0006407060428,0.004540015943,0.007910525426,0.00374602247,0.002436348936,0,0.0008426884306,2.140751894e-05,0.0002740146883
52,0.0004574598861,0.0001147882795,0.00135730498,0.00712587405,0.0005621174932,0.006723270752,0.0009171176935,0.002462624107,0.02115755901,0.004564273171,0.002258264227,0.001369516249,0.2931825817,0.3419054449,0.0783117339,0.0183854606,0.0001989374141,0.004761904944,0,0,0.001137361163,0,0,0,0,0,0.01002962049,0.002380952472,0.005782295484,0.002791322535,0.005263404455,0,0.002380952472,0.00159921369,0.004761904944,0.009921103716,0,0,0,0,0.002380952472,0,0,0.08872713894,0.03786457703,0.00793170929,0.0113883242,0.02085035481,0.008078974672,0.004050014075,0.002924957778,0,1.481052277e-05,6.828906044e-05,0.0007751690573,0.002711759415,0.000398153963,0.0001424205548,0.0001305761689,0.002969196066,0.0002238312736,0.0008187463391,0.0006756699877,0.0002329124982,0.001000262797,0.001423531212,0.0003634699096,9.471897647e-05,0.007147394121,0.0001528033608,0.001037125592,0.1355608255,0.7249029279,0.0006309847231,0.00152579369,0.008669136092,0.001614863868,0.001097370172,0.002593672136,0.0006173335714,0.0002080806153,0.0006835310487,0.002588527743,0.04581917077,0.1242130846,0.001040459611,0.03508723155,0.0008417548961,0.01809890382,0.0003645122924,0.0008538766415,0.001206294983,0.0009042829624,0.0001737192651,0.002566856798,0.001444019494,0.003710057586,0.002032301854,0.002230234444,0.0003182447108,0.0005467376322,0.001273667905,0.0002726663952,0.0001101584858,0,0,6.892217789e-05,0.0001335256966,0.0008626004565,0,0.0008028699085,0.0002002533292,0.0005114543019,0.0004900525673,5.796780169e-05,0.0004514177563,0.0002321429056,0.0007834242424,0,0.003594825044,0.0003564684594,0.0005575953983,0.001773239695,0.003448004602,0.0009074866539,0.0002423184924,0.0009590561385,0,0.0006135992007,0.0005099895061,0.0004961398081,0,0,0.0004753755929,0,0,0.004395136144,0.0007508635754,0.001022969373,5.275813965e-05,0,0.0006687327987,0.0008502546698
53,0,0,0.00267209881,0,0,0.007142857648,0.002380952472,0,0.00366186141,0,0.0001450149139,0.000201152201,0.1645384133,0.1429707408,0.008124530315,0.002844260773,0,0,0,0,0,0,0,0,0,0,0.002380952472,0,0,0,0,0,0,0,0,0.001379763591,0,0,0,0,0,0,0,0.07117006183,0.04555527493,0.008809749968,0.01652808674,0.02252827212,0.003713716986,0.008541606367,0.00278066122,1.481052277e-05,0,3.233199379e-07,7.369170362e-06,0.0001064284879,5.041752047e-06,0,0,0.001110544428,0,0,0.0002347383415,1.037474976e-05,5.193910965e-06,0,3.578636824e-05,0,7.1036804e-05,0,0.0002134972601,0.01764172502,0.4913413525,0,0.0003298058873,0.001103346003,0,0,0.0008329249104,0,0,0.0002921119449,0.000479925453,0.0125218695,0.1855657697,0.0003596847528,0.002052839845,2.770277206e-05,0.0008803206729,0.0001256708638,0.0001419260079,0.007142857648,0,0,0,0,0,0,0,0,0.002380952472,0,0,0,0,0,0,0,0,0,0.0003382719005,0,0,0,0,0,0,0.001153589459,0,0,0,0,0,0,0,0,0,0,0,0,0,0,0,0,0,0,0,0,0,0,0,0,0
54,0.0004848670796,0,0.0002225532371,0,0,0.002380952472,0.002380952472,0.003490240313,0.001153322286,3.283914339e-05,8.757816977e-05,6.477632996e-05,0.08424461633,0.230287537,0.009289869107,0.001415461535,0,0,0,0,0,0,0,0,0,0.002380952472,0.0006408013287,0,0,0.0006605654489,0,0.002380952472,0,0,0,0,0,0,0,0,0,0,0,0.05619737878,0.04472628236,0.00147058093,0.02470769733,0.03718293086,0.01141457725,0.002738971496,0.008096436039,6.828906044e-05,3.233199379e-07,0,0,2.008609044e-06,0,2.325786227e-06,0.0001295697439,0.0007015491719,0,0,0.0001231361675,1.580897515e-05,0,0,5.087717e-05,2.368048854e-06,2.413016773e-05,0,0,0.009237178601,0.3835099041,1.075289765e-05,0.0001096313426,0.0004867891257,0,0,5.382792551e-06,0,0,0.0004760149459,0.0001892096479,0.007300627418,0.2701535523,0.0005681341863,0.0007530588191,4.623633868e-05,0.0003153498401,1.509264985e-05,0,0.009523809887,0,0,0,0,0.002380952239,0,0,0,0,0,0,0,0,0,0,0,0,0,0,0,0.0001344427292,0,0,0,0,0.0004754808906,0,0,0,0,0,0,0.001567097264,0,0,0,0,0,0,0,0,0,0,0,0,0,0,0,0,0.002380952472,0
55,0,0.0002510187333,0.0001822946942,0,0,0.002380952472,0.004761904944,0.0003168499097,0.001055245171,2.578364911e-05,0.0004133860057,6.449309149e-05,0.08194066584,0.2987900674,0.03807467595,0.001857789,0,0,0,0,0,0,0,0,0,0,0.0001731899974,0,0,0,0,0.0007122937823,0.0006979420432,0.002380952472,0,0,0,0,0,0,0,0,0,0.03577334434,0.07519201189,0.001344697783,0.04288897291,0.03382996097,0.04634010047,0.004621914588,0.01702775061,0.0007751690573,7.369170362e-06,0,0,1.732815065e-07,0,7.456022558e-06,1.171205213e-06,0.0003493354307,0,0,0.0004920377978,2.445479731e-05,2.825062893e-06,7.543355309e-07,0.0001799427555,2.076798228e-05,0.0004515465698,0,0,0.0362319462,0.3330337405,7.258835922e-06,6.310537719e-05,0.003369858023,3.53050018e-05,0,1.222943229e-05,0.0001000280754,0.0002358263009,0.001774106175,0.0001491486328,0.007450836711,0.3874418437,0.0007338657742,0.0138406558,0.0003175448219,0.004761904944,8.729495312e-05,0,0.006486484781,0,0.0006150366971,0,0,0,0,0.002380952472,0.002380952472,0.0009809302865,0,0,0,0,0,0,0,0,0,0,0,9.046267223e-05,0,0,0,0,0,0,0,0,0,0,0,0,0,0,0,0.0001686557662,0,0,0,0,0,0,0,0,0,0,0,0,0.002380952472,0
56,0.0004307221971,0,0.0001554725168,6.205552199e-05,0,0,0.002380952472,0.004026981536,0.0008562025614,5.41967238e-05,0.0005181348533,0.0001266241015,0.08301439136,0.3055078387,0.03164672479,0.003016522387,0,0,0,0,0,0,0,0,0,0,0.0009431017097,0,0,0.001650151215,0,0,0,0,0,0,0,0,0,0,0,0,0,0.0277141314,0.04411784932,0.0009978485759,0.03720987961,0.0427355282,0.02955750935,0.003191933502,0.01399449259,0.002711759415,0.0001064284879,2.008609044e-06,1.732815065e-07,0,8.450206792e-07,6.815382221e-06,0,0.0001759727456,0,6.45080263e-06,0.0002005567949,4.069706847e-05,4.364984306e-06,5.616153089e-07,0.0009492607787,7.439814362e-05,0.00188078091,0,0,0.02891313843,0.3509537578,9.461714944e-05,3.148496035e-05,0.002904114779,0.0002705487714,0.0001969785808,2.3659818e-06,0.0003835300158,1.611895095e-05,0.002380952472,0.000151662709,0.01159888227,0.3974468708,0.00193543348,0.02033923939,0,0.01116924919,0,0,0.00507161906,0.002380952472,0,0.002380952472,0,0,0,0,0,0,0,0,0,0,0,0,0,0,0,0.0008732036804,0,0,0,0,0,0,0,0,0,0,0,0,0,0.002380952472,0,0,0,0,0,0,0,0,0,0,0,0,0,0,0,0,0,0.002380952472
57,1.007105766e-05,0,7.964613906e-05,0.0003222841769,0,0.002380952239,0.004761904944,0.0007241817657,0.0001050431965,4.714789611e-06,6.274304906e-05,9.943684745e-06,0.0137208607,0.1430440545,0.01268298458,0.0001761168824,0,0,0,0,0,0,0,0,0,0,7.217400253e-06,0,0,0.0001194411016,0,0,0,0,0,0,0,0,0,0,0,0,0,0.02324411459,0.02386332303,0.001319917501,0.01872886717,0.02640514448,0.009035303257,0.00553017715,0.00264872727,0.000398153963,5.041752047e-06,0,0,8.450206792e-07,0,1.147776175e-06,9.115091189e-07,0.0003839757992,0,1.089270086e-06,5.743720249e-05,6.165626928e-06,5.16374439e-06,0,0.0007047815016,2.423299702e-05,0.0001555393683,0,0,0.02477267943,0.4232308269,2.34621275e-05,3.722061592e-05,0.001370448037,0,0,1.123719017e-06,0,0,0.001026482554,0.0001303078898,0.01506698318,0.3473725319,0.002895727986,0.004104804713,0.0001644878212,0.0007929820567,0.000170381245,0,0.001482901862,0.000610240153,0,0,0,0,0,0,0,0,0,0,0,0,0,0,0,0,0,9.17795187e-05,0,0,0,0,0,0,0,0,0,0,0,0,0,0.0001784827327,0,0,0,6.48731293e-05,0.0001028155166,0,0,0,0,0,0,0.002380952472,0,0,0,0,0,0
58,0,0.0003415164538,0.0003413345839,5.676833098e-05,0.0003825874301,0.004955202807,0,9.855008102e-05,0.0002241336915,6.200338976e-05,0.0001689343771,4.551127859e-05,0.03839349747,0.1164060086,0.02430563048,0.0003479389707,0,0,0,0,0,0,0,0,0,0,2.866735304e-05,0,0,0,0,0,0,0,0,0,0,0,0,0,0,0,0,0.03357097507,0.03944189474,0.001948126359,0.02488206327,0.0316637978,0.0101702353,0.001308493549,0.00340740406,0.0001424205548,0,2.325786227e-06,7.456022558e-06,6.815382221e-06,1.147776175e-06,0,2.245952373e-06,0.0003415606043,2.236324548e-07,8.619661003e-07,1.450155196e-05,3.35827599e-06,3.606688551e-05,0,0.000479800161,3.959506284e-05,0.0002489991894,0,0,0.03010252491,0.5124815106,3.095317152e-05,5.037921437e-05,0.003640388139,0,0,2.504774602e-05,0,0,0.0003698539222,0.0007413894054,0.02074574307,0.2574961185,0.00172772666,0.008521838114,8.703809726e-05,0.004013312981,4.04007078e-05,1.866140337e-05,0.00291295792,0.0001244088635,0.0003987429664,0,0,0,0,0.001065547811,0,0,0,0,0,0,0,0,0,0,0,0,0,0,0,0,0,0,0.0001834512077,0,0,0,0,0,0,0.0001529619185,0,0,0,7.92448991e-05,0,0,0,0,0.0001280182478,0,0,0,0,0,0,0,0.0001523026294,9.757236512e-06
59,0,0,7.770272532e-06,1.424473339e-05,6.325062714e-05,0.0005218065344,0,5.020429671e-05,1.983493348e-05,0,3.842001024e-05,3.139871069e-06,0.007115751039,0.06890234351,0.01172468159,5.474373756e-05,0,0,0,0,0,0,0,0,0,0,1.590834654e-05,0,4.010282282e-05,0,0,0,0,0,0,0,0,0,0,0,0,0,0,0.04053662717,0.04839703068,0.005566324107,0.008753357455,0.02308372036,0.006230980158,0.003225529566,0.003667078447,0.0001305761689,0,0.0001295697439,1.171205213e-06,0,9.115091189e-07,2.245952373e-06,0,0.0004444270162,0,0,0.0001006956591,1.378691991e-06,4.170404736e-06,0,0.00155905576,3.519228585e-06,0.0002073805663,0,0,0.0102849165,0.554151237,6.66308697e-05,0.000212040075,0.001155828359,0,0,0.0001257862459,1.816791837e-06,0,3.640869181e-05,0.0004577455111,0.02829956822,0.2738464773,0.001286302111,0.007089211605,8.71894008e-05,0.0003798074904,8.643779438e-06,0,0.0004152576148,0.0001159311432,0,0,0,0,0,0.0006594462902,0,0.0005229474045,0.0002562643785,0,0,0,0,0,4.641363205e-07,0,0,0,0,2.577223768e-06,0,0,0,0,0,0,0,0,0,0,0,0,0,0,0,0.0001073292515,0,0,0,0,0,0,0,0.0006719561061,0,0,0,0,0.0003182945948,0
60,0.002307407092,0.003351366147,0.01147505827,0.02746559121,0.003039281815,0.03206209093,0.04122411832,0.03144245595,0.02447386831,0.007566080429,0.01134259161,0.008921560831,0.3757344484,0.4132756293,0.1914746463,0.0193164181,0,0.0008010924212,0,0.0006510560052,0.005142609589,0.002380952472,0,0,0.002380952472,0.002760618459,0.007619306445,0.007630445063,0.005282131489,0.009428866208,0.00443050405,0.007609859109,0,0,0.003955570981,0.004163968842,0.002380952472,0,0.002380952472,0,0,0,0,0.02535794675,0.01692217961,0.0002047223388,0.01375547331,0.04568462074,0.02100692317,0.0002437334188,0.002616058104,0.002969196066,0.001110544428,0.0007015491719,0.0003493354307,0.0001759727456,0.0003839757992,0.0003415606043,0.0004444270162,0,0.000195646644,0.0004688593326,0.0001741537417,0.0008388434653,0.0003557883028,0.0001566231949,0.0001471548021,0.00167434453,0.008806487545,0.00129729684,0.0001931762235,0.1216814443,0.3842506409,0.0005574341631,0.000101724283,0.01915326901,0.0004565406707,0.0003727817384,0.0003649350256,0.009099413641,0.0008472465561,0.0008044659044,7.421792543e-05,0.005413715262,0.3495406508,0.001699212706,0.07090992481,0.003288953099,0.04054637626,0.0005489079049,9.307765868e-05,0.009001137689,0.008999385871,0.003513570176,7.718708366e-05,0.004279291723,0.0002247612429,0.001654534019,0.0003897300921,0.002700508805,0.001161684399,0.001461977256,0.0008871845785,0,0,0,0,0.0005146958865,0.002538726432,0.002380952472,0.003999410663,0,0.002279480686,0.003386195982,0.0005759527558,0,0.0001060313662,0.002950802678,0.0005661974428,0.0005834872718,0.0003642880183,0.003171334043,0,0.01241034642,0.01909279637,0.002828471363,0.00274875178,0.001599663752,0.003306461731,0.0007654614747,0.004234121181,0.001098112669,0,0.001367569203,0.002865805291,0.00138037256,0.009487895295,0.009137408808,0.0006030458026,0,0.002380952472,0.00106026209,0.005336731672
61,0,0,0.0002441424294,0,3.580897828e-05,0,0,0.002154012676,0.001359565766,2.724957267e-05,0.0005045259022,0.0001411558333,0.1062181219,0.1629161835,0.007142857648,0.001844388433,0,0,0,0,0,0,0,0,0,0,0.0009299020749,0,0,0,0,0,0,0,0,0,0,0,0,0,0,0,0,0.03135005757,0.02684739605,0.002276997315,0.01791597717,0.004860644229,0.008169638924,0.004132344387,0.004529814236,0.0002238312736,0,0,0,0,0,2.236324548e-07,0,0.000195646644,0,2.175433451e-07,2.308192416e-05,1.935773616e-05,4.044450179e-06,0,0.0001681301219,0,0.0002029480092,0,0,0.02745897137,0.3794672787,1.470895427e-06,3.256788887e-06,0.001255275798,0,0.0001502315426,2.992388363e-05,3.417278276e-05,0,0.0004520687799,0.0001346574572,0.007387248799,0.2881422341,0.001014421112,0.007238459308,0.0001023004152,0.002380952472,0,0,0.004761904944,0.002380952472,0,0,0,0,0,0,0,0,0,0,0,0,0,0,0,0,0,0,0,6.635444151e-05,0,0,0,0,0,0,0,0,0,0,0,0,0,0,0,0,0,0,0,0,0,0,0,0,0,0,0,0,0,0
62,7.405617362e-05,0,0.0006212510052,0.0006465182523,0,0.00281432108,0.004761904944,0,0.00156529434,0.0004240923736,0.001124596572,0.0005142148002,0.09424921125,0.193303749,0.02290810645,0.001641743584,0,0,0,0,0,0,0,0,0,0,0.0003172659199,0.0008612048114,0,0,0,0,0,0,0,0,0,0,0,0,0,0.002380952472,0,0.04607640579,0.03111595288,0.003788676113,0.02479879372,0.02545834519,0.01686165482,0.001754431869,0.003055892885,0.0008187463391,0,0,0,6.45080263e-06,1.089270086e-06,8.619661003e-07,0,0.0004688593326,2.175433451e-07,0,3.675043445e-06,4.524012184e-06,1.240193797e-05,4.386750788e-06,0.0002732158173,6.903221674e-06,0.0004997067153,0,0,0.02409512736,0.4788940847,2.192719876e-06,6.131887858e-06,0.001294867718,3.182940418e-05,0,5.686484201e-06,1.859906661e-05,0,0.0004263832525,3.306151848e-05,0.01895969175,0.2723200619,0.00132728077,0.01653993875,5.502945714e-05,0.001292025903,0.0001475498866,0,0.007675065659,0.0003838172706,0.001861317316,0,0,0,0,0,0,0,0.0006313365302,0,0,0,0,0,0.0001529628353,0,0,0,0,1.007812807e-05,0,0,0,0,0,0,0,0,0,0,0,0.001020191004,0,0,0,3.250193549e-05,0,0,0,0,0,0,0,0,0,0,0,0,0.001355445478,0
63,8.549543418e-05,0,0.000768327096,0.003337148344,0.0002537848195,0.004679047968,0.0143242199,0.001327712904,0.003660292132,0.003260797588,0.003653864143,0.002080373699,0.1280872077,0.2060803473,0.1511695683,0.003632684704,0,0.0004006501695,0.001383405295,0,0.0006794793298,0,0.0001354916749,0,0,0.002380952472,0.001205262262,0.00011612034,0.000326814421,0.0006778476527,0.0006055546692,0.0006821406423,0,0,9.753522318e-05,0.001308908453,0,0,0,0,0,0,0,0.06673483551,0.01216818765,0.001415319392,0.008043965325,0.01316564064,0.001144279493,6.714116898e-05,0.0001916399779,0.0006756699877,0.0002347383415,0.0001231361675,0.0004920377978,0.0002005567949,5.743720249e-05,1.450155196e-05,0.0001006956591,0.0001741537417,2.308192416e-05,3.675043445e-06,0,1.395401887e-05,0.0004787069629,0.0001151616671,0.001923666336,0.0006445872132,0.00378838717,0.0004364086199,2.697174205e-05,0.1046334952,0.5717456341,0.0002277524618,3.162198846e-05,0.02664224245,0.001504763146,0.00139799295,0.0005413857289,0.0002638942096,0.000375661446,2.746269274e-05,0.002134141745,0.03069413826,0.2853107452,0.002283682348,0.0577304624,0.004924615845,0.02550553158,0.001332505839,0.000406026229,0.0001267338812,0.0002074883523,0.0001653356303,3.316175207e-05,0.0005052484339,5.301677083e-05,2.92666009e-05,2.560638495e-05,6.234876491e-05,1.603505916e-05,4.664048538e-05,6.776399096e-05,0,0,0,0,5.635533307e-05,0.0001178803577,0,4.329467265e-05,0,0.0001137521249,9.213540761e-05,0,0,0.0001084896576,0.0001467609691,0,0.0008799642674,0.001569316955,0.0003419884306,7.622074918e-05,0.001722881687,0.0008040979155,0.0002007868025,5.158176282e-05,0,6.206525723e-05,0.0002609150542,6.984378706e-05,0.0003023427271,0,9.923743346e-05,0,0,0.004195054993,0.0002257814776,0.00077544339,0,0,8.172100206e-05,5.935585068e-05
64,0,0,0.0001887786784,0.0003774324432,5.070398038e-05,0.0004870230041,0.001794078038,0.0002601340238,0.0004615009238,0.0002279528417,0.000725782651,0.0002573016973,0.06150530651,0.1399676353,0.04525239393,0.0007851792034,0,0,0.0004554368788,0,8.499873366e-05,0.0002607855131,0.0003684689291,0,0,0,0.000105617888,0,0.0001690697827,9.758865053e-05,0,9.429130296e-05,6.471952656e-05,6.212447624e-05,0,1.832009548e-05,0,0,0,0,0,0,0,0.08099338412,0.0521835573,0.004056986421,0.02418868244,0.04033461958,0.005361923482,0.001914763707,0.002046021633,0.0002329124982,1.037474976e-05,1.580897515e-05,2.445479731e-05,4.069706847e-05,6.165626928e-06,3.35827599e-06,1.378691991e-06,0.0008388434653,1.935773616e-05,4.524012184e-06,1.395401887e-05,0,7.405353244e-05,1.518636145e-05,0.0006518799346,0.0001832006674,0.001274731942,0,2.814505706e-06,0.04423725232,0.5831332803,7.689232734e-05,0.0001556866628,0.008361111395,0.0003817605611,0.0004663563741,0.0001804051717,6.252359071e-06,0,1.850049557e-05,0.001239188132,0.02672822215,0.2360274047,0.001164446352,0.03799718991,0.0005321818753,0.00196360657,0.0001809882087,8.530124433e-06,0.0001614440989,4.251037171e-05,6.029787983e-05,0,0.000347180845,0,0.0002662811312,0.0001181603948,0,4.415054264e-06,6.657039921e-05,4.859241017e-06,0,0,0,0,0,7.215552614e-05,0,9.242560736e-06,0,1.383802191e-05,1.195398272e-05,0,0,0,2.493553666e-06,0,0,0,6.755413324e-06,0,0,8.900713874e-05,4.52127606e-05,0,0,2.938403486e-05,1.197268466e-05,0,0,0,4.485833051e-05,0,0,0,0,0,0,0,0,1.108818287e-05
65,2.313894947e-05,4.92685358e-05,0.0003170774144,0.0002316955797,0.002380952472,0.004761904944,0.004710232373,0.00157268648,0.001562338672,5.097583926e-05,0.0006561485352,0.0001979327208,0.1750679612,0.4060584307,0.06199536845,0.004613418132,0,0,0,0,0,0,0,0,0,0.0006513684057,0.0006842145231,0,0,0,0.0009631101857,0.0003537843295,0.002380952472,0.001363439136,0.001291106106,0.0001964150724,0,0,0,0,0,0,0,0.06158376113,0.07857618481,0.001484282431,0.03335784748,0.07015919685,0.03992181271,0.004776794929,0.007837041281,0.001000262797,5.193910965e-06,0,2.825062893e-06,4.364984306e-06,5.16374439e-06,3.606688551e-05,4.170404736e-06,0.0003557883028,4.044450179e-06,1.240193797e-05,0.0004787069629,7.405353244e-05,0,1.147871899e-06,0.0002260713663,3.233919415e-05,0.0001900668722,4.331524542e-05,0,0.05371167138,0.3496043384,2.239716923e-05,9.754497296e-05,0.000459742063,2.476839654e-06,0,6.302367979e-07,0.0006894160178,0,0.0009102738695,9.27655783e-05,0.00803582184,0.378253907,0.0009306131979,0.005535963457,1.160516877e-05,0.003055249108,2.909522209e-06,3.663996324e-07,0.004294916522,0.001539947116,0.001273778267,0,0.004761904944,0,0,0,0,0,0,0,0,0,0,0,3.171072876e-06,0.0003350230982,0,0,0,5.287353997e-05,0,0,0,0,0.0004343080509,0,0,0,0,0,0.002380952472,0.001617448172,0.00026244935,0,0,0.0009840725688,9.74434588e-05,0.001496582991,0,0,0,0,6.166214462e-06,0,0.0001402631606,4.508213806e-06,0,0,0.0008190568187,0.0006860535359
66,0,0,6.882933667e-05,7.420483598e-05,0.0001821229525,0.002380952472,0,0.0004645717563,0.0001417722815,9.976733963e-06,7.525041292e-05,1.613576387e-05,0.02352930605,0.1866946667,0.01760041714,0.0002522379509,0,0,0,0,0,0.0002933120995,0,0,0,0,2.818807297e-05,4.045551759e-05,2.801555274e-05,6.267360004e-05,0,0,6.857078552e-05,0,8.499227988e-05,0,0,0,0,0,0,0,0,0.02929842658,0.03306565061,0.0007875859155,0.01723746583,0.02638980374,0.01756329089,0.0005504651344,0.006265573669,0.001423531212,0,0,7.543355309e-07,5.616153089e-07,0,0,0,0.0001566231949,0,4.386750788e-06,0.0001151616671,1.518636145e-05,1.147871899e-06,0,0.001550046378,8.717444143e-05,0.0001579104719,0,0,0.0278669484,0.3947964907,0.0001107469434,3.866361294e-05,0.0004308184725,0,0,2.547709755e-06,0.0002409158478,0,0.0004027075192,0.0002313983277,0.01251923759,0.356918484,0.002279163105,0.006390650291,0.0001160428219,0.0004109470756,8.746182175e-06,0,0.0008696390432,0.000153933579,0.002380952472,0,0,0,0,0.002380952239,0,0,0,0,0,0,0,0,0,0.0003619247873,0,0.0001616887166,0,3.383170406e-05,0,0,0,0,0,0,0,0,0,0,0,0.0005514893564,0,0,0,0.0001696641848,0.0001613494969,0,0,0,0,0,0,0.001480728737,0,2.365563887e-05,0,0,0,0.0002585760085
67,0.002544421703,0,0.008366336115,0.01213133521,0.001915111905,0.01597209834,0.01301635616,0.01020761859,0.06919955462,0.00918866694,0.01026518364,0.006527617108,0.5122291446,0.5052374601,0.09954782575,0.06903035194,0.003959504422,0,0,0,0,0,0,0,0.002380952239,0,0.008805728517,0.004761904944,0.01580905356,0.005478919484,0.01280343626,0.002633063588,0.002380952472,0.002380952472,0.002380952472,0.01028068922,0.002380952472,0,0,0,0.002380952472,0.002380952472,0,0.1303079873,0.07168757915,0.006339715794,0.02133364789,0.04564642534,0.03609296679,0.007865768857,0.009650563821,0.0003634699096,3.578636824e-05,5.087717e-05,0.0001799427555,0.0009492607787,0.0007047815016,0.000479800161,0.00155905576,0.0001471548021,0.0001681301219,0.0002732158173,0.001923666336,0.0006518799346,0.0002260713663,0.001550046378,0,4.92317231e-05,0.007683278993,0,0.0001830446417,0.1041981801,0.4356855154,6.045253031e-05,0.0004585975257,0.009322454222,0.0002574285609,0.0005133638042,0.0006848043995,0.003369214479,0.0007836589939,0.001982822549,3.196172474e-05,0.005525479093,0.2330439389,0.0001410434197,0.03283321112,0.001002248377,0.02698999271,0.0006732533802,0.0003976497392,0.004530691076,0.001321514603,0.002380952472,0.000997081399,0,0.005533074494,0.001737228944,0.008630239405,0.0005982670118,0.005675996188,0.00116608711,0.0004322034656,0,0,0,0.0001977261563,0.0002909378381,0.005443434231,0,0.00261577405,0,0.001647921861,0.0004139960802,0,0,0,0.0001520363876,0,0,0,0.0002963265288,8.372101001e-05,0.0142857153,0.006884071976,0.00547871273,0.001670954982,0,0.002195673529,0,0,0,0.003735035425,0.002964673564,0,0.003246907843,0.004761904944,0.0009284385014,0,0,0,0.001662662835,0.001481041196
68,8.310569683e-05,0,0.001054016757,0.0008246097714,0.0001095736297,0.004595752805,0.006262855139,0.001523776795,0.00647987891,0.0008765074308,0.001070785802,0.0008216184797,0.2683991194,0.3745735586,0.04096756876,0.00891742669,0.001071352861,0,0,0,0,0,0,0,0,0,0.0005336982431,0.0005524719018,0.002261858201,0.0003632418811,0,0.001831530128,0,0.002380952239,0.002380952472,0,0,0,0,0,0,0,0,0.1095268801,0.06867357343,0.008256149478,0.02885031886,0.05448164046,0.02924951725,0.01211336814,0.008694143966,9.471897647e-05,0,2.368048854e-06,2.076798228e-05,7.439814362e-05,2.423299702e-05,3.959506284e-05,3.519228585e-06,0.00167434453,0,6.903221674e-06,0.0006445872132,0.0001832006674,3.233919415e-05,8.717444143e-05,4.92317231e-05,0,0.0007116300985,3.157636093e-05,3.276474672e-05,0.0556977205,0.4674308002,1.319236344e-05,0.0006892231759,0.001557819196,7.100079529e-05,4.438784163e-05,0.000125597493,0.0002255395375,0,0.0005824869149,0.0002256828011,0.01010283455,0.2275314927,0.0004038865445,0.008004808798,5.487778981e-05,0.00178700476,2.364429565e-05,0.0001599345123,0.003311208216,0.0005243580672,0.002380952472,0,0,0,0,0.004761904944,0,0.001009456697,0.0009952255059,0.0001511829469,0,0,0,0,2.558536607e-06,0.002380952472,0,0.0002568291384,0,5.227352449e-05,0.0001205327062,0,0,0,0.000180112489,0,0,0,0,0,0.004761904944,0.01088425331,0,0.0002497284149,0,0.0008542286814,0.0002971713548,0,0,0.00010276393,0.0003190036805,0,0.0006169980043,0,0,0,0,0,0.0004624631547,0.0002137219708
69,0.002576802624,0.0003755559446,0.003401645925,0.002649932168,0.006189207081,0.0132381646,0.01022501383,0.008630938828,0.02691053972,0.0007493060548,0.002511614934,0.002500536386,0.2958179116,0.4186642766,0.05785565823,0.03005964682,0.001125020091,0,0,0.006747255102,0.003901612246,0.002451025881,0,0,0.002380952472,0.00304969307,0.01669868454,0.009922235273,0.01960370876,0.01331285946,0.01545098796,0.009445023723,0.007755720522,0.007142857648,0.002751917811,0.01714987308,0.001098142122,0,0,0,0.002380952239,0,0,0.1476503164,0.02754209004,0.02018342353,0.009405605495,0.0183169432,0.02190189064,0.009232275188,0.007671265863,0.007147394121,7.1036804e-05,2.413016773e-05,0.0004515465698,0.00188078091,0.0001555393683,0.0002489991894,0.0002073805663,0.008806487545,0.0002029480092,0.0004997067153,0.00378838717,0.001274731942,0.0001900668722,0.0001579104719,0.007683278993,0.0007116300985,0,0.0004828413075,7.511361764e-05,0.0189568568,0.6868855953,0.001438656822,0.004672522191,0.002562537789,0.0007906713872,0.0005393523024,0.001134437742,0.00430375291,5.666611469e-05,0.004869196098,0.00846104417,0.1250162125,0.5865077972,0.0226905141,0.003247087123,6.068865696e-05,0.007142758463,8.980296116e-05,0.0001349204249,0.007512337994,0.004219648894,0.009763291106,0.003757110797,0.01116235647,0.01106440928,0.007260511164,0.009981169365,0.007907432504,0.006455640774,0.008030518889,0.003475978971,0.004030477721,0,0,0.001193401869,0.0006844840245,0.005727079231,0.0003886886407,0.005430041812,0.003144491697,0.004400555976,0.002981703961,1.281941877e-05,0.0002958221303,0.0008626757772,0.00347999949,7.41981512e-06,0.0003350293555,6.828095502e-05,0.0009880388388,0.00023780833,0.00914423354,0.009737050161,0.004125932232,0.003590644337,3.128478784e-05,0.004558133893,0.003077896312,0.003913593013,0.001878101146,0.003911706619,0.004807570484,0.0007549392176,0.0004004030197,0.002322661225,0.001575088827,0.0001803379273,7.494307647e-05,7.710936188e-05,0.005728979129,0.003627444617
70,0,0,1.132443504e-05,0,0,0,0,0,0.000132364672,4.5406955e-06,0.0003774615179,0,0.06528591365,0.06097718328,0.004743870348,0.0005530694034,0,0,0,0,0,0,0,0,0,0,0,0,0,0,0,0,0,0,0,0,0,0,0,0,0,0,0,0.1005409062,0.01898927614,0.003510061419,0.007079726085,0.007037070114,0.001116762636,0.004241629038,0.003536913311,0.0001528033608,0,0,0,0,0,0,0,0.00129729684,0,0,0.0004364086199,0,4.331524542e-05,0,0,3.157636093e-05,0.0004828413075,0,0,0.003450775752,0.5333242416,0,0.001129760058,0.000249211007,0,0,0.0007582512335,0,0,3.111959359e-06,0.003226182889,0.01733325236,0.1977697015,0.000388421875,0.004563793074,0,4.352566975e-05,0,0,0.0001906438702,0,0,0,0,0,0,0,0,0,0,0,0,0,0,0,0,0,0,0,0,0,0,0,0,0,0,0,0,0,0,0,0,0,0,0,0,0,0,0,0,0,0,0,0,0,0,0,0,0,0,0
71,0,0,4.111630005e-06,0,8.12636863e-05,0,0,0.0001289253996,5.057766975e-05,4.381517556e-06,3.912321336e-05,1.350723596e-05,0.04510978982,0.1546815187,0.004439554643,0.0001718884014,0,0,0,0,0,0,0,0,0,0,1.324299774e-05,0,7.852703129e-05,0,3.399989146e-05,0,0,0,0,0,0,0,0,0,0,0,0,0.1502194554,0.01782410964,0.002082374878,0.02098031715,0.02495205216,0.0002356658515,0.004875983577,0.001224313979,0.001037125592,0.0002134972601,0,0,0,0,0,0,0.0001931762235,0,0,2.697174205e-05,2.814505706e-06,0,0,0.0001830446417,3.276474672e-05,7.511361764e-05,0,0,0.00215191883,0.5494101048,6.506940554e-05,9.136672452e-05,0.0002516481327,0,6.246577414e-06,6.335742455e-06,2.394846661e-06,1.057158343e-07,8.435350537e-06,0.0004243498261,0.01070331316,0.3599152863,0.0008429446607,0.001773083932,2.176581438e-05,2.349008901e-05,0,0,0,0,0,0,0,0,0,0,0,0,0,0,0,0,0,0,0,0,0,0,0,0,0,0,0,0,0,0,0,0,0,0,0,0.0004705788742,0,0,0,0,0,0.0003086942015,0,0,0,0,0,0,0,0,0,0,0,0.0001403260103
72,0.005873994436,0.0001809054811,0.001251826645,0.003283147467,0.01540308073,0.004190794658,0.0002163532481,0.01196586713,0.1238787994,0.0001656080422,0.0004294693645,0.006040662993,0.4839366972,0.1814389229,8.605837502e-05,0.07675085217,0,0,0.004761904944,0.004761904944,0.004761904944,0,0,0,0,0.002380952472,0.02275581285,0,0.0178498514,0.02241562121,0.02216420881,0.004761904944,0.006275549997,0,0.008682284504,0.01093252096,0,0,0,0,0.002380952239,0,0,0.388176918,0.1601945162,0.1833503246,0.08427768201,0.1057897732,0.1054022685,0.09979207814,0.1083977222,0.1355608255,0.01764172502,0.009237178601,0.0362319462,0.02891313843,0.02477267943,0.03010252491,0.0102849165,0.1216814443,0.02745897137,0.02409512736,0.1046334952,0.04423725232,0.05371167138,0.0278669484,0.1041981801,0.0556977205,0.0189568568,0.003450775752,0.00215191883,0,0.7733770609,0.0780569911,0.1028997749,0.0001146186551,0.01029849052,0.005730560981,0.04844063893,0.005169216078,7.229539187e-05,0.04458329082,0.1141390875,0.2950358093,0.7884579301,0.139165163,0.0002506393939,0.001479795203,6.796254456e-05,0.0001748375071,0.01599555276,0.0145883793,0.004099230282,0.003348839702,0.0153859565,0.002380952239,0.008751510642,0.02149957977,0.01239656005,0,0.02265775949,0.03711726144,0.01363476925,0.002380952472,0,0,0,0.007690801751,0.01621666178,0.002380952472,0.04197581857,0,0.02187292278,0.02177461796,0,0.004881451372,0.005259924103,0.009363998659,0,0.0001207883979,0.0001351076789,0.002677542856,0.003779460909,0.0001957055501,0.003939089831,0.01292126905,0.01881600544,4.401158367e-05,0.03713298962,0.002125934465,0.02124107443,0.003703854978,0.002380952472,0.004516080488,0,0,0.0001793289121,8.19513225e-05,0.0001227013563,0.0009055795963,0.0002293189609,0.004153002519,0.005596649833
73,0.6640817523,0.4812099338,0.7383285761,0.6800729036,0.7918453813,0.7248719335,0.6712177396,0.7737147212,0.9533398151,0.7045251727,0.8356115818,0.7371485829,0.9727956653,0.9976080656,0.9253676534,0.9573322535,0.358214438,0.2465293258,0.2783687413,0.3404943943,0.3481558561,0.2616766989,0.1150387004,0.06514938921,0.1493291855,0.2798193991,0.8266946077,0.5699551702,0.6942210197,0.7569672465,0.7432910204,0.6700422764,0.4527488649,0.3505510688,0.6275297403,0.7153313756,0.2370626926,0.04574706033,0.04285714403,0.104761906,0.05238095298,0.04456983507,0.0142857153,0.7239285707,0.6533703804,0.281281054,0.5979087949,0.6653755903,0.8200051785,0.5648103356,0.6595736146,0.7249029279,0.4913413525,0.3835099041,0.3330337405,0.3509537578,0.4232308269,0.5124815106,0.554151237,0.3842506409,0.3794672787,0.4788940847,0.5717456341,0.5831332803,0.3496043384,0.3947964907,0.4356855154,0.4674308002,0.6868855953,0.5333242416,0.5494101048,0.7733770609,0,0.3884974718,0.4095626771,0.6789917946,0.364433825,0.3713623285,0.3507324457,0.7591845989,0.77895087,0.7304025888,0.3453650773,0.4428036511,0.9708474874,0.6549037099,0.7490131259,0.4792418778,0.8097059131,0.5179683566,0.3861075342,0.8806937933,0.8301686049,0.7400633693,0.6909189224,0.7373335361,0.6594158411,0.6932289004,0.7752431035,0.5091537833,0.6658790708,0.7009927034,0.5595343113,0.2244466543,0.1964330226,0.1944103092,0.291358918,0.4908665419,0.5639597774,0.1627750993,0.6219110489,0.1261541992,0.6231434941,0.5896014571,0.2812673151,0.378587693,0.3985628188,0.6010997891,0.1703247875,0.268678546,0.4009539485,0.4780927896,0.375906378,0.496491164,0.7450410128,0.581184864,0.5005398393,0.2334842086,0.6230504513,0.5699774623,0.6334477067,0.4171072841,0.2499776632,0.5689252615,0.326004982,0.3328495026,0.5650873184,0.4815178216,0.437836051,0.3165411353,0.3080984652,0.7006479502,0.6223484278
74,8.16643369e-05,0.0002194346744,0.001296895207,0.007228692528,0.002684564563,0.007293477189,0.0168423634,0.007529892959,0.01262813248,0.0009364747675,0.003545268206,0.002728568157,0.3026993871,0.4131180942,0.07669013739,0.02024638839,0.002380952472,0,0,0,0.002380952239,0,0,0,0,0.002380952472,0.003562622471,0.0005421160604,0.000587377348,0.00297187781,0.004384964705,0.0009768154705,0.002380952472,0,0.002380952239,0.002561196918,0,0,0,0,0,0,0,0.09720846266,0.09435766935,0.005214113276,0.0392068997,0.06223866343,0.03084015474,0.01327116415,0.01490494423,0.0006309847231,0,1.075289765e-05,7.258835922e-06,9.461714944e-05,2.34621275e-05,3.095317152e-05,6.66308697e-05,0.0005574341631,1.470895427e-06,2.192719876e-06,0.0002277524618,7.689232734e-05,2.239716923e-05,0.0001107469434,6.045253031e-05,1.319236344e-05,0.001438656822,0,6.506940554e-05,0.0780569911,0.3884974718,0,5.634277477e-05,0.001686791307,4.874213118e-05,9.879779827e-05,7.321169687e-05,0.0004132731119,0.0004109765869,0.001070507569,2.749954911e-05,0.007207330316,0.3086971939,0.0004478353367,0.01718890481,0.0001736385166,0.01139800437,0.0001559138473,0.0001055711837,0.007323624101,0.000462210417,0.0007146417629,0,0,0.002380952472,0,0.006414857693,0.002380952472,0.00417773705,0.0005414711777,0.0004315597762,0,0,0,0.0001441498607,0.0001034730012,0.0002283620852,0,0.0005161691224,0,0.000138313364,0.0001093944302,0,0,0.0001209707771,0,0,0.0001936660992,0,9.417191177e-05,0,0,0.004799624905,0,0.0002501285926,0,0.002815400017,0.001128050848,0.0001657740213,2.796827357e-05,0,0,0,0.0002891838667,0,0.001854700735,0,0.0001785000204,0,0.002380952239,0.0002497623209
75,0.0006656924961,0.0007897161413,0.005494494457,0.01479621232,0.0007531865849,0.007765909191,0.01316324808,0.01074129436,0.008974398486,0.00286710239,0.004844660405,0.003153924365,0.193209514,0.3233009577,0.1706415117,0.009245850146,0,0,0,0.0007389067323,0.0004856525338,0.002903132001,0,0,0,0,0.001291569322,0,0.001250881702,0.002070249757,0.001477689599,0.009088392369,0.001196981641,0.003076595487,0.002248640172,0.003192560282,0,0,0,0,0,0,0,0.04579317942,0.05413807556,0.0009897752898,0.02776052803,0.05561684445,0.02588975616,0.001922574942,0.004844555631,0.00152579369,0.0003298058873,0.0001096313426,6.310537719e-05,3.148496035e-05,3.722061592e-05,5.037921437e-05,0.000212040075,0.000101724283,3.256788887e-06,6.131887858e-06,3.162198846e-05,0.0001556866628,9.754497296e-05,3.866361294e-05,0.0004585975257,0.0006892231759,0.004672522191,0.001129760058,9.136672452e-05,0.1028997749,0.4095626771,5.634277477e-05,0,0.009385189041,0.0004159421951,0.0002018992527,8.024863928e-05,0.0007036427269,0.0001521320082,0.0005098182592,4.99939888e-05,0.01229457185,0.31844154,0.001871240442,0.05093862116,0.001247355947,0.04160962626,0.0002914004435,4.139928205e-05,0.005357459653,0.001337928465,0.001785235014,0.001924562966,0.002622898901,0.0005348501727,0.0006189708365,0.003191290889,0,0.001068998827,0.0009863430168,0.0001423166104,0,0.0002439997479,0,0,0.0003687306598,0.003406306263,0,0.001386970747,0.0002403025137,0.0005261886399,0.0006514281849,0,0,0,0.0005570635549,0,0,0,7.407889643e-05,0,0.003227590583,0.01326312032,0.0007385871722,0.0002957671823,0,0.000493431522,0.0003711816098,0.0007696163957,0.001111410442,0,0.0006267075078,0,0.0001918388443,0.004887713119,0,6.3156127e-05,0,0,0.0002912826312,0.0002691737027
76,0.0007115513436,1.391765727e-05,0.0001453706354,0.0007219737745,0.011210436,0.01168369409,0.0001445032685,0.0007891660207,0.005763618741,9.417553883e-06,0.0001342410105,0.0003000923025,0.4224112034,0.2277487665,9.883667371e-05,0.008946433663,0,0,0.0004368240479,0,0.0004319373402,0.001167012029,0,0,0,0,0.003133936087,0,0.003156798426,0.004224372562,0.003594756592,0.002916741651,0,0.003311551875,0.0005814967444,0.001171406475,0.002380952472,0,0,0,0,0,0,0.2262825072,0.120982945,0.0449026823,0.06390741467,0.1019147336,0.08631521463,0.05553194508,0.06482729316,0.008669136092,0.001103346003,0.0004867891257,0.003369858023,0.002904114779,0.001370448037,0.003640388139,0.001155828359,0.01915326901,0.001255275798,0.001294867718,0.02664224245,0.008361111395,0.000459742063,0.0004308184725,0.009322454222,0.001557819196,0.002562537789,0.000249211007,0.0002516481327,0.0001146186551,0.6789917946,0.001686791307,0.009385189041,0,8.222305041e-06,3.81752443e-06,0.0003589208645,0.004043017514,3.237765122e-05,0.02070301026,0.01085187867,0.08154794574,0.6603738666,0.0190055985,5.714083818e-05,1.814327879e-05,1.09352859e-05,6.650931027e-06,9.182049689e-05,0.008907513693,0.002883538371,0.003249741625,0.001737379935,0.002880076412,0.0008635147242,0.01087773032,0.01152228657,0.001462012879,0.0138356965,0.01648817211,0.003819256788,0,0,0,0,0.00157065026,0.007077342365,0,0.01529597025,0.002380952472,0.009254701436,0.005260512698,0,0.0003176239843,0,0.0006274304469,0,0,1.687426629e-05,0.0007143983967,0,4.87410216e-06,0.002340745647,0.004735088442,0.007917375304,5.121323738e-06,0.01583874039,0.001464109868,0.006611417048,0.007572414819,0.0003799081023,0.009436251596,0,0,0,8.951141695e-07,2.265259127e-06,0,0,0.003132724203,0.002459947951
77,8.794841051e-06,0,0.0004348565126,0.0005192353274,0,0.002380952472,0.002380952239,0.003526157234,0.001244436717,7.884810657e-06,0.0004967818968,0.000615588564,0.2943505943,0.3820804656,0.01814166829,0.004672208335,0,0,0,0,0,0,0,0,0,0,0.0004386318033,0,0,0.001026307815,0.004341484979,0,0,0,0,0,0,0,0.002380952472,0,0,0,0,0.07481893152,0.08260580152,0.002799476497,0.02773486823,0.04942339286,0.04050604627,0.01496731024,0.00948633533,0.001614863868,0,0,3.53050018e-05,0.0002705487714,0,0,0,0.0004565406707,0,3.182940418e-05,0.001504763146,0.0003817605611,2.476839654e-06,0,0.0002574285609,7.100079529e-05,0.0007906713872,0,0,0.01029849052,0.364433825,4.874213118e-05,0.0004159421951,8.222305041e-06,0,2.792388045e-07,0,0.0002649791713,0,0.001675677486,0.0002358236234,0.008093073033,0.390842855,0.001030993415,0.001644177246,3.35229015e-06,4.615350917e-05,1.146467866e-06,0,0.002534518484,0.001390284626,0,0,0,0,0.001082935953,0,0,0,0.002380952472,0,0,0,0,0,0,0.0004276258696,0,0,0,0.001119110268,0,0,0,0,0,0,0,0,0,0,0,0.004201551899,0.0009851498762,0,0,0,0,0.0009202526999,0,0,0,0,0,0,0,0,0,0,0,0.0002661158796
78,0,0,0,0.0001822937775,0.002380952472,0.002380952239,0.0001956878405,0.001280141179,0.0004791316751,2.603227585e-06,0.0001872226421,0.0001239257836,0.1735627353,0.2157173306,0.008661280386,0.001173772733,0,0,0,0,0,0,0,0,0,0,0,0.002380952239,0,0,0,0,0,0,0,0,0,0,0,0,0,0,0,0.06506292522,0.05006467551,0.00186383049,0.01121347584,0.03664970398,0.008886129595,0.004420602694,0.005421805661,0.001097370172,0,0,0,0.0001969785808,0,0,0,0.0003727817384,0.0001502315426,0,0.00139799295,0.0004663563741,0,0,0.0005133638042,4.438784163e-05,0.0005393523024,0,6.246577414e-06,0.005730560981,0.3713623285,9.879779827e-05,0.0002018992527,3.81752443e-06,2.792388045e-07,0,2.833134261e-07,7.391352847e-05,0,0.003763237968,4.350787276e-05,0.008435417898,0.3996863961,0.001670286641,0.0008357125917,1.343928488e-05,6.182290963e-05,3.915709215e-07,0,0.0003240214428,0.0004485314712,0,0,0,0,0,0,0,0,0.002380952472,0,0,0,0,0,0.000136064642,0,0,0.0018338667,0,0.0002722220088,0,0,0,0,0,0,0,0,0,0,0.0005331643042,0.003760799998,0,0,0,0.0004849939723,0,0,0,0,0.0004225349694,0,0,2.179984585e-05,0,0,0,0,0,0
79,2.965473686e-05,0,0.0001952877647,0.0005756486207,0.004421363585,0.01190476213,0.01329015289,0.002039677929,0.001993519953,3.771209595e-05,0.001215647557,0.0007532279124,0.2489752024,0.4475370347,0.0694751516,0.005619774573,0.0006030841614,0,0,0,0,0,0,0,0.0007073729648,0,0.001418559696,0,0.004845689051,0.002042712644,0.0004871554265,0.0008078705869,0.0006279164227,0,0,0.0002330735588,0,0,0,0,0,0.002380952472,0,0.04563459381,0.05602222681,0.001232528477,0.03715320304,0.05669552833,0.05179731175,0.005492409691,0.0112597663,0.002593672136,0.0008329249104,5.382792551e-06,1.222943229e-05,2.3659818e-06,1.123719017e-06,2.504774602e-05,0.0001257862459,0.0003649350256,2.992388363e-05,5.686484201e-06,0.0005413857289,0.0001804051717,6.302367979e-07,2.547709755e-06,0.0006848043995,0.000125597493,0.001134437742,0.0007582512335,6.335742455e-06,0.04844063893,0.3507324457,7.321169687e-05,8.024863928e-05,0.0003589208645,0,2.833134261e-07,0,0.0005417969078,1.656127097e-05,0.002867685631,0.0002470530453,0.008799254894,0.4041707516,0.002113810275,0.01741949096,8.373239689e-05,0.001691815211,9.262769709e-06,8.896644772e-07,0.0170048289,0.004437075928,0.002874054946,0,0,0,0,0.001282093232,0,0.002861241344,0.002380952472,0,0,0,0,0,0,0,0,0.0008352519362,0,0,0,0,0,0,0,0,0,0,0,0,0,0.007007671054,0,0,0,0.001663401257,0.0002912613563,0.0003024553007,0,0,0,0,1.337641243e-05,7.138530054e-05,0.0001403993811,2.475014298e-06,0,0,0,0.0001592798653
80,3.033483517e-05,0,4.235651068e-05,0.0002878089144,3.649196151e-05,0.002515089698,0.0007372015389,9.446602053e-05,0.001771342242,0.0003143668291,0.002608465031,0.001100268331,0.1462817937,0.2108116299,0.00899071712,0.003008498577,0,0,0,0,0,0,0,0,0,0,0.0007371142274,0,0,0.00445504766,0.0004177362716,0,0,0,0.0005275363219,0,0,0,0,0,0,0,0,0.1489638984,0.03427277878,0.01100683026,0.01882147789,0.0149328569,0.0001394238498,0.003060668008,0.002833743347,0.0006173335714,0,0,0.0001000280754,0.0003835300158,0,0,1.816791837e-06,0.009099413641,3.417278276e-05,1.859906661e-05,0.0002638942096,6.252359071e-06,0.0006894160178,0.0002409158478,0.003369214479,0.0002255395375,0.00430375291,0,2.394846661e-06,0.005169216078,0.7591845989,0.0004132731119,0.0007036427269,0.004043017514,0.0002649791713,7.391352847e-05,0.0005417969078,0,0,7.055329661e-06,0.004231577739,0.03477447107,0.2870423496,0.002786213765,0.03114700504,0.001428749179,6.541449693e-05,6.10188772e-06,0.0001617953967,4.169949534e-06,8.523473412e-07,0,0.0001090289297,0,0,0.0001645418961,6.721387035e-05,0,4.04820712e-05,0.0003672751773,0,0,0,0,0,7.399924016e-07,0,0,2.715935443e-05,0,4.984558473e-06,0,0,0,0,0,0,0,0,0,0,0,0.0004172508779,4.518312562e-05,1.777563375e-05,0.0004775257257,0.0001122799804,0,1.098436496e-05,0,0,8.429152331e-06,0,0,1.87653186e-05,0,0,0,0,2.261218469e-05,2.28338904e-05
81,0,0,0,6.881501122e-06,0,0,0,0,0.0001158515588,1.190235707e-06,4.76675159e-05,2.209645754e-05,0.1744158715,0.1740857661,0,0.0004059770145,0,0,0,0,0,0,0,0,0,0,0.0001958371868,0,0.0003273541515,0,0,0,0,0,0,0,0,0,0,0,0,0,0,0.1567548513,0.0208668448,0.005326522049,0.01026131958,0.01514144801,6.426500477e-05,0.009809807874,0.003339826828,0.0002080806153,0,0,0.0002358263009,1.611895095e-05,0,0,0,0.0008472465561,0,0,0.000375661446,0,0,0,0.0007836589939,0,5.666611469e-05,0,1.057158343e-07,7.229539187e-05,0.77895087,0.0004109765869,0.0001521320082,3.237765122e-05,0,0,1.656127097e-05,0,0,6.284811661e-06,0.0005442902911,0.01759916358,0.3792743385,0.002056526253,0.0006149537512,8.714412616e-06,0,1.533114329e-07,0,0,1.022202355e-06,0,0,0,0,0.002380952472,0,0,0.003076987341,0,0,0,0,0,0,0,0,0,0,0,0,0,0,0,0,0,0,0,0,0,0,0,0,0,0,0,0,0,0,0,0,0,0,0,0,0,0,0,0,0.0001960257796,0
82,3.426290277e-05,0,0.0002064268629,0.00114654866,0.000109037479,0.000241203219,0.001334646717,0.0005361613003,0.003717578482,0.002276894636,0.005131667946,0.003110768273,0.1498546004,0.2295455337,0.06984699517,0.003918854985,0,0,0,0,0,0.0003354068904,0,0,0,0,0.0001880234777,0.0008398680948,0.0002409809385,0.000580980035,0.0004126785207,0.001104091411,0,0,0.001166053815,0.0002836135973,0,0,0,0,0,0,0,0.1446904391,0.01104889531,0.003794604214,0.005457685795,0.005759977736,0.0001448335679,0.0002660289465,0.0001133919504,0.0006835310487,0.0002921119449,0.0004760149459,0.001774106175,0.002380952472,0.001026482554,0.0003698539222,3.640869181e-05,0.0008044659044,0.0004520687799,0.0004263832525,2.746269274e-05,1.850049557e-05,0.0009102738695,0.0004027075192,0.001982822549,0.0005824869149,0.004869196098,3.111959359e-06,8.435350537e-06,0.04458329082,0.7304025888,0.001070507569,0.0005098182592,0.02070301026,0.001675677486,0.003763237968,0.002867685631,7.055329661e-06,6.284811661e-06,0,0.005851808935,0.03963683173,0.306427002,0.002319398569,0.05481141061,0.005173548125,0.0007831426337,0.0001521389931,0.0001764936897,1.042157237e-05,3.290636187e-06,0,2.58855016e-05,0,8.499008982e-05,4.083485692e-06,4.725226972e-06,0,2.445260725e-05,3.595810267e-05,1.153450739e-05,0,0,9.528791998e-05,0,3.10617761e-05,0,0,1.290472846e-05,0,3.075339191e-05,2.412611138e-05,0,7.136636123e-05,0,4.354563316e-06,0,0,0,2.75874645e-05,0,0,0.0005095541128,9.019010577e-06,1.348586557e-05,0,1.115676059e-05,8.296969463e-05,1.171352415e-05,1.890408566e-05,0,1.542635437e-05,0.0001774066477,0,0.0003596305032,0.0002514986263,0,0,0,1.322677872e-05,2.575780309e-05
83,0.002980189864,0,0.01517246943,0.02055419423,0.008839029819,0.02211500518,0.01533847675,0.03592822328,0.04894730821,0.006057609338,0.01530467626,0.01207441185,0.4082528055,0.5240831375,0.1620106846,0.05091167241,0.003498516511,0,0.002380952239,0,0,0,0,0,0,0,0.02304710075,0,0.01608471759,0.00134773273,0.003411406651,0,0,0.004761904944,0.007698346395,0.005278386641,0,0,0,0,0,0,0,0.07171613723,0.08584208786,0.001605235855,0.0423678793,0.06288816035,0.08119093627,0.01457917411,0.02324271947,0.002588527743,0.000479925453,0.0001892096479,0.0001491486328,0.000151662709,0.0001303078898,0.0007413894054,0.0004577455111,7.421792543e-05,0.0001346574572,3.306151848e-05,0.002134141745,0.001239188132,9.27655783e-05,0.0002313983277,3.196172474e-05,0.0002256828011,0.00846104417,0.003226182889,0.0004243498261,0.1141390875,0.3453650773,2.749954911e-05,4.99939888e-05,0.01085187867,0.0002358236234,4.350787276e-05,0.0002470530453,0.004231577739,0.0005442902911,0.005851808935,0,0.005024504848,0.3805487156,0.0004555980267,0.05236360058,0.001524604042,0.03790921345,0.0008069971227,0.0002697406453,0.0224713739,0.003931486979,0.005604118109,0,0.002380952239,0.004761904944,0.004193141591,0.007142857648,0,0.006031941622,0.005608330481,0.0007062466466,0.002380952472,0,0,0,0.0003787784954,0.003891213797,0,0.002378514269,0,0.004653074313,0.003382538445,0,2.862572364e-05,0.0005750554847,0,0,0.0002557046828,0.0001599315437,0,0.0001709785574,0.006173107307,0.02198221162,0,9.037180462e-06,0,0.01124532335,0.0008476556977,0.002380952472,0,0,0.001099415007,0,0,0,0.00331598823,0,0,0,0.001266300678,0.001580287237
84,0.03996394947,0.03266029805,0.08370120823,0.1275702864,0.06420747936,0.1357075125,0.1345999241,0.1334757507,0.3620631993,0.07519268245,0.1369425207,0.09312798828,0.5957694054,0.687928021,0.4114255905,0.3399354219,0.02171538025,0.03331808001,0.03178077191,0.03739188612,0.03904285654,0.01467512082,0.02031912282,0.0142857153,0.01436037011,0.03799720109,0.2197061926,0.09002704173,0.1261558086,0.1632218063,0.1644228995,0.1100194529,0.05927325413,0.04691528156,0.1066775247,0.1243171021,0.0302267503,0,0.002380952472,0.01190476213,0.002380952239,0.002380952472,0,0.2215071619,0.1035347134,0.01319811586,0.05077342689,0.07931873202,0.110106498,0.04341482744,0.04605558515,0.04581917077,0.0125218695,0.007300627418,0.007450836711,0.01159888227,0.01506698318,0.02074574307,0.02829956822,0.005413715262,0.007387248799,0.01895969175,0.03069413826,0.02672822215,0.00803582184,0.01251923759,0.005525479093,0.01010283455,0.1250162125,0.01733325236,0.01070331316,0.2950358093,0.4428036511,0.007207330316,0.01229457185,0.08154794574,0.008093073033,0.008435417898,0.008799254894,0.03477447107,0.01759916358,0.03963683173,0.005024504848,0,0.4285636246,0.01116212271,0.2080344707,0.01954468712,0.1993691623,0.01531604864,0.009561651386,0.06492307782,0.04584665969,0.06265191734,0.04799662158,0.05285904929,0.04605464637,0.05050577596,0.05737907067,0.02372978441,0.04849621281,0.05481765047,0.02827434801,0.009822933935,0.0009451358346,0.00251420727,0.01780445501,0.01941087469,0.0372213088,0.005733943544,0.04363100976,0.007709485479,0.0328318961,0.0230491925,0.009352621622,0.01632852107,0.01587479375,0.03839222342,0.008022108115,0.008400356397,0.008520281874,0.01882630028,0.01074461732,0.08365054429,0.07248054445,0.02768751048,0.03428939357,0.009346486069,0.04473886639,0.03122370876,0.04379842058,0.03756881878,0.02105399594,0.0417236425,0.02751054801,0.02287280373,0.08199919015,0.05519830436,0.01190484315,0.008444353007,0.01120189484,0.04790825769,0.03559903055
85,0.3358317912,0.2987541258,0.3958465457,0.3754323721,0.3869784176,0.3401198387,0.3249796033,0.4122135639,0.74219203,0.61737293,0.6040169597,0.4923393726,0.883538425,0.9238225818,0.7958262563,0.7100434899,0.1905570924,0.1162586138,0.09615667909,0.1849434078,0.1472576261,0.09106771648,0.06620956957,0.02511804737,0.04414644092,0.1069661826,0.6445678473,0.3283002973,0.4882731438,0.5219746828,0.4914812446,0.3539292514,0.2106914222,0.1424123794,0.2883318365,0.3951030374,0.08579045534,0.01666666754,0.01904761977,0.05338827148,0.01666666754,0.007142857648,0.002380952239,0.7325518727,0.581772089,0.4837734699,0.4182026386,0.5148832798,0.5229887366,0.3558475375,0.3354714215,0.1242130846,0.1855657697,0.2701535523,0.3874418437,0.3974468708,0.3473725319,0.2574961185,0.2738464773,0.3495406508,0.2881422341,0.2723200619,0.2853107452,0.2360274047,0.378253907,0.356918484,0.2330439389,0.2275314927,0.5865077972,0.1977697015,0.3599152863,0.7884579301,0.9708474874,0.3086971939,0.31844154,0.6603738666,0.390842855,0.3996863961,0.4041707516,0.2870423496,0.3792743385,0.306427002,0.3805487156,0.4285636246,0,0.1378304213,0.7742521167,0.4571472406,0.7459157705,0.4108849764,0.3734635413,0.3583145738,0.3449640572,0.3617624044,0.3350961506,0.3193058968,0.3633015454,0.3947075307,0.4149558544,0.2543676496,0.3957384527,0.4130280018,0.2981047332,0.163830176,0.1066284925,0.1146752536,0.1672053784,0.2425145507,0.3476206362,0.1029863656,0.350037545,0.08982311189,0.3045123518,0.2579287887,0.1345417202,0.3065316081,0.1987950504,0.3393394649,0.07785607874,0.1491315067,0.2470128983,0.2227576226,0.3343669474,0.3646904826,0.3827455342,0.304027319,0.2975925207,0.1586980969,0.3614724576,0.2882344723,0.3313631415,0.2228200436,0.1731679738,0.3216715157,0.201091066,0.1850115508,0.3989997208,0.3315788507,0.3773805797,0.218683511,0.1937047392,0.3689846694,0.3323760629
86,0.002035681624,0.003376615234,0.0126516996,0.02016808465,0.006107322406,0.01796785183,0.01666666754,0.01920594648,0.1089302525,0.01684534736,0.02156316303,0.01551758964,0.4680021107,0.4732941985,0.1347959936,0.09359900653,0.008783648722,0.002380952472,0.001606036909,0.007142857648,0,0.0006019951543,0,0,0,0.0008853941108,0.0380885601,0.008629788645,0.009616263211,0.01353207324,0.02090702765,0.01779864542,0.002380952472,0.002380952239,0.007674134802,0.01403561793,0,0,0.002380952239,0,0,0,0.002380952472,0.1375027597,0.03650575876,0.01181431394,0.009341401048,0.02204992808,0.02148424275,0.004891489632,0.004444097634,0.001040459611,0.0003596847528,0.0005681341863,0.0007338657742,0.00193543348,0.002895727986,0.00172772666,0.001286302111,0.001699212706,0.001014421112,0.00132728077,0.002283682348,0.001164446352,0.0009306131979,0.002279163105,0.0001410434197,0.0004038865445,0.0226905141,0.000388421875,0.0008429446607,0.139165163,0.6549037099,0.0004478353367,0.001871240442,0.0190055985,0.001030993415,0.001670286641,0.002113810275,0.002786213765,0.002056526253,0.002319398569,0.0004555980267,0.01116212271,0.1378304213,0,0.06876885146,0.002414557384,0.04184494913,0.001709436532,0.001679435954,0.005398624111,0.004023191985,0.001263489132,0.005474289879,0.003575605107,0.005570675246,0.006686963141,0.005013413262,0.00447237445,0.004626164213,0.00415526377,0.003913363442,0.001223677071,0,0,8.658195293e-05,0.0004289508797,0.001509061898,0.00041772041,0.002952586627,0,0.002796925372,0.001211570576,0.00205301214,0.00048759114,0.002351270756,0.002647683723,0,0.0001582922705,0,0.0001910551509,0.001679906272,0.002380952472,0.009036540054,0.002992398804,0.001024465309,0,0.006221531425,0.002728137886,0.00169580651,0.001446022186,0.002962711966,0.003783645574,0.002380952472,0.001153777936,0.01106154546,0.006776007358,0.0006473752437,0,0,0.002947504632,0.003686171956
87,0.01989605464,0.000102906859,0.007507384755,0.0180930458,0.03128832206,0.009817602113,0.0002871602774,0.02558236755,0.06603033096,0.0001690473582,0.0007803421468,0.002416302916,0.4658626914,0.3317832947,0.001293966081,0.07808471471,0.007429682184,0,0.007142857648,0.003314464586,0.001833068207,0,0,0.002380952472,0.002380952472,0,0.02344921604,0.01104377117,0.01602140814,0.01841156371,0.02202905342,0.009518838488,0.004068668,0.002380952472,0.009747875854,0.01193501614,0,0.002380952472,0,0,0,0,0,0.334261626,0.1116289198,0.1146405339,0.06057570502,0.08289020509,0.1231560707,0.07410763949,0.07514962554,0.03508723155,0.002052839845,0.0007530588191,0.0138406558,0.02033923939,0.004104804713,0.008521838114,0.007089211605,0.07090992481,0.007238459308,0.01653993875,0.0577304624,0.03799718991,0.005535963457,0.006390650291,0.03283321112,0.008004808798,0.003247087123,0.004563793074,0.001773083932,0.0002506393939,0.7490131259,0.01718890481,0.05093862116,5.714083818e-05,0.001644177246,0.0008357125917,0.01741949096,0.03114700504,0.0006149537512,0.05481141061,0.05236360058,0.2080344707,0.7742521167,0.06876885146,0,3.967406883e-05,0.0001602060656,0.0002073444339,0.002701614751,0.04481358454,0.03259272128,0.01415215619,0.02024375461,0.01019607764,0.01801548339,0.02368554659,0.03289733082,0.01867429167,0.05589316413,0.04174206406,0.01744739711,0,0.004317765124,0.002380952472,0.01049910858,0.01157338358,0.01129628439,0.002380952239,0.04568510503,0.002380952472,0.03997496516,0.02371513844,0.0007605082938,0.006609850563,0.008533807471,0.01312456746,0,0,0.0001276908151,0.003978541587,0.005154917948,0,0.01970178075,0.0225406047,0.01766391471,0,0.04063488171,0.01146041136,0.03047900274,0.007142857648,0.002380952472,0.01959528588,0.0004500725481,2.900334584e-05,3.202886001e-05,2.760260031e-06,0.000257488573,0.005090648774,0.000459522038,0.01194887422,0.02814524248
88,6.606981333e-05,0,0.0005106365425,0.0008811901789,0.003681096714,0.007142857648,0.003247516695,0.001209060778,0.001961572794,1.226045606e-05,0.0001196627927,0.0001513681636,0.3157019615,0.3113308549,0.01001718082,0.004244592041,0,0,0,0,0.0002660594182,0,0,0,0,0,0.001232869807,0.004761904944,0.003344978206,0.004542767536,0.001068226411,0,0,0,0,0.0003391097707,0,0,0,0,0,0,0,0.1388546526,0.09607172012,0.01381823607,0.02844631672,0.07133109868,0.05302701518,0.02286681719,0.02483718842,0.0008417548961,2.770277206e-05,4.623633868e-05,0.0003175448219,0,0.0001644878212,8.703809726e-05,8.71894008e-05,0.003288953099,0.0001023004152,5.502945714e-05,0.004924615845,0.0005321818753,1.160516877e-05,0.0001160428219,0.001002248377,5.487778981e-05,6.068865696e-05,0,2.176581438e-05,0.001479795203,0.4792418778,0.0001736385166,0.001247355947,1.814327879e-05,3.35229015e-06,1.343928488e-05,8.373239689e-05,0.001428749179,8.714412616e-06,0.005173548125,0.001524604042,0.01954468712,0.4571472406,0.002414557384,3.967406883e-05,0,8.088437608e-05,3.946998731e-06,2.421640784e-05,0.01123579685,0.001118066837,0.000774245942,0.005443494301,0,0.006370825693,0.005612407811,0.003778327489,0,0.004761904944,0.006619433407,0,0.0006985401851,0,0,0,0,0,0,0.006041545887,0.002380952472,0.002293985104,0.0004495097673,0,0,0,0.00167903339,0,0,0,0,4.637998063e-05,0,0.000575545826,0.002380952472,0.001532803057,0,0.0003786058514,0.00258465088,0.002510587219,0,0,0.001929857419,0,0,1.598297968e-05,0,0,0,0,0.002004324226,0.004494266119
89,2.993247108e-05,1.905894806e-06,1.015474118e-05,0.0001044945384,0.001708068536,0,0,0,0.005622688215,6.493098226e-06,0.0001006934981,0.000257120264,0.3762558103,0.1315760612,8.827852071e-06,0.007583209779,0.001273268834,0,0,0.002380952239,0.002710448578,0,0,0,0,0,0.000929594331,0,0,0.003779971274,0,0.002380952472,0,0.002380952239,0.001442649285,0.002380952239,0,0,0,0,0,0,0,0.1828803718,0.1138500273,0.1163095236,0.06884232163,0.07617680728,0.005685734563,0.06085314602,0.05871729925,0.01809890382,0.0008803206729,0.0003153498401,0.004761904944,0.01116924919,0.0007929820567,0.004013312981,0.0003798074904,0.04054637626,0.002380952472,0.001292025903,0.02550553158,0.00196360657,0.003055249108,0.0004109470756,0.02698999271,0.00178700476,0.007142758463,4.352566975e-05,2.349008901e-05,6.796254456e-05,0.8097059131,0.01139800437,0.04160962626,1.09352859e-05,4.615350917e-05,6.182290963e-05,0.001691815211,6.541449693e-05,0,0.0007831426337,0.03790921345,0.1993691623,0.7459157705,0.04184494913,0.0001602060656,8.088437608e-05,0,4.255085742e-07,0.0005010936875,9.655978647e-05,9.29710659e-05,0,0.001609897241,0,0.002057588426,0.006395260803,0.0009635144379,0,0.003468141425,0.003018414602,0,0,0,0,0.002380952472,0,0,0,0.005289467517,0,0.002530581318,0.004446322098,0,0,0.004761904944,0.0005590853398,0,0,0,0,0,0,0.0005487679737,0.002380952472,0.002380952472,5.361453077e-06,0.00289132027,0.0002133285307,0.003356720787,0,0,0.006640182342,0,0,0,0,0,0,0,0.0001682720758,0.0001358585287
90,0,0,1.334411809e-05,0,0,0.003640289651,0.0002943043364,0.0002432371984,0.0001337267458,1.521100444e-06,3.799937986e-05,2.508133548e-05,0.1007223725,0.1701066196,0.0005896722432,0.0002508503385,0,0,0.0001171258991,0,0,0,0,0,0,0,0.0001185135698,0.0005193203688,0.000158424984,0.0005975165986,0,0,0,0,0.0002359822975,5.032028639e-05,0,0,0,0,0,0,0,0.1432783306,0.0564921163,0.006128046662,0.02418775484,0.03404569253,0.00147721963,0.008141314611,0.008279475383,0.0003645122924,0.0001256708638,1.509264985e-05,8.729495312e-05,0,0.000170381245,4.04007078e-05,8.643779438e-06,0.0005489079049,0,0.0001475498866,0.001332505839,0.0001809882087,2.909522209e-06,8.746182175e-06,0.0006732533802,2.364429565e-05,8.980296116e-05,0,0,0.0001748375071,0.5179683566,0.0001559138473,0.0002914004435,6.650931027e-06,1.146467866e-06,3.915709215e-07,9.262769709e-06,6.10188772e-06,1.533114329e-07,0.0001521389931,0.0008069971227,0.01531604864,0.4108849764,0.001709436532,0.0002073444339,3.946998731e-06,4.255085742e-07,0,0,5.639680239e-05,2.975641291e-05,0,0.001321343356,0,0.001436228864,0.0008979296545,0,0,0.0007259889389,0.0003546516527,0.000347696041,0,0,0,0,0,0,0,0.0001727111667,0,1.76455269e-05,6.541096081e-05,0,0,0.0002934477234,2.191327621e-05,0,0,0,2.690914516e-05,0,0,0.001074097934,0,0,0,0.000981152989,0,0,0,0,0.0003419009736,0,0,0,0,0,0,0,0,0.0001113527833
91,0,0,2.000532368e-05,8.163278835e-05,0,0.00114497426,0.004611920565,0.0003038265859,0.0001884393423,5.808926176e-07,0.0001440943597,3.150670454e-05,0.08655686677,0.2189152986,0.02426525019,0.0006013952079,0.0003681574017,0,0,0,0,0,0,0,0,0,0,0,0.0007701363647,0,0.0001013548026,0.0002792889718,0,0.002380952472,0,0,0,0,0,0,0,0,0,0.0478907451,0.04218814522,0.0007903381484,0.01388015226,0.02025794238,0.00663438905,0.001544953673,0.001812908216,0.0008538766415,0.0001419260079,0,0,0,0,1.866140337e-05,0,9.307765868e-05,0,0,0.000406026229,8.530124433e-06,3.663996324e-07,0,0.0003976497392,0.0001599345123,0.0001349204249,0,0,0.01599555276,0.3861075342,0.0001055711837,4.139928205e-05,9.182049689e-05,0,0,8.896644772e-07,0.0001617953967,0,0.0001764936897,0.0002697406453,0.009561651386,0.3734635413,0.001679435954,0.002701614751,2.421640784e-05,0.0005010936875,0,0,0.001139126951,6.280146044e-05,0,0,0,0,0,0,0,0,0.0007517408812,0,0,0,0,0,0,0,0,0,0,5.890160173e-05,0,0,0,0,0,0,0,0,0,0,0,0.0001387245138,0,0,0,0,0,0,0,0,0,0,0,0.000585672853,0,1.976365411e-06,0,0,0.0003041426826,0
92,2.242537084e-05,0,0.00103723479,0.006118264981,0.0001001190758,0.003953062464,0.002380952472,0.001891862834,0.01053432561,0.001249852707,0.01142715011,0.01079385448,0.2013349682,0.4715259969,0.02517658286,0.0117058875,0,0,0.002380952472,0,0,0,0,0,0,0,0.003156682942,0,0.003091171384,0,0.002380952472,0.003459961852,0,0,0.0007070161519,0.0004816445871,0,0,0,0,0,0,0,0.1440291107,0.003268844215,0.007428248413,0.001618789858,0.0004737598065,3.141836351e-05,0.000459054485,7.091971929e-05,0.001206294983,0.007142857648,0.009523809887,0.006486484781,0.00507161906,0.001482901862,0.00291295792,0.0004152576148,0.009001137689,0.004761904944,0.007675065659,0.0001267338812,0.0001614440989,0.004294916522,0.0008696390432,0.004530691076,0.003311208216,0.007512337994,0.0001906438702,0,0.0145883793,0.8806937933,0.007323624101,0.005357459653,0.008907513693,0.002534518484,0.0003240214428,0.0170048289,4.169949534e-06,0,1.042157237e-05,0.0224713739,0.06492307782,0.3583145738,0.005398624111,0.04481358454,0.01123579685,9.655978647e-05,5.639680239e-05,0.001139126951,0,1.489347255e-06,0,4.735829134e-05,0.000178387374,0,5.332371438e-05,1.159590647e-05,0,9.213501471e-06,5.753241112e-06,0,0,0,0,0,0,1.073654403e-05,0,1.338955008e-05,0,3.178555198e-05,0,0,0.0009452127852,0.003174884012,0.0001893830486,0,0,0,0,0,0,0.0001980669185,0.0001431906276,0.0009728419827,0,6.132276758e-05,0,3.634729001e-05,0,0,0.0001236459211,0,0,0.0008430086309,0.001722045941,0,0,0,0,1.300321037e-05
93,1.32626019e-05,0,0.0001833385031,0.001180081395,0.0002151211229,0.000187917758,0.002261678688,0.000531202415,0.003868011292,0.0001064461103,0.004770886153,0.005193637218,0.1840684265,0.3086295724,0.01345018391,0.004883395042,0,0,0,0,0,0,0,0,0,0,0.003061979311,0,0.0005847479333,0.0008890778408,0,0,0,0,0.001867007813,0.0001224715525,0,0,0,0,0,0,0,0.1539268792,0.01787432283,0.01232720818,0.01013572235,0.00958144106,0.0001301500888,0.002428909298,0.0005941886338,0.0009042829624,0,0,0,0.002380952472,0.000610240153,0.0001244088635,0.0001159311432,0.008999385871,0.002380952472,0.0003838172706,0.0002074883523,4.251037171e-05,0.001539947116,0.000153933579,0.001321514603,0.0005243580672,0.004219648894,0,0,0.004099230282,0.8301686049,0.000462210417,0.001337928465,0.002883538371,0.001390284626,0.0004485314712,0.004437075928,8.523473412e-07,1.022202355e-06,3.290636187e-06,0.003931486979,0.04584665969,0.3449640572,0.004023191985,0.03259272128,0.001118066837,9.29710659e-05,2.975641291e-05,6.280146044e-05,1.489347255e-06,0,9.093079279e-05,0,0,0,1.228094425e-05,0,0,0,1.960382724e-05,2.527309334e-05,0,0,0,0,3.711838872e-05,7.849917893e-05,0,2.611083255e-05,0,3.161736458e-05,1.007814171e-05,0,0,0,0,0,0,0,0,0,0,0.0005396903725,1.127469204e-05,3.136911255e-05,0,6.911938272e-06,4.119534424e-06,1.119138687e-05,0,0,0,0,0,0,0,7.267506589e-05,0.0001671288774,0,0,2.162532382e-06
94,0,0,6.728287553e-05,0,4.595013081e-07,0,0,2.081869388e-05,0.004803164862,0.001004500547,0.008132041432,0.001720965956,0.04237161204,0.1448162198,0.004335882142,0.003589835484,0,0,0,0,0,0,0,0,0,0,0.001551751979,0,0,0,0.001205009175,0,0,0,0,0.0004269775818,0,0,0,0,0,0,0,0.1796108186,0.002627587179,0.003865349339,0.0007613828639,0.0009501312743,0.0001475441532,0.0003463021421,3.639564238e-05,0.0001737192651,0,0,0.0006150366971,0,0,0.0003987429664,0,0.003513570176,0,0.001861317316,0.0001653356303,6.029787983e-05,0.001273778267,0.002380952472,0.002380952472,0.002380952472,0.009763291106,0,0,0.003348839702,0.7400633693,0.0007146417629,0.001785235014,0.003249741625,0,0,0.002874054946,0,0,0,0.005604118109,0.06265191734,0.3617624044,0.001263489132,0.01415215619,0.000774245942,0,0,0,0,9.093079279e-05,0,0,0,0,0,0,0,0,0,0,0,0,0,0,0,0,0,0,0,0,0,0,0,0,0,0,0,0,0,0,0,0,0,0,0,0,0,0,0,0,0,0,0,0,0,0,0,0,0,4.760543015e-05
95,0,0,7.037887826e-06,0,0,0,0,3.995664883e-06,0.007327234838,0,0.008065249771,0.001176054939,0.0523198843,0.1018032655,0.007004736457,0.004298684187,0,0,0,0,0,0,0,0,0,0,0.008154891431,0,0,0,0,0.002380952472,0,0,0,0,0,0,0,0,0,0,0,0.1632683724,0.005478599574,0.005869236775,0.001419602311,0.0003585886152,9.955262067e-05,0.0004357503203,4.039351552e-05,0.002566856798,0,0,0,0.002380952472,0,0,0,7.718708366e-05,0,0,3.316175207e-05,0,0,0,0.000997081399,0,0.003757110797,0,0,0.0153859565,0.6909189224,0,0.001924562966,0.001737379935,0,0,0,0.0001090289297,0,2.58855016e-05,0,0.04799662158,0.3350961506,0.005474289879,0.02024375461,0.005443494301,0.001609897241,0.001321343356,0,4.735829134e-05,0,0,0,0,0,0,0,0,0,0,0,0,0,0,0,0,0,0,3.297822332e-05,0,0,0,0,0,0,0,0,0,0,0,0,0,0,0,0,0,0,0,0,0,0,0,0,0,0,0,0,0,0,0,0
96,0,0,0,0.0005736606545,0,0,8.053695637e-05,7.096031914e-05,0.006560342386,0,0.01561594661,0.003633310553,0.04618038237,0.07875739783,0.001247748383,0.01675286517,0,0,0,0,0,0,0,0,0,0,0.002380952472,0,0,0,0,0,0,0,0,0,0,0,0,0,0,0,0,0.1845507175,0.002096357755,0.003913467284,0.0004911145661,0.0005651388201,1.589948624e-05,0.0005157999694,9.345765648e-06,0.001444019494,0,0,0,0,0,0,0,0.004279291723,0,0,0.0005052484339,0.000347180845,0.004761904944,0,0,0,0.01116235647,0,0,0.002380952239,0.7373335361,0,0.002622898901,0.002880076412,0,0,0,0,0,0,0.002380952239,0.05285904929,0.3193058968,0.003575605107,0.01019607764,0,0,0,0,0.000178387374,0,0,0,0,0,0,0,0,3.005257213e-06,0,0,0,0,0,0,0,0,0,0,0,0,0,0,0,0,0,0,0,0,0,0,0,0,0,0,0,0,0,2.830705125e-05,0,0,0,0,0,0,0,0,0,0,0,0
97,0,0,2.840884918e-05,0.0006447283085,0,6.322904665e-05,0,2.010977914e-05,0.007708600257,0.002621261403,0.008075566962,0.01154013257,0.05483107269,0.1357984692,0.009949604981,0.005453599151,0,0,0,0,0,0,0,0,0,0,0,0,0.0006330671022,0,0,0,0,0,0,0,0,0,0,0,0,0,0,0.1339217871,0.003073960077,0.0003856181575,9.271029558e-05,0.000301323802,8.325505041e-05,0.0002102838043,1.465465721e-05,0.003710057586,0,0.002380952239,0,0,0,0,0,0.0002247612429,0,0,5.301677083e-05,0,0,0,0.005533074494,0,0.01106440928,0,0,0.008751510642,0.6594158411,0.002380952472,0.0005348501727,0.0008635147242,0,0,0,0,0,8.499008982e-05,0.004761904944,0.04605464637,0.3633015454,0.005570675246,0.01801548339,0.006370825693,0.002057588426,0.001436228864,0,0,0,0,0,0,0,0,0,0,0,0,0,0,0,0,0,0,0,0,2.105773638e-05,0,0,0,0,0,0,0,0,0,0,0,0,0,0,0,0,0,2.851786303e-05,0,0,0,0,0,0,0,0,0,0,0,0,0,0
98,0,0,8.927381714e-06,0.0002043345594,0,0.00010854422,0.0003444578033,6.883210062e-06,0.00876947213,0.004940698389,0.008352173492,0.007377724629,0.0528199859,0.1475886405,0.01005509775,0.006180811208,0,0,0,0,0,0,0,0,0,0,0.002380952472,0,0,0,0,0,0,0,0,0,0,0,0,0,0,0,0,0.1478509754,0.001204115222,0.001718936954,0.0002292727149,0.0001918249764,0.0001113945473,0.0001441575005,4.032391735e-05,0.002032301854,0,0,0,0,0,0,0,0.001654534019,0,0,2.92666009e-05,0.0002662811312,0,0,0.001737228944,0,0.007260511164,0,0,0.02149957977,0.6932289004,0,0.0006189708365,0.01087773032,0.001082935953,0,0,0.0001645418961,0.002380952472,4.083485692e-06,0.004193141591,0.05050577596,0.3947075307,0.006686963141,0.02368554659,0.005612407811,0.006395260803,0.0008979296545,0,5.332371438e-05,1.228094425e-05,0,0,0,0,0,0,0,0,0,0,0,0,0,0,0,4.006984e-06,0,0,0,0,0,0,0,0,0,0,0,0,0,0,0,0,0,0,0,0,0,0,0,0,0,0,0,0,0,0,0,0,0,0
99,0,0,5.683699419e-05,0.0001917830232,0,0.0004286420008,0,4.051951692e-05,0.007226389833,0.003015022725,0.01309409831,0.005408387631,0.04242498055,0.2526040375,0.02195136994,0.01201471034,0,0,0,0,0,0,0,0,0,0,0.001644983771,0.002380952239,0,0.004761904944,0,0,0,0,0,0,0,0,0,0,0,0,0,0.1752693951,0.001215006108,0.002368034096,0.0003973589919,0.0002264642681,5.02075236e-05,0.0001030644271,3.903852848e-05,0.002230234444,0,0,0.002380952472,0,0,0.001065547811,0.0006594462902,0.0003897300921,0,0,2.560638495e-05,0.0001181603948,0,0.002380952239,0.008630239405,0.004761904944,0.009981169365,0,0,0.01239656005,0.7752431035,0.006414857693,0.003191290889,0.01152228657,0,0,0.001282093232,6.721387035e-05,0,4.725226972e-06,0.007142857648,0.05737907067,0.4149558544,0.005013413262,0.03289733082,0.003778327489,0.0009635144379,0,0,1.159590647e-05,0,0,0,0,0,0,0,0,0,0,0,0,0,0,0,0,0,0,0,0,0,0,0,0,0,0,0,0,0,0,0,2.644838969e-05,2.218925829e-06,0,0,0,0,0,1.394218816e-05,0,0,0,0,0,0,0,0,0,0,0,1.64121011e-05
100,0,0,0,0,0,0.0001523385727,0.0005115060485,0,0.006444243249,0.001189533505,0.005459830165,0.004401571117,0.06801320612,0.0838785395,0.003594355425,0.002087106695,0,0,0,0,0,0,0,0,0,0,0,0,0,0,0,0,0,0,0,0,0,0,0,0,0,0,0,0.09943723679,0.001817747136,0.003132573562,0.0003342878481,0.0004779088194,9.489648801e-05,0.0002135655668,0.0001959617512,0.0003182447108,0,0,0.002380952472,0,0,0,0,0.002700508805,0,0,6.234876491e-05,0,0,0,0.0005982670118,0,0.007907432504,0,0,0,0.5091537833,0.002380952472,0,0.001462012879,0,0,0,0,0,0,0,0.02372978441,0.2543676496,0.00447237445,0.01867429167,0,0,0,0,0,0,0,0,0,0,0,0,0,0,0,0,0,0,0,0,0,0,0,0,0,0,0,0,0,0,0,0,0,0,0,0,0,0,0,0,0,0,0,0,0,0,0,0,0,0,0,0,0,0,0,0
101,0,0,2.093056719e-05,8.375128527e-05,0,5.529604823e-05,0.0001703515009,2.453615707e-05,0.006516183726,0.004242607392,0.009581383318,0.006121519487,0.0600213483,0.1974504888,0.02977304533,0.008666702546,0,0,0,0,0,0,0,0,0,0.001327486942,0,0,0.0007822094485,0,0,0,0,0.001530969748,0,0.001550958375,0.003488151822,0,0,0,0,0,0,0.1286328733,0.002651537769,0.001511221984,0.0001682467264,0.0002354620956,5.253875861e-05,1.529307883e-05,1.562746183e-05,0.0005467376322,0.002380952472,0,0.0009809302865,0,0,0,0.0005229474045,0.001161684399,0,0,1.603505916e-05,4.415054264e-06,0,0,0.005675996188,0.001009456697,0.006455640774,0,0,0.02265775949,0.6658790708,0.00417773705,0.001068998827,0.0138356965,0,0,0.002861241344,4.04820712e-05,0.003076987341,2.445260725e-05,0.006031941622,0.04849621281,0.3957384527,0.004626164213,0.05589316413,0.004761904944,0.003468141425,0.0007259889389,0,9.213501471e-06,0,0,0,3.005257213e-06,0,0,0,0,0,0,0,0,0,0,0,0,0,0,4.837668257e-07,0,0,0,0,0,0,0,0,0,0,0,0,0,2.185155608e-05,0,0,0,0,0,0,0,0,0,0,0,0,6.208438572e-05,0,0,0,0,0
102,0,0,3.444415415e-05,0.000792172912,6.716419193e-06,0.0002075018419,0.001149532269,4.161481775e-05,0.007570338901,0.01079614926,0.009503645822,0.01230410207,0.05628464371,0.2596826851,0.03678889945,0.009651768021,0,0,0,0,0,0,0,0,0,0.0007122966927,0.0003952178231,0.001587191015,0,0.0009068850777,0,0,0,0,0,0,0,0,0,0,0,0,0,0.1411425173,0.001591379521,0.001772102551,8.23125738e-05,0.000136760631,3.180094791e-05,0.0001430228731,1.869147127e-05,0.001273667905,0,0,0,0,0,0,0.0002562643785,0.001461977256,0,0.0006313365302,4.664048538e-05,6.657039921e-05,0,0,0.00116608711,0.0009952255059,0.008030518889,0,0,0.03711726144,0.7009927034,0.0005414711777,0.0009863430168,0.01648817211,0.002380952472,0.002380952472,0.002380952472,0.0003672751773,0,3.595810267e-05,0.005608330481,0.05481765047,0.4130280018,0.00415526377,0.04174206406,0.006619433407,0.003018414602,0.0003546516527,0.0007517408812,5.753241112e-06,1.960382724e-05,0,0,0,0,0,0,0,0,0,0,0,0,0,0,0,0,0,0,0,0,0,0,0,0,0,0,0,0,0,0,0.0001762600878,0,0,0,0,0,0,3.035115242e-06,0,0,0,0,4.407169035e-05,0.0006497551803,0,0,0,0,9.647792467e-07,0
103,0,0,1.497813355e-05,4.288433411e-05,0,0,0,0.0001647412137,0.001624033204,0.001122129848,0.002562033478,0.001485800603,0.06785098463,0.123253338,0.01500927564,0.004233665764,0,0,0,0,0,0,0,0,0,0,0,0,0,0.001318993629,0,0,0,0,0.002380952472,0,0,0,0,0,0,0,0,0.08632139862,0.01643801294,0.001588220592,0.005313766655,0.003273856826,0.0002113537921,0.0003650279832,7.444749644e-05,0.0002726663952,0,0,0,0,0,0,0,0.0008871845785,0,0,6.776399096e-05,4.859241017e-06,0,0,0.0004322034656,0.0001511829469,0.003475978971,0,0,0.01363476925,0.5595343113,0.0004315597762,0.0001423166104,0.003819256788,0,0,0,0,0,1.153450739e-05,0.0007062466466,0.02827434801,0.2981047332,0.003913363442,0.01744739711,0,0,0.000347696041,0,0,2.527309334e-05,0,0,0,0,0,0,0,0,0,0,0,0,0,0,0,0,0,5.845857345e-07,0,0,0,0,0,0,0,0,0,0,0,0,0,0,0,0,0,0,0,0,0,0,0,0,0,0,0,0,0,0,0,0
104,0,0,0,0,0,0,0.002380952239,0,0.001676336396,0,0.002010132885,0,0.04241745174,0.02869840153,0,0.001847931067,0,0,0,0,0,0,0,0,0,0,0,0,0,0,0,0,0,0,0,0,0,0,0,0,0,0,0,0.02714518644,0.002380952472,0.002380952472,0.001034258865,0.002380952239,0.001559396391,0,0,0.0001101584858,0,0,0,0,0,0,0,0,0,0,0,0,0,0,0,0,0.004030477721,0,0,0.002380952472,0.2244466543,0,0,0,0,0,0,0,0,0,0.002380952472,0.009822933935,0.163830176,0.001223677071,0,0.0006985401851,0,0,0,0,0,0,0,0,0,0,0,0,0,0,0,0,0,0,0,0,0,0,0,0,0,0,0,0,0,0,0,0,0,0,0,0,0,0,0,0,0,0,0,0,0,0,0,0,0,0,0,0,0,0,0
105,0,0,0,0,0,0,0,0,0.0002254155261,0,0.001707479008,0,0.0410252437,0.02214360982,0,6.674799806e-05,0,0,0,0,0,0,0,0,0,0,0,0,0,0,0,0,0,0,0,0,0,0,0,0,0,0,0,0.01753241941,0.00318576931,0.0004714747192,0,0.002380952472,0,0,0,0,0,0,0,0,0,0,0,0,0,0,0,0,0,0,0,0,0,0,0,0,0.1964330226,0,0.0002439997479,0,0,0,0,0,0,0,0,0.0009451358346,0.1066284925,0,0.004317765124,0,0,0,0,0,0,0,0,0,0,0,0,0,0,0,0,0,0,0,0,0,0,0,0,0,0,0,0,0,0,0,0,0,0,0,0,0,0,0,0,0,0,0,0,0,0,0,0,0,0,0,0,0,0,0,0
106,0,0,0,0,0,0,0,0,0.000368266541,0,1.911492836e-05,0.0005307365209,0.01330459397,0.01904761977,0.002380952472,0.0003945769568,0,0,0,0,0,0,0,0,0,0,0,0,0,0,0,0,0,0,0,0,0,0,0,0,0,0,0,0.01643710397,0.003852546914,0.0004194825306,0.002380952472,0,0,0,0,0,0,0,0,0,0,0,0,0,0,0,0,0,0,0,0,0,0,0,0,0,0.1944103092,0,0,0,0,0,0,0,0,9.528791998e-05,0,0.00251420727,0.1146752536,0,0.002380952472,0,0,0,0,0,0,0,0,0,0,0,0,0,0,0,0,0,0,0,0,0,0,0,0,0,0,0,0,0,0,0,0,0,0,0,0,0,0,0,0,0,0,0,0,0,0,0,0,0,0,0,0,0,0,0,0
107,0,0,0,0,0,7.299301797e-05,0,0,0.0002509510959,0,0.0001641717536,1.21145622e-05,0.02050129697,0.03390849754,0,0.0003951273975,0,0,0,0,0,0,0,0,0,0,1.596196853e-05,0,0,0,0,0,0,0,0,0,0,0,0,0,0,0,0,0.05589978397,0.002380952239,0.0007259575068,0.0003896015405,0,0.002867319388,0,0,6.892217789e-05,0,0,0,0,0,0,0,0,0,0,0,0,0,0,0.0001977261563,0,0.001193401869,0,0,0,0.291358918,0.0001441498607,0,0,0,0,0,0,0,0,0,0.01780445501,0.1672053784,8.658195293e-05,0.01049910858,0,0.002380952472,0,0,0,0,0,0,0,0,0,0,0,0,0,0,0,0,0,0,0,0,0,0,0,0,0,0,0,0,0,0,0,0,0,0,0,0,0,0,0,0,0,0,0,0,0,0,0,0,0,0,0,0,0,0
108,0,0,0,0,0,0.0001643905271,0,0,0.0002712095738,5.432072157e-06,0.0005017296062,1.022135257e-05,0.04296449572,0.09669860452,0.004761904944,0.0004785679921,0,0,0,0,0,0,0,0,0,0,0,0,0,0,0,0,0,0,0,0,0,0,0,0,0,0,0,0.08300091326,0.02017327771,0.001451806747,0.01369193196,0.006688218564,0.004448933061,0.0007462325739,0.00250502862,0.0001335256966,0,0,0,0,0,0,4.641363205e-07,0.0005146958865,0,0.0001529628353,5.635533307e-05,0,3.171072876e-06,0,0.0002909378381,2.558536607e-06,0.0006844840245,0,0,0.007690801751,0.4908665419,0.0001034730012,0.0003687306598,0.00157065026,0,0.000136064642,0,7.399924016e-07,0,3.10617761e-05,0.0003787784954,0.01941087469,0.2425145507,0.0004289508797,0.01157338358,0,0,0,0,0,3.711838872e-05,0,0,0,0,0,0,0,0,0,0,0,0,0,0,0,0,0,0,0,0,0,0,0,0,0,0,0,0,0,0,0,0,0,0,0,0,0,0,0,0,0,0,0,0,0,0,0,0,0,0
109,0,0,8.497107956e-06,0.0002347261179,0,0.0002455745416,0,3.393052975e-05,0.005165915471,0.0002320351923,0.004116156138,0.001260013902,0.06222373247,0.107159853,0.01529884525,0.004767660052,0,0,0,0,0,0,0,0,0,0,0,0,0,0,0,0,0,0,0,0,0,0,0,0,0,0,0,0.1031616032,0.01301040035,0.005807421636,0.0006122565246,0.0001502022205,0.0001579373784,0.001126243733,6.155775191e-05,0.0008626004565,0,0,0,0,0,0,0,0.002538726432,0,0,0.0001178803577,7.215552614e-05,0.0003350230982,0.0003619247873,0.005443434231,0.002380952472,0.005727079231,0,0,0.01621666178,0.5639597774,0.0002283620852,0.003406306263,0.007077342365,0.0004276258696,0,0,0,0,0,0.003891213797,0.0372213088,0.3476206362,0.001509061898,0.01129628439,0,0,0,0,1.073654403e-05,7.849917893e-05,0,0,0,0,4.006984e-06,0,0,0,0,0,0,0,0,0,0,0,0,4.355616056e-06,0,0,0,0,0,0,0,0,0,0,0,0,0,1.626765311e-06,0,0,0,0,0,1.605741545e-06,0,0,0,0,0,0,0,0,0,0,0,0
110,0,0,0,0,0,0,0,0,0.0002283663343,0,0.001297119306,0.0002161760785,0.02967502922,0.0153604215,0,0.0003138107713,0,0,0,0,0,0,0,0,0,0,0,0,0,0,0,0,0,0,0,0,0,0,0,0,0,0,0,0.01548041869,0,0,0,0.002380952472,0,0,0,0,0,0,0,0,0,0,0,0.002380952472,0,0,0,0,0,0,0,0,0.0003886886407,0,0,0.002380952472,0.1627750993,0,0,0,0,0,0,0,0,0,0,0.005733943544,0.1029863656,0.00041772041,0.002380952239,0,0,0,0,0,0,0,0,0,0,0,0,0,0,0,0,0,0,0,0,0,0,0,0,0,0,0,0,0,0,0,0,0,0,0,0,0,0,0,0,0,0,0,0,0,0,0,0,0,0,0,0,0,0,0,0
111,0,0,5.305763625e-05,0.0001002408608,0,0.0003287934233,0.0007182539557,2.896564365e-05,0.003989265766,0.001308764447,0.005970139988,0.002239449183,0.06463094801,0.1839752048,0.03700347245,0.004056404345,0,0,0,0,0,0,0,0,0,0,0,0,0.0003020026197,0,0.0002396565396,0,0,0.0007058263873,0,0.0001814981661,0,0,0,0,0,0,0,0.1066715196,0.01858833805,0.006201657932,0.001505453023,0.002780484734,0.00056599651,0.0007302442682,0.0001696373947,0.0008028699085,0.0003382719005,0,0,0.0008732036804,9.17795187e-05,0,0,0.003999410663,0,0,4.329467265e-05,9.242560736e-06,0,0.0001616887166,0.00261577405,0.0002568291384,0.005430041812,0,0,0.04197581857,0.6219110489,0.0005161691224,0.001386970747,0.01529597025,0,0.0018338667,0.0008352519362,2.715935443e-05,0,1.290472846e-05,0.002378514269,0.04363100976,0.350037545,0.002952586627,0.04568510503,0.006041545887,0.005289467517,0.0001727111667,0,1.338955008e-05,2.611083255e-05,0,3.297822332e-05,0,2.105773638e-05,0,0,0,4.837668257e-07,0,5.845857345e-07,0,0,0,0,0,4.355616056e-06,0,0,0,3.290981283e-07,0,0,0,0,0,0,0,0,0,0,0.000217933979,4.339844236e-05,0,0,0,2.655198614e-06,0,9.13169788e-06,0,0,0,0,0,0,0,0,0,0,0,1.360805163e-05
112,0,0,0,0,0,0,0,0,0.001264158986,0,0.0001914621389,0.002380952472,0.01111371908,0.0142857153,0,0.001803070074,0,0,0,0,0,0,0,0,0,0,0,0,0,0,0,0,0,0,0,0,0,0,0,0,0,0,0,0.007254007738,0,0.002380952472,0.002380952472,0.002570966026,0,0,0.0003764809517,0.0002002533292,0,0,0,0,0,0,0,0,0,0,0,0,0,0,0,0,0.003144491697,0,0,0,0.1261541992,0,0.0002403025137,0.002380952472,0,0,0,0,0,0,0,0.007709485479,0.08982311189,0,0.002380952472,0.002380952472,0,0,0,0,0,0,0,0,0,0,0,0,0,0,0,0,0,0,0,0,0,0,0,0,0,0,0,0,0,0,0,0,0,0,0,0,0,0,0,0,0,0,0,0,0,0,0,0,0,0,0,0,0,0,0
113,0,0,8.60181608e-05,3.342879063e-05,1.492571118e-05,0,0.002636854537,0.0001099931542,0.002521108836,0.001262243022,0.00365203945,0.001884696656,0.06408620626,0.1567511111,0.03247179091,0.003099373775,0,0.000608688395,0,0,0,0,0,0,0,0,0.000669830828,0,0,0,0.001076918212,0,0,0,0,0.0002185426856,0,0,0,0,0,0,0,0.1171537116,0.03975211829,0.008887014352,0.008020955138,0.02022379637,0.002232832368,0.002295484534,0.001860151184,0.0005114543019,0,0.0001344427292,9.046267223e-05,0,0,0,2.577223768e-06,0.002279480686,6.635444151e-05,1.007812807e-05,0.0001137521249,1.383802191e-05,5.287353997e-05,3.383170406e-05,0.001647921861,5.227352449e-05,0.004400555976,0,0,0.02187292278,0.6231434941,0.000138313364,0.0005261886399,0.009254701436,0.001119110268,0.0002722220088,0,4.984558473e-06,0,3.075339191e-05,0.004653074313,0.0328318961,0.3045123518,0.002796925372,0.03997496516,0.002293985104,0.002530581318,1.76455269e-05,5.890160173e-05,3.178555198e-05,3.161736458e-05,0,0,0,0,0,0,0,0,0,0,0,0,0,0,0,0,0,3.290981283e-07,0,0,0,0,0,0,0,0,0,0,0,0,0,0.0001883054356,0,0,0,0,0,0,0,0,1.660162889e-05,0,0,4.654444274e-05,0,0,0,0,2.819939073e-05,7.325207321e-07
114,9.398618772e-07,0,1.053234337e-05,2.968284389e-05,5.773068915e-05,0.0003497839789,0.000473339489,1.917249165e-06,0.001521145925,0.0005907834857,0.001978118671,0.0005241667968,0.07557189465,0.1381377429,0.01229714043,0.002108357381,0,0,0,0,0,0,0,0,0,0,0.0002810654987,0,0.001090589096,0,0,0,0,0,0,0,0,0,0,0,0,0,0,0.09264475107,0.05227797478,0.006456659641,0.009325603023,0.01427677087,0.00363243348,0.004669387825,0.001585325343,0.0004900525673,0,0,0,0,0,0,0,0.003386195982,0,0,9.213540761e-05,1.195398272e-05,0,0,0.0004139960802,0.0001205327062,0.002981703961,0,0,0.02177461796,0.5896014571,0.0001093944302,0.0006514281849,0.005260512698,0,0,0,0,0,2.412611138e-05,0.003382538445,0.0230491925,0.2579287887,0.001211570576,0.02371513844,0.0004495097673,0.004446322098,6.541096081e-05,0,0,1.007814171e-05,0,0,0,0,0,0,0,0,0,0,0,0,0,0,0,0,0,0,0,0,0,0,0,0,0,0,0,0,0,0,0,0.0001768109069,0,0,0,0,0,1.381459697e-05,0,0,0,0,0,0,0,0,0,0,0,0
115,0,0,0,0,0,0,0,0,0.0001060714203,0,8.994753443e-05,0,0.03614337742,0.02826958708,0,0.0003403156297,0,0,0,0,0,0,0,0,0,0,0,0,0,0,0,0,0,0,0,0,0,0,0,0,0,0,0,0.0314925313,0.003616069211,0.003416657681,0.002380952472,0,0,0,0.0008687367663,5.796780169e-05,0,0,0,0,0,0,0,0.0005759527558,0,0,0,0,0,0,0,0,1.281941877e-05,0,0,0,0.2812673151,0,0,0,0,0,0,0,0,0,0,0.009352621622,0.1345417202,0.00205301214,0.0007605082938,0,0,0,0,0,0,0,0,0,0,0,0,0,0,0,0,0,0,0,0,0,0,0,0,0,0,0,0,0,0,0,0,0,0,0,0,0,0,0,0,0,0,0,0,0,0,0,0,0,0,0,0,0,0,0,0
116,0,0,0,0,0,0,0,0,0.000166919388,0,0.000272472389,9.354064241e-05,0.0401597172,0.07723961771,0.01097168401,0.0004075271427,0,0,0,0,0,0,0,0,0,0,0,0,0,0,0,0,0,0,0,0,0,0,0,0,0,0,0,0.06137683243,0.01399632357,0.000759954215,0.001576397219,0,0.001519214013,0.0007321691955,0.0009965207428,0.0004514177563,0,0,0,0,0,0,0,0,0,0,0,0,0,0,0,0,0.0002958221303,0,0,0.004881451372,0.378587693,0,0,0.0003176239843,0,0,0,0,0,7.136636123e-05,2.862572364e-05,0.01632852107,0.3065316081,0.00048759114,0.006609850563,0,0,0,0,0.0009452127852,0,0,0,0,0,0,0,0,0,0,0,0,0,0,0,0,0,0,0,0,0,0,0,0,0,0,0,0,0,0,0,0,0,0,0,0,0,0,0,0,0,0,0,0,0,0,0,0,0,0,0
117,0,0,0,0,0,0,0,3.232750896e-05,0.0008239839226,9.643389058e-05,0.002159540541,0.0006855774554,0.0446247384,0.04854728281,0.005571377464,0.00116650993,0,0,0,0,0,0,0,0,0,0,0,0,0,0,0,0,0,0,0,0,0,0,0,0,0,0,0,0.05803631246,0.01767724939,0.006755268667,0.006128664594,0.007860457525,0.004920353182,0.001587729552,0.001061503659,0.0002321429056,0,0,0,0,0,0,0,0.0001060313662,0,0,0.0001084896576,0,0,0,0,0,0.0008626757772,0,0,0.005259924103,0.3985628188,0.0001209707771,0,0,0,0,0,0,0,0,0.0005750554847,0.01587479375,0.1987950504,0.002351270756,0.008533807471,0,0.004761904944,0.0002934477234,0,0.003174884012,0,0,0,0,0,0,0,0,0,0,0,0,0,0,0,0,0,0,0,0,0,0,0,0,0,0,0,0,0,0,0,0,0,0,0,0,0,0,0,0,0,0,0,0,0,0,0,0,0,0,0
118,0,0,0,4.597474981e-05,2.626011701e-05,0.0001761213061,0,1.443211931e-05,0.002982825041,0.002739565913,0.003732873593,0.0008742778446,0.06669840217,0.1137774289,0.003747013863,0.004341460299,0,0,0,0,0,0,0,0,0,0,0,0,0,0,0,0,0,0,0,0.002380952472,0,0,0,0,0,0,0,0.112820968,0.02507379465,0.001948868623,0.001987993019,0.002384081483,0.001062692376,0.0003587243264,0.000490503211,0.0007834242424,0.001153589459,0.0004754808906,0,0,0,0.0001834512077,0,0.002950802678,0,0,0.0001467609691,2.493553666e-06,0.0004343080509,0,0.0001520363876,0.000180112489,0.00347999949,0,0,0.009363998659,0.6010997891,0,0.0005570635549,0.0006274304469,0,0,0,0,0,4.354563316e-06,0,0.03839222342,0.3393394649,0.002647683723,0.01312456746,0.00167903339,0.0005590853398,2.191327621e-05,0,0.0001893830486,0,0,0,0,0,0,0,0,0,0,0,0,0,0,0,0,0,0,0,0,0,0,0,0,0,0,0,0,0,0,0,0,0,0,0,0,0,0,0,0,0,0,0,0,0,3.743155276e-06,0,0,0,0,0
119,0,0,0,0,0,0,0,0,8.637404972e-05,0,0.0001736405247,0,0.03588337079,0.0142857153,0,0.0003915002744,0,0,0,0,0,0,0,0,0,0,0,0,0,0,0,0,0,0,0,0,0,0,0,0,0,0,0,0.02216819488,0,0,0,0.002380952472,0,0,0.001104439725,0,0,0,0,0,0,0,0,0.0005661974428,0,0,0,0,0,0,0,0,7.41981512e-06,0,0,0,0.1703247875,0,0,0,0,0,0,0,0,0,0,0.008022108115,0.07785607874,0,0,0,0,0,0,0,0,0,0,0,0,0,0,0,0,0,0,0,0,0,0,0,0,0,0,0,0,0,0,0,0,0,0,0,0,0,0,0,0,0,0,0,0,0,0,0,0,0,0,0,0,0,0,0,0,0,0
120,0,0,0,0,0,0,0,0,0.0001544427068,0,4.764372352e-05,0,0.03219887987,0.01666666754,0,0.0003694792686,0,0,0,0,0,0,0,0,0,0,0,0,0,0,0,0,0,0,0,0,0,0,0,0,0,0,0,0.0431054756,0.003514421172,0.002514540218,0,0.003179798136,0,0.002380952472,0,0.003594825044,0,0,0,0,0,0,0,0.0005834872718,0,0,0.0008799642674,0,0,0,0,0,0.0003350293555,0,0,0.0001207883979,0.268678546,0.0001936660992,0,0,0,0,0,0,0,0,0.0002557046828,0.008400356397,0.1491315067,0.0001582922705,0,0,0,0,0,0,0,0,0,0,0,0,0,0,0,0,0,0,0,0,0,0,0,0,0,0,0,0,0,0,0,0,0,0,0,0,0,0,0,0,0,0,0,0,0,0,0,0,0,0,0,0,0,0,0,0,0
121,0,0,0,0,0,0,0,0,0.0001150577227,0,7.303821621e-05,0,0.03807210922,0.03873783723,0.0001724763133,0.0001595014328,0,0,0,0,0,0,0,0,0,0,0,0,0,0,0,0,0,0,0,0,0,0,0,0,0,0,0,0.0864405185,0.005322196055,0.003602350829,0.008813221008,0.003688678611,0.0004821888579,0.002380952472,0,0.0003564684594,0,0,0,0,0,0,0,0.0003642880183,0,0,0.001569316955,0,0,0,0,0,6.828095502e-05,0,0,0.0001351076789,0.4009539485,0,0,1.687426629e-05,0,0,0,0,0,0,0.0001599315437,0.008520281874,0.2470128983,0,0.0001276908151,0,0,0,0,0,0,0,0,0,0,0,0,0,0,0,0,0,0,0,0,0,0,0,0,0,0,0,0,0,0,0,0,0,0,0,0,0,0,0,0,0,0,0,0,0,0,0,0,0,0,0,0,0,0,0,0
122,0,0,2.198535003e-05,0.0004754090915,0,0.002380952472,0.0001263806626,0,0.0007691226201,0,0.00116556068,0.0003949614184,0.06773268431,0.06554995477,0,0.001571683679,0,0,0,0,0,0,0,0,0,0,0,0,0,0,0,0,0,0,0,0,0,0,0,0,0,0,0,0.08582273871,0.01393297594,0.003344144905,0.004801099654,0.00134791946,0,0.0004307091876,0.003017669544,0.0005575953983,0,0,0,0,0,0,0,0.003171334043,0,0,0.0003419884306,6.755413324e-06,0,0,0.0002963265288,0,0.0009880388388,0,0,0.002677542856,0.4780927896,9.417191177e-05,7.407889643e-05,0.0007143983967,0,0,0,0,0,2.75874645e-05,0,0.01882630028,0.2227576226,0.0001910551509,0.003978541587,0,0,2.690914516e-05,0,0,0,0,0,0,0,0,0,0,0,0,0,0,0,0,0,0,0,0,0,0,0,0,0,0,0,0,0,0,0,0,0,0,0.0001839528413,0,0,0,0,0,0,0,0,0,0,0,0,0,0,0,0,0,0
123,0,0,9.505114349e-07,0,0,0,0.0003432230733,7.164292128e-06,0.000170495463,2.086622089e-06,0.0001111667079,5.728190081e-05,0.04686968401,0.1262978315,0.001764360815,0.0003935683926,0,0,0,0,0,0,0,0,0,0,6.524552737e-05,0,0,0,0,0,0,0,0,0,0,0,0,0,0,0,0,0.07481122017,0.02036762796,0.001017809962,0,0,0.001406644937,0.001455455786,6.714936899e-05,0.001773239695,0,0,0,0,0,0,0,0,0,0,7.622074918e-05,0,0,0,8.372101001e-05,0,0.00023780833,0,0,0.003779460909,0.375906378,0,0,0,0,0,0,0,0,0,0.0001709785574,0.01074461732,0.3343669474,0.001679906272,0.005154917948,4.637998063e-05,0,0,0,0,0,0,0,0,0,0,0,0,0,0,0,0,0,0,0,0,0,0,0,0,0,0,0,0,0,0,0,0,0,0,0,0,0,0,0,0,0,0,0,0,0,0,0,0,0,0,0,0,0,0,0
124,0,0,0,0,0,0,0,0,0.009645180777,0,0.0001634202636,0,0.09025488049,0.02653844655,0,0.003030909924,0,0,0,0,0,0,0,0,0,0,0,0,0.002380952472,0,0,0,0,0,0,0,0,0,0,0,0,0,0,0.06896732002,0.02479740046,0.01966281421,0.0118643837,0.01871951297,0.003404115094,0.01331761014,0.002259244677,0.003448004602,0,0,0,0,0,0,0,0.01241034642,0,0,0.001722881687,0,0.002380952472,0,0.0142857153,0.004761904944,0.00914423354,0,0,0.0001957055501,0.496491164,0,0.003227590583,4.87410216e-06,0,0.0005331643042,0,0,0,0,0.006173107307,0.08365054429,0.3646904826,0.002380952472,0,0,0,0,0,0,0,0,0,0,0,0,2.644838969e-05,0,0,0.0001762600878,0,0,0,0,0,0,0,0,0.000217933979,0,0,0,0,0,0,0,0,0,0,0,0,0,0,0,0,0,0,0,0,0,0,0,0,0,0,0,0,0,0,0,0
125,2.545315738e-06,0,7.240274954e-06,1.164079549e-05,1.839728043e-06,0,0,4.125181022e-06,0.01605127007,0.000925215194,0.003526372137,0.0007801013417,0.1066968888,0.08655193448,0.001135569997,0.002195472596,0,0,0,0,0,0,0,0,0,0,0,0.001073487219,0,0,0,0.002380952472,0,0,0,0.002380952472,0,0,0,0,0,0,0,0.201923728,0.04790638387,0.0345928669,0.003845713334,0.01073161419,0.002628297545,0.005969982129,0.001060643466,0.0009074866539,0,0.001567097264,0,0.002380952472,0.0001784827327,0.0001529619185,0,0.01909279637,0,0.001020191004,0.0008040979155,8.900713874e-05,0.001617448172,0.0005514893564,0.006884071976,0.01088425331,0.009737050161,0,0.0004705788742,0.003939089831,0.7450410128,0.004799624905,0.01326312032,0.002340745647,0.004201551899,0.003760799998,0.007007671054,0.0004172508779,0,0.0005095541128,0.02198221162,0.07248054445,0.3827455342,0.009036540054,0.01970178075,0.000575545826,0.0005487679737,0.001074097934,0.0001387245138,0.0001980669185,0.0005396903725,0,0,0,0,0,2.218925829e-06,0,2.185155608e-05,0,0,0,0,0,0,0,1.626765311e-06,0,4.339844236e-05,0,0.0001883054356,0.0001768109069,0,0,0,0,0,0,0,0.0001839528413,0,0,0,0,0,0,2.432808469e-05,1.733589306e-05,0,0,0,0,0,0,0,0,0,0,0,7.67693291e-06,5.28012024e-05
126,0,0,3.597840623e-05,0,0,0.000268081727,0,2.845410927e-05,0.004019932821,0.0007657245733,0.003989987541,0.001641298528,0.07467079163,0.08207303286,0.006400159094,0.004420752171,0,0,0,0,0,0,0,0,0,0,0,0,0,0,0,0,0,0,0,0,0,0,0,0,0,0,0,0.09927250445,0.02076717652,0.01513005141,0.0008280940237,0.006021968555,0.001009447034,0.0007115002372,0.0002157255512,0.0002423184924,0,0,0,0,0,0,0,0.002828471363,0,0,0.0002007868025,4.52127606e-05,0.00026244935,0,0.00547871273,0,0.004125932232,0,0,0.01292126905,0.581184864,0,0.0007385871722,0.004735088442,0.0009851498762,0,0,4.518312562e-05,0,9.019010577e-06,0,0.02768751048,0.304027319,0.002992398804,0.0225406047,0.002380952472,0.002380952472,0,0,0.0001431906276,1.127469204e-05,0,0,0,0,0,0,0,0,0,0,0,0,0,0,0,0,0,0,0,0,0,0,0,0,0,0,0,0,0,0,0,0,0,0,0,1.877558861e-05,0,0,0,0,0,0,0,0,0,0,0,0,0,0
127,0,0,9.445659998e-06,9.064759797e-05,0,0.0001279753196,0.00103557657,0,0.002057597041,0.000781638606,0.004262135364,0.001618335024,0.06630875915,0.08607261628,0.006400482729,0.003751846263,0,0,0,0,0,0,0,0,0,0,0,0,0,0,0,0.0005606600898,0,0,0,0,0,0,0,0,0,0,0,0.07322152704,0.01621072181,0.006421357393,0.002500515664,0.005368839018,0.002409467241,0.00191443786,0.0003300632525,0.0009590561385,0,0,0,0,0,0,0,0.00274875178,0,0,5.158176282e-05,0,0,0,0.001670954982,0.0002497284149,0.003590644337,0,0,0.01881600544,0.5005398393,0.0002501285926,0.0002957671823,0.007917375304,0,0,0,1.777563375e-05,0,1.348586557e-05,9.037180462e-06,0.03428939357,0.2975925207,0.001024465309,0.01766391471,0.001532803057,0.002380952472,0,0,0.0009728419827,3.136911255e-05,0,0,0,0,0,0,0,0,0,0,0,0,0,0,0,0,0,0,0,0,0,0,0,0,0,0,0,0,0,0,0,0,0,0,0,0,0,0,0,0,0,0,0,0,0,0,0,0,0,0
128,0,0,0,0,0,0,0,0,0.0001427891548,0,5.888560918e-05,4.535349217e-05,0.05439780653,0.009523809887,0,8.633016114e-05,0,0,0,0,0,0,0,0,0,0,0,0,0,0,0,0,0,0,0,0,0,0,0,0,0,0,0,0.06038700044,0.004761904944,0.0007109617,0,0,0.002881519496,0,0,0,0,0,0,0,0,0,0,0.001599663752,0,0,0,0,0,0,0,0,3.128478784e-05,0,0,4.401158367e-05,0.2334842086,0,0,5.121323738e-06,0,0,0,0.0004775257257,0,0,0,0.009346486069,0.1586980969,0,0,0,5.361453077e-06,0,0,0,0,0,0,0,0,0,0,0,0,0,0,0,0,0,0,0,0,0,0,0,0,0,0,0,0,0,0,0,0,0,0,0,0,0,0,0,0,0,0,0,0,0,0,0,0,0,0,0,0,0,0
129,0,0,8.836813504e-05,0.0001911540894,1.776792305e-05,0.000675786112,0.0009208884439,0.000161681397,0.005054457579,0.004847392906,0.00657815719,0.005925299134,0.07600323111,0.1926257461,0.03477466106,0.004810667131,0,0,0,0,0,0,0,0,0,0,0,0,0.002262478461,0.0005399715737,0,0,0.001436569495,0,0.0004987803404,0.002380952472,0,0,0,0,0,0,0,0.09724675864,0.01148528978,0.004082463682,0.001412770594,0.002093248069,0.0002029323077,0.0005708493409,9.539345047e-05,0.0006135992007,0,0,0.0001686557662,0,6.48731293e-05,7.92448991e-05,0.0001073292515,0.003306461731,0,3.250193549e-05,6.206525723e-05,2.938403486e-05,0.0009840725688,0.0001696641848,0.002195673529,0.0008542286814,0.004558133893,0,0,0.03713298962,0.6230504513,0.002815400017,0.000493431522,0.01583874039,0,0.0004849939723,0.001663401257,0.0001122799804,0,1.115676059e-05,0.01124532335,0.04473886639,0.3614724576,0.006221531425,0.04063488171,0.0003786058514,0.00289132027,0.000981152989,0,6.132276758e-05,6.911938272e-06,0,0,0,2.851786303e-05,0,0,0,0,0,0,0,0,0,0,0,0,0,2.655198614e-06,0,0,0,0,0,0,0,0,0,0,0,0,0,2.432808469e-05,1.877558861e-05,0,0,0,1.217610406e-05,2.578003659e-05,0,0,0,0,0,0,0,0,0,0,0,0
130,5.758209227e-06,0,3.610469503e-05,2.295789091e-05,4.135494237e-05,0,0,0,0.001650058315,0.0003296764917,0.003468208248,0.000761855219,0.08220884204,0.09546998143,0.005620240234,0.003451084718,0,0,0,0,0,0,0,0,0,0,0,0,0,0,0,0,0,0,0.0009029647335,0,0,0,0,0,0,0,0,0.09903391451,0.02871128917,0.004903175402,0.003008855041,0.003222600091,0.00118837005,0.003542715684,0.0005896993098,0.0005099895061,0,0,0,0,0.0001028155166,0,0,0.0007654614747,0,0,0.0002609150542,1.197268466e-05,9.74434588e-05,0.0001613494969,0,0.0002971713548,0.003077896312,0,0,0.002125934465,0.5699774623,0.001128050848,0.0003711816098,0.001464109868,0,0,0.0002912613563,0,0,8.296969463e-05,0.0008476556977,0.03122370876,0.2882344723,0.002728137886,0.01146041136,0.00258465088,0.0002133285307,0,0,0,4.119534424e-06,0,0,0,0,0,0,0,0,0,0,0,0,0,0,0,0,0,0,0,0,0,0,0,0,0,0,0,0,0,0,0,1.733589306e-05,0,0,0,1.217610406e-05,0,0,0,0,0,0,0,0,0,0,0,0,0,0
131,0,0,4.67821792e-06,0.0001420487097,0,7.224280853e-05,0.0001225246233,4.339980296e-05,0.004461256322,0.002340081148,0.004620306659,0.002155483235,0.08087289333,0.1228912771,0.01126070134,0.003610074753,0,0,0,0,0,0,0,0,0,0,0.001070077298,0,0,0,0,0,0,0,0,0,0,0,0,0,0,0,0,0.1243060082,0.02835370973,0.008981025778,0.004288719036,0.003667576937,0.001338919741,0.001836029929,0.0001594616624,0.0004961398081,0,0,0,0,0,0,0,0.004234121181,0,0,6.984378706e-05,0,0.001496582991,0,0,0,0.003913593013,0,0.0003086942015,0.02124107443,0.6334477067,0.0001657740213,0.0007696163957,0.006611417048,0.0009202526999,0,0.0003024553007,1.098436496e-05,0,1.171352415e-05,0.002380952472,0.04379842058,0.3313631415,0.00169580651,0.03047900274,0.002510587219,0.003356720787,0,0,3.634729001e-05,1.119138687e-05,0,0,2.830705125e-05,0,0,1.394218816e-05,0,0,3.035115242e-06,0,0,0,0,0,0,1.605741545e-06,0,9.13169788e-06,0,0,1.381459697e-05,0,0,0,0,0,0,0,0,0,0,0,0,0,0,2.578003659e-05,0,0,0,0,0,0,0,0,0,0,0,0,0,0
132,0,0,0,0,0,0,0,0,0.002576639643,0,0.004197388887,0.001484824694,0.06533452123,0.04745697603,0.002380952472,0.005474433769,0,0,0,0,0,0,0,0,0,0,0.002380952472,0,0,0,0,0,0,0,0,0,0,0,0,0,0,0,0,0.07548841089,0.001370066777,0.003130796598,0.0007095361361,0.001524339546,0.00023377045,0.002874375554,6.653735181e-05,0,0,0,0,0,0,0,0,0.001098112669,0,0,0.0003023427271,0,0,0,0,0,0.001878101146,0,0,0.003703854978,0.4171072841,2.796827357e-05,0.001111410442,0.007572414819,0,0,0,0,0,1.890408566e-05,0,0.03756881878,0.2228200436,0.001446022186,0.007142857648,0,0,0,0,0,0,0,0,0,0,0,0,0,0,0,0,0,0,0,0,0,0,0,0,0,0,0,0,0,0,0,0,0,0,0,0,0,0,0,0,0,0,0,0,0,0,0,0,0,0,0,0,0,0,0,0
133,0,0,1.453931418e-05,0,0,0,0,0,0.002471914049,0,0.0008820286021,9.238463099e-05,0.0435208194,0.0283133965,0,0.002443973208,0,0,0,0,0,0,0,0,0,0,0.002380952472,0,0,0,0,0,0,0,0,0,0,0,0,0,0,0,0,0.03180835769,0.005444020964,0.005944787059,0.002380952472,0.003413422965,0,0.001001888653,0,0,0,0,0,0,0,0,0,0,0,0,0,0,0,0,0.003735035425,0.00010276393,0.003911706619,0,0,0.002380952472,0.2499776632,0,0,0.0003799081023,0,0,0,0,0,0,0,0.02105399594,0.1731679738,0.002962711966,0.002380952472,0,0,0,0,0,0,0,0,0,0,0,0,0,0,0,0,0,0,0,0,0,0,0,0,0,0,0,0,0,0,0,0,0,0,0,0,0,0,0,0,0,0,0,0,0,0,0,0,0,0,0,0,0,0,0,0
134,8.458086427e-07,0,2.764070132e-06,8.710147085e-06,0,0,0.0005336830509,2.718027827e-05,0.002704465529,0.0004293650854,0.003020134056,0.001539301826,0.06973414123,0.1057139933,0.01579514518,0.003199305618,0,0,0,0,0,0,0,0,0,0,0.002380952472,0,0,0.001104527968,0,0,0,0,0,0,0,0,0,0,0,0,0,0.07838371396,0.02457015403,0.007065958343,0.001591939596,0.002227638615,0.0005783896777,0.001578996074,8.553993393e-05,0.0004753755929,0,0,0,0,0,0.0001280182478,0,0.001367569203,0,0,9.923743346e-05,4.485833051e-05,0,0,0.002964673564,0.0003190036805,0.004807570484,0,0,0.004516080488,0.5689252615,0,0.0006267075078,0.009436251596,0,0.0004225349694,0,8.429152331e-06,0,1.542635437e-05,0.001099415007,0.0417236425,0.3216715157,0.003783645574,0.01959528588,0.001929857419,0.006640182342,0.0003419009736,0,0.0001236459211,0,0,0,0,0,0,0,0,0,0,0,0,0,0,0,0,0,0,0,0,1.660162889e-05,0,0,0,0,0,0,0,0,0,0,0,0,0,0,0,0,0,0,0,0,0,0,0,0,0,0,0,0,0,0
135,0,0,0,0,0,0,0,0,0.0008622652967,0,0.001961338101,0.001087712008,0.06062428281,0.0387920849,0,0.002745680977,0,0,0,0,0,0,0,0,0,0,0,0,0,0,0,0,0,0,0,0,0,0,0,0,0,0,0,0.03503111377,0.01435228903,0.003036984475,0.001099258312,0.007411797997,0,0.0007568845176,0.0006407060428,0,0,0,0,0,0,0,0,0.002865805291,0,0,0,0,0,0,0,0,0.0007549392176,0,0,0,0.326004982,0,0,0,0,0,0,0,0,0.0001774066477,0,0.02751054801,0.201091066,0.002380952472,0.0004500725481,0,0,0,0,0,0,0,0,0,0,0,0,0,0,0,0,0,0,0,0,0,0,0,0,0,0,0,0,0,0,0,0,0,0,0,0,0,0,0,0,0,0,0,0,0,0,0,0,0,0,0,0,0,0,0,0
136,0,0,0,0,0,0,0,0,0.0002815107291,0,7.28665691e-05,0.0002344012755,0.07964774966,0.03278586268,0,0.0006040239241,0,0,0,0,0,0,0,0,0,0,0,0,0,0,0,0,0,0,0,0,0,0,0,0,0,0,0,0.06596723199,0.01112294849,0.006919013802,0.004232093226,0.007188872434,0.0003461258602,0,0.004540015943,0,0,0,0,0,0,0,0,0.00138037256,0,0,0,0,6.166214462e-06,0,0.003246907843,0.0006169980043,0.0004004030197,0,0,0,0.3328495026,0.0002891838667,0.0001918388443,0,0,0,1.337641243e-05,0,0,0,0,0.02287280373,0.1850115508,0.001153777936,2.900334584e-05,0,0,0,0,0,0,0,0,0,0,0,0,0,0,4.407169035e-05,0,0,0,0,0,0,0,0,0,0,0,0,0,0,0,0,0,0,0,0,0,0,0,0,0,0,0,0,0,0,0,0,0,0,0,0,0,0,0,0,0
137,0,0,0,0,0,0,0,0.0002002390102,0.002014594851,2.091775514e-06,6.996723823e-05,0.0005928413593,0.1711935252,0.03388174251,1.746429189e-05,0.002613043645,0,0,0,0,0,0,0,0,0,0,0,0.002380952472,0,0,0,0,0,0,0,0,0,0,0,0,0,0,0,0.08348985761,0.04243449867,0.02791493572,0.01100569963,0.01623399369,0.003090169979,0.01019758079,0.007910525426,0.004395136144,0,0,0,0,0.002380952472,0,0.0006719561061,0.009487895295,0,0,0.004195054993,0,0,0.001480728737,0.004761904944,0,0.002322661225,0,0,0.0001793289121,0.5650873184,0,0.004887713119,0,0,2.179984585e-05,7.138530054e-05,1.87653186e-05,0,0.0003596305032,0,0.08199919015,0.3989997208,0.01106154546,3.202886001e-05,1.598297968e-05,0,0,0.000585672853,0.0008430086309,0,0,0,0,0,0,0,0,0,0.0006497551803,0,0,0,0,0,0,0,0,0,0,4.654444274e-05,0,0,0,0,0,0,0,0,0,0,0,0,0,0,0,0,0,0,0,0,0,0,0,0,0,0,0,0,0,1.558196118e-06
138,0,0,0,0,7.172189362e-05,0,0,0,0.0009812545031,0,4.337570863e-05,0.0002556915279,0.1475318968,0.02727719769,0,0.001551394467,0,0,0,0,0,0,0,0,0,0,0,0,0,0,0,0,0,0,0,0,0,0,0,0,0,0,0,0.08364646882,0.03174808994,0.01372742839,0.01504382677,0.02060785517,0.004722548183,0.01169978734,0.00374602247,0.0007508635754,0,0,0,0,0,0,0,0.009137408808,0,0,0.0002257814776,0,0.0001402631606,0,0.0009284385014,0,0.001575088827,0,0,8.19513225e-05,0.4815178216,0.001854700735,0,8.951141695e-07,0,0,0.0001403993811,0,0,0.0002514986263,0.00331598823,0.05519830436,0.3315788507,0.006776007358,2.760260031e-06,0,0,0,0,0.001722045941,0,0,0,0,0,0,0,0,6.208438572e-05,0,0,0,0,0,0,0,0,0,0,0,0,0,0,0,0,3.743155276e-06,0,0,0,0,0,0,0,0,0,0,0,0,0,0,0,0,0,0,0,0,0,0,0,0,1.262084152e-05
139,0,0,3.328645164e-07,0,0,0,0,5.268790119e-06,0.0001728535717,0,3.82846265e-05,0,0.09637093544,0.07582487166,0.0004909096751,0.0003668170248,0,0,0,0,0,0,0,0,0,0,0,0,0,0,0,0,0,0,0,0,0,0,0,0,0,0,0,0.100961417,0.03338864446,0.00311210216,0.006872291677,0.008024568669,0.00234521227,0,0.002436348936,0.001022969373,0,0,0,0,0,0,0,0.0006030458026,0,0,0.00077544339,0,4.508213806e-06,2.365563887e-05,0,0,0.0001803379273,0,0,0.0001227013563,0.437836051,0,6.3156127e-05,2.265259127e-06,0,0,2.475014298e-06,0,0,0,0,0.01190484315,0.3773805797,0.0006473752437,0.000257488573,0,0,0,1.976365411e-06,0,7.267506589e-05,0,0,0,0,0,0,0,0,0,0,0,0,0,0,0,0,0,0,0,0,0,0,0,0,0,0,0,0,0,0,0,0,0,0,0,0,0,0,0,0,0,0,0,0,0,0,0,0,0,0
140,0,0,4.773141882e-06,0,0,0,0,0,8.479950338e-05,0,6.700262747e-05,3.362026837e-05,0.05131635442,0.06465130299,0.0006044904585,0.0008466587751,0,0,0,0,0,0,0,0,0,0,0,0,0,0,0,0,0,0,0,0,0,0,0,0,0,0,0,0.04910012335,0.002380952472,0.0008474712376,0.001458127866,0,0.002380952472,0.0004954894539,0,5.275813965e-05,0,0,0,0,0,0,0,0,0,0,0,0,0,0,0,0,7.494307647e-05,0,0,0.0009055795963,0.3165411353,0.0001785000204,0,0,0,0,0,0,0,0,0,0.008444353007,0.218683511,0,0.005090648774,0,0,0,0,0,0.0001671288774,0,0,0,0,0,0,0,0,0,0,0,0,0,0,0,0,0,0,0,0,0,0,0,0,0,0,0,0,0,0,0,0,0,0,0,0,0,0,0,0,0,0,0,0,0,0,0,0,0,0
141,0,0,0,0,0,0,0,0,0.0001699397835,0,6.061155e-05,0,0.05788528547,0.03797316179,0,0.0002705196384,0,0,0,0,0,0,0,0,0,0,0,0,0,0,0,0,0,0,0,0.0004701181315,0,0,0,0,0,0,0,0.06901617348,0.002407226712,0.0005048994208,0,0.002380952239,0,0.0007801384781,0.0008426884306,0,0,0,0,0,0,0,0,0.002380952472,0,0,0,0,0,0,0,0,7.710936188e-05,0,0,0.0002293189609,0.3080984652,0,0,0,0,0,0,0,0,0,0,0.01120189484,0.1937047392,0,0.000459522038,0,0,0,0,0,0,0,0,0,0,0,0,0,0,0,0,0,0,0,0,0,0,0,0,0,0,0,0,0,0,0,0,0,0,0,0,0,0,0,0,0,0,0,0,0,0,0,0,0,0,0,0,0,0,0,0
142,0,0,4.16227449e-05,0.0008218846633,5.706679985e-06,0.000355966331,0,6.476281851e-05,0.004205236211,0.001063719159,0.005816749763,0.005170515738,0.0576011166,0.1472949535,0.01139376964,0.004783815704,0,0,0,0.002380952472,0,0,0,0,0,0,0,0,0,0,0.002380952472,0,0,0,0,0.001542591839,0,0,0,0,0,0,0,0.1459230632,0.003415537067,0.003216639627,0.0004911884316,0.0006517621223,8.847295248e-05,0.0004365605419,2.140751894e-05,0.0006687327987,0,0.002380952472,0.002380952472,0,0,0.0001523026294,0.0003182945948,0.00106026209,0,0.001355445478,8.172100206e-05,0,0.0008190568187,0,0.001662662835,0.0004624631547,0.005728979129,0,0,0.004153002519,0.7006479502,0.002380952239,0.0002912826312,0.003132724203,0,0,0,2.261218469e-05,0.0001960257796,1.322677872e-05,0.001266300678,0.04790825769,0.3689846694,0.002947504632,0.01194887422,0.002004324226,0.0001682720758,0,0.0003041426826,0,0,0,0,0,0,0,0,0,0,9.647792467e-07,0,0,0,0,0,0,0,0,0,0,2.819939073e-05,0,0,0,0,0,0,0,0,0,0,0,7.67693291e-06,0,0,0,0,0,0,0,0,0,0,0,0,0,0,0,0,0,0
143,1.167771461e-05,0,0.0001228228648,0.0003630243009,0,0.001266857376,0.0001456026948,0.0001451071003,0.002962832805,0.001645526965,0.003976267762,0.003252667841,0.06521701813,0.1535467356,0.008825155906,0.003218266647,0,0,0,0,0,0,0,0,0,0,0.0004467516846,0,0.0007712744991,0.0003796800447,0,0,0,0,0,0,0,0,0,0,0,0,0,0.1042874232,0.02695919015,0.005384395365,0.004370248411,0.009606027976,0.0009275978664,0.00131560897,0.0002740146883,0.0008502546698,0,0,0,0.002380952472,0,9.757236512e-06,0,0.005336731672,0,0,5.935585068e-05,1.108818287e-05,0.0006860535359,0.0002585760085,0.001481041196,0.0002137219708,0.003627444617,0,0.0001403260103,0.005596649833,0.6223484278,0.0002497623209,0.0002691737027,0.002459947951,0.0002661158796,0,0.0001592798653,2.28338904e-05,0,2.575780309e-05,0.001580287237,0.03559903055,0.3323760629,0.003686171956,0.02814524248,0.004494266119,0.0001358585287,0.0001113527833,0,1.300321037e-05,2.162532382e-06,4.760543015e-05,0,0,0,0,1.64121011e-05,0,0,0,0,0,0,0,0,0,0,0,1.360805163e-05,0,7.325207321e-07,0,0,0,0,0,0,0,0,0,0,0,5.28012024e-05,0,0,0,0,0,0,0,0,0,0,0,1.558196118e-06,1.262084152e-05,0,0,0,0,0
