ROI_ID,1,2,3,4,5,6,7,8,9,10,11,12,13,14,15,16,17,18,19,20,21,22,23,24,25,26,27,28,29,30,31,32,33,34,35,36,37,38,39,40,41,42,43,44,45,46,47,48,49,50,51,52,53,54,55,56,57,58,59,60,61,62,63,64,65,66,67,68,69,70,71,72,73,74,75,76,77,78,79,80,81,82,83,84,85,86,87,88,89,90,91,92,93,94,95,96,97,98,99,100,101,102,103,104,105,106,107,108,109,110,111,112,113,114,115,116,117,118,119,120,121,122,123,124,125,126,127,128,129,130,131,132,133,134,135,136,137,138,139,140,141,142,143
1,0,0,0,0,0,5.6381582e-06,0,1.792487012e-07,0.0001337015274,1.063129912e-05,0.0002928227768,6.978640158e-05,0.02225263231,0.05293091387,0.004001635127,9.873949602e-05,0,0,0,0,0,0,0,0,0,0,0,0,2.114762719e-05,0,0,0,0,0,0,0,0,0,0,0,0,0,0,0.09817235172,0.003351652296,0.002054909477,0.0003485693887,0.0006733584451,0.0001484092354,0.0003709861485,5.652040272e-05,0.001090021804,0,0.0004848670796,0,0,0,0,0,0.0004313323589,0,0,1.590994907e-05,5.922493528e-06,0,0,0.0005241343752,8.983966836e-05,0.001399488188,0,0,0.001643027877,0.558998704,3.155338709e-05,0.0001092342936,7.745430776e-05,0,0,0,3.676930191e-06,0,7.499174899e-06,0.002858421067,0.02478157543,0.3618222475,0.001562835067,0.002754229354,1.043131851e-05,1.811402035e-05,0,0,0,0,0,0,0,0,0,0,0,0,0,0,0,0,0,0,0,0,0,0,0,0,0,0,0,0,0,0,0,0,0,0,0,0,0,0,0,0,0,0,0,0,0,0,0,0,0,0,0,0,0,0
2,0,0,0,0,0,0,0,0,2.105988278e-05,0,0.0001046554826,0,0.01598375477,0.01334159914,3.015941184e-05,0.000166092068,0,0,0,0,0,0,0,0,0,0,0,0,0,0,0,0,0,0,0,0,0,0,0,0,0,0,0,0.02884545922,0.007438409608,0.006096007768,0.002380952472,0.002380952472,0.002380952472,0.003470460419,0,0.001171689015,0,0,0,0,0,0,0,0,0,0,0,0,4.92685358e-05,0,0,0,7.903320511e-05,0,0,4.579973847e-06,0.3683595955,0,0.0007897161413,3.013013838e-06,0,0,0,0,0,0,0,0.0230556801,0.2813126743,0.003099242458,0.000102906859,0,0,0,0,0,0,0,0,0,0,0,0,0,0,0,0,0,0,0,0,0,0,0,0,0,0,0,0,0,0,0,0,0,0,0,0,0,0,0,0,0,0,0,0,0,0,0,0,0,0,0,0,0,0,0,0
3,0,0,0,4.817547392e-07,1.69867817e-05,0,0,1.931762426e-06,0.0004385132925,5.006285937e-05,0.0003545262443,0.00010955162,0.02567925863,0.0196857322,0.0003548500245,0.0004342850298,0,0,0,0,0,0,0,0,0,0,0,0,0,0,0,0,0,0,0,0,0,0,0,0,0,0,0,0.09466761351,0.01913497411,0.01463345066,0.00416411506,0.003915818408,0.0009930004599,0.001165391994,0.0003885277838,0.001674448256,0.0005922846613,7.241901767e-05,3.537339944e-05,0.0001554725168,7.964613906e-05,0.0002218222071,0,0.005008864217,0.0001058976995,4.821736729e-05,0.0002013076592,4.454173541e-05,0.0001856332383,5.635846901e-05,0.003719935892,0.0009026756161,0.001469173003,0,0,0.0001472837903,0.6328849792,0.000349613576,0.002301388187,8.039474778e-05,0.0003861300938,0,0.0001394008432,4.235651068e-05,0,1.701772817e-05,0.006859967019,0.04882443324,0.4149200618,0.007841100916,0.003249722067,0.0002581948647,0,0,4.982334758e-06,5.185963892e-05,1.295006768e-05,0,1.773456233e-06,0,0,0,2.131298061e-05,0,4.567123597e-06,0,0,0,0,0,0,0,0,0,0,0,3.988143726e-05,0,0,0,0,0,0,0,0,0,3.046349661e-07,0,0,1.132312264e-05,0,0,7.858534445e-06,0,0,0,0,0,0,0,0,0,3.328645164e-07,0,0,0,1.42435847e-05
4,0,0,4.817547392e-07,0,0,0,0,1.399713256e-06,0.0001822967897,0,0.0003418920096,2.778224189e-05,0.02164503746,0.008868684061,0.001049556537,0.0001236934913,0,0,0,0,0,0,0,0,0,0,9.384218174e-06,0,0,0,0,0,0,0,0,0,0,0,0,0,0,0,0,0.07236733288,0.0293350853,0.0308737997,0.01967289485,0.01468590368,0.001298666582,0.007014291827,0.001529349247,0.006841050927,0,0,0,0,0,0,1.424473339e-05,0.00738853775,0,0,0.0008767971303,7.431043196e-05,0.0001000648408,0,0.007184845395,0.0008246097714,0.001919971546,0,0,0.002786153462,0.6005756855,0.003590909997,0.007056212053,0.0005075760419,0.0003806117747,0.0001822937775,0.0001636796515,0,0,8.390982839e-05,0.01041423529,0.0819554776,0.3870739937,0.009615617804,0.005328594241,0,0,0,3.491045572e-05,0.0004134729097,0.0001066007171,0,0,0,0.0001021212811,0,0,0,0,5.609291475e-05,0,0,0,0,0,0,0.0001960380905,0,0,0,0,0,0,0,0,3.108998862e-05,0,0,0,0,0,0,1.164079549e-05,0,0,0,0,0,1.473305292e-05,0,0,0,0,0,0,0,0,0,0,0,0.0002227296936
5,0,0,1.69867817e-05,0,0,0,0,1.325573521e-06,0.0004258603149,0.0003685037082,0.00128426624,0.0003424163733,0.02834261395,0.09785173088,0.001960567199,0.0004654545919,0,0,0,0,0,0,0,0,0,0,0,0,0,0,0,0,0,0,0,0,0,0,0,0,0,0,0,0.1283897012,0.001543860068,0.003137288149,0.0001159654566,0.0001512397139,6.263057003e-05,0.0003603382502,7.131387247e-05,0.0008718203753,0.0002245981741,0,0,0,0,0,4.227221143e-05,0.002170394175,0,0,3.255654883e-05,0,0,0,0.001206720946,0,0.003220711602,0,0,0.00171734998,0.7292144299,0,1.369879556e-05,0.002477753442,0,0.002380952472,0.0005124597228,0,0,6.827171455e-05,0.001275774441,0.04107897356,0.4122771919,0.003732738784,0.008502107114,0,0.0008312923019,0,0,1.755828816e-05,0.0001490169088,0,0,0,0,0,0,0,0,0,0,0,0,0,0,0,0,0,0,0,0,0,0,0,0,0,0,0,0,0,0,0,5.720482363e-07,0,0,0,0,0,0,0,0,0,0,0,0,0,0,0,0,0,0
6,5.6381582e-06,0,0,0,0,0,0,8.469793102e-06,0.003876625793,0.001302159973,0.0005499985418,0.0001664303854,0.03409748524,0.008426858112,0,8.651623648e-05,0,0,0,0,0,0,0,0,0,0,0,0,0,0,0,0,0,0,0,0,0,0,0,0,0,0,0,0.05965223163,0.02432203107,0.03376588225,0.005544283427,0.009417926893,0.009151269682,0.003127654549,0.006825525779,0.005654767156,0.002380952472,0,0.002380952472,0,0,0,0,0.0138544701,0,0,0.0008360228967,0,0.002380952472,0.002380952472,0.01209871005,0.002380952472,0.005558904726,0,0,0.001342402422,0.6415738463,0.001368771074,0.001619756804,0.006238965318,0,0.002380952239,0.009523809887,0,0,0,0.01490216609,0.0878091082,0.3459959328,0.009459735826,0.004586808849,0.004761904944,0,0.003640289651,0,0.002607458737,0,0,0,0,0,0,0,0,0,0,0,0,0,0,0,0.0001643905271,0,0,6.937565922e-05,0,0,0,0,0,0,0,0,0,0,0.002380952472,0,0,0,0,0,0,7.55304136e-05,0,0,0,0,0,0,0,0,0,0,0,0,0,0
7,0,0,0,0,0,0,0,0,0.005732446909,0,0.0003220314102,0,0.05384809896,0.005713520572,0.0003531869443,0.0005975085078,0,0,0,0,0,0,0,0,0,0,0.002380952472,0,0,0,0,0,0,0,0,0,0,0,0,0,0,0,0,0.05244652927,0.0140862707,0.03197749704,0.01372040156,0.01319256332,0.008505217731,0.007688194979,0.009175598621,0.0009171176935,0.002380952472,0.002380952472,0.004761904944,0,0,0,0,0.017420711,0,0.002380952472,0.003202962223,0,0.004710232373,0,0.008254450746,0,0.004957749974,0,0,1.083230745e-05,0.5765171051,0.007318552583,0.002380952472,0,0.002380952239,0.0001956878405,0.008528248407,0,0,0.0004623777349,0.006583007984,0.07017090172,0.2814740539,0.007891973481,0.0001200875704,0,0,0.0002943043364,0.001135243336,0,0,0,0,0,0,0,0,0,0,0.001149532269,0,0,0,0,0,0,0,0,0,0,0,0,0,0,0,0,0,0,0,0,0,0,0,0,0,0,0,0,0,0,0,0,0,0,0,0,0,0,0,0,0
8,1.792487012e-07,0,1.931762426e-06,1.399713256e-06,1.325573521e-06,8.469793102e-06,0,0,0.0002693073184,2.511430466e-05,0.0004489878193,9.053035319e-05,0.02298012748,0.007258063182,0.000247525837,5.785791654e-05,0,0,0,0,0,0,0,0,0,0,0,0,0,0,1.848336615e-05,0,0,0,0,0,0,0,0,0,0,0,0,0.09579864889,0.02999158762,0.02206265181,0.003852533409,0.005378484726,0.00259071542,0.004151594359,0.0008446727297,0.002355160424,0,0.0004801572359,0.000143404628,0.003848097287,0.0001454162266,0,0,0.01299168728,0.00130557199,0,0.0002278631582,4.339834777e-05,0.0006479341537,0.0003289583256,0.003276214236,0.000708325475,0.00378258992,0,0,0.001489427406,0.6868097186,0.004879702348,0.003491065698,0.0005639198935,0.00131540501,0.0001235540549,0.0008181298617,0,0,8.294211148e-05,0.01212170161,0.07716477662,0.4389005601,0.01266765781,0.01106238645,0.0009861018043,0,6.4716427e-05,7.687182369e-05,0.0006477079005,4.497273403e-05,0,3.995664883e-06,4.627876842e-05,0,0,2.457073606e-05,0,8.114182492e-06,8.95435187e-06,6.192427099e-05,0,0,0,0,0,4.065556368e-06,0,2.083102345e-06,0,0,0,0,0,4.489125331e-06,0,0,0,0,0,0,0,3.21217999e-06,0,0,0,1.827283813e-05,0,0,0,0,2.112508264e-05,0,0,0,0,3.932713298e-06,0,0,6.476281851e-05,3.8224116e-05
9,0.0001337015274,2.105988278e-05,0.0004385132925,0.0001822967897,0.0004258603149,0.003876625793,0.005732446909,0.0002693073184,0,5.618108844e-06,0.00109545351,0.0001786822104,0.009186310694,0.04634973034,0.001710859826,0.0001699669374,1.236784465e-05,2.621378735e-05,4.120354424e-05,1.205064291e-05,3.690842277e-05,0,0.0002646145585,0,0,0,3.192935401e-05,5.012893234e-05,0.0001315855916,1.8595043e-05,3.79522462e-05,2.313361074e-05,0,0,6.647108421e-06,4.546021228e-05,3.24339635e-05,0,0.0005519113038,0,0,0,0,0.1285273284,0.01650875621,0.02465402894,0.003213449381,0.006862701382,0.005652063061,0.003224604763,0.001672236947,0.01778083481,0.001262520556,0.0003575707669,0.0004275596293,0.0002602305613,3.244681284e-05,7.629331958e-05,4.849858669e-06,0.007774317637,0.0004714897077,0.0003353163775,0.0008447486907,0.0001208413378,0.0004960240331,4.139186785e-05,0.02469602041,0.002068747766,0.007864070125,4.947276102e-05,1.100635836e-05,0.0148802558,0.8675532341,0.004318007734,0.002483465476,0.0004393893178,0.0004216645902,0.0001263478043,0.0005857447395,0.0004326950293,3.259341247e-05,0.0007378340233,0.01638845168,0.1642438918,0.7051209211,0.0425613448,0.007528562564,0.0002794836473,0.0006776074297,1.872709981e-05,5.786370821e-05,0.002486248966,0.0005922467681,0.0004421423655,0.001249968773,0.001267693238,0.001620134222,0.001687277108,0.0005465184804,0.003146722214,0.0009662310476,0.00117438857,0.0003166554088,0.0006272306782,6.425586616e-05,3.267879219e-05,1.818209239e-05,5.523376967e-05,0.0008522202843,0.000116500727,0.000635447388,0,0.0003204190289,0.0004386936489,3.727743751e-05,3.940055103e-05,0.0001900305069,0.0003797676472,4.161052857e-05,5.014185808e-05,5.27764405e-06,0.000301818247,3.727012154e-05,0.001029819949,0.001037837821,0.0003597549221,0.000466915837,1.233835792e-05,0.0007034001756,0.0003524226486,0.0002688177046,0.0003801946004,0.001469630166,0.0003514940327,0,2.488215978e-05,7.414214633e-05,2.451404544e-05,2.067575042e-05,1.400189194e-05,3.810266207e-05,0.0005785899702,0.0004466734536
10,1.063129912e-05,0,5.006285937e-05,0,0.0003685037082,0.001302159973,0,2.511430466e-05,5.618108844e-06,0,7.832299161e-06,2.065537728e-06,0.003536058823,0.01601375081,5.45754483e-06,2.920814768e-05,0,0,0,0,0,0,0,0,0,0,0,0,0,8.432057257e-06,0,0,0,0,0,0,0,0,0,0,0,0,0,0.05720525607,0.02776423097,0.0111267101,0.01046538632,0.01626138017,0.00659968378,0.005047820974,0.002666224493,0.003606214887,0,3.283914339e-05,1.695217179e-05,5.108275582e-05,0,0,0,0.002623915672,0,2.91624965e-05,0.0003276026109,1.835727198e-05,7.784780792e-06,4.556492968e-06,0.003765359754,0.0003347018501,0.0002819953661,0,0,2.465889338e-05,0.5720873475,0.0002354838507,0.0007066608523,5.147023217e-07,3.19579317e-06,0,1.139566484e-05,2.698651042e-05,0,0.0004579751112,0.003348256228,0.04185669869,0.5753198266,0.008553916588,5.220577077e-05,2.493266038e-06,1.520929914e-06,5.906441061e-07,0,0.0002394929033,0,0,0,0,0.001014057663,0,0.0006340704276,0,0,0.004422101658,0,0,0,0,0,0,0,0,7.710010686e-05,0,0.0003703712719,0.0001055665998,0,0,0,0,0,0,0,0,2.086622089e-06,0,0,0,0,0,0.000493101601,0.0001469364506,0,0,0,0,0,0,0,0,0,0,0,0,0.0005631300155
11,0.0002928227768,0.0001046554826,0.0003545262443,0.0003418920096,0.00128426624,0.0005499985418,0.0003220314102,0.0004489878193,0.00109545351,7.832299161e-06,0,8.530935156e-05,0.05730572715,0.03127182275,6.45777036e-05,0.0008330749697,0,0.001592279063,0.0001927192061,0,0.0009103590273,0,0,0,9.995838627e-05,0,0.0002642036416,0.0001214732183,0.0001767183712,0.0002269868273,8.229854575e-05,0.0004025231756,0,0,0,0.0004605917202,0.0003554898722,0,0,0,0,0,0,0.09296875447,0.01165268198,0.01311350614,0.002589892829,0.005665658507,0.006181445438,0.002933542011,0.001697493135,0.002477826551,6.130874681e-05,4.56417547e-05,0.00018489793,0.0002289738914,2.027138726e-05,5.603311365e-05,8.28150678e-06,0.003963624593,0.0001691896177,0.0003750714241,0.0009133907733,0.0001801587932,0.0002981509024,2.462934572e-05,0.004989545792,0.0005279885954,0.001460488536,7.22821278e-05,1.392054128e-05,0.0001742742606,0.7242110968,0.001481139683,0.001449778327,5.305615923e-05,0.0001751449017,9.469095676e-05,0.0004713051603,0.0006042802706,6.514200777e-06,0.0008363804081,0.006778686307,0.08869107813,0.6049554348,0.01377422642,0.000378348981,4.604430069e-05,3.447414565e-05,1.511246046e-05,4.795077984e-05,0.001735466532,0.0008241049945,0.001696240855,0.001023987657,0.002173324116,0.0008584168972,0.001235353528,0.002435399219,0.000469957653,0.001144446433,0.001524546649,0.0003279995581,0,2.358667552e-05,0,7.853801799e-05,0.0002353093296,0.0004020985216,0,0.0005809066934,0,0.0005728223477,0.0003528284724,0,3.971502156e-05,0.0001257661206,0.0003755347279,0,6.524032415e-06,4.671128409e-06,0.000374580326,4.221346535e-05,5.240249811e-05,0.000649501686,0.000635472592,0.0006636153557,2.364123793e-05,0.0009032334783,0.0004603982961,0.0006165137165,0.001445816248,0.0001572020265,0.0001780243911,0.000499577669,0,4.073389573e-05,2.352063711e-05,3.611286047e-06,1.397700453e-05,1.909901948e-05,0.0008947569877,0.0005659607123
12,6.978640158e-05,0,0.00010955162,2.778224189e-05,0.0003424163733,0.0001664303854,0,9.053035319e-05,0.0001786822104,2.065537728e-06,8.530935156e-05,0,0.01044773404,0.009459660389,0.0001589555468,4.712178998e-05,7.523118256e-06,0,3.488296352e-05,0,0,4.332563185e-05,0,0,0,0,5.148621858e-05,0,0,1.741625056e-05,0,0,0,0,4.811166946e-06,0,0,0,0,0,0,0,0,0.08894243836,0.03346209973,0.01397427451,0.009840158746,0.01768250391,0.01161457971,0.003982796799,0.002640389372,0.001498214086,0.0001119294466,1.87254609e-05,4.070129944e-05,3.983249917e-05,6.62022012e-06,1.59506053e-05,2.240201411e-06,0.003485184396,9.59461031e-05,0.0002155724214,0.0006310425815,0.0001050583014,8.520289703e-05,6.400400252e-06,0.002949338639,0.0005596560077,0.001498701749,0,1.845948873e-06,0.003938547336,0.6454120874,0.001025916776,0.0009427067707,7.612119953e-05,0.0001953396859,5.685783981e-05,0.0003330925538,0.0004764029582,1.034920933e-05,0.0007655095542,0.005765271373,0.05433477089,0.501306653,0.009785284288,0.001412983169,5.216709542e-05,6.949494855e-05,1.167540177e-05,1.52516177e-05,0.002418015152,0.0006330022588,0.0008160376456,5.681086986e-05,0,0.0004602088593,0.0009436586988,0.001339028357,0,0.0005963504082,0.00097301387,0,0,0,1.781278661e-05,0,3.464102747e-06,0.0004995387862,0,0.0004966288107,0,0.0003728321753,7.421646296e-05,0,2.647502697e-05,0.0002203054464,8.888790762e-05,0,0,0,0.0001118534565,2.447048428e-05,0,0.0002198172151,0.0003042408789,9.194583254e-05,0,0.000824088871,0,0,0,0,0.0001165992508,0,0,0.0002665625943,0,0,3.362026837e-05,0,0.001674868166,0.0002285712981
13,0.02225263231,0.01598375477,0.02567925863,0.02164503746,0.02834261395,0.03409748524,0.05384809896,0.02298012748,0.009186310694,0.003536058823,0.05730572715,0.01044773404,0,0.2861097157,0.099270612,0.007240521722,0.003730912227,0.006108815782,0.006545298733,0.0009264660184,0.000269238546,0.001050585299,0.002380952472,0.0004579500528,0.001243940555,0.001424643444,0.01430600043,0.00861746911,0.007167142816,0.005949766375,0.007099769078,0.008260900155,0.001752679585,0.002269763267,0.004454091657,0.007515328936,0.0003652342421,0.002380952239,0,0.002829245059,0.0006472765235,0,0,0.3481350541,0.06227508932,0.1689452976,0.0489510335,0.04192492738,0.072202079,0.06902226061,0.06300039589,0.1913798153,0.07426455617,0.03162017837,0.03684237972,0.03103997745,0.003750033211,0.009687094018,0.001805328066,0.1352641582,0.04000182822,0.02966658399,0.04511109367,0.01655643806,0.06942054629,0.007531957701,0.2157958895,0.1115892529,0.1240441054,0.03670133278,0.03558650985,0.08581717312,0.9082133174,0.1280522645,0.0653263405,0.06381309777,0.1200885177,0.06714521348,0.09987265617,0.1058795229,0.146034345,0.09925197065,0.1658925861,0.2744444907,0.8096565008,0.2129191309,0.08734834939,0.07159814984,0.1549699008,0.0488804318,0.03703480214,0.1639307886,0.143904984,0.02679152787,0.02724053711,0.03005042672,0.02599873953,0.02915881574,0.02857810259,0.0286784824,0.02957968786,0.03237454593,0.0151461577,0.01201187167,0.01312053669,0.00393509306,0.007697185967,0.01819202863,0.02043411508,0.01219016872,0.01454974338,0.002960516838,0.01440540887,0.01812285557,0.01034895517,0.01730138995,0.0159454383,0.01365871448,0.01639263891,0.007985866629,0.01795814559,0.02488449216,0.02076208778,0.01913128421,0.02390840091,0.01693375222,0.01059330162,0.0265997313,0.0208233986,0.03261005506,0.01123208832,0.01043975633,0.004399507772,0.01278994326,0.01481568068,0.01312101539,0.0356028229,0.02638433874,0.03243427351,0.01919405907,0.02152010612,0.0293358434,0.01172662806
14,0.05293091387,0.01334159914,0.0196857322,0.008868684061,0.09785173088,0.008426858112,0.005713520572,0.007258063182,0.04634973034,0.01601375081,0.03127182275,0.009459660389,0.2861097157,0,0.01153262611,0.0140930498,0.002738325391,0.002650636248,0.006379881408,0.005348634906,0.009433160536,0.004778348375,0.0009802614804,0.002380952472,0.006833770312,0.001658362104,0.01286240667,0.01384617202,0.009791673161,0.008611731231,0.01145614404,0.01406575926,0.008114717901,0.007160457782,0.003962699324,0.007645089179,0.003172406228,0.002380952472,0.002380952472,0.003142679809,0.004761904944,0.001211503055,0,0.6263943911,0.1938908994,0.3330655992,0.08687510341,0.126849249,0.2296610475,0.1154233962,0.0856166333,0.2236033082,0.08772803098,0.134113729,0.1638031006,0.1857240498,0.07580183446,0.05375606567,0.02982623875,0.2264034897,0.08981322497,0.07744986564,0.07953558117,0.05667744204,0.2472657561,0.1043140516,0.3191514015,0.2217931747,0.2905342877,0.03046574071,0.09356177598,0.1070815623,0.8553261757,0.2472047061,0.1515556276,0.1192502752,0.2245921493,0.1355417818,0.2790660262,0.09417950362,0.1275047213,0.09470847994,0.3179300725,0.4787200093,0.8762658834,0.3076347411,0.2174179703,0.1647584587,0.076866135,0.1010721251,0.1253357828,0.3046284914,0.1695113778,0.0725299567,0.03640218079,0.03110838123,0.05434760451,0.05657885969,0.1030567139,0.03415307403,0.06450646371,0.08996469527,0.03460652754,0.002380952472,0.01666666754,0.002380952472,0.01953659952,0.05109108984,0.0331896469,0.004761904944,0.06028076634,0.007142857648,0.05292440951,0.05199432001,0.00922196731,0.02900027856,0.02163180895,0.03021054342,0.006542386487,0.01666666754,0.01653284021,0.02192687616,0.06681408733,0.007169323042,0.02674230002,0.02570886724,0.02184079587,0.007142857648,0.05553332344,0.03509130701,0.02788716182,0.01587897167,0.002380952472,0.02712184004,0.01076035853,0.007031679619,0.0147423828,0.008039641194,0.04331774265,0.03216359764,0.02220754698,0.04890029877,0.03847167641
15,0.004001635127,3.015941184e-05,0.0003548500245,0.001049556537,0.001960567199,0,0.0003531869443,0.000247525837,0.001710859826,5.45754483e-06,6.45777036e-05,0.0001589555468,0.099270612,0.01153262611,0,0.0003345190489,0,0,0,0,0,0,0,0,0,0,0,0,0,0,0,0,0,0,0,0,0,0,0,0,0,0,0,0.2067990154,0.06903856993,0.1326335371,0.06435337663,0.04860744998,0.03172488511,0.05427026376,0.02771720104,0.04825835675,0.004761904944,0.005193079356,0.01875666343,0.006930256262,0.005174811464,0.007142857648,0.003428093623,0.0645198077,0.004761904944,0.002380952472,0.05190962553,0.01165601239,0.0275731869,0.007270705886,0.05167118832,0.01855597645,0.03417361155,0.0008975495002,0.001407081843,9.849888556e-06,0.816542089,0.03824109212,0.0560470596,3.662061499e-05,0.004819827154,0.00498776231,0.02191197127,0.001130312914,0,0.01858069189,0.05809276551,0.2399717867,0.723887682,0.07340648025,0.0005482625565,0.006021262612,7.63209755e-06,0.0005349119892,0.009767055511,0.007240250707,0.0007708222256,0,0,0,0.003210961353,0.004761904944,0.001881885342,0.001213403069,0.004508735146,0.001209604554,0,0,0,0,0,0.004761904944,0.002380952472,0,0.0064288266,0,0.001981474226,0.002380952239,0,0,0.002380952472,0,0,0,0.0001196229132,0,0.0007205849397,0,0.0002062534331,0,0.002380952472,0,0.00547986012,0,0.002245586598,0.002380952472,0,0.003234579461,0,0,0,0,0,0.0006044904585,0,0.002380952239,0.00158991036
16,9.873949602e-05,0.000166092068,0.0004342850298,0.0001236934913,0.0004654545919,8.651623648e-05,0.0005975085078,5.785791654e-05,0.0001699669374,2.920814768e-05,0.0008330749697,4.712178998e-05,0.007240521722,0.0140930498,0.0003345190489,0,0,0,0,2.039508217e-05,0,0,0,0,0,0,1.109317327e-05,9.785994916e-05,0,8.260593859e-06,1.236163644e-05,1.068578968e-05,7.314495451e-05,0,3.916300557e-05,1.254909512e-05,0,0,0,0,0,0,0,0.1181526482,0.01872296631,0.02654597536,0.002779933857,0.006361837499,0.007563228719,0.002486746293,0.001325843157,0.01474379003,0.0009406219469,0.001003144309,0.0008165855543,0.0008575791144,5.931967462e-05,0.0001350279344,1.890428757e-05,0.007028299384,0.001162522705,0.0005836591008,0.0009994660504,0.0002258767345,0.002173505956,0.000124543425,0.02949691191,0.005129232537,0.01196263079,0.0001647443569,5.309839617e-05,0.01375926845,0.8926992416,0.006149549969,0.003315109992,0.001137666753,0.002372292569,0.0003657298803,0.002428438747,0.0004968430731,0.0001254932577,0.0008281501359,0.02364944667,0.1813628674,0.6915975213,0.04523649812,0.01430233568,0.000811710197,0.0009164937073,6.440985453e-05,0.0002926494053,0.002918373561,0.0008739633486,0.0004015332961,0.0001061170115,0.0009183404618,0.0006290827296,0.0009281741222,0.0008766617975,0.0006929795491,0.001044210629,0.001316298381,0.001205145498,0.0003704063129,0,0.0003945769568,0.0001096534397,0.0002596928971,0.001387452008,0,0.0006070868694,0.0007263252628,0.0005361176445,0.0004427915264,0.0003403156297,2.910807416e-05,0.0001989722805,0.0004337084829,0,6.921992463e-05,0,0.0004367427027,0.0001535672345,0,0.0001520338992,0.0009476831183,0.0002632594551,0,0.0005490674521,0.001113764592,0.0005309025873,0.001234152005,0.0001584246347,0.0001322796306,0,0.0002096807584,0.0002120095305,0.0003630956926,0.0001079882641,0.000326888141,6.011153891e-05,0.0007767947391,0.0004077348567
17,0,0,0,0,0,0,0,0,1.236784465e-05,0,0,7.523118256e-06,0.003730912227,0.002738325391,0,0,0,0,0,0,0,0,0,0,0,0,0,0,0,0,0,0,0,0,0,0,0,0,0,0,0,0,0,0.01291896868,0.002380952472,0.003012008965,0.001461668639,0.004965499043,0,0.002380952472,0,0.0001989374141,0,0,0,0,0,0,0,0,0,0,0,0,0,0,0,0,0.001125020091,0,0,0,0.3196832836,0.002380952472,0,0,0,0,0,0,0,0,0.001117564039,0.01592292823,0.1851572245,0.004761904944,0,0,0,0,0,0,0,0,0,0,0,0,0,0,0,0,0,0,0,0,0,0,0,0,0,0,0,0,0,0,0,0,0,0,0,0,0,0,0,0,0,0,0,0,0,0,0,0,0,0,0,0,0,0,0,0,0
18,0,0,0,0,0,0,0,0,2.621378735e-05,0,0.001592279063,0,0.006108815782,0.002650636248,0,0,0,0,0,0,0,0,0,0,0,0,0,0,0,0,0,0,0,0,0,0,0,0,0,0,0,0,0,0.008245269768,0,0,0,0,0.002380952472,0,0,0.002380952472,0,0,0,0,0,0,0,0,0,0,0,0,0,0,0,0,0,0,0,0,0.2205396444,0,0,0,0,0,0,0,0,0,0,0.02907081135,0.1114967093,0.002380952472,0,0,0,0,0,0,0,0,0,0,0,0,0,0,0,0,0,0,0,0,0,0,0,0,0,0,0,0,0,0,0,0,0,0,0,0,0,0,0,0,0,0,0,0,0,0,0,0,0,0,0,0,0,0,0,0,0
19,0,0,0,0,0,0,0,0,4.120354424e-05,0,0.0001927192061,3.488296352e-05,0.006545298733,0.006379881408,0,0,0,0,0,0,0,0,0,0,0,0,0,0,0,0,0,0,0,0,0,0,0,0,0,0,0,0,0,0.01387593709,0,0,0.001309629646,0.001264361897,0,0,0,0,0,0,0,0,0,0,0,0,0,0,0.0002614818513,0.0004554368788,0,0,0,0,0,0,0,0.002380952472,0.2516728044,0,0,0,0,0,0,0,0,0,0,0.0156616345,0.103244178,0.001606036909,0,0,0,0,0,0,0,0,0,0,0,0,0,0,0,0,0,0,0,0,0,0,0,0,0,0,0,0,0,0,0,0,0,0,0,0,0,0,0,0,0,0,0,0,0,0,0,0,0,0,0,0,0,0,0,0,0
20,0,0,0,0,0,0,0,0,1.205064291e-05,0,0,0,0.0009264660184,0.005348634906,0,2.039508217e-05,0,0,0,0,0,0,0,0,0,0,0,0,0,0,0,0,0,0,0,0,0,0,0,0,0,0,0,0.01241996605,0.002380952239,0.008877720684,0.001191129792,0.0009714119369,0,0,0.0006453514798,0,0,0,0,0,0,0,0,0,0,0,0,0,0,0,0,0,0.001528876484,0,0,0,0.3199460208,0,0,0,0,0,0,0,0,0,0,0.02380084619,0.1888688356,0,0.001039144816,0,0,0,0,0,0,0,0,0,0,0,0,0,0,0,0,0,0,0,0,0,0,0,0,0,0,0,0,0,0,0,0,0,0,0,0,0,0,0,0,0,0,0,0,0,0,0,0,0,0,0,0,0,0,0,0
21,0,0,0,0,0,0,0,0,3.690842277e-05,0,0.0009103590273,0,0.000269238546,0.009433160536,0,0,0,0,0,0,0,0,0,0,0,0,0,0,0,0,0,0,0,0,0,0,0,0,0,0,0,0,0,0.01525246166,0.0009792938363,0,0,0,0,0,0,0.001137361163,0,0,0,0,0,0,0,0.002380952472,0,0,0,0,0,0,0,0,0.0005818715435,0,0,0,0.3151501715,0,0,0,0,0,0,0,0,0,0,0.01837336458,0.1576276273,0,0,0,0,0,0,0,0,0,0,0,0,0,0,0,0,0,0,0,0,0,0,0,0,0,0,0,0,0,0,0,0,0,0,0,0,0,0,0,0,0,0,0,0,0,0,0,0,0,0,0,0,0,0,0,0,0,0
22,0,0,0,0,0,0,0,0,0,0,0,4.332563185e-05,0.001050585299,0.004778348375,0,0,0,0,0,0,0,0,0,0,0,0,0,0,0,0,0,0,0,0,0,0,0,0,0,0,0,0,0,0.00341448118,0.002380952239,0.002380952472,0,0.001318458584,0.002380952472,0.001454293611,0,0,0,0,0,0,0,0,0,0,0,0,0,0,0,0,0,0,0,0,0,0,0.2327906936,0,0.002380952472,0.001167012029,0,0,0,0,0,0,0,0.01084411051,0.099953264,0,0,0,0,0,0,0,0,0,0,0,0,0,0,0,0,0,0,0,0,0,0,0,0,0,0,0,0,0,0,0,0,0,0,0,0,0,0,0,0,0,0,0,0,0,0,0,0,0,0,0,0,0,0,0,0,0,0
23,0,0,0,0,0,0,0,0,0.0002646145585,0,0,0,0.002380952472,0.0009802614804,0,0,0,0,0,0,0,0,0,0,0,0,0,0,0,0,0,0,0,0,0,0,0,0,0,0,0,0,0,0.004924998619,0.001351452782,0.002380952472,0,0,0,0,0,0,0,0,0,0,0,0,0,0,0,0,0.0001354916749,0,0,0,0,0,0,0,0,0,0.1050503477,0,0,0,0,0,0,0,0,0,0,0.01190476213,0.06859052181,0,0,0,0,0,0,0,0,0,0,0,0,0,0,0,0,0,0,0,0,0,0,0,0,0,0,0,0,0,0,0,0,0,0,0,0,0,0,0,0,0,0,0,0,0,0,0,0,0,0,0,0,0,0,0,0,0,0
24,0,0,0,0,0,0,0,0,0,0,0,0,0.0004579500528,0.002380952472,0,0,0,0,0,0,0,0,0,0,0,0,0,0,0,0,0,0,0,0,0,0,0,0,0,0,0,0,0,0.004761904944,0,0,0,0,0,0,0,0,0,0,0,0,0,0,0,0,0,0,0,0,0,0,0,0,0,0,0,0,0.06514938921,0,0,0,0,0,0,0,0,0,0,0.007142857648,0.02273709513,0,0,0,0,0,0,0,0,0,0,0,0,0,0,0,0,0,0,0,0,0,0,0,0,0,0,0,0,0,0,0,0,0,0,0,0,0,0,0,0,0,0,0,0,0,0,0,0,0,0,0,0,0,0,0,0,0,0
25,0,0,0,0,0,0,0,0,0,0,9.995838627e-05,0,0.001243940555,0.006833770312,0,0,0,0,0,0,0,0,0,0,0,0,0,0,0,0,0,0,0,0,0,0,0,0,0,0,0,0,0,0.003698760178,0.003644302255,0.002380952472,0,0,0.0008255979628,0,0,0,0,0,0,0,0,0,0,0,0,0,0,0,0,0,0,0,0.002380952472,0,0,0,0.132898733,0,0,0,0,0,0,0,0,0,0,0.007217512466,0.0489083454,0,0,0,0,0,0,0,0,0,0,0,0,0,0,0,0,0,0,0,0,0,0,0,0,0,0,0,0,0,0,0,0,0,0,0,0,0,0,0,0,0,0,0,0,0,0,0,0,0,0,0,0,0,0,0,0,0,0
26,0,0,0,0,0,0,0,0,0,0,0,0,0.001424643444,0.001658362104,0,0,0,0,0,0,0,0,0,0,0,0,0,0,0,0,0,0,0,0,0,0,0,0,0,0,0,0,0,0.0146481283,0,0,0.002380952472,0,0,0,0,0,0,0,0,0,0,0,0,0.002380952472,0,0,0,0,0,0,0,0,0,0,0,0,0.2521336973,0.002380952472,0,0,0,0,0,0,0,0,0,0.01956874877,0.1052126512,0.0008853941108,0,0,0,0,0,0,0,0,0,0,0,0,0,0,0.001327486942,0,0,0,0,0,0,0,0,0,0,0,0,0,0,0,0,0,0,0,0,0,0,0,0,0,0,0,0,0,0,0,0,0,0,0,0,0,0,0,0,0,0
27,0,0,0,9.384218174e-06,0,0,0.002380952472,0,3.192935401e-05,0,0.0002642036416,5.148621858e-05,0.01430600043,0.01286240667,0,1.109317327e-05,0,0,0,0,0,0,0,0,0,0,0,6.48862283e-07,0,0,0,0,0,0,0,0,0,0,0,0,0,0,0,0.05607365072,0.009475943632,0.01166523155,0.001642753603,0.002823585644,0.0029963993,0.001532230526,0.0006301999092,0.01106126234,0,0.0002049840841,0,0.0003248165303,0,0,3.342434866e-06,0.002633745316,0,0,0.0001334894187,2.29408779e-05,0.0003305790597,2.818807297e-05,0.004884167574,0,0.00833603926,0,0,0.002535811625,0.7560507059,0.0004822221817,0.0002609209041,0,0,0,0.0005489302566,0.0001504452812,0.0001958371868,6.712861796e-05,0.005634469446,0.114706859,0.6331655383,0.01785614528,0.004428046755,0,0.0007464408409,0,0,0.0005678495509,0.0003108953242,0,0.001012034132,0,0,0,0,0,0,0.0003952178231,0,0,0,0,0,0,0,0,0,0,0,0,0,0,0,0,0,0,0,0,0,0,0,0,0,0,0,0,0.001070077298,0,0,0,0,0,0,0,0,0,0,0,0
28,0,0,0,0,0,0,0,0,5.012893234e-05,0,0.0001214732183,0,0.00861746911,0.01384617202,0,9.785994916e-05,0,0,0,0,0,0,0,0,0,0,6.48862283e-07,0,0,0,0,0,0,0,0,0,0,0,0,0,0,0,0,0.01896309853,0.005604177713,0.00139003084,0.001622071257,0.001333033899,0,0,6.000694339e-05,0.002380952472,0,0,0,0,0,0,0,0.001793110161,0,0.0008612048114,0.00011612034,0,0,0,0.004761904944,0.0005524719018,0.004761904944,0,0,0,0.5275784135,0.0005421160604,0,0,0,0,0,0,0,0,0,0.04488801211,0.3284766674,0.004761904944,0,0,0,0,0,0,0,0,0,0,0,0,0,0,0,0,0,0,0,0,0,0,0,0,0,0,0,0,0,0,0,0,0,0,0,0,0,0,0,0,0,0,0,0,0,0,0,0,0,0,0,0,0,0,0,0,0
29,2.114762719e-05,0,0,0,0,0,0,0,0.0001315855916,0,0.0001767183712,0,0.007167142816,0.009791673161,0,0,0,0,0,0,0,0,0,0,0,0,0,0,0,0,0,0,0,0,0,0,0,0,0,0,0,0,0,0.03699340671,0.009433774278,0.01014186814,0.001226413413,0.00324046379,0,9.221856453e-05,0,0.006200888194,0,0,0,0,0,0,1.851576963e-05,0.0002439879754,0,0,0,0,0,0,0.005779185332,0.001655480475,0.007371635176,0,0,0.002380952472,0.6302697659,0.000587377348,0.0007331868983,0,0,0,0.0008728972171,0,0,0,0.007566706743,0.06477443129,0.4936267734,0.004854357801,0.003581894329,0,0,0,0.0001565309067,0.0007102187374,0,0,0,0,0,0,0,0,0,0,0,0,0,0,0,0,0,0,0.0003020026197,0,0,0,0,0,0,0,0,0,0,0,0,0,0,0,0,0,0,0,0,0,0,0,0,0,0,0,0,0,0,0,0
30,0,0,0,0,0,0,0,0,1.8595043e-05,8.432057257e-06,0.0002269868273,1.741625056e-05,0.005949766375,0.008611731231,0,8.260593859e-06,0,0,0,0,0,0,0,0,0,0,0,0,0,0,0,0,0,0,0,0,0,0,0,0,0,0,0,0.03787484765,0.009177198634,0.007700369228,0.0006407335168,0.0004530854058,0,0.001668508165,0.0006788523169,0.003081230447,0,0,0,0,5.240686733e-05,0,0,0.004873719998,0,0,1.052249718e-05,3.115078289e-05,0,0,0.002380952472,0,0.004359332379,0,0,0.003063450567,0.7086609602,8.438502846e-05,0.0004149122979,0,0,0,0.000111744288,0,0,0,0.00134773273,0.09020306915,0.5275428891,0.003210017458,0.002380952472,0.002380952472,0.002380952472,0,0,0,0.0003141689231,0,0,0,0,0,0,0,0,0,0,0,0,0,0,0,0,0,0,0,0,0,0,0,0,0,0,0,0,0,0,0,0,0,0,0,0,0,0,0,0,0,0,0,0,0,0,0,0,0,0
31,0,0,0,0,0,0,0,1.848336615e-05,3.79522462e-05,0,8.229854575e-05,0,0.007099769078,0.01145614404,0,1.236163644e-05,0,0,0,0,0,0,0,0,0,0,0,0,0,0,0,3.371182515e-07,0,0,0,0,0,0,0,0,0,0,0,0.03393869847,0.008262223564,0.004272219725,0.001117166714,0.003240402089,0.003930707928,0.0008492099005,0.001462603221,0.002380952472,0,0,0,0,0,0,0,0.0006143815699,0,0,0.0001637414098,0,0,0,0.005602044519,0,0.005860335194,0,0,0.004507638048,0.6940668225,0.002004012465,0.0004875662853,0.0001731159864,0.0002224037598,0,0,0,0,0.0003714317572,0.0007566448185,0.08534725755,0.4795832932,0.00789822638,0.003794628195,0,0,0,0,0,0,0.001205009175,0,0,0,0,0,0,0,0,0,0,0,0,0,0,0,0,0,0,0,0,0,0,0,0,0,0,0,0,0,0,0,0,0,0,0,0,0,0,0,0,0,0,0,0,0,0,0,0,0
32,0,0,0,0,0,0,0,0,2.313361074e-05,0,0.0004025231756,0,0.008260900155,0.01406575926,0,1.068578968e-05,0,0,0,0,0,0,0,0,0,0,0,0,0,0,3.371182515e-07,0,0,0,0,0,0,0,0,0,0,0,0,0.02867478505,0.007797012106,0.006778548472,0.0006664393004,0.008002047427,0.0005227745278,0.00145299267,0.001496728975,0.003336212831,0,0,0,0,0,0,0,0.003831865732,0,0,0.0002285194641,0,0,0,0.002380952472,0.001193459961,0.006160213612,0,0,0,0.624238193,0.0009768154705,0.003231886541,0.001144371927,0,0,0.0005429729354,0,0,0,0,0.05511127785,0.3386077583,0.01081985515,0.002380952239,0,0,0,0,0,0,0,0,0,0,0,0,0,0,0,0,0,0,0,0,0,0,0,0,0,0,0,0,0,0,0,0,0,0,0,0,0,0,0,0,0,0,0,0,0,0,0,0,0,0,0,0,0,0,0,0
33,0,0,0,0,0,0,0,0,0,0,0,0,0.001752679585,0.008114717901,0,7.314495451e-05,0,0,0,0,0,0,0,0,0,0,0,0,0,0,0,0,0,0,0,0,0,0,0,0,0,0,0,0.01797134243,0.001644526026,0.00804158859,0.0005283440114,0.0003538589808,0,0.000436508999,0.0004260214337,0.002380952472,0,0,0.0006979420432,0,0,0,0,0,0,0,0,0,0.002380952472,6.857078552e-05,0,0,0.002949898131,0,0,0.001513645286,0.4223282039,0,0,0,0,0,0,0,0,0,0,0.02328852192,0.2083657831,0,0,0,0,0,0,0,0,0,0,0,0,0,0,0,0,0,0,0,0,0,0,0,0,0,0,0,0,0,0,0,0,0,0,0,0,0,0,0,0,0,0,0,0,0,0,0,0,0,0,0,0,0,0,0,0,0,0
34,0,0,0,0,0,0,0,0,0,0,0,0,0.002269763267,0.007160457782,0,0,0,0,0,0,0,0,0,0,0,0,0,0,0,0,0,0,0,0,0,0,0,0,0,0,0,0,0,0.004754795227,0,0.002878532046,0.003217021003,0.002380952472,0,0.0006746748695,0.004761904944,0.002339349361,0,0,0,0,0,0,0,0,0,0,0,0,0,0,0,0,0.002380952472,0,0,0,0.3273702562,0,0,0,0,0,0,0,0,0,0,0.03311295062,0.1445248276,0,0.002380952472,0,0,0,0,0,0,0,0,0,0,0,0,0,0,0,0,0,0,0,0,0,0,0,0.0007058263873,0,0,0,0,0,0,0,0,0,0,0,0,0,0,0,0,0,0,0,0,0,0,0,0,0,0,0,0,0,0,0,0
35,0,0,0,0,0,0,0,0,6.647108421e-06,0,0,4.811166946e-06,0.004454091657,0.003962699324,0,3.916300557e-05,0,0,0,0,0,0,0,0,0,0,0,0,0,0,0,0,0,0,0,0,0,0,0,0,0,0,0,0.01780230179,0.005825663917,0.01018747687,0.0002417287324,0.002380952472,0.004761904944,0.003112792503,0,0.003138470696,0,0,0,0,0,0,0,0.001816205098,0,0,0,0,0.001016366761,8.499227988e-05,0.002380952472,0,0,0,0,0.004761904944,0.5860325098,0,0.0009428417543,0,0,0,0,0,0,0,0.002380952472,0.05819841847,0.296074003,0,0,0,0.001442649285,0,0,0,0,0,0,0,0,0,0,0,0,0,0,0,0,0,0,0,0,0,0,0,0,0,0,0,0,0,0,0,0,0,0,0,0,0,0,0,0,0,0,0,0,0,0,0,0,0,0,0,0,0,0
36,0,0,0,0,0,0,0,0,4.546021228e-05,0,0.0004605917202,0,0.007515328936,0.007645089179,0,1.254909512e-05,0,0,0,0,0,0,0,0,0,0,0,0,0,0,0,0,0,0,0,0,0,0,0,0,0,0,0,0.03049926832,0.006452320144,0.001539634424,0.001071682665,0.005379194394,0.0003614412562,0.0001800586178,0.001052365405,0.004755787086,0.001379763591,0,0,0,0,0,0,0.002523987088,0,0,0.0001751859818,1.832009548e-05,0.0001964150724,0,0.005518784281,0,0.00825991109,0,0,0,0.6565914154,0.0003543642815,0.0002610288211,0,0,0,0.0002330735588,0,0,0,0.002825825708,0.05028796941,0.4078814089,0.01140435599,0.004103735089,0,0,0,0,0,0.0001224715525,0,0,0,0,0,0,0,0.0008673598641,0,0,0,0,0,0,0,0,0,0,0,0,0,0,0,0,0,0,0,0,0,0,0,0,0,0,0,0,0,0,0,0,0,0,0,0,0,0,0,0.0004701181315,0,0
37,0,0,0,0,0,0,0,0,3.24339635e-05,0,0.0003554898722,0,0.0003652342421,0.003172406228,0,0,0,0,0,0,0,0,0,0,0,0,0,0,0,0,0,0,0,0,0,0,0,0,0,0,0,0,0,0.02049224079,0.002380952239,0,0.0001540880476,0.001051508007,0,0.0005929764011,0.0003959593014,0,0,0,0,0,0,0,0,0.002380952472,0,0,0,0,0,0,0,0,0,0,0,0,0.2106081545,0,0,0,0,0,0,0,0,0,0,0.01593641005,0.0834095031,0,0,0,0,0,0,0,0,0,0,0,0,0,0,0,0,0,0,0,0,0,0,0,0,0,0,0,0,0,0,0,0,0,0,0,0,0,0,0,0,0,0,0,0,0,0,0,0,0,0,0,0,0,0,0,0,0,0
38,0,0,0,0,0,0,0,0,0,0,0,0,0.002380952239,0.002380952472,0,0,0,0,0,0,0,0,0,0,0,0,0,0,0,0,0,0,0,0,0,0,0,0,0,0,0,0,0,0,0.002380952472,0,0,0,0,0,0,0,0,0,0,0,0,0,0,0,0,0,0,0,0,0,0,0,0,0,0,0,0.04336610809,0,0,0,0,0,0,0,0,0,0,0,0.01904761977,0,0,0,0,0,0,0,0,0,0,0,0,0,0,0,0,0,0,0,0,0,0,0,0,0,0,0,0,0,0,0,0,0,0,0,0,0,0,0,0,0,0,0,0,0,0,0,0,0,0,0,0,0,0,0,0,0,0
39,0,0,0,0,0,0,0,0,0.0005519113038,0,0,0,0,0.002380952472,0,0,0,0,0,0,0,0,0,0,0,0,0,0,0,0,0,0,0,0,0,0,0,0,0,0,0,0,0,0,0,0,0,0,0,0,0,0,0,0,0,0,0,0,0,0.002380952472,0,0,0,0,0,0,0,0,0,0,0,0,0.04047619179,0,0,0,0,0,0,0,0,0,0,0,0.02380952425,0,0,0,0,0,0,0,0,0,0,0,0,0,0,0,0,0,0,0,0,0,0,0,0,0,0,0,0,0,0,0,0,0,0,0,0,0,0,0,0,0,0,0,0,0,0,0,0,0,0,0,0,0,0,0,0,0,0
40,0,0,0,0,0,0,0,0,0,0,0,0,0.002829245059,0.003142679809,0,0,0,0,0,0,0,0,0,0,0,0,0,0,0,0,0,0,0,0,0,0,0,0,0,0,0,0,0,0,0,0.002380952472,0,0,0,0,0,0,0,0,0,0,0,0,0,0,0,0,0,0,0,0,0,0,0,0,0,0,0.09633485973,0,0,0,0,0,0,0,0,0,0,0.002380952472,0.05815017596,0,0,0,0,0,0,0,0,0,0,0,0,0,0,0,0,0,0,0,0,0,0,0,0,0,0,0,0,0,0,0,0,0,0,0,0,0,0,0,0,0,0,0,0,0,0,0,0,0,0,0,0,0,0,0,0,0,0
41,0,0,0,0,0,0,0,0,0,0,0,0,0.0006472765235,0.004761904944,0,0,0,0,0,0,0,0,0,0,0,0,0,0,0,0,0,0,0,0,0,0,0,0,0,0,0,0,0,0,0,0.0009989968967,0,0,0,0,0,0.002380952472,0,0,0,0,0,0,0,0,0,0,0,0,0,0,0,0,0.002380952239,0,0,0,0.04761904851,0,0,0,0,0,0,0,0,0,0,0.002380952239,0.01904761977,0,0,0,0,0,0,0,0,0,0,0,0,0,0,0,0,0,0,0,0,0,0,0,0,0,0,0,0,0,0,0,0,0,0,0,0,0,0,0,0,0,0,0,0,0,0,0,0,0,0,0,0,0,0,0,0,0,0
42,0,0,0,0,0,0,0,0,0,0,0,0,0,0.001211503055,0,0,0,0,0,0,0,0,0,0,0,0,0,0,0,0,0,0,0,0,0,0,0,0,0,0,0,0,0,0.002380952472,0,0,0,0,0,0,0,0,0,0,0,0,0,0,0,0,0,0,0,0,0,0,0,0,0,0,0,0,0.04456983507,0,0,0,0,0,0,0,0,0,0,0.002380952472,0.009523809887,0,0,0,0,0,0,0,0,0,0,0,0,0,0,0,0,0,0,0,0,0,0,0,0,0,0,0,0,0,0,0,0,0,0,0,0,0,0,0,0,0,0,0,0,0,0,0,0,0,0,0,0,0,0,0,0,0,0
43,0,0,0,0,0,0,0,0,0,0,0,0,0,0,0,0,0,0,0,0,0,0,0,0,0,0,0,0,0,0,0,0,0,0,0,0,0,0,0,0,0,0,0,0,0,0,0,0,0,0,0,0,0,0,0,0,0,0,0,0,0,0,0,0,0,0,0,0,0,0,0,0,0.009523809887,0,0,0,0,0,0,0,0,0,0,0,0.002380952239,0.002380952472,0,0,0,0,0,0,0,0,0,0,0,0,0,0,0,0,0,0,0,0,0,0,0,0,0,0,0,0,0,0,0,0,0,0,0,0,0,0,0,0,0,0,0,0,0,0,0,0,0,0,0,0,0,0,0,0,0
44,0.09817235172,0.02884545922,0.09466761351,0.07236733288,0.1283897012,0.05965223163,0.05244652927,0.09579864889,0.1285273284,0.05720525607,0.09296875447,0.08894243836,0.3481350541,0.6263943911,0.2067990154,0.1181526482,0.01291896868,0.008245269768,0.01387593709,0.01241996605,0.01525246166,0.00341448118,0.004924998619,0.004761904944,0.003698760178,0.0146481283,0.05607365072,0.01896309853,0.03699340671,0.03787484765,0.03393869847,0.02867478505,0.01797134243,0.004754795227,0.01780230179,0.03049926832,0.02049224079,0,0,0,0,0.002380952472,0,0,0.01407762896,0.004747317173,0.02573890239,0.06160257757,0.07578314841,0.0134374015,0.06399314851,0.06655811518,0.04832214862,0.03459656984,0.01968928985,0.01406902913,0.01012848224,0.01339618303,0.02603913285,0.01215440501,0.01857109554,0.02165864222,0.04516389221,0.04636269808,0.03128382936,0.01454449818,0.07531768829,0.06831917167,0.08475169539,0.07042254508,0.1067028642,0.14287889,0.6742858291,0.05249572173,0.02388308756,0.07405061275,0.0390134342,0.02833377011,0.02150655538,0.1070569232,0.1158434674,0.1076190919,0.0394516997,0.1255086213,0.6949633956,0.08721676469,0.1201925129,0.05442136154,0.1231128722,0.1022916809,0.02640457638,0.1086160764,0.1165682226,0.1252536327,0.1108312383,0.136629805,0.1011804342,0.1078571603,0.1301331222,0.07621669769,0.0926643312,0.1064443737,0.04843735322,0.01062180847,0.01048280019,0.005648790859,0.0426200442,0.06010042503,0.06720470637,0.01194752939,0.07494314015,0.004873055033,0.08371972293,0.06191300601,0.01580273546,0.03055592626,0.042668093,0.07393807918,0.01156911254,0.03104670905,0.05775075778,0.06954968721,0.04677545652,0.02435355447,0.112580657,0.06523562968,0.05143824592,0.03381348774,0.06607025862,0.06657936424,0.07865884155,0.04701696336,0.01174123771,0.04293111339,0.02671645395,0.0389286615,0.04240075499,0.06526964158,0.07532349229,0.02957368456,0.04838956892,0.1031339318,0.07294540852
45,0.003351652296,0.007438409608,0.01913497411,0.0293350853,0.001543860068,0.02432203107,0.0140862707,0.02999158762,0.01650875621,0.02776423097,0.01165268198,0.03346209973,0.06227508932,0.1938908994,0.06903856993,0.01872296631,0.002380952472,0,0,0.002380952239,0.0009792938363,0.002380952239,0.001351452782,0,0.003644302255,0,0.009475943632,0.005604177713,0.009433774278,0.009177198634,0.008262223564,0.007797012106,0.001644526026,0,0.005825663917,0.006452320144,0.002380952239,0.002380952472,0,0,0,0,0,0.01407762896,0,0.0006558799068,0.0001713524689,0.0001278975978,0.0002256959706,0.0005106347962,0.0005146559561,0.04749135673,0.02804897912,0.021876527,0.05005496368,0.021839872,0.01015994046,0.02249709889,0.02071985789,0.008611522615,0.009333711118,0.01525158342,0.00517638959,0.02594899014,0.03735487908,0.01744641922,0.04429937154,0.04117139056,0.01268686634,0.006474763155,0.01100286376,0.04454114288,0.5160664916,0.05635236949,0.02338710614,0.0231508445,0.03362503275,0.01722719707,0.02562004887,0.01454427373,0.009059938602,0.004479660187,0.04544851556,0.06584274769,0.5881677866,0.02725363709,0.02998449281,0.02842353657,0.02834576368,0.009085456841,0.01934142597,0.001611233922,0.007906899787,0.0004331962264,0.0009130892577,0.0003417225671,0.0001845963416,0.0002701022895,0.000246554031,0.0007653524517,0.0006672179443,0.0004549396399,0.003845199943,0,0.002380952239,0,0.002380952239,0.01046338305,0.004444434308,0,0.002693873132,0,0.01344705839,0.01706280559,0,0.007143269759,0.000443240162,0.005620463286,0,0.002380952239,0.0005602910533,0.001959884772,0.004527497105,0.00101919286,0.006357943639,0.002495254856,0.006251529325,0,0.003568265121,0.01086546294,0.002089732792,0,0,0.004127516411,0,0.002380952472,0.008684012108,0.009276888333,0.007285060361,0,0,0.002402900252,0.008346425369
46,0.002054909477,0.006096007768,0.01463345066,0.0308737997,0.003137288149,0.03376588225,0.03197749704,0.02206265181,0.02465402894,0.0111267101,0.01311350614,0.01397427451,0.1689452976,0.3330655992,0.1326335371,0.02654597536,0.003012008965,0,0,0.008877720684,0,0.002380952472,0.002380952472,0,0.002380952472,0,0.01166523155,0.00139003084,0.01014186814,0.007700369228,0.004272219725,0.006778548472,0.00804158859,0.002878532046,0.01018747687,0.001539634424,0,0,0,0.002380952472,0.0009989968967,0,0,0.004747317173,0.0006558799068,0,0.0003590290144,0.00610541692,0.004544254392,0.000110523164,0.0004515223845,0.0111175254,0.005130682141,0.001431823708,0.0008564671734,0.0004579749657,0.001051601837,0.0008616984705,0.001641693525,0.0001155129794,0.001893134671,0.002765146317,0.0006830406492,0.002958045341,0.0008026743308,0.0003006047627,0.004125169013,0.005384554155,0.01087451633,0.003065066878,0.001321558724,0.07234761119,0.194355309,0.002710421104,0.00054223201,0.01177885197,0.002000584966,0.0003623129742,0.0006746146246,0.005670137238,0.0033564521,0.001590854721,0.001009798143,0.008195348084,0.4927149415,0.00958463084,0.04110733047,0.003961493261,0.04124362394,0.001995626604,0.0004716943658,0.0049219504,0.007481352892,0.0008770388085,0.00019431494,0.001329160412,5.303470243e-05,0.0005760000204,0.0006965339999,0.002390553709,0.0005605088081,0.0002776179463,0.0004136137431,0.002380952472,0,0.0004194825306,0.0005275703152,0.001662118477,0.002857808722,0,0.001806611079,0,0.003849936184,0.001940559596,0.0002318186744,0.0002174836554,0.00319094141,0.0006501298631,0,0,0.002380952472,0.001470142626,0.0007759416476,0.003999915905,0.006624209229,0.009288812988,0.0008541511488,0,0.001459842082,0.001169373747,0.002633948112,0.0004603577545,0.00022871494,0.001406120486,0.002380952472,0.0002576567058,0.002380952472,0.003508807393,0.0002203768236,0.0008474712376,0.0001635254157,0.001460119616,0.001577702467
47,0.0003485693887,0.002380952472,0.00416411506,0.01967289485,0.0001159654566,0.005544283427,0.01372040156,0.003852533409,0.003213449381,0.01046538632,0.002589892829,0.009840158746,0.0489510335,0.08687510341,0.06435337663,0.002779933857,0.001461668639,0,0.001309629646,0.001191129792,0,0,0,0,0,0.002380952472,0.001642753603,0.001622071257,0.001226413413,0.0006407335168,0.001117166714,0.0006664393004,0.0005283440114,0.003217021003,0.0002417287324,0.001071682665,0.0001540880476,0,0,0,0,0,0,0.02573890239,0.0001713524689,0.0003590290144,0,0.0001529984584,0.0004514729953,6.545890938e-05,0.0001143158588,0.01900172047,0.009850167669,0.01126559172,0.03152903542,0.02581192926,0.0062843333,0.01631213725,0.005847394466,0.008206033148,0.008424974047,0.01472440269,0.00424812641,0.01452385262,0.01425485313,0.008767858148,0.01715974137,0.0224345848,0.005129623227,0.00613139756,0.006900627166,0.02685391717,0.4587209821,0.02569107153,0.01612710394,0.01382587664,0.01278948039,0.005190940108,0.02140364423,0.01102673262,0.003749318887,0.002787711797,0.02565392666,0.03607193753,0.4508696496,0.008089735173,0.02291520685,0.008527752012,0.02038668841,0.001876001828,0.01254536677,0.0006687614368,0.00404935563,6.066801507e-05,0.000198936832,2.378856334e-05,0,4.532524599e-06,5.183897156e-05,0,4.929892384e-05,2.54824281e-05,0.001390976366,0.001034258865,0,0,0.0003896015405,0.01028382964,9.849281196e-05,0.001234954107,0.000591445365,0.002380952472,0.002378421836,0.004954715725,0,0.0005253282143,0.001366758952,1.957637323e-05,0,0,0,0.006875400431,0.002380952472,0.001650971826,0.000599096471,3.092690167e-05,0.0003603060613,0,0.0004105437838,0.000510696671,4.549968071e-05,0,0.002380952472,0.0003670899896,0,0,0.003412720282,0.003958825022,0,0.001458127866,0,0.0001890221902,0.001950371196
48,0.0006733584451,0.002380952472,0.003915818408,0.01468590368,0.0001512397139,0.009417926893,0.01319256332,0.005378484726,0.006862701382,0.01626138017,0.005665658507,0.01768250391,0.04192492738,0.126849249,0.04860744998,0.006361837499,0.004965499043,0,0.001264361897,0.0009714119369,0,0.001318458584,0,0,0,0,0.002823585644,0.001333033899,0.00324046379,0.0004530854058,0.003240402089,0.008002047427,0.0003538589808,0.002380952472,0.002380952472,0.005379194394,0.001051508007,0,0,0,0,0,0,0.06160257757,0.0001278975978,0.00610541692,0.0001529984584,0,2.685851723e-05,0.0009294851334,2.063744068e-05,0.02938039973,0.01583494246,0.01438956242,0.01626884378,0.0214500092,0.004580140114,0.009809756652,0.004237212706,0.02457966842,0.004860644229,0.01220176741,0.006991640199,0.02074270695,0.02994235419,0.008850960992,0.03335217759,0.03419227153,0.008702833205,0.006673345808,0.01127584465,0.03003829159,0.5284990668,0.03597937152,0.02578778565,0.02525981516,0.02216036431,0.0136444252,0.02959659509,0.006623071618,0.007505872287,0.0028722852,0.03574740514,0.05302212015,0.5342674255,0.01800768077,0.0232580211,0.01626108401,0.01772742532,0.01133766677,0.009840673767,0.0002572176454,0.00210491335,0.0001293631649,0.0001839254546,0.0001631064515,3.033923349e-05,1.249834349e-05,2.118273733e-05,0.0001562125108,6.66191554e-05,3.082583862e-05,0.0009948046645,0,0,0,0,0.00791182369,0,0.002380952472,0.0006123161293,0.002380952472,0.003733802587,0.008263130672,0,0.002380952472,0.0002823708928,0.001610375824,0,0,0,0,0,0.007142857648,0.001687337412,0,0.0001724994363,0,0.0003345073201,0.00163716753,0.0004166738654,0,0,0.0008698874153,0.003691925434,0.002380952472,0,0.001590876724,0,0,0,0.0002283867652,0.003287431085
49,0.0001484092354,0.002380952472,0.0009930004599,0.001298666582,6.263057003e-05,0.009151269682,0.008505217731,0.00259071542,0.005652063061,0.00659968378,0.006181445438,0.01161457971,0.072202079,0.2296610475,0.03172488511,0.007563228719,0,0.002380952472,0,0,0,0.002380952472,0,0,0.0008255979628,0,0.0029963993,0,0,0,0.003930707928,0.0005227745278,0,0,0.004761904944,0.0003614412562,0,0,0,0,0,0,0,0.07578314841,0.0002256959706,0.004544254392,0.0004514729953,2.685851723e-05,0,0.0006752145127,2.089617374e-05,0.01029423438,0.00357300858,0.005052170716,0.02325998805,0.01011459529,0.008506512269,0.005991109647,0.0005786481197,0.009827800095,0.005212025717,0.00817404408,0.0004448348482,0.002280983608,0.01601944491,0.01025938801,0.02157964744,0.02017082088,0.01016540546,0.0003359782277,6.708982255e-05,0.02322741784,0.750726521,0.01588822342,0.009733510204,0.0144197261,0.01877870224,0.004267672542,0.03020586818,6.460311852e-05,4.013672151e-05,5.833269097e-05,0.04589191824,0.0699429661,0.5314198732,0.01382295042,0.03404542804,0.008049090393,0.0008793054731,0.000248615077,0.001183308079,1.880815944e-05,6.218349154e-05,4.384870863e-06,1.042626263e-05,0,2.825244337e-05,2.867133117e-05,1.394447281e-05,0,1.84362234e-05,4.344821718e-06,0.0001393251296,0,0,0,0,0.001509838621,0,0,0.0001195294535,0,0.0004718231503,0.003299695905,0,0.0007732823142,0.0001460542262,0,0,0,0,0,0,0,0.0003897846618,0.0002622123284,2.851482532e-05,0,3.303990525e-05,0.0002044380381,0.0003449422366,0,0,0.0003532130795,0,0,0,0,0.0003505075292,0,0,2.681941623e-05,7.252379146e-05
50,0.0003709861485,0.003470460419,0.001165391994,0.007014291827,0.0003603382502,0.003127654549,0.007688194979,0.004151594359,0.003224604763,0.005047820974,0.002933542011,0.003982796799,0.06902226061,0.1154233962,0.05427026376,0.002486746293,0.002380952472,0,0,0,0,0.001454293611,0,0,0,0,0.001532230526,0,9.221856453e-05,0.001668508165,0.0008492099005,0.00145299267,0.000436508999,0.0006746748695,0.003112792503,0.0001800586178,0.0005929764011,0,0,0,0,0,0,0.0134374015,0.0005106347962,0.000110523164,6.545890938e-05,0.0009294851334,0.0006752145127,0,3.239420766e-05,0.006651390344,0.00569262635,0.002559439745,0.004480399191,0.001656983048,0.002908571856,0.0008183968603,0.002618411789,0.0001382734918,0.0004932080628,0.001023901277,4.247992183e-05,0.001260450343,0.003759283805,0.0002327599359,0.005568345543,0.00937625207,0.005478236824,0,0.0003321856493,0.03353429213,0.4322500527,0.008103394881,0.001158086001,0.0180655811,0.002570483135,0,0.003941914067,0.002193173394,0.003560892306,0.0001331599342,0.009530879557,0.03083428554,0.3889839947,0.004647509195,0.0316866003,0.004643258173,0.01418071333,0.002021796303,0.001020099153,0.0003484908666,0.00113972195,0.0001376216969,4.351717143e-05,0.000120636505,0,2.847524956e-05,1.441873246e-05,7.831656694e-05,7.135503893e-06,3.821726568e-05,0,0,0,0,0,0.0001899423805,0.0008466835134,0,0.0003281282552,0,0.0008772905567,0.002944150241,0,0,0.0009969070088,3.63703839e-05,0,0,0,0.0002254310239,0.001455455786,0.002380952472,0.002302470384,0,0.0005243707565,0,0.0001991855388,0.001054684864,0.0001524593245,0.000301197957,0.002380952472,0.0006440284778,0,0,0.001991841709,0.002380952239,0,0,0.0007801384781,0.0001875453454,0.000629424525
51,5.652040272e-05,0,0.0003885277838,0.001529349247,7.131387247e-05,0.006825525779,0.009175598621,0.0008446727297,0.001672236947,0.002666224493,0.001697493135,0.002640389372,0.06300039589,0.0856166333,0.02771720104,0.001325843157,0,0,0,0.0006453514798,0,0,0,0,0,0,0.0006301999092,6.000694339e-05,0,0.0006788523169,0.001462603221,0.001496728975,0.0004260214337,0.004761904944,0,0.001052365405,0.0003959593014,0,0,0,0,0,0,0.06399314851,0.0005146559561,0.0004515223845,0.0001143158588,2.063744068e-05,2.089617374e-05,3.239420766e-05,0,0.005155002233,0.003035677131,0.003948435187,0.01218762714,0.009068649262,0.0008085463778,0.001363187097,0.00302762608,0.001414548722,0.001304930658,0.0008736031596,9.928967484e-05,0.001422165078,0.003856023075,0.001790170907,0.006666229572,0.0075963079,0.004529351834,0.0002421465033,0.001155942678,0.0423480086,0.5402522087,0.009944976307,0.002854417544,0.01459114812,0.003663013224,0.001425173134,0.006809171755,0.00122058671,0.0002840310626,5.259008321e-05,0.01299077738,0.03292339668,0.3725797236,0.004028837197,0.02402852103,0.005391730927,0.01354031172,0.002184039215,0.0009323678678,4.515411638e-05,0.0003303250123,2.226219112e-05,0,0,0,0,2.954115189e-06,5.672967291e-06,1.397260689e-06,1.649978799e-06,4.408610766e-05,0,0,0,0,0.0001240761922,1.997002073e-05,0,3.119429311e-05,0.0003764809517,0.000617718033,0.0005486707087,0,0.0009965207428,0.000159242918,6.18367676e-06,0,0,0,0.002626752947,0,0,0.0002602465393,0,9.374530782e-05,0,3.195769386e-05,0.0002890258329,1.544838778e-05,6.653735181e-05,0,4.84045886e-05,0,0,0.001699776854,0.0007408185629,0,0,0,5.733574653e-06,8.197929128e-05
52,0.001090021804,0.001171689015,0.001674448256,0.006841050927,0.0008718203753,0.005654767156,0.0009171176935,0.002355160424,0.01778083481,0.003606214887,0.002477826551,0.001498214086,0.1913798153,0.2236033082,0.04825835675,0.01474379003,0.0001989374141,0.002380952472,0,0,0.001137361163,0,0,0,0,0,0.01106126234,0.002380952472,0.006200888194,0.003081230447,0.002380952472,0.003336212831,0.002380952472,0.002339349361,0.003138470696,0.004755787086,0,0,0,0,0.002380952472,0,0,0.06655811518,0.04749135673,0.0111175254,0.01900172047,0.02938039973,0.01029423438,0.006651390344,0.005155002233,0,3.822865256e-05,0.0001405584044,0.001328030252,0.006728975102,0.0007941477234,0.00024411497,0.0002834520419,0.004707926419,0.0003190933494,0.001021007658,0.001237738412,0.0004419440811,0.001601930824,0.001790956012,0.0006381628918,0.0001532434981,0.01162189338,0.0001946455595,0.001169939293,0.1244138703,0.5895118713,0.001031712047,0.002574984916,0.00802561827,0.001630771207,0.001568415551,0.004235378001,0.001040371484,0.0007191472105,0.0012688149,0.004171045031,0.04901084304,0.161505565,0.002029565629,0.03442229703,0.001184536959,0.01604245789,0.0006367557799,0.001706991927,0.002381880069,0.001415078994,0.001552306348,0.003756484715,0.001581456745,0.004892574623,0.001943757874,0.003056254471,0.0008130485658,0.002722715959,0.00361413369,0.0007495421451,0.0005633418914,0,0,0.0004318619904,0.0002631058451,0.002030776814,0.002380952239,0.001329249237,0.0002002533292,0.001032525324,0.0008355763275,5.796780169e-05,0.001790955313,0.0002674119314,0.001299478463,0,0.003828398418,0.001374574378,0.0009702637326,0.004100370687,0.003448004602,0.0009231973672,0.0004016839375,0.001168601215,0,0.001373223145,0.0007435949519,0.001027378603,0.0006741765537,0,0.001459266525,0,0,0.002881430788,0.001690746401,0.001493615564,5.275813965e-05,0.0006014283863,0.001448665163,0.001304483158
53,0,0,0.0005922846613,0,0.0002245981741,0.002380952472,0.002380952472,0,0.001262520556,0,6.130874681e-05,0.0001119294466,0.07426455617,0.08772803098,0.004761904944,0.0009406219469,0,0,0,0,0,0,0,0,0,0,0,0,0,0,0,0,0,0,0,0.001379763591,0,0,0,0,0,0,0,0.04832214862,0.02804897912,0.005130682141,0.009850167669,0.01583494246,0.00357300858,0.00569262635,0.003035677131,3.822865256e-05,0,3.233199379e-07,7.369170362e-06,0,2.24461528e-05,0,0,0.0007442768547,0,0,0.0004155496135,1.190448893e-05,5.193910965e-06,0,7.369452214e-05,5.917610224e-07,5.84319132e-05,0,0.0002134972601,0.009473773651,0.3217686117,0,0.0003194049059,0.0005441084504,0,0,0.0009555575671,0,0,9.355811198e-05,0.0005614932161,0.009406108409,0.2097533941,0.0004057462793,0.001052569132,0,0.0008803206729,2.137009506e-05,0.0001419260079,0.002380952472,0,0,0,0,0,0,0,0,0,0,0,0,0,0,0,0,0,0,0,0,0,0,0,0,0,0.001153589459,0,0,0,0,0,0,0,0,0,0,0,0,0,0,0,0,0,0,0,0,0,0,0,0,0
54,0.0004848670796,0,7.241901767e-05,0,0,0,0.002380952472,0.0004801572359,0.0003575707669,3.283914339e-05,4.56417547e-05,1.87254609e-05,0.03162017837,0.134113729,0.005193079356,0.001003144309,0,0,0,0,0,0,0,0,0,0,0.0002049840841,0,0,0,0,0,0,0,0,0,0,0,0,0,0,0,0,0.03459656984,0.021876527,0.001431823708,0.01126559172,0.01438956242,0.005052170716,0.002559439745,0.003948435187,0.0001405584044,3.233199379e-07,0,0,2.008609044e-06,0,2.325786227e-06,2.594058969e-05,0.000540149631,0,0,9.671913722e-05,1.580897515e-05,0,0,6.851950457e-05,2.665585043e-06,1.662499199e-05,0,0,0.00498024933,0.2385995537,1.075289765e-05,7.27666702e-05,0.0002644893539,0,0,5.382792551e-06,0,0,0.0001906260732,0.0001369819656,0.004657406826,0.2826093733,0.0006090359529,0.0002795820765,2.26501561e-05,0.0003153498401,0,0,0.009523809887,0,0,0,0,0,0,0,0,0,0,0,0,0,0,0,0,0,0,0,0,0,0,0,0,0,0,0,0,0,0,0,0,0,0,0,0,0,0,0,0,0,0,0,0,0,0,0,0,0,0.002380952472,0
55,0,0,3.537339944e-05,0,0,0.002380952472,0.004761904944,0.000143404628,0.0004275596293,1.695217179e-05,0.00018489793,4.070129944e-05,0.03684237972,0.1638031006,0.01875666343,0.0008165855543,0,0,0,0,0,0,0,0,0,0,0,0,0,0,0,0,0.0006979420432,0,0,0,0,0,0,0,0,0,0,0.01968928985,0.05005496368,0.0008564671734,0.03152903542,0.01626884378,0.02325998805,0.004480399191,0.01218762714,0.001328030252,7.369170362e-06,0,0,0,0,7.456022558e-06,0,0.0001882137294,0,0,0.0001053874366,1.986943971e-05,2.049281193e-06,7.543355309e-07,0.0001569742308,5.276962384e-06,0.0002315355523,0,0,0.02304686233,0.2189624012,2.575030294e-06,5.243939813e-05,0.001111269812,3.53050018e-05,0,0,4.041369903e-05,0,0.0005210747477,5.461761248e-05,0.00474275602,0.4072037935,0.0008099034894,0.003993272781,0.0003018937132,0.002380952472,0,0,0.006160597317,0,0,0,0,0,0,0,0,0,0,0,0,0,0,0,0,0,0,0,0,0,0,0,0,0,0,0,0,0,0,0,0,0,0,0,0,0.0001686557662,0,0,0,0,0,0,0,0,0,0,0,0,0.002380952472,0
56,0,0,0.0001554725168,0,0,0,0,0.003848097287,0.0002602305613,5.108275582e-05,0.0002289738914,3.983249917e-05,0.03103997745,0.1857240498,0.006930256262,0.0008575791144,0,0,0,0,0,0,0,0,0,0,0.0003248165303,0,0,0,0,0,0,0,0,0,0,0,0,0,0,0,0,0.01406902913,0.021839872,0.0004579749657,0.02581192926,0.0214500092,0.01011459529,0.001656983048,0.009068649262,0.006728975102,0,2.008609044e-06,0,0,7.229625112e-07,5.424892606e-06,0,7.275296957e-05,0,3.416692152e-06,0.0001117315551,4.069706847e-05,1.513213988e-06,0,0.0002961015271,7.439814362e-05,0.001160962391,0,0,0.01651262306,0.23672463,2.70361088e-05,1.038106529e-05,0.0006994564319,0.000100467907,0,2.3659818e-06,0.0003835300158,1.611895095e-05,0,0.0001317199058,0.007355764508,0.4277814031,0.001178461127,0.01302063186,0,0.004026392009,0,0,0.004761904944,0.002380952472,0,0,0,0,0,0,0,0,0,0,0,0,0,0,0,0,0,0,0,0,0,0,0,0,0,0,0,0,0,0,0,0.002380952472,0,0,0,0,0,0,0,0,0,0,0,0,0,0,0,0,0,0.002380952472
57,0,0,7.964613906e-05,0,0,0,0,0.0001454162266,3.244681284e-05,0,2.027138726e-05,6.62022012e-06,0.003750033211,0.07580183446,0.005174811464,5.931967462e-05,0,0,0,0,0,0,0,0,0,0,0,0,0,5.240686733e-05,0,0,0,0,0,0,0,0,0,0,0,0,0,0.01012848224,0.01015994046,0.001051601837,0.0062843333,0.004580140114,0.008506512269,0.002908571856,0.0008085463778,0.0007941477234,2.24461528e-05,0,0,7.229625112e-07,0,0,0,0.0002020970278,0,1.089270086e-06,2.186162237e-05,3.414416369e-06,0,0,0.000184518969,1.002621138e-05,0.0001166457077,0,0,0.005212560296,0.3187556863,0,2.680944272e-05,0.0003392875951,0,0,1.123719017e-06,1.510421589e-05,0,0.0006089685485,9.581184713e-05,0.01152503956,0.3641771376,0.001766896457,0.001841412624,6.923033652e-05,0,0,0,0.0003259122896,0,0,0,0,0,0,0,0,0,0,0,0,0,0,0,0,0,0,9.17795187e-05,0,0,0,0,0,0,0,0,0,0,0,0,0,0.0001784827327,0,0,0,0,0.0001028155166,0,0,0,0,0,0,0.002380952472,0,0,0,0,0,0
58,0,0,0.0002218222071,0,0,0,0,0,7.629331958e-05,0,5.603311365e-05,1.59506053e-05,0.009687094018,0.05375606567,0.007142857648,0.0001350279344,0,0,0,0,0,0,0,0,0,0,0,0,0,0,0,0,0,0,0,0,0,0,0,0,0,0,0,0.01339618303,0.02249709889,0.0008616984705,0.01631213725,0.009809756652,0.005991109647,0.0008183968603,0.001363187097,0.00024411497,0,2.325786227e-06,7.456022558e-06,5.424892606e-06,0,0,1.505432124e-06,0.0003036721027,0,0,1.658827205e-05,2.347993359e-06,3.606688551e-05,0,0.00045803393,3.057628783e-05,0.000225196447,0,0,0.01167024858,0.3809865713,2.033792589e-05,1.641763629e-05,0.001358798239,0,0,1.106362015e-05,0,0,0.0001473279408,0.0002918146492,0.01476807334,0.2845960259,0.001495880191,0.003700169269,0,0,0.0001306882768,0,0.002668182133,0.0001244088635,0,0,0,0,0,0,0,0,0,0,0,0,0,0,0,0,0,2.624651825e-05,0,0,0,0,0,0,0,0,0,0,0,0,0,0.0001529619185,0,0,0,0,0,0,0,0,0,0,0,0,0,0,0,0,8.27169788e-05,9.757236512e-06
59,0,0,0,1.424473339e-05,4.227221143e-05,0,0,0,4.849858669e-06,0,8.28150678e-06,2.240201411e-06,0.001805328066,0.02982623875,0.003428093623,1.890428757e-05,0,0,0,0,0,0,0,0,0,0,3.342434866e-06,0,1.851576963e-05,0,0,0,0,0,0,0,0,0,0,0,0,0,0,0.02603913285,0.02071985789,0.001641693525,0.005847394466,0.004237212706,0.0005786481197,0.002618411789,0.00302762608,0.0002834520419,0,2.594058969e-05,0,0,0,1.505432124e-06,0,0.001036676695,0,0,4.661357525e-05,1.182982714e-06,4.170404736e-06,0,0.0003065483179,4.830343823e-05,0.0001205927038,0,0,0.003633599496,0.4433518648,7.936170732e-05,0.0001237953693,6.704548287e-05,0,0,0.0001257862459,6.532123393e-07,0,1.045590307e-05,0.0003323395504,0.01715527475,0.3006453812,0.00106976449,0.001250835485,5.690370472e-06,0.0001263534068,5.34397941e-06,1.499643167e-05,4.948563401e-06,9.744912859e-06,0,0,0,0,0,0,0,0,0,0,0,0,0,0,0,0,0,0,0,2.577223768e-06,0,0,0,0,0,0,0,0,0,0,0,0,0,0,0,0,0,0,0,0,0,0,0,0,0,0,0,0,0.0003182945948,0
60,0.0004313323589,0,0.005008864217,0.00738853775,0.002170394175,0.0138544701,0.017420711,0.01299168728,0.007774317637,0.002623915672,0.003963624593,0.003485184396,0.1352641582,0.2264034897,0.0645198077,0.007028299384,0,0,0,0,0.002380952472,0,0,0,0,0.002380952472,0.002633745316,0.001793110161,0.0002439879754,0.004873719998,0.0006143815699,0.003831865732,0,0,0.001816205098,0.002523987088,0.002380952472,0,0.002380952472,0,0,0,0,0.01215440501,0.008611522615,0.0001155129794,0.008206033148,0.02457966842,0.009827800095,0.0001382734918,0.001414548722,0.004707926419,0.0007442768547,0.000540149631,0.0001882137294,7.275296957e-05,0.0002020970278,0.0003036721027,0.001036676695,0,0.0001858007745,0.0003052733373,9.822220454e-05,0.0005777865881,0.00024113158,0.0001015255621,0.0001203207576,0.001473577577,0.006121351849,0.0005181317101,2.131017754e-05,0.050556954,0.2644445598,0.0003683730029,7.220774569e-05,0.007258348167,0.0002973806113,0.0001088543358,0.0002150002401,0.001978517976,0.0003132600687,0.0005172681995,4.983842155e-05,0.003621362383,0.3748693764,0.001564975129,0.0287631508,0.001219321508,0.01791101694,0.0001776015415,9.280403901e-05,0.005660476163,0.001204171916,0.00274552824,7.718708366e-05,0.00117215747,9.258497448e-05,0.0002965735912,0.0004010263365,0,0.00055091182,0.001100989408,0.0001733072131,0,0,0,0,8.670872194e-05,0.0009569480899,0,0.001397542306,0,0.001186078298,0.001946704113,0,0,0.0001973387261,0.001000293298,0,0,7.095673936e-05,0.00205725152,0,0,0.005091817584,0.0002732060966,0.00274875178,0.000468429731,0.0009278387879,0.0004502945812,0.001465798588,0,0,0.0008614227991,0,0,0.001868525054,0.00479039643,0.0005469188327,0,0,0.0007558503421,0.001647640718
61,0,0,0.0001058976995,0,0,0,0,0.00130557199,0.0004714897077,0,0.0001691896177,9.59461031e-05,0.04000182822,0.08981322497,0.004761904944,0.001162522705,0,0,0,0,0,0,0,0,0,0,0,0,0,0,0,0,0,0,0,0,0,0,0,0,0,0,0,0.01857109554,0.009333711118,0.001893134671,0.008424974047,0.004860644229,0.005212025717,0.0004932080628,0.001304930658,0.0003190933494,0,0,0,0,0,0,0,0.0001858007745,0,0,2.473734412e-06,1.935773616e-05,4.044450179e-06,0,0.0001541671372,0,0.0001578367228,0,0,0.004044770729,0.244937852,0,1.44195792e-06,0.0001640520059,0,0.0001502315426,0,0,0,0.0004191346525,0.0001075561304,0.005044921767,0.3142472804,0.0007022614009,0.00220185332,0.0001023004152,0,0,0,0.002380952472,0,0,0,0,0,0,0,0,0,0,0,0,0,0,0,0,0,0,0,0,0,0,0,0,0,0,0,0,0,0,0,0,0,0,0,0,0,0,0,0,0,0,0,0,0,0,0,0,0,0,0
62,0,0,4.821736729e-05,0,0,0,0.002380952472,0,0.0003353163775,2.91624965e-05,0.0003750714241,0.0002155724214,0.02966658399,0.07744986564,0.002380952472,0.0005836591008,0,0,0,0,0,0,0,0,0,0,0,0.0008612048114,0,0,0,0,0,0,0,0,0,0,0,0,0,0,0,0.02165864222,0.01525158342,0.002765146317,0.01472440269,0.01220176741,0.00817404408,0.001023901277,0.0008736031596,0.001021007658,0,0,0,3.416692152e-06,1.089270086e-06,0,0,0.0003052733373,0,0,2.128162805e-06,1.462552063e-06,9.443198906e-06,0,0.0003420770227,1.046525085e-05,0.0002864234266,0,0,0.008083075285,0.3435519636,1.306150466e-06,3.393044608e-06,0.0007401230978,0,0,3.467780743e-06,1.859906661e-05,0,0.0001760973246,2.278338798e-05,0.01295309979,0.29366377,0.001226909459,0.004264017567,2.513376603e-05,0.0002679687168,0,7.096321497e-06,0.004158723168,0.0003403833834,0.001861317316,0,0,0,0,0.002380952472,0,0,0,0,0,0,0,0,0,0,0,0,0,1.007812807e-05,0,0,0,0,0,0,0,0,0,0,0,0.0001388921082,0,0,0,3.250193549e-05,0,0,0,0,0,0,0,0,0,0,0,0,0.0007229464827,0
63,1.590994907e-05,0,0.0002013076592,0.0008767971303,3.255654883e-05,0.0008360228967,0.003202962223,0.0002278631582,0.0008447486907,0.0003276026109,0.0009133907733,0.0006310425815,0.04511109367,0.07953558117,0.05190962553,0.0009994660504,0,0,0.0002614818513,0,0,0,0.0001354916749,0,0,0,0.0001334894187,0.00011612034,0,1.052249718e-05,0.0001637414098,0.0002285194641,0,0,0,0.0001751859818,0,0,0,0,0,0,0,0.04516389221,0.00517638959,0.0006830406492,0.00424812641,0.006991640199,0.0004448348482,4.247992183e-05,9.928967484e-05,0.001237738412,0.0004155496135,9.671913722e-05,0.0001053874366,0.0001117315551,2.186162237e-05,1.658827205e-05,4.661357525e-05,9.822220454e-05,2.473734412e-06,2.128162805e-06,0,1.070701364e-05,0.0003856137046,5.357090777e-05,0.001396786887,0.0004722448648,0.002587578725,0.0002869812888,9.59082081e-06,0.03156770021,0.4440307915,0.0001271110814,1.967603203e-05,0.006884926464,0.0005481173284,0.0002754770103,0.0003171542776,0.0001152358309,0.0001868950931,1.352155687e-05,0.001459648949,0.02107218653,0.3188399076,0.002084028907,0.01883066073,0.001581025426,0.009938868694,0.0003524686617,9.522444452e-05,7.477185864e-05,0.0001150959069,3.997992826e-05,0,0,0,1.94316508e-05,3.448037387e-05,6.234876491e-05,1.140239146e-05,2.235839929e-05,9.200761269e-06,0,0,0,0,0.0001544129336,1.017076102e-05,0,3.887074399e-06,8.247580263e-05,2.565273644e-05,6.564511568e-05,0,0,5.066433005e-05,7.831657422e-05,0,0,0.000115767667,0.0002997111587,0,0.0005332272849,0.0002818478679,0,0,0,4.984458428e-06,0.0002609150542,0,7.484878734e-05,0,0.0001044293094,0,0,0.001446799492,0,0,0,0,4.825188626e-06,6.930240033e-06
64,5.922493528e-06,0,4.454173541e-05,7.431043196e-05,0,0,0,4.339834777e-05,0.0001208413378,1.835727198e-05,0.0001801587932,0.0001050583014,0.01655643806,0.05667744204,0.01165601239,0.0002258767345,0,0,0.0004554368788,0,0,0,0,0,0,0,2.29408779e-05,0,0,3.115078289e-05,0,0,0,0,0,1.832009548e-05,0,0,0,0,0,0,0,0.04636269808,0.02594899014,0.002958045341,0.01452385262,0.02074270695,0.002280983608,0.001260450343,0.001422165078,0.0004419440811,1.190448893e-05,1.580897515e-05,1.986943971e-05,4.069706847e-05,3.414416369e-06,2.347993359e-06,1.182982714e-06,0.0005777865881,1.935773616e-05,1.462552063e-06,1.070701364e-05,0,3.419985296e-05,5.937947662e-06,0.0004039808118,0.0001790561364,0.001002160134,0,4.696445899e-07,0.01878516562,0.4394727945,9.065819177e-05,9.112395492e-05,0.001971927704,0.0003817605611,0.000164639685,0.0001398458844,6.757028132e-06,0,8.428868568e-06,0.0007673759246,0.01790147461,0.2671188414,0.00129815191,0.01272790227,2.937012505e-05,0.001228930778,0.0001073522508,0,0.0001229415357,2.081770617e-05,0,0,0,0,1.166181664e-05,0,0,1.931399311e-05,0,0,0,0,0,0,0,0,0,6.552544619e-06,0,1.406052775e-06,9.285195119e-06,0,0,0,0,0,0,0,0,0,0,0,0,0,0,2.938403486e-05,0,0,0,0,5.141672318e-06,0,0,0,0,0,0,0,0,5.173966201e-06
65,0,4.92685358e-05,0.0001856332383,0.0001000648408,0,0.002380952472,0.004710232373,0.0006479341537,0.0004960240331,7.784780792e-06,0.0002981509024,8.520289703e-05,0.06942054629,0.2472657561,0.0275731869,0.002173505956,0,0,0,0,0,0,0,0,0,0,0.0003305790597,0,0,0,0,0,0.002380952472,0,0.001016366761,0.0001964150724,0,0,0,0,0,0,0,0.03128382936,0.03735487908,0.0008026743308,0.01425485313,0.02994235419,0.01601944491,0.003759283805,0.003856023075,0.001601930824,5.193910965e-06,0,2.049281193e-06,1.513213988e-06,0,3.606688551e-05,4.170404736e-06,0.00024113158,4.044450179e-06,9.443198906e-06,0.0003856137046,3.419985296e-05,0,6.125454206e-07,0.0001795877324,2.737907744e-05,0.0001355606073,0,0,0.02980510332,0.2189654261,1.365303979e-05,5.892965055e-05,0.000221760085,8.699996101e-07,0,3.492188796e-07,3.047714017e-05,0,0.0006970861577,5.649924424e-05,0.005087502301,0.3884162605,0.0008689468377,0.002423558384,2.578677368e-06,8.618602442e-05,1.282164021e-06,0,0,0.001511636889,0,0,0,0,0,0,0,0,0,0,0,0,0,0,3.171072876e-06,0,0,0,0,0,0,0,0,0,0,0,0,0,0,0,0.002380952472,0,0,0,0,0.000698533142,9.74434588e-05,0.001496582991,0,0,0,0,0,0,0,0,0,0,0,0
66,0,0,5.635846901e-05,0,0,0.002380952472,0,0.0003289583256,4.139186785e-05,4.556492968e-06,2.462934572e-05,6.400400252e-06,0.007531957701,0.1043140516,0.007270705886,0.000124543425,0,0,0,0,0,0,0,0,0,0,2.818807297e-05,0,0,0,0,0,6.857078552e-05,0,8.499227988e-05,0,0,0,0,0,0,0,0,0.01454449818,0.01744641922,0.0003006047627,0.008767858148,0.008850960992,0.01025938801,0.0002327599359,0.001790170907,0.001790956012,0,0,7.543355309e-07,0,0,0,0,0.0001015255621,0,0,5.357090777e-05,5.937947662e-06,6.125454206e-07,0,0.0007608732558,4.180115138e-05,8.755840099e-05,0,0,0.006059712265,0.2705831528,3.823045699e-05,1.566135143e-05,0.0001830275287,0,0,2.547709755e-06,0,0,5.102491559e-05,8.327072283e-05,0.008500737138,0.3767885268,0.001793569769,0.003389996709,1.842916936e-05,0.0004109470756,0,0,0.0008696390432,0,0.002380952472,0,0,0,0,0.002380952239,0,0,0,0,0,0,0,0,0,0,0,0,0,0,0,0,0,0,0,0,0,0,0,0,0,0.0005514893564,0,0,0,0,0.0001613494969,0,0,0,0,0,0,0,0,2.365563887e-05,0,0,0,5.501837222e-05
67,0.0005241343752,0,0.003719935892,0.007184845395,0.001206720946,0.01209871005,0.008254450746,0.003276214236,0.02469602041,0.003765359754,0.004989545792,0.002949338639,0.2157958895,0.3191514015,0.05167118832,0.02949691191,0,0,0,0,0,0,0,0,0,0,0.004884167574,0.004761904944,0.005779185332,0.002380952472,0.005602044519,0.002380952472,0,0,0.002380952472,0.005518784281,0,0,0,0,0,0,0,0.07531768829,0.04429937154,0.004125169013,0.01715974137,0.03335217759,0.02157964744,0.005568345543,0.006666229572,0.0006381628918,7.369452214e-05,6.851950457e-05,0.0001569742308,0.0002961015271,0.000184518969,0.00045803393,0.0003065483179,0.0001203207576,0.0001541671372,0.0003420770227,0.001396786887,0.0004039808118,0.0001795877324,0.0007608732558,0,4.06849249e-05,0.006213615183,0,0.0001433971192,0.05120611563,0.2683392763,5.341028373e-05,0.00039963983,0.004530275241,0.0001425464725,0.0001191275587,0.0004924666137,0.0004579719389,0.000375206786,0.001403536764,2.775760731e-05,0.003611046122,0.2492924184,0.0001501072984,0.01929452457,0.0003200760693,0.0108688809,0.0004889618722,0.0002746507816,0.00384957972,0.001417858992,0,0,0,0.001684390707,0.0008019956294,0.002380952472,0.0005982670118,0.001885817386,0.00116608711,0.0004286863841,0,0,0,0.0001977261563,0.0002909378381,0.004087801557,0,0.001943373703,0,0.00080258667,4.93673142e-05,0,0,0,0.0001520363876,0,0,0,0.0001795796124,0.001100240625,0.004761904944,0.004954448435,0.002568628872,4.49168474e-05,0,0.001260179444,0.002868862124,0,0,0,0.0005830717855,0,0.000865955255,0,0,0,0,0,0.001391416183,0.0008065730217
68,8.983966836e-05,0,0.0009026756161,0.0008246097714,0,0.002380952472,0,0.000708325475,0.002068747766,0.0003347018501,0.0005279885954,0.0005596560077,0.1115892529,0.2217931747,0.01855597645,0.005129232537,0,0,0,0,0,0,0,0,0,0,0,0.0005524719018,0.001655480475,0,0,0.001193459961,0,0,0,0,0,0,0,0,0,0,0,0.06831917167,0.04117139056,0.005384554155,0.0224345848,0.03419227153,0.02017082088,0.00937625207,0.0075963079,0.0001532434981,5.917610224e-07,2.665585043e-06,5.276962384e-06,7.439814362e-05,1.002621138e-05,3.057628783e-05,4.830343823e-05,0.001473577577,0,1.046525085e-05,0.0004722448648,0.0001790561364,2.737907744e-05,4.180115138e-05,4.06849249e-05,0,0.0005787335103,3.157636093e-05,3.276474672e-05,0.03214501962,0.2978717685,1.168292692e-05,0.0003951031831,0.0009583472274,3.169313641e-05,0,7.615017967e-05,8.176085976e-05,0,0.0003036822309,0.0002548181801,0.006856362801,0.2503044903,0.000425591541,0.004371582065,5.26172189e-05,0.001246763277,1.484077529e-05,0.0001599345123,0.003311208216,0.0002155647817,0,0,0,0,0,0.004761904944,0,0,0.0002637069847,0,0,0,0,0,2.558536607e-06,0,0,0.0001144662092,0,0,0.0001205327062,0,0,0,0.000180112489,0,0,0,0,0,0.002380952472,0.006374119781,0.0007524330285,0.0002497284149,0,0.0008480648394,7.945430116e-05,0,0,0.00010276393,0.0001528667199,0,0.000458140712,0,0,0,0,0,0.0006445710897,0.0001605081052
69,0.001399488188,7.903320511e-05,0.001469173003,0.001919971546,0.003220711602,0.005558904726,0.004957749974,0.00378258992,0.007864070125,0.0002819953661,0.001460488536,0.001498701749,0.1240441054,0.2905342877,0.03417361155,0.01196263079,0.001125020091,0,0,0.001528876484,0.0005818715435,0,0,0,0.002380952472,0,0.00833603926,0.004761904944,0.007371635176,0.004359332379,0.005860335194,0.006160213612,0.002949898131,0.002380952472,0,0.00825991109,0,0,0,0,0.002380952239,0,0,0.08475169539,0.01268686634,0.01087451633,0.005129623227,0.008702833205,0.01016540546,0.005478236824,0.004529351834,0.01162189338,5.84319132e-05,1.662499199e-05,0.0002315355523,0.001160962391,0.0001166457077,0.000225196447,0.0001205927038,0.006121351849,0.0001578367228,0.0002864234266,0.002587578725,0.001002160134,0.0001355606073,8.755840099e-05,0.006213615183,0.0005787335103,0,0.0006242509698,4.252978397e-05,0.00535889389,0.3350981474,0.001107410528,0.003071099287,0.001065141405,0.0004967593122,0.0003425705363,0.0006839359994,0.003087132936,3.022024794e-05,0.002635757439,0.00552521972,0.1038323343,0.5605764985,0.02296345122,0.0009188837139,3.720562381e-05,0.002292750403,4.511311272e-05,9.123829659e-05,0.004194371868,0.002049832139,0.00288646738,0.0004932880402,0.00761256041,0.005084338132,0.003550486406,0.004673776217,0.002569493372,0.002457918832,0.002775763394,0.00158165372,0.003244675929,0,0,0.0008524966543,0.0004468017141,0.0033528083,6.586514792e-05,0.002331577009,0.0007635392249,0.002127043204,0.001769261435,1.281941877e-05,0.0002954971278,0.000445062673,0.001814631163,7.41981512e-06,0,3.714056584e-05,0.0008469052846,0.0001329273218,0.00449471781,0.004528384656,0.001820480218,0.002954656258,0,0.001670076279,0.001099003362,0.001433368889,0.00115656096,0.002357639605,0.002875079634,0,8.866863936e-05,0.0009522173204,0.0002924940782,0.000116762887,5.184728798e-05,3.223421663e-05,0.002379252808,0.001481287996
70,0,0,0,0,0,0,0,0,4.947276102e-05,0,7.22821278e-05,0,0.03670133278,0.03046574071,0.0008975495002,0.0001647443569,0,0,0,0,0,0,0,0,0,0,0,0,0,0,0,0,0,0,0,0,0,0,0,0,0,0,0,0.07042254508,0.006474763155,0.003065066878,0.00613139756,0.006673345808,0.0003359782277,0,0.0002421465033,0.0001946455595,0,0,0,0,0,0,0,0.0005181317101,0,0,0.0002869812888,0,0,0,0,3.157636093e-05,0.0006242509698,0,0,0.003450775752,0.4180980921,0,0.0009602908394,0,0,0,0.0007582512335,0,0,1.077159823e-06,0.003226182889,0.01020569168,0.2261154801,0.0002381063532,0.004211145453,0,4.352566975e-05,0,0,0,0,0,0,0,0,0,0,0,0,0,0,0,0,0,0,0,0,0,0,0,0,0,0,0,0,0,0,0,0,0,0,0,0,0,0,0,0,0,0,0,0,0,0,0,0,0,0,0,0,0,0
71,0,0,0,0,0,0,0,0,1.100635836e-05,0,1.392054128e-05,1.845948873e-06,0.03558650985,0.09356177598,0.001407081843,5.309839617e-05,0,0,0,0,0,0,0,0,0,0,0,0,0,0,0,0,0,0,0,0,0,0,0,0,0,0,0,0.1067028642,0.01100286376,0.001321558724,0.006900627166,0.01127584465,6.708982255e-05,0.0003321856493,0.001155942678,0.001169939293,0.0002134972601,0,0,0,0,0,0,2.131017754e-05,0,0,9.59082081e-06,4.696445899e-07,0,0,0.0001433971192,3.276474672e-05,4.252978397e-05,0,0,0.0005825776025,0.4682131708,6.506940554e-05,6.629553536e-05,9.243191744e-05,0,0,0,2.394846661e-06,0,8.435350537e-06,0.0001446741517,0.007067605853,0.3730727434,0.0008880215464,0.0006845141761,0,0,0,0,0,0,0,0,0,0,0,0,0,0,0,0,0,0,0,0,0,0,0,0,0,0,0,0,0,0,0,0,0,0,0,0,0,0.0004705788742,0,0,0,0,0,0,0,0,0,0,0,0,0,0,0,0,0,0
72,0.001643027877,4.579973847e-06,0.0001472837903,0.002786153462,0.00171734998,0.001342402422,1.083230745e-05,0.001489427406,0.0148802558,2.465889338e-05,0.0001742742606,0.003938547336,0.08581717312,0.1070815623,9.849888556e-06,0.01375926845,0,0,0.002380952472,0,0,0,0,0,0,0,0.002535811625,0,0.002380952472,0.003063450567,0.004507638048,0,0.001513645286,0,0.004761904944,0,0,0,0,0,0,0,0,0.14287889,0.04454114288,0.07234761119,0.02685391717,0.03003829159,0.02322741784,0.03353429213,0.0423480086,0.1244138703,0.009473773651,0.00498024933,0.02304686233,0.01651262306,0.005212560296,0.01167024858,0.003633599496,0.050556954,0.004044770729,0.008083075285,0.03156770021,0.01878516562,0.02980510332,0.006059712265,0.05120611563,0.03214501962,0.00535889389,0.003450775752,0.0005825776025,0,0.5016846061,0.03606136888,0.04272527993,2.108394256e-05,0.006213750225,0.002774916822,0.02229559235,0.001987377414,3.222462328e-05,0.01329415571,0.04898272082,0.2103759348,0.636482358,0.09363773465,6.046889393e-05,0.001110533252,4.878216714e-06,6.532286352e-05,0.003730353899,0.004202378914,0.001365324715,0.001688475604,0.001995352795,0,0,0.004788038321,0.003688499331,0,0.005119732115,0.007192135323,0.002380952472,0,0,0,0,0.007091473788,0.002987817395,0.002380952472,0.01580942608,0,0.003632585984,0.003530542133,0,0.003751841374,0.0004980189842,0.0006716845091,0,0,0,0,0.003779460909,6.094098353e-06,0.0007323126192,0.0007050713757,0.001237979857,0,0.00882982742,0.0003194370947,0.004720023833,0.00132290239,0,0.001773186494,0,0,6.238622063e-06,2.248525789e-06,0,0.000308473449,0,0.0003994487051,0.001176556572
73,0.558998704,0.3683595955,0.6328849792,0.6005756855,0.7292144299,0.6415738463,0.5765171051,0.6868097186,0.8675532341,0.5720873475,0.7242110968,0.6454120874,0.9082133174,0.8553261757,0.816542089,0.8926992416,0.3196832836,0.2205396444,0.2516728044,0.3199460208,0.3151501715,0.2327906936,0.1050503477,0.06514938921,0.132898733,0.2521336973,0.7560507059,0.5275784135,0.6302697659,0.7086609602,0.6940668225,0.624238193,0.4223282039,0.3273702562,0.5860325098,0.6565914154,0.2106081545,0.04336610809,0.04047619179,0.09633485973,0.04761904851,0.04456983507,0.009523809887,0.6742858291,0.5160664916,0.194355309,0.4587209821,0.5284990668,0.750726521,0.4322500527,0.5402522087,0.5895118713,0.3217686117,0.2385995537,0.2189624012,0.23672463,0.3187556863,0.3809865713,0.4433518648,0.2644445598,0.244937852,0.3435519636,0.4440307915,0.4394727945,0.2189654261,0.2705831528,0.2683392763,0.2978717685,0.3350981474,0.4180980921,0.4682131708,0.5016846061,0,0.2417738736,0.2826888263,0.5066090226,0.2302885652,0.246832788,0.2280541956,0.6937378645,0.7395903468,0.6530073881,0.2129612267,0.15850088,0.4736486375,0.4201560318,0.4566101134,0.3324026465,0.602889657,0.3967435658,0.2568483949,0.8614096045,0.7946292162,0.6829279661,0.6036997437,0.6831231713,0.5649478436,0.5982396603,0.7131052017,0.4305138588,0.5779106617,0.6207936406,0.4415013194,0.1755647063,0.1534947008,0.1439740211,0.2137084156,0.3686001599,0.4648003876,0.1248413622,0.4961302876,0.09674666077,0.4883208573,0.4580253363,0.1906699985,0.2710864246,0.3194052279,0.4791506231,0.1209901199,0.1891127825,0.2847507596,0.3807615042,0.2620540857,0.364427954,0.6674689651,0.4749113321,0.3901515603,0.1602529734,0.5048375726,0.4601634741,0.5124381781,0.3393042982,0.2013836503,0.4441764355,0.2623006999,0.2590465546,0.4184066653,0.3600791693,0.3291532099,0.233456865,0.2245198488,0.6016134024,0.4920771718
74,3.155338709e-05,0,0.000349613576,0.003590909997,0,0.001368771074,0.007318552583,0.004879702348,0.004318007734,0.0002354838507,0.001481139683,0.001025916776,0.1280522645,0.2472047061,0.03824109212,0.006149549969,0.002380952472,0,0,0,0,0,0,0,0,0.002380952472,0.0004822221817,0.0005421160604,0.000587377348,8.438502846e-05,0.002004012465,0.0009768154705,0,0,0,0.0003543642815,0,0,0,0,0,0,0,0.05249572173,0.05635236949,0.002710421104,0.02569107153,0.03597937152,0.01588822342,0.008103394881,0.009944976307,0.001031712047,0,1.075289765e-05,2.575030294e-06,2.70361088e-05,0,2.033792589e-05,7.936170732e-05,0.0003683730029,0,1.306150466e-06,0.0001271110814,9.065819177e-05,1.365303979e-05,3.823045699e-05,5.341028373e-05,1.168292692e-05,0.001107410528,0,6.506940554e-05,0.03606136888,0.2417738736,0,3.53155483e-05,0.0007414407446,1.722632442e-05,3.639164424e-05,6.095339631e-05,0.0002063700522,0,0.0009111983236,2.013126141e-05,0.004511891399,0.3232750297,0.0004076764453,0.008748600259,9.275096818e-05,0.003613830078,0.0001344915654,0.0001227969333,0.001644489472,0.000128140251,0.0007146417629,0,0,0,0,0,0,0.000543304428,0.0003953120904,0.0004206856829,0,0,0,0.0001441498607,0.0001034730012,0.0002283620852,0,0.0002983806189,0,2.755633977e-05,4.052474105e-05,0,0,4.484292731e-05,0,0,0.0001936660992,0,0,0,0,0.0006688218564,0,0,0,0.002446544589,8.570712089e-05,0,0,0,0,0,0,0,0,0,0,0,0,1.52268085e-05
75,0.0001092342936,0.0007897161413,0.002301388187,0.007056212053,1.369879556e-05,0.001619756804,0.002380952472,0.003491065698,0.002483465476,0.0007066608523,0.001449778327,0.0009427067707,0.0653263405,0.1515556276,0.0560470596,0.003315109992,0,0,0,0,0,0.002380952472,0,0,0,0,0.0002609209041,0,0.0007331868983,0.0004149122979,0.0004875662853,0.003231886541,0,0,0.0009428417543,0.0002610288211,0,0,0,0,0,0,0,0.02388308756,0.02338710614,0.00054223201,0.01612710394,0.02578778565,0.009733510204,0.001158086001,0.002854417544,0.002574984916,0.0003194049059,7.27666702e-05,5.243939813e-05,1.038106529e-05,2.680944272e-05,1.641763629e-05,0.0001237953693,7.220774569e-05,1.44195792e-06,3.393044608e-06,1.967603203e-05,9.112395492e-05,5.892965055e-05,1.566135143e-05,0.00039963983,0.0003951031831,0.003071099287,0.0009602908394,6.629553536e-05,0.04272527993,0.2826888263,3.53155483e-05,0,0.002878454281,7.540046499e-05,3.504097185e-05,5.183279063e-05,0.0005341168144,4.353199256e-05,0.0003126857337,3.880936129e-05,0.008360342123,0.3461145461,0.001762507251,0.020829143,0.0005072178901,0.01258737501,0.0001873156289,3.545871732e-05,0.001561127021,0.000645116379,0.0002839466033,0.0004403411003,0,0.0002827281423,0.0001834651193,0.002574921586,0,8.915229046e-06,0.000196340814,0.0001178106249,0,0,0,0,0.000290481461,0,0,7.603118866e-05,0.0002403025137,0.0004621998232,0.0003333024506,0,0,0,0.0001398040185,0,0,0,0,0,0.001000804361,0.001716771047,2.686977132e-05,0.0002855497878,0,0.0002050931216,0.0001786639477,0.0003455682599,0.0011787978,0,0.0008008639561,0,0,0.003073558444,0,0,0,0,0,0.0001656024979
76,7.745430776e-05,3.013013838e-06,8.039474778e-05,0.0005075760419,0.002477753442,0.006238965318,0,0.0005639198935,0.0004393893178,5.147023217e-07,5.305615923e-05,7.612119953e-05,0.06381309777,0.1192502752,3.662061499e-05,0.001137666753,0,0,0,0,0,0.001167012029,0,0,0,0,0,0,0,0,0.0001731159864,0.001144371927,0,0,0,0,0,0,0,0,0,0,0,0.07405061275,0.0231508445,0.01177885197,0.01382587664,0.02525981516,0.0144197261,0.0180655811,0.01459114812,0.00802561827,0.0005441084504,0.0002644893539,0.001111269812,0.0006994564319,0.0003392875951,0.001358798239,6.704548287e-05,0.007258348167,0.0001640520059,0.0007401230978,0.006884926464,0.001971927704,0.000221760085,0.0001830275287,0.004530275241,0.0009583472274,0.001065141405,0,9.243191744e-05,2.108394256e-05,0.5066090226,0.0007414407446,0.002878454281,0,1.721010335e-06,1.022676884e-06,9.802682325e-05,0.0007740411093,0,0.003946134355,0.003963632509,0.05531045049,0.5904228687,0.0117033748,2.991790643e-05,9.531027899e-06,8.197779607e-06,3.344640845e-06,4.305261973e-05,0.001069759252,0.0001392653503,0,0.0001976732747,0,0,0.002822932322,0,0,0.001437520841,0.00162159605,0,0,0,0,0,0.0009438808775,0.002636204939,0,0.002076009987,0,0.003590444103,0.002476056339,0,0.000206794386,0,0.0001497819612,0,0,0,0,0,0,0.0004973420291,0,0,0,0.002748264233,0.000640210812,0,0,0,0.001255287672,0,0,0,3.269546198e-07,7.757329286e-07,0,0,0.0004261643917,0
77,0,0,0.0003861300938,0.0003806117747,0,0,0.002380952239,0.00131540501,0.0004216645902,3.19579317e-06,0.0001751449017,0.0001953396859,0.1200885177,0.2245921493,0.004819827154,0.002372292569,0,0,0,0,0,0,0,0,0,0,0,0,0,0,0.0002224037598,0,0,0,0,0,0,0,0,0,0,0,0,0.0390134342,0.03362503275,0.002000584966,0.01278948039,0.02216036431,0.01877870224,0.002570483135,0.003663013224,0.001630771207,0,0,3.53050018e-05,0.000100467907,0,0,0,0.0002973806113,0,0,0.0005481173284,0.0003817605611,8.699996101e-07,0,0.0001425464725,3.169313641e-05,0.0004967593122,0,0,0.006213750225,0.2302885652,1.722632442e-05,7.540046499e-05,1.721010335e-06,0,0,0,0.0001494543831,0,0.0005982717266,7.086559344e-05,0.004654808901,0.3966529369,0.0006513693952,0.001002954203,2.204921401e-07,2.703270366e-05,6.94275343e-07,0,0.001066618017,0,0,0,0,0,0,0,0,0,0,0,0,0,0,0,0,0,0,0,0,0,0,0,0,0,0,0,0,0,0,0,0,0.001496650279,0,0,0,0,0,0,0,0,0,0,0,0,0,0,0,0,0,0
78,0,0,0,0.0001822937775,0.002380952472,0.002380952239,0.0001956878405,0.0001235540549,0.0001263478043,0,9.469095676e-05,5.685783981e-05,0.06714521348,0.1355417818,0.00498776231,0.0003657298803,0,0,0,0,0,0,0,0,0,0,0,0,0,0,0,0,0,0,0,0,0,0,0,0,0,0,0,0.02833377011,0.01722719707,0.0003623129742,0.005190940108,0.0136444252,0.004267672542,0,0.001425173134,0.001568415551,0,0,0,0,0,0,0,0.0001088543358,0.0001502315426,0,0.0002754770103,0.000164639685,0,0,0.0001191275587,0,0.0003425705363,0,0,0.002774916822,0.246832788,3.639164424e-05,3.504097185e-05,1.022676884e-06,0,0,2.833134261e-07,0,0,9.048104403e-05,4.058703416e-05,0.00622610515,0.4124777913,0.001378343324,0.000373482093,0,0,3.915709215e-07,0,0,0,0,0,0,0,0,0,0,0,0,0,0,0,0,0,0,0,0,0,0,0,0,0,0,0,0,0,0,0,0,0,0.0004426433297,0.0004127810535,0,0,0,0,0,0,0,0,0,0,0,2.179984585e-05,0,0,0,0,0,0
79,0,0,0.0001394008432,0.0001636796515,0.0005124597228,0.009523809887,0.008528248407,0.0008181298617,0.0005857447395,1.139566484e-05,0.0004713051603,0.0003330925538,0.09987265617,0.2790660262,0.02191197127,0.002428438747,0,0,0,0,0,0,0,0,0,0,0.0005489302566,0,0.0008728972171,0.000111744288,0,0.0005429729354,0,0,0,0.0002330735588,0,0,0,0,0,0,0,0.02150655538,0.02562004887,0.0006746146246,0.02140364423,0.02959659509,0.03020586818,0.003941914067,0.006809171755,0.004235378001,0.0009555575671,5.382792551e-06,0,2.3659818e-06,1.123719017e-06,1.106362015e-05,0.0001257862459,0.0002150002401,0,3.467780743e-06,0.0003171542776,0.0001398458844,3.492188796e-07,2.547709755e-06,0.0004924666137,7.615017967e-05,0.0006839359994,0.0007582512335,0,0.02229559235,0.2280541956,6.095339631e-05,5.183279063e-05,9.802682325e-05,0,2.833134261e-07,0,0.0003520899627,1.656127097e-05,0.00128100079,0.0001700452849,0.005700330716,0.4214526415,0.002015961101,0.007578444201,4.736710616e-05,0.0002677286684,3.016217534e-06,2.826010359e-07,0.01316359546,0.004437075928,0,0,0,0,0,0.0008300276822,0,0,0,0,0,0,0,0,0,0,0,0,0,0,0,0,0,0,0,0,0,0,0,0,0,0.004540287424,0,0,0,0.0009859941201,0.0008813721361,0.0003024553007,0,0,0,0,0,0,0.0001086500706,0,0,0,0,0
80,3.676930191e-06,0,4.235651068e-05,0,0,0,0,0,0.0004326950293,2.698651042e-05,0.0006042802706,0.0004764029582,0.1058795229,0.09417950362,0.001130312914,0.0004968430731,0,0,0,0,0,0,0,0,0,0,0.0001504452812,0,0,0,0,0,0,0,0,0,0,0,0,0,0,0,0,0.1070569232,0.01454427373,0.005670137238,0.01102673262,0.006623071618,6.460311852e-05,0.002193173394,0.00122058671,0.001040371484,0,0,4.041369903e-05,0.0003835300158,1.510421589e-05,0,6.532123393e-07,0.001978517976,0,1.859906661e-05,0.0001152358309,6.757028132e-06,3.047714017e-05,0,0.0004579719389,8.176085976e-05,0.003087132936,0,2.394846661e-06,0.001987377414,0.6937378645,0.0002063700522,0.0005341168144,0.0007740411093,0.0001494543831,0,0.0003520899627,0,0,4.875381819e-06,0.002405147767,0.02240199223,0.3253360987,0.002687089145,0.01343757566,0.0006766440347,2.720078737e-05,6.10188772e-06,0,1.730045369e-06,0,0,0,0,0,0,0,0,0,8.825312398e-05,0,0,0,0,0,0,0,0,6.559349913e-06,0,0,0,0,0,0,0,0,0,0,0,0,0,0,0,0,0,1.885843994e-05,0,0,0,0,0,0,0,0,0,0,0,0,1.200344195e-05,2.28338904e-05
81,0,0,0,0,0,0,0,0,3.259341247e-05,0,6.514200777e-06,1.034920933e-05,0.146034345,0.1275047213,0,0.0001254932577,0,0,0,0,0,0,0,0,0,0,0.0001958371868,0,0,0,0,0,0,0,0,0,0,0,0,0,0,0,0,0.1158434674,0.009059938602,0.0033564521,0.003749318887,0.007505872287,4.013672151e-05,0.003560892306,0.0002840310626,0.0007191472105,0,0,0,1.611895095e-05,0,0,0,0.0003132600687,0,0,0.0001868950931,0,0,0,0.000375206786,0,3.022024794e-05,0,0,3.222462328e-05,0.7395903468,0,4.353199256e-05,0,0,0,1.656127097e-05,0,0,4.312707006e-06,0.0005442902911,0.01015678048,0.3629977405,0.001998554915,6.141609629e-05,0,0,0,0,0,0,0,0,0,0,0,0,0,0,0,0,0,0,0,0,0,0,0,0,0,0,0,0,0,0,0,0,0,0,0,0,0,0,0,0,0,0,0,0,0,0,0,0,0,0,0,0,0,0,0,0
82,7.499174899e-06,0,1.701772817e-05,8.390982839e-05,6.827171455e-05,0,0.0004623777349,8.294211148e-05,0.0007378340233,0.0004579751112,0.0008363804081,0.0007655095542,0.09925197065,0.09470847994,0.01858069189,0.0008281501359,0,0,0,0,0,0,0,0,0,0,6.712861796e-05,0,0,0,0.0003714317572,0,0,0,0,0,0,0,0,0,0,0,0,0.1076190919,0.004479660187,0.001590854721,0.002787711797,0.0028722852,5.833269097e-05,0.0001331599342,5.259008321e-05,0.0012688149,9.355811198e-05,0.0001906260732,0.0005210747477,0,0.0006089685485,0.0001473279408,1.045590307e-05,0.0005172681995,0.0004191346525,0.0001760973246,1.352155687e-05,8.428868568e-06,0.0006970861577,5.102491559e-05,0.001403536764,0.0003036822309,0.002635757439,1.077159823e-06,8.435350537e-06,0.01329415571,0.6530073881,0.0009111983236,0.0003126857337,0.003946134355,0.0005982717266,9.048104403e-05,0.00128100079,4.875381819e-06,4.312707006e-06,0,0.003271009075,0.02626705728,0.3390052915,0.002033578465,0.02154554427,0.001078440342,0.0002373090392,3.685382035e-05,0.0001911522995,4.202414402e-06,8.544494108e-07,0,0,0,5.090637933e-05,0,0,0,6.56781549e-06,1.496024652e-05,4.651889867e-06,0,0,0,0,6.458610187e-06,0,0,5.906119895e-06,0,1.355058339e-05,7.421488135e-06,0,0,0,4.354563316e-06,0,0,0,1.344221982e-05,0,0,8.580266149e-05,0,0,0,5.128918474e-06,9.474605577e-06,0,0,0,1.130335386e-05,0,0,0,0,0,0,0,3.283897058e-06,5.895232334e-06
83,0.002858421067,0,0.006859967019,0.01041423529,0.001275774441,0.01490216609,0.006583007984,0.01212170161,0.01638845168,0.003348256228,0.006778686307,0.005765271373,0.1658925861,0.3179300725,0.05809276551,0.02364944667,0.001117564039,0,0,0,0,0,0,0,0,0,0.005634469446,0,0.007566706743,0.00134773273,0.0007566448185,0,0,0,0.002380952472,0.002825825708,0,0,0,0,0,0,0,0.0394516997,0.04544851556,0.001009798143,0.02565392666,0.03574740514,0.04589191824,0.009530879557,0.01299077738,0.004171045031,0.0005614932161,0.0001369819656,5.461761248e-05,0.0001317199058,9.581184713e-05,0.0002918146492,0.0003323395504,4.983842155e-05,0.0001075561304,2.278338798e-05,0.001459648949,0.0007673759246,5.649924424e-05,8.327072283e-05,2.775760731e-05,0.0002548181801,0.00552521972,0.003226182889,0.0001446741517,0.04898272082,0.2129612267,2.013126141e-05,3.880936129e-05,0.003963632509,7.086559344e-05,4.058703416e-05,0.0001700452849,0.002405147767,0.0005442902911,0.003271009075,0,0.003101054113,0.3873069882,0.00042466179,0.02500818297,0.000696443487,0.02401675656,0.0003978125169,0.0003198795021,0.006817552261,0.002973500639,0.002380952472,0,0,0,0.0006929019582,0.007548252121,0,0.001149994088,0.001118074986,0.0001282044541,0,0,0,0,9.176671301e-05,0,0,0.001436785096,0,0.001313532586,0.003099672496,0,0,0,0,0,0,7.643492427e-05,0,0.0001709785574,0.002380952472,0.006003071088,0,2.988767665e-05,0,0.002495730063,0,0,0,0,0,0,0,0,0.00331598823,0,0,0,0,0.001573292888
84,0.02478157543,0.0230556801,0.04882443324,0.0819554776,0.04107897356,0.0878091082,0.07017090172,0.07716477662,0.1642438918,0.04185669869,0.08869107813,0.05433477089,0.2744444907,0.4787200093,0.2399717867,0.1813628674,0.01592292823,0.02907081135,0.0156616345,0.02380084619,0.01837336458,0.01084411051,0.01190476213,0.007142857648,0.007217512466,0.01956874877,0.114706859,0.04488801211,0.06477443129,0.09020306915,0.08534725755,0.05511127785,0.02328852192,0.03311295062,0.05819841847,0.05028796941,0.01593641005,0,0,0.002380952472,0.002380952239,0.002380952472,0,0.1255086213,0.06584274769,0.008195348084,0.03607193753,0.05302212015,0.0699429661,0.03083428554,0.03292339668,0.04901084304,0.009406108409,0.004657406826,0.00474275602,0.007355764508,0.01152503956,0.01476807334,0.01715527475,0.003621362383,0.005044921767,0.01295309979,0.02107218653,0.01790147461,0.005087502301,0.008500737138,0.003611046122,0.006856362801,0.1038323343,0.01020569168,0.007067605853,0.2103759348,0.15850088,0.004511891399,0.008360342123,0.05531045049,0.004654808901,0.00622610515,0.005700330716,0.02240199223,0.01015678048,0.02626705728,0.003101054113,0,0.3201697469,0.007802567445,0.149443537,0.01240500435,0.1380209923,0.00974157732,0.006310119759,0.0383451879,0.03114125319,0.03418770805,0.03345406055,0.03476465866,0.03230216354,0.02761052735,0.03645643592,0.01165306382,0.03492872417,0.03709160909,0.02048228867,0.01038063224,0.0009451358346,0.001005275757,0.009717850015,0.0123665221,0.0274938345,0.006015693769,0.02740887552,0.005386552773,0.02265686542,0.01619507372,0.008825753815,0.006608242169,0.01287894882,0.02549961209,0.006332945079,0.004946388304,0.004516820423,0.01164698321,0.007218462415,0.06399001181,0.03864118084,0.01640579104,0.02332299948,0.006741118617,0.02888537385,0.0191934146,0.02645709738,0.02244709432,0.005964678247,0.02386206575,0.01727377251,0.01324491203,0.06120457128,0.03803713992,0.007663317025,0.004503226839,0.005389818456,0.03207476065,0.02238702215
85,0.3618222475,0.2813126743,0.4149200618,0.3870739937,0.4122771919,0.3459959328,0.2814740539,0.4389005601,0.7051209211,0.5753198266,0.6049554348,0.501306653,0.8096565008,0.8762658834,0.723887682,0.6915975213,0.1851572245,0.1114967093,0.103244178,0.1888688356,0.1576276273,0.099953264,0.06859052181,0.02273709513,0.0489083454,0.1052126512,0.6331655383,0.3284766674,0.4936267734,0.5275428891,0.4795832932,0.3386077583,0.2083657831,0.1445248276,0.296074003,0.4078814089,0.0834095031,0.01904761977,0.02380952425,0.05815017596,0.01904761977,0.009523809887,0.002380952239,0.6949633956,0.5881677866,0.4927149415,0.4508696496,0.5342674255,0.5314198732,0.3889839947,0.3725797236,0.161505565,0.2097533941,0.2826093733,0.4072037935,0.4277814031,0.3641771376,0.2845960259,0.3006453812,0.3748693764,0.3142472804,0.29366377,0.3188399076,0.2671188414,0.3884162605,0.3767885268,0.2492924184,0.2503044903,0.5605764985,0.2261154801,0.3730727434,0.636482358,0.4736486375,0.3232750297,0.3461145461,0.5904228687,0.3966529369,0.4124777913,0.4214526415,0.3253360987,0.3629977405,0.3390052915,0.3873069882,0.3201697469,0,0.1594014168,0.6369559169,0.4414069653,0.610981822,0.3956701756,0.3879776597,0.389251858,0.3773607016,0.3636038899,0.3592021465,0.3326818943,0.3797754347,0.4367424548,0.4259991348,0.2706585228,0.4256224632,0.4345886409,0.3170536757,0.1733006835,0.1177976504,0.1269558072,0.176877439,0.269259721,0.3729436398,0.1126344427,0.3862641752,0.1156890467,0.3320323825,0.2900305092,0.153375715,0.3170799017,0.210002467,0.3618267477,0.08311913908,0.1517938823,0.2521800101,0.2444799095,0.3415038586,0.3274888992,0.4057918191,0.3427433968,0.3374243677,0.1666523814,0.3955131769,0.3234119415,0.3620439172,0.2653075457,0.1908461899,0.3541592062,0.2114053369,0.1870162189,0.3388750255,0.2970533669,0.378800571,0.2362314463,0.1951268017,0.40946877,0.3598376513
86,0.001562835067,0.003099242458,0.007841100916,0.009615617804,0.003732738784,0.009459735826,0.007891973481,0.01266765781,0.0425613448,0.008553916588,0.01377422642,0.009785284288,0.2129191309,0.3076347411,0.07340648025,0.04523649812,0.004761904944,0.002380952472,0.001606036909,0,0,0,0,0,0,0.0008853941108,0.01785614528,0.004761904944,0.004854357801,0.003210017458,0.00789822638,0.01081985515,0,0,0,0.01140435599,0,0,0,0,0,0,0.002380952472,0.08721676469,0.02725363709,0.00958463084,0.008089735173,0.01800768077,0.01382295042,0.004647509195,0.004028837197,0.002029565629,0.0004057462793,0.0006090359529,0.0008099034894,0.001178461127,0.001766896457,0.001495880191,0.00106976449,0.001564975129,0.0007022614009,0.001226909459,0.002084028907,0.00129815191,0.0008689468377,0.001793569769,0.0001501072984,0.000425591541,0.02296345122,0.0002381063532,0.0008880215464,0.09363773465,0.4201560318,0.0004076764453,0.001762507251,0.0117033748,0.0006513693952,0.001378343324,0.002015961101,0.002687089145,0.001998554915,0.002033578465,0.00042466179,0.007802567445,0.1594014168,0,0.04635754228,0.001667273697,0.02926529199,0.001117509324,0.001506106346,0.004333475139,0.004068118054,0.001263489132,0.003978133202,0.002402045997,0.002562711714,0.006057469174,0.003958254587,0.002530285157,0.003286695573,0.003803777276,0.004027038813,0.0002474847424,0,0.002380952239,0.0002454172354,0.001005415805,0.003591261106,0.00041772041,0.002427336294,0,0.00224057748,0.00111733994,0.001158874249,0.0002679087047,0.001990758581,0.002027800074,0,0,0,0.0003915239067,0.001394322957,0,0.007606090978,0.002945039887,0.0006667922135,0,0.005287600216,0.001796702854,0.001350845792,0.0004354185949,0.002962711966,0.002185798017,0.002380952472,0.0004842207709,0.002380952472,0.0014271728,0.0005120140268,0.0008984850137,0,0.003598005278,0.002564562019
87,0.002754229354,0.000102906859,0.003249722067,0.005328594241,0.008502107114,0.004586808849,0.0001200875704,0.01106238645,0.007528562564,5.220577077e-05,0.000378348981,0.001412983169,0.08734834939,0.2174179703,0.0005482625565,0.01430233568,0,0,0,0.001039144816,0,0,0,0,0,0,0.004428046755,0,0.003581894329,0.002380952472,0.003794628195,0.002380952239,0,0.002380952472,0,0.004103735089,0,0,0,0,0,0,0,0.1201925129,0.02998449281,0.04110733047,0.02291520685,0.0232580211,0.03404542804,0.0316866003,0.02402852103,0.03442229703,0.001052569132,0.0002795820765,0.003993272781,0.01302063186,0.001841412624,0.003700169269,0.001250835485,0.0287631508,0.00220185332,0.004264017567,0.01883066073,0.01272790227,0.002423558384,0.003389996709,0.01929452457,0.004371582065,0.0009188837139,0.004211145453,0.0006845141761,6.046889393e-05,0.4566101134,0.008748600259,0.020829143,2.991790643e-05,0.001002954203,0.000373482093,0.007578444201,0.01343757566,6.141609629e-05,0.02154554427,0.02500818297,0.149443537,0.6369559169,0.04635754228,0,2.346984002e-05,9.889440844e-05,8.499232354e-05,0.001205168315,0.01341425721,0.008609757759,0.002229837934,0.002508150181,0.0006722683902,0.00628325576,0.007142857648,0.006208808161,0.006079063751,0.006665402558,0.006326859351,0.003559750738,0,0.001936812652,0,0.002380952472,0.00438992586,0.002752111992,0,0.008562337607,0,0.009047313593,0.004226880148,0,0.003434652463,0.005353167653,0.002656239551,0,0,0.0001276908151,0.0007713172818,0.0005530810449,0,0.005926263519,0.005614557769,0.003269385779,0,0.01321495045,0.005083596334,0.008218759671,0.004761904944,0,0.005181888584,0,1.126525149e-05,3.202886001e-05,2.760260031e-06,2.611409946e-05,0.0004495591566,0,0,0.009416872635
88,1.043131851e-05,0,0.0002581948647,0,0,0.004761904944,0,0.0009861018043,0.0002794836473,2.493266038e-06,4.604430069e-05,5.216709542e-05,0.07159814984,0.1647584587,0.006021262612,0.000811710197,0,0,0,0,0,0,0,0,0,0,0,0,0,0.002380952472,0,0,0,0,0,0,0,0,0,0,0,0,0,0.05442136154,0.02842353657,0.003961493261,0.008527752012,0.01626108401,0.008049090393,0.004643258173,0.005391730927,0.001184536959,0,2.26501561e-05,0.0003018937132,0,6.923033652e-05,0,5.690370472e-06,0.001219321508,0.0001023004152,2.513376603e-05,0.001581025426,2.937012505e-05,2.578677368e-06,1.842916936e-05,0.0003200760693,5.26172189e-05,3.720562381e-05,0,0,0.001110533252,0.3324026465,9.275096818e-05,0.0005072178901,9.531027899e-06,2.204921401e-07,0,4.736710616e-05,0.0006766440347,0,0.001078440342,0.000696443487,0.01240500435,0.4414069653,0.001667273697,2.346984002e-05,0,6.269298319e-05,2.318704446e-06,8.826551493e-06,0.001909660525,0.0002060388215,0.000774245942,0,0,0,0,0,0,0,0,0,0,0,0,0,0,0,0,0.001631874358,0,0,0,0,0,0,0,0,0,0,0,0,0,0,0,0.001532803057,0,0,0.001249003224,0,0,0,0,0,0,0,0,0,0,0,0,0.000645266904
89,1.811402035e-05,0,0,0,0.0008312923019,0,0,0,0.0006776074297,1.520929914e-06,3.447414565e-05,6.949494855e-05,0.1549699008,0.076866135,7.63209755e-06,0.0009164937073,0,0,0,0,0,0,0,0,0,0,0.0007464408409,0,0,0.002380952472,0,0,0,0,0.001442649285,0,0,0,0,0,0,0,0,0.1231128722,0.02834576368,0.04124362394,0.02038668841,0.01772742532,0.0008793054731,0.01418071333,0.01354031172,0.01604245789,0.0008803206729,0.0003153498401,0.002380952472,0.004026392009,0,0,0.0001263534068,0.01791101694,0,0.0002679687168,0.009938868694,0.001228930778,8.618602442e-05,0.0004109470756,0.0108688809,0.001246763277,0.002292750403,4.352566975e-05,0,4.878216714e-06,0.602889657,0.003613830078,0.01258737501,8.197779607e-06,2.703270366e-05,0,0.0002677286684,2.720078737e-05,0,0.0002373090392,0.02401675656,0.1380209923,0.610981822,0.02926529199,9.889440844e-05,6.269298319e-05,0,0,0.0004255274253,1.348803198e-05,6.61203012e-06,0,0,0,0,0,0.0004190536565,0,0,0,0,0,0,0,0.002380952472,0,0,0,0,0,0.0004944583634,0.001787068904,0,0,0.002380952472,0,0,0,0,0,0,0,0.0005328500993,0.002380952472,0,5.361453077e-06,0.0006454850663,5.423647963e-05,0.001523440471,0,0,0.002380952472,0,0,0,0,0,0,0,0,0
90,0,0,0,0,0,0.003640289651,0.0002943043364,6.4716427e-05,1.872709981e-05,5.906441061e-07,1.511246046e-05,1.167540177e-05,0.0488804318,0.1010721251,0.0005349119892,6.440985453e-05,0,0,0,0,0,0,0,0,0,0,0,0,0,0,0,0,0,0,0,0,0,0,0,0,0,0,0,0.1022916809,0.009085456841,0.001995626604,0.001876001828,0.01133766677,0.000248615077,0.002021796303,0.002184039215,0.0006367557799,2.137009506e-05,0,0,0,0,0.0001306882768,5.34397941e-06,0.0001776015415,0,0,0.0003524686617,0.0001073522508,1.282164021e-06,0,0.0004889618722,1.484077529e-05,4.511311272e-05,0,0,6.532286352e-05,0.3967435658,0.0001344915654,0.0001873156289,3.344640845e-06,6.94275343e-07,3.915709215e-07,3.016217534e-06,6.10188772e-06,0,3.685382035e-05,0.0003978125169,0.00974157732,0.3956701756,0.001117509324,8.499232354e-05,2.318704446e-06,0,0,0,1.375052125e-05,0,0,0,0,0,0,0,0,0,0,0,0,0,0,0,0,0,0,0,0,0,0,0,0,0,0,0,0,0,0,0,0,0,0,0,0,0,0,0,0,0,0.0002064127766,0,0,0,0,0,0,0,0,0
91,0,0,4.982334758e-06,3.491045572e-05,0,0,0.001135243336,7.687182369e-05,5.786370821e-05,0,4.795077984e-05,1.52516177e-05,0.03703480214,0.1253357828,0.009767055511,0.0002926494053,0,0,0,0,0,0,0,0,0,0,0,0,0.0001565309067,0,0,0,0,0,0,0,0,0,0,0,0,0,0,0.02640457638,0.01934142597,0.0004716943658,0.01254536677,0.009840673767,0.001183308079,0.001020099153,0.0009323678678,0.001706991927,0.0001419260079,0,0,0,0,0,1.499643167e-05,9.280403901e-05,0,7.096321497e-06,9.522444452e-05,0,0,0,0.0002746507816,0.0001599345123,9.123829659e-05,0,0,0.003730353899,0.2568483949,0.0001227969333,3.545871732e-05,4.305261973e-05,0,0,2.826010359e-07,0,0,0.0001911522995,0.0003198795021,0.006310119759,0.3879776597,0.001506106346,0.001205168315,8.826551493e-06,0.0004255274253,0,0,0.001417396474,0,0,0,0,0,0,0,0,0,0,0,0,0,0,0,0,0,0,0,0,0,0,0,0,0,0,0,0,0,0,0,0,0,0,0,0,0,0,0,0,0,0,0,0,0,0,0,0,0,0.0003041426826,0
92,0,0,5.185963892e-05,0.0004134729097,1.755828816e-05,0.002607458737,0,0.0006477079005,0.002486248966,0.0002394929033,0.001735466532,0.002418015152,0.1639307886,0.3046284914,0.007240250707,0.002918373561,0,0,0,0,0,0,0,0,0,0,0.0005678495509,0,0.0007102187374,0,0,0,0,0,0,0,0,0,0,0,0,0,0,0.1086160764,0.001611233922,0.0049219504,0.0006687614368,0.0002572176454,1.880815944e-05,0.0003484908666,4.515411638e-05,0.002381880069,0.002380952472,0.009523809887,0.006160597317,0.004761904944,0.0003259122896,0.002668182133,4.948563401e-06,0.005660476163,0.002380952472,0.004158723168,7.477185864e-05,0.0001229415357,0,0.0008696390432,0.00384957972,0.003311208216,0.004194371868,0,0,0.004202378914,0.8614096045,0.001644489472,0.001561127021,0.001069759252,0.001066618017,0,0.01316359546,1.730045369e-06,0,4.202414402e-06,0.006817552261,0.0383451879,0.389251858,0.004333475139,0.01341425721,0.001909660525,1.348803198e-05,1.375052125e-05,0.001417396474,0,3.756074989e-07,0,0,0.0001258327247,1.247624368e-05,0,0,3.544585707e-05,9.213501471e-06,5.753241112e-06,0,0,0,0,0,0,0,0,5.804267857e-06,0,0,0,0,0,0,0.0001893830486,0,0,0,0,0,0,0,0.0001431906276,0.0008170411456,0,8.241360774e-06,0,0,0,0,0.0001236459211,0,0,6.043617759e-05,0,0,0,0,0,1.458535735e-05
93,0,0,1.295006768e-05,0.0001066007171,0.0001490169088,0,0,4.497273403e-05,0.0005922467681,0,0.0008241049945,0.0006330022588,0.143904984,0.1695113778,0.0007708222256,0.0008739633486,0,0,0,0,0,0,0,0,0,0,0.0003108953242,0,0,0.0003141689231,0,0,0,0,0,0.0001224715525,0,0,0,0,0,0,0,0.1165682226,0.007906899787,0.007481352892,0.00404935563,0.00210491335,6.218349154e-05,0.00113972195,0.0003303250123,0.001415078994,0,0,0,0.002380952472,0,0.0001244088635,9.744912859e-06,0.001204171916,0,0.0003403833834,0.0001150959069,2.081770617e-05,0.001511636889,0,0.001417858992,0.0002155647817,0.002049832139,0,0,0.001365324715,0.7946292162,0.000128140251,0.000645116379,0.0001392653503,0,0,0.004437075928,0,0,8.544494108e-07,0.002973500639,0.03114125319,0.3773607016,0.004068118054,0.008609757759,0.0002060388215,6.61203012e-06,0,0,3.756074989e-07,0,0,0,0,0,0,0,0,0,0,0,0,0,0,0,3.711838872e-05,0,0,1.50561491e-05,0,8.361298569e-06,7.219457984e-06,0,0,0,0,0,0,0,0,0,0,0,0,3.136911255e-05,0,3.080172064e-06,0,0,0,0,0,0,0,0,0,0,0,0,0,2.162532382e-06
94,0,0,0,0,0,0,0,0,0.0004421423655,0,0.001696240855,0.0008160376456,0.02679152787,0.0725299567,0,0.0004015332961,0,0,0,0,0,0,0,0,0,0,0,0,0,0,0.001205009175,0,0,0,0,0,0,0,0,0,0,0,0,0.1252536327,0.0004331962264,0.0008770388085,6.066801507e-05,0.0001293631649,4.384870863e-06,0.0001376216969,2.226219112e-05,0.001552306348,0,0,0,0,0,0,0,0.00274552824,0,0.001861317316,3.997992826e-05,0,0,0.002380952472,0,0,0.00288646738,0,0,0.001688475604,0.6829279661,0.0007146417629,0.0002839466033,0,0,0,0,0,0,0,0.002380952472,0.03418770805,0.3636038899,0.001263489132,0.002229837934,0.000774245942,0,0,0,0,0,0,0,0,0,0,0,0,0,0,0,0,0,0,0,0,0,0,0,0,0,0,0,0,0,0,0,0,0,0,0,0,0,0,0,0,0,0,0,0,0,0,0,0,0,0,0,0,0,0,0
95,0,0,1.773456233e-06,0,0,0,0,3.995664883e-06,0.001249968773,0,0.001023987657,5.681086986e-05,0.02724053711,0.03640218079,0,0.0001061170115,0,0,0,0,0,0,0,0,0,0,0.001012034132,0,0,0,0,0,0,0,0,0,0,0,0,0,0,0,0,0.1108312383,0.0009130892577,0.00019431494,0.000198936832,0.0001839254546,1.042626263e-05,4.351717143e-05,0,0.003756484715,0,0,0,0,0,0,0,7.718708366e-05,0,0,0,0,0,0,0,0,0.0004932880402,0,0,0.001995352795,0.6036997437,0,0.0004403411003,0.0001976732747,0,0,0,0,0,0,0,0.03345406055,0.3592021465,0.003978133202,0.002508150181,0,0,0,0,0,0,0,0,0,0,0,0,0,0,0,0,0,0,0,0,0,0,0,0,0,0,0,0,0,0,0,0,0,0,0,0,0,0,0,0,0,0,0,0,0,0,0,0,0,0,0,0,0,0,0,0
96,0,0,0,0,0,0,0,4.627876842e-05,0.001267693238,0,0.002173324116,0,0.03005042672,0.03110838123,0,0.0009183404618,0,0,0,0,0,0,0,0,0,0,0,0,0,0,0,0,0,0,0,0,0,0,0,0,0,0,0,0.136629805,0.0003417225671,0.001329160412,2.378856334e-05,0.0001631064515,0,0.000120636505,0,0.001581456745,0,0,0,0,0,0,0,0.00117215747,0,0,0,0,0,0,0,0,0.00761256041,0,0,0,0.6831231713,0,0,0,0,0,0,0,0,0,0,0.03476465866,0.3326818943,0.002402045997,0.0006722683902,0,0,0,0,0.0001258327247,0,0,0,0,0,0,0,0,0,0,0,0,0,0,0,0,0,0,0,0,0,0,0,0,0,0,0,0,0,0,0,0,0,0,0,0,0,0,0,0,0,0,0,0,0,0,0,0,0,0,0
97,0,0,0,0.0001021212811,0,0,0,0,0.001620134222,0.001014057663,0.0008584168972,0.0004602088593,0.02599873953,0.05434760451,0.003210961353,0.0006290827296,0,0,0,0,0,0,0,0,0,0,0,0,0,0,0,0,0,0,0,0,0,0,0,0,0,0,0,0.1011804342,0.0001845963416,5.303470243e-05,0,3.033923349e-05,2.825244337e-05,0,0,0.004892574623,0,0,0,0,0,0,0,9.258497448e-05,0,0,0,0,0,0,0.001684390707,0,0.005084338132,0,0,0,0.5649478436,0,0.0002827281423,0,0,0,0,0,0,5.090637933e-05,0,0.03230216354,0.3797754347,0.002562711714,0.00628325576,0,0,0,0,1.247624368e-05,0,0,0,0,0,0,0,0,0,0,0,0,0,0,0,0,0,0,0,0,0,0,0,0,0,0,0,0,0,0,0,0,0,0,0,0,0,0,0,0,0,0,0,0,0,0,0,0,0,0,0
98,0,0,0,0,0,0,0,0,0.001687277108,0,0.001235353528,0.0009436586988,0.02915881574,0.05657885969,0.004761904944,0.0009281741222,0,0,0,0,0,0,0,0,0,0,0,0,0,0,0,0,0,0,0,0,0,0,0,0,0,0,0,0.1078571603,0.0002701022895,0.0005760000204,4.532524599e-06,1.249834349e-05,2.867133117e-05,2.847524956e-05,0,0.001943757874,0,0,0,0,0,0,0,0.0002965735912,0,0,1.94316508e-05,1.166181664e-05,0,0,0.0008019956294,0,0.003550486406,0,0,0.004788038321,0.5982396603,0,0.0001834651193,0.002822932322,0,0,0,0,0,0,0.0006929019582,0.02761052735,0.4367424548,0.006057469174,0.007142857648,0,0,0,0,0,0,0,0,0,0,0,0,0,0,0,0,0,0,0,0,0,4.006984e-06,0,0,0,0,0,0,0,0,0,0,0,0,0,0,0,0,0,0,0,0,0,0,0,0,0,0,0,0,0,0,0,0,0,0
99,0,0,2.131298061e-05,0,0,0,0,2.457073606e-05,0.0005465184804,0.0006340704276,0.002435399219,0.001339028357,0.02857810259,0.1030567139,0.001881885342,0.0008766617975,0,0,0,0,0,0,0,0,0,0,0,0,0,0,0,0,0,0,0,0,0,0,0,0,0,0,0,0.1301331222,0.000246554031,0.0006965339999,5.183897156e-05,2.118273733e-05,1.394447281e-05,1.441873246e-05,2.954115189e-06,0.003056254471,0,0,0,0,0,0,0,0.0004010263365,0,0.002380952472,3.448037387e-05,0,0,0.002380952239,0.002380952472,0.004761904944,0.004673776217,0,0,0.003688499331,0.7131052017,0,0.002574921586,0,0,0,0.0008300276822,0,0,0,0.007548252121,0.03645643592,0.4259991348,0.003958254587,0.006208808161,0,0.0004190536565,0,0,0,0,0,0,0,0,0,0,0,0,0,0,0,0,0,0,0,0,0,0,0,0,0,0,0,0,0,0,0,0,0,0,0,0,0,0,0,0,0,0,0,0,0,0,0,0,0,0,0,0,0,0
100,0,0,0,0,0,0,0,0,0.003146722214,0,0.000469957653,0,0.0286784824,0.03415307403,0.001213403069,0.0006929795491,0,0,0,0,0,0,0,0,0,0,0,0,0,0,0,0,0,0,0,0,0,0,0,0,0,0,0,0.07621669769,0.0007653524517,0.002390553709,0,0.0001562125108,0,7.831656694e-05,5.672967291e-06,0.0008130485658,0,0,0,0,0,0,0,0,0,0,6.234876491e-05,0,0,0,0.0005982670118,0,0.002569493372,0,0,0,0.4305138588,0,0,0,0,0,0,0,0,0,0,0.01165306382,0.2706585228,0.002530285157,0.006079063751,0,0,0,0,3.544585707e-05,0,0,0,0,0,0,0,0,0,0,0,0,0,0,0,0,0,0,0,0,0,0,0,0,0,0,0,0,0,0,0,0,0,0,0,0,0,0,0,0,0,0,0,0,0,0,0,0,0,0,0
101,0,0,4.567123597e-06,0,0,0,0,8.114182492e-06,0.0009662310476,0,0.001144446433,0.0005963504082,0.02957968786,0.06450646371,0.004508735146,0.001044210629,0,0,0,0,0,0,0,0,0,0.001327486942,0,0,0,0,0,0,0,0,0,0.0008673598641,0,0,0,0,0,0,0,0.0926643312,0.0006672179443,0.0005605088081,4.929892384e-05,6.66191554e-05,1.84362234e-05,7.135503893e-06,1.397260689e-06,0.002722715959,0,0,0,0,0,0,0,0.00055091182,0,0,1.140239146e-05,1.931399311e-05,0,0,0.001885817386,0,0.002457918832,0,0,0.005119732115,0.5779106617,0.000543304428,8.915229046e-06,0.001437520841,0,0,0,0,0,6.56781549e-06,0.001149994088,0.03492872417,0.4256224632,0.003286695573,0.006665402558,0,0,0,0,9.213501471e-06,0,0,0,0,0,0,0,0,0,0,0,0,0,0,0,0,0,0,0,0,0,0,0,0,0,0,0,0,0,0,0,0,0,0,0,0,0,0,0,0,0,0,0,0,0,0,0,0,0,0,0
102,0,0,0,5.609291475e-05,0,0,0.001149532269,8.95435187e-06,0.00117438857,0.004422101658,0.001524546649,0.00097301387,0.03237454593,0.08996469527,0.001209604554,0.001316298381,0,0,0,0,0,0,0,0,0,0,0.0003952178231,0,0,0,0,0,0,0,0,0,0,0,0,0,0,0,0,0.1064443737,0.0004549396399,0.0002776179463,2.54824281e-05,3.082583862e-05,4.344821718e-06,3.821726568e-05,1.649978799e-06,0.00361413369,0,0,0,0,0,0,0,0.001100989408,0,0,2.235839929e-05,0,0,0,0.00116608711,0.0002637069847,0.002775763394,0,0,0.007192135323,0.6207936406,0.0003953120904,0.000196340814,0.00162159605,0,0,0,8.825312398e-05,0,1.496024652e-05,0.001118074986,0.03709160909,0.4345886409,0.003803777276,0.006326859351,0,0,0,0,5.753241112e-06,0,0,0,0,0,0,0,0,0,0,0,0,0,0,0,0,0,0,0,0,0,0,0,0,0,0,0,0,0,0,0,0,0,0,0,0,0,0,0,0,0,0,0,0,0,0,0,0,0,0,0
103,0,0,0,0,0,0,0,6.192427099e-05,0.0003166554088,0,0.0003279995581,0,0.0151461577,0.03460652754,0,0.001205145498,0,0,0,0,0,0,0,0,0,0,0,0,0,0,0,0,0,0,0,0,0,0,0,0,0,0,0,0.04843735322,0.003845199943,0.0004136137431,0.001390976366,0.0009948046645,0.0001393251296,0,4.408610766e-05,0.0007495421451,0,0,0,0,0,0,0,0.0001733072131,0,0,9.200761269e-06,0,0,0,0.0004286863841,0,0.00158165372,0,0,0.002380952472,0.4415013194,0.0004206856829,0.0001178106249,0,0,0,0,0,0,4.651889867e-06,0.0001282044541,0.02048228867,0.3170536757,0.004027038813,0.003559750738,0,0,0,0,0,0,0,0,0,0,0,0,0,0,0,0,0,0,0,0,0,0,0,0,0,0,0,0,0,0,0,0,0,0,0,0,0,0,0,0,0,0,0,0,0,0,0,0,0,0,0,0,0,0,0,0
104,0,0,0,0,0,0,0,0,0.0006272306782,0,0,0,0.01201187167,0.002380952472,0,0.0003704063129,0,0,0,0,0,0,0,0,0,0,0,0,0,0,0,0,0,0,0,0,0,0,0,0,0,0,0,0.01062180847,0,0.002380952472,0.001034258865,0,0,0,0,0.0005633418914,0,0,0,0,0,0,0,0,0,0,0,0,0,0,0,0,0.003244675929,0,0,0,0.1755647063,0,0,0,0,0,0,0,0,0,0,0.01038063224,0.1733006835,0.0002474847424,0,0,0,0,0,0,0,0,0,0,0,0,0,0,0,0,0,0,0,0,0,0,0,0,0,0,0,0,0,0,0,0,0,0,0,0,0,0,0,0,0,0,0,0,0,0,0,0,0,0,0,0,0,0,0,0,0
105,0,0,0,0,0,0,0,0,6.425586616e-05,0,2.358667552e-05,0,0.01312053669,0.01666666754,0,0,0,0,0,0,0,0,0,0,0,0,0,0,0,0,0,0,0,0,0,0,0,0,0,0,0,0,0,0.01048280019,0.002380952239,0,0,0,0,0,0,0,0,0,0,0,0,0,0,0,0,0,0,0,0,0,0,0,0,0,0,0,0.1534947008,0,0,0,0,0,0,0,0,0,0,0.0009451358346,0.1177976504,0,0.001936812652,0,0,0,0,0,0,0,0,0,0,0,0,0,0,0,0,0,0,0,0,0,0,0,0,0,0,0,0,0,0,0,0,0,0,0,0,0,0,0,0,0,0,0,0,0,0,0,0,0,0,0,0,0,0,0,0
106,0,0,0,0,0,0,0,0,3.267879219e-05,0,0,1.781278661e-05,0.00393509306,0.002380952472,0,0.0003945769568,0,0,0,0,0,0,0,0,0,0,0,0,0,0,0,0,0,0,0,0,0,0,0,0,0,0,0,0.005648790859,0,0.0004194825306,0,0,0,0,0,0,0,0,0,0,0,0,0,0,0,0,0,0,0,0,0,0,0,0,0,0,0.1439740211,0,0,0,0,0,0,0,0,0,0,0.001005275757,0.1269558072,0.002380952239,0,0,0,0,0,0,0,0,0,0,0,0,0,0,0,0,0,0,0,0,0,0,0,0,0,0,0,0,0,0,0,0,0,0,0,0,0,0,0,0,0,0,0,0,0,0,0,0,0,0,0,0,0,0,0,0,0
107,0,0,0,0,0,0,0,0,1.818209239e-05,0,7.853801799e-05,0,0.007697185967,0.01953659952,0,0.0001096534397,0,0,0,0,0,0,0,0,0,0,0,0,0,0,0,0,0,0,0,0,0,0,0,0,0,0,0,0.0426200442,0.002380952239,0.0005275703152,0.0003896015405,0,0,0,0,0.0004318619904,0,0,0,0,0,0,0,0,0,0,0,0,0,0,0.0001977261563,0,0.0008524966543,0,0,0,0.2137084156,0.0001441498607,0,0,0,0,0,0,0,0,0,0.009717850015,0.176877439,0.0002454172354,0.002380952472,0,0.002380952472,0,0,0,0,0,0,0,0,0,0,0,0,0,0,0,0,0,0,0,0,0,0,0,0,0,0,0,0,0,0,0,0,0,0,0,0,0,0,0,0,0,0,0,0,0,0,0,0,0,0,0,0,0,0
108,0,0,0,0,0,0.0001643905271,0,0,5.523376967e-05,0,0.0002353093296,3.464102747e-06,0.01819202863,0.05109108984,0.004761904944,0.0002596928971,0,0,0,0,0,0,0,0,0,0,0,0,0,0,0,0,0,0,0,0,0,0,0,0,0,0,0,0.06010042503,0.01046338305,0.001662118477,0.01028382964,0.00791182369,0.001509838621,0.0001899423805,0.0001240761922,0.0002631058451,0,0,0,0,0,0,0,8.670872194e-05,0,0,0.0001544129336,0,3.171072876e-06,0,0.0002909378381,2.558536607e-06,0.0004468017141,0,0,0.007091473788,0.3686001599,0.0001034730012,0.000290481461,0.0009438808775,0,0,0,0,0,6.458610187e-06,9.176671301e-05,0.0123665221,0.269259721,0.001005415805,0.00438992586,0,0,0,0,0,3.711838872e-05,0,0,0,0,0,0,0,0,0,0,0,0,0,0,0,0,0,0,0,0,0,0,0,0,0,0,0,0,0,0,0,0,0,0,0,0,0,0,0,0,0,0,0,0,0,0,0,0,0,0
109,0,0,0,0.0001960380905,0,0,0,4.065556368e-06,0.0008522202843,0,0.0004020985216,0.0004995387862,0.02043411508,0.0331896469,0.002380952472,0.001387452008,0,0,0,0,0,0,0,0,0,0,0,0,0,0,0,0,0,0,0,0,0,0,0,0,0,0,0,0.06720470637,0.004444434308,0.002857808722,9.849281196e-05,0,0,0.0008466835134,1.997002073e-05,0.002030776814,0,0,0,0,0,0,0,0.0009569480899,0,0,1.017076102e-05,0,0,0,0.004087801557,0,0.0033528083,0,0,0.002987817395,0.4648003876,0.0002283620852,0,0.002636204939,0,0,0,0,0,0,0,0.0274938345,0.3729436398,0.003591261106,0.002752111992,0,0,0,0,0,0,0,0,0,0,4.006984e-06,0,0,0,0,0,0,0,0,0,0,0,0,0,0,0,0,0,0,0,0,0,0,0,0,0,0,0,0,0,0,0,0,0,0,0,0,0,0,0,0,0,0,0,0,0
110,0,0,0,0,0,0,0,0,0.000116500727,0,0,0,0.01219016872,0.004761904944,0,0,0,0,0,0,0,0,0,0,0,0,0,0,0,0,0,0,0,0,0,0,0,0,0,0,0,0,0,0.01194752939,0,0,0.001234954107,0.002380952472,0,0,0,0.002380952239,0,0,0,0,0,0,0,0,0,0,0,0,0,0,0,0,6.586514792e-05,0,0,0.002380952472,0.1248413622,0,0,0,0,0,0,0,0,0,0,0.006015693769,0.1126344427,0.00041772041,0,0,0,0,0,0,0,0,0,0,0,0,0,0,0,0,0,0,0,0,0,0,0,0,0,0,0,0,0,0,0,0,0,0,0,0,0,0,0,0,0,0,0,0,0,0,0,0,0,0,0,0,0,0,0,0,0
111,0,0,0,0,0,6.937565922e-05,0,2.083102345e-06,0.000635447388,7.710010686e-05,0.0005809066934,0.0004966288107,0.01454974338,0.06028076634,0.0064288266,0.0006070868694,0,0,0,0,0,0,0,0,0,0,0,0,0.0003020026197,0,0,0,0,0.0007058263873,0,0,0,0,0,0,0,0,0,0.07494314015,0.002693873132,0.001806611079,0.000591445365,0.0006123161293,0.0001195294535,0.0003281282552,3.119429311e-05,0.001329249237,0,0,0,0,9.17795187e-05,2.624651825e-05,0,0.001397542306,0,0,3.887074399e-06,6.552544619e-06,0,0,0.001943373703,0.0001144662092,0.002331577009,0,0,0.01580942608,0.4961302876,0.0002983806189,7.603118866e-05,0.002076009987,0,0,0,6.559349913e-06,0,5.906119895e-06,0.001436785096,0.02740887552,0.3862641752,0.002427336294,0.008562337607,0.001631874358,0,0,0,5.804267857e-06,1.50561491e-05,0,0,0,0,0,0,0,0,0,0,0,0,0,0,0,0,0,0,0,0,0,0,0,0,0,0,0,0,0,0,0,0,0,0,0,0,0,0,0,0,0,0,0,0,0,0,0,0,0,0
112,0,0,0,0,0,0,0,0,0,0,0,0,0.002960516838,0.007142857648,0,0.0007263252628,0,0,0,0,0,0,0,0,0,0,0,0,0,0,0,0,0,0,0,0,0,0,0,0,0,0,0,0.004873055033,0,0,0.002380952472,0.002380952472,0,0,0.0003764809517,0.0002002533292,0,0,0,0,0,0,0,0,0,0,8.247580263e-05,0,0,0,0,0,0.0007635392249,0,0,0,0.09674666077,0,0.0002403025137,0,0,0,0,0,0,0,0,0.005386552773,0.1156890467,0,0,0,0,0,0,0,0,0,0,0,0,0,0,0,0,0,0,0,0,0,0,0,0,0,0,0,0,0,0,0,0,0,0,0,0,0,0,0,0,0,0,0,0,0,0,0,0,0,0,0,0,0,0,0,0,0,0
113,0,0,3.988143726e-05,0,0,0,0,0,0.0003204190289,0.0003703712719,0.0005728223477,0.0003728321753,0.01440540887,0.05292440951,0.001981474226,0.0005361176445,0,0,0,0,0,0,0,0,0,0,0,0,0,0,0,0,0,0,0,0,0,0,0,0,0,0,0,0.08371972293,0.01344705839,0.003849936184,0.002378421836,0.003733802587,0.0004718231503,0.0008772905567,0.000617718033,0.001032525324,0,0,0,0,0,0,2.577223768e-06,0.001186078298,0,1.007812807e-05,2.565273644e-05,1.406052775e-06,0,0,0.00080258667,0,0.002127043204,0,0,0.003632585984,0.4883208573,2.755633977e-05,0.0004621998232,0.003590444103,0,0,0,0,0,1.355058339e-05,0.001313532586,0.02265686542,0.3320323825,0.00224057748,0.009047313593,0,0.0004944583634,0,0,0,8.361298569e-06,0,0,0,0,0,0,0,0,0,0,0,0,0,0,0,0,0,0,0,0,0,0,0,0,0,0,0,0,0,0,0,0,0,0,0,0,0,0,0,0,0,0,0,0,0,0,0,0,2.819939073e-05,0
114,0,0,0,0,0,0,0,0,0.0004386936489,0.0001055665998,0.0003528284724,7.421646296e-05,0.01812285557,0.05199432001,0.002380952239,0.0004427915264,0,0,0,0,0,0,0,0,0,0,0,0,0,0,0,0,0,0,0,0,0,0,0,0,0,0,0,0.06191300601,0.01706280559,0.001940559596,0.004954715725,0.008263130672,0.003299695905,0.002944150241,0.0005486707087,0.0008355763275,0,0,0,0,0,0,0,0.001946704113,0,0,6.564511568e-05,9.285195119e-06,0,0,4.93673142e-05,0.0001205327062,0.001769261435,0,0,0.003530542133,0.4580253363,4.052474105e-05,0.0003333024506,0.002476056339,0,0,0,0,0,7.421488135e-06,0.003099672496,0.01619507372,0.2900305092,0.00111733994,0.004226880148,0,0.001787068904,0,0,0,7.219457984e-06,0,0,0,0,0,0,0,0,0,0,0,0,0,0,0,0,0,0,0,0,0,0,0,0,0,0,0,0,0,0,0,0,0,0,0,0,0,0,0,0,0,0,0,0,0,0,0,0,0,0
115,0,0,0,0,0,0,0,0,3.727743751e-05,0,0,0,0.01034895517,0.00922196731,0,0.0003403156297,0,0,0,0,0,0,0,0,0,0,0,0,0,0,0,0,0,0,0,0,0,0,0,0,0,0,0,0.01580273546,0,0.0002318186744,0,0,0,0,0,5.796780169e-05,0,0,0,0,0,0,0,0,0,0,0,0,0,0,0,0,1.281941877e-05,0,0,0,0.1906699985,0,0,0,0,0,0,0,0,0,0,0.008825753815,0.153375715,0.001158874249,0,0,0,0,0,0,0,0,0,0,0,0,0,0,0,0,0,0,0,0,0,0,0,0,0,0,0,0,0,0,0,0,0,0,0,0,0,0,0,0,0,0,0,0,0,0,0,0,0,0,0,0,0,0,0,0,0
116,0,0,0,0,0,0,0,0,3.940055103e-05,0,3.971502156e-05,2.647502697e-05,0.01730138995,0.02900027856,0,2.910807416e-05,0,0,0,0,0,0,0,0,0,0,0,0,0,0,0,0,0,0,0,0,0,0,0,0,0,0,0,0.03055592626,0.007143269759,0.0002174836554,0.0005253282143,0.002380952472,0.0007732823142,0,0.0009965207428,0.001790955313,0,0,0,0,0,0,0,0,0,0,0,0,0,0,0,0,0.0002954971278,0,0,0.003751841374,0.2710864246,0,0,0.000206794386,0,0,0,0,0,0,0,0.006608242169,0.3170799017,0.0002679087047,0.003434652463,0,0,0,0,0,0,0,0,0,0,0,0,0,0,0,0,0,0,0,0,0,0,0,0,0,0,0,0,0,0,0,0,0,0,0,0,0,0,0,0,0,0,0,0,0,0,0,0,0,0,0,0,0,0,0,0
117,0,0,0,0,0,0,0,4.489125331e-06,0.0001900305069,0,0.0001257661206,0.0002203054464,0.0159454383,0.02163180895,0.002380952472,0.0001989722805,0,0,0,0,0,0,0,0,0,0,0,0,0,0,0,0,0,0,0,0,0,0,0,0,0,0,0,0.042668093,0.000443240162,0.00319094141,0.001366758952,0.0002823708928,0.0001460542262,0.0009969070088,0.000159242918,0.0002674119314,0,0,0,0,0,0,0,0.0001973387261,0,0,5.066433005e-05,0,0,0,0,0,0.000445062673,0,0,0.0004980189842,0.3194052279,4.484292731e-05,0,0,0,0,0,0,0,0,0,0.01287894882,0.210002467,0.001990758581,0.005353167653,0,0.002380952472,0,0,0,0,0,0,0,0,0,0,0,0,0,0,0,0,0,0,0,0,0,0,0,0,0,0,0,0,0,0,0,0,0,0,0,0,0,0,0,0,0,0,0,0,0,0,0,0,0,0,0,0,0,0
118,0,0,0,3.108998862e-05,0,0,0,0,0.0003797676472,0,0.0003755347279,8.888790762e-05,0.01365871448,0.03021054342,0,0.0004337084829,0,0,0,0,0,0,0,0,0,0,0,0,0,0,0,0,0,0,0,0,0,0,0,0,0,0,0,0.07393807918,0.005620463286,0.0006501298631,1.957637323e-05,0.001610375824,0,3.63703839e-05,6.18367676e-06,0.001299478463,0.001153589459,0,0,0,0,0,0,0.001000293298,0,0,7.831657422e-05,0,0,0,0.0001520363876,0.000180112489,0.001814631163,0,0,0.0006716845091,0.4791506231,0,0.0001398040185,0.0001497819612,0,0,0,0,0,4.354563316e-06,0,0.02549961209,0.3618267477,0.002027800074,0.002656239551,0,0,0,0,0.0001893830486,0,0,0,0,0,0,0,0,0,0,0,0,0,0,0,0,0,0,0,0,0,0,0,0,0,0,0,0,0,0,0,0,0,0,0,0,0,0,0,0,0,0,0,0,0,0,0,0,0,0,0
119,0,0,0,0,0,0,0,0,4.161052857e-05,0,0,0,0.01639263891,0.006542386487,0,0,0,0,0,0,0,0,0,0,0,0,0,0,0,0,0,0,0,0,0,0,0,0,0,0,0,0,0,0.01156911254,0,0,0,0,0,0,0,0,0,0,0,0,0,0,0,0,0,0,0,0,0,0,0,0,7.41981512e-06,0,0,0,0.1209901199,0,0,0,0,0,0,0,0,0,0,0.006332945079,0.08311913908,0,0,0,0,0,0,0,0,0,0,0,0,0,0,0,0,0,0,0,0,0,0,0,0,0,0,0,0,0,0,0,0,0,0,0,0,0,0,0,0,0,0,0,0,0,0,0,0,0,0,0,0,0,0,0,0,0,0
120,0,0,0,0,0,0,0,0,5.014185808e-05,0,6.524032415e-06,0,0.007985866629,0.01666666754,0,6.921992463e-05,0,0,0,0,0,0,0,0,0,0,0,0,0,0,0,0,0,0,0,0,0,0,0,0,0,0,0,0.03104670905,0.002380952239,0,0,0,0,0,0,0.003828398418,0,0,0,0,0,0,0,0,0,0,0,0,0,0,0,0,0,0,0,0,0.1891127825,0.0001936660992,0,0,0,0,0,0,0,0,0,0.004946388304,0.1517938823,0,0,0,0,0,0,0,0,0,0,0,0,0,0,0,0,0,0,0,0,0,0,0,0,0,0,0,0,0,0,0,0,0,0,0,0,0,0,0,0,0,0,0,0,0,0,0,0,0,0,0,0,0,0,0,0,0,0
121,0,0,0,0,0,0,0,0,5.27764405e-06,0,4.671128409e-06,0,0.01795814559,0.01653284021,0.0001196229132,0,0,0,0,0,0,0,0,0,0,0,0,0,0,0,0,0,0,0,0,0,0,0,0,0,0,0,0,0.05775075778,0.0005602910533,0.002380952472,0,0,0,0,0,0.001374574378,0,0,0,0,0,0,0,7.095673936e-05,0,0,0.000115767667,0,0,0,0,0,3.714056584e-05,0,0,0,0.2847507596,0,0,0,0,0,0,0,0,0,7.643492427e-05,0.004516820423,0.2521800101,0,0.0001276908151,0,0,0,0,0,0,0,0,0,0,0,0,0,0,0,0,0,0,0,0,0,0,0,0,0,0,0,0,0,0,0,0,0,0,0,0,0,0,0,0,0,0,0,0,0,0,0,0,0,0,0,0,0,0,0,0
122,0,0,0,0,0,0.002380952472,0,0,0.000301818247,0,0.000374580326,0.0001118534565,0.02488449216,0.02192687616,0,0.0004367427027,0,0,0,0,0,0,0,0,0,0,0,0,0,0,0,0,0,0,0,0,0,0,0,0,0,0,0,0.06954968721,0.001959884772,0.001470142626,0.006875400431,0,0,0.0002254310239,0.002626752947,0.0009702637326,0,0,0,0,0,0,0,0.00205725152,0,0,0.0002997111587,0,0,0,0.0001795796124,0,0.0008469052846,0,0,0,0.3807615042,0,0,0,0,0,0,0,0,1.344221982e-05,0,0.01164698321,0.2444799095,0.0003915239067,0.0007713172818,0,0,0,0,0,0,0,0,0,0,0,0,0,0,0,0,0,0,0,0,0,0,0,0,0,0,0,0,0,0,0,0,0,0,0,0,0,0.0001839528413,0,0,0,0,0,0,0,0,0,0,0,0,0,0,0,0,0,0
123,0,0,3.046349661e-07,0,0,0,0,0,3.727012154e-05,2.086622089e-06,4.221346535e-05,2.447048428e-05,0.02076208778,0.06681408733,0.0007205849397,0.0001535672345,0,0,0,0,0,0,0,0,0,0,0,0,0,0,0,0,0,0,0,0,0,0,0,0,0,0,0,0.04677545652,0.004527497105,0.0007759416476,0.002380952472,0,0,0.001455455786,0,0.004100370687,0,0,0,0,0,0,0,0,0,0,0,0,0,0,0.001100240625,0,0.0001329273218,0,0,0.003779460909,0.2620540857,0,0,0,0,0,0,0,0,0,0.0001709785574,0.007218462415,0.3415038586,0.001394322957,0.0005530810449,0,0,0,0,0,0,0,0,0,0,0,0,0,0,0,0,0,0,0,0,0,0,0,0,0,0,0,0,0,0,0,0,0,0,0,0,0,0,0,0,0,0,0,0,0,0,0,0,0,0,0,0,0,0,0,0
124,0,0,0,0,0,0,0,0,0.001029819949,0,5.240249811e-05,0,0.01913128421,0.007169323042,0,0,0,0,0,0,0,0,0,0,0,0,0,0,0,0,0,0,0,0,0,0,0,0,0,0,0,0,0,0.02435355447,0.00101919286,0.003999915905,0.001650971826,0.007142857648,0,0.002380952472,0,0.003448004602,0,0,0,0,0,0,0,0,0,0,0.0005332272849,0,0.002380952472,0,0.004761904944,0.002380952472,0.00449471781,0,0,6.094098353e-06,0.364427954,0,0.001000804361,0,0,0.0004426433297,0,0,0,0,0.002380952472,0.06399001181,0.3274888992,0,0,0,0,0,0,0,0,0,0,0,0,0,0,0,0,0,0,0,0,0,0,0,0,0,0,0,0,0,0,0,0,0,0,0,0,0,0,0,0,0,0,0,0,0,0,0,0,0,0,0,0,0,0,0,0,0,0
125,0,0,0,1.164079549e-05,5.720482363e-07,0,0,3.21217999e-06,0.001037837821,0,0.000649501686,0.0002198172151,0.02390840091,0.02674230002,0.0002062534331,0.0001520338992,0,0,0,0,0,0,0,0,0,0,0,0,0,0,0,0,0,0,0,0,0,0,0,0,0,0,0,0.112580657,0.006357943639,0.006624209229,0.000599096471,0.001687337412,0.0003897846618,0.002302470384,0.0002602465393,0.0009231973672,0,0,0,0.002380952472,0.0001784827327,0.0001529619185,0,0.005091817584,0,0.0001388921082,0.0002818478679,0,0,0.0005514893564,0.004954448435,0.006374119781,0.004528384656,0,0.0004705788742,0.0007323126192,0.6674689651,0.0006688218564,0.001716771047,0.0004973420291,0.001496650279,0.0004127810535,0.004540287424,0,0,8.580266149e-05,0.006003071088,0.03864118084,0.4057918191,0.007606090978,0.005926263519,0,0.0005328500993,0,0,0,0,0,0,0,0,0,0,0,0,0,0,0,0,0,0,0,0,0,0,0,0,0,0,0,0,0,0,0,0,0.0001839528413,0,0,0,0,0,0,1.700724351e-05,0,0,0,0,0,0,0,0,0,0,0,0,0,0
126,0,0,1.132312264e-05,0,0,0,0,0,0.0003597549221,0,0.000635472592,0.0003042408789,0.01693375222,0.02570886724,0,0.0009476831183,0,0,0,0,0,0,0,0,0,0,0,0,0,0,0,0,0,0,0,0,0,0,0,0,0,0,0,0.06523562968,0.002495254856,0.009288812988,3.092690167e-05,0,0.0002622123284,0,0,0.0004016839375,0,0,0,0,0,0,0,0.0002732060966,0,0,0,0,0,0,0.002568628872,0.0007524330285,0.001820480218,0,0,0.0007050713757,0.4749113321,0,2.686977132e-05,0,0,0,0,0,0,0,0,0.01640579104,0.3427433968,0.002945039887,0.005614557769,0,0.002380952472,0,0,0.0001431906276,0,0,0,0,0,0,0,0,0,0,0,0,0,0,0,0,0,0,0,0,0,0,0,0,0,0,0,0,0,0,0,0,0,0,0,0,0,0,0,0,0,0,0,0,0,0,0,0,0,0,0
127,0,0,0,0,0,0,0,0,0.000466915837,0,0.0006636153557,9.194583254e-05,0.01059330162,0.02184079587,0.002380952472,0.0002632594551,0,0,0,0,0,0,0,0,0,0,0,0,0,0,0,0,0,0,0,0,0,0,0,0,0,0,0,0.05143824592,0.006251529325,0.0008541511488,0.0003603060613,0.0001724994363,2.851482532e-05,0.0005243707565,9.374530782e-05,0.001168601215,0,0,0,0,0,0,0,0.00274875178,0,0,0,0,0,0,4.49168474e-05,0.0002497284149,0.002954656258,0,0,0.001237979857,0.3901515603,0,0.0002855497878,0,0,0,0,0,0,0,2.988767665e-05,0.02332299948,0.3374243677,0.0006667922135,0.003269385779,0.001532803057,0,0,0,0.0008170411456,3.136911255e-05,0,0,0,0,0,0,0,0,0,0,0,0,0,0,0,0,0,0,0,0,0,0,0,0,0,0,0,0,0,0,0,0,0,0,0,0,0,0,0,0,0,0,0,0,0,0,0,0,0,0
128,0,0,0,0,0,0,0,0,1.233835792e-05,0,2.364123793e-05,0,0.0265997313,0.007142857648,0,0,0,0,0,0,0,0,0,0,0,0,0,0,0,0,0,0,0,0,0,0,0,0,0,0,0,0,0,0.03381348774,0,0,0,0,0,0,0,0,0,0,0,0,0,0,0,0.000468429731,0,0,0,0,0,0,0,0,0,0,0,0,0.1602529734,0,0,0,0,0,0,0,0,0,0,0.006741118617,0.1666523814,0,0,0,5.361453077e-06,0,0,0,0,0,0,0,0,0,0,0,0,0,0,0,0,0,0,0,0,0,0,0,0,0,0,0,0,0,0,0,0,0,0,0,0,0,0,0,0,0,0,0,0,0,0,0,0,0,0,0,0,0,0
129,0,0,7.858534445e-06,0,0,7.55304136e-05,0,1.827283813e-05,0.0007034001756,0.000493101601,0.0009032334783,0.000824088871,0.0208233986,0.05553332344,0.00547986012,0.0005490674521,0,0,0,0,0,0,0,0,0,0,0,0,0,0,0,0,0,0,0,0,0,0,0,0,0,0,0,0.06607025862,0.003568265121,0.001459842082,0.0004105437838,0.0003345073201,3.303990525e-05,0.0001991855388,3.195769386e-05,0.001373223145,0,0,0.0001686557662,0,0,0,0,0.0009278387879,0,3.250193549e-05,4.984458428e-06,2.938403486e-05,0.000698533142,0,0.001260179444,0.0008480648394,0.001670076279,0,0,0.00882982742,0.5048375726,0.002446544589,0.0002050931216,0.002748264233,0,0,0.0009859941201,1.885843994e-05,0,5.128918474e-06,0.002495730063,0.02888537385,0.3955131769,0.005287600216,0.01321495045,0,0.0006454850663,0,0,8.241360774e-06,3.080172064e-06,0,0,0,0,0,0,0,0,0,0,0,0,0,0,0,0,0,0,0,0,0,0,0,0,0,0,0,0,0,0,0,1.700724351e-05,0,0,0,0,0,0,0,0,0,0,0,0,0,0,0,0,0,0
130,0,0,0,0,0,0,0,0,0.0003524226486,0.0001469364506,0.0004603982961,0,0.03261005506,0.03509130701,0,0.001113764592,0,0,0,0,0,0,0,0,0,0,0,0,0,0,0,0,0,0,0,0,0,0,0,0,0,0,0,0.06657936424,0.01086546294,0.001169373747,0.000510696671,0.00163716753,0.0002044380381,0.001054684864,0.0002890258329,0.0007435949519,0,0,0,0,0.0001028155166,0,0,0.0004502945812,0,0,0.0002609150542,0,9.74434588e-05,0.0001613494969,0.002868862124,7.945430116e-05,0.001099003362,0,0,0.0003194370947,0.4601634741,8.570712089e-05,0.0001786639477,0.000640210812,0,0,0.0008813721361,0,0,9.474605577e-06,0,0.0191934146,0.3234119415,0.001796702854,0.005083596334,0.001249003224,5.423647963e-05,0,0,0,0,0,0,0,0,0,0,0,0,0,0,0,0,0,0,0,0,0,0,0,0,0,0,0,0,0,0,0,0,0,0,0,0,0,0,0,0,0,0,0,0,0,0,0,0,0,0,0,0,0,0
131,0,0,0,1.473305292e-05,0,0,0,0,0.0002688177046,0,0.0006165137165,0,0.01123208832,0.02788716182,0.002245586598,0.0005309025873,0,0,0,0,0,0,0,0,0,0,0.001070077298,0,0,0,0,0,0,0,0,0,0,0,0,0,0,0,0,0.07865884155,0.002089732792,0.002633948112,4.549968071e-05,0.0004166738654,0.0003449422366,0.0001524593245,1.544838778e-05,0.001027378603,0,0,0,0,0,0,0,0.001465798588,0,0,0,0,0.001496582991,0,0,0,0.001433368889,0,0,0.004720023833,0.5124381781,0,0.0003455682599,0,0,0,0.0003024553007,0,0,0,0,0.02645709738,0.3620439172,0.001350845792,0.008218759671,0,0.001523440471,0,0,0,0,0,0,0,0,0,0,0,0,0,0,0,0,0,0,0,0,0,0,0,0,0,0,0,0,0,0,0,0,0,0,0,0,0,0,0,0,0,0,0,0,0,0,0,0,0,0,0,0,0,0
132,0,0,0,0,0,0,0,0,0.0003801946004,0,0.001445816248,0,0.01043975633,0.01587897167,0.002380952472,0.001234152005,0,0,0,0,0,0,0,0,0,0,0,0,0,0,0,0,0,0,0,0,0,0,0,0,0,0,0,0.04701696336,0,0.0004603577545,0,0,0,0.000301197957,6.653735181e-05,0.0006741765537,0,0,0,0,0,0,0,0,0,0,7.484878734e-05,0,0,0,0,0,0.00115656096,0,0,0.00132290239,0.3393042982,0,0.0011787978,0,0,0,0,0,0,0,0,0.02244709432,0.2653075457,0.0004354185949,0.004761904944,0,0,0,0,0,0,0,0,0,0,0,0,0,0,0,0,0,0,0,0,0,0,0,0,0,0,0,0,0,0,0,0,0,0,0,0,0,0,0,0,0,0,0,0,0,0,0,0,0,0,0,0,0,0,0,0
133,0,0,0,0,0,0,0,0,0.001469630166,0,0.0001572020265,0,0.004399507772,0.002380952472,0,0.0001584246347,0,0,0,0,0,0,0,0,0,0,0,0,0,0,0,0,0,0,0,0,0,0,0,0,0,0,0,0.01174123771,0,0.00022871494,0.002380952472,0,0,0.002380952472,0,0,0,0,0,0,0,0,0,0,0,0,0,0,0,0,0,0.00010276393,0.002357639605,0,0,0,0.2013836503,0,0,0,0,0,0,0,0,0,0,0.005964678247,0.1908461899,0.002962711966,0,0,0,0,0,0,0,0,0,0,0,0,0,0,0,0,0,0,0,0,0,0,0,0,0,0,0,0,0,0,0,0,0,0,0,0,0,0,0,0,0,0,0,0,0,0,0,0,0,0,0,0,0,0,0,0,0
134,0,0,0,0,0,0,0,2.112508264e-05,0.0003514940327,0,0.0001780243911,0.0001165992508,0.01278994326,0.02712184004,0.003234579461,0.0001322796306,0,0,0,0,0,0,0,0,0,0,0,0,0,0,0,0,0,0,0,0,0,0,0,0,0,0,0,0.04293111339,0.004127516411,0.001406120486,0.0003670899896,0.0008698874153,0.0003532130795,0.0006440284778,4.84045886e-05,0.001459266525,0,0,0,0,0,0,0,0.0008614227991,0,0,0.0001044293094,5.141672318e-06,0,0,0.0005830717855,0.0001528667199,0.002875079634,0,0,0.001773186494,0.4441764355,0,0.0008008639561,0.001255287672,0,0,0,0,0,1.130335386e-05,0,0.02386206575,0.3541592062,0.002185798017,0.005181888584,0,0.002380952472,0.0002064127766,0,0.0001236459211,0,0,0,0,0,0,0,0,0,0,0,0,0,0,0,0,0,0,0,0,0,0,0,0,0,0,0,0,0,0,0,0,0,0,0,0,0,0,0,0,0,0,0,0,0,0,0,0,0,0,0
135,0,0,0,0,0,0,0,0,0,0,0.000499577669,0,0.01481568068,0.01076035853,0,0,0,0,0,0,0,0,0,0,0,0,0,0,0,0,0,0,0,0,0,0,0,0,0,0,0,0,0,0.02671645395,0,0.002380952472,0,0.003691925434,0,0,0,0,0,0,0,0,0,0,0,0,0,0,0,0,0,0,0,0,0,0,0,0,0.2623006999,0,0,0,0,0,0,0,0,0,0,0.01727377251,0.2114053369,0.002380952472,0,0,0,0,0,0,0,0,0,0,0,0,0,0,0,0,0,0,0,0,0,0,0,0,0,0,0,0,0,0,0,0,0,0,0,0,0,0,0,0,0,0,0,0,0,0,0,0,0,0,0,0,0,0,0,0,0
136,0,0,0,0,0,0,0,0,2.488215978e-05,0,0,0,0.01312101539,0.007031679619,0,0.0002096807584,0,0,0,0,0,0,0,0,0,0,0,0,0,0,0,0,0,0,0,0,0,0,0,0,0,0,0,0.0389286615,0.002380952472,0.0002576567058,0,0.002380952472,0,0,0,0,0,0,0,0,0,0,0,0,0,0,0,0,0,0,0.000865955255,0.000458140712,8.866863936e-05,0,0,0,0.2590465546,0,0,0,0,0,0,0,0,0,0,0.01324491203,0.1870162189,0.0004842207709,1.126525149e-05,0,0,0,0,0,0,0,0,0,0,0,0,0,0,0,0,0,0,0,0,0,0,0,0,0,0,0,0,0,0,0,0,0,0,0,0,0,0,0,0,0,0,0,0,0,0,0,0,0,0,0,0,0,0,0,0
137,0,0,0,0,0,0,0,0,7.414214633e-05,0,4.073389573e-05,0.0002665625943,0.0356028229,0.0147423828,0,0.0002120095305,0,0,0,0,0,0,0,0,0,0,0,0,0,0,0,0,0,0,0,0,0,0,0,0,0,0,0,0.04240075499,0.008684012108,0.002380952472,0.003412720282,0,0,0.001991841709,0.001699776854,0.002881430788,0,0,0,0,0.002380952472,0,0,0.001868525054,0,0,0.001446799492,0,0,0,0,0,0.0009522173204,0,0,6.238622063e-06,0.4184066653,0,0.003073558444,0,0,2.179984585e-05,0,0,0,0,0,0.06120457128,0.3388750255,0.002380952472,3.202886001e-05,0,0,0,0,6.043617759e-05,0,0,0,0,0,0,0,0,0,0,0,0,0,0,0,0,0,0,0,0,0,0,0,0,0,0,0,0,0,0,0,0,0,0,0,0,0,0,0,0,0,0,0,0,0,0,0,0,0,0,0
138,0,0,0,0,0,0,0,0,2.451404544e-05,0,2.352063711e-05,0,0.02638433874,0.008039641194,0,0.0003630956926,0,0,0,0,0,0,0,0,0,0,0,0,0,0,0,0,0,0,0,0,0,0,0,0,0,0,0,0.06526964158,0.009276888333,0.003508807393,0.003958825022,0.001590876724,0,0.002380952239,0.0007408185629,0.001690746401,0,0,0,0,0,0,0,0.00479039643,0,0,0,0,0,0,0,0,0.0002924940782,0,0,2.248525789e-06,0.3600791693,0,0,3.269546198e-07,0,0,0.0001086500706,0,0,0,0.00331598823,0.03803713992,0.2970533669,0.0014271728,2.760260031e-06,0,0,0,0,0,0,0,0,0,0,0,0,0,0,0,0,0,0,0,0,0,0,0,0,0,0,0,0,0,0,0,0,0,0,0,0,0,0,0,0,0,0,0,0,0,0,0,0,0,0,0,0,0,0,0,0
139,0,0,3.328645164e-07,0,0,0,0,3.932713298e-06,2.067575042e-05,0,3.611286047e-06,0,0.03243427351,0.04331774265,0,0.0001079882641,0,0,0,0,0,0,0,0,0,0,0,0,0,0,0,0,0,0,0,0,0,0,0,0,0,0,0,0.07532349229,0.007285060361,0.0002203768236,0,0,0.0003505075292,0,0,0.001493615564,0,0,0,0,0,0,0,0.0005469188327,0,0,0,0,0,2.365563887e-05,0,0,0.000116762887,0,0,0,0.3291532099,0,0,7.757329286e-07,0,0,0,0,0,0,0,0.007663317025,0.378800571,0.0005120140268,2.611409946e-05,0,0,0,0,0,0,0,0,0,0,0,0,0,0,0,0,0,0,0,0,0,0,0,0,0,0,0,0,0,0,0,0,0,0,0,0,0,0,0,0,0,0,0,0,0,0,0,0,0,0,0,0,0,0,0,0
140,0,0,0,0,0,0,0,0,1.400189194e-05,0,1.397700453e-05,3.362026837e-05,0.01919405907,0.03216359764,0.0006044904585,0.000326888141,0,0,0,0,0,0,0,0,0,0,0,0,0,0,0,0,0,0,0,0,0,0,0,0,0,0,0,0.02957368456,0,0.0008474712376,0.001458127866,0,0,0,0,5.275813965e-05,0,0,0,0,0,0,0,0,0,0,0,0,0,0,0,0,5.184728798e-05,0,0,0.000308473449,0.233456865,0,0,0,0,0,0,0,0,0,0,0.004503226839,0.2362314463,0.0008984850137,0.0004495591566,0,0,0,0,0,0,0,0,0,0,0,0,0,0,0,0,0,0,0,0,0,0,0,0,0,0,0,0,0,0,0,0,0,0,0,0,0,0,0,0,0,0,0,0,0,0,0,0,0,0,0,0,0,0,0,0
141,0,0,0,0,0,0,0,0,3.810266207e-05,0,1.909901948e-05,0,0.02152010612,0.02220754698,0,6.011153891e-05,0,0,0,0,0,0,0,0,0,0,0,0,0,0,0,0,0,0,0,0.0004701181315,0,0,0,0,0,0,0,0.04838956892,0,0.0001635254157,0,0,0,0.0007801384781,0,0.0006014283863,0,0,0,0,0,0,0,0,0,0,0,0,0,0,0,0,3.223421663e-05,0,0,0,0.2245198488,0,0,0,0,0,0,0,0,0,0,0.005389818456,0.1951268017,0,0,0,0,0,0,0,0,0,0,0,0,0,0,0,0,0,0,0,0,0,0,0,0,0,0,0,0,0,0,0,0,0,0,0,0,0,0,0,0,0,0,0,0,0,0,0,0,0,0,0,0,0,0,0,0,0,0
142,0,0,0,0,0,0,0,6.476281851e-05,0.0005785899702,0,0.0008947569877,0.001674868166,0.0293358434,0.04890029877,0.002380952239,0.0007767947391,0,0,0,0,0,0,0,0,0,0,0,0,0,0,0,0,0,0,0,0,0,0,0,0,0,0,0,0.1031339318,0.002402900252,0.001460119616,0.0001890221902,0.0002283867652,2.681941623e-05,0.0001875453454,5.733574653e-06,0.001448665163,0,0.002380952472,0.002380952472,0,0,8.27169788e-05,0.0003182945948,0.0007558503421,0,0.0007229464827,4.825188626e-06,0,0,0,0.001391416183,0.0006445710897,0.002379252808,0,0,0.0003994487051,0.6016134024,0,0,0.0004261643917,0,0,0,1.200344195e-05,0,3.283897058e-06,0,0.03207476065,0.40946877,0.003598005278,0,0,0,0,0.0003041426826,0,0,0,0,0,0,0,0,0,0,0,0,0,0,0,0,0,0,0,0,0,2.819939073e-05,0,0,0,0,0,0,0,0,0,0,0,0,0,0,0,0,0,0,0,0,0,0,0,0,0,0,0,0,0,0
143,0,0,1.42435847e-05,0.0002227296936,0,0,0,3.8224116e-05,0.0004466734536,0.0005631300155,0.0005659607123,0.0002285712981,0.01172662806,0.03847167641,0.00158991036,0.0004077348567,0,0,0,0,0,0,0,0,0,0,0,0,0,0,0,0,0,0,0,0,0,0,0,0,0,0,0,0.07294540852,0.008346425369,0.001577702467,0.001950371196,0.003287431085,7.252379146e-05,0.000629424525,8.197929128e-05,0.001304483158,0,0,0,0.002380952472,0,9.757236512e-06,0,0.001647640718,0,0,6.930240033e-06,5.173966201e-06,0,5.501837222e-05,0.0008065730217,0.0001605081052,0.001481287996,0,0,0.001176556572,0.4920771718,1.52268085e-05,0.0001656024979,0,0,0,0,2.28338904e-05,0,5.895232334e-06,0.001573292888,0.02238702215,0.3598376513,0.002564562019,0.009416872635,0.000645266904,0,0,0,1.458535735e-05,2.162532382e-06,0,0,0,0,0,0,0,0,0,0,0,0,0,0,0,0,0,0,0,0,0,0,0,0,0,0,0,0,0,0,0,0,0,0,0,0,0,0,0,0,0,0,0,0,0,0,0,0,0,0
