ROI_ID,1,2,3,4,5,6,7,8,9,10,11,12,13,14,15,16,17,18,19,20,21,22,23,24,25,26,27,28,29,30,31,32,33,34,35,36,37,38,39,40,41,42,43,44,45,46,47,48,49,50,51,52,53,54,55,56,57,58,59,60,61,62,63,64,65,66,67,68,69,70,71,72,73,74,75,76,77,78,79,80,81,82,83,84,85,86,87,88,89,90,91,92,93,94,95,96,97,98,99,100,101,102,103,104,105,106,107,108,109,110,111,112,113,114,115,116,117,118,119,120,121,122,123,124,125,126,127,128,129,130,131,132,133,134,135,136,137,138,139,140,141,142,143
1,0,0,2.43485124e-06,1.603417445e-06,1.237370498e-06,5.6381582e-06,0,2.070014261e-06,0.000468167651,9.621954814e-05,0.001600897056,0.0004664723238,0.04311937839,0.1011334062,0.02004988678,0.0004057632177,0,0,0,0,0,0,0,0,0,0,0,1.072304713e-05,2.114762719e-05,0,4.728419299e-06,0,0,0,0,0,0,0,0,0,0,0,0,0.02916303463,0.01227995474,0.006668972783,0.0008413512842,0.001579765929,0.0004127854481,0.0007783877081,0.000202588606,0.0002086231252,0,0.0004848670796,0,0,1.007105766e-05,0,0,0.001837763004,0,1.65485344e-05,0.0001024853991,0,2.313894947e-05,0,0.002420447068,9.846629837e-06,0.001237940509,0,0,0.003430126002,0.5547642708,7.731529331e-05,0.000445729791,0.0005824849359,0,0,4.54547444e-05,3.049541374e-05,0,1.26601808e-05,0.0007870258414,0.05004915595,0.1907871366,0.001790484414,0.01071136724,0.0001575303322,2.993247108e-05,0,0,4.497946429e-05,1.32626019e-05,0,2.583598416e-06,0,0,0,0,0,0,0,0,0,0,0,0,0,0,0,0,0,1.300037411e-06,0,0,0,0,0,0,0,0,0,0,0,1.294991989e-06,0,0,0,7.039931461e-06,0,0,0,0,8.458086427e-07,0,0,0,0,0,0,0,0,4.987823559e-06
2,0,0,0,0,0,0,0,0,0.0001011369968,0,0.0001293640526,0,0.04667256027,0.02455180138,0,8.461051038e-05,0,0,0,0,0,0,0,0,0,0,0,0,0,0,0,0,0,0,0,0,0,0,0,0,0,0,0,0.03612862155,0.02699764632,0.01347003039,0.00556179462,0.006714249961,0.003524841741,0.0009642779478,0.001351074432,0,0,0,0.0002510187333,0,0,0.0003415164538,0,0.004374946933,0,0,0.0002963795559,0,4.92685358e-05,0,0,0,5.964135562e-05,0,0,0,0.4217419326,0.0002194346744,0.0007897161413,3.013013838e-06,0,0,1.681786489e-05,0,0,0,0.0002218816808,0.0261768084,0.1683235168,0,0,0,0,0,0,0.001258341246,0,0,0,0,0,0,0,0,0,0,0,0,0,0,0,0,0,0,0,0,0,0,0,0,0,0,0,0,0,0,0,0,0,0,0,0,0,0,0,0,0,0,0,0,0,0,0,0,0,0,0
3,2.43485124e-06,0,0,1.677572868e-06,6.518142618e-05,0,3.793077894e-06,4.969946076e-06,0.001378043555,0.0001051219224,0.0009490554221,0.0001283658639,0.1329902858,0.04685667902,0.002060347702,0.0007662179414,0,0,0,0,0,0,0,0.0004104696854,0,0,0.0001216709861,0.0002101753198,0,2.283783397e-05,0.0001228406327,0,0,0,0,0,0,0,0,0,0,0,0,0.1682827473,0.1071711332,0.04542206228,0.01202773955,0.02355266362,0.007776356768,0.008344522677,0.001937657013,0.0004733589303,0.001454143319,0.0002225532371,0.0001469212875,0.0002583805472,0.0001554953196,0.0002939996775,0,0.01096960064,0.0002441424294,0.0002251916449,0.0005055892398,0.0001540002122,0.0003777145466,6.882933667e-05,0.007818524726,0.001003506477,0.001177249127,1.132443504e-05,4.111630005e-06,0.0004783519835,0.6996435523,0.0009458057466,0.005707757082,7.645047299e-05,0.0003861300938,0,0.000206583718,4.408155291e-05,0,0.0001724744216,0.009999115951,0.09585217386,0.2390101254,0.01128853671,0.006044309586,0.0004193091881,0,9.821787899e-06,4.982334758e-06,0.0008449760498,0.0001032195723,4.730306318e-05,7.037887826e-06,0,0,8.927381714e-06,4.618290404e-05,0,2.959739868e-05,2.997342563e-05,1.327952577e-05,0,0,0,0,0,0,0,3.470134106e-05,0,5.351222353e-05,8.949929907e-06,0,5.365243396e-07,0,0,0,0,0,0,3.046349661e-07,0,1.70235071e-05,3.597840623e-05,9.445659998e-06,0,3.359860784e-05,0,0,0,1.453931418e-05,7.466474926e-06,0,0,0,0,3.328645164e-07,4.773141882e-06,0,1.521817831e-05,0.0001153203193
4,1.603417445e-06,0,1.677572868e-06,0,8.867259567e-06,0,0,1.637798846e-06,0.0007103320095,2.247994416e-05,0.0007024529623,4.22840094e-05,0.1436017752,0.01522923447,0.002187924227,0.0001990524615,0,0,0,0,0,0,0,0,0,0,0,0,0,0,0,0,0,0,0,0,0,0,0,0,0,0,0,0.2015081048,0.1460574567,0.0913156569,0.04201972485,0.07676108181,0.03537067398,0.02363390289,0.009424928576,0.006000142079,0,0,0,8.448166045e-05,0.0003222841769,5.676833098e-05,1.424473339e-05,0.02727510408,0,0.000183385695,0.002297199098,0.0003382187861,0.0001588049345,2.738387411e-05,0.01066385116,0.003205562243,0.002289512893,0,0,0.002564011374,0.6679677367,0.006508083083,0.01041059848,0.0006789509789,0.0007468457916,0.0003340585099,0.0004762294993,0.0002702169004,6.881501122e-06,0.000936565455,0.02362967283,0.1287835836,0.2443991303,0.01465339866,0.01153673977,0.0007886409876,1.971901293e-05,0,0.0002102246362,0.008378345519,0.001220914302,0,0,0.0005736606545,0.0006447283085,0.0001857515745,0,0,5.887393127e-05,0.0003274999908,4.288433411e-05,0,0,0,0,0,0.0002347261179,0,3.707459473e-05,0,0,1.98686721e-05,0,0,0,1.488476028e-05,0,0,0,0.0002015719074,0,0,1.164079549e-05,0,0,0,0,2.295789091e-05,0.0001420487097,0,0,0,0,0,0,0,0,0,0,0.0008772151195,0.0003630243009
5,1.237370498e-06,0,6.518142618e-05,8.867259567e-06,0,9.889548892e-06,0,2.229388429e-06,0.002371851355,0.006275582593,0.005025940482,0.002364519984,0.03113770112,0.1794381142,0.01860594004,0.001637919806,0,0,0,0,0,0,0,0,0,0,0.00247688964,0,0,0,0,0,0,0,0,0,0,0,0,0,0,0,0,0.02191320248,0.004343527369,0.009967859834,0.0009281808161,0.000459122879,0.0002532360377,0.0007002424099,0.0001422713685,0.0001722475863,0,0,0,0,0,0,6.325062714e-05,0.003052225569,3.580897828e-05,0,0.0001358795998,3.180115164e-05,0.002380952472,0.0001821229525,0.00183868059,0,0.004455977585,0,8.12636863e-05,0.02163061127,0.5752889514,0.0005210253294,0.0003544547653,0.01217621472,0,0,0.006802316289,0.0002085401793,0,0.0001035867826,0.01456121635,0.08287139237,0.2208666354,0.004711051006,0.02132756449,0.001680430141,0,0,0,8.256078581e-05,0.0002504438744,1.200541078e-06,0,0,0,0,0,0,0,6.716419193e-06,0,0,0,0,0,0,0,0,0,0,0,0,0,0,0,2.626011701e-05,0,0,0,0,0,0,1.839728043e-06,0,0,0,1.776792305e-05,0,0,0,0,0,4.095722761e-05,0,0,3.662831659e-05,0,0,0,5.706679985e-06,7.040666333e-06
6,5.6381582e-06,0,0,0,9.889548892e-06,0,0,9.650700122e-06,0.01594439149,0.006064064801,0.001204962493,0.0001775530254,0.2317448109,0.0219092872,0,0.0003336470108,0,0,0,0.0001389683457,0,0,0,0,0,0,0.002380952239,0,0,0,0,0,0,0,0,0,0,0,0,0,0,0,0,0.220544681,0.1331450492,0.1171900108,0.02761986852,0.03934434801,0.03940371796,0.02457260899,0.01324355509,0.004026807845,0.004761904944,0.002380952472,0,0.002380952239,0.002380952239,0.004761904944,0.0005218065344,0.04128196836,0,0.0002114505478,0.003644682933,0.0005682329647,0.008002311923,0.002380952472,0.01488680206,0.006976705045,0.008272996172,0,0,0.004049638752,0.6945112944,0.007957624272,0.007174739148,0.004761904944,0,0.002380952239,0.01666666754,0.002948607784,0,0.0001453140285,0.02061445266,0.1446484774,0.2259121537,0.01056047808,0.006507717073,0.004761904944,0,0.006021242123,0.00114497426,0.004420920741,0.0002598347783,0,0,0,0,0.00010854422,0,0,0.0001992118196,6.440333527e-05,0,0,0,0,7.299301797e-05,0.0001643905271,0.0002251245896,0,0.0005146599724,0,0.0001426271483,0.0001619283139,0,0,0,0.0003994702711,0,0,0,0.002380952472,0,0,0,0.0002929097682,0,0,0.0002213755506,0,5.933837019e-05,0,0,0,0,0,0,0,0,0,0,0,0.0002770558931
7,0,0,3.793077894e-06,0,0,0,0,0,0.01021228824,1.524811978e-05,0.0003761886328,0.001158630126,0.2759330571,0.01058152318,0.0004300922446,0.002000243869,0,0,0,0,0,0,0,0,0,0,0,0,0,0,0,0,0,0,0,0,0,0,0,0,0,0,0,0.1924483627,0.121823132,0.1061873734,0.0367132239,0.05320381001,0.04398542643,0.0332752727,0.02214286104,0,0.002380952472,0.002380952472,0.004761904944,0.002380952472,0.004761904944,0,0,0.03491513431,0,0,0.009844996035,0.0007911038119,0.003988520242,0,0.01539730839,0.006262855139,0.001538151177,0,0.000435823953,1.083230745e-05,0.6284165978,0.01446141023,0.01471452508,0.0001445032685,0.002380952239,0.0001956878405,0.01090920158,0.0007372015389,0,0.0007622344419,0.01426744182,0.116016075,0.2484634966,0.01121631917,0.0004331886885,0.003247516695,0,0.0002943043364,0.002230968093,0,0.0007544541731,0,0,0.0002383458923,0,0.0003120481269,0,0,0,0.001149532269,0,0.002380952239,0,0,0,0,0,0,0.002380952472,0,0.002636854537,0.002854291815,0,0,0,0,0,0,0,0,0,0,0,0,0.00103557657,0,0.002380952472,0,0,0,0,0.0005336830509,0,0,0,0,0,0,0,0,0.0001228913025
8,2.070014261e-06,0,4.969946076e-06,1.637798846e-06,2.229388429e-06,9.650700122e-06,0,0,0.0009187049582,4.582320253e-05,0.00143186294,0.0001974894258,0.1325404197,0.01559627987,0.003244163934,0.0001634623186,0,0,0,0,0,0,0,0,0,0,0,0,0,2.485869572e-06,1.848336615e-05,0,0,0,0,0,0,0,0,0,0,0,0,0.2102669626,0.1515942961,0.08867095411,0.01654197648,0.02992989495,0.01742099784,0.01527772658,0.003728061682,0.001172940829,0,0.001867935876,0.0005818448262,0.004222116899,0.0006635474274,8.377418271e-05,2.038575622e-05,0.02944189869,0.004534964915,0.0002864820126,0.000986782019,0.0001846031664,0.0009931992972,0.0004491923901,0.01002608053,0.002186418045,0.003911791369,0,6.288653094e-05,0.003485845402,0.7504981756,0.009138610214,0.01182022691,0.0007509771967,0.003526157234,0.001280141179,0.00232595182,5.548540867e-05,0,0.0004833843559,0.03109568357,0.1298275739,0.2870628834,0.01679179817,0.01827640459,0.001039635041,0,0.0001451198477,0.0005040617543,0.001941352966,0.000502326875,3.034307156e-05,3.995664883e-06,8.979177801e-05,0,1.06280504e-05,3.100534377e-05,0,2.2671853e-05,3.680757072e-05,0.0001516826014,0,0,0,0,0,2.986497202e-05,0,2.622112152e-05,0,7.396315777e-05,0,0,0,4.489125331e-06,7.652896784e-06,0,0,0,0,7.164292128e-06,0,3.21217999e-06,2.845410927e-05,0,0,0.0001648389007,0,2.905383735e-05,0,0,3.20787658e-05,0,0,0,0,5.268790119e-06,0,0,6.476281851e-05,9.380931442e-05
9,0.000468167651,0.0001011369968,0.001378043555,0.0007103320095,0.002371851355,0.01594439149,0.01021228824,0.0009187049582,0,1.593534398e-05,0.002475485206,0.0004952552845,0.06552193314,0.1032720804,0.005736585706,0.0003220112703,2.731218228e-05,2.621378735e-05,4.120354424e-05,1.205064291e-05,3.690842277e-05,0,0.0002646145585,0,2.63956008e-05,1.535833144e-05,6.407569163e-05,0.0001443796355,0.0001578658994,4.855802399e-05,3.098488742e-05,3.860312427e-05,1.475291629e-05,3.076975918e-05,1.122000231e-05,7.23552148e-05,3.24339635e-05,2.521957504e-05,0.0007151378086,0,0,0,0,0.2110993266,0.06755036116,0.06358335167,0.008486459032,0.02523499541,0.02693327144,0.008651528507,0.004804380704,0.008685988374,0.002684894484,0.0004955449258,0.000742204953,0.0005381767987,6.767669402e-05,0.0001165819558,9.258347745e-06,0.01646533236,0.0008946660091,0.0009232641896,0.002077094046,0.0002576317347,0.001061374554,9.108789527e-05,0.03990138695,0.003541494487,0.006576851476,5.834703188e-05,3.174013182e-05,0.02297720686,0.9100780487,0.007407715544,0.005586570594,0.0009444467141,0.0007825213834,0.0002547196345,0.001289347187,0.0009711040766,4.834850915e-05,0.002030143049,0.03094289452,0.2362601012,0.4884484112,0.04858007282,0.01057762466,0.0005400798982,0.001049165498,3.834705785e-05,0.000128289219,0.008091693744,0.002107493347,0.003075507469,0.004707400687,0.003594042733,0.004248688929,0.005108200945,0.004066674504,0.004149076063,0.003402844537,0.003953343257,0.0009626628598,0.001010127948,3.419700079e-05,3.01001146e-05,6.00217827e-05,0.0001532115566,0.002272243844,0.0001610345353,0.001959965331,0.0003762851411,0.001222234103,0.0008069082978,9.235344623e-05,7.181932597e-05,0.0006790259504,0.00121453579,7.57825037e-05,5.014185808e-05,4.781704047e-05,0.0005224973429,0.0001340721647,0.0005916395457,0.003569309134,0.002237787237,0.00125808781,5.374292959e-05,0.00242558727,0.0009302773979,0.001588450745,0.001276536495,0.001703606802,0.001384646632,0.0003335713991,0.0001057393019,0.0001431384881,4.2867312e-05,4.28912972e-05,5.561386934e-05,0.0001120838133,0.002350638155,0.001593417372
10,9.621954814e-05,0,0.0001051219224,2.247994416e-05,0.006275582593,0.006064064801,1.524811978e-05,4.582320253e-05,1.593534398e-05,0,1.785251334e-05,3.942418971e-06,0.0217646081,0.03662216291,9.894698451e-06,4.753621033e-05,0,0,0,0,0,0,0,0,0,0,0,0,1.612766573e-05,2.489769031e-05,0,0,0,0,0,0,0,0,0,0,0,0,0,0.1327986866,0.1240935773,0.03357979283,0.03449462354,0.05756691843,0.03920844942,0.01237721276,0.01220984012,0.002290430246,0,1.007770152e-05,2.028669951e-05,8.540624549e-05,1.517107103e-05,6.627885159e-05,4.173469961e-07,0.00630475767,2.724957267e-05,0.0002003998379,0.002031243406,0.0001279970747,2.323947774e-05,6.164026672e-06,0.004945478402,0.0004512334708,0.0002175655973,4.5406955e-06,5.743265774e-06,2.422315629e-05,0.6538647413,0.000513038889,0.002415512688,1.586323492e-06,1.085514486e-05,0,3.439442298e-05,0.0002354841272,3.531048151e-06,0.001433520461,0.006197630893,0.06114738807,0.4020781815,0.009026246145,4.538166831e-05,4.662205356e-06,9.653838333e-07,5.906441061e-07,1.550766342e-06,0.001392753678,0.0002038342209,0.001585070742,0,0,0.001014057663,0.001656550565,0.004117781296,0,0.006552136037,0.006214398891,0.001812258037,0,0,0,0,1.61664866e-05,0.0002320351923,0,0.0009635980823,0,0.0008951777709,0.0004636142694,0,0,0,0.0002916691592,0,0,0,0,2.086622089e-06,0,0,0,0,0,0.003278725315,0.0003296764917,0.001581491902,0,0,0.0005502826534,0,0,0,0,0,0,0,0.001063719159,0.001319791656
11,0.001600897056,0.0001293640526,0.0009490554221,0.0007024529623,0.005025940482,0.001204962493,0.0003761886328,0.00143186294,0.002475485206,1.785251334e-05,0,0.0001156905273,0.2199594676,0.04586874321,0.0001164585046,0.001504801097,0.0004289716599,6.294655759e-05,0.0001927192061,0,0.0003707376018,0.0003820995043,0,0,9.995838627e-05,0,0.0004707305343,0.0003499290906,0.0009327656589,0.000564979855,0.0005143747549,0.0002914565557,0.0002302794892,0,0.0001922166557,0.0005933570792,0.002063319553,0,0,0,0,0,0,0.2466513067,0.05466742814,0.04064477608,0.007331258617,0.02281123959,0.03847360611,0.008140291087,0.005526077002,0.0008945039008,9.224459791e-05,6.69496003e-05,0.0004033430014,0.0005021299585,5.178795618e-05,0.0001200661645,1.89389466e-05,0.01090893894,0.000455712463,0.0009562704945,0.002422566526,0.0004280454013,0.000574400241,6.61258091e-05,0.008017127402,0.0008495317888,0.0007967041456,0.0001427441312,2.950951603e-05,0.000136263785,0.7897455692,0.002871594625,0.003810458351,6.872903032e-05,0.000463974342,0.000185174169,0.001200616243,0.001574828522,3.600557466e-05,0.003017674899,0.01304845046,0.1207723543,0.3809135556,0.01343915891,0.0003056237474,9.625271196e-05,3.833918527e-05,3.326455044e-05,0.0001386007643,0.01043490879,0.003307194449,0.005441107787,0.005808003247,0.006997060031,0.003147592768,0.005452634301,0.008198357187,0.003369371174,0.005875620525,0.007733530831,0.001186686452,0.0008433090989,0.0001274514943,1.911492836e-05,0.0001099050714,0.0002691736445,0.001830396359,7.432687562e-05,0.003256250871,0.0002953667135,0.001849416527,0.001069695689,0,0.0001950750448,0.001151363947,0.00168438151,8.550706116e-05,1.188081023e-05,4.196857481e-05,0.0005747264368,6.383669825e-05,8.766034443e-05,0.001649365877,0.002723868005,0.002064056229,5.403463001e-05,0.00357266143,0.002428856445,0.00238659652,0.002111469395,0.001618309296,0.001880255411,0.001187327318,4.576083666e-05,1.389708086e-05,2.352063711e-05,3.154911974e-05,2.576351471e-05,6.392977957e-05,0.003875332186,0.001906314748
12,0.0004664723238,0,0.0001283658639,4.22840094e-05,0.002364519984,0.0001775530254,0.001158630126,0.0001974894258,0.0004952552845,3.942418971e-06,0.0001156905273,0,0.05093885213,0.01855029911,0.0001028143452,9.00662053e-05,7.523118256e-06,0,5.978614354e-05,0,0,4.332563185e-05,0,0,0,0,5.148621858e-05,0,0,4.783091572e-05,5.193202469e-06,1.617051748e-05,0,0,4.811166946e-06,0,0,0,0,0,0,0,0,0.2254852951,0.1693770587,0.04252840206,0.03119997121,0.08185008913,0.05778670684,0.01302784681,0.009998166002,0.0009118755115,6.96694915e-05,4.203094795e-05,7.681461284e-05,0.000124082464,1.393758976e-05,6.435593241e-05,4.282588634e-06,0.009101663716,0.0002458207891,0.0003809160844,0.001640919363,0.0001880110067,0.0001869773114,1.648540456e-05,0.006004261784,0.0007246828172,0.001439114567,0,8.30213321e-06,0.003868352156,0.718957305,0.002492162865,0.002827042947,9.190425772e-05,0.0006328573218,0.0001175632569,0.0007950813742,0.0006082291366,2.209645754e-05,0.002354488242,0.01165505592,0.09183600545,0.3547956049,0.01166292652,0.001498179394,0.0001129782759,0.0001470753487,2.325718378e-05,5.354860332e-05,0.01080260705,0.004414509516,0.001652587322,0.001463790657,0.002611680189,0.007710766979,0.0059072515,0.005756773055,0.002749007661,0.005910014734,0.008414986543,0.001288372325,0,0,0.0005307365209,0,7.442839888e-06,0.0008173416136,0.0002161760785,0.00175898266,0.002380952472,0.001127336291,0.0006233715685,0,7.408916281e-05,0.0003477136488,0.0002052402124,0,1.893125227e-05,0,0.0003331274202,3.666373232e-05,0,0.0007330368971,0.001172384829,0.001036382047,4.535349217e-05,0.004337475169,0.001353341155,0.000791550905,0.0003855565737,0,0.0009861362632,0.001087712008,0,0.0002665625943,0,0,8.903037815e-05,2.242035043e-05,0.003992133774,0.002363286912
13,0.04311937839,0.04667256027,0.1329902858,0.1436017752,0.03113770112,0.2317448109,0.2759330571,0.1325404197,0.06552193314,0.0217646081,0.2199594676,0.05093885213,0,0.5337004662,0.5187487006,0.04103303701,0.02020755969,0.01052253041,0.01614298485,0.01103439461,0.01163694635,0.01358000748,0.007977348752,0.003780249273,0.008260623552,0.02172992192,0.07930220664,0.04615313932,0.05105960369,0.04075041786,0.04725224897,0.03725808486,0.02837929875,0.03126383945,0.03818812221,0.05047126859,0.0160286054,0.003467888804,0.007142857648,0.01229465194,0.00570904417,0.00779249426,0.002380952472,0.3123950958,0.1575414836,0.4557659924,0.1429224759,0.09857607633,0.08008370548,0.189424336,0.09821058065,0.2131670713,0.1443545967,0.08378828317,0.08448577672,0.08629254252,0.01280383579,0.03020312078,0.004743804224,0.3671354949,0.1070050225,0.08324123174,0.09842645377,0.04316101223,0.1711300164,0.02396740951,0.4761112332,0.238025263,0.2139333189,0.04498894885,0.0275049191,0.3445286155,0.882519722,0.2815962136,0.1793921441,0.2997915447,0.2847473919,0.1613601744,0.2520064712,0.08653286099,0.0971448943,0.0940291062,0.4019776285,0.5943380594,0.732837975,0.4080887735,0.3185323477,0.2542677224,0.2244779468,0.06666039675,0.08996064961,0.1228394061,0.1061455235,0.02673959546,0.03339174017,0.03069977462,0.03990015015,0.03468672559,0.02892435528,0.05065821111,0.0425285846,0.04049991071,0.04688016698,0.03071816824,0.02161434293,0.01519230939,0.01811659895,0.03347371891,0.04709623009,0.02530614845,0.0451595597,0.007192907855,0.04290537909,0.04855209216,0.03088228963,0.03941437602,0.02529633045,0.04819362611,0.02928625233,0.02014623582,0.03170653433,0.04494169354,0.0411850661,0.05628112331,0.07679784298,0.05155589432,0.05054649338,0.04165751114,0.05409633741,0.05981751159,0.06052943692,0.03977241367,0.04067579657,0.04978191853,0.03570542112,0.05502000451,0.1035985798,0.09475777298,0.06623005122,0.0474716574,0.05291028321,0.04107260704,0.04696603864
14,0.1011334062,0.02455180138,0.04685667902,0.01522923447,0.1794381142,0.0219092872,0.01058152318,0.01559627987,0.1032720804,0.03662216291,0.04586874321,0.01855029911,0.5337004662,0,0.01701968536,0.03103974089,0.009521491826,0.007590426598,0.01062368322,0.007482872345,0.01363714505,0.01275600493,0.002305938164,0.002380952472,0.004452817608,0.007231239695,0.02756560966,0.02314982004,0.02642613277,0.02252271771,0.02227573097,0.02468119003,0.02004092559,0.01452899817,0.01747190766,0.02710334025,0.005268560257,0.007142857648,0.002380952472,0.003142679809,0.004761904944,0,0,0.884143889,0.4702545404,0.6071115136,0.1840588599,0.3043467402,0.4716645777,0.2381079495,0.1774920821,0.2634620667,0.1265538335,0.2057671249,0.2858822048,0.2973207533,0.1443018615,0.09657226503,0.04871218279,0.3958451152,0.1562806368,0.1453625709,0.1647733152,0.1014271006,0.3898852468,0.1798767298,0.4515391588,0.336725086,0.3223847151,0.04746708274,0.1403987855,0.1078389585,0.9893466234,0.3670043945,0.2799514234,0.1687280387,0.3568712771,0.2095815092,0.4391781688,0.1488719881,0.1803580374,0.1777029186,0.4935641289,0.6179360747,0.8057820201,0.3848973513,0.2405072004,0.2641013563,0.08208480477,0.1443447769,0.2098925114,0.4493788779,0.2669446468,0.1323857456,0.07716896385,0.07425436378,0.1124858186,0.1306376606,0.21318838,0.05343480036,0.1543277502,0.1979607195,0.07367895544,0.009650779888,0.0216143392,0.01190476213,0.03298550099,0.07434696704,0.0758786276,0.01248868089,0.1305728257,0.01264272537,0.1050511003,0.1011460871,0.01874577627,0.07085638493,0.03996435553,0.07551071793,0.01666666754,0.01732907258,0.038277179,0.03870366141,0.1203629225,0.01021449082,0.05419483408,0.05673579872,0.05285090581,0.009523809887,0.1383621842,0.06473740935,0.06669472903,0.02038694359,0.01948526502,0.08018857241,0.02612124011,0.0210000705,0.01730767451,0.01342098322,0.07322067767,0.05847343802,0.03815884143,0.1131070554,0.1058774069
15,0.02004988678,0,0.002060347702,0.002187924227,0.01860594004,0,0.0004300922446,0.003244163934,0.005736585706,9.894698451e-06,0.0001164585046,0.0001028143452,0.5187487006,0.01701968536,0,0.0009056705167,0,0.002380952472,0,0,0,0,0,0,0,0,0.001430299482,0.0010621947,0,0.001067355275,0,0,0,0,0,0.002380952472,0,0,0,0,0,0,0,0.5958765745,0.3492404819,0.3940820694,0.1675096601,0.209805727,0.1793886274,0.2214126438,0.1481204927,0.05776304752,0.01050548255,0.006316727959,0.04045562446,0.02552767284,0.01713608205,0.0228526555,0.008189998567,0.183393538,0.004761904944,0.01413119026,0.1113196164,0.03040825017,0.05118931457,0.01718661748,0.08368771523,0.03096917644,0.04046352953,0.001722467947,0.003549274988,1.27782132e-05,0.8787804842,0.06324602664,0.1408256441,0.000108963497,0.01721316762,0.008661280386,0.07532779127,0.006501552183,0,0.0489653796,0.1510864198,0.3752152324,0.5907891989,0.1146706492,0.0005676300498,0.01001718082,6.953825959e-06,0.0008728448884,0.0256925188,0.03274843097,0.007864469662,0.003968786914,0.006144444458,0.001247748383,0.0064646299,0.0126253143,0.01004660781,0.001213403069,0.02519378811,0.01579766348,0.01190476213,0,0,0,0.002380952472,0.007142857648,0.0140601201,0,0.02536451817,0,0.01402236801,0.008490141481,0,0.007142857648,0.007952329703,0.0006660405197,0,0,0.0001196229132,0.00167477678,0.006526266225,0,0.0002245382057,0.001905196696,0.006400482729,0,0.02351466753,0.005625265185,0.006068272516,0.002380952472,0,0.005009505898,0,0,0,0,0.0004909096751,0.0006044904585,0,0.005048325751,0.004243738949
16,0.0004057632177,8.461051038e-05,0.0007662179414,0.0001990524615,0.001637919806,0.0003336470108,0.002000243869,0.0001634623186,0.0003220112703,4.753621033e-05,0.001504801097,9.00662053e-05,0.04103303701,0.03103974089,0.0009056705167,0,0,0,0,2.345099529e-05,0,0,0,0,0,0,2.962947656e-05,8.39792192e-05,5.439990127e-05,1.245376006e-05,3.611435022e-05,1.461094871e-05,7.314495451e-05,0,3.019618816e-05,1.567867366e-05,0,0,0,0,0,0,0,0.2505425811,0.06938168406,0.06319928914,0.006562853698,0.02233444341,0.03290792182,0.006446577143,0.003725446295,0.008257285692,0.002606789116,0.001275535091,0.001632894739,0.002371717244,0.0001462831569,0.0002301926434,3.530265167e-05,0.01540087909,0.001516652294,0.001439568703,0.002226653975,0.0004556226195,0.003595974762,0.0002466908772,0.04531100392,0.00521971751,0.008994114585,0.0001505510736,0.0001201283303,0.01134804729,0.9315254092,0.01496689674,0.006936723366,0.001834100462,0.003423810704,0.0007546979468,0.004654986784,0.001340431627,0.0002674476127,0.002143951366,0.04068072513,0.2576924264,0.4753275514,0.05255705118,0.01524573565,0.001730556949,0.001065865508,9.936231072e-05,0.0005773840821,0.00912945345,0.002530986676,0.002135858405,0.002101022052,0.006538716145,0.003616004717,0.003442878835,0.006700952072,0.001370187965,0.00570326345,0.005361022428,0.002265299205,0.001185178757,6.674799806e-05,0.0003945769568,0.0002232970728,0.0003525668872,0.002520769835,0.001086589415,0.00183199509,0.001076744869,0.001648939564,0.001479161787,0.0003403156297,0.0001943365933,0.0005359623465,0.00261985301,0.0001068487181,6.921992463e-05,0.0001228281908,0.0002470768522,0.000355130207,0.0006324253627,0.001018525334,0.002466113074,0.001745538786,8.633016114e-05,0.002522911411,0.002241868293,0.001135426923,0.005273177754,0.001210605726,0.001549455337,0.001214593183,0.0002645039349,0.0005680340109,0.0002538819099,0.0002427055297,0.0003707147553,0.000303743378,0.003466983093,0.001699357992
17,0,0,0,0,0,0,0,0,2.731218228e-05,0,0.0004289716599,7.523118256e-06,0.02020755969,0.009521491826,0,0,0,0,0,0,0,0,0,0,0,0,0,0,0,0,0,0,0,0,0,0,0,0,0,0,0,0,0,0.02391779236,0.01554565132,0.01324435044,0.001461668639,0.009154343046,0,0.003379802685,0.001097420463,0.0001989374141,0,0,0,0,0,0,0,0,0,0,0,0,0,0,0.002380952472,0,0.001824804116,0,0,0,0.3403648138,0.002380952472,0.0008888750453,0,0,0,0.0008510508924,0,0,0,0.003498516511,0.01511125267,0.09378957748,0.006402696017,0.002380952472,0,0,0,0,0,0,0,0,0,0,0,0,0,0,0,0,0,0,0,0,0,0,0,0,0,0,0,0,0,0,0,0,0,0,0,0,0,0,0,0,0,0,0,0,0,0,0,0,0,0,0,0,0,0,0,0
18,0,0,0,0,0,0,0,0,2.621378735e-05,0,6.294655759e-05,0,0.01052253041,0.007590426598,0.002380952472,0,0,0,0,0,0,0,0,0,0,0,0,0,0,0,0,0,0,0,0,0,0,0,0,0,0,0,0,0.005692120641,0.01559379604,0,0.00272193132,0.001526078908,0.002380952472,0.002380952472,0,0.002380952472,0,0,0,0,0,0,0,0.0008010924212,0,0,0,0,0,0,0,0,0,0,0,0,0.2344858944,0,0,0,0,0,0,0,0,0,0,0.02738699503,0.06362634152,0,0,0,0,0,0,0,0,0,0,0,0,0,0,0,0,0,0,0,0,0,0,0,0,0,0,0,0,0,0,0,0,0,0,0,0,0,0,0,0,0,0,0,0,0,0,0,0,0,0,0,0,0,0,0,0,0,0
19,0,0,0,0,0,0,0,0,4.120354424e-05,0,0.0001927192061,5.978614354e-05,0.01614298485,0.01062368322,0,0,0,0,0,0,0,0,0,0,0,0,0,0,0,0,0,0,0,0,0,0,0,0,0,0,0,0,0,0.01381372008,0.01508913469,0.003596781753,0.0006541904295,0.003645314369,0.001108247554,0.0002892132034,0,0,0,0,0,0,0,0,0,0,0,0,0.001185116009,0.0004554368788,0,0,0,0,0,0,0,0,0.2708746493,0,0,0,0,0,0,0,0,0,0.002380952239,0.01055681426,0.07339636236,0,0,0,0,0,0,0,0,0,0,0,0,0,0,0,0,0,0,0,0,0,0,0,0,0,0,0,0,0,0,0,0,0,0,0,0,0,0,0,0,0,0,0,0,0,0,0,0,0,0,0,0,0,0,0,0,0,0
20,0,0,0,0,0,0.0001389683457,0,0,1.205064291e-05,0,0,0,0.01103439461,0.007482872345,0,2.345099529e-05,0,0,0,0,0,0,0,0,0,0,0,0,0,0,0,0,0,0,0,0,0,0,0,0,0,0,0,0.01973598637,0.02500729449,0.01602030173,0.001191129792,0.003352364292,0,0.002007417614,0.0006453514798,0,0,0,0,0,0,0,0,0,0,0,0,0,0,0,0,0,0.001528876484,0,0,0.002380952472,0.32306844,0,0.000970106048,0,0,0,0,0,0,0,0,0.02201101743,0.1160845086,0.002380952472,0.001059098518,0,0,0,0,0,0,0,0,0,0,0,0,0,0,0,0,0,0,0,0,0,0,0,0,0,0,0,0,0,0,0,0,0,0,0,0,0,0,0,0,0,0,0,0,0,0,0,0,0,0,0,0,0,0,0,0
21,0,0,0,0,0,0,0,0,3.690842277e-05,0,0.0003707376018,0,0.01163694635,0.01363714505,0,0,0,0,0,0,0,0,0,0,0,0,0,0,0,0,0,0,0,0,0,0,0,0,0,0,0,0,0,0.02994371206,0.01285255793,0.007068405394,0.0007821388426,0.003090287792,0.002380952472,0,0,0,0,0,0,0,0,0,0,0.002761656651,0,0,0.0001246862375,0,0,0,0,0,0.0005818715435,0,0,0.002380952472,0.3334219158,0,0,0,0,0,0,0,0,0,0,0.04592503235,0.09106879681,0,0,0,0,0,0,0,0,0,0,0,0,0,0,0,0,0,0,0,0,0,0,0,0,0,0,0,0,0,0,0,0,0,0,0,0,0,0,0,0,0,0,0,0,0,0,0,0,0,0,0,0,0,0,0,0,0,0
22,0,0,0,0,0,0,0,0,0,0,0.0003820995043,4.332563185e-05,0.01358000748,0.01275600493,0,0,0,0,0,0,0,0,0,0,0,0,0,0,0,0,0,0,0,0,0,0,0,0,0,0,0,0,0,0.01050797757,0.01100606471,0.004761904944,0,0.008461316116,0.004761904944,0.001454293611,0,0,0,0,0,0,0,0,0,0,0,0,0.0007887159591,0,0,0,0,0,0,0,0,0,0.2505360246,0,0.002903132001,0.001167012029,0,0,0,0,0,0.0003354068904,0,0.01800457761,0.04734417051,0,0,0,0,0,0,0,0,0,0,0,0,0,0,0,0,0,0,0,0,0,0,0,0,0,0,0,0,0,0,0,0,0,0,0,0,0,0,0,0,0,0,0,0,0,0,0,0,0,0,0,0,0,0,0,0,0,0
23,0,0,0,0,0,0,0,0,0.0002646145585,0,0,0,0.007977348752,0.002305938164,0,0,0,0,0,0,0,0,0,0,0,0,0,0,0,0,0,0,0,0,0,0,0,0,0,0,0,0,0,0.005965412594,0.004761904944,0.002380952472,0,0,0,0,0.002380952472,0,0,0,0,0,0,0,0,0,0,0,0.0001354916749,0,0,0,0,0,0,0,0,0,0.1063189581,0,0,0,0,0,0,0,0,0,0,0.0142857153,0.04390135035,0,0,0,0,0,0,0,0,0,0,0,0,0,0,0,0,0,0,0,0,0,0,0,0,0,0,0,0,0,0,0,0,0,0,0,0,0,0,0,0,0,0,0,0,0,0,0,0,0,0,0,0,0,0,0,0,0,0
24,0,0,0.0004104696854,0,0,0,0,0,0,0,0,0,0.003780249273,0.002380952472,0,0,0,0,0,0,0,0,0,0,0,0,0,0,0,0,0,0,0,0,0,0,0,0,0,0,0,0,0,0,0.0012998397,0.002380952472,0,0,0,0,0,0,0,0,0,0,0,0,0,0,0,0,0,0,0,0,0,0,0,0,0,0,0.06412761658,0,0,0,0,0,0,0,0,0,0,0.01190476213,0.01321328525,0,0,0,0,0,0,0,0,0,0,0,0,0,0,0,0,0,0,0,0,0,0,0,0,0,0,0,0,0,0,0,0,0,0,0,0,0,0,0,0,0,0,0,0,0,0,0,0,0,0,0,0,0,0,0,0,0,0
25,0,0,0,0,0,0,0,0,2.63956008e-05,0,9.995838627e-05,0,0.008260623552,0.004452817608,0,0,0,0,0,0,0,0,0,0,0,0,0,0,0,0,0,0,0,0,0,0,0,0,0,0,0,0,0,0.008460665122,0.007986772805,0.004761904944,0,0,0.0008255979628,0,0,0,0,0,0,0,0,0,0,0,0,0,0,0,0,0,0.002380952239,0,0,0,0,0,0.143782407,0,0,0,0,0,0,0,0,0,0,0.01125917025,0.02657952905,0,0.002380952472,0,0,0,0,0,0,0,0,0,0,0,0,0,0,0,0,0,0,0,0,0,0,0,0,0,0,0,0,0,0,0,0,0,0,0,0,0,0,0,0,0,0,0,0,0,0,0,0,0,0,0,0,0,0,0,0
26,0,0,0,0,0,0,0,0,1.535833144e-05,0,0,0,0.02172992192,0.007231239695,0,0,0,0,0,0,0,0,0,0,0,0,0,0,0,0,0,0,0,0,0,0,0,0,0,0,0,0,0,0.01383220963,0.01125671435,0.002380952472,0.002991800662,0.004485454876,0,0,0,0,0,0.002380952472,0,0,0,0,0,0.002380952472,0,0,0,0,0,0,0,0,0,0,0,0,0.2632556558,0,0,0,0,0,0,0,0,0,0.002380952472,0.02750381641,0.06539769471,0.0008853941108,0,0,0,0,0,0,0,0,0,0,0,0,0,0,0.001327486942,0,0,0,0,0,0,0,0,0,0,0,0,0,0,0,0,0,0,0,0,0,0,0,0,0,0,0,0,0,0,0,0,0,0,0,0,0,0,0,0,0,0
27,0,0,0.0001216709861,0,0.00247688964,0.002380952239,0,0,6.407569163e-05,0,0.0004707305343,5.148621858e-05,0.07930220664,0.02756560966,0.001430299482,2.962947656e-05,0,0,0,0,0,0,0,0,0,0,0,6.48862283e-07,0,0,0,0,0,0,0,0,0,0,0,0,0,0,0,0.1072092578,0.04323511198,0.03025467694,0.003641651245,0.01662590913,0.01241107471,0.004167740699,0.001652707579,0.00341319805,0,0.0003477415594,0,0.0006182851503,0,2.866735304e-05,3.342434866e-06,0.006548073608,0.0009299020749,0.0003172659199,0.0005093945656,8.267701924e-05,0.0004164885031,2.818807297e-05,0.008042332716,0.0003274680639,0.004722526297,0,1.324299774e-05,0.008578626439,0.8070414066,0.001335015753,0.001150135766,0.000715136528,9.389446495e-05,0.0003904962505,0.0009430369246,0.0002859297092,0.0001958371868,0.0002819324436,0.02265162766,0.1552631259,0.4024887979,0.02197373286,0.004020832945,0,0,9.5087933e-05,0,0.001732179429,0.002380952239,0.001551751979,0.001012034132,0.002380952472,0,0,0.001644983771,0,0,0,0,0,0,0,1.596196853e-05,0,0,0,0,0,0.0001333027903,0.0001971169986,0,0,0,0.002380952472,0,0,0,0,0,0,0,0,0,0,0,0,0.001070077298,0,0,0,0,0,0,0,0,0,0,0,0.0004467516846
28,1.072304713e-05,0,0.0002101753198,0,0,0,0,0,0.0001443796355,0,0.0003499290906,0,0.04615313932,0.02314982004,0.0010621947,8.39792192e-05,0,0,0,0,0,0,0,0,0,0,6.48862283e-07,0,0,0,0,0,0,0,0,0,0,0,0,0,0,0,0,0.03545001894,0.02409762144,0.01245343313,0.001396082225,0.002337462967,0.007917426527,0.002746480517,0.0002558888809,0,0,0,0,0,0,0,0,0.006431163289,0,0,0.00011612034,0,0,4.045551759e-05,0.002380952472,0.0005524719018,0.004761904944,0,0,0,0.5555625558,0.0005421160604,0.0005908056046,0,0,0,0,0,0,0.0003437423438,0,0.07614614069,0.2162551284,0.004761904944,0,0,0,0.0005193203688,0,0,0,0,0,0,0,0,0.002380952239,0,0,0.001587191015,0,0,0,0,0,0,0,0,0,0,0,0,0,0,0,0,0,0,0,0,0,0,0.001073487219,0,0,0,0.001748205163,0,0,0,0,0,0,0,0,0,0,0,0,0,0
29,2.114762719e-05,0,0,0,0,0,0,0,0.0001578658994,1.612766573e-05,0.0009327656589,0,0.05105960369,0.02642613277,0,5.439990127e-05,0,0,0,0,0,0,0,0,0,0,0,0,0,0,0,0,0,0,0,0,0,0,0,0,0,0,0,0.06037411094,0.03312623128,0.02358968183,0.004075530916,0.005369420629,0.008534871042,0.004566329066,0.001358728274,0,0,0,0.0007280536811,0,0,0,1.851576963e-05,0.00473285187,0,0.0006987833185,0.0002839294029,0.0001137463187,0,2.801555274e-05,0.01241081953,0.001782064792,0.006864455063,0,7.852703129e-05,0.003564136568,0.6679123044,0.000587377348,0.001168701332,0,0,0,0.003264886793,0,0,0.0001132483521,0.01050118729,0.1132423505,0.3122439682,0.004761904944,0.002380952239,0.002380952239,0,0,0.0006136054872,0.0007102187374,0,0,0,0,0.0006330671022,0,0,0,0,0,0,0,0,0,0,0,0,0,0.0003020026197,0,0,0.0007838371675,0,0,0,0,0,0,0,0,0,0.002380952472,0,0,0,0,0.001343427459,0,0,0,0,0,0,0,0,0,0,0,0,0,0.0007712744991
30,0,0,2.283783397e-05,0,0,0,0,2.485869572e-06,4.855802399e-05,2.489769031e-05,0.000564979855,4.783091572e-05,0.04075041786,0.02252271771,0.001067355275,1.245376006e-05,0,0,0,0,0,0,0,0,0,0,0,0,0,0,0,0,0,0,0,0,0,0,0,0,0,0,0,0.07741622627,0.0378036499,0.0106990803,0.002073622309,0.007400094997,0.00465652626,0.002728796098,0.001128665986,0.0009550417308,0,0,0,0,0.0001194411016,0,0,0.008482006378,0,0,0.0005781181972,8.512919885e-05,0,0,0.007859871723,7.246345194e-05,0.003230734961,0,0,0.0006824983284,0.734993279,0.000845417555,0.001757010119,0,0.0002703297068,0,0.002067987807,0,0,0.0001281140285,0.003728684969,0.1314988881,0.3235798478,0.01369083207,0.004761904944,0.002380952472,0.002380952472,0,0,0,0.0003141689231,0,0,0,0,0,0.004761904944,0,0,0.0009068850777,0,0,0,0,0,0,0,0,0,0,0,0,0,0,0,0,0,0,0,0,0,0,0,0,0,0,0,0,0,0,0,0.001104527968,0,0,0,0,0,0,0,0,0
31,4.728419299e-06,0,0.0001228406327,0,0,0,0,1.848336615e-05,3.098488742e-05,0,0.0005143747549,5.193202469e-06,0.04725224897,0.02227573097,0,3.611435022e-05,0,0,0,0,0,0,0,0,0,0,0,0,0,0,0,3.371182515e-07,0,0,0,0,0,0,0,0,0,0,0,0.06510894001,0.03879493102,0.03168186918,0.002232901752,0.009279243648,0.009520521387,0.002642310224,0.001587908482,0,0,0,0,0,0,7.410096441e-05,0,0.004768012092,0,0,0.00015389295,0,0.0005088803009,0,0.004047502298,0,0.0008070901968,0,3.399989146e-05,0.005647983868,0.7220929861,0.002004012465,0.001208028756,0.0001731159864,0.00294019701,0.0002176474518,0.0001781220635,0,0,0.0003714317572,0.005792358425,0.1222600192,0.3160784245,0.006988913286,0.003506414127,0.002380952472,0,0,0.0001013548026,0.002380952472,0,0.001205009175,0,0,0,0,0,0,0,0,0,0,0,0,0,0,0,0,0.0002396565396,0,0.0008748181281,0,0,0,0,0,0,0,0,0,0,0,0,0,0,0,0,0,0,0,0,0,0,0,0,0,0,0,0,0,0
32,0,0,0,0,0,0,0,0,3.860312427e-05,0,0.0002914565557,1.617051748e-05,0.03725808486,0.02468119003,0,1.461094871e-05,0,0,0,0,0,0,0,0,0,0,0,0,0,0,3.371182515e-07,0,0,0,0,0,0,0,0,0,0,0,0,0.05392508581,0.03863963485,0.01829568669,0.004434403963,0.01824238151,0.005356611684,0.0103832921,0.001496728975,0,0,0.002380952472,0,0,0,0,0,0.01012057252,0,0,0.0006184318336,9.429130296e-05,0.0003537843295,0,0.002380952472,0.001193459961,0.004901164677,0,0,0,0.6470656395,0.0009768154705,0.00855443906,0.001789471484,0,0,0,0,0,0.001104091411,0.002380952472,0.08187408745,0.204543218,0.01481307019,0,0,0,0,0.0002792889718,0.003459961852,0,0,0.002380952472,0,0,0,0,0,0,0,0,0,0,0,0,0,0,0,0,0,0,0,0,0,0,0,0,0,0,0,0,0,0,0,0,0,0,0,0,0,0,0,0,0,0,0,0,0,0,0,0
33,0,0,0,0,0,0,0,0,1.475291629e-05,0,0.0002302794892,0,0.02837929875,0.02004092559,0,7.314495451e-05,0,0,0,0,0,0,0,0,0,0,0,0,0,0,0,0,0,0,0,0,0,0,0,0,0,0,0,0.02680026367,0.02731081471,0.01718650199,0.002986268839,0.003486393252,0.00398669485,0.0002524254087,0.004371217918,0.002380952472,0,0,0.0006979420432,0,0,0,0,0,0,0,0,0,0.002380952472,6.857078552e-05,0,0,0,0,0,0,0.4426446259,0.001153792487,0,0,0,0,0.0006279164227,0,0,0,0.002380952472,0.04216961935,0.1470145732,0,0.001041500713,0,0,0,0,0.0008370577125,0,0,0,0,0,0,0,0,0,0,0,0,0,0,0,0,0,0,0,0,0,0,0,0,0,0,0,0,0,0,0,0,0,0,0,0,0,0,0,0,0,0,0,0,0,0,0,0,0,0,0
34,0,0,0,0,0,0,0,0,3.076975918e-05,0,0,0,0.03126383945,0.01452899817,0,0,0,0,0,0,0,0,0,0,0,0,0,0,0,0,0,0,0,0,0,0,0,0,0,0,0,0,0,0.02285198309,0.01102632936,0.004309474956,0.003689419013,0.009523809887,0.001279978547,0.003099445021,0,0,0,0,0,0,0,0,0,0,0,0,0,6.212447624e-05,0.001363439136,0,0,0,0,0,0,0,0.3389180601,0.0007392863627,0.003076595487,0,0,0,0,0,0,0,0.002380952472,0.03156274185,0.09459038824,0.002380952472,0.002380952472,0,0,0,0.002380952472,0,0,0,0,0,0,0,0,0,0.001530969748,0,0,0,0,0,0,0,0,0,0.0007058263873,0,0,0,0,0,0,0,0,0,0,0,0,0,0,0,0,0,0,0,0,0,0,0,0,0,0,0,0,0,0,0,0
35,0,0,0,0,0,0,0,0,1.122000231e-05,0,0.0001922166557,4.811166946e-06,0.03818812221,0.01747190766,0,3.019618816e-05,0,0,0,0,0,0,0,0,0,0,0,0,0,0,0,0,0,0,0,0,0,0,0,0,0,0,0,0.04699384049,0.03242336586,0.02132271416,0.001641423325,0.01660128124,0.008413141593,0.005252381321,0.001522260369,0,0,0,0.0002321514039,0,0,0,0,0.002257739427,0,0,0.00121662009,0,0.0002747391991,8.499227988e-05,0,0.002380952472,0.003199852305,0,0,0.004761904944,0.6047748327,0.002380952239,0.001083959593,0,0,0,0.000276035018,0.0005275363219,0,0.001166053815,0.004761904944,0.06360235065,0.1748768985,0.002380952472,0,0,0.001442649285,0,0,0.004108293448,0,0,0,0,0,0,0,0,0,0,0,0,0,0,0,0,0,0,0,0,0,0,0,0,0,0,0,0,0,0,0,0,0,0,0,0,0.0004987803404,0,0,0,0,0,0,0,0,0,0,0,0,0,0
36,0,0,0,0,0,0,0,0,7.23552148e-05,0,0.0005933570792,0,0.05047126859,0.02710334025,0.002380952472,1.567867366e-05,0,0,0,0,0,0,0,0,0,0,0,0,0,0,0,0,0,0,0,0,0,0,0,0,0,0,0,0.05371554941,0.04057784379,0.01314425096,0.002656979719,0.01558267791,0.008481075056,0.001053169835,0.002232444007,0.00269382121,0.001379763591,0,0,0,0,0,0,0.001902605058,0,0,0.0003330059699,1.832009548e-05,0.0001964150724,0.0001013307992,0.006412134506,0,0.00221855822,0,0,0.002380952472,0.6796028614,0.004452816676,0.0006307646981,0,0,0,0.0002330735588,0,0,0.0002307319082,0.002369202906,0.1012130603,0.2660246193,0.01032366697,0.006484687794,0,0,0,0,0.0004816445871,0.0001224715525,0,0,0,0,0,0,0,0.0008673598641,0,0,0,0,0,0,0,0,0,0.0001814981661,0,0,0,0,0,0,0.002380952472,0,0,0,0,0,0,0,0,0,0,0,0,0,0,0,0,0,0,0,0,0,0,0,0,0
37,0,0,0,0,0,0,0,0,3.24339635e-05,0,0.002063319553,0,0.0160286054,0.005268560257,0,0,0,0,0,0,0,0,0,0,0,0,0,0,0,0,0,0,0,0,0,0,0,0,0,0,0,0,0,0.02049224079,0.01190476213,0.004761904944,0.0004579730157,0.0009226266411,0,0,0.0003959593014,0,0,0,0,0,0,0,0,0.002380952472,0,0,0,0,0,0,0,0,0,0,0,0,0.2261709571,0,0,0,0,0,0.002380952472,0,0,0,0,0.01485716552,0.05665429682,0,0,0,0,0,0,0,0,0,0,0,0,0,0,0,0,0,0,0,0,0,0,0,0,0,0,0,0,0,0,0,0,0,0,0,0,0,0,0,0,0,0,0,0,0,0,0,0,0,0,0,0,0,0,0,0,0,0
38,0,0,0,0,0,0,0,0,2.521957504e-05,0,0,0,0.003467888804,0.007142857648,0,0,0,0,0,0,0,0,0,0,0,0,0,0,0,0,0,0,0,0,0,0,0,0,0,0,0,0,0,0,0.004761904944,0.002380952472,0,0,0,0,0,0,0,0,0,0,0,0,0,0,0,0,0,0,0,0,0,0,0,0,0,0,0.04098515585,0,0,0,0,0,0,0,0,0,0,0.002380952472,0.009523809887,0,0,0,0,0,0,0,0,0,0,0,0,0,0,0,0,0,0,0,0,0,0,0,0,0,0,0,0,0,0,0,0,0,0,0,0,0,0,0,0,0,0,0,0,0,0,0,0,0,0,0,0,0,0,0,0,0,0
39,0,0,0,0,0,0,0,0,0.0007151378086,0,0,0,0.007142857648,0.002380952472,0,0,0,0,0,0,0,0,0,0,0,0,0,0,0,0,0,0,0,0,0,0,0,0,0,0,0,0,0,0,0,0,0.0008197426214,0,0,0.002380952239,0,0,0,0,0,0,0,0,0,0.002380952472,0,0,0,0,0,0,0,0,0,0,0,0,0.03809523955,0,0,0,0,0,0,0,0,0,0,0.002380952472,0.009523809887,0.002380952239,0,0,0,0,0,0,0,0,0,0,0,0,0,0,0,0,0,0,0,0,0,0,0,0,0,0,0,0,0,0,0,0,0,0,0,0,0,0,0,0,0,0,0,0,0,0,0,0,0,0,0,0,0,0,0,0,0
40,0,0,0,0,0,0,0,0,0,0,0,0,0.01229465194,0.003142679809,0,0,0,0,0,0,0,0,0,0,0,0,0,0,0,0,0,0,0,0,0,0,0,0,0,0,0,0,0,0,0.003586392617,0.004761904944,0,0.004761904944,0,0,0,0,0,0,0,0,0,0,0,0,0,0,0,0,0,0,0,0,0,0,0,0,0.09871581197,0,0,0,0,0,0,0,0,0,0,0.003353283973,0.02243588679,0.002380952472,0,0,0,0,0,0,0,0,0,0,0,0,0,0,0,0,0,0,0,0,0,0,0,0,0,0,0.0005367699778,0,0,0,0,0,0,0,0,0,0,0,0,0,0,0,0,0,0,0,0,0,0,0,0,0,0,0,0,0,0
41,0,0,0,0,0,0,0,0,0,0,0,0,0.00570904417,0.004761904944,0,0,0,0,0,0,0,0,0,0,0,0,0,0,0,0,0,0,0,0,0,0,0,0,0,0,0,0,0,0.002380952472,0,0.0009989968967,0,0,0,0,0,0.002380952472,0,0,0,0,0,0,0,0,0,0,0,0,0,0,0,0,0,0,0,0,0.05238095298,0,0,0,0,0,0,0,0,0,0,0.001387304277,0.0142857153,0,0,0,0,0,0,0,0,0,0,0,0,0,0,0,0,0,0,0,0,0,0,0,0,0,0,0,0,0,0,0,0,0,0,0,0,0,0,0,0,0,0,0,0,0,0,0,0,0,0,0,0,0,0,0,0,0,0
42,0,0,0,0,0,0,0,0,0,0,0,0,0.00779249426,0,0,0,0,0,0,0,0,0,0,0,0,0,0,0,0,0,0,0,0,0,0,0,0,0,0,0,0,0,0,0,0,0,0.002380952472,0,0,0,0,0,0,0,0,0,0,0,0,0,0,0.002380952472,0,0,0,0,0,0,0,0,0,0,0.04388453811,0,0,0,0,0,0,0,0,0,0,0,0.004761904944,0,0,0,0,0,0,0,0,0,0,0,0,0,0,0,0,0,0,0,0,0,0,0,0,0,0,0,0,0,0,0,0,0,0,0,0,0,0,0,0,0,0,0,0,0,0,0,0,0,0,0,0,0,0,0,0,0,0
43,0,0,0,0,0,0,0,0,0,0,0,0,0.002380952472,0,0,0,0,0,0,0,0,0,0,0,0,0,0,0,0,0,0,0,0,0,0,0,0,0,0,0,0,0,0,0,0,0,0,0,0,0,0,0,0,0,0,0,0,0,0,0,0,0,0,0,0,0,0,0,0,0,0,0,0.0142857153,0,0,0,0,0,0,0,0,0,0,0.002380952472,0.002380952239,0.002380952472,0,0,0,0,0,0,0,0,0,0,0,0,0,0,0,0,0,0,0,0,0,0,0,0,0,0,0,0,0,0,0,0,0,0,0,0,0,0,0,0,0,0,0,0,0,0,0,0,0,0,0,0,0,0,0,0,0
44,0.02916303463,0.03612862155,0.1682827473,0.2015081048,0.02191320248,0.220544681,0.1924483627,0.2102669626,0.2110993266,0.1327986866,0.2466513067,0.2254852951,0.3123950958,0.884143889,0.5958765745,0.2505425811,0.02391779236,0.005692120641,0.01381372008,0.01973598637,0.02994371206,0.01050797757,0.005965412594,0,0.008460665122,0.01383220963,0.1072092578,0.03545001894,0.06037411094,0.07741622627,0.06510894001,0.05392508581,0.02680026367,0.02285198309,0.04699384049,0.05371554941,0.02049224079,0,0,0,0.002380952472,0,0,0,0.01152920909,0.01492323261,0.02875478007,0.03053707816,0.01360513922,0.01591994427,0.01636839472,0.03647518903,0.05601720512,0.07231171429,0.05186805874,0.04145961627,0.02667606622,0.03740251064,0.0255322326,0.0297806859,0.04225086793,0.04165398329,0.02120155096,0.0427611284,0.07323227078,0.02941114269,0.1419452131,0.1136276275,0.1348103136,0.01589830033,0.01487367786,0.4095398784,0.5828945637,0.117287077,0.04881427065,0.2581403553,0.08389484137,0.06121387333,0.05921179056,0.01219137758,0.01147504989,0.01415426005,0.09486489743,0.2975817025,0.6272459626,0.1375713348,0.4116348922,0.1609271914,0.05840603635,0.03119700588,0.04326398298,0.0125107225,0.01136931032,0.02562039718,0.02732934617,0.02817604505,0.0230707489,0.01995103247,0.01839361154,0.02160941437,0.01926057041,0.01997291483,0.02909641899,0.0132744126,0.009716824628,0.01887130179,0.02185578272,0.0264226608,0.03075763211,0.002380952472,0.03729671612,0.001499218633,0.04703823477,0.03289246932,0.01798389107,0.03286492452,0.03381979465,0.04077577591,0.005175890401,0.01294354908,0.02405207418,0.01777879521,0.02880229987,0.04820208624,0.09128041565,0.03906600177,0.03345046937,0.01584634557,0.0321812965,0.01905495673,0.05354698747,0.02997112833,0.01221929863,0.03674215451,0.0203282889,0.03967466578,0.05453398824,0.04477508739,0.03690949082,0.02513373271,0.02928796224,0.02242863551,0.03749304637
45,0.01227995474,0.02699764632,0.1071711332,0.1460574567,0.004343527369,0.1331450492,0.121823132,0.1515942961,0.06755036116,0.1240935773,0.05466742814,0.1693770587,0.1575414836,0.4702545404,0.3492404819,0.06938168406,0.01554565132,0.01559379604,0.01508913469,0.02500729449,0.01285255793,0.01100606471,0.004761904944,0.0012998397,0.007986772805,0.01125671435,0.04323511198,0.02409762144,0.03312623128,0.0378036499,0.03879493102,0.03863963485,0.02731081471,0.01102632936,0.03242336586,0.04057784379,0.01190476213,0.004761904944,0,0.003586392617,0,0,0,0.01152920909,0,0.001716261264,0.0004056288744,0.0003481149324,0.0005895004142,0.001136781415,0.001236705342,0.01931886375,0.05371562019,0.06531554461,0.08489383757,0.05099855363,0.02770842053,0.0430515632,0.05505516753,0.01993465051,0.03750209883,0.03036099486,0.01121843234,0.04934604838,0.0940143168,0.04169578105,0.0860087499,0.07785999775,0.02013418823,0.0167631451,0.03201017901,0.1551821381,0.6316803694,0.1116902828,0.05729104951,0.1226925403,0.1005672663,0.06037835032,0.06924062967,0.03732208535,0.02302272059,0.009028998204,0.1101509333,0.1452952772,0.3878793716,0.03657015413,0.1074661687,0.1072732583,0.1125097647,0.06159622967,0.04544765875,0.003104864853,0.01362965629,0.004194638226,0.003381870687,0.00214929576,0.002471645828,0.002131532878,0.001250499277,0.004735874012,0.002164558973,0.001535811112,0.01179430448,0.003168481169,0.002380952239,0.001236706157,0.004761904478,0.01880091988,0.00962764211,0,0.01545370929,0,0.03792747855,0.04817892611,0.003616069211,0.0162064787,0.01888170838,0.02189321816,0.002380952472,0.005895374343,0.008630675264,0.009123431519,0.01991062425,0.02557392046,0.04025729373,0.0239743609,0.02078278176,0.007142857648,0.009073783644,0.03680412471,0.03143161535,0,0.003063068725,0.02612967789,0.01111574285,0.005607232451,0.04344882071,0.02676299587,0.03191610426,0.002926364308,0.002407226712,0.004809065722,0.02854872495
46,0.006668972783,0.01347003039,0.04542206228,0.0913156569,0.009967859834,0.1171900108,0.1061873734,0.08867095411,0.06358335167,0.03357979283,0.04064477608,0.04252840206,0.4557659924,0.6071115136,0.3940820694,0.06319928914,0.01324435044,0,0.003596781753,0.01602030173,0.007068405394,0.004761904944,0.002380952472,0.002380952472,0.004761904944,0.002380952472,0.03025467694,0.01245343313,0.02358968183,0.0106990803,0.03168186918,0.01829568669,0.01718650199,0.004309474956,0.02132271416,0.01314425096,0.004761904944,0.002380952472,0,0.004761904944,0.0009989968967,0,0,0.01492323261,0.001716261264,0,0.0007847104571,0.01529274136,0.01164689939,0.0002373577008,0.0009332881891,0.004345393274,0.01040418446,0.002847312484,0.002183550037,0.00136777095,0.00141423801,0.002111046109,0.004191414453,0.0002691450354,0.002716534771,0.003526753513,0.001408563345,0.004567655735,0.002014640719,0.001056898851,0.0074055437,0.009475189261,0.0157386139,0.001391167752,0.002492832486,0.1926526874,0.2913548946,0.006899085827,0.001271790592,0.05086654052,0.003840445308,0.003769026604,0.001662707655,0.009309095331,0.006303003989,0.003499676008,0.00227906974,0.01802129298,0.3266027272,0.01187258866,0.1213035882,0.01591417566,0.1216417849,0.007589873392,0.0012526192,0.007995457388,0.01086453535,0.005708346143,0.006407389417,0.004392593168,0.0009254983161,0.001470488962,0.003250568872,0.002789290855,0.002188485116,0.002089636633,0.00198437646,0,0.001212324365,0.000706206949,0.0007259575068,0.002786874305,0.005805841181,0,0.00665147556,0.002380952472,0.007895609364,0.007791432552,0.003590937238,0.0008719820762,0.009556635283,0.002565769479,0,0.003337584902,0.005666192621,0.004953258671,0.001139317756,0.0177662205,0.03487948328,0.01649645343,0.00702223368,0.003474206664,0.003459726693,0.004837138578,0.00973200053,0.003191534895,0.005486045964,0.006604231428,0.005820083898,0.004676446784,0.04086535797,0.01844795048,0.002520648763,0.0009758887463,0.0005048994208,0.003095198423,0.006254214793
47,0.0008413512842,0.00556179462,0.01202773955,0.04201972485,0.0009281808161,0.02761986852,0.0367132239,0.01654197648,0.008486459032,0.03449462354,0.007331258617,0.03119997121,0.1429224759,0.1840588599,0.1675096601,0.006562853698,0.001461668639,0.00272193132,0.0006541904295,0.001191129792,0.0007821388426,0,0,0,0,0.002991800662,0.003641651245,0.001396082225,0.004075530916,0.002073622309,0.002232901752,0.004434403963,0.002986268839,0.003689419013,0.001641423325,0.002656979719,0.0004579730157,0,0.0008197426214,0,0,0.002380952472,0,0.02875478007,0.0004056288744,0.0007847104571,0,0.0002778335765,0.0012665533,0.0001076200206,0.0001537575008,0.00348079158,0.01214045659,0.01734806225,0.04224127531,0.03634722531,0.01992218383,0.02453269064,0.009465298615,0.01319267228,0.01335214917,0.02078165859,0.005964493845,0.01589823142,0.02958407998,0.02548953518,0.01737898774,0.02397393808,0.003438246436,0.006699428894,0.01475310232,0.05270691589,0.5643302798,0.0331874527,0.02509593777,0.04632525891,0.03291369602,0.01476138458,0.03429999948,0.01611653902,0.004177840892,0.003862487618,0.03391600028,0.06948866695,0.235917598,0.00682650879,0.03223092481,0.0271844808,0.03834143281,0.01452076528,0.01683669724,0.001245955238,0.007120470051,0.0004325777118,0.0008977461839,0.0005902250414,6.385092274e-05,0.0001599161478,0.0003264315601,0.000729528314,0.0001377804147,7.756410923e-05,0.004012313206,0.001034258865,0,0.002380952472,0,0.01055501588,0.0006837566034,0,0.0009923420148,0,0.005133365281,0.006779978052,0.002380952472,0.0008969266783,0.003099126974,0.00083474844,0,0,0.007489124779,0.004510940053,0,0.01016467437,0.002685592743,0.0007168411976,0.001562059508,0,0.0009409834165,0.004809777718,0.001527520944,0.0008363239467,0.002380952472,0.001195421093,0.003051303327,0.002380952472,0.01072869357,0.01991374046,0.004248979036,0,0,0.0002573909296,0.003602549201
48,0.001579765929,0.006714249961,0.02355266362,0.07676108181,0.000459122879,0.03934434801,0.05320381001,0.02992989495,0.02523499541,0.05756691843,0.02281123959,0.08185008913,0.09857607633,0.3043467402,0.209805727,0.02233444341,0.009154343046,0.001526078908,0.003645314369,0.003352364292,0.003090287792,0.008461316116,0,0,0,0.004485454876,0.01662590913,0.002337462967,0.005369420629,0.007400094997,0.009279243648,0.01824238151,0.003486393252,0.009523809887,0.01660128124,0.01558267791,0.0009226266411,0,0,0.004761904944,0,0,0,0.03053707816,0.0003481149324,0.01529274136,0.0002778335765,0,7.086127152e-05,0.002160511911,3.580854172e-05,0.007935636677,0.01186722238,0.03802119941,0.03688369691,0.03387270123,0.02096790262,0.01943100058,0.01689597219,0.04542907327,0.01009393577,0.01021772902,0.01084275357,0.0341671221,0.08272505552,0.02330292761,0.04366007447,0.03870680928,0.01026797947,0.005041838624,0.02229105495,0.08392915875,0.6177095175,0.0738248229,0.04924444482,0.0665923208,0.06142722443,0.03558623791,0.06734030694,0.02066684701,0.009880801663,0.004304498434,0.07380343974,0.1048702672,0.3143832088,0.01876673102,0.06129967421,0.0523099415,0.05711483583,0.03533903509,0.02531449497,0.0003638108028,0.007369478699,0.0008071825723,0.0002856208012,0.000898611208,0.0001523791143,0.0001478368358,0.0001230751368,0.0001019016272,0.0002263622009,0.0001017168033,0.001725576119,0,0.002380952472,0,0,0.01238710899,0.000743917888,0.002380952472,0.00221197214,0.002380952472,0.01643669792,0.01524925791,0,0.002380952472,0.003138519125,0.002352408832,0,0.004761904944,0.001307726256,0.00134791946,0,0.0172765255,0.007284705061,0.0036617273,0.002715836745,0,0.001723268884,0.001675782492,0.00284972298,0.002344510751,0.001032470725,0.001416181563,0.007411797997,0.00116171746,0.01007598639,0.0190988984,0.008900872432,0,0,0.0004752365057,0.006668416783
49,0.0004127854481,0.003524841741,0.007776356768,0.03537067398,0.0002532360377,0.03940371796,0.04398542643,0.01742099784,0.02693327144,0.03920844942,0.03847360611,0.05778670684,0.08008370548,0.4716645777,0.1793886274,0.03290792182,0,0.002380952472,0.001108247554,0,0.002380952472,0.004761904944,0,0,0.0008255979628,0,0.01241107471,0.007917426527,0.008534871042,0.00465652626,0.009520521387,0.005356611684,0.00398669485,0.001279978547,0.008413141593,0.008481075056,0,0,0,0,0,0,0,0.01360513922,0.0005895004142,0.01164689939,0.0012665533,7.086127152e-05,0,0.001339503564,5.154065002e-05,0.004604049958,0.001515352982,0.01367061865,0.04213298857,0.03525562957,0.01232655346,0.01093691774,0.00607905956,0.02415038086,0.00578868622,0.0110846702,0.001097576227,0.004492302891,0.04725110903,0.02333244495,0.0372399129,0.0374978818,0.01822512597,0.002340195235,0.0002284000802,0.102554135,0.6131663918,0.03894329071,0.02891975269,0.08781758696,0.04126089811,0.01770947874,0.05133358762,0.0001383467898,3.567913518e-05,0.00012300034,0.0793069154,0.1493540257,0.347455442,0.02091443352,0.1121333688,0.06094806641,0.005231661722,0.001424558461,0.01059768349,2.283603317e-05,0.0001151936885,9.59854442e-05,0.0001051582949,6.603382644e-05,9.535714344e-05,0.000101557227,3.554636351e-05,5.708365279e-05,4.196576629e-05,2.604990914e-05,0.0004346707137,0.001559396391,0,0,0.002380952472,0.002728547202,0.0001980438537,0,0.0006860134308,0,0.00164277968,0.003155829851,0.0008316346793,0.001519214013,0.00134256063,0.0008321841015,0.0003563043429,0.001205173205,0.0004821888579,0.002380952472,0.001406644937,0.004774654284,0.002361429157,0.0007487528492,0.002434286522,0.002881519496,0.0002516279055,0.001854533562,0.001183065237,0,0,0.0005450891913,0,0.0003461258602,0.004909524228,0.007519305218,0.002243854338,0.002380952472,0,0.0001178870298,0.001158398692
50,0.0007783877081,0.0009642779478,0.008344522677,0.02363390289,0.0007002424099,0.02457260899,0.0332752727,0.01527772658,0.008651528507,0.01237721276,0.008140291087,0.01302784681,0.189424336,0.2381079495,0.2214126438,0.006446577143,0.003379802685,0.002380952472,0.0002892132034,0.002007417614,0,0.001454293611,0,0,0,0,0.004167740699,0.002746480517,0.004566329066,0.002728796098,0.002642310224,0.0103832921,0.0002524254087,0.003099445021,0.005252381321,0.001053169835,0,0,0.002380952239,0,0,0,0,0.01591994427,0.001136781415,0.0002373577008,0.0001076200206,0.002160511911,0.001339503564,0,5.371547741e-05,0.001244415063,0.005793542136,0.003212271258,0.007004568819,0.001390004647,0.003812154289,0.001725274022,0.003565077437,0.0002639846352,0.002327129943,0.001633426989,5.75600352e-05,0.001306957332,0.00677552307,0.00085578789,0.008103459142,0.009766404517,0.004293768201,0.004301853012,0.002417799784,0.06826186925,0.5439500213,0.01212876197,0.001779600861,0.04237058386,0.01624781638,0.004091714509,0.006741916295,0.002363051521,0.009693575092,0.0002319987252,0.01452869549,0.06103456393,0.198339507,0.003846789012,0.0588295497,0.0237382371,0.04577743635,0.01027128194,0.001681629568,0.0004638825194,0.002066385699,0.0001901833893,0.000178350092,0.0006545869401,0.0001096970009,0.0001709969365,4.698337943e-05,9.659020725e-05,7.135503893e-06,0.0001179546671,0.0001507584966,0,0,0,0,0.003143285401,0.001374325948,0,0.0004636453232,0,0.002260961337,0.00248409342,0,0.001248803455,0.001587729552,0.0001625035511,0,0.002380952472,0.002380952472,0.0002052781492,2.872871482e-05,0.006281364243,0.006361360662,6.684548862e-05,0.0008542522555,9.02569227e-05,0.0004541888193,0.00215623551,0.0008869886515,0.003159426618,0,0.0009473673999,0.000321733387,0.0002616904967,0.008410992101,0.008038515225,0,0.00101761613,0.0007801384781,0.0003513460397,0.001625502482
51,0.000202588606,0.001351074432,0.001937657013,0.009424928576,0.0001422713685,0.01324355509,0.02214286104,0.003728061682,0.004804380704,0.01220984012,0.005526077002,0.009998166002,0.09821058065,0.1774920821,0.1481204927,0.003725446295,0.001097420463,0,0,0.0006453514798,0,0,0.002380952472,0,0,0,0.001652707579,0.0002558888809,0.001358728274,0.001128665986,0.001587908482,0.001496728975,0.004371217918,0,0.001522260369,0.002232444007,0.0003959593014,0,0,0,0,0,0,0.01636839472,0.001236705342,0.0009332881891,0.0001537575008,3.580854172e-05,5.154065002e-05,5.371547741e-05,0,0.0007811100222,0.003652909305,0.003827254521,0.01322039217,0.0148634091,0.00251542707,0.001896212576,0.001988636097,0.002539416077,0.005257086363,0.002158806426,0.0001349279919,0.001106393291,0.01281786896,0.006523665972,0.006965955254,0.007945020683,0.00314013171,0.004236373119,0.001109229983,0.06604223698,0.5689449906,0.01566156745,0.003829381429,0.04483477399,0.008723202161,0.007761831395,0.01486238092,0.001673466759,0.0001163731795,7.472094148e-05,0.02236448601,0.06349857897,0.1825058609,0.003172689117,0.04814497754,0.0261710491,0.03919038177,0.01246044319,0.001373702777,7.159681991e-05,0.0006042282912,4.807882942e-05,5.128043995e-05,4.725554027e-05,1.337432059e-05,1.233925104e-05,5.060277545e-05,2.93681569e-05,1.485739358e-05,2.537605906e-05,7.444749644e-05,0.0005417728098,0,0,0,0.002414616989,2.602562927e-05,0,0.0001120064699,0.0003764809517,0.001340557472,0.0006505618221,0.0008687367663,0,0.0009022608283,0.0001188273818,0,0,0,0.0007236637175,6.714936899e-05,0.001119215507,0.000794255815,0.0001993301557,2.407806642e-05,0,8.135697863e-05,0.0003724419803,0.0001076041954,0,0,5.512525968e-05,0,0.002380952472,0.008124979213,0.001032192726,0.002292885678,0,0.0008426884306,3.515455319e-06,0.0004602782719
52,0.0002086231252,0,0.0004733589303,0.006000142079,0.0001722475863,0.004026807845,0,0.001172940829,0.008685988374,0.002290430246,0.0008945039008,0.0009118755115,0.2131670713,0.2634620667,0.05776304752,0.008257285692,0.0001989374141,0.002380952472,0,0,0,0,0,0,0,0,0.00341319805,0,0,0.0009550417308,0,0,0.002380952472,0,0,0.00269382121,0,0,0,0,0.002380952472,0,0,0.03647518903,0.01931886375,0.004345393274,0.00348079158,0.007935636677,0.004604049958,0.001244415063,0.0007811100222,0,6.546405984e-06,1.82215008e-05,0.0003562454658,0.001950680627,0.0001642983843,5.469035386e-05,3.476637721e-05,0.001025038888,4.52854365e-05,0.0001009302505,0.0001955554617,5.656095527e-05,0.0003248789581,0.0008660274325,0.0001100346853,2.971953108e-05,0.001325333607,0,0.0002658962912,0.04605255276,0.6462988257,0.0001776713762,0.0004897694453,0.003767182818,0.000751895539,0.000668302062,0.001248318469,9.514590784e-05,0,0.0001717339619,0.0008448173758,0.06053989008,0.03585499898,0.0002517013054,0.01098138001,0.0003985097283,0.004753618967,4.170423563e-05,0.0003129181569,0.0004183512938,0.0002282041241,0,0.002380952472,0.0007719974965,0.0006778610405,0.000368495821,0.0003815208329,0,0.0001575259084,0.0006853026571,0,0.0005424798583,0,0,0,4.371787873e-05,0.000221263952,0,0.0002139279823,0,0.0001135100902,0.0001079193389,5.796780169e-05,0.0003831439244,0,0.0002825676929,0,0,0.0002239393943,2.376397606e-05,0.0001895737805,0,0.0005297645112,1.933282329e-05,0.0001161042019,0,0.0001982317481,0.0001018005132,0,0,0,0.0001646438614,0,0,0.0005004785489,0,0,0,0,0.0003988901444,0.0004033447185
53,0,0,0.001454143319,0,0,0.004761904944,0.002380952472,0,0.002684894484,0,9.224459791e-05,6.96694915e-05,0.1443545967,0.1265538335,0.01050548255,0.002606789116,0,0,0,0,0,0,0,0,0,0,0,0,0,0,0,0,0,0,0,0.001379763591,0,0,0,0,0,0,0,0.05601720512,0.05371562019,0.01040418446,0.01214045659,0.01186722238,0.001515352982,0.005793542136,0.003652909305,6.546405984e-06,0,3.233199379e-07,7.369170362e-06,0.0001064284879,5.041752047e-06,0,0,0.0008749918779,0,0,0.0001349835802,2.236817636e-05,5.193910965e-06,0,6.210807624e-05,4.983333497e-07,2.100534948e-05,0,0.00026625584,0.00731578283,0.4322905242,2.152648813e-05,0.0003398621629,0.000923729036,0,0,0.001050768886,0,0,0.0002393790055,0.000510437123,0.02012785897,0.0918443501,0.0002580991422,0.0009503650363,2.770277206e-05,0,0.0001043007724,0.0001814832649,0.002380952472,0,0,0,0,0,0,0,0,0,0,0,0,0,0,0,0,0,0,0.0003382719005,0,0,0,0,0,0,0,0,0,0,0,0,0,0,0,0,0,0,0,0,0,0,0,0,0,0,0,0,0,0,0,0
54,0.0004848670796,0,0.0002225532371,0,0,0.002380952472,0.002380952472,0.001867935876,0.0004955449258,1.007770152e-05,6.69496003e-05,4.203094795e-05,0.08378828317,0.2057671249,0.006316727959,0.001275535091,0,0,0,0,0,0,0,0,0,0.002380952472,0.0003477415594,0,0,0,0,0.002380952472,0,0,0,0,0,0,0,0,0,0,0,0.07231171429,0.06531554461,0.002847312484,0.01734806225,0.03802119941,0.01367061865,0.003212271258,0.003827254521,1.82215008e-05,3.233199379e-07,0,0,0,0,2.325786227e-06,0.0001295697439,0.0008603534661,0,0,0.0001191784904,1.163134493e-05,0,0,0.0001188473761,1.124495839e-06,9.549572496e-06,0,0,0.004529626109,0.3529604971,4.909385098e-06,0.0001595435606,0.0002995473624,0,0,9.419706657e-06,0,0,0.0003309573221,0.0001501718507,0.01253362745,0.1572696418,0.000491106126,0.0002682941849,1.156178041e-05,0.0008002221002,3.355760782e-05,0,0.008158336394,0,0.002380952472,0,0,0,0,0,0,0,0,0,0,0,0,0,0,0,0,0,0,0.0003766297013,0,0,0,0,0,0,0,0,0,0,0,0,0,0,0,0,0,0,0,0,0,0,0,0,0,0,0,0,0,0
55,0,0.0002510187333,0.0001469212875,0,0,0,0.004761904944,0.0005818448262,0.000742204953,2.028669951e-05,0.0004033430014,7.681461284e-05,0.08448577672,0.2858822048,0.04045562446,0.001632894739,0,0,0,0,0,0,0,0,0,0,0,0,0.0007280536811,0,0,0,0.0006979420432,0,0.0002321514039,0,0,0,0,0,0,0,0,0.05186805874,0.08489383757,0.002183550037,0.04224127531,0.03688369691,0.04213298857,0.007004568819,0.01322039217,0.0003562454658,7.369170362e-06,0,0,0,0,7.456022558e-06,1.171205213e-06,0.0003102938063,4.13765747e-07,0,0.0001355721906,1.732623423e-05,2.013304083e-06,1.671304562e-05,7.615666982e-05,1.549101762e-05,0.0002610351366,0,0,0.03304380924,0.3262727857,1.353344396e-05,4.994554547e-05,0.002686812542,3.53050018e-05,0,1.62550059e-05,5.961437273e-05,9.119113383e-05,0.002322116168,8.854840416e-05,0.01113155112,0.2573260367,0.000576401595,0.01553121395,0.0004966534907,0.009523809887,0,0,0.006832289044,0,0.0006150366971,0,0,0,0,0.002380952472,0.002380952472,0,0,0,0,0,0,0,0,0,0,0,0,0.0001752799144,0,0,0,0,0.0004888360272,0,0,0,0,0,0,0,0,0,0,0,0,0,0,0,0,0,0,0,0,0,0,0,0.002380952472,0
56,0,0,0.0002583805472,8.448166045e-05,0,0.002380952239,0.002380952472,0.004222116899,0.0005381767987,8.540624549e-05,0.0005021299585,0.000124082464,0.08629254252,0.2973207533,0.02552767284,0.002371717244,0,0,0,0,0,0,0,0,0,0,0.0006182851503,0,0,0,0,0,0,0,0,0,0,0,0,0,0,0,0,0.04145961627,0.05099855363,0.00136777095,0.03634722531,0.03387270123,0.03525562957,0.001390004647,0.0148634091,0.001950680627,0.0001064284879,0,0,0,8.450206792e-07,9.290428352e-06,0,0.0002450144675,0,6.45080263e-06,0.0003581433557,4.069706847e-05,8.995233657e-06,9.451729284e-07,0.0008816546178,0,0.0007475552848,0,0,0.03490511328,0.3575291634,6.970706454e-05,3.852076406e-05,0.002832396887,0.0005422122194,4.291377627e-05,2.3659818e-06,0.0003835300158,0,0.0001281399018,0.0002085150772,0.01449619792,0.2556313872,0.00204107794,0.01535375975,0.002763038734,0.009888563305,0.001105749281,1.087415058e-05,0.00507161906,0.002380952472,0,0,0.002380952472,0,0,0,0,0,0,0,0,0,0,0,0,0,0,0,0,0,0,0,0,0,0,0,0,0,0,0,0,0.002380952472,0,0.0009026883054,0,0,0,0,0,0,0,0,0.000208454032,0,0,0,0,0,0,0.002380952472
57,1.007105766e-05,0,0.0001554953196,0.0003222841769,0,0.002380952239,0.004761904944,0.0006635474274,6.767669402e-05,1.517107103e-05,5.178795618e-05,1.393758976e-05,0.01280383579,0.1443018615,0.01713608205,0.0001462831569,0,0,0,0,0,0,0,0,0,0,0,0,0,0.0001194411016,0,0,0,0,0,0,0,0,0,0,0,0,0,0.02667606622,0.02770842053,0.00141423801,0.01992218383,0.02096790262,0.01232655346,0.003812154289,0.00251542707,0.0001642983843,5.041752047e-06,0,0,8.450206792e-07,0,1.20613322e-06,9.115091189e-07,0.0004228072357,0,0,3.825568638e-05,9.613663678e-06,8.251220606e-06,0,0.001091128797,6.571310223e-05,7.802213804e-05,0,0,0.01615976542,0.4157430828,1.48213594e-05,3.802671199e-05,0.001247891574,0,0,1.123719017e-06,3.416370237e-05,0,0.0003313189372,0.0003630748251,0.02214126289,0.2053012252,0.002225572709,0.002881448483,0.0001701291039,0.001929509104,2.196923924e-05,0,0.0005104266456,0.000610240153,0,0,0,0,0,0,0,0,0,0,0,0,0,0,0,0,0,9.17795187e-05,0,0,0,0,0,0,0,0,0,0,0,0,0,0.0006498346338,0,0,0,0,0.0001028155166,0,0,0,0,0,0,0.002380952472,0,0,0,0,0,0
58,0,0.0003415164538,0.0002939996775,5.676833098e-05,0,0.004761904944,0,8.377418271e-05,0.0001165819558,6.627885159e-05,0.0001200661645,6.435593241e-05,0.03020312078,0.09657226503,0.0228526555,0.0002301926434,0,0,0,0,0,0,0,0,0,0,2.866735304e-05,0,0,0,7.410096441e-05,0,0,0,0,0,0,0,0,0,0,0,0,0.03740251064,0.0430515632,0.002111046109,0.02453269064,0.01943100058,0.01093691774,0.001725274022,0.001896212576,5.469035386e-05,0,2.325786227e-06,7.456022558e-06,9.290428352e-06,1.20613322e-06,0,2.963113957e-06,0.0004747888597,0,0,2.397050594e-05,2.09854602e-06,9.747011973e-06,2.248413239e-06,0.000553175807,3.579546319e-05,0.0001406893716,0,0,0.01861149631,0.4822337627,4.309364522e-05,3.404470772e-05,0.002411111258,7.016544987e-05,0,2.504774602e-05,0,0,0.0002658828162,0.0002927748428,0.0316748172,0.1316209137,0.0009466103511,0.004992844071,0.0001333615219,0.002380952472,6.825422315e-05,3.533477138e-05,0.00291295792,0.0002119995625,0.0003987429664,0,0,0,0,0.001551062218,0,0,0,0,0,0,0,0,0,0,0,2.66920033e-05,0,0,0,0,0,0,0.0001834512077,0,0,0,0,0,0,0.0003405470343,0,0,0,0,0,0,0,0,0.0001280182478,0,0.0003916780697,0,0,0,0,0,6.958564336e-05,9.757236512e-06
59,0,0,0,1.424473339e-05,6.325062714e-05,0.0005218065344,0,2.038575622e-05,9.258347745e-06,4.173469961e-07,1.89389466e-05,4.282588634e-06,0.004743804224,0.04871218279,0.008189998567,3.530265167e-05,0,0,0,0,0,0,0,0,0,0,3.342434866e-06,0,1.851576963e-05,0,0,0,0,0,0,0,0,0,0,0,0,0,0,0.0255322326,0.05505516753,0.004191414453,0.009465298615,0.01689597219,0.00607905956,0.003565077437,0.001988636097,3.476637721e-05,0,0.0001295697439,1.171205213e-06,0,9.115091189e-07,2.963113957e-06,0,0.0009412851068,0,0,8.444984996e-05,1.948812269e-06,0,0,0.001239506295,3.519228585e-06,9.64054052e-05,0,0,0.001820852747,0.5230769515,9.547408263e-05,0.0002204505872,0.0006629506825,2.527230026e-05,0,0.0001118991931,2.599907702e-07,0,2.873844642e-05,0.000959621917,0.03239221498,0.1578491479,0.0007044447702,0.002698269207,4.239881946e-06,6.56002594e-05,5.34397941e-06,0,0.0001259036217,8.607991913e-05,0,0,0,0,0,0.0006594462902,0,0,0.0002562643785,0,0,0,0,0,0,0,0,2.557051084e-05,0,0,0,0,0,0,0,0,0,0,0,0,0,0,0,0,0,0.0001073292515,0,0,0,0,0,0,0,0.0002589430951,0,0,0,0,0.0003182945948,0
60,0.001837763004,0.004374946933,0.01096960064,0.02727510408,0.003052225569,0.04128196836,0.03491513431,0.02944189869,0.01646533236,0.00630475767,0.01090893894,0.009101663716,0.3671354949,0.3958451152,0.183393538,0.01540087909,0,0.0008010924212,0,0,0.002761656651,0,0,0,0,0.002380952472,0.006548073608,0.006431163289,0.00473285187,0.008482006378,0.004768012092,0.01012057252,0,0,0.002257739427,0.001902605058,0.002380952472,0,0.002380952472,0,0,0,0,0.0297806859,0.01993465051,0.0002691450354,0.01319267228,0.04542907327,0.02415038086,0.0002639846352,0.002539416077,0.001025038888,0.0008749918779,0.0008603534661,0.0003102938063,0.0002450144675,0.0004228072357,0.0004747888597,0.0009412851068,0,0.0001804072235,0.0004786483769,0.0001681307767,0.0008617090643,0.0003581573837,0.000207635574,0.0001393918646,0.001438036095,0.004699274898,0.001375686727,0.000558623462,0.09874151647,0.3783794641,0.0005911345361,0.0001153025078,0.01679988578,0.0008483048296,0.0004229980987,0.0003968980163,0.008472413756,0.001183453132,0.0006632388104,9.256409976e-05,0.007871975191,0.2084617764,0.00140755123,0.05511476472,0.003172280965,0.03649894521,0.001059871982,0.0001328404032,0.006433576345,0.00519087445,0.003754348494,0.0004601727705,0.003881095909,0.001314289286,0.0004762301105,0.001306663267,0.0008170318324,0.0009550962131,0.001423584064,0.0002627448412,0,0,0,0,0.0001439383923,0.002516306937,0.002380952472,0.0039072074,0.002380952472,0.002988117747,0.001577063347,0.0005759527558,0,0.0003459109575,0.0007887003012,0,0.0005834872718,0.0003636399633,0.004566521849,0.0001617442176,0.002888406394,0.01587702148,0.004993136972,0.0004611597979,0.001920326031,0.001563693164,0.0007662058924,0.003462338587,0.0009754890343,0,0.001295858761,0.00524675753,0.003761325032,0.01280892361,0.006494974252,0.0008956231759,0.0007914860034,0.002493512817,0.00106026209,0.002485970967
61,0,0,0.0002441424294,0,3.580897828e-05,0,0,0.004534964915,0.0008946660091,2.724957267e-05,0.000455712463,0.0002458207891,0.1070050225,0.1562806368,0.004761904944,0.001516652294,0,0,0,0,0,0,0,0,0,0,0.0009299020749,0,0,0,0,0,0,0,0,0,0,0,0,0,0,0,0,0.04225086793,0.03750209883,0.002716534771,0.01335214917,0.01009393577,0.00578868622,0.002327129943,0.005257086363,4.52854365e-05,0,0,4.13765747e-07,0,0,0,0,0.0001804072235,0,0,2.703777136e-05,0,4.044450179e-06,7.256111076e-06,0.0001036903341,0,9.692973981e-05,0,0,0.01323300786,0.3554446697,1.470895427e-06,1.463883291e-05,0.003704172792,0,0,5.225323548e-06,3.417278276e-05,0,0.0006341482513,6.269045844e-05,0.01211264823,0.1811974049,0.0005691629485,0.007610669825,1.957714267e-05,0.002380952472,0,0,0.004761904944,0.002380952472,0,0,0,0,0,0,0,0,0,0,0,0,0,0,0,0,0,0,0,6.635444151e-05,0,0,0,0,0,0,0,0,0,0,0,0,0,0,0,0,0,0,0,0,0,0,0,0,0,0,0,0,0,0
62,1.65485344e-05,0,0.0002251916449,0.000183385695,0,0.0002114505478,0,0.0002864820126,0.0009232641896,0.0002003998379,0.0009562704945,0.0003809160844,0.08324123174,0.1453625709,0.01413119026,0.001439568703,0,0,0,0,0,0,0,0,0,0,0.0003172659199,0,0.0006987833185,0,0,0,0,0,0,0,0,0,0,0,0,0.002380952472,0,0.04165398329,0.03036099486,0.003526753513,0.02078165859,0.01021772902,0.0110846702,0.001633426989,0.002158806426,0.0001009302505,0,0,0,6.45080263e-06,0,0,0,0.0004786483769,0,0,2.968840363e-06,7.188006748e-06,1.184466782e-05,0,0.0001692715887,4.32002571e-06,0.0001504561806,6.0269198e-05,0,0.0216576457,0.4466228187,2.752860382e-06,5.702919225e-06,0.001351261511,3.182940418e-05,0,2.21870323e-06,0,0,0.0003178888874,3.106848817e-05,0.0256198626,0.1541322917,0.0008416434284,0.006419291254,4.100372462e-05,0.006636416074,0.0001961262169,0,0.007355459966,0.0002295052982,0.001861317316,0,0,0,0,0,0,0,0,0,0,0,0,0,0,0,0,3.013329842e-05,0,1.007812807e-05,6.161288184e-06,0,0,0,0.0001205423832,0,0,0,5.354224777e-05,0,0,0.001125368988,0,0,0,0,0,0,0,0,0,0,0,0,0,0,0,0,0,0
63,0.0001024853991,0.0002963795559,0.0005055892398,0.002297199098,0.0001358795998,0.003644682933,0.009844996035,0.000986782019,0.002077094046,0.002031243406,0.002422566526,0.001640919363,0.09842645377,0.1647733152,0.1113196164,0.002226653975,0,0,0.001185116009,0,0.0001246862375,0.0007887159591,0.0001354916749,0,0,0,0.0005093945656,0.00011612034,0.0002839294029,0.0005781181972,0.00015389295,0.0006184318336,0,0,0.00121662009,0.0003330059699,0,0,0,0,0,0,0,0.02120155096,0.01121843234,0.001408563345,0.005964493845,0.01084275357,0.001097576227,5.75600352e-05,0.0001349279919,0.0001955554617,0.0001349835802,0.0001191784904,0.0001355721906,0.0003581433557,3.825568638e-05,2.397050594e-05,8.444984996e-05,0.0001681307767,2.703777136e-05,2.968840363e-06,0,1.176466867e-05,0.0004187246668,0.0001035288806,0.001509330468,0.0005775350146,0.001668223762,0.0003009669017,2.722473437e-05,0.0649510622,0.521956563,0.0002598845749,2.570051765e-05,0.01627947763,0.001288730651,0.0003734948405,0.0007125135162,0.0001194964643,0.000375661446,2.269791912e-05,0.002257962478,0.04454406351,0.1524078399,0.001708195196,0.03796101734,0.003548144829,0.02078810893,0.001024425728,0.0003252936876,0.0001298559073,0.0002507161407,3.997992826e-05,1.682313814e-05,0.0004410503316,5.301677083e-05,1.94316508e-05,4.702495789e-05,6.234876491e-05,2.217971269e-05,6.139031757e-05,0,0,0,0,0,0,1.017076102e-05,0,3.236501288e-05,0,0.0001075113832,0.0001399844914,0,0,0,8.698379133e-06,0,0,0.0008787799743,0.0003419884306,4.832723062e-05,4.55554291e-05,0.0009532076074,0.0001644879667,0,0,4.058516788e-05,0.000240475405,5.801198859e-05,0.0002424601698,0,7.701011054e-05,0,0,0,0.0002257814776,0.0004467784893,0,0,7.10132299e-05,2.501746894e-05
64,0,0,0.0001540002122,0.0003382187861,3.180115164e-05,0.0005682329647,0.0007911038119,0.0001846031664,0.0002576317347,0.0001279970747,0.0004280454013,0.0001880110067,0.04316101223,0.1014271006,0.03040825017,0.0004556226195,0,0,0.0004554368788,0,0,0,0,0,0,0,8.267701924e-05,0,0.0001137463187,8.512919885e-05,0,9.429130296e-05,0,6.212447624e-05,0,1.832009548e-05,0,0,0,0,0,0,0,0.0427611284,0.04934604838,0.004567655735,0.01589823142,0.0341671221,0.004492302891,0.001306957332,0.001106393291,5.656095527e-05,2.236817636e-05,1.163134493e-05,1.732623423e-05,4.069706847e-05,9.613663678e-06,2.09854602e-06,1.948812269e-06,0.0008617090643,0,7.188006748e-06,1.176466867e-05,0,0.0001254490635,5.937947662e-06,0.0005913117784,0.0001696028921,0.0005178175052,0,9.861937542e-07,0.01954703219,0.5322263241,7.355463458e-05,0.0001136085339,0.002911552787,0.0005142108421,0.000257874548,0.0002681504411,1.817810812e-06,0,1.043529483e-05,0.001203627675,0.03814198822,0.1223005801,0.0008517281385,0.01963063888,0.0005571075017,0.0009584181826,4.169271051e-05,0,0.000222198054,5.206340938e-05,0,0,0,0,0.0002662811312,9.558704915e-05,0,0,6.657039921e-05,0,0,0,0,0,0,7.215552614e-05,0,1.064951994e-05,0,3.721256462e-06,0,0,0,0,2.493553666e-06,0,0,0,6.755413324e-06,0,0,4.845386866e-05,1.698379492e-05,0,0,2.79929809e-05,0,0,0,0,4.177240771e-05,0,0,0,0,0,0,0,0,8.672347576e-06
65,2.313894947e-05,4.92685358e-05,0.0003777145466,0.0001588049345,0.002380952472,0.008002311923,0.003988520242,0.0009931992972,0.001061374554,2.323947774e-05,0.000574400241,0.0001869773114,0.1711300164,0.3898852468,0.05118931457,0.003595974762,0,0,0,0,0,0,0,0,0,0,0.0004164885031,0,0,0,0.0005088803009,0.0003537843295,0.002380952472,0.001363439136,0.0002747391991,0.0001964150724,0,0,0,0,0,0,0,0.07323227078,0.0940143168,0.002014640719,0.02958407998,0.08272505552,0.04725110903,0.00677552307,0.01281786896,0.0003248789581,5.193910965e-06,0,2.013304083e-06,8.995233657e-06,8.251220606e-06,9.747011973e-06,0,0.0003581573837,4.044450179e-06,1.184466782e-05,0.0004187246668,0.0001254490635,0,1.147871899e-06,0.0002504697186,2.657924233e-05,9.449310892e-05,4.331524542e-05,0,0.0399822779,0.3336971998,2.770296851e-05,9.869414498e-05,0.0003277949872,3.088342282e-06,3.755117177e-06,1.315751774e-06,0.0008582934388,0,0.0007455743616,0.0001514426549,0.01116990298,0.2429484576,0.0008032388287,0.004369037226,9.889658031e-06,0.002671396593,4.734767117e-06,1.486441874e-06,0.003201330081,0.0004366240755,0.001273778267,0,0.007142857648,0,0,0,0,0,0,0,0,0,0,0,0,0,0,0.0003932880063,0,0,0,0,0,0,0,0,0,0,0,0,0,0.003998400643,0.00026244935,0,0,0.001059195027,9.74434588e-05,0.001496582991,0,0,0,0,6.166214462e-06,0,6.404193118e-05,4.508213806e-06,0,0,0,0.001003322774
66,0,0,6.882933667e-05,2.738387411e-05,0.0001821229525,0.002380952472,0,0.0004491923901,9.108789527e-05,6.164026672e-06,6.61258091e-05,1.648540456e-05,0.02396740951,0.1798767298,0.01718661748,0.0002466908772,0,0,0,0,0,0,0,0,0,0,2.818807297e-05,4.045551759e-05,2.801555274e-05,0,0,0,6.857078552e-05,0,8.499227988e-05,0.0001013307992,0,0,0,0,0,0,0,0.02941114269,0.04169578105,0.001056898851,0.02548953518,0.02330292761,0.02333244495,0.00085578789,0.006523665972,0.0008660274325,0,0,1.671304562e-05,9.451729284e-07,0,2.248413239e-06,0,0.000207635574,7.256111076e-06,0,0.0001035288806,5.937947662e-06,1.147871899e-06,0,0.001695996616,0.0001221220155,8.153405361e-05,0,0,0.0156201683,0.3855160177,1.472027907e-05,3.825822569e-05,0.0005349551793,0,0,3.462166887e-06,0.0002045270085,0,0.0005725555238,0.0004021458735,0.01804967597,0.2203596234,0.002386963461,0.004928429611,0.0001214138974,0.000357124256,1.188292299e-05,4.424825875e-07,0.00107523019,0,0,0,0,0,0,0.002380952239,0,0,0,0,0,0,0,0,0,0.0003619247873,0,0,0,0,8.146507753e-06,0,0,0,0,0,0,0,0,0,0,0.0005514893564,0,0,0,0.0001696641848,0.0001613494969,0,0,0,0,0,0,0.001480728737,0,2.365563887e-05,0,0,0,0.0002585760085
67,0.002420447068,0,0.007818524726,0.01066385116,0.00183868059,0.01488680206,0.01539730839,0.01002608053,0.03990138695,0.004945478402,0.008017127402,0.006004261784,0.4761112332,0.4515391588,0.08368771523,0.04531100392,0.002380952472,0,0,0,0,0,0,0,0.002380952239,0,0.008042332716,0.002380952472,0.01241081953,0.007859871723,0.004047502298,0.002380952472,0,0,0,0.006412134506,0,0,0,0,0,0,0,0.1419452131,0.0860087499,0.0074055437,0.01737898774,0.04366007447,0.0372399129,0.008103459142,0.006965955254,0.0001100346853,6.210807624e-05,0.0001188473761,7.615666982e-05,0.0008816546178,0.001091128797,0.000553175807,0.001239506295,0.0001393918646,0.0001036903341,0.0001692715887,0.001509330468,0.0005913117784,0.0002504697186,0.001695996616,0,3.708048098e-05,0.002521745162,0,0.0001694614766,0.06316249818,0.3878852725,5.013448026e-05,0.0004067859554,0.00610087486,0.0001690172503,0.0008516641101,0.0008929563919,0.000461973541,0.0007836589939,0.001468292205,2.79099113e-05,0.01030474063,0.1430922449,0.0001052643347,0.01561423019,0.0005523335421,0.02138006128,0.0005016641808,0.0004493714951,0.004705668893,0.0009860565187,0.002380952472,0.000997081399,0,0.00461538462,0.002941102721,0.008921770379,0.0005982670118,0.0021428084,0.0002809494326,0,0,0,0,0,0.0004153747577,0.002380952239,0,0.002379609505,0,0.0006165821105,0.0001287566993,0,0,0,0.001268083928,0,0,0,0.00041374375,0,0.004761904944,0.004503119737,0.004716169089,0.003343152348,0,0.001866223756,0,0.0002882832778,0,0.002380952239,0.0009304007981,0,0.003246907843,0,0.001397454762,0,0,0,0.0005122920847,0.0009882258018
68,9.846629837e-06,0,0.001003506477,0.003205562243,0,0.006976705045,0.006262855139,0.002186418045,0.003541494487,0.0004512334708,0.0008495317888,0.0007246828172,0.238025263,0.336725086,0.03096917644,0.00521971751,0,0,0,0,0,0,0,0,0,0,0.0003274680639,0.0005524719018,0.001782064792,7.246345194e-05,0,0.001193459961,0,0,0.002380952472,0,0,0,0,0,0,0,0,0.1136276275,0.07785999775,0.009475189261,0.02397393808,0.03870680928,0.0374978818,0.009766404517,0.007945020683,2.971953108e-05,4.983333497e-07,1.124495839e-06,1.549101762e-05,0,6.571310223e-05,3.579546319e-05,3.519228585e-06,0.001438036095,0,4.32002571e-06,0.0005775350146,0.0001696028921,2.657924233e-05,0.0001221220155,3.708048098e-05,0,0.0002772653534,0,0,0.03422563896,0.413839072,1.284322116e-05,0.0005866495776,0.001334788045,0.000104847255,3.364777513e-05,0.0001122562826,7.712251318e-06,0,0.0004699325364,0.0002389315196,0.01901932806,0.1324768811,0.0002740309283,0.004206789657,3.73289804e-05,0.001023015473,9.096987924e-05,0.0002955991367,0.00350913452,0.001036381116,0.002380952472,0,0.002380952472,0,0,0.005735586397,0.002380952472,0.0004333984398,0.001957472414,4.617721788e-05,0,0,0,0,0,0,0,0.0002164733596,0,6.074370322e-05,0.0001139434244,0,0,0,0.000180112489,0,0,0,0,0,0.004761904944,0.01184243429,0,0.0002497284149,0,0.0004287592892,3.421442307e-05,0,0,0,0.001144081587,0,0,0,0,0,0,0,0.0002162640158,0.0001878952608
69,0.001237940509,5.964135562e-05,0.001177249127,0.002289512893,0.004455977585,0.008272996172,0.001538151177,0.003911791369,0.006576851476,0.0002175655973,0.0007967041456,0.001439114567,0.2139333189,0.3223847151,0.04046352953,0.008994114585,0.001824804116,0,0,0.001528876484,0.0005818715435,0,0,0,0,0,0.004722526297,0.004761904944,0.006864455063,0.003230734961,0.0008070901968,0.004901164677,0,0,0.003199852305,0.00221855822,0,0,0,0,0,0,0,0.1348103136,0.02013418823,0.0157386139,0.003438246436,0.01026797947,0.01822512597,0.004293768201,0.00314013171,0.001325333607,2.100534948e-05,9.549572496e-06,0.0002610351366,0.0007475552848,7.802213804e-05,0.0001406893716,9.64054052e-05,0.004699274898,9.692973981e-05,0.0001504561806,0.001668223762,0.0005178175052,9.449310892e-05,8.153405361e-05,0.002521745162,0.0002772653534,0,4.249274571e-05,2.970037167e-05,0.001968499739,0.4401296079,0.0006076754653,0.00228590914,0.0005433959304,0.000426378363,0.0002990239882,0.0005782664521,0.002030920936,3.252745228e-05,0.002077915007,0.004052572418,0.1002126038,0.2527475953,0.006758379284,0.0003377940156,2.074732947e-05,0.0008552885265,2.070557457e-05,6.090829629e-05,0.005630167667,0.002467176877,0.01150907762,0.003487801878,0.002291762037,0.003625439014,0.002155527007,0.005491474178,0.003052022075,0.003502129111,0.003501402913,0.00101695233,0.001462838496,0,0,0.0004489900311,0.0003442248271,0.0002415754716,0,0.001784274471,0.002380952472,0.001776477788,0.001084461226,0,6.826278695e-05,0.0008490545442,0.003216479905,7.41981512e-06,0.0002681101032,4.787878061e-05,0.0001569312881,0.0001221561397,0.001265938859,0.005866482854,0.002666084561,0.001370342914,0,0.002251118887,0.002183317905,0.002113737399,0.00373703707,0.0003708015138,0.001663761213,0.0003391111386,6.245623808e-05,0.001683318987,8.076646191e-05,4.805264689e-05,2.940514969e-05,4.285294835e-06,0.00341891963,0.001284270547
70,0,0,1.132443504e-05,0,0,0,0,0,5.834703188e-05,4.5406955e-06,0.0001427441312,0,0.04498894885,0.04746708274,0.001722467947,0.0001505510736,0,0,0,0,0,0,0,0,0,0,0,0,0,0,0,0,0,0,0,0,0,0,0,0,0,0,0,0.01589830033,0.0167631451,0.001391167752,0.006699428894,0.005041838624,0.002340195235,0.004301853012,0.004236373119,0,0,0,0,0,0,0,0,0.001375686727,0,6.0269198e-05,0.0003009669017,0,4.331524542e-05,0,0,0,4.249274571e-05,0,0,0.002805155702,0.4366772175,0,0.0008291167906,0.000173683904,0,0,0,0,0,3.108622877e-06,0.002416810952,0.02629877068,0.1013577357,0.0003399764537,0.003607127583,0,4.352566975e-05,0,0,0,0,0,0,0,0,0,0,0,0,0,2.253215462e-05,0,0,0,0,0,0,0,0,0,0,0,0,0,0,0,0,0,0,0,0,0,0,0,0,0,0,0,0,0,0,0,0,0,0,0,0,0,0,0,0
71,0,0,4.111630005e-06,0,8.12636863e-05,0,0.000435823953,6.288653094e-05,3.174013182e-05,5.743265774e-06,2.950951603e-05,8.30213321e-06,0.0275049191,0.1403987855,0.003549274988,0.0001201283303,0,0,0,0,0,0,0,0,0,0,1.324299774e-05,0,7.852703129e-05,0,3.399989146e-05,0,0,0,0,0,0,0,0,0,0,0,0,0.01487367786,0.03201017901,0.002492832486,0.01475310232,0.02229105495,0.0002284000802,0.002417799784,0.001109229983,0.0002658962912,0.00026625584,0,0,0,0,0,0,0.000558623462,0,0,2.722473437e-05,9.861937542e-07,0,0,0.0001694614766,0,2.970037167e-05,0,0,0.001349291299,0.3879306614,0.00012502342,9.136672452e-05,0.0002679475583,0,0,0,0,1.057158343e-07,5.319602678e-06,0.0007036440074,0.01340792701,0.2263553292,0.0002887201554,0.001470035641,1.558346958e-05,5.817601959e-06,0,0,1.50843598e-05,0,0,0,0,0,0,0,0,0,0,0,0,0,0,0,0,0,0,0,0,0,0,0,0,0,0,0,0,0,0,0,0,0.0004705788742,0,0,0,0.0002426668798,0,0.0003086942015,0,0,0,0,0,0,0,0,0,0,0,0.0001403260103
72,0.003430126002,0,0.0004783519835,0.002564011374,0.02163061127,0.004049638752,1.083230745e-05,0.003485845402,0.02297720686,2.422315629e-05,0.000136263785,0.003868352156,0.3445286155,0.1078389585,1.27782132e-05,0.01134804729,0,0,0,0.002380952472,0.002380952472,0,0,0,0,0,0.008578626439,0,0.003564136568,0.0006824983284,0.005647983868,0,0,0,0.004761904944,0.002380952472,0,0,0,0,0,0,0,0.4095398784,0.1551821381,0.1926526874,0.05270691589,0.08392915875,0.102554135,0.06826186925,0.06604223698,0.04605255276,0.00731578283,0.004529626109,0.03304380924,0.03490511328,0.01615976542,0.01861149631,0.001820852747,0.09874151647,0.01323300786,0.0216576457,0.0649510622,0.01954703219,0.0399822779,0.0156201683,0.06316249818,0.03422563896,0.001968499739,0.002805155702,0.001349291299,0,0.5839322805,0.05000294372,0.07126610726,1.661568058e-05,0.005998768844,0.00310637732,0.04229876399,0.004736533854,4.570186866e-05,0.02721871436,0.08361474425,0.186960578,0.4672814608,0.05634967983,3.137772728e-05,0.001202872605,3.494382781e-06,0.0001341766474,0.006962373387,0.01269823313,0.003639114788,0.0009824893204,0.00902517885,0.002380952239,0.008221773431,0.008290849626,0.005410444457,0.002380952472,0.01336989552,0.01806052774,0.005279456265,0,0,0,0,0.007739043329,0.007868421264,0.002380952472,0.02991923504,0,0.01841316372,0.009832513519,0,0.0025004989,0.002380952239,0.003758838866,0,0,5.839605728e-05,0.001455138437,0.003336833091,1.288957992e-05,0.001341409632,0.004254142754,0.009305238724,0,0.01501003839,0.0005999954301,0.007707967423,0.006084807217,0,0.006703437772,0,0,4.143756087e-06,2.248525789e-06,0,0.0006038739812,0.0002293189609,0.00555761205,0.003351700958
73,0.5547642708,0.4217419326,0.6996435523,0.6679677367,0.5752889514,0.6945112944,0.6284165978,0.7504981756,0.9100780487,0.6538647413,0.7897455692,0.718957305,0.882519722,0.9893466234,0.8787804842,0.9315254092,0.3403648138,0.2344858944,0.2708746493,0.32306844,0.3334219158,0.2505360246,0.1063189581,0.06412761658,0.143782407,0.2632556558,0.8070414066,0.5555625558,0.6679123044,0.734993279,0.7220929861,0.6470656395,0.4426446259,0.3389180601,0.6047748327,0.6796028614,0.2261709571,0.04098515585,0.03809523955,0.09871581197,0.05238095298,0.04388453811,0.0142857153,0.5828945637,0.6316803694,0.2913548946,0.5643302798,0.6177095175,0.6131663918,0.5439500213,0.5689449906,0.6462988257,0.4322905242,0.3529604971,0.3262727857,0.3575291634,0.4157430828,0.4822337627,0.5230769515,0.3783794641,0.3554446697,0.4466228187,0.521956563,0.5322263241,0.3336971998,0.3855160177,0.3878852725,0.413839072,0.4401296079,0.4366772175,0.3879306614,0.5839322805,0,0.3550874889,0.3951576054,0.5870078802,0.3449314833,0.3492826819,0.3429600894,0.5209581852,0.4640142024,0.5313641429,0.3259555995,0.3464852273,0.9208856225,0.5693724155,0.5508056283,0.4285080731,0.6014086008,0.4167722464,0.3768583834,0.5319003463,0.5117127895,0.5383404493,0.5478646755,0.5207577348,0.53848809,0.5407592058,0.5536084771,0.436704576,0.5449153781,0.5418038964,0.4970386028,0.2034377009,0.1702473313,0.1889610291,0.2674942911,0.433781594,0.5089797378,0.1459858865,0.5651389956,0.1145950481,0.5605287552,0.5231623054,0.2694604397,0.3604789376,0.3661030531,0.5462154746,0.1538235247,0.2253119349,0.3656585813,0.421764195,0.3451860249,0.4093692899,0.6416939497,0.5176374912,0.465072155,0.2162483782,0.5547406077,0.5043482184,0.5893767476,0.3797525167,0.2329141498,0.5170896649,0.3042647243,0.2883420289,0.4591873586,0.4122650325,0.3894016743,0.3072559536,0.2867255807,0.5665397048,0.5628731847
74,7.731529331e-05,0.0002194346744,0.0009458057466,0.006508083083,0.0005210253294,0.007957624272,0.01446141023,0.009138610214,0.007407715544,0.000513038889,0.002871594625,0.002492162865,0.2815962136,0.3670043945,0.06324602664,0.01496689674,0.002380952472,0,0,0,0,0,0,0,0,0,0.001335015753,0.0005421160604,0.000587377348,0.000845417555,0.002004012465,0.0009768154705,0.001153792487,0.0007392863627,0.002380952239,0.004452816676,0,0,0,0,0,0,0,0.117287077,0.1116902828,0.006899085827,0.0331874527,0.0738248229,0.03894329071,0.01212876197,0.01566156745,0.0001776713762,2.152648813e-05,4.909385098e-06,1.353344396e-05,6.970706454e-05,1.48213594e-05,4.309364522e-05,9.547408263e-05,0.0005911345361,1.470895427e-06,2.752860382e-06,0.0002598845749,7.355463458e-05,2.770296851e-05,1.472027907e-05,5.013448026e-05,1.284322116e-05,0.0006076754653,0,0.00012502342,0.05000294372,0.3550874889,0,5.225647328e-05,0.001076485147,5.968501137e-05,6.862158625e-05,6.514826237e-05,0.0002805090917,0,0.0007653597277,2.792168198e-05,0.01137990505,0.1944172829,0.0003922364267,0.01032742951,0.0001392214617,0.00513579743,6.008416312e-05,0.0001465284877,0.006624328438,0.0003817995894,0.0007146417629,0,0,0.002380952472,0,0.008999932557,0.003754930804,0.00307177892,0.0005414711777,0.0004206856829,0,0,0,0,0,0.0008011804312,0,0.0005755077582,0,0.0001321827294,6.886968185e-05,0,0,0,0,0,0,0,8.129980415e-05,0,0.002380952472,0.003317226889,0.0003456783306,0.0002501285926,0,0.0008249251405,0,4.17342635e-05,0,0.002380952472,0,0,0,0.0005284624058,0.0003202640801,0.0001551242021,0.0001785000204,0,0.003391135717,0.0002696460579
75,0.000445729791,0.0007897161413,0.005707757082,0.01041059848,0.0003544547653,0.007174739148,0.01471452508,0.01182022691,0.005586570594,0.002415512688,0.003810458351,0.002827042947,0.1793921441,0.2799514234,0.1408256441,0.006936723366,0.0008888750453,0,0,0.000970106048,0,0.002903132001,0,0,0,0,0.001150135766,0.0005908056046,0.001168701332,0.001757010119,0.001208028756,0.00855443906,0,0.003076595487,0.001083959593,0.0006307646981,0,0,0,0,0,0,0,0.04881427065,0.05729104951,0.001271790592,0.02509593777,0.04924444482,0.02891975269,0.001779600861,0.003829381429,0.0004897694453,0.0003398621629,0.0001595435606,4.994554547e-05,3.852076406e-05,3.802671199e-05,3.404470772e-05,0.0002204505872,0.0001153025078,1.463883291e-05,5.702919225e-06,2.570051765e-05,0.0001136085339,9.869414498e-05,3.825822569e-05,0.0004067859554,0.0005866495776,0.00228590914,0.0008291167906,9.136672452e-05,0.07126610726,0.3951576054,5.225647328e-05,0,0.007993503474,0.0005658552982,0.0002390930749,8.853385953e-05,0.0005566835753,0.0001521320082,0.0004589375749,5.070796033e-05,0.01747456938,0.1842552572,0.00149803306,0.03658061102,0.001261743717,0.02338461578,0.0001968400902,5.727105236e-05,0.005901268683,0.001107977354,0.003011794994,0.0007653934881,0.002380952472,0.0008820490912,0.0006009696517,0.0007548846188,0.0001828358363,0.0005124979652,0.0002485806763,0.0001322878379,0,0.0002439997479,0,0,0.0004989714362,0.003154315753,0,0.001344751799,0.0002403025137,0.0003315942304,0.0003838687553,0,0,7.992175233e-05,0.0005570635549,0,0,0,7.407889643e-05,0,0.001706880284,0.01278552227,0.0004949934082,0.0002827953722,0,0.0003919033334,0.0002084599837,0.0006464411272,6.738736556e-05,0,7.895238377e-05,0,0,0.004195107147,0.002380952472,0.000155903268,0,0,0.0002691019326,0.0003360053524
76,0.0005824849359,3.013013838e-06,7.645047299e-05,0.0006789509789,0.01217621472,0.004761904944,0.0001445032685,0.0007509771967,0.0009444467141,1.586323492e-06,6.872903032e-05,9.190425772e-05,0.2997915447,0.1687280387,0.000108963497,0.001834100462,0,0,0,0,0,0.001167012029,0,0,0,0,0.000715136528,0,0,0,0.0001731159864,0.001789471484,0,0,0,0,0,0,0,0,0,0,0,0.2581403553,0.1226925403,0.05086654052,0.04632525891,0.0665923208,0.08781758696,0.04237058386,0.04483477399,0.003767182818,0.000923729036,0.0002995473624,0.002686812542,0.002832396887,0.001247891574,0.002411111258,0.0006629506825,0.01679988578,0.003704172792,0.001351261511,0.01627947763,0.002911552787,0.0003277949872,0.0005349551793,0.00610087486,0.001334788045,0.0005433959304,0.000173683904,0.0002679475583,1.661568058e-05,0.5870078802,0.001076485147,0.007993503474,0,8.438938494e-06,4.785428246e-06,0.0002598096617,0.00139564753,2.420462806e-05,0.01377865952,0.008682205342,0.06376866251,0.4194229245,0.009731721133,2.841231617e-05,1.424367383e-05,6.909958756e-06,5.084444183e-06,9.408048936e-05,0.01188824978,0.002427705796,0.0008687891532,0.003920658957,0.003207996488,0.005412171595,0.008901746012,0.004591038451,0.001285934472,0.00685119722,0.02046689577,0.001629872946,0,0,0,0,9.907761705e-05,0.003852895927,0,0.01108432561,0.002380952472,0.008786300197,0.004310396966,0,0.0005394927575,0.002380952472,0.0001817632583,0,0,1.687426629e-05,0,0.0001861021738,0,0.001972720958,0.002092034789,0.004151972942,5.121323738e-06,0.01155233104,0.0006951453979,0.006526948418,0.003447410651,0.000437327777,0.00910784211,0,0,0,3.269546198e-07,7.757329286e-07,0,6.154160656e-05,0.001792838564,0.001892141532
77,0,0,0.0003861300938,0.0007468457916,0,0,0.002380952239,0.003526157234,0.0007825213834,1.085514486e-05,0.000463974342,0.0006328573218,0.2847473919,0.3568712771,0.01721316762,0.003423810704,0,0,0,0,0,0,0,0,0,0,9.389446495e-05,0,0,0.0002703297068,0.00294019701,0,0,0,0,0,0,0,0,0,0,0,0,0.08389484137,0.1005672663,0.003840445308,0.03291369602,0.06142722443,0.04126089811,0.01624781638,0.008723202161,0.000751895539,0,0,3.53050018e-05,0.0005422122194,0,7.016544987e-05,2.527230026e-05,0.0008483048296,0,3.182940418e-05,0.001288730651,0.0005142108421,3.088342282e-06,0,0.0001690172503,0.000104847255,0.000426378363,0,0,0.005998768844,0.3449314833,5.968501137e-05,0.0005658552982,8.438938494e-06,0,2.792388045e-07,2.332108409e-07,0.00172982167,0,0.001459611813,0.0004064506793,0.01196411345,0.2551515996,0.000795631262,0.001427102135,3.798845228e-06,4.874934166e-05,1.146467866e-06,3.052114835e-06,0.001426298288,0,0,0,0,0,0.001082935953,0,0,0,0.002380952472,0,0,0,0,0,0,0,0,0,0,0,0,0,0,0,0,0,0,0,0,0,0,0.006582504604,0.0009851498762,0,0,0,0,0,0,0,0,0,0,0,0,0,0,0,0.0005651501124,0.0002661158796
78,0,0,0,0.0003340585099,0,0.002380952239,0.0001956878405,0.001280141179,0.0002547196345,0,0.000185174169,0.0001175632569,0.1613601744,0.2095815092,0.008661280386,0.0007546979468,0,0,0,0,0,0,0,0,0,0,0.0003904962505,0,0,0,0.0002176474518,0,0,0,0,0,0,0,0,0,0,0,0,0.06121387333,0.06037835032,0.003769026604,0.01476138458,0.03558623791,0.01770947874,0.004091714509,0.007761831395,0.000668302062,0,0,0,4.291377627e-05,0,0,0,0.0004229980987,0,0,0.0003734948405,0.000257874548,3.755117177e-06,0,0.0008516641101,3.364777513e-05,0.0002990239882,0,0,0.00310637732,0.3492826819,6.862158625e-05,0.0002390930749,4.785428246e-06,2.792388045e-07,0,2.833134261e-07,0,0,0.0004707834742,0.0006853259983,0.01337585133,0.2530858517,0.001584553625,0.0008165537729,1.927981066e-05,0,3.915709215e-07,0,0.0003240214428,0.0004485314712,0,0,0,0,0,0,0,0,0,0,0,0,0,0,0.000136064642,0,0,0,0,0.0002722220088,0,0,0,0,0,0,0,0,0,0,0.0004426433297,0.002793733496,0,0,0,0.0004849939723,0,0,0,0,0,0,0,4.026842362e-05,0,0,0,0,0,0
79,4.54547444e-05,1.681786489e-05,0.000206583718,0.0004762294993,0.006802316289,0.01666666754,0.01090920158,0.00232595182,0.001289347187,3.439442298e-05,0.001200616243,0.0007950813742,0.2520064712,0.4391781688,0.07532779127,0.004654986784,0.0008510508924,0,0,0,0,0,0,0,0,0,0.0009430369246,0,0.003264886793,0.002067987807,0.0001781220635,0,0.0006279164227,0,0.000276035018,0.0002330735588,0.002380952472,0,0,0,0,0,0,0.05921179056,0.06924062967,0.001662707655,0.03429999948,0.06734030694,0.05133358762,0.006741916295,0.01486238092,0.001248318469,0.001050768886,9.419706657e-06,1.62550059e-05,2.3659818e-06,1.123719017e-06,2.504774602e-05,0.0001118991931,0.0003968980163,5.225323548e-06,2.21870323e-06,0.0007125135162,0.0002681504411,1.315751774e-06,3.462166887e-06,0.0008929563919,0.0001122562826,0.0005782664521,0,0,0.04229876399,0.3429600894,6.514826237e-05,8.853385953e-05,0.0002598096617,2.332108409e-07,2.833134261e-07,0,0.0005197800347,3.047110113e-05,0.002030927222,0.0003252477036,0.01260269154,0.2556624711,0.001908779843,0.01381078362,5.569358473e-05,0.001889188425,1.182527831e-05,2.060291564e-07,0.02027894557,0.009538078681,0.002874054946,0,0,0,0,0.001282093232,0,0.0053216503,0.002380952472,0,0,0,0,0,0,0,0,0.0008939972031,0,0,0,0,0,0.002380952472,0,0,0,0,0,0,0,0.005791169126,0,0,0,0.002161496785,0,0,0,0,0,0,0,0,0.0001570954482,2.475014298e-06,0,0,0,0.0001181045591
80,3.049541374e-05,0,4.408155291e-05,0.0002702169004,0.0002085401793,0.002948607784,0.0007372015389,5.548540867e-05,0.0009711040766,0.0002354841272,0.001574828522,0.0006082291366,0.08653286099,0.1488719881,0.006501552183,0.001340431627,0,0,0,0,0,0,0,0,0,0,0.0002859297092,0,0,0,0,0,0,0,0.0005275363219,0,0,0,0,0,0,0,0,0.01219137758,0.03732208535,0.009309095331,0.01611653902,0.02066684701,0.0001383467898,0.002363051521,0.001673466759,9.514590784e-05,0,0,5.961437273e-05,0.0003835300158,3.416370237e-05,0,2.599907702e-07,0.008472413756,3.417278276e-05,0,0.0001194964643,1.817810812e-06,0.0008582934388,0.0002045270085,0.000461973541,7.712251318e-06,0.002030920936,0,0,0.004736533854,0.5209581852,0.0002805090917,0.0005566835753,0.00139564753,0.00172982167,0,0.0005197800347,0,0,5.268795121e-06,0.002051114338,0.04603558034,0.1580093205,0.002364286687,0.01189125422,0.0009747582371,2.899982792e-05,0,0,2.591869134e-06,0,0,0.0001090289297,0,0,0,6.721387035e-05,0,4.04820712e-05,0.0003672751773,0,0,0,0,0,7.399924016e-07,0,0,2.060000406e-05,0,4.984558473e-06,0,0,0,0,0,0,0,0,0,0,0,0.0003707836149,0,0,0,2.198178117e-05,0,0,0,0,8.429152331e-06,0,0,8.576411346e-05,0,6.339969696e-05,0,0,1.060874274e-05,1.802755469e-05
81,0,0,0,6.881501122e-06,0,0,0,0,4.834850915e-05,3.531048151e-06,3.600557466e-05,2.209645754e-05,0.0971448943,0.1803580374,0,0.0002674476127,0,0,0,0,0,0,0,0,0,0,0.0001958371868,0,0,0,0,0,0,0,0,0,0,0,0,0,0,0,0,0.01147504989,0.02302272059,0.006303003989,0.004177840892,0.009880801663,3.567913518e-05,0.009693575092,0.0001163731795,0,0,0,9.119113383e-05,0,0,0,0,0.001183453132,0,0,0.000375661446,0,0,0,0.0007836589939,0,3.252745228e-05,0,1.057158343e-07,4.570186866e-05,0.4640142024,0,0.0001521320082,2.420462806e-05,0,0,3.047110113e-05,0,0,2.29295847e-06,0.0003954674758,0.02175044268,0.2353472412,0.001905889949,0.0002791608858,7.475906841e-06,0,0,0,0,0,0,0,0,0,0,0,0,0,0,0,0,0,0,0,0,0,0,0,0,0,0,0,0,0,0,0,0,0,0,0,0,0,0,0,0,0,0,0,0,0,0,0,0,0,0,0,0,0,0,0
82,1.26601808e-05,0,0.0001724744216,0.000936565455,0.0001035867826,0.0001453140285,0.0007622344419,0.0004833843559,0.002030143049,0.001433520461,0.003017674899,0.002354488242,0.0940291062,0.1777029186,0.0489653796,0.002143951366,0,0,0,0,0,0.0003354068904,0,0,0,0,0.0002819324436,0.0003437423438,0.0001132483521,0.0001281140285,0.0003714317572,0.001104091411,0,0,0.001166053815,0.0002307319082,0,0,0,0,0,0,0,0.01415426005,0.009028998204,0.003499676008,0.003862487618,0.004304498434,0.00012300034,0.0002319987252,7.472094148e-05,0.0001717339619,0.0002393790055,0.0003309573221,0.002322116168,0.0001281399018,0.0003313189372,0.0002658828162,2.873844642e-05,0.0006632388104,0.0006341482513,0.0003178888874,2.269791912e-05,1.043529483e-05,0.0007455743616,0.0005725555238,0.001468292205,0.0004699325364,0.002077915007,3.108622877e-06,5.319602678e-06,0.02721871436,0.5313641429,0.0007653597277,0.0004589375749,0.01377865952,0.001459611813,0.0004707834742,0.002030927222,5.268795121e-06,2.29295847e-06,0,0.005708876532,0.05355605483,0.1662827134,0.001714354381,0.03399104998,0.003056763206,0.0003808252222,0.0001140509848,0.0001536847703,1.00057041e-05,2.157372819e-06,0,5.538417827e-05,0,7.92497849e-06,7.694939995e-06,0,0,2.328546361e-05,1.906912803e-05,1.153450739e-05,0,0,0,0,1.453132609e-05,0,0,9.385218618e-06,0,2.03899308e-05,1.670462552e-05,0,0,3.613843364e-05,0,0,0,0,2.75874645e-05,0,0,0.0003424227762,9.019010577e-06,3.197982733e-05,0,7.498587365e-06,9.474605577e-06,0,0,0,1.354770211e-05,0,0,4.554873885e-05,0.0002514986263,0,0,0,2.010867684e-05,7.772314348e-06
83,0.0007870258414,0.0002218816808,0.009999115951,0.02362967283,0.01456121635,0.02061445266,0.01426744182,0.03109568357,0.03094289452,0.006197630893,0.01304845046,0.01165505592,0.4019776285,0.4935641289,0.1510864198,0.04068072513,0.003498516511,0,0.002380952239,0,0,0,0,0,0,0.002380952472,0.02265162766,0,0.01050118729,0.003728684969,0.005792358425,0.002380952472,0.002380952472,0.002380952472,0.004761904944,0.002369202906,0,0,0,0,0,0,0,0.09486489743,0.1101509333,0.00227906974,0.03391600028,0.07380343974,0.0793069154,0.01452869549,0.02236448601,0.0008448173758,0.000510437123,0.0001501718507,8.854840416e-05,0.0002085150772,0.0003630748251,0.0002927748428,0.000959621917,9.256409976e-05,6.269045844e-05,3.106848817e-05,0.002257962478,0.001203627675,0.0001514426549,0.0004021458735,2.79099113e-05,0.0002389315196,0.004052572418,0.002416810952,0.0007036440074,0.08361474425,0.3259555995,2.792168198e-05,5.070796033e-05,0.008682205342,0.0004064506793,0.0006853259983,0.0003252477036,0.002051114338,0.0003954674758,0.005708876532,0,0.007374712732,0.2458803952,0.0004030605196,0.04189676791,0.001770120347,0.03764721751,0.0007582373219,0.000359324913,0.02710274793,0.006478762254,0.008806453086,0,0.007142857648,0.002380952239,0.003867774038,0.01373826247,0,0.007116492838,0.002323291264,0.001218587509,0.002380952472,0,0,0,0.002904574387,0.002796280431,0,0.004525898956,0,0.005005685147,0.003552735783,0,2.862572364e-05,0.0004971247981,0.0004011121055,0,0.001034965273,0.000236366468,0,0.0001709785574,0.002380952239,0.0198582653,0.001320444746,0.0005063530989,0,0.008090391755,0.003473168006,0.0002356665063,0,0,0.001099415007,0.0004923557281,0.0002500888659,0.002457724884,0.005529302638,0,0,0,0.00215399568,0.002628519898
84,0.05004915595,0.0261768084,0.09585217386,0.1287835836,0.08287139237,0.1446484774,0.116016075,0.1298275739,0.2362601012,0.06114738807,0.1207723543,0.09183600545,0.5943380594,0.6179360747,0.3752152324,0.2576924264,0.01511125267,0.02738699503,0.01055681426,0.02201101743,0.04592503235,0.01800457761,0.0142857153,0.01190476213,0.01125917025,0.02750381641,0.1552631259,0.07614614069,0.1132423505,0.1314988881,0.1222600192,0.08187408745,0.04216961935,0.03156274185,0.06360235065,0.1012130603,0.01485716552,0.002380952472,0.002380952472,0.003353283973,0.001387304277,0,0.002380952472,0.2975817025,0.1452952772,0.01802129298,0.06948866695,0.1048702672,0.1493540257,0.06103456393,0.06349857897,0.06053989008,0.02012785897,0.01253362745,0.01113155112,0.01449619792,0.02214126289,0.0316748172,0.03239221498,0.007871975191,0.01211264823,0.0256198626,0.04454406351,0.03814198822,0.01116990298,0.01804967597,0.01030474063,0.01901932806,0.1002126038,0.02629877068,0.01340792701,0.186960578,0.3464852273,0.01137990505,0.01747456938,0.06376866251,0.01196411345,0.01337585133,0.01260269154,0.04603558034,0.02175044268,0.05355605483,0.007374712732,0,0.4414034188,0.02444327809,0.1475648284,0.0211248789,0.1274792701,0.01834518835,0.01440865919,0.09217394143,0.06094234437,0.08188544214,0.05799601227,0.0809321925,0.06400730461,0.07387451082,0.09168357402,0.04095973074,0.06631264836,0.06639458239,0.04893514141,0.02380493842,0.01037540566,0.01219211705,0.01987731457,0.02624770813,0.04314322397,0.01674965955,0.06047502533,0.01207097061,0.04415079579,0.03097159229,0.01706888713,0.01984695159,0.02362755872,0.05089574307,0.01318305451,0.01317844074,0.01670293882,0.02684564888,0.01375896111,0.06373459846,0.08519167453,0.03838092834,0.0433470346,0.01347160619,0.06143232808,0.03717689589,0.05729160085,0.0382309556,0.03688057512,0.04837164283,0.02594012022,0.02147264965,0.07358536869,0.03309888765,0.01323807891,0.01008990873,0.01411081012,0.06071184576,0.05626727268
85,0.1907871366,0.1683235168,0.2390101254,0.2443991303,0.2208666354,0.2259121537,0.2484634966,0.2870628834,0.4884484112,0.4020781815,0.3809135556,0.3547956049,0.732837975,0.8057820201,0.5907891989,0.4753275514,0.09378957748,0.06362634152,0.07339636236,0.1160845086,0.09106879681,0.04734417051,0.04390135035,0.01321328525,0.02657952905,0.06539769471,0.4024887979,0.2162551284,0.3122439682,0.3235798478,0.3160784245,0.204543218,0.1470145732,0.09459038824,0.1748768985,0.2660246193,0.05665429682,0.009523809887,0.009523809887,0.02243588679,0.0142857153,0.004761904944,0.002380952239,0.6272459626,0.3878793716,0.3266027272,0.235917598,0.3143832088,0.347455442,0.198339507,0.1825058609,0.03585499898,0.0918443501,0.1572696418,0.2573260367,0.2556313872,0.2053012252,0.1316209137,0.1578491479,0.2084617764,0.1811974049,0.1541322917,0.1524078399,0.1223005801,0.2429484576,0.2203596234,0.1430922449,0.1324768811,0.2527475953,0.1013577357,0.2263553292,0.4672814608,0.9208856225,0.1944172829,0.1842552572,0.4194229245,0.2551515996,0.2530858517,0.2556624711,0.1580093205,0.2353472412,0.1662827134,0.2458803952,0.4414034188,0,0.07676327229,0.4486839175,0.2845492363,0.4557769895,0.2507545948,0.2456649989,0.212043643,0.1986724734,0.2073877007,0.2115685195,0.2102446109,0.2150993198,0.2216801345,0.2613502443,0.1480874717,0.2220288664,0.2387893647,0.1518072188,0.08555465937,0.07110637426,0.06743759662,0.09356816858,0.1254263371,0.1897388548,0.0607996136,0.1941212863,0.06069373712,0.1642123759,0.132427007,0.06332781166,0.1704096198,0.09535489231,0.1909042001,0.05062619224,0.1109194607,0.1422265172,0.1141895503,0.2090161592,0.2307142913,0.2373821139,0.1732114553,0.1555438936,0.09082759917,0.2068438679,0.1537117064,0.195490256,0.1321818829,0.09658302367,0.1742068976,0.1124374494,0.09114097059,0.2458759397,0.1891115606,0.2442581803,0.146298036,0.1138803735,0.209916532,0.1852693856
86,0.001790484414,0,0.01128853671,0.01465339866,0.004711051006,0.01056047808,0.01121631917,0.01679179817,0.04858007282,0.009026246145,0.01343915891,0.01166292652,0.4080887735,0.3848973513,0.1146706492,0.05255705118,0.006402696017,0,0,0.002380952472,0,0,0,0,0,0.0008853941108,0.02197373286,0.004761904944,0.004761904944,0.01369083207,0.006988913286,0.01481307019,0,0.002380952472,0.002380952472,0.01032366697,0,0,0.002380952239,0.002380952472,0,0,0.002380952472,0.1375713348,0.03657015413,0.01187258866,0.00682650879,0.01876673102,0.02091443352,0.003846789012,0.003172689117,0.0002517013054,0.0002580991422,0.000491106126,0.000576401595,0.00204107794,0.002225572709,0.0009466103511,0.0007044447702,0.00140755123,0.0005691629485,0.0008416434284,0.001708195196,0.0008517281385,0.0008032388287,0.002386963461,0.0001052643347,0.0002740309283,0.006758379284,0.0003399764537,0.0002887201554,0.05634967983,0.5693724155,0.0003922364267,0.00149803306,0.009731721133,0.000795631262,0.001584553625,0.001908779843,0.002364286687,0.001905889949,0.001714354381,0.0004030605196,0.02444327809,0.07676327229,0,0.02552437596,0.001395331346,0.01726224646,0.001062843017,0.001358990208,0.005527858622,0.002562959446,0.001882590936,0.00194754207,0.001955911284,0.002380952472,0.005137162283,0.005139395595,0.001616398571,0.0026684287,0.001634259475,0.003584415652,0.001582871773,0,0,0.000246631651,0.0006500545423,0.0008671618998,0.0002070366172,0.002184604527,0,0.002346421825,0.0005708446843,0.00205301214,0.00048759114,0.001892511849,0.00213348493,0,0.0001582922705,0,0.0001864474179,0.0007685233722,0.004761904944,0.008792869747,0.003043584758,0.001113899983,0,0.003948941361,0.002382599516,0.001513290568,0.0003486324276,0.002962711966,0.002065143548,0,0,0.004622182343,0.002380952472,0.0006632634904,0.0008984850137,0,0.003994697705,0.002489403589
87,0.01071136724,0,0.006044309586,0.01153673977,0.02132756449,0.006507717073,0.0004331886885,0.01827640459,0.01057762466,4.538166831e-05,0.0003056237474,0.001498179394,0.3185323477,0.2405072004,0.0005676300498,0.01524573565,0.002380952472,0,0,0.001059098518,0,0,0,0,0.002380952472,0,0.004020832945,0,0.002380952239,0.004761904944,0.003506414127,0,0.001041500713,0.002380952472,0,0.006484687794,0,0,0,0,0,0,0,0.4116348922,0.1074661687,0.1213035882,0.03223092481,0.06129967421,0.1121333688,0.0588295497,0.04814497754,0.01098138001,0.0009503650363,0.0002682941849,0.01553121395,0.01535375975,0.002881448483,0.004992844071,0.002698269207,0.05511476472,0.007610669825,0.006419291254,0.03796101734,0.01963063888,0.004369037226,0.004928429611,0.01561423019,0.004206789657,0.0003377940156,0.003607127583,0.001470035641,3.137772728e-05,0.5508056283,0.01032742951,0.03658061102,2.841231617e-05,0.001427102135,0.0008165537729,0.01381078362,0.01189125422,0.0002791608858,0.03399104998,0.04189676791,0.1475648284,0.4486839175,0.02552437596,0,2.586002302e-05,4.296805491e-05,0.000137720941,0.002496642293,0.04145024344,0.02139649168,0.01050249208,0.008042160422,0.007815125398,0.01459051669,0.009585497901,0.02620437369,0.01128121838,0.02849779464,0.03489124402,0.006267459132,0,0,0.002380952472,0.00573720457,0.00447599683,0.007330324966,0.002380952239,0.01863798499,0.002380952472,0.02051466331,0.02008282393,0.0005799632054,0.006135631353,0.005353168119,0.005514866672,0,0,0.0002760464849,0.001358132577,0.001233497984,0,0.01097454317,0.01359619014,0.006831348408,0,0.01863054931,0.009787082672,0.0199834425,0.002380952239,0,0.01371798571,0.0003594007285,0,0,7.226295111e-06,0.000567113515,0.005211464129,0.0003469763615,0.009064251557,0.0160764847
88,0.0001575303322,0,0.0004193091881,0.0007886409876,0.001680430141,0.004761904944,0.003247516695,0.001039635041,0.0005400798982,4.662205356e-06,9.625271196e-05,0.0001129782759,0.2542677224,0.2641013563,0.01001718082,0.001730556949,0,0,0,0,0,0,0,0,0,0,0,0,0.002380952239,0.002380952472,0.002380952472,0,0,0,0,0,0,0,0,0,0,0,0,0.1609271914,0.1072732583,0.01591417566,0.0271844808,0.0523099415,0.06094806641,0.0237382371,0.0261710491,0.0003985097283,2.770277206e-05,1.156178041e-05,0.0004966534907,0.002763038734,0.0001701291039,0.0001333615219,4.239881946e-06,0.003172280965,1.957714267e-05,4.100372462e-05,0.003548144829,0.0005571075017,9.889658031e-06,0.0001214138974,0.0005523335421,3.73289804e-05,2.074732947e-05,0,1.558346958e-05,0.001202872605,0.4285080731,0.0001392214617,0.001261743717,1.424367383e-05,3.798845228e-06,1.927981066e-05,5.569358473e-05,0.0009747582371,7.475906841e-06,0.003056763206,0.001770120347,0.0211248789,0.2845492363,0.001395331346,2.586002302e-05,0,4.901240391e-05,0,3.108960664e-05,0.00886362046,0.0009327215957,0.000774245942,0.005443494301,0,0.003159092274,0.002645529341,0.004353751894,0,0.000706037099,0.005121275783,0,0,0,0,0,0,0,0,0.002873138059,0,0.001492056763,0,0,0,0,0.0005416172207,0,0,0,0,4.637998063e-05,0,0,0.002380952472,0,0,0.003611838911,0.0009175246814,0.0001296346163,0,0,0.001100162044,0,0,1.598297968e-05,0,0,0,0,0.001526584616,0.001052108128
89,2.993247108e-05,0,0,1.971901293e-05,0,0,0,0,0.001049165498,9.653838333e-07,3.833918527e-05,0.0001470753487,0.2244779468,0.08208480477,6.953825959e-06,0.001065865508,0,0,0,0,0,0,0,0,0,0,0,0,0,0.002380952472,0,0,0,0,0.001442649285,0,0,0,0,0,0,0,0,0.05840603635,0.1125097647,0.1216417849,0.03834143281,0.05711483583,0.005231661722,0.04577743635,0.03919038177,0.004753618967,0,0.0008002221002,0.009523809887,0.009888563305,0.001929509104,0.002380952472,6.56002594e-05,0.03649894521,0.002380952472,0.006636416074,0.02078810893,0.0009584181826,0.002671396593,0.000357124256,0.02138006128,0.001023015473,0.0008552885265,4.352566975e-05,5.817601959e-06,3.494382781e-06,0.6014086008,0.00513579743,0.02338461578,6.909958756e-06,4.874934166e-05,0,0.001889188425,2.899982792e-05,0,0.0003808252222,0.03764721751,0.1274792701,0.4557769895,0.01726224646,4.296805491e-05,4.901240391e-05,0,7.602603773e-07,0.0002614679397,4.972445822e-05,8.406994311e-05,0,0.001609897241,0,0.00330594345,0.004594311584,0.0005444607814,0,0.001878452604,0.001979291206,0.002380952239,0,0,0,0,0.0002309478587,0.0008065164438,0,0.003396385117,0,0.001593429013,0.003161682282,0,0,0.003413779428,3.876960182e-05,0,0,0,0,0,0,0.0005487679737,0,0.001051499741,5.361453077e-06,0.001304177335,0.0001323157485,0.0005103463191,0,0,0.002827752382,0,0,0,0,0,0,0,0,0
90,0,0,9.821787899e-06,0,0,0.006021242123,0.0002943043364,0.0001451198477,3.834705785e-05,5.906441061e-07,3.326455044e-05,2.325718378e-05,0.06666039675,0.1443447769,0.0008728448884,9.936231072e-05,0,0,0,0,0,0,0,0,0,0,9.5087933e-05,0.0005193203688,0,0,0,0,0,0,0,0,0,0,0,0,0,0,0,0.03119700588,0.06159622967,0.007589873392,0.01452076528,0.03533903509,0.001424558461,0.01027128194,0.01246044319,4.170423563e-05,0.0001043007724,3.355760782e-05,0,0.001105749281,2.196923924e-05,6.825422315e-05,5.34397941e-06,0.001059871982,0,0.0001961262169,0.001024425728,4.169271051e-05,4.734767117e-06,1.188292299e-05,0.0005016641808,9.096987924e-05,2.070557457e-05,0,0,0.0001341766474,0.4167722464,6.008416312e-05,0.0001968400902,5.084444183e-06,1.146467866e-06,3.915709215e-07,1.182527831e-05,0,0,0.0001140509848,0.0007582373219,0.01834518835,0.2507545948,0.001062843017,0.000137720941,0,7.602603773e-07,0,0,5.039912503e-05,1.758340659e-05,0,0,0,0.000750608684,0,0,0,0.0001748253853,0,0.000347696041,0,0,0,0,0,0.0004723064194,0,9.675362526e-05,0,9.051062079e-05,0,0,0,0,2.191327621e-05,0,0,0,3.6950918e-05,0,0,0.0001843462087,0,0.0003091503168,0,0.0003861228179,0,0,0,0,0.0003419009736,0,0,0,8.673623029e-07,0,0,0,0,9.021539154e-05
91,0,0,4.982334758e-06,0.0002102246362,0,0.00114497426,0.002230968093,0.0005040617543,0.000128289219,1.550766342e-06,0.0001386007643,5.354860332e-05,0.08996064961,0.2098925114,0.0256925188,0.0005773840821,0,0,0,0,0,0,0,0,0,0,0,0,0.0006136054872,0,0.0001013548026,0.0002792889718,0,0.002380952472,0,0,0,0,0,0,0,0,0,0.04326398298,0.04544765875,0.0012526192,0.01683669724,0.02531449497,0.01059768349,0.001681629568,0.001373702777,0.0003129181569,0.0001814832649,0,0,1.087415058e-05,0,3.533477138e-05,0,0.0001328404032,0,0,0.0003252936876,0,1.486441874e-06,4.424825875e-07,0.0004493714951,0.0002955991367,6.090829629e-05,0,0,0.006962373387,0.3768583834,0.0001465284877,5.727105236e-05,9.408048936e-05,3.052114835e-06,0,2.060291564e-07,0,0,0.0001536847703,0.000359324913,0.01440865919,0.2456649989,0.001358990208,0.002496642293,3.108960664e-05,0.0002614679397,0,0,0.001350362552,6.280146044e-05,0,0,0,0,0,0,0,0,0,0,0,0,0,0,0,0,0,0,0,5.890160173e-05,0,0,0,0,0,0,0,0,0,0,0,0.0001387245138,0,0,0,0,0,0,0,0,0,0,0,0,0,1.976365411e-06,0,0,0,0
92,4.497946429e-05,0.001258341246,0.0008449760498,0.008378345519,8.256078581e-05,0.004420920741,0,0.001941352966,0.008091693744,0.001392753678,0.01043490879,0.01080260705,0.1228394061,0.4493788779,0.03274843097,0.00912945345,0,0,0,0,0,0,0,0,0,0,0.001732179429,0,0.0007102187374,0,0.002380952472,0.003459961852,0.0008370577125,0,0.004108293448,0.0004816445871,0,0,0,0,0,0,0,0.0125107225,0.003104864853,0.007995457388,0.001245955238,0.0003638108028,2.283603317e-05,0.0004638825194,7.159681991e-05,0.0004183512938,0.002380952472,0.008158336394,0.006832289044,0.00507161906,0.0005104266456,0.00291295792,0.0001259036217,0.006433576345,0.004761904944,0.007355459966,0.0001298559073,0.000222198054,0.003201330081,0.00107523019,0.004705668893,0.00350913452,0.005630167667,0,1.50843598e-05,0.01269823313,0.5319003463,0.006624328438,0.005901268683,0.01188824978,0.001426298288,0.0003240214428,0.02027894557,2.591869134e-06,0,1.00057041e-05,0.02710274793,0.09217394143,0.212043643,0.005527858622,0.04145024344,0.00886362046,4.972445822e-05,5.039912503e-05,0.001350362552,0,8.439264434e-07,0,4.735829134e-05,9.077525465e-05,1.247624368e-05,5.285482985e-06,1.159590647e-05,5.953163418e-05,9.213501471e-06,2.606721637e-06,0,0,0,0,0,0,0,0,6.970364484e-05,0,3.681174712e-05,0,0,0,0.003174884012,8.819399955e-05,0,0,0,0,0,0,0.0003376740788,0.0001431906276,0.0009728419827,0,1.911211621e-05,0,3.634729001e-05,0,0,0.0001236459211,0,0,0.0005990447826,0.001722045941,5.958903785e-05,0,0,0,3.716605715e-05
93,1.32626019e-05,0,0.0001032195723,0.001220914302,0.0002504438744,0.0002598347783,0.0007544541731,0.000502326875,0.002107493347,0.0002038342209,0.003307194449,0.004414509516,0.1061455235,0.2669446468,0.007864469662,0.002530986676,0,0,0,0,0,0,0,0,0,0,0.002380952239,0,0,0.0003141689231,0,0,0,0,0,0.0001224715525,0,0,0,0,0,0,0,0.01136931032,0.01362965629,0.01086453535,0.007120470051,0.007369478699,0.0001151936885,0.002066385699,0.0006042282912,0.0002282041241,0,0,0,0.002380952472,0.000610240153,0.0002119995625,8.607991913e-05,0.00519087445,0.002380952472,0.0002295052982,0.0002507161407,5.206340938e-05,0.0004366240755,0,0.0009860565187,0.001036381116,0.002467176877,0,0,0.003639114788,0.5117127895,0.0003817995894,0.001107977354,0.002427705796,0,0.0004485314712,0.009538078681,0,0,2.157372819e-06,0.006478762254,0.06094234437,0.1986724734,0.002562959446,0.02139649168,0.0009327215957,8.406994311e-05,1.758340659e-05,6.280146044e-05,8.439264434e-07,0,9.093079279e-05,0,0,0,0,0,0,0,1.333750333e-05,2.527309334e-05,0,0,0,0,0,7.849917893e-05,0,1.884174526e-05,0,2.043418317e-05,1.007814171e-05,0,0,0,0,0,0,0,0,0,0,0.0004738079733,1.127469204e-05,3.136911255e-05,0,1.789339876e-06,0,4.598717715e-05,0,0,0,0,0,0,0,0,0,0,1.414394774e-05,2.162532382e-06
94,0,0,4.730306318e-05,0,1.200541078e-06,0,0,3.034307156e-05,0.003075507469,0.001585070742,0.005441107787,0.001652587322,0.02673959546,0.1323857456,0.003968786914,0.002135858405,0,0,0,0,0,0,0,0,0,0,0.001551751979,0,0,0,0.001205009175,0,0,0,0,0,0,0,0,0,0,0,0,0.02562039718,0.004194638226,0.005708346143,0.0004325777118,0.0008071825723,9.59854442e-05,0.0001901833893,4.807882942e-05,0,0,0.002380952472,0.0006150366971,0,0,0.0003987429664,0,0.003754348494,0,0.001861317316,3.997992826e-05,0,0.001273778267,0,0.002380952472,0.002380952472,0.01150907762,0,0,0.0009824893204,0.5383404493,0.0007146417629,0.003011794994,0.0008687891532,0,0,0.002874054946,0,0,0,0.008806453086,0.08188544214,0.2073877007,0.001882590936,0.01050249208,0.000774245942,0,0,0,0,9.093079279e-05,0,0,0,0,0,0,0,0,0,0,0,0,0,0,0,0,0,0,0,0,0,0,0,0,0,0,0,0,0,0,0,0,0,0,0,0,0,0,0,0,0,0,0,0,0,0,0,0,0,4.760543015e-05
95,2.583598416e-06,0,7.037887826e-06,0,0,0,0,3.995664883e-06,0.004707400687,0,0.005808003247,0.001463790657,0.03339174017,0.07716896385,0.006144444458,0.002101022052,0,0,0,0,0,0,0,0,0,0,0.001012034132,0,0,0,0,0.002380952472,0,0,0,0,0,0,0,0,0,0,0,0.02732934617,0.003381870687,0.006407389417,0.0008977461839,0.0002856208012,0.0001051582949,0.000178350092,5.128043995e-05,0.002380952472,0,0,0,0,0,0,0,0.0004601727705,0,0,1.682313814e-05,0,0,0,0.000997081399,0,0.003487801878,0,0,0.00902517885,0.5478646755,0,0.0007653934881,0.003920658957,0,0,0,0.0001090289297,0,5.538417827e-05,0,0.05799601227,0.2115685195,0.00194754207,0.008042160422,0.005443494301,0.001609897241,0,0,4.735829134e-05,0,0,0,0,0,0,0,0,0,0,0,0,0,0,0,0,0,0,3.297822332e-05,0,0,0,0,0,0,0,0,0,0,0,0,0,0,0,0,0,0,0,0,0,0,0,0,0,0,0,0,0,0,0,0
96,0,0,0,0.0005736606545,0,0,0.0002383458923,8.979177801e-05,0.003594042733,0,0.006997060031,0.002611680189,0.03069977462,0.07425436378,0.001247748383,0.006538716145,0,0,0,0,0,0,0,0,0,0,0.002380952472,0,0,0,0,0,0,0,0,0,0,0,0,0,0,0,0,0.02817604505,0.00214929576,0.004392593168,0.0005902250414,0.000898611208,6.603382644e-05,0.0006545869401,4.725554027e-05,0.0007719974965,0,0,0,0.002380952472,0,0,0,0.003881095909,0,0,0.0004410503316,0,0.007142857648,0,0,0.002380952472,0.002291762037,0,0,0.002380952239,0.5207577348,0,0.002380952472,0.003207996488,0,0,0,0,0,0,0.007142857648,0.0809321925,0.2102446109,0.001955911284,0.007815125398,0,0,0,0,9.077525465e-05,0,0,0,0,0,0,0,0,3.005257213e-06,0,0,0,0,0,0,0,0,0,0,0,0,0,0,0,0,0,0,0,0,0,0,0,0,0,0,0,0,0,2.830705125e-05,0,0,0,0,0,0,0,0,0,0,0,0
97,0,0,0,0.0006447283085,0,0,0,0,0.004248688929,0.001014057663,0.003147592768,0.007710766979,0.03990015015,0.1124858186,0.0064646299,0.003616004717,0,0,0,0,0,0,0,0,0,0,0,0,0.0006330671022,0,0,0,0,0,0,0,0,0,0,0,0,0,0,0.0230707489,0.002471645828,0.0009254983161,6.385092274e-05,0.0001523791143,9.535714344e-05,0.0001096970009,1.337432059e-05,0.0006778610405,0,0,0,0,0,0,0,0.001314289286,0,0,5.301677083e-05,0,0,0,0.00461538462,0,0.003625439014,0,0,0.008221773431,0.53848809,0.002380952472,0.0008820490912,0.005412171595,0,0,0,0,0,7.92497849e-06,0.002380952239,0.06400730461,0.2150993198,0.002380952472,0.01459051669,0.003159092274,0.00330594345,0.000750608684,0,1.247624368e-05,0,0,0,0,0,0,0,0,0,0,0,0,0,0,0,0,0,0,2.105773638e-05,0,0,0,0,0,0,0,0,0,0,0,0,0,0,0,0,0,2.851786303e-05,0,0,0,0,0,0,0,0,0,0,0,0,0,0
98,0,0,8.927381714e-06,0.0001857515745,0,0.00010854422,0.0003120481269,1.06280504e-05,0.005108200945,0.001656550565,0.005452634301,0.0059072515,0.03468672559,0.1306376606,0.0126253143,0.003442878835,0,0,0,0,0,0,0,0,0,0,0,0,0,0,0,0,0,0,0,0,0,0,0,0,0,0,0,0.01995103247,0.002131532878,0.001470488962,0.0001599161478,0.0001478368358,0.000101557227,0.0001709969365,1.233925104e-05,0.000368495821,0,0,0,0,0,0,0,0.0004762301105,0,0,1.94316508e-05,0.0002662811312,0,0,0.002941102721,0,0.002155527007,0,0,0.008290849626,0.5407592058,0,0.0006009696517,0.008901746012,0.001082935953,0,0,0,0,7.694939995e-06,0.003867774038,0.07387451082,0.2216801345,0.005137162283,0.009585497901,0.002645529341,0.004594311584,0,0,5.285482985e-06,0,0,0,0,0,0,0,0,0,0,0,0,0,0,0,0,4.006984e-06,0,0,0,0,0,0,0,0,0,0,0,0,0,0,0,0,0,0,0,0,0,0,0,0,0,0,0,0,0,0,0,0,0,0
99,0,0,4.618290404e-05,0,0,0,0,3.100534377e-05,0.004066674504,0.004117781296,0.008198357187,0.005756773055,0.02892435528,0.21318838,0.01004660781,0.006700952072,0,0,0,0,0,0,0,0,0,0,0.001644983771,0.002380952239,0,0.004761904944,0,0,0,0,0,0,0,0,0,0,0,0,0,0.01839361154,0.001250499277,0.003250568872,0.0003264315601,0.0001230751368,3.554636351e-05,4.698337943e-05,5.060277545e-05,0.0003815208329,0,0,0.002380952472,0,0,0.001551062218,0.0006594462902,0.001306663267,0,0,4.702495789e-05,9.558704915e-05,0,0.002380952239,0.008921770379,0.005735586397,0.005491474178,0,0,0.005410444457,0.5536084771,0.008999932557,0.0007548846188,0.004591038451,0,0,0.001282093232,6.721387035e-05,0,0,0.01373826247,0.09168357402,0.2613502443,0.005139395595,0.02620437369,0.004353751894,0.0005444607814,0,0,1.159590647e-05,0,0,0,0,0,0,0,0,0,0,0,0,0,0,0,0,0,0,0,0,0,0,0,0,0,0,0,0,0,0,0,2.644838969e-05,0,0,0,0,0,0,0,0,0,0,0,0,0,0,0,0,0,0,1.032267119e-05
100,0,0,0,0,0,0,0,0,0.004149076063,0,0.003369371174,0.002749007661,0.05065821111,0.05343480036,0.001213403069,0.001370187965,0,0,0,0,0,0,0,0,0,0,0,0,0,0,0,0,0,0,0,0,0,0,0,0,0,0,0,0.02160941437,0.004735874012,0.002789290855,0.000729528314,0.0001019016272,5.708365279e-05,9.659020725e-05,2.93681569e-05,0,0,0,0.002380952472,0,0,0,0,0.0008170318324,0,0,6.234876491e-05,0,0,0,0.0005982670118,0.002380952472,0.003052022075,0,0,0.002380952472,0.436704576,0.003754930804,0.0001828358363,0.001285934472,0,0,0,0,0,0,0,0.04095973074,0.1480874717,0.001616398571,0.01128121838,0,0,0,0,5.953163418e-05,0,0,0,0,0,0,0,0,0,0,0,0,0,0,0,0,0,0,0,0,0,0,0,0,0,0,0,0,0,0,0,0,0,0,0,0,0,0,0,0,0,0,0,0,0,0,0,0,0,0,0
101,0,0,2.959739868e-05,5.887393127e-05,0,0.0001992118196,0,2.2671853e-05,0.003402844537,0.006552136037,0.005875620525,0.005910014734,0.0425285846,0.1543277502,0.02519378811,0.00570326345,0,0,0,0,0,0,0,0,0,0.001327486942,0,0,0,0,0,0,0,0.001530969748,0,0.0008673598641,0,0,0,0,0,0,0,0.01926057041,0.002164558973,0.002188485116,0.0001377804147,0.0002263622009,4.196576629e-05,7.135503893e-06,1.485739358e-05,0.0001575259084,0,0,0,0,0,0,0,0.0009550962131,0,0,2.217971269e-05,0,0,0,0.0021428084,0.0004333984398,0.003502129111,0,0,0.01336989552,0.5449153781,0.00307177892,0.0005124979652,0.00685119722,0,0,0.0053216503,4.04820712e-05,0,2.328546361e-05,0.007116492838,0.06631264836,0.2220288664,0.0026684287,0.02849779464,0.000706037099,0.001878452604,0.0001748253853,0,9.213501471e-06,0,0,0,3.005257213e-06,0,0,0,0,0,0,0,0,0,0,0,0,0,0,4.837668257e-07,0,0,0,0,0,0,0,0,0,0,0,0,0,2.185155608e-05,1.018993953e-05,0,0,0,0,0,0,0,0,0,0,0,0,0,0,0,3.083141337e-06,0
102,0,0,2.997342563e-05,0.0003274999908,6.716419193e-06,6.440333527e-05,0.001149532269,3.680757072e-05,0.003953343257,0.006214398891,0.007733530831,0.008414986543,0.04049991071,0.1979607195,0.01579766348,0.005361022428,0,0,0,0,0,0,0,0,0,0,0,0.001587191015,0,0.0009068850777,0,0,0,0,0,0,0,0,0,0,0,0,0,0.01997291483,0.001535811112,0.002089636633,7.756410923e-05,0.0001017168033,2.604990914e-05,0.0001179546671,2.537605906e-05,0.0006853026571,0,0,0,0,0,0,0.0002562643785,0.001423584064,0,0,6.139031757e-05,6.657039921e-05,0,0,0.0002809494326,0.001957472414,0.003501402913,0,0,0.01806052774,0.5418038964,0.0005414711777,0.0002485806763,0.02046689577,0.002380952472,0,0.002380952472,0.0003672751773,0,1.906912803e-05,0.002323291264,0.06639458239,0.2387893647,0.001634259475,0.03489124402,0.005121275783,0.001979291206,0,0,2.606721637e-06,1.333750333e-05,0,0,0,0,0,0,0,0,0,0,0,0,0,0,0,0,0,0,0,0,0,0,0,0,0,0,0,0,0,0,0.0001762600878,0,0,0.0002383652754,0,0,0,3.035115242e-06,0,0,0,0,4.407169035e-05,0.0006497551803,0,0,0,0,1.053365963e-06,0
103,0,0,1.327952577e-05,4.288433411e-05,0,0,0,0.0001516826014,0.0009626628598,0.001812258037,0.001186686452,0.001288372325,0.04688016698,0.07367895544,0.01190476213,0.002265299205,0,0,0,0,0,0,0,0,0,0,0,0,0,0,0,0,0,0,0,0,0,0,0,0,0,0,0,0.02909641899,0.01179430448,0.00198437646,0.004012313206,0.001725576119,0.0004346707137,0.0001507584966,7.444749644e-05,0,0,0,0,0,0,0,0,0.0002627448412,0,0,0,0,0,0,0,4.617721788e-05,0.00101695233,2.253215462e-05,0,0.005279456265,0.4970386028,0.0004206856829,0.0001322878379,0.001629872946,0,0,0,0,0,1.153450739e-05,0.001218587509,0.04893514141,0.1518072188,0.003584415652,0.006267459132,0,0.002380952239,0.000347696041,0,0,2.527309334e-05,0,0,0,0,0,0,0,0,0,0,0,0,0,0,0,0,0,0,0,0,0,0,0,0,0,0,0,0,0,0,0,0,0,0,0,0,0,0,0,0,0,0,0,0,0,0,0,0,0,0
104,0,0,0,0,0,0,0.002380952239,0,0.001010127948,0,0.0008433090989,0,0.03071816824,0.009650779888,0,0.001185178757,0,0,0,0,0,0,0,0,0,0,0,0,0,0,0,0,0,0,0,0,0,0,0,0,0,0,0,0.0132744126,0.003168481169,0,0.001034258865,0,0.001559396391,0,0.0005417728098,0.0005424798583,0,0,0,0,0,0,0,0,0,0,0,0,0,0,0,0,0.001462838496,0,0,0,0.2034377009,0,0,0,0,0,0,0,0,0,0.002380952472,0.02380493842,0.08555465937,0.001582871773,0,0,0,0,0,0,0,0,0,0,0,0,0,0,0,0,0,0,0,0,0,0,0,0,0,0,0,0,0,0,0,0,0,0,0,0,0,0,0,0,0,0,0,0,0,0,0,0,0,0,0,0,0,0,0,0,0
105,0,0,0,0,0,0,0,0,3.419700079e-05,0,0.0001274514943,0,0.02161434293,0.0216143392,0,6.674799806e-05,0,0,0,0,0,0,0,0,0,0,0,0,0,0,0,0,0,0,0,0,0,0,0,0,0,0,0,0.009716824628,0.002380952239,0.001212324365,0,0.002380952472,0,0,0,0,0,0,0,0,0,0,0,0,0,0,0,0,0,0,0,0,0,0,0,0,0.1702473313,0,0.0002439997479,0,0,0,0,0,0,0,0,0.01037540566,0.07110637426,0,0,0,0,0,0,0,0,0,0,0,0,0,0,0,0,0,0,0,0,0,0,0,0,0,0,0,0,0,0,0,0,0,0,0,0,0,0,0,0,0,0,0,0,0,0,0,0,0,0,0,0,0,0,0,0,0,0
106,0,0,0,0,0,0,0,0,3.01001146e-05,0,1.911492836e-05,0.0005307365209,0.01519230939,0.01190476213,0,0.0003945769568,0,0,0,0,0,0,0,0,0,0,0,0,0,0,0,0,0,0,0,0,0,0,0,0,0,0,0,0.01887130179,0.001236706157,0.000706206949,0.002380952472,0,0,0,0,0,0,0,0,0,0,0,0,0,0,0,0,0,0,0,0,0,0,0,0,0,0.1889610291,0,0,0,0,0,0,0,0,0,0,0.01219211705,0.06743759662,0,0.002380952472,0,0,0,0,0,0,0,0,0,0,0,0,0,0,0,0,0,0,0,0,0,0,0,0,0,0,0,0,0,0,0,0,0,0,0,0,0,0,0,0,0,0,0,0,0,0,0,0,0,0,0,0,0,0,0,0
107,0,0,0,0,0,7.299301797e-05,0,0,6.00217827e-05,0,0.0001099050714,0,0.01811659895,0.03298550099,0.002380952472,0.0002232970728,0,0,0,0,0,0,0,0,0,0,1.596196853e-05,0,0,0,0,0,0,0,0,0,0,0,0,0,0,0,0,0.02185578272,0.004761904478,0.0007259575068,0,0,0.002380952472,0,0,0,0,0,0,0,0,0,0,0,0,0,0,0,0,0,0,0,0.0004489900311,0,0,0,0.2674942911,0,0,0,0,0,0,0,0,0,0,0.01987731457,0.09356816858,0.000246631651,0.00573720457,0,0,0,0,0,0,0,0,0,0,0,0,0,0,0,0,0,0,0,0,0,0,0,0,0,0,0,0,0,0,0,0,0,0,0,0,0,0,0,0,0,0,0,0,0,0,0,0,0,0,0,0,0,0,0,0
108,0,0,0,0,0,0.0001643905271,0,0,0.0001532115566,1.61664866e-05,0.0002691736445,7.442839888e-06,0.03347371891,0.07434696704,0.007142857648,0.0003525668872,0,0,0,0,0,0,0,0,0,0,0,0,0,0,0,0,0,0,0,0,0,0,0,0,0,0,0,0.0264226608,0.01880091988,0.002786874305,0.01055501588,0.01238710899,0.002728547202,0.003143285401,0.002414616989,4.371787873e-05,0,0,0,0,0,0,0,0.0001439383923,0,0,0,0,0,0,0.0004153747577,0,0.0003442248271,0,0,0.007739043329,0.433781594,0,0.0004989714362,9.907761705e-05,0,0.000136064642,0,7.399924016e-07,0,1.453132609e-05,0.002904574387,0.02624770813,0.1254263371,0.0006500545423,0.00447599683,0,0.0002309478587,0,0,0,0,0,0,0,0,0,0,0,0,0,0,0,0,0,0,0,0,0,0,0,0,0,0,0,0,0,0,0,0,0,0,0,8.478334348e-05,0,0,0,0,0,0,0,0,0,0,0,0,0,0,0,0,0,0
109,0,0,0,0.0002347261179,0,0.0002251245896,0,2.986497202e-05,0.002272243844,0.0002320351923,0.001830396359,0.0008173416136,0.04709623009,0.0758786276,0.0140601201,0.002520769835,0,0,0,0,0,0,0,0,0,0,0,0,0,0,0,0,0,0,0,0,0,0,0,0,0,0,0,0.03075763211,0.00962764211,0.005805841181,0.0006837566034,0.000743917888,0.0001980438537,0.001374325948,2.602562927e-05,0.000221263952,0,0,0,0,0,0,0,0.002516306937,0,0,1.017076102e-05,7.215552614e-05,0,0.0003619247873,0.002380952239,0,0.0002415754716,0,0,0.007868421264,0.5089797378,0.0008011804312,0.003154315753,0.003852895927,0,0,0,0,0,0,0.002796280431,0.04314322397,0.1897388548,0.0008671618998,0.007330324966,0,0.0008065164438,0.0004723064194,0,0,7.849917893e-05,0,0,0,0,4.006984e-06,0,0,0,0,0,0,0,0,0,0,0,0,0,0,0,0,0,0,0,0,0,0,0,0,0,0,1.626765311e-06,0,0,0,0,0,1.605741545e-06,0,0,0,0,0,0.0007848405512,0,0,0,0,0,0
110,0,0,0,0,0,0,0,0,0.0001610345353,0,7.432687562e-05,0.0002161760785,0.02530614845,0.01248868089,0,0.001086589415,0,0,0,0,0,0,0,0,0,0,0,0,0,0,0,0,0,0,0,0,0,0,0,0,0,0,0,0.002380952472,0,0,0,0.002380952472,0,0,0,0,0,0,0,0,0,0,0,0.002380952472,0,0,0,0,0,0,0,0,0,0,0,0.002380952472,0.1459858865,0,0,0,0,0,0,0,0,0,0,0.01674965955,0.0607996136,0.0002070366172,0.002380952239,0,0,0,0,0,0,0,0,0,0,0,0,0,0,0,0,0,0,0,0,0,0,0,0,0,0,0,0,0,0,0,0,0,0,0,0,0,0,0,0,0,0,0,0,0,0,0,0,0,0,0,0,0,0,0,0
111,0,0,3.470134106e-05,3.707459473e-05,0,0.0005146599724,0.002380952472,2.622112152e-05,0.001959965331,0.0009635980823,0.003256250871,0.00175898266,0.0451595597,0.1305728257,0.02536451817,0.00183199509,0,0,0,0,0,0,0,0,0,0,0,0,0.0003020026197,0,0.0002396565396,0,0,0.0007058263873,0,0.0001814981661,0,0,0,0,0,0,0,0.03729671612,0.01545370929,0.00665147556,0.0009923420148,0.00221197214,0.0006860134308,0.0004636453232,0.0001120064699,0.0002139279823,0.0003382719005,0,0,0,9.17795187e-05,2.66920033e-05,2.557051084e-05,0.0039072074,0,3.013329842e-05,3.236501288e-05,1.064951994e-05,0.0003932880063,0,0.002379609505,0.0002164733596,0.001784274471,0,0,0.02991923504,0.5651389956,0.0005755077582,0.001344751799,0.01108432561,0,0,0.0008939972031,2.060000406e-05,0,9.385218618e-06,0.004525898956,0.06047502533,0.1941212863,0.002184604527,0.01863798499,0.002873138059,0.003396385117,9.675362526e-05,0,6.970364484e-05,1.884174526e-05,0,3.297822332e-05,0,2.105773638e-05,0,0,0,4.837668257e-07,0,0,0,0,0,0,0,0,0,0,0,0,0,0,0,0,0,0,0,0,0,0,0,3.109214595e-05,0,0,0,2.014115353e-06,0,0,0,0,0,0,0,0,0,0,0,0,0,5.502356544e-06
112,0,0,0,0,0,0,0,0,0.0003762851411,0,0.0002953667135,0.002380952472,0.007192907855,0.01264272537,0,0.001076744869,0,0,0,0,0,0,0,0,0,0,0,0,0,0,0,0,0,0,0,0,0,0,0,0,0,0,0,0.001499218633,0,0.002380952472,0,0.002380952472,0,0,0.0003764809517,0,0,0,0,0,0,0,0,0.002380952472,0,0,0,0,0,0,0,0,0.002380952472,0,0,0,0.1145950481,0,0.0002403025137,0.002380952472,0,0,0,0,0,0,0,0.01207097061,0.06069373712,0,0.002380952472,0,0,0,0,0,0,0,0,0,0,0,0,0,0,0,0,0,0,0,0,0,0,0,0,0,0,0,0,0,0,0,0,0,0,0,0,0,0,0,0,0,0,0,0,0,0,0,0,0,0,0,0,0,0,0,0
113,1.300037411e-06,0,5.351222353e-05,0,0,0.0001426271483,0.002636854537,7.396315777e-05,0.001222234103,0.0008951777709,0.001849416527,0.001127336291,0.04290537909,0.1050511003,0.01402236801,0.001648939564,0,0,0,0,0,0,0,0,0,0,0.0001333027903,0,0,0,0.0008748181281,0,0,0,0,0,0,0,0,0.0005367699778,0,0,0,0.04703823477,0.03792747855,0.007895609364,0.005133365281,0.01643669792,0.00164277968,0.002260961337,0.001340557472,0.0001135100902,0,0.0003766297013,0.0001752799144,0,0,0,0,0.002988117747,6.635444151e-05,1.007812807e-05,0.0001075113832,3.721256462e-06,0,0,0.0006165821105,6.074370322e-05,0.001776477788,0,0,0.01841316372,0.5605287552,0.0001321827294,0.0003315942304,0.008786300197,0,0.0002722220088,0,4.984558473e-06,0,2.03899308e-05,0.005005685147,0.04415079579,0.1642123759,0.002346421825,0.02051466331,0.001492056763,0.001593429013,9.051062079e-05,5.890160173e-05,3.681174712e-05,2.043418317e-05,0,0,0,0,0,0,0,0,0,0,0,0,0,0,0,0,0,0,0,0,0,0,0,0,7.380120678e-06,0,0,0,0,0,0.001078515546,9.970879182e-05,0,0,0,0,0,0,0,0,1.660162889e-05,0,0,4.654444274e-05,0,0,0,0,2.819939073e-05,0
114,0,0,8.949929907e-06,1.98686721e-05,0,0.0001619283139,0.002854291815,0,0.0008069082978,0.0004636142694,0.001069695689,0.0006233715685,0.04855209216,0.1011460871,0.008490141481,0.001479161787,0,0,0,0,0,0,0,0,0,0,0.0001971169986,0,0.0007838371675,0,0,0,0,0,0,0,0,0,0,0,0,0,0,0.03289246932,0.04817892611,0.007791432552,0.006779978052,0.01524925791,0.003155829851,0.00248409342,0.0006505618221,0.0001079193389,0,0,0,0,0,0,0,0.001577063347,0,6.161288184e-06,0.0001399844914,0,0,8.146507753e-06,0.0001287566993,0.0001139434244,0.001084461226,0,0,0.009832513519,0.5231623054,6.886968185e-05,0.0003838687553,0.004310396966,0,0,0,0,0,1.670462552e-05,0.003552735783,0.03097159229,0.132427007,0.0005708446843,0.02008282393,0,0.003161682282,0,0,0,1.007814171e-05,0,0,0,0,0,0,0,0,0,0,0,0,0,0,0,0,0,0,0,0,0,0,0,0,0,0,0,0,0,0,0,3.175514939e-05,0,0,0,0,0,1.381459697e-05,0,0,0,0,0,0,0,0,0,0,0,0
115,0,0,0,0,0,0,0,0,9.235344623e-05,0,0,0,0.03088228963,0.01874577627,0,0.0003403156297,0,0,0,0,0,0,0,0,0,0,0,0,0,0,0,0,0,0,0,0,0,0,0,0,0,0,0,0.01798389107,0.003616069211,0.003590937238,0.002380952472,0,0.0008316346793,0,0.0008687367663,5.796780169e-05,0,0,0,0,0,0,0,0.0005759527558,0,0,0,0,0,0,0,0,0,0,0,0,0.2694604397,0,0,0,0,0,0,0,0,0,0,0.01706888713,0.06332781166,0.00205301214,0.0005799632054,0,0,0,0,0,0,0,0,0,0,0,0,0,0,0,0,0,0,0,0,0,0,0,0,0,0,0,0,0,0,0,0,0,0,0,0,0,0,0,0,0,0,0,0,0,0,0,0,0,0,0,0,0,0,0,0
116,0,0,5.365243396e-07,0,0,0,0,0,7.181932597e-05,0,0.0001950750448,7.408916281e-05,0.03941437602,0.07085638493,0.007142857648,0.0001943365933,0,0,0,0,0,0,0,0,0,0,0,0,0,0,0,0,0,0,0,0,0,0,0,0,0,0,0,0.03286492452,0.0162064787,0.0008719820762,0.0008969266783,0.002380952472,0.001519214013,0.001248803455,0,0.0003831439244,0,0,0,0,0,0,0,0,0,0,0,0,0,0,0,0,6.826278695e-05,0,0,0.0025004989,0.3604789376,0,0,0.0005394927575,0,0,0,0,0,0,2.862572364e-05,0.01984695159,0.1704096198,0.00048759114,0.006135631353,0,0,0,0,0,0,0,0,0,0,0,0,0,0,0,0,0,0,0,0,0,0,0,0,0,0,0,0,0,0,0,0,0,0,0,0,0,0,0,0,0,0,0,0,0,0,0,0,0,0,0,0,0,0,0,0
117,0,0,0,0,0,0,0,4.489125331e-06,0.0006790259504,0,0.001151363947,0.0003477136488,0.02529633045,0.03996435553,0.007952329703,0.0005359623465,0,0,0,0,0,0,0,0,0,0,0,0,0,0,0,0,0,0,0,0,0,0,0,0,0,0,0,0.03381979465,0.01888170838,0.009556635283,0.003099126974,0.003138519125,0.00134256063,0.001587729552,0.0009022608283,0,0,0,0,0,0,0,0,0.0003459109575,0,0,0,0,0,0,0,0,0.0008490545442,0,0,0.002380952239,0.3661030531,0,7.992175233e-05,0.002380952472,0,0,0.002380952472,0,0,3.613843364e-05,0.0004971247981,0.02362755872,0.09535489231,0.001892511849,0.005353168119,0,0.003413779428,0,0,0.003174884012,0,0,0,0,0,0,0,0,0,0,0,0,0,0,0,0,0,0,0,0,0,0,0,0,0,0,0,0,0,0,0,0,0,0,0,0,0,0,0,0,0,0,0,0,0,0,0,0,0,0,0
118,0,0,0,1.488476028e-05,2.626011701e-05,0.0003994702711,0,7.652896784e-06,0.00121453579,0.0002916691592,0.00168438151,0.0002052402124,0.04819362611,0.07551071793,0.0006660405197,0.00261985301,0,0,0,0,0,0,0,0,0,0,0.002380952472,0,0,0,0,0,0,0,0,0.002380952472,0,0,0,0,0,0,0,0.04077577591,0.02189321816,0.002565769479,0.00083474844,0.002352408832,0.0008321841015,0.0001625035511,0.0001188273818,0.0002825676929,0,0,0.0004888360272,0,0,0.0001834512077,0,0.0007887003012,0,0.0001205423832,8.698379133e-06,2.493553666e-06,0,0,0.001268083928,0.000180112489,0.003216479905,0,0,0.003758838866,0.5462154746,0,0.0005570635549,0.0001817632583,0,0,0,0,0,0,0.0004011121055,0.05089574307,0.1909042001,0.00213348493,0.005514866672,0.0005416172207,3.876960182e-05,2.191327621e-05,0,8.819399955e-05,0,0,0,0,0,0,0,0,0,0,0,0,0,0,0,0,0,0,0,0,7.380120678e-06,0,0,0,0,0,0,0,0,0,0,0,0,0,0,0,0,0,0,0,0,0,0,0,0,0,0,0,0,0,0
119,0,0,0,0,0,0,0,0,7.57825037e-05,0,8.550706116e-05,0,0.02928625233,0.01666666754,0,0.0001068487181,0,0,0,0,0,0,0,0,0,0,0,0,0,0,0,0,0,0,0,0,0,0,0,0,0,0,0,0.005175890401,0.002380952472,0,0,0,0.0003563043429,0,0,0,0,0,0,0,0,0,0,0,0,0,0,0,0,0,0,0,7.41981512e-06,0,0,0,0.1538235247,0,0,0,0,0,0,0,0,0,0,0.01318305451,0.05062619224,0,0,0,0,0,0,0,0,0,0,0,0,0,0,0,0,0,0,0,0,0,0,0,0,0,0,0,0,0,0,0,0,0,0,0,0,0,0,0,0,0,0,0,0,0,0,0,0,0,0,0,0,0,0,0,0,0,0
120,0,0,0,0,0,0,0,0,5.014185808e-05,0,1.188081023e-05,1.893125227e-05,0.02014623582,0.01732907258,0,6.921992463e-05,0,0,0,0,0,0,0,0,0,0,0,0,0,0,0,0,0,0,0,0,0,0,0,0,0,0,0,0.01294354908,0.005895374343,0.003337584902,0,0.004761904944,0.001205173205,0.002380952472,0,0,0,0,0,0,0,0,0,0.0005834872718,0,0,0,0,0,0,0,0,0.0002681101032,0,0,0,0.2253119349,0,0,0,0,0,0,0,0,0,0.001034965273,0.01317844074,0.1109194607,0.0001582922705,0,0,0,0,0,0,0,0,0,0,0,0,0,0,0,0,0,0,0,0,0,0,0,0,0,0,0,0,0,0,0,0,0,0,0,0,0,0,0,0,0,0,0,0,0,0,0,0,0,0,0,0,0,0,0,0,0
121,0,0,0,0,0,0,0,0,4.781704047e-05,0,4.196857481e-05,0,0.03170653433,0.038277179,0.0001196229132,0.0001228281908,0,0,0,0,0,0,0,0,0,0,0,0,0,0,0,0,0,0,0,0,0,0,0,0,0,0,0,0.02405207418,0.008630675264,0.005666192621,0.007489124779,0.001307726256,0.0004821888579,0.002380952472,0,0.0002239393943,0,0,0,0,0,0,0,0.0003636399633,0,0,0.0008787799743,0,0,0,0,0,4.787878061e-05,0,0,5.839605728e-05,0.3656585813,0,0,1.687426629e-05,0,0,0,0,0,0,0.000236366468,0.01670293882,0.1422265172,0,0.0002760464849,0,0,0,0,0,0,0,0,0,0,0,0,0,0,0,0,0,0,0,0,0,0,0,0,0,0,0,0,0,0,0,0,0,0,0,0,0,0,0,0,0,0,0,0,0,0,0,0,0,0,0,0,0,0,0,0
122,0,0,0,0.0002015719074,0,0.002380952472,0,0,0.0005224973429,0,0.0005747264368,0.0003331274202,0.04494169354,0.03870366141,0.00167477678,0.0002470768522,0,0,0,0,0,0,0,0,0,0,0,0,0,0,0,0,0,0,0,0,0,0,0,0,0,0,0,0.01777879521,0.009123431519,0.004953258671,0.004510940053,0.00134791946,0.002380952472,0.0002052781492,0.0007236637175,2.376397606e-05,0,0,0,0,0,0,0,0.004566521849,0,5.354224777e-05,0.0003419884306,6.755413324e-06,0,0,0.00041374375,0,0.0001569312881,0,0,0.001455138437,0.421764195,8.129980415e-05,7.407889643e-05,0,0,0,0,0,0,2.75874645e-05,0,0.02684564888,0.1141895503,0.0001864474179,0.001358132577,0,0,3.6950918e-05,0,0,0,0,0,0,0,0,0,0,0,0,0,0,0,0,0,0,0,0,0,0,0,0,0,0,0,0,0,0,0,0,0,0,0.0001839528413,0,0,0,0,0,0,0,0,0,0,0,0,0,0,0,0,0,0
123,0,0,3.046349661e-07,0,0,0,0,7.164292128e-06,0.0001340721647,2.086622089e-06,6.383669825e-05,3.666373232e-05,0.0411850661,0.1203629225,0.006526266225,0.000355130207,0,0,0,0,0,0,0,0,0,0,0,0,0,0,0,0,0,0,0,0,0,0,0,0,0,0,0,0.02880229987,0.01991062425,0.001139317756,0,0,0.001406644937,2.872871482e-05,6.714936899e-05,0.0001895737805,0,0,0,0,0,0,0,0.0001617442176,0,0,4.832723062e-05,0,0,0,0,0,0.0001221561397,0,0,0.003336833091,0.3451860249,0,0,0.0001861021738,0,0,0,0,0,0,0.0001709785574,0.01375896111,0.2090161592,0.0007685233722,0.001233497984,4.637998063e-05,0,0,0,0,0,0,0,0,0,0,0,0,0,0,0,0,0,0,0,0,0,0,0,0,0,0,0,0,0,0,0,0,0,0,0,0,0,0,0,0,0,0,0,0,0,0,0,0,0,0,0,0,0,0,0
124,0,0,0,0,0,0,0,0,0.0005916395457,0,8.766034443e-05,0,0.05628112331,0.01021449082,0,0.0006324253627,0,0,0,0,0,0,0,0,0,0,0,0,0.002380952472,0,0,0,0,0,0,0,0,0,0,0,0,0,0,0.04820208624,0.02557392046,0.0177662205,0.01016467437,0.0172765255,0.004774654284,0.006281364243,0.001119215507,0,0,0,0,0,0,0,0,0.002888406394,0,0,4.55554291e-05,0,0,0,0.004761904944,0.004761904944,0.001265938859,0,0,1.288957992e-05,0.4093692899,0.002380952472,0.001706880284,0,0,0.0004426433297,0,0,0,0,0.002380952239,0.06373459846,0.2307142913,0.004761904944,0,0,0,0,0,0,0,0,0,0,0,0,2.644838969e-05,0,0,0.0001762600878,0,0,0,0,0,0,0,0,0,0,0.001078515546,0,0,0,0,0,0,0,0,0,0,0,0,0,0,0,0,0,0,0,0,0,0,0,0,0,0,0,0,0,0
125,1.294991989e-06,0,1.70235071e-05,1.164079549e-05,1.839728043e-06,0,0,3.21217999e-06,0.003569309134,0,0.001649365877,0.0007330368971,0.07679784298,0.05419483408,0.0002245382057,0.001018525334,0,0,0,0,0,0,0,0,0,0,0,0.001073487219,0,0,0,0,0,0,0,0,0,0,0,0,0,0,0,0.09128041565,0.04025729373,0.03487948328,0.002685592743,0.007284705061,0.002361429157,0.006361360662,0.000794255815,0.0005297645112,0,0,0,0.002380952472,0.0006498346338,0.0003405470343,0,0.01587702148,0,0.001125368988,0.0009532076074,4.845386866e-05,0.003998400643,0.0005514893564,0.004503119737,0.01184243429,0.005866482854,0,0.0004705788742,0.001341409632,0.6416939497,0.003317226889,0.01278552227,0.001972720958,0.006582504604,0.002793733496,0.005791169126,0.0003707836149,0,0.0003424227762,0.0198582653,0.08519167453,0.2373821139,0.008792869747,0.01097454317,0,0.0005487679737,0.0001843462087,0.0001387245138,0.0003376740788,0.0004738079733,0,0,0,0,0,0,0,2.185155608e-05,0,0,0,0,0,0,8.478334348e-05,1.626765311e-06,0,3.109214595e-05,0,9.970879182e-05,3.175514939e-05,0,0,0,0,0,0,0,0.0001839528413,0,0,0,0,0,0,2.432808469e-05,0,0,0,0,0,0,0,0,0,0,0,0,2.242043956e-05,2.518652946e-05
126,0,0,3.597840623e-05,0,0,0.0002929097682,0,2.845410927e-05,0.002237787237,0,0.002723868005,0.001172384829,0.05155589432,0.05673579872,0.001905196696,0.002466113074,0,0,0,0,0,0,0,0,0,0,0,0,0,0,0,0,0,0,0,0,0,0,0,0,0,0,0,0.03906600177,0.0239743609,0.01649645343,0.0007168411976,0.0036617273,0.0007487528492,6.684548862e-05,0.0001993301557,1.933282329e-05,0,0,0,0,0,0,0,0.004993136972,0,0,0.0001644879667,1.698379492e-05,0.00026244935,0,0.004716169089,0,0.002666084561,0,0,0.004254142754,0.5176374912,0.0003456783306,0.0004949934082,0.002092034789,0.0009851498762,0,0,0,0,9.019010577e-06,0.001320444746,0.03838092834,0.1732114553,0.003043584758,0.01359619014,0.002380952472,0,0,0,0.0001431906276,1.127469204e-05,0,0,0,0,0,0,0,1.018993953e-05,0,0,0,0,0,0,0,0,0,0,0,0,0,0,0,0,0,0,0,0,0,0,0,0,0,0,0,0,0,0,0,0,0,0,0,0.0002912163909,0,0,0,0,0,0
127,0,0,9.445659998e-06,0,0,0,0.00103557657,0,0.00125808781,0,0.002064056229,0.001036382047,0.05054649338,0.05285090581,0.006400482729,0.001745538786,0,0,0,0,0,0,0,0,0,0,0,0,0,0,0,0,0,0,0,0,0,0,0,0,0,0,0,0.03345046937,0.02078278176,0.00702223368,0.001562059508,0.002715836745,0.002434286522,0.0008542522555,2.407806642e-05,0.0001161042019,0,0,0,0.0009026883054,0,0,0,0.0004611597979,0,0,0,0,0,0,0.003343152348,0.0002497284149,0.001370342914,0,0,0.009305238724,0.465072155,0.0002501285926,0.0002827953722,0.004151972942,0,0,0,0,0,3.197982733e-05,0.0005063530989,0.0433470346,0.1555438936,0.001113899983,0.006831348408,0,0.001051499741,0.0003091503168,0,0.0009728419827,3.136911255e-05,0,0,0,0,0,0,0,0,0.0002383652754,0,0,0,0,0,0,0,0,0,0,0,0,0,0,0,0,0,0,0,0,0,0,0,0,0,0,0,0,0,0,0,0,0,0,0,0,0,0,0,0,0
128,0,0,0,0,0,0,0,0,5.374292959e-05,0,5.403463001e-05,4.535349217e-05,0.04165751114,0.009523809887,0,8.633016114e-05,0,0,0,0,0,0,0,0,0,0,0,0,0,0,0,0,0,0,0,0,0,0,0,0,0,0,0,0.01584634557,0.007142857648,0.003474206664,0,0,0.002881519496,9.02569227e-05,0,0,0,0,0,0,0,0,0,0.001920326031,0,0,0,0,0,0,0,0,0,0,0,0,0.2162483782,0,0,5.121323738e-06,0,0,0,0,0,0,0,0.01347160619,0.09082759917,0,0,0,5.361453077e-06,0,0,0,0,0,0,0,0,0,0,0,0,0,0,0,0,0,0,0,0,0,0,0,0,0,0,0,0,0,0,0,0,0,0,0,0,0,0,0,0,0,0,0,0,0,0,0,0,0,0,0,0,0,0
129,7.039931461e-06,0,3.359860784e-05,0,1.776792305e-05,0.0002213755506,0.002380952472,0.0001648389007,0.00242558727,0.003278725315,0.00357266143,0.004337475169,0.05409633741,0.1383621842,0.02351466753,0.002522911411,0,0,0,0,0,0,0,0,0,0,0,0.001748205163,0.001343427459,0,0,0,0,0,0.0004987803404,0,0,0,0,0,0,0,0,0.0321812965,0.009073783644,0.003459726693,0.0009409834165,0.001723268884,0.0002516279055,0.0004541888193,8.135697863e-05,0.0001982317481,0,0,0,0,0,0,0.0001073292515,0.001563693164,0,0,4.058516788e-05,2.79929809e-05,0.001059195027,0.0001696641848,0.001866223756,0.0004287592892,0.002251118887,0,0.0002426668798,0.01501003839,0.5547406077,0.0008249251405,0.0003919033334,0.01155233104,0,0.0004849939723,0.002161496785,2.198178117e-05,0,7.498587365e-06,0.008090391755,0.06143232808,0.2068438679,0.003948941361,0.01863054931,0.003611838911,0.001304177335,0.0003861228179,0,1.911211621e-05,1.789339876e-06,0,0,0,2.851786303e-05,0,0,0,0,0,0,0,0,0,0,0,0,0,2.014115353e-06,0,0,0,0,0,0,0,0,0,0,0,0,0,2.432808469e-05,0,0,0,0,0,0,0,0,0,0,0,0,0,0,0,0,0,4.024370526e-07
130,0,0,0,2.295789091e-05,0,0,0,0,0.0009302773979,0.0003296764917,0.002428856445,0.001353341155,0.05981751159,0.06473740935,0.005625265185,0.002241868293,0,0,0,0,0,0,0,0,0,0,0,0,0,0,0,0,0,0,0,0,0,0,0,0,0,0,0,0.01905495673,0.03680412471,0.004837138578,0.004809777718,0.001675782492,0.001854533562,0.00215623551,0.0003724419803,0.0001018005132,0,0,0,0,0.0001028155166,0,0,0.0007662058924,0,0,0.000240475405,0,9.74434588e-05,0.0001613494969,0,3.421442307e-05,0.002183317905,0,0,0.0005999954301,0.5043482184,0,0.0002084599837,0.0006951453979,0,0,0,0,0,9.474605577e-06,0.003473168006,0.03717689589,0.1537117064,0.002382599516,0.009787082672,0.0009175246814,0.0001323157485,0,0,0,0,0,0,0,0,0,0,0,0,0,0,0,0,0,0,0,0,0,0,0,0,0,0,0,0,0,0,0,0,0,0,0,0,0,0,0,0,0,0,0,0,0,0,0,0,0,0,0,0,0,0
131,0,0,0,0.0001420487097,0,5.933837019e-05,0,2.905383735e-05,0.001588450745,0.001581491902,0.00238659652,0.000791550905,0.06052943692,0.06669472903,0.006068272516,0.001135426923,0,0,0,0,0,0,0,0,0,0,0.001070077298,0,0,0,0,0,0,0,0,0,0,0,0,0,0,0,0,0.05354698747,0.03143161535,0.00973200053,0.001527520944,0.00284972298,0.001183065237,0.0008869886515,0.0001076041954,0,0,0,0,0,0,0,0,0.003462338587,0,0,5.801198859e-05,0,0.001496582991,0,0.0002882832778,0,0.002113737399,0,0.0003086942015,0.007707967423,0.5893767476,4.17342635e-05,0.0006464411272,0.006526948418,0,0,0,0,0,0,0.0002356665063,0.05729160085,0.195490256,0.001513290568,0.0199834425,0.0001296346163,0.0005103463191,0,0,3.634729001e-05,4.598717715e-05,0,0,2.830705125e-05,0,0,0,0,0,3.035115242e-06,0,0,0,0,0,0,1.605741545e-06,0,0,0,0,1.381459697e-05,0,0,0,0,0,0,0,0,0,0,0,0,0,0,0,0,0,0,0,0,0,0,0,0,0,0,0,0,0
132,0,0,0,0,0,0,0,0,0.001276536495,0,0.002111469395,0.0003855565737,0.03977241367,0.02038694359,0.002380952472,0.005273177754,0,0,0,0,0,0,0,0,0,0,0,0,0,0,0,0,0,0,0,0,0,0,0,0,0,0,0,0.02997112833,0,0.003191534895,0.0008363239467,0.002344510751,0,0.003159426618,0,0,0,0,0,0,0,0,0,0.0009754890343,0,0,0.0002424601698,0,0,0,0,0,0.00373703707,0,0,0.006084807217,0.3797525167,0,6.738736556e-05,0.003447410651,0,0,0,0,0,0,0,0.0382309556,0.1321818829,0.0003486324276,0.002380952239,0,0,0,0,0,0,0,0,0,0,0,0,0,0,0,0,0,0,0,0,0,0,0,0,0,0,0,0,0,0,0,0,0,0,0,0,0,0,0,0,0,0,0,0,0,0,0,0,0,0,0,0,0,0,0,0
133,0,0,1.453931418e-05,0,0,0,0,0,0.001703606802,0,0.001618309296,0,0.04067579657,0.01948526502,0,0.001210605726,0,0,0,0,0,0,0,0,0,0,0,0,0,0,0,0,0,0,0,0,0,0,0,0,0,0,0,0.01221929863,0.003063068725,0.005486045964,0.002380952472,0.001032470725,0,0,0,0,0,0,0,0,0,0,0,0,0,0,0,0,0,0,0.002380952239,0,0.0003708015138,0,0,0,0.2329141498,0.002380952472,0,0.000437327777,0,0,0,0,0,0,0,0.03688057512,0.09658302367,0.002962711966,0,0,0,0,0,0,0,0,0,0,0,0,0,0,0,0,0,0,0,0,0,0,0,0,0,0,0,0,0,0,0,0,0,0,0,0,0,0,0,0,0,0,0,0,0,0,0,0,0,0,0,0,0,0,0,0,0
134,8.458086427e-07,0,7.466474926e-06,0,0,0,0.0005336830509,3.20787658e-05,0.001384646632,0.0005502826534,0.001880255411,0.0009861362632,0.04978191853,0.08018857241,0.005009505898,0.001549455337,0,0,0,0,0,0,0,0,0,0,0,0,0,0.001104527968,0,0,0,0,0,0,0,0,0,0,0,0,0,0.03674215451,0.02612967789,0.006604231428,0.001195421093,0.001416181563,0.0005450891913,0.0009473673999,5.512525968e-05,0.0001646438614,0,0,0,0,0,0.0001280182478,0,0.001295858761,0,0,7.701011054e-05,4.177240771e-05,0,0,0.0009304007981,0.001144081587,0.001663761213,0,0,0.006703437772,0.5170896649,0,7.895238377e-05,0.00910784211,0,0,0,8.429152331e-06,0,1.354770211e-05,0.001099415007,0.04837164283,0.1742068976,0.002065143548,0.01371798571,0.001100162044,0.002827752382,0.0003419009736,0,0.0001236459211,0,0,0,0,0,0,0,0,0,0,0,0,0,0,0,0,0,0,0,0,1.660162889e-05,0,0,0,0,0,0,0,0,0,0,0,0,0,0,0,0,0,0,0,0,0,0,0,0,0,0,0,0,0,0
135,0,0,0,0,4.095722761e-05,0,0,0,0.0003335713991,0,0.001187327318,0.001087712008,0.03570542112,0.02612124011,0,0.001214593183,0,0,0,0,0,0,0,0,0,0,0,0,0,0,0,0,0,0,0,0,0,0,0,0,0,0,0,0.0203282889,0.01111574285,0.005820083898,0.003051303327,0.007411797997,0,0.000321733387,0,0,0,0,0,0,0,0,0,0.00524675753,0,0,0,0,0,0,0,0,0.0003391111386,0,0,0,0.3042647243,0,0,0,0,0,0,0,0,0,0.0004923557281,0.02594012022,0.1124374494,0,0.0003594007285,0,0,0,0,0,0,0,0,0,0,0,0,0,0,0,0,0,0,0,0,0,0,0,0,0,0,0,0,0,0,0,0,0,0,0,0,0,0,0,0,0,0,0,0,0,0,0,0,0,0,0,0,0,0,0,0
136,0,0,0,0,0,0,0,0,0.0001057393019,0,4.576083666e-05,0,0.05502000451,0.0210000705,0,0.0002645039349,0,0,0,0,0,0,0,0,0,0,0,0,0,0,0,0,0,0,0,0,0,0,0,0,0,0,0,0.03967466578,0.005607232451,0.004676446784,0.002380952472,0.00116171746,0.0003461258602,0.0002616904967,0.002380952472,0,0,0,0,0.000208454032,0,0.0003916780697,0,0.003761325032,0,0,0,0,6.166214462e-06,0,0.003246907843,0,6.245623808e-05,0,0,0,0.2883420289,0,0,0,0,0,0,0,0,0,0.0002500888659,0.02147264965,0.09114097059,0,0,0,0,0,0,0,0,0,0,0,0,0,0,0,0,4.407169035e-05,0,0,0,0,0,0,0,0,0,0,0,0,0,0,0,0,0,0,0,0,0,0,0,0,0,0,0,0,0,0,0,0,0,0,0,0,0,0,0,0,0
137,0,0,0,0,0,0,0,0,0.0001431384881,0,1.389708086e-05,0.0002665625943,0.1035985798,0.01730767451,0,0.0005680340109,0,0,0,0,0,0,0,0,0,0,0,0,0,0,0,0,0,0,0,0,0,0,0,0,0,0,0,0.05453398824,0.04344882071,0.04086535797,0.01072869357,0.01007598639,0.004909524228,0.008410992101,0.008124979213,0.0005004785489,0,0,0,0,0.002380952472,0,0.0002589430951,0.01280892361,0,0,0,0,0,0.001480728737,0,0,0.001683318987,0,0,4.143756087e-06,0.4591873586,0.0005284624058,0.004195107147,0,0,4.026842362e-05,0,8.576411346e-05,0,4.554873885e-05,0.002457724884,0.07358536869,0.2458759397,0.004622182343,0,1.598297968e-05,0,0,0,0.0005990447826,0,0,0,0,0,0,0,0,0,0.0006497551803,0,0,0,0,0,0,0.0007848405512,0,0,0,4.654444274e-05,0,0,0,0,0,0,0,0,0,0,0,0,0.0002912163909,0,0,0,0,0,0,0,0,0,0,0,0,0,0,0,0,1.558196118e-06
138,0,0,0,0,3.662831659e-05,0,0,0,4.2867312e-05,0,2.352063711e-05,0,0.09475777298,0.01342098322,0,0.0002538819099,0,0,0,0,0,0,0,0,0,0,0,0,0,0,0,0,0,0,0,0,0,0,0,0,0,0,0,0.04477508739,0.02676299587,0.01844795048,0.01991374046,0.0190988984,0.007519305218,0.008038515225,0.001032192726,0,0,0,0,0,0,0,0,0.006494974252,0,0,0.0002257814776,0,6.404193118e-05,0,0.001397454762,0,8.076646191e-05,0,0,2.248525789e-06,0.4122650325,0.0003202640801,0.002380952472,3.269546198e-07,0,0,0.0001570954482,0,0,0.0002514986263,0.005529302638,0.03309888765,0.1891115606,0.002380952472,7.226295111e-06,0,0,8.673623029e-07,0,0.001722045941,0,0,0,0,0,0,0,0,0,0,0,0,0,0,0,0,0,0,0,0,0,0,0,0,0,0,0,0,0,0,0,0,0,0,0,0,0,0,0,0,0,0,0,0,0,0,0,0,0,0,2.561752444e-05
139,0,0,3.328645164e-07,0,0,0,0,5.268790119e-06,4.28912972e-05,0,3.154911974e-05,0,0.06623005122,0.07322067767,0.0004909096751,0.0002427055297,0,0,0,0,0,0,0,0,0,0,0,0,0,0,0,0,0,0,0,0,0,0,0,0,0,0,0,0.03690949082,0.03191610426,0.002520648763,0.004248979036,0.008900872432,0.002243854338,0,0.002292885678,0,0,0,0,0,0,0,0,0.0008956231759,0,0,0.0004467784893,0,4.508213806e-06,2.365563887e-05,0,0,4.805264689e-05,0,0,0,0.3894016743,0.0001551242021,0.000155903268,7.757329286e-07,0,0,2.475014298e-06,6.339969696e-05,0,0,0,0.01323807891,0.2442581803,0.0006632634904,0.000567113515,0,0,0,1.976365411e-06,5.958903785e-05,0,0,0,0,0,0,0,0,0,0,0,0,0,0,0,0,0,0,0,0,0,0,0,0,0,0,0,0,0,0,0,0,0,0,0,0,0,0,0,0,0,0,0,0,0,0,0,0,0,0,0
140,0,0,4.773141882e-06,0,0,0,0,0,5.561386934e-05,0,2.576351471e-05,8.903037815e-05,0.0474716574,0.05847343802,0.0006044904585,0.0003707147553,0,0,0,0,0,0,0,0,0,0,0,0,0,0,0,0,0,0,0,0,0,0,0,0,0,0,0,0.02513373271,0.002926364308,0.0009758887463,0,0,0.002380952472,0.00101761613,0,0,0,0,0,0,0,0,0,0.0007914860034,0,0,0,0,0,0,0,0,2.940514969e-05,0,0,0.0006038739812,0.3072559536,0.0001785000204,0,0,0,0,0,0,0,0,0,0.01008990873,0.146298036,0.0008984850137,0.005211464129,0,0,0,0,0,0,0,0,0,0,0,0,0,0,0,0,0,0,0,0,0,0,0,0,0,0,0,0,0,0,0,0,0,0,0,0,0,0,0,0,0,0,0,0,0,0,0,0,0,0,0,0,0,0,0,0
141,0,0,0,0,0,0,0,0,0.0001120838133,0,6.392977957e-05,2.242035043e-05,0.05291028321,0.03815884143,0,0.000303743378,0,0,0,0,0,0,0,0,0,0,0,0,0,0,0,0,0,0,0,0,0,0,0,0,0,0,0,0.02928796224,0.002407226712,0.0005048994208,0,0,0,0.0007801384781,0.0008426884306,0,0,0,0,0,0,0,0,0.002493512817,0,0,0,0,0,0,0,0,4.285294835e-06,0,0,0.0002293189609,0.2867255807,0,0,6.154160656e-05,0,0,0,0,0,0,0,0.01411081012,0.1138803735,0,0.0003469763615,0,0,0,0,0,0,0,0,0,0,0,0,0,0,0,0,0,0,0,0,0,0,0,0,0,0,0,0,0,0,0,0,0,0,0,0,0,0,0,0,0,0,0,0,0,0,0,0,0,0,0,0,0,0,0,0
142,0,0,1.521817831e-05,0.0008772151195,5.706679985e-06,0,0,6.476281851e-05,0.002350638155,0.001063719159,0.003875332186,0.003992133774,0.04107260704,0.1131070554,0.005048325751,0.003466983093,0,0,0,0,0,0,0,0,0,0,0,0,0,0,0,0,0,0,0,0,0,0,0,0,0,0,0,0.02242863551,0.004809065722,0.003095198423,0.0002573909296,0.0004752365057,0.0001178870298,0.0003513460397,3.515455319e-06,0.0003988901444,0,0,0.002380952472,0,0,6.958564336e-05,0.0003182945948,0.00106026209,0,0,7.10132299e-05,0,0,0,0.0005122920847,0.0002162640158,0.00341891963,0,0,0.00555761205,0.5665397048,0.003391135717,0.0002691019326,0.001792838564,0.0005651501124,0,0,1.060874274e-05,0,2.010867684e-05,0.00215399568,0.06071184576,0.209916532,0.003994697705,0.009064251557,0.001526584616,0,0,0,0,1.414394774e-05,0,0,0,0,0,0,0,3.083141337e-06,1.053365963e-06,0,0,0,0,0,0,0,0,0,0,2.819939073e-05,0,0,0,0,0,0,0,0,0,0,0,2.242043956e-05,0,0,0,0,0,0,0,0,0,0,0,0,0,0,0,0,0,0
143,4.987823559e-06,0,0.0001153203193,0.0003630243009,7.040666333e-06,0.0002770558931,0.0001228913025,9.380931442e-05,0.001593417372,0.001319791656,0.001906314748,0.002363286912,0.04696603864,0.1058774069,0.004243738949,0.001699357992,0,0,0,0,0,0,0,0,0,0,0.0004467516846,0,0.0007712744991,0,0,0,0,0,0,0,0,0,0,0,0,0,0,0.03749304637,0.02854872495,0.006254214793,0.003602549201,0.006668416783,0.001158398692,0.001625502482,0.0004602782719,0.0004033447185,0,0,0,0.002380952472,0,9.757236512e-06,0,0.002485970967,0,0,2.501746894e-05,8.672347576e-06,0.001003322774,0.0002585760085,0.0009882258018,0.0001878952608,0.001284270547,0,0.0001403260103,0.003351700958,0.5628731847,0.0002696460579,0.0003360053524,0.001892141532,0.0002661158796,0,0.0001181045591,1.802755469e-05,0,7.772314348e-06,0.002628519898,0.05626727268,0.1852693856,0.002489403589,0.0160764847,0.001052108128,0,9.021539154e-05,0,3.716605715e-05,2.162532382e-06,4.760543015e-05,0,0,0,0,1.032267119e-05,0,0,0,0,0,0,0,0,0,0,0,5.502356544e-06,0,0,0,0,0,0,0,0,0,0,0,0,0,2.518652946e-05,0,0,0,4.024370526e-07,0,0,0,0,0,0,0,1.558196118e-06,2.561752444e-05,0,0,0,0,0
