ROI_ID,1,2,3,4,5,6,7,8,9,10,11,12,13,14,15,16,17,18,19,20,21,22,23,24,25,26,27,28,29,30,31,32,33,34,35,36,37,38,39,40,41,42,43,44,45,46,47,48,49,50,51,52,53,54,55,56,57,58,59,60,61,62,63,64,65,66,67,68,69,70,71,72,73,74,75,76,77,78,79,80,81,82,83,84,85,86,87,88,89,90,91,92,93,94,95,96,97,98,99,100,101,102,103,104,105,106,107,108,109,110,111,112,113,114,115,116,117,118,119,120,121,122,123,124,125,126,127,128,129,130,131,132,133,134,135,136,137,138,139,140,141,142,143
1,0,1.169640018e-05,0.0007063716184,0.0001732381352,0.007568497211,0.03386871517,0.0006739514647,0.0003061507887,0.0003285169078,9.234644676e-05,0.001004554797,0.001044009929,0.0007148015429,0.003808997804,0.008205425926,0.0004487038823,3.224487955e-05,0.0001439779589,8.364975656e-05,8.855589112e-05,3.196714897e-05,8.050828001e-06,8.617393178e-06,0,4.211232954e-05,1.672724648e-05,0.0001655299129,0,0,9.249550203e-06,0,0,8.714008436e-05,0,0,0,0,0,0,0,0,0,0,0.0006074174889,0.000464196899,0.0004474571615,0.0005845571868,0.0008309427649,0.0008600094006,0.001043202472,0.0006202627555,0.0005928169121,0.001214010408,0,0,3.387292236e-05,4.108144276e-05,0.0005226853536,7.535514305e-05,0.001981358044,0.0005699790199,0.0003936992725,0.001237675897,0.0008483629208,4.902431101e-06,4.136171265e-05,0.0002586917544,5.813980897e-05,0.0006439990248,0.0002478985989,4.098265345e-05,0.000173467226,0.001772799296,0.0005248805974,0.0004550557351,3.016025221e-05,0,5.552488801e-06,0,0.0005202037864,9.712614883e-06,0.001220008591,0.0002912293712,0.0009989633691,0.0008284443757,0.000601464475,7.83390642e-05,0,1.824749415e-05,8.184118087e-06,1.162100762e-05,0.0007071166765,0.001107050688,0.1076050848,0.008984064683,0.02078546211,0.002376634628,0.003098632209,0.007778281346,0.005669232458,0.001717758249,0.001504056156,0.01481339429,0.002383328741,0.001116222702,0.0005708445678,3.99847886e-05,8.625395822e-06,0.03231231123,0.0005169802462,0.0006823185831,0.0001444608351,0.0003545970249,9.150539699e-05,0.001589147723,3.292304245e-05,0.003837762633,0.07064214349,0.0004781622847,2.40065765e-05,2.746048995e-05,0.0001203776264,1.706509829e-05,0.008278878406,0.9546254873,0.1738592237,0.0005732239806,0.0005404246622,0.001148705138,0.0006705755368,0.6228717566,0.04293550178,0.02901854925,0.003924219869,0.006250040606,0.0003457982675,0.0007228421164,0.0003966145741,2.073908945e-05,0.0005369999562,3.757259037e-05,0.001725746784,0.0009037270211
2,1.169640018e-05,0,5.42432781e-06,1.104723765e-06,0.003025976708,0.01271221042,2.556933759e-05,2.970099194e-05,4.428867396e-05,0,4.296305633e-05,0,0,0,5.818686623e-05,5.367094127e-05,0,0,0,0,0,0,0,0,2.080087688e-05,0,0,0,0,0,0,0,0,0,0,0,0,0,0,0,0,0,0,0,0,0,0,0,0.001290482935,0.002380952472,0,0,0,0,0,0,0,0,3.680810187e-05,0,0,0,0.001080911723,0.0002267177333,0,0,0,0,9.180611232e-05,0,0,1.861439159e-05,0.0004509973223,0.0009804858128,0.0006209788262,0,0,0,0,5.956099994e-05,0,0.0008657291764,0,0,0,0,0,0,0,0,0,0,0.0004148505104,0.06799903512,0.009735192172,0.01338147558,0.004165303428,0.006770860404,0.007712411694,0.002193362685,0.00198060926,0.001681175083,0.002381973667,4.997701035e-05,5.200701344e-05,2.146327824e-05,4.744505532e-06,0,0.00640342664,8.9885536e-05,0.000438683026,0,0.0002065473818,2.628697803e-05,1.233471357e-05,2.762234999e-06,0.0004751948291,0.009417479858,6.420354566e-06,0,2.31944e-06,0,3.97880649e-06,8.784576494e-06,0.8385563493,0.02671365999,0.0002434070775,4.819413789e-06,0.0009071204695,0,0.4106327295,0.006523909513,0.003407542128,0.001134401304,0.0001090708611,3.838508292e-06,0,4.802662261e-06,2.032665861e-06,1.746108683e-05,9.98383166e-06,0.0002344945096,0.0001176430305
3,0.0007063716184,5.42432781e-06,0,3.504745473e-05,0.05146378279,0.02429684065,6.937997387e-05,0.0007874945295,0.0004026817624,2.947754911e-05,0.0005487887538,0.0001720012369,0.001005639555,0.0003695354098,0.0001957612985,0.0004929605057,0.0001712673693,0.0001017924078,0.000115774681,1.554164373e-05,6.208127161e-05,0,0,0,0,0,3.214610479e-05,0,0.0001682768489,0,0,0,0,0,0,0,0,0,0,0.001424377784,0,0,0,0.001313684741,0.0001086387274,0.0002258120658,0.0005975572276,0.001844680286,0.0005375912297,0.000811729522,0.001139202039,0.00115218421,0,0,0,0,0,0.0001815993164,2.853920159e-05,0.0006642605877,0.0002443775011,0.0002488535829,0.001445095055,0.0008785325335,0,2.79234082e-05,0.0003416257678,0.0004278289562,0.0004536308115,0.0001565432613,1.405991588e-05,1.823107777e-05,0.0003994227445,0.0009403433651,0.0007722191513,0,0,2.927984497e-05,3.472657045e-05,0.0008973256918,3.651181942e-06,0.0009907797212,0,0.0002190408268,0.0004643881693,0.0006583725917,0.0001604332501,0.0001587335137,8.911131772e-06,5.809358754e-06,0,0.001766497619,0.0008497258532,0.08116344362,0.006110693794,0.01438035257,0.00194101152,0.002518486697,0.006339697167,0.003387823934,0.001641955925,0.001150659518,0.00396462623,0.0001684235613,0.000113860071,0.0001947205456,1.172363682e-05,5.027806765e-06,0.01350827143,0.0002429529704,0.0005466126604,4.721640653e-05,0.0003245236294,7.717761036e-05,0.0004500796204,1.159515705e-05,0.00130981009,0.03660200164,8.850502491e-05,5.867618711e-06,1.766578134e-05,8.40681314e-05,6.753304206e-06,0.0001216893361,0.9193885326,0.07014588267,0.0003777079401,0.0002592820383,0.000881910848,0.0009194066515,0.5192821622,0.01931478456,0.007737260312,0.001963252667,0.0004432187416,5.419600348e-05,3.520432438e-05,3.826036846e-05,1.161804266e-05,0.0001441458298,2.528784535e-05,0.00113254704,0.0008390092989
4,0.0001732381352,1.104723765e-06,3.504745473e-05,0,0.008145486005,0.009415214881,0.0002570674405,5.827840505e-05,0.0001241097925,0,0.0001036279282,3.459154686e-05,0.0005781357177,0.0003537342709,0.0003512193507,9.355174552e-05,4.055418685e-06,0,0,0,0,0,0,0,0,2.860965878e-06,0,0,0,0,0,0,0,0,0,0,0,0,0,0,0,0,0,6.526945072e-05,0,0.001094915671,0.002710863715,0.0005142168957,0.0002179842122,0.000212458428,0.001207560184,0.0005706966622,0,0,0,0,0,0.000127729727,1.711762161e-05,0.004964445718,0,0.00149939477,0.002000259236,0.0007764753536,0,1.525933658e-05,0,0.0001419079053,0.0001909600687,0,0,0,0,0.001341996249,0.003542504041,0,0,0,0,0.0003026866179,0,0.001646826626,0,0,0.0001086255579,0,0.002380952472,0,0,5.027972293e-05,0,0,0.002041588537,0.07631831616,0.02043572627,0.04772553965,0.008840604685,0.01326389704,0.01597932912,0.007070385385,0.003111607628,0.002254439984,0.002734786831,0.0003354168439,9.209750715e-05,7.0018119e-05,5.031124147e-06,0,0.01746488176,4.375342178e-05,0.0005840012454,6.784434663e-05,0.0002687514061,5.817845158e-05,0.000232850929,1.090181399e-06,0.001977648353,0.02742821537,3.690042649e-05,7.61353067e-06,9.021900951e-06,9.761894034e-06,4.622762901e-07,0.002524155658,0.8528245687,0.06250068545,0.0007349762018,0.0001168106755,0.001181594329,0.0007480434142,0.4618635178,0.01482002344,0.007533446886,0.001755531412,0.001414060243,8.367402916e-05,0.0004840817419,0.0001529721485,1.077621346e-05,0.0001280940196,0,0.000714525755,0.0009439160931
5,0.007568497211,0.003025976708,0.05146378279,0.008145486005,0,0.2264434397,0.09343139827,0.00693372963,0.01163906325,0.0166186709,0.01740758866,0.03009068966,0.01569821127,0.03362506256,0.02734874561,0.01862370968,0.01844823919,0.002463638084,0.003992925398,0.006939689163,0.006252254825,0.008471814916,0,0.002183165634,0.005518449005,0.002420225414,0.00122619234,0.001066180062,0.003104711883,0.001680061803,0.002800167073,0.001873954199,0.003457613522,0.002380952472,0.00292937248,0.002215604298,0.00414527487,0,0,0.004761904944,0,0,0,0.0161032062,0.01407017652,0.01769035123,0.01872895658,0.01736911573,0.01781631261,0.0180951301,0.01737200096,0.01032986864,0.004241534509,0.003313649446,0.00297787576,0.00100230833,0.003778441809,0.007285194937,0.01339227706,0.01050392352,0.002494595479,0.005117022432,0.0132392142,0.01023005694,0.01481370907,0.007448230404,0.006840143353,0.00416930113,0.01014729682,0.0137605574,0.01200567558,0.01961575076,0.01822712459,0.001820311998,0.009957243688,0.02548318729,0.009569416754,0.01723734103,0.01210240833,0.01666913927,0.03046019934,0.01341477502,0.004568004981,0.01298682205,0.01230417378,0.01250852831,0.006311431061,0.003294043941,0.0416912064,0.03024890274,0.02007976174,0.022163352,0.01257719845,0.2713599503,0.05333516374,0.0478220135,0.04722327366,0.04028512537,0.05278504267,0.08997773379,0.05524317175,0.06087586656,0.1411100775,0.07707571238,0.06661075354,0.04708589613,0.00396409072,0.002215328161,0.1880989075,0.04852929711,0.0339612104,0.02463739552,0.01998161152,0.008251915686,0.09634520859,0.00852744747,0.1035879925,0.1886746585,0.06452295184,0.02169138752,0.1516984254,0.02753901668,0.01927111298,0.07224743813,0.9617758989,0.3323661685,0.02106325515,0.1003232598,0.08581331372,0.0698197633,0.7391264439,0.2265463024,0.2046636939,0.0682092756,0.07450699061,0.06874460727,0.137509793,0.04874771461,0.06329700351,0.06791350245,0.02677954175,0.1248432919,0.0886073485
6,0.03386871517,0.01271221042,0.02429684065,0.009415214881,0.2264434397,0,0.009672128595,0.01037104707,0.03116159514,0.007616252638,0.0156157203,0.007912566885,0.04812031612,0.006637190934,0.004634885583,0.006758864969,0.008426425979,0.002812444698,0.01141881291,0.00950553827,0.006514585111,0.001753723249,0.00331764482,0.002987025771,0.0100162942,0.006882670801,0.002380952472,0.002380952472,0,0.01370753814,0.0004340203304,0.00347356149,0,0,0,0.002380952472,0.002380952472,0,0,0,0,0,0,0.02993378229,0.02991919592,0.01484607812,0.02802435122,0.03704563528,0.06267414242,0.02714874782,0.0599250868,0.04250092804,0.003897606861,0.002380952472,0,0,0,0.01762081124,0.02106521465,0.009346898645,0.004761904944,0.02352097258,0.04014497995,0.0403046757,0.008053259924,0.01408042852,0.008427854627,0.01345395949,0.03208925575,0.02578229457,0.02733226307,0.003745872993,0.01450650394,0.02060442232,0.03466458619,0.0036762245,0.01190476213,0,0.007757300511,0.03210555017,0.02263075113,0.04359668866,0.01445467956,0.008553034626,0.009672368877,0.01336870063,0.006257460918,0.002380952472,0.01862654649,0.02654322237,0.007877867669,0.05260470137,0.03062760644,0.5212712884,0.1067590863,0.1749013513,0.04902851582,0.06375177205,0.1767701358,0.09305600077,0.05045014992,0.06686946005,0.1271750778,0.06551174074,0.1122596785,0.137740463,0.02897666022,0.009356796741,0.261051327,0.07405604422,0.04697975144,0.02257573418,0.03909280151,0.02558210492,0.1748225838,0.05639671907,0.1286941916,0.3490688503,0.09939359128,0.02203086577,0.1248015463,0.0124306418,0.04296650738,0.04939420521,0.9915211201,0.4575108886,0.05145822093,0.1403556615,0.08027257025,0.06825180352,0.7943252921,0.2438226491,0.1883335114,0.1013256535,0.186636135,0.1244595423,0.0788866058,0.06399764121,0.05438186228,0.1237620339,0.02896352299,0.1706459522,0.08848606795
7,0.0006739514647,2.556933759e-05,6.937997387e-05,0.0002570674405,0.09343139827,0.009672128595,0,0.001178866136,0.0004151555477,0,0.0001501898369,0.002191562904,0.0002165558399,0.0001427412499,0,0.000236642969,0.001347580925,0,0,0,0,0,0,0,0,0,0.001350586419,0,0,0,0,0,0,0,0,0,0,0,0,0,0,0,0,0,0,0,0,0.001684000017,0,0,0.0006964312633,0,0,0,0,0,0,0.004761904944,0,0,0.002380952472,0.004761904944,0.01533940155,0.01015913766,0,0,0,0,0,0.002380952239,0.002380952472,0,0.0003286921419,0.002380952472,0.003287649481,0,0,0,0.002380952472,0.001677749911,0,0.005523077678,0.002380952472,0,0,0,0,0,0,0,0,0.002380952472,0.01496807765,0.1485870183,0.02815952338,0.03967871517,0.01945165917,0.01522466727,0.01190441195,0.0318980962,0.02539054863,0.01262294035,0.02556473948,0.002380952239,0.01321546268,0.01119990367,0.005849269684,0,0.08408170193,0,0.01544398628,0,0.0009340976248,0.004333703313,0.02223912813,0.0008720952319,0.02759594657,0.0643388629,0.004358658567,0.001428815071,0,0,0,6.969311016e-06,0.9178522825,0.1816421896,0.009201477282,0.004792132415,0.002234912477,0.000168448154,0.6605010629,0.04950747266,0.04321746156,0.03299114853,0.0007930775755,0.0005649121013,4.420335245e-06,2.336677426e-05,0.0001213741052,0.01360357553,0,0.0009143601637,0.0001682030706
8,0.0003061507887,2.970099194e-05,0.0007874945295,5.827840505e-05,0.00693372963,0.01037104707,0.001178866136,0,0.0003457861894,0,0.0009743212722,0.0003777208622,0.001027643797,0.0006162487553,0.0001077052148,0.0001597678638,2.749755913e-05,0,4.732537491e-05,2.617566315e-05,1.256901578e-05,0,0,0,0,5.096786481e-06,0,0,0,5.235060144e-06,0,0,0,0,0,1.145981696e-05,0,0,0,0,0,0.0001052370353,0,0.003529370995,0.00422782544,0.001565663028,0.00196861825,0.001759477775,0.002640290419,0.002681246027,0.001673827763,0.001948388643,0.001164796762,0.0002960724523,5.554021845e-05,0,0.0001905331301,0.001167367212,0.0001423932117,0.001014832873,0,0.001857483876,0.00212822156,0.001847692649,4.100168735e-05,1.47919709e-05,0.0005425894633,0.0001463010267,0.0006736232899,0.0006556589506,2.778968155e-05,9.21740957e-06,0.0003836837714,0.0004534393956,0.0006704322295,0.0002458015806,0.0001532456954,3.207286863e-05,2.380862861e-05,0.001368939527,8.551810606e-05,0.001884722733,0.0004850751138,0.001124281902,0.001326879486,0.001007089159,0,0,0.001057633082,0.0001228120818,0,0.002536972752,0.001402820926,0.09046401083,0.01011580974,0.03181904554,0.002343567321,0.003256142605,0.01170687005,0.005427835509,0.001632720116,0.001796686323,0.01404186897,0.001635571127,0.001455936464,0.001509886933,3.768557144e-05,1.467828588e-05,0.03868865222,0.0007325664628,0.0009395059897,0.0002756436879,0.0007349723601,0.0001592235785,0.003684912575,7.68538157e-05,0.005664843135,0.08236403763,0.002099867212,0.000229937039,0.0003587964457,0.0001713936945,7.885872765e-05,0.006317432038,0.963252604,0.21124731,0.001275575487,0.002626685658,0.001265966916,0.001815055264,0.6342000365,0.05343832821,0.03283759952,0.004700698424,0.01671212539,0.002322165295,0.002935716417,0.00218801247,0.0001300899748,0.002126145642,9.756744112e-05,0.003929781262,0.001402012422
9,0.0003285169078,4.428867396e-05,0.0004026817624,0.0001241097925,0.01163906325,0.03116159514,0.0004151555477,0.0003457861894,0,0,9.954834468e-07,5.145146588e-06,0,0,0,9.99856411e-07,2.299794505e-05,0,0,0,0,0,0,0,0,0,0,0,0,0,0,0,0,0,0,0,0,0,0,0,0,0,0,0,0,0,0,0,0,0,0,0,0,0,0,0,0,0,0,0,0,0,0,0,0,0,0,0,0,0,0,0,0,5.751291155e-06,0,0,0,0,0,0,0,0,0,0,0,0,0,0,0,0,0,0,0,0.09163399786,0.00492626382,0.0035864315,0.0009535643039,0.0007468403201,0.0003511042742,0.003094490152,0.0004078550555,0.000193028478,0.002270548837,0.0001909149287,0.0003210009017,0,5.670930841e-05,4.295667168e-06,0.004361967556,2.022995432e-05,0.0001449354022,0,3.405731331e-05,1.335340403e-05,4.012223872e-05,0,0.000393301656,0.0283678025,0.0001038227856,0,0,0,0,0.004353077617,0.7951691747,0.02042433433,9.328503438e-06,1.327084192e-05,3.83774277e-05,1.084388987e-05,0.3534357846,0.00336979283,0.004247029778,0.00105897733,0.005463886075,0.0002687142405,1.338127549e-05,0.0001609366445,0,6.26537485e-06,0,0.00020693634,1.414152212e-05
10,9.234644676e-05,0,2.947754911e-05,0,0.0166186709,0.007616252638,0,0,0,0,0,0,3.413900777e-05,0,0,0,0,0,0,0,0,0,0,0,0,0,0,0,0,0,0,0,0,0,0,0,0,0,0,0,0,0,0,0,0,0,0,0,0,0,0,0,0,0,0,0,0,0,0,0,0,0,0,0,0,0,0,0,0,0,0,0,0,0,0,0,0,0,0,0,0,0,0,0,0,0,0,0,0,0,0,0,0,0.05820224062,0.007852186449,0.007116313558,0.003167907707,0,0,0.002625188557,0.00106988335,0.0008194177062,0.001021694741,0,0.0002005622955,9.118939488e-05,0,0,0.007316223346,0,0.0004114465555,0,0,0,7.010814443e-05,0,0.0003098489251,0.01026877761,0,0,0,0,0,0,0.679074347,0.01533682272,0.001199567458,0,0,0.0003583279613,0.2982523739,0.001700982335,0,0.0003646239638,0.0003104137722,0,0,0,0,0,0,0.0003556885058,5.000436795e-05
11,0.001004554797,4.296305633e-05,0.0005487887538,0.0001036279282,0.01740758866,0.0156157203,0.0001501898369,0.0009743212722,9.954834468e-07,0,0,1.036206413e-06,0,3.4765686e-05,1.358103987e-06,5.924252946e-06,4.457005707e-05,0,0,0,0,0,0,0,3.373369691e-05,0.001449041069,0,0,0,0,0,0,0,0,0,0,0,0,0,0,0,0,0,0,0,0,2.45339811e-06,0,1.217381487e-05,0,1.480660922e-05,0,2.732110261e-06,0,0,0,0,0,0,0,0,0,1.702409645e-05,1.037060656e-06,1.884969492e-06,0,0,1.364751142e-06,1.220359422e-06,0,0,0,0,0,0,0,0,2.374829592e-06,0,0.000110568486,0,3.513188858e-05,0,0,0,4.85765031e-06,0,0,0,0,0,0,3.779854887e-05,0.1064844429,0.009626215324,0.02947429381,0.002400321187,0.002587323543,0.002767656697,0.009415652603,0.000792502542,0.0003560861805,0.002232743194,9.04007029e-05,0.0006529784296,0.001544189407,5.536375465e-05,1.744412111e-05,0.01604412869,0.0004533013853,0.0001688012417,0.0008915715152,3.632445441e-06,0.0001337184804,0.0002246863733,2.965913882e-05,0.003086361801,0.03114490211,0.0005083183059,0,0,0,0,0.0002110539353,0.8524865508,0.04578708485,0.0002177307761,0.0001650312188,0.0002231028338,0.0003719421511,0.404221952,0.009463475086,0.006662071683,0.002212305553,0.003874272341,9.105175559e-05,1.3191574e-05,3.155305967e-05,1.455722895e-06,7.017435564e-05,2.253441562e-05,0.0006608782569,1.835613875e-05
12,0.001044009929,0,0.0001720012369,3.459154686e-05,0.03009068966,0.007912566885,0.002191562904,0.0003777208622,5.145146588e-06,0,1.036206413e-06,0,0,2.512630817e-05,7.921193173e-06,1.485794655e-06,2.193337968e-05,2.564785791e-05,0,0,0,0,0,0,0,0,0,0,0,0,0,0,0,0,0,0,0,0,0,0,0,0,0,0,0,0,0,0,0,0,0.0001532189926,0,0,0,0,0,0,4.274758794e-06,5.405416346e-07,0,0,0,8.495064685e-05,4.799533417e-05,0,0,0,0,0,0,0,0,0,0,3.751006443e-05,0,0,0,0,2.001191024e-05,0,0.0001432015852,0,0,0,0,0,0,0,0,0,0,0.0002865174611,0.06812595576,0.02374758758,0.03191795573,0.002260452369,0.01153338235,0.01173965633,0.01632346399,0.007083355449,0.002765469952,0.003346242243,0.0008694507997,0.0009767921874,0.0001939674985,0.0002165805781,0,0.03442823514,0.000827744836,0.0005771301221,0.0007580961683,0.0001455210877,3.629412458e-05,0.0005020825774,3.021456905e-06,0.007522196509,0.03443475068,0.0001097475106,1.580136632e-05,1.589983731e-05,0,0,0.0001946630946,0.8372684121,0.08295512199,8.893099584e-05,0.0002231444378,0.0007843117346,0.0001436676393,0.4754423797,0.03192977235,0.01377898641,0.00590109732,0.01257598214,2.682962077e-05,0,7.710765931e-05,1.692555998e-05,0.0001965590927,8.648635412e-05,0.00145576545,0.0002731796994
13,0.0007148015429,0,0.001005639555,0.0005781357177,0.01569821127,0.04812031612,0.0002165558399,0.001027643797,0,3.413900777e-05,0,0,0,0,0,7.642532296e-07,0,0,0,0,0,0,0,0,0,0,0,0,0,0,0,0,0,0,0,0,0,0,0,0,0,0,0,0,0,0,0,0,0,0,0,0,0,0,0,0,0,0,0,0,0,0,0,2.614779532e-06,0,0,0,0,0,0,0,0,4.18555345e-07,0,0,0,0,0,0,0,0,0,0,0,0,0,0,0,0,0,0,0,0,0.1087872013,0.0009703777032,0.001540368306,0.0004163300619,0.000206972225,6.938424485e-05,0.001464626286,3.179223495e-05,0,0.001574874739,0.001301434124,0.0004338895087,0.001616652007,0,0,0.006856947206,0,8.867106953e-05,0,3.800413469e-05,0,0.0005699211033,0,0.003906962927,0.026821509,0,0,0,0,0,0.002729678759,0.8622428179,0.02912671864,0.0002018454106,0.0004020217166,3.629671119e-05,0,0.4083635807,0.007829191163,0.01407232787,0.002111770213,0.008152495138,0.004916377366,0,0.002486185636,0,0.001033089007,0,5.940641859e-05,1.19906681e-05
14,0.003808997804,0,0.0003695354098,0.0003537342709,0.03362506256,0.006637190934,0.0001427412499,0.0006162487553,0,0,3.4765686e-05,2.512630817e-05,0,0,4.949610593e-05,1.05030756e-06,0.002380952472,0,0,0,0,0,0,0,0,0,0,0,0,0,0,0,0,0,0,0,0,0,0,0,0,0,0,0,0,0,0,0,0.0002863968257,0,0,0,0,0,0,0,0,0,0,0,0,0,5.068071914e-05,0.0004996438511,0,0,0,0,0,0,0,0,0,0,0,0,0,0,0,0.0003388064506,0,0.0001958405919,0,0.0001070383296,0,0,0,0,0.0009442776209,0,0,0,0.0003901596647,0.07377116382,0.01535771415,0.01469710842,0.003948869649,0.006470806897,0.002423573285,0.0100095775,0.005264528561,0.0008721454069,0.00230749906,0,0.003591391491,0.001886967802,0,0,0.04122274369,0,0.001521940459,0,0.0003192234726,0,0.002880521119,0,0.01303539705,0.04758203402,0,0,0,0,0,0.0001405252842,0.8057895899,0.06283334643,0.002524274867,0.004761904944,6.769719039e-05,0.00377092557,0.4307436347,0.01509818062,0.006067365874,0.0108591821,0.009043340571,0.007142857648,0,0.00327231898,0,0.002380952472,0,0.0005813356256,0.001330808038
15,0.008205425926,5.818686623e-05,0.0001957612985,0.0003512193507,0.02734874561,0.004634885583,0,0.0001077052148,0,0,1.358103987e-06,7.921193173e-06,0,4.949610593e-05,0,6.305398983e-06,0,0,0,0,0,0,0,0,0,0,0,0,0,0,0,0,0,0,0,0,0,0,0,0,0,0,0,0,0,0,0,0,0,0,0.001176778926,0,0,0,0,0,0,0,0,0,0,0,0,0,0,0,0,0,0,0,0,0,0,0,0,0,0,0,0,0,0,0.0009879720164,0,0,0,0,0,0,0,0,0,0,0.0006224078243,0.04288299382,0.01731760055,0.006864054594,0.003827918321,0.008434204385,0.01055587549,0.0142857153,0.005866362248,0.00256871758,0,0,0,0,0,0.002380952472,0.03068027087,0,0,0,0.0005394098116,0.002380952472,0.00888281595,0,0,0.02422224171,0,0,0,0,0,0,0.7165243626,0.06011123955,0,0,0,0,0.307751447,0.005628442392,0.004761904944,0.02061154135,0.002530253958,0.001299635158,0,0.0002682111517,0,0.00143571652,0.0009462122107,0.002991138259,0
16,0.0004487038823,5.367094127e-05,0.0004929605057,9.355174552e-05,0.01862370968,0.006758864969,0.000236642969,0.0001597678638,9.99856411e-07,0,5.924252946e-06,1.485794655e-06,7.642532296e-07,1.05030756e-06,6.305398983e-06,0,0,0,0,0,0,0,0,0,0,0,0,0,0,0,0,0,0,0,0,0,0,0,0,0,0,0,0,0,0,2.843059883e-05,0,0,0,0,1.503678868e-05,7.723553426e-05,0,0,0,0,0,0,2.058030532e-06,0,0,0,2.096842763e-05,3.346677113e-05,0,0,0,0,3.345301229e-05,0,6.519854196e-06,0,0,0,0,0,0,0,0,0,0,8.444295963e-05,0,0,0,0,0,0,0,0,0,0,0.0001031692373,0.08442421257,0.01649879292,0.02521779202,0.003258038079,0.006121727638,0.006484735291,0.009059853852,0.001645605778,0.001732200501,0.003744323738,0.0003578262113,0.002859663451,0.001362190815,0.0001604318968,7.617999017e-06,0.0368302986,0.002336711157,0.0003814118973,0.0003848143388,0.0001293180248,0.0001614544453,0.00301075913,0.0001291646913,0.00442021573,0.03528375551,0.002499441383,0,4.304783215e-05,0,0,0.0009742174298,0.8479068875,0.06690582633,0.001367347781,0.0009976279689,6.772047345e-05,0.0002482654527,0.4502135813,0.01566897333,0.008512161672,0.004581819288,0.01055557746,0.0007102959207,0,0.0002518999099,1.264098955e-05,0.001024949132,0,0.001149462187,0.0001733881072
17,3.224487955e-05,0,0.0001712673693,4.055418685e-06,0.01844823919,0.008426425979,0.001347580925,2.749755913e-05,2.299794505e-05,0,4.457005707e-05,2.193337968e-05,0,0.002380952472,0,0,0,0,0,0,0,0,0,0,0,0,0,0,0,0,0,0,0,0,0,0,0,0,0,0,0,0,0,0.002380952472,0,0,0.002380952472,0,0.0006606648676,0.0004375119461,0.0009154651198,0,0,0,0,0,0,0,0,0,0,0,0,9.435263928e-05,0,0,0,0,0.0002167346684,0,0,0,0,0,0,0,0,0,0,0,0,0.0008188749198,0,0,0,0,0,0,0,0,0,0,0.0002687943634,0.06285855919,0.007959928364,0.0184826199,0.001967800781,0.00139554881,0.005749568809,0.00390242599,0.0002982893493,0.002893793629,0.01107292809,0.0001093944811,0.0009180060588,0.0006757909432,0,0,0.01978584938,0.0002164088946,0.0003685752745,0.0001523965038,0,0,0.0006411561044,0,0.00159618468,0.05912889168,0.0001894616435,0,5.463793059e-05,0,0,0.001039222116,0.8518400788,0.09869010746,4.642183194e-05,0.0002030382748,0.0002149002685,0.0004752737004,0.5864234567,0.01709878631,0.009654060937,0.002055455698,0.0004501150979,0.0001571278699,0,0,0,0.0003395414969,0,0.001034099143,0.0004775349516
18,0.0001439779589,0,0.0001017924078,0,0.002463638084,0.002812444698,0,0,0,0,0,2.564785791e-05,0,0,0,0,0,0,0,0,0,0,0,0,0,0,0,0,0,0,0,0,0,0,0,0,0,0,0,0,0,0,0,0,0,0,0,0,0,0,0,0,0,0,0,0,0,0,0,0,0,0,0,0,0,0,0,0,0,0,0,0,0,0,0,0,0,0,0,0,0,0,0,0,0,0,0,0,0,0,0,0,0,0.02103528567,0.0001745386689,0.001207879279,0,0,0.004761904944,0.0006375054945,0.0002325604873,0,0.001056274865,0,0,0.001181228785,0,0,0.007911041379,0,0,0,0,0,0,0,0.0006875946419,0.02966474555,0,0,0,0,0,0,0.6228486896,0.02602283098,0,0,0,0,0.3462072313,0,0.002380952472,0.000771203253,0,0,0,0.0006783728604,0,0,0,0,0
19,8.364975656e-05,0,0.000115774681,0,0.003992925398,0.01141881291,0,4.732537491e-05,0,0,0,0,0,0,0,0,0,0,0,0,0,0,0,0,0,0,0,0,0,0,0,0,0,0,0,0,0,0,0,0,0,0,0,0,0,0,0,0,0,0,0,0,0,0,0,0,0,0,0,0,0,0,0,0.002380952472,0,0,0,0,0,0,0,0,0,0,0,0,0,0,0,0,0,0,0,0,0,0,0,0,0,0,0,0,0,0.0298232697,0.006656308658,0.01056486648,0.0003242354724,0.0001846577798,0,0.002849934623,0.0003983355127,0,0.002058553509,0,0.0002158794232,0,0,0,0.008729973808,0,3.171638309e-05,0,0,0,0,0,0.002234881977,0.03196785972,0,0,0,0,0,0,0.7001357079,0.03157765791,0,0,0,0,0.4069467485,0.01019700617,0.002380952472,0.0009217749466,0.001036919537,0,0,0,0,0.000768220576,0,0,0
20,8.855589112e-05,0,1.554164373e-05,0,0.006939689163,0.00950553827,0,2.617566315e-05,0,0,0,0,0,0,0,0,0,0,0,0,0,0,0,0,0,0,0,0,0,0,0,0,0,0,0,0,0,0,0,0,0,0,0,0,0,0,0,0,0,0,0,0,0,0,0,0,0,0,0,0,0,0,0,0,0,0,0,0,0,0,0,0,0,0,0,0,0,0,0,0,0,0,0,0,0,0,0,0,0,0,0,0,0,0.02881363034,0.006035156548,0.008537870832,0.0005160173168,0.0009858717676,0,0.002955389675,0.0005171921221,0.0004944727989,0.008398846723,0,0,0.001592570334,0,0,0.01043255255,0,0.0001366499055,0,0,0,0,0,0.002380952472,0.05250515416,0,0,0,0,0,0,0.7273837328,0.04564073682,0,0,0,0,0.4628897011,0.005246795714,0.001102066948,0.0002842157555,0.003759203712,0.0002430439636,0,0,0,0,0,0,0
21,3.196714897e-05,0,6.208127161e-05,0,0.006252254825,0.006514585111,0,1.256901578e-05,0,0,0,0,0,0,0,0,0,0,0,0,0,0,0,0,0,0,0,0,0,0,0,0,0,0,0,0,0,0,0,0,0,0,0,0,0,0,0,0,0,0,0,0,0,0,0,0,0,0,0,0,0,0,0,0,0,0,0,0,0,0,0,0,0,0,0,0,0,0,0,0.000691561494,0,0,0,0,0,0,0,0,0.001456101192,0,0,0,0,0.02111521363,0.003840128426,0.009496504441,0.0009203680092,0.001278140233,0.002027589828,0.001100991154,0.0007017100579,0,0.003031043336,0,0,0,0,0,0.01438910235,0,0,0,0,0,0.003877256997,0,0,0.04469683394,0,0,0,0,0,0,0.7339339852,0.03474851698,0,0,0,0,0.4699316323,0.002597480314,0,0.000733554014,0.00390378735,0,0,0,0,0,0,0,0
22,8.050828001e-06,0,0,0,0.008471814916,0.001753723249,0,0,0,0,0,0,0,0,0,0,0,0,0,0,0,0,0,0,0,0,0,0,0,0,0,0,0,0,0,0,0,0,0,0,0,0,0,0,0,0,0,0,0,0,0,0,0,0,0,0,0,0,0,0,0,0,0,0,0,0,0,0,0,0,0,0,0,0,0,0,0,0,0,0,0,0,0,0,0,0,0,0,0,0,0,0,0,0.02584837191,0.0058575687,0.002396118827,0.0007224181318,0.002380952472,0.004705131054,0,0.0008595862892,0,0.001980572473,0,0,0.0002742262732,0,0,0.0115596829,0,0,0,0,0.0004267549375,0.0007228062605,0.0002094443771,0,0.02752617933,0,0,0,0,0,0,0.6086623073,0.03443964943,0,0,0.0001809687674,0,0.3382971883,0,0.003450750606,0.001383621595,0,0,0,0,0,0,0,0,0
23,8.617393178e-06,0,0,0,0,0.00331764482,0,0,0,0,0,0,0,0,0,0,0,0,0,0,0,0,0,0,0,0,0,0,0,0,0,0,0,0,0,0,0,0,0,0,0,0,0,0,0,0,0,0,0,0,0,0,0,0,0,0,0,0,0,0,0,0,0,0,0,0,0,0,0,0,0,0,0,0,0,0,0,0,0,0,0,0,0,0,0,0,0,0,0,0,0,0,0,0.01753827743,0.004761904944,0,0.002380952472,0,0.002380952472,0,0,0,0,0,0,0,0,0,0.004075805191,0,0,0,0,0,0,0,0,0.01149669383,0,0,0,0,0,0,0.3824317455,0.008705369197,0,0,0,0,0.1646368951,0,0,0,0,0,0,0,0,0,0,0.002380952472,0
24,0,0,0,0,0.002183165634,0.002987025771,0,0,0,0,0,0,0,0,0,0,0,0,0,0,0,0,0,0,0,0,0,0,0,0,0,0,0,0,0,0,0,0,0,0,0,0,0,0,0,0,0,0,0,0,0,0,0,0,0,0,0,0,0,0,0,0,0,0,0,0,0,0,0,0,0,0,0,0,0,0,0,0,0,0,0,0,0,0,0,0,0,0,0,0,0,0,0,0.004709823988,0.003642584197,0,0,0,0,0,0,0,0,0,0,0,0,0,0.003796899458,0,0.002380952472,0,0,0,0,0,0,0.01201728918,0,0,0,0,0,0.002380952239,0.2694795132,0.004761904944,0,0,0,0,0.139901787,0.002380952239,0.001025634585,0.002380952472,0.001942737494,0,0,0,0,0,0,0,0
25,4.211232954e-05,2.080087688e-05,0,0,0.005518449005,0.0100162942,0,0,0,0,3.373369691e-05,0,0,0,0,0,0,0,0,0,0,0,0,0,0,0,0,0,0,0,0,0,0,0,0,0,0,0,0,0,0,0,0,0,0,0,0,0,0,0,0,0,0,0,0,0,0,0,0,0,0,0,0.001921356888,0,0,0,0,0,0,0,0,0,0,0,0,0,0,0,0,0,0,0.002380952472,0,0,0,0,0,0,0,0,0,0,0,0.01733260043,0.003109774785,0.006146290805,0,0.003632362001,0.004761904944,0.0007983551477,0,0,0.00261588837,0,0.0006224191748,0,0,0,0.01190476213,0,0.0004793604312,0,0,0,0,0,0.0006780669792,0.0336974673,0,0,0,0,9.638215852e-05,0,0.6834145784,0.02610695735,0,0,0.002380952472,0,0.3492687941,0,0.002380952472,0,0.0004343503388,0.0008806623518,0,0,0,0.0001620769617,0,0.001063906238,0
26,1.672724648e-05,0,0,2.860965878e-06,0.002420225414,0.006882670801,0,5.096786481e-06,0,0,0.001449041069,0,0,0,0,0,0,0,0,0,0,0,0,0,0,0,0,0,0,0,0,0,0,0,0,0,0,0,0,0,0,0,0,0,0,0,0,0,0,0,0,0,0,0,0,0,0,0,0,0,0,0,0,0,0,0,0,0,0,0,0,0,0,0,0.0009441919392,0,0,0,0,0.0005543426378,0,0,0,0,0,0,0,0,0,0,0,0,0,0.03171945363,0.002380952472,0.00778746279,0,0.001229148475,0,0.002380952472,0.0002697049931,0,0.008344833739,0,0.00014674454,0,2.521034003e-05,0,0.00737721473,0,0.0002285240771,0,0,0,0,0,0.001189676696,0.02968816273,0,0,0,0.00146131136,0,0,0.6986365914,0.03359832615,0.000298006431,0,0,0,0.3614587188,0.003175080055,0,0.001177896513,0.002380952472,0,0,0,0,0.0003044753394,0,0.0002003454574,0
27,0.0001655299129,0,3.214610479e-05,0,0.00122619234,0.002380952472,0.001350586419,0,0,0,0,0,0,0,0,0,0,0,0,0,0,0,0,0,0,0,0,0,0,0,0,0,0,0,0,0,0,0,0,0,0,0,0,0,0,0,0,0,0,0,0,0,0,0,0,0,0,0,0,0,0,0,0,0,0,0,0,0,0,0,0,0,0,0,0,0,0,0,0,0,0,0,0,0,0,0,0,0,0,0,0,0,0,0.01191591937,0.003584708087,0,0,0.001064679585,0,0,0,0,0.001556675998,0,0,0,0,0,0.007048655767,0,0,0,0,0,0,0,0,0.02083307505,0,0.001530137728,0,0,0,0.002380952239,0.4782080054,0.004761904944,0,0,0,0,0.2682583928,0.002380952472,0,0,0.002044865862,0,0,0,0,0,0,0,0
28,0,0,0,0,0.001066180062,0.002380952472,0,0,0,0,0,0,0,0,0,0,0,0,0,0,0,0,0,0,0,0,0,0,0,0,0,0,0,0,0,0,0,0,0,0,0,0,0,0,0,0,0,0,0,0,0,0,0,0,0,0,0,0,0,0,0,0,0,0,0,0,0,0,0,0,0,0,0,0,0,0,0,0,0,0,0,0,0,0,0,0,0,0,0,0,0,0,0,0.004761904944,0,0,0,0,0,0,0,0,0.002380952239,0,0,0,0,0,0,0,0,0,0,0,0.0008696503355,0,0,0.008409094997,0,0,0,0,0,0,0.1713450253,0.002380952472,0,0,0,0,0.1321844757,0,0,0,0,0,0,0,0,0,0,0,0
29,0,0,0.0001682768489,0,0.003104711883,0,0,0,0,0,0,0,0,0,0,0,0,0,0,0,0,0,0,0,0,0,0,0,0,0,0,0,0,0,0,0,0,0,0,0,0,0,0,0,0,0,0,0,0,0,0,0,0,0,0,0,0,0,0,0,0,0,0,0,0,0,0,0,0,0,0,0,0,0,0,0,0,0,0,0,0,0,0,0,0,0,0,0,0,0,0,0,0,0.0007946395199,0.004761904944,0.002380952472,0.000311611715,0,0,0,0,0,0,0,0,0,0,0,0.003769883187,0,0,0,0,0,0,0,0.0007332990644,0.01256409008,0,0,0,0,0,0.002380952472,0.2564415634,0.002380952472,0,0,0,0,0.1604064405,0,0,0,0,0,0,0,0,0,0,0,0
30,9.249550203e-06,0,0,0,0.001680061803,0.01370753814,0,5.235060144e-06,0,0,0,0,0,0,0,0,0,0,0,0,0,0,0,0,0,0,0,0,0,0,0,0,0,0,0,0,0,0,0,0,0,0,0,0,0,0,0,0,0,0,0,0,0,0,0,0,0,0,0,0,0,0,0,0,0,0,0,0,0,0,0,0,0,0,0,0,0,0,0,0,0,0,0,0,0,0,0,0,0,0,0,0,0,0.008402909152,0,0,0,0.002380952472,0,0,0,0,0.004761904944,0,0,0,0,0,0.001976137282,0,0.0001415421284,0,0,0,0,0,0,0.008534822613,0,0,0,0,0,0,0.4358659089,0.01297453605,0,0,0,0,0.2692970037,0,0.002380952239,0,0,0,0,0,0,0,0,0,0
31,0,0,0,0,0.002800167073,0.0004340203304,0,0,0,0,0,0,0,0,0,0,0,0,0,0,0,0,0,0,0,0,0,0,0,0,0,0,0,0,0,0,0,0,0,0,0,0,0,0,0,0,0,0,0,0,0,0,0,0,0,0,0,0,0,0,0,0,0,0,0,0,0,0,0,0,0,0,0,0,0,0,0,0,0,0,0,0,0,0,0,0,0,0,0,0,0,0,0,0.008607403375,0,0.002380952472,0,0.002380952239,0,0,0,0,0,0,0,0,0,0,0,0,0.0006999485195,0,0,0,0,0,0,0.01542325411,0,0,0,0,0,0,0.362195611,0.00463904487,0,0,0,0,0.2055800557,0,0,0.0004624146677,0,0,0,0,0,0,0,0,0
32,0,0,0,0,0.001873954199,0.00347356149,0,0,0,0,0,0,0,0,0,0,0,0,0,0,0,0,0,0,0,0,0,0,0,0,0,0,0,0,0,0,0,0,0,0,0,0,0,0,0,0,0,0,0,0,0,0,0,0,0,0,0,0,0,0,0,0,0,0,0,0,0,0,0,0,0,0,0,0,0,0,0,0,0,0,0,0,0,0,0,0,0,0,0,0,0,0,0,0.005786304828,0.002380952472,0,0,0,0.001279712305,0.002380952472,0.002380952472,0,0.003656721208,0,0,0,0,0,0.006400822196,0,0,0,0,0,0.002380952472,0,0,0.01231206302,0,0,0,0,0,0,0.2691735327,0.01190476213,0,0,0,0,0.1340247989,0.002380952239,0,0,0,0,0,0,0,0,0,0,0
33,8.714008436e-05,0,0,0,0.003457613522,0,0,0,0,0,0,0,0,0,0,0,0,0,0,0,0,0,0,0,0,0,0,0,0,0,0,0,0,0,0,0,0,0,0,0,0,0,0,0,0,0,0,0,0,0,0,0,0,0,0,0,0,0,0,0,0,0,0,0,0,0,0,0,0,0,0,0,0,0,0,0,0,0,0,0,0,0,0,0,0,0,0,0,0,0,0,0,0,0.008650561795,0.001094806939,0.002380952472,0,0,0,0,0,0,0,0,0,0,0,0,0.004761904944,0,0,0,0,0,0,0,0,0.002380952472,0,0,0,0,0,0,0.2162386775,0.002380952472,0,0,0,0,0.0724555105,0,0,0,0,0,0,0,0,0,0,0,0
34,0,0,0,0,0.002380952472,0,0,0,0,0,0,0,0,0,0,0,0,0,0,0,0,0,0,0,0,0,0,0,0,0,0,0,0,0,0,0,0,0,0,0,0,0,0,0,0,0,0,0,0,0,0,0,0,0,0,0,0,0,0,0,0,0,0,0,0,0,0,0,0,0,0,0,0,0,0,0,0,0,0,0,0,0,0,0,0,0,0,0,0,0,0,0,0,0.003001272678,0,0,0,0.002380952472,0,0,0,0,0,0,0,0,0,0,0,0,0,0,0,0,0,0,0,0.003779564053,0,0,0,0,0,0,0.1190795675,0,0,0,0,0,0.04618117958,0,0,0,0,0,0,0,0,0,0,0,0
35,0,0,0,0,0.00292937248,0,0,0,0,0,0,0,0,0,0,0,0,0,0,0,0,0,0,0,0,0,0,0,0,0,0,0,0,0,0,0,0,0,0,0,0,0,0,0,0,0,0,0,0,0,0,0,0,0,0,0,0,0,0,0,0,0,0,0,0,0,0,0,0,0,0,0,0,0,0,0,0,0,0,0,0,0,0,0,0,0,0,0,0,0,0,0,0,0.006254361011,0,0.002380952472,0,0,0,0,0,0,0.002380952472,0,0,0,0,0,0,0,0,0,0,0,0,0,0,0.006207908504,0,0,0,0,0,0,0.2182162404,0.004831649363,0,0,0,0,0.1153022274,0,0,0.00105228473,0,0,0,0,0,0,0,0,0
36,0,0,0,0,0.002215604298,0.002380952472,0,1.145981696e-05,0,0,0,0,0,0,0,0,0,0,0,0,0,0,0,0,0,0,0,0,0,0,0,0,0,0,0,0,0,0,0,0,0,0,0,0,0,0,0,0,0,0,0,0,0,0,0,0,0,0,0,0,0,0,0,0,0,0,0,0,0,0.002380952472,0,0,0,0,0,0,0,0,0,0,0,0,0,0,0,0,0,0,0,0,0,0,0,0.005538688973,0,0,0,0,0,0,0,0.0008954943041,0,0,0,0,0,0,0.007142857648,0,0,0,0,0,0.002380952472,0,0,0.008596842177,0,0,0,0,0,0,0.3487026989,0.004761904944,0,0,0,0,0.1546894014,0.004761904944,0,0.0005971439532,0.002380952472,0,0,0,0,0,0,0,0
37,0,0,0,0,0.00414527487,0.002380952472,0,0,0,0,0,0,0,0,0,0,0,0,0,0,0,0,0,0,0,0,0,0,0,0,0,0,0,0,0,0,0,0,0,0,0,0,0,0,0,0,0,0,0,0,0,0,0,0,0,0,0,0,0,0,0,0,0,0,0,0,0,0,0,0,0,0,0,0,0,0,0,0,0,0,0,0.001270919689,0,0,0,0,0,0,0,0,0,0,0,0.002257540589,0.0004234852386,0.002380952472,0,0,0,0,0,0,0,0,0,0,0,0,0.002380952472,0,0,0,0,0,0,0,0,0.01054794528,0,0,0,0,0,0,0.2292097211,0.004761904944,0,0,0,0,0.134917587,0,0,0,0,0,0,0,0,0,0,0,0
38,0,0,0,0,0,0,0,0,0,0,0,0,0,0,0,0,0,0,0,0,0,0,0,0,0,0,0,0,0,0,0,0,0,0,0,0,0,0,0,0,0,0,0,0,0,0,0,0,0,0,0,0,0,0,0,0,0,0,0,0,0,0,0,0,0,0,0,0,0,0,0,0,0,0,0,0,0,0,0,0,0,0,0,0,0,0,0,0,0,0,0,0,0,0,0,0,0,0,0,0,0,0,0,0,0,0,0,0,0,0,0,0,0,0,0,0,0,0,0,0,0,0,0,0,0.04371501878,0,0,0,0,0,0.008900525048,0,0,0,0,0,0,0,0,0,0,0,0
39,0,0,0,0,0,0,0,0,0,0,0,0,0,0,0,0,0,0,0,0,0,0,0,0,0,0,0,0,0,0,0,0,0,0,0,0,0,0,0,0,0,0,0,0,0,0,0,0,0,0,0,0,0,0,0,0,0,0,0,0,0,0,0,0,0,0,0,0,0,0,0,0,0,0,0,0,0,0,0,0,0,0,0,0,0,0,0,0,0,0,0,0,0,0.002380952472,0,0.002380952472,0,0,0,0,0,0,0,0,0,0,0,0,0,0,0,0,0,0,0,0,0,0,0,0,0,0,0,0,0.0642857179,0,0,0,0,0,0.01038093027,0,0,0,0,0,0,0,0,0,0,0,0
40,0,0,0.001424377784,0,0.004761904944,0,0,0,0,0,0,0,0,0,0,0,0,0,0,0,0,0,0,0,0,0,0,0,0,0,0,0,0,0,0,0,0,0,0,0,0,0,0,0,0,0,0,0,0,0,0,0,0,0,0,0,0,0,0,0,0,0,0,0,0,0,0,0,0,0,0,0,0,0,0,0,0,0,0,0,0,0,0,0,0,0,0,0,0,0,0,0.002380952472,0,0,0,0.002380952472,0,0.002380952472,0,0.002380952472,0.002380952472,0,0,0,0,0,0,0,0.007142857648,0,0,0,0,0,0,0,0,0.004761904944,0,0,0,0,0,0,0.199429363,0.002380952472,0,0,0,0,0.08336502314,0,0,0,0,0,0,0,0,0,0,0,0
41,0,0,0,0,0,0,0,0,0,0,0,0,0,0,0,0,0,0,0,0,0,0,0,0,0,0,0,0,0,0,0,0,0,0,0,0,0,0,0,0,0,0,0,0,0,0,0,0,0,0,0,0,0,0,0,0,0,0,0,0,0,0,0,0,0,0,0,0,0,0,0,0,0,0,0,0,0,0,0,0,0,0,0,0,0,0,0,0,0,0,0,0,0,0.002380952472,0,0,0,0,0,0,0,0,0,0,0,0,0,0,0,0,0,0,0,0,0,0,0,0.002380952472,0,0,0,0,0,0,0.08257570863,0.007142857648,0,0,0,0,0.02319285646,0,0,0,0,0,0,0,0,0,0,0,0
42,0,0,0,0,0,0,0,0.0001052370353,0,0,0,0,0,0,0,0,0,0,0,0,0,0,0,0,0,0,0,0,0,0,0,0,0,0,0,0,0,0,0,0,0,0,0,0,0,0,0,0,0,0,0,0,0,0,0,0,0,0,0,0,0,0,0,0,0,0,0,0,0,0,0,0,0,0,0,0,0,0,0,0,0,0,0,0,0,0,0,0,0,0,0,0,0,0.007142857648,0.002380952472,0.002380952239,0,0,0,0,0.00101982092,0,0,0,0,0,0,0,0.002380952472,0,0,0,0,0,0,0,0,0,0,0,0,0,0,0,0.1149307713,0.002380952472,0,0,0,0,0.03466502577,0,0,0,0,0,0,0,0,0,0,0,0
43,0,0,0,0,0,0,0,0,0,0,0,0,0,0,0,0,0,0,0,0,0,0,0,0,0,0,0,0,0,0,0,0,0,0,0,0,0,0,0,0,0,0,0,0,0,0,0,0,0,0,0,0,0,0,0,0,0,0,0,0,0,0,0,0,0,0,0,0,0,0,0,0,0,0,0,0,0,0,0,0,0,0,0,0,0,0,0,0,0,0,0,0,0,0,0,0,0,0,0,0,0,0,0,0,0,0,0,0,0,0,0,0,0,0,0,0,0,0.002380952472,0,0,0,0,0,0,0.02142857201,0.004761904478,0,0.002380952472,0,0,0,0,0,0,0,0,0,0,0,0,0,0,0
44,0.0006074174889,0,0.001313684741,6.526945072e-05,0.0161032062,0.02993378229,0,0.003529370995,0,0,0,0,0,0,0,0,0.002380952472,0,0,0,0,0,0,0,0,0,0,0,0,0,0,0,0,0,0,0,0,0,0,0,0,0,0,0,0,0,0,0,0,0,0,0,0,0,0,0,0,0,0,0,0,0,0,0,0,0,0,0,0,0,0,0,0,0,0,0,0,0,0,0,0,0,0,0,0,0,0,0,0,0,0,0,0,0.1080688909,0.0002599969157,0.0004757886054,0,0.0001241422142,3.366609235e-05,6.021969602e-05,4.818845991e-05,0,0.001317742048,0,0,0.002380952472,0,0,0.002544213086,0,0.0001708197378,0,0,0,0,0,0.006390694529,0.03776856884,0,0,0,0,0,0,0.811547637,0.01592777111,0,0,0,0,0.3998818099,0.0004516905756,0.003085095668,0.001381573151,0.005199652165,0,0,0,0,0,0,8.025856368e-05,0
45,0.000464196899,0,0.0001086387274,0,0.01407017652,0.02991919592,0,0.00422782544,0,0,0,0,0,0,0,0,0,0,0,0,0,0,0,0,0,0,0,0,0,0,0,0,0,0,0,0,0,0,0,0,0,0,0,0,0,0,0,0,0,0,0,0,0,0,0,0,0,0,0,0,0,0,0,0,0,0,0,0,0,0.002380952472,0,0,0,0,0,0,0,0,0,0,0,0,0,0,0,0,0,0,0,0,0,0,0,0.1320342869,3.3245753e-05,2.136003241e-05,1.194156084e-05,0,4.116984201e-05,0,0,2.871548531e-05,0.002298566047,0,0,0,0,0,0.001953561325,0,0.0003331095795,0,0,0,0,0,0.004761904944,0.02639365941,0,0,0,0,0,0,0.8264371753,0.02210770175,0,0.0005293320282,3.859318895e-05,0,0.3770910203,0,0.002380952472,0.004018503707,0.002380952239,0,0,0,0,0,0,0,0
46,0.0004474571615,0,0.0002258120658,0.001094915671,0.01769035123,0.01484607812,0,0.001565663028,0,0,0,0,0,0,0,2.843059883e-05,0,0,0,0,0,0,0,0,0,0,0,0,0,0,0,0,0,0,0,0,0,0,0,0,0,0,0,0,0,0,0,0,0,0,0,0,0,0,0,0,0,0,0,0,0,0,0,0,0,0,0,0,0,0,0,0,0,0,0,0,0,0,0,0,0,0,0,0,0,0,0,0,0,0,0,0,0,0.07828360051,0.001347264275,0.001392855425,3.517803407e-06,0,0.000659396057,0.0001626588928,5.050111577e-05,0,0.001882361015,0,0,0,0,0,0.0002422770631,0,8.425849228e-05,0,0,0,0,0,0.0007076650509,0.02792947553,0,0,0,0,0,0,0.7178334594,0.02939864062,0,0,0,0,0.3874689639,0.002093580784,0,0,0.008809363469,0,0,0.0006421618746,0,0,0,0,0
47,0.0005845571868,0,0.0005975572276,0.002710863715,0.01872895658,0.02802435122,0,0.00196861825,0,0,2.45339811e-06,0,0,0,0,0,0.002380952472,0,0,0,0,0,0,0,0,0,0,0,0,0,0,0,0,0,0,0,0,0,0,0,0,0,0,0,0,0,0,0,0,0,0,0,0,0,0,0,0,0,0,0,0,0,0,0,0,0,0,0,0,0,0,0,0,0,0,0,0,0,0,0,0,0,0,0,0,0,0,0,0,0,0,0,0,0.1070229635,0.0001142193723,0.0003801475104,0,0,1.449519277e-05,6.372016651e-05,0,0,0.003943537362,0,0,0,0,0,0.001418215223,0,0,0,0,0,0,0,0.002759985626,0.02657154948,0,0,0,0,0,0.004022796638,0.808103919,0.01943765208,0,0,3.645980905e-05,0,0.3830292523,0.007463128306,0,0.001014867332,0.005675037857,0.000383959763,0,0,0,0,0,0,0
48,0.0008309427649,0,0.001844680286,0.0005142168957,0.01736911573,0.03704563528,0.001684000017,0.001759477775,0,0,0,0,0,0,0,0,0,0,0,0,0,0,0,0,0,0,0,0,0,0,0,0,0,0,0,0,0,0,0,0,0,0,0,0,0,0,0,0,0,0,0,0,0,0,0,0,0,0,0,0,0,0,0,0,0,0,0,0,0,0,0,0,0,0,0,0,0,0,0,0,0,0,0,0,0,0,0,0,0,0,0,0,0,0.1115488037,5.683619747e-05,0.0001480251376,0.0001313265966,6.953091361e-05,3.202514335e-06,0.0003287289583,1.083612278e-05,0,0.002700006822,0,0.002380952472,0,0,0,0.001127342111,0,9.995917935e-06,0,0.0001140942695,0,0,0,0.000799330126,0.03358851373,0,0,0,0,0,0.0007195026847,0.8355599046,0.01761154085,0.0002144043974,0,0,0,0.3829915524,0.003925076686,0.002380952472,0.0002336824255,0.0055398033,0,0,0,0,0,0,0,0
49,0.0008600094006,0.001290482935,0.0005375912297,0.0002179842122,0.01781631261,0.06267414242,0,0.002640290419,0,0,1.217381487e-05,0,0,0.0002863968257,0,0,0.0006606648676,0,0,0,0,0,0,0,0,0,0,0,0,0,0,0,0,0,0,0,0,0,0,0,0,0,0,0,0,0,0,0,0,0,0,0,0,0,0,0,0,0,0,0,0,0,4.691918093e-06,1.831579903e-05,0,0,0,0,0,0,0,0,9.090881576e-06,0,0,0,0,0,0,0,0,0,0,0,0,0,0,0,0,0,0,0,4.316931154e-06,0.113513045,0.0005030786851,0.0006149518304,6.771623157e-05,2.2588305e-05,1.057483041e-05,0.0004298913409,1.31523193e-05,9.504971786e-06,0.003747256706,0.0009485309711,0.00323647703,0,0.003074435517,0,0.000923808082,0.005922931712,1.126672851e-05,0,0.000136424278,0.0002303976362,0.002380952239,0,0.002573545557,0.03157614544,0,0,0,0,0,0.003730061697,0.8573634028,0.02118217945,0,0.0003367742465,1.192488799e-05,0,0.3875390589,0.006883830298,0.009289539419,0.0006939268205,0.009320423007,0.0006367368042,0,0.00148100045,7.284654566e-05,0,0,0,1.153500489e-05
50,0.001043202472,0.002380952472,0.000811729522,0.000212458428,0.0180951301,0.02714874782,0,0.002681246027,0,0,0,0,0,0,0,0,0.0004375119461,0,0,0,0,0,0,0,0,0,0,0,0,0,0,0,0,0,0,0,0,0,0,0,0,0,0,0,0,0,0,0,0,0,0,0,0,0,0,0,0,0,0,0,0,0,0,0,0,0,0,0,0,0,0,0,0,0,0,0,0,0,0,0,0,0,0,0,0,0,0,0,0,0,0,0,0,0.1148160622,0.000231825994,0.0006441654987,8.679150596e-06,5.983904339e-05,0,0.001118784305,3.058083894e-05,0,0.005141462665,0,0,0,0,0,0.0007733513485,0,2.771102299e-05,0,0,0,0,0,0.005024624057,0.0256224703,0.0009419168346,0,0,0,0,0.0002831559977,0.8042179942,0.02026676945,0,0,0,0,0.3942491114,0.00510612363,0.0001228011242,4.378008452e-05,0.004829229787,0,0,0,0,0,0,7.999716763e-05,0
51,0.0006202627555,0,0.001139202039,0.001207560184,0.01737200096,0.0599250868,0.0006964312633,0.001673827763,0,0,1.480660922e-05,0.0001532189926,0,0,0.001176778926,1.503678868e-05,0.0009154651198,0,0,0,0,0,0,0,0,0,0,0,0,0,0,0,0,0,0,0,0,0,0,0,0,0,0,0,0,0,0,0,0,0,0,0,0,0,0,0,0,0,0,0,0,0,0,0,0,0,0,0,0,0,0,0,0,0,0,0,0,0,0,0,0,0,0,0,0,0,0,0,0,0,0,0,0,0.110001497,0.0001269150671,0.0004002171627,1.078981404e-05,2.236359433e-05,3.406014366e-05,0.000156932103,5.752838661e-06,3.15476882e-06,0.003583682468,0,0.002380952472,0.0008213162655,0,0,0.001459551393,0.002380952472,4.465194434e-05,0,3.733491758e-05,0,0.002586428309,0,0.001134766149,0.03224091604,0,0,0,0,0,0.002524998272,0.8134068847,0.02013674378,3.109818499e-05,0,2.976993301e-06,0.0001410717232,0.3866623342,0.00881110318,0.01038646512,0.0004587685689,0.008111528121,0.00190400111,0.0006063458277,0.00217451225,0,0,0,6.508872957e-06,0
52,0.0005928169121,0,0.00115218421,0.0005706966622,0.01032986864,0.04250092804,0,0.001948388643,0,0,0,0,0,0,0,7.723553426e-05,0,0,0,0,0,0,0,0,0,0,0,0,0,0,0,0,0,0,0,0,0,0,0,0,0,0,0,0,0,0,0,0,0,0,0,0,0,0,0,0,0,0,0,0,0,0,0,0,0,0,0,0,0,0,0,0,0,0,0,0,0,0,0,0,0,0,0,0,0,0,0,0,0,0,0,0,0,0.08438809216,0.005259223748,0.01018437371,0.0001170111354,0.0006423785817,0.0003059149021,0.003873675596,0.0005192675744,0.0001833271817,0.001253143535,0,0.0005212056567,0,0.00012707524,0,0.005336387083,0,6.369345101e-06,0,0,0,0,0,0.0002925924491,0.02726739086,0,0,0,0,0,0.00391531596,0.7844924331,0.01987842843,0,0,1.019038609e-05,2.828921424e-05,0.3402312696,0.003966191784,0.00247202022,0.0005083744763,0.007347401697,0.001274176524,0,0.001430984819,0,0,0,0.0002725035883,0
53,0.001214010408,0,0,0,0.004241534509,0.003897606861,0,0.001164796762,0,0,2.732110261e-06,0,0,0,0,0,0,0,0,0,0,0,0,0,0,0,0,0,0,0,0,0,0,0,0,0,0,0,0,0,0,0,0,0,0,0,0,0,0,0,0,0,0,0,0,0,0,0,0,0,0,0,0,0,0,0,0,0,0,0,0,0,0,0,0,0,0,0,0,0,0,0,0,0,0,0,0,0,0,0,0,0,0,0.01361025777,0.007142857648,0.002380952472,0,0,0,0.002380952239,0,0,0.001027963706,0,0,0,0,0,0.001150273951,0,0,0,0,0,0,0,0,0.01503780391,0,0,0,0,0,0,0.266266942,0.004138999619,0,0,0,0,0.206738621,0,0.002380952472,0.0003220548097,0,0,0,0,0,0,0,0,0
54,0,0,0,0,0.003313649446,0.002380952472,0,0.0002960724523,0,0,0,0,0,0,0,0,0,0,0,0,0,0,0,0,0,0,0,0,0,0,0,0,0,0,0,0,0,0,0,0,0,0,0,0,0,0,0,0,0,0,0,0,0,0,0,0,0,0,0,0,0,0,0,0,0,0,0,0,0,0,0,0,0,0,0,0,0,0,0,0,0,0,0,0,0,0,0,0,0,0,0,0,0,0.01334438473,0,0,0,0,0,0,0,0,0.0002062990679,0,0,0,0,0,0,0,0,0,0,0,0,0,0,0.004776023794,0,0,0,0,0,0.002380952472,0.1841329336,0.0006100689061,0,0,0,0,0.1002937704,0,0,0,0,0,0,0,0,0,0,0,0
55,0,0,0,0,0.00297787576,0,0,5.554021845e-05,0,0,0,0,0,0,0,0,0,0,0,0,0,0,0,0,0,0,0,0,0,0,0,0,0,0,0,0,0,0,0,0,0,0,0,0,0,0,0,0,0,0,0,0,0,0,0,0,0,0,0,0,0,0,0,0,0,0,0,0,0,0,0,0,0,0,0,0,0,0,0,0,0,0,0,0,0,0,0,0,0,0,0,0,0,0.01613697782,0,0,0,0,0,0,0,0,0.0001841475605,0,0,0,0,0,0.001257618773,0,0,0,0,0,0,0,0,0.00548832817,0,0,0,0,0,0,0.1936408579,0.002986662555,0,0,0,0,0.1155482009,0,0,0.0006839780253,0,0,0,0,0,0,0,0,0
56,3.387292236e-05,0,0,0,0.00100230833,0,0,0,0,0,0,0,0,0,0,0,0,0,0,0,0,0,0,0,0,0,0,0,0,0,0,0,0,0,0,0,0,0,0,0,0,0,0,0,0,0,0,0,0,0,0,0,0,0,0,0,0,0,0,0,0,0,0,0,0,0,0,0,0,0,0,0,0,0,0,0,0,0,0,0,0,0,0,0,0,0,0,0,0,0,0,0,0,0.007142857648,0,0.001260666759,0,0,0,0,0,0,0.002210025676,0,0,0,0,0,0,0,0,0,0,0,0,0,0,0.006226298399,0,0,0,0,0,0,0.2103940547,0.003825216787,0,0,0,0,0.135431841,0.002380952472,0,0,0,0,0,0,0,0,0,0,0
57,4.108144276e-05,0,0,0,0.003778441809,0,0,0.0001905331301,0,0,0,0,0,0,0,0,0,0,0,0,0,0,0,0,0,0,0,0,0,0,0,0,0,0,0,0,0,0,0,0,0,0,0,0,0,0,0,0,0,0,0,0,0,0,0,0,0,0,0,0,0,0,0,0,0,0,0,0,0,0,0,0,0,0,0,0,0,0,0,0,0,0,0,0,0,0,0,0,0,0,0,0,0,0.02970451675,0,0,0,0,0,0.001171058509,0.0009657852934,0,0.0003934671986,0,0,0,0,0,0,0,0,0,0,0,0,0,0,0.01408252772,0,0,0,0,0,0,0.377379179,0.001136405626,0,0,0,0,0.2093490362,0.001042924938,0,0,0.002380952472,0,0,0,0,0,0,0,0
58,0.0005226853536,0,0.0001815993164,0.000127729727,0.007285194937,0.01762081124,0.004761904944,0.001167367212,0,0,0,4.274758794e-06,0,0,0,0,0,0,0,0,0,0,0,0,0,0,0,0,0,0,0,0,0,0,0,0,0,0,0,0,0,0,0,0,0,0,0,0,0,0,0,0,0,0,0,0,0,0,0,0,0,0,0,0,0,0,0,0,0,0,0,0,0,0,0,0,0,0,0,0,0,0,0,0,0,0,0,0,0,0,0,0,0,0.05778101832,0.006875289138,0.009824311361,0.004761904944,0.002422339981,0.001525113243,0.005727306008,0.004079467617,0.006355294026,0.001286715502,0.0001933488675,2.610758747e-05,0,0,0,0.005840423051,0,4.046327012e-05,0,0,1.00586667e-05,0,0,0.0002459839743,0.02269498818,0.0003055181296,0,0,9.954111192e-06,0,0.002217181725,0.7629190087,0.02442767099,0,0.0002372781164,0.0001147332805,0,0.2494730204,0.001765620196,0.001903453842,0.0001979224762,0.004761904944,0,0,0,0,0.0001010394553,0,0,0
59,7.535514305e-05,3.680810187e-05,2.853920159e-05,1.711762161e-05,0.01339227706,0.02106521465,0,0.0001423932117,0,0,0,5.405416346e-07,0,0,0,2.058030532e-06,0,0,0,0,0,0,0,0,0,0,0,0,0,0,0,0,0,0,0,0,0,0,0,0,0,0,0,0,0,0,0,0,0,0,0,0,0,0,0,0,0,0,0,0,0,0,0,0,0,0,0,0,0,0,0,0,0,0,0,0,0,0,0,0,0,9.516516002e-06,0,0,0,0,0,0,0,0,0,0,0,0.07877261937,0.004806278739,0.009082907811,0.001473888988,0.004272909369,0.0004267200711,0.002202499891,0.002407624619,0.0001595202339,0.0006449263892,0,4.012481895e-06,0,0,0,0.002199779963,0,5.200621672e-05,0,8.199581316e-06,2.407761713e-06,0,0,8.437821816e-05,0.01275848038,0,0,0,0,0,0,0.74900949,0.01119451597,0,1.527419772e-05,6.768773892e-05,0,0.2236184925,0.002025318332,0.001084677293,0.0005849276204,0.007863096893,0,0,0.001063520205,0,4.200118929e-05,0,2.155830043e-05,0
60,0.001981358044,0,0.0006642605877,0.004964445718,0.01050392352,0.009346898645,0,0.001014832873,0,0,0,0,0,0,0,0,0,0,0,0,0,0,0,0,0,0,0,0,0,0,0,0,0,0,0,0,0,0,0,0,0,0,0,0,0,0,0,0,0,0,0,0,0,0,0,0,0,0,0,0,0,0,0,0,0,0,0,0,0,0,0,0,0,0,0,0,0,0,0,0,0,0,0,0,0,0,0,0,0,0,0,0,0,0.06062832847,0.002583604539,0.001284097205,0,0,0.001274611219,0.002380952472,3.654545435e-05,3.485494744e-05,0.003633216489,0,0,0,0,0,0.001746477443,0,2.068792674e-05,0,0,0,0,0,0.004761904944,0.03035309352,0.001228631125,0,0,0,0,0,0.6601427794,0.01261540782,0,0,0,0,0.3255779147,0.004761904944,0,0.000568274816,0.00534312427,0,0,0.0006454825052,0,0,0,0,0
61,0.0005699790199,0,0.0002443775011,0,0.002494595479,0.004761904944,0.002380952472,0,0,0,0,0,0,0,0,0,0,0,0,0,0,0,0,0,0,0,0,0,0,0,0,0,0,0,0,0,0,0,0,0,0,0,0,0,0,0,0,0,0,0,0,0,0,0,0,0,0,0,0,0,0,0,0,0,0,0,0,0,0,0,0,0,0,0,0,0,0,0,0,0,0,0,0,0,0,0,0,0,0,0,0,0,0,0.02323129401,0,0,0.002380952472,0,0,0.002380952239,0,0,0.0004755058617,0,0,0,0,0,0.001745760208,0,0,0,0,0,0,0,0,0.006895900704,0.0007867089589,0,0,0,0,0,0.3089072704,0.001176806749,0,0,0,0,0.1622808129,0.0004187433515,0,0.0006019032444,0.002380952239,0,0,0,0,0,0,0,0
62,0.0003936992725,0,0.0002488535829,0.00149939477,0.005117022432,0.02352097258,0.004761904944,0.001857483876,0,0,0,0,0,0,0,0,0,0,0,0,0,0,0,0,0,0,0,0,0,0,0,0,0,0,0,0,0,0,0,0,0,0,0,0,0,0,0,0,0,0,0,0,0,0,0,0,0,0,0,0,0,0,0,0,0,0,0,0,0,0,0,0,0.0001726696646,0,0,0,0,0,0,0,0,0,0,0,0,0,0,0,0,0,0,0,0.0001528662833,0.06309766322,0.003440845758,0.008757453412,0.0008689067326,0.003486677771,0,0.00162647164,0.0006900868611,0,0.0009349972825,0,0.0005576192052,0,0,0,0.001339529525,0.0002170540829,7.175980863e-05,0,4.264991003e-05,0,0.0002646268695,0,0.0002145803301,0.02014197968,0.000519992318,0,0,0,0,0,0.6808736324,0.01204147004,0,0,0,0,0.3184399605,0.001234809053,0.00100913248,0.0003951690742,0.005611056928,0.0005692251143,0,0.001289080363,0,0,0,0,0
63,0.001237675897,0.001080911723,0.001445095055,0.002000259236,0.0132392142,0.04014497995,0.01533940155,0.00212822156,0,0,1.702409645e-05,8.495064685e-05,0,5.068071914e-05,0,2.096842763e-05,0,0,0,0,0,0,0,0,0.001921356888,0,0,0,0,0,0,0,0,0,0,0,0,0,0,0,0,0,0,0,0,0,0,0,4.691918093e-06,0,0,0,0,0,0,0,0,0,0,0,0,0,0,0,0,0,0,0,0,0,0,0,0,0,0,0,0,0,0,1.561776662e-05,0,4.041413604e-07,0,0,0,0,0,0,0.001301729004,0,0,0,3.438082422e-05,0.08403117955,0.003033686429,0.006519526709,0.0006194402231,0.0006846688339,0.0006751466426,0.002195204142,0.0002339595521,3.785904846e-05,0.003418871667,0.001611328917,0.003990958445,0,0.0001432506688,0.0001441784261,0.003136830172,0.0002691860136,3.818567347e-05,0,1.31438992e-05,2.570451579e-05,0.0008175105904,0,0.001269797096,0.02925299108,0.001212642761,0,0.0003479517181,0,0,0.005897070281,0.7840827703,0.0183426328,4.069141869e-05,0,2.66604693e-05,0.0001988656149,0.3862724304,0.005879727658,0.007687294856,0.001073935768,0.009170833044,0.001070434926,0.0003619038325,0.003545883344,0,0.0002273068239,0,8.115762466e-05,2.346103247e-05
64,0.0008483629208,0.0002267177333,0.0008785325335,0.0007764753536,0.01023005694,0.0403046757,0.01015913766,0.001847692649,0,0,1.037060656e-06,4.799533417e-05,2.614779532e-06,0.0004996438511,0,3.346677113e-05,9.435263928e-05,0,0.002380952472,0,0,0,0,0,0,0,0,0,0,0,0,0,0,0,0,0,0,0,0,0,0,0,0,0,0,0,0,0,1.831579903e-05,0,0,0,0,0,0,0,0,0,0,0,0,0,0,0,0,0,0,0,0,1.095292873e-06,0,0,0.0001923160598,0,0,0,0,0,0,4.954217275e-06,1.397189044e-05,0,0,0,0,0,0,0,5.663269621e-05,0,0,0,5.856647476e-05,0.089696154,0.01780111343,0.04182304442,0.005707203876,0.004228442442,0.002232175088,0.007430552505,0.002133108908,0.001166545553,0.001468764851,0.0002651563846,0.0002970767673,0.000616854406,0,2.466887508e-06,0.01159624942,2.68506974e-05,0.0001145910865,0,9.592900824e-06,6.440735433e-06,0.0003459132276,2.300492815e-05,0.0005055977381,0.0310417898,0.0004161874531,0,0.0001877440081,0,0,0.01307301223,0.8076995611,0.02387287095,0.0001913513406,8.297619934e-05,6.644972018e-05,8.017467917e-05,0.320358336,0.00444568228,0.003787837923,0.001437268336,0.01480288804,0.001982968533,0.002485971898,0.003216903191,0.0002519306727,0.0001426919771,0,0.0002932231,1.344615612e-05
65,4.902431101e-06,0,0,0,0.01481370907,0.008053259924,0,4.100168735e-05,0,0,1.884969492e-06,0,0,0,0,0,0,0,0,0,0,0,0,0,0,0,0,0,0,0,0,0,0,0,0,0,0,0,0,0,0,0,0,0,0,0,0,0,0,0,0,0,0,0,0,0,0,0,0,0,0,0,0,0,0,0,0,0,0,0,0,0,0,0,0,0,0,0,0,0,0,0,0,0,0,0,0,0,0,0,0,0,0,0.03276904672,0,0,0,0,0,0.002380952472,0,0,0.0007125238189,0,0,0,0,0,0.0003197770566,0,0,0,0,0,0,0,0,0.007524043322,0,0,0,0,0,0,0.4536800086,0.00454944605,0,0,0,0,0.2335176468,0,0.001545335166,8.065234579e-05,0,0,0,0,0,0,0,0,0
66,4.136171265e-05,0,2.79234082e-05,1.525933658e-05,0.007448230404,0.01408042852,0,1.47919709e-05,0,0,0,0,0,0,0,0,0,0,0,0,0,0,0,0,0,0,0,0,0,0,0,0,0,0,0,0,0,0,0,0,0,0,0,0,0,0,0,0,0,0,0,0,0,0,0,0,0,0,0,0,0,0,0,0,0,0,0,0,0,0,0,0,0,0,0,0,0,0,0,0,0,0,0,0,0,0,0,0,0,0,0,0,0,0.04985772446,0,0,0.002380952472,0,0,0,0,0,0.000440096861,0,0,0,0,0,0.0004917842452,0,0,0,0,0,0,0,0,0.00654568756,0,0,0,0,0,0,0.549395144,0.00576671958,0,0,0,0,0.2678750455,0,0.001503018546,0,0.003794146236,0,0,0,0,0,0,0,0
67,0.0002586917544,0,0.0003416257678,0,0.006840143353,0.008427854627,0,0.0005425894633,0,0,0,0,0,0,0,0,0,0,0,0,0,0,0,0,0,0,0,0,0,0,0,0,0,0,0,0,0,0,0,0,0,0,0,0,0,0,0,0,0,0,0,0,0,0,0,0,0,0,0,0,0,0,0,0,0,0,0,0,0,0,0,0,0,0,0,0,0,0,0,0,0,0,0,0,0,0,0,0,0,0,0,0,0,0.0444512032,0.001752357581,0.002380952239,0,0,0,0.007142857648,0.0001423627691,0,0.0005020240205,0,0,0,0,2.717316238e-05,0.004335807636,0,6.343050336e-05,0,0,0,0,0,0,0.01932309754,0,0,0,0,0,0,0.5206224918,0.01376316231,0,0,0,0.0004744488979,0.220119521,0.0003253245377,0.000592779892,0,0,0,0,0.0008467392763,0,0,0,0,0
68,5.813980897e-05,0,0.0004278289562,0.0001419079053,0.00416930113,0.01345395949,0,0.0001463010267,0,0,1.364751142e-06,0,0,0,0,0,0,0,0,0,0,0,0,0,0,0,0,0,0,0,0,0,0,0,0,0,0,0,0,0,0,0,0,0,0,0,0,0,0,0,0,0,0,0,0,0,0,0,0,0,0,0,0,0,0,0,0,0,0,0,0,0,0,0,0,0,0,0,0,0,0,0,0,0,0,0,0,0,0,0,0,0,0,0.03928470612,0.008072394878,0.002380952239,0.001679832698,0,0.0005906011211,0,0.0004076872137,0,0.0008616304258,0,3.225440014e-05,0,0,0,0.002289964352,0,0.0001031246575,0,0,0,0,0,0.0002509492915,0.0194056686,0,0,0,0,0,0.003787569003,0.6132029295,0.01905274391,0,0,0,0,0.2279675454,0.001411893289,0,0.0002236846049,0.004320761189,0,0,0,0,0,0,0,8.188088032e-06
69,0.0006439990248,9.180611232e-05,0.0004536308115,0.0001909600687,0.01014729682,0.03208925575,0,0.0006736232899,0,0,1.220359422e-06,0,0,0,0,3.345301229e-05,0.0002167346684,0,0,0,0,0,0,0,0,0,0,0,0,0,0,0,0,0,0,0,0,0,0,0,0,0,0,0,0,0,0,0,0,0,0,0,0,0,0,0,0,0,0,0,0,0,0,0,0,0,0,0,0,0,0,0,0,0,0,0,0,0,0,0,0,0,0,0,0,0,0,0,0,0,0,0,0,0.07134094089,0.008133878,0.008900078014,0.0001252727525,0,0.000262082991,0.001079604262,0.00013261204,0,0.002032641554,0.001424855902,0.0005956125678,7.436978194e-05,0,0,0.003948006779,0.000220988557,9.390599735e-05,0,0,0,0,0,0.0002565632167,0.0262231566,0,0,0,0,0,0.00138232403,0.7726402283,0.02060810663,0,0,7.467646356e-05,3.720403038e-05,0.3571861386,0.006220782176,0.002452166984,0.0006758189411,0.003536128206,0.0002859508677,5.781939763e-05,0.0001111122183,0,0,0,8.042799163e-05,3.17706108e-05
70,0.0002478985989,0,0.0001565432613,0,0.0137605574,0.02578229457,0.002380952239,0.0006556589506,0,0,0,0,0,0,0,0,0,0,0,0,0,0,0,0,0,0,0,0,0,0,0,0,0,0,0,0.002380952472,0,0,0,0,0,0,0,0,0.002380952472,0,0,0,0,0,0,0,0,0,0,0,0,0,0,0,0,0,0,1.095292873e-06,0,0,0,0,0,0,0,0,0,0,0,0,0,0,0,0,0,0,0,0,0,0,0,0,0,0,0,0,0,0.08094167709,0.009761296213,0.01088357437,0.006710023154,0.004387063906,0.003439277178,0.005081678741,0.004019374494,0.004337541293,0.0006192821311,0,0,0,0,0,0.005020048004,0,3.284764534e-05,0,1.976844715e-06,0,0,1.404611794e-05,0.0001800576865,0.02263667621,0,0,0,0,0,0.0008658898296,0.7573702335,0.01500708517,0,0.0002506017045,0.0006011471851,0,0.2584374547,0.001679490088,0.0002852238249,0.0008975135279,0,0,0,0,0,0,0,7.70807892e-05,1.109632376e-05
71,4.098265345e-05,0,1.405991588e-05,0,0.01200567558,0.02733226307,0.002380952472,2.778968155e-05,0,0,0,0,0,0,0,6.519854196e-06,0,0,0,0,0,0,0,0,0,0,0,0,0,0,0,0,0,0,0,0,0,0,0,0,0,0,0,0,0,0,0,0,0,0,0,0,0,0,0,0,0,0,0,0,0,0,0,0,0,0,0,0,0,0,0,0,0,0,0,0,0,0,0,0,0,0,0,0,0,0,0,0,0,0,0,0,0,0.08487248421,0,0.004761904944,0.0007778251893,0,0.002860422013,0,0.001222877647,0,0.0001542635146,0.0002062706626,0,0,0,0,0.000495956454,0,0,0,0,0,0,0,9.544567729e-05,0.00589900557,0,0,0,0,0,0.0007828072994,0.6441046,0.005913912784,0,0,0,0,0.2651934624,0.002245249692,0.002625920111,5.961607167e-05,0.001388442237,0,0,0,0,0,0,0,0
72,0.000173467226,1.861439159e-05,1.823107777e-05,0,0.01961575076,0.003745872993,0,9.21740957e-06,0,0,0,0,0,0,0,0,0,0,0,0,0,0,0,0,0,0,0,0,0,0,0,0,0,0,0,0,0,0,0,0,0,0,0,0,0,0,0,0,0,0,0,0,0,0,0,0,0,0,0,0,0,0,0,0,0,0,0,0,0,0,0,0,0,0,0,0,0,0,0,0,0,0.0003826476459,0,0,0,0,0,0,0,0,0,0,0,0.0486192368,0.005553324241,0.0005609843065,0.0003076342691,0.002380952472,0.002277808264,0.006529145408,0,0,0.001493685879,0,0,0,0,0,0.006915586069,0,0,0,0,0,0.002380952239,0,0.004761904944,0.01238506567,0,0,0,0,0,1.44172202e-06,0.5919550657,0.0252279155,0,0,0,0,0.3179588318,0,0,0.007683231961,1.898358096e-05,0,0,2.64121627e-06,0,0,0,0,0
73,0.001772799296,0.0004509973223,0.0003994227445,0,0.01822712459,0.01450650394,0.0003286921419,0.0003836837714,0,0,0,0,4.18555345e-07,0,0,0,0,0,0,0,0,0,0,0,0,0,0,0,0,0,0,0,0,0,0,0,0,0,0,0,0,0,0,0,0,0,0,0,9.090881576e-06,0,0,0,0,0,0,0,0,0,0,0,0,0.0001726696646,0,0.0001923160598,0,0,0,0,0,0,0,0,0,1.025245638e-05,0,0,0,0,0,2.735061753e-05,0,0,0,0,0,0,0,0,0,0,0,0,0,0.1060480177,0.00292441505,0.007332001347,0.0001229575864,0.001710615819,0.001170146163,0.003645253833,0,0.0001094820473,0.002065732144,0,0,0,0,0,0.006793283392,0,6.506678619e-05,0,1.419778164e-05,0,0.005769448821,0,0.002487668302,0.0303099826,0,0,0,0,0.0002389896545,0.0001453805307,0.8104469776,0.03997969627,0,0.0003013107053,0,0,0.4184384942,0.006368831266,0.003857739968,0.002953107469,0.01018116996,0.002380952472,0.002380952472,0.0001408561802,0,0.0006898720167,0,8.256921865e-05,0
74,0.0005248805974,0.0009804858128,0.0009403433651,0.001341996249,0.001820311998,0.02060442232,0.002380952472,0.0004534393956,5.751291155e-06,0,0,0,0,0,0,0,0,0,0,0,0,0,0,0,0,0,0,0,0,0,0,0,0,0,0,0,0,0,0,0,0,0,0,0,0,0,0,0,0,0,0,0,0,0,0,0,0,0,0,0,0,0,0,0,0,0,0,0,0,0,0,0,1.025245638e-05,0,0,0,0,0,0,0,0,0,0,0,0,0,0,0,0,0,0,0,0,0.03915749118,0.007142857648,0.009620411322,0.00307466439,0.001793325762,0.001633872627,0.007918922231,0,0,0.001167940092,0,0.0008679956081,0,0,0,0.007474089973,0,6.465395472e-06,0,7.638074749e-06,0,0.0007662633434,0,8.642616012e-05,0.01777191646,0,0,0,0,0,0.002380952472,0.6251737475,0.01382756606,5.347308615e-05,0,0,0,0.2526279688,0.001841089921,0.002380952472,0.002544601681,0.00494717434,0,0,0.002380952472,0,0,0,0,0
75,0.0004550557351,0.0006209788262,0.0007722191513,0.003542504041,0.009957243688,0.03466458619,0.003287649481,0.0006704322295,0,0,0,3.751006443e-05,0,0,0,0,0,0,0,0,0,0,0,0,0,0.0009441919392,0,0,0,0,0,0,0,0,0,0,0,0,0,0,0,0,0,0,0,0,0,0,0,0,0,0,0,0,0,0,0,0,0,0,0,0,0,0,0,0,0,0,0,0,0,0,0,0,0,0,0,0,0,0,0,0,0,0,0,0,0,0,0,0,0,0,0,0.06821382791,0.003224476473,0.003320366843,0.0008546053432,6.125456275e-05,0.000998676056,9.637588664e-05,0.0001914657478,6.412999937e-05,0.004491874948,0,0,0,0,0,0.002290060977,0,2.882290937e-05,0,3.365201701e-05,0,0,0,0.0002456780348,0.02389775589,0,0,0.0004312465317,0.002380952472,0,0.005499736872,0.7274757028,0.01407445688,0.0001056769252,0,0,0,0.3514774144,0.009579557925,0.006790875457,0.001144186244,0.005070792511,0.002380952472,0,0.001125374227,0,0,0,2.72681591e-05,7.646717677e-06
76,3.016025221e-05,0,0,0,0.02548318729,0.0036762245,0,0.0002458015806,0,0,0,0,0,0,0,0,0,0,0,0,0,0,0,0,0,0,0,0,0,0,0,0,0,0,0,0,0,0,0,0,0,0,0,0,0,0,0,0,0,0,0,0,0,0,0,0,0,0,0,0,0,0,0,0,0,0,0,0,0,0,0,0,0,0,0,0,0,0,0,0,0,0,0,0,0,0,0,0,0,0,0,0,0,0.06424543262,0.01127471216,0.005293728318,0.001017724862,0,0.0005941768177,0.003539704951,0.0009206833784,0.0006503415643,0.001922737574,0,0.001253566938,0.001261611353,0,0,0.004848379176,0,0.001045549405,0,0,0,0,0,0.007142857648,0.005376981571,0,0,0,0,0,1.856916242e-05,0.5996932983,0.01114211045,0,1.290179171e-05,0,0,0.2831540108,0.002992125694,0.003014362184,0.001769431517,8.485598664e-05,0,0,0,0,0,0,0,0
77,0,0,0,0,0.009569416754,0.01190476213,0,0.0001532456954,0,0,0,0,0,0,0,0,0,0,0,0,0,0,0,0,0,0,0,0,0,0,0,0,0,0,0,0,0,0,0,0,0,0,0,0,0,0,0,0,0,0,0,0,0,0,0,0,0,0,0,0,0,0,0,0,0,0,0,0,0,0,0,0,0,0,0,0,0,0,0,0,0,0,0,0,0,0,0,0,0,0,0,0,0,0.05973352492,0,0,0,0,0,0,0,0,0,0,0,0,0,0,0.00127464463,0,0,0,0,0,0,0,0,0.002016391838,0,0,0,0,0,0,0.3270376325,0.004525596276,0,0,0,0,0.1490297318,0,0,0,0,0,0,0,0,0,0,0,0
78,5.552488801e-06,0,2.927984497e-05,0,0.01723734103,0,0,3.207286863e-05,0,0,2.374829592e-06,0,0,0,0,0,0,0,0,0,0,0,0,0,0,0,0,0,0,0,0,0,0,0,0,0,0,0,0,0,0,0,0,0,0,0,0,0,0,0,0,0,0,0,0,0,0,0,0,0,0,0,0,0,0,0,0,0,0,0,0,0,0,0,0,0,0,0,0,0,0,0,0,0,0,0,0,0,0,0,0,0,0,0.06227733195,0.004761904944,0.001462250599,0,0,0,0,0,0,0.0008422682295,0,0,0,0,0,0,0,0,0,0,0,0,0,0.00123016187,0.00283457106,0,0,0,0,0,0,0.3968923092,0.0006293861079,0,0,0,0,0.1865597516,0.001497285324,0,0.00108587835,0.0003400178102,0,0,0,0,0,0,0,0
79,0,0,3.472657045e-05,0,0.01210240833,0.007757300511,0.002380952472,2.380862861e-05,0,0,0,0,0,0,0,0,0,0,0,0,0,0,0,0,0,0,0,0,0,0,0,0,0,0,0,0,0,0,0,0,0,0,0,0,0,0,0,0,0,0,0,0,0,0,0,0,0,0,0,0,0,0,0,0,0,0,0,0,0,0,0,0,0,0,0,0,0,0,0,0,0,0,0,0,0,0,0,0,0,0,0,0,0,0.05606716499,0,0.002380952239,0,0,0.002380952472,0,0,0,0.0007214510115,0,0,0,0,0,0.0001439000189,0,0,0,0,0,0,0,0,0.005517536774,0,0,0,0,0,0.0008477983065,0.4927508235,0.007891207002,0,0,0,0,0.2620779276,0.0002540377318,0,0,0.0009578646859,0,0,0,0,0,0,0,0
80,0.0005202037864,5.956099994e-05,0.0008973256918,0.0003026866179,0.01666913927,0.03210555017,0.001677749911,0.001368939527,0,0,0.000110568486,2.001191024e-05,0,0.0003388064506,0,0,0,0,0,0,0.000691561494,0,0,0,0,0.0005543426378,0,0,0,0,0,0,0,0,0,0,0,0,0,0,0,0,0,0,0,0,0,0,0,0,0,0,0,0,0,0,0,0,0,0,0,0,1.561776662e-05,4.954217275e-06,0,0,0,0,0,0,0,0,2.735061753e-05,0,0,0,0,0,0,0,0,2.520947874e-06,0,0,0,0,0,0,0,0,0,0,7.413193543e-07,0.1194886491,0.01753645204,0.009488563053,0.003608722938,0.002524410607,0.000526792137,0.007782660425,0.001930451021,0.001030003186,0.001633321634,0.0001911925647,7.991194434e-05,0.0001210687842,1.510412039e-05,1.125489462e-06,0.006142068189,0,3.48317626e-05,0,4.666940004e-05,0,0.003196211299,4.21971672e-05,0.0003518718004,0.03047708422,0.001194376615,0,0,0,5.813026655e-05,0.002452315763,0.8128352761,0.02183763124,0.0004333505058,0.001282192185,1.920765317e-05,0,0.3300134838,0.005194395781,0.003596111666,0.001180142397,0.008858688176,0.002102693543,0.0003164891677,0.002699421486,0.0002121569996,0.0004357765429,0.0001767721842,2.047215821e-05,1.45735894e-05
81,9.712614883e-06,0,3.651181942e-06,0,0.03046019934,0.02263075113,0,8.551810606e-05,0,0,0,0,0,0,0,0,0,0,0,0,0,0,0,0,0,0,0,0,0,0,0,0,0,0,0,0,0,0,0,0,0,0,0,0,0,0,0,0,0,0,0,0,0,0,0,0,0,0,0,0,0,0,0,1.397189044e-05,0,0,0,0,0,0,0,0,0,0,0,0,0,0,0,0,0,0,0,0,0,0,0,0,0,0,0,0,0,0.106479764,0.003693764098,0,0.001532088616,0.0006377918762,0.0007458064938,0.0008829387953,0,0,0.0009915189585,0,0,0,0,0,0.0004786714271,0,0,0,0,0,0,0,0.0002057153033,0.003236535471,0,0,0,0,0,0,0.7156285048,0.004177912138,0,0,0,0,0.273796767,0.007841926068,0.0001865905942,0,0,0,0,0,0,0,0,0,0
82,0.001220008591,0.0008657291764,0.0009907797212,0.001646826626,0.01341477502,0.04359668866,0.005523077678,0.001884722733,0,0,3.513188858e-05,0.0001432015852,0,0.0001958405919,0.0009879720164,8.444295963e-05,0.0008188749198,0,0,0,0,0,0,0,0.002380952472,0,0,0,0,0,0,0,0,0,0,0,0.001270919689,0,0,0,0,0,0,0,0,0,0,0,0,0,0,0,0,0,0,0,0,0,9.516516002e-06,0,0,0,4.041413604e-07,0,0,0,0,0,0,0,0,0.0003826476459,0,0,0,0,0,0,0,2.520947874e-06,0,0,0,0,0,0,0,0,0,0,0,0,4.334395953e-07,0.08927716315,0.003732899902,0.006646309979,0.0004494729219,0.0004631972115,0.0003519435122,0.00202863873,0.0002054661891,6.94068076e-05,0.00230285665,0.0003227994603,0.000574113219,0.0007731653168,0,1.181737116e-05,0.004858848639,5.624218829e-05,5.685711221e-05,0,2.397040043e-05,1.672304461e-05,0.002159923082,0,0.001795180258,0.02988901548,0.000398354663,0.0001430904958,0,6.236020999e-05,0,0.009124492295,0.7848098278,0.02235872298,0.0001223938452,0.0002880432585,2.445145765e-05,4.254440137e-05,0.373634249,0.006680513732,0.004965261091,0.001056839596,0.009573549964,0.002766170306,0.0008388868882,0.007285502274,0.0002457137743,0,0,2.303336805e-05,1.631123814e-05
83,0.0002912293712,0,0,0,0.004568004981,0.01445467956,0.002380952472,0.0004850751138,0,0,0,0,0,0,0,0,0,0,0,0,0,0,0,0,0,0,0,0,0,0,0,0,0,0,0,0,0,0,0,0,0,0,0,0,0,0,0,0,0,0,0,0,0,0,0,0,0,0,0,0,0,0,0,0,0,0,0,0,0,0,0,0,0,0,0,0,0,0,0,0,0,0,0,0,0,0,0,0,0,0,0,0,0,0.02943691239,0,0.004318194464,0,0,0,0.0001936483168,0,0,0.002555106767,0,0,0,0,0,7.815452409e-05,0,0,0,0,0,0,0,0,0.01620347798,0,0,0,0,0,0,0.4229588509,0.008037110791,0,0,0,0,0.207377553,0.002362066647,0.004761904944,5.905331636e-05,0,0,0,0.002380952472,0,0,0,0,0
84,0.0009989633691,0,0.0002190408268,0,0.01298682205,0.008553034626,0,0.001124281902,0,0,0,0,0,0.0001070383296,0,0,0,0,0,0,0,0,0,0,0,0,0,0,0,0,0,0,0,0,0,0,0,0,0,0,0,0,0,0,0,0,0,0,0,0,0,0,0,0,0,0,0,0,0,0,0,0,0,0,0,0,0,0,0,0,0,0,0,0,0,0,0,0,0,0,0,0,0,0,0,0,0,0,0,0,0,0,5.85891612e-05,0.06178216264,0.003036010312,0.001806594897,0.0002633119293,0.0003147093521,0,0,0.0002903403947,0.0001075333275,0.002018194646,0,0.002651307033,0,0,0,0.003127121367,0,7.101725714e-06,0,0,0,0,0,0,0.02649754845,0,0,0,0,0,0.001248894841,0.7322625518,0.02233415656,0,0,0,0,0.3509176075,0.004978510551,0.001762261032,0.000608091068,0.008477133699,0.001795342308,0,0,0,0,0,0.0003922524047,6.741834659e-05
85,0.0008284443757,0,0.0004643881693,0.0001086255579,0.01230417378,0.009672368877,0,0.001326879486,0,0,0,0,0,0,0,0,0,0,0,0,0,0,0,0,0,0,0,0,0,0,0,0,0,0,0,0,0,0,0,0,0,0,0,0,0,0,0,0,0,0,0,0,0,0,0,0,0,0,0,0,0,0,0,0,0,0,0,0,0,0,0,0,0,0,0,0,0,0,0,0,0,0,0,0,0,0,0,0,0,0,0,0,0,0.05731853098,0.003948888276,0.0006358015817,0.001351427753,0,0,0,0,0,0.001105682342,0,0.002380952472,0,0,0,0.003398292232,0,0,0,0,0,0,0,0,0.02628171444,0,0,0,0,0,0,0.7592284679,0.01960218884,0,0,0,0,0.3486604393,0.0009851766517,0.002854441293,0,0.004212510772,0,0,0,0,0,0,0,2.731879795e-05
86,0.000601464475,0,0.0006583725917,0,0.01250852831,0.01336870063,0,0.001007089159,0,0,4.85765031e-06,0,0,0,0,0,0,0,0,0,0,0,0,0,0,0,0,0,0,0,0,0,0,0,0,0,0,0,0,0,0,0,0,0,0,0,0,0,0,0,0,0,0,0,0,0,0,0,0,0,0,0,0,0,0,0,0,0,0,0,0,0,0,0,0,0,0,0,0,0,0,0,0,0,0,0,0,0,0,0,0,0,0,0.06608196348,0.004862003494,0.005713612307,0,0,0.0003545903601,0.0002329596755,0.0001612733176,0,0.00142412784,0,0,0,0,0,0.001146310242,0,0,0,0,0,0,0,2.00444174e-05,0.02528988011,0,0,0,0,0,0,0.7279434204,0.01490981318,0.0001589008461,0,0,0,0.3265934885,0.005813131575,0.004545059055,0.0002983542799,0.005244123749,0.002211377025,0,0.0004853282589,0,0,0,0,0
87,7.83390642e-05,0,0.0001604332501,0.002380952472,0.006311431061,0.006257460918,0,0,0,0,0,0,0,0,0,0,0,0,0,0,0,0,0,0,0,0,0,0,0,0,0,0,0,0,0,0,0,0,0,0,0,0,0,0,0,0,0,0,0,0,0,0,0,0,0,0,0,0,0,0,0,0,0,0,0,0,0,0,0,0,0,0,0,0,0,0,0,0,0,0,0,0,0,0,0,0,0,0,0,0,0,0,0,0.03455856815,0,0,0,0,0,0,0,0,0.001288278145,0,0,0,0,0,0,0,0,0,0,0,0,0,0.002380952472,0.00917099975,0,0,0,0,0,0,0.3396083415,0.009461490437,0,0,0,0,0.1960900277,0.002380952472,0,0,0,0,0,0,0,0,0,0,0
88,0,0,0.0001587335137,0,0.003294043941,0.002380952472,0,0,0,0,0,0,0,0,0,0,0,0,0,0,0,0,0,0,0,0,0,0,0,0,0,0,0,0,0,0,0,0,0,0,0,0,0,0,0,0,0,0,0,0,0,0,0,0,0,0,0,0,0,0,0,0,0,0,0,0,0,0,0,0,0,0,0,0,0,0,0,0,0,0,0,0,0,0,0,0,0,0,0,0,0,0,0,0.02672200277,0.0008700780454,0,0,0,0,0,0,0,0,0,0,0,0,0,0,0,0,0,0,0,0,0,0,0.008116258308,0,0,0,0,0,0,0.2805761099,0.003040535143,0,0,0,0,0.1229777411,0,0,0,3.411417129e-05,0,0,0,0,0,0,0,0
89,1.824749415e-05,0,8.911131772e-06,0,0.0416912064,0.01862654649,0,0.001057633082,0,0,0,0,0,0.0009442776209,0,0,0,0,0,0,0.001456101192,0,0,0,0,0,0,0,0,0,0,0,0,0,0,0,0,0,0,0,0,0,0,0,0,0,0,0,0,0,0,0,0,0,0,0,0,0,0,0,0,0,0.001301729004,5.663269621e-05,0,0,0,0,0,0,0,0,0,0,0,0,0,0,0,0,0,0,0,0,0,0,0,0,0,0,0,0,8.71780685e-06,0.1231308281,0.009407300502,0.01168034784,0.001551988069,0.001095974352,0.0005758299376,0.002259166213,0.002432345878,0.0005174648832,0.004777983297,0,0.001921804855,0.002380952472,0,0,0.01713358983,0,0.0008720997721,0,0,0.001116834115,0.0003926354402,0,0.007142857648,0.008226227947,4.463500227e-05,0,0,0,0,3.551918098e-06,0.793205142,0.03025107272,0.0004448133986,3.320983296e-06,0,2.869509262e-05,0.3911736012,0.001648111385,0.002380952472,0.005985056981,3.954331078e-06,0,0,0,0,0,0,0,0
90,8.184118087e-06,0,5.809358754e-06,5.027972293e-05,0.03024890274,0.02654322237,0,0.0001228120818,0,0,0,0,0,0,0,0,0,0,0,0,0,0,0,0,0,0,0,0,0,0,0,0,0,0,0,0,0,0,0,0,0,0,0,0,0,0,0,0,0,0,0,0,0,0,0,0,0,0,0,0,0,0,0,0,0,0,0,0,0,0,0,0,0,0,0,0,0,0,0,0,0,0,0,0,0,0,0,0,0,0,0,0,0,0.1150084883,0.001537021366,0,0,0.0009085006895,0,0.0003178965999,7.682713476e-05,0,0.0006631959113,0,0,0,0,0,0.003999357112,0,0.0001696810214,0,0,0.000105733292,0,0,0.001851559151,0.004253056366,0,0,0,0,0,0,0.7182693481,0.00798812788,0,0,0,0,0.2813678682,0.006108108908,0.0006531993859,0.000240961308,8.643693582e-05,1.284244263e-06,0,0,0,0,0,0,0
91,1.162100762e-05,0,0,0,0.02007976174,0.007877867669,0,0,0,0,0,0,0,0,0,0,0,0,0,0,0,0,0,0,0,0,0,0,0,0,0,0,0,0,0,0,0,0,0,0,0,0,0,0,0,0,0,0,0,0,0,0,0,0,0,0,0,0,0,0,0,0,0,0,0,0,0,0,0,0,0,0,0,0,0,0,0,0,0,0,0,0,0,0,0,0,0,0,0,0,0,0,0,0.09227108955,0.002380952472,0,0,0,0,0.0003662022355,0,0.002380952472,0.0004304361064,0,0,0,0,0,7.870293484e-05,0,0,0,0,0,0,0,0,0.004581897985,0,0,0,0,0,0.0006976948353,0.5646446943,0.006059595384,0,0,0,0,0.2459498197,0.001455119462,0,0.0001194547804,0.0001742885943,0,0,0,0,0,0,0,0
92,0.0007071166765,0,0.001766497619,0,0.022163352,0.05260470137,0.002380952472,0.002536972752,0,0,0,0,0,0,0,0,0,0,0,0,0,0,0,0,0,0,0,0,0,0,0,0,0,0,0,0,0,0,0,0.002380952472,0,0,0,0,0,0,0,0,0,0,0,0,0,0,0,0,0,0,0,0,0,0,0,0,0,0,0,0,0,0,0,0,0,0,0,0,0,0,0,0,0,0,0,0,0,0,0,0,0,0,0,0,0,0.1059495658,0.0003183303634,0.0002876750077,4.461230492e-05,9.306919674e-05,2.781803414e-05,9.268860595e-06,3.039343574e-05,6.4779897e-06,0.003392767161,0.001311891479,0.0005544838496,0.0009725175332,0.0002100173588,0,0.0009165105294,0,9.225813119e-05,0.0006886335905,0.0001332673128,0,0.0007902387879,0,0.001877509872,0.02941133827,0.0003392574436,0,0,0,0,0.002462413628,0.8132799268,0.01839519478,6.022668458e-05,0,2.383705942e-05,0,0.3624313176,0.005234235432,0.004761904944,0.001388287637,0.00409558136,0.000358817284,0,0.0004151902685,0,0,0,7.500031643e-05,5.053543282e-05
93,0.001107050688,0.0004148505104,0.0008497258532,0.002041588537,0.01257719845,0.03062760644,0.01496807765,0.001402820926,0,0,3.779854887e-05,0.0002865174611,0,0.0003901596647,0.0006224078243,0.0001031692373,0.0002687943634,0,0,0,0,0,0,0,0,0,0,0,0,0,0,0,0,0,0,0,0,0,0,0,0,0,0,0,0,0,0,0,4.316931154e-06,0,0,0,0,0,0,0,0,0,0,0,0,0.0001528662833,3.438082422e-05,5.856647476e-05,0,0,0,0,0,0,0,0,0,0,0,0,0,0,0,7.413193543e-07,0,4.334395953e-07,0,5.85891612e-05,0,0,0,0,8.71780685e-06,0,0,0,0,0.09191826731,0.004380052444,0.01242303476,0.001596988179,0.0008557444671,0.0007973947795,0.004111733288,0.0004683124134,0.0002838054206,0.002542693401,0.00017296843,0.0001327917853,0.001563400379,0,0,0.005456643645,0.0006290426245,9.997706366e-05,0.000517931825,2.283075264e-05,0,0.001637957525,0,0.003161232453,0.02624069899,0.0006135024596,0,0,0,0,0.00352412276,0.791662693,0.01923752762,3.338860188e-05,0.002380952472,2.743793993e-05,2.58031705e-05,0.3664075732,0.006655787118,0.005023009609,0.001142487279,0.01171883289,0.001377086155,0,0.001833298593,0,0.0007197589148,0,8.464210259e-05,6.732638667e-06
94,0.1076050848,0.06799903512,0.08116344362,0.07631831616,0.2713599503,0.5212712884,0.1485870183,0.09046401083,0.09163399786,0.05820224062,0.1064844429,0.06812595576,0.1087872013,0.07377116382,0.04288299382,0.08442421257,0.06285855919,0.02103528567,0.0298232697,0.02881363034,0.02111521363,0.02584837191,0.01753827743,0.004709823988,0.01733260043,0.03171945363,0.01191591937,0.004761904944,0.0007946395199,0.008402909152,0.008607403375,0.005786304828,0.008650561795,0.003001272678,0.006254361011,0.005538688973,0.002257540589,0,0.002380952472,0,0.002380952472,0.007142857648,0,0.1080688909,0.1320342869,0.07828360051,0.1070229635,0.1115488037,0.113513045,0.1148160622,0.110001497,0.08438809216,0.01361025777,0.01334438473,0.01613697782,0.007142857648,0.02970451675,0.05778101832,0.07877261937,0.06062832847,0.02323129401,0.06309766322,0.08403117955,0.089696154,0.03276904672,0.04985772446,0.0444512032,0.03928470612,0.07134094089,0.08094167709,0.08487248421,0.0486192368,0.1060480177,0.03915749118,0.06821382791,0.06424543262,0.05973352492,0.06227733195,0.05606716499,0.1194886491,0.106479764,0.08927716315,0.02943691239,0.06178216264,0.05731853098,0.06608196348,0.03455856815,0.02672200277,0.1231308281,0.1150084883,0.09227108955,0.1059495658,0.09191826731,0,0.0238627214,0.02764333598,0.05133165792,0.07288064808,0.08443341404,0.02541669086,0.06562609971,0.1078500897,0.1083117276,0.07820878178,0.0785516575,0.05323143676,0.01271599624,0.03884157166,0.01836686954,0.04690025747,0.08079459518,0.0144815892,0.08146312088,0.03376027569,0.08628901839,0.03212428465,0.09104050696,0.1541254371,0.09901694953,0.06808848679,0.1403002143,0.08593282849,0.1223734841,0.1209035814,0.8854536414,0.1553064436,0.05693152174,0.07490407676,0.1195211262,0.12691845,0.6264058948,0.1471094042,0.1392760128,0.04924492911,0.1014003456,0.07978233695,0.1382753849,0.09547395259,0.131750077,0.05173048377,0.05872857571,0.1047039554,0.120777525
95,0.008984064683,0.009735192172,0.006110693794,0.02043572627,0.05333516374,0.1067590863,0.02815952338,0.01011580974,0.00492626382,0.007852186449,0.009626215324,0.02374758758,0.0009703777032,0.01535771415,0.01731760055,0.01649879292,0.007959928364,0.0001745386689,0.006656308658,0.006035156548,0.003840128426,0.0058575687,0.004761904944,0.003642584197,0.003109774785,0.002380952472,0.003584708087,0,0.004761904944,0,0,0.002380952472,0.001094806939,0,0,0,0.0004234852386,0,0,0,0,0.002380952472,0,0.0002599969157,3.3245753e-05,0.001347264275,0.0001142193723,5.683619747e-05,0.0005030786851,0.000231825994,0.0001269150671,0.005259223748,0.007142857648,0,0,0,0,0.006875289138,0.004806278739,0.002583604539,0,0.003440845758,0.003033686429,0.01780111343,0,0,0.001752357581,0.008072394878,0.008133878,0.009761296213,0,0.005553324241,0.00292441505,0.007142857648,0.003224476473,0.01127471216,0,0.004761904944,0,0.01753645204,0.003693764098,0.003732899902,0,0.003036010312,0.003948888276,0.004862003494,0,0.0008700780454,0.009407300502,0.001537021366,0.002380952472,0.0003183303634,0.004380052444,0.0238627214,0,0.0002094330848,0.0001148559531,0.0001414721628,0.0008401951054,0.001578066382,0.0005021506804,0.0009850107599,0.05073961243,0.04990167171,0.06307783723,0.04639257863,0.01130898949,0.02012845129,0.0007761910674,0.04223486409,0.006353928708,0.01384124719,0.01693235151,0.02213025466,0.05821629241,0.01357931923,0.07275316119,0.05781120807,0.02847694792,0.004316193983,0.007641477045,0.01162451133,0.0129304938,0.01782312058,0.6847876906,0.03529644385,0.01619277894,0.02889603376,0.006317844149,0.01608005725,0.4662429392,0.03935904056,0.05390118062,0.01978738233,0.01793776266,0.02511585504,0.01445628703,0.008871260099,0.01805773005,0.02933617495,0.005712482613,0.002034683013,0.01110046543
96,0.02078546211,0.01338147558,0.01438035257,0.04772553965,0.0478220135,0.1749013513,0.03967871517,0.03181904554,0.0035864315,0.007116313558,0.02947429381,0.03191795573,0.001540368306,0.01469710842,0.006864054594,0.02521779202,0.0184826199,0.001207879279,0.01056486648,0.008537870832,0.009496504441,0.002396118827,0,0,0.006146290805,0.00778746279,0,0,0.002380952472,0,0.002380952472,0,0.002380952472,0,0.002380952472,0,0.002380952472,0,0.002380952472,0.002380952472,0,0.002380952239,0,0.0004757886054,2.136003241e-05,0.001392855425,0.0003801475104,0.0001480251376,0.0006149518304,0.0006441654987,0.0004002171627,0.01018437371,0.002380952472,0,0,0.001260666759,0,0.009824311361,0.009082907811,0.001284097205,0,0.008757453412,0.006519526709,0.04182304442,0,0,0.002380952239,0.002380952239,0.008900078014,0.01088357437,0.004761904944,0.0005609843065,0.007332001347,0.009620411322,0.003320366843,0.005293728318,0,0.001462250599,0.002380952239,0.009488563053,0,0.006646309979,0.004318194464,0.001806594897,0.0006358015817,0.005713612307,0,0,0.01168034784,0,0,0.0002876750077,0.01242303476,0.02764333598,0.0002094330848,0,0.002150695538,0.0002300967462,4.576644642e-05,0.004988244735,0.001375229447,0.0002105914173,0.06131182984,0.0407384783,0.09309270233,0.06470555812,0.0250643976,0.02790126391,0.004353588913,0.04101862758,0.005815259647,0.009586558677,0.02433611639,0.02081337199,0.09226440638,0.03610953316,0.1056051105,0.06866130233,0.05297838897,0.0004995298805,0.005943989381,0.008108409122,0.01611302979,0.02094181627,0.7343600392,0.06807480752,0.02916480973,0.05272984877,0.004308305215,0.006357209757,0.5629246831,0.07810368389,0.09751866758,0.0361985825,0.02424014546,0.03271201998,0.01303643361,0.01356452238,0.01516217086,0.03410738707,0.01487675123,0.0005671982071,0.006278451532
97,0.002376634628,0.004165303428,0.00194101152,0.008840604685,0.04722327366,0.04902851582,0.01945165917,0.002343567321,0.0009535643039,0.003167907707,0.002400321187,0.002260452369,0.0004163300619,0.003948869649,0.003827918321,0.003258038079,0.001967800781,0,0.0003242354724,0.0005160173168,0.0009203680092,0.0007224181318,0.002380952472,0,0,0,0,0,0.000311611715,0,0,0,0,0,0,0,0,0,0,0,0,0,0,0,1.194156084e-05,3.517803407e-06,0,0.0001313265966,6.771623157e-05,8.679150596e-06,1.078981404e-05,0.0001170111354,0,0,0,0,0,0.004761904944,0.001473888988,0,0.002380952472,0.0008689067326,0.0006194402231,0.005707203876,0,0.002380952472,0,0.001679832698,0.0001252727525,0.006710023154,0.0007778251893,0.0003076342691,0.0001229575864,0.00307466439,0.0008546053432,0.001017724862,0,0,0,0.003608722938,0.001532088616,0.0004494729219,0,0.0002633119293,0.001351427753,0,0,0,0.001551988069,0,0,4.461230492e-05,0.001596988179,0.05133165792,0.0001148559531,0.002150695538,0,7.302627637e-05,0.001078295521,0.0002581771987,4.722263475e-05,0.0004468755214,0.02648829669,0.02435403503,0.04747423157,0.02981800772,0.003489703638,0.004043669906,0.0006048966898,0.02835195884,0.003705208423,0.004040927161,0.01595193334,0.01095653884,0.03508734331,0.01581905223,0.04551248625,0.04774389043,0.01764011197,0.0015418845,0.000388528133,0.00575107988,0.01041684393,0.010562988,0.7231149077,0.02047269046,0.01128237788,0.01947943866,0.002705860185,0.004829320125,0.3683007061,0.01685153507,0.02502134256,0.01489079371,0.01518180221,0.01608140953,0.005455024075,0.008171161637,0.003886612365,0.01783046126,0.005464692134,0.0004652694042,0.007683434058
98,0.003098632209,0.006770860404,0.002518486697,0.01326389704,0.04028512537,0.06375177205,0.01522466727,0.003256142605,0.0007468403201,0,0.002587323543,0.01153338235,0.000206972225,0.006470806897,0.008434204385,0.006121727638,0.00139554881,0,0.0001846577798,0.0009858717676,0.001278140233,0.002380952472,0,0,0.003632362001,0.001229148475,0.001064679585,0,0,0.002380952472,0.002380952239,0,0,0.002380952472,0,0,0,0,0,0.002380952472,0,0,0,0.0001241422142,0,0,0,6.953091361e-05,2.2588305e-05,5.983904339e-05,2.236359433e-05,0.0006423785817,0,0,0,0,0,0.002422339981,0.004272909369,0,0,0.003486677771,0.0006846688339,0.004228442442,0,0,0,0,0,0.004387063906,0,0.002380952472,0.001710615819,0.001793325762,6.125456275e-05,0,0,0,0,0.002524410607,0.0006377918762,0.0004631972115,0,0.0003147093521,0,0,0,0,0.001095974352,0.0009085006895,0,9.306919674e-05,0.0008557444671,0.07288064808,0.0001414721628,0.0002300967462,7.302627637e-05,0,0.0001336506102,0.007280881982,9.443282761e-05,4.308362622e-05,0.03351258114,0.03096007742,0.05342488363,0.03840200976,0.01501988061,0.01268867403,0.005202279892,0.02759103663,0.00810678117,0.00774422707,0.01807518117,0.01721538045,0.05940560251,0.0118301874,0.04960757867,0.05465278774,0.02940872312,0.001100491616,0.004909901414,0.00197209185,0.01184564177,0.01293456275,0.7481196523,0.02786756866,0.02604610287,0.02654085681,0.003121027723,0.003391861217,0.407213062,0.02179982886,0.03587913513,0.02842349745,0.01618331298,0.01554909348,0.008529580198,0.01130683348,0.007352400105,0.03059469722,0.002741601085,0.0004352128308,0.004018869251
99,0.007778281346,0.007712411694,0.006339697167,0.01597932912,0.05278504267,0.1767701358,0.01190441195,0.01170687005,0.0003511042742,0,0.002767656697,0.01173965633,6.938424485e-05,0.002423573285,0.01055587549,0.006484735291,0.005749568809,0.004761904944,0,0,0.002027589828,0.004705131054,0.002380952472,0,0.004761904944,0,0,0,0,0,0,0.001279712305,0,0,0,0,0,0,0,0,0,0,0,3.366609235e-05,4.116984201e-05,0.000659396057,1.449519277e-05,3.202514335e-06,1.057483041e-05,0,3.406014366e-05,0.0003059149021,0,0,0,0,0,0.001525113243,0.0004267200711,0.001274611219,0,0,0.0006751466426,0.002232175088,0,0,0,0.0005906011211,0.000262082991,0.003439277178,0.002860422013,0.002277808264,0.001170146163,0.001633872627,0.000998676056,0.0005941768177,0,0,0.002380952472,0.000526792137,0.0007458064938,0.0003519435122,0,0,0,0.0003545903601,0,0,0.0005758299376,0,0,2.781803414e-05,0.0007973947795,0.08443341404,0.0008401951054,4.576644642e-05,0.001078295521,0.0001336506102,0,0.00783947017,0.0003090773826,5.906844308e-06,0.0176897198,0.01663042791,0.03689188138,0.05088896304,0.009066154249,0.003576560644,0.01079289056,0.03597722575,0.001053133397,0.003339700401,0.002807903569,0.008923480287,0.05836537108,0.009908333421,0.042040281,0.05458028242,0.01716017909,0.002830100479,6.263418618e-05,0.003152879188,0.0009750149329,0.01423115004,0.8527718782,0.05414288491,0.006370196585,0.03118518926,0.0001281682053,0.0001834127179,0.4862031043,0.0360237062,0.05338140577,0.02327463217,0.02066811733,0.01550316904,0.001157154562,0.006468392909,0.0006679932703,0.02933824062,0.001574709895,2.86890936e-05,0.0003059376322
100,0.005669232458,0.002193362685,0.003387823934,0.007070385385,0.08997773379,0.09305600077,0.0318980962,0.005427835509,0.003094490152,0.002625188557,0.009415652603,0.01632346399,0.001464626286,0.0100095775,0.0142857153,0.009059853852,0.00390242599,0.0006375054945,0.002849934623,0.002955389675,0.001100991154,0,0,0,0.0007983551477,0.002380952472,0,0,0,0,0,0.002380952472,0,0,0,0,0,0,0,0.002380952472,0,0,0,6.021969602e-05,0,0.0001626588928,6.372016651e-05,0.0003287289583,0.0004298913409,0.001118784305,0.000156932103,0.003873675596,0.002380952239,0,0,0,0.001171058509,0.005727306008,0.002202499891,0.002380952472,0.002380952239,0.00162647164,0.002195204142,0.007430552505,0.002380952472,0,0.007142857648,0,0.001079604262,0.005081678741,0,0.006529145408,0.003645253833,0.007918922231,9.637588664e-05,0.003539704951,0,0,0,0.007782660425,0.0008829387953,0.00202863873,0.0001936483168,0,0,0.0002329596755,0,0,0.002259166213,0.0003178965999,0.0003662022355,9.268860595e-06,0.004111733288,0.02541669086,0.001578066382,0.004988244735,0.0002581771987,0.007280881982,0.00783947017,0,6.675845361e-05,0.0009139713948,0.01183829457,0.008180147037,0.01250812504,0.002190069295,0.0004099404032,0.001021426287,0.0001456554746,0.001461307402,0.0003429911158,0.0003798522521,0.003806796391,0.001540227793,0.003301572287,0.0003902575991,0.008571128361,0.05451873317,0.004645360634,0.001107855351,0.001924925135,0,0.0006777333911,0.01938334666,0.6267920136,0.009481527843,0.00111189601,0.002534230938,0.00115322473,0.00663428288,0.3371861577,0.007948591374,0.0002545040625,0.0001342618343,0.02175282873,0.005837546196,0.007781802677,0.009739205241,0.004853011109,0.001014983747,0.0009069553926,0.00392660778,0.00785428565
101,0.001717758249,0.00198060926,0.001641955925,0.003111607628,0.05524317175,0.05045014992,0.02539054863,0.001632720116,0.0004078550555,0.00106988335,0.000792502542,0.007083355449,3.179223495e-05,0.005264528561,0.005866362248,0.001645605778,0.0002982893493,0.0002325604873,0.0003983355127,0.0005171921221,0.0007017100579,0.0008595862892,0,0,0,0.0002697049931,0,0,0,0,0,0.002380952472,0,0,0,0,0,0,0,0.002380952472,0,0.00101982092,0,4.818845991e-05,0,5.050111577e-05,0,1.083612278e-05,1.31523193e-05,3.058083894e-05,5.752838661e-06,0.0005192675744,0,0,0,0,0.0009657852934,0.004079467617,0.002407624619,3.654545435e-05,0,0.0006900868611,0.0002339595521,0.002133108908,0,0,0.0001423627691,0.0004076872137,0.00013261204,0.004019374494,0.001222877647,0,0,0,0.0001914657478,0.0009206833784,0,0,0,0.001930451021,0,0.0002054661891,0,0.0002903403947,0,0.0001612733176,0,0,0.002432345878,7.682713476e-05,0,3.039343574e-05,0.0004683124134,0.06562609971,0.0005021506804,0.001375229447,4.722263475e-05,9.443282761e-05,0.0003090773826,6.675845361e-05,0,3.786110756e-05,0.008189370856,0.006344723515,0.01559844613,0.01157052629,0.003493739525,0.001538893208,0.0006287224242,0.009747546166,7.687001198e-05,0.001326004742,0.001657321583,0.003950558603,0.0148398662,0.001832572278,0.01953860745,0.05097066611,0.01202954631,0.000287876348,0.00353442342,0.001300484757,0.002956467448,0.01418434363,0.7440823317,0.01852407493,0.0008923193091,0.007593634073,0.0003226874687,0.002271212172,0.3169803917,0.00873593241,0.01007516123,0.001346765202,0.02186342701,0.01009904966,0.009247994982,0.009852511808,0.008400681429,0.00765987765,0.001088363933,0.0001392396516,0.001433142344
102,0.001504056156,0.001681175083,0.001150659518,0.002254439984,0.06087586656,0.06686946005,0.01262294035,0.001796686323,0.000193028478,0.0008194177062,0.0003560861805,0.002765469952,0,0.0008721454069,0.00256871758,0.001732200501,0.002893793629,0,0,0.0004944727989,0,0,0,0,0,0,0,0,0,0,0,0,0,0,0,0.0008954943041,0,0,0,0,0,0,0,0,2.871548531e-05,0,0,0,9.504971786e-06,0,3.15476882e-06,0.0001833271817,0,0,0,0,0,0.006355294026,0.0001595202339,3.485494744e-05,0,0,3.785904846e-05,0.001166545553,0,0,0,0,0,0.004337541293,0,0,0.0001094820473,0,6.412999937e-05,0.0006503415643,0,0,0,0.001030003186,0,6.94068076e-05,0,0.0001075333275,0,0,0,0,0.0005174648832,0,0.002380952472,6.4779897e-06,0.0002838054206,0.1078500897,0.0009850107599,0.0002105914173,0.0004468755214,4.308362622e-05,5.906844308e-06,0.0009139713948,3.786110756e-05,0,0.006087687332,0.006495434791,0.01411728933,0.01467960142,0.002668347443,0.0005849627196,0.002715409733,0.01917613856,0.0001144534253,0.003689245554,0.001923005679,0.001568922307,0.01483220328,0.0005892656627,0.01398177724,0.04474547878,0.01056237239,0.002380952472,0.001583629753,0.00141959847,0.003814581083,0.01916450821,0.8354253173,0.02210682072,0.0015862484,0.00958799012,7.056339382e-05,0.0011269151,0.3207324147,0.008143959567,0.01363747939,0.003339170013,0.02296407335,0.008474175818,0.001130488934,0.004298315383,0.002792783082,0.007635566872,0.002922025975,2.136663352e-05,0.0001541849633
103,0.01481339429,0.002381973667,0.00396462623,0.002734786831,0.1411100775,0.1271750778,0.02556473948,0.01404186897,0.002270548837,0.001021694741,0.002232743194,0.003346242243,0.001574874739,0.00230749906,0,0.003744323738,0.01107292809,0.001056274865,0.002058553509,0.008398846723,0.003031043336,0.001980572473,0,0,0.00261588837,0.008344833739,0.001556675998,0.002380952239,0,0.004761904944,0,0.003656721208,0,0,0.002380952472,0,0,0,0,0,0,0,0,0.001317742048,0.002298566047,0.001882361015,0.003943537362,0.002700006822,0.003747256706,0.005141462665,0.003583682468,0.001253143535,0.001027963706,0.0002062990679,0.0001841475605,0.002210025676,0.0003934671986,0.001286715502,0.0006449263892,0.003633216489,0.0004755058617,0.0009349972825,0.003418871667,0.001468764851,0.0007125238189,0.000440096861,0.0005020240205,0.0008616304258,0.002032641554,0.0006192821311,0.0001542635146,0.001493685879,0.002065732144,0.001167940092,0.004491874948,0.001922737574,0,0.0008422682295,0.0007214510115,0.001633321634,0.0009915189585,0.00230285665,0.002555106767,0.002018194646,0.001105682342,0.00142412784,0.001288278145,0,0.004777983297,0.0006631959113,0.0004304361064,0.003392767161,0.002542693401,0.1083117276,0.05073961243,0.06131182984,0.02648829669,0.03351258114,0.0176897198,0.01183829457,0.008189370856,0.006087687332,0,0.0001273198577,0.0001772765681,0.001560732489,0.001010842272,0.0005353169399,0.01072337478,0.0006021803129,0.001348819816,0.0005126057658,0.0009145122604,0.0005062430864,0.0008681460167,0.001098997658,0.0002712302958,0.04302225634,0.0004453843576,0.0009826105088,0.001929079532,0.0008178747958,0.001502754749,0.04422152042,0.8207220435,0.01274487097,0.001183494227,0.001252929796,0.002049946692,0.001787398476,0.1064274609,0.001422605361,0.000643343199,0.002566718962,0.02304291539,0.0009574450669,0.0181446746,0.01122207008,0.001521243015,0.002846948337,0.0009126926307,0.002080036327,0.001621957286
104,0.002383328741,4.997701035e-05,0.0001684235613,0.0003354168439,0.07707571238,0.06551174074,0.002380952239,0.001635571127,0.0001909149287,0,9.04007029e-05,0.0008694507997,0.001301434124,0,0,0.0003578262113,0.0001093944811,0,0,0,0,0,0,0,0,0,0,0,0,0,0,0,0,0,0,0,0,0,0,0,0,0,0,0,0,0,0,0,0.0009485309711,0,0,0,0,0,0,0,0,0.0001933488675,0,0,0,0,0.001611328917,0.0002651563846,0,0,0,0,0.001424855902,0,0.0002062706626,0,0,0,0,0,0,0,0,0.0001911925647,0,0.0003227994603,0,0,0,0,0,0,0,0,0,0.001311891479,0.00017296843,0.07820878178,0.04990167171,0.0407384783,0.02435403503,0.03096007742,0.01663042791,0.008180147037,0.006344723515,0.006495434791,0.0001273198577,0,1.88716399e-06,4.273872401e-05,4.574771992e-06,4.521751634e-06,0.005107161589,1.385582345e-05,0.0002314449666,4.595307473e-06,3.030081461e-05,3.77045144e-05,0.0001297589915,4.793264816e-05,5.67912939e-05,0.003049057443,1.873866495e-05,0,0,0,2.759511699e-05,0.007584922016,0.7109613419,0.00789973326,0.0001293407695,0.0003956004803,0.0006188302068,0.0003711775062,0.1542240083,0.001432840363,0.001056134352,0.001158505911,0.003029116197,0.000246682408,0,0.0008176949923,0,0.000300357322,0,0.002107001143,0.0003770860203
105,0.001116222702,5.200701344e-05,0.000113860071,9.209750715e-05,0.06661075354,0.1122596785,0.01321546268,0.001455936464,0.0003210009017,0.0002005622955,0.0006529784296,0.0009767921874,0.0004338895087,0.003591391491,0,0.002859663451,0.0009180060588,0,0.0002158794232,0,0,0,0,0,0.0006224191748,0.00014674454,0,0,0,0,0,0,0,0,0,0,0,0,0,0,0,0,0,0,0,0,0,0.002380952472,0.00323647703,0,0.002380952472,0.0005212056567,0,0,0,0,0,2.610758747e-05,4.012481895e-06,0,0,0.0005576192052,0.003990958445,0.0002970767673,0,0,0,3.225440014e-05,0.0005956125678,0,0,0,0,0.0008679956081,0,0.001253566938,0,0,0,7.991194434e-05,0,0.000574113219,0,0.002651307033,0.002380952472,0,0,0,0.001921804855,0,0,0.0005544838496,0.0001327917853,0.0785516575,0.06307783723,0.09309270233,0.04747423157,0.05342488363,0.03689188138,0.01250812504,0.01559844613,0.01411728933,0.0001772765681,1.88716399e-06,0,4.626659575e-06,2.577424539e-06,5.396616871e-06,0.003014207352,8.983291195e-07,0.0005447664298,0,0.0004637854581,2.597813364e-05,2.127179141e-05,5.992133993e-06,2.939940168e-05,0.004026548006,5.739818334e-06,4.529948637e-05,2.799610957e-05,0,6.468965239e-07,0.01589835808,0.6254141331,0.005522872787,0.0001063428863,0.0001055310713,0.005951908883,0.0003465920745,0.1793893278,0.0008047043812,0.0006316652871,0.0007437615423,0.003510402516,9.873617819e-05,0.0006909915828,0.004743590485,2.028698509e-05,0.0001798916783,0,0.004092340823,0.001283083693
106,0.0005708445678,2.146327824e-05,0.0001947205456,7.0018119e-05,0.04708589613,0.137740463,0.01119990367,0.001509886933,0,9.118939488e-05,0.001544189407,0.0001939674985,0.001616652007,0.001886967802,0,0.001362190815,0.0006757909432,0.001181228785,0,0.001592570334,0,0.0002742262732,0,0,0,0,0,0,0,0,0,0,0,0,0,0,0,0,0,0,0,0,0,0.002380952472,0,0,0,0,0,0,0.0008213162655,0,0,0,0,0,0,0,0,0,0,0,0,0.000616854406,0,0,0,0,7.436978194e-05,0,0,0,0,0,0,0.001261611353,0,0,0,0.0001210687842,0,0.0007731653168,0,0,0,0,0,0,0.002380952472,0,0,0.0009725175332,0.001563400379,0.05323143676,0.04639257863,0.06470555812,0.02981800772,0.03840200976,0.05088896304,0.002190069295,0.01157052629,0.01467960142,0.001560732489,4.273872401e-05,4.626659575e-06,0,1.647807949e-06,0,0.001040457631,2.276537998e-06,0.0004523069656,0,0.0007064625388,1.923201853e-05,1.255779262e-05,4.021795121e-06,0.0001036816029,0.01467808895,4.848118988e-05,0,0,0,0,0.02329091355,0.5635222793,0.004727890715,3.781693158e-05,6.942319305e-05,0.009352243505,0.0001147349685,0.2375322282,0.001233507297,0.0004084169632,0.000317695085,0.01427890547,0.0004192427441,0,0.001472721808,0.0004996060161,1.654272455e-05,0.0001371910912,0.008049835451,0.0008675030549
107,3.99847886e-05,4.744505532e-06,1.172363682e-05,5.031124147e-06,0.00396409072,0.02897666022,0.005849269684,3.768557144e-05,5.670930841e-05,0,5.536375465e-05,0.0002165805781,0,0,0,0.0001604318968,0,0,0,0,0,0,0,0,0,2.521034003e-05,0,0,0,0,0,0,0,0,0,0,0,0,0,0,0,0,0,0,0,0,0,0,0.003074435517,0,0,0.00012707524,0,0,0,0,0,0,0,0,0,0,0.0001432506688,0,0,0,0,0,0,0,0,0,0,0,0,0,0,0,0,1.510412039e-05,0,0,0,0,0,0,0,0,0,0,0,0.0002100173588,0,0.01271599624,0.01130898949,0.0250643976,0.003489703638,0.01501988061,0.009066154249,0.0004099404032,0.003493739525,0.002668347443,0.001010842272,4.574771992e-06,2.577424539e-06,1.647807949e-06,0,0,0.000419478456,3.826499437e-07,3.482245302e-05,3.094296517e-07,0,1.103865202e-06,4.030746368e-06,8.698469856e-08,0.0001323840697,0.001375753433,1.724894446e-06,0,0,0,0,0.003761559958,0.6304317713,0.005545487627,5.494638117e-06,0,0.0003248288413,0.0001343155309,0.2824040949,0.00208799867,0.0004832345003,5.937680544e-05,0.001165379188,4.087944399e-05,0.002380952472,0.0003784523869,0,2.050881221e-06,0,0.003327761311,0.001277195639
108,8.625395822e-06,0,5.027806765e-06,0,0.002215328161,0.009356796741,0,1.467828588e-05,4.295667168e-06,0,1.744412111e-05,0,0,0,0.002380952472,7.617999017e-06,0,0,0,0,0,0,0,0,0,0,0,0,0,0,0,0,0,0,0,0,0,0,0,0,0,0,0,0,0,0,0,0,0,0,0,0,0,0,0,0,0,0,0,0,0,0,0.0001441784261,2.466887508e-06,0,0,2.717316238e-05,0,0,0,0,0,0,0,0,0,0,0,0,1.125489462e-06,0,1.181737116e-05,0,0,0,0,0,0,0,0,0,0,0,0.03884157166,0.02012845129,0.02790126391,0.004043669906,0.01268867403,0.003576560644,0.001021426287,0.001538893208,0.0005849627196,0.0005353169399,4.521751634e-06,5.396616871e-06,0,0,0,0.003539087716,0,2.23503539e-05,0,2.338485729e-06,1.677379259e-06,5.130278805e-05,0,0.0001251375652,0.0013328559,1.058374619e-05,0,0,0,0,0.001822077902,0.7868256569,0.01252598222,1.545393025e-05,1.465680907e-05,0.0001350133534,1.220803824e-06,0.2584564388,0.002191014821,0.001177580212,0.0002049793984,0.000166662081,1.777822945e-06,0,0.0001100880254,5.625131053e-06,1.627143138e-05,0,0.0001098526263,0
109,0.03231231123,0.00640342664,0.01350827143,0.01746488176,0.1880989075,0.261051327,0.08408170193,0.03868865222,0.004361967556,0.007316223346,0.01604412869,0.03442823514,0.006856947206,0.04122274369,0.03068027087,0.0368302986,0.01978584938,0.007911041379,0.008729973808,0.01043255255,0.01438910235,0.0115596829,0.004075805191,0.003796899458,0.01190476213,0.00737721473,0.007048655767,0,0.003769883187,0.001976137282,0,0.006400822196,0.004761904944,0,0,0.007142857648,0.002380952472,0,0,0.007142857648,0,0.002380952472,0,0.002544213086,0.001953561325,0.0002422770631,0.001418215223,0.001127342111,0.000923808082,0.0007733513485,0.001459551393,0.005336387083,0.001150273951,0,0.001257618773,0,0,0.005840423051,0.002199779963,0.001746477443,0.001745760208,0.001339529525,0.003136830172,0.01159624942,0.0003197770566,0.0004917842452,0.004335807636,0.002289964352,0.003948006779,0.005020048004,0.000495956454,0.006915586069,0.006793283392,0.007474089973,0.002290060977,0.004848379176,0.00127464463,0,0.0001439000189,0.006142068189,0.0004786714271,0.004858848639,7.815452409e-05,0.003127121367,0.003398292232,0.001146310242,0,0,0.01713358983,0.003999357112,7.870293484e-05,0.0009165105294,0.005456643645,0.01836686954,0.0007761910674,0.004353588913,0.0006048966898,0.005202279892,0.01079289056,0.0001456554746,0.0006287224242,0.002715409733,0.01072337478,0.005107161589,0.003014207352,0.001040457631,0.000419478456,0.003539087716,0,0.0009973605629,0.001233421615,0.0004033539735,0.005977834575,0.002387746936,0.001493873424,0.0005384255783,0.003514772747,0.06454779208,0.002938509919,0.00168312015,0.008061361499,0.004325466696,0.0009865928441,0.04360809177,0.4569329619,0.004796849564,0.001172947697,0.001034853514,0.00444842875,0.00715349894,0.4297007918,0.01089704689,0.0008488969761,0.0004899710184,0.03798275813,0.004282874987,0.0293146763,0.01172696427,0.003099577967,0.0005552186631,0.0003880918957,0.005085604265,0.006598194595
110,0.0005169802462,8.9885536e-05,0.0002429529704,4.375342178e-05,0.04852929711,0.07405604422,0,0.0007325664628,2.022995432e-05,0,0.0004533013853,0.000827744836,0,0,0,0.002336711157,0.0002164088946,0,0,0,0,0,0,0,0,0,0,0,0,0,0,0,0,0,0,0,0,0,0,0,0,0,0,0,0,0,0,0,0.005922931712,0,0.002380952472,0,0,0,0,0,0,0,0,0,0,0.0002170540829,0.0002691860136,2.68506974e-05,0,0,0,0,0.000220988557,0,0,0,0,0,0,0,0,0,0,0,0,5.624218829e-05,0,0,0,0,0,0,0,0,0,0,0.0006290426245,0.04690025747,0.04223486409,0.04101862758,0.02835195884,0.02759103663,0.03597722575,0.001461307402,0.009747546166,0.01917613856,0.0006021803129,1.385582345e-05,8.983291195e-07,2.276537998e-06,3.826499437e-07,0,0.0009973605629,0,6.599968765e-05,1.191089467e-07,3.278305303e-05,2.540613423e-05,3.578322503e-05,2.883765228e-05,1.547266402e-05,0.01174157485,0.0001292476372,0,0.002380952472,0,0,0.01496682316,0.5917519927,0.004384256899,2.482850277e-06,2.922082422e-05,0.0007989353035,0.002484024735,0.2092493474,0.00106807705,0.000907876296,0.0001794720592,0.008583192714,0.0002040265681,0.002380952472,0.004940362182,0.0001607919985,7.712708612e-05,0.0005051828921,0.009024468251,0.0006659333012
111,0.0006823185831,0.000438683026,0.0005466126604,0.0005840012454,0.0339612104,0.04697975144,0.01544398628,0.0009395059897,0.0001449354022,0.0004114465555,0.0001688012417,0.0005771301221,8.867106953e-05,0.001521940459,0,0.0003814118973,0.0003685752745,0,3.171638309e-05,0.0001366499055,0,0,0,0.002380952472,0.0004793604312,0.0002285240771,0,0,0,0.0001415421284,0.0006999485195,0,0,0,0,0,0,0,0,0,0,0,0,0.0001708197378,0.0003331095795,8.425849228e-05,0,9.995917935e-06,1.126672851e-05,2.771102299e-05,4.465194434e-05,6.369345101e-06,0,0,0,0,0,4.046327012e-05,5.200621672e-05,2.068792674e-05,0,7.175980863e-05,3.818567347e-05,0.0001145910865,0,0,6.343050336e-05,0.0001031246575,9.390599735e-05,3.284764534e-05,0,0,6.506678619e-05,6.465395472e-06,2.882290937e-05,0.001045549405,0,0,0,3.48317626e-05,0,5.685711221e-05,0,7.101725714e-06,0,0,0,0,0.0008720997721,0.0001696810214,0,9.225813119e-05,9.997706366e-05,0.08079459518,0.006353928708,0.005815259647,0.003705208423,0.00810678117,0.001053133397,0.0003429911158,7.687001198e-05,0.0001144534253,0.001348819816,0.0002314449666,0.0005447664298,0.0004523069656,3.482245302e-05,2.23503539e-05,0.001233421615,6.599968765e-05,0,1.414150574e-06,2.061657506e-05,1.188513306e-05,0.001269644708,3.235915574e-05,0.0006023582537,0.02559453249,0.001811195165,0.0001160322572,3.971120896e-05,3.249953443e-05,4.215134322e-05,0.009956938215,0.7618682981,0.01487293653,3.4583054e-06,0.001204287051,2.868573574e-05,0.0001520600053,0.2762830257,0.003703553695,0.002590641147,6.370004121e-05,0.01829265989,0.002568502445,0.002415234456,0.00516704889,0.0009089985397,0.000218844405,2.116201722e-05,6.61543454e-05,8.894687198e-05
112,0.0001444608351,0,4.721640653e-05,6.784434663e-05,0.02463739552,0.02257573418,0,0.0002756436879,0,0,0.0008915715152,0.0007580961683,0,0,0,0.0003848143388,0.0001523965038,0,0,0,0,0,0,0,0,0,0,0,0,0,0,0,0,0,0,0,0,0,0,0,0,0,0,0,0,0,0,0,0,0,0,0,0,0,0,0,0,0,0,0,0,0,0,0,0,0,0,0,0,0,0,0,0,0,0,0,0,0,0,0,0,0,0,0,0,0,0,0,0,0,0,0.0006886335905,0.000517931825,0.0144815892,0.01384124719,0.009586558677,0.004040927161,0.00774422707,0.003339700401,0.0003798522521,0.001326004742,0.003689245554,0.0005126057658,4.595307473e-06,0,0,3.094296517e-07,0,0.0004033539735,1.191089467e-07,1.414150574e-06,0,0,0,4.427701242e-06,0,1.938149126e-06,0.004505793564,9.573699936e-05,0,0,0,0,0,0.5511097908,0.007039957214,1.633576403e-07,5.508690811e-05,0.002380952239,0,0.2536067069,0.001264056074,4.595398423e-05,1.086086741e-05,0.0003121670161,0,0,0.0002702565107,0,0,0,0,0.0005116217653
113,0.0003545970249,0.0002065473818,0.0003245236294,0.0002687514061,0.01998161152,0.03909280151,0.0009340976248,0.0007349723601,3.405731331e-05,0,3.632445441e-06,0.0001455210877,3.800413469e-05,0.0003192234726,0.0005394098116,0.0001293180248,0,0,0,0,0,0,0,0,0,0,0,0,0,0,0,0,0,0,0,0,0,0,0,0,0,0,0,0,0,0,0,0.0001140942695,0.000136424278,0,3.733491758e-05,0,0,0,0,0,0,0,8.199581316e-06,0,0,4.264991003e-05,1.31438992e-05,9.592900824e-06,0,0,0,0,0,1.976844715e-06,0,0,1.419778164e-05,7.638074749e-06,3.365201701e-05,0,0,0,0,4.666940004e-05,0,2.397040043e-05,0,0,0,0,0,0,0,0,0,0.0001332673128,2.283075264e-05,0.08146312088,0.01693235151,0.02433611639,0.01595193334,0.01807518117,0.002807903569,0.003806796391,0.001657321583,0.001923005679,0.0009145122604,3.030081461e-05,0.0004637854581,0.0007064625388,0,2.338485729e-06,0.005977834575,3.278305303e-05,2.061657506e-05,0,0,5.983225037e-06,0.0003573918366,5.700292149e-06,0.000401768164,0.02068527415,0.0003753594938,0.0001209934417,0,1.267978291e-06,4.711823294e-06,0.004891575314,0.8118221164,0.01692152023,4.417564196e-05,0.0008276531007,6.550684702e-06,9.061222045e-06,0.2703703046,0.003363308264,0.004714507144,0.0004360293387,0.01034649927,0.001070371363,1.993426667e-05,0.0009414012311,1.001522287e-05,0.000349308888,4.196427835e-05,0.0003074010601,1.268264168e-05
114,9.150539699e-05,2.628697803e-05,7.717761036e-05,5.817845158e-05,0.008251915686,0.02558210492,0.004333703313,0.0001592235785,1.335340403e-05,0,0.0001337184804,3.629412458e-05,0,0,0.002380952472,0.0001614544453,0,0,0,0,0,0.0004267549375,0,0,0,0,0,0,0,0,0,0,0,0,0,0,0,0,0,0,0,0,0,0,0,0,0,0,0.0002303976362,0,0,0,0,0,0,0,0,1.00586667e-05,2.407761713e-06,0,0,0,2.570451579e-05,6.440735433e-06,0,0,0,0,0,0,0,0,0,0,0,0,0,0,0,0,0,1.672304461e-05,0,0,0,0,0,0,0.001116834115,0.000105733292,0,0,0,0.03376027569,0.02213025466,0.02081337199,0.01095653884,0.01721538045,0.008923480287,0.001540227793,0.003950558603,0.001568922307,0.0005062430864,3.77045144e-05,2.597813364e-05,1.923201853e-05,1.103865202e-06,1.677379259e-06,0.002387746936,2.540613423e-05,1.188513306e-05,0,5.983225037e-06,0,6.704678526e-05,2.821896032e-06,0.0001453843288,0.006078979932,8.835126209e-05,0,0,0,1.631354849e-06,0.009805859067,0.7631354928,0.01314391103,4.750438166e-06,0.0003378946858,0.0006797196693,1.347049238e-05,0.2353288233,0.002766266698,0.001093459199,0.000135050228,0.00613848865,0.0003897407732,0,0.001342984266,0,7.01582685e-05,3.076526127e-06,0.001043309225,0.0002369642752
115,0.001589147723,1.233471357e-05,0.0004500796204,0.000232850929,0.09634520859,0.1748225838,0.02223912813,0.003684912575,4.012223872e-05,7.010814443e-05,0.0002246863733,0.0005020825774,0.0005699211033,0.002880521119,0.00888281595,0.00301075913,0.0006411561044,0,0,0,0.003877256997,0.0007228062605,0,0,0,0,0,0.0008696503355,0,0,0,0.002380952472,0,0,0,0.002380952472,0,0,0,0,0,0,0,0,0,0,0,0,0.002380952239,0,0.002586428309,0,0,0,0,0,0,0,0,0,0,0.0002646268695,0.0008175105904,0.0003459132276,0,0,0,0,0,0,0,0.002380952239,0.005769448821,0.0007662633434,0,0,0,0,0,0.003196211299,0,0.002159923082,0,0,0,0,0,0,0.0003926354402,0,0,0.0007902387879,0.001637957525,0.08628901839,0.05821629241,0.09226440638,0.03508734331,0.05940560251,0.05836537108,0.003301572287,0.0148398662,0.01483220328,0.0008681460167,0.0001297589915,2.127179141e-05,1.255779262e-05,4.030746368e-06,5.130278805e-05,0.001493873424,3.578322503e-05,0.001269644708,4.427701242e-06,0.0003573918366,6.704678526e-05,0,3.352568228e-06,0.0001773326076,0.02696307376,1.379211972e-05,0,4.097074998e-05,0,9.614958572e-07,0.02641673014,0.5926131606,0.004938004538,0.000119776807,2.66752204e-06,0.004140033387,0.001053319895,0.2164373249,0.001452356461,0.0004273076192,0.0006335840444,0.006215142086,1.942458402e-05,0.005591209978,0.0006559318281,1.352510844e-05,2.609626335e-06,0,0.002884268062,0.002155540045
116,3.292304245e-05,2.762234999e-06,1.159515705e-05,1.090181399e-06,0.00852744747,0.05639671907,0.0008720952319,7.68538157e-05,0,0,2.965913882e-05,3.021456905e-06,0,0,0,0.0001291646913,0,0,0,0,0,0.0002094443771,0,0,0,0,0,0,0,0,0,0,0,0,0,0,0,0,0,0,0,0,0,0,0,0,0,0,0,0,0,0,0,0,0,0,0,0,0,0,0,0,0,2.300492815e-05,0,0,0,0,0,1.404611794e-05,0,0,0,0,0,0,0,0,0,4.21971672e-05,0,0,0,0,0,0,0,0,0,0,0,0,0,0.03212428465,0.01357931923,0.03610953316,0.01581905223,0.0118301874,0.009908333421,0.0003902575991,0.001832572278,0.0005892656627,0.001098997658,4.793264816e-05,5.992133993e-06,4.021795121e-06,8.698469856e-08,0,0.0005384255783,2.883765228e-05,3.235915574e-05,0,5.700292149e-06,2.821896032e-06,3.352568228e-06,0,0.0002322206128,0.00390594569,0,0,0,0,0,0.00556548778,0.6109685302,0.006086228881,7.000462119e-06,3.048689905e-06,0.0003464726324,0.0002837329812,0.2665422261,0.002230842132,0.0006717179785,0.000103730541,0.001955963904,5.975058957e-05,0,0.0002086818422,0,0,0,0.0004255931417,0.0002434788621
117,0.003837762633,0.0004751948291,0.00130981009,0.001977648353,0.1035879925,0.1286941916,0.02759594657,0.005664843135,0.000393301656,0.0003098489251,0.003086361801,0.007522196509,0.003906962927,0.01303539705,0,0.00442021573,0.00159618468,0.0006875946419,0.002234881977,0.002380952472,0,0,0,0,0.0006780669792,0.001189676696,0,0,0.0007332990644,0,0,0,0,0,0,0,0,0,0,0,0,0,0,0.006390694529,0.004761904944,0.0007076650509,0.002759985626,0.000799330126,0.002573545557,0.005024624057,0.001134766149,0.0002925924491,0,0,0,0,0,0.0002459839743,8.437821816e-05,0.004761904944,0,0.0002145803301,0.001269797096,0.0005055977381,0,0,0,0.0002509492915,0.0002565632167,0.0001800576865,9.544567729e-05,0.004761904944,0.002487668302,8.642616012e-05,0.0002456780348,0.007142857648,0,0.00123016187,0,0.0003518718004,0.0002057153033,0.001795180258,0,0,0,2.00444174e-05,0.002380952472,0,0.007142857648,0.001851559151,0,0.001877509872,0.003161232453,0.09104050696,0.07275316119,0.1056051105,0.04551248625,0.04960757867,0.042040281,0.008571128361,0.01953860745,0.01398177724,0.0002712302958,5.67912939e-05,2.939940168e-05,0.0001036816029,0.0001323840697,0.0001251375652,0.003514772747,1.547266402e-05,0.0006023582537,1.938149126e-06,0.000401768164,0.0001453843288,0.0001773326076,0.0002322206128,0,0.02834809944,0.000124312297,0.0008387968992,0.003309740452,7.467833348e-05,0.0002138336713,0.03010974452,0.6436216235,0.005340912845,4.641869236e-05,0.000455801026,0.002084137406,0.002003546339,0.1687271595,0.0006020314759,0.0001407132368,0.0001891193533,0.01661530323,0.0004895632155,0.01084048767,0.007548909634,0.0004297373234,0.0003047903592,0.0003092792758,0.006300123408,0.001909780665
118,0.07064214349,0.009417479858,0.03660200164,0.02742821537,0.1886746585,0.3490688503,0.0643388629,0.08236403763,0.0283678025,0.01026877761,0.03114490211,0.03443475068,0.026821509,0.04758203402,0.02422224171,0.03528375551,0.05912889168,0.02966474555,0.03196785972,0.05250515416,0.04469683394,0.02752617933,0.01149669383,0.01201728918,0.0336974673,0.02968816273,0.02083307505,0.008409094997,0.01256409008,0.008534822613,0.01542325411,0.01231206302,0.002380952472,0.003779564053,0.006207908504,0.008596842177,0.01054794528,0,0,0.004761904944,0.002380952472,0,0.002380952472,0.03776856884,0.02639365941,0.02792947553,0.02657154948,0.03358851373,0.03157614544,0.0256224703,0.03224091604,0.02726739086,0.01503780391,0.004776023794,0.00548832817,0.006226298399,0.01408252772,0.02269498818,0.01275848038,0.03035309352,0.006895900704,0.02014197968,0.02925299108,0.0310417898,0.007524043322,0.00654568756,0.01932309754,0.0194056686,0.0262231566,0.02263667621,0.00589900557,0.01238506567,0.0303099826,0.01777191646,0.02389775589,0.005376981571,0.002016391838,0.00283457106,0.005517536774,0.03047708422,0.003236535471,0.02988901548,0.01620347798,0.02649754845,0.02628171444,0.02528988011,0.00917099975,0.008116258308,0.008226227947,0.004253056366,0.004581897985,0.02941133827,0.02624069899,0.1541254371,0.05781120807,0.06866130233,0.04774389043,0.05465278774,0.05458028242,0.05451873317,0.05097066611,0.04474547878,0.04302225634,0.003049057443,0.004026548006,0.01467808895,0.001375753433,0.0013328559,0.06454779208,0.01174157485,0.02559453249,0.004505793564,0.02068527415,0.006078979932,0.02696307376,0.00390594569,0.02834809944,0,0.001186629874,0.003773871576,0.003395189764,0.008036750369,0.003672506195,0.02935541049,0.8350983858,0.1265275478,0.02020966448,0.02348350734,0.03403111175,0.03362560272,0.6011903286,0.1292417347,0.08403313905,0.04495895281,0.0211298503,0.01287280954,0.01832590066,0.01615629531,0.002355997451,0.02056284435,0.003311143722,0.03423050418,0.02600562945
119,0.0004781622847,6.420354566e-06,8.850502491e-05,3.690042649e-05,0.06452295184,0.09939359128,0.004358658567,0.002099867212,0.0001038227856,0,0.0005083183059,0.0001097475106,0,0,0,0.002499441383,0.0001894616435,0,0,0,0,0,0,0,0,0,0,0,0,0,0,0,0,0,0,0,0,0,0,0,0,0,0,0,0,0,0,0,0,0.0009419168346,0,0,0,0,0,0,0,0.0003055181296,0,0.001228631125,0.0007867089589,0.000519992318,0.001212642761,0.0004161874531,0,0,0,0,0,0,0,0,0,0,0,0,0,0,0,0.001194376615,0,0.000398354663,0,0,0,0,0,0,4.463500227e-05,0,0,0.0003392574436,0.0006135024596,0.09901694953,0.02847694792,0.05297838897,0.01764011197,0.02940872312,0.01716017909,0.004645360634,0.01202954631,0.01056237239,0.0004453843576,1.873866495e-05,5.739818334e-06,4.848118988e-05,1.724894446e-06,1.058374619e-05,0.002938509919,0.0001292476372,0.001811195165,9.573699936e-05,0.0003753594938,8.835126209e-05,1.379211972e-05,0,0.000124312297,0.001186629874,0,8.355747013e-06,0,0,0,0.003258803859,0.6734859943,0.00615390949,0.0001715531544,1.744005749e-05,0.004232577514,0.0005349489511,0.2000470906,0.00122737349,0.000619038241,0.0007699030684,2.645793938e-05,2.520939688e-06,0.0005938290851,7.050122804e-05,1.50992355e-06,2.166643753e-05,0,0.0006443795864,0.0003432389931
120,2.40065765e-05,0,5.867618711e-06,7.61353067e-06,0.02169138752,0.02203086577,0.001428815071,0.000229937039,0,0,0,1.580136632e-05,0,0,0,0,0,0,0,0,0,0,0,0,0,0,0.001530137728,0,0,0,0,0,0,0,0,0,0,0,0,0,0,0,0,0,0,0,0,0,0,0,0,0,0,0,0,0,0,0,0,0,0,0,0,0,0,0,0,0,0,0,0,0,0,0,0,0,0,0,0,0,0,0.0001430904958,0,0,0,0,0,0,0,0,0,0,0,0.06808848679,0.004316193983,0.0004995298805,0.0015418845,0.001100491616,0.002830100479,0.001107855351,0.000287876348,0.002380952472,0.0009826105088,0,4.529948637e-05,0,0,0,0.00168312015,0,0.0001160322572,0,0.0001209934417,0,0,0,0.0008387968992,0.003773871576,8.355747013e-06,0,0,0,0,0.002665057546,0.6528474689,0.005389047787,0,2.03869206e-07,0.0003857646079,0,0.2681767941,0.001424464979,0.0004851711856,0.00040013119,4.417047239e-05,4.603650268e-06,0,8.13725535e-07,0,0,0,0,0
121,2.746048995e-05,2.31944e-06,1.766578134e-05,9.021900951e-06,0.1516984254,0.1248015463,0,0.0003587964457,0,0,0,1.589983731e-05,0,0,0,4.304783215e-05,5.463793059e-05,0,0,0,0,0,0,0,0,0,0,0,0,0,0,0,0,0,0,0,0,0,0,0,0,0,0,0,0,0,0,0,0,0,0,0,0,0,0,0,0,0,0,0,0,0,0.0003479517181,0.0001877440081,0,0,0,0,0,0,0,0,0,0,0.0004312465317,0,0,0,0,0,0,0,0,0,0,0,0,0,0,0,0,0,0,0.1403002143,0.007641477045,0.005943989381,0.000388528133,0.004909901414,6.263418618e-05,0.001924925135,0.00353442342,0.001583629753,0.001929079532,0,2.799610957e-05,0,0,0,0.008061361499,0.002380952472,3.971120896e-05,0,0,0,4.097074998e-05,0,0.003309740452,0.003395189764,0,0,0,0,0,4.967014775e-06,0.950107038,0.01340517029,0,0,2.356608093e-05,0,0.3370056748,0.002342479303,0.004129752051,0.001290184329,9.794285143e-05,1.882599349e-06,0,0,0,1.742104723e-05,0,4.662349966e-06,0
122,0.0001203776264,0,8.40681314e-05,9.761894034e-06,0.02753901668,0.0124306418,0,0.0001713936945,0,0,0,0,0,0,0,0,0,0,0,0,0,0,0,0,0,0.00146131136,0,0,0,0,0,0,0,0,0,0,0,0,0,0,0,0,0,0,0,0,0,0,0,0,0,0,0,0,0,0,0,9.954111192e-06,0,0,0,0,0,0,0,0,0,0,0,0,0,0,0,0,0.002380952472,0,0,0,0,0,0,6.236020999e-05,0,0,0,0,0,0,0,0,0,0,0,0.08593282849,0.01162451133,0.008108409122,0.00575107988,0.00197209185,0.003152879188,0,0.001300484757,0.00141959847,0.0008178747958,0,0,0,0,0,0.004325466696,0,3.249953443e-05,0,1.267978291e-06,0,0,0,7.467833348e-05,0.008036750369,0,0,0,0,0,0,0.7357123494,0.01101723127,0,0,0.0001090134901,0,0.218324855,0.004643907305,0.003108301666,0.0009366217419,0.0007231726777,0.000317951577,0,9.39816091e-05,0,0,0,0,0
123,1.706509829e-05,3.97880649e-06,6.753304206e-06,4.622762901e-07,0.01927111298,0.04296650738,0,7.885872765e-05,0,0,0,0,0,0,0,0,0,0,0,0,0,0,0,0,9.638215852e-05,0,0,0,0,0,0,0,0,0,0,0,0,0,0,0,0,0,0,0,0,0,0,0,0,0,0,0,0,0,0,0,0,0,0,0,0,0,0,0,0,0,0,0,0,0,0,0,0.0002389896545,0,0,0,0,0,0,5.813026655e-05,0,0,0,0,0,0,0,0,0,0,0,0,0,0.1223734841,0.0129304938,0.01611302979,0.01041684393,0.01184564177,0.0009750149329,0.0006777333911,0.002956467448,0.003814581083,0.001502754749,2.759511699e-05,6.468965239e-07,0,0,0,0.0009865928441,0,4.215134322e-05,0,4.711823294e-06,1.631354849e-06,9.614958572e-07,0,0.0002138336713,0.003672506195,0,0,0,0,0,0.0007706565084,0.7111170888,0.006075590383,3.087172809e-05,0,1.521823197e-05,0,0.2481462806,0.002453649417,0.001278766314,0.0004317450803,0.0005137538537,6.711890819e-06,0,0.0001790007664,0,0,0,0,7.917819858e-06
124,0.008278878406,8.784576494e-06,0.0001216893361,0.002524155658,0.07224743813,0.04939420521,6.969311016e-06,0.006317432038,0.004353077617,0,0.0002110539353,0.0001946630946,0.002729678759,0.0001405252842,0,0.0009742174298,0.001039222116,0,0,0,0,0,0,0.002380952239,0,0,0.002380952239,0,0.002380952472,0,0,0,0,0,0,0,0,0,0,0,0,0,0,0,0,0,0.004022796638,0.0007195026847,0.003730061697,0.0002831559977,0.002524998272,0.00391531596,0,0.002380952472,0,0,0,0.002217181725,0,0,0,0,0.005897070281,0.01307301223,0,0,0,0.003787569003,0.00138232403,0.0008658898296,0.0007828072994,1.44172202e-06,0.0001453805307,0.002380952472,0.005499736872,1.856916242e-05,0,0,0.0008477983065,0.002452315763,0,0.009124492295,0,0.001248894841,0,0,0,0,3.551918098e-06,0,0.0006976948353,0.002462413628,0.00352412276,0.1209035814,0.01782312058,0.02094181627,0.010562988,0.01293456275,0.01423115004,0.01938334666,0.01418434363,0.01916450821,0.04422152042,0.007584922016,0.01589835808,0.02329091355,0.003761559958,0.001822077902,0.04360809177,0.01496682316,0.009956938215,0,0.004891575314,0.009805859067,0.02641673014,0.00556548778,0.03010974452,0.02935541049,0.003258803859,0.002665057546,4.967014775e-06,0,0.0007706565084,0,0.8692224622,0.1310622692,0.0159798637,0.007516771555,0.004792195279,0.0004902493674,0.6232876182,0.04045089334,0.04020922258,0.02508422919,6.422223669e-05,2.192584361e-05,3.313742809e-06,1.129856901e-05,4.147977597e-05,0.01534508541,0.005505879875,0.0007493446465,0.0002455408394
125,0.9546254873,0.8385563493,0.9193885326,0.8528245687,0.9617758989,0.9915211201,0.9178522825,0.963252604,0.7951691747,0.679074347,0.8524865508,0.8372684121,0.8622428179,0.8057895899,0.7165243626,0.8479068875,0.8518400788,0.6228486896,0.7001357079,0.7273837328,0.7339339852,0.6086623073,0.3824317455,0.2694795132,0.6834145784,0.6986365914,0.4782080054,0.1713450253,0.2564415634,0.4358659089,0.362195611,0.2691735327,0.2162386775,0.1190795675,0.2182162404,0.3487026989,0.2292097211,0.04371501878,0.0642857179,0.199429363,0.08257570863,0.1149307713,0.02142857201,0.811547637,0.8264371753,0.7178334594,0.808103919,0.8355599046,0.8573634028,0.8042179942,0.8134068847,0.7844924331,0.266266942,0.1841329336,0.1936408579,0.2103940547,0.377379179,0.7629190087,0.74900949,0.6601427794,0.3089072704,0.6808736324,0.7840827703,0.8076995611,0.4536800086,0.549395144,0.5206224918,0.6132029295,0.7726402283,0.7573702335,0.6441046,0.5919550657,0.8104469776,0.6251737475,0.7274757028,0.5996932983,0.3270376325,0.3968923092,0.4927508235,0.8128352761,0.7156285048,0.7848098278,0.4229588509,0.7322625518,0.7592284679,0.7279434204,0.3396083415,0.2805761099,0.793205142,0.7182693481,0.5646446943,0.8132799268,0.791662693,0.8854536414,0.6847876906,0.7343600392,0.7231149077,0.7481196523,0.8527718782,0.6267920136,0.7440823317,0.8354253173,0.8207220435,0.7109613419,0.6254141331,0.5635222793,0.6304317713,0.7868256569,0.4569329619,0.5917519927,0.7618682981,0.5511097908,0.8118221164,0.7631354928,0.5926131606,0.6109685302,0.6436216235,0.8350983858,0.6734859943,0.6528474689,0.950107038,0.7357123494,0.7111170888,0.8692224622,0,0.371360898,0.6943257451,0.59661901,0.8752827048,0.8942964673,0.7316985726,0.7574724555,0.6327235699,0.6167441607,0.8365618587,0.7427224517,0.9217739701,0.8461608291,0.8185080886,0.5825603604,0.614261806,0.9420416355,0.8995187283
126,0.1738592237,0.02671365999,0.07014588267,0.06250068545,0.3323661685,0.4575108886,0.1816421896,0.21124731,0.02042433433,0.01533682272,0.04578708485,0.08295512199,0.02912671864,0.06283334643,0.06011123955,0.06690582633,0.09869010746,0.02602283098,0.03157765791,0.04564073682,0.03474851698,0.03443964943,0.008705369197,0.004761904944,0.02610695735,0.03359832615,0.004761904944,0.002380952472,0.002380952472,0.01297453605,0.00463904487,0.01190476213,0.002380952472,0,0.004831649363,0.004761904944,0.004761904944,0,0,0.002380952472,0.007142857648,0.002380952472,0.004761904478,0.01592777111,0.02210770175,0.02939864062,0.01943765208,0.01761154085,0.02118217945,0.02026676945,0.02013674378,0.01987842843,0.004138999619,0.0006100689061,0.002986662555,0.003825216787,0.001136405626,0.02442767099,0.01119451597,0.01261540782,0.001176806749,0.01204147004,0.0183426328,0.02387287095,0.00454944605,0.00576671958,0.01376316231,0.01905274391,0.02060810663,0.01500708517,0.005913912784,0.0252279155,0.03997969627,0.01382756606,0.01407445688,0.01114211045,0.004525596276,0.0006293861079,0.007891207002,0.02183763124,0.004177912138,0.02235872298,0.008037110791,0.02233415656,0.01960218884,0.01490981318,0.009461490437,0.003040535143,0.03025107272,0.00798812788,0.006059595384,0.01839519478,0.01923752762,0.1553064436,0.03529644385,0.06807480752,0.02047269046,0.02786756866,0.05414288491,0.009481527843,0.01852407493,0.02210682072,0.01274487097,0.00789973326,0.005522872787,0.004727890715,0.005545487627,0.01252598222,0.004796849564,0.004384256899,0.01487293653,0.007039957214,0.01692152023,0.01314391103,0.004938004538,0.006086228881,0.005340912845,0.1265275478,0.00615390949,0.005389047787,0.01340517029,0.01101723127,0.006075590383,0.1310622692,0.371360898,0,0.008092157543,0.005079863593,0.01791633293,0.02464004606,0.1561982185,0.00458872132,0.002974628704,0.004176659975,0.1033351272,0.009662276134,0.07028997689,0.05628705025,0.009376154281,0.004992432427,0.005142327864,0.02843658254,0.0219672583
127,0.0005732239806,0.0002434070775,0.0003777079401,0.0007349762018,0.02106325515,0.05145822093,0.009201477282,0.001275575487,9.328503438e-06,0.001199567458,0.0002177307761,8.893099584e-05,0.0002018454106,0.002524274867,0,0.001367347781,4.642183194e-05,0,0,0,0,0,0,0,0,0.000298006431,0,0,0,0,0,0,0,0,0,0,0,0,0,0,0,0,0,0,0,0,0,0.0002144043974,0,0,3.109818499e-05,0,0,0,0,0,0,0,0,0,0,0,4.069141869e-05,0.0001913513406,0,0,0,0,0,0,0,0,0,5.347308615e-05,0.0001056769252,0,0,0,0,0.0004333505058,0,0.0001223938452,0,0,0,0.0001589008461,0,0,0.0004448133986,0,0,6.022668458e-05,3.338860188e-05,0.05693152174,0.01619277894,0.02916480973,0.01128237788,0.02604610287,0.006370196585,0.00111189601,0.0008923193091,0.0015862484,0.001183494227,0.0001293407695,0.0001063428863,3.781693158e-05,5.494638117e-06,1.545393025e-05,0.001172947697,2.482850277e-06,3.4583054e-06,1.633576403e-07,4.417564196e-05,4.750438166e-06,0.000119776807,7.000462119e-06,4.641869236e-05,0.02020966448,0.0001715531544,0,0,0,3.087172809e-05,0.0159798637,0.6943257451,0.008092157543,0,7.926497346e-05,0.0001419288892,0.002458419185,0.2564983368,0.001511530834,0.0006182600046,2.124833554e-05,0.009752862155,0.0004368986993,0,0.002457223134,0,2.183303332e-05,0.0002236533328,0.002238677349,0.0002679670288
128,0.0005404246622,4.819413789e-06,0.0002592820383,0.0001168106755,0.1003232598,0.1403556615,0.004792132415,0.002626685658,1.327084192e-05,0,0.0001650312188,0.0002231444378,0.0004020217166,0.004761904944,0,0.0009976279689,0.0002030382748,0,0,0,0,0,0,0,0,0,0,0,0,0,0,0,0,0,0,0,0,0,0,0,0,0,0.002380952472,0,0.0005293320282,0,0,0,0.0003367742465,0,0,0,0,0,0,0,0,0.0002372781164,1.527419772e-05,0,0,0,0,8.297619934e-05,0,0,0,0,0,0.0002506017045,0,0,0.0003013107053,0,0,1.290179171e-05,0,0,0,0.001282192185,0,0.0002880432585,0,0,0,0,0,0,3.320983296e-06,0,0,0,0.002380952472,0.07490407676,0.02889603376,0.05272984877,0.01947943866,0.02654085681,0.03118518926,0.002534230938,0.007593634073,0.00958799012,0.001252929796,0.0003956004803,0.0001055310713,6.942319305e-05,0,1.465680907e-05,0.001034853514,2.922082422e-05,0.001204287051,5.508690811e-05,0.0008276531007,0.0003378946858,2.66752204e-06,3.048689905e-06,0.000455801026,0.02348350734,1.744005749e-05,2.03869206e-07,0,0,0,0.007516771555,0.59661901,0.005079863593,7.926497346e-05,0,0.001894977642,0.004391498398,0.2366571277,0.001369748963,0.0004412067356,0.0006699343794,0.001221889164,3.297004241e-06,0.0001515752811,1.025366419e-05,3.127071068e-06,1.406510819e-06,0,0.001128970878,0.0007175651845
129,0.001148705138,0.0009071204695,0.000881910848,0.001181594329,0.08581331372,0.08027257025,0.002234912477,0.001265966916,3.83774277e-05,0,0.0002231028338,0.0007843117346,3.629671119e-05,6.769719039e-05,0,6.772047345e-05,0.0002149002685,0,0,0,0,0.0001809687674,0,0,0.002380952472,0,0,0,0,0,0,0,0,0,0,0,0,0,0,0,0,0,0,0,3.859318895e-05,0,3.645980905e-05,0,1.192488799e-05,0,2.976993301e-06,1.019038609e-05,0,0,0,0,0,0.0001147332805,6.768773892e-05,0,0,0,2.66604693e-05,6.644972018e-05,0,0,0,0,7.467646356e-05,0.0006011471851,0,0,0,0,0,0,0,0,0,1.920765317e-05,0,2.445145765e-05,0,0,0,0,0,0,0,0,0,2.383705942e-05,2.743793993e-05,0.1195211262,0.006317844149,0.004308305215,0.002705860185,0.003121027723,0.0001281682053,0.00115322473,0.0003226874687,7.056339382e-05,0.002049946692,0.0006188302068,0.005951908883,0.009352243505,0.0003248288413,0.0001350133534,0.00444842875,0.0007989353035,2.868573574e-05,0.002380952239,6.550684702e-06,0.0006797196693,0.004140033387,0.0003464726324,0.002084137406,0.03403111175,0.004232577514,0.0003857646079,2.356608093e-05,0.0001090134901,1.521823197e-05,0.004792195279,0.8752827048,0.01791633293,0.0001419288892,0.001894977642,0,3.210092837e-05,0.3094480634,0.005637229886,0.003282635706,0.0004422568018,0.007895234972,0.002703096019,0.0001315294649,0.003764232388,2.29207526e-05,0.002482100623,0,3.882028977e-06,7.803526387e-06
130,0.0006705755368,0,0.0009194066515,0.0007480434142,0.0698197633,0.06825180352,0.000168448154,0.001815055264,1.084388987e-05,0.0003583279613,0.0003719421511,0.0001436676393,0,0.00377092557,0,0.0002482654527,0.0004752737004,0,0,0,0,0,0,0,0,0,0,0,0,0,0,0,0,0,0,0,0,0,0,0,0,0,0,0,0,0,0,0,0,0,0.0001410717232,2.828921424e-05,0,0,0,0,0,0,0,0,0,0,0.0001988656149,8.017467917e-05,0,0,0.0004744488979,0,3.720403038e-05,0,0,0,0,0,0,0,0,0,0,0,0,4.254440137e-05,0,0,0,0,0,0,2.869509262e-05,0,0,0,2.58031705e-05,0.12691845,0.01608005725,0.006357209757,0.004829320125,0.003391861217,0.0001834127179,0.00663428288,0.002271212172,0.0011269151,0.001787398476,0.0003711775062,0.0003465920745,0.0001147349685,0.0001343155309,1.220803824e-06,0.00715349894,0.002484024735,0.0001520600053,0,9.061222045e-06,1.347049238e-05,0.001053319895,0.0002837329812,0.002003546339,0.03362560272,0.0005349489511,0,0,0,0,0.0004902493674,0.8942964673,0.02464004606,0.002458419185,0.004391498398,3.210092837e-05,0,0.3417960405,0.006690568756,0.005271851551,0.002576546744,0.006063843146,0.00114998396,0,0.0001253666996,5.066957783e-06,0.001225737971,0,7.060737516e-06,2.471419123e-07
131,0.6228717566,0.4106327295,0.5192821622,0.4618635178,0.7391264439,0.7943252921,0.6605010629,0.6342000365,0.3534357846,0.2982523739,0.404221952,0.4754423797,0.4083635807,0.4307436347,0.307751447,0.4502135813,0.5864234567,0.3462072313,0.4069467485,0.4628897011,0.4699316323,0.3382971883,0.1646368951,0.139901787,0.3492687941,0.3614587188,0.2682583928,0.1321844757,0.1604064405,0.2692970037,0.2055800557,0.1340247989,0.0724555105,0.04618117958,0.1153022274,0.1546894014,0.134917587,0.008900525048,0.01038093027,0.08336502314,0.02319285646,0.03466502577,0,0.3998818099,0.3770910203,0.3874689639,0.3830292523,0.3829915524,0.3875390589,0.3942491114,0.3866623342,0.3402312696,0.206738621,0.1002937704,0.1155482009,0.135431841,0.2093490362,0.2494730204,0.2236184925,0.3255779147,0.1622808129,0.3184399605,0.3862724304,0.320358336,0.2335176468,0.2678750455,0.220119521,0.2279675454,0.3571861386,0.2584374547,0.2651934624,0.3179588318,0.4184384942,0.2526279688,0.3514774144,0.2831540108,0.1490297318,0.1865597516,0.2620779276,0.3300134838,0.273796767,0.373634249,0.207377553,0.3509176075,0.3486604393,0.3265934885,0.1960900277,0.1229777411,0.3911736012,0.2813678682,0.2459498197,0.3624313176,0.3664075732,0.6264058948,0.4662429392,0.5629246831,0.3683007061,0.407213062,0.4862031043,0.3371861577,0.3169803917,0.3207324147,0.1064274609,0.1542240083,0.1793893278,0.2375322282,0.2824040949,0.2584564388,0.4297007918,0.2092493474,0.2762830257,0.2536067069,0.2703703046,0.2353288233,0.2164373249,0.2665422261,0.1687271595,0.6011903286,0.2000470906,0.2681767941,0.3370056748,0.218324855,0.2481462806,0.6232876182,0.7316985726,0.1561982185,0.2564983368,0.2366571277,0.3094480634,0.3417960405,0,0.08424466103,0.1378532797,0.2404919863,0.5834434628,0.2735959589,0.4976609945,0.494455874,0.2762296796,0.2847135961,0.2551668286,0.3362925649,0.3295811117
132,0.04293550178,0.006523909513,0.01931478456,0.01482002344,0.2265463024,0.2438226491,0.04950747266,0.05343832821,0.00336979283,0.001700982335,0.009463475086,0.03192977235,0.007829191163,0.01509818062,0.005628442392,0.01566897333,0.01709878631,0,0.01019700617,0.005246795714,0.002597480314,0,0,0.002380952239,0,0.003175080055,0.002380952472,0,0,0,0,0.002380952239,0,0,0,0.004761904944,0,0,0,0,0,0,0,0.0004516905756,0,0.002093580784,0.007463128306,0.003925076686,0.006883830298,0.00510612363,0.00881110318,0.003966191784,0,0,0,0.002380952472,0.001042924938,0.001765620196,0.002025318332,0.004761904944,0.0004187433515,0.001234809053,0.005879727658,0.00444568228,0,0,0.0003253245377,0.001411893289,0.006220782176,0.001679490088,0.002245249692,0,0.006368831266,0.001841089921,0.009579557925,0.002992125694,0,0.001497285324,0.0002540377318,0.005194395781,0.007841926068,0.006680513732,0.002362066647,0.004978510551,0.0009851766517,0.005813131575,0.002380952472,0,0.001648111385,0.006108108908,0.001455119462,0.005234235432,0.006655787118,0.1471094042,0.03935904056,0.07810368389,0.01685153507,0.02179982886,0.0360237062,0.007948591374,0.00873593241,0.008143959567,0.001422605361,0.001432840363,0.0008047043812,0.001233507297,0.00208799867,0.002191014821,0.01089704689,0.00106807705,0.003703553695,0.001264056074,0.003363308264,0.002766266698,0.001452356461,0.002230842132,0.0006020314759,0.1292417347,0.00122737349,0.001424464979,0.002342479303,0.004643907305,0.002453649417,0.04045089334,0.7574724555,0.00458872132,0.001511530834,0.001369748963,0.005637229886,0.006690568756,0.08424466103,0,0.000182197502,0.0009636479663,0.03664659336,0.002455592621,0.01410504337,0.01770901121,0.003525424981,0.00226639444,0.002413313603,0.007635450456,0.005144020077
133,0.02901854925,0.003407542128,0.007737260312,0.007533446886,0.2046636939,0.1883335114,0.04321746156,0.03283759952,0.004247029778,0,0.006662071683,0.01377898641,0.01407232787,0.006067365874,0.004761904944,0.008512161672,0.009654060937,0.002380952472,0.002380952472,0.001102066948,0,0.003450750606,0,0.001025634585,0.002380952472,0,0,0,0,0.002380952239,0,0,0,0,0,0,0,0,0,0,0,0,0,0.003085095668,0.002380952472,0,0,0.002380952472,0.009289539419,0.0001228011242,0.01038646512,0.00247202022,0.002380952472,0,0,0,0,0.001903453842,0.001084677293,0,0,0.00100913248,0.007687294856,0.003787837923,0.001545335166,0.001503018546,0.000592779892,0,0.002452166984,0.0002852238249,0.002625920111,0,0.003857739968,0.002380952472,0.006790875457,0.003014362184,0,0,0,0.003596111666,0.0001865905942,0.004965261091,0.004761904944,0.001762261032,0.002854441293,0.004545059055,0,0,0.002380952472,0.0006531993859,0,0.004761904944,0.005023009609,0.1392760128,0.05390118062,0.09751866758,0.02502134256,0.03587913513,0.05338140577,0.0002545040625,0.01007516123,0.01363747939,0.000643343199,0.001056134352,0.0006316652871,0.0004084169632,0.0004832345003,0.001177580212,0.0008488969761,0.000907876296,0.002590641147,4.595398423e-05,0.004714507144,0.001093459199,0.0004273076192,0.0006717179785,0.0001407132368,0.08403313905,0.000619038241,0.0004851711856,0.004129752051,0.003108301666,0.001278766314,0.04020922258,0.6327235699,0.002974628704,0.0006182600046,0.0004412067356,0.003282635706,0.005271851551,0.1378532797,0.000182197502,0,6.55996846e-05,0.02705359645,0.001168046962,0.01308333687,0.008684418164,0.002669531852,0.0006730465102,0.000529263285,0.01207784098,0.007402481511
134,0.003924219869,0.001134401304,0.001963252667,0.001755531412,0.0682092756,0.1013256535,0.03299114853,0.004700698424,0.00105897733,0.0003646239638,0.002212305553,0.00590109732,0.002111770213,0.0108591821,0.02061154135,0.004581819288,0.002055455698,0.000771203253,0.0009217749466,0.0002842157555,0.000733554014,0.001383621595,0,0.002380952472,0,0.001177896513,0,0,0,0,0.0004624146677,0,0,0,0.00105228473,0.0005971439532,0,0,0,0,0,0,0,0.001381573151,0.004018503707,0,0.001014867332,0.0002336824255,0.0006939268205,4.378008452e-05,0.0004587685689,0.0005083744763,0.0003220548097,0,0.0006839780253,0,0,0.0001979224762,0.0005849276204,0.000568274816,0.0006019032444,0.0003951690742,0.001073935768,0.001437268336,8.065234579e-05,0,0,0.0002236846049,0.0006758189411,0.0008975135279,5.961607167e-05,0.007683231961,0.002953107469,0.002544601681,0.001144186244,0.001769431517,0,0.00108587835,0,0.001180142397,0,0.001056839596,5.905331636e-05,0.000608091068,0,0.0002983542799,0,0,0.005985056981,0.000240961308,0.0001194547804,0.001388287637,0.001142487279,0.04924492911,0.01978738233,0.0361985825,0.01489079371,0.02842349745,0.02327463217,0.0001342618343,0.001346765202,0.003339170013,0.002566718962,0.001158505911,0.0007437615423,0.000317695085,5.937680544e-05,0.0002049793984,0.0004899710184,0.0001794720592,6.370004121e-05,1.086086741e-05,0.0004360293387,0.000135050228,0.0006335840444,0.000103730541,0.0001891193533,0.04495895281,0.0007699030684,0.00040013119,0.001290184329,0.0009366217419,0.0004317450803,0.02508422919,0.6167441607,0.004176659975,2.124833554e-05,0.0006699343794,0.0004422568018,0.002576546744,0.2404919863,0.0009636479663,6.55996846e-05,0,0.02598360553,0.002093459712,0.009051638655,0.005621851888,0.0007091882289,0.0001962785609,0.0001350779203,0.002394679468,0.001832876122
135,0.006250040606,0.0001090708611,0.0004432187416,0.001414060243,0.07450699061,0.186636135,0.0007930775755,0.01671212539,0.005463886075,0.0003104137722,0.003874272341,0.01257598214,0.008152495138,0.009043340571,0.002530253958,0.01055557746,0.0004501150979,0,0.001036919537,0.003759203712,0.00390378735,0,0,0.001942737494,0.0004343503388,0.002380952472,0.002044865862,0,0,0,0,0,0,0,0,0.002380952472,0,0,0,0,0,0,0,0.005199652165,0.002380952239,0.008809363469,0.005675037857,0.0055398033,0.009320423007,0.004829229787,0.008111528121,0.007347401697,0,0,0,0,0.002380952472,0.004761904944,0.007863096893,0.00534312427,0.002380952239,0.005611056928,0.009170833044,0.01480288804,0,0.003794146236,0,0.004320761189,0.003536128206,0,0.001388442237,1.898358096e-05,0.01018116996,0.00494717434,0.005070792511,8.485598664e-05,0,0.0003400178102,0.0009578646859,0.008858688176,0,0.009573549964,0,0.008477133699,0.004212510772,0.005244123749,0,3.411417129e-05,3.954331078e-06,8.643693582e-05,0.0001742885943,0.00409558136,0.01171883289,0.1014003456,0.01793776266,0.02424014546,0.01518180221,0.01618331298,0.02066811733,0.02175282873,0.02186342701,0.02296407335,0.02304291539,0.003029116197,0.003510402516,0.01427890547,0.001165379188,0.000166662081,0.03798275813,0.008583192714,0.01829265989,0.0003121670161,0.01034649927,0.00613848865,0.006215142086,0.001955963904,0.01661530323,0.0211298503,2.645793938e-05,4.417047239e-05,9.794285143e-05,0.0007231726777,0.0005137538537,6.422223669e-05,0.8365618587,0.1033351272,0.009752862155,0.001221889164,0.007895234972,0.006063843146,0.5834434628,0.03664659336,0.02705359645,0.02598360553,0,3.157123137e-05,0.0001539675286,7.1186274e-05,0.0001037976108,0.004731590394,0.0003820888523,0.01129959803,0.004788490478
136,0.0003457982675,3.838508292e-06,5.419600348e-05,8.367402916e-05,0.06874460727,0.1244595423,0.0005649121013,0.002322165295,0.0002687142405,0,9.105175559e-05,2.682962077e-05,0.004916377366,0.007142857648,0.001299635158,0.0007102959207,0.0001571278699,0,0,0.0002430439636,0,0,0,0,0.0008806623518,0,0,0,0,0,0,0,0,0,0,0,0,0,0,0,0,0,0,0,0,0,0.000383959763,0,0.0006367368042,0,0.00190400111,0.001274176524,0,0,0,0,0,0,0,0,0,0.0005692251143,0.001070434926,0.001982968533,0,0,0,0,0.0002859508677,0,0,0,0.002380952472,0,0.002380952472,0,0,0,0,0.002102693543,0,0.002766170306,0,0.001795342308,0,0.002211377025,0,0,0,1.284244263e-06,0,0.000358817284,0.001377086155,0.07978233695,0.02511585504,0.03271201998,0.01608140953,0.01554909348,0.01550316904,0.005837546196,0.01009904966,0.008474175818,0.0009574450669,0.000246682408,9.873617819e-05,0.0004192427441,4.087944399e-05,1.777822945e-06,0.004282874987,0.0002040265681,0.002568502445,0,0.001070371363,0.0003897407732,1.942458402e-05,5.975058957e-05,0.0004895632155,0.01287280954,2.520939688e-06,4.603650268e-06,1.882599349e-06,0.000317951577,6.711890819e-06,2.192584361e-05,0.7427224517,0.009662276134,0.0004368986993,3.297004241e-06,0.002703096019,0.00114998396,0.2735959589,0.002455592621,0.001168046962,0.002093459712,3.157123137e-05,0,4.844336581e-05,1.219610022e-05,5.331860848e-06,4.413379065e-05,7.342744084e-07,0.002136565279,0.000254354818
137,0.0007228421164,0,3.520432438e-05,0.0004840817419,0.137509793,0.0788866058,4.420335245e-06,0.002935716417,1.338127549e-05,0,1.3191574e-05,0,0,0,0,0,0,0,0,0,0,0,0,0,0,0,0,0,0,0,0,0,0,0,0,0,0,0,0,0,0,0,0,0,0,0,0,0,0,0,0.0006063458277,0,0,0,0,0,0,0,0,0,0,0,0.0003619038325,0.002485971898,0,0,0,0,5.781939763e-05,0,0,0,0.002380952472,0,0,0,0,0,0,0.0003164891677,0,0.0008388868882,0,0,0,0,0,0,0,0,0,0,0,0.1382753849,0.01445628703,0.01303643361,0.005455024075,0.008529580198,0.001157154562,0.007781802677,0.009247994982,0.001130488934,0.0181446746,0,0.0006909915828,0,0.002380952472,0,0.0293146763,0.002380952472,0.002415234456,0,1.993426667e-05,0,0.005591209978,0,0.01084048767,0.01832590066,0.0005938290851,0,0,0,0,3.313742809e-06,0.9217739701,0.07028997689,0,0.0001515752811,0.0001315294649,0,0.4976609945,0.01410504337,0.01308333687,0.009051638655,0.0001539675286,4.844336581e-05,0,3.782246267e-06,3.957333945e-07,0.0005036161747,0.0009575154982,1.786505163e-05,0
138,0.0003966145741,4.802662261e-06,3.826036846e-05,0.0001529721485,0.04874771461,0.06399764121,2.336677426e-05,0.00218801247,0.0001609366445,0,3.155305967e-05,7.710765931e-05,0.002486185636,0.00327231898,0.0002682111517,0.0002518999099,0,0.0006783728604,0,0,0,0,0,0,0,0,0,0,0,0,0,0,0,0,0,0,0,0,0,0,0,0,0,0,0,0.0006421618746,0,0,0.00148100045,0,0.00217451225,0.001430984819,0,0,0,0,0,0,0.001063520205,0.0006454825052,0,0.001289080363,0.003545883344,0.003216903191,0,0,0.0008467392763,0,0.0001111122183,0,0,2.64121627e-06,0.0001408561802,0.002380952472,0.001125374227,0,0,0,0,0.002699421486,0,0.007285502274,0.002380952472,0,0,0.0004853282589,0,0,0,0,0,0.0004151902685,0.001833298593,0.09547395259,0.008871260099,0.01356452238,0.008171161637,0.01130683348,0.006468392909,0.009739205241,0.009852511808,0.004298315383,0.01122207008,0.0008176949923,0.004743590485,0.001472721808,0.0003784523869,0.0001100880254,0.01172696427,0.004940362182,0.00516704889,0.0002702565107,0.0009414012311,0.001342984266,0.0006559318281,0.0002086818422,0.007548909634,0.01615629531,7.050122804e-05,8.13725535e-07,0,9.39816091e-05,0.0001790007664,1.129856901e-05,0.8461608291,0.05628705025,0.002457223134,1.025366419e-05,0.003764232388,0.0001253666996,0.494455874,0.01770901121,0.008684418164,0.005621851888,7.1186274e-05,1.219610022e-05,3.782246267e-06,0,9.426121323e-07,0.00010940824,7.485281458e-06,0.0005690494436,0.0002311200515
139,2.073908945e-05,2.032665861e-06,1.161804266e-05,1.077621346e-05,0.06329700351,0.05438186228,0.0001213741052,0.0001300899748,0,0,1.455722895e-06,1.692555998e-05,0,0,0,1.264098955e-05,0,0,0,0,0,0,0,0,0,0,0,0,0,0,0,0,0,0,0,0,0,0,0,0,0,0,0,0,0,0,0,0,7.284654566e-05,0,0,0,0,0,0,0,0,0,0,0,0,0,0,0.0002519306727,0,0,0,0,0,0,0,0,0,0,0,0,0,0,0,0.0002121569996,0,0.0002457137743,0,0,0,0,0,0,0,0,0,0,0,0.131750077,0.01805773005,0.01516217086,0.003886612365,0.007352400105,0.0006679932703,0.004853011109,0.008400681429,0.002792783082,0.001521243015,0,2.028698509e-05,0.0004996060161,0,5.625131053e-06,0.003099577967,0.0001607919985,0.0009089985397,0,1.001522287e-05,0,1.352510844e-05,0,0.0004297373234,0.002355997451,1.50992355e-06,0,0,0,0,4.147977597e-05,0.8185080886,0.009376154281,0,3.127071068e-06,2.29207526e-05,5.066957783e-06,0.2762296796,0.003525424981,0.002669531852,0.0007091882289,0.0001037976108,5.331860848e-06,3.957333945e-07,9.426121323e-07,0,0,0,2.546890983e-06,0
140,0.0005369999562,1.746108683e-05,0.0001441458298,0.0001280940196,0.06791350245,0.1237620339,0.01360357553,0.002126145642,6.26537485e-06,0,7.017435564e-05,0.0001965590927,0.001033089007,0.002380952472,0.00143571652,0.001024949132,0.0003395414969,0,0.000768220576,0,0,0,0,0,0.0001620769617,0.0003044753394,0,0,0,0,0,0,0,0,0,0,0,0,0,0,0,0,0,0,0,0,0,0,0,0,0,0,0,0,0,0,0,0.0001010394553,4.200118929e-05,0,0,0,0.0002273068239,0.0001426919771,0,0,0,0,0,0,0,0,0.0006898720167,0,0,0,0,0,0,0.0004357765429,0,0,0,0,0,0,0,0,0,0,0,0,0.0007197589148,0.05173048377,0.02933617495,0.03410738707,0.01783046126,0.03059469722,0.02933824062,0.001014983747,0.00765987765,0.007635566872,0.002846948337,0.000300357322,0.0001798916783,1.654272455e-05,2.050881221e-06,1.627143138e-05,0.0005552186631,7.712708612e-05,0.000218844405,0,0.000349308888,7.01582685e-05,2.609626335e-06,0,0.0003047903592,0.02056284435,2.166643753e-05,0,1.742104723e-05,0,0,0.01534508541,0.5825603604,0.004992432427,2.183303332e-05,1.406510819e-06,0.002482100623,0.001225737971,0.2847135961,0.00226639444,0.0006730465102,0.0001962785609,0.004731590394,4.413379065e-05,0.0005036161747,0.00010940824,0,0,2.714720608e-07,0.002102726838,0.00152270461
141,3.757259037e-05,9.98383166e-06,2.528784535e-05,0,0.02677954175,0.02896352299,0,9.756744112e-05,0,0,2.253441562e-05,8.648635412e-05,0,0,0.0009462122107,0,0,0,0,0,0,0,0,0,0,0,0,0,0,0,0,0,0,0,0,0,0,0,0,0,0,0,0,0,0,0,0,0,0,0,0,0,0,0,0,0,0,0,0,0,0,0,0,0,0,0,0,0,0,0,0,0,0,0,0,0,0,0,0,0.0001767721842,0,0,0,0,0,0,0,0,0,0,0,0,0,0.05872857571,0.005712482613,0.01487675123,0.005464692134,0.002741601085,0.001574709895,0.0009069553926,0.001088363933,0.002922025975,0.0009126926307,0,0,0.0001371910912,0,0,0.0003880918957,0.0005051828921,2.116201722e-05,0,4.196427835e-05,3.076526127e-06,0,0,0.0003092792758,0.003311143722,0,0,0,0,0,0.005505879875,0.614261806,0.005142327864,0.0002236533328,0,0,0,0.2551668286,0.002413313603,0.000529263285,0.0001350779203,0.0003820888523,7.342744084e-07,0.0009575154982,7.485281458e-06,0,2.714720608e-07,0,0,0
142,0.001725746784,0.0002344945096,0.00113254704,0.000714525755,0.1248432919,0.1706459522,0.0009143601637,0.003929781262,0.00020693634,0.0003556885058,0.0006608782569,0.00145576545,5.940641859e-05,0.0005813356256,0.002991138259,0.001149462187,0.001034099143,0,0,0,0,0,0.002380952472,0,0.001063906238,0.0002003454574,0,0,0,0,0,0,0,0,0,0,0,0,0,0,0,0,0,8.025856368e-05,0,0,0,0,0,7.999716763e-05,6.508872957e-06,0.0002725035883,0,0,0,0,0,0,2.155830043e-05,0,0,0,8.115762466e-05,0.0002932231,0,0,0,0,8.042799163e-05,7.70807892e-05,0,0,8.256921865e-05,0,2.72681591e-05,0,0,0,0,2.047215821e-05,0,2.303336805e-05,0,0.0003922524047,0,0,0,0,0,0,0,7.500031643e-05,8.464210259e-05,0.1047039554,0.002034683013,0.0005671982071,0.0004652694042,0.0004352128308,2.86890936e-05,0.00392660778,0.0001392396516,2.136663352e-05,0.002080036327,0.002107001143,0.004092340823,0.008049835451,0.003327761311,0.0001098526263,0.005085604265,0.009024468251,6.61543454e-05,0,0.0003074010601,0.001043309225,0.002884268062,0.0004255931417,0.006300123408,0.03423050418,0.0006443795864,0,4.662349966e-06,0,0,0.0007493446465,0.9420416355,0.02843658254,0.002238677349,0.001128970878,3.882028977e-06,7.060737516e-06,0.3362925649,0.007635450456,0.01207784098,0.002394679468,0.01129959803,0.002136565279,1.786505163e-05,0.0005690494436,2.546890983e-06,0.002102726838,0,0,4.992040431e-06
143,0.0009037270211,0.0001176430305,0.0008390092989,0.0009439160931,0.0886073485,0.08848606795,0.0001682030706,0.001402012422,1.414152212e-05,5.000436795e-05,1.835613875e-05,0.0002731796994,1.19906681e-05,0.001330808038,0,0.0001733881072,0.0004775349516,0,0,0,0,0,0,0,0,0,0,0,0,0,0,0,0,0,0,0,0,0,0,0,0,0,0,0,0,0,0,0,1.153500489e-05,0,0,0,0,0,0,0,0,0,0,0,0,0,2.346103247e-05,1.344615612e-05,0,0,0,8.188088032e-06,3.17706108e-05,1.109632376e-05,0,0,0,0,7.646717677e-06,0,0,0,0,1.45735894e-05,0,1.631123814e-05,0,6.741834659e-05,2.731879795e-05,0,0,0,0,0,0,5.053543282e-05,6.732638667e-06,0.120777525,0.01110046543,0.006278451532,0.007683434058,0.004018869251,0.0003059376322,0.00785428565,0.001433142344,0.0001541849633,0.001621957286,0.0003770860203,0.001283083693,0.0008675030549,0.001277195639,0,0.006598194595,0.0006659333012,8.894687198e-05,0.0005116217653,1.268264168e-05,0.0002369642752,0.002155540045,0.0002434788621,0.001909780665,0.02600562945,0.0003432389931,0,0,0,7.917819858e-06,0.0002455408394,0.8995187283,0.0219672583,0.0002679670288,0.0007175651845,7.803526387e-06,2.471419123e-07,0.3295811117,0.005144020077,0.007402481511,0.001832876122,0.004788490478,0.000254354818,0,0.0002311200515,0,0.00152270461,0,4.992040431e-06,0
