ROI_ID,1,2,3,4,5,6,7,8,9,10,11,12,13,14,15,16,17,18,19,20,21,22,23,24,25,26,27,28,29,30,31,32,33,34,35,36,37,38,39,40,41,42,43,44,45,46,47,48,49,50,51,52,53,54,55,56,57,58,59,60,61,62,63,64,65,66,67,68,69,70,71,72,73,74,75,76,77,78,79,80,81,82,83,84,85,86,87,88,89,90,91,92,93,94,95,96,97,98,99,100,101,102,103,104,105,106,107,108,109,110,111,112,113,114,115,116,117,118,119,120,121,122,123,124,125,126,127,128,129,130,131,132,133,134,135,136,137,138,139,140,141,142,143
1,0,3.851957445e-06,0.0001868191321,3.030271364e-05,0.003671904327,0.01154321339,0.0001294232643,7.431102858e-05,7.822907355e-05,3.131666017e-05,0.0002572342637,0.0001753684774,9.729558951e-05,0.0007320475997,0.002890465315,7.21730612e-05,7.079424449e-06,0,5.03961237e-05,1.995431376e-05,2.04752414e-05,8.050828001e-06,8.617393178e-06,0,4.013790385e-05,5.005163985e-06,1.178492221e-05,0,0,9.249550203e-06,0,0,0,0,0,0,0,0,0,0,0,0,0,0.0002910655458,0.0001272447989,0,9.269946895e-05,0.000354826916,0.0001803475025,0.0001861464116,0.0001691088837,5.234156106e-06,0,0,0,0,3.387169636e-05,0.0001033493463,1.762746138e-06,0.0002972958901,0.0005084917066,0.0001328084327,0.0001719482098,0.0001498395432,0,0,7.196993829e-05,1.99849128e-05,0.000173658409,6.52945746e-05,4.630306648e-06,7.48164166e-05,0.0002205878991,6.970690447e-05,0.0001789094094,0,0,5.552488801e-06,0,0.0001342022442,0,0.0002405720152,0.0001763935725,0.0001717567211,0.0001628642349,3.92767397e-05,0,0,0,0,0,0.0002034594218,0.0001898203045,0.07329871505,0.00156746537,0.003582040546,0.0005300662015,0.0007023745566,0.001691201236,0.001024916186,0.0003924678895,0.000381924765,0.003574999282,0.0004054323654,0.0002495511726,9.105838399e-05,5.873579084e-06,7.240287232e-07,0.004622769076,0.0001918652852,0.0001432521385,1.735013029e-05,6.377791578e-05,1.816911026e-05,0.0003045266785,5.508793038e-06,0.0009337232332,0.01892663166,8.612966485e-05,1.214266103e-05,2.359555219e-05,8.375038306e-06,1.818309556e-06,0.002450221917,0.8904536366,0.04546214268,0.0001152443147,0.0001042019139,0.0002935521479,0.0001093906758,0.4651524723,0.013296647,0.005691646133,0.0007442085771,0.001961582806,8.394076576e-05,0.0002156332921,0.0001025638194,6.975197266e-06,0.0001006691236,2.380723799e-06,0.0007383893826,0.0002142953454
2,3.851957445e-06,0,1.534691137e-06,4.267331235e-07,0.00115713675,0.004233906977,1.184628036e-05,3.187462198e-06,2.196655623e-05,0,0,0,0,0,0,0,0,0,0,0,0,0,0,0,2.080087688e-05,0,0,0,0,0,0,0,0,0,0,0,0,0,0,0,0,0,0,0,0,0,0,0,0.0002383288811,0,0,0,0,0,0,0,0,0,0,0,0,0,0,0,0,0,0,0,9.180611232e-05,0,0,0,0,0,0,0,0,0,0,2.508860962e-05,0,0,0,0,0,0,0,0,0,0,0,0,0.0001351391256,0.05075535923,0.0007840538165,0.0005090204068,0.0006372992066,0.0005614395486,0.0005874320632,0.0005278900499,0.0005589394132,0.0002672757255,0.000780114322,0,8.615867955e-06,0,0,0,0.001020920929,0,3.156855382e-05,0,0.0001331786771,0,4.72146121e-06,0,9.871127259e-05,0.002572501311,0,0,0,0,0,6.234408647e-05,0.8000746965,0.01020240039,8.717655874e-05,1.472597091e-06,0.0002317210892,0,0.3132248521,0.0004863605427,0.0001303308673,0.000348554895,0.0001263439917,1.231966735e-06,0,3.712754278e-06,3.924161547e-07,0,8.569420061e-06,0.000112238049,1.735568731e-05
3,0.0001868191321,1.534691137e-06,0,6.552262676e-06,0.02010338567,0.01109988149,1.542534483e-05,0.0002204226184,0.0001367173099,1.622345735e-05,0.0001389485406,2.731578752e-05,8.334307495e-05,0.0003695354098,1.957705899e-05,8.514749061e-05,3.957555964e-05,0,0,0,2.257561209e-05,0,0,0,0,0,0,0,0,0,0,0,0,0,0,0,0,0,0,0,0,0,0,6.210729771e-05,0,0,0,0.0003977495362,0.000112780348,0,0.0002737706236,0.0001696049148,0,0,0,0,0,0.000127391555,9.242136912e-06,0.0002425407147,0,0,0.0001155310238,0.0001626400481,0,0,0,0.0001743796893,8.888170123e-05,8.825657278e-05,1.059888109e-05,1.823107777e-05,5.672598945e-06,0.0004078131169,0.0001809196838,0,0,0,0,4.782172618e-05,0,0.0002686690423,0,0.0001004142468,8.240347233e-05,0.0002912281197,0.0001604332501,0,8.911131772e-06,2.038367256e-06,0,0.0002654203563,0.0001264292368,0.04703166708,0.00109945389,0.001791889663,0.000455784495,0.0005157822743,0.001177172293,0.000698891643,0.0003705945564,0.0002975086682,0.0007558336365,2.578423482e-05,2.601452616e-05,3.31059382e-05,1.928648771e-06,7.034150826e-07,0.001769787166,5.479125684e-05,0.0001515923213,5.370078725e-06,4.397998055e-05,2.675222458e-05,8.876554057e-05,4.413624538e-06,0.0003342921555,0.008981895633,1.483335927e-05,0,7.598803222e-06,0,6.025862831e-07,0.0001745003246,0.8728155494,0.01991044916,7.975931658e-05,5.237507867e-05,0.0002375174081,0.0001299561991,0.3462300301,0.005743437447,0.002147956518,0.0004252105427,0.0003417544067,1.391010028e-05,5.844159205e-06,1.363510546e-05,4.783888471e-06,2.744355879e-05,9.130936633e-06,0.0002901373082,0.0001932455052
4,3.030271364e-05,4.267331235e-07,6.552262676e-06,0,0.002479144139,0.003461872227,8.882112161e-05,1.059855185e-05,1.086161956e-05,0,3.079690578e-05,2.653546107e-05,0,0.0003537342709,0,5.354270979e-05,0,0,0,0,0,0,0,0,0,0,0,0,0,0,0,0,0,0,0,0,0,0,0,0,0,0,0,0,0,0,0,0,0,0,0,0,0,0,0,0,0,0,0,0,0,0.0004542446113,0.0006228441489,0.0001330425439,0,0,0,0.0001419079053,0.0001801044709,0,0,0,0,0,0.0001479021594,0,0,0,0,0,0,0,0,0,0,0,0.002380952472,0,0,2.834144834e-05,0,0,0,0.03677767888,0.002243182855,0.007258867845,0.002738989657,0.002788791899,0.002085322747,0.0008770811255,0.0004462349752,0.0004611222248,0.0005748406984,0.0001929425198,2.496315392e-05,1.946220982e-05,0,0,0.001889801235,0,6.939999002e-05,0,8.056449587e-05,0,4.547681601e-05,6.111418429e-07,0.0005855360068,0.009936413728,0,0,9.021900951e-06,0,0,0.001326354104,0.8094476461,0.01446527429,9.507452341e-05,1.433825946e-05,7.999993977e-05,3.602412835e-05,0.3539289832,0.003915509675,0.0014945406,0.0003372007632,0.001049959217,3.182305591e-05,0.0002331444848,7.017932512e-05,1.835392709e-06,5.270976908e-05,0,7.076166366e-05,0.0001121066744
5,0.003671904327,0.00115713675,0.02010338567,0.002479144139,0,0.1499601752,0.03642951325,0.002679756144,0.009112122469,0.01346195955,0.006097470876,0.0088697467,0.01597647183,0.009557674639,0.007529601455,0.005967983045,0.007854444906,0.0008891276084,0.001442242996,0.002031446202,0.00158818881,0.003841355443,0,0.003238900099,0.002689839108,0.001283297432,0.001001339173,0.0006887671771,0.001098040026,0.0003496589779,0.0003828463377,0.0006362904678,0.002380952472,0.002380952472,0.0002175828849,0.001648104517,0.0009942790493,0,0,0.002380952472,0,0,0,0.01709973998,0.01474102959,0.01544428989,0.01957877353,0.0185930822,0.01905949973,0.01571049727,0.01781652682,0.005985638127,0.003233368741,0.002837430919,0.00176735362,0,0.003155140206,0.003604768077,0.01261616684,0.006773418747,0.00165033713,0.00225833687,0.007939928211,0.005377634428,0.00850680843,0.003337210743,0.0008192849346,0.003615758615,0.005726492964,0.009559961967,0.006321196444,0.0172859747,0.01326294523,0.001097074943,0.007474040147,0.01684422605,0.007188464515,0.01802146994,0.009897612967,0.01270796917,0.03066633828,0.009240468964,0.004998162854,0.007113839034,0.006362147629,0.003629568266,0.004766769707,0.003294043941,0.03350824118,0.02105315775,0.01216687821,0.02167401649,0.008944943547,0.2899703979,0.03036819212,0.03846365213,0.02447484247,0.0253806822,0.05307418108,0.03742624447,0.04044413567,0.05961919203,0.0837674886,0.03459320962,0.01477822382,0.01076999307,0.001125218812,0.001501582097,0.07262190431,0.01087051723,0.02524944395,0.009346389212,0.01532190852,0.003591243876,0.01831119321,0.003805778921,0.03374077752,0.09403497726,0.0221535787,0.01340604573,0.1583240926,0.02713750675,0.01675634272,0.03854132816,0.8850619197,0.08778826147,0.0115432255,0.0269532688,0.08903365582,0.07168082148,0.6275979877,0.08405593038,0.04874794185,0.019230593,0.02793065831,0.01611293294,0.1433892399,0.02365025505,0.05865760148,0.01663787849,0.01234553009,0.1354061365,0.09257493168
6,0.01154321339,0.004233906977,0.01109988149,0.003461872227,0.1499601752,0,0.003908707295,0.004172676243,0.00780485291,0.002476195572,0.004357701167,0.003103811527,0.02509065531,0.002238625893,0.001761793043,0.002082549734,0.002848001197,0,0.006074822973,0.005896844901,0.003006992862,0.001753723249,0.000936692406,0,0.002079691738,0.004501718562,0.002380952472,0.002380952472,0,0.002924994798,0,0.00347356149,0,0,0,0.002380952472,0.002380952472,0,0,0,0,0,0,0.01966869272,0.01585849561,0.006839364301,0.009632234462,0.02228054404,0.04275617748,0.0133237401,0.02418939397,0.007872669026,0.001516654389,0.002380952472,0,0,0,0.00574316131,0.009758065455,0.005217014812,0,0.00410444336,0.009975234047,0.01300573442,0,0.006581330206,0.003727619303,0.002380952472,0.003743918845,0.009627575055,0.007081684191,0.0002046078298,0.003838795004,0.004123270512,0.00857623294,0.0036762245,0.002380952239,0,0,0.01397399418,0.01310694031,0.01109444071,0.000255463121,0.0002849919838,0.001472673728,0.003380069975,0,0.002380952472,0.01305386797,0.012501725,0.002380952472,0.02211529948,0.00967101194,0.3718355894,0.0237095952,0.04964646697,0.01223496441,0.01503343973,0.09810484201,0.01976937428,0.0150268944,0.03076825105,0.06523135304,0.02206522413,0.02459285967,0.0296698194,0.007181992289,0.003480294719,0.05596173927,0.01275703683,0.01133009419,0.006596515886,0.01290171873,0.005137877073,0.03272301331,0.01501740236,0.03219813108,0.2481379509,0.02916212939,0.00885354355,0.1072319373,0.005287784617,0.02217897587,0.02178213745,0.96324718,0.1222772896,0.009831886739,0.0279109031,0.04642180353,0.04470329732,0.6918467283,0.08514973521,0.04441273212,0.02125315554,0.125715822,0.04404273257,0.05933624506,0.03849763051,0.03244012594,0.02189572528,0.002088152338,0.1330464333,0.05737959594
7,0.0001294232643,1.184628036e-05,1.542534483e-05,8.882112161e-05,0.03642951325,0.003908707295,0,5.070115731e-05,0,0,0.0001014804657,7.60072362e-05,0,0.0001427412499,0,0,0.0006714845076,0,0,0,0,0,0,0,0,0,0,0,0,0,0,0,0,0,0,0,0,0,0,0,0,0,0,0,0,0,0,0,0,0,0,0,0,0,0,0,0,0,0,0,0,0,0.001711629098,0.003397821449,0,0,0,0,0,0,0,0,5.087065074e-05,0,0,0,0,0,0,0,0,0,0,0,0,0,0,0,0,0,0,0,0.004761904944,0.08345743269,0.003041292774,0.003870175686,0.002124885796,0.001471322961,0.0008974433294,0.00386767881,0.00447789114,0.003022507764,0.006785776,0,0.003952105064,0.0009807457682,0.002380952472,0,0.01055933256,0,0.007941536605,0,0.0001785579225,0,0.009672253393,0.0008720952319,0.005138974171,0.03153051063,0.002380952472,0,0,0,0,3.095440843e-05,0.8777970672,0.04714680836,0,0.0004920353531,0.0002671233669,0,0.5586192608,0.01498091873,0.02108062245,0.008130769245,0.0006547605735,9.228720592e-05,1.281499408e-06,0,0,0,0,0.0003718409571,2.570143442e-05
8,7.431102858e-05,3.187462198e-06,0.0002204226184,1.059855185e-05,0.002679756144,0.004172676243,5.070115731e-05,0,8.28459597e-05,0,9.896203119e-05,7.647971506e-05,0,0.0002026501461,4.068989438e-05,2.961072641e-05,1.689457713e-05,0,4.732537491e-05,9.980023606e-06,2.917706752e-06,0,0,0,0,0,0,0,0,5.235060144e-06,0,0,0,0,0,1.145981696e-05,0,0,0,0,0,0,0,0,0.0009656220791,0.0008242461481,0.0004145303101,0.0004092309973,0.0004425191146,4.865180381e-05,0.0001198551618,0.000317318103,0.001164796762,0,0,0,0,9.285902343e-05,2.112310312e-06,0,0,0.0006071257521,0.0004019320186,0.000357292738,0,1.47919709e-05,0,0,4.334922778e-05,3.742131594e-05,0,0,0.000160926822,6.907986244e-05,0,0,0,3.207286863e-05,0,0.0003323423734,8.551810606e-05,0.0002162170131,0,0,0.001246356056,0,0,0,0,4.495025132e-05,0,0.0002805810363,9.84756407e-05,0.04393971339,0.001452964032,0.004263516981,0.00045038198,0.000509812613,0.002585775219,0.0009334239294,0.0002988251799,0.0003676064953,0.003350760322,0.0004548130964,0.0001862523204,0.0002423966362,4.853707196e-06,4.896226983e-06,0.004423441831,0.0002134895767,0.0001993380865,5.524774315e-05,0.0001335977577,2.806855082e-05,0.0007330671651,1.258772409e-05,0.0009601157508,0.02272853442,0.0004213197681,5.894423157e-05,0.0002836061176,5.847802458e-05,2.404711495e-06,0.001932268962,0.9144995213,0.05272706226,0.0002322818036,0.0004487244005,0.0003379102272,0.0004237028188,0.4622454643,0.0136936307,0.00655556377,0.0007347855717,0.007422793657,0.0004337563296,0.001510910923,0.0005758377374,6.438619312e-05,0.0003638487542,1.130383862e-05,0.001933058142,0.0003041659947
9,7.822907355e-05,2.196655623e-05,0.0001367173099,1.086161956e-05,0.009112122469,0.00780485291,0,8.28459597e-05,0,0,9.954834468e-07,0,0,0,0,0,0,0,0,0,0,0,0,0,0,0,0,0,0,0,0,0,0,0,0,0,0,0,0,0,0,0,0,0,0,0,0,0,0,0,0,0,0,0,0,0,0,0,0,0,0,0,0,0,0,0,0,0,0,0,0,0,0,5.751291155e-06,0,0,0,0,0,0,0,0,0,0,0,0,0,0,0,0,0,0,0,0.08343613148,0.0003816844546,0.0009651788278,1.31843517e-05,0.0001858064934,0.0002218376758,0.0005104765878,7.967379497e-05,3.107678276e-05,0.000172809363,0,0.00028155162,0,0,0,0.001075308421,0,5.563634477e-05,0,0,0,0,0,0.0001419774489,0.003761139465,0.0001038227856,0,0,0,0,0,0.7516641617,0.01147538051,0,0,0,0,0.2287174314,0.0007667508908,0.002664984204,6.420840509e-05,0.000371582224,2.059125836e-05,0,7.57897069e-05,0,0,0,3.489574374e-05,0
10,3.131666017e-05,0,1.622345735e-05,0,0.01346195955,0.002476195572,0,0,0,0,0,0,2.66206298e-05,0,0,0,0,0,0,0,0,0,0,0,0,0,0,0,0,0,0,0,0,0,0,0,0,0,0,0,0,0,0,0,0,0,0,0,0,0,0,0,0,0,0,0,0,0,0,0,0,0,0,0,0,0,0,0,0,0,0,0,0,0,0,0,0,0,0,0,0,0,0,0,0,0,0,0,0,0,0,0,0,0.0482644476,0,0,0,0,0,0.0020698437,0.0003938387963,0,0.0006110997638,0,0,0,0,0,0,0,0.0001939868671,0,0,0,7.010814443e-05,0,0,0.00267299707,0,0,0,0,0,0,0.6311837435,0.004339639563,0,0,0,0.0003583279613,0.2017215043,0,0,0,0.0001354876294,0,0,0,0,0,0,0,5.000436795e-05
11,0.0002572342637,0,0.0001389485406,3.079690578e-05,0.006097470876,0.004357701167,0.0001014804657,9.896203119e-05,9.954834468e-07,0,0,0,0,0,0,0,0,0,0,0,0,0,0,0,0,0,0,0,0,0,0,0,0,0,0,0,0,0,0,0,0,0,0,0,0,0,0,0,0,0,0,0,0,0,0,0,0,0,0,0,0,0,0,0,0,0,0,0,0,0,0,0,0,0,0,0,0,0,0,1.594143396e-05,0,2.239718697e-06,0,0,0,0,0,0,0,0,0,0,0,0.07236617804,0.0007073939196,0.001777139842,7.77084133e-05,0.0002566962212,0.0004280897556,0.001167173381,0.0001138386215,2.416312782e-05,0.0004227401514,0,0.0003202654188,0,0,0,0.0008992463117,0,4.316291233e-05,0,0,1.485720441e-05,4.708243432e-05,0,0,0.006284341682,0.0004252962535,0,0,0,0,0.0001113784238,0.8073595762,0.01504225004,1.13147571e-05,0,8.43038215e-05,0,0.2878345549,0.00258247857,0.0009295737837,0.0004935476463,0.001476350939,0,0,5.1282409e-06,0,1.644744407e-05,0,0.0001110650483,0
12,0.0001753684774,0,2.731578752e-05,2.653546107e-05,0.0088697467,0.003103811527,7.60072362e-05,7.647971506e-05,0,0,0,0,0,0,7.921193173e-06,0,0,2.564785791e-05,0,0,0,0,0,0,0,0,0,0,0,0,0,0,0,0,0,0,0,0,0,0,0,0,0,0,0,0,0,0,0,0,0,0,0,0,0,0,0,0,0,0,0,0,0,1.737406092e-05,0,0,0,0,0,0,0,0,0,0,0,0,0,0,0,0,0,0,0,0,0,0,0,0,0,0,0,0,0,0.03798747435,0.003299509641,0.0005169608048,0,0.001533011673,0.0004120968224,0.002809204161,0.002044429537,0.0003623525845,0.001983220223,0,0,0,0,0,0.006457730196,0.0006516646827,7.505260146e-05,0.0005222056643,0,0,0.0001011194545,0,0.0004417419841,0.01224715635,0.0001097475106,0,0,0,0,0,0.7915459275,0.02267455496,0,1.934405009e-05,0.0001141449247,0,0.3634008169,0.006177155301,0.003581740428,0.001538519864,0.006648963317,0,0,1.508526293e-05,0,0,0,0.0006537223235,0.0001243237348
13,9.729558951e-05,0,8.334307495e-05,0,0.01597647183,0.02509065531,0,0,0,2.66206298e-05,0,0,0,0,0,0,0,0,0,0,0,0,0,0,0,0,0,0,0,0,0,0,0,0,0,0,0,0,0,0,0,0,0,0,0,0,0,0,0,0,0,0,0,0,0,0,0,0,0,0,0,0,0,2.614779532e-06,0,0,0,0,0,0,0,0,0,0,0,0,0,0,0,0,0,0,0,0,0,0,0,0,0,0,0,0,0,0.1032223701,0.0002384596155,0.0006026184419,0,0.0001923792152,2.809606121e-05,0.0006631581346,8.931406228e-06,0,7.052509318e-05,0.0005784719251,0,0,0,0,0.0009454358369,0,0,0,0,0,0,0,0.0001640650444,0.00353360502,0,0,0,0,0,0,0.8152686954,0.01353914011,0,0,3.629671119e-05,0,0.2837251127,0.001196574885,0,8.869506564e-05,0.001776763704,0,0,0.0002467668382,0,0,0,5.940641859e-05,0
14,0.0007320475997,0,0.0003695354098,0.0003537342709,0.009557674639,0.002238625893,0.0001427412499,0.0002026501461,0,0,0,0,0,0,0,0,0.002380952472,0,0,0,0,0,0,0,0,0,0,0,0,0,0,0,0,0,0,0,0,0,0,0,0,0,0,0,0,0,0,0,0,0,0,0,0,0,0,0,0,0,0,0,0,0,0,0.0002907797752,0,0,0,0,0,0,0,0,0,0,0,0,0,0,0,0,0,0,0,0,0,0,0,0,0,0,0,0,0,0.03267349675,0.0001731231168,0,5.932539352e-05,0,0,0,0,0.0002986419131,0,0,0,0,0,0,0.003913984168,0,0,0,0.0002104645537,0,0,0,0.003086187877,0.01196292508,0,0,0,0,0,0,0.7677019835,0.01384905353,0,0,0,0,0.3434945345,0.002856561216,0,0.001155095757,0.003137031104,0,0,0.0008913665079,0,0,0,0,0.00121817179
15,0.002890465315,0,1.957705899e-05,0,0.007529601455,0.001761793043,0,4.068989438e-05,0,0,0,7.921193173e-06,0,0,0,0,0,0,0,0,0,0,0,0,0,0,0,0,0,0,0,0,0,0,0,0,0,0,0,0,0,0,0,0,0,0,0,0,0,0,0,0,0,0,0,0,0,0,0,0,0,0,0,0,0,0,0,0,0,0,0,0,0,0,0,0,0,0,0,0,0,0,0,0,0,0,0,0,0,0,0,0,0,0.01741660573,0,0,0,0.002380952239,0,0.004761904944,0,0,0,0,0,0,0,0,0.001214007731,0,0,0,0.0005394098116,0,0,0,0,0.007507154252,0,0,0,0,0,0,0.6856549382,0.01601620764,0,0,0,0,0.2571196556,0.00324748992,0.002380952239,0.003556618467,0.002380952472,0,0,0.0002682111517,0,0,0.0009462122107,0,0
16,7.21730612e-05,0,8.514749061e-05,5.354270979e-05,0.005967983045,0.002082549734,0,2.961072641e-05,0,0,0,0,0,0,0,0,0,0,0,0,0,0,0,0,0,0,0,0,0,0,0,0,0,0,0,0,0,0,0,0,0,0,0,0,0,0,0,0,0,0,5.836029686e-06,0,0,0,0,0,0,0,0,0,0,0,6.60816977e-06,1.14505774e-05,0,0,0,0,0,0,6.519854196e-06,0,0,0,0,0,0,0,0,0,0,1.451319531e-05,0,0,0,0,0,0,0,0,0,0,4.608173913e-05,0.04773202911,0.001861247583,0.001221714891,0.0001826246589,0.001618884387,0.0009535769932,0.002019059611,0.000211590188,6.46694898e-05,0.001357685891,0.0003578262113,0,0,0,0,0.003358773421,0,5.969428821e-05,0,8.054949831e-06,8.044253627e-05,0,0,0.0003817387915,0.007139496971,0.0006649107672,0,0,0,0,0.0007536056219,0.8091577888,0.01783732139,0,0,1.806502405e-05,0,0.336258769,0.002211343963,0.001652317354,0.0003989084216,0.002829008037,0,0,0,1.264098955e-05,0,0,0.0002099343401,9.975964531e-06
17,7.079424449e-06,0,3.957555964e-05,0,0.007854444906,0.002848001197,0.0006714845076,1.689457713e-05,0,0,0,0,0,0.002380952472,0,0,0,0,0,0,0,0,0,0,0,0,0,0,0,0,0,0,0,0,0,0,0,0,0,0,0,0,0,0.002380952472,0,0,0,0,0,0,0,0,0,0,0,0,0,0,0,0,0,0,0,9.435263928e-05,0,0,0,0,0,0,0,0,0,0,0,0,0,0,0,0,0,0,0,0,0,0,0,0,0,0,0,0,0,0.04031917453,0.001664731419,0.0009330727044,0.0002678695892,0.000332037831,0.0002550752542,0.0003695527848,3.924289194e-05,2.843176298e-05,0.0006926901406,0.0001093944811,0.0004042130604,0.0003519860911,0,0,0.001390793943,0,8.497000817e-05,0,0,0,5.001762474e-05,0,0,0.01573394053,0,0,5.463793059e-05,0,0,0,0.8158043027,0.02864952013,0,0,0,0,0.4234685302,0.007375066169,0.004004968796,0.0002008133451,0,3.608262705e-05,0,0,0,1.97947702e-05,0,0.001034099143,0
18,0,0,0,0,0.0008891276084,0,0,0,0,0,0,2.564785791e-05,0,0,0,0,0,0,0,0,0,0,0,0,0,0,0,0,0,0,0,0,0,0,0,0,0,0,0,0,0,0,0,0,0,0,0,0,0,0,0,0,0,0,0,0,0,0,0,0,0,0,0,0,0,0,0,0,0,0,0,0,0,0,0,0,0,0,0,0,0,0,0,0,0,0,0,0,0,0,0,0,0,0.01020057779,0,0.001207879279,0,0,0,0.0006375054945,0,0,0,0,0,0,0,0,0,0,0,0,0,0,0,0,0.0006875946419,0.007937015966,0,0,0,0,0,0,0.6014249325,0.007142857648,0,0,0,0,0.2392850369,0,0,0,0,0,0,0,0,0,0,0,0
19,5.03961237e-05,0,0,0,0.001442242996,0.006074822973,0,4.732537491e-05,0,0,0,0,0,0,0,0,0,0,0,0,0,0,0,0,0,0,0,0,0,0,0,0,0,0,0,0,0,0,0,0,0,0,0,0,0,0,0,0,0,0,0,0,0,0,0,0,0,0,0,0,0,0,0,0,0,0,0,0,0,0,0,0,0,0,0,0,0,0,0,0,0,0,0,0,0,0,0,0,0,0,0,0,0,0.01879545115,0.001609159983,0.001060992246,0,0.0001846577798,0,0.002849934623,0,0,0,0,0,0,0,0,0.0006881373702,0,0,0,0,0,0,0,7.324344188e-05,0.01015082654,0,0,0,0,0,0,0.6689720154,0.01116157789,0,0,0,0,0.2877999842,0.004761904944,0.002380952472,0,0.001036919537,0,0,0,0,0.0004117804347,0,0,0
20,1.995431376e-05,0,0,0,0.002031446202,0.005896844901,0,9.980023606e-06,0,0,0,0,0,0,0,0,0,0,0,0,0,0,0,0,0,0,0,0,0,0,0,0,0,0,0,0,0,0,0,0,0,0,0,0,0,0,0,0,0,0,0,0,0,0,0,0,0,0,0,0,0,0,0,0,0,0,0,0,0,0,0,0,0,0,0,0,0,0,0,0,0,0,0,0,0,0,0,0,0,0,0,0,0,0.02438712493,0,0.0007423809147,0,0,0,0.0002611737873,0,0,0.0006992344861,0,0,0,0,0,0.001014756039,0,0,0,0,0,0,0,0.002380952472,0.009386101738,0,0,0,0,0,0,0.6998936534,0.01682338119,0,0,0,0,0.3085408211,0,0,0,0,0,0,0,0,0,0,0,0
21,2.04752414e-05,0,2.257561209e-05,0,0.00158818881,0.003006992862,0,2.917706752e-06,0,0,0,0,0,0,0,0,0,0,0,0,0,0,0,0,0,0,0,0,0,0,0,0,0,0,0,0,0,0,0,0,0,0,0,0,0,0,0,0,0,0,0,0,0,0,0,0,0,0,0,0,0,0,0,0,0,0,0,0,0,0,0,0,0,0,0,0,0,0,0,0.000691561494,0,0,0,0,0,0,0,0,0,0,0,0,0,0.01190248132,0.000412335794,0,0,0,0.000996101182,0,0.0001525266707,0,0,0,0,0,0,0,0.002380952239,0,0,0,0,0,0.002380952472,0,0,0.01197361946,0,0,0,0,0,0,0.698558569,0.009579629637,0,0,0,0,0.3126575053,0,0,0,0.002722044243,0,0,0,0,0,0,0,0
22,8.050828001e-06,0,0,0,0.003841355443,0.001753723249,0,0,0,0,0,0,0,0,0,0,0,0,0,0,0,0,0,0,0,0,0,0,0,0,0,0,0,0,0,0,0,0,0,0,0,0,0,0,0,0,0,0,0,0,0,0,0,0,0,0,0,0,0,0,0,0,0,0,0,0,0,0,0,0,0,0,0,0,0,0,0,0,0,0,0,0,0,0,0,0,0,0,0,0,0,0,0,0.02010041475,0.002380952472,0.0005570137873,0,0,0.002380952472,0,0,0,0,0,0,0.0002742262732,0,0,0,0,0,0,0,0,0.0002634484554,0,0,0.002394208219,0,0,0,0,0,0,0.5685954094,0.002894892357,0,0,0,0,0.2553894222,0,0.001069798134,0,0,0,0,0,0,0,0,0,0
23,8.617393178e-06,0,0,0,0,0.000936692406,0,0,0,0,0,0,0,0,0,0,0,0,0,0,0,0,0,0,0,0,0,0,0,0,0,0,0,0,0,0,0,0,0,0,0,0,0,0,0,0,0,0,0,0,0,0,0,0,0,0,0,0,0,0,0,0,0,0,0,0,0,0,0,0,0,0,0,0,0,0,0,0,0,0,0,0,0,0,0,0,0,0,0,0,0,0,0,0.004234194756,0.002380952472,0,0,0,0,0,0,0,0,0,0,0,0,0,0,0,0,0,0,0,0,0,0,0.003614933928,0,0,0,0,0,0,0.3643137515,0.003943464253,0,0,0,0,0.1328280866,0,0,0,0,0,0,0,0,0,0,0,0
24,0,0,0,0,0.003238900099,0,0,0,0,0,0,0,0,0,0,0,0,0,0,0,0,0,0,0,0,0,0,0,0,0,0,0,0,0,0,0,0,0,0,0,0,0,0,0,0,0,0,0,0,0,0,0,0,0,0,0,0,0,0,0,0,0,0,0,0,0,0,0,0,0,0,0,0,0,0,0,0,0,0,0,0,0,0,0,0,0,0,0,0,0,0,0,0,0.007588808425,0,0,0,0,0,0,0,0,0,0,0,0,0,0,0,0,0.002380952472,0,0,0,0,0,0,0,0,0,0,0,0,0,0.2639679015,0,0,0,0,0,0.09060546756,0.002380952239,0,0,0,0,0,0,0,0,0,0,0
25,4.013790385e-05,2.080087688e-05,0,0,0.002689839108,0.002079691738,0,0,0,0,0,0,0,0,0,0,0,0,0,0,0,0,0,0,0,0,0,0,0,0,0,0,0,0,0,0,0,0,0,0,0,0,0,0,0,0,0,0,0,0,0,0,0,0,0,0,0,0,0,0,0,0,0,0,0,0,0,0,0,0,0,0,0,0,0,0,0,0,0,0,0,0,0,0,0,0,0,0,0,0,0,0,0,0.009715278633,0.001442193286,0.0008008601726,0,0.0004116378841,0.002380952472,0,0,0,0,0,0,0,0,0,0.002380952239,0,0,0,0,0,0,0,0,0.00121732289,0,0,0,0,0,0,0.644719243,0.007364038378,0,0,0,0,0.2626941502,0,0,0,0.0004343503388,0.0008806623518,0,0,0,0,0,0,0
26,5.005163985e-06,0,0,0,0.001283297432,0.004501718562,0,0,0,0,0,0,0,0,0,0,0,0,0,0,0,0,0,0,0,0,0,0,0,0,0,0,0,0,0,0,0,0,0,0,0,0,0,0,0,0,0,0,0,0,0,0,0,0,0,0,0,0,0,0,0,0,0,0,0,0,0,0,0,0,0,0,0,0,0,0,0,0,0,0,0,0,0,0,0,0,0,0,0,0,0,0,0,0.01618536003,0,0.000644605665,0,0,0,0,0,0,0.002725659404,0,0,0,0,0,0,0,0.0001928055281,0,0,0,0,0,0,0.004514140543,0,0,0,0,0,0,0.6768383384,0.005243684631,0.000298006431,0,0,0,0.2714831233,0,0,0,0.002380952472,0,0,0,0,0.0003044753394,0,0.0002003454574,0
27,1.178492221e-05,0,0,0,0.001001339173,0.002380952472,0,0,0,0,0,0,0,0,0,0,0,0,0,0,0,0,0,0,0,0,0,0,0,0,0,0,0,0,0,0,0,0,0,0,0,0,0,0,0,0,0,0,0,0,0,0,0,0,0,0,0,0,0,0,0,0,0,0,0,0,0,0,0,0,0,0,0,0,0,0,0,0,0,0,0,0,0,0,0,0,0,0,0,0,0,0,0,0.00853002537,0,0,0,0,0,0,0,0,0,0,0,0,0,0,0,0,0,0,0,0,0,0,0,0.002380952472,0,0,0,0,0,0,0.4582427144,0.003200390842,0,0,0,0,0.1858629137,0,0,0,0,0,0,0,0,0,0,0,0
28,0,0,0,0,0.0006887671771,0.002380952472,0,0,0,0,0,0,0,0,0,0,0,0,0,0,0,0,0,0,0,0,0,0,0,0,0,0,0,0,0,0,0,0,0,0,0,0,0,0,0,0,0,0,0,0,0,0,0,0,0,0,0,0,0,0,0,0,0,0,0,0,0,0,0,0,0,0,0,0,0,0,0,0,0,0,0,0,0,0,0,0,0,0,0,0,0,0,0,0.004761904944,0,0,0,0,0,0,0,0,0,0,0,0,0,0,0,0,0,0,0,0,0,0,0,0.00305478205,0,0,0,0,0,0,0.1610564888,0,0,0,0,0,0.09016329795,0,0,0,0,0,0,0,0,0,0,0,0
29,0,0,0,0,0.001098040026,0,0,0,0,0,0,0,0,0,0,0,0,0,0,0,0,0,0,0,0,0,0,0,0,0,0,0,0,0,0,0,0,0,0,0,0,0,0,0,0,0,0,0,0,0,0,0,0,0,0,0,0,0,0,0,0,0,0,0,0,0,0,0,0,0,0,0,0,0,0,0,0,0,0,0,0,0,0,0,0,0,0,0,0,0,0,0,0,0.002711459296,0.002380952472,0,0,0,0,0,0,0,0,0,0,0,0,0,0,0,0,0,0,0,0,0,0,0,0,0,0,0,0,0,0.2491963059,0,0,0,0,0,0.09878943115,0,0,0,0,0,0,0,0,0,0,0,0
30,9.249550203e-06,0,0,0,0.0003496589779,0.002924994798,0,5.235060144e-06,0,0,0,0,0,0,0,0,0,0,0,0,0,0,0,0,0,0,0,0,0,0,0,0,0,0,0,0,0,0,0,0,0,0,0,0,0,0,0,0,0,0,0,0,0,0,0,0,0,0,0,0,0,0,0,0,0,0,0,0,0,0,0,0,0,0,0,0,0,0,0,0,0,0,0,0,0,0,0,0,0,0,0,0,0,0.004011556972,0,0,0,0,0,0,0,0,0.002380952472,0,0,0,0,0,0,0,0,0,0,0,0,0,0,0.0009219653439,0,0,0,0,0,0,0.4245390296,0.002515052212,0,0,0,0,0.1964349151,0,0,0,0,0,0,0,0,0,0,0,0
31,0,0,0,0,0.0003828463377,0,0,0,0,0,0,0,0,0,0,0,0,0,0,0,0,0,0,0,0,0,0,0,0,0,0,0,0,0,0,0,0,0,0,0,0,0,0,0,0,0,0,0,0,0,0,0,0,0,0,0,0,0,0,0,0,0,0,0,0,0,0,0,0,0,0,0,0,0,0,0,0,0,0,0,0,0,0,0,0,0,0,0,0,0,0,0,0,0.006078068633,0,0,0,0,0,0,0,0,0,0,0,0,0,0,0,0,0,0,0,0,0,0,0,0,0,0,0,0,0,0,0.3584304452,0.001675396459,0,0,0,0,0.144531846,0,0,0,0.0004146535939,0,0,0,0,0,0,0,0
32,0,0,0,0,0.0006362904678,0.00347356149,0,0,0,0,0,0,0,0,0,0,0,0,0,0,0,0,0,0,0,0,0,0,0,0,0,0,0,0,0,0,0,0,0,0,0,0,0,0,0,0,0,0,0,0,0,0,0,0,0,0,0,0,0,0,0,0,0,0,0,0,0,0,0,0,0,0,0,0,0,0,0,0,0,0,0,0,0,0,0,0,0,0,0,0,0,0,0,0.008167257532,0,0,0,0,0,0,0.002380952472,0,0,0,0,0,0,0,0,0,0,0,0,0,0,0,0,0,0,0,0,0,0,0,0.2679547668,0.004761904944,0,0,0,0,0.08985707164,0,0,0,0,0,0,0,0,0,0,0,0
33,0,0,0,0,0.002380952472,0,0,0,0,0,0,0,0,0,0,0,0,0,0,0,0,0,0,0,0,0,0,0,0,0,0,0,0,0,0,0,0,0,0,0,0,0,0,0,0,0,0,0,0,0,0,0,0,0,0,0,0,0,0,0,0,0,0,0,0,0,0,0,0,0,0,0,0,0,0,0,0,0,0,0,0,0,0,0,0,0,0,0,0,0,0,0,0,0.00319603458,0,0,0,0,0,0,0,0,0,0,0,0,0,0,0.002380952472,0,0,0,0,0,0,0,0,0,0,0,0,0,0,0,0.2106808722,0,0,0,0,0,0.05003451556,0,0,0,0,0,0,0,0,0,0,0,0
34,0,0,0,0,0.002380952472,0,0,0,0,0,0,0,0,0,0,0,0,0,0,0,0,0,0,0,0,0,0,0,0,0,0,0,0,0,0,0,0,0,0,0,0,0,0,0,0,0,0,0,0,0,0,0,0,0,0,0,0,0,0,0,0,0,0,0,0,0,0,0,0,0,0,0,0,0,0,0,0,0,0,0,0,0,0,0,0,0,0,0,0,0,0,0,0,0.003001272678,0,0,0,0,0,0,0,0,0,0,0,0,0,0,0,0,0,0,0,0,0,0,0,0.001398611581,0,0,0,0,0,0,0.1109349504,0,0,0,0,0,0.03333333507,0,0,0,0,0,0,0,0,0,0,0,0
35,0,0,0,0,0.0002175828849,0,0,0,0,0,0,0,0,0,0,0,0,0,0,0,0,0,0,0,0,0,0,0,0,0,0,0,0,0,0,0,0,0,0,0,0,0,0,0,0,0,0,0,0,0,0,0,0,0,0,0,0,0,0,0,0,0,0,0,0,0,0,0,0,0,0,0,0,0,0,0,0,0,0,0,0,0,0,0,0,0,0,0,0,0,0,0,0,0.0005082795979,0,0,0,0,0,0,0,0,0,0,0,0,0,0,0,0,0,0,0,0,0,0,0,0,0,0,0,0,0,0,0.2148724347,0.002888108604,0,0,0,0,0.06798452139,0,0,0,0,0,0,0,0,0,0,0,0
36,0,0,0,0,0.001648104517,0.002380952472,0,1.145981696e-05,0,0,0,0,0,0,0,0,0,0,0,0,0,0,0,0,0,0,0,0,0,0,0,0,0,0,0,0,0,0,0,0,0,0,0,0,0,0,0,0,0,0,0,0,0,0,0,0,0,0,0,0,0,0,0,0,0,0,0,0,0,0,0,0,0,0,0,0,0,0,0,0,0,0,0,0,0,0,0,0,0,0,0,0,0,0.0007767844945,0,0,0,0,0,0,0,0,0,0,0,0,0,0,0,0,0,0,0,0,0,0,0,0.002380952472,0,0,0,0,0,0,0.3285160661,0,0,0,0,0,0.1051362678,0.002380952472,0,0,0.002380952472,0,0,0,0,0,0,0,0
37,0,0,0,0,0.0009942790493,0.002380952472,0,0,0,0,0,0,0,0,0,0,0,0,0,0,0,0,0,0,0,0,0,0,0,0,0,0,0,0,0,0,0,0,0,0,0,0,0,0,0,0,0,0,0,0,0,0,0,0,0,0,0,0,0,0,0,0,0,0,0,0,0,0,0,0,0,0,0,0,0,0,0,0,0,0,0,0,0,0,0,0,0,0,0,0,0,0,0,0.0006201363867,0,0,0,0,0,0,0,0,0,0,0,0,0,0,0,0,0,0,0,0,0,0,0,0,0,0,0,0,0,0,0.2276255041,0.002380952472,0,0,0,0,0.0918738693,0,0,0,0,0,0,0,0,0,0,0,0
38,0,0,0,0,0,0,0,0,0,0,0,0,0,0,0,0,0,0,0,0,0,0,0,0,0,0,0,0,0,0,0,0,0,0,0,0,0,0,0,0,0,0,0,0,0,0,0,0,0,0,0,0,0,0,0,0,0,0,0,0,0,0,0,0,0,0,0,0,0,0,0,0,0,0,0,0,0,0,0,0,0,0,0,0,0,0,0,0,0,0,0,0,0,0,0,0,0,0,0,0,0,0,0,0,0,0,0,0,0,0,0,0,0,0,0,0,0,0,0,0,0,0,0,0,0.04371501878,0,0,0,0,0,0.006519572344,0,0,0,0,0,0,0,0,0,0,0,0
39,0,0,0,0,0,0,0,0,0,0,0,0,0,0,0,0,0,0,0,0,0,0,0,0,0,0,0,0,0,0,0,0,0,0,0,0,0,0,0,0,0,0,0,0,0,0,0,0,0,0,0,0,0,0,0,0,0,0,0,0,0,0,0,0,0,0,0,0,0,0,0,0,0,0,0,0,0,0,0,0,0,0,0,0,0,0,0,0,0,0,0,0,0,0.002380952472,0,0,0,0,0,0,0,0,0,0,0,0,0,0,0,0,0,0,0,0,0,0,0,0,0,0,0,0,0,0,0.0642857179,0,0,0,0,0,0.005619025324,0,0,0,0,0,0,0,0,0,0,0,0
40,0,0,0,0,0.002380952472,0,0,0,0,0,0,0,0,0,0,0,0,0,0,0,0,0,0,0,0,0,0,0,0,0,0,0,0,0,0,0,0,0,0,0,0,0,0,0,0,0,0,0,0,0,0,0,0,0,0,0,0,0,0,0,0,0,0,0,0,0,0,0,0,0,0,0,0,0,0,0,0,0,0,0,0,0,0,0,0,0,0,0,0,0,0,0,0,0,0,0,0,0.002380952472,0,0.002380952472,0,0,0,0,0,0,0,0,0,0,0,0,0,0,0,0,0,0,0,0,0,0,0,0,0.1901649982,0,0,0,0,0,0.06254504621,0,0,0,0,0,0,0,0,0,0,0,0
41,0,0,0,0,0,0,0,0,0,0,0,0,0,0,0,0,0,0,0,0,0,0,0,0,0,0,0,0,0,0,0,0,0,0,0,0,0,0,0,0,0,0,0,0,0,0,0,0,0,0,0,0,0,0,0,0,0,0,0,0,0,0,0,0,0,0,0,0,0,0,0,0,0,0,0,0,0,0,0,0,0,0,0,0,0,0,0,0,0,0,0,0,0,0.002380952472,0,0,0,0,0,0,0,0,0,0,0,0,0,0,0,0,0,0,0,0,0,0,0,0.002380952472,0,0,0,0,0,0,0.07857143134,0.004761904944,0,0,0,0,0.01604999974,0,0,0,0,0,0,0,0,0,0,0,0
42,0,0,0,0,0,0,0,0,0,0,0,0,0,0,0,0,0,0,0,0,0,0,0,0,0,0,0,0,0,0,0,0,0,0,0,0,0,0,0,0,0,0,0,0,0,0,0,0,0,0,0,0,0,0,0,0,0,0,0,0,0,0,0,0,0,0,0,0,0,0,0,0,0,0,0,0,0,0,0,0,0,0,0,0,0,0,0,0,0,0,0,0,0,0,0,0,0,0,0,0,0,0,0,0,0,0,0,0,0,0,0,0,0,0,0,0,0,0,0,0,0,0,0,0,0.1069182083,0,0,0,0,0,0.03466502577,0,0,0,0,0,0,0,0,0,0,0,0
43,0,0,0,0,0,0,0,0,0,0,0,0,0,0,0,0,0,0,0,0,0,0,0,0,0,0,0,0,0,0,0,0,0,0,0,0,0,0,0,0,0,0,0,0,0,0,0,0,0,0,0,0,0,0,0,0,0,0,0,0,0,0,0,0,0,0,0,0,0,0,0,0,0,0,0,0,0,0,0,0,0,0,0,0,0,0,0,0,0,0,0,0,0,0,0,0,0,0,0,0,0,0,0,0,0,0,0,0,0,0,0,0,0,0,0,0,0,0,0,0,0,0,0,0,0.02142857201,0,0,0,0,0,0,0,0,0,0,0,0,0,0,0,0,0,0
44,0.0002910655458,0,6.210729771e-05,0,0.01709973998,0.01966869272,0,0,0,0,0,0,0,0,0,0,0.002380952472,0,0,0,0,0,0,0,0,0,0,0,0,0,0,0,0,0,0,0,0,0,0,0,0,0,0,0,0,0,0,0,0,0,0,0,0,0,0,0,0,0,0,0,0,0,0,0,0,0,0,0,0,0,0,0,0,0,0,0,0,0,0,0,0,0,0,0,0,0,0,0,0,0,0,0,0,0.1057172939,0.0001090079386,0,0,6.073014447e-05,1.471076303e-05,0,0,0,0,0,0,0,0,0,0.0006663075183,0,0,0,0,0,0,0,0.0007779127336,0.004488919396,0,0,0,0,0,0,0.7655818462,0.01120429579,0,0,0,0,0.2713220417,0.0004516905756,0,0,0.003464580514,0,0,0,0,0,0,8.025856368e-05,0
45,0.0001272447989,0,0,0,0.01474102959,0.01585849561,0,0.0009656220791,0,0,0,0,0,0,0,0,0,0,0,0,0,0,0,0,0,0,0,0,0,0,0,0,0,0,0,0,0,0,0,0,0,0,0,0,0,0,0,0,0,0,0,0,0,0,0,0,0,0,0,0,0,0,0,0,0,0,0,0,0,0,0,0,0,0,0,0,0,0,0,0,0,0,0,0,0,0,0,0,0,0,0,0,0,0.1164037585,0,0,0,0,0,0,0,2.871548531e-05,0,0,0,0,0,0,4.647498645e-05,0,0.0003331095795,0,0,0,0,0,0.002380952472,0.0005622272147,0,0,0,0,0,0,0.7876187563,0.01005467493,0,0,0,0,0.2583770752,0,0,0.002931794152,0,0,0,0,0,0,0,0,0
46,0,0,0,0,0.01544428989,0.006839364301,0,0.0008242461481,0,0,0,0,0,0,0,0,0,0,0,0,0,0,0,0,0,0,0,0,0,0,0,0,0,0,0,0,0,0,0,0,0,0,0,0,0,0,0,0,0,0,0,0,0,0,0,0,0,0,0,0,0,0,0,0,0,0,0,0,0,0,0,0,0,0,0,0,0,0,0,0,0,0,0,0,0,0,0,0,0,0,0,0,0,0.07200514525,0,0.0001358513255,0,0,0.000659396057,0,0,0,0.0002173436951,0,0,0,0,0,5.83676956e-06,0,8.425849228e-05,0,0,0,0,0,0,0.001289843116,0,0,0,0,0,0,0.6682209373,0.009322714061,0,0,0,0,0.2527246773,0.0004279568675,0,0,0,0,0,0,0,0,0,0,0
47,9.269946895e-05,0,0,0,0.01957877353,0.009632234462,0,0.0004145303101,0,0,0,0,0,0,0,0,0,0,0,0,0,0,0,0,0,0,0,0,0,0,0,0,0,0,0,0,0,0,0,0,0,0,0,0,0,0,0,0,0,0,0,0,0,0,0,0,0,0,0,0,0,0,0,0,0,0,0,0,0,0,0,0,0,0,0,0,0,0,0,0,0,0,0,0,0,0,0,0,0,0,0,0,0,0.09600384533,0,0.0003253140603,0,0,0,0,0,7.98957808e-06,0.0002862110559,0,0,0,0,0,0.0009370947955,0,0,0,0,0,0,0,0,0.003085230244,0,0,0,0,0,0,0.7513903379,0.00602463074,0,0,0,0,0.2408088446,0,0,0,0.002532334765,0,0,0,0,0,0,0,0
48,0.000354826916,0,0.0003977495362,0,0.0185930822,0.02228054404,0,0.0004092309973,0,0,0,0,0,0,0,0,0,0,0,0,0,0,0,0,0,0,0,0,0,0,0,0,0,0,0,0,0,0,0,0,0,0,0,0,0,0,0,0,0,0,0,0,0,0,0,0,0,0,0,0,0,0,0,0,0,0,0,0,0,0,0,0,0,0,0,0,0,0,0,0,0,0,0,0,0,0,0,0,0,0,0,0,0,0.1056513041,0,7.878744509e-05,0,1.629095095e-05,0,0,0,0,0.001015299931,0,0,0,0,0,9.883100574e-05,0,0,0,0,0,0,0,0,0.004696934484,0,0,0,0,0,0,0.7985117435,0.005593386479,0,0,0,0,0.2447888404,0.0001627198362,0.002380952472,0,0.0002542133443,0,0,0,0,0,0,0,0
49,0.0001803475025,0.0002383288811,0.000112780348,0,0.01905949973,0.04275617748,0,0.0004425191146,0,0,0,0,0,0,0,0,0,0,0,0,0,0,0,0,0,0,0,0,0,0,0,0,0,0,0,0,0,0,0,0,0,0,0,0,0,0,0,0,0,0,0,0,0,0,0,0,0,0,0,0,0,0,0,0,0,0,0,0,0,0,0,0,0,0,0,0,0,0,0,0,0,0,0,0,0,0,0,0,0,0,0,0,4.316931154e-06,0.1035898328,0.0001293029054,0.0002837127249,1.710297147e-05,0,3.850620487e-06,0.0001357443689,3.070885214e-06,0,0,0,0,0,0,0,0.0004011784913,0.003541979473,7.185572485e-06,0,0,0,0,0,0,0.002684066538,0,0,0,0,0,0,0.8156763315,0.01340755075,0,0,3.533655672e-06,0,0.2543481588,0.0004473442386,0,0.000174126646,0.002487487625,0,0,0,0,0,0,6.555597793e-06,0
50,0.0001861464116,0,0,0,0.01571049727,0.0133237401,0,4.865180381e-05,0,0,0,0,0,0,0,0,0,0,0,0,0,0,0,0,0,0,0,0,0,0,0,0,0,0,0,0,0,0,0,0,0,0,0,0,0,0,0,0,0,0,0,0,0,0,0,0,0,0,0,0,0,0,0,0,0,0,0,0,0,0,0,0,0,0,0,0,0,0,0,0,0,0,0,0,0,0,0,0,0,0,0,0,0,0.1004137918,0,0,0,2.084841435e-05,0,0.0003900951124,1.557465839e-05,0,0.0009034051909,0,0,0,0,0,9.228078125e-05,0,2.771102299e-05,0,0,0,0,0,0.0002627194335,0.00200580596,0,0,0,0,0,0,0.7342939377,0.01154978853,0,0,0,0,0.2512325943,0.0009650844731,0,0,0,0,0,0,0,0,0,0,0
51,0.0001691088837,0,0.0002737706236,0,0.01781652682,0.02418939397,0,0.0001198551618,0,0,0,0,0,0,0,5.836029686e-06,0,0,0,0,0,0,0,0,0,0,0,0,0,0,0,0,0,0,0,0,0,0,0,0,0,0,0,0,0,0,0,0,0,0,0,0,0,0,0,0,0,0,0,0,0,0,0,0,0,0,0,0,0,0,0,0,0,0,0,0,0,0,0,0,0,0,0,0,0,0,0,0,0,0,0,0,0,0.09958468378,2.295199374e-05,0.000169524239,3.713352271e-06,5.832951501e-06,8.936016457e-06,3.357060677e-06,0,1.28206284e-06,0.0003071925603,0,0,0.0008213162655,0,0,0.0001528925932,0,0,0,0,0,0,0,0.0006882457528,0.004053548444,0,0,0,0,0,0.001454015495,0.7576563358,0.01082581934,0,0,0,0,0.2455549091,0.001247531734,0.002998387907,3.4173514e-05,0.003672120627,0.0009621942881,0,0,0,0,0,6.508872957e-06,0
52,5.234156106e-06,0,0.0001696049148,0,0.005985638127,0.007872669026,0,0.000317318103,0,0,0,0,0,0,0,0,0,0,0,0,0,0,0,0,0,0,0,0,0,0,0,0,0,0,0,0,0,0,0,0,0,0,0,0,0,0,0,0,0,0,0,0,0,0,0,0,0,0,0,0,0,0,0,0,0,0,0,0,0,0,0,0,0,0,0,0,0,0,0,0,0,0,0,0,0,0,0,0,0,0,0,0,0,0.0710753426,0.002857568907,0.003041780787,7.756271225e-05,0,0,0.0008389948634,1.315758618e-05,0,0.0001963341347,0,0,0,0,0,0.0007052886067,0,0,0,0,0,0,0,0,0.002530269558,0,0,0,0,0,0,0.7402192354,0.01060131285,0,0,0,2.828921424e-05,0.2225276679,0.002726812614,0.0008203211473,0.0001019841438,0.001217760378,0,0,0,0,0,0,0,0
53,0,0,0,0,0.003233368741,0.001516654389,0,0.001164796762,0,0,0,0,0,0,0,0,0,0,0,0,0,0,0,0,0,0,0,0,0,0,0,0,0,0,0,0,0,0,0,0,0,0,0,0,0,0,0,0,0,0,0,0,0,0,0,0,0,0,0,0,0,0,0,0,0,0,0,0,0,0,0,0,0,0,0,0,0,0,0,0,0,0,0,0,0,0,0,0,0,0,0,0,0,0.01207086723,0.004761904944,0,0,0,0,0,0,0,0,0,0,0,0,0,0,0,0,0,0,0,0,0,0,0,0,0,0,0,0,0,0.2702543139,0.003542357357,0,0,0,0,0.1235253364,0,0,0,0,0,0,0,0,0,0,0,0
54,0,0,0,0,0.002837430919,0.002380952472,0,0,0,0,0,0,0,0,0,0,0,0,0,0,0,0,0,0,0,0,0,0,0,0,0,0,0,0,0,0,0,0,0,0,0,0,0,0,0,0,0,0,0,0,0,0,0,0,0,0,0,0,0,0,0,0,0,0,0,0,0,0,0,0,0,0,0,0,0,0,0,0,0,0,0,0,0,0,0,0,0,0,0,0,0,0,0,0.006201527547,0,0,0,0,0,0,0,0,0,0,0,0,0,0,0,0,0,0,0,0,0,0,0,0.002380952472,0,0,0,0,0,0,0.172554791,0,0,0,0,0,0.05321826786,0,0,0,0,0,0,0,0,0,0,0,0
55,0,0,0,0,0.00176735362,0,0,0,0,0,0,0,0,0,0,0,0,0,0,0,0,0,0,0,0,0,0,0,0,0,0,0,0,0,0,0,0,0,0,0,0,0,0,0,0,0,0,0,0,0,0,0,0,0,0,0,0,0,0,0,0,0,0,0,0,0,0,0,0,0,0,0,0,0,0,0,0,0,0,0,0,0,0,0,0,0,0,0,0,0,0,0,0,0.01375602558,0,0,0,0,0,0,0,0,0.0001841475605,0,0,0,0,0,0,0,0,0,0,0,0,0,0,0,0,0,0,0,0,0,0.1863316447,0.0003307040024,0,0,0,0,0.0713712126,0,0,0,0,0,0,0,0,0,0,0,0
56,0,0,0,0,0,0,0,0,0,0,0,0,0,0,0,0,0,0,0,0,0,0,0,0,0,0,0,0,0,0,0,0,0,0,0,0,0,0,0,0,0,0,0,0,0,0,0,0,0,0,0,0,0,0,0,0,0,0,0,0,0,0,0,0,0,0,0,0,0,0,0,0,0,0,0,0,0,0,0,0,0,0,0,0,0,0,0,0,0,0,0,0,0,0.004761904944,0,0,0,0,0,0,0,0,0,0,0,0,0,0,0,0,0,0,0,0,0,0,0,0.000458218361,0,0,0,0,0,0,0.198533833,0.002380952472,0,0,0,0,0.09330395609,0.002380952472,0,0,0,0,0,0,0,0,0,0,0
57,3.387169636e-05,0,0,0,0.003155140206,0,0,0,0,0,0,0,0,0,0,0,0,0,0,0,0,0,0,0,0,0,0,0,0,0,0,0,0,0,0,0,0,0,0,0,0,0,0,0,0,0,0,0,0,0,0,0,0,0,0,0,0,0,0,0,0,0,0,0,0,0,0,0,0,0,0,0,0,0,0,0,0,0,0,0,0,0,0,0,0,0,0,0,0,0,0,0,0,0.02668122947,0,0,0,0,0,0,0,0,0,0,0,0,0,0,0,0,0,0,0,0,0,0,0,0.001808671048,0,0,0,0,0,0,0.339967221,0.004498286173,0,0,0,0,0.1213654429,0,0,0,0,0,0,0,0,0,0,0,0
58,0.0001033493463,0,0.000127391555,0,0.003604768077,0.00574316131,0,9.285902343e-05,0,0,0,0,0,0,0,0,0,0,0,0,0,0,0,0,0,0,0,0,0,0,0,0,0,0,0,0,0,0,0,0,0,0,0,0,0,0,0,0,0,0,0,0,0,0,0,0,0,0,0,0,0,0,0,0,0,0,0,0,0,0,0,0,0,0,0,0,0,0,0,0,0,0,0,0,0,0,0,0,0,0,0,0,0,0.05329083651,0.003774472745,0.0003033719258,0.002380952472,0.001461661188,0,0.003188504837,0,0.003334007459,5.074572982e-05,0,0,0,0,0,0.001186050475,0,1.549844274e-05,0,0,0,0,0,0,0.002386881737,0,0,0,0,0,0,0.7409304976,0.01081196964,0,0,0.0001147332805,0,0.157409817,0.0003474069526,0.0001073093081,0,0.002380952472,0,0,0,0,0,0,0,0
59,1.762746138e-06,0,9.242136912e-06,0,0.01261616684,0.009758065455,0,2.112310312e-06,0,0,0,0,0,0,0,0,0,0,0,0,0,0,0,0,0,0,0,0,0,0,0,0,0,0,0,0,0,0,0,0,0,0,0,0,0,0,0,0,0,0,0,0,0,0,0,0,0,0,0,0,0,0,0,0,0,0,0,0,0,0,0,0,0,0,0,0,0,0,0,0,0,0,0,0,0,0,0,0,0,0,0,0,0,0.07528144866,0.004456093535,0.001940050395,0,0.002777833724,0.0002494513465,0,0.0002240634058,0,2.136010335e-05,0,0,0,0,0,0.0001762469474,0,0,0,1.022723836e-06,0,0,0,5.203112778e-06,0.001148832729,0,0,0,0,0,0,0.7212209105,0.007020006422,0,0,0,0,0.128007561,0.0001959719666,4.078189886e-05,4.310289296e-05,0.003338376991,0,0,0,0,0,0,0,0
60,0.0002972958901,0,0.0002425407147,0,0.006773418747,0.005217014812,0,0,0,0,0,0,0,0,0,0,0,0,0,0,0,0,0,0,0,0,0,0,0,0,0,0,0,0,0,0,0,0,0,0,0,0,0,0,0,0,0,0,0,0,0,0,0,0,0,0,0,0,0,0,0,0,0,0,0,0,0,0,0,0,0,0,0,0,0,0,0,0,0,0,0,0,0,0,0,0,0,0,0,0,0,0,0,0.05335313827,0,0.0006331097684,0,0,0,0.002380952472,0,0,0.0005978667759,0,0,0,0,0,8.670835814e-05,0,0,0,0,0,0,0,0.002380952472,0.005031069741,0,0,0,0,0,0,0.6047864556,0.007597910706,0,0,0,0,0.2083611488,0.002380952472,0,0,0,0,0,0,0,0,0,0,0
61,0.0005084917066,0,0,0,0.00165033713,0,0,0,0,0,0,0,0,0,0,0,0,0,0,0,0,0,0,0,0,0,0,0,0,0,0,0,0,0,0,0,0,0,0,0,0,0,0,0,0,0,0,0,0,0,0,0,0,0,0,0,0,0,0,0,0,0,0,0,0,0,0,0,0,0,0,0,0,0,0,0,0,0,0,0,0,0,0,0,0,0,0,0,0,0,0,0,0,0.01823154837,0,0,0.002380952472,0,0,0,0,0,1.863193756e-05,0,0,0,0,0,0,0,0,0,0,0,0,0,0,0.0008526606834,0,0,0,0,0,0,0.2968952954,0.002151779598,0,0,0,0,0.08012476563,0,0,0,0,0,0,0,0,0,0,0,0
62,0.0001328084327,0,0,0.0004542446113,0.00225833687,0.00410444336,0,0.0006071257521,0,0,0,0,0,0,0,0,0,0,0,0,0,0,0,0,0,0,0,0,0,0,0,0,0,0,0,0,0,0,0,0,0,0,0,0,0,0,0,0,0,0,0,0,0,0,0,0,0,0,0,0,0,0,0,0,0,0,0,0,0,0,0,0,0,0,0,0,0,0,0,0,0,0,0,0,0,0,0,0,0,0,0,0,0,0.04651202261,0.0008567506447,0.002380952472,0,0.002380952472,0,0.000426784216,7.814352284e-05,0,0.0001837236196,0,0,0,0,0,0.0002181592572,0,0,0,0,0,0,0,0.0001586368162,0.00221296493,0,0,0,0,0,0,0.6459691525,0.009237587452,0,0,0,0,0.2054172009,9.682209929e-05,0,0.0003005389299,0.002380952472,0,0,0,0,0,0,0,0
63,0.0001719482098,0,0.0001155310238,0.0006228441489,0.007939928211,0.009975234047,0.001711629098,0.0004019320186,0,0,0,0,0,0,0,6.60816977e-06,0,0,0,0,0,0,0,0,0,0,0,0,0,0,0,0,0,0,0,0,0,0,0,0,0,0,0,0,0,0,0,0,0,0,0,0,0,0,0,0,0,0,0,0,0,0,0,0,0,0,0,0,0,0,0,0,0,0,0,0,0,0,0,0,0,0,0,0,0,0,0,0,0.001301729004,0,0,0,0,0.07485413551,0.0007980024093,0.0006189300912,0.0002328891278,0.0001670300262,0.0001100814625,0.0007209372707,1.475495628e-05,4.428356533e-06,0.0004249302438,0.0001709761855,0.0008845189004,0,0,0,0.0005640446907,0,6.575001407e-06,0,0,2.570451579e-05,0,0,0.0007913844311,0.004353081342,0.001212642761,0,0,0,0,0.0014482158,0.7300114036,0.01017677039,0,0,2.270313871e-06,2.074606346e-05,0.2554836273,0.001595946378,0.001046264661,0.0001086716875,0.002515091561,0.0001810265094,0,0,0,0,0,1.48967556e-05,8.490039363e-06
64,0.0001498395432,0,0.0001626400481,0.0001330425439,0.005377634428,0.01300573442,0.003397821449,0.000357292738,0,0,0,1.737406092e-05,2.614779532e-06,0.0002907797752,0,1.14505774e-05,9.435263928e-05,0,0,0,0,0,0,0,0,0,0,0,0,0,0,0,0,0,0,0,0,0,0,0,0,0,0,0,0,0,0,0,0,0,0,0,0,0,0,0,0,0,0,0,0,0,0,0,0,0,0,0,0,0,0,0,0,0,0,0,0,0,0,0,0,0,0,0,0,0,0,0,0,0,0,0,0,0.07600750774,0.001455756254,0.01330626663,0.000433961628,0.0008923579589,0.0006963561755,0.001463516848,0.0002292150311,9.900049918e-05,0.0001526175183,0.0001855456067,0.000168683051,0,0,0,0.002300635679,0,2.133663293e-05,0,9.560721992e-07,2.723371381e-06,0,0,0.0001637043461,0.003912855871,0,0,0,0,0,0.0005454319762,0.7689349055,0.01252720878,0.0001640419796,0,2.433993586e-06,2.52487207e-05,0.2065147161,0.001343111624,0.001190872048,0.000274510734,0.002831693506,0.0002507540048,0,0.001111749443,2.391852649e-05,0,0,0.0002413992624,1.662572572e-06
65,0,0,0,0,0.00850680843,0,0,0,0,0,0,0,0,0,0,0,0,0,0,0,0,0,0,0,0,0,0,0,0,0,0,0,0,0,0,0,0,0,0,0,0,0,0,0,0,0,0,0,0,0,0,0,0,0,0,0,0,0,0,0,0,0,0,0,0,0,0,0,0,0,0,0,0,0,0,0,0,0,0,0,0,0,0,0,0,0,0,0,0,0,0,0,0,0.03704457358,0,0,0,0,0,0,0,0,0,0,0,0,0,0,0,0,0,0,0,0,0,0,0,0.0003904473851,0,0,0,0,0,0,0.4350118041,0.003507191315,0,0,0,0,0.1483337581,0,0,0,0,0,0,0,0,0,0,0,0
66,0,0,0,0,0.003337210743,0.006581330206,0,1.47919709e-05,0,0,0,0,0,0,0,0,0,0,0,0,0,0,0,0,0,0,0,0,0,0,0,0,0,0,0,0,0,0,0,0,0,0,0,0,0,0,0,0,0,0,0,0,0,0,0,0,0,0,0,0,0,0,0,0,0,0,0,0,0,0,0,0,0,0,0,0,0,0,0,0,0,0,0,0,0,0,0,0,0,0,0,0,0,0.04292463139,0,0,0,0,0,0,0,0,0,0,0,0,0,0,9.535770369e-05,0,0,0,0,0,0,0,0,0.000614991528,0,0,0,0,0,0,0.5085496902,0.004681235645,0,0,0,0,0.1900550872,0,0,0,0,0,0,0,0,0,0,0,0
67,7.196993829e-05,0,0,0,0.0008192849346,0.003727619303,0,0,0,0,0,0,0,0,0,0,0,0,0,0,0,0,0,0,0,0,0,0,0,0,0,0,0,0,0,0,0,0,0,0,0,0,0,0,0,0,0,0,0,0,0,0,0,0,0,0,0,0,0,0,0,0,0,0,0,0,0,0,0,0,0,0,0,0,0,0,0,0,0,0,0,0,0,0,0,0,0,0,0,0,0,0,0,0.03595542535,0,0,0,0,0,0,0.0001423627691,0,0.000246034062,0,0,0,0,0,0.0003072710824,0,0,0,0,0,0,0,0,0.001660236972,0,0,0,0,0,0,0.5017811656,0.003969285637,0,0,0,0,0.1361085624,0,0,0,0,0,0,0,0,0,0,0,0
68,1.99849128e-05,0,0.0001743796893,0.0001419079053,0.003615758615,0.002380952472,0,0,0,0,0,0,0,0,0,0,0,0,0,0,0,0,0,0,0,0,0,0,0,0,0,0,0,0,0,0,0,0,0,0,0,0,0,0,0,0,0,0,0,0,0,0,0,0,0,0,0,0,0,0,0,0,0,0,0,0,0,0,0,0,0,0,0,0,0,0,0,0,0,0,0,0,0,0,0,0,0,0,0,0,0,0,0,0.03716863692,0.0009295381024,0,0,0,0.0005906011211,0,0,0,4.147294021e-05,0,0,0,0,0,0,0,2.765626778e-05,0,0,0,0,0,0.000176613903,0.00223239162,0,0,0,0,0,0.001406616648,0.5819326639,0.006110309158,0,0,0,0,0.1411431283,0.0006233404856,0,6.630141434e-05,0.001368548721,0,0,0,0,0,0,0,0
69,0.000173658409,9.180611232e-05,8.888170123e-05,0.0001801044709,0.005726492964,0.003743918845,0,4.334922778e-05,0,0,0,0,0,0,0,0,0,0,0,0,0,0,0,0,0,0,0,0,0,0,0,0,0,0,0,0,0,0,0,0,0,0,0,0,0,0,0,0,0,0,0,0,0,0,0,0,0,0,0,0,0,0,0,0,0,0,0,0,0,0,0,0,0,0,0,0,0,0,0,0,0,0,0,0,0,0,0,0,0,0,0,0,0,0.05845767632,0.004940902814,0.0003654564789,0,0,0.0001253029477,0,6.83727776e-05,0,8.847336721e-05,0,0,0,0,0,0.00115950394,0,0,0,0,0,0,0,0,0.003479006235,0,0,0,0,0,0,0.7236191034,0.008692044765,0,0,0,0,0.2405399084,0.001675137668,0.0004257040564,3.046505117e-05,0.000629602524,0,0,0,0,0,0,0,0
70,6.52945746e-05,0,8.825657278e-05,0,0.009559961967,0.009627575055,0,3.742131594e-05,0,0,0,0,0,0,0,0,0,0,0,0,0,0,0,0,0,0,0,0,0,0,0,0,0,0,0,0,0,0,0,0,0,0,0,0,0,0,0,0,0,0,0,0,0,0,0,0,0,0,0,0,0,0,0,0,0,0,0,0,0,0,0,0,0,0,0,0,0,0,0,0,0,0,0,0,0,0,0,0,0,0,0,0,0,0.07235873491,0.005004330538,0.004761904944,0.0005046446458,0,0.002999722958,0.003024912206,0.0007971336017,0.0004267902987,4.466907194e-05,0,0,0,0,0,0.001616077032,0,0,0,0,0,0,0,5.863186016e-05,0.00327371317,0,0,0,0,0,0,0.7277607918,0.006139811594,0,0,0,0,0.1486975849,0.0006806557649,0,0.0004259401758,0,0,0,0,0,0,0,0,0
71,4.630306648e-06,0,1.059888109e-05,0,0.006321196444,0.007081684191,0,0,0,0,0,0,0,0,0,6.519854196e-06,0,0,0,0,0,0,0,0,0,0,0,0,0,0,0,0,0,0,0,0,0,0,0,0,0,0,0,0,0,0,0,0,0,0,0,0,0,0,0,0,0,0,0,0,0,0,0,0,0,0,0,0,0,0,0,0,0,0,0,0,0,0,0,0,0,0,0,0,0,0,0,0,0,0,0,0,0,0.08191773295,0,0.002380952472,0.0006517380243,0,0,0,0,0,0,0,0,0,0,0,0.0001105027113,0,0,0,0,0,0,0,0,0.0004448719264,0,0,0,0,0,0,0.6119650006,0.003682817565,0,0,0,0,0.1806977838,0.00071560574,0,0,0.0009187860996,0,0,0,0,0,0,0,0
72,7.48164166e-05,0,1.823107777e-05,0,0.0172859747,0.0002046078298,0,0,0,0,0,0,0,0,0,0,0,0,0,0,0,0,0,0,0,0,0,0,0,0,0,0,0,0,0,0,0,0,0,0,0,0,0,0,0,0,0,0,0,0,0,0,0,0,0,0,0,0,0,0,0,0,0,0,0,0,0,0,0,0,0,0,0,0,0,0,0,0,0,0,0,0,0,0,0,0,0,0,0,0,0,0,0,0.049531091,0.0003196276957,0,0,0,0,0,0,0,0.001493685879,0,0,0,0,0,0,0,0,0,0,0,0,0,0,0.001272276044,0,0,0,0,0,3.237600322e-05,0.573474884,0.009523809887,0,0,0,0,0.2810606062,0,0,0.0007301152218,0.0002986317559,0,0,2.64121627e-06,0,0,0,0,0
73,0.0002205878991,0,5.672598945e-06,0,0.01326294523,0.003838795004,5.087065074e-05,0.000160926822,0,0,0,0,0,0,0,0,0,0,0,0,0,0,0,0,0,0,0,0,0,0,0,0,0,0,0,0,0,0,0,0,0,0,0,0,0,0,0,0,0,0,0,0,0,0,0,0,0,0,0,0,0,0,0,0,0,0,0,0,0,0,0,0,0,0,0,0,0,0,0,0,0,0,0,0,0,0,0,0,0,0,0,0,0,0.08911349624,0.0001812881528,0.0001683414011,5.356356633e-05,0.0006671189913,0,0.0001777149446,0,0,0,0,0,0,0,0,0.000617673446,0,0,0,0,0,0,0,0,0.007570586633,0,0,0,0,0,0,0.760846138,0.007851765491,0,0,0,0,0.2950123549,0.0001959198125,0.0009689638391,0,0,0,0,0,0,0,0,0,0
74,6.970690447e-05,0,0.0004078131169,0,0.001097074943,0.004123270512,0,6.907986244e-05,5.751291155e-06,0,0,0,0,0,0,0,0,0,0,0,0,0,0,0,0,0,0,0,0,0,0,0,0,0,0,0,0,0,0,0,0,0,0,0,0,0,0,0,0,0,0,0,0,0,0,0,0,0,0,0,0,0,0,0,0,0,0,0,0,0,0,0,0,0,0,0,0,0,0,0,0,0,0,0,0,0,0,0,0,0,0,0,0,0.03268284351,0.002380952472,0.002380952239,0.002380952472,0,0.000823527691,0.001263427082,0,0,0.0001102884926,0,0,0,0,0,0,0,0,0,0,0,0,0,4.157948206e-05,0.002411878668,0,0,0,0,0,0.002380952472,0.5978428125,0.005598545074,0,0,0,0,0.1637633741,0.0005433316692,0,0,0,0,0,0,0,0,0,0,0
75,0.0001789094094,0,0.0001809196838,0.0001479021594,0.007474040147,0.00857623294,0,0,0,0,0,0,0,0,0,0,0,0,0,0,0,0,0,0,0,0,0,0,0,0,0,0,0,0,0,0,0,0,0,0,0,0,0,0,0,0,0,0,0,0,0,0,0,0,0,0,0,0,0,0,0,0,0,0,0,0,0,0,0,0,0,0,0,0,0,0,0,0,0,0,0,0,0,0,0,0,0,0,0,0,0,0,0,0.05956134573,0.0001884407829,0.0005792617449,4.038379484e-05,0,0.000380362093,2.430397944e-05,6.06528738e-06,0,5.908242019e-05,0,0,0,0,0,0,0,7.759732398e-06,0,5.686154054e-06,0,0,0,6.257010682e-05,0.00124217174,0,0,0,0,0,0.002380952472,0.6840690374,0.009188883007,6.086608482e-05,0,0,0,0.2371302396,0.001379575348,0,1.58375351e-05,0.0007308713393,0.002380952472,0,0,0,0,0,2.72681591e-05,0
76,0,0,0,0,0.01684422605,0.0036762245,0,0,0,0,0,0,0,0,0,0,0,0,0,0,0,0,0,0,0,0,0,0,0,0,0,0,0,0,0,0,0,0,0,0,0,0,0,0,0,0,0,0,0,0,0,0,0,0,0,0,0,0,0,0,0,0,0,0,0,0,0,0,0,0,0,0,0,0,0,0,0,0,0,0,0,0,0,0,0,0,0,0,0,0,0,0,0,0.05279271305,0.001296173432,0,0.001017724862,0,0,0,0,0,0,0,0.001253566938,0,0,0,0,0,0,0,0,0,0,0,0,0.001643296448,0,0,0,0,0,6.338361709e-05,0.568849802,0.001235762145,0,0,0,0,0.2079619169,0.002992125694,0.0006334097707,0.001195779885,0.0002478531096,0,0,0,0,0,0,0,0
77,0,0,0,0,0.007188464515,0.002380952239,0,0,0,0,0,0,0,0,0,0,0,0,0,0,0,0,0,0,0,0,0,0,0,0,0,0,0,0,0,0,0,0,0,0,0,0,0,0,0,0,0,0,0,0,0,0,0,0,0,0,0,0,0,0,0,0,0,0,0,0,0,0,0,0,0,0,0,0,0,0,0,0,0,0,0,0,0,0,0,0,0,0,0,0,0,0,0,0.05724639818,0,0,0,0,0,0,0,0,0,0,0,0,0,0,0,0,0,0,0,0,0,0,0,0,0,0,0,0,0,0,0.3002899885,0.0008709290996,0,0,0,0,0.09679987282,0,0,0,0,0,0,0,0,0,0,0,0
78,5.552488801e-06,0,0,0,0.01802146994,0,0,3.207286863e-05,0,0,0,0,0,0,0,0,0,0,0,0,0,0,0,0,0,0,0,0,0,0,0,0,0,0,0,0,0,0,0,0,0,0,0,0,0,0,0,0,0,0,0,0,0,0,0,0,0,0,0,0,0,0,0,0,0,0,0,0,0,0,0,0,0,0,0,0,0,0,0,0,0,0,0,0,0,0,0,0,0,0,0,0,0,0.05675866455,0,0,0,0,0,0,0,0,0,0,0,0,0,0,0,0,0,0,0,0,0,0,0,0.00121010968,0,0,0,0,0,0,0.3827908337,0,0,0,0,0,0.1253671944,0,0,0,4.784172052e-05,0,0,0,0,0,0,0,0
79,0,0,0,0,0.009897612967,0,0,0,0,0,0,0,0,0,0,0,0,0,0,0,0,0,0,0,0,0,0,0,0,0,0,0,0,0,0,0,0,0,0,0,0,0,0,0,0,0,0,0,0,0,0,0,0,0,0,0,0,0,0,0,0,0,0,0,0,0,0,0,0,0,0,0,0,0,0,0,0,0,0,0,0,0,0,0,0,0,0,0,0,0,0,0,0,0.04343855754,0,0,0,0,0,0,0,0,0,0,0,0,0,0,0,0,0,0,0,0,0,0,0,0.0003112186969,0,0,0,0,0,0,0.471162945,0.002446969738,0,0,0,0,0.1572860479,0,0,0,0,0,0,0,0,0,0,0,0
80,0.0001342022442,2.508860962e-05,4.782172618e-05,0,0.01270796917,0.01397399418,0,0.0003323423734,0,0,1.594143396e-05,0,0,0,0,0,0,0,0,0,0.000691561494,0,0,0,0,0,0,0,0,0,0,0,0,0,0,0,0,0,0,0,0,0,0,0,0,0,0,0,0,0,0,0,0,0,0,0,0,0,0,0,0,0,0,0,0,0,0,0,0,0,0,0,0,0,0,0,0,0,0,0,0,0,0,0,0,0,0,0,0,0,0,0,0,0.1086655259,0.002316375496,0.005633308087,0.0004583968257,0.0007968828431,0.0001346462086,0,0.0007207124145,0.0002214040142,5.638342373e-06,0,0,1.851302113e-05,0,4.439294514e-07,0.0009508386138,0,0,0,1.529903784e-05,0,0.0001062849478,0,5.438819426e-05,0.003376352368,6.548886449e-05,0,0,0,5.813026655e-05,7.136309432e-05,0.7663680315,0.009975324385,0.0003591909772,0.0006506734644,0,0,0.2086355388,0.0006611237186,0.001460690866,0.0002295853192,0.002732999623,0.000232016173,0,0.002027725102,0,0.0001999768137,0.0001767721842,0,0
81,0,0,0,0,0.03066633828,0.01310694031,0,8.551810606e-05,0,0,0,0,0,0,0,0,0,0,0,0,0,0,0,0,0,0,0,0,0,0,0,0,0,0,0,0,0,0,0,0,0,0,0,0,0,0,0,0,0,0,0,0,0,0,0,0,0,0,0,0,0,0,0,0,0,0,0,0,0,0,0,0,0,0,0,0,0,0,0,0,0,0,0,0,0,0,0,0,0,0,0,0,0,0.09113720804,0.0005489125033,0,0.001532088616,0,0,0,0,0,0,0,0,0,0,0,0,0,0,0,0,0,0,0,0,0.0003608166589,0,0,0,0,0,5.227879592e-05,0.6972417235,0.002269755816,0,0,0,0,0.2039018571,0.0002462270204,0,0,0,0,0,0,0,0,0,0,0
82,0.0002405720152,0,0.0002686690423,0,0.009240468964,0.01109444071,0,0.0002162170131,0,0,2.239718697e-06,0,0,0,0,1.451319531e-05,0,0,0,0,0,0,0,0,0,0,0,0,0,0,0,0,0,0,0,0,0,0,0,0,0,0,0,0,0,0,0,0,0,0,0,0,0,0,0,0,0,0,0,0,0,0,0,0,0,0,0,0,0,0,0,0,0,0,0,0,0,0,0,0,0,0,0,0,0,0,0,0,0,0,0,0,4.334395953e-07,0.07917233557,0.001072750427,0.002398972865,0.0001001032651,7.536794146e-05,9.693334141e-05,0.0003210540162,4.488548075e-05,1.330977557e-05,0.0001929959835,4.792097388e-05,0.0001312269451,0,0,1.181737116e-05,0.001072024344,4.359483501e-05,5.429201792e-06,0,9.019692584e-07,0,0,0,0.0004000585177,0.004008655436,0,0.0001430904958,0,0,0,0.001327582868,0.7329800129,0.01075103693,0,0,2.074551958e-06,0,0.246216014,0.002918164711,0.0009075240814,0.0002676996228,0.002007208765,0.000154437017,0,0.0006832682993,0,0,0,4.453307611e-06,4.401541901e-06
83,0.0001763935725,0,0,0,0.004998162854,0.000255463121,0,0,0,0,0,0,0,0,0,0,0,0,0,0,0,0,0,0,0,0,0,0,0,0,0,0,0,0,0,0,0,0,0,0,0,0,0,0,0,0,0,0,0,0,0,0,0,0,0,0,0,0,0,0,0,0,0,0,0,0,0,0,0,0,0,0,0,0,0,0,0,0,0,0,0,0,0,0,0,0,0,0,0,0,0,0,0,0.02679595351,0,0.002380952472,0,0,0,0,0,0,0,0,0,0,0,0,7.815452409e-05,0,0,0,0,0,0,0,0,0.0006307139993,0,0,0,0,0,0,0.3958260715,0.006022774149,0,0,0,0,0.1354625225,0.001011651126,0,0,0,0,0,0,0,0,0,0,0
84,0.0001717567211,0,0.0001004142468,0,0.007113839034,0.0002849919838,0,0,0,0,0,0,0,0,0,0,0,0,0,0,0,0,0,0,0,0,0,0,0,0,0,0,0,0,0,0,0,0,0,0,0,0,0,0,0,0,0,0,0,0,0,0,0,0,0,0,0,0,0,0,0,0,0,0,0,0,0,0,0,0,0,0,0,0,0,0,0,0,0,0,0,0,0,0,0,0,0,0,0,0,0,0,0,0.05549284443,0.001429557335,0,0,3.453209865e-05,0,0,0,4.89714912e-05,0.0004223544965,0,0,0,0,0,6.656733603e-05,0,0,0,0,0,0,0,0,0.002335462486,0,0,0,0,0,0,0.6919419765,0.008966216817,0,0,0,0,0.2319675386,0.00310031441,0,0,0,0,0,0,0,0,0,0,0
85,0.0001628642349,0,8.240347233e-05,0,0.006362147629,0.001472673728,0,0.001246356056,0,0,0,0,0,0,0,0,0,0,0,0,0,0,0,0,0,0,0,0,0,0,0,0,0,0,0,0,0,0,0,0,0,0,0,0,0,0,0,0,0,0,0,0,0,0,0,0,0,0,0,0,0,0,0,0,0,0,0,0,0,0,0,0,0,0,0,0,0,0,0,0,0,0,0,0,0,0,0,0,0,0,0,0,0,0.04640579224,0.0003290697932,0,0,0,0,0,0,0,0,0,0,0,0,0,0.0005951251951,0,0,0,0,0,0,0,0,0.005365909077,0,0,0,0,0,0,0.7084275484,0.004606927279,0,0,0,0,0.2301850617,0.0004934967728,0,0,0,0,0,0,0,0,0,0,0
86,3.92767397e-05,0,0.0002912281197,0,0.003629568266,0.003380069975,0,0,0,0,0,0,0,0,0,0,0,0,0,0,0,0,0,0,0,0,0,0,0,0,0,0,0,0,0,0,0,0,0,0,0,0,0,0,0,0,0,0,0,0,0,0,0,0,0,0,0,0,0,0,0,0,0,0,0,0,0,0,0,0,0,0,0,0,0,0,0,0,0,0,0,0,0,0,0,0,0,0,0,0,0,0,0,0.05603089929,0.003363018855,0,0,0,0,0,2.128433334e-05,0,0.0001746341586,0,0,0,0,0,0.0009757161606,0,0,0,0,0,0,0,0,0.003703930182,0,0,0,0,0,0,0.6844759583,0.00741379289,0,0,0,0,0.2068499625,0.0003429628559,0.002380952472,0,0.0001281303557,0.0008186917403,0,0,0,0,0,0,0
87,0,0,0.0001604332501,0.002380952472,0.004766769707,0,0,0,0,0,0,0,0,0,0,0,0,0,0,0,0,0,0,0,0,0,0,0,0,0,0,0,0,0,0,0,0,0,0,0,0,0,0,0,0,0,0,0,0,0,0,0,0,0,0,0,0,0,0,0,0,0,0,0,0,0,0,0,0,0,0,0,0,0,0,0,0,0,0,0,0,0,0,0,0,0,0,0,0,0,0,0,0,0.02839094587,0,0,0,0,0,0,0,0,0,0,0,0,0,0,0,0,0,0,0,0,0,0,0,0.00110927911,0,0,0,0,0,7.39891766e-05,0.324174583,0.003036473645,0,0,0,0,0.1318979263,0.002380952472,0,0,0.0001571518223,0,0,0,0,0,0,0,0
88,0,0,0,0,0.003294043941,0.002380952472,0,0,0,0,0,0,0,0,0,0,0,0,0,0,0,0,0,0,0,0,0,0,0,0,0,0,0,0,0,0,0,0,0,0,0,0,0,0,0,0,0,0,0,0,0,0,0,0,0,0,0,0,0,0,0,0,0,0,0,0,0,0,0,0,0,0,0,0,0,0,0,0,0,0,0,0,0,0,0,0,0,0,0,0,0,0,0,0.0254210718,0,0,0,0,0,0,0,0,0,0,0,0,0,0,0,0,0,0,0,0,0,0,0,0.001696749823,0,0,0,0,0,0.0001211314448,0.2636467218,0.0004610998149,0,0,0,0,0.09600243717,0,0,0,0.0002657766163,0,0,0,0,0,0,0,0
89,0,0,8.911131772e-06,0,0.03350824118,0.01305386797,0,0,0,0,0,0,0,0,0,0,0,0,0,0,0,0,0,0,0,0,0,0,0,0,0,0,0,0,0,0,0,0,0,0,0,0,0,0,0,0,0,0,0,0,0,0,0,0,0,0,0,0,0,0,0,0,0.001301729004,0,0,0,0,0,0,0,0,0,0,0,0,0,0,0,0,0,0,0,0,0,0,0,0,0,0,0,0,0,0,0.1115850583,0,0,0,0,0,0.001643310068,0,0,0.00239703129,0,0,0,0,0,0.0005998277338,0,0,0,0,0.0005354445893,0,0,0,0.002941001207,0,0,0,0,0,3.015125003e-05,0.7657887936,0.006291768514,0,0,0,0,0.300691247,0,0,0.001223152038,0.0001398669847,0,0,0,0,0,0,0,0
90,0,0,2.038367256e-06,2.834144834e-05,0.02105315775,0.012501725,0,4.495025132e-05,0,0,0,0,0,0,0,0,0,0,0,0,0,0,0,0,0,0,0,0,0,0,0,0,0,0,0,0,0,0,0,0,0,0,0,0,0,0,0,0,0,0,0,0,0,0,0,0,0,0,0,0,0,0,0,0,0,0,0,0,0,0,0,0,0,0,0,0,0,0,0,0,0,0,0,0,0,0,0,0,0,0,0,0,0,0.1055287868,0,0,0,0,0,0,0,0,0,0,0,0,0,0,0.002730790526,0,0,0,0,0.000105733292,0,0,0.001289121225,0.001387405558,0,0,0,0,0,6.842894072e-05,0.6772264838,0.004469587468,0,0,0,0,0.1937331706,0.0007616124349,0,0,1.999525739e-05,1.284244263e-06,0,0,0,0,0,0,0
91,0,0,0,0,0.01216687821,0.002380952472,0,0,0,0,0,0,0,0,0,0,0,0,0,0,0,0,0,0,0,0,0,0,0,0,0,0,0,0,0,0,0,0,0,0,0,0,0,0,0,0,0,0,0,0,0,0,0,0,0,0,0,0,0,0,0,0,0,0,0,0,0,0,0,0,0,0,0,0,0,0,0,0,0,0,0,0,0,0,0,0,0,0,0,0,0,0,0,0.0811978206,0,0,0,0,0,0.0003662022355,0,0,0,0,0,0,0,0,0,0,0,0,0,0,0,0,0,0.001257217955,0,0,0,0,0,0.0006976948353,0.539155364,0.005025251303,0,0,0,0,0.1730476022,0,0,0,0,0,0,0,0,0,0,0,0
92,0.0002034594218,0,0.0002654203563,0,0.02167401649,0.02211529948,0,0.0002805810363,0,0,0,0,0,0,0,0,0,0,0,0,0,0,0,0,0,0,0,0,0,0,0,0,0,0,0,0,0,0,0,0,0,0,0,0,0,0,0,0,0,0,0,0,0,0,0,0,0,0,0,0,0,0,0,0,0,0,0,0,0,0,0,0,0,0,0,0,0,0,0,0,0,0,0,0,0,0,0,0,0,0,0,0,0,0.09796722978,0.0002006700961,5.620735101e-05,4.914836154e-06,1.234426327e-05,1.969530422e-05,0,1.173291457e-05,1.611178732e-06,0.0004488152626,0.001311891479,0.0005544838496,0.0009725175332,0,0,0,0,4.598692612e-06,0,1.186627105e-05,0,0,0,0.000313170196,0.004692846444,0,0,0,0,0,0,0.7634165287,0.009367652237,0,0,0,0,0.2297472358,0.001486931578,0.002380952472,3.723096233e-05,0,0,0,0,0,0,0,7.549814472e-05,0
93,0.0001898203045,0.0001351391256,0.0001264292368,0,0.008944943547,0.00967101194,0.004761904944,9.84756407e-05,0,0,0,0,0,0,0,4.608173913e-05,0,0,0,0,0,0,0,0,0,0,0,0,0,0,0,0,0,0,0,0,0,0,0,0,0,0,0,0,0,0,0,0,4.316931154e-06,0,0,0,0,0,0,0,0,0,0,0,0,0,0,0,0,0,0,0,0,0,0,0,0,0,0,0,0,0,0,0,0,4.334395953e-07,0,0,0,0,0,0,0,0,0,0,0,0.07851722836,0.001392980572,0.001225259504,4.64824152e-05,0.0003829275665,0.0001286692423,0.0001339407318,6.711016613e-05,4.644316505e-05,0.0002724466613,0.00017296843,0,0.0006599558401,0,0,0.000760031864,0,3.589359403e-05,0,1.19595361e-05,0,0,0,0.0001557207434,0.003249029396,0,0,0,0,0,0.000755978981,0.740747273,0.009005613625,2.603136636e-05,0,1.80836355e-06,0,0.2423965037,0.002340984531,0.001071571605,0.000356090779,0.00120444526,0,0,0,0,0.0004103675892,0,1.84081382e-05,1.160845386e-06
94,0.07329871505,0.05075535923,0.04703166708,0.03677767888,0.2899703979,0.3718355894,0.08345743269,0.04393971339,0.08343613148,0.0482644476,0.07236617804,0.03798747435,0.1032223701,0.03267349675,0.01741660573,0.04773202911,0.04031917453,0.01020057779,0.01879545115,0.02438712493,0.01190248132,0.02010041475,0.004234194756,0.007588808425,0.009715278633,0.01618536003,0.00853002537,0.004761904944,0.002711459296,0.004011556972,0.006078068633,0.008167257532,0.00319603458,0.003001272678,0.0005082795979,0.0007767844945,0.0006201363867,0,0.002380952472,0,0.002380952472,0,0,0.1057172939,0.1164037585,0.07200514525,0.09600384533,0.1056513041,0.1035898328,0.1004137918,0.09958468378,0.0710753426,0.01207086723,0.006201527547,0.01375602558,0.004761904944,0.02668122947,0.05329083651,0.07528144866,0.05335313827,0.01823154837,0.04651202261,0.07485413551,0.07600750774,0.03704457358,0.04292463139,0.03595542535,0.03716863692,0.05845767632,0.07235873491,0.08191773295,0.049531091,0.08911349624,0.03268284351,0.05956134573,0.05279271305,0.05724639818,0.05675866455,0.04343855754,0.1086655259,0.09113720804,0.07917233557,0.02679595351,0.05549284443,0.04640579224,0.05603089929,0.02839094587,0.0254210718,0.1115850583,0.1055287868,0.0811978206,0.09796722978,0.07851722836,0,0.01958883926,0.02465198003,0.04158408567,0.06223086268,0.07932265103,0.01836518385,0.05786659196,0.09892068803,0.09079618007,0.07171001285,0.0400682129,0.01793494076,0.004306857008,0.03095639683,0.0100706052,0.01598888822,0.07141362131,0.009882460348,0.07476061583,0.02319146134,0.03373899311,0.02050147392,0.04835344106,0.08602719754,0.06932655722,0.0493561551,0.1301073879,0.08213177323,0.1150560081,0.08364316076,0.792383194,0.0592751354,0.04582906514,0.04271484539,0.1105840728,0.1184166819,0.5157182217,0.08334793895,0.06942482293,0.03013147973,0.05191855505,0.04828527197,0.1222620606,0.07955689728,0.1197470576,0.02453942783,0.03929103911,0.09685208648,0.1106236652
95,0.00156746537,0.0007840538165,0.00109945389,0.002243182855,0.03036819212,0.0237095952,0.003041292774,0.001452964032,0.0003816844546,0,0.0007073939196,0.003299509641,0.0002384596155,0.0001731231168,0,0.001861247583,0.001664731419,0,0.001609159983,0,0.000412335794,0.002380952472,0.002380952472,0,0.001442193286,0,0,0,0.002380952472,0,0,0,0,0,0,0,0,0,0,0,0,0,0,0.0001090079386,0,0,0,0,0.0001293029054,0,2.295199374e-05,0.002857568907,0.004761904944,0,0,0,0,0.003774472745,0.004456093535,0,0,0.0008567506447,0.0007980024093,0.001455756254,0,0,0,0.0009295381024,0.004940902814,0.005004330538,0,0.0003196276957,0.0001812881528,0.002380952472,0.0001884407829,0.001296173432,0,0,0,0.002316375496,0.0005489125033,0.001072750427,0,0.001429557335,0.0003290697932,0.003363018855,0,0,0,0,0,0.0002006700961,0.001392980572,0.01958883926,0,5.071851774e-05,3.406323958e-05,4.565733252e-05,0.000279522792,0.0003126827069,0.0001291365479,0.0002831362071,0.01203639712,0.01455630548,0.01761057973,0.01570836641,0.004929838702,0.00495481398,0.000153296729,0.00837700069,0.001659205882,0.004050163087,0.006411329377,0.007011163514,0.01481592469,0.003140175482,0.02222113311,0.009971707128,0.008970804513,0.0008274234715,0.001702416455,0.005805138499,0.001216932433,0.003292065114,0.5884628296,0.01445084158,0.002633861499,0.005606481805,0.001504573273,0.005000940058,0.3254775405,0.01446356811,0.01783195138,0.005396973807,0.003999018576,0.004716536961,0.001730890712,0.001223984291,0.003506251611,0.005411687773,0,0.0006684949039,0.002676466247
96,0.003582040546,0.0005090204068,0.001791889663,0.007258867845,0.03846365213,0.04964646697,0.003870175686,0.004263516981,0.0009651788278,0,0.001777139842,0.0005169608048,0.0006026184419,0,0,0.001221714891,0.0009330727044,0.001207879279,0.001060992246,0.0007423809147,0,0.0005570137873,0,0,0.0008008601726,0.000644605665,0,0,0,0,0,0,0,0,0,0,0,0,0,0,0,0,0,0,0,0.0001358513255,0.0003253140603,7.878744509e-05,0.0002837127249,0,0.000169524239,0.003041780787,0,0,0,0,0,0.0003033719258,0.001940050395,0.0006331097684,0,0.002380952472,0.0006189300912,0.01330626663,0,0,0,0,0.0003654564789,0.004761904944,0.002380952472,0,0.0001683414011,0.002380952239,0.0005792617449,0,0,0,0,0.005633308087,0,0.002398972865,0.002380952472,0,0,0,0,0,0,0,0,5.620735101e-05,0.001225259504,0.02465198003,5.071851774e-05,0,0.0006526995567,6.424815365e-05,1.317435454e-05,0.001176296966,0.0003945266362,6.18711274e-05,0.01449031848,0.01174137741,0.01727376692,0.009871551767,0.0051388992,0.001512573217,0.0007838269812,0.007266953122,0.001192093361,0,0.006934065837,0.007853134535,0.02151090838,0.004319463857,0.02873140201,0.01634946652,0.01781381294,0,0.001286742277,0.000950159796,0.006709173322,0.00153847551,0.6156058908,0.02311735786,0.004768495448,0.007139798719,0.0009026910411,0.001258776058,0.4365706444,0.02894514799,0.02868515067,0.009551923722,0.003635743167,0.003479016479,0.001009734115,0.0008856825298,0.001980964094,0.009729263373,0.001493490767,0.0002683723869,0.00169170252
97,0.0005300662015,0.0006372992066,0.000455784495,0.002738989657,0.02447484247,0.01223496441,0.002124885796,0.00045038198,1.31843517e-05,0,7.77084133e-05,0,0,5.932539352e-05,0,0.0001826246589,0.0002678695892,0,0,0,0,0,0,0,0,0,0,0,0,0,0,0,0,0,0,0,0,0,0,0,0,0,0,0,0,0,0,0,1.710297147e-05,0,3.713352271e-06,7.756271225e-05,0,0,0,0,0,0.002380952472,0,0,0.002380952472,0,0.0002328891278,0.000433961628,0,0,0,0,0,0.0005046446458,0.0006517380243,0,5.356356633e-05,0.002380952472,4.038379484e-05,0.001017724862,0,0,0,0.0004583968257,0.001532088616,0.0001001032651,0,0,0,0,0,0,0,0,0,4.914836154e-06,4.64824152e-05,0.04158408567,3.406323958e-05,0.0006526995567,0,2.06287641e-05,0.0003177409817,6.37075791e-05,1.182589767e-05,7.905307575e-05,0.003691641847,0.006238361355,0.01061967574,0.006420990452,0.000809629506,9.437633707e-05,0.0001338410366,0.01127152704,0.001059684204,0,0.002173686167,0.0007158936933,0.00819745753,0.00331126526,0.0185921602,0.006476042792,0.005400832277,0,0.000388528133,0.0005709154066,0.002380952239,0.00297644455,0.6586750746,0.009840672836,0.00135459064,0.001952192863,0.0004807251098,0.001514297328,0.2195958495,0.005921010394,0.007484279107,0.004628610797,0.005450008437,0.00404424686,0.0008049969329,0.001385978307,5.201546446e-05,0.002582010347,0.000603258959,0.0001728080242,0.003910623025
98,0.0007023745566,0.0005614395486,0.0005157822743,0.002788791899,0.0253806822,0.01503343973,0.001471322961,0.000509812613,0.0001858064934,0,0.0002566962212,0.001533011673,0.0001923792152,0,0.002380952239,0.001618884387,0.000332037831,0,0.0001846577798,0,0,0,0,0,0.0004116378841,0,0,0,0,0,0,0,0,0,0,0,0,0,0,0.002380952472,0,0,0,6.073014447e-05,0,0,0,1.629095095e-05,0,2.084841435e-05,5.832951501e-06,0,0,0,0,0,0,0.001461661188,0.002777833724,0,0,0.002380952472,0.0001670300262,0.0008923579589,0,0,0,0,0,0,0,0,0.0006671189913,0,0,0,0,0,0,0.0007968828431,0,7.536794146e-05,0,3.453209865e-05,0,0,0,0,0,0,0,1.234426327e-05,0.0003829275665,0.06223086268,4.565733252e-05,6.424815365e-05,2.06287641e-05,0,3.483826731e-05,0.002178147901,2.522633258e-05,1.37614461e-05,0.005524979439,0.004755089525,0.01139425859,0.01479696855,0.001489795744,0.002470209962,0.001065840828,0.006510158069,0.002519964939,0.0018962092,0.004182159901,0.004464090336,0.01789535582,0.001867456478,0.01859549433,0.007884867489,0.009202593006,0,0.0004699101555,0,0,0.001209631562,0.6822497845,0.01348397788,0.008017094806,0.008792853914,0.000646859582,0.001114950865,0.2558747232,0.007560706232,0.009394944645,0.007846043445,0.003683636896,0.003419141751,0.0002833457838,0.0008536516689,0.001431532088,0.01022015791,0.0004523975658,0.0001175669386,0.0009003614541
99,0.001691201236,0.0005874320632,0.001177172293,0.002085322747,0.05307418108,0.09810484201,0.0008974433294,0.002585775219,0.0002218376758,0,0.0004280897556,0.0004120968224,2.809606121e-05,0,0,0.0009535769932,0.0002550752542,0,0,0,0.000996101182,0.002380952472,0,0,0.002380952472,0,0,0,0,0,0,0,0,0,0,0,0,0,0,0,0,0,0,1.471076303e-05,0,0.000659396057,0,0,3.850620487e-06,0,8.936016457e-06,0,0,0,0,0,0,0,0.0002494513465,0,0,0,0.0001100814625,0.0006963561755,0,0,0,0.0005906011211,0.0001253029477,0.002999722958,0,0,0,0.000823527691,0.000380362093,0,0,0,0,0.0001346462086,0,9.693334141e-05,0,0,0,0,0,0,0,0,0,1.969530422e-05,0.0001286692423,0.07932265103,0.000279522792,1.317435454e-05,0.0003177409817,3.483826731e-05,0,0.002144756261,8.064764552e-05,2.622413604e-06,0.004055921454,0.001996147679,0.008429686539,0.01663287356,0.001850879518,0.001972754486,0.002957099117,0.01152169984,0.0002926502784,0,0.001077120774,0.005797985941,0.02318827808,0.00258010067,0.01375144627,0.01048995554,0.001487824949,0.002380952239,1.200820407e-05,0.002380952472,0.0002247588563,0.002540188376,0.7862945795,0.02066425234,0.002408772241,0.007513633929,4.840963084e-05,8.442036051e-05,0.3478401005,0.01294669695,0.0193165075,0.006966495421,0.004313946702,0.002937684534,0.0001051178479,0.001059964881,4.723491293e-05,0.009875463322,0,1.779723607e-05,6.514006236e-05
100,0.001024916186,0.0005278900499,0.000698891643,0.0008770811255,0.03742624447,0.01976937428,0.00386767881,0.0009334239294,0.0005104765878,0.0020698437,0.001167173381,0.002809204161,0.0006631581346,0,0.004761904944,0.002019059611,0.0003695527848,0.0006375054945,0.002849934623,0.0002611737873,0,0,0,0,0,0,0,0,0,0,0,0,0,0,0,0,0,0,0,0.002380952472,0,0,0,0,0,0,0,0,0.0001357443689,0.0003900951124,3.357060677e-06,0.0008389948634,0,0,0,0,0,0.003188504837,0,0.002380952472,0,0.000426784216,0.0007209372707,0.001463516848,0,0,0,0,0,0.003024912206,0,0,0.0001777149446,0.001263427082,2.430397944e-05,0,0,0,0,0,0,0.0003210540162,0,0,0,0,0,0,0.001643310068,0,0.0003662022355,0,0.0001339407318,0.01836518385,0.0003126827069,0.001176296966,6.37075791e-05,0.002178147901,0.002144756261,0,1.619006798e-05,0.0002355731995,0.001554228947,0.001317659626,0.005276711192,0.0008329498814,8.863983385e-05,0.0001141292305,2.611557284e-05,0.0003518158337,8.182695456e-05,0.000255182822,0.0004797820293,0.0005710973637,0.0007143773837,5.240884639e-05,0.002884070855,0.007415573578,0.0005719990004,1.023564346e-05,0.001597109484,0,4.189398533e-05,0.002010443248,0.5431432128,0.004543547984,0.0004725481558,0.001278799842,0.0002974802046,0.00347484136,0.2089890987,0.002655405784,8.625415649e-05,3.52688221e-05,0.004558682442,0.001070315484,0.003874073504,0.001294280868,0.0007344150217,0.0004112531897,0,0.001474716584,0.001146229217
101,0.0003924678895,0.0005589394132,0.0003705945564,0.0004462349752,0.04044413567,0.0150268944,0.00447789114,0.0002988251799,7.967379497e-05,0.0003938387963,0.0001138386215,0.002044429537,8.931406228e-06,0,0,0.000211590188,3.924289194e-05,0,0,0,0.0001525266707,0,0,0,0,0,0,0,0,0,0,0.002380952472,0,0,0,0,0,0,0,0,0,0,0,0,0,0,0,0,3.070885214e-06,1.557465839e-05,0,1.315758618e-05,0,0,0,0,0,0,0.0002240634058,0,0,7.814352284e-05,1.475495628e-05,0.0002292150311,0,0,0.0001423627691,0,6.83727776e-05,0.0007971336017,0,0,0,0,6.06528738e-06,0,0,0,0,0.0007207124145,0,4.488548075e-05,0,0,0,2.128433334e-05,0,0,0,0,0,1.173291457e-05,6.711016613e-05,0.05786659196,0.0001291365479,0.0003945266362,1.182589767e-05,2.522633258e-05,8.064764552e-05,1.619006798e-05,0,9.446141121e-06,0.0008347017574,0.001335489564,0.004206977319,0.002581303939,0.000228360077,0.0001963019458,0.0001374723361,0.002989251399,2.322234286e-05,0.001313938177,0.0004728415806,0.0003383570292,0.002691638656,0.0003454015532,0.006948214024,0.005932747852,0.003568928223,0,0.003337921575,8.647663344e-05,0.0007470251294,0.00296225748,0.6786683202,0.009420081042,0.0002068980248,0.001226674533,6.03321605e-05,0.0008678347804,0.1762184203,0.00256879651,0.003160708351,0.0003513589909,0.007257306948,0.00268372451,0.001410011901,0.002915870631,0.00290375785,0.001870195963,0.0005154942628,4.582880138e-05,0.0003735736245
102,0.000381924765,0.0002672757255,0.0002975086682,0.0004611222248,0.05961919203,0.03076825105,0.003022507764,0.0003676064953,3.107678276e-05,0,2.416312782e-05,0.0003623525845,0,0.0002986419131,0,6.46694898e-05,2.843176298e-05,0,0,0,0,0,0,0,0,0,0,0,0,0,0,0,0,0,0,0,0,0,0,0,0,0,0,0,2.871548531e-05,0,7.98957808e-06,0,0,0,1.28206284e-06,0,0,0,0,0,0,0.003334007459,0,0,0,0,4.428356533e-06,9.900049918e-05,0,0,0,0,0,0.0004267902987,0,0,0,0,0,0,0,0,0,0.0002214040142,0,1.330977557e-05,0,4.89714912e-05,0,0,0,0,0,0,0,1.611178732e-06,4.644316505e-05,0.09892068803,0.0002831362071,6.18711274e-05,7.905307575e-05,1.37614461e-05,2.622413604e-06,0.0002355731995,9.446141121e-06,0,0.0005847529392,0.0007829712704,0.004402249586,0.001395528321,0.001014333451,0.0001094795807,0.0007116732886,0.001170762931,2.47291573e-05,0,0.0003514155105,0.000333062635,0.003539829748,0,0.002696392825,0.00492902007,0.001584909274,0,0.0002147450577,0.0004454341251,0,0.002731753048,0.7831767201,0.01007305458,0.0001724915928,0.0009471789817,1.38694104e-05,0.0001772442047,0.1831304133,0.002527187578,0.004381659441,0.0007820905303,0.007942040451,0.001538000535,0.0007458230248,0.0006886689807,0.0005323193618,0.0002027282899,0,1.041856831e-05,4.703452214e-05
103,0.003574999282,0.000780114322,0.0007558336365,0.0005748406984,0.0837674886,0.06523135304,0.006785776,0.003350760322,0.000172809363,0.0006110997638,0.0004227401514,0.001983220223,7.052509318e-05,0,0,0.001357685891,0.0006926901406,0,0,0.0006992344861,0,0,0,0,0,0.002725659404,0,0,0,0.002380952472,0,0,0,0,0,0,0,0,0,0,0,0,0,0,0,0.0002173436951,0.0002862110559,0.001015299931,0,0.0009034051909,0.0003071925603,0.0001963341347,0,0,0.0001841475605,0,0,5.074572982e-05,2.136010335e-05,0.0005978667759,1.863193756e-05,0.0001837236196,0.0004249302438,0.0001526175183,0,0,0.000246034062,4.147294021e-05,8.847336721e-05,4.466907194e-05,0,0.001493685879,0,0.0001102884926,5.908242019e-05,0,0,0,0,5.638342373e-06,0,0.0001929959835,0,0.0004223544965,0,0.0001746341586,0,0,0.00239703129,0,0,0.0004488152626,0.0002724466613,0.09079618007,0.01203639712,0.01449031848,0.003691641847,0.005524979439,0.004055921454,0.001554228947,0.0008347017574,0.0005847529392,0,2.881203045e-06,1.946405428e-05,0.0005299445475,0.0001290354267,4.80270246e-05,0.002529004822,0.0001006725652,9.946408682e-05,2.498801405e-05,0.000108148306,5.627424616e-05,0.0002164589823,3.792047573e-05,3.347261372e-05,0.002455318579,6.019239299e-05,0,0,6.322837726e-05,0.0003956473665,0.01603528112,0.7462053299,0.007087698672,5.812029485e-05,0.0001809380192,0.0002943913569,0.000154986963,0.03653428331,0.0001976511412,8.955660451e-05,0.0003304274578,0.008703207597,0.0002036949591,0.00224189763,0.002127997344,0.0003282135876,0.0004078758357,0.0001690279896,0.0002709182736,0.0001942898671
104,0.0004054323654,0,2.578423482e-05,0.0001929425198,0.03459320962,0.02206522413,0,0.0004548130964,0,0,0,0,0.0005784719251,0,0,0.0003578262113,0.0001093944811,0,0,0,0,0,0,0,0,0,0,0,0,0,0,0,0,0,0,0,0,0,0,0,0,0,0,0,0,0,0,0,0,0,0,0,0,0,0,0,0,0,0,0,0,0,0.0001709761855,0.0001855456067,0,0,0,0,0,0,0,0,0,0,0,0,0,0,0,0,0,4.792097388e-05,0,0,0,0,0,0,0,0,0,0.001311891479,0.00017296843,0.07171001285,0.01455630548,0.01174137741,0.006238361355,0.004755089525,0.001996147679,0.001317659626,0.001335489564,0.0007829712704,2.881203045e-06,0,4.678193761e-07,1.236777825e-05,0,0,0.001729018171,3.093616897e-06,7.561980601e-05,0,0,0,2.061998566e-05,2.413621951e-05,1.304091984e-05,0.0001810787944,4.01595662e-06,0,0,0,0,0.005709875375,0.6709602475,0.004170421511,9.401283751e-05,0.0001449026313,4.49631807e-05,0,0.06390570104,0.0003195490863,0.0003113066196,0.0001841458434,0.0007070011343,3.587765241e-05,0,0.0004926720867,0,0.0001262025035,0,0.0002155617985,8.454755152e-05
105,0.0002495511726,8.615867955e-06,2.601452616e-05,2.496315392e-05,0.01477822382,0.02459285967,0.003952105064,0.0001862523204,0.00028155162,0,0.0003202654188,0,0,0,0,0,0.0004042130604,0,0,0,0,0,0,0,0,0,0,0,0,0,0,0,0,0,0,0,0,0,0,0,0,0,0,0,0,0,0,0,0,0,0,0,0,0,0,0,0,0,0,0,0,0,0.0008845189004,0.000168683051,0,0,0,0,0,0,0,0,0,0,0,0.001253566938,0,0,0,0,0,0.0001312269451,0,0,0,0,0,0,0,0,0,0.0005544838496,0,0.0400682129,0.01761057973,0.01727376692,0.01061967574,0.01139425859,0.008429686539,0.005276711192,0.004206977319,0.004402249586,1.946405428e-05,4.678193761e-07,0,2.061745136e-06,4.347984941e-07,4.256789907e-06,0.001080822432,1.082354515e-06,0.0001739555591,0,0.0003741550026,0,5.200944088e-06,0,1.01242249e-05,0.0004964612308,1.159132694e-06,0,0,0,0,0.0008190345252,0.6296132803,0.003569092136,3.811439092e-05,2.30057085e-05,0.003025718266,1.923685886e-05,0.1127311289,0.0002760436037,0.0001475480967,0.0001755481353,0.0006131088012,1.593551497e-05,0,0.0008798628114,0,3.591781933e-05,0,0.003226788947,0
106,9.105838399e-05,0,3.31059382e-05,1.946220982e-05,0.01076999307,0.0296698194,0.0009807457682,0.0002423966362,0,0,0,0,0,0,0,0,0.0003519860911,0,0,0,0,0.0002742262732,0,0,0,0,0,0,0,0,0,0,0,0,0,0,0,0,0,0,0,0,0,0,0,0,0,0,0,0,0.0008213162655,0,0,0,0,0,0,0,0,0,0,0,0,0,0,0,0,0,0,0,0,0,0,0,0,0,0,0,0,1.851302113e-05,0,0,0,0,0,0,0,0,0,0,0,0.0009725175332,0.0006599558401,0.01793494076,0.01570836641,0.009871551767,0.006420990452,0.01479696855,0.01663287356,0.0008329498814,0.002581303939,0.001395528321,0.0005299445475,1.236777825e-05,2.061745136e-06,0,1.499996074e-07,0,0.000164887475,1.526310257e-06,8.167424676e-05,0,0.0001031363936,6.75433057e-06,2.157572226e-06,8.808136158e-07,3.245232074e-05,0.002317039762,6.29570377e-06,0,0,0,0,0.00300404476,0.5382564664,0.002543286653,2.649591579e-06,1.062931005e-05,0.0007941942313,2.260055226e-05,0.1674819887,0.000422547193,8.287636592e-05,8.723571227e-05,0.003040136071,0.0001423448703,0,0.0008739873883,0,0,0.0001371910912,0.002380952472,0.0003929670493
107,5.873579084e-06,0,1.928648771e-06,0,0.001125218812,0.007181992289,0.002380952472,4.853707196e-06,0,0,0,0,0,0,0,0,0,0,0,0,0,0,0,0,0,0,0,0,0,0,0,0,0,0,0,0,0,0,0,0,0,0,0,0,0,0,0,0,0,0,0,0,0,0,0,0,0,0,0,0,0,0,0,0,0,0,0,0,0,0,0,0,0,0,0,0,0,0,0,0,0,0,0,0,0,0,0,0,0,0,0,0,0,0.004306857008,0.004929838702,0.0051388992,0.000809629506,0.001489795744,0.001850879518,8.863983385e-05,0.000228360077,0.001014333451,0.0001290354267,0,4.347984941e-07,1.499996074e-07,0,0,2.984005914e-05,0,4.497660939e-06,0,0,0,0,0,7.940800424e-05,0.0001512141898,0,0,0,0,0,0,0.5791393518,0.002794783097,0,0,0,0,0.1894467324,0.0007908875123,0.0001487430127,1.475714816e-05,0.0001741250744,6.65075595e-06,0,0,0,1.311759547e-06,0,0.002969006775,0
108,7.240287232e-07,0,7.034150826e-07,0,0.001501582097,0.003480294719,0,4.896226983e-06,0,0,0,0,0,0,0,0,0,0,0,0,0,0,0,0,0,0,0,0,0,0,0,0,0,0,0,0,0,0,0,0,0,0,0,0,0,0,0,0,0,0,0,0,0,0,0,0,0,0,0,0,0,0,0,0,0,0,0,0,0,0,0,0,0,0,0,0,0,0,0,4.439294514e-07,0,1.181737116e-05,0,0,0,0,0,0,0,0,0,0,0,0.03095639683,0.00495481398,0.001512573217,9.437633707e-05,0.002470209962,0.001972754486,0.0001141292305,0.0001963019458,0.0001094795807,4.80270246e-05,0,4.256789907e-06,0,0,0,0.00129939185,0,1.366611741e-05,0,0,2.297511941e-07,2.345139592e-06,0,3.234573887e-05,0.0001458092884,0,0,0,0,0,5.214200428e-05,0.7608118057,0.004636791535,0,0,0,0,0.1572338641,9.47423905e-05,0.0002845931449,6.876423868e-05,2.354570097e-05,0,0,0,5.625131053e-06,0,0,3.136401938e-05,0
109,0.004622769076,0.001020920929,0.001769787166,0.001889801235,0.07262190431,0.05596173927,0.01055933256,0.004423441831,0.001075308421,0,0.0008992463117,0.006457730196,0.0009454358369,0.003913984168,0.001214007731,0.003358773421,0.001390793943,0,0.0006881373702,0.001014756039,0.002380952239,0,0,0,0.002380952239,0,0,0,0,0,0,0,0.002380952472,0,0,0,0,0,0,0,0,0,0,0.0006663075183,4.647498645e-05,5.83676956e-06,0.0009370947955,9.883100574e-05,0.0004011784913,9.228078125e-05,0.0001528925932,0.0007052886067,0,0,0,0,0,0.001186050475,0.0001762469474,8.670835814e-05,0,0.0002181592572,0.0005640446907,0.002300635679,0,9.535770369e-05,0.0003072710824,0,0.00115950394,0.001616077032,0.0001105027113,0,0.000617673446,0,0,0,0,0,0,0.0009508386138,0,0.001072024344,7.815452409e-05,6.656733603e-05,0.0005951251951,0.0009757161606,0,0,0.0005998277338,0.002730790526,0,0,0.000760031864,0.0100706052,0.000153296729,0.0007838269812,0.0001338410366,0.001065840828,0.002957099117,2.611557284e-05,0.0001374723361,0.0007116732886,0.002529004822,0.001729018171,0.001080822432,0.000164887475,2.984005914e-05,0.00129939185,0,0.0002924244618,0.0002459585376,6.728109383e-06,0.0007384823402,0.0002543680603,0.000424917409,3.94340168e-05,0.0009391626227,0.01366233546,0.000849909673,2.864591806e-05,0.001858552801,0,0.0002356288751,0.003553243587,0.3419807255,0.00200967514,0.0002715704904,0.0001784497872,0.0006541169132,0.002598483115,0.3303399384,0.003462651046,0.0002147830528,0.0001086839766,0.005668817088,0.0005914646317,0.003865781939,0.00152759382,0.0005435012281,0.0001153983103,0.0001154371421,0.002099461388,0.00226087356
110,0.0001918652852,0,5.479125684e-05,0,0.01087051723,0.01275703683,0,0.0002134895767,0,0,0,0.0006516646827,0,0,0,0,0,0,0,0,0,0,0,0,0,0,0,0,0,0,0,0,0,0,0,0,0,0,0,0,0,0,0,0,0,0,0,0,0.003541979473,0,0,0,0,0,0,0,0,0,0,0,0,0,0,0,0,0,0,0,0,0,0,0,0,0,0,0,0,0,0,0,0,4.359483501e-05,0,0,0,0,0,0,0,0,0,0,0,0.01598888822,0.00837700069,0.007266953122,0.01127152704,0.006510158069,0.01152169984,0.0003518158337,0.002989251399,0.001170762931,0.0001006725652,3.093616897e-06,1.082354515e-06,1.526310257e-06,0,0,0.0002924244618,0,2.289981239e-05,0,0,0,1.017628983e-05,0,6.57135206e-06,0.001869480591,1.344989323e-05,0,0,0,0,0.0009167224634,0.5631556511,0.002611896256,7.351503655e-07,0,0.0005842980463,0,0.1428242177,0.00031842108,0.0002190201631,4.980198719e-05,0.001771434909,3.218240818e-05,0,0,0.0001607919985,0,0,0.0009024315514,0
111,0.0001432521385,3.156855382e-05,0.0001515923213,6.939999002e-05,0.02524944395,0.01133009419,0.007941536605,0.0001993380865,5.563634477e-05,0.0001939868671,4.316291233e-05,7.505260146e-05,0,0,0,5.969428821e-05,8.497000817e-05,0,0,0,0,0,0,0.002380952472,0,0.0001928055281,0,0,0,0,0,0,0,0,0,0,0,0,0,0,0,0,0,0,0.0003331095795,8.425849228e-05,0,0,7.185572485e-06,2.771102299e-05,0,0,0,0,0,0,0,1.549844274e-05,0,0,0,0,6.575001407e-06,2.133663293e-05,0,0,0,2.765626778e-05,0,0,0,0,0,0,7.759732398e-06,0,0,0,0,0,0,5.429201792e-06,0,0,0,0,0,0,0,0,0,4.598692612e-06,3.589359403e-05,0.07141362131,0.001659205882,0.001192093361,0.001059684204,0.002519964939,0.0002926502784,8.182695456e-05,2.322234286e-05,2.47291573e-05,9.946408682e-05,7.561980601e-05,0.0001739555591,8.167424676e-05,4.497660939e-06,1.366611741e-05,0.0002459585376,2.289981239e-05,0,7.200614505e-07,2.436988325e-06,2.695973762e-06,0.0004193920176,9.848431546e-06,0.0001208925678,0.002911766293,0.0001501920196,7.50924155e-05,3.971120896e-05,3.249953443e-05,0,0.002892520977,0.7082597613,0.007783493493,5.149326512e-07,0.0003334259964,2.699689958e-06,5.61915158e-06,0.1574255079,0.001111999503,0.0007114894688,1.500848884e-05,0.004622259643,0.0004486225662,0.0002383505926,0.0004214452929,0.0004850143741,5.727256939e-05,0,2.192436477e-05,3.517168807e-05
112,1.735013029e-05,0,5.370078725e-06,0,0.009346389212,0.006596515886,0,5.524774315e-05,0,0,0,0.0005222056643,0,0,0,0,0,0,0,0,0,0,0,0,0,0,0,0,0,0,0,0,0,0,0,0,0,0,0,0,0,0,0,0,0,0,0,0,0,0,0,0,0,0,0,0,0,0,0,0,0,0,0,0,0,0,0,0,0,0,0,0,0,0,0,0,0,0,0,0,0,0,0,0,0,0,0,0,0,0,0,0,0,0.009882460348,0.004050163087,0,0,0.0018962092,0,0.000255182822,0.001313938177,0,2.498801405e-05,0,0,0,0,0,6.728109383e-06,0,7.200614505e-07,0,0,0,0,0,0,0.0006471204688,0,0,0,0,0,0,0.510011375,0.004124250263,0,0,0,0,0.1576332897,0,0,0,0,0,0,0,0,0,0,0,0
113,6.377791578e-05,0.0001331786771,4.397998055e-05,8.056449587e-05,0.01532190852,0.01290171873,0.0001785579225,0.0001335977577,0,0,0,0,0,0.0002104645537,0.0005394098116,8.054949831e-06,0,0,0,0,0,0,0,0,0,0,0,0,0,0,0,0,0,0,0,0,0,0,0,0,0,0,0,0,0,0,0,0,0,0,0,0,0,0,0,0,0,0,1.022723836e-06,0,0,0,0,9.560721992e-07,0,0,0,0,0,0,0,0,0,0,5.686154054e-06,0,0,0,0,1.529903784e-05,0,9.019692584e-07,0,0,0,0,0,0,0,0,0,1.186627105e-05,1.19595361e-05,0.07476061583,0.006411329377,0.006934065837,0.002173686167,0.004182159901,0.001077120774,0.0004797820293,0.0004728415806,0.0003514155105,0.000108148306,0,0.0003741550026,0.0001031363936,0,0,0.0007384823402,0,2.436988325e-06,0,0,2.49714526e-06,0.0001699775166,0,8.741614874e-05,0.002493445529,0,0,0,5.262703553e-07,0,0.000463119708,0.766392529,0.008133620955,1.573647569e-05,0,1.981543846e-06,0,0.1614321321,0.001435780898,0.003014582442,0.0001146947907,0.001612599008,0.0002033050405,0,0,7.080730938e-06,4.136502685e-05,0,9.135526489e-05,9.047446952e-07
114,1.816911026e-05,0,2.675222458e-05,0,0.003591243876,0.005137877073,0,2.806855082e-05,0,0,1.485720441e-05,0,0,0,0,8.044253627e-05,0,0,0,0,0,0,0,0,0,0,0,0,0,0,0,0,0,0,0,0,0,0,0,0,0,0,0,0,0,0,0,0,0,0,0,0,0,0,0,0,0,0,0,0,0,0,2.570451579e-05,2.723371381e-06,0,0,0,0,0,0,0,0,0,0,0,0,0,0,0,0,0,0,0,0,0,0,0,0,0.0005354445893,0.000105733292,0,0,0,0.02319146134,0.007011163514,0.007853134535,0.0007158936933,0.004464090336,0.005797985941,0.0005710973637,0.0003383570292,0.000333062635,5.627424616e-05,0,0,6.75433057e-06,0,2.297511941e-07,0.0002543680603,0,2.695973762e-06,0,2.49714526e-06,0,1.46207376e-05,0,3.950803875e-05,0.0007311435766,1.943747156e-05,0,0,0,0,0.002902646083,0.7205396891,0.00642834371,5.811508572e-07,0,0.0001082802701,0,0.1318575442,0.0009999764152,0.000258605869,2.662119005e-05,0.003719486063,2.104699888e-05,0,0.0008063978166,0,0,0,0,0
115,0.0003045266785,4.72146121e-06,8.876554057e-05,4.547681601e-05,0.01831119321,0.03272301331,0.009672253393,0.0007330671651,0,7.010814443e-05,4.708243432e-05,0.0001011194545,0,0,0,0,5.001762474e-05,0,0,0,0.002380952472,0.0002634484554,0,0,0,0,0,0,0,0,0,0,0,0,0,0,0,0,0,0,0,0,0,0,0,0,0,0,0,0,0,0,0,0,0,0,0,0,0,0,0,0,0,0,0,0,0,0,0,0,0,0,0,0,0,0,0,0,0,0.0001062849478,0,0,0,0,0,0,0,0,0,0,0,0,0,0.03373899311,0.01481592469,0.02151090838,0.00819745753,0.01789535582,0.02318827808,0.0007143773837,0.002691638656,0.003539829748,0.0002164589823,2.061998566e-05,5.200944088e-06,2.157572226e-06,0,2.345139592e-06,0.000424917409,1.017628983e-05,0.0004193920176,0,0.0001699775166,1.46207376e-05,0,1.277782417e-06,7.320380246e-05,0.00413649762,0,0,0,0,0,0.007694566622,0.5830318928,0.00313000218,4.981782695e-06,4.641539135e-07,0.001461928827,0,0.1484336555,0.0005498884129,0.000155797039,0.0001493445161,0.001338377828,3.419937457e-06,0,7.792970428e-05,6.97164478e-06,1.573095801e-06,0,0.001209186856,0.0008685463108
116,5.508793038e-06,0,4.413624538e-06,6.111418429e-07,0.003805778921,0.01501740236,0.0008720952319,1.258772409e-05,0,0,0,0,0,0,0,0,0,0,0,0,0,0,0,0,0,0,0,0,0,0,0,0,0,0,0,0,0,0,0,0,0,0,0,0,0,0,0,0,0,0,0,0,0,0,0,0,0,0,0,0,0,0,0,0,0,0,0,0,0,0,0,0,0,0,0,0,0,0,0,0,0,0,0,0,0,0,0,0,0,0,0,0,0,0.02050147392,0.003140175482,0.004319463857,0.00331126526,0.001867456478,0.00258010067,5.240884639e-05,0.0003454015532,0,3.792047573e-05,2.413621951e-05,0,8.808136158e-07,0,0,3.94340168e-05,0,9.848431546e-06,0,0,0,1.277782417e-06,0,6.856793334e-05,0.0004360676103,0,0,0,0,0,0.002816748805,0.5685156584,0.003741477616,0,0,0,0,0.1794645041,0.0006198549527,0.0002647929941,3.435757026e-05,0.0004613051424,2.82915571e-05,0,0,0,0,0,0.0004255931417,0.0001095982079
117,0.0009337232332,9.871127259e-05,0.0003342921555,0.0005855360068,0.03374077752,0.03219813108,0.005138974171,0.0009601157508,0.0001419774489,0,0,0.0004417419841,0.0001640650444,0.003086187877,0,0.0003817387915,0,0.0006875946419,7.324344188e-05,0.002380952472,0,0,0,0,0,0,0,0,0,0,0,0,0,0,0,0,0,0,0,0,0,0,0,0.0007779127336,0.002380952472,0,0,0,0,0.0002627194335,0.0006882457528,0,0,0,0,0,0,0,5.203112778e-06,0.002380952472,0,0.0001586368162,0.0007913844311,0.0001637043461,0,0,0,0.000176613903,0,5.863186016e-05,0,0,0,4.157948206e-05,6.257010682e-05,0,0,0,0,5.438819426e-05,0,0.0004000585177,0,0,0,0,0,0,0,0.001289121225,0,0.000313170196,0.0001557207434,0.04835344106,0.02222113311,0.02873140201,0.0185921602,0.01859549433,0.01375144627,0.002884070855,0.006948214024,0.002696392825,3.347261372e-05,1.304091984e-05,1.01242249e-05,3.245232074e-05,7.940800424e-05,3.234573887e-05,0.0009391626227,6.57135206e-06,0.0001208925678,0,8.741614874e-05,3.950803875e-05,7.320380246e-05,6.856793334e-05,0,0.003996976651,4.9540904e-05,0.0002706222876,0,0,9.326363943e-05,0.003554837313,0.6499851346,0.003322971519,1.590509601e-05,8.61729859e-05,0.0004638342361,0.0001572808687,0.1099277288,0.0002233233681,4.596175131e-05,5.840938684e-05,0.003269452835,8.277491725e-05,0,0.0002844422706,0.0001019747506,7.603465929e-05,0,0.001598549192,0.0003495285346
118,0.01892663166,0.002572501311,0.008981895633,0.009936413728,0.09403497726,0.2481379509,0.03153051063,0.02272853442,0.003761139465,0.00267299707,0.006284341682,0.01224715635,0.00353360502,0.01196292508,0.007507154252,0.007139496971,0.01573394053,0.007937015966,0.01015082654,0.009386101738,0.01197361946,0.002394208219,0.003614933928,0,0.00121732289,0.004514140543,0.002380952472,0.00305478205,0,0.0009219653439,0,0,0,0.001398611581,0,0.002380952472,0,0,0,0,0.002380952472,0,0,0.004488919396,0.0005622272147,0.001289843116,0.003085230244,0.004696934484,0.002684066538,0.00200580596,0.004053548444,0.002530269558,0,0.002380952472,0,0.000458218361,0.001808671048,0.002386881737,0.001148832729,0.005031069741,0.0008526606834,0.00221296493,0.004353081342,0.003912855871,0.0003904473851,0.000614991528,0.001660236972,0.00223239162,0.003479006235,0.00327371317,0.0004448719264,0.001272276044,0.007570586633,0.002411878668,0.00124217174,0.001643296448,0,0.00121010968,0.0003112186969,0.003376352368,0.0003608166589,0.004008655436,0.0006307139993,0.002335462486,0.005365909077,0.003703930182,0.00110927911,0.001696749823,0.002941001207,0.001387405558,0.001257217955,0.004692846444,0.003249029396,0.08602719754,0.009971707128,0.01634946652,0.006476042792,0.007884867489,0.01048995554,0.007415573578,0.005932747852,0.00492902007,0.002455318579,0.0001810787944,0.0004964612308,0.002317039762,0.0001512141898,0.0001458092884,0.01366233546,0.001869480591,0.002911766293,0.0006471204688,0.002493445529,0.0007311435766,0.00413649762,0.0004360676103,0.003996976651,0,0.0001916919573,0.0006230041618,0.0001772693504,0.001123972586,0.0004467872204,0.01419559494,0.6633384824,0.04059126973,0.002204153454,0.003718796652,0.003801009618,0.004047418013,0.1869202256,0.01632513665,0.01089392509,0.005969951395,0.009038824588,0.002899940591,0.008659193292,0.005834203213,0.0004265814496,0.003505270695,0.0004195654765,0.003798769088,0.003733736696
119,8.612966485e-05,0,1.483335927e-05,0,0.0221535787,0.02916212939,0.002380952472,0.0004213197681,0.0001038227856,0,0.0004252962535,0.0001097475106,0,0,0,0.0006649107672,0,0,0,0,0,0,0,0,0,0,0,0,0,0,0,0,0,0,0,0,0,0,0,0,0,0,0,0,0,0,0,0,0,0,0,0,0,0,0,0,0,0,0,0,0,0,0.001212642761,0,0,0,0,0,0,0,0,0,0,0,0,0,0,0,0,6.548886449e-05,0,0,0,0,0,0,0,0,0,0,0,0,0,0.06932655722,0.008970804513,0.01781381294,0.005400832277,0.009202593006,0.001487824949,0.0005719990004,0.003568928223,0.001584909274,6.019239299e-05,4.01595662e-06,1.159132694e-06,6.29570377e-06,0,0,0.000849909673,1.344989323e-05,0.0001501920196,0,0,1.943747156e-05,0,0,4.9540904e-05,0.0001916919573,0,0,0,0,0,0.000442888675,0.6595178843,0.003430753248,6.956297875e-05,4.921167601e-06,0.0008211843669,0,0.1332542449,0.0004597877269,0.0002857557556,0.0001747795031,1.407142008e-05,4.789259833e-07,0.0002934999357,1.490496015e-05,0,1.653608024e-06,0,0.0001424638322,0.0001110237936
120,1.214266103e-05,0,0,0,0.01340604573,0.00885354355,0,5.894423157e-05,0,0,0,0,0,0,0,0,0,0,0,0,0,0,0,0,0,0,0,0,0,0,0,0,0,0,0,0,0,0,0,0,0,0,0,0,0,0,0,0,0,0,0,0,0,0,0,0,0,0,0,0,0,0,0,0,0,0,0,0,0,0,0,0,0,0,0,0,0,0,0,0,0,0.0001430904958,0,0,0,0,0,0,0,0,0,0,0,0.0493561551,0.0008274234715,0,0,0,0.002380952239,1.023564346e-05,0,0,0,0,0,0,0,0,2.864591806e-05,0,7.50924155e-05,0,0,0,0,0,0.0002706222876,0.0006230041618,0,0,0,0,0,0.002380952472,0.6203174591,0.003320337273,0,0,0,0,0.1924996376,0.0005232134718,5.202350076e-05,3.926257705e-05,7.891002315e-05,3.477641144e-07,0,0,0,0,0,0,0
121,2.359555219e-05,0,7.598803222e-06,9.021900951e-06,0.1583240926,0.1072319373,0,0.0002836061176,0,0,0,0,0,0,0,0,5.463793059e-05,0,0,0,0,0,0,0,0,0,0,0,0,0,0,0,0,0,0,0,0,0,0,0,0,0,0,0,0,0,0,0,0,0,0,0,0,0,0,0,0,0,0,0,0,0,0,0,0,0,0,0,0,0,0,0,0,0,0,0,0,0,0,0,0,0,0,0,0,0,0,0,0,0,0,0,0,0.1301073879,0.001702416455,0.001286742277,0.000388528133,0.0004699101555,1.200820407e-05,0.001597109484,0.003337921575,0.0002147450577,0,0,0,0,0,0,0.001858552801,0,3.971120896e-05,0,0,0,0,0,0,0.0001772693504,0,0,0,0,0,1.018987041e-05,0.9330106974,0.005816417746,0,0,4.643020475e-06,0,0.2362295389,0.0009245490655,0.0006493120454,0.0002836133353,0.0001901417854,0,0,0,0,1.742104723e-05,0,0,0
122,8.375038306e-06,0,0,0,0.02713750675,0.005287784617,0,5.847802458e-05,0,0,0,0,0,0,0,0,0,0,0,0,0,0,0,0,0,0,0,0,0,0,0,0,0,0,0,0,0,0,0,0,0,0,0,0,0,0,0,0,0,0,0,0,0,0,0,0,0,0,0,0,0,0,0,0,0,0,0,0,0,0,0,0,0,0,0,0,0,0,0,0,0,0,0,0,0,0,0,0,0,0,0,0,0,0.08213177323,0.005805138499,0.000950159796,0.0005709154066,0,0.002380952472,0,8.647663344e-05,0.0004454341251,6.322837726e-05,0,0,0,0,0,0,0,3.249953443e-05,0,5.262703553e-07,0,0,0,0,0.001123972586,0,0,0,0,0,0,0.6976163983,0.006815867499,0,0,0.0001090134901,0,0.137839973,6.877548731e-05,0,0.0002348488051,0.0001453320874,4.917125261e-05,0,0,0,0,0,0,0
123,1.818309556e-06,0,6.025862831e-07,0,0.01675634272,0.02217897587,0,2.404711495e-06,0,0,0,0,0,0,0,0,0,0,0,0,0,0,0,0,0,0,0,0,0,0,0,0,0,0,0,0,0,0,0,0,0,0,0,0,0,0,0,0,0,0,0,0,0,0,0,0,0,0,0,0,0,0,0,0,0,0,0,0,0,0,0,0,0,0,0,0,0,0,0,5.813026655e-05,0,0,0,0,0,0,0,0,0,0,0,0,0,0.1150560081,0.001216932433,0.006709173322,0.002380952239,0,0.0002247588563,4.189398533e-05,0.0007470251294,0,0.0003956473665,0,0,0,0,0,0.0002356288751,0,0,0,0,0,0,0,9.326363943e-05,0.0004467872204,0,0,0,0,0,0.0001627169986,0.6915179491,0.003353042295,3.087172809e-05,0,9.728466466e-06,0,0.1650005579,0.000359710597,0.0004168885644,0,1.009502466e-05,0,0,8.579521091e-05,0,0,0,0,0
124,0.002450221917,6.234408647e-05,0.0001745003246,0.001326354104,0.03854132816,0.02178213745,3.095440843e-05,0.001932268962,0,0,0.0001113784238,0,0,0,0,0.0007536056219,0,0,0,0,0,0,0,0,0,0,0,0,0,0,0,0,0,0,0,0,0,0,0,0,0,0,0,0,0,0,0,0,0,0,0.001454015495,0,0,0,0,0,0,0,0,0,0,0,0.0014482158,0.0005454319762,0,0,0,0.001406616648,0,0,0,3.237600322e-05,0,0.002380952472,0.002380952472,6.338361709e-05,0,0,0,7.136309432e-05,5.227879592e-05,0.001327582868,0,0,0,0,7.39891766e-05,0.0001211314448,3.015125003e-05,6.842894072e-05,0.0006976948353,0,0.000755978981,0.08364316076,0.003292065114,0.00153847551,0.00297644455,0.001209631562,0.002540188376,0.002010443248,0.00296225748,0.002731753048,0.01603528112,0.005709875375,0.0008190345252,0.00300404476,0,5.214200428e-05,0.003553243587,0.0009167224634,0.002892520977,0,0.000463119708,0.002902646083,0.007694566622,0.002816748805,0.003554837313,0.01419559494,0.000442888675,0.002380952472,1.018987041e-05,0,0.0001627169986,0,0.8293322921,0.02689795196,0.001518386183,0.0008836670895,0.0001644025469,0.000185889774,0.5128108263,0.00857432466,0.009091483429,0.004093069118,0.0004889280535,0.0001366286888,8.477119991e-06,9.832476644e-05,0.000105922998,0.006173369475,0.002380952472,0.000274258462,4.001380148e-05
125,0.8904536366,0.8000746965,0.8728155494,0.8094476461,0.8850619197,0.96324718,0.8777970672,0.9144995213,0.7516641617,0.6311837435,0.8073595762,0.7915459275,0.8152686954,0.7677019835,0.6856549382,0.8091577888,0.8158043027,0.6014249325,0.6689720154,0.6998936534,0.698558569,0.5685954094,0.3643137515,0.2639679015,0.644719243,0.6768383384,0.4582427144,0.1610564888,0.2491963059,0.4245390296,0.3584304452,0.2679547668,0.2106808722,0.1109349504,0.2148724347,0.3285160661,0.2276255041,0.04371501878,0.0642857179,0.1901649982,0.07857143134,0.1069182083,0.02142857201,0.7655818462,0.7876187563,0.6682209373,0.7513903379,0.7985117435,0.8156763315,0.7342939377,0.7576563358,0.7402192354,0.2702543139,0.172554791,0.1863316447,0.198533833,0.339967221,0.7409304976,0.7212209105,0.6047864556,0.2968952954,0.6459691525,0.7300114036,0.7689349055,0.4350118041,0.5085496902,0.5017811656,0.5819326639,0.7236191034,0.7277607918,0.6119650006,0.573474884,0.760846138,0.5978428125,0.6840690374,0.568849802,0.3002899885,0.3827908337,0.471162945,0.7663680315,0.6972417235,0.7329800129,0.3958260715,0.6919419765,0.7084275484,0.6844759583,0.324174583,0.2636467218,0.7657887936,0.6772264838,0.539155364,0.7634165287,0.740747273,0.792383194,0.5884628296,0.6156058908,0.6586750746,0.6822497845,0.7862945795,0.5431432128,0.6786683202,0.7831767201,0.7462053299,0.6709602475,0.6296132803,0.5382564664,0.5791393518,0.7608118057,0.3419807255,0.5631556511,0.7082597613,0.510011375,0.766392529,0.7205396891,0.5830318928,0.5685156584,0.6499851346,0.6633384824,0.6595178843,0.6203174591,0.9330106974,0.6976163983,0.6915179491,0.8293322921,0,0.4442897141,0.6539013982,0.5759902,0.8402817249,0.858586967,0.8911758661,0.7665706277,0.6427158713,0.5831381679,0.782512784,0.7171065807,0.8937261105,0.8132048249,0.7985295653,0.5418912172,0.5767635703,0.9128383994,0.8692850471
126,0.04546214268,0.01020240039,0.01991044916,0.01446527429,0.08778826147,0.1222772896,0.04714680836,0.05272706226,0.01147538051,0.004339639563,0.01504225004,0.02267455496,0.01353914011,0.01384905353,0.01601620764,0.01783732139,0.02864952013,0.007142857648,0.01116157789,0.01682338119,0.009579629637,0.002894892357,0.003943464253,0,0.007364038378,0.005243684631,0.003200390842,0,0,0.002515052212,0.001675396459,0.004761904944,0,0,0.002888108604,0,0.002380952472,0,0,0,0.004761904944,0,0,0.01120429579,0.01005467493,0.009322714061,0.00602463074,0.005593386479,0.01340755075,0.01154978853,0.01082581934,0.01060131285,0.003542357357,0,0.0003307040024,0.002380952472,0.004498286173,0.01081196964,0.007020006422,0.007597910706,0.002151779598,0.009237587452,0.01017677039,0.01252720878,0.003507191315,0.004681235645,0.003969285637,0.006110309158,0.008692044765,0.006139811594,0.003682817565,0.009523809887,0.007851765491,0.005598545074,0.009188883007,0.001235762145,0.0008709290996,0,0.002446969738,0.009975324385,0.002269755816,0.01075103693,0.006022774149,0.008966216817,0.004606927279,0.00741379289,0.003036473645,0.0004610998149,0.006291768514,0.004469587468,0.005025251303,0.009367652237,0.009005613625,0.0592751354,0.01445084158,0.02311735786,0.009840672836,0.01348397788,0.02066425234,0.004543547984,0.009420081042,0.01007305458,0.007087698672,0.004170421511,0.003569092136,0.002543286653,0.002794783097,0.004636791535,0.00200967514,0.002611896256,0.007783493493,0.004124250263,0.008133620955,0.00642834371,0.00313000218,0.003741477616,0.003322971519,0.04059126973,0.003430753248,0.003320337273,0.005816417746,0.006815867499,0.003353042295,0.02689795196,0.4442897141,0,0.004409435671,0.002938968362,0.009580240585,0.01142896898,0.1559607834,0.002936685458,0.00203741109,0.00253377785,0.02876469679,0.004281258676,0.01154645067,0.01590024866,0.004499804694,0.003174321027,0.002530369442,0.01155994926,0.01038873848
127,0.0001152443147,8.717655874e-05,7.975931658e-05,9.507452341e-05,0.0115432255,0.009831886739,0,0.0002322818036,0,0,1.13147571e-05,0,0,0,0,0,0,0,0,0,0,0,0,0,0,0.000298006431,0,0,0,0,0,0,0,0,0,0,0,0,0,0,0,0,0,0,0,0,0,0,0,0,0,0,0,0,0,0,0,0,0,0,0,0,0,0.0001640419796,0,0,0,0,0,0,0,0,0,0,6.086608482e-05,0,0,0,0,0.0003591909772,0,0,0,0,0,0,0,0,0,0,0,0,2.603136636e-05,0.04582906514,0.002633861499,0.004768495448,0.00135459064,0.008017094806,0.002408772241,0.0004725481558,0.0002068980248,0.0001724915928,5.812029485e-05,9.401283751e-05,3.811439092e-05,2.649591579e-06,0,0,0.0002715704904,7.351503655e-07,5.149326512e-07,0,1.573647569e-05,5.811508572e-07,4.981782695e-06,0,1.590509601e-05,0.002204153454,6.956297875e-05,0,0,0,3.087172809e-05,0.001518386183,0.6539013982,0.004409435671,0,4.722793892e-05,2.769872481e-05,1.938788409e-05,0.1602131724,0.000346527755,0.0001028424449,6.269241567e-06,0.002620039508,3.388968616e-05,0,0.000111427551,0,5.759727173e-06,0,0.0009508560179,3.233804819e-05
128,0.0001042019139,1.472597091e-06,5.237507867e-05,1.433825946e-05,0.0269532688,0.0279109031,0.0004920353531,0.0004487244005,0,0,0,1.934405009e-05,0,0,0,0,0,0,0,0,0,0,0,0,0,0,0,0,0,0,0,0,0,0,0,0,0,0,0,0,0,0,0,0,0,0,0,0,0,0,0,0,0,0,0,0,0,0,0,0,0,0,0,0,0,0,0,0,0,0,0,0,0,0,0,0,0,0,0,0.0006506734644,0,0,0,0,0,0,0,0,0,0,0,0,0,0.04271484539,0.005606481805,0.007139798719,0.001952192863,0.008792853914,0.007513633929,0.001278799842,0.001226674533,0.0009471789817,0.0001809380192,0.0001449026313,2.30057085e-05,1.062931005e-05,0,0,0.0001784497872,0,0.0003334259964,0,0,0,4.641539135e-07,0,8.61729859e-05,0.003718796652,4.921167601e-06,0,0,0,0,0.0008836670895,0.5759902,0.002938968362,4.722793892e-05,0,0.0006624800153,0.0009430492646,0.1652211547,0.0004961281666,0.000172747139,0.0001392924169,0.000172662054,4.912236591e-07,0,1.299433279e-06,1.67538235e-06,0,0,0.0004147238506,0
129,0.0002935521479,0.0002317210892,0.0002375174081,7.999993977e-05,0.08903365582,0.04642180353,0.0002671233669,0.0003379102272,0,0,8.43038215e-05,0.0001141449247,3.629671119e-05,0,0,1.806502405e-05,0,0,0,0,0,0,0,0,0,0,0,0,0,0,0,0,0,0,0,0,0,0,0,0,0,0,0,0,0,0,0,0,3.533655672e-06,0,0,0,0,0,0,0,0,0.0001147332805,0,0,0,0,2.270313871e-06,2.433993586e-06,0,0,0,0,0,0,0,0,0,0,0,0,0,0,0,0,0,2.074551958e-06,0,0,0,0,0,0,0,0,0,0,1.80836355e-06,0.1105840728,0.001504573273,0.0009026910411,0.0004807251098,0.000646859582,4.840963084e-05,0.0002974802046,6.03321605e-05,1.38694104e-05,0.0002943913569,4.49631807e-05,0.003025718266,0.0007941942313,0,0,0.0006541169132,0.0005842980463,2.699689958e-06,0,1.981543846e-06,0.0001082802701,0.001461928827,0,0.0004638342361,0.003801009618,0.0008211843669,0,4.643020475e-06,0.0001090134901,9.728466466e-06,0.0001644025469,0.8402817249,0.009580240585,2.769872481e-05,0.0006624800153,0,0,0.1848455369,0.002675533993,0.0008369207499,0.000128842803,0.002569851,0.0005720484769,8.179606084e-05,0.00156829902,2.29207526e-05,0.0006402375875,0,2.615309086e-06,1.845681027e-06
130,0.0001093906758,0,0.0001299561991,3.602412835e-05,0.07168082148,0.04470329732,0,0.0004237028188,0,0.0003583279613,0,0,0,0,0,0,0,0,0,0,0,0,0,0,0,0,0,0,0,0,0,0,0,0,0,0,0,0,0,0,0,0,0,0,0,0,0,0,0,0,0,2.828921424e-05,0,0,0,0,0,0,0,0,0,0,2.074606346e-05,2.52487207e-05,0,0,0,0,0,0,0,0,0,0,0,0,0,0,0,0,0,0,0,0,0,0,0,0,0,0,0,0,0,0.1184166819,0.005000940058,0.001258776058,0.001514297328,0.001114950865,8.442036051e-05,0.00347484136,0.0008678347804,0.0001772442047,0.000154986963,0,1.923685886e-05,2.260055226e-05,0,0,0.002598483115,0,5.61915158e-06,0,0,0,0,0,0.0001572808687,0.004047418013,0,0,0,0,0,0.000185889774,0.858586967,0.01142896898,1.938788409e-05,0.0009430492646,0,0,0.2186616957,0.001560782199,0.001916762092,0.0008206007187,0.002422184218,8.380273357e-05,0,8.541935676e-05,0,0.000288041163,0,3.919263634e-07,2.471419123e-07
131,0.4651524723,0.3132248521,0.3462300301,0.3539289832,0.6275979877,0.6918467283,0.5586192608,0.4622454643,0.2287174314,0.2017215043,0.2878345549,0.3634008169,0.2837251127,0.3434945345,0.2571196556,0.336258769,0.4234685302,0.2392850369,0.2877999842,0.3085408211,0.3126575053,0.2553894222,0.1328280866,0.09060546756,0.2626941502,0.2714831233,0.1858629137,0.09016329795,0.09878943115,0.1964349151,0.144531846,0.08985707164,0.05003451556,0.03333333507,0.06798452139,0.1051362678,0.0918738693,0.006519572344,0.005619025324,0.06254504621,0.01604999974,0.03466502577,0,0.2713220417,0.2583770752,0.2527246773,0.2408088446,0.2447888404,0.2543481588,0.2512325943,0.2455549091,0.2225276679,0.1235253364,0.05321826786,0.0713712126,0.09330395609,0.1213654429,0.157409817,0.128007561,0.2083611488,0.08012476563,0.2054172009,0.2554836273,0.2065147161,0.1483337581,0.1900550872,0.1361085624,0.1411431283,0.2405399084,0.1486975849,0.1806977838,0.2810606062,0.2950123549,0.1637633741,0.2371302396,0.2079619169,0.09679987282,0.1253671944,0.1572860479,0.2086355388,0.2039018571,0.246216014,0.1354625225,0.2319675386,0.2301850617,0.2068499625,0.1318979263,0.09600243717,0.300691247,0.1937331706,0.1730476022,0.2297472358,0.2423965037,0.5157182217,0.3254775405,0.4365706444,0.2195958495,0.2558747232,0.3478401005,0.2089890987,0.1762184203,0.1831304133,0.03653428331,0.06390570104,0.1127311289,0.1674819887,0.1894467324,0.1572338641,0.3303399384,0.1428242177,0.1574255079,0.1576332897,0.1614321321,0.1318575442,0.1484336555,0.1794645041,0.1099277288,0.1869202256,0.1332542449,0.1924996376,0.2362295389,0.137839973,0.1650005579,0.5128108263,0.8911758661,0.1559607834,0.1602131724,0.1652211547,0.1848455369,0.2186616957,0,0.05013575405,0.09100627154,0.1549050957,0.4623728991,0.1978469491,0.4068691134,0.3988164067,0.1939529926,0.1971057951,0.1693028808,0.2069682032,0.2108190358
132,0.013296647,0.0004863605427,0.005743437447,0.003915509675,0.08405593038,0.08514973521,0.01498091873,0.0136936307,0.0007667508908,0,0.00258247857,0.006177155301,0.001196574885,0.002856561216,0.00324748992,0.002211343963,0.007375066169,0,0.004761904944,0,0,0,0,0.002380952239,0,0,0,0,0,0,0,0,0,0,0,0.002380952472,0,0,0,0,0,0,0,0.0004516905756,0,0.0004279568675,0,0.0001627198362,0.0004473442386,0.0009650844731,0.001247531734,0.002726812614,0,0,0,0.002380952472,0,0.0003474069526,0.0001959719666,0.002380952472,0,9.682209929e-05,0.001595946378,0.001343111624,0,0,0,0.0006233404856,0.001675137668,0.0006806557649,0.00071560574,0,0.0001959198125,0.0005433316692,0.001379575348,0.002992125694,0,0,0,0.0006611237186,0.0002462270204,0.002918164711,0.001011651126,0.00310031441,0.0004934967728,0.0003429628559,0.002380952472,0,0,0.0007616124349,0,0.001486931578,0.002340984531,0.08334793895,0.01446356811,0.02894514799,0.005921010394,0.007560706232,0.01294669695,0.002655405784,0.00256879651,0.002527187578,0.0001976511412,0.0003195490863,0.0002760436037,0.000422547193,0.0007908875123,9.47423905e-05,0.003462651046,0.00031842108,0.001111999503,0,0.001435780898,0.0009999764152,0.0005498884129,0.0006198549527,0.0002233233681,0.01632513665,0.0004597877269,0.0005232134718,0.0009245490655,6.877548731e-05,0.000359710597,0.00857432466,0.7665706277,0.002936685458,0.000346527755,0.0004961281666,0.002675533993,0.001560782199,0.05013575405,0,6.408647459e-05,0.0002974213276,0.0101216184,0.0008604717441,0.001230287016,0.004858239088,0.0004728398926,0.0009784533177,0.0006385359447,0.002756297123,0.001315878471
133,0.005691646133,0.0001303308673,0.002147956518,0.0014945406,0.04874794185,0.04441273212,0.02108062245,0.00655556377,0.002664984204,0,0.0009295737837,0.003581740428,0,0,0.002380952239,0.001652317354,0.004004968796,0,0.002380952472,0,0,0.001069798134,0,0,0,0,0,0,0,0,0,0,0,0,0,0,0,0,0,0,0,0,0,0,0,0,0,0.002380952472,0,0,0.002998387907,0.0008203211473,0,0,0,0,0,0.0001073093081,4.078189886e-05,0,0,0,0.001046264661,0.001190872048,0,0,0,0,0.0004257040564,0,0,0,0.0009689638391,0,0,0.0006334097707,0,0,0,0.001460690866,0,0.0009075240814,0,0,0,0.002380952472,0,0,0,0,0,0.002380952472,0.001071571605,0.06942482293,0.01783195138,0.02868515067,0.007484279107,0.009394944645,0.0193165075,8.625415649e-05,0.003160708351,0.004381659441,8.955660451e-05,0.0003113066196,0.0001475480967,8.287636592e-05,0.0001487430127,0.0002845931449,0.0002147830528,0.0002190201631,0.0007114894688,0,0.003014582442,0.000258605869,0.000155797039,0.0002647929941,4.596175131e-05,0.01089392509,0.0002857557556,5.202350076e-05,0.0006493120454,0,0.0004168885644,0.009091483429,0.6427158713,0.00203741109,0.0001028424449,0.000172747139,0.0008369207499,0.001916762092,0.09100627154,6.408647459e-05,0,1.899349263e-05,0.005994637962,0.0002715723531,0.001321707619,0.001662348164,0.0008106667083,0.0003060221497,0.0001159982276,0.004381134175,0.004825861193
134,0.0007442085771,0.000348554895,0.0004252105427,0.0003372007632,0.019230593,0.02125315554,0.008130769245,0.0007347855717,6.420840509e-05,0,0.0004935476463,0.001538519864,8.869506564e-05,0.001155095757,0.003556618467,0.0003989084216,0.0002008133451,0,0,0,0,0,0,0,0,0,0,0,0,0,0,0,0,0,0,0,0,0,0,0,0,0,0,0,0.002931794152,0,0,0,0.000174126646,0,3.4173514e-05,0.0001019841438,0,0,0,0,0,0,4.310289296e-05,0,0,0.0003005389299,0.0001086716875,0.000274510734,0,0,0,6.630141434e-05,3.046505117e-05,0.0004259401758,0,0.0007301152218,0,0,1.58375351e-05,0.001195779885,0,0,0,0.0002295853192,0,0.0002676996228,0,0,0,0,0,0,0.001223152038,0,0,3.723096233e-05,0.000356090779,0.03013147973,0.005396973807,0.009551923722,0.004628610797,0.007846043445,0.006966495421,3.52688221e-05,0.0003513589909,0.0007820905303,0.0003304274578,0.0001841458434,0.0001755481353,8.723571227e-05,1.475714816e-05,6.876423868e-05,0.0001086839766,4.980198719e-05,1.500848884e-05,0,0.0001146947907,2.662119005e-05,0.0001493445161,3.435757026e-05,5.840938684e-05,0.005969951395,0.0001747795031,3.926257705e-05,0.0002836133353,0.0002348488051,0,0.004093069118,0.5831381679,0.00253377785,6.269241567e-06,0.0001392924169,0.000128842803,0.0008206007187,0.1549050957,0.0002974213276,1.899349263e-05,0,0.006288263481,0.0003981229675,0.0009450744838,0.001320153358,2.259390203e-05,4.517376874e-05,4.889553747e-05,0.0007469097618,0.0006571426638
135,0.001961582806,0.0001263439917,0.0003417544067,0.001049959217,0.02793065831,0.125715822,0.0006547605735,0.007422793657,0.000371582224,0.0001354876294,0.001476350939,0.006648963317,0.001776763704,0.003137031104,0.002380952472,0.002829008037,0,0,0.001036919537,0,0.002722044243,0,0,0,0.0004343503388,0.002380952472,0,0,0,0,0.0004146535939,0,0,0,0,0.002380952472,0,0,0,0,0,0,0,0.003464580514,0,0,0.002532334765,0.0002542133443,0.002487487625,0,0.003672120627,0.001217760378,0,0,0,0,0,0.002380952472,0.003338376991,0,0,0.002380952472,0.002515091561,0.002831693506,0,0,0,0.001368548721,0.000629602524,0,0.0009187860996,0.0002986317559,0,0,0.0007308713393,0.0002478531096,0,4.784172052e-05,0,0.002732999623,0,0.002007208765,0,0,0,0.0001281303557,0.0001571518223,0.0002657766163,0.0001398669847,1.999525739e-05,0,0,0.00120444526,0.05191855505,0.003999018576,0.003635743167,0.005450008437,0.003683636896,0.004313946702,0.004558682442,0.007257306948,0.007942040451,0.008703207597,0.0007070011343,0.0006131088012,0.003040136071,0.0001741250744,2.354570097e-05,0.005668817088,0.001771434909,0.004622259643,0,0.001612599008,0.003719486063,0.001338377828,0.0004613051424,0.003269452835,0.009038824588,1.407142008e-05,7.891002315e-05,0.0001901417854,0.0001453320874,1.009502466e-05,0.0004889280535,0.782512784,0.02876469679,0.002620039508,0.000172662054,0.002569851,0.002422184218,0.4623728991,0.0101216184,0.005994637962,0.006288263481,0,9.924159531e-05,0.0002389879664,0.0002375618351,4.18779855e-05,0.001068304642,0.0001244047744,0.004398842342,0.0005496431259
136,8.394076576e-05,1.231966735e-06,1.391010028e-05,3.182305591e-05,0.01611293294,0.04404273257,9.228720592e-05,0.0004337563296,2.059125836e-05,0,0,0,0,0,0,0,3.608262705e-05,0,0,0,0,0,0,0,0.0008806623518,0,0,0,0,0,0,0,0,0,0,0,0,0,0,0,0,0,0,0,0,0,0,0,0,0,0.0009621942881,0,0,0,0,0,0,0,0,0,0,0,0.0001810265094,0.0002507540048,0,0,0,0,0,0,0,0,0,0,0.002380952472,0,0,0,0,0.000232016173,0,0.000154437017,0,0,0,0.0008186917403,0,0,0,1.284244263e-06,0,0,0,0.04828527197,0.004716536961,0.003479016479,0.00404424686,0.003419141751,0.002937684534,0.001070315484,0.00268372451,0.001538000535,0.0002036949591,3.587765241e-05,1.593551497e-05,0.0001423448703,6.65075595e-06,0,0.0005914646317,3.218240818e-05,0.0004486225662,0,0.0002033050405,2.104699888e-05,3.419937457e-06,2.82915571e-05,8.277491725e-05,0.002899940591,4.789259833e-07,3.477641144e-07,0,4.917125261e-05,0,0.0001366286888,0.7171065807,0.004281258676,3.388968616e-05,4.912236591e-07,0.0005720484769,8.380273357e-05,0.1978469491,0.0008604717441,0.0002715723531,0.0003981229675,9.924159531e-05,0,3.322741122e-06,3.841482794e-06,1.910149649e-06,8.452419934e-06,0,0.0005090680788,5.509059702e-05
137,0.0002156332921,0,5.844159205e-06,0.0002331444848,0.1433892399,0.05933624506,1.281499408e-06,0.001510910923,0,0,0,0,0,0,0,0,0,0,0,0,0,0,0,0,0,0,0,0,0,0,0,0,0,0,0,0,0,0,0,0,0,0,0,0,0,0,0,0,0,0,0,0,0,0,0,0,0,0,0,0,0,0,0,0,0,0,0,0,0,0,0,0,0,0,0,0,0,0,0,0,0,0,0,0,0,0,0,0,0,0,0,0,0,0.1222620606,0.001730890712,0.001009734115,0.0008049969329,0.0002833457838,0.0001051178479,0.003874073504,0.001410011901,0.0007458230248,0.00224189763,0,0,0,0,0,0.003865781939,0,0.0002383505926,0,0,0,0,0,0,0.008659193292,0.0002934999357,0,0,0,0,8.477119991e-06,0.8937261105,0.01154645067,0,0,8.179606084e-05,0,0.4068691134,0.001230287016,0.001321707619,0.0009450744838,0.0002389879664,3.322741122e-06,0,3.086921652e-06,1.788006472e-07,0.0005036161747,0,8.272859304e-06,0
138,0.0001025638194,3.712754278e-06,1.363510546e-05,7.017932512e-05,0.02365025505,0.03849763051,0,0.0005758377374,7.57897069e-05,0,5.1282409e-06,1.508526293e-05,0.0002467668382,0.0008913665079,0.0002682111517,0,0,0,0,0,0,0,0,0,0,0,0,0,0,0,0,0,0,0,0,0,0,0,0,0,0,0,0,0,0,0,0,0,0,0,0,0,0,0,0,0,0,0,0,0,0,0,0,0.001111749443,0,0,0,0,0,0,0,2.64121627e-06,0,0,0,0,0,0,0,0.002027725102,0,0.0006832682993,0,0,0,0,0,0,0,0,0,0,0,0.07955689728,0.001223984291,0.0008856825298,0.001385978307,0.0008536516689,0.001059964881,0.001294280868,0.002915870631,0.0006886689807,0.002127997344,0.0004926720867,0.0008798628114,0.0008739873883,0,0,0.00152759382,0,0.0004214452929,0,0,0.0008063978166,7.792970428e-05,0,0.0002844422706,0.005834203213,1.490496015e-05,0,0,0,8.579521091e-05,9.832476644e-05,0.8132048249,0.01590024866,0.000111427551,1.299433279e-06,0.00156829902,8.541935676e-05,0.3988164067,0.004858239088,0.001662348164,0.001320153358,0.0002375618351,3.841482794e-06,3.086921652e-06,0,0,2.326042022e-06,0,4.150157474e-05,4.987933426e-05
139,6.975197266e-06,3.924161547e-07,4.783888471e-06,1.835392709e-06,0.05865760148,0.03244012594,0,6.438619312e-05,0,0,0,0,0,0,0,1.264098955e-05,0,0,0,0,0,0,0,0,0,0,0,0,0,0,0,0,0,0,0,0,0,0,0,0,0,0,0,0,0,0,0,0,0,0,0,0,0,0,0,0,0,0,0,0,0,0,0,2.391852649e-05,0,0,0,0,0,0,0,0,0,0,0,0,0,0,0,0,0,0,0,0,0,0,0,0,0,0,0,0,0,0.1197470576,0.003506251611,0.001980964094,5.201546446e-05,0.001431532088,4.723491293e-05,0.0007344150217,0.00290375785,0.0005323193618,0.0003282135876,0,0,0,0,5.625131053e-06,0.0005435012281,0.0001607919985,0.0004850143741,0,7.080730938e-06,0,6.97164478e-06,0,0.0001019747506,0.0004265814496,0,0,0,0,0,0.000105922998,0.7985295653,0.004499804694,0,1.67538235e-06,2.29207526e-05,0,0.1939529926,0.0004728398926,0.0008106667083,2.259390203e-05,4.18779855e-05,1.910149649e-06,1.788006472e-07,0,0,0,0,0,0
140,0.0001006691236,0,2.744355879e-05,5.270976908e-05,0.01663787849,0.02189572528,0,0.0003638487542,0,0,1.644744407e-05,0,0,0,0,0,1.97947702e-05,0,0.0004117804347,0,0,0,0,0,0,0.0003044753394,0,0,0,0,0,0,0,0,0,0,0,0,0,0,0,0,0,0,0,0,0,0,0,0,0,0,0,0,0,0,0,0,0,0,0,0,0,0,0,0,0,0,0,0,0,0,0,0,0,0,0,0,0,0.0001999768137,0,0,0,0,0,0,0,0,0,0,0,0,0.0004103675892,0.02453942783,0.005411687773,0.009729263373,0.002582010347,0.01022015791,0.009875463322,0.0004112531897,0.001870195963,0.0002027282899,0.0004078758357,0.0001262025035,3.591781933e-05,0,1.311759547e-06,0,0.0001153983103,0,5.727256939e-05,0,4.136502685e-05,0,1.573095801e-06,0,7.603465929e-05,0.003505270695,1.653608024e-06,0,1.742104723e-05,0,0,0.006173369475,0.5418912172,0.003174321027,5.759727173e-06,0,0.0006402375875,0.000288041163,0.1971057951,0.0009784533177,0.0003060221497,4.517376874e-05,0.001068304642,8.452419934e-06,0.0005036161747,2.326042022e-06,0,0,0,0.0002918750397,0
141,2.380723799e-06,8.569420061e-06,9.130936633e-06,0,0.01234553009,0.002088152338,0,1.130383862e-05,0,0,0,0,0,0,0.0009462122107,0,0,0,0,0,0,0,0,0,0,0,0,0,0,0,0,0,0,0,0,0,0,0,0,0,0,0,0,0,0,0,0,0,0,0,0,0,0,0,0,0,0,0,0,0,0,0,0,0,0,0,0,0,0,0,0,0,0,0,0,0,0,0,0,0.0001767721842,0,0,0,0,0,0,0,0,0,0,0,0,0,0.03929103911,0,0.001493490767,0.000603258959,0.0004523975658,0,0,0.0005154942628,0,0.0001690279896,0,0,0.0001371910912,0,0,0.0001154371421,0,0,0,0,0,0,0,0,0.0004195654765,0,0,0,0,0,0.002380952472,0.5767635703,0.002530369442,0,0,0,0,0.1693028808,0.0006385359447,0.0001159982276,4.889553747e-05,0.0001244047744,0,0,0,0,0,0,0,0
142,0.0007383893826,0.000112238049,0.0002901373082,7.076166366e-05,0.1354061365,0.1330464333,0.0003718409571,0.001933058142,3.489574374e-05,0,0.0001110650483,0.0006537223235,5.940641859e-05,0,0,0.0002099343401,0.001034099143,0,0,0,0,0,0,0,0,0.0002003454574,0,0,0,0,0,0,0,0,0,0,0,0,0,0,0,0,0,8.025856368e-05,0,0,0,0,6.555597793e-06,0,6.508872957e-06,0,0,0,0,0,0,0,0,0,0,0,1.48967556e-05,0.0002413992624,0,0,0,0,0,0,0,0,0,0,2.72681591e-05,0,0,0,0,0,0,4.453307611e-06,0,0,0,0,0,0,0,0,0,7.549814472e-05,1.84081382e-05,0.09685208648,0.0006684949039,0.0002683723869,0.0001728080242,0.0001175669386,1.779723607e-05,0.001474716584,4.582880138e-05,1.041856831e-05,0.0002709182736,0.0002155617985,0.003226788947,0.002380952472,0.002969006775,3.136401938e-05,0.002099461388,0.0009024315514,2.192436477e-05,0,9.135526489e-05,0,0.001209186856,0.0004255931417,0.001598549192,0.003798769088,0.0001424638322,0,0,0,0,0.000274258462,0.9128383994,0.01155994926,0.0009508560179,0.0004147238506,2.615309086e-06,3.919263634e-07,0.2069682032,0.002756297123,0.004381134175,0.0007469097618,0.004398842342,0.0005090680788,8.272859304e-06,4.150157474e-05,0,0.0002918750397,0,0,5.548066042e-07
143,0.0002142953454,1.735568731e-05,0.0001932455052,0.0001121066744,0.09257493168,0.05737959594,2.570143442e-05,0.0003041659947,0,5.000436795e-05,0,0.0001243237348,0,0.00121817179,0,9.975964531e-06,0,0,0,0,0,0,0,0,0,0,0,0,0,0,0,0,0,0,0,0,0,0,0,0,0,0,0,0,0,0,0,0,0,0,0,0,0,0,0,0,0,0,0,0,0,0,8.490039363e-06,1.662572572e-06,0,0,0,0,0,0,0,0,0,0,0,0,0,0,0,0,0,4.401541901e-06,0,0,0,0,0,0,0,0,0,0,1.160845386e-06,0.1106236652,0.002676466247,0.00169170252,0.003910623025,0.0009003614541,6.514006236e-05,0.001146229217,0.0003735736245,4.703452214e-05,0.0001942898671,8.454755152e-05,0,0.0003929670493,0,0,0.00226087356,0,3.517168807e-05,0,9.047446952e-07,0,0.0008685463108,0.0001095982079,0.0003495285346,0.003733736696,0.0001110237936,0,0,0,0,4.001380148e-05,0.8692850471,0.01038873848,3.233804819e-05,0,1.845681027e-06,2.471419123e-07,0.2108190358,0.001315878471,0.004825861193,0.0006571426638,0.0005496431259,5.509059702e-05,0,4.987933426e-05,0,0,0,5.548066042e-07,0
