ROI_ID,1,2,3,4,5,6,7,8,9,10,11,12,13,14,15,16,17,18,19,20,21,22,23,24,25,26,27,28,29,30,31,32,33,34,35,36,37,38,39,40,41,42,43,44,45,46,47,48,49,50,51,52,53,54,55,56,57,58,59,60,61,62,63,64,65,66,67,68,69,70,71,72,73,74,75,76,77,78,79,80,81,82,83,84,85,86,87,88,89,90,91,92,93,94,95,96,97,98,99,100,101,102,103,104,105,106,107,108,109,110,111,112,113,114,115,116,117,118,119,120,121,122,123,124,125,126,127,128,129,130,131,132,133,134,135,136,137,138,139,140,141,142,143
1,0,7.597029708e-06,0.0003724565031,0.0001052580265,0.006578010507,0.03116831928,0.0003534613352,0.0001838110766,0.0001931161241,4.206453377e-05,0.0005476072547,0.0005678239395,0.0003491728567,0.002347683534,0.004095408134,0.0002838300716,2.02579522e-05,0,8.364975656e-05,7.391732652e-05,2.04752414e-05,8.050828001e-06,8.617393178e-06,0,4.211232954e-05,5.005163985e-06,2.152652633e-05,0,0,9.249550203e-06,0,0,8.714008436e-05,0,0,0,0,0,0,0,0,0,0,0.0004943609238,0.0002623634646,0.0001291751541,0.0002342346561,0.0006609723205,0.0006592444261,0.000331276271,0.0003329069586,0.0001256466348,0,0,0,0,4.108144276e-05,0.0002696511801,5.670336577e-06,0.001081137802,0.0005285738152,0.0002014318889,0.0005347856786,0.0003633590823,0,9.318427146e-06,0.0002250239631,5.350552965e-05,0.0003564349608,0.0001347867656,1.903891098e-05,7.48164166e-05,0.0008747664397,0.0001494929747,0.0002142841986,0,0,5.552488801e-06,0,0.0002523135045,2.422578518e-06,0.0005933200009,0.0002912293712,0.0004754455877,0.0003554956056,0.0003368213074,0,0,0,2.137026968e-06,0,0.0004600599641,0.0004146849387,0.1357963681,0.004454039503,0.01042102091,0.001188320923,0.001486634836,0.004046110902,0.002835251158,0.0008330619894,0.0007974458276,0.003470657859,0.0009699381771,0.0004853586433,0.0002877838269,2.222095827e-05,6.039977961e-06,0.0173900947,0.0003174751182,0.0003062856558,6.070096788e-05,0.0001571088069,4.373442061e-05,0.0008595451945,1.556505595e-05,0.002547595883,0.01623808593,0.000286037277,1.417857584e-05,2.746048995e-05,1.457990129e-05,5.125112693e-06,0.00442947261,0.9360499382,0.1030598357,0.0002406583517,0.0002906110021,0.0006340662367,0.0002731482964,0.4270744622,0.02120780945,0.01412097644,0.001948429388,0.003366115969,0.0001768953225,0.0004157729563,0.0001843460195,1.173530927e-05,0.0003039730946,1.744865585e-05,0.00106587843,0.000442916411
2,7.597029708e-06,0,2.570116294e-06,4.267331235e-07,0.002194580855,0.009898831137,1.184628036e-05,1.308227638e-05,2.196655623e-05,0,1.388892088e-05,0,0,0,0,0,0,0,0,0,0,0,0,0,2.080087688e-05,0,0,0,0,0,0,0,0,0,0,0,0,0,0,0,0,0,0,0,0,0,0,0,0.0002383288811,0,0,0,0,0,0,0,0,0,0,0,0,0,0.0007990118465,0.0001556914212,0,0,0,0,9.180611232e-05,0,0,0,0.0004509973223,0,0.0003116186417,0,0,0,0,2.508860962e-05,0,0.0002316062455,0,0,0,0,0,0,0,0,0,0,0.000175355759,0.09236919135,0.003890931839,0.00567228999,0.001815266791,0.002744230209,0.002451156266,0.001221460872,0.0006034326507,0.001253485912,0.00102441269,4.997701035e-05,9.816508282e-06,1.634674481e-05,0,0,0.002903327812,8.9885536e-05,7.948339044e-05,0,0.0001564191916,3.589171001e-06,4.72146121e-06,1.919437864e-06,0.0001309703948,0.001974530751,0,0,0,0,0,3.487569847e-05,0.8287334442,0.01689554192,0,2.716386234e-06,0.0005397447385,4.429462206e-05,0.2869206071,0.001960512018,0.001395293977,0.0006540527684,8.701322076e-05,2.182164508e-06,0,2.236812406e-06,3.924161547e-07,0,9.98383166e-06,0.0001467343973,5.143027738e-05
3,0.0003724565031,2.570116294e-06,0,2.492971907e-05,0.03706783056,0.02057704143,2.882021727e-05,0.0004716975964,0.000169755469,1.622345735e-05,0.0002492364147,6.745344581e-05,0.0002380287769,0.0003695354098,0.0001957612985,0.0002938115213,8.003165567e-05,0.0001017924078,0,0,0,0,0,0,0,0,0,0,0,0,0,0,0,0,0,0,0,0,0,0,0,0,0,0.0009008828201,0,3.476869097e-05,9.981387848e-05,0.0003977495362,0.0003575981827,0,0.0003970651305,0.0005439463421,0,0,0,0,0,0.000127391555,0,3.734498023e-05,0.0001041460127,0,0.0005300998455,0.0003330935724,0,1.756039092e-05,8.388060087e-05,0.0001942600793,0.0002285070077,8.825657278e-05,1.405991588e-05,1.823107777e-05,5.672598945e-06,0.0004951275187,0.0004231984203,0,0,0,0,0.0002739166375,0,0.000319441664,0,0.0001722226734,0.0001393302955,0.0002912281197,0.0001604332501,0,8.911131772e-06,2.038367256e-06,0,0.000605577603,0.0003843743762,0.1000114232,0.002779466566,0.006319826003,0.0008683903143,0.0009966227226,0.002884119283,0.001481138286,0.0006623340305,0.0004812147527,0.0006526121288,3.721382018e-05,4.866361996e-05,8.092400822e-05,5.426683401e-06,2.129241011e-06,0.006459648721,0.0001562552789,0.0002239253809,5.370078725e-06,0.0001238842087,2.717016469e-05,0.000214217449,7.5728517e-06,0.0006670921575,0.006768387742,3.657398338e-05,0,1.002544286e-05,4.335322228e-05,3.697980446e-06,0.0001048122649,0.8873304725,0.04011117667,0.0001369133533,0.0001158140876,0.0004096269549,0.0002139021672,0.3105525076,0.008437555283,0.003574952949,0.0008656859281,0.0003418412816,2.364592001e-05,1.065225752e-05,2.151612898e-05,8.194347174e-06,7.331425149e-05,9.130936633e-06,0.0004533830797,0.0002949328336
4,0.0001052580265,4.267331235e-07,2.492971907e-05,0,0.005540911574,0.007676413748,0.0002570674405,3.436362022e-05,6.779057003e-05,0,3.079690578e-05,2.653546107e-05,0,0.0003537342709,0,6.970282993e-05,4.055418685e-06,0,0,0,0,0,0,0,0,0,0,0,0,0,0,0,0,0,0,0,0,0,0,0,0,0,0,0,0,0,0.002732540481,0,0.0002179842122,0,0.0005860737874,0.0002704223734,0,0,0,0,0,0.000127729727,0,0.002380952239,0,0.001256109448,0.001030761166,0.0004455322924,0,0,0,0.0001419079053,0,0,0,0,0,0.0004162465048,0.002528854646,0,0,0,0,0.0002023436391,0,0.0008530503837,0,0,0.0001086255579,0,0.002380952472,0,0,2.834144834e-05,0,0,0.001185054192,0.08492974192,0.009219718166,0.02752806991,0.006009234581,0.008829540573,0.01007698197,0.003473186633,0.001065699616,0.00109554315,0.0006628184929,0.000230700316,6.263878458e-05,5.03459778e-05,0,0,0.00847675465,2.906425107e-05,0.0002792454616,0,0.0001494820754,1.609245192e-05,0.0001603814162,0,0.0009297425277,0.0105527034,9.260846127e-06,0,9.021900951e-06,0,4.622762901e-07,0.001923407894,0.844083488,0.03461922333,0.000153776622,3.793789801e-05,0.0005082566058,0.0007552772295,0.3316723406,0.007918646559,0.004061003216,0.0009467487689,0.001253191265,4.486064427e-05,0.0003764158464,8.268467354e-05,6.670067251e-06,0.000100760677,0,0.0002364054235,0.0004684649175
5,0.006578010507,0.002194580855,0.03706783056,0.005540911574,0,0.2192528248,0.0659596324,0.00626782421,0.01258285996,0.01432068367,0.01212848723,0.01820684783,0.02035925724,0.0196219217,0.0191180706,0.01408273913,0.01475052536,0.001485351357,0.002641160274,0.004934653174,0.003990447149,0.006137603894,0,0.003238900099,0.004015821498,0.001863568556,0.001080684946,0.0006887671771,0.001198730315,0.0008340784698,0.002029543277,0.001104623661,0.002380952472,0.002380952472,0.0002175828849,0.002185676014,0.001764322515,0,0,0.002380952472,0,0,0,0.02127231658,0.01800227538,0.0206468869,0.02479298785,0.02332144789,0.0230017174,0.02066049352,0.02339067124,0.007750407793,0.006750636268,0.002837430919,0.00176735362,0.00100230833,0.004034443758,0.005111241713,0.016225826,0.01071443129,0.004123476334,0.004279465415,0.01117228251,0.008319644257,0.01343981177,0.007515151519,0.00364465476,0.004434297793,0.01000270806,0.01281732041,0.01000226941,0.02013201639,0.02029693313,0.001947004814,0.007849558257,0.02046811767,0.01195036992,0.01818743907,0.01268308982,0.01738889329,0.03683725372,0.01242101472,0.005108295009,0.01005371101,0.01002628356,0.00611085631,0.01002766751,0.004662349354,0.04148808494,0.02984861843,0.02345873974,0.02717869356,0.0127956057,0.3943198919,0.0454727374,0.05200659484,0.03828622401,0.03714806959,0.06514777988,0.06797019392,0.05485812947,0.07354206592,0.1078064069,0.05515072867,0.03888676688,0.02700672485,0.002774236025,0.002184381941,0.1332217157,0.03256064653,0.03410032764,0.01537088305,0.0199501887,0.006693664938,0.05256991088,0.006233461201,0.07006582618,0.1042487472,0.04363320768,0.01431431528,0.1889022291,0.03134340048,0.02062367089,0.05493795872,0.9354879856,0.202636078,0.01632093638,0.06180199981,0.107330896,0.08605158329,0.6103909612,0.1427478045,0.1253793091,0.04271280766,0.04968835786,0.03853359818,0.1704625636,0.03493881226,0.07186374068,0.04156251624,0.02060396224,0.16323632,0.1101487353
6,0.03116831928,0.009898831137,0.02057704143,0.007676413748,0.2192528248,0,0.007209299132,0.01017192006,0.01870194636,0.002476195572,0.01076936908,0.005606004968,0.0358290486,0.005272634793,0.003410648322,0.005241896026,0.006238134578,0.001339337556,0.01024667267,0.008923898451,0.006181031466,0.003004899016,0.00331764482,0.002987025771,0.0087455865,0.004501718562,0.002380952472,0.002380952472,0,0.009339484386,0.0004340203304,0.00347356149,0,0,0,0.002380952472,0.002380952472,0,0,0,0,0,0,0.0237245243,0.02449462377,0.009858922102,0.01810690016,0.0263810344,0.05116661265,0.02011938766,0.04489547759,0.02260497585,0.003897606861,0.002380952472,0,0,0,0.007196251303,0.01172790769,0.009041748941,0.004761904944,0.01177740004,0.02371278591,0.0258477442,0.004179385491,0.008962282911,0.005854509771,0.007771075238,0.02001494914,0.01781814918,0.01605229266,0.0002046078298,0.008082542568,0.01137092989,0.02286805585,0.0036762245,0.002380952239,0,0.0009316532523,0.02191097848,0.01548789255,0.0265136119,0.01154865511,0.002124790102,0.005199851934,0.00750077609,0.002380952239,0.002380952472,0.01384515595,0.01873172261,0.004094365053,0.04670366272,0.0213526357,0.4772535861,0.06658245623,0.11799898,0.03194203973,0.04308419675,0.1437567472,0.06166930497,0.03543771058,0.05091773346,0.08756632358,0.03410996869,0.0711857155,0.09130100161,0.017238006,0.007997008972,0.1786708236,0.04557096586,0.027770916,0.01495802123,0.02575731836,0.01902484894,0.1023746803,0.0395854041,0.08586928993,0.265804261,0.06190463528,0.01204239391,0.1187880263,0.01004968956,0.03105382808,0.03663049638,0.9868069887,0.3073323965,0.02857719548,0.08505901694,0.06567086279,0.05924011767,0.6902627349,0.1514946818,0.1227225363,0.0641721487,0.1610070467,0.08652286232,0.07217420638,0.04870986566,0.0469423905,0.07888358831,0.01194203831,0.1562383622,0.07449831069
7,0.0003534613352,1.184628036e-05,2.882021727e-05,0.0002570674405,0.0659596324,0.007209299132,0,0.0002009448071,0,0,0.0001501898369,0.00181589101,0,0.0001427412499,0,0,0.001252709772,0,0,0,0,0,0,0,0,0,0,0,0,0,0,0,0,0,0,0,0,0,0,0,0,0,0,0,0,0,0,0,0,0,0.0006964312633,0,0,0,0,0,0,0,0,0,0,0,0.004127887543,0.004597361665,0,0,0,0,0,0.002380952239,0,0,5.087065074e-05,0,0.0009066971834,0,0,0,0,0,0,0.0003217972699,0.002380952472,0,0,0,0,0,0,0,0,0,0.007164080627,0.1720688045,0.00805973541,0.01746592112,0.007390865125,0.005528922658,0.003686273471,0.00901477132,0.01092764456,0.006772263907,0.01046513207,0,0.00727924658,0.007927684113,0.002380952472,0,0.04403669387,0,0.0100491289,0,0.0006469636573,0.0006360636908,0.01308386028,0.0008720952319,0.009192570113,0.03265206516,0.003593152622,0,0,0,0,2.122150363e-05,0.894208014,0.1092921421,0.004839286674,0.0004920353531,0.0006135024014,0,0.5421633124,0.02258634008,0.02590032481,0.01855415478,0.000834051345,0.0001838006283,4.420335245e-06,0,0,0.005570402835,0,0.0005243827472,2.570143442e-05
8,0.0001838110766,1.308227638e-05,0.0004716975964,3.436362022e-05,0.00626782421,0.01017192006,0.0002009448071,0,0.0001439661573,0,0.0004215866211,0.0002420857345,0.000235131185,0.0003229541471,4.068989438e-05,0.000127602354,1.952736966e-05,0,4.732537491e-05,2.617566315e-05,2.917706752e-06,0,0,0,0,0,0,0,0,5.235060144e-06,0,0,0,0,0,1.145981696e-05,0,0,0,0,0,0,0,0.0005419861991,0.001490723109,0.001402382506,0.0009100065799,0.0007106810226,0.001274634618,0.001351301325,0.0004662653373,0.001242247527,0.001164796762,0,0,0,2.095417585e-05,0.0005170542281,5.29203644e-05,0.0001676178945,0,0.0009893644601,0.0009569187532,0.0007750909426,0,0,0.0001344165794,6.360731641e-05,0.0005334845046,0.0001799128804,7.918112715e-06,0,0.0003514474956,0.0001609509782,0.0003224762913,0.0002458015806,0,3.207286863e-05,2.380862861e-05,0.0005883827689,8.551810606e-05,0.0008829057333,0.0002315841411,0.0009415462264,0.001246356056,0.0003477688879,0,0,0,5.751904246e-05,0,0.001006959705,0.0006096785073,0.09033441544,0.004733743612,0.01640449092,0.001203752356,0.001524545252,0.00637145713,0.002786353463,0.0008523980505,0.0009020472062,0.003877715673,0.000775463006,0.0006422284059,0.0007545528933,1.626341327e-05,8.854805856e-06,0.02095921524,0.0004858255852,0.0004383952182,0.0001227986359,0.0003436369007,8.633190009e-05,0.001872348716,3.564973667e-05,0.00266083749,0.01911718771,0.0009727037977,0.0001304806501,0.0003753628989,0.0001713936945,3.718226071e-05,0.004006684758,0.9483451247,0.1238579899,0.0006421422004,0.001369250123,0.00060326932,0.0009613949223,0.4272785485,0.02458713762,0.01837784797,0.002392727183,0.01104775909,0.001099709421,0.002717179479,0.001036647591,9.83258069e-05,0.001208047848,8.637152496e-05,0.002919571474,0.0006789120962
9,0.0001931161241,2.196655623e-05,0.000169755469,6.779057003e-05,0.01258285996,0.01870194636,0,0.0001439661573,0,0,9.954834468e-07,0,0,0,0,3.77495553e-07,0,0,0,0,0,0,0,0,0,0,0,0,0,0,0,0,0,0,0,0,0,0,0,0,0,0,0,0,0,0,0,0,0,0,0,0,0,0,0,0,0,0,0,0,0,0,0,0,0,0,0,0,0,0,0,0,0,5.751291155e-06,0,0,0,0,0,0,0,0,0,0,0,0,0,0,0,0,0,0,0,0.1525202245,0.002322214888,0.001054435386,0.0005062960554,0.0001508877467,0.0002646693902,0.001654597465,9.319202218e-05,6.704209954e-05,0.0001697698171,0,0.00028155162,0,4.543063551e-05,0,0.002010201802,0,6.827084871e-05,0,1.70056519e-05,0,2.595193837e-05,0,0.0003679873189,0.002625153167,0,0,0,0,0,0.001641266979,0.7927274108,0.01605013199,0,0,3.64220723e-05,1.084388987e-05,0.1974773854,0.001266273321,0.00293958094,0.000452991866,0.001235089265,4.551722304e-05,0,9.517725266e-05,0,0,0,9.053945541e-05,0
10,4.206453377e-05,0,1.622345735e-05,0,0.01432068367,0.002476195572,0,0,0,0,0,0,2.66206298e-05,0,0,0,0,0,0,0,0,0,0,0,0,0,0,0,0,0,0,0,0,0,0,0,0,0,0,0,0,0,0,0,0,0,0,0,0,0,0,0,0,0,0,0,0,0,0,0,0,0,0,0,0,0,0,0,0,0,0,0,0,0,0,0,0,0,0,0,0,0,0,0,0,0,0,0,0,0,0,0,0,0.09139449149,0.002380952239,0,0.002380952472,0,0,0.0020698437,0.0003938387963,0,0.0006110997638,0,0,0,0,0,0.002706256928,0,0,0,0,0,7.010814443e-05,0,0,0.002182674594,0,0,0,0,0,0,0.640070498,0.008132562041,0,0,0,0.0003583279613,0.1839783341,0.0007210425683,0,0.0002432312176,0.0001354876294,0,0,0,0,0,0,0,5.000436795e-05
11,0.0005476072547,1.388892088e-05,0.0002492364147,3.079690578e-05,0.01212848723,0.01076936908,0.0001501898369,0.0004215866211,9.954834468e-07,0,0,4.614594786e-07,0,3.4765686e-05,0,0,0,0,0,0,0,0,0,0,0,0,0,0,0,0,0,0,0,0,0,0,0,0,0,0,0,0,0,0,0,0,2.45339811e-06,0,0,0,0,0,0,0,0,0,0,0,0,0,0,0,0,0,0,0,0,1.364751142e-06,0,0,0,0,0,0,0,0,0,0,0,1.594143396e-05,0,7.301129244e-06,0,0,0,0,0,0,0,0,0,0,3.779854887e-05,0.1454064101,0.004072110634,0.01284231804,0.001054451684,0.001308312756,0.001390672754,0.002879659412,0.0003651602892,0.0002403523686,0.0004073196615,0,0.0006309045712,0,5.536375465e-05,2.788211077e-06,0.008707375266,0,5.36941443e-05,0,0,2.013373523e-05,8.069106116e-05,2.965913882e-05,0.002012319397,0.004837268498,0.0004921054933,0,0,0,0,0.0001281082659,0.8477364182,0.02738977224,0.0001329106162,0.0001152667101,8.43038215e-05,0,0.2575458586,0.003977235407,0.004455651622,0.001294924063,0.002067625755,2.151992339e-05,0,2.874397796e-05,0,2.079232581e-05,0,0.0001110650483,8.494015674e-06
12,0.0005678239395,0,6.745344581e-05,2.653546107e-05,0.01820684783,0.005606004968,0.00181589101,0.0002420857345,0,0,4.614594786e-07,0,0,0,7.921193173e-06,1.113365897e-06,0,2.564785791e-05,0,0,0,0,0,0,0,0,0,0,0,0,0,0,0,0,0,0,0,0,0,0,0,0,0,0,0,0,0,0,0,0,0,0,0,0,0,0,0,0,0,0,0,0,1.346147656e-05,2.363516251e-05,0,0,0,0,0,0,0,0,0,0,0,0,0,0,0,2.001191024e-05,0,3.137514068e-05,0,0,0,0,0,0,0,0,0,0,0.0002106057655,0.07969177514,0.01079074666,0.009228057228,0.001058866386,0.004125810694,0.001617603702,0.009400771931,0.00419149315,0.001192187774,0.002217747504,0,0.0005068047321,0,1.560293822e-05,0,0.01770216972,0.000827744836,0.0001060013747,0.0005222056643,6.875229155e-05,0,0.0003636190086,0,0.003220108338,0.01163966488,0.0001097475106,0,1.589983731e-05,0,0,0,0.8314071894,0.04629365727,0,1.934405009e-05,0.0004380628525,0,0.3429065347,0.009207492694,0.006193901412,0.003698114306,0.008562942967,2.682962077e-05,0,0,5.775736099e-06,0.0001267506159,5.695860818e-05,0.0006537223235,0.0002731796994
13,0.0003491728567,0,0.0002380287769,0,0.02035925724,0.0358290486,0,0.000235131185,0,2.66206298e-05,0,0,0,0,0,0,0,0,0,0,0,0,0,0,0,0,0,0,0,0,0,0,0,0,0,0,0,0,0,0,0,0,0,0,0,0,0,0,0,0,0,0,0,0,0,0,0,0,0,0,0,0,0,2.614779532e-06,0,0,0,0,0,0,0,0,4.18555345e-07,0,0,0,0,0,0,0,0,0,0,0,0,0,0,0,0,0,0,0,0,0.1836326271,0.0004157306685,0.0009927687934,0.0003461913147,0.0001923792152,4.808955782e-05,0.0006631581346,8.931406228e-06,0,0,0.0005784719251,0,0,0,0,0.005207861774,0,2.141812729e-05,0,0,0,0.0005699211033,0,0.001192322699,0.002210766543,0,0,0,0,0,0,0.8524726629,0.02112192474,0,0,2.579302236e-05,0,0.248125881,0.005643883254,0.008734128438,0.00146333396,0.005904759746,0.0005364713143,0,0.0002467668382,0,0,0,8.686372894e-05,0
14,0.002347683534,0,0.0003695354098,0.0003537342709,0.0196219217,0.005272634793,0.0001427412499,0.0003229541471,0,0,3.4765686e-05,0,0,0,4.949610593e-05,0,0.002380952472,0,0,0,0,0,0,0,0,0,0,0,0,0,0,0,0,0,0,0,0,0,0,0,0,0,0,0,0,0,0,0,0,0,0,0,0,0,0,0,0,0,0,0,0,0,5.068071914e-05,0.0002907797752,0,0,0,0,0,0,0,0,0,0,0,0,0,0,0,0,0,0,0,0,0,0,0,0,0.0009442776209,0,0,0,0,0.07624613494,0.0110271005,0.004275723826,0.0003897755523,0.003404621966,0,0.006399940699,0.001188619179,0.0002986419131,0.001151236007,0,0,0,0,0,0.02133125812,0,0.0009406871977,0,0.0002104645537,0,0.00135326176,0,0.006888177712,0.01063410472,0,0,0,0,0,0,0.803796649,0.03481151536,0,0,0,0.0005824471009,0.3190663159,0.00467682723,0.002380952472,0.00387860951,0.007898936048,0.007142857648,0,0.00327231898,0,0.002380952472,0,0.0005813356256,0.00121817179
15,0.004095408134,0,0.0001957612985,0,0.0191180706,0.003410648322,0,4.068989438e-05,0,0,0,7.921193173e-06,0,4.949610593e-05,0,6.305398983e-06,0,0,0,0,0,0,0,0,0,0,0,0,0,0,0,0,0,0,0,0,0,0,0,0,0,0,0,0,0,0,0,0,0,0,0,0,0,0,0,0,0,0,0,0,0,0,0,0,0,0,0,0,0,0,0,0,0,0,0,0,0,0,0,0,0,0.0009879720164,0,0,0,0,0,0,0,0,0,0,0,0.05070361868,0.005758399144,0.0004079466453,0,0.002989093075,0.0008854232728,0.009523809887,0.001504299929,0.00256871758,0,0,0,0,0,0,0.01307728421,0,0,0,0.0005394098116,0,0.001739959116,0,0,0.006880166009,0,0,0,0,0,0,0.705318749,0.03371138126,0,0,0,0,0.2569438219,0.00324748992,0.002380952239,0.003556618467,0.002530253958,0,0,0.0002682111517,0,0,0.0009462122107,0,0
16,0.0002838300716,0,0.0002938115213,6.970282993e-05,0.01408273913,0.005241896026,0,0.000127602354,3.77495553e-07,0,0,1.113365897e-06,0,0,6.305398983e-06,0,0,0,0,0,0,0,0,0,0,0,0,0,0,0,0,0,0,0,0,0,0,0,0,0,0,0,0,0,0,0,0,0,0,0,1.503678868e-05,0,0,0,0,0,0,0,5.303047601e-07,0,0,0,1.485901521e-05,3.346677113e-05,0,0,0,0,0,0,6.519854196e-06,0,0,0,0,0,0,0,0,0,0,5.503310967e-05,0,0,0,0,0,0,0,0,0,0,4.608173913e-05,0.103807129,0.005950489081,0.01282452606,0.0009549002862,0.002983759157,0.001938211266,0.004751478322,0.0008850627928,0.0006441922742,0.001212973846,0.0003578262113,0.001196821453,0.000996935647,0.0001131100289,0,0.02020551451,0.002049716888,0.0002931314229,0,4.598533269e-05,0.0001438980835,0.0007911708672,0.0001291646913,0.001665514777,0.005894573871,0.00207353523,0,0,0,0,0.0008334071026,0.8421444893,0.03717857599,8.347271796e-05,0.0003597418545,1.806502405e-05,0.0001079561262,0.3097375631,0.007336723153,0.006180419121,0.00196418399,0.007292869035,0.0002746822429,0,0.0002518999099,1.264098955e-05,0.0006753873313,0,0.0002099343401,6.929621304e-05
17,2.02579522e-05,0,8.003165567e-05,4.055418685e-06,0.01475052536,0.006238134578,0.001252709772,1.952736966e-05,0,0,0,0,0,0.002380952472,0,0,0,0,0,0,0,0,0,0,0,0,0,0,0,0,0,0,0,0,0,0,0,0,0,0,0,0,0,0.002380952472,0,0,0.002380952472,0,0,0,0,0,0,0,0,0,0,0,0,0,0,0,0,9.435263928e-05,0,0,0,0,0,0,0,0,0,0,0,0,0,0,0,0,0,0.0006314134807,0,0,0,0,0,0,0,0,0,0,0,0.06328050792,0.004023273941,0.007852688432,0.0009430811624,0.0006700396771,0.002624102635,0.001076334273,3.924289194e-05,0.002645812929,0.002632060321,0.0001093944811,0.0006171282148,0.0006757909432,0,0,0.009384330362,0.0002164088946,0.0001885464881,0,0,0,0.0003185922978,0,0.0002004037669,0.01100083161,0,0,5.463793059e-05,0,0,0.0004329543444,0.8349847198,0.05451694131,4.642183194e-05,0.0001298735442,0.0001851669949,0,0.3838452101,0.009756019339,0.006022203714,0.0006549563259,0,9.781165136e-05,0,0,0,0.0003395414969,0,0.001034099143,0.0004775349516
18,0,0,0.0001017924078,0,0.001485351357,0.001339337556,0,0,0,0,0,2.564785791e-05,0,0,0,0,0,0,0,0,0,0,0,0,0,0,0,0,0,0,0,0,0,0,0,0,0,0,0,0,0,0,0,0,0,0,0,0,0,0,0,0,0,0,0,0,0,0,0,0,0,0,0,0,0,0,0,0,0,0,0,0,0,0,0,0,0,0,0,0,0,0,0,0,0,0,0,0,0,0,0,0,0,0.02466796152,0,0.001207879279,0,0,0.002380952239,0.0006375054945,0,0,0,0,0,0,0,0,0.002917645499,0,0,0,0,0,0,0,0.0006875946419,0.007657290902,0,0,0,0,0,0,0.6099594831,0.01108582597,0,0,0,0,0.2183871269,0,0,0.0002454870264,0,0,0,0,0,0,0,0,0
19,8.364975656e-05,0,0,0,0.002641160274,0.01024667267,0,4.732537491e-05,0,0,0,0,0,0,0,0,0,0,0,0,0,0,0,0,0,0,0,0,0,0,0,0,0,0,0,0,0,0,0,0,0,0,0,0,0,0,0,0,0,0,0,0,0,0,0,0,0,0,0,0,0,0,0,0,0,0,0,0,0,0,0,0,0,0,0,0,0,0,0,0,0,0,0,0,0,0,0,0,0,0,0,0,0,0.03558845446,0.002678879537,0.002472831635,0,0.0001846577798,0,0.002849934623,0,0,0.0001555034687,0,0,0,0,0,0.006394837983,0,3.171638309e-05,0,0,0,0,0,0.000394577306,0.005730488803,0,0,0,0,0,0,0.6807076335,0.02381146327,0,0,0,0,0.2656806707,0.009523809887,0.002380952472,0,0.001036919537,0,0,0,0,0.0004117804347,0,0,0
20,7.391732652e-05,0,0,0,0.004934653174,0.008923898451,0,2.617566315e-05,0,0,0,0,0,0,0,0,0,0,0,0,0,0,0,0,0,0,0,0,0,0,0,0,0,0,0,0,0,0,0,0,0,0,0,0,0,0,0,0,0,0,0,0,0,0,0,0,0,0,0,0,0,0,0,0,0,0,0,0,0,0,0,0,0,0,0,0,0,0,0,0,0,0,0,0,0,0,0,0,0,0,0,0,0,0.04137042165,0.0002251558326,0.003761329222,0,0.0002085614542,0,0.0002611737873,0.000148135965,0.0004136513453,0.0006992344861,0,0,0.000951443275,0,0,0.00550196832,0,0.00010166227,0,0,0,0,0,0.002380952472,0.006666115951,0,0,0,0,0,0,0.7131114006,0.02632600814,0,0,0,0,0.2775440812,0.002380952472,0,0,0,0,0,0,0,0,0,0,0
21,2.04752414e-05,0,0,0,0.003990447149,0.006181031466,0,2.917706752e-06,0,0,0,0,0,0,0,0,0,0,0,0,0,0,0,0,0,0,0,0,0,0,0,0,0,0,0,0,0,0,0,0,0,0,0,0,0,0,0,0,0,0,0,0,0,0,0,0,0,0,0,0,0,0,0,0,0,0,0,0,0,0,0,0,0,0,0,0,0,0,0,0.000691561494,0,0,0,0,0,0,0,0,0,0,0,0,0,0.02541689575,0.0008259041933,0.0007759594009,0,0,0.002027589828,0.0007470919518,0.0001525266707,0,0,0,0,0,0,0,0.006851364393,0,0,0,0,0,0.002380952472,0,0,0.00837231148,0,0,0,0,0,0,0.7091352344,0.01274074335,0,0,0,0,0.2874644697,0.0008930040058,0,0.0001376192668,0.002722044243,0,0,0,0,0,0,0,0
22,8.050828001e-06,0,0,0,0.006137603894,0.003004899016,0,0,0,0,0,0,0,0,0,0,0,0,0,0,0,0,0,0,0,0,0,0,0,0,0,0,0,0,0,0,0,0,0,0,0,0,0,0,0,0,0,0,0,0,0,0,0,0,0,0,0,0,0,0,0,0,0,0,0,0,0,0,0,0,0,0,0,0,0,0,0,0,0,0,0,0,0,0,0,0,0,0,0,0,0,0,0,0.03661198914,0.002930512186,0.0005570137873,0,0,0.003629691433,0,0,0,0,0,0,0.0002742262732,0,0,0.006341524422,0,0,0,0,0,0.0002634484554,0,0,0.001190189389,0,0,0,0,0,0,0.5858463049,0.02110460959,0,0,0,0,0.2233614624,0,0.003450750606,0.0007776030689,0,0,0,0,0,0,0,0,0
23,8.617393178e-06,0,0,0,0,0.00331764482,0,0,0,0,0,0,0,0,0,0,0,0,0,0,0,0,0,0,0,0,0,0,0,0,0,0,0,0,0,0,0,0,0,0,0,0,0,0,0,0,0,0,0,0,0,0,0,0,0,0,0,0,0,0,0,0,0,0,0,0,0,0,0,0,0,0,0,0,0,0,0,0,0,0,0,0,0,0,0,0,0,0,0,0,0,0,0,0.01906188577,0.002380952472,0,0.002380952472,0,0,0,0,0,0,0,0,0,0,0,0.002380952239,0,0,0,0,0,0,0,0,0.001233981573,0,0,0,0,0,0,0.3710297942,0.003943464253,0,0,0,0,0.1190283597,0,0,0,0,0,0,0,0,0,0,0.002380952472,0
24,0,0,0,0,0.003238900099,0.002987025771,0,0,0,0,0,0,0,0,0,0,0,0,0,0,0,0,0,0,0,0,0,0,0,0,0,0,0,0,0,0,0,0,0,0,0,0,0,0,0,0,0,0,0,0,0,0,0,0,0,0,0,0,0,0,0,0,0,0,0,0,0,0,0,0,0,0,0,0,0,0,0,0,0,0,0,0,0,0,0,0,0,0,0,0,0,0,0,0.01185268164,0.003642584197,0,0,0,0,0,0,0,0,0,0,0,0,0,0,0,0.002380952472,0,0,0,0,0,0,0,0,0,0,0,0,0,0.2654729784,0.002380952472,0,0,0,0,0.0851989612,0,0,0,0,0,0,0,0,0,0,0,0
25,4.211232954e-05,2.080087688e-05,0,0,0.004015821498,0.0087455865,0,0,0,0,0,0,0,0,0,0,0,0,0,0,0,0,0,0,0,0,0,0,0,0,0,0,0,0,0,0,0,0,0,0,0,0,0,0,0,0,0,0,0,0,0,0,0,0,0,0,0,0,0,0,0,0,0,0,0,0,0,0,0,0,0,0,0,0,0,0,0,0,0,0,0,0.002380952472,0,0,0,0,0,0,0,0,0,0,0,0.01743801683,0.001442193286,0.0008008601726,0,0.003632362001,0.002380952472,0.0005233284319,0,0,0,0,0.0006224191748,0,0,0,0.007142857648,0,0.0004793604312,0,0,0,0,0,0.0006780669792,0.00121732289,0,0,0,0,0,0,0.6665019989,0.01582728699,0,0,0,0,0.230735153,0,0.002380952472,0,0.0004343503388,0.0008806623518,0,0,0,0,0,0,0
26,5.005163985e-06,0,0,0,0.001863568556,0.004501718562,0,0,0,0,0,0,0,0,0,0,0,0,0,0,0,0,0,0,0,0,0,0,0,0,0,0,0,0,0,0,0,0,0,0,0,0,0,0,0,0,0,0,0,0,0,0,0,0,0,0,0,0,0,0,0,0,0,0,0,0,0,0,0,0,0,0,0,0,0,0,0,0,0,0.0005543426378,0,0,0,0,0,0,0,0,0,0,0,0,0,0.02911689132,0,0.003025558079,0,0,0,0,0.0001002590143,0,0.002380952472,0,0,0,0,0,0.003740325104,0,0.0001928055281,0,0,0,0,0,0.001189676696,0.004903046414,0,0,0,0,0,0,0.6917714477,0.01925811544,0.000298006431,0,0,0,0.232967183,0.0007941274671,0,0.0002739537158,0.002380952472,0,0,0,0,0.0003044753394,0,0.0002003454574,0
27,2.152652633e-05,0,0,0,0.001080684946,0.002380952472,0,0,0,0,0,0,0,0,0,0,0,0,0,0,0,0,0,0,0,0,0,0,0,0,0,0,0,0,0,0,0,0,0,0,0,0,0,0,0,0,0,0,0,0,0,0,0,0,0,0,0,0,0,0,0,0,0,0,0,0,0,0,0,0,0,0,0,0,0,0,0,0,0,0,0,0,0,0,0,0,0,0,0,0,0,0,0,0.01438911352,0.003584708087,0,0,0.001064679585,0,0,0,0,0,0,0,0,0,0,0.002380952472,0,0,0,0,0,0,0,0,0,0,0.001530137728,0,0,0,0.002380952239,0.4656133652,0.003200390842,0,0,0,0,0.1623174399,0,0,0,0.000323314307,0,0,0,0,0,0,0,0
28,0,0,0,0,0.0006887671771,0.002380952472,0,0,0,0,0,0,0,0,0,0,0,0,0,0,0,0,0,0,0,0,0,0,0,0,0,0,0,0,0,0,0,0,0,0,0,0,0,0,0,0,0,0,0,0,0,0,0,0,0,0,0,0,0,0,0,0,0,0,0,0,0,0,0,0,0,0,0,0,0,0,0,0,0,0,0,0,0,0,0,0,0,0,0,0,0,0,0,0.00765168108,0,0,0,0,0,0,0,0,0,0,0,0,0,0,0,0,0,0,0,0,0.0008696503355,0,0,0.00305478205,0,0,0,0,0,0,0.1609094292,0,0,0,0,0,0.07349663228,0,0,0,0,0,0,0,0,0,0,0,0
29,0,0,0,0,0.001198730315,0,0,0,0,0,0,0,0,0,0,0,0,0,0,0,0,0,0,0,0,0,0,0,0,0,0,0,0,0,0,0,0,0,0,0,0,0,0,0,0,0,0,0,0,0,0,0,0,0,0,0,0,0,0,0,0,0,0,0,0,0,0,0,0,0,0,0,0,0,0,0,0,0,0,0,0,0,0,0,0,0,0,0,0,0,0,0,0,0.005764322355,0.002380952472,0.002380952472,0,0,0,0,0,0,0,0,0,0,0,0,0.002380952239,0,0,0,0,0,0,0,0.0007332990644,0,0,0,0,0,0,0,0.2507570982,0.002380952472,0,0,0,0,0.08172948658,0,0,0,0,0,0,0,0,0,0,0,0
30,9.249550203e-06,0,0,0,0.0008340784698,0.009339484386,0,5.235060144e-06,0,0,0,0,0,0,0,0,0,0,0,0,0,0,0,0,0,0,0,0,0,0,0,0,0,0,0,0,0,0,0,0,0,0,0,0,0,0,0,0,0,0,0,0,0,0,0,0,0,0,0,0,0,0,0,0,0,0,0,0,0,0,0,0,0,0,0,0,0,0,0,0,0,0,0,0,0,0,0,0,0,0,0,0,0,0.009739770554,0,0,0,0,0,0,0,0,0.002380952472,0,0,0,0,0,0,0,0.0001415421284,0,0,0,0,0,0,0.0009219653439,0,0,0,0,0,0,0.4334025681,0.006275852211,0,0,0,0,0.1780307591,0,0,0,0,0,0,0,0,0,0,0,0
31,0,0,0,0,0.002029543277,0.0004340203304,0,0,0,0,0,0,0,0,0,0,0,0,0,0,0,0,0,0,0,0,0,0,0,0,0,0,0,0,0,0,0,0,0,0,0,0,0,0,0,0,0,0,0,0,0,0,0,0,0,0,0,0,0,0,0,0,0,0,0,0,0,0,0,0,0,0,0,0,0,0,0,0,0,0,0,0,0,0,0,0,0,0,0,0,0,0,0,0.01114973798,0,0,0,0,0,0,0,0,0,0,0,0,0,0,0,0,0,0,0,0,0,0,0,0,0,0,0,0,0,0,0.3629916608,0.001675396459,0,0,0,0,0.1286569238,0,0,0,0,0,0,0,0,0,0,0,0
32,0,0,0,0,0.001104623661,0.00347356149,0,0,0,0,0,0,0,0,0,0,0,0,0,0,0,0,0,0,0,0,0,0,0,0,0,0,0,0,0,0,0,0,0,0,0,0,0,0,0,0,0,0,0,0,0,0,0,0,0,0,0,0,0,0,0,0,0,0,0,0,0,0,0,0,0,0,0,0,0,0,0,0,0,0,0,0,0,0,0,0,0,0,0,0,0,0,0,0.01435779687,0,0,0,0,0.001279712305,0,0.002380952472,0,0,0,0,0,0,0,0.004019869491,0,0,0,0,0,0,0,0,0,0,0,0,0,0,0,0.2697088122,0.007142857648,0,0,0,0,0.07559402287,0.002380952239,0,0,0,0,0,0,0,0,0,0,0
33,8.714008436e-05,0,0,0,0.002380952472,0,0,0,0,0,0,0,0,0,0,0,0,0,0,0,0,0,0,0,0,0,0,0,0,0,0,0,0,0,0,0,0,0,0,0,0,0,0,0,0,0,0,0,0,0,0,0,0,0,0,0,0,0,0,0,0,0,0,0,0,0,0,0,0,0,0,0,0,0,0,0,0,0,0,0,0,0,0,0,0,0,0,0,0,0,0,0,0,0.01312946994,0,0,0,0,0,0,0,0,0,0,0,0,0,0,0.004761904944,0,0,0,0,0,0,0,0,0,0,0,0,0,0,0,0.2142579108,0,0,0,0,0,0.04765356332,0,0,0,0,0,0,0,0,0,0,0,0
34,0,0,0,0,0.002380952472,0,0,0,0,0,0,0,0,0,0,0,0,0,0,0,0,0,0,0,0,0,0,0,0,0,0,0,0,0,0,0,0,0,0,0,0,0,0,0,0,0,0,0,0,0,0,0,0,0,0,0,0,0,0,0,0,0,0,0,0,0,0,0,0,0,0,0,0,0,0,0,0,0,0,0,0,0,0,0,0,0,0,0,0,0,0,0,0,0.003001272678,0,0,0,0,0,0,0,0,0,0,0,0,0,0,0,0,0,0,0,0,0,0,0,0,0,0,0,0,0,0,0.1173435897,0,0,0,0,0,0.02857143059,0,0,0,0,0,0,0,0,0,0,0,0
35,0,0,0,0,0.0002175828849,0,0,0,0,0,0,0,0,0,0,0,0,0,0,0,0,0,0,0,0,0,0,0,0,0,0,0,0,0,0,0,0,0,0,0,0,0,0,0,0,0,0,0,0,0,0,0,0,0,0,0,0,0,0,0,0,0,0,0,0,0,0,0,0,0,0,0,0,0,0,0,0,0,0,0,0,0,0,0,0,0,0,0,0,0,0,0,0,0.01284758095,0,0,0,0,0,0,0,0,0,0,0,0,0,0,0,0,0,0,0,0,0,0,0,0,0,0,0,0,0,0,0.2116565853,0.003467899747,0,0,0,0,0.05423330516,0,0,0,0,0,0,0,0,0,0,0,0
36,0,0,0,0,0.002185676014,0.002380952472,0,1.145981696e-05,0,0,0,0,0,0,0,0,0,0,0,0,0,0,0,0,0,0,0,0,0,0,0,0,0,0,0,0,0,0,0,0,0,0,0,0,0,0,0,0,0,0,0,0,0,0,0,0,0,0,0,0,0,0,0,0,0,0,0,0,0,0,0,0,0,0,0,0,0,0,0,0,0,0,0,0,0,0,0,0,0,0,0,0,0,0.00572996214,0,0,0,0,0,0,0,0.0008954943041,0,0,0,0,0,0,0,0,0,0,0,0,0.002380952472,0,0,0,0,0,0,0,0,0,0.3395135105,0,0,0,0,0,0.09592927992,0.004761904944,0,0,0.002380952472,0,0,0,0,0,0,0,0
37,0,0,0,0,0.001764322515,0.002380952472,0,0,0,0,0,0,0,0,0,0,0,0,0,0,0,0,0,0,0,0,0,0,0,0,0,0,0,0,0,0,0,0,0,0,0,0,0,0,0,0,0,0,0,0,0,0,0,0,0,0,0,0,0,0,0,0,0,0,0,0,0,0,0,0,0,0,0,0,0,0,0,0,0,0,0,0,0,0,0,0,0,0,0,0,0,0,0,0.005407822784,0,0.002380952472,0,0,0,0,0,0,0,0,0,0,0,0,0.002380952472,0,0,0,0,0,0,0,0,0,0,0,0,0,0,0,0.2299452126,0.003915723879,0,0,0,0,0.07545284182,0,0,0,0,0,0,0,0,0,0,0,0
38,0,0,0,0,0,0,0,0,0,0,0,0,0,0,0,0,0,0,0,0,0,0,0,0,0,0,0,0,0,0,0,0,0,0,0,0,0,0,0,0,0,0,0,0,0,0,0,0,0,0,0,0,0,0,0,0,0,0,0,0,0,0,0,0,0,0,0,0,0,0,0,0,0,0,0,0,0,0,0,0,0,0,0,0,0,0,0,0,0,0,0,0,0,0,0,0,0,0,0,0,0,0,0,0,0,0,0,0,0,0,0,0,0,0,0,0,0,0,0,0,0,0,0,0,0.04371501878,0,0,0,0,0,0.006519572344,0,0,0,0,0,0,0,0,0,0,0,0
39,0,0,0,0,0,0,0,0,0,0,0,0,0,0,0,0,0,0,0,0,0,0,0,0,0,0,0,0,0,0,0,0,0,0,0,0,0,0,0,0,0,0,0,0,0,0,0,0,0,0,0,0,0,0,0,0,0,0,0,0,0,0,0,0,0,0,0,0,0,0,0,0,0,0,0,0,0,0,0,0,0,0,0,0,0,0,0,0,0,0,0,0,0,0.002380952472,0,0,0,0,0,0,0,0,0,0,0,0,0,0,0,0,0,0,0,0,0,0,0,0,0,0,0,0,0,0,0.06666667014,0,0,0,0,0,0.005619025324,0,0,0,0,0,0,0,0,0,0,0,0
40,0,0,0,0,0.002380952472,0,0,0,0,0,0,0,0,0,0,0,0,0,0,0,0,0,0,0,0,0,0,0,0,0,0,0,0,0,0,0,0,0,0,0,0,0,0,0,0,0,0,0,0,0,0,0,0,0,0,0,0,0,0,0,0,0,0,0,0,0,0,0,0,0,0,0,0,0,0,0,0,0,0,0,0,0,0,0,0,0,0,0,0,0,0,0,0,0,0,0.002380952472,0,0.002380952472,0,0.002380952472,0,0,0,0,0,0,0,0,0.004761904944,0,0,0,0,0,0,0,0,0,0,0,0,0,0,0,0.1965435296,0,0,0,0,0,0.04583026096,0,0,0,0,0,0,0,0,0,0,0,0
41,0,0,0,0,0,0,0,0,0,0,0,0,0,0,0,0,0,0,0,0,0,0,0,0,0,0,0,0,0,0,0,0,0,0,0,0,0,0,0,0,0,0,0,0,0,0,0,0,0,0,0,0,0,0,0,0,0,0,0,0,0,0,0,0,0,0,0,0,0,0,0,0,0,0,0,0,0,0,0,0,0,0,0,0,0,0,0,0,0,0,0,0,0,0.002380952472,0,0,0,0,0,0,0,0,0,0,0,0,0,0,0,0,0,0,0,0,0,0,0,0.002380952472,0,0,0,0,0,0,0.08257570863,0.004761904944,0,0,0,0,0.01550097298,0,0,0,0,0,0,0,0,0,0,0,0
42,0,0,0,0,0,0,0,0,0,0,0,0,0,0,0,0,0,0,0,0,0,0,0,0,0,0,0,0,0,0,0,0,0,0,0,0,0,0,0,0,0,0,0,0,0,0,0,0,0,0,0,0,0,0,0,0,0,0,0,0,0,0,0,0,0,0,0,0,0,0,0,0,0,0,0,0,0,0,0,0,0,0,0,0,0,0,0,0,0,0,0,0,0,0,0,0,0,0,0,0,0,0,0,0,0,0,0,0,0.002380952472,0,0,0,0,0,0,0,0,0,0,0,0,0,0,0,0.1125498191,0,0,0,0,0,0.03466502577,0,0,0,0,0,0,0,0,0,0,0,0
43,0,0,0,0,0,0,0,0,0,0,0,0,0,0,0,0,0,0,0,0,0,0,0,0,0,0,0,0,0,0,0,0,0,0,0,0,0,0,0,0,0,0,0,0,0,0,0,0,0,0,0,0,0,0,0,0,0,0,0,0,0,0,0,0,0,0,0,0,0,0,0,0,0,0,0,0,0,0,0,0,0,0,0,0,0,0,0,0,0,0,0,0,0,0,0,0,0,0,0,0,0,0,0,0,0,0,0,0,0,0,0,0,0,0,0,0,0,0,0,0,0,0,0,0,0.02142857201,0.002380952239,0,0.002380952472,0,0,0,0,0,0,0,0,0,0,0,0,0,0,0
44,0.0004943609238,0,0.0009008828201,0,0.02127231658,0.0237245243,0,0.0005419861991,0,0,0,0,0,0,0,0,0.002380952472,0,0,0,0,0,0,0,0,0,0,0,0,0,0,0,0,0,0,0,0,0,0,0,0,0,0,0,0,0,0,0,0,0,0,0,0,0,0,0,0,0,0,0,0,0,0,0,0,0,0,0,0,0,0,0,0,0,0,0,0,0,0,0,0,0,0,0,0,0,0,0,0,0,0,0,0,0.1802641451,0.0002047032904,0.0002588461211,0,0.0001241422142,5.264287029e-05,0,0,0,0,0,0,0,0,0,0.0007575045456,0,0.0001708197378,0,0,0,0,0,0.003158865264,0.003432699246,0,0,0,0,0,0,0.7932114005,0.0108261006,0,0,0,0,0.2343005389,0,0,0.0008015698404,0.003464580514,0,0,0,0,0,0,8.025856368e-05,0
45,0.0002623634646,0,0,0,0.01800227538,0.02449462377,0,0.001490723109,0,0,0,0,0,0,0,0,0,0,0,0,0,0,0,0,0,0,0,0,0,0,0,0,0,0,0,0,0,0,0,0,0,0,0,0,0,0,0,0,0,0,0,0,0,0,0,0,0,0,0,0,0,0,0,0,0,0,0,0,0,0,0,0,0,0,0,0,0,0,0,0,0,0,0,0,0,0,0,0,0,0,0,0,0,0.2183045,3.3245753e-05,2.136003241e-05,0,0,0,0,0,2.871548531e-05,0,0,0,0,0,0,4.647498645e-05,0,0.0003331095795,0,0,0,0,0,0.002380952472,0.0005622272147,0,0,0,0,0,0,0.8150321245,0.01532291993,0,0.0005293320282,3.859318895e-05,0,0.2168763578,0,0.002380952472,0.003205803223,0,0,0,0,0,0,0,0,0
46,0.0001291751541,0,3.476869097e-05,0,0.0206468869,0.009858922102,0,0.001402382506,0,0,0,0,0,0,0,0,0,0,0,0,0,0,0,0,0,0,0,0,0,0,0,0,0,0,0,0,0,0,0,0,0,0,0,0,0,0,0,0,0,0,0,0,0,0,0,0,0,0,0,0,0,0,0,0,0,0,0,0,0,0,0,0,0,0,0,0,0,0,0,0,0,0,0,0,0,0,0,0,0,0,0,0,0,0.1220470667,0.0001974397019,0.000518583518,0,0,0.000659396057,9.213000158e-05,0,0,0.0002173436951,0,0,0,0,0,5.83676956e-06,0,8.425849228e-05,0,0,0,0,0,0.0007076650509,0.001185572008,0,0,0,0,0,0,0.7169982195,0.02011607774,0,0,0,0,0.22231552,0.0007174432394,0,0,0.002380952472,0,0,0,0,0,0,0,0
47,0.0002342346561,0,9.981387848e-05,0.002732540481,0.02479298785,0.01810690016,0,0.0009100065799,0,0,2.45339811e-06,0,0,0,0,0,0.002380952472,0,0,0,0,0,0,0,0,0,0,0,0,0,0,0,0,0,0,0,0,0,0,0,0,0,0,0,0,0,0,0,0,0,0,0,0,0,0,0,0,0,0,0,0,0,0,0,0,0,0,0,0,0,0,0,0,0,0,0,0,0,0,0,0,0,0,0,0,0,0,0,0,0,0,0,0,0.1753671765,3.358733011e-05,0.0003535907308,0,0,1.133323349e-05,0,0,7.98957808e-06,0.0002862110559,0,0,0,0,0,0.00140396296,0,0,0,0,0,0,0,0,0.002400585683,0,0,0,0,0,0,0.7914829254,0.009001758881,0,0,0,0,0.2056690454,0.001028926694,0,0,0.002532334765,0,0,0,0,0,0,0,0.0002072624629
48,0.0006609723205,0,0.0003977495362,0,0.02332144789,0.0263810344,0,0.0007106810226,0,0,0,0,0,0,0,0,0,0,0,0,0,0,0,0,0,0,0,0,0,0,0,0,0,0,0,0,0,0,0,0,0,0,0,0,0,0,0,0,0,0,0,0,0,0,0,0,0,0,0,0,0,0,0,0,0,0,0,0,0,0,0,0,0,0,0,0,0,0,0,0,0,0,0,0,0,0,0,0,0,0,0,0,0,0.1976608187,0,0.0001109083969,3.639717761e-05,6.953091361e-05,3.202514335e-06,0.0003287289583,0,0,0.001890825457,0,0,0,0,0,0.0004398896126,0,1.736063496e-05,0,0,0,0,0,0,0.003114159452,0,0,0,0,0,0.0007195026847,0.8264120221,0.01192008052,0,0,0,0,0.215254426,0.001544124214,0.002380952472,0,0.0007778984727,0,0,0,0,0,0,0,0
49,0.0006592444261,0.0002383288811,0.0003575981827,0.0002179842122,0.0230017174,0.05116661265,0,0.001274634618,0,0,0,0,0,0,0,0,0,0,0,0,0,0,0,0,0,0,0,0,0,0,0,0,0,0,0,0,0,0,0,0,0,0,0,0,0,0,0,0,0,0,0,0,0,0,0,0,0,0,0,0,0,0,4.691918093e-06,0,0,0,0,0,0,0,0,0,9.090881576e-06,0,0,0,0,0,0,0,0,0,0,0,0,0,0,0,0,0,0,0,4.316931154e-06,0.1904845536,0.0002514611406,0.0003409458441,1.710297147e-05,3.48929575e-06,3.850620487e-06,0.0002106667234,5.18539855e-06,0,0.0002749507839,0,0,0,0,0,0.0005340213538,0.005922931712,7.185572485e-06,0,0,0,0,0,0.001371074002,0.002230117796,0,0,0,0,0,0.001349109225,0.8447552919,0.0186281912,0,0,3.533655672e-06,7.073495362e-05,0.2233278453,0.004509542603,0.00690858718,0.0002783437376,0.002740397351,0,0,0,0,0,0,1.437285391e-05,0
50,0.000331276271,0,0,0,0.02066049352,0.02011938766,0,0.001351301325,0,0,0,0,0,0,0,0,0,0,0,0,0,0,0,0,0,0,0,0,0,0,0,0,0,0,0,0,0,0,0,0,0,0,0,0,0,0,0,0,0,0,0,0,0,0,0,0,0,0,0,0,0,0,0,0,0,0,0,0,0,0,0,0,0,0,0,0,0,0,0,0,0,0,0,0,0,0,0,0,0,0,0,0,0,0.1864230931,5.109134872e-05,9.114426939e-05,0,2.084841435e-05,0,0.0003900951124,0,0,0,0,0,0,0,0,0.0004079646023,0,2.771102299e-05,0,0,0,0,0,0.002380952472,0.0004072483862,0,0,0,0,0,0,0.7884886265,0.01331418287,0,0,0,0,0.2223659307,0.003553247545,0,0,0.001606112462,0,0,0,0,0,0,7.999716763e-05,0
51,0.0003329069586,0,0.0003970651305,0.0005860737874,0.02339067124,0.04489547759,0.0006964312633,0.0004662653373,0,0,0,0,0,0,0,1.503678868e-05,0,0,0,0,0,0,0,0,0,0,0,0,0,0,0,0,0,0,0,0,0,0,0,0,0,0,0,0,0,0,0,0,0,0,0,0,0,0,0,0,0,0,0,0,0,0,0,0,0,0,0,0,0,0,0,0,0,0,0,0,0,0,0,0,0,0,0,0,0,0,0,0,0,0,0,0,0,0.1845485866,6.186289102e-05,0.0003115774307,3.713352271e-06,5.832951501e-06,3.095517241e-05,2.627898539e-05,5.059625892e-07,6.642406788e-06,2.344133645e-05,0,0.002380952472,0.0008213162655,0,0,0.0006982883206,0,0,0,0,0,0,0,0.001134766149,0.002341286046,0,0,0,0,0,0.0007253611111,0.7985915542,0.01472730469,0,0,0,0,0.2113037556,0.004167888314,0.003211511066,5.01978393e-05,0.002794169588,0.001659312169,0,0,0,0,0,6.508872957e-06,0
52,0.0001256466348,0,0.0005439463421,0.0002704223734,0.007750407793,0.02260497585,0,0.001242247527,0,0,0,0,0,0,0,0,0,0,0,0,0,0,0,0,0,0,0,0,0,0,0,0,0,0,0,0,0,0,0,0,0,0,0,0,0,0,0,0,0,0,0,0,0,0,0,0,0,0,0,0,0,0,0,0,0,0,0,0,0,0,0,0,0,0,0,0,0,0,0,0,0,0,0,0,0,0,0,0,0,0,0,0,0,0.1356491596,0.003507846501,0.006468040869,7.756271225e-05,0.0003638728813,0,0.001934091095,5.584997052e-05,5.241294639e-05,0.0001620821131,0,0,0,0.00012707524,0,0.001231830451,0,0,0,0,0,0,0,0,0.001714472193,0,0,0,0,0,0.002650764538,0.786685586,0.01603344455,0,0,1.019038609e-05,2.828921424e-05,0.1921608746,0.003390641185,0.001730366377,0.0003599812044,0.002494340762,0.0006058163708,0,0,0,0,0,0.0002268358076,0
53,0,0,0,0,0.006750636268,0.003897606861,0,0.001164796762,0,0,0,0,0,0,0,0,0,0,0,0,0,0,0,0,0,0,0,0,0,0,0,0,0,0,0,0,0,0,0,0,0,0,0,0,0,0,0,0,0,0,0,0,0,0,0,0,0,0,0,0,0,0,0,0,0,0,0,0,0,0,0,0,0,0,0,0,0,0,0,0,0,0,0,0,0,0,0,0,0,0,0,0,0,0.01962023228,0.004761904944,0,0,0,0,0,0,0,0,0,0,0,0,0,0.000546182564,0,0,0,0,0,0,0,0,0,0,0,0,0,0,0,0.2763497829,0.004083892331,0,0,0,0,0.09935329109,0,0,0,0,0,0,0,0,0,0,0,0
54,0,0,0,0,0.002837430919,0.002380952472,0,0,0,0,0,0,0,0,0,0,0,0,0,0,0,0,0,0,0,0,0,0,0,0,0,0,0,0,0,0,0,0,0,0,0,0,0,0,0,0,0,0,0,0,0,0,0,0,0,0,0,0,0,0,0,0,0,0,0,0,0,0,0,0,0,0,0,0,0,0,0,0,0,0,0,0,0,0,0,0,0,0,0,0,0,0,0,0.01810628921,0,0,0,0,0,0,0,0,0,0,0,0,0,0,0,0,0,0,0,0,0,0,0,0.002380952472,0,0,0,0,0,0.002380952472,0.1844884157,0.0001957716158,0,0,0,0,0.04491473362,0,0,0,0,0,0,0,0,0,0,0,0
55,0,0,0,0,0.00176735362,0,0,0,0,0,0,0,0,0,0,0,0,0,0,0,0,0,0,0,0,0,0,0,0,0,0,0,0,0,0,0,0,0,0,0,0,0,0,0,0,0,0,0,0,0,0,0,0,0,0,0,0,0,0,0,0,0,0,0,0,0,0,0,0,0,0,0,0,0,0,0,0,0,0,0,0,0,0,0,0,0,0,0,0,0,0,0,0,0.01851793006,0,0,0,0,0,0,0,0,0.0001841475605,0,0,0,0,0,0.001257618773,0,0,0,0,0,0,0,0,0,0,0,0,0,0,0,0.1986291707,0.0003307040024,0,0,0,0,0.07021825016,0,0,0,0,0,0,0,0,0,0,0,0
56,0,0,0,0,0.00100230833,0,0,0,0,0,0,0,0,0,0,0,0,0,0,0,0,0,0,0,0,0,0,0,0,0,0,0,0,0,0,0,0,0,0,0,0,0,0,0,0,0,0,0,0,0,0,0,0,0,0,0,0,0,0,0,0,0,0,0,0,0,0,0,0,0,0,0,0,0,0,0,0,0,0,0,0,0,0,0,0,0,0,0,0,0,0,0,0,0.01190476213,0,0,0,0,0,0,0,0,0,0,0,0,0,0,0,0,0,0,0,0,0,0,0,0.000458218361,0,0,0,0,0,0,0.2146769762,0.003825216787,0,0,0,0,0.07820232213,0.002380952472,0,0,0,0,0,0,0,0,0,0,0
57,4.108144276e-05,0,0,0,0.004034443758,0,0,2.095417585e-05,0,0,0,0,0,0,0,0,0,0,0,0,0,0,0,0,0,0,0,0,0,0,0,0,0,0,0,0,0,0,0,0,0,0,0,0,0,0,0,0,0,0,0,0,0,0,0,0,0,0,0,0,0,0,0,0,0,0,0,0,0,0,0,0,0,0,0,0,0,0,0,0,0,0,0,0,0,0,0,0,0,0,0,0,0,0.0595439449,0,0,0,0,0,0,0,0,0,0,0,0,0,0,0,0,0,0,0,0,0,0,0,0.001434596954,0,0,0,0,0,0,0.3541275859,0.003006442683,0,0,0,0,0.1137534305,0,0,0,0.002380952472,0,0,0,0,0,0,0,0
58,0.0002696511801,0,0.000127391555,0.000127729727,0.005111241713,0.007196251303,0,0.0005170542281,0,0,0,0,0,0,0,0,0,0,0,0,0,0,0,0,0,0,0,0,0,0,0,0,0,0,0,0,0,0,0,0,0,0,0,0,0,0,0,0,0,0,0,0,0,0,0,0,0,0,0,0,0,0,0,0,0,0,0,0,0,0,0,0,0,0,0,0,0,0,0,0,0,0,0,0,0,0,0,0,0,0,0,0,0,0.1091602445,0.003774472745,0.009342638776,0.002380952472,0.001461661188,0,0.00207735342,0,0.002582283923,2.945980486e-05,0,0,0,0,0,0.001954364823,0,1.549844274e-05,0,0,0,0,0,0,0.001612548367,0,0,0,9.954111192e-06,0,0.0003482557659,0.777156949,0.01851092465,0,0,0.0001147332805,0,0.1307872087,0.0008142574225,0.0001073093081,9.881359438e-05,0.002380952472,0,0,0,0,0,0,0,0
59,5.670336577e-06,0,0,0,0.016225826,0.01172790769,0,5.29203644e-05,0,0,0,0,0,0,0,5.303047601e-07,0,0,0,0,0,0,0,0,0,0,0,0,0,0,0,0,0,0,0,0,0,0,0,0,0,0,0,0,0,0,0,0,0,0,0,0,0,0,0,0,0,0,0,0,0,0,0,0,0,0,0,0,0,0,0,0,0,0,0,0,0,0,0,0,0,0,0,0,0,0,0,0,0,0,0,0,0,0.1443125457,0.005535767414,0.004321002867,0,0.0005307582323,0.0002494513465,0.0001020320415,0.0001089987345,0,5.517484624e-06,0,0,0,0,0,0.0009635340539,0,1.832636008e-05,0,1.022723836e-06,2.407761713e-06,0,0,2.162479905e-05,0.0005813495372,0,0,0,0,0,0,0.7615246177,0.009462591261,0,0,0,0,0.1082466543,0.000442731427,4.078189886e-05,0.000187613361,0.004650196526,0,0,0,0,0,0,0,0
60,0.001081137802,0,3.734498023e-05,0.002380952239,0.01071443129,0.009041748941,0,0.0001676178945,0,0,0,0,0,0,0,0,0,0,0,0,0,0,0,0,0,0,0,0,0,0,0,0,0,0,0,0,0,0,0,0,0,0,0,0,0,0,0,0,0,0,0,0,0,0,0,0,0,0,0,0,0,0,0,0,0,0,0,0,0,0,0,0,0,0,0,0,0,0,0,0,0,0,0,0,0,0,0,0,0,0,0,0,0,0.09766109288,0,0.001094659674,0,0,0.001274611219,0,3.654545435e-05,0,0.0005978667759,0,0,0,0,0,0.001746477443,0,0,0,0,0,0,0,0.002380952472,0.003813771065,0,0,0,0,0,0,0.6422502995,0.008439567871,0,0,0,0,0.1783519983,0.002380952472,0,0,0,0,0,0,0,0,0,0,0
61,0.0005285738152,0,0.0001041460127,0,0.004123476334,0.004761904944,0,0,0,0,0,0,0,0,0,0,0,0,0,0,0,0,0,0,0,0,0,0,0,0,0,0,0,0,0,0,0,0,0,0,0,0,0,0,0,0,0,0,0,0,0,0,0,0,0,0,0,0,0,0,0,0,0,0,0,0,0,0,0,0,0,0,0,0,0,0,0,0,0,0,0,0,0,0,0,0,0,0,0,0,0,0,0,0.03556248173,0,0,0.002380952472,0,0,0.002380952239,0,0,0,0,0,0,0,0,0.001745760208,0,0,0,0,0,0,0,0,0.0008947814931,0,0,0,0,0,0,0.317674607,0.001340513001,0,0,0,0,0.06910384446,0,0,0.0006019032444,0,0,0,0,0,0,0,0,0
62,0.0002014318889,0,0,0.001256109448,0.004279465415,0.01177740004,0,0.0009893644601,0,0,0,0,0,0,0,0,0,0,0,0,0,0,0,0,0,0,0,0,0,0,0,0,0,0,0,0,0,0,0,0,0,0,0,0,0,0,0,0,0,0,0,0,0,0,0,0,0,0,0,0,0,0,0,0,0,0,0,0,0,0,0,0,0,0,0,0,0,0,0,0,0,0,0,0,0,0,0,0,0,0,0,0,0,0.1067925692,0.003237703117,0,0.0006361523992,0.002380952472,0,0.0009500838351,7.814352284e-05,0,0.0001837236196,0,0.0005576192052,0,0,0,0.0008809299907,0,5.461744149e-05,0,0,0,0,0,0.0001586368162,0.002082883613,0.000519992318,0,0,0,0,0,0.6766030788,0.007598431781,0,0,0,0,0.177927658,0.000159595802,0,0.0003005389299,0.003356601344,0.0005692251143,0,0,0,0,0,0,0
63,0.0005347856786,0.0007990118465,0.0005300998455,0.001030761166,0.01117228251,0.02371278591,0.004127887543,0.0009569187532,0,0,0,1.346147656e-05,0,5.068071914e-05,0,1.485901521e-05,0,0,0,0,0,0,0,0,0,0,0,0,0,0,0,0,0,0,0,0,0,0,0,0,0,0,0,0,0,0,0,0,4.691918093e-06,0,0,0,0,0,0,0,0,0,0,0,0,0,0,0,0,0,0,0,0,0,0,0,0,0,0,0,0,0,0,0,0,0,0,0,0,0,0,0,0.001301729004,0,0,0,0,0.1481327266,0.001523652347,0.002586623421,0.00040526464,0.0002417266951,0.0004156109353,0.001064638374,7.004694635e-05,4.428356533e-06,0.0003900281154,0.0002938202524,0.0008845189004,0,0,0,0.001088320627,0.0002257897286,6.175275303e-06,0,0,2.570451579e-05,0.0005360812065,0,0.0008860682137,0.002391467337,0.001212642761,0,0,0,0,0.00210927031,0.7799040675,0.01533677615,0,0,8.554789929e-06,2.074606346e-05,0.223504886,0.002477093367,0.001810738351,0.0004565369745,0.004605241586,0.0003475535486,0,0.0006118175224,0,0,0,9.69001303e-06,1.09001885e-05
64,0.0003633590823,0.0001556914212,0.0003330935724,0.0004455322924,0.008319644257,0.0258477442,0.004597361665,0.0007750909426,0,0,0,2.363516251e-05,2.614779532e-06,0.0002907797752,0,3.346677113e-05,9.435263928e-05,0,0,0,0,0,0,0,0,0,0,0,0,0,0,0,0,0,0,0,0,0,0,0,0,0,0,0,0,0,0,0,0,0,0,0,0,0,0,0,0,0,0,0,0,0,0,0,0,0,0,0,0,0,0,0,2.86272043e-05,0,0,0,0,0,0,1.908702188e-06,0,0,0,0,0,0,0,0,0,0,0,0,0,0.1492387503,0.005958274007,0.02563917637,0.001413046848,0.001436884166,0.001377518056,0.002443997422,0.0003965490323,0.0002406164422,0.0001230267517,5.456879808e-05,8.040924149e-05,0,0,0,0.00538351899,0,3.795671e-05,0,9.560721992e-07,2.723371381e-06,4.628526585e-05,0,0.0002625683555,0.002522208029,0,0,0.0001877440081,0,0,0.004973778501,0.8104984164,0.01815222949,7.56142399e-05,0,1.210868595e-05,4.314114267e-05,0.1789699197,0.001631831285,0.002126814332,0.0005246881628,0.005137297325,0.0004057272454,0,0.00116108486,0.0001494033204,2.926272828e-05,0,0.0002843670663,4.357203579e-06
65,0,0,0,0,0.01343981177,0.004179385491,0,0,0,0,0,0,0,0,0,0,0,0,0,0,0,0,0,0,0,0,0,0,0,0,0,0,0,0,0,0,0,0,0,0,0,0,0,0,0,0,0,0,0,0,0,0,0,0,0,0,0,0,0,0,0,0,0,0,0,0,0,0,0,0,0,0,0,0,0,0,0,0,0,0,0,0,0,0,0,0,0,0,0,0,0,0,0,0.05971075594,0,0,0,0,0,0,0,0,0,0,0,0,0,0,0.0003197770566,0,0,0,0,0,0,0,0,0.0002314039011,0,0,0,0,0,0,0.4689393044,0.005933913402,0,0,0,0,0.1264202595,0,0,0,0,0,0,0,0,0,0,0,0
66,9.318427146e-06,0,1.756039092e-05,0,0.007515151519,0.008962282911,0,0,0,0,0,0,0,0,0,0,0,0,0,0,0,0,0,0,0,0,0,0,0,0,0,0,0,0,0,0,0,0,0,0,0,0,0,0,0,0,0,0,0,0,0,0,0,0,0,0,0,0,0,0,0,0,0,0,0,0,0,0,0,0,0,0,0,0,0,0,0,0,0,0,0,0,0,0,0,0,0,0,0,0,0,0,0,0.06925434619,0,0,0,0,0,0,0,0,0,0,0,0,0,0,9.535770369e-05,0,0,0,0,0,0,0,0,0.0004667124886,0,0,0,0,0,0,0.566993475,0.002373728668,0,0,0,0,0.1620877683,0,0.001191440737,0,0,0,0,0,0,0,0,0,0
67,0.0002250239631,0,8.388060087e-05,0,0.00364465476,0.005854509771,0,0.0001344165794,0,0,0,0,0,0,0,0,0,0,0,0,0,0,0,0,0,0,0,0,0,0,0,0,0,0,0,0,0,0,0,0,0,0,0,0,0,0,0,0,0,0,0,0,0,0,0,0,0,0,0,0,0,0,0,0,0,0,0,0,0,0,0,0,0,0,0,0,0,0,0,0,0,0,0,0,0,0,0,0,0,0,0,0,0,0.06453988701,0,0.004761904478,0,0.0009077587165,0,0,0,0,0,0,0,0,0,0,0.001106883399,0,0,0,0,0,0,0,0,0.001152706798,0,0,0,0,0,0,0.5296620727,0.008200817741,0,0,0,0,0.1206781715,0,0,0,0,0,0,0,0,0,0,0,0
68,5.350552965e-05,0,0.0001942600793,0.0001419079053,0.004434297793,0.007771075238,0,6.360731641e-05,0,0,1.364751142e-06,0,0,0,0,0,0,0,0,0,0,0,0,0,0,0,0,0,0,0,0,0,0,0,0,0,0,0,0,0,0,0,0,0,0,0,0,0,0,0,0,0,0,0,0,0,0,0,0,0,0,0,0,0,0,0,0,0,0,0,0,0,0,0,0,0,0,0,0,0,0,0,0,0,0,0,0,0,0,0,0,0,0,0.06388776004,0.003310490632,0,0,0,0.0005906011211,0,0,0,4.147294021e-05,0,0,0,0,0,0.001668216893,0,2.765626778e-05,0,0,0,0,0,0.000176613903,0.001833911287,0,0,0,0,0,0.001406616648,0.6221083999,0.01561672054,0,0,0,0,0.1169675589,0.0006233404856,0,6.630141434e-05,0.001368548721,0,0,0,0,0,0,0,0
69,0.0003564349608,9.180611232e-05,0.0002285070077,0,0.01000270806,0.02001494914,0,0.0005334845046,0,0,0,0,0,0,0,0,0,0,0,0,0,0,0,0,0,0,0,0,0,0,0,0,0,0,0,0,0,0,0,0,0,0,0,0,0,0,0,0,0,0,0,0,0,0,0,0,0,0,0,0,0,0,0,0,0,0,0,0,0,0,0,0,0,0,0,0,0,0,0,0,0,0,0,0,0,0,0,0,0,0,0,0,0,0.1222233623,0.005025942344,0.003425257048,0,0,0.000262082991,0.0001303932659,6.83727776e-05,0,0.0001534790936,0,0,0,0,0,0.00146458426,0,7.31484979e-05,0,0,0,0,0,3.320502583e-05,0.00286908471,0,0,0,0,0,0,0.7764316201,0.01699432917,0,0,0,0,0.208421737,0.0008892094484,0.0004257040564,3.046505117e-05,0.0007870227564,6.906656199e-05,0,0,0,0,0,4.560845628e-05,0
70,0.0001347867656,0,8.825657278e-05,0,0.01281732041,0.01781814918,0.002380952239,0.0001799128804,0,0,0,0,0,0,0,0,0,0,0,0,0,0,0,0,0,0,0,0,0,0,0,0,0,0,0,0,0,0,0,0,0,0,0,0,0,0,0,0,0,0,0,0,0,0,0,0,0,0,0,0,0,0,0,0,0,0,0,0,0,0,0,0,0,0,0,0,0,0,0,0,0,0,0,0,0,0,0,0,0,0,0,0,0,0.1446718872,0.005187267438,0.005203344859,0.002885596827,0,0.002999722958,0.003024912206,0.0007971336017,0.0004267902987,4.466907194e-05,0,0,0,0,0,0.001875951071,0,0,0,0,0,0,0,5.863186016e-05,0.002943268977,0,0,0,0,0,0,0.7686362863,0.01260518655,0,0,0,0,0.1254396886,0.000808149809,0.0002852238249,0.0006458277931,0,0,0,0,0,0,0,0,0
71,1.903891098e-05,0,1.405991588e-05,0,0.01000226941,0.01605229266,0,7.918112715e-06,0,0,0,0,0,0,0,6.519854196e-06,0,0,0,0,0,0,0,0,0,0,0,0,0,0,0,0,0,0,0,0,0,0,0,0,0,0,0,0,0,0,0,0,0,0,0,0,0,0,0,0,0,0,0,0,0,0,0,0,0,0,0,0,0,0,0,0,0,0,0,0,0,0,0,0,0,0,0,0,0,0,0,0,0,0,0,0,0,0.1401814967,0,0.002380952472,0.0006517380243,0,0,0,0,0,0,0,0,0,0,0,0.0003707841097,0,0,0,0,0,0,0,9.544567729e-05,0.0005232976982,0,0,0,0,0,0.0006800192641,0.6632554531,0.004798199981,0,0,0,0,0.1571840495,0.001303385012,0.002380952239,0,0.0009187860996,0,0,0,0,0,0,0,0
72,7.48164166e-05,0,1.823107777e-05,0,0.02013201639,0.0002046078298,0,0,0,0,0,0,0,0,0,0,0,0,0,0,0,0,0,0,0,0,0,0,0,0,0,0,0,0,0,0,0,0,0,0,0,0,0,0,0,0,0,0,0,0,0,0,0,0,0,0,0,0,0,0,0,0,0,0,0,0,0,0,0,0,0,0,0,0,0,0,0,0,0,0,0,0,0,0,0,0,0,0,0,0,0,0,0,0.1156971008,0.0004717911361,0,0,0,0,0,0,0,0.001493685879,0,0,0,0,0,0.003996159881,0,0,0,0,0,0,0,0,0.001036329195,0,0,0,0,0,1.476299985e-05,0.5794935822,0.008668842725,0,0,0,0,0.2554106414,0,0,0.003675129265,0.0001622126147,0,0,2.64121627e-06,0,0,0,0,0
73,0.0008747664397,0.0004509973223,5.672598945e-06,0,0.02029693313,0.008082542568,5.087065074e-05,0.0003514474956,0,0,0,0,4.18555345e-07,0,0,0,0,0,0,0,0,0,0,0,0,0,0,0,0,0,0,0,0,0,0,0,0,0,0,0,0,0,0,0,0,0,0,0,9.090881576e-06,0,0,0,0,0,0,0,0,0,0,0,0,0,0,2.86272043e-05,0,0,0,0,0,0,0,0,0,0,0,0,0,0,0,0,0,0,0,0,0,0,0,0,0,0,0,0,0,0.1754743159,0.001170064905,0.003116109176,5.356356633e-05,0.0007783483015,0,0.001817075536,0,0,0.000339604856,0,0,0,0,0,0.005202170927,0,6.506678619e-05,0,0,0,0.003388496349,0,0.001058992231,0.008301978,0,0,0,0,0,0,0.8036367297,0.0285812635,0,0,0,0,0.2582597435,0.001089278143,0.001476787613,0.001716387924,0.002823034069,0,0.002380952472,0.0001408561802,0,0,0,8.256921865e-05,0
74,0.0001494929747,0,0.0004951275187,0.0004162465048,0.001947004814,0.01137092989,0,0.0001609509782,5.751291155e-06,0,0,0,0,0,0,0,0,0,0,0,0,0,0,0,0,0,0,0,0,0,0,0,0,0,0,0,0,0,0,0,0,0,0,0,0,0,0,0,0,0,0,0,0,0,0,0,0,0,0,0,0,0,0,0,0,0,0,0,0,0,0,0,0,0,0,0,0,0,0,0,0,0,0,0,0,0,0,0,0,0,0,0,0,0.07052215189,0.002380952472,0.006319731474,0.002380952472,0,0.000823527691,0.001263427082,0,0,0.0001102884926,0,0,0,0,0,0.0001904286182,0,0,0,0,0,0,0,4.157948206e-05,0.0007578821969,0,0,0,0,0,0.002380952472,0.6279126406,0.01049518865,5.347308615e-05,0,0,0,0.1452489197,0.0007619722746,0,4.652352072e-05,0.002380952472,0,0,0.002380952472,0,0,0,0,0
75,0.0002142841986,0.0003116186417,0.0004231984203,0.002528854646,0.007849558257,0.02286805585,0.0009066971834,0.0003224762913,0,0,0,0,0,0,0,0,0,0,0,0,0,0,0,0,0,0,0,0,0,0,0,0,0,0,0,0,0,0,0,0,0,0,0,0,0,0,0,0,0,0,0,0,0,0,0,0,0,0,0,0,0,0,0,0,0,0,0,0,0,0,0,0,0,0,0,0,0,0,0,0,0,0,0,0,0,0,0,0,0,0,0,0,0,0.1233689487,0.0009391336353,0.001214223565,4.038379484e-05,2.227865662e-05,0.0004234488006,5.073060674e-05,2.415646122e-05,0,0,0,0,0,0,0,0.0003224975371,0,0,0,3.365201701e-05,0,0,0,6.257010682e-05,0.0009039116558,0,0,0,0.002380952472,0,0.005499736872,0.7190737128,0.01130977925,4.481084761e-05,0,0,0,0.2122444808,0.002810811857,0.005215582438,7.95445012e-05,0.002127287211,0.002380952472,0,0,0,0,0,2.72681591e-05,0
76,0,0,0,0,0.02046811767,0.0036762245,0,0.0002458015806,0,0,0,0,0,0,0,0,0,0,0,0,0,0,0,0,0,0,0,0,0,0,0,0,0,0,0,0,0,0,0,0,0,0,0,0,0,0,0,0,0,0,0,0,0,0,0,0,0,0,0,0,0,0,0,0,0,0,0,0,0,0,0,0,0,0,0,0,0,0,0,0,0,0,0,0,0,0,0,0,0,0,0,0,0,0.1086257175,0.0003322929551,0.003972970881,0.001017724862,0,0.0005941768177,0.002380952239,0,0,0,0,0,0.001261611353,0,0,0.003258259036,0,0.001045549405,0,0,0,0,0,0,0.001518161967,0,0,0,0,0,4.03473241e-05,0.572907567,0.007310080808,0,0,0,0,0.1945388019,0.002992125694,0.003014362184,0.001769431517,0.000135973838,0,0,0,0,0,0,0,0
77,0,0,0,0,0.01195036992,0.002380952239,0,0,0,0,0,0,0,0,0,0,0,0,0,0,0,0,0,0,0,0,0,0,0,0,0,0,0,0,0,0,0,0,0,0,0,0,0,0,0,0,0,0,0,0,0,0,0,0,0,0,0,0,0,0,0,0,0,0,0,0,0,0,0,0,0,0,0,0,0,0,0,0,0,0,0,0,0,0,0,0,0,0,0,0,0,0,0,0.1129846498,0,0,0,0,0,0,0,0,0,0,0,0,0,0,0.00127464463,0,0,0,0,0,0,0,0,0,0,0,0,0,0,0,0.3151999712,0.004101490136,0,0,0,0,0.08009199798,0,0,0,0,0,0,0,0,0,0,0,0
78,5.552488801e-06,0,0,0,0.01818743907,0,0,3.207286863e-05,0,0,0,0,0,0,0,0,0,0,0,0,0,0,0,0,0,0,0,0,0,0,0,0,0,0,0,0,0,0,0,0,0,0,0,0,0,0,0,0,0,0,0,0,0,0,0,0,0,0,0,0,0,0,0,0,0,0,0,0,0,0,0,0,0,0,0,0,0,0,0,0,0,0,0,0,0,0,0,0,0,0,0,0,0,0.1305643469,0,0,0,0,0,0,0,0,0,0,0,0,0,0,0,0,0,0,0,0,0,0,0,0.0004110161972,0,0,0,0,0,0,0.3950941265,0.0006293861079,0,0,0,0,0.110958159,0,0,0,4.784172052e-05,0,0,0,0,0,0,0,0
79,0,0,0,0,0.01268308982,0.0009316532523,0,2.380862861e-05,0,0,0,0,0,0,0,0,0,0,0,0,0,0,0,0,0,0,0,0,0,0,0,0,0,0,0,0,0,0,0,0,0,0,0,0,0,0,0,0,0,0,0,0,0,0,0,0,0,0,0,0,0,0,0,0,0,0,0,0,0,0,0,0,0,0,0,0,0,0,0,0,0,0,0,0,0,0,0,0,0,0,0,0,0,0.09936065227,0,0.002380952239,0,0,0,0,0,0,0,0,0,0,0,0,0,0,0,0,0,0,0,0,0,6.78864526e-05,0,0,0,0,0,0,0.5144661069,0.004444168881,0,0,0,0,0.1401603818,0.0004561120586,0,0,0.0009578646859,0,0,0,0,0,0,0,0
80,0.0002523135045,2.508860962e-05,0.0002739166375,0.0002023436391,0.01738889329,0.02191097848,0,0.0005883827689,0,0,1.594143396e-05,2.001191024e-05,0,0,0,0,0,0,0,0,0.000691561494,0,0,0,0,0.0005543426378,0,0,0,0,0,0,0,0,0,0,0,0,0,0,0,0,0,0,0,0,0,0,0,0,0,0,0,0,0,0,0,0,0,0,0,0,0,1.908702188e-06,0,0,0,0,0,0,0,0,0,0,0,0,0,0,0,0,0,1.832917405e-06,0,0,0,0,0,0,0,0,0,0,0,0.2079331577,0.005383144133,0.006163701415,0.0006587964599,0.0007968828431,0.0002576506231,0.001228283742,0.0008304314106,0.0003444527683,5.638342373e-06,0,0,0.001056691632,1.510412039e-05,1.125489462e-06,0.002339612693,0,0,0,1.529903784e-05,0,0.0002462904376,0,8.247595542e-05,0.002646801062,6.548886449e-05,0,0,0,5.813026655e-05,7.136309432e-05,0.8113619685,0.01492521726,0.0004333505058,0.0006506734644,0,0,0.1796684116,0.0008642207831,0.001687794458,0.0005311002024,0.005177216139,0.0006407258916,0.0001405926596,0.002186432714,8.737538883e-05,0.0001999768137,0.0001767721842,1.417244403e-05,0
81,2.422578518e-06,0,0,0,0.03683725372,0.01548789255,0,8.551810606e-05,0,0,0,0,0,0,0,0,0,0,0,0,0,0,0,0,0,0,0,0,0,0,0,0,0,0,0,0,0,0,0,0,0,0,0,0,0,0,0,0,0,0,0,0,0,0,0,0,0,0,0,0,0,0,0,0,0,0,0,0,0,0,0,0,0,0,0,0,0,0,0,0,0,0,0,0,0,0,0,0,0,0,0,0,0,0.1898451,0.002929864917,0,0.001532088616,0,0,0,0,0,0,0,0,0,0,0,0.0001889227424,0,0,0,0,0,0,0,0,0.0002489185426,0,0,0,0,0,3.567519161e-05,0.7272419333,0.003463617526,0,0,0,0,0.1748096198,0.003736905986,0,0,0,0,0,0,0,0,0,0,0
82,0.0005933200009,0.0002316062455,0.000319441664,0.0008530503837,0.01242101472,0.0265136119,0.0003217972699,0.0008829057333,0,0,7.301129244e-06,3.137514068e-05,0,0,0.0009879720164,5.503310967e-05,0.0006314134807,0,0,0,0,0,0,0,0.002380952472,0,0,0,0,0,0,0,0,0,0,0,0,0,0,0,0,0,0,0,0,0,0,0,0,0,0,0,0,0,0,0,0,0,0,0,0,0,0,0,0,0,0,0,0,0,0,0,0,0,0,0,0,0,0,1.832917405e-06,0,0,0,0,0,0,0,0,0,0,0,0,4.334395953e-07,0.1523724794,0.002203718992,0.003836018499,0.000177501468,0.0001620478288,0.0002535177919,0.0006438692799,5.763945592e-05,2.826700256e-05,0.0001518275676,0,0.0001817955199,0,0,7.690320672e-06,0.002327437047,4.359483501e-05,2.369011054e-05,0,8.109193004e-06,2.6850837e-06,0.0002806388366,0,0.0005504653091,0.002710370347,0,0.0001430904958,0,6.236020999e-05,0,0.002957705176,0.785633862,0.01520630345,0,0,1.594058403e-06,0,0.2126022428,0.003933900036,0.001596385613,0.0005306594539,0.003400495043,0.0006383974105,0,0.0007646692684,0,0,0,1.616883674e-05,5.370209692e-06
83,0.0002912293712,0,0,0,0.005108295009,0.01154865511,0.002380952472,0.0002315841411,0,0,0,0,0,0,0,0,0,0,0,0,0,0,0,0,0,0,0,0,0,0,0,0,0,0,0,0,0,0,0,0,0,0,0,0,0,0,0,0,0,0,0,0,0,0,0,0,0,0,0,0,0,0,0,0,0,0,0,0,0,0,0,0,0,0,0,0,0,0,0,0,0,0,0,0,0,0,0,0,0,0,0,0,0,0.04378989339,0,0.002380952472,0,0,0,0.0001936483168,0,0,0,0,0,0,0,0,7.815452409e-05,0,0,0,0,0,0,0,0,0.0005308678374,0,0,0,0,0,0,0.4171051979,0.005829160102,0,0,0,0,0.1144417003,0.001011651126,0.002380952472,0,0,0,0,0,0,0,0,0,0
84,0.0004754455877,0,0.0001722226734,0,0.01005371101,0.002124790102,0,0.0009415462264,0,0,0,0,0,0,0,0,0,0,0,0,0,0,0,0,0,0,0,0,0,0,0,0,0,0,0,0,0,0,0,0,0,0,0,0,0,0,0,0,0,0,0,0,0,0,0,0,0,0,0,0,0,0,0,0,0,0,0,0,0,0,0,0,0,0,0,0,0,0,0,0,0,0,0,0,0,0,0,0,0,0,0,0,3.236334669e-05,0.1202147678,0.002322557149,0.0008532837383,0,3.453209865e-05,0,0,0.0002280237386,0.0001075333275,0.0004223544965,0,0,0,0,0,0.0001038980918,0,7.101725714e-06,0,0,0,0,0,0,0.001986040268,0,0,0,0,0,0,0.7346972823,0.01246493589,0,0,0,0,0.1959122121,0.004852835555,0,0.0004036917235,0.001522414386,0.001795342308,0,0,0,0,0,0,0
85,0.0003554956056,0,0.0001393302955,0.0001086255579,0.01002628356,0.005199851934,0,0.001246356056,0,0,0,0,0,0,0,0,0,0,0,0,0,0,0,0,0,0,0,0,0,0,0,0,0,0,0,0,0,0,0,0,0,0,0,0,0,0,0,0,0,0,0,0,0,0,0,0,0,0,0,0,0,0,0,0,0,0,0,0,0,0,0,0,0,0,0,0,0,0,0,0,0,0,0,0,0,0,0,0,0,0,0,0,0,0.1023010537,0.001567935687,0,0,0,0,0,0,0,0,0,0.002380952472,0,0,0,0.0006649725256,0,0,0,0,0,0,0,0,0.003124136711,0,0,0,0,0,0,0.7536314726,0.01171294693,0,0,0,0,0.1988551021,0.0009851766517,0.0004734888789,0,0.0008341570501,0,0,0,0,0,0,0,0
86,0.0003368213074,0,0.0002912281197,0,0.00611085631,0.00750077609,0,0.0003477688879,0,0,0,0,0,0,0,0,0,0,0,0,0,0,0,0,0,0,0,0,0,0,0,0,0,0,0,0,0,0,0,0,0,0,0,0,0,0,0,0,0,0,0,0,0,0,0,0,0,0,0,0,0,0,0,0,0,0,0,0,0,0,0,0,0,0,0,0,0,0,0,0,0,0,0,0,0,0,0,0,0,0,0,0,0,0.09919831157,0.003246612381,0.0003479311999,0,0,0,0,7.866638771e-05,0,8.510448242e-05,0,0,0,0,0,0.001081119524,0,0,0,0,0,0,0,2.00444174e-05,0.0009999271715,0,0,0,0,0,0,0.7318869233,0.01008719858,0.0001589008461,0,0,0,0.1778266132,0.003874668851,0.002380952472,0,0.0007229944458,0,0,0,0,0,0,0,0
87,0,0,0.0001604332501,0.002380952472,0.01002766751,0.002380952239,0,0,0,0,0,0,0,0,0,0,0,0,0,0,0,0,0,0,0,0,0,0,0,0,0,0,0,0,0,0,0,0,0,0,0,0,0,0,0,0,0,0,0,0,0,0,0,0,0,0,0,0,0,0,0,0,0,0,0,0,0,0,0,0,0,0,0,0,0,0,0,0,0,0,0,0,0,0,0,0,0,0,0,0,0,0,0,0.05800710991,0,0,0,0,0,0,0,0,0,0,0,0,0,0,0,0,0,0,0,0,0,0,0,0.0009061375167,0,0,0,0,0,4.868227188e-05,0.3379184008,0.003298201598,0,0,0,0,0.1127725467,0.002380952472,0,0,7.547850691e-05,0,0,0,0,0,0,0,0
88,0,0,0,0,0.004662349354,0.002380952472,0,0,0,0,0,0,0,0,0,0,0,0,0,0,0,0,0,0,0,0,0,0,0,0,0,0,0,0,0,0,0,0,0,0,0,0,0,0,0,0,0,0,0,0,0,0,0,0,0,0,0,0,0,0,0,0,0,0,0,0,0,0,0,0,0,0,0,0,0,0,0,0,0,0,0,0,0,0,0,0,0,0,0,0,0,0,0,0.04350874573,0,0,0,0,0,0,0,0,0,0,0,0,0,0,0,0,0,0,0,0,0,0,0,0.0009009814821,0,0,0,0,0,6.446838233e-05,0.2813590467,0.002842052141,0,0,0,0,0.09177197516,0,0,0,0.000113845781,0,0,0,0,0,0,0,0
89,0,0,8.911131772e-06,0,0.04148808494,0.01384515595,0,0,0,0,0,0,0,0.0009442776209,0,0,0,0,0,0,0,0,0,0,0,0,0,0,0,0,0,0,0,0,0,0,0,0,0,0,0,0,0,0,0,0,0,0,0,0,0,0,0,0,0,0,0,0,0,0,0,0,0.001301729004,0,0,0,0,0,0,0,0,0,0,0,0,0,0,0,0,0,0,0,0,0,0,0,0,0,0,0,0,0,5.232988769e-06,0.1957720667,0.005654108245,0.005662673619,0.0004984206753,0.001095974352,0,0.002259166213,0.0004933657474,0,0.00157447008,0,0,0,0,0,0.002335427562,0,0.0005759096239,0,0,0.0005354445893,0,0,0.002380952239,0.001527869957,0,0,0,0,0,1.646550845e-05,0.7755938172,0.01513727102,0,3.320983296e-06,0,0,0.2714927793,0.0004080452491,0.002380952472,0.001223152038,5.679479e-05,0,0,0,0,0,0,0,0
90,2.137026968e-06,0,2.038367256e-06,2.834144834e-05,0.02984861843,0.01873172261,0,5.751904246e-05,0,0,0,0,0,0,0,0,0,0,0,0,0,0,0,0,0,0,0,0,0,0,0,0,0,0,0,0,0,0,0,0,0,0,0,0,0,0,0,0,0,0,0,0,0,0,0,0,0,0,0,0,0,0,0,0,0,0,0,0,0,0,0,0,0,0,0,0,0,0,0,0,0,0,0,0,0,0,0,0,0,0,0,0,0,0.1966133714,0,0,0,0,0,0.0003178965999,0,0,0,0,0,0,0,0,0.002874532249,0,0.0001696810214,0,0,0.000105733292,0,0,0.001289121225,0.0004523876705,0,0,0,0,0,6.842894072e-05,0.7146072388,0.005409067962,0,0,0,0,0.1761845648,0.003453817917,0,0,0,1.284244263e-06,0,0,0,0,0,0,0
91,0,0,0,0,0.02345873974,0.004094365053,0,0,0,0,0,0,0,0,0,0,0,0,0,0,0,0,0,0,0,0,0,0,0,0,0,0,0,0,0,0,0,0,0,0,0,0,0,0,0,0,0,0,0,0,0,0,0,0,0,0,0,0,0,0,0,0,0,0,0,0,0,0,0,0,0,0,0,0,0,0,0,0,0,0,0,0,0,0,0,0,0,0,0,0,0,0,0,0.150174588,0,0,0,0,0,0,0,0,0,0,0,0,0,0,2.260053952e-05,0,0,0,0,0,0,0,0,0.0009995888686,0,0,0,0,0,0.0006976948353,0.5861744881,0.006396741141,0,0,0,0,0.1515666544,0,0,0,0,0,0,0,0,0,0,0,0
92,0.0004600599641,0,0.000605577603,0,0.02717869356,0.04670366272,0,0.001006959705,0,0,0,0,0,0,0,0,0,0,0,0,0,0,0,0,0,0,0,0,0,0,0,0,0,0,0,0,0,0,0,0,0,0,0,0,0,0,0,0,0,0,0,0,0,0,0,0,0,0,0,0,0,0,0,0,0,0,0,0,0,0,0,0,0,0,0,0,0,0,0,0,0,0,0,0,0,0,0,0,0,0,0,0,0,0.1787496209,0.0002824340772,0.0001060647555,1.079765025e-05,1.234426327e-05,2.320008389e-05,0,1.870686356e-05,3.894274869e-06,0.0007906475803,0.001311891479,0.0005544838496,0.0009725175332,0,0,9.309773304e-05,0,3.628317427e-05,0,0,0,0,0,0.0004729530192,0.003954370506,0,0,0,0,0,0.001940882183,0.8027229905,0.01244907267,0,0,0,0,0.1990170479,0.002304332796,0.002380952472,0.0006259759539,0.00184750848,0,0,0,0,0,0,8.076947415e-05,9.618788317e-05
93,0.0004146849387,0.000175355759,0.0003843743762,0.001185054192,0.0127956057,0.0213526357,0.007164080627,0.0006096785073,0,0,3.779854887e-05,0.0002106057655,0,0,0,4.608173913e-05,0,0,0,0,0,0,0,0,0,0,0,0,0,0,0,0,0,0,0,0,0,0,0,0,0,0,0,0,0,0,0,0,4.316931154e-06,0,0,0,0,0,0,0,0,0,0,0,0,0,0,0,0,0,0,0,0,0,0,0,0,0,0,0,0,0,0,0,0,4.334395953e-07,0,3.236334669e-05,0,0,0,0,5.232988769e-06,0,0,0,0,0.1602213085,0.002806293545,0.006064528134,0.0003607310064,0.0004310453369,0.0003947632213,0.001494365279,0.0001136654464,5.998269626e-05,0.0002348569978,0.00017296843,0,0.0006599558401,0,0,0.002359576523,0,3.864273094e-05,0,1.19595361e-05,0,0.0009963603225,0,0.0001557207434,0.001883129124,0,0,0,0,0,0.001180178253,0.79285115,0.01416248269,2.603136636e-05,0,1.80836355e-06,0,0.2115483135,0.002925991779,0.002256105654,0.0004355788114,0.001896745758,0.00110324251,0,0.000272973266,0,0.0007197589148,0,6.995542935e-05,1.160845386e-06
94,0.1357963681,0.09236919135,0.1000114232,0.08492974192,0.3943198919,0.4772535861,0.1720688045,0.09033441544,0.1525202245,0.09139449149,0.1454064101,0.07969177514,0.1836326271,0.07624613494,0.05070361868,0.103807129,0.06328050792,0.02466796152,0.03558845446,0.04137042165,0.02541689575,0.03661198914,0.01906188577,0.01185268164,0.01743801683,0.02911689132,0.01438911352,0.00765168108,0.005764322355,0.009739770554,0.01114973798,0.01435779687,0.01312946994,0.003001272678,0.01284758095,0.00572996214,0.005407822784,0,0.002380952472,0,0.002380952472,0,0,0.1802641451,0.2183045,0.1220470667,0.1753671765,0.1976608187,0.1904845536,0.1864230931,0.1845485866,0.1356491596,0.01962023228,0.01810628921,0.01851793006,0.01190476213,0.0595439449,0.1091602445,0.1443125457,0.09766109288,0.03556248173,0.1067925692,0.1481327266,0.1492387503,0.05971075594,0.06925434619,0.06453988701,0.06388776004,0.1222233623,0.1446718872,0.1401814967,0.1156971008,0.1754743159,0.07052215189,0.1233689487,0.1086257175,0.1129846498,0.1305643469,0.09936065227,0.2079331577,0.1898451,0.1523724794,0.04378989339,0.1202147678,0.1023010537,0.09919831157,0.05800710991,0.04350874573,0.1957720667,0.1966133714,0.150174588,0.1787496209,0.1602213085,0,0.03597837687,0.04565908387,0.08048206568,0.1191322431,0.1511914581,0.03364492208,0.1131273285,0.1906218827,0.1695278585,0.1220221147,0.08153599501,0.0404603295,0.01252649818,0.06271278858,0.01590661705,0.03509306908,0.13896887,0.01284891367,0.139785096,0.04281450436,0.0707488656,0.04368020594,0.1050038114,0.1382827759,0.1294012815,0.1094549298,0.2533910871,0.1439716071,0.2184773982,0.1609887332,0.8165361881,0.1140966341,0.08716925979,0.08245193958,0.2171042413,0.2318657488,0.5110771656,0.1616567373,0.1306997538,0.06032025069,0.100577943,0.09797176719,0.2464856207,0.1515699327,0.2407733351,0.04522856325,0.07818771899,0.1908584684,0.2197942734
95,0.004454039503,0.003890931839,0.002779466566,0.009219718166,0.0454727374,0.06658245623,0.00805973541,0.004733743612,0.002322214888,0.002380952239,0.004072110634,0.01079074666,0.0004157306685,0.0110271005,0.005758399144,0.005950489081,0.004023273941,0,0.002678879537,0.0002251558326,0.0008259041933,0.002930512186,0.002380952472,0.003642584197,0.001442193286,0,0.003584708087,0,0.002380952472,0,0,0,0,0,0,0,0,0,0,0,0,0,0,0.0002047032904,3.3245753e-05,0.0001974397019,3.358733011e-05,0,0.0002514611406,5.109134872e-05,6.186289102e-05,0.003507846501,0.004761904944,0,0,0,0,0.003774472745,0.005535767414,0,0,0.003237703117,0.001523652347,0.005958274007,0,0,0,0.003310490632,0.005025942344,0.005187267438,0,0.0004717911361,0.001170064905,0.002380952472,0.0009391336353,0.0003322929551,0,0,0,0.005383144133,0.002929864917,0.002203718992,0,0.002322557149,0.001567935687,0.003246612381,0,0,0.005654108245,0,0,0.0002824340772,0.002806293545,0.03597837687,0,0.0001106788477,5.486137525e-05,7.134015323e-05,0.0004665797751,0.0006809256738,0.0002059576364,0.0004462269717,0.01172868721,0.01060206164,0.03144954145,0.02935064025,0.007040033583,0.00900091324,0.0003945631324,0.01769295521,0.00289504067,0.007236486766,0.01012767293,0.01014817599,0.03068691492,0.004194421694,0.03747338429,0.007368051913,0.01583795995,0.001071640756,0.002054220997,0.006032132544,0.004079631064,0.005542899948,0.6523823142,0.0241158884,0.005971996114,0.01206566207,0.003626728663,0.009026229382,0.2874719501,0.01975538954,0.02771243453,0.01014751196,0.00655798614,0.009904259816,0.003959577065,0.003499091603,0.008855046704,0.01047830936,0.0009515747079,0.001472894568,0.003771360032
96,0.01042102091,0.00567228999,0.006319826003,0.02752806991,0.05200659484,0.11799898,0.01746592112,0.01640449092,0.001054435386,0,0.01284231804,0.009228057228,0.0009927687934,0.004275723826,0.0004079466453,0.01282452606,0.007852688432,0.001207879279,0.002472831635,0.003761329222,0.0007759594009,0.0005570137873,0,0,0.0008008601726,0.003025558079,0,0,0.002380952472,0,0,0,0,0,0,0,0.002380952472,0,0,0.002380952472,0,0,0,0.0002588461211,2.136003241e-05,0.000518583518,0.0003535907308,0.0001109083969,0.0003409458441,9.114426939e-05,0.0003115774307,0.006468040869,0,0,0,0,0,0.009342638776,0.004321002867,0.001094659674,0,0,0.002586623421,0.02563917637,0,0,0.004761904478,0,0.003425257048,0.005203344859,0.002380952472,0,0.003116109176,0.006319731474,0.001214223565,0.003972970881,0,0,0.002380952239,0.006163701415,0,0.003836018499,0.002380952472,0.0008532837383,0,0.0003479311999,0,0,0.005662673619,0,0,0.0001060647555,0.006064528134,0.04565908387,0.0001106788477,0,0.001168502145,0.0001274203678,2.847698852e-05,0.002528227633,0.000696729694,0.0001175849247,0.01626726799,0.0171619691,0.03640086576,0.03327623755,0.009827621281,0.01037385408,0.002308527241,0.0218755547,0.002441302408,0.001206866349,0.01231667399,0.01625976898,0.05365494639,0.01298382413,0.05156872794,0.01449656207,0.02567573078,0.0002837836219,0.002246270422,0.000950159796,0.01165572368,0.005436243955,0.6829237938,0.04297454655,0.01472240873,0.02408177778,0.00265455991,0.00233200565,0.3975729644,0.04285520688,0.04959338531,0.01979751699,0.009021401405,0.01231067721,0.00314693246,0.003450487973,0.005807553418,0.01763205603,0.006597848609,0.0004289793142,0.003519383958
97,0.001188320923,0.001815266791,0.0008683903143,0.006009234581,0.03828622401,0.03194203973,0.007390865125,0.001203752356,0.0005062960554,0.002380952472,0.001054451684,0.001058866386,0.0003461913147,0.0003897755523,0,0.0009549002862,0.0009430811624,0,0,0,0,0,0.002380952472,0,0,0,0,0,0,0,0,0,0,0,0,0,0,0,0,0,0,0,0,0,0,0,0,3.639717761e-05,1.710297147e-05,0,3.713352271e-06,7.756271225e-05,0,0,0,0,0,0.002380952472,0,0,0.002380952472,0.0006361523992,0.00040526464,0.001413046848,0,0,0,0,0,0.002885596827,0.0006517380243,0,5.356356633e-05,0.002380952472,4.038379484e-05,0.001017724862,0,0,0,0.0006587964599,0.001532088616,0.000177501468,0,0,0,0,0,0,0.0004984206753,0,0,1.079765025e-05,0.0003607310064,0.08048206568,5.486137525e-05,0.001168502145,0,2.714284892e-05,0.0005775417085,9.876857803e-05,2.011954894e-05,0.0001647546742,0.003300887765,0.005729502533,0.0206440594,0.01430581324,0.000809629506,0.0005901050754,0.0003285344283,0.015492443,0.001316264272,0.002380952472,0.004462531302,0.00154617778,0.01388924196,0.008049365133,0.02356440946,0.004345810506,0.008902076632,0,0.000388528133,0.0005709154066,0.007641415112,0.005309676751,0.7092721462,0.01536279544,0.002602171153,0.005483052693,0.0008619807777,0.001645998564,0.1850123703,0.007128544152,0.01298766863,0.006988195702,0.007125839591,0.005563391373,0.001483936212,0.002318738028,0.001681556925,0.007812242489,0.002984211314,0.0002574006503,0.004454084672
98,0.001486634836,0.002744230209,0.0009966227226,0.008829540573,0.03714806959,0.04308419675,0.005528922658,0.001524545252,0.0001508877467,0,0.001308312756,0.004125810694,0.0001923792152,0.003404621966,0.002989093075,0.002983759157,0.0006700396771,0,0.0001846577798,0.0002085614542,0,0,0,0,0.003632362001,0,0.001064679585,0,0,0,0,0,0,0,0,0,0,0,0,0.002380952472,0,0,0,0.0001241422142,0,0,0,6.953091361e-05,3.48929575e-06,2.084841435e-05,5.832951501e-06,0.0003638728813,0,0,0,0,0,0.001461661188,0.0005307582323,0,0,0.002380952472,0.0002417266951,0.001436884166,0,0,0.0009077587165,0,0,0,0,0,0.0007783483015,0,2.227865662e-05,0,0,0,0,0.0007968828431,0,0.0001620478288,0,3.453209865e-05,0,0,0,0,0.001095974352,0,0,1.234426327e-05,0.0004310453369,0.1191322431,7.134015323e-05,0.0001274203678,2.714284892e-05,0,6.405878958e-05,0.003964486532,3.40342267e-05,1.798630547e-05,0.005395789165,0.00664010644,0.02586553805,0.02208043821,0.008345519193,0.00621967623,0.002787098056,0.01148681343,0.003326865146,0.006658114027,0.005893832538,0.009041713551,0.03303199634,0.004587272182,0.02604854479,0.005614519119,0.01385205984,0,0.004065203946,0,0.004934611265,0.003283409635,0.7351478934,0.02051279694,0.01180309523,0.01314125303,0.001063721254,0.001486478723,0.2203059942,0.009251623414,0.01526844408,0.01412159298,0.006285754964,0.006479500327,0.003200511914,0.002580296481,0.00159546081,0.009769214317,0.001927680103,0.0001940618531,0.001517989207
99,0.004046110902,0.002451156266,0.002884119283,0.01007698197,0.06514777988,0.1437567472,0.003686273471,0.00637145713,0.0002646693902,0,0.001390672754,0.001617603702,4.808955782e-05,0,0.0008854232728,0.001938211266,0.002624102635,0.002380952239,0,0,0.002027589828,0.003629691433,0,0,0.002380952472,0,0,0,0,0,0,0.001279712305,0,0,0,0,0,0,0,0,0,0,0,5.264287029e-05,0,0.000659396057,1.133323349e-05,3.202514335e-06,3.850620487e-06,0,3.095517241e-05,0,0,0,0,0,0,0,0.0002494513465,0.001274611219,0,0,0.0004156109353,0.001377518056,0,0,0,0.0005906011211,0.000262082991,0.002999722958,0,0,0,0.000823527691,0.0004234488006,0.0005941768177,0,0,0,0.0002576506231,0,0.0002535177919,0,0,0,0,0,0,0,0,0,2.320008389e-05,0.0003947632213,0.1511914581,0.0004665797751,2.847698852e-05,0.0005775417085,6.405878958e-05,0,0.004271253012,0.0001695292158,4.131117748e-06,0.00350629678,0.001966911368,0.01834090799,0.02887354232,0.005531598348,0.001972754486,0.007330799941,0.01461006608,0.000573614554,0.002380952472,0.00171022024,0.005895539187,0.02914394625,0.003328947583,0.02532882616,0.008306187578,0.00210528099,0.002380952239,5.627829159e-05,0.0007719267742,0.0005431087338,0.005982748698,0.8278293014,0.03536422178,0.002901968313,0.01483226568,6.923613546e-05,0.0001059545611,0.3104932904,0.01932199672,0.02834531292,0.01253587194,0.007887361571,0.007634054869,0.0003115743748,0.001967870165,0.0002574747195,0.01499983203,0.0004875011218,2.671156835e-05,0.0001081131632
100,0.002835251158,0.001221460872,0.001481138286,0.003473186633,0.06797019392,0.06166930497,0.00901477132,0.002786353463,0.001654597465,0.0020698437,0.002879659412,0.009400771931,0.0006631581346,0.006399940699,0.009523809887,0.004751478322,0.001076334273,0.0006375054945,0.002849934623,0.0002611737873,0.0007470919518,0,0,0,0.0005233284319,0,0,0,0,0,0,0,0,0,0,0,0,0,0,0.002380952472,0,0,0,0,0,9.213000158e-05,0,0.0003287289583,0.0002106667234,0.0003900951124,2.627898539e-05,0.001934091095,0,0,0,0,0,0.00207735342,0.0001020320415,0,0.002380952239,0.0009500838351,0.001064638374,0.002443997422,0,0,0,0,0.0001303932659,0.003024912206,0,0,0.001817075536,0.001263427082,5.073060674e-05,0.002380952239,0,0,0,0.001228283742,0,0.0006438692799,0.0001936483168,0,0,0,0,0,0.002259166213,0.0003178965999,0,0,0.001494365279,0.03364492208,0.0006809256738,0.002528227633,9.876857803e-05,0.003964486532,0.004271253012,0,2.615037738e-05,0.0003709390585,0.001343459822,0.004047520459,0.006616916973,0.0009932941757,0.0001660875714,0.0006600070628,7.119630027e-05,0.0008278741152,0.0001378599118,0.0002871638862,0.0007780354354,0.0005258865422,0.001339032431,0.0001634982764,0.004369751085,0.005214739591,0.0008424347034,0.001107855351,0.001597109484,0,0.0002877491643,0.01038722321,0.6062988043,0.007022419479,0.0006530556129,0.00201190426,0.0003859993303,0.003450671211,0.1801451594,0.003568927059,0.0001375149586,6.323200068e-05,0.008845004253,0.001650411985,0.004950895905,0.002678141464,0.00187209947,0.0006036571576,1.610384061e-05,0.003143142443,0.00171158195
101,0.0008330619894,0.0006034326507,0.0006623340305,0.001065699616,0.05485812947,0.03543771058,0.01092764456,0.0008523980505,9.319202218e-05,0.0003938387963,0.0003651602892,0.00419149315,8.931406228e-06,0.001188619179,0.001504299929,0.0008850627928,3.924289194e-05,0,0,0.000148135965,0.0001525266707,0,0,0,0,0.0001002590143,0,0,0,0,0,0.002380952472,0,0,0,0,0,0,0,0,0,0,0,0,0,0,0,0,5.18539855e-06,0,5.059625892e-07,5.584997052e-05,0,0,0,0,0,0,0.0001089987345,3.654545435e-05,0,7.814352284e-05,7.004694635e-05,0.0003965490323,0,0,0,0,6.83727776e-05,0.0007971336017,0,0,0,0,2.415646122e-05,0,0,0,0,0.0008304314106,0,5.763945592e-05,0,0.0002280237386,0,7.866638771e-05,0,0,0.0004933657474,0,0,1.870686356e-05,0.0001136654464,0.1131273285,0.0002059576364,0.000696729694,2.011954894e-05,3.40342267e-05,0.0001695292158,2.615037738e-05,0,1.309251365e-05,0.0008405073313,0.001008648542,0.006512484513,0.00551320333,0.001162391971,0.001171494485,0.0003005414619,0.007209133357,3.123377246e-05,0.001187864225,0.000521429698,0.0004115417833,0.006575145759,0.001499626436,0.008697398938,0.003904515645,0.004929463845,0,0.0009569692193,0.0006616763421,0.001806387794,0.004390951246,0.7251195312,0.01400654949,0.000305336871,0.002364825923,9.483576287e-05,0.0008542733849,0.1486134678,0.003236348508,0.004973583389,0.000523841125,0.0102971578,0.003721460933,0.003212886862,0.004768723622,0.005564376712,0.003966658376,0.0005032689078,5.079934999e-05,0.0004077468766
102,0.0007974458276,0.001253485912,0.0004812147527,0.00109554315,0.07354206592,0.05091773346,0.006772263907,0.0009020472062,6.704209954e-05,0,0.0002403523686,0.001192187774,0,0.0002986419131,0.00256871758,0.0006441922742,0.002645812929,0,0,0.0004136513453,0,0,0,0,0,0,0,0,0,0,0,0,0,0,0,0.0008954943041,0,0,0,0,0,0,0,0,2.871548531e-05,0,7.98957808e-06,0,0,0,6.642406788e-06,5.241294639e-05,0,0,0,0,0,0.002582283923,0,0,0,0,4.428356533e-06,0.0002406164422,0,0,0,0,0,0.0004267902987,0,0,0,0,0,0,0,0,0,0.0003444527683,0,2.826700256e-05,0,0.0001075333275,0,0,0,0,0,0,0,3.894274869e-06,5.998269626e-05,0.1906218827,0.0004462269717,0.0001175849247,0.0001647546742,1.798630547e-05,4.131117748e-06,0.0003709390585,1.309251365e-05,0,0.0005193110555,0.0007829712704,0.004889039788,0.005295188632,0.001867588609,0.0005849627196,0.001597733237,0.004263310228,3.990828191e-05,0,0.0005100387498,0.0004491472791,0.00574246794,1.01577798e-05,0.003876700765,0.003220526734,0.004834055901,0,0.0002147450577,0.0004454341251,0,0.006175626069,0.8197749853,0.0159384422,0.0002609824296,0.004999774974,2.466953629e-05,0.0003101408656,0.1559728533,0.002925238572,0.006413642317,0.001451047836,0.01020834222,0.00302517321,0.0007458230248,0.0009893509559,0,0.0005134006497,0.0002621763269,1.514729956e-05,4.442784484e-05
103,0.003470657859,0.00102441269,0.0006526121288,0.0006628184929,0.1078064069,0.08756632358,0.01046513207,0.003877715673,0.0001697698171,0.0006110997638,0.0004073196615,0.002217747504,0,0.001151236007,0,0.001212973846,0.002632060321,0,0.0001555034687,0.0006992344861,0,0,0,0,0,0.002380952472,0,0,0,0.002380952472,0,0,0,0,0,0,0,0,0,0,0,0,0,0,0,0.0002173436951,0.0002862110559,0.001890825457,0.0002749507839,0,2.344133645e-05,0.0001620821131,0,0,0.0001841475605,0,0,2.945980486e-05,5.517484624e-06,0.0005978667759,0,0.0001837236196,0.0003900281154,0.0001230267517,0,0,0,4.147294021e-05,0.0001534790936,4.466907194e-05,0,0.001493685879,0.000339604856,0.0001102884926,0,0,0,0,0,5.638342373e-06,0,0.0001518275676,0,0.0004223544965,0,8.510448242e-05,0,0,0.00157447008,0,0,0.0007906475803,0.0002348569978,0.1695278585,0.01172868721,0.01626726799,0.003300887765,0.005395789165,0.00350629678,0.001343459822,0.0008405073313,0.0005193110555,0,2.082556193e-06,1.908232662e-05,0.0004914416349,0.0001165118811,7.308113709e-05,0.002757744165,0.000101611542,8.901174442e-05,0,6.411279901e-05,5.113816951e-05,0.0001976952626,1.436757702e-05,2.98328614e-05,0.001419319306,5.849149966e-05,0,0,6.322837726e-05,0.0004278220877,0.01448949892,0.7435884476,0.009012484923,8.014763443e-05,0.0001717313426,0.0002624440822,0.0002241905459,0.02832112834,0.0001778946462,0.0001032546934,0.0003181127831,0.007942785509,0.0001784564665,0.002743249759,0.00260489434,0.0003276770876,0.0003832283546,0.0002490444749,0.000170710613,0.0001521031663
104,0.0009699381771,4.997701035e-05,3.721382018e-05,0.000230700316,0.05515072867,0.03410996869,0,0.000775463006,0,0,0,0,0.0005784719251,0,0,0.0003578262113,0.0001093944811,0,0,0,0,0,0,0,0,0,0,0,0,0,0,0,0,0,0,0,0,0,0,0,0,0,0,0,0,0,0,0,0,0,0,0,0,0,0,0,0,0,0,0,0,0,0.0002938202524,5.456879808e-05,0,0,0,0,0,0,0,0,0,0,0,0,0,0,0,0,0,0,0,0,0,0,0,0,0,0,0,0.001311891479,0.00017296843,0.1220221147,0.01060206164,0.0171619691,0.005729502533,0.00664010644,0.001966911368,0.004047520459,0.001008648542,0.0007829712704,2.082556193e-06,0,3.383474905e-07,2.638482329e-05,1.480726837e-06,0,0.001874162117,3.093616897e-06,7.986843411e-05,0,0,0,3.168193143e-05,2.413621951e-05,1.620319927e-05,0.0001095532207,6.455866242e-06,0,0,0,0,0.005709875375,0.7152960896,0.006790365558,8.099411934e-05,0.0001449026313,7.389156963e-05,0,0.05107661709,0.000297915889,0.0003753762285,0.000255936,0.0006261512171,3.587765241e-05,0,0.0004926720867,0,0.0001262025035,0,0.0001018046387,8.454755152e-05
105,0.0004853586433,9.816508282e-06,4.866361996e-05,6.263878458e-05,0.03888676688,0.0711857155,0.00727924658,0.0006422284059,0.00028155162,0,0.0006309045712,0.0005068047321,0,0,0,0.001196821453,0.0006171282148,0,0,0,0,0,0,0,0.0006224191748,0,0,0,0,0,0,0,0,0,0,0,0,0,0,0,0,0,0,0,0,0,0,0,0,0,0.002380952472,0,0,0,0,0,0,0,0,0,0,0.0005576192052,0.0008845189004,8.040924149e-05,0,0,0,0,0,0,0,0,0,0,0,0,0,0,0,0,0,0.0001817955199,0,0,0.002380952472,0,0,0,0,0,0,0.0005544838496,0,0.08153599501,0.03144954145,0.03640086576,0.0206440594,0.02586553805,0.01834090799,0.006616916973,0.006512484513,0.004889039788,1.908232662e-05,3.383474905e-07,0,3.596552006e-06,4.347984941e-07,4.256789907e-06,0.00205282541,1.082354515e-06,0.000221462833,0,0.0003741550026,5.348885225e-06,1.169930329e-05,0,1.695087303e-05,0.0003554746509,1.159132694e-06,0,2.799610957e-05,0,0,0.004425050691,0.6939767003,0.004714505281,4.259447087e-05,4.965725748e-05,0.00330838724,1.923685886e-05,0.09702140093,0.0003345971345,0.0004220265546,0.0003643041709,0.001293757348,3.361536801e-05,0.0006909915828,0.001535167103,0,8.579542919e-05,0,0.003226788947,0.0003799561237
106,0.0002877838269,1.634674481e-05,8.092400822e-05,5.03459778e-05,0.02700672485,0.09130100161,0.007927684113,0.0007545528933,0,0,0,0,0,0,0,0.000996935647,0.0006757909432,0,0,0.000951443275,0,0.0002742262732,0,0,0,0,0,0,0,0,0,0,0,0,0,0,0,0,0,0,0,0,0,0,0,0,0,0,0,0,0.0008213162655,0,0,0,0,0,0,0,0,0,0,0,0,0,0,0,0,0,0,0,0,0,0,0,0,0.001261611353,0,0,0,0.001056691632,0,0,0,0,0,0,0,0,0,0,0,0.0009725175332,0.0006599558401,0.0404603295,0.02935064025,0.03327623755,0.01430581324,0.02208043821,0.02887354232,0.0009932941757,0.00551320333,0.005295188632,0.0004914416349,2.638482329e-05,3.596552006e-06,0,5.824578011e-07,0,0.0006220111973,1.526310257e-06,0.0002526158351,0,7.929875574e-05,1.399876328e-05,5.15648253e-06,2.647665269e-06,5.617228089e-05,0.001651875093,2.566521835e-05,0,0,0,0,0.008862567134,0.6172878146,0.003705469659,2.098809637e-05,3.612046567e-05,0.001056978828,6.278810179e-05,0.1476488262,0.0006187026156,0.0002005165006,0.0001625589211,0.007534970995,0.0002114663803,0,0.001284397091,0,6.073894383e-06,0.0001371910912,0.004986512475,0.0003929670493
107,2.222095827e-05,0,5.426683401e-06,0,0.002774236025,0.017238006,0.002380952472,1.626341327e-05,4.543063551e-05,0,5.536375465e-05,1.560293822e-05,0,0,0,0.0001131100289,0,0,0,0,0,0,0,0,0,0,0,0,0,0,0,0,0,0,0,0,0,0,0,0,0,0,0,0,0,0,0,0,0,0,0,0.00012707524,0,0,0,0,0,0,0,0,0,0,0,0,0,0,0,0,0,0,0,0,0,0,0,0,0,0,0,1.510412039e-05,0,0,0,0,0,0,0,0,0,0,0,0,0,0.01252649818,0.007040033583,0.009827621281,0.000809629506,0.008345519193,0.005531598348,0.0001660875714,0.001162391971,0.001867588609,0.0001165118811,1.480726837e-06,4.347984941e-07,5.824578011e-07,0,0,0.0001840018667,0,8.984137821e-06,0,0,0,1.057695727e-06,0,8.821902884e-05,0.0001235671953,0,0,0,0,0,0.0007088773418,0.6375648975,0.003972469829,1.878610874e-06,0,0,0,0.1646317989,0.0009505621856,0.0003242417588,2.955187483e-05,0.0002003182017,4.5959614e-06,0.002380952472,0,0,2.050881221e-06,0,0.003327761311,0
108,6.039977961e-06,0,2.129241011e-06,0,0.002184381941,0.007997008972,0,8.854805856e-06,0,0,2.788211077e-06,0,0,0,0,0,0,0,0,0,0,0,0,0,0,0,0,0,0,0,0,0,0,0,0,0,0,0,0,0,0,0,0,0,0,0,0,0,0,0,0,0,0,0,0,0,0,0,0,0,0,0,0,0,0,0,0,0,0,0,0,0,0,0,0,0,0,0,0,1.125489462e-06,0,7.690320672e-06,0,0,0,0,0,0,0,0,0,0,0,0.06271278858,0.00900091324,0.01037385408,0.0005901050754,0.00621967623,0.001972754486,0.0006600070628,0.001171494485,0.0005849627196,7.308113709e-05,0,4.256789907e-06,0,0,0,0.001892458764,0,1.366611741e-05,0,0,5.477897957e-07,3.867224223e-06,0,4.238044858e-05,8.924389113e-05,4.551626716e-06,0,0,0,0,0.001452879165,0.7952455282,0.009020898491,0,0,0,7.020724979e-07,0.1367112547,0.0007573313196,0.0003769372124,0.0001036142494,5.676603905e-05,0,0,8.540247654e-05,5.625131053e-06,1.627143138e-05,0,7.040891069e-05,0
109,0.0173900947,0.002903327812,0.006459648721,0.00847675465,0.1332217157,0.1786708236,0.04403669387,0.02095921524,0.002010201802,0.002706256928,0.008707375266,0.01770216972,0.005207861774,0.02133125812,0.01307728421,0.02020551451,0.009384330362,0.002917645499,0.006394837983,0.00550196832,0.006851364393,0.006341524422,0.002380952239,0,0.007142857648,0.003740325104,0.002380952472,0,0.002380952239,0,0,0.004019869491,0.004761904944,0,0,0,0.002380952472,0,0,0.004761904944,0,0.002380952472,0,0.0007575045456,4.647498645e-05,5.83676956e-06,0.00140396296,0.0004398896126,0.0005340213538,0.0004079646023,0.0006982883206,0.001231830451,0.000546182564,0,0.001257618773,0,0,0.001954364823,0.0009635340539,0.001746477443,0.001745760208,0.0008809299907,0.001088320627,0.00538351899,0.0003197770566,9.535770369e-05,0.001106883399,0.001668216893,0.00146458426,0.001875951071,0.0003707841097,0.003996159881,0.005202170927,0.0001904286182,0.0003224975371,0.003258259036,0.00127464463,0,0,0.002339612693,0.0001889227424,0.002327437047,7.815452409e-05,0.0001038980918,0.0006649725256,0.001081119524,0,0,0.002335427562,0.002874532249,2.260053952e-05,9.309773304e-05,0.002359576523,0.01590661705,0.0003945631324,0.002308527241,0.0003285344283,0.002787098056,0.007330799941,7.119630027e-05,0.0003005414619,0.001597733237,0.002757744165,0.001874162117,0.00205282541,0.0006220111973,0.0001840018667,0.001892458764,0,0.0005303357029,0.0006286127027,0.0002291020792,0.002332872478,0.001232607639,0.0008732121787,0.0003436574189,0.001998346066,0.01321340073,0.001745659742,0.0001556507632,0.003358366434,0.0009775647195,0.0008921165718,0.01480715256,0.4136461914,0.003512565978,0.000501819246,0.0006347384769,0.002778097056,0.006561575457,0.3079626262,0.005515932105,0.0004831983533,0.0002604016627,0.01610280387,0.001824129838,0.01257468015,0.003741534194,0.001064693788,0.0002612508251,0.0003432984522,0.004674817901,0.004638540559
110,0.0003174751182,8.9885536e-05,0.0001562552789,2.906425107e-05,0.03256064653,0.04557096586,0,0.0004858255852,0,0,0,0.000827744836,0,0,0,0.002049716888,0.0002164088946,0,0,0,0,0,0,0,0,0,0,0,0,0,0,0,0,0,0,0,0,0,0,0,0,0,0,0,0,0,0,0,0.005922931712,0,0,0,0,0,0,0,0,0,0,0,0,0,0.0002257897286,0,0,0,0,0,0,0,0,0,0,0,0,0,0,0,0,0,0,4.359483501e-05,0,0,0,0,0,0,0,0,0,0,0,0.03509306908,0.01769295521,0.0218755547,0.015492443,0.01148681343,0.01461006608,0.0008278741152,0.007209133357,0.004263310228,0.000101611542,3.093616897e-06,1.082354515e-06,1.526310257e-06,0,0,0.0005303357029,0,3.1396743e-05,0,0,6.501463304e-06,1.521603281e-05,0,9.593806681e-06,0.001497160993,2.628589391e-05,0,0.002380952472,0,0,0.004466404207,0.6446942091,0.004230548162,4.64583394e-07,2.093237345e-05,0.0005842980463,0,0.1252525747,0.0004654359363,0.0004573005426,0.0001033322333,0.002233489649,7.70441693e-05,0,0.0006681756349,0.0001607919985,6.213825691e-05,0,0.0009024315514,0.0006659333012
111,0.0003062856558,7.948339044e-05,0.0002239253809,0.0002792454616,0.03410032764,0.027770916,0.0100491289,0.0004383952182,6.827084871e-05,0,5.36941443e-05,0.0001060013747,2.141812729e-05,0.0009406871977,0,0.0002931314229,0.0001885464881,0,3.171638309e-05,0.00010166227,0,0,0,0.002380952472,0.0004793604312,0.0001928055281,0,0,0,0.0001415421284,0,0,0,0,0,0,0,0,0,0,0,0,0,0.0001708197378,0.0003331095795,8.425849228e-05,0,1.736063496e-05,7.185572485e-06,2.771102299e-05,0,0,0,0,0,0,0,1.549844274e-05,1.832636008e-05,0,0,5.461744149e-05,6.175275303e-06,3.795671e-05,0,0,0,2.765626778e-05,7.31484979e-05,0,0,0,6.506678619e-05,0,0,0.001045549405,0,0,0,0,0,2.369011054e-05,0,7.101725714e-06,0,0,0,0,0.0005759096239,0.0001696810214,0,3.628317427e-05,3.864273094e-05,0.13896887,0.00289504067,0.002441302408,0.001316264272,0.003326865146,0.000573614554,0.0001378599118,3.123377246e-05,3.990828191e-05,8.901174442e-05,7.986843411e-05,0.000221462833,0.0002526158351,8.984137821e-06,1.366611741e-05,0.0006286127027,3.1396743e-05,0,1.414150574e-06,3.251758244e-06,3.208048611e-06,0.0005875100615,1.61011576e-05,0.0002774794411,0.001962204231,0.0008392281015,7.50924155e-05,3.971120896e-05,3.249953443e-05,0,0.00569132762,0.7576683164,0.01185650658,7.654389265e-07,0.0005519479746,6.07600623e-06,8.497203817e-05,0.1344617903,0.00131395692,0.001098536188,2.416802818e-05,0.008145551197,0.0007682499127,0.0002383505926,0.001178146573,0.000555921928,4.611983968e-05,0,2.988008237e-05,4.463621008e-05
112,6.070096788e-05,0,5.370078725e-06,0,0.01537088305,0.01495802123,0,0.0001227986359,0,0,0,0.0005222056643,0,0,0,0,0,0,0,0,0,0,0,0,0,0,0,0,0,0,0,0,0,0,0,0,0,0,0,0,0,0,0,0,0,0,0,0,0,0,0,0,0,0,0,0,0,0,0,0,0,0,0,0,0,0,0,0,0,0,0,0,0,0,0,0,0,0,0,0,0,0,0,0,0,0,0,0,0,0,0,0,0,0.01284891367,0.007236486766,0.001206866349,0.002380952472,0.006658114027,0.002380952472,0.0002871638862,0.001187864225,0,0,0,0,0,0,0,0.0002291020792,0,1.414150574e-06,0,0,0,4.427701242e-06,0,0,0.000588425668,9.573699936e-05,0,0,0,0,0,0.5689232349,0.006427028682,0,0,0.002380952239,0,0.1343252212,0.0004864288785,0,9.226408224e-07,0,0,0,0,0,0,0,0,0
113,0.0001571088069,0.0001564191916,0.0001238842087,0.0001494820754,0.0199501887,0.02575731836,0.0006469636573,0.0003436369007,1.70056519e-05,0,0,6.875229155e-05,0,0.0002104645537,0.0005394098116,4.598533269e-05,0,0,0,0,0,0,0,0,0,0,0,0,0,0,0,0,0,0,0,0,0,0,0,0,0,0,0,0,0,0,0,0,0,0,0,0,0,0,0,0,0,0,1.022723836e-06,0,0,0,0,9.560721992e-07,0,0,0,0,0,0,0,0,0,0,3.365201701e-05,0,0,0,0,1.529903784e-05,0,8.109193004e-06,0,0,0,0,0,0,0,0,0,0,1.19595361e-05,0.139785096,0.01012767293,0.01231667399,0.004462531302,0.005893832538,0.00171022024,0.0007780354354,0.000521429698,0.0005100387498,6.411279901e-05,0,0.0003741550026,7.929875574e-05,0,0,0.002332872478,0,3.251758244e-06,0,0,2.49714526e-06,0.0002608770446,0,0.0001220507474,0.001668470912,2.234591011e-05,0,0,5.262703553e-07,4.711823294e-06,0.0007793322438,0.8099324703,0.01231916808,1.514143423e-05,0.0002478675742,0,4.89046306e-06,0.1369492114,0.001584125333,0.003294476075,0.0001775263518,0.002516137436,0.0001784346387,0,0.0002172584645,7.080730938e-06,0.0002344860259,0,6.305094576e-05,3.593050678e-06
114,4.373442061e-05,3.589171001e-06,2.717016469e-05,1.609245192e-05,0.006693664938,0.01902484894,0.0006360636908,8.633190009e-05,0,0,2.013373523e-05,0,0,0,0,0.0001438980835,0,0,0,0,0,0,0,0,0,0,0,0,0,0,0,0,0,0,0,0,0,0,0,0,0,0,0,0,0,0,0,0,0,0,0,0,0,0,0,0,0,0,2.407761713e-06,0,0,0,2.570451579e-05,2.723371381e-06,0,0,0,0,0,0,0,0,0,0,0,0,0,0,0,0,0,2.6850837e-06,0,0,0,0,0,0,0.0005354445893,0.000105733292,0,0,0,0.04281450436,0.01014817599,0.01625976898,0.00154617778,0.009041713551,0.005895539187,0.0005258865422,0.0004115417833,0.0004491472791,5.113816951e-05,0,5.348885225e-06,1.399876328e-05,0,5.477897957e-07,0.001232607639,6.501463304e-06,3.208048611e-06,0,2.49714526e-06,0,3.100261165e-05,0,0.0001117676075,0.0004312412639,1.943747156e-05,0,0,0,0,0.003232394112,0.7641815543,0.01006828435,5.811508572e-07,0.0002284541697,4.856783198e-05,0,0.1121054813,0.0009954822017,0.0003978906316,5.629404041e-05,0.00396282319,8.0340149e-05,0,0.0009727346478,0,5.829340353e-06,0,0,5.412378596e-05
115,0.0008595451945,4.72146121e-06,0.000214217449,0.0001603814162,0.05256991088,0.1023746803,0.01308386028,0.001872348716,2.595193837e-05,7.010814443e-05,8.069106116e-05,0.0003636190086,0.0005699211033,0.00135326176,0.001739959116,0.0007911708672,0.0003185922978,0,0,0,0.002380952472,0.0002634484554,0,0,0,0,0,0.0008696503355,0,0,0,0,0,0,0,0.002380952472,0,0,0,0,0,0,0,0,0,0,0,0,0,0,0,0,0,0,0,0,0,0,0,0,0,0,0.0005360812065,4.628526585e-05,0,0,0,0,0,0,0,0,0.003388496349,0,0,0,0,0,0,0.0002462904376,0,0.0002806388366,0,0,0,0,0,0,0,0,0,0,0.0009963603225,0.0707488656,0.03068691492,0.05365494639,0.01388924196,0.03303199634,0.02914394625,0.001339032431,0.006575145759,0.00574246794,0.0001976952626,3.168193143e-05,1.169930329e-05,5.15648253e-06,1.057695727e-06,3.867224223e-06,0.0008732121787,1.521603281e-05,0.0005875100615,4.427701242e-06,0.0002608770446,3.100261165e-05,0,1.277782417e-06,0.000108255932,0.003017405281,1.538767719e-06,0,0,0,0,0.01184106804,0.6579040885,0.004521777388,3.517926962e-05,1.032925638e-06,0.001405303483,0.0007517907652,0.1299628615,0.0007951304433,0.000253816077,0.0003427841293,0.002276032232,7.197012565e-06,0.0005051226472,0.0002150093642,6.97164478e-06,2.117492841e-06,0,0.0007470038836,0.001002143486
116,1.556505595e-05,1.919437864e-06,7.5728517e-06,0,0.006233461201,0.0395854041,0.0008720952319,3.564973667e-05,0,0,2.965913882e-05,0,0,0,0,0.0001291646913,0,0,0,0,0,0,0,0,0,0,0,0,0,0,0,0,0,0,0,0,0,0,0,0,0,0,0,0,0,0,0,0,0,0,0,0,0,0,0,0,0,0,0,0,0,0,0,0,0,0,0,0,0,0,0,0,0,0,0,0,0,0,0,0,0,0,0,0,0,0,0,0,0,0,0,0,0,0.04368020594,0.004194421694,0.01298382413,0.008049365133,0.004587272182,0.003328947583,0.0001634982764,0.001499626436,1.01577798e-05,1.436757702e-05,2.413621951e-05,0,2.647665269e-06,0,0,0.0003436574189,0,1.61011576e-05,0,0,0,1.277782417e-06,0,7.109402941e-05,0.0004055902245,0,0,0,0,0,0.002816748805,0.6363716125,0.004783970769,4.663886102e-06,0,0,0,0.1573129743,0.001030743588,0.0003266705025,4.883433212e-05,0.00114427635,4.343448745e-05,0,0,0,0,0,0.0004255931417,0.0001095982079
117,0.002547595883,0.0001309703948,0.0006670921575,0.0009297425277,0.07006582618,0.08586928993,0.009192570113,0.00266083749,0.0003679873189,0,0.002012319397,0.003220108338,0.001192322699,0.006888177712,0,0.001665514777,0.0002004037669,0.0006875946419,0.000394577306,0.002380952472,0,0,0,0,0.0006780669792,0.001189676696,0,0,0.0007332990644,0,0,0,0,0,0,0,0,0,0,0,0,0,0,0.003158865264,0.002380952472,0.0007076650509,0,0,0.001371074002,0.002380952472,0.001134766149,0,0,0,0,0,0,0,2.162479905e-05,0.002380952472,0,0.0001586368162,0.0008860682137,0.0002625683555,0,0,0,0.000176613903,3.320502583e-05,5.863186016e-05,9.544567729e-05,0,0.001058992231,4.157948206e-05,6.257010682e-05,0,0,0,0,8.247595542e-05,0,0.0005504653091,0,0,0,2.00444174e-05,0,0,0.002380952239,0.001289121225,0,0.0004729530192,0.0001557207434,0.1050038114,0.03747338429,0.05156872794,0.02356440946,0.02604854479,0.02532882616,0.004369751085,0.008697398938,0.003876700765,2.98328614e-05,1.620319927e-05,1.695087303e-05,5.617228089e-05,8.821902884e-05,4.238044858e-05,0.001998346066,9.593806681e-06,0.0002774794411,0,0.0001220507474,0.0001117676075,0.000108255932,7.109402941e-05,0,0.003025579499,6.79810837e-05,0.0002706222876,0.0004473541339,0,0.0001132490797,0.00733140111,0.7091892958,0.00469842786,1.983853326e-05,0.0002394451731,0.0005525273737,0.001686593983,0.09421284497,0.0002762235235,6.913035759e-05,9.746766591e-05,0.005787525326,0.0001453265722,0.001282140147,0.001524668303,0.0003085124772,0.0001660798735,0.0001713521342,0.003182308748,0.001680165413
118,0.01623808593,0.001974530751,0.006768387742,0.0105527034,0.1042487472,0.265804261,0.03265206516,0.01911718771,0.002625153167,0.002182674594,0.004837268498,0.01163966488,0.002210766543,0.01063410472,0.006880166009,0.005894573871,0.01100083161,0.007657290902,0.005730488803,0.006666115951,0.00837231148,0.001190189389,0.001233981573,0,0.00121732289,0.004903046414,0,0.00305478205,0,0.0009219653439,0,0,0,0,0,0,0,0,0,0,0.002380952472,0,0,0.003432699246,0.0005622272147,0.001185572008,0.002400585683,0.003114159452,0.002230117796,0.0004072483862,0.002341286046,0.001714472193,0,0.002380952472,0,0.000458218361,0.001434596954,0.001612548367,0.0005813495372,0.003813771065,0.0008947814931,0.002082883613,0.002391467337,0.002522208029,0.0002314039011,0.0004667124886,0.001152706798,0.001833911287,0.00286908471,0.002943268977,0.0005232976982,0.001036329195,0.008301978,0.0007578821969,0.0009039116558,0.001518161967,0,0.0004110161972,6.78864526e-05,0.002646801062,0.0002489185426,0.002710370347,0.0005308678374,0.001986040268,0.003124136711,0.0009999271715,0.0009061375167,0.0009009814821,0.001527869957,0.0004523876705,0.0009995888686,0.003954370506,0.001883129124,0.1382827759,0.007368051913,0.01449656207,0.004345810506,0.005614519119,0.008306187578,0.005214739591,0.003904515645,0.003220526734,0.001419319306,0.0001095532207,0.0003554746509,0.001651875093,0.0001235671953,8.924389113e-05,0.01321340073,0.001497160993,0.001962204231,0.000588425668,0.001668470912,0.0004312412639,0.003017405281,0.0004055902245,0.003025579499,0,0.0001441621716,0.0003964981588,0.0002288554533,0.0006954626297,0.0002962608123,0.01211156324,0.6169861555,0.05323664099,0.001507405657,0.002869804855,0.002630834235,0.003087637713,0.1395489573,0.01215028763,0.008947799914,0.004266247619,0.00681127049,0.002038840903,0.006799483206,0.004536312073,0.0003284164995,0.002718112199,0.0002751137945,0.002837435575,0.002925923327
119,0.000286037277,0,3.657398338e-05,9.260846127e-06,0.04363320768,0.06190463528,0.003593152622,0.0009727037977,0,0,0.0004921054933,0.0001097475106,0,0,0,0.00207353523,0,0,0,0,0,0,0,0,0,0,0,0,0,0,0,0,0,0,0,0,0,0,0,0,0,0,0,0,0,0,0,0,0,0,0,0,0,0,0,0,0,0,0,0,0,0.000519992318,0.001212642761,0,0,0,0,0,0,0,0,0,0,0,0,0,0,0,0,6.548886449e-05,0,0,0,0,0,0,0,0,0,0,0,0,0,0.1294012815,0.01583795995,0.02567573078,0.008902076632,0.01385205984,0.00210528099,0.0008424347034,0.004929463845,0.004834055901,5.849149966e-05,6.455866242e-06,1.159132694e-06,2.566521835e-05,0,4.551626716e-06,0.001745659742,2.628589391e-05,0.0008392281015,9.573699936e-05,2.234591011e-05,1.943747156e-05,1.538767719e-06,0,6.79810837e-05,0.0001441621716,0,0,0,0,0,0.001060328796,0.7141417265,0.004914039746,6.098333688e-05,1.05238214e-05,0.001554654096,0,0.1144456938,0.0005390789593,0.0003583876241,0.0003127823293,1.144466751e-05,7.324679814e-07,0.0005184746697,2.841458991e-05,6.581524303e-07,1.678850822e-06,0,1.617550879e-05,0.0001510516013
120,1.417857584e-05,0,0,0,0.01431431528,0.01204239391,0,0.0001304806501,0,0,0,0,0,0,0,0,0,0,0,0,0,0,0,0,0,0,0.001530137728,0,0,0,0,0,0,0,0,0,0,0,0,0,0,0,0,0,0,0,0,0,0,0,0,0,0,0,0,0,0,0,0,0,0,0,0,0,0,0,0,0,0,0,0,0,0,0,0,0,0,0,0,0,0,0.0001430904958,0,0,0,0,0,0,0,0,0,0,0,0.1094549298,0.001071640756,0.0002837836219,0,0,0.002380952239,0.001107855351,0,0,0,0,0,0,0,0,0.0001556507632,0,7.50924155e-05,0,0,0,0,0,0.0002706222876,0.0003964981588,0,0,0,0,0,0.002380952472,0.6602520943,0.003864248749,0,0,0,0,0.1698571295,0.0006704655825,0.0003573168069,0.0002475646907,1.981773858e-05,3.477641144e-07,0,0,0,0,0,0,0
121,2.746048995e-05,0,1.002544286e-05,9.021900951e-06,0.1889022291,0.1187880263,0,0.0003753628989,0,0,0,1.589983731e-05,0,0,0,0,5.463793059e-05,0,0,0,0,0,0,0,0,0,0,0,0,0,0,0,0,0,0,0,0,0,0,0,0,0,0,0,0,0,0,0,0,0,0,0,0,0,0,0,0,0,0,0,0,0,0,0.0001877440081,0,0,0,0,0,0,0,0,0,0,0,0,0,0,0,0,0,0,0,0,0,0,0,0,0,0,0,0,0,0.2533910871,0.002054220997,0.002246270422,0.000388528133,0.004065203946,5.627829159e-05,0.001597109484,0.0009569692193,0.0002147450577,0,0,2.799610957e-05,0,0,0,0.003358366434,0.002380952472,3.971120896e-05,0,0,0,0,0,0.0004473541339,0.0002288554533,0,0,0,0,0,2.099339781e-06,0.9477989078,0.008455469273,0,0,4.643020475e-06,0,0.2163930088,0.001239245874,0.0006493120454,0.0008200155571,7.95161468e-05,0,0,0,0,1.742104723e-05,0,3.243874517e-06,0
122,1.457990129e-05,0,4.335322228e-05,0,0.03134340048,0.01004968956,0,0.0001713936945,0,0,0,0,0,0,0,0,0,0,0,0,0,0,0,0,0,0,0,0,0,0,0,0,0,0,0,0,0,0,0,0,0,0,0,0,0,0,0,0,0,0,0,0,0,0,0,0,0,9.954111192e-06,0,0,0,0,0,0,0,0,0,0,0,0,0,0,0,0,0.002380952472,0,0,0,0,0,0,6.236020999e-05,0,0,0,0,0,0,0,0,0,0,0,0.1439716071,0.006032132544,0.000950159796,0.0005709154066,0,0.0007719267742,0,0.0006616763421,0.0004454341251,6.322837726e-05,0,0,0,0,0,0.0009775647195,0,3.249953443e-05,0,5.262703553e-07,0,0,0,0,0.0006954626297,0,0,0,0,0,0,0.7276050448,0.01067955419,0,0,0.0001090134901,0,0.1210707277,0.0005298271426,0,0.0001958712674,0.0001453320874,4.917125261e-05,0,9.39816091e-05,0,0,0,0,0
123,5.125112693e-06,0,3.697980446e-06,4.622762901e-07,0.02062367089,0.03105382808,0,3.718226071e-05,0,0,0,0,0,0,0,0,0,0,0,0,0,0,0,0,0,0,0,0,0,0,0,0,0,0,0,0,0,0,0,0,0,0,0,0,0,0,0,0,0,0,0,0,0,0,0,0,0,0,0,0,0,0,0,0,0,0,0,0,0,0,0,0,0,0,0,0,0,0,0,5.813026655e-05,0,0,0,0,0,0,0,0,0,0,0,0,0,0.2184773982,0.004079631064,0.01165572368,0.007641415112,0.004934611265,0.0005431087338,0.0002877491643,0.001806387794,0,0.0004278220877,0,0,0,0,0,0.0008921165718,0,0,0,4.711823294e-06,0,0,0,0.0001132490797,0.0002962608123,0,0,0,0,0,0.0001627169986,0.7467350364,0.005423063878,3.087172809e-05,0,1.521823197e-05,0,0.1457006633,0.0003822945582,0.0004332054814,0.0001831973786,0.000317886268,0,0,1.98647449e-05,0,0,0,0,4.382191946e-06
124,0.00442947261,3.487569847e-05,0.0001048122649,0.001923407894,0.05493795872,0.03663049638,2.122150363e-05,0.004006684758,0.001641266979,0,0.0001281082659,0,0,0,0,0.0008334071026,0.0004329543444,0,0,0,0,0,0,0,0,0,0.002380952239,0,0,0,0,0,0,0,0,0,0,0,0,0,0,0,0,0,0,0,0,0.0007195026847,0.001349109225,0,0.0007253611111,0.002650764538,0,0.002380952472,0,0,0,0.0003482557659,0,0,0,0,0.00210927031,0.004973778501,0,0,0,0.001406616648,0,0,0.0006800192641,1.476299985e-05,0,0.002380952472,0.005499736872,4.03473241e-05,0,0,0,7.136309432e-05,3.567519161e-05,0.002957705176,0,0,0,0,4.868227188e-05,6.446838233e-05,1.646550845e-05,6.842894072e-05,0.0006976948353,0.001940882183,0.001180178253,0.1609887332,0.005542899948,0.005436243955,0.005309676751,0.003283409635,0.005982748698,0.01038722321,0.004390951246,0.006175626069,0.01448949892,0.005709875375,0.004425050691,0.008862567134,0.0007088773418,0.001452879165,0.01480715256,0.004466404207,0.00569132762,0,0.0007793322438,0.003232394112,0.01184106804,0.002816748805,0.00733140111,0.01211156324,0.001060328796,0.002380952472,2.099339781e-06,0,0.0001627169986,0,0.8328295946,0.05845890194,0.006217356306,0.001602119999,0.0005520553095,0.000185889774,0.4782596529,0.01195211243,0.01513392664,0.009673170745,0.0002417007054,6.142216444e-05,5.808939477e-06,5.289207184e-05,9.718188267e-06,0.01063708402,0.002380952472,0.0005735527375,4.878335312e-05
125,0.9360499382,0.8287334442,0.8873304725,0.844083488,0.9354879856,0.9868069887,0.894208014,0.9483451247,0.7927274108,0.640070498,0.8477364182,0.8314071894,0.8524726629,0.803796649,0.705318749,0.8421444893,0.8349847198,0.6099594831,0.6807076335,0.7131114006,0.7091352344,0.5858463049,0.3710297942,0.2654729784,0.6665019989,0.6917714477,0.4656133652,0.1609094292,0.2507570982,0.4334025681,0.3629916608,0.2697088122,0.2142579108,0.1173435897,0.2116565853,0.3395135105,0.2299452126,0.04371501878,0.06666667014,0.1965435296,0.08257570863,0.1125498191,0.02142857201,0.7932114005,0.8150321245,0.7169982195,0.7914829254,0.8264120221,0.8447552919,0.7884886265,0.7985915542,0.786685586,0.2763497829,0.1844884157,0.1986291707,0.2146769762,0.3541275859,0.777156949,0.7615246177,0.6422502995,0.317674607,0.6766030788,0.7799040675,0.8104984164,0.4689393044,0.566993475,0.5296620727,0.6221083999,0.7764316201,0.7686362863,0.6632554531,0.5794935822,0.8036367297,0.6279126406,0.7190737128,0.572907567,0.3151999712,0.3950941265,0.5144661069,0.8113619685,0.7272419333,0.785633862,0.4171051979,0.7346972823,0.7536314726,0.7318869233,0.3379184008,0.2813590467,0.7755938172,0.7146072388,0.5861744881,0.8027229905,0.79285115,0.8165361881,0.6523823142,0.6829237938,0.7092721462,0.7351478934,0.8278293014,0.6062988043,0.7251195312,0.8197749853,0.7435884476,0.7152960896,0.6939767003,0.6172878146,0.6375648975,0.7952455282,0.4136461914,0.6446942091,0.7576683164,0.5689232349,0.8099324703,0.7641815543,0.6579040885,0.6363716125,0.7091892958,0.6169861555,0.7141417265,0.6602520943,0.9477989078,0.7276050448,0.7467350364,0.8328295946,0,0.5193238854,0.7150080204,0.648483932,0.8708357811,0.8898306489,0.8907529712,0.7929792404,0.707194984,0.6529762149,0.7762761116,0.752581656,0.8981262445,0.8146361113,0.8286754489,0.6165269017,0.6388466954,0.9343150854,0.8970478177
126,0.1030598357,0.01689554192,0.04011117667,0.03461922333,0.202636078,0.3073323965,0.1092921421,0.1238579899,0.01605013199,0.008132562041,0.02738977224,0.04629365727,0.02112192474,0.03481151536,0.03371138126,0.03717857599,0.05451694131,0.01108582597,0.02381146327,0.02632600814,0.01274074335,0.02110460959,0.003943464253,0.002380952472,0.01582728699,0.01925811544,0.003200390842,0,0.002380952472,0.006275852211,0.001675396459,0.007142857648,0,0,0.003467899747,0,0.003915723879,0,0,0,0.004761904944,0,0.002380952239,0.0108261006,0.01532291993,0.02011607774,0.009001758881,0.01192008052,0.0186281912,0.01331418287,0.01472730469,0.01603344455,0.004083892331,0.0001957716158,0.0003307040024,0.003825216787,0.003006442683,0.01851092465,0.009462591261,0.008439567871,0.001340513001,0.007598431781,0.01533677615,0.01815222949,0.005933913402,0.002373728668,0.008200817741,0.01561672054,0.01699432917,0.01260518655,0.004798199981,0.008668842725,0.0285812635,0.01049518865,0.01130977925,0.007310080808,0.004101490136,0.0006293861079,0.004444168881,0.01492521726,0.003463617526,0.01520630345,0.005829160102,0.01246493589,0.01171294693,0.01008719858,0.003298201598,0.002842052141,0.01513727102,0.005409067962,0.006396741141,0.01244907267,0.01416248269,0.1140966341,0.0241158884,0.04297454655,0.01536279544,0.02051279694,0.03536422178,0.007022419479,0.01400654949,0.0159384422,0.009012484923,0.006790365558,0.004714505281,0.003705469659,0.003972469829,0.009020898491,0.003512565978,0.004230548162,0.01185650658,0.006427028682,0.01231916808,0.01006828435,0.004521777388,0.004783970769,0.00469842786,0.05323664099,0.004914039746,0.003864248749,0.008455469273,0.01067955419,0.005423063878,0.05845890194,0.5193238854,0,0.006576192565,0.004325694405,0.01347103156,0.01797353663,0.1611837,0.003905329155,0.002735411748,0.003627270926,0.05138933659,0.006849759258,0.03006319888,0.02754957229,0.006975836121,0.004362952895,0.004072117619,0.02133585699,0.01671095006
127,0.0002406583517,0,0.0001369133533,0.000153776622,0.01632093638,0.02857719548,0.004839286674,0.0006421422004,0,0,0.0001329106162,0,0,0,0,8.347271796e-05,4.642183194e-05,0,0,0,0,0,0,0,0,0.000298006431,0,0,0,0,0,0,0,0,0,0,0,0,0,0,0,0,0,0,0,0,0,0,0,0,0,0,0,0,0,0,0,0,0,0,0,0,0,7.56142399e-05,0,0,0,0,0,0,0,0,0,5.347308615e-05,4.481084761e-05,0,0,0,0,0.0004333505058,0,0,0,0,0,0.0001589008461,0,0,0,0,0,0,2.603136636e-05,0.08716925979,0.005971996114,0.01472240873,0.002602171153,0.01180309523,0.002901968313,0.0006530556129,0.000305336871,0.0002609824296,8.014763443e-05,8.099411934e-05,4.259447087e-05,2.098809637e-05,1.878610874e-06,0,0.000501819246,4.64583394e-07,7.654389265e-07,0,1.514143423e-05,5.811508572e-07,3.517926962e-05,4.663886102e-06,1.983853326e-05,0.001507405657,6.098333688e-05,0,0,0,3.087172809e-05,0.006217356306,0.7150080204,0.006576192565,0,4.722793892e-05,5.323869482e-05,0.002448230982,0.1385660172,0.0005244089407,0.0001374898275,1.002203499e-05,0.004504949786,0.0001387451048,0,0.0009814919904,0,8.951518794e-06,0,0.0008568016347,3.233804819e-05
128,0.0002906110021,2.716386234e-06,0.0001158140876,3.793789801e-05,0.06180199981,0.08505901694,0.0004920353531,0.001369250123,0,0,0.0001152667101,1.934405009e-05,0,0,0,0.0003597418545,0.0001298735442,0,0,0,0,0,0,0,0,0,0,0,0,0,0,0,0,0,0,0,0,0,0,0,0,0,0.002380952472,0,0.0005293320282,0,0,0,0,0,0,0,0,0,0,0,0,0,0,0,0,0,0,0,0,0,0,0,0,0,0,0,0,0,0,0,0,0,0,0.0006506734644,0,0,0,0,0,0,0,0,3.320983296e-06,0,0,0,0,0.08245193958,0.01206566207,0.02408177778,0.005483052693,0.01314125303,0.01483226568,0.00201190426,0.002364825923,0.004999774974,0.0001717313426,0.0001449026313,4.965725748e-05,3.612046567e-05,0,0,0.0006347384769,2.093237345e-05,0.0005519479746,0,0.0002478675742,0.0002284541697,1.032925638e-06,0,0.0002394451731,0.002869804855,1.05238214e-05,0,0,0,0,0.001602119999,0.648483932,0.004325694405,4.722793892e-05,0,0.0008774593589,0.002527858131,0.1450373977,0.0006016575499,0.0002392515162,0.0003389944322,0.0003392141371,9.881467804e-07,3.282300167e-05,4.416870524e-06,3.127071068e-06,3.926621162e-07,0,0.0008587449556,0
129,0.0006340662367,0.0005397447385,0.0004096269549,0.0005082566058,0.107330896,0.06567086279,0.0006135024014,0.00060326932,3.64220723e-05,0,8.43038215e-05,0.0004380628525,2.579302236e-05,0,0,1.806502405e-05,0.0001851669949,0,0,0,0,0,0,0,0,0,0,0,0,0,0,0,0,0,0,0,0,0,0,0,0,0,0,0,3.859318895e-05,0,0,0,3.533655672e-06,0,0,1.019038609e-05,0,0,0,0,0,0.0001147332805,0,0,0,0,8.554789929e-06,1.210868595e-05,0,0,0,0,0,0,0,0,0,0,0,0,0,0,0,0,0,1.594058403e-06,0,0,0,0,0,0,0,0,0,0,1.80836355e-06,0.2171042413,0.003626728663,0.00265455991,0.0008619807777,0.001063721254,6.923613546e-05,0.0003859993303,9.483576287e-05,2.466953629e-05,0.0002624440822,7.389156963e-05,0.00330838724,0.001056978828,0,0,0.002778097056,0.0005842980463,6.07600623e-06,0.002380952239,0,4.856783198e-05,0.001405303483,0,0.0005525273737,0.002630834235,0.001554654096,0,4.643020475e-06,0.0001090134901,1.521823197e-05,0.0005520553095,0.8708357811,0.01347103156,5.323869482e-05,0.0008774593589,0,9.019340723e-06,0.1578267813,0.003073674161,0.0005669957609,0.0002386443375,0.003574214177,0.0007929596468,8.179606084e-05,0.002627199516,2.29207526e-05,0.001966167241,0,1.457500844e-06,3.217584435e-06
130,0.0002731482964,4.429462206e-05,0.0002139021672,0.0007552772295,0.08605158329,0.05924011767,0,0.0009613949223,1.084388987e-05,0.0003583279613,0,0,0,0.0005824471009,0,0.0001079561262,0,0,0,0,0,0,0,0,0,0,0,0,0,0,0,0,0,0,0,0,0,0,0,0,0,0,0,0,0,0,0,0,7.073495362e-05,0,0,2.828921424e-05,0,0,0,0,0,0,0,0,0,0,2.074606346e-05,4.314114267e-05,0,0,0,0,0,0,0,0,0,0,0,0,0,0,0,0,0,0,0,0,0,0,0,0,0,0,0,0,0,0.2318657488,0.009026229382,0.00233200565,0.001645998564,0.001486478723,0.0001059545611,0.003450671211,0.0008542733849,0.0003101408656,0.0002241905459,0,1.923685886e-05,6.278810179e-05,0,7.020724979e-07,0.006561575457,0,8.497203817e-05,0,4.89046306e-06,0,0.0007517907652,0,0.001686593983,0.003087637713,0,0,0,0,0,0.000185889774,0.8898306489,0.01797353663,0.002448230982,0.002527858131,9.019340723e-06,0,0.1908551455,0.00222464744,0.002883743728,0.001319301315,0.002899984131,0.0001000407065,0,8.541935676e-05,0,0.001125307404,0,3.348249493e-06,2.471419123e-07
131,0.4270744622,0.2869206071,0.3105525076,0.3316723406,0.6103909612,0.6902627349,0.5421633124,0.4272785485,0.1974773854,0.1839783341,0.2575458586,0.3429065347,0.248125881,0.3190663159,0.2569438219,0.3097375631,0.3838452101,0.2183871269,0.2656806707,0.2775440812,0.2874644697,0.2233614624,0.1190283597,0.0851989612,0.230735153,0.232967183,0.1623174399,0.07349663228,0.08172948658,0.1780307591,0.1286569238,0.07559402287,0.04765356332,0.02857143059,0.05423330516,0.09592927992,0.07545284182,0.006519572344,0.005619025324,0.04583026096,0.01550097298,0.03466502577,0,0.2343005389,0.2168763578,0.22231552,0.2056690454,0.215254426,0.2233278453,0.2223659307,0.2113037556,0.1921608746,0.09935329109,0.04491473362,0.07021825016,0.07820232213,0.1137534305,0.1307872087,0.1082466543,0.1783519983,0.06910384446,0.177927658,0.223504886,0.1789699197,0.1264202595,0.1620877683,0.1206781715,0.1169675589,0.208421737,0.1254396886,0.1571840495,0.2554106414,0.2582597435,0.1452489197,0.2122444808,0.1945388019,0.08009199798,0.110958159,0.1401603818,0.1796684116,0.1748096198,0.2126022428,0.1144417003,0.1959122121,0.1988551021,0.1778266132,0.1127725467,0.09177197516,0.2714927793,0.1761845648,0.1515666544,0.1990170479,0.2115483135,0.5110771656,0.2874719501,0.3975729644,0.1850123703,0.2203059942,0.3104932904,0.1801451594,0.1486134678,0.1559728533,0.02832112834,0.05107661709,0.09702140093,0.1476488262,0.1646317989,0.1367112547,0.3079626262,0.1252525747,0.1344617903,0.1343252212,0.1369492114,0.1121054813,0.1299628615,0.1573129743,0.09421284497,0.1395489573,0.1144456938,0.1698571295,0.2163930088,0.1210707277,0.1457006633,0.4782596529,0.8907529712,0.1611837,0.1385660172,0.1450373977,0.1578267813,0.1908551455,0,0.04083571956,0.07725895941,0.1342261881,0.4130468965,0.1740822792,0.371263057,0.3585016429,0.1716571748,0.1738023013,0.1424075812,0.1796531081,0.1812901348
132,0.02120780945,0.001960512018,0.008437555283,0.007918646559,0.1427478045,0.1514946818,0.02258634008,0.02458713762,0.001266273321,0.0007210425683,0.003977235407,0.009207492694,0.005643883254,0.00467682723,0.00324748992,0.007336723153,0.009756019339,0,0.009523809887,0.002380952472,0.0008930040058,0,0,0,0,0.0007941274671,0,0,0,0,0,0.002380952239,0,0,0,0.004761904944,0,0,0,0,0,0,0,0,0,0.0007174432394,0.001028926694,0.001544124214,0.004509542603,0.003553247545,0.004167888314,0.003390641185,0,0,0,0.002380952472,0,0.0008142574225,0.000442731427,0.002380952472,0,0.000159595802,0.002477093367,0.001631831285,0,0,0,0.0006233404856,0.0008892094484,0.000808149809,0.001303385012,0,0.001089278143,0.0007619722746,0.002810811857,0.002992125694,0,0,0.0004561120586,0.0008642207831,0.003736905986,0.003933900036,0.001011651126,0.004852835555,0.0009851766517,0.003874668851,0.002380952472,0,0.0004080452491,0.003453817917,0,0.002304332796,0.002925991779,0.1616567373,0.01975538954,0.04285520688,0.007128544152,0.009251623414,0.01932199672,0.003568927059,0.003236348508,0.002925238572,0.0001778946462,0.000297915889,0.0003345971345,0.0006187026156,0.0009505621856,0.0007573313196,0.005515932105,0.0004654359363,0.00131395692,0.0004864288785,0.001584125333,0.0009954822017,0.0007951304433,0.001030743588,0.0002762235235,0.01215028763,0.0005390789593,0.0006704655825,0.001239245874,0.0005298271426,0.0003822945582,0.01195211243,0.7929792404,0.003905329155,0.0005244089407,0.0006016575499,0.003073674161,0.00222464744,0.04083571956,0,8.306816017e-05,0.0004195771471,0.01420279872,0.0008841070812,0.00179913023,0.005875094794,0.002914560726,0.0009378268733,0.001686000731,0.003426000709,0.001504612505
133,0.01412097644,0.001395293977,0.003574952949,0.004061003216,0.1253793091,0.1227225363,0.02590032481,0.01837784797,0.00293958094,0,0.004455651622,0.006193901412,0.008734128438,0.002380952472,0.002380952239,0.006180419121,0.006022203714,0,0.002380952472,0,0,0.003450750606,0,0,0.002380952472,0,0,0,0,0,0,0,0,0,0,0,0,0,0,0,0,0,0,0,0.002380952472,0,0,0.002380952472,0.00690858718,0,0.003211511066,0.001730366377,0,0,0,0,0,0.0001073093081,4.078189886e-05,0,0,0,0.001810738351,0.002126814332,0,0.001191440737,0,0,0.0004257040564,0.0002852238249,0.002380952239,0,0.001476787613,0,0.005215582438,0.003014362184,0,0,0,0.001687794458,0,0.001596385613,0.002380952472,0,0.0004734888789,0.002380952472,0,0,0.002380952472,0,0,0.002380952472,0.002256105654,0.1306997538,0.02771243453,0.04959338531,0.01298766863,0.01526844408,0.02834531292,0.0001375149586,0.004973583389,0.006413642317,0.0001032546934,0.0003753762285,0.0004220265546,0.0002005165006,0.0003242417588,0.0003769372124,0.0004831983533,0.0004573005426,0.001098536188,0,0.003294476075,0.0003978906316,0.000253816077,0.0003266705025,6.913035759e-05,0.008947799914,0.0003583876241,0.0003573168069,0.0006493120454,0,0.0004332054814,0.01513392664,0.707194984,0.002735411748,0.0001374898275,0.0002392515162,0.0005669957609,0.002883743728,0.07725895941,8.306816017e-05,0,3.11288095e-05,0.009661500342,0.0005265994114,0.004808764905,0.002810430015,0.001072776038,0.0004323838803,0.0002731123823,0.006306181662,0.00631154608
134,0.001948429388,0.0006540527684,0.0008656859281,0.0009467487689,0.04271280766,0.0641721487,0.01855415478,0.002392727183,0.000452991866,0.0002432312176,0.001294924063,0.003698114306,0.00146333396,0.00387860951,0.003556618467,0.00196418399,0.0006549563259,0.0002454870264,0,0,0.0001376192668,0.0007776030689,0,0,0,0.0002739537158,0,0,0,0,0,0,0,0,0,0,0,0,0,0,0,0,0,0.0008015698404,0.003205803223,0,0,0,0.0002783437376,0,5.01978393e-05,0.0003599812044,0,0,0,0,0,9.881359438e-05,0.000187613361,0,0.0006019032444,0.0003005389299,0.0004565369745,0.0005246881628,0,0,0,6.630141434e-05,3.046505117e-05,0.0006458277931,0,0.003675129265,0.001716387924,4.652352072e-05,7.95445012e-05,0.001769431517,0,0,0,0.0005311002024,0,0.0005306594539,0,0.0004036917235,0,0,0,0,0.001223152038,0,0,0.0006259759539,0.0004355788114,0.06032025069,0.01014751196,0.01979751699,0.006988195702,0.01412159298,0.01253587194,6.323200068e-05,0.000523841125,0.001451047836,0.0003181127831,0.000255936,0.0003643041709,0.0001625589211,2.955187483e-05,0.0001036142494,0.0002604016627,0.0001033322333,2.416802818e-05,9.226408224e-07,0.0001775263518,5.629404041e-05,0.0003427841293,4.883433212e-05,9.746766591e-05,0.004266247619,0.0003127823293,0.0002475646907,0.0008200155571,0.0001958712674,0.0001831973786,0.009673170745,0.6529762149,0.003627270926,1.002203499e-05,0.0003389944322,0.0002386443375,0.001319301315,0.1342261881,0.0004195771471,3.11288095e-05,0,0.01077734027,0.0008802016382,0.002053751377,0.002120186109,0.0001193904827,0.0001238048571,9.835113451e-05,0.001578537398,0.0009582351195
135,0.003366115969,8.701322076e-05,0.0003418412816,0.001253191265,0.04968835786,0.1610070467,0.000834051345,0.01104775909,0.001235089265,0.0001354876294,0.002067625755,0.008562942967,0.005904759746,0.007898936048,0.002530253958,0.007292869035,0,0,0.001036919537,0,0.002722044243,0,0,0,0.0004343503388,0.002380952472,0.000323314307,0,0,0,0,0,0,0,0,0.002380952472,0,0,0,0,0,0,0,0.003464580514,0,0.002380952472,0.002532334765,0.0007778984727,0.002740397351,0.001606112462,0.002794169588,0.002494340762,0,0,0,0,0.002380952472,0.002380952472,0.004650196526,0,0,0.003356601344,0.004605241586,0.005137297325,0,0,0,0.001368548721,0.0007870227564,0,0.0009187860996,0.0001622126147,0.002823034069,0.002380952472,0.002127287211,0.000135973838,0,4.784172052e-05,0.0009578646859,0.005177216139,0,0.003400495043,0,0.001522414386,0.0008341570501,0.0007229944458,7.547850691e-05,0.000113845781,5.679479e-05,0,0,0.00184750848,0.001896745758,0.100577943,0.00655798614,0.009021401405,0.007125839591,0.006285754964,0.007887361571,0.008845004253,0.0102971578,0.01020834222,0.007942785509,0.0006261512171,0.001293757348,0.007534970995,0.0002003182017,5.676603905e-05,0.01610280387,0.002233489649,0.008145551197,0,0.002516137436,0.00396282319,0.002276032232,0.00114427635,0.005787525326,0.00681127049,1.144466751e-05,1.981773858e-05,7.95161468e-05,0.0001453320874,0.000317886268,0.0002417007054,0.7762761116,0.05138933659,0.004504949786,0.0003392141371,0.003574214177,0.002899984131,0.4130468965,0.01420279872,0.009661500342,0.01077734027,0,5.624797268e-05,0.0001985146664,0.0001235175587,3.982133421e-05,0.001852462534,0.000235454645,0.006351067685,0.0009552987758
136,0.0001768953225,2.182164508e-06,2.364592001e-05,4.486064427e-05,0.03853359818,0.08652286232,0.0001838006283,0.001099709421,4.551722304e-05,0,2.151992339e-05,2.682962077e-05,0.0005364713143,0.007142857648,0,0.0002746822429,9.781165136e-05,0,0,0,0,0,0,0,0.0008806623518,0,0,0,0,0,0,0,0,0,0,0,0,0,0,0,0,0,0,0,0,0,0,0,0,0,0.001659312169,0.0006058163708,0,0,0,0,0,0,0,0,0,0.0005692251143,0.0003475535486,0.0004057272454,0,0,0,0,6.906656199e-05,0,0,0,0,0,0.002380952472,0,0,0,0,0.0006407258916,0,0.0006383974105,0,0.001795342308,0,0,0,0,0,1.284244263e-06,0,0,0.00110324251,0.09797176719,0.009904259816,0.01231067721,0.005563391373,0.006479500327,0.007634054869,0.001650411985,0.003721460933,0.00302517321,0.0001784564665,3.587765241e-05,3.361536801e-05,0.0002114663803,4.5959614e-06,0,0.001824129838,7.70441693e-05,0.0007682499127,0,0.0001784346387,8.0340149e-05,7.197012565e-06,4.343448745e-05,0.0001453265722,0.002038840903,7.324679814e-07,3.477641144e-07,0,4.917125261e-05,0,6.142216444e-05,0.752581656,0.006849759258,0.0001387451048,9.881467804e-07,0.0007929596468,0.0001000407065,0.1740822792,0.0008841070812,0.0005265994114,0.0008802016382,5.624797268e-05,0,3.322741122e-06,6.219998795e-06,2.370413313e-06,2.21575574e-05,7.342744084e-07,0.0007611920591,0.0001119243461
137,0.0004157729563,0,1.065225752e-05,0.0003764158464,0.1704625636,0.07217420638,4.420335245e-06,0.002717179479,0,0,0,0,0,0,0,0,0,0,0,0,0,0,0,0,0,0,0,0,0,0,0,0,0,0,0,0,0,0,0,0,0,0,0,0,0,0,0,0,0,0,0,0,0,0,0,0,0,0,0,0,0,0,0,0,0,0,0,0,0,0,0,0,0.002380952472,0,0,0,0,0,0,0.0001405926596,0,0,0,0,0,0,0,0,0,0,0,0,0,0.2464856207,0.003959577065,0.00314693246,0.001483936212,0.003200511914,0.0003115743748,0.004950895905,0.003212886862,0.0007458230248,0.002743249759,0,0.0006909915828,0,0.002380952472,0,0.01257468015,0,0.0002383505926,0,0,0,0.0005051226472,0,0.001282140147,0.006799483206,0.0005184746697,0,0,0,0,5.808939477e-06,0.8981262445,0.03006319888,0,3.282300167e-05,8.179606084e-05,0,0.371263057,0.00179913023,0.004808764905,0.002053751377,0.0001985146664,3.322741122e-06,0,3.086921652e-06,1.788006472e-07,0.0005036161747,0.0009575154982,8.272859304e-06,0
138,0.0001843460195,2.236812406e-06,2.151612898e-05,8.268467354e-05,0.03493881226,0.04870986566,0,0.001036647591,9.517725266e-05,0,2.874397796e-05,0,0.0002467668382,0.00327231898,0.0002682111517,0.0002518999099,0,0,0,0,0,0,0,0,0,0,0,0,0,0,0,0,0,0,0,0,0,0,0,0,0,0,0,0,0,0,0,0,0,0,0,0,0,0,0,0,0,0,0,0,0,0,0.0006118175224,0.00116108486,0,0,0,0,0,0,0,2.64121627e-06,0.0001408561802,0.002380952472,0,0,0,0,0,0.002186432714,0,0.0007646692684,0,0,0,0,0,0,0,0,0,0,0.000272973266,0.1515699327,0.003499091603,0.003450487973,0.002318738028,0.002580296481,0.001967870165,0.002678141464,0.004768723622,0.0009893509559,0.00260489434,0.0004926720867,0.001535167103,0.001284397091,0,8.540247654e-05,0.003741534194,0.0006681756349,0.001178146573,0,0.0002172584645,0.0009727346478,0.0002150093642,0,0.001524668303,0.004536312073,2.841458991e-05,0,0,9.39816091e-05,1.98647449e-05,5.289207184e-05,0.8146361113,0.02754957229,0.0009814919904,4.416870524e-06,0.002627199516,8.541935676e-05,0.3585016429,0.005875094794,0.002810430015,0.002120186109,0.0001235175587,6.219998795e-06,3.086921652e-06,0,0,4.224691111e-06,4.60193769e-06,0.0003263549588,9.906212654e-05
139,1.173530927e-05,3.924161547e-07,8.194347174e-06,6.670067251e-06,0.07186374068,0.0469423905,0,9.83258069e-05,0,0,0,5.775736099e-06,0,0,0,1.264098955e-05,0,0,0,0,0,0,0,0,0,0,0,0,0,0,0,0,0,0,0,0,0,0,0,0,0,0,0,0,0,0,0,0,0,0,0,0,0,0,0,0,0,0,0,0,0,0,0,0.0001494033204,0,0,0,0,0,0,0,0,0,0,0,0,0,0,0,8.737538883e-05,0,0,0,0,0,0,0,0,0,0,0,0,0,0.2407733351,0.008855046704,0.005807553418,0.001681556925,0.00159546081,0.0002574747195,0.00187209947,0.005564376712,0,0.0003276770876,0,0,0,0,5.625131053e-06,0.001064693788,0.0001607919985,0.000555921928,0,7.080730938e-06,0,6.97164478e-06,0,0.0003085124772,0.0003284164995,6.581524303e-07,0,0,0,0,9.718188267e-06,0.8286754489,0.006975836121,0,3.127071068e-06,2.29207526e-05,0,0.1716571748,0.002914560726,0.001072776038,0.0001193904827,3.982133421e-05,2.370413313e-06,1.788006472e-07,0,0,0,0,0,0
140,0.0003039730946,0,7.331425149e-05,0.000100760677,0.04156251624,0.07888358831,0.005570402835,0.001208047848,0,0,2.079232581e-05,0.0001267506159,0,0.002380952472,0,0.0006753873313,0.0003395414969,0,0.0004117804347,0,0,0,0,0,0,0.0003044753394,0,0,0,0,0,0,0,0,0,0,0,0,0,0,0,0,0,0,0,0,0,0,0,0,0,0,0,0,0,0,0,0,0,0,0,0,0,2.926272828e-05,0,0,0,0,0,0,0,0,0,0,0,0,0,0,0,0.0001999768137,0,0,0,0,0,0,0,0,0,0,0,0,0.0007197589148,0.04522856325,0.01047830936,0.01763205603,0.007812242489,0.009769214317,0.01499983203,0.0006036571576,0.003966658376,0.0005134006497,0.0003832283546,0.0001262025035,8.579542919e-05,6.073894383e-06,2.050881221e-06,1.627143138e-05,0.0002612508251,6.213825691e-05,4.611983968e-05,0,0.0002344860259,5.829340353e-06,2.117492841e-06,0,0.0001660798735,0.002718112199,1.678850822e-06,0,1.742104723e-05,0,0,0.01063708402,0.6165269017,0.004362952895,8.951518794e-06,3.926621162e-07,0.001966167241,0.001125307404,0.1738023013,0.0009378268733,0.0004323838803,0.0001238048571,0.001852462534,2.21575574e-05,0.0005036161747,4.224691111e-06,0,0,2.714720608e-07,0.00111309276,0.0005310326233
141,1.744865585e-05,9.98383166e-06,9.130936633e-06,0,0.02060396224,0.01194203831,0,8.637152496e-05,0,0,0,5.695860818e-05,0,0,0.0009462122107,0,0,0,0,0,0,0,0,0,0,0,0,0,0,0,0,0,0,0,0,0,0,0,0,0,0,0,0,0,0,0,0,0,0,0,0,0,0,0,0,0,0,0,0,0,0,0,0,0,0,0,0,0,0,0,0,0,0,0,0,0,0,0,0,0.0001767721842,0,0,0,0,0,0,0,0,0,0,0,0,0,0.07818771899,0.0009515747079,0.006597848609,0.002984211314,0.001927680103,0.0004875011218,1.610384061e-05,0.0005032689078,0.0002621763269,0.0002490444749,0,0,0.0001371910912,0,0,0.0003432984522,0,0,0,0,0,0,0,0.0001713521342,0.0002751137945,0,0,0,0,0,0.002380952472,0.6388466954,0.004072117619,0,0,0,0,0.1424075812,0.001686000731,0.0002731123823,9.835113451e-05,0.000235454645,7.342744084e-07,0.0009575154982,4.60193769e-06,0,2.714720608e-07,0,0,0
142,0.00106587843,0.0001467343973,0.0004533830797,0.0002364054235,0.16323632,0.1562383622,0.0005243827472,0.002919571474,9.053945541e-05,0,0.0001110650483,0.0006537223235,8.686372894e-05,0.0005813356256,0,0.0002099343401,0.001034099143,0,0,0,0,0,0.002380952472,0,0,0.0002003454574,0,0,0,0,0,0,0,0,0,0,0,0,0,0,0,0,0,8.025856368e-05,0,0,0,0,1.437285391e-05,7.999716763e-05,6.508872957e-06,0.0002268358076,0,0,0,0,0,0,0,0,0,0,9.69001303e-06,0.0002843670663,0,0,0,0,4.560845628e-05,0,0,0,8.256921865e-05,0,2.72681591e-05,0,0,0,0,1.417244403e-05,0,1.616883674e-05,0,0,0,0,0,0,0,0,0,8.076947415e-05,6.995542935e-05,0.1908584684,0.001472894568,0.0004289793142,0.0002574006503,0.0001940618531,2.671156835e-05,0.003143142443,5.079934999e-05,1.514729956e-05,0.000170710613,0.0001018046387,0.003226788947,0.004986512475,0.003327761311,7.040891069e-05,0.004674817901,0.0009024315514,2.988008237e-05,0,6.305094576e-05,0,0.0007470038836,0.0004255931417,0.003182308748,0.002837435575,1.617550879e-05,0,3.243874517e-06,0,0,0.0005735527375,0.9343150854,0.02133585699,0.0008568016347,0.0008587449556,1.457500844e-06,3.348249493e-06,0.1796531081,0.003426000709,0.006306181662,0.001578537398,0.006351067685,0.0007611920591,8.272859304e-06,0.0003263549588,0,0.00111309276,0,0,2.129764425e-06
143,0.000442916411,5.143027738e-05,0.0002949328336,0.0004684649175,0.1101487353,0.07449831069,2.570143442e-05,0.0006789120962,0,5.000436795e-05,8.494015674e-06,0.0002731796994,0,0.00121817179,0,6.929621304e-05,0.0004775349516,0,0,0,0,0,0,0,0,0,0,0,0,0,0,0,0,0,0,0,0,0,0,0,0,0,0,0,0,0,0.0002072624629,0,0,0,0,0,0,0,0,0,0,0,0,0,0,0,1.09001885e-05,4.357203579e-06,0,0,0,0,0,0,0,0,0,0,0,0,0,0,0,0,0,5.370209692e-06,0,0,0,0,0,0,0,0,0,9.618788317e-05,1.160845386e-06,0.2197942734,0.003771360032,0.003519383958,0.004454084672,0.001517989207,0.0001081131632,0.00171158195,0.0004077468766,4.442784484e-05,0.0001521031663,8.454755152e-05,0.0003799561237,0.0003929670493,0,0,0.004638540559,0.0006659333012,4.463621008e-05,0,3.593050678e-06,5.412378596e-05,0.001002143486,0.0001095982079,0.001680165413,0.002925923327,0.0001510516013,0,0,0,4.382191946e-06,4.878335312e-05,0.8970478177,0.01671095006,3.233804819e-05,0,3.217584435e-06,2.471419123e-07,0.1812901348,0.001504612505,0.00631154608,0.0009582351195,0.0009552987758,0.0001119243461,0,9.906212654e-05,0,0.0005310326233,0,2.129764425e-06,0
