ROI_ID,1,2,3,4,5,6,7,8,9,10,11,12,13,14,15,16,17,18,19,20,21,22,23,24,25,26,27,28,29,30,31,32,33,34,35,36,37,38,39,40,41,42,43,44,45,46,47,48,49,50,51,52,53,54,55,56,57,58,59,60,61,62,63,64,65,66,67,68,69,70,71,72,73,74,75,76,77,78,79,80,81,82,83,84,85,86,87,88,89,90,91,92,93,94,95,96,97,98,99,100,101,102,103,104,105,106,107,108,109,110,111,112,113,114,115,116,117,118,119,120,121,122,123,124,125,126,127,128,129,130,131,132,133,134,135,136,137,138,139,140,141,142,143
1,0,2.217652337e-07,1.228874407e-05,1.185527981e-05,3.569091177e-06,2.674816824e-05,7.453323178e-06,1.005213926e-05,0.005820393562,0.00232711737,0.02745034546,0.01031821128,0.2451748103,0.4918999672,0.05237273127,0.04811088741,2.340448737e-05,0.0002094518131,0.0002710846602,0.0002098875848,0.0001378910383,0.0001115530249,0.000358739926,5.026235885e-05,2.25199874e-05,0.0001275583636,0.004382376093,0.003990672529,0.01153446548,0.005149264354,0.00241646287,0.002209270839,0.002739274874,0.001965012169,0.0005858491058,0.001077256631,0.0004512963933,0.0002045001311,0,1.246422289e-05,0.0001682263392,0.0001295530819,0,0.5783780813,0.08215447515,0.2833401859,0.01439385395,0.02055340633,0.003687968012,0.007730980404,0.002232864033,0.04220784828,0.004869966302,0.00414345134,0.00295626279,0.002479698742,0.007499688771,0.003096989356,0.00184589345,0.02795352601,0.00231492077,0.001427901443,0.001249693334,0.0005255933502,0.0004512932792,0.001032309956,0.04100034013,0.005628556013,0.06774294376,0.0002705216757,0.0001688337215,0.04590275884,0.9944707155,0.003342633136,0.00534994388,0.004439049866,0.0003242021776,1.772288124e-05,0.0006465113256,0.0002275613369,2.789321479e-05,0.0002573963138,0.02632790618,0.7388753295,0.671459198,0.1177538708,0.2442796379,0.003451490076,0.0007900591008,8.583594899e-05,0.0001725754846,0.0005663260818,0.0001252353541,2.514450898e-05,2.583598416e-06,2.472755295e-05,3.056197556e-06,1.499475388e-06,4.118720244e-05,1.621902811e-06,6.412381026e-06,0,0,0,2.246563781e-06,0,3.572424021e-06,1.73009164e-06,3.57688009e-06,0,1.961840644e-05,0,1.785777931e-05,3.478669896e-06,0,2.541808271e-06,1.194137781e-06,1.804645399e-05,0,0,9.672394299e-06,1.027589951e-05,3.991384801e-06,4.37884155e-05,1.021640037e-05,1.966738273e-05,2.200309063e-05,3.026425929e-06,0.0001217402023,4.262313814e-05,0,5.43424585e-06,0,5.273407169e-06,0,5.993315995e-07,1.962570423e-05,0,1.036825552e-06,1.182890742e-06,4.082154192e-06,4.711779548e-05,4.097595229e-05
2,2.217652337e-07,0,0,2.669558512e-07,5.389562284e-05,0,0,3.844982075e-06,0.003000577679,0.0009899815777,0.002095152391,0.01182892919,0.361948818,0.1897012889,3.015941184e-05,0.04602680355,0.0001008353865,0.0004024664813,0.0002535124077,0.0002389663132,0.0001143809277,0.0001356624707,0,3.254559124e-05,0,6.267076242e-05,0.0132236518,0.005980055779,0.0106133502,0.006408295594,0.002986821812,0.001778634032,0.001038804301,0.0003507493529,0.001074379776,0.0009990455583,0.0006003022427,0,0,0,0.002380952472,0,0,0.3987838924,0.1591689289,0.2941721976,0.1008496359,0.06964252144,0.02228825353,0.05389852822,0.02671686932,0.03558373079,0.002380952472,0.001018255367,0.0002510187333,0.001259675482,0.01593540609,0.01038433705,0.00400078157,0.03675239906,0.003100744216,0.0007124227122,0.009116912261,0.003360414878,4.92685358e-05,0.0006877414999,0.02284729853,0.00655104639,0.0261456091,4.391755647e-05,0.0002220786992,0.002621413441,0.7703902125,0.00455688918,0.00626583118,4.704162711e-05,1.237066954e-05,4.314549369e-05,8.752956637e-05,0,2.136686089e-05,0.002299624262,0.001205816632,0.5934048295,0.5171020627,0.09803429246,0.004461753648,5.749391858e-05,1.905894806e-06,1.058005728e-05,0.0001232203649,0.002199790906,0.0007468858385,0.0002548258926,0,0,0,0,9.585750377e-05,0.0001448504336,0,0.0001158203013,0,0,0,0,0,6.176079296e-06,0,1.129640077e-05,3.817546531e-05,0,4.295744293e-05,0,0,6.362547538e-07,0,0,0,0,8.601126069e-07,0,0,0,0,0,0,0,0.0004125162377,0,0.0001376051659,0,0,0,0,7.690173334e-07,0,0,1.295405582e-06,0,0,3.346857193e-05,3.64675434e-05
3,1.228874407e-05,0,0,6.843609754e-06,0.0001700985304,0.0001721893786,8.64309095e-06,3.314628339e-05,0.01631652191,0.0008503052522,0.02738285437,0.004972400144,0.406103611,0.6187800169,0.007979685441,0.07390096784,0.0001275578106,0.0005275617004,0.0004074704484,0.0006357367965,0.0005198682775,0.0004011992714,0.0006772470078,0.0006595072336,0.0001569982269,0.0002752105938,0.0157340467,0.008206674829,0.01255915314,0.007798496168,0.004895597231,0.003578060539,0.003496383084,0.007648762316,0.002159253694,0.004164397717,0.006158049218,0,0,0,0.002380952472,0.0005480816471,0,0.6520211697,0.3136584759,0.3354197443,0.06825308502,0.09760344028,0.02122861147,0.03162577748,0.008212655783,0.04960526526,0.006769022904,0.00203772774,0.002135713119,0.0007955218898,0.002273323247,0.00240180362,0.0007919411291,0.05396091193,0.004197585862,0.001052309759,0.00247196923,0.0007448732504,0.000713375106,0.0005248343223,0.05159882829,0.007586827502,0.05686172843,9.11976822e-05,5.408796278e-05,0.006562382914,0.989515245,0.006070808973,0.0124535542,0.001065752702,0.0008892273181,7.737521082e-05,0.0005098242546,0.0004030520795,3.043631295e-05,0.0007585007115,0.05388990045,0.7400770783,0.7113463879,0.1443017423,0.0887240693,0.002988309367,9.349678294e-05,9.433796367e-05,8.550460188e-05,0.002687553875,0.0003840522841,6.728287553e-05,1.029827035e-05,1.708765376e-05,6.779537944e-05,8.927381714e-06,0.000190694278,1.557326686e-05,5.969446647e-05,0.0001233172952,1.855182381e-05,0,0,0,0,2.986966592e-06,6.758231757e-05,0,0.0001035010719,0,0.000151148095,2.73247133e-05,0,9.000609111e-07,0,1.354428605e-05,0,0,0,2.198535003e-05,4.585469014e-06,1.421365141e-06,5.364951357e-05,8.463727136e-05,2.015030441e-05,0,0.0003796611563,9.905178013e-05,1.807160334e-05,1.275139493e-05,8.916407387e-05,1.517093369e-05,5.656340363e-06,0,1.592058197e-06,0,1.157416705e-06,4.773141882e-06,0,0.0001617255766,0.0002254203573
4,1.185527981e-05,2.669558512e-07,6.843609754e-06,0,7.25594e-05,0,0,7.259347512e-06,0.0159835089,0.01180263143,0.0263733156,0.01992845163,0.5177756548,0.5365510583,0.00314771058,0.05651730672,5.880602839e-05,0.0002726411039,0.0003417485568,0.0002430081804,0.0002511636994,0.0001917208283,5.439517554e-05,0.0001578939118,6.478220894e-05,1.843670907e-05,0.01953942142,0.006474776659,0.01065970678,0.005762657151,0.002488896018,0.001768382848,0.001300873817,0.0004747449711,0.001258977456,0.001019281801,0.001661211485,0.002627454698,0.0001291122317,0.0002692428825,0.0001425812661,0.0005295925075,0,0.5669887066,0.3477004766,0.380985558,0.1834050864,0.2265437841,0.08973484486,0.09864071757,0.07695243508,0.05389747024,0.003223308828,0.002227785066,0.008375392295,0.004291607067,0.030227907,0.03394873068,0.01241182536,0.07260093093,0.005570097826,0.007418498863,0.02321106009,0.01320582163,0.002491287421,0.003067016369,0.06018483639,0.02580419369,0.03112192266,0.0005823060637,0.0007996680797,0.008251718245,0.8693534732,0.01459469739,0.04585311562,0.001970184036,0.001727298833,0.0006680642255,0.002200046089,0.00350922416,0.0002556415857,0.009703899734,0.05005277693,0.6674524546,0.587185204,0.1353070587,0.05651688576,0.005449473858,0.0001044945384,0.0005363219534,0.002423256636,0.01500921324,0.003624771489,8.496392547e-05,0.000107941305,0.0006418624544,0.001926691853,0.0007907224935,0.0007357007707,6.56634802e-05,0.000643640873,0.0009313298506,0.0003054653935,0,0,0,2.613550691e-07,1.873833207e-05,0.0002887160808,0,0.0003109670943,0,0.0005491654156,0.0001739960426,0,6.109409242e-06,4.162111509e-05,0.0001550813613,7.19571608e-06,2.492039494e-05,1.356867415e-05,0.001082064817,9.243098248e-06,0,7.106453268e-05,0.0002018717496,0.0001622399286,4.525659733e-06,0.003173565026,0.0002612769313,0.000243518225,0.0001625587902,0.000305405556,8.941318811e-05,0,0,0,0,4.67432028e-06,1.475636782e-05,1.833097485e-06,0.0009783649584,0.001306721941
5,3.569091177e-06,5.389562284e-05,0.0001700985304,7.25594e-05,0,1.695618084e-05,0,1.584652455e-05,0.02039582841,0.02352315001,0.06646222621,0.01771690883,0.1419485807,0.5786873698,0.05229398981,0.1204584166,0,0.0008545403252,0.001775260665,0.0006224433891,0.0028899475,0,0,0,0.0003311321489,0,0.03608557582,0.009875762276,0.01613046415,0.01343800314,0.01163511537,0.006947829854,0.001192925265,0.002380952239,0.004509336781,0.006541606039,0.01078219432,0,0,0,0,0,0,0.5543751717,0.02954857983,0.1941176057,0.007062374149,0.003685678588,0.001177776721,0.005000787321,0.00102923729,0.04026056081,0.001038388,0.003356838599,0.004667354748,0.002380952472,0.01644974202,0.004235369153,0.007558974437,0.04154067487,3.580897828e-05,0,0.001434509526,0.000320736639,0.01268620044,0.006714651827,0.04253754392,0.01108932961,0.1373224109,0,0.001471945667,0.1580254883,0.9920233488,0.006702194922,0.01114193909,0.09499821067,0.006673085503,0.007142857648,0.01650771871,0.0004509811406,0,0.0006089488161,0.03463729471,0.7813961506,0.7205731869,0.1215117201,0.3746396899,0.04629511386,0.01397734322,0.003007663647,0.002796174027,0.001768857357,0.0003913910768,1.729769792e-06,0,0,0,9.680136827e-06,1.125056315e-05,0,7.085184188e-05,6.716419193e-06,6.339183892e-05,0,0,0,0,1.218473972e-05,1.547348984e-05,0,0.0001326167258,0.0005065419828,0.0003428772325,0.0001927441917,0,0,0.0001458043553,7.004685176e-05,0,0,0,0,0.0002236145374,0,2.367607294e-06,1.01200867e-05,0,0,0.0002218938316,0.0001536796335,0,0,0,1.612836786e-05,4.095722761e-05,0,0,0.0002336564648,0,0,0,5.706679985e-06,0.0001351720275
6,2.674816824e-05,0,0.0001721893786,0,1.695618084e-05,0,0,1.63329787e-05,0.1029260233,0.0143612856,0.04913340136,0.0005407404387,0.4832808673,0.5491530299,0.002539439127,0.03920723125,0,0,0.0001907988626,0.0001389683457,0,0.001188611146,0,0.0009381077252,0,0,0.01369502489,0.00433035288,0.00713336328,0.006744239014,0.006349734496,0.0008151380462,0,0.002380952472,0,0.004947389476,0.003395222127,0,0,0,0,0,0,0.4560171068,0.296417743,0.3031648099,0.121086508,0.1405617148,0.07518810034,0.07817611843,0.04088394716,0.04939152673,0.007142857648,0.004761904944,0.004761904944,0.002380952239,0.002380952239,0.004955202807,0.002800536808,0.08587168157,0,0.006450674962,0.009831308387,0.001977294218,0.01276421733,0.005323432386,0.04686939716,0.009364338592,0.1309967935,0,0,0.02971218526,0.8285714388,0.01550338883,0.03077639826,0.04533736035,0.007142857648,0.007142857648,0.02506707981,0.002948607784,0.00169922132,0.003225414315,0.04364536703,0.5880830288,0.5229794383,0.08623048663,0.09619306028,0.01190476213,0,0.006021242123,0.004525459837,0.01235839352,0.0009107355145,0,0,0,0.0001963058457,0.0002075069497,0.0004286420008,0.000264725677,0.0002507514146,0.000620114617,0.003093759995,0,0,0,7.299301797e-05,0.0001643905271,0.0002455745416,0,0.001015070477,0,0.001546799322,0.0004638717219,0,0,0.0005768334377,0.0004983328399,0,0,0,0.002380952472,0.001350598759,0,3.275135896e-07,0.0002995194518,0.0004808638187,0,0.002424869454,0.0007681404823,0.0001487917907,0,0,4.020330016e-05,0,0,0,0,0,0.0003847549378,0,0.002110808389,0.00492165843
7,7.453323178e-06,0,8.64309095e-06,0,0,0,0,9.089376363e-06,0.07700442523,8.844579133e-05,0.01571206003,0.001547931577,0.4327691793,0.5110281706,0.0004407372035,0.01843618788,0.0007226283778,0,0,0,0,0,0,0,0,0,0.003741585184,0,0.004761904944,0.005676379427,0,0,0,0,0,0,0,0,0,0,0,0,0,0.2703472376,0.2953878939,0.1911269724,0.1623342484,0.1491033435,0.0807999298,0.08387621492,0.07268875092,0.02269139141,0.002380952472,0.002380952472,0.007142857648,0.002380952472,0.007142857648,0.004761904944,0,0.08517378569,0,0.004761904944,0.02561352775,0.008956342004,0.007091184612,0,0.03682588041,0.007142857648,0.181381762,0,0.000435823953,0.002784607001,0.7148502469,0.02348713018,0.05417711288,0.000690611254,0.007142857648,0.001843760954,0.01567110419,0.00154423865,0,0.006479389034,0.03177005053,0.3092905879,0.376352489,0.05662976578,0.003725064686,0.003913078457,0,0.0002943043364,0.006992872804,0.009942645207,0.004866456147,0,0,0.0004548628931,0,0.001866325154,0,0.0005115060485,0.0006523633492,0.002790907631,0.001504470943,0.002380952239,0,0,0,0,0,0,0.008213284425,0,0.003594184062,0.004900834523,0,0,0,0.0001050073843,0,0,0,0.0001263806626,0.001446922077,0,0,0,0.00103557657,0,0.005388525315,0,0.0001225246233,0,0,0.0006260917289,0,0,0,0,0,0,0,0,0.0002471526095
8,1.005213926e-05,3.844982075e-06,3.314628339e-05,7.259347512e-06,1.584652455e-05,1.63329787e-05,9.089376363e-06,0,0.01464214176,0.01384857669,0.04674991593,0.01945564337,0.4239075184,0.5535766482,0.009087814018,0.03250243142,5.220310413e-05,0.0002131669899,0.0002505959419,0.0002374868927,0.0001378616435,0.000217415407,0.0001648459438,0.000114935021,1.685900679e-05,8.246783545e-05,0.01661889069,0.01026009768,0.02030755579,0.009310745634,0.003601119854,0.002815006068,0.001620361232,0.001537524164,0.0006520199822,0.00128877128,0.001683326671,0.0007726678741,7.800038293e-05,0.0001260116696,0.0004799127637,0,0.000510037411,0.6723549962,0.3731782734,0.372595042,0.0885938704,0.1249476671,0.03882299364,0.05359444022,0.01665570959,0.05028030649,0.009301579557,0.01727012545,0.009146805853,0.0122513324,0.0316324681,0.02718192339,0.01776009984,0.08188085258,0.009326804429,0.008683303371,0.007395832799,0.003911514301,0.007728561293,0.007563826162,0.06521880627,0.01053065713,0.09508200735,0.0001150409371,0.003177948296,0.06546542048,0.9731276631,0.0283701811,0.03932278976,0.01570932381,0.009688728489,0.002445886843,0.007875815034,0.0009797118837,0.0006291207392,0.002254687715,0.09446864575,0.7688959837,0.7303369641,0.1615481973,0.2904940546,0.01660053059,0.00139628374,0.00140643341,0.003151890822,0.005556164775,0.00134885055,0.0002338138584,5.20042995e-05,0.0001612529159,3.642010051e-05,8.033104677e-05,7.84820586e-05,3.277809083e-05,7.425824879e-05,0.0001877748291,0.0004662479623,0,2.580451837e-05,0,5.769163181e-06,1.650488775e-05,0.0001687757613,0,0.0001524121908,0,0.0004505584075,6.754545757e-05,2.462303382e-05,7.258379355e-06,0.0001036562244,0.0001522468374,0,0,0.0002086707536,8.218564471e-05,5.515536759e-05,4.903447189e-05,2.210827734e-05,0.0001259143901,3.640400973e-05,0,0.0007190553588,0.0004570954188,0.0001119185981,0,0,5.689252066e-05,3.232229938e-05,2.855865023e-05,0.0002002390102,0,2.260094516e-05,6.245327677e-05,1.399522625e-05,0.0004053835873,0.000700818724
9,0.005820393562,0.003000577679,0.01631652191,0.0159835089,0.02039582841,0.1029260233,0.07700442523,0.01464214176,0,0.0001700922585,0.024854213,0.0050185211,0.1770095825,0.5620304942,0.04491244256,0.05567144603,0.005768034142,0.01789630018,0.02105562575,0.0214410387,0.01530507579,0.0146923447,0.01640614867,0.008982505649,0.003727781819,0.009515000507,0.00361407618,0.01846482418,0.02158194967,0.01563714817,0.009703914635,0.01475797687,0.02101700008,0.01187325921,0.003426022595,0.009446808137,0.005978548899,0.005375504494,0.004796407651,0.001906035235,0.002546297852,0.001171794487,0.0001888998231,0.6273630857,0.4065789878,0.2856129706,0.1064222679,0.253012538,0.1397316903,0.05301867053,0.03845183551,0.08975279331,0.007331442554,0.001977340085,0.001960888971,0.001774672186,0.0005684219068,0.0009655896574,0.0003376726818,0.06345593929,0.002449100139,0.005190819968,0.01672229171,0.001806535525,0.003150518518,0.0004087724956,0.1205137596,0.01232992392,0.1109592766,0.0006294624181,0.000176296875,0.3068843484,0.9993842244,0.02319462784,0.02658502385,0.01404540334,0.002373035764,0.0009671748849,0.004020131193,0.008804895915,0.0002718953183,0.01961942203,0.09145966917,0.8278670907,0.9267796278,0.2599791288,0.2018565089,0.005235233344,0.01199473627,0.0003572828718,0.0004961363738,0.0344970338,0.01931544766,0.02332314476,0.03439232334,0.0303342808,0.04228563979,0.03803917021,0.03454425931,0.03733638674,0.04388038442,0.04495091736,0.009271721356,0.008004548028,0.001382250339,0.0006726191496,0.00353389373,0.001503746957,0.0266193971,0.001165350317,0.02393936925,0.006041624583,0.01160007808,0.005999147426,0.0008594125975,0.001165013644,0.004549403675,0.0177781228,0.0003926150966,0.000363864121,0.0004011830897,0.002634856617,0.0005803175154,0.03648548573,0.03954774141,0.02150964178,0.01451032702,0.0004611057229,0.03067150712,0.009644266218,0.02011100948,0.01261118334,0.01202986017,0.01578173041,0.009528840892,0.001126764808,0.004553403705,0.003118403954,0.0005363344098,0.000524005387,0.0005044772988,0.02521709353,0.01567164063
10,0.00232711737,0.0009899815777,0.0008503052522,0.01180263143,0.02352315001,0.0143612856,8.844579133e-05,0.01384857669,0.0001700922585,0,0.0003885600017,0.0002317538892,0.357121259,0.5173172951,0.0001269560598,0.09146807343,0.01294054929,0.02029624581,0.02611325681,0.02507782541,0.02198631689,0.02094342932,0.0248206649,0.01608742401,0.01198652107,0.01624571718,0.01249199826,0.03419139981,0.03626694903,0.03471878916,0.0292016305,0.03870702907,0.04691263288,0.0302527193,0.015164854,0.02492724173,0.01892904006,0.01030372549,0.006831077393,0.01003996935,0.008292706683,0.005976636894,0.000758823473,0.6728225946,0.595046103,0.3941998184,0.2885104418,0.4636677802,0.1487293541,0.1014111415,0.0926598981,0.05913196504,0.00166329171,0.0002777192567,0.0002428853477,0.0002128966007,0.0005012920592,0.002053608652,0.0002819482761,0.04214940593,0.001236779266,0.001179099316,0.01768939197,0.002067965455,0.0001753239048,0.0001318416325,0.04169644043,0.003970068414,0.01302646194,0.0002924118016,7.992013707e-05,0.002289405093,0.9932314754,0.004357043654,0.009757744148,3.714018021e-05,5.059222167e-05,1.16953297e-05,0.0001472586882,0.001476633013,7.70423776e-06,0.01193309762,0.02772190981,0.679754436,0.8552116156,0.1727896929,0.001998086926,6.987689994e-05,2.770045467e-05,2.599470827e-05,4.729536522e-05,0.007714380976,0.003548448207,0.02399903722,0.003116854699,0,0.02262918651,0.01921473444,0.0269254595,0.008251834661,0.04108966887,0.04115310684,0.005630412605,0.004761904944,0.0003962373012,0,0.004093311261,0.00110121863,0.005520169158,0.0004563545808,0.02067710273,0,0.006057064049,0.002915587742,6.883931201e-05,0.0006356086233,0.001728294534,0.005639818963,0.0005292802816,0,0,0.0002366921835,0.0002036208462,8.181853445e-06,0.007029366679,0.006144885439,0.008466646075,5.330951535e-05,0.02458228543,0.001476121019,0.01109906193,0.001000484568,0.000287367031,0.007856700569,0,3.725566421e-05,1.162245462e-05,2.877604675e-05,4.837781307e-05,3.285706407e-05,0.0002081138664,0.002809557598,0.005956016481
11,0.02745034546,0.002095152391,0.02738285437,0.0263733156,0.06646222621,0.04913340136,0.01571206003,0.04674991593,0.024854213,0.0003885600017,0,0.002318381332,0.5656781197,0.7394342422,0.00468176743,0.07760325074,0.02357518673,0.04737542197,0.04332948849,0.03605357185,0.03690027446,0.03665342182,0.02338322997,0.02590502426,0.01596136391,0.03299001977,0.02467301115,0.0516865477,0.04663945362,0.05458711833,0.04790402204,0.05178548396,0.05349387601,0.04281917587,0.02701956593,0.04039938375,0.02344401926,0.01543004345,0.007903167978,0.00715917768,0.008021262474,0.009090742096,0,0.7355084419,0.4733194709,0.3179249465,0.1499948055,0.3454856277,0.267985791,0.08304870874,0.0728430599,0.03356900439,0.00082691235,0.0005517429672,0.001959905028,0.002702982398,0.0003331601038,0.0009330175235,0.0003002301091,0.07055488974,0.002218989888,0.007816135883,0.03300526738,0.00530752819,0.003441587556,0.000507202989,0.07133667916,0.008321753703,0.0271365419,0.001851287088,0.0002339958301,0.007127183024,0.9995189309,0.02037317492,0.03562453389,0.002808583435,0.003022704041,0.001332420041,0.006592279766,0.0280145444,0.0004024692462,0.05164323375,0.07908373326,0.7702113986,0.8622282743,0.20367226,0.01300536748,0.001871801913,0.001727861818,0.0005168542266,0.0008605941548,0.06469720602,0.04245431349,0.08194251359,0.09723477811,0.1131795049,0.1061027274,0.1146348789,0.123363018,0.07927854359,0.1138576493,0.1237737238,0.0311532449,0.01710549928,0.004454478621,0.001142662833,0.002029222203,0.002668944187,0.0653058365,0.004927599803,0.06424200535,0.01601923816,0.03560360894,0.01709562913,0.001717708539,0.001680982066,0.01614887826,0.04657496139,0.001149855671,0.0004913199809,0.0005229931558,0.006367247552,0.0007673032233,0.002540865447,0.05556045845,0.0537122339,0.0439253971,0.0005150117213,0.07702049613,0.02881051786,0.05480209365,0.03518828377,0.02324835584,0.04550738633,0.0143033918,0.001466059592,0.001267098007,0.001462706248,0.000606124755,0.001664217911,0.001132600708,0.06830462068,0.04753732681
12,0.01031821128,0.01182892919,0.004972400144,0.01992845163,0.01771690883,0.0005407404387,0.001547931577,0.01945564337,0.0050185211,0.0002317538892,0.002318381332,0,0.3763043284,0.5239111781,0.0006685269182,0.09107365459,0.02516354993,0.03092111088,0.03484343365,0.03473037109,0.03423942253,0.03425982967,0.03541745618,0.02907788754,0.02225339599,0.03448785841,0.02471537516,0.04985202476,0.05311257765,0.05139200762,0.04492595047,0.05015902594,0.05932338536,0.04468902573,0.02848899178,0.03898930177,0.03177271783,0.03097610734,0.02513557114,0.01181092951,0.01527695823,0.01463199127,0.002490908606,0.7388374805,0.4506498873,0.3336087167,0.1449041218,0.300232321,0.1392528713,0.04156584293,0.03820593283,0.03900436312,0.001102996757,0.000180988849,0.0002804842661,0.0004139722732,0.0005439899978,0.001277880045,0.0008061063127,0.03273730353,0.0006352885976,0.002340169623,0.007587383036,0.001916488283,0.0005264836363,0.000322593376,0.03676621616,0.004415534902,0.01334302593,0.0002389214351,0.0002148898493,0.02393717691,0.9918428063,0.007532084361,0.0083181113,0.0009759354871,0.001254084287,0.0006011130754,0.0016111437,0.004518368747,0.0002281503112,0.01155155431,0.03186510876,0.6915694475,0.7737851143,0.1498137116,0.01125051919,0.000459558185,0.0007575276541,0.000188351114,0.0002559751156,0.02255861647,0.01105014421,0.02788276598,0.009640797041,0.005441828631,0.03051791713,0.02097916044,0.01938177645,0.01174652483,0.02784788609,0.03896700591,0.0081107812,0.006245971192,0.002752701286,0.001670281752,0.008976588026,0.002632744377,0.008222570643,0.00392130157,0.01367084496,0.002547847573,0.00669672573,0.006427577697,0.0007382743643,0.002734062262,0.001767582027,0.006381409243,0.001063629054,0.0006979945465,0.0004917350598,0.001514778356,0.0008198079886,0.002901963424,0.007566078566,0.006650041789,0.008710840717,0.001741196262,0.01739419997,0.002073113108,0.006727995817,0.005147555377,0.001570111606,0.006755900569,0.006963495165,0.001546922373,0.0007255483652,0.001077801338,0.0007525597466,0.001057647285,0.002177807502,0.01371407416,0.01189857721
13,0.2451748103,0.361948818,0.406103611,0.5177756548,0.1419485807,0.4832808673,0.4327691793,0.4239075184,0.1770095825,0.357121259,0.5656781197,0.3763043284,0,0.8655685186,0.8672596812,0.24371925,0.4576063156,0.4631265104,0.4888196886,0.5022047162,0.5069314241,0.4932456017,0.3412578404,0.2558743358,0.3767568767,0.4682593644,0.5256135464,0.5191073418,0.5409969091,0.5454214215,0.5414451957,0.5178363919,0.5085012913,0.4087785184,0.4978037477,0.5201478601,0.3440599442,0.05547037348,0.08919130266,0.1657048613,0.1027296409,0.09884360433,0.01190476213,0.8693643212,0.4773529172,0.7770658731,0.451628685,0.3273475468,0.3082982004,0.4899743497,0.3463419378,0.6630921364,0.6032418013,0.4813790023,0.5092802048,0.4964580536,0.5214198828,0.6067947149,0.5548208356,0.6807411909,0.5977208614,0.4265546799,0.4166712165,0.456979692,0.4784697294,0.3728232086,0.7845885158,0.6721249819,0.7542846203,0.4846501946,0.3423252106,0.8841865659,0.9999841452,0.5753584504,0.457003355,0.7857179046,0.5497351289,0.4273740053,0.5441816449,0.4045683146,0.4370413125,0.417909354,0.6402486563,0.9749398828,0.9908453226,0.8016337156,0.9499944448,0.6524428725,0.6819857955,0.355946362,0.3649709523,0.5113586783,0.4643444121,0.1322713792,0.1575116664,0.121308215,0.1947137117,0.1615577936,0.1227002665,0.2215498537,0.1988075674,0.172640726,0.2939390838,0.2031847537,0.2070597559,0.2235544771,0.3558173776,0.4439088404,0.2462434471,0.1827462614,0.2709832788,0.09033165872,0.2803584635,0.3290759325,0.2477864474,0.3385325372,0.2553476095,0.2767347097,0.1999139041,0.1871497035,0.2593667209,0.3434869945,0.3316505849,0.1964684874,0.2485323995,0.2687506676,0.2611239254,0.213688463,0.2884582579,0.3104690909,0.2866298556,0.2416823506,0.177854225,0.2787194252,0.2042932361,0.2403639704,0.3439518511,0.3224616051,0.3239085674,0.2569450736,0.2564338744,0.1992585808,0.2958039343
14,0.4918999672,0.1897012889,0.6187800169,0.5365510583,0.5786873698,0.5491530299,0.5110281706,0.5535766482,0.5620304942,0.5173172951,0.7394342422,0.5239111781,0.8655685186,0,0.664552927,0.3938763738,0.2086528838,0.1672551483,0.1945801228,0.2835330069,0.2731457651,0.2093411535,0.09867800772,0.04898862913,0.1208813787,0.1905646026,0.3813596368,0.309861511,0.3516525328,0.3730299473,0.3605709374,0.3632940054,0.2690289319,0.2316198945,0.3199724257,0.3363857865,0.1837015301,0.03333333507,0.03291791305,0.05823532864,0.05421316251,0.05491575599,0,0.9717728496,0.8896318078,0.8744015098,0.6132635474,0.7864268422,0.8314620852,0.595625639,0.5403494239,0.6977807879,0.2838942707,0.401799649,0.5092752576,0.4784306884,0.3668566048,0.357024312,0.2908529341,0.7085831165,0.3049869835,0.436037302,0.5269605517,0.4325738549,0.6902946234,0.4229638875,0.8846197128,0.6753561497,0.783627212,0.1879787147,0.3316142559,0.6779451966,0.9999997616,0.7054488659,0.6259098053,0.7351856232,0.6147245169,0.381329447,0.7167240977,0.4954814315,0.3175359964,0.5565485358,0.812479496,0.9916176796,0.9947545528,0.897258997,0.871724844,0.6284844875,0.4954303801,0.4106110632,0.4455554485,0.7086972594,0.569309473,0.4179280102,0.4231337607,0.3414440751,0.4282159507,0.4718005657,0.5749375224,0.3088117838,0.5411326885,0.5903415084,0.3360546529,0.0792729035,0.07147033513,0.06323696673,0.1103552878,0.2674307525,0.4353691936,0.04460367188,0.5058819056,0.03728711233,0.4691406488,0.4036819935,0.06446092576,0.1850340217,0.213416338,0.4230508208,0.05526738614,0.0524446182,0.128474474,0.1894858778,0.2518970668,0.2165620476,0.5527635217,0.3754634559,0.2761031091,0.06201285496,0.5261548162,0.3090619147,0.4973157942,0.1811760962,0.09643565118,0.4054616094,0.1094479486,0.09832073003,0.1269480735,0.131668523,0.2059697956,0.1414569616,0.09785164148,0.4442708492,0.4882738888
15,0.05237273127,3.015941184e-05,0.007979685441,0.00314771058,0.05229398981,0.002539439127,0.0004407372035,0.009087814018,0.04491244256,0.0001269560598,0.00468176743,0.0006685269182,0.8672596812,0.664552927,0,0.0113845598,0,0.004761904944,0,0,0.003723281668,0.004278306384,0,0,0.004761904944,0,0.008212073706,0.01296695694,0.02588745393,0.01469574682,0.01478488278,0.007142857648,0.007745361421,0.002380952472,0.002380952472,0.004761904944,0,0,0,0,0,0,0,0.772510767,0.8219018579,0.7333368659,0.6983470917,0.7066351771,0.4208187759,0.5766503215,0.5085114241,0.1716210246,0.01904761977,0.03071844205,0.05330463871,0.06541725248,0.03189589828,0.05634820834,0.02330319211,0.4945573509,0.01904761977,0.07002868503,0.4003629684,0.1190094501,0.1146780327,0.04042761028,0.258415699,0.1259764284,0.5171632767,0.008463084698,0.01087671798,0.001639468363,0.9802654386,0.1783280969,0.406247139,0.0002707967651,0.05464820191,0.01727136411,0.1486796886,0.01413379982,1.9237792e-05,0.192072615,0.3316254616,0.8547586799,0.8900096416,0.4279170632,0.005311058369,0.01950171217,1.496020104e-05,0.001604663092,0.05032744259,0.0520616658,0.03477844596,0.01104821265,0.02267563157,0.008879919536,0.03691478446,0.02520231158,0.03895748779,0.008015665226,0.0896647647,0.110311605,0.04761904851,0,0,0.002380952472,0.004761904944,0.0163621828,0.04712869227,0,0.1173647791,0,0.08977357298,0.04103960097,0.001811951865,0.01811454073,0.01258890238,0.02842207067,0,0,0.0001724763133,0.007777861319,0.0112881707,5.278188837e-06,0.006196788512,0.01907326281,0.01845154539,0,0.1399510354,0.01151716989,0.02970533632,0.00808265619,0.003427796764,0.03002631664,0.0004142064718,0,1.746429189e-05,0,0.0006909413496,0.0006044904585,0.002380952472,0.03251107037,0.04011013731
16,0.04811088741,0.04602680355,0.07390096784,0.05651730672,0.1204584166,0.03920723125,0.01843618788,0.03250243142,0.05567144603,0.09146807343,0.07760325074,0.09107365459,0.24371925,0.3938763738,0.0113845598,0,0.03007985093,0.1013241485,0.1209150031,0.1061990112,0.07362163812,0.07600156218,0.08668442816,0.06403953582,0.01712592132,0.05214449763,0.03192140162,0.1204281747,0.1340987831,0.09457939118,0.06114699692,0.09295503795,0.12433061,0.07005214691,0.02216532826,0.05470909551,0.04060688987,0.03405427188,0.02289518714,0.01138551999,0.01372412592,0.01555961929,0.004321866669,0.6446967721,0.4301699996,0.3382214606,0.1714481115,0.2941603959,0.2485925108,0.1611814648,0.1529031396,0.2821430862,0.2883613408,0.238984704,0.2916998565,0.2624445558,0.3185817301,0.3188421428,0.3250924647,0.1892963499,0.3171956241,0.2360966355,0.2053797096,0.2643282115,0.1543668509,0.1668258011,0.3168298006,0.2913659513,0.2559740841,0.2421562076,0.115892604,0.2468216419,0.9973592758,0.2440866232,0.1994295865,0.03772601858,0.04555769637,0.03269838914,0.09867066145,0.2056334466,0.05132192001,0.1957386434,0.2577085793,0.8657768369,0.9277233481,0.4031161964,0.2980209887,0.03509209678,0.03246070445,0.02881209552,0.05753431469,0.1895880699,0.173040852,0.134707585,0.1183704361,0.1218311787,0.1660963446,0.1518676877,0.179149583,0.1469640583,0.1755197495,0.1769671142,0.2040753067,0.1633601487,0.1454066783,0.1401171833,0.1392947882,0.2148198038,0.1325354874,0.1702576727,0.1816943884,0.1516372412,0.1988840401,0.2114199698,0.1145322397,0.1094958037,0.1972471774,0.1761212498,0.07800421119,0.0263753552,0.06031034887,0.2174585462,0.1084309369,0.07267288864,0.08738639951,0.1587761641,0.1755680889,0.03385567665,0.1872814447,0.2101924121,0.1414765418,0.1811724454,0.1528480798,0.1691768914,0.1154742911,0.03884188458,0.0246833358,0.02982994169,0.03204737976,0.07330586761,0.05417061597,0.194537729,0.1909663975
17,2.340448737e-05,0.0001008353865,0.0001275578106,5.880602839e-05,0,0,0.0007226283778,5.220310413e-05,0.005768034142,0.01294054929,0.02357518673,0.02516354993,0.4576063156,0.2086528838,0,0.03007985093,0,1.495258221e-05,4.508068378e-05,0.0001056505353,3.396765169e-05,4.144227569e-05,2.21747232e-05,3.325716898e-05,7.467582691e-06,3.570586341e-05,0.003670077305,0.003315662034,0.0138974078,0.008544820361,0.002841211855,0.002218077425,0.001209536102,0.0006800308474,0.0006347151939,0.0007421304472,9.22399413e-05,0.0002186116762,3.763437417e-05,6.251648301e-06,1.047348997e-05,2.767433443e-06,0,0.3424374163,0.1132698655,0.165514946,0.0854319483,0.09551870078,0.03281538188,0.06966052949,0.07040751725,0.04728208855,0.01511500496,0.01972457208,0.03322428465,0.01721800305,0.06220521778,0.08704942465,0.05514690652,0.05622719601,0.01158222556,0.0279075224,0.05872263014,0.05496305972,0.01644262485,0.01529399306,0.01016990654,0.03899922222,0.04380857199,0.01348784566,0.008820794523,0.008096512407,0.5150566101,0.02106828056,0.0501117222,0.001105294563,0.0004405833606,0.001753041637,0.006935780868,0.02531635202,0.005026743282,0.01586282253,0.02297809534,0.3205679059,0.2938026786,0.06426464766,0.03588923812,0.0008840148221,0.003688591532,0.002409141278,0.006318954751,0.01305874716,0.006340635009,0.0005402712268,0.000305053487,0,0,0,0.0007375121349,0,0.0001334478147,0.0008641822496,0.001603439916,0,0.0003284219711,0.0007599092205,0.0001690759091,0.0001531543821,0.0006894408725,0,0.0004014061706,0,0.001097944449,0.0007428557728,0.0004168307642,0.000254512066,0.0002950329799,0.0008416803903,0,0,0.000100864323,0.008266216144,0.0005371840089,0,0.0008737407043,0.001183595159,0,0,0.002291248413,0.0004361926112,0.0002116842661,0.0007161734393,0,0.0008434357005,0,0,0,0,0.0001178436942,0.001955719199,0,0.001170642558,0.003932452295
18,0.0002094518131,0.0004024664813,0.0005275617004,0.0002726411039,0.0008545403252,0,0,0.0002131669899,0.01789630018,0.02029624581,0.04737542197,0.03092111088,0.4631265104,0.1672551483,0.004761904944,0.1013241485,1.495258221e-05,0,1.041666746e-05,4.18165364e-05,3.13127166e-05,8.677166625e-05,6.938171282e-05,6.837157707e-05,2.081632374e-06,4.43982608e-05,0.00893493928,0.0005601675366,0.006186508108,0.004229176324,0.001799962251,0.000901501684,0.0003382756258,0.0004423169012,0.0009573020507,0.0005730579142,6.243122334e-05,0.0001720151922,9.755517385e-05,4.688084118e-06,0,0,0.0002638594015,0.234919548,0.09474156052,0.06003050506,0.04608175531,0.05868840963,0.0294973217,0.04694036394,0.0534193553,0.03200927004,0.01666666754,0.007669727784,0.02242413163,0.02039103396,0.06054351106,0.07019092888,0.06680168957,0.03452342749,0.01108446158,0.03052173369,0.09022538364,0.08485013992,0.007206791546,0.02658817917,0.00300629111,0.02939869836,0.03133784607,0.00855283998,0.02322448231,0.01190476213,0.3302024007,0.02602519654,0.0421481207,0.003270555288,0,0.003092034254,0.01120296028,0.02143172547,0.005861274432,0.04334546626,0.01129466761,0.1405046582,0.157821551,0.02317805216,0.007142857648,0.00461318111,0,0.006068283692,0.009329488501,0.01443633996,0.0127223637,0.000309345487,0,0,0,0,0,0,0,0,0.006736705545,0,0,0.0004791934043,0.0001627045858,0.0009871135699,0,0,0.002254883293,0,0.006083075423,0.002190168248,0,0.0005493343924,0.0003874142712,0.00484800199,0,0,0.004342708737,0.002380952472,0.001431159209,0,0.0001841058547,0,0.004804822616,0.0002872190671,0.001857985975,0.0005301480414,0.0006551804254,0.002380952472,0,0.0008246633806,0,0,0,0.001814833493,0,0.0009963390185,0.001100862632,0,0.01017806865
19,0.0002710846602,0.0002535124077,0.0004074704484,0.0003417485568,0.001775260665,0.0001907988626,0,0.0002505959419,0.02105562575,0.02611325681,0.04332948849,0.03484343365,0.4888196886,0.1945801228,0,0.1209150031,4.508068378e-05,1.041666746e-05,0,4.335435369e-05,0.000137341849,0.0002515523811,0.0002408421569,3.375460801e-05,2.698907701e-05,6.834041415e-05,0.02116960473,0.004233317915,0.008899511769,0.005741368979,0.002537303139,0.001394636114,0.0007774634287,0.001014986774,0.001302686054,0.0009619484772,0.0002516290406,0.0003089326492,0.0001242350409,0.0005893803318,0.001321153133,0.0001468224218,0,0.2966911495,0.1024349406,0.1157134473,0.08385276794,0.05553487688,0.02062967978,0.0590277575,0.07260524482,0.04307816923,0.002380952472,0.006088136695,0.02385431714,0.03204138204,0.07386685908,0.1134113893,0.08389376849,0.03772883117,0.0179336369,0.02382543124,0.0781000331,0.07966552675,0.01871237718,0.03987823054,0.01190476213,0.03050803766,0.03712219745,0.02233193815,0.02146785706,0.008688598871,0.4048605859,0.02974366769,0.07036980987,0.004213747568,0.002380952472,0.005566278007,0.008920002729,0.02569195814,0.005932553671,0.04062106833,0.0142857153,0.2337540686,0.1466898471,0.02592406794,0.01779548079,0.002739066025,0,0.005025625229,0.006022104993,0.02191126905,0.01736503467,0.0007887922693,0.001608175342,0.002380952472,0,0,0.002380952472,0,0,0.002270380501,0.002705750288,0,0.001527212677,0.005401463248,0.0001543146063,0.000783819065,0,0.001688041259,0.001635336084,0,0.006029164884,0.001379781868,0,0.0008242990007,0.000359580823,0.001695397892,0.001181291416,0,0.0002405188861,0.009817033075,0.00286381715,0,0.001775756711,0.0003934229899,0.001210566959,0.0008760255296,0.003124480369,0.004461710341,0.003180675441,0.002380952472,0,0.000196959445,0,0,0,0,0.001241480233,0.002819636604,0.0002051499323,0.003965747077,0.003572766436
20,0.0002098875848,0.0002389663132,0.0006357367965,0.0002430081804,0.0006224433891,0.0001389683457,0,0.0002374868927,0.0214410387,0.02507782541,0.03605357185,0.03473037109,0.5022047162,0.2835330069,0,0.1061990112,0.0001056505353,4.18165364e-05,4.335435369e-05,0,6.429420318e-05,0.0001806650253,0.000143657162,8.689196693e-05,2.925020817e-05,6.049342483e-05,0.02294768207,0.005797864404,0.0102020083,0.006550994236,0.002702597529,0.001778607606,0.0009346171282,0.0007144823903,0.001699704095,0.001431282144,0.0006311072502,0.0004501900694,0.0007764056791,0.0003705538984,3.200409992e-05,0.0004203099525,0,0.3303909898,0.1374631971,0.1818602681,0.1073741019,0.09207371622,0.04128938168,0.07947628945,0.1009110957,0.04842953011,0.01881559938,0.02828961797,0.04635017365,0.0561623089,0.07670565695,0.1028160751,0.08817227185,0.06709333509,0.02797454782,0.03389320895,0.1107192785,0.08854471892,0.01779617742,0.03010591865,0.0294637233,0.05535064265,0.07069328427,0.02996197157,0.02047755942,0.0142857153,0.4675028026,0.03852984309,0.0690664798,0.001297262497,0.0008994025993,0.009250656702,0.01189449709,0.03927784041,0.008469589986,0.04908183962,0.03542745113,0.2753510475,0.2496163994,0.05466718599,0.01915469393,0.0005099119153,0.003077863716,0.00581161771,0.01205062028,0.02862068079,0.02342898585,0.0003471384989,0,0,0,0.0003018696152,0.004044358153,0.002380952472,0.0002777904738,0.00127926725,0.003621342126,0,0,7.397405716e-05,0.0001384141651,0.0006188110565,0.002647978719,0.0008769530104,0.003067038488,0.0005756423925,0.01352313627,0.003033522284,0.002115247538,0.001237597666,0.001317652408,0.002986630192,0,0.001559215598,0.001262755715,0.004292606842,0.003201863496,0,0.001371700782,0.004761904944,0.002068665344,0.000995932729,0.01231319271,0.005132766906,0,0,0,0.001020250376,0,0.001280581579,0,0.002070960822,0.0009632867877,0.006375440862,0.001299326541,0.002380952472,0.01562330872
21,0.0001378910383,0.0001143809277,0.0005198682775,0.0002511636994,0.0028899475,0,0,0.0001378616435,0.01530507579,0.02198631689,0.03690027446,0.03423942253,0.5069314241,0.2731457651,0.003723281668,0.07362163812,3.396765169e-05,3.13127166e-05,0.000137341849,6.429420318e-05,0,2.115383359e-05,1.600629366e-05,6.699464848e-06,1.101979979e-05,2.2590144e-05,0.01383700129,0.003347994993,0.00767279556,0.005059482995,0.00189376052,0.0008312114514,0.0004882930662,0.0005656900466,0.0008881682297,0.0006520206807,0.0002590774966,9.434513049e-05,8.174088725e-05,3.688731522e-05,0.0001005505037,1.188252372e-05,0,0.326367259,0.1692536622,0.137435317,0.1020337641,0.08144389838,0.04227275401,0.07955832779,0.08177449554,0.05491387844,0.0231338609,0.0149095282,0.0367080234,0.03821627423,0.06840030104,0.0808898136,0.07371877134,0.05654150993,0.0219531022,0.04041210935,0.07278747857,0.07964538783,0.01596348174,0.02705547959,0.009523809887,0.04722374678,0.05955931544,0.01902000047,0.01933276094,0.01904761977,0.4787273109,0.01829990745,0.05039381608,0.006805244833,0.002290091245,0.001353226253,0.009248819202,0.02400967851,0.006391449831,0.03815012053,0.007571037859,0.2655957341,0.2464785576,0.04148880392,0.01822420396,0.01145305485,0.003765642876,0.007131624036,0.01116836816,0.02294022962,0.02113231644,1.738044921e-05,0,0,0.001554866321,0.002380952472,0.002410006942,0.0004191205371,0.0004885172821,0.0003212595766,0.005934066139,0.0007371432148,0,0,0.0002012069162,0.0009063176112,0.00313092093,0.002789437305,0.003804063192,0.002882319735,0.005166078452,0.001636850648,0,0.001210369286,0.0009223772213,0.0009470291552,0,0,0.00479267817,0.003393917577,0.001905818703,0,0.001161755063,0.0009393041255,0,0.0009008430061,0.007396155037,0.00800102111,0.0002309610572,0.002910089912,0.002380952472,0,0,0,0,0,0.0003367532918,0.001618547831,0.0007202179404,0.003917492926,0.01360378973
22,0.0001115530249,0.0001356624707,0.0004011992714,0.0001917208283,0,0.001188611146,0,0.000217415407,0.0146923447,0.02094342932,0.03665342182,0.03425982967,0.4932456017,0.2093411535,0.004278306384,0.07600156218,4.144227569e-05,8.677166625e-05,0.0002515523811,0.0001806650253,2.115383359e-05,0,2.375551276e-07,5.224080724e-06,4.617882951e-06,2.034883437e-06,0.0104108518,0.00222660997,0.005787919275,0.003965996671,0.001330273226,0.0007785821799,0.000355252967,0.0003599902848,0.0005550633068,0.0006541596376,0.0001009655534,0,2.330076313e-06,4.193999303e-06,1.55350026e-05,2.106607462e-05,0,0.2194634676,0.06889875978,0.08168247342,0.06665888429,0.04930749908,0.02613035776,0.05137698352,0.06099721044,0.03505434841,0.009523809887,0.01646951586,0.02655226737,0.02356700227,0.06607893109,0.08178747445,0.06993944943,0.03882869706,0.01087532751,0.05137694255,0.06946346909,0.07104223967,0.01070425473,0.02420274355,0.007142857648,0.02372710966,0.04266936705,0.02075435594,0.01743071154,0,0.3250087202,0.009187500924,0.06003911421,0.003415599233,0,0.004761904944,0.01055950485,0.0262537878,0.006179178599,0.04009177908,0.01190476213,0.1449718624,0.1446126252,0.0147173861,0.008151486516,0.0009214595775,0,0.005530174356,0.006118264515,0.007142857648,0.013132222,0.0001403168426,0.002380952239,0,0,0.00150973734,0,0.0003402181901,0.0006572320708,0.002380952472,0.002380952472,0,0.0008989978814,0,0.0005975401145,0.0007799649611,0,0,0.00440547755,0,0.008063500747,0.005713477731,0,0.0004778786388,0,0.001669910154,0,0,0.002105277497,0.006428709719,0.003777122824,0.002380952472,0.000726806873,0.002380952472,0.0001602985576,0,0.01135289855,0.007142857648,0,0,0,0.00220794091,0,0,0,0,0.0003332626366,0,0,0.001436909661,0.002442578785
23,0.000358739926,0,0.0006772470078,5.439517554e-05,0,0,0,0.0001648459438,0.01640614867,0.0248206649,0.02338322997,0.03541745618,0.3412578404,0.09867800772,0,0.08668442816,2.21747232e-05,6.938171282e-05,0.0002408421569,0.000143657162,1.600629366e-05,2.375551276e-07,0,3.376857762e-07,1.984499249e-06,8.12367125e-06,0.007052892353,0.001564475009,0.005119959824,0.003029302228,0.001016187947,0.0004901185748,0.0001964378607,0.0001744426845,0.0002810274309,0.000443130004,0.0002080868871,9.199721535e-05,0,0,2.522547402e-05,4.266085671e-05,0,0.1355066299,0.04185092822,0.05633957312,0.05401043594,0.02131481655,0.009523809887,0.03116858378,0.03151060268,0.005953733344,0.00805301033,0.002380952472,0.005758475512,0.008118891157,0.06527563184,0.06924331188,0.06429425627,0.02013851888,0.00364876911,0.0102833733,0.05259042233,0.04810183123,0.01192153525,0.03308720142,0.002380952472,0.01510024257,0.02986027114,0.01271136757,0.01600731909,0.004761904944,0.1706726849,0.007387352176,0.02855893411,0.004761904944,0,0.002380952472,0.002569826785,0.01502908021,0.003193449927,0.02527000383,0,0.07644132525,0.09671881795,0.004761904944,0.009523809887,0,0,0.01267514471,0.004915286787,0.009523809887,0.004761904944,0,0.002380952472,0,0,0,0,0,0,0,0.002380952472,0.002380952472,0,0,0,9.474335093e-05,0.001125535578,0,0.0006567927776,0,0.004356697202,0.001031917054,0.002380952472,0,0.0009266405832,0.002380952472,0,0,0,0,0.000228545643,0,0,0,0.002380952239,0,0.01016261056,0,0,0,0,0,0,0,0,0,0.0008828847785,0.003090645419,0.001316001057,0,0.01190476213
24,5.026235885e-05,3.254559124e-05,0.0006595072336,0.0001578939118,0,0.0009381077252,0,0.000114935021,0.008982505649,0.01608742401,0.02590502426,0.02907788754,0.2558743358,0.04898862913,0,0.06403953582,3.325716898e-05,6.837157707e-05,3.375460801e-05,8.689196693e-05,6.699464848e-06,5.224080724e-06,3.376857762e-07,0,5.39826658e-07,1.374563726e-05,0.004970796406,0.001646865741,0.004651438445,0.002803430893,0.0008888453012,0.0003455583646,0.0004760611046,0,0.0003935182176,0.0003378174733,0.0001227625471,0.0002364683751,2.676382974e-05,0,0,0,0,0.09698932618,0.02214233205,0.020795146,0.01442308072,0.01666666754,0.007142857648,0.009039723314,0.02322023548,0.009523809887,0.004761904944,0.004976646975,0.002380952472,0.004761904944,0.0503847003,0.03858320788,0.05538854748,0.002380952472,0.004761904944,0.008412733674,0.02868747525,0.04445853457,0.006261780858,0.008970580995,0,0.006539342925,0.0128227137,0.003432750469,0.01919704862,0,0.08585879207,0.004761904944,0.01567565277,0,0.0008362289518,0.002380952472,0.004221410491,0.006126793567,0.002306991024,0.01734946482,0.006502861157,0.05952381343,0.03464185819,0.004761904944,0.007142857648,0.0009200175409,0,0.002643848071,0.004463445395,0.004761904944,0,0,0,0,0.002380952239,0,0,0,0,0,0,0,0,0,0,0.0007226430462,0,0,0.0005070150364,0,0.005260233767,0.001440844848,0,0,0,0,0,0,0,0,0,0,0.002380952472,0,0,0,0.002763163066,0.00174490083,0,0,0,0,0,0,0,0,0,0,0,0,0.003534820629
25,2.25199874e-05,0,0.0001569982269,6.478220894e-05,0.0003311321489,0,0,1.685900679e-05,0.003727781819,0.01198652107,0.01596136391,0.02225339599,0.3767568767,0.1208813787,0.004761904944,0.01712592132,7.467582691e-06,2.081632374e-06,2.698907701e-05,2.925020817e-05,1.101979979e-05,4.617882951e-06,1.984499249e-06,5.39826658e-07,0,0,0.00390853174,0.001634367276,0.005343938246,0.003486152273,0.0009647394763,0.0004506815167,0.0003902652243,0.000223664596,0.0002854403865,0.0003024754114,6.981976912e-05,4.161817196e-05,0,0,0,0,0,0.1524623632,0.06388996542,0.05297315866,0.03011878207,0.02312853001,0.009223654866,0.02212282829,0.03818809986,0.0152777154,0.002380952472,0.005898186471,0.01778981648,0.01037130132,0.03343892097,0.05159043148,0.04939842969,0.0121033648,0.007142857648,0.01373688225,0.03335110843,0.03732933477,0.003121240996,0.01801481098,0.004761904944,0.01047577243,0.01587118208,0.01028945856,0.009280556813,0,0.2213761359,0.008936133236,0.005423707888,0.00176951522,0,0.004761904944,0.009517738596,0.01261751913,0.002442782978,0.01914356835,0,0.1233670861,0.07380952686,0.01570512913,0.004761904944,0.001551617519,0,0.002734135371,0.002274597296,0.01366911177,0.004761904944,0.0001592542976,0,0,0,0,0,0,0,0,0.004761904944,0,0,0.0006365597364,3.987725722e-05,5.890727698e-05,0,0,0.0006158881006,0,0.005549955647,0.001230592839,0,0.000395522773,0,0.002962470055,0.001317411661,0,0,0.002380952472,0.0009258743376,0,0.001348183025,0,0,0,0.002968253568,0.004761904944,0,0.002380952472,0,0.0007051402354,0,0,0,0,5.28369419e-05,0,0,0.001917748712,0.01143993344
26,0.0001275583636,6.267076242e-05,0.0002752105938,1.843670907e-05,0,0,0,8.246783545e-05,0.009515000507,0.01624571718,0.03299001977,0.03448785841,0.4682593644,0.1905646026,0,0.05214449763,3.570586341e-05,4.43982608e-05,6.834041415e-05,6.049342483e-05,2.2590144e-05,2.034883437e-06,8.12367125e-06,1.374563726e-05,0,0,0.004838370252,0.001531705377,0.005587758031,0.003189728828,0.001138342894,0.0003333060886,0.0002943224099,0.0001007336832,0.0001931400475,0.0002706563391,0.0002583931782,0,0.0001360784081,0.0002634555276,0,0,0,0.2365819961,0.08955015242,0.09669180959,0.06166395545,0.06900018454,0.02780087665,0.04678870365,0.0365666002,0.02693438157,0.004761904944,0.01979125477,0.02042219788,0.02032146603,0.05338962376,0.06358370185,0.05351443216,0.03564317152,0.004185951315,0.02315543592,0.06167490035,0.04943164438,0.0106793195,0.02314531617,0.004761904944,0.01666494459,0.06351222098,0.01741886139,0.01465756632,0.007142857648,0.3656409681,0.01911975816,0.04265537485,0.0008283562493,0.003386349417,0.004761904944,0.005057429895,0.00849297177,0.005108458921,0.02637691423,0.01011091098,0.1974761635,0.1598801613,0.03334682062,0.01079093292,0.002380952472,0,0.004140146542,0.00284104608,0.0192322582,0.005739509128,0.000518658082,0,0,0,0.0007635304355,0.002380952472,0,0.002058289014,0.001161345397,0.001670232741,0,0,0,9.052610403e-05,0.000443195313,0.0006107382942,0,0.002321869833,0,0.005059512798,0.002172966953,0.002380952239,0.0003230299335,0,0.0005961045972,0,0,0.001650141552,0.004761904944,0.000842811598,0,0,0.002380952239,0.0006403227453,0.002380952239,0.001871060231,0.006062830798,0.0007955644978,0.001586825005,0,0,0,0,0,0,0.000111467918,8.78832434e-05,0,0.0004216483503,0.01789215952
27,0.004382376093,0.0132236518,0.0157340467,0.01953942142,0.03608557582,0.01369502489,0.003741585184,0.01661889069,0.00361407618,0.01249199826,0.02467301115,0.02471537516,0.5256135464,0.3813596368,0.008212073706,0.03192140162,0.003670077305,0.00893493928,0.02116960473,0.02294768207,0.01383700129,0.0104108518,0.007052892353,0.004970796406,0.00390853174,0.004838370252,0,0.0002146697661,0.0008272753912,0.001353350934,0.0007213340141,0.001038129092,0.001256176969,0.0006173813017,0.0003433058446,0.0007299325662,0.0002433687478,0.0005120644346,0.0003230072034,3.376083987e-05,5.68493233e-05,8.599949069e-05,0.0002013272897,0.5426030755,0.3103355467,0.2413542867,0.08782871068,0.2145282328,0.1111663431,0.05102176964,0.044723548,0.09228141606,0.04053615406,0.02972991392,0.02691703476,0.02044076286,0.03791799396,0.03786113858,0.04096249864,0.05215946957,0.03852365166,0.03163793311,0.04553230852,0.03753422201,0.01674398407,0.0177051276,0.05451317132,0.05582877621,0.11319644,0.02553354576,0.01232651155,0.09912915528,0.961997509,0.0294872541,0.04104799405,0.009233850054,0.008416838944,0.00630340958,0.01751520857,0.03496845067,0.005335773341,0.03886800259,0.07424971461,0.7387978435,0.8395798802,0.1850596219,0.1292933077,0.006617131177,0.005421002395,0.00564006716,0.007683100179,0.03353678808,0.03017821908,0.05734932423,0.01795223542,0.004761904944,0.01579813473,0.01486800704,0.0127028618,0.01325109415,0.03056592308,0.03024275973,0.02469055541,0.007142857648,0.01047744881,0.01211007778,0.01502512023,0.02355678938,0.01221772656,0.01281117555,0.03040413372,0.005977947731,0.04014850035,0.02856533043,0.006864680443,0.01293996722,0.02263327688,0.02827415429,0.01333577465,0.01254506968,0.005776980426,0.02429122292,0.01176104322,0.002380952472,0.05173812062,0.0165264532,0.02207128517,0.008159683086,0.03701037541,0.008678116836,0.0203034021,0.01757288724,0.009857614525,0.02372920699,0.004557259846,0.007321052253,0.006364333909,0.005391533952,0.01062929537,0.006887989584,0.01132837497,0.02245368995,0.03080097027
28,0.003990672529,0.005980055779,0.008206674829,0.006474776659,0.009875762276,0.00433035288,0,0.01026009768,0.01846482418,0.03419139981,0.0516865477,0.04985202476,0.5191073418,0.309861511,0.01296695694,0.1204281747,0.003315662034,0.0005601675366,0.004233317915,0.005797864404,0.003347994993,0.00222660997,0.001564475009,0.001646865741,0.001634367276,0.001531705377,0.0002146697661,0,9.027259512e-05,0.0003922245814,0.0001803665364,0.0003764196299,0.000365922082,0.0001426711242,0.0001395917061,0.0002264674986,3.942279e-05,2.156811934e-05,4.686827742e-05,1.212476127e-05,1.197315305e-05,2.042240885e-05,8.057723608e-05,0.3455174565,0.2317192703,0.1613908857,0.1159490049,0.1287871748,0.06607011706,0.06571085751,0.06490605325,0.0547025986,0.02087328024,0.04932544008,0.03599994257,0.04069200531,0.0742309317,0.07054480165,0.07559191436,0.08131577075,0.03760029003,0.06037447229,0.093686454,0.08220984787,0.03021433204,0.04688278958,0.02587960847,0.0431152992,0.09615808725,0.02439678647,0.02683435939,0.02142857201,0.6888087988,0.04215100035,0.06346926838,0.01244654134,0.009904346429,0.01343703363,0.01903356798,0.03382599726,0.01004670933,0.05632783473,0.033153072,0.3853803575,0.4562398195,0.0751208663,0.05438593775,0.008832624182,0.00367750274,0.01090860087,0.01117560547,0.02180652693,0.0223041065,0.02751785517,0,0,0.001809350913,0.006277308334,0.01190476213,0.006218002178,0.01290868502,0.0152675854,0.01754221506,0.002380952472,0.000665948668,0.001511931303,0.008343520574,0.01206965744,0.002380952472,0.007142857648,0.01631706581,0.001792416559,0.05005487427,0.02216362953,0.00612465106,0.007671352942,0.009562091902,0.01809960231,0,0.007208221592,0.003236910095,0.01531254128,0.01027994882,0.002380952472,0.0191590786,0.01122406218,0.003109567333,0.0005486837472,0.03949674591,0.01868222654,0.008905339055,0.004761904944,0,0.008044295013,0,0.005013996735,0.006458668038,0.003836224088,0.004836411681,0,0.003907725681,0.006104090717,0.03520439193
29,0.01153446548,0.0106133502,0.01255915314,0.01065970678,0.01613046415,0.00713336328,0.004761904944,0.02030755579,0.02158194967,0.03626694903,0.04663945362,0.05311257765,0.5409969091,0.3516525328,0.02588745393,0.1340987831,0.0138974078,0.006186508108,0.008899511769,0.0102020083,0.00767279556,0.005787919275,0.005119959824,0.004651438445,0.005343938246,0.005587758031,0.0008272753912,9.027259512e-05,0,0.0004778281145,0.001031056629,0.002250939608,0.003394147381,0.001959264977,0.0009112236439,0.0005771010765,0.0003308045561,0.0006896527484,0.001614109497,0.001724564703,0.0008224237245,0.001175293117,0.002380952472,0.4276640415,0.3215727508,0.2202089727,0.1217738539,0.161441043,0.1003335267,0.07826556265,0.06729055941,0.09431705624,0.03063479438,0.04296817631,0.06802041829,0.04076104239,0.07010027766,0.07021483779,0.07251318544,0.07422231883,0.0269143004,0.04770634323,0.07450148463,0.07446298748,0.03564789891,0.04686889797,0.04903831333,0.05887065455,0.1308368891,0.0356454365,0.02895733155,0.05546036363,0.8354708552,0.036733374,0.06759888679,0.02132858336,0.009560185485,0.007343294565,0.03667026013,0.04870729148,0.02164433151,0.06342075765,0.06907886267,0.4750613868,0.6236544251,0.1038339809,0.08530954272,0.01326957624,0.006766756065,0.01712855138,0.02396364324,0.04134146124,0.03794917092,0.03652313352,0.003725983668,0.003424441442,0.01253782958,0.009965402074,0.0142857153,0.0003630896099,0.02099566348,0.02584563754,0.01326090191,0.01253660675,0.007305963896,0.004017359577,0.01350789424,0.01754533872,0.01923490129,0.008146476001,0.02671486326,0.002963398583,0.05634190887,0.02865617722,0.01432536636,0.01565922238,0.01199832279,0.01322570816,0.0009610567358,0.00537933968,0.01236301847,0.01448467374,0.01377390418,0.002380952472,0.0227058921,0.009190447628,0.01030130312,0.006288054865,0.04557930678,0.02724719606,0.02151140943,0.006323463749,0.002804487012,0.01286395825,0.003794171382,0.00604461832,0,0.008027675562,0.009660388343,0.008173396811,0.003130960977,0.009400854819,0.03407223523
30,0.005149264354,0.006408295594,0.007798496168,0.005762657151,0.01343800314,0.006744239014,0.005676379427,0.009310745634,0.01563714817,0.03471878916,0.05458711833,0.05139200762,0.5454214215,0.3730299473,0.01469574682,0.09457939118,0.008544820361,0.004229176324,0.005741368979,0.006550994236,0.005059482995,0.003965996671,0.003029302228,0.002803430893,0.003486152273,0.003189728828,0.001353350934,0.0003922245814,0.0004778281145,0,0.0002516668173,0.0008628236828,0.001464850851,0.0007767915959,0.0002301659406,0.0003493842378,0.0005774968886,0.0004349217634,0.0007792873075,0.0009574752185,0.0007640283438,0.000541067333,0.001618392183,0.4913229346,0.3294580579,0.2253670245,0.1227779239,0.2019913048,0.1045901328,0.09085030109,0.07762657851,0.1212479621,0.05401181802,0.05381919444,0.07159046829,0.05586281791,0.07837668061,0.08390441537,0.07955777645,0.09763750434,0.06240159273,0.07744768262,0.08592901379,0.08216933906,0.04120038822,0.03930037096,0.06878022105,0.0807473883,0.143985495,0.058126688,0.02913204022,0.08677580953,0.891987443,0.07827036083,0.08714912087,0.01798952185,0.02013672888,0.007741351612,0.03597386181,0.06643191725,0.01336541027,0.07907890528,0.06083253771,0.636693716,0.7011573911,0.1477058977,0.123626776,0.02033803798,0.01253557112,0.01269354206,0.0195936095,0.04864595085,0.05370517075,0.02734074928,0.01472629234,0.004761904944,0.02312878519,0.01057901606,0.01904761977,0.009414752945,0.02076021396,0.03329810128,0.02844670415,0.01154348534,0.008469901048,0.00846606493,0.009146321565,0.01503271796,0.01450689696,0.01183698326,0.03542964533,0.005387489218,0.05528726056,0.03328535706,0.008450288326,0.007751051337,0.01009463146,0.02827934735,0.008691825904,0.00313345925,0.00922289025,0.03426206484,0.006975054275,0.002380952472,0.02078148909,0.01267460734,0.01794443466,0.003786963644,0.0435455516,0.03408809379,0.02357398346,0.01722444221,0,0.01501660515,0.00594661152,0.004077899735,0,0.002991701476,0.00530158123,0.006648913026,0.005772864912,0.01399045624,0.05113193765
31,0.00241646287,0.002986821812,0.004895597231,0.002488896018,0.01163511537,0.006349734496,0,0.003601119854,0.009703914635,0.0292016305,0.04790402204,0.04492595047,0.5414451957,0.3605709374,0.01478488278,0.06114699692,0.002841211855,0.001799962251,0.002537303139,0.002702597529,0.00189376052,0.001330273226,0.001016187947,0.0008888453012,0.0009647394763,0.001138342894,0.0007213340141,0.0001803665364,0.001031056629,0.0002516668173,0,5.477831292e-05,6.570060941e-05,7.673559594e-05,2.885521099e-05,0.0001521551894,0.0002463532728,0.0001059088027,3.470816591e-05,8.680148312e-05,0.0001322808821,7.99878253e-05,0,0.4658421874,0.30672732,0.2676418722,0.1249307469,0.2025326341,0.1225055307,0.09118805081,0.09282835573,0.1012219787,0.05653591082,0.04708712548,0.06961129606,0.05651022866,0.07731125504,0.08202701807,0.07879478484,0.08054068685,0.05305854976,0.06347381324,0.09011536837,0.08445825428,0.02771616355,0.0347552821,0.07125446945,0.06334233284,0.1170100197,0.05371148139,0.027511511,0.06177376583,0.872780323,0.04828664288,0.07171301544,0.01405301597,0.02181250602,0.00736052217,0.02315810695,0.05657077581,0.01039816998,0.09299630672,0.05299535766,0.5953881145,0.651371479,0.1117383391,0.1018965691,0.01761057787,0.00473142555,0.006653092802,0.01487015188,0.06345686316,0.05781216174,0.01548321266,0.005907532293,0.004761904944,0.002380952472,0.006615695544,0.007142857648,0.004761904944,0.02318528108,0.02052489854,0.03628110141,0.01339019835,0.004062689841,0.008461738937,0.004764408339,0.01013773587,0.008743084967,0.009590925649,0.03141885996,0,0.04845174402,0.02474568784,0.002546238247,0.004037524574,0.005254253745,0.02722715959,0,0.003501174506,0.006181939039,0.01387389004,0.006492746528,0.006728447508,0.01527703367,0.01834008843,0.006845597178,0.002899603918,0.05149359629,0.03134981543,0.01911681704,0.01051313803,0.004761904944,0.007143518887,0.0004996275529,0.001540547353,0.002380952472,0.002872911282,0.002785649383,0.001447165734,0.001516705379,0.02238584496,0.05921014026
32,0.002209270839,0.001778634032,0.003578060539,0.001768382848,0.006947829854,0.0008151380462,0,0.002815006068,0.01475797687,0.03870702907,0.05178548396,0.05015902594,0.5178363919,0.3632940054,0.007142857648,0.09295503795,0.002218077425,0.000901501684,0.001394636114,0.001778607606,0.0008312114514,0.0007785821799,0.0004901185748,0.0003455583646,0.0004506815167,0.0003333060886,0.001038129092,0.0003764196299,0.002250939608,0.0008628236828,5.477831292e-05,0,9.975652574e-06,4.444861588e-06,2.766686521e-05,7.091762382e-05,0.0001585799037,3.05972826e-05,0.0001021160497,2.972370203e-05,6.38387155e-06,1.020051968e-05,0,0.432459116,0.2617307305,0.2180825472,0.1257360727,0.1715434194,0.1003627479,0.1179453209,0.09362530708,0.0910493806,0.03839059174,0.04166797549,0.06592290103,0.0455173701,0.08218763769,0.09190021455,0.08920759708,0.1027049422,0.06031454355,0.06152171269,0.0977781862,0.09725943208,0.03703599423,0.03954291716,0.04460681975,0.06193975359,0.1264077574,0.05135440454,0.02923693508,0.02851882391,0.7863075733,0.04843638465,0.09297083318,0.01157564949,0.01236398425,0.006468131673,0.03609386459,0.06111361459,0.01337076351,0.07310777158,0.04663930461,0.4351317883,0.4880018532,0.1095840558,0.055071868,0.009560045786,0.007349134888,0.006824749056,0.01511941943,0.04486503825,0.04410476238,0.01135461684,0.009523809887,0,0.007142857648,0.004761904944,0.01054750476,0.002380952472,0.009592443705,0.006917884108,0.02851620503,0,0,0.002380952472,0.00462117698,0.01156618539,0.01246502437,0,0.03252986073,0.003983813804,0.04019170254,0.02348321863,0.005632591899,0.003880884731,0.0148633346,0.01680487022,0.003987927455,0.002380952472,0.007711660117,0.02764267847,0.007650432643,0,0.01041735522,0.007142857648,0.00294161262,0.0005099771079,0.04102518782,0.01470041741,0.008996384218,0.004761904944,0,0.004581676796,0.005431280006,0.00211754581,0,0.0005348537234,0.004288592841,0.005491822492,0.003242064966,0.01386659499,0.04645679891
33,0.002739274874,0.001038804301,0.003496383084,0.001300873817,0.001192925265,0,0,0.001620361232,0.02101700008,0.04691263288,0.05349387601,0.05932338536,0.5085012913,0.2690289319,0.007745361421,0.12433061,0.001209536102,0.0003382756258,0.0007774634287,0.0009346171282,0.0004882930662,0.000355252967,0.0001964378607,0.0004760611046,0.0003902652243,0.0002943224099,0.001256176969,0.000365922082,0.003394147381,0.001464850851,6.570060941e-05,9.975652574e-06,0,7.290980193e-07,4.764106961e-06,2.388412577e-05,0.0001861058263,0,0,0,6.150672561e-06,1.073818385e-05,0.0009992142441,0.2886311114,0.1769116372,0.1935142577,0.113309741,0.1031477526,0.0518559292,0.08610024303,0.08415286988,0.0455549024,0.0314360708,0.04094507173,0.05342282727,0.06179246679,0.1016331688,0.09539224207,0.09435562044,0.0681784004,0.01730024256,0.04557473585,0.0913258642,0.103176266,0.02723574452,0.0400541462,0.01316486392,0.06253481656,0.06471189857,0.05424416065,0.02541646361,0.01341840718,0.5247521996,0.03526938707,0.0720390901,0.00544449687,0.006881217938,0.008438006043,0.02022424713,0.04807833582,0.0131015284,0.08292075247,0.03503893688,0.267907083,0.3112998009,0.03083145432,0.02431504987,0.01588611677,0.002380952472,0.008814943023,0.01655987278,0.03317780793,0.02871861123,0.005627639126,0,0,0.003362009302,0.002380952472,0.002380952472,0.002380952472,0.008847159334,0.01770223305,0.02370124124,0.004761904944,0.004420680925,0.001553107402,0.004354808945,0.009921126068,0.001471813419,0.002380952472,0.02706335671,0.004761904944,0.03076720051,0.03398164362,0.001357943751,0.003530825488,0.005195263773,0.02513836697,0,0.001322860247,0.004353158642,0.01095040981,0.00743914023,0,0.005649339408,0.001267074491,0.004761904944,0.002380952472,0.04001727328,0.009523809887,0.01356133912,0.007142857648,0.003025714774,0.008805933408,0,0,0,0,0.000452052569,0.003767380724,0.000455936155,0.009443326853,0.03029102087
34,0.001965012169,0.0003507493529,0.007648762316,0.0004747449711,0.002380952239,0.002380952472,0,0.001537524164,0.01187325921,0.0302527193,0.04281917587,0.04468902573,0.4087785184,0.2316198945,0.002380952472,0.07005214691,0.0006800308474,0.0004423169012,0.001014986774,0.0007144823903,0.0005656900466,0.0003599902848,0.0001744426845,0,0.000223664596,0.0001007336832,0.0006173813017,0.0001426711242,0.001959264977,0.0007767915959,7.673559594e-05,4.444861588e-06,7.290980193e-07,0,6.50836364e-06,5.946144938e-06,6.690831651e-05,0.0001973282051,0,0,0,0,0.001133793266,0.2109033614,0.1273128688,0.0974579528,0.07466110587,0.07917962223,0.02535654977,0.04209783673,0.06214081869,0.03199947253,0.01078188606,0.01829959825,0.02605741099,0.01747994497,0.07269494981,0.06720501184,0.08434707671,0.03726925701,0.02449239418,0.02798699588,0.0738940388,0.09111189842,0.03191888705,0.03265630454,0.004761904944,0.04059590027,0.05600484461,0.01374699362,0.02615970746,0.004761904944,0.4336422384,0.009013204835,0.04345029965,0.007243046071,0.004761904944,0,0.007170445751,0.02931687981,0.004584988579,0.0604901351,0.01839848608,0.1883297563,0.190132767,0.02814179286,0.01326162554,0.001534274081,0.002380952239,0.009435230866,0.009258817881,0.02016351372,0.01386243105,0.0001561301906,0.004761904944,0,0.002380952472,0,0.002380952472,0,0.005238503683,0.01074398309,0.004761904944,0,0,0,0.003694951767,0.009950662032,0.002380952472,0,0.01778226905,0,0.02128412761,0.0165613275,0,0.00108511257,0.004761904944,0.00691629108,0,0,0.002380952472,0.004761904944,0.004637539387,0.002380952472,0.003778063925,0,0.006619346328,0,0.01801519096,0.009523809887,0.008071232587,0,0.002380952239,0.005650977604,0,0.002380952472,0,0,0.003344465047,0.004761904944,0.001503865235,0,0.01824253798
35,0.0005858491058,0.001074379776,0.002159253694,0.001258977456,0.004509336781,0,0,0.0006520199822,0.003426022595,0.015164854,0.02701956593,0.02848899178,0.4978037477,0.3199724257,0.002380952472,0.02216532826,0.0006347151939,0.0009573020507,0.001302686054,0.001699704095,0.0008881682297,0.0005550633068,0.0002810274309,0.0003935182176,0.0002854403865,0.0001931400475,0.0003433058446,0.0001395917061,0.0009112236439,0.0002301659406,2.885521099e-05,2.766686521e-05,4.764106961e-06,6.50836364e-06,0,2.024064997e-05,6.262527313e-05,0,0,0,0,2.029045845e-06,0,0.3606105447,0.2289415002,0.1759579331,0.0901106447,0.1520617306,0.07401096821,0.06927727908,0.07339822501,0.06963778287,0.01018818468,0.02661299892,0.03948948532,0.02413811535,0.05363537371,0.06422498822,0.05823599547,0.04660775885,0.01995008625,0.03338000923,0.08179866523,0.07124334574,0.01386596169,0.01890211552,0.01723725721,0.03763518855,0.0744542107,0.01465795282,0.01375192497,0.03435175493,0.7392775416,0.0367494449,0.06340847164,0.008577274159,0.006342514418,0.00444376329,0.02346435003,0.02361592837,0.009101105854,0.05943870917,0.02634495124,0.4148800671,0.4290394187,0.04785106331,0.0435350351,0.004400040489,0.003412044141,0.002632173011,0.005476032384,0.03711355478,0.02009897493,0.01372299064,0.004761904944,0.002380952472,0.002380952239,0,0.003832587972,0.002380952472,0.00891552493,0.02457826957,0.009028359316,0.002380952472,0.003482714761,0.001026349142,0.002081576036,0.005943624303,0.009523809887,0,0.01331232022,0.002380952472,0.01749725826,0.0160727296,0.004761904944,0.002443613019,0.001382854651,0.01319081802,0.0004935274483,0,0.001462682616,0.01091809664,0.003441349138,0,0.01268217713,0,0.009126506746,0.001098739449,0.03246248141,0.003072540043,0.004659025464,0,0.002380952472,0.01209502108,0,0.00323581812,0,0,0.0005928351893,0.003265832318,0.0005052768392,0.02019107528,0.03131118789
36,0.001077256631,0.0009990455583,0.004164397717,0.001019281801,0.006541606039,0.004947389476,0,0.00128877128,0.009446808137,0.02492724173,0.04039938375,0.03898930177,0.5201478601,0.3363857865,0.004761904944,0.05470909551,0.0007421304472,0.0005730579142,0.0009619484772,0.001431282144,0.0006520206807,0.0006541596376,0.000443130004,0.0003378174733,0.0003024754114,0.0002706563391,0.0007299325662,0.0002264674986,0.0005771010765,0.0003493842378,0.0001521551894,7.091762382e-05,2.388412577e-05,5.946144938e-06,2.024064997e-05,0,0.0001305394835,0,0,7.215829828e-05,0,0.0001363418996,0,0.3583276868,0.2637285292,0.1702484936,0.09484132379,0.1718665808,0.08305687457,0.05752804503,0.07334965467,0.07058081776,0.0276619643,0.04160355777,0.04802792519,0.03966539353,0.06203150749,0.07206181437,0.06751658767,0.05448105931,0.04301983118,0.04774515331,0.07466289401,0.07118998468,0.03874554858,0.02983587421,0.02669845708,0.0430409871,0.10774865,0.02961373143,0.01980393566,0.03358175606,0.7897052169,0.04197221994,0.07395030558,0.008470276371,0.008647877723,0.007265697699,0.01650937088,0.04998913035,0.009441914037,0.07185570151,0.02925105393,0.4554641843,0.5187663436,0.0934433192,0.06449749321,0.01366817113,0.004761904944,0.005531454924,0.01108138356,0.03440092131,0.0405170545,0.002964460757,0.00112918287,0.002380952472,0.003955248743,0.003290313296,0.005582010373,0.002380952472,0.01019512303,0.02452542074,0.01159903593,0.004761904944,0.01034728531,0.006111129187,0.0009884370957,0.006137387361,0.007413471583,0.0003735455102,0.01652768627,0.002380952239,0.04349770397,0.01393269561,0.002834689105,0.001711582881,0.001071876846,0.01873507723,0.004761904944,0.001616635243,0,0.006892152131,0.002308797557,0,0.01807220653,0.007142857648,0.005392805208,0.001201205305,0.04599682242,0.01638417132,0.0241418574,0.00238515879,0.004761904944,0.007280212827,0,0.002380952472,0,0,0.001601218013,0.000455327041,0.002348432085,0.01301561017,0.03372571245
37,0.0004512963933,0.0006003022427,0.006158049218,0.001661211485,0.01078219432,0.003395222127,0,0.001683326671,0.005978548899,0.01892904006,0.02344401926,0.03177271783,0.3440599442,0.1837015301,0,0.04060688987,9.22399413e-05,6.243122334e-05,0.0002516290406,0.0006311072502,0.0002590774966,0.0001009655534,0.0002080868871,0.0001227625471,6.981976912e-05,0.0002583931782,0.0002433687478,3.942279e-05,0.0003308045561,0.0005774968886,0.0002463532728,0.0001585799037,0.0001861058263,6.690831651e-05,6.262527313e-05,0.0001305394835,0,0,3.52194229e-06,0,0,0,0,0.182339251,0.08482785523,0.05615406856,0.05612391233,0.04749037325,0.02111222968,0.02206545137,0.0321800001,0.009308091365,0.004761904944,0.003730387427,0.01003599074,0.02059298567,0.05125451833,0.05743232369,0.06112430617,0.02407690696,0.02025244199,0.009295808151,0.04686124995,0.0792382285,0.006510802545,0.0169718042,0.004761904944,0.01358627994,0.02914724685,0.01133233868,0.0124390414,0.004761904944,0.280905515,0.003191617085,0.01948949881,0.004761904944,0.002380952472,0,0.005524989218,0.01057067048,0.002852610545,0.03636653721,0.004761904944,0.1182449907,0.1095999777,0.01870773174,0.01060051844,0.002380952472,0,0.005309013184,0.006728261709,0.007815795951,0.007142857648,0.004624649882,0,0,0.0009089456289,0,0,0,0.004251113627,0.002380952472,0.002380952472,0,0,0,0.0005774728488,0.002211795887,0,0.0005850609741,0.00104395824,0,0.01360300649,0.003453238867,0.002380952239,0.002980453661,0,0.004761904944,0,0,0.003600794123,0,0.002917062957,0,0.005312027875,0.002380952472,0.002380952472,0,0.003897903021,0,0,0,0,0.0004769567458,0,0.002380952472,0,0,0.002586644143,0.001293979003,0.001653251005,0,0.007142857648
38,0.0002045001311,0,0,0.002627454698,0,0,0,0.0007726678741,0.005375504494,0.01030372549,0.01543004345,0.03097610734,0.05547037348,0.03333333507,0,0.03405427188,0.0002186116762,0.0001720151922,0.0003089326492,0.0004501900694,9.434513049e-05,0,9.199721535e-05,0.0002364683751,4.161817196e-05,0,0.0005120644346,2.156811934e-05,0.0006896527484,0.0004349217634,0.0001059088027,3.05972826e-05,0,0.0001973282051,0,0,0,0,0,0,0,0,0,0.02508439682,0.006368101109,0.009523809887,0.01190476213,0,0,0.001015010872,0.003409424331,0.004761904944,0,0,0,0.002380952472,0.01470368262,0.01040970068,0.03377424926,0.001056885114,0,0.002380952472,0.01489533763,0.01793820225,0,0.01735863276,0,0,0.007142857648,0.002380952472,0,0,0.06717563421,0,0.007142857648,0,0,0,0,0.002380952472,0,0.00356619712,0,0.01904761977,0.02380952425,0,0.002380952472,0,0,0.002380952472,0,0.004761904944,0.002380952472,0.0002129730565,0,0,0,0,0,0,0.002380952239,0,0,0,0,0,0.002380952472,0.00139781367,0,0,0,0,0.002380952472,0.002380952472,0,0,0,0,0,0,0,0,0.002380952472,0,0,0,0.002380952472,0,0,0,0,0,0,0,0,0,0,0,0,0,0,0,0
39,0,0,0,0.0001291122317,0,0,0,7.800038293e-05,0.004796407651,0.006831077393,0.007903167978,0.02513557114,0.08919130266,0.03291791305,0,0.02289518714,3.763437417e-05,9.755517385e-05,0.0001242350409,0.0007764056791,8.174088725e-05,2.330076313e-06,0,2.676382974e-05,0,0.0001360784081,0.0003230072034,4.686827742e-05,0.001614109497,0.0007792873075,3.470816591e-05,0.0001021160497,0,0,0,0,3.52194229e-06,0,0,0,0,0,0,0.041200798,0.01504724659,0.002380952239,0.005055770744,0.002380952472,0,0.01907056384,0.006746887695,0.004761904944,0,0.004761904944,0,0,0.01032392122,0.01664046943,0.03390647098,0.004761904944,0,0.002380952472,0.01074818056,0.01364806574,0,0.008700486273,0,0.004761904944,0.004761904944,0,0.005598741584,0,0.04761904851,0.002380952239,0.01190476213,0,0,0,0,0.007142857648,0,0.002380952472,0,0.007142857648,0.03095238283,0.004761904944,0,0,0,0,0,0,0.002380952472,0,0,0,0,0,0.002380952472,0,0.002380952472,0,0,0,0,0,0.002684367588,0.002380952472,0,0,0.001323612989,0,0.002380952472,0.001764794113,0,0,0,0,0,0,0,0,0,0,0.002380952239,0,0,0,0,0,0,0,0,0.002380952472,0,0,0,0,0.006162196398,0.002380952472,0,0,0.002380952472
40,1.246422289e-05,0,0,0.0002692428825,0,0,0,0.0001260116696,0.001906035235,0.01003996935,0.00715917768,0.01181092951,0.1657048613,0.05823532864,0,0.01138551999,6.251648301e-06,4.688084118e-06,0.0005893803318,0.0003705538984,3.688731522e-05,4.193999303e-06,0,0,0,0.0002634555276,3.376083987e-05,1.212476127e-05,0.001724564703,0.0009574752185,8.680148312e-05,2.972370203e-05,0,0,0,7.215829828e-05,0,0,0,0,0,0,0,0.03712044656,0.02977686934,0.02373512462,0.02735873871,0.02619047649,0,0.01312885992,0.01561959647,0.007142857648,0.002380952472,0.002380952472,0.002380952239,0,0.029896589,0.02789566666,0.03105402738,0,0.002380952472,0.004761904944,0.01617456973,0.03067887202,0.002380952472,0.01184083708,0.002380952472,0.002380952472,0.01666666754,0,0.004431164358,0.002380952472,0.1333333403,0.002380952472,0.009235098958,0,0,0,0.002380952472,0.009709733538,0,0.009523809887,0,0.06526687741,0.07481683791,0.004761904944,0,0,0,0.001170549309,0.000780266535,0,0.002380952472,0.002380952472,0,0,0,0,0,0,0,0,0,0,0,0,0,0.001273884904,0,0,0.003942172043,0,0.001002433477,0.002380952472,0,0,0,0.002380952472,0,0,0,0,0,0,0,0,0.0009224360692,0.002380952472,0.002380952472,0,0,0,0,0,0,0,0,0,0,0,0,0,0
41,0.0001682263392,0.002380952472,0.002380952472,0.0001425812661,0,0,0,0.0004799127637,0.002546297852,0.008292706683,0.008021262474,0.01527695823,0.1027296409,0.05421316251,0,0.01372412592,1.047348997e-05,0,0.001321153133,3.200409992e-05,0.0001005505037,1.55350026e-05,2.522547402e-05,0,0,0,5.68493233e-05,1.197315305e-05,0.0008224237245,0.0007640283438,0.0001322808821,6.38387155e-06,6.150672561e-06,0,0,0,0,0,0,0,0,0,0,0.02377891541,0.0142857153,0.01052280609,0.0142857153,0.007142857648,0,0.007142857648,0.01190476213,0.003327777144,0,0,0.002380952472,0.005619234871,0.0333600007,0.03241755813,0.05216480792,0.005523731466,0,0.004761904944,0.01988092065,0.009148160927,0,0.01509458385,0.002380952472,0.004761904944,0.00542432582,0.002380952472,0.003414924489,0.002380952239,0.06190476567,0,0.01190476213,0,0,0,0.007142857648,0.002354161115,0,0.003377607558,0.002380952472,0.01329206675,0.02619047649,0.007142857648,0.002380952239,0,0,0.002380952239,0,0.002380952472,0.002380952239,0.002380952472,0,0,0,0,0,0,0,0,0.002380952472,0,0,0,0.002380952472,0.003612541826,0,0,0,0,0,0.001419099048,0,0,0,0,0,0,0,0,0,0,0.001046404941,0,0,0,0,0,0,0,0,0,0,0,0,0,0,0,0,0,0
42,0.0001295530819,0,0.0005480816471,0.0005295925075,0,0,0,0,0.001171794487,0.005976636894,0.009090742096,0.01463199127,0.09884360433,0.05491575599,0,0.01555961929,2.767433443e-06,0,0.0001468224218,0.0004203099525,1.188252372e-05,2.106607462e-05,4.266085671e-05,0,0,0,8.599949069e-05,2.042240885e-05,0.001175293117,0.000541067333,7.99878253e-05,1.020051968e-05,1.073818385e-05,0,2.029045845e-06,0.0001363418996,0,0,0,0,0,0,0,0.04171971977,0.004761904944,0.01190476213,0.007142857648,0.002380952472,0,0.01190476213,0.00280311401,0.004761904944,0.002380952239,0.002380952472,0.002380952472,0.002380952472,0.01937086508,0.0302040223,0.02570359409,0.001586693106,0.002380952472,0.007142857648,0.01850220747,0.01982441917,0.003778857877,0.007180111483,0.004761904944,0.003637619317,0.01339774765,0,0.00575461844,0.002380952472,0.05952381343,0,0.004761904944,0,0,0,0.002380952472,0.007142857648,0.001948424848,0.002380952472,0,0.007142857648,0.02142857201,0.002380952472,0,0,0,0,0,0.002380952472,0.002380952472,0,0,0,0,0,0,0,0,0,0,0,0.002380952472,0,0,0.0008752758731,0,0,0.001364303404,0,0,0,0,0,0,0,0,0,0,0,0,0,0,0,0.002380952472,0,0,0,0,0,0,0,0,0,0,0,0.0009052130044,0,0,0,0.002380952472
43,0,0,0,0,0,0,0,0.000510037411,0.0001888998231,0.000758823473,0,0.002490908606,0.01190476213,0,0,0.004321866669,0,0.0002638594015,0,0,0,0,0,0,0,0,0.0002013272897,8.057723608e-05,0.002380952472,0.001618392183,0,0,0.0009992142441,0.001133793266,0,0,0,0,0,0,0,0,0,0.002380952472,0,0,0.002380952472,0,0,0,0,0,0,0,0,0,0,0,0,0.001033824054,0,0,0.002380952472,0,0,0,0,0,0,0,0,0,0.0142857153,0,0,0,0,0,0,0,0,0.002380952472,0,0.002380952472,0.002380952239,0.002380952472,0,0,0,0,0,0,0,0,0,0,0,0,0,0,0,0,0,0,0,0,0,0,0,0,0,0,0,0,0,0,0,0,0,0,0,0,0,0,0,0,0,0,0,0,0,0,0,0,0,0,0,0,0,0,0,0,0
44,0.5783780813,0.3987838924,0.6520211697,0.5669887066,0.5543751717,0.4560171068,0.2703472376,0.6723549962,0.6273630857,0.6728225946,0.7355084419,0.7388374805,0.8693643212,0.9717728496,0.772510767,0.6446967721,0.3424374163,0.234919548,0.2966911495,0.3303909898,0.326367259,0.2194634676,0.1355066299,0.09698932618,0.1524623632,0.2365819961,0.5426030755,0.3455174565,0.4276640415,0.4913229346,0.4658421874,0.432459116,0.2886311114,0.2109033614,0.3606105447,0.3583276868,0.182339251,0.02508439682,0.041200798,0.03712044656,0.02377891541,0.04171971977,0.002380952472,0,0.4176771045,0.7337390184,0.6000785232,0.5140298009,0.3815609813,0.5745522976,0.4940703213,0.6102403998,0.5698593259,0.7426365018,0.8474491835,0.8089260459,0.7190560699,0.6422851682,0.5783454776,0.7542932034,0.7598119974,0.6832836866,0.5809088349,0.5838692784,0.8720910549,0.7543506026,0.8185760975,0.7136189938,0.7743757963,0.404925555,0.4636536837,0.8444908857,0.9998607039,0.8144487143,0.7980667353,0.842644453,0.8607122302,0.7694955468,0.8684153557,0.4058866799,0.412270695,0.4617362916,0.9098406434,0.9842213392,0.9673051834,0.7525082827,0.9432469606,0.8350723386,0.4581581652,0.511279583,0.7780909538,0.4396820664,0.4300663471,0.5574238896,0.559037745,0.5304083824,0.5715863109,0.5739391446,0.5533124208,0.4865143299,0.5564044714,0.5565640926,0.5234529376,0.1678378731,0.1789145619,0.2773424983,0.4275834262,0.5753808618,0.5314766169,0.1228641123,0.5677905083,0.09922425449,0.5514823794,0.5424304605,0.3331215084,0.6219023466,0.3532503247,0.5817809701,0.1990204901,0.278929472,0.4508150518,0.4685535729,0.6567677259,0.1873726845,0.5830373168,0.474408567,0.4246608317,0.3489151001,0.5620551705,0.4483415782,0.5609289408,0.3436982036,0.1983701438,0.4997856319,0.2284057587,0.3202560842,0.2238755822,0.2828316689,0.585200429,0.4697928131,0.4649581015,0.5520415902,0.5471989512
45,0.08215447515,0.1591689289,0.3136584759,0.3477004766,0.02954857983,0.296417743,0.2953878939,0.3731782734,0.4065789878,0.595046103,0.4733194709,0.4506498873,0.4773529172,0.8896318078,0.8219018579,0.4301699996,0.1132698655,0.09474156052,0.1024349406,0.1374631971,0.1692536622,0.06889875978,0.04185092822,0.02214233205,0.06388996542,0.08955015242,0.3103355467,0.2317192703,0.3215727508,0.3294580579,0.30672732,0.2617307305,0.1769116372,0.1273128688,0.2289415002,0.2637285292,0.08482785523,0.006368101109,0.01504724659,0.02977686934,0.0142857153,0.004761904944,0,0.4176771045,0,0.0838861689,0.003566359868,0.002820687834,0.008495651186,0.01361296047,0.01198546588,0.3260578513,0.3045729399,0.4006165862,0.4027072787,0.2810264528,0.2345263213,0.2616187632,0.258687526,0.1578775793,0.2274456471,0.2606091201,0.08635050058,0.2921624482,0.5112658143,0.2668338418,0.5928373337,0.5773955584,0.5587407351,0.1224796101,0.1990870833,0.9505580068,0.9998512268,0.6362669468,0.3892558217,0.8789692521,0.5668125749,0.3535899222,0.4331394434,0.210474506,0.2012481093,0.08384063095,0.6529875994,0.9308934808,0.9270393848,0.4898342788,0.9614543915,0.7794678807,0.6952455044,0.490732789,0.2780055702,0.04802389815,0.1185058579,0.02175058052,0.02292310633,0.02105434053,0.02205639705,0.01689804718,0.01682077721,0.02607123181,0.02117728814,0.01827667467,0.1155710593,0.03349601105,0.03651910275,0.02050922252,0.04562737048,0.1856311113,0.04805640504,0.01606638916,0.1022540107,0.007690387778,0.2871644199,0.3075883389,0.024300294,0.1115508974,0.1001383811,0.1214246079,0.01367503591,0.05154782906,0.07006115466,0.1065346375,0.166006878,0.1500003487,0.1239153668,0.08250541985,0.1299126595,0.07634987682,0.08252701908,0.1663731039,0.1231189519,0.04610463232,0.02449163981,0.1030424908,0.06149597093,0.1023279205,0.2481772155,0.2482679039,0.2242109329,0.04969840869,0.04492620751,0.03084501065,0.1694782525
46,0.2833401859,0.2941721976,0.3354197443,0.380985558,0.1941176057,0.3031648099,0.1911269724,0.372595042,0.2856129706,0.3941998184,0.3179249465,0.3336087167,0.7770658731,0.8744015098,0.7333368659,0.3382214606,0.165514946,0.06003050506,0.1157134473,0.1818602681,0.137435317,0.08168247342,0.05633957312,0.020795146,0.05297315866,0.09669180959,0.2413542867,0.1613908857,0.2202089727,0.2253670245,0.2676418722,0.2180825472,0.1935142577,0.0974579528,0.1759579331,0.1702484936,0.05615406856,0.009523809887,0.002380952239,0.02373512462,0.01052280609,0.01190476213,0,0.7337390184,0.0838861689,0,0.04487932846,0.3002790511,0.161646381,0.03395948187,0.0564911291,0.2509641945,0.3918613493,0.4190910161,0.3977129161,0.3325494826,0.284542799,0.2732703388,0.3015344739,0.1232395843,0.3554878831,0.2872295976,0.1399842799,0.2694063187,0.4093348384,0.294143647,0.4138950408,0.4933423996,0.3680445254,0.2703169286,0.3563524187,0.8854247928,0.9985100031,0.4926766455,0.2816326916,0.5774253607,0.4505677223,0.3929983079,0.3734599948,0.3555725813,0.3880311549,0.1751417369,0.3830671906,0.8297783136,0.8361401558,0.3425444961,0.8733999133,0.5088848472,0.6008114815,0.4129579663,0.3239447474,0.1680532843,0.3086412549,0.137574181,0.1420844048,0.09222878516,0.1576014459,0.1524026543,0.1250099093,0.1385033131,0.1487540752,0.1297815442,0.2609166503,0.1282851398,0.1725927293,0.2116141319,0.2487924248,0.3538119197,0.181413725,0.09868844599,0.2549898326,0.08389324695,0.3432404697,0.3442466259,0.3273337483,0.3459976017,0.2525820434,0.2460059971,0.2074177414,0.2613804042,0.3375892341,0.2995007932,0.3714274466,0.1233144626,0.2672553658,0.2613599002,0.2528444231,0.3187206089,0.2326510698,0.2871787846,0.2654591203,0.206119597,0.1265606135,0.2381725013,0.1334652752,0.2441264689,0.2309915572,0.2557740808,0.3838247955,0.3640310764,0.349195689,0.15730308,0.3022221625
47,0.01439385395,0.1008496359,0.06825308502,0.1834050864,0.007062374149,0.121086508,0.1623342484,0.0885938704,0.1064222679,0.2885104418,0.1499948055,0.1449041218,0.451628685,0.6132635474,0.6983470917,0.1714481115,0.0854319483,0.04608175531,0.08385276794,0.1073741019,0.1020337641,0.06665888429,0.05401043594,0.01442308072,0.03011878207,0.06166395545,0.08782871068,0.1159490049,0.1217738539,0.1227779239,0.1249307469,0.1257360727,0.113309741,0.07466110587,0.0901106447,0.09484132379,0.05612391233,0.01190476213,0.005055770744,0.02735873871,0.0142857153,0.007142857648,0.002380952472,0.6000785232,0.003566359868,0.04487932846,0,0.002391020069,0.007862050086,0.0009209270356,0.001705350005,0.1777410358,0.1725476086,0.2274465859,0.2789121568,0.2540018559,0.1553719789,0.1647511721,0.1320096999,0.1418681443,0.138998419,0.1940782368,0.06445289403,0.1728574187,0.3436715901,0.1837409735,0.2705565393,0.2879215181,0.2491032332,0.07797833532,0.1715915352,0.8876186013,0.9997106194,0.3444374204,0.2575723529,0.8175911903,0.4022400677,0.2353146374,0.3626485765,0.1084692404,0.1797884554,0.039213337,0.4031598866,0.8065418601,0.7985467315,0.2114107311,0.9157807231,0.6359222531,0.6724612713,0.4373227954,0.2223185152,0.007401722483,0.06811854988,0.005201261956,0.002644667169,0.002220842056,0.004307660274,0.001363763702,0.002197932918,0.004468932282,0.001662382507,0.001369065139,0.027744269,0.01667800732,0.003394921776,0.002380952472,0.03406907618,0.09203258902,0.005673647858,0.01601747796,0.01397548895,0.01666666754,0.07309446484,0.09067481011,0.01507436018,0.06632078439,0.05326200277,0.01399287302,0.007142857648,0.03963898867,0.04590818658,0.07634749264,0.07171370834,0.1026520282,0.01611657441,0.01661431976,0.02672990225,0.02179550752,0.01263155602,0.02752371691,0.01960748248,0.01725262776,0.009124245495,0.01859409362,0.01863896288,0.0586823523,0.1853865236,0.1675230861,0.1208700016,0.01534164604,0.01798198931,0.002819349291,0.03094719537
48,0.02055340633,0.06964252144,0.09760344028,0.2265437841,0.003685678588,0.1405617148,0.1491033435,0.1249476671,0.253012538,0.4636677802,0.3454856277,0.300232321,0.3273475468,0.7864268422,0.7066351771,0.2941603959,0.09551870078,0.05868840963,0.05553487688,0.09207371622,0.08144389838,0.04930749908,0.02131481655,0.01666666754,0.02312853001,0.06900018454,0.2145282328,0.1287871748,0.161441043,0.2019913048,0.2025326341,0.1715434194,0.1031477526,0.07917962223,0.1520617306,0.1718665808,0.04749037325,0,0.002380952472,0.02619047649,0.007142857648,0.002380952472,0,0.5140298009,0.002820687834,0.3002790511,0.002391020069,0,0.0004254387168,0.01576904207,0.0003100194735,0.2337623537,0.2018272132,0.2711123526,0.2654598653,0.2042901367,0.1804324985,0.2310229242,0.1813307405,0.3320190907,0.1519384533,0.237180993,0.1011445969,0.2622514367,0.5007479787,0.2105609626,0.4766961336,0.4582897425,0.452182889,0.06110194325,0.1552409232,0.8978612423,0.9999184608,0.5537680984,0.4279958904,0.8458370566,0.4601448476,0.2824424505,0.4403064251,0.1424205005,0.1407880932,0.03490077332,0.6205691099,0.8943523169,0.8836657405,0.3704141378,0.9457370043,0.7054719925,0.6127691865,0.4168360829,0.2191028744,0.003503697691,0.05155234784,0.003193644807,0.001325713703,0.002465544501,0.001902427059,0.001520098536,0.00135459099,0.002785323653,0.001803599764,0.001321120071,0.03159418702,0.01473462302,0.008319191635,0.009523809887,0.03342850879,0.1153661162,0.008132101037,0.009523809887,0.02093029395,0.01209477521,0.1188151464,0.1608099788,0.01190476213,0.04549457133,0.03973419592,0.02071417868,0.01190476213,0.03413217887,0.03859890625,0.05784318224,0.06292954087,0.07772157341,0.02962233499,0.0265563,0.03535094112,0.02857143059,0.01704883948,0.05281224847,0.0236838758,0.02664320916,0.01030473411,0.02368667722,0.03776270524,0.04816846177,0.1582143456,0.156897828,0.1419195682,0.01318821777,0.02191050164,0.003094998188,0.0491719991
49,0.003687968012,0.02228825353,0.02122861147,0.08973484486,0.001177776721,0.07518810034,0.0807999298,0.03882299364,0.1397316903,0.1487293541,0.267985791,0.1392528713,0.3082982004,0.8314620852,0.4208187759,0.2485925108,0.03281538188,0.0294973217,0.02062967978,0.04128938168,0.04227275401,0.02613035776,0.009523809887,0.007142857648,0.009223654866,0.02780087665,0.1111663431,0.06607011706,0.1003335267,0.1045901328,0.1225055307,0.1003627479,0.0518559292,0.02535654977,0.07401096821,0.08305687457,0.02111222968,0,0,0,0,0,0,0.3815609813,0.008495651186,0.161646381,0.007862050086,0.0004254387168,0,0.01070037577,0.0003505896311,0.1041183621,0.05397144705,0.09604177624,0.1369024813,0.1064363867,0.07731730491,0.06780570745,0.03239605576,0.1212665588,0.07434599847,0.06355915964,0.00653964607,0.02551136166,0.1903353781,0.08267088979,0.2307118773,0.1758257747,0.3784832358,0.0101555204,0.001780176186,0.6077335477,0.9999347925,0.2353450805,0.1206349134,0.5547209978,0.2074406296,0.07280579209,0.2481032759,0.0009009013302,0.0007248134352,0.0008192922687,0.4063812196,0.8883250356,0.8507649899,0.262046665,0.8958078027,0.3561279774,0.02916599251,0.01398484968,0.06045862287,0.0004634381621,0.0007514826721,0.0006506622303,0.000336798199,0.0005694787833,0.0005389699363,0.0004874131118,0.0003284431004,0.001171482261,0.0003957658482,0.0003197218757,0.004536799621,0.001710677519,0.002380952472,0,0.01023346838,0.0184589345,0.00117521151,0.003584426828,0.002893432975,0.002380952239,0.009919541888,0.02025421709,0.003517758101,0.004766948987,0.01100972574,0.002900022548,0.0003563043429,0.01126188785,0.00487871794,0.008310263045,0.01628625765,0.01592438854,0.007590175606,0.004232313018,0.006428033579,0.006210708059,0.001950154663,0.004543246701,0.004042011686,0.001357731759,0.002791730687,0.006724309176,0.003279490629,0.007610328496,0.0466269888,0.02832557261,0.0183143653,0.004761904944,0.002380952472,0.0004952527233,0.005536470097
50,0.007730980404,0.05389852822,0.03162577748,0.09864071757,0.005000787321,0.07817611843,0.08387621492,0.05359444022,0.05301867053,0.1014111415,0.08304870874,0.04156584293,0.4899743497,0.595625639,0.5766503215,0.1611814648,0.06966052949,0.04694036394,0.0590277575,0.07947628945,0.07955832779,0.05137698352,0.03116858378,0.009039723314,0.02212282829,0.04678870365,0.05102176964,0.06571085751,0.07826556265,0.09085030109,0.09118805081,0.1179453209,0.08610024303,0.04209783673,0.06927727908,0.05752804503,0.02206545137,0.001015010872,0.01907056384,0.01312885992,0.007142857648,0.01190476213,0,0.5745522976,0.01361296047,0.03395948187,0.0009209270356,0.01576904207,0.01070037577,0,0.0004247185425,0.09556850046,0.03926407918,0.06224041805,0.05989018455,0.04055998847,0.02076015994,0.01273765136,0.01890146732,0.003319517011,0.02628645301,0.009990516119,0.0005302383797,0.0105199758,0.07836238295,0.01335163973,0.1045868173,0.09657595307,0.1643868834,0.02528564632,0.03618462756,0.840998292,0.9994794726,0.1145917401,0.01674194634,0.5579738021,0.117370747,0.05238164961,0.06069536135,0.0296883937,0.07092202455,0.002432511887,0.1317959428,0.7594642639,0.7186867595,0.1410303414,0.8771753311,0.3100765049,0.4832594097,0.1088938192,0.02275620215,0.004749816842,0.02025032416,0.004679447506,0.001375573105,0.003521884559,0.001282907324,0.00125239708,0.001360272174,0.001767160022,0.001291152439,0.001418425818,0.004369856324,0.003171207616,0,0.0005616550334,0.0107257599,0.03090395592,0.00372093753,0.009693718515,0.006134185474,0.002108055865,0.02077922039,0.02425810136,0.002380952472,0.01152635645,0.0166494064,0.008016427979,0.002380952472,0.01243873872,0.007169257849,0.01801036112,0.01232324634,0.05073002726,0.01583736762,0.01305479277,0.008759856224,0.02268435247,0.005721246824,0.01615814678,0.009539636783,0.01608474739,0.004770692904,0.00834864378,0.01449609641,0.02184054814,0.09192220122,0.06304880977,0.03392427787,0.01100714598,0.01304883324,0.002879062202,0.01045522187
51,0.002232864033,0.02671686932,0.008212655783,0.07695243508,0.00102923729,0.04088394716,0.07268875092,0.01665570959,0.03845183551,0.0926598981,0.0728430599,0.03820593283,0.3463419378,0.5403494239,0.5085114241,0.1529031396,0.07040751725,0.0534193553,0.07260524482,0.1009110957,0.08177449554,0.06099721044,0.03151060268,0.02322023548,0.03818809986,0.0365666002,0.044723548,0.06490605325,0.06729055941,0.07762657851,0.09282835573,0.09362530708,0.08415286988,0.06214081869,0.07339822501,0.07334965467,0.0321800001,0.003409424331,0.006746887695,0.01561959647,0.01190476213,0.00280311401,0,0.4940703213,0.01198546588,0.0564911291,0.001705350005,0.0003100194735,0.0003505896311,0.0004247185425,0,0.08593467623,0.03520851582,0.07630980015,0.102842629,0.07983499765,0.03598855063,0.02650291659,0.02631274052,0.02420028113,0.042897176,0.02230093442,0.001268081018,0.01377322152,0.1138446033,0.03537788242,0.1003593504,0.08575238287,0.1448275447,0.02047704346,0.01761052571,0.8357924819,0.9997624159,0.1247260198,0.03701238707,0.6583103538,0.1400717944,0.1015823856,0.1046282053,0.01512630656,0.04451301321,0.000735175272,0.211594671,0.7587667704,0.7010139227,0.1292082369,0.8969951868,0.3786824942,0.4771598577,0.1483748406,0.03991126642,0.0004841031914,0.005138134118,0.00101658213,0.0004659219412,0.0001700283756,0.0001863620419,0.0002074720396,0.0002048118913,0.0004379170423,0.0002192066459,0.0001925380348,0.001751395408,0.005084111355,0,0.003510155715,0.008552597836,0.01641170867,0.0008233974222,0.002380952472,0.001594045083,0.001402643276,0.01004485786,0.01480748411,0.0008687367663,0.01147062331,0.00421427656,0.001792959287,0.003485392313,0.008308799937,0.002992921043,0.01464185212,0.01333518885,0.04070926458,0.003565030871,0.001523191109,0.002318350365,0.01127135009,0.001243367558,0.006757056806,0.002152901143,0.003809479065,0.0005796825862,0.001365726581,0.002507315483,0.01404209342,0.0797387287,0.05978150293,0.0302543696,0.002848054282,0.008413461968,0.0003628824197,0.003412111429
52,0.04220784828,0.03558373079,0.04960526526,0.05389747024,0.04026056081,0.04939152673,0.02269139141,0.05028030649,0.08975279331,0.05913196504,0.03356900439,0.03900436312,0.6630921364,0.6977807879,0.1716210246,0.2821430862,0.04728208855,0.03200927004,0.04307816923,0.04842953011,0.05491387844,0.03505434841,0.005953733344,0.009523809887,0.0152777154,0.02693438157,0.09228141606,0.0547025986,0.09431705624,0.1212479621,0.1012219787,0.0910493806,0.0455549024,0.03199947253,0.06963778287,0.07058081776,0.009308091365,0.004761904944,0.004761904944,0.007142857648,0.003327777144,0.004761904944,0,0.6102403998,0.3260578513,0.2509641945,0.1777410358,0.2337623537,0.1041183621,0.09556850046,0.08593467623,0,0.009664230049,0.02036253922,0.04458390176,0.07419805974,0.02498064563,0.02279835008,0.0240459796,0.09488932788,0.02734335139,0.03147896752,0.04701595008,0.0342034325,0.05551150814,0.04639651999,0.1417854577,0.04030038044,0.08810371906,0.03812612221,0.04468421265,0.6311270595,0.9996289611,0.06077193096,0.0630639568,0.1095884815,0.05413189158,0.05930053815,0.08373340964,0.04775359109,0.04330313206,0.04944455996,0.1074860021,0.6738836169,0.6252638698,0.1795679629,0.2675521374,0.04582034424,0.1335664392,0.04224849865,0.0522384569,0.05377165601,0.04822677001,0.03816657886,0.0473946631,0.04679799452,0.05781820044,0.05429061875,0.05708803982,0.05055683851,0.0568381995,0.06181052327,0.03875779733,0.04635327682,0.02702146769,0.03026358038,0.03673636168,0.03909126669,0.04088440165,0.03264053538,0.0479064174,0.03152284771,0.04678609222,0.04295428842,0.03698547184,0.04687922448,0.03344646841,0.0430017747,0.02682187594,0.02982034348,0.04078526422,0.04254851863,0.05837532505,0.03272062913,0.03821172565,0.04087043181,0.03834705427,0.03878252208,0.04838162288,0.04575759917,0.04545493424,0.04211363196,0.02793603763,0.04012453184,0.02628948539,0.03680018336,0.02953087911,0.04732707888,0.04883951694,0.04320081696,0.03187264502,0.0432609804,0.04255894944
53,0.004869966302,0.002380952472,0.006769022904,0.003223308828,0.001038388,0.007142857648,0.002380952472,0.009301579557,0.007331442554,0.00166329171,0.00082691235,0.001102996757,0.6032418013,0.2838942707,0.01904761977,0.2883613408,0.01511500496,0.01666666754,0.002380952472,0.01881559938,0.0231338609,0.009523809887,0.00805301033,0.004761904944,0.002380952472,0.004761904944,0.04053615406,0.02087328024,0.03063479438,0.05401181802,0.05653591082,0.03839059174,0.0314360708,0.01078188606,0.01018818468,0.0276619643,0.004761904944,0,0,0.002380952472,0,0.002380952239,0,0.5698593259,0.3045729399,0.3918613493,0.1725476086,0.2018272132,0.05397144705,0.03926407918,0.03520851582,0.009664230049,0,4.214692581e-06,5.382642848e-05,0.0003482660104,4.015061859e-05,4.978368452e-05,5.152425729e-05,0.02752959728,3.733505582e-05,7.633114728e-05,0.001767943497,0.000324355613,0.0005111202481,0.0004591111501,0.02448914759,0.0009282028768,0.0007800848107,0.0001501837687,0.0007331407978,0.1220080033,0.9969467521,0.0005603808677,0.004727791063,0.01228465885,0.0007494903984,0.0008219332085,0.007004329469,5.182728637e-05,7.429789548e-05,0.003053552005,0.01347362716,0.6274622083,0.503050983,0.1013115346,0.03014611453,0.00043458445,0.007127897814,0.001317225629,0.001475308789,0.01019538101,0.002830338664,0,0,0,0.002380952472,0.002380952472,0,0,0.002380952472,0.006437637843,0.0006751397159,0,0,0,0,0.0007363278419,0.002380952472,0,0.003392092185,0,0.006045130081,0.0003343741992,0,0,0.0007013161667,0.001808273024,0,0,0,0,0.0001558838849,0.001406361,0.002380952472,0,0,0.002380952472,0.0025567587,0.001253322931,0,0,0,0,0,0,0.002380952472,0.002341643209,0,0,0,0.0008866945282,0.0004656260135
54,0.00414345134,0.001018255367,0.00203772774,0.002227785066,0.003356838599,0.004761904944,0.002380952472,0.01727012545,0.001977340085,0.0002777192567,0.0005517429672,0.000180988849,0.4813790023,0.401799649,0.03071844205,0.238984704,0.01972457208,0.007669727784,0.006088136695,0.02828961797,0.0149095282,0.01646951586,0.002380952472,0.004976646975,0.005898186471,0.01979125477,0.02972991392,0.04932544008,0.04296817631,0.05381919444,0.04708712548,0.04166797549,0.04094507173,0.01829959825,0.02661299892,0.04160355777,0.003730387427,0,0.004761904944,0.002380952472,0,0.002380952472,0,0.7426365018,0.4006165862,0.4190910161,0.2274465859,0.2711123526,0.09604177624,0.06224041805,0.07630980015,0.02036253922,4.214692581e-06,0,6.506560112e-06,7.450061821e-05,7.002919301e-05,0.0001316303242,0.0002980033751,0.02258023992,3.415180345e-06,3.790833944e-05,0.003556990996,0.0006824396551,6.849232886e-05,5.145862087e-05,0.01422568131,0.0002643834159,0.0004268702178,0.001247032429,4.62269636e-05,0.08717734367,0.9955701828,0.0002194068948,0.001601566095,0.005049235653,0.0005605535116,0.000253265549,0.0009366466547,0.001575462753,0,0.006042806897,0.003229622729,0.6095605493,0.5993975401,0.1069112569,0.01038459036,0.0002738774638,0.01027368475,0.0002279677137,0.0003117170709,0.02269592881,0.003399675013,0.004761904944,0.002380952472,0,0.004761904944,0.002380952472,0,0.002380952472,0.006217660382,0.00572775444,0.0004743634781,0,0,0,0.0001052286243,7.414931315e-05,0,0,0.00162587245,0,0.001917401329,0.0001188822134,0,0,0,8.991784853e-05,0,0,0,0.0002156580158,0,0.002380952472,0.007642641664,0.00132311834,0.002380952472,0,0.005751842633,0.0002778366033,0,0,0,0,0,0,0,0.001298575196,0.0001063905147,0.000738464063,0,0.002380952472,0.001910899533
55,0.00295626279,0.0002510187333,0.002135713119,0.008375392295,0.004667354748,0.004761904944,0.007142857648,0.009146805853,0.001960888971,0.0002428853477,0.001959905028,0.0002804842661,0.5092802048,0.5092752576,0.05330463871,0.2916998565,0.03322428465,0.02242413163,0.02385431714,0.04635017365,0.0367080234,0.02655226737,0.005758475512,0.002380952472,0.01778981648,0.02042219788,0.02691703476,0.03599994257,0.06802041829,0.07159046829,0.06961129606,0.06592290103,0.05342282727,0.02605741099,0.03948948532,0.04802792519,0.01003599074,0,0,0.002380952239,0.002380952472,0.002380952472,0,0.8474491835,0.4027072787,0.3977129161,0.2789121568,0.2654598653,0.1369024813,0.05989018455,0.102842629,0.04458390176,5.382642848e-05,6.506560112e-06,0,7.773559446e-06,1.563117985e-05,4.758459909e-05,0.0002206203935,0.01690661162,6.352648597e-06,2.728320214e-05,0.002010998782,0.0004129651934,7.26767903e-05,0.0001169030584,0.01312621962,0.0003389185877,0.00743885478,0,7.774012192e-05,0.1844552457,0.9934070706,0.0004139281227,0.0007696195389,0.02665477991,0.0008842654643,0.002006183146,0.00102354947,0.002916249679,0.0003605777456,0.02105960064,0.002868368523,0.6054315567,0.7232502103,0.1239643246,0.1162844375,0.002822177252,0.04463724419,0.001542147249,0.001359269605,0.02448012494,0.00209629396,0.002995989053,0.002380952472,0,0.002380952472,0.002380952472,0.002380952472,0.002380952472,0.003361882642,0.009318546392,0,0,0,0,2.791983388e-05,2.678039709e-05,0.001728610601,0,0.0018739847,0,0.00252258894,0.001182539272,0,0.0001387443044,0.0005422759568,0.001250347705,0,0.001314734924,0,0,4.831702245e-05,0.002380952472,0.008637551218,0.0009704402764,0.001750624157,0.002380952239,0.01337840222,0.001657565939,0.004761904944,0,0,0.0007926230901,0,0,0.001782622305,0,7.577813813e-05,0,0.003763250075,0.007142857648,0.001173157129
56,0.002479698742,0.001259675482,0.0007955218898,0.004291607067,0.002380952472,0.002380952239,0.002380952472,0.0122513324,0.001774672186,0.0002128966007,0.002702982398,0.0004139722732,0.4964580536,0.4784306884,0.06541725248,0.2624445558,0.01721800305,0.02039103396,0.03204138204,0.0561623089,0.03821627423,0.02356700227,0.008118891157,0.004761904944,0.01037130132,0.02032146603,0.02044076286,0.04069200531,0.04076104239,0.05586281791,0.05651022866,0.0455173701,0.06179246679,0.01747994497,0.02413811535,0.03966539353,0.02059298567,0.002380952472,0,0,0.005619234871,0.002380952472,0,0.8089260459,0.2810264528,0.3325494826,0.2540018559,0.2042901367,0.1064363867,0.04055998847,0.07983499765,0.07419805974,0.0003482660104,7.450061821e-05,7.773559446e-06,0,7.130835456e-06,3.266894055e-05,0.0001893750159,0.01266669575,2.669243258e-05,3.177045437e-05,0.002330306685,0.0005387027632,0.0001158149753,2.211595347e-05,0.01762115769,0.003528295318,0.02699157968,0.0002028556046,7.547154382e-05,0.2259231806,0.9930976629,0.001183693064,0.0007422323106,0.04478172585,0.008722781204,0.00225133542,0.0005816249177,0.002172173467,0.000125515071,0.0184447486,0.003986812662,0.6356329322,0.7416157126,0.133836031,0.2316465974,0.01321369782,0.04003986344,0.002328393748,0.000735107169,0.01607803628,0.00996776484,0,0.003893123241,0.004761904944,0.003430090845,0.002380952472,0.002380952472,0.008547030389,0.004761904944,0.007142857648,0.0003387890756,0.00058407092,0,0,0,2.888095651e-06,0.002314730547,0,0.004340589046,0,0.002078647725,0.001100101857,4.777747381e-05,2.911111733e-05,0.0006268412108,0.000196440742,0,0,2.993815178e-05,0,1.022553624e-05,0,0.01190476213,0.000306762493,0.0009026883054,0,0.008008032106,0.0001773119875,0,0.002380952472,0,0.0007562080864,0,0.001546925516,0.002380952472,0,0,0,0,0,0.007682806347
57,0.007499688771,0.01593540609,0.002273323247,0.030227907,0.01644974202,0.002380952239,0.007142857648,0.0316324681,0.0005684219068,0.0005012920592,0.0003331601038,0.0005439899978,0.5214198828,0.3668566048,0.03189589828,0.3185817301,0.06220521778,0.06054351106,0.07386685908,0.07670565695,0.06840030104,0.06607893109,0.06527563184,0.0503847003,0.03343892097,0.05338962376,0.03791799396,0.0742309317,0.07010027766,0.07837668061,0.07731125504,0.08218763769,0.1016331688,0.07269494981,0.05363537371,0.06203150749,0.05125451833,0.01470368262,0.01032392122,0.029896589,0.0333600007,0.01937086508,0,0.7190560699,0.2345263213,0.284542799,0.1553719789,0.1804324985,0.07731730491,0.02076015994,0.03598855063,0.02498064563,4.015061859e-05,7.002919301e-05,1.563117985e-05,7.130835456e-06,0,3.013217611e-05,0.0001513781317,0.009507363662,3.775066034e-06,3.012900925e-05,0.0009958780138,0.0002923408465,0.0001341834577,3.116647713e-05,0.02096383087,0.000911498093,0.002939992119,0.001355662942,0.0005180477165,0.136277765,0.9905989766,0.0004429782857,0.0005851825699,0.008711291477,0.0006599022308,0.0002021456894,0.0002094994707,0.0002845581621,0.0002729280386,0.01019441523,0.00464999117,0.6433598399,0.6742019057,0.1276721954,0.03136625513,0.001127040712,0.0131263677,0.0009317043587,0.0001843513019,0.01518868189,0.009045660496,0.0196838025,0.001789616654,0,0.006276621018,0.008709908463,0.003974061925,0,0.007765799295,0.006070653908,0.0004231537168,0.000134691305,0.001573356916,0,0.001047365717,8.182407328e-05,0.002855758648,0,0.002092704875,0.002380952472,0.000736965856,0.0004167992156,0,0.0006866140175,0.0001461337088,0.002117546974,0.0005461136461,0.0005248544039,0,0,0.0007392433472,0.001358511276,0.01770588569,0,0.0001719698193,0.001206036774,0.006038563326,0.0008911642362,0.004320932087,0,0.001876959228,0.001725420239,0.005138710141,0.007784024812,0.002380952472,0.002943380736,0.003346317215,0.00162941555,0.001019036281,0.0005475672078,0.0007137192297
58,0.003096989356,0.01038433705,0.00240180362,0.03394873068,0.004235369153,0.004955202807,0.004761904944,0.02718192339,0.0009655896574,0.002053608652,0.0009330175235,0.001277880045,0.6067947149,0.357024312,0.05634820834,0.3188421428,0.08704942465,0.07019092888,0.1134113893,0.1028160751,0.0808898136,0.08178747445,0.06924331188,0.03858320788,0.05159043148,0.06358370185,0.03786113858,0.07054480165,0.07021483779,0.08390441537,0.08202701807,0.09190021455,0.09539224207,0.06720501184,0.06422498822,0.07206181437,0.05743232369,0.01040970068,0.01664046943,0.02789566666,0.03241755813,0.0302040223,0,0.6422851682,0.2616187632,0.2732703388,0.1647511721,0.2310229242,0.06780570745,0.01273765136,0.02650291659,0.02279835008,4.978368452e-05,0.0001316303242,4.758459909e-05,3.266894055e-05,3.013217611e-05,0,7.774797996e-05,0.01145273354,4.914777492e-06,7.128043308e-06,0.0003617478651,6.305587158e-05,0.0002561392321,0.0001787525107,0.02974443324,0.001951359329,0.004226905294,0.0001213883515,0.0006594307488,0.2183358371,0.9926085472,0.0002532866492,0.0006630081334,0.02241276577,0.001104053925,0.001736199367,0.0006070301752,0.0005787931732,0.0009813787183,0.004644641187,0.01177401282,0.6530632377,0.5906131268,0.1100189462,0.1078862101,0.001646921388,0.0200724788,0.002268770477,0.0005263488274,0.01415560953,0.003979799803,0.01266154274,0.001547203632,0,0.003570662579,0.006504659541,0.001551062218,0,0.004353474826,0.002983045764,2.743604091e-05,0,0.002380952472,0.0006963203195,0.002850656863,0.0005056103691,0.0007951083826,0,0.0005775806494,0,0.0001101293092,5.045174476e-05,0.000336201454,0.002008483279,0.0002122948936,0.0003441952867,0,0,0.003049501218,0.0002270225668,0.001413207152,0.005132261198,0.00564159872,0,0,0.0004891994176,0.0009003474843,0.001413057558,0,0.0001378065645,0,0.0005669326638,0,0.002689033281,0.006751093082,0.0003829023917,0.002629480558,0.0003559805336,0.0005711637787,0.00045665988,0.000462303753
59,0.00184589345,0.00400078157,0.0007919411291,0.01241182536,0.007558974437,0.002800536808,0,0.01776009984,0.0003376726818,0.0002819482761,0.0003002301091,0.0008061063127,0.5548208356,0.2908529341,0.02330319211,0.3250924647,0.05514690652,0.06680168957,0.08389376849,0.08817227185,0.07371877134,0.06993944943,0.06429425627,0.05538854748,0.04939842969,0.05351443216,0.04096249864,0.07559191436,0.07251318544,0.07955777645,0.07879478484,0.08920759708,0.09435562044,0.08434707671,0.05823599547,0.06751658767,0.06112430617,0.03377424926,0.03390647098,0.03105402738,0.05216480792,0.02570359409,0,0.5783454776,0.258687526,0.3015344739,0.1320096999,0.1813307405,0.03239605576,0.01890146732,0.02631274052,0.0240459796,5.152425729e-05,0.0002980033751,0.0002206203935,0.0001893750159,0.0001513781317,7.774797996e-05,0,0.0154863093,3.486980859e-05,0.000541921705,0.00215164898,8.82162858e-05,0.0001804247004,7.11754401e-05,0.02605777606,0.002100083278,0.002351589967,1.046533271e-06,1.687315671e-05,0.09743189812,0.9925982356,0.0009421937284,0.003152278019,0.007693004794,0.001068424899,0.0006930120289,0.0009061097517,1.882779543e-05,6.223012315e-05,0.0007358646253,0.01546327118,0.6636371017,0.5973236561,0.1027268246,0.04168753698,0.000775144028,0.002901062602,0.0009378559771,0.000692075293,0.006356166676,0.0003458551946,0.01346575841,0,0,0.004215396475,0.002051971154,0.002054593293,0.0002503885189,0.004245874472,0.002279822016,0.0001170310643,0.0003530174145,0.0001369447127,2.281385969e-05,0.0003268908185,3.508223017e-05,0.0005463774432,0,0.0007165097049,2.471652442e-05,5.084254735e-05,8.204257028e-05,4.570809324e-05,0.0002383633691,1.868249092e-05,7.320348959e-05,0.001503207372,0.001201214967,0.0002671091934,6.854391813e-06,7.129981532e-05,0.00196777517,0.01182641834,0.0009563098429,0,0.0003367877798,0.0008175024996,1.629410508e-05,0.0002436521318,0,0,0.0001480385399,0,0.001146997209,0.001006526407,0.004686063621,0.0013640814,0.0009530699463,0.001549089677,0.0004583855625,0.0001010361229
60,0.02795352601,0.03675239906,0.05396091193,0.07260093093,0.04154067487,0.08587168157,0.08517378569,0.08188085258,0.06345593929,0.04214940593,0.07055488974,0.03273730353,0.6807411909,0.7085831165,0.4945573509,0.1892963499,0.05622719601,0.03452342749,0.03772883117,0.06709333509,0.05654150993,0.03882869706,0.02013851888,0.002380952472,0.0121033648,0.03564317152,0.05215946957,0.08131577075,0.07422231883,0.09763750434,0.08054068685,0.1027049422,0.0681784004,0.03726925701,0.04660775885,0.05448105931,0.02407690696,0.001056885114,0.004761904944,0,0.005523731466,0.001586693106,0.001033824054,0.7542932034,0.1578775793,0.1232395843,0.1418681443,0.3320190907,0.1212665588,0.003319517011,0.02420028113,0.09488932788,0.02752959728,0.02258023992,0.01690661162,0.01266669575,0.009507363662,0.01145273354,0.0154863093,0,0.01428491063,0.009151814505,0.00240878528,0.01508344058,0.0216912888,0.01086558774,0.01250951551,0.04540290684,0.1351191252,0.02351118065,0.01718387939,0.7623474598,0.9991247654,0.02744383551,0.005867880303,0.1752610654,0.02676942199,0.02089731582,0.01816048846,0.05616722256,0.03919492289,0.01118488889,0.008509859443,0.4796346724,0.7105453014,0.1314144582,0.6477485299,0.05920380354,0.353273809,0.03406910971,0.01354431268,0.05517221242,0.04922496155,0.02721510082,0.01572158374,0.01985289529,0.01186529081,0.02075903676,0.02290725335,0.01839923859,0.01460737363,0.01900881715,0.02667838149,0.00451078685,0.007598790806,0.002109147841,0.01943323202,0.01961939782,0.02135227807,0.008895148523,0.03316957876,0.01012495253,0.03313812613,0.03532801569,0.01230530627,0.01345291175,0.02581358142,0.03712245822,0.008217493072,0.01968493685,0.01855226979,0.03576390445,0.0146453511,0.03756351769,0.05896482244,0.02176041901,0.02366547473,0.02237773873,0.02543626353,0.03529982641,0.02691037953,0.02283251658,0.009524052963,0.01834737323,0.01816121489,0.02620319277,0.09210581332,0.0615468286,0.02590057626,0.00929392688,0.02081748471,0.01236663107,0.03928635642
61,0.00231492077,0.003100744216,0.004197585862,0.005570097826,3.580897828e-05,0,0,0.009326804429,0.002449100139,0.001236779266,0.002218989888,0.0006352885976,0.5977208614,0.3049869835,0.01904761977,0.3171956241,0.01158222556,0.01108446158,0.0179336369,0.02797454782,0.0219531022,0.01087532751,0.00364876911,0.004761904944,0.007142857648,0.004185951315,0.03852365166,0.03760029003,0.0269143004,0.06240159273,0.05305854976,0.06031454355,0.01730024256,0.02449239418,0.01995008625,0.04301983118,0.02025244199,0,0,0.002380952472,0,0.002380952472,0,0.7598119974,0.2274456471,0.3554878831,0.138998419,0.1519384533,0.07434599847,0.02628645301,0.042897176,0.02734335139,3.733505582e-05,3.415180345e-06,6.352648597e-06,2.669243258e-05,3.775066034e-06,4.914777492e-06,3.486980859e-05,0.01428491063,0,1.730126201e-06,0.0002882943663,0.0001133289043,9.000134742e-05,0.0002793289896,0.01549961884,5.101064016e-05,0.002668047091,0,0.001062977826,0.1225465089,0.9869114161,9.050843073e-05,0.0003272752801,0.01828205772,0.0008769249544,0.0012416502,0.0007514965255,0.0003235122713,0,0.007127452176,0.002483305754,0.6190526485,0.6161344051,0.1193677187,0.0817983225,0.0004768255167,0.01835585199,0.001995512983,0.001083859708,0.01385986526,0.003887156723,0.001203940599,0.002380952472,0,0.004761904944,0,0,0,0.001254981384,0.002380952239,0.0008349777199,0,0,0,0,5.944793429e-06,0,0,0.0006813337677,0,0.00057547295,0.0001519447978,0,0,0,0,0,0,0.004761904944,0,0,0,0.004761904944,0,0,0,0.002554259263,0.0002376805496,0,0,0,0,0,0,0.001386716845,0,0.001229057088,0,0,0,0.002592094243
62,0.001427901443,0.0007124227122,0.001052309759,0.007418498863,0,0.006450674962,0.004761904944,0.008683303371,0.005190819968,0.001179099316,0.007816135883,0.002340169623,0.4265546799,0.436037302,0.07002868503,0.2360966355,0.0279075224,0.03052173369,0.02382543124,0.03389320895,0.04041210935,0.05137694255,0.0102833733,0.008412733674,0.01373688225,0.02315543592,0.03163793311,0.06037447229,0.04770634323,0.07744768262,0.06347381324,0.06152171269,0.04557473585,0.02798699588,0.03338000923,0.04774515331,0.009295808151,0.002380952472,0.002380952472,0.004761904944,0.004761904944,0.007142857648,0,0.6832836866,0.2606091201,0.2872295976,0.1940782368,0.237180993,0.06355915964,0.009990516119,0.02230093442,0.03147896752,7.633114728e-05,3.790833944e-05,2.728320214e-05,3.177045437e-05,3.012900925e-05,7.128043308e-06,0.000541921705,0.009151814505,1.730126201e-06,0,2.990497342e-05,6.521520845e-05,0.000112788679,5.68795258e-05,0.02320863679,0.0005378875067,0.00863801688,0.001242461032,0.0002164119796,0.2000477761,0.9939763546,3.479117368e-05,5.411236634e-05,0.0146768596,0.0003740496468,0.000196445515,0.0003956768778,0.000825428986,0.0007466694224,0.001899984782,0.001375391032,0.6516209245,0.5949394703,0.1050003618,0.1636230946,0.0009484451148,0.03099975176,0.0008766785613,0.0001216371311,0.01287581027,0.003828381421,0.002241476439,0.001201181789,0.002380952239,0.00248142425,0.0002450783213,0.002380952472,0,0.001304538106,0.003430818906,3.289456799e-05,0,0,0,0,0.0004372628755,0.0003035891859,0,0.0001549623266,0,0.0002157639829,9.965038043e-05,0,0.0003817518591,0,0.0003060470917,0,0,0,5.354224777e-05,0.0003259003861,0.002380952239,0.002232250292,0,0.0003059511364,0.002380952472,0.0006310095778,4.599204112e-05,0.0001736298291,0.002380952472,0,2.213177686e-05,0.002380952472,0.0004212342319,0.002380952472,0.004761904944,0,0,0,0.00373639795,0.001838346012
63,0.001249693334,0.009116912261,0.00247196923,0.02321106009,0.001434509526,0.009831308387,0.02561352775,0.007395832799,0.01672229171,0.01768939197,0.03300526738,0.007587383036,0.4166712165,0.5269605517,0.4003629684,0.2053797096,0.05872263014,0.09022538364,0.0781000331,0.1107192785,0.07278747857,0.06946346909,0.05259042233,0.02868747525,0.03335110843,0.06167490035,0.04553230852,0.093686454,0.07450148463,0.08592901379,0.09011536837,0.0977781862,0.0913258642,0.0738940388,0.08179866523,0.07466289401,0.04686124995,0.01489533763,0.01074818056,0.01617456973,0.01988092065,0.01850220747,0.002380952472,0.5809088349,0.08635050058,0.1399842799,0.06445289403,0.1011445969,0.00653964607,0.0005302383797,0.001268081018,0.04701595008,0.001767943497,0.003556990996,0.002010998782,0.002330306685,0.0009958780138,0.0003617478651,0.00215164898,0.00240878528,0.0002882943663,2.990497342e-05,0,0.0001783317712,0.00589965703,0.001335652196,0.04197046533,0.01256854367,0.07369795442,0.002869818127,0.001045525074,0.7616858482,0.9995441437,0.002859939588,0.0003056435089,0.2714022696,0.01475369278,0.01317412872,0.006814647932,0.00211253739,0.006521731149,0.0002279165492,0.02363338508,0.7233871222,0.6357557178,0.1164945886,0.7258904576,0.06617543846,0.2217015475,0.01446479745,0.002401963109,0.0009179687477,0.001266601728,0.004069262184,0.001168111339,0.0007905461825,0.0004044647212,0.0005462224362,0.0005502083804,0.0003469816293,0.0005171680241,0.0003845931788,0.000526405347,6.166277308e-05,0.001284417696,0.0002031869226,0.003210971365,0.002774796449,0.0004366692156,9.963457705e-05,0.0006333964993,0.0006313527119,0.0009462097078,0.001003420795,0.0002738803159,0.002341574291,0.0007930293214,0.0008190558292,0.003548150649,0.00188911485,0.003365656361,0.001482261694,0.002251938917,0.008004390635,0.002773122163,0.0008516131202,0.0004920065985,0.0009292819304,0.0005969212507,0.001520358725,0.000306759146,0.000838556909,0.0003072774271,0.0003541339829,0.0003683669493,0.00172362919,0.02215801924,0.01085761562,0.006861781236,0.001876036171,0.0008741844795,0.0006580055924,0.0006325464346
64,0.0005255933502,0.003360414878,0.0007448732504,0.01320582163,0.000320736639,0.001977294218,0.008956342004,0.003911514301,0.001806535525,0.002067965455,0.00530752819,0.001916488283,0.456979692,0.4325738549,0.1190094501,0.2643282115,0.05496305972,0.08485013992,0.07966552675,0.08854471892,0.07964538783,0.07104223967,0.04810183123,0.04445853457,0.03732933477,0.04943164438,0.03753422201,0.08220984787,0.07446298748,0.08216933906,0.08445825428,0.09725943208,0.103176266,0.09111189842,0.07124334574,0.07118998468,0.0792382285,0.01793820225,0.01364806574,0.03067887202,0.009148160927,0.01982441917,0,0.5838692784,0.2921624482,0.2694063187,0.1728574187,0.2622514367,0.02551136166,0.0105199758,0.01377322152,0.0342034325,0.000324355613,0.0006824396551,0.0004129651934,0.0005387027632,0.0002923408465,6.305587158e-05,8.82162858e-05,0.01508344058,0.0001133289043,6.521520845e-05,0.0001783317712,0,0.001665471005,0.0002789268328,0.03292607889,0.005363481585,0.01775434799,3.153309763e-06,3.339116665e-05,0.3826887608,0.9989341497,0.001114963903,0.001335093868,0.08013334125,0.0048811296,0.004883838817,0.002764406847,0.0001123404363,7.101712981e-05,0.0001427954703,0.01696696319,0.6786769032,0.5727952123,0.103839606,0.4068659246,0.01025371999,0.0143978307,0.001003591926,0.0007075906033,0.002887133276,0.0002782578813,0.00308660185,0.0002898862294,0.000347180845,0.0008893462946,0.002513429848,0.001677950029,4.100943261e-05,0.0003730333992,0.001950806007,2.704181315e-05,0,0.0003593809961,0.0001425598457,0.001548798406,7.658535469e-05,0.0001831471309,1.827675987e-05,0.0001578851516,0,0.0001122738395,7.972557796e-05,0.0001026426107,0.0006735289353,2.215081804e-05,0.0002047880116,0,0.001377799548,0.000421719189,5.459338354e-05,0.0006749981549,0.0008641810855,0.0006624248344,0.000235331594,4.079617065e-05,9.807895549e-05,0.0003012280795,0.000119148448,3.724161797e-05,5.882928235e-05,0,0.0001481232466,3.998124157e-05,0.0008094902732,0.003882787423,0.002195005072,0.0008083252469,0,0.0005331090069,0.0002811857848,0.0001408897078
65,0.0004512932792,4.92685358e-05,0.000713375106,0.002491287421,0.01268620044,0.01276421733,0.007091184612,0.007728561293,0.003150518518,0.0001753239048,0.003441587556,0.0005264836363,0.4784697294,0.6902946234,0.1146780327,0.1543668509,0.01644262485,0.007206791546,0.01871237718,0.01779617742,0.01596348174,0.01070425473,0.01192153525,0.006261780858,0.003121240996,0.0106793195,0.01674398407,0.03021433204,0.03564789891,0.04120038822,0.02771616355,0.03703599423,0.02723574452,0.03191888705,0.01386596169,0.03874554858,0.006510802545,0,0,0.002380952472,0,0.003778857877,0,0.8720910549,0.5112658143,0.4093348384,0.3436715901,0.5007479787,0.1903353781,0.07836238295,0.1138446033,0.05551150814,0.0005111202481,6.849232886e-05,7.26767903e-05,0.0001158149753,0.0001341834577,0.0002561392321,0.0001804247004,0.0216912888,9.000134742e-05,0.000112788679,0.00589965703,0.001665471005,0,3.693690087e-05,0.01299707219,0.001602681237,0.002433215734,0.0005015633651,2.404422412e-05,0.2997264266,0.9988023043,0.0007316634292,0.001737797516,0.004110653419,8.386930858e-05,0.0002407044813,5.207218055e-05,0.006035562139,7.719045971e-05,0.0120490659,0.004320550244,0.6113638878,0.7309596539,0.1271365732,0.05608872697,0.0001336326095,0.02305918001,7.986721175e-05,6.32068186e-05,0.02013699338,0.008303581737,0.006532963365,0,0.007142857648,0.004761904944,0.002380952472,0.005128374323,0.0007855655276,0.01123356447,0.02730892599,0.001236967742,8.695502765e-05,0,0,1.366100696e-05,0.000102643804,0.002555954037,0,0.008193142712,0,0.005054045469,0.000733535795,0,4.849081233e-05,0.0003830978239,0.001522834296,0,0,2.988934739e-06,0.0003021151351,1.09797038e-05,0.004761904944,0.009545339271,0.00026244935,0.001813652343,0,0.01787251607,0.00176098384,0.001496582991,0,0.002380952472,0.0008921905537,0.004761904944,8.451959002e-05,0.002744497731,0.0006040266599,6.533448322e-05,0,9.442444934e-06,0.008483717218,0.009061545134
66,0.001032309956,0.0006877414999,0.0005248343223,0.003067016369,0.006714651827,0.005323432386,0,0.007563826162,0.0004087724956,0.0001318416325,0.000507202989,0.000322593376,0.3728232086,0.4229638875,0.04042761028,0.1668258011,0.01529399306,0.02658817917,0.03987823054,0.03010591865,0.02705547959,0.02420274355,0.03308720142,0.008970580995,0.01801481098,0.02314531617,0.0177051276,0.04688278958,0.04686889797,0.03930037096,0.0347552821,0.03954291716,0.0400541462,0.03265630454,0.01890211552,0.02983587421,0.0169718042,0.01735863276,0.008700486273,0.01184083708,0.01509458385,0.007180111483,0,0.7543506026,0.2668338418,0.294143647,0.1837409735,0.2105609626,0.08267088979,0.01335163973,0.03537788242,0.04639651999,0.0004591111501,5.145862087e-05,0.0001169030584,2.211595347e-05,3.116647713e-05,0.0001787525107,7.11754401e-05,0.01086558774,0.0002793289896,5.68795258e-05,0.001335652196,0.0002789268328,3.693690087e-05,0,0.01831228659,0.003666229313,0.002813526662,9.259967192e-05,1.423930189e-05,0.1729094237,0.9956056476,0.001446658163,0.0008233808912,0.005817113444,0.0002703056089,0.0003895817208,8.656717546e-05,0.001310466207,0.0001860802586,0.004480216652,0.006705624983,0.6485269666,0.7093368769,0.135735929,0.05436010659,0.0005459930981,0.007299108431,0.0001351401297,1.128161603e-05,0.01518111397,0.001886076643,0.01351693366,0.003014888382,0,0.002967088949,0,0.002970038448,0.002380952472,0.006531405263,0.003552535549,0.0004001867492,0,0,4.818948128e-06,0.0001217797617,8.330523997e-05,0.001292215078,0,0.001093077473,0,0.0004445377272,0.0001783116313,0,1.399826033e-05,0,0.0003209940041,2.305141061e-05,0,4.654888835e-05,0,3.849552741e-06,0.004761904944,0.007801064756,0,0.0001153292469,0,0.001792707131,0.000188973223,0,0,0,0.0007858012686,0,0.001778644859,0.001908212318,0,0.0001983648544,7.763247413e-05,1.719417742e-05,0.002437257208,0.002914054086
67,0.04100034013,0.02284729853,0.05159882829,0.06018483639,0.04253754392,0.04686939716,0.03682588041,0.06521880627,0.1205137596,0.04169644043,0.07133667916,0.03676621616,0.7845885158,0.8846197128,0.258415699,0.3168298006,0.01016990654,0.00300629111,0.01190476213,0.0294637233,0.009523809887,0.007142857648,0.002380952472,0,0.004761904944,0.004761904944,0.05451317132,0.02587960847,0.04903831333,0.06878022105,0.07125446945,0.04460681975,0.01316486392,0.004761904944,0.01723725721,0.02669845708,0.004761904944,0,0,0.002380952472,0.002380952472,0.004761904944,0,0.8185760975,0.5928373337,0.4138950408,0.2705565393,0.4766961336,0.2307118773,0.1045868173,0.1003593504,0.1417854577,0.02448914759,0.01422568131,0.01312621962,0.01762115769,0.02096383087,0.02974443324,0.02605777606,0.01250951551,0.01549961884,0.02320863679,0.04197046533,0.03292607889,0.01299707219,0.01831228659,0,0.02335536852,0.09961827099,0.02344846353,0.01376444474,0.6559673548,0.9996093512,0.005040562246,0.01384484395,0.1021835804,0.01462452114,0.01707915217,0.0210887026,0.03668263927,0.02118290775,0.04680135846,0.002202600241,0.5035072565,0.5750060081,0.06866943091,0.3725550473,0.02229600959,0.1852818578,0.02161193267,0.01890158281,0.0484181568,0.04228067398,0.02989912219,0.02686079405,0.009523809887,0.04693044722,0.04752346873,0.0476953052,0.0270142816,0.07110977173,0.07584158331,0.03060405515,0.01811976917,0.01907824166,0.0070518055,0.01658628322,0.02679777332,0.04318287969,0.008381372318,0.04491692036,0.01319955476,0.03091743961,0.02864150703,0.01284608804,0.01764862239,0.01713891886,0.03086273,0.003654878587,0.0121046491,0.02150499821,0.0258688461,0.01360377949,0.03393872827,0.05196788907,0.02337176166,0.03207627684,0.01283263788,0.06833597273,0.0330253765,0.03279200941,0.0202768445,0.01982513256,0.04032514989,0.009288987145,0.02137052454,0.0386778228,0.02581512369,0.02324446291,0.01745570265,0.01627640612,0.04798539728,0.04021171108
68,0.005628556013,0.00655104639,0.007586827502,0.02580419369,0.01108932961,0.009364338592,0.007142857648,0.01053065713,0.01232992392,0.003970068414,0.008321753703,0.004415534902,0.6721249819,0.6753561497,0.1259764284,0.2913659513,0.03899922222,0.02939869836,0.03050803766,0.05535064265,0.04722374678,0.02372710966,0.01510024257,0.006539342925,0.01047577243,0.01666494459,0.05582877621,0.0431152992,0.05887065455,0.0807473883,0.06334233284,0.06193975359,0.06253481656,0.04059590027,0.03763518855,0.0430409871,0.01358627994,0,0.004761904944,0.002380952472,0.004761904944,0.003637619317,0,0.7136189938,0.5773955584,0.4933423996,0.2879215181,0.4582897425,0.1758257747,0.09657595307,0.08575238287,0.04030038044,0.0009282028768,0.0002643834159,0.0003389185877,0.003528295318,0.000911498093,0.001951359329,0.002100083278,0.04540290684,5.101064016e-05,0.0005378875067,0.01256854367,0.005363481585,0.001602681237,0.003666229313,0.02335536852,0,0.009373276494,0.003351256484,0.002070032991,0.400490135,0.9991294146,0.001660437905,0.01338742394,0.02028619498,0.002892636461,0.004201929551,0.007328643464,0.004222097807,0.001741214772,0.01483885944,0.01210272778,0.6134710908,0.5633766651,0.09822963178,0.08969391137,0.002994675189,0.04509923235,0.003590187989,0.004405156244,0.03770365566,0.01178408414,0.007749057841,0.01412503235,0.006136931013,0.01352811046,0.008784672245,0.02011178248,0.01086063683,0.01837381534,0.03161067888,0.002739428077,0.00147904898,0.000951504393,0.0004458056355,0.001866423176,0.002070974559,0.008633937687,0.0005599823198,0.008245375007,0.003243155312,0.00426183641,0.003173399484,0.002022126224,0.001382092363,0.002883441746,0.003756761784,0.0005805860856,0.002201893367,0.003716690699,0.001518602832,0.00335431844,0.01444837172,0.03503171355,0.007453416009,0.00740708597,0.007668261416,0.01498050708,0.006549130194,0.009401406161,0.006829248276,0.005403674208,0.003510335926,0.0009782464476,0.003357865149,0.01186490338,0.009068395942,0.004349437542,0.002656447701,0.0008181679877,0.01282619033,0.00830621738
69,0.06774294376,0.0261456091,0.05686172843,0.03112192266,0.1373224109,0.1309967935,0.181381762,0.09508200735,0.1109592766,0.01302646194,0.0271365419,0.01334302593,0.7542846203,0.783627212,0.5171632767,0.2559740841,0.04380857199,0.03133784607,0.03712219745,0.07069328427,0.05955931544,0.04266936705,0.02986027114,0.0128227137,0.01587118208,0.06351222098,0.11319644,0.09615808725,0.1308368891,0.143985495,0.1170100197,0.1264077574,0.06471189857,0.05600484461,0.0744542107,0.10774865,0.02914724685,0.007142857648,0.004761904944,0.01666666754,0.00542432582,0.01339774765,0,0.7743757963,0.5587407351,0.3680445254,0.2491032332,0.452182889,0.3784832358,0.1643868834,0.1448275447,0.08810371906,0.0007800848107,0.0004268702178,0.00743885478,0.02699157968,0.002939992119,0.004226905294,0.002351589967,0.1351191252,0.002668047091,0.00863801688,0.07369795442,0.01775434799,0.002433215734,0.002813526662,0.09961827099,0.009373276494,0,0.007105555851,0.0008924601716,0.586327374,0.9782840014,0.01825571992,0.07488354295,0.1097465307,0.00978042651,0.007577444427,0.01499260962,0.07125603408,0.002689274494,0.1037663668,0.09828406572,0.7932781577,0.920943141,0.2509675622,0.1266849786,0.002806840232,0.209389925,0.002888413845,0.002177381888,0.1279883385,0.1002470329,0.1618243754,0.185569793,0.1884929687,0.1988600791,0.20874542,0.2227666825,0.1451279223,0.2025829703,0.2140951157,0.07513508201,0.04660094157,0.01762623899,0.005705760326,0.01614922285,0.01118729357,0.1446743906,0.01528397109,0.1312555224,0.02144539356,0.07885098457,0.0418676585,0.004830977879,0.004395365249,0.0345232673,0.1020497009,0.003859756514,0.004288046155,0.002845149022,0.0222122632,0.002606244758,0.2480116785,0.1391177028,0.1220542938,0.08864463121,0.003328018356,0.1499101967,0.07782009244,0.09971120209,0.05705612525,0.04819597676,0.09997458011,0.0700443238,0.01343776006,0.1131215096,0.04845827445,0.003544869833,0.003622851102,0.001282066107,0.1443143487,0.09391089529
70,0.0002705216757,4.391755647e-05,9.11976822e-05,0.0005823060637,0,0,0,0.0001150409371,0.0006294624181,0.0002924118016,0.001851287088,0.0002389214351,0.4846501946,0.1879787147,0.008463084698,0.2421562076,0.01348784566,0.00855283998,0.02233193815,0.02996197157,0.01902000047,0.02075435594,0.01271136757,0.003432750469,0.01028945856,0.01741886139,0.02553354576,0.02439678647,0.0356454365,0.058126688,0.05371148139,0.05135440454,0.05424416065,0.01374699362,0.01465795282,0.02961373143,0.01133233868,0.002380952472,0,0,0.002380952472,0,0,0.404925555,0.1224796101,0.2703169286,0.07797833532,0.06110194325,0.0101555204,0.02528564632,0.02047704346,0.03812612221,0.0001501837687,0.001247032429,0,0.0002028556046,0.001355662942,0.0001213883515,1.046533271e-06,0.02351118065,0,0.001242461032,0.002869818127,3.153309763e-06,0.0005015633651,9.259967192e-05,0.02344846353,0.003351256484,0.007105555851,0,1.702544751e-06,0.02252349444,0.8639996052,0.00052722072,0.008653758094,0.006127276924,0.0001862190402,0.0008008954464,0.001087806653,3.646775326e-07,0,1.209450238e-05,0.01197649818,0.6066194773,0.5177065134,0.1095908731,0.06374646723,0.0007962622913,9.628078988e-05,0.0001102533424,1.636947854e-05,0.0003019116702,3.646422556e-06,0,0,0,0,0.002380952472,0,0,0.0005614504335,0.0007126324344,2.253215462e-05,0.000281855755,0,0,3.558583921e-05,7.516601386e-07,0,0,0,0,3.141909474e-06,4.241219358e-05,0,0,0,0,0,0.0008090573247,0,0,3.165063026e-05,0,0,0,0,0,0,0,0,0,0,0,0,0,0,0,0,0,0,0,0
71,0.0001688337215,0.0002220786992,5.408796278e-05,0.0007996680797,0.001471945667,0,0.000435823953,0.003177948296,0.000176296875,7.992013707e-05,0.0002339958301,0.0002148898493,0.3423252106,0.3316142559,0.01087671798,0.115892604,0.008820794523,0.02322448231,0.02146785706,0.02047755942,0.01933276094,0.01743071154,0.01600731909,0.01919704862,0.009280556813,0.01465756632,0.01232651155,0.02683435939,0.02895733155,0.02913204022,0.027511511,0.02923693508,0.02541646361,0.02615970746,0.01375192497,0.01980393566,0.0124390414,0,0.005598741584,0.004431164358,0.003414924489,0.00575461844,0,0.4636536837,0.1990870833,0.3563524187,0.1715915352,0.1552409232,0.001780176186,0.03618462756,0.01761052571,0.04468421265,0.0007331407978,4.62269636e-05,7.774012192e-05,7.547154382e-05,0.0005180477165,0.0006594307488,1.687315671e-05,0.01718387939,0.001062977826,0.0002164119796,0.001045525074,3.339116665e-05,2.404422412e-05,1.423930189e-05,0.01376444474,0.002070032991,0.0008924601716,1.702544751e-06,0,0.01510673855,0.9958524704,0.001488682814,0.001615690417,0.001707998454,0.0001629336475,2.104798841e-05,0.0001643597061,1.403997794e-05,3.36623259e-07,5.975019667e-05,0.005600664765,0.6251264811,0.6988795996,0.1225612611,0.01810943894,0.0002358449128,6.080781895e-05,1.199406961e-05,3.223034946e-05,5.098309339e-05,8.580591384e-06,0.00297075347,0.002380952472,0.0003893524699,0,0,0,0,0.0009354603244,0.002701051766,0.0002325217065,9.463571769e-05,0,0,1.860585144e-05,1.760609302e-05,0,0,4.118151628e-05,0.0003108788515,6.227202539e-05,7.763625035e-05,0,9.969169696e-06,0.0004088443238,2.582785964e-05,0,2.872913319e-05,2.879815838e-06,0,5.172653346e-06,0,0.001558437478,0,0,4.59556868e-05,0.0006194080925,7.931176515e-05,0.0003086942015,0,0,0.0002087999601,0,6.339013635e-05,0.0004506887926,0,4.529488251e-06,4.198490387e-06,4.531395007e-06,0,0.0002683481143
72,0.04590275884,0.002621413441,0.006562382914,0.008251718245,0.1580254883,0.02971218526,0.002784607001,0.06546542048,0.3068843484,0.002289405093,0.007127183024,0.02393717691,0.8841865659,0.6779451966,0.001639468363,0.2468216419,0.008096512407,0.01190476213,0.008688598871,0.0142857153,0.01904761977,0,0.004761904944,0,0,0.007142857648,0.09912915528,0.02142857201,0.05546036363,0.08677580953,0.06177376583,0.02851882391,0.01341840718,0.004761904944,0.03435175493,0.03358175606,0.004761904944,0,0,0.002380952472,0.002380952239,0.002380952472,0,0.8444908857,0.9505580068,0.8854247928,0.8876186013,0.8978612423,0.6077335477,0.840998292,0.8357924819,0.6311270595,0.1220080033,0.08717734367,0.1844552457,0.2259231806,0.136277765,0.2183358371,0.09743189812,0.7623474598,0.1225465089,0.2000477761,0.7616858482,0.3826887608,0.2997264266,0.1729094237,0.6559673548,0.400490135,0.586327374,0.02252349444,0.01510673855,0,0.9744247198,0.4976866841,0.6996666789,0.003529666923,0.05384055898,0.02485031076,0.2884868681,0.0450921841,0.001822935068,0.354830265,0.6679729223,0.9491959214,0.9791725874,0.8243420124,0.01113524381,0.01423881017,0.001815315918,0.001942942152,0.06484753639,0.1100406349,0.04671078175,0.03658351675,0.07194898278,0.0298032891,0.1374059021,0.1404899955,0.1094045416,0.08571471274,0.2536480725,0.26980564,0.1534919143,0.01904761977,0.001816906617,0.007142857648,0.02333769016,0.07310147583,0.1034474671,0.004761904944,0.3621522188,0.007142856717,0.2440140545,0.19466196,0.008107579313,0.02559685148,0.0479458645,0.06895191967,0.003319443204,0.002752101747,0.001931517385,0.02155527286,0.03473855928,0.002262381604,0.0353978835,0.09118548781,0.09427122027,0.001178774517,0.276884824,0.0187030416,0.1095383987,0.04687217996,0.01505583432,0.1226628646,0.002926213201,0.001023927121,0.001790050068,0.001254438539,0.001355629764,0.02194284089,0.002610271331,0.04780884832,0.05774853006
73,0.9944707155,0.7703902125,0.989515245,0.8693534732,0.9920233488,0.8285714388,0.7148502469,0.9731276631,0.9993842244,0.9932314754,0.9995189309,0.9918428063,0.9999841452,0.9999997616,0.9802654386,0.9973592758,0.5150566101,0.3302024007,0.4048605859,0.4675028026,0.4787273109,0.3250087202,0.1706726849,0.08585879207,0.2213761359,0.3656409681,0.961997509,0.6888087988,0.8354708552,0.891987443,0.872780323,0.7863075733,0.5247521996,0.4336422384,0.7392775416,0.7897052169,0.280905515,0.06717563421,0.04761904851,0.1333333403,0.06190476567,0.05952381343,0.0142857153,0.9998607039,0.9998512268,0.9985100031,0.9997106194,0.9999184608,0.9999347925,0.9994794726,0.9997624159,0.9996289611,0.9969467521,0.9955701828,0.9934070706,0.9930976629,0.9905989766,0.9926085472,0.9925982356,0.9991247654,0.9869114161,0.9939763546,0.9995441437,0.9989341497,0.9988023043,0.9956056476,0.9996093512,0.9991294146,0.9782840014,0.8639996052,0.9958524704,0.9744247198,0,0.9994971752,0.9994701743,0.995319128,0.999473691,0.9962543845,0.9992164373,0.9990722537,0.9969527721,0.999489069,0.9993636012,0.9998351932,0.9999503493,0.999848187,0.979940474,0.9981470108,0.9773897529,0.9969049096,0.9982010722,0.9998835921,0.9998907447,0.910692513,0.9450455904,0.9285714626,0.9638546109,0.9758302569,0.9878156781,0.7798835635,0.9989239573,0.9991609454,0.9370533228,0.4380952418,0.3619047701,0.4190476239,0.6795198917,0.9688925743,0.8707104921,0.3095238209,0.9985954762,0.2452381104,0.9992424846,0.9979397655,0.6376183033,0.9249604344,0.7071428895,0.9650952816,0.4190476239,0.5690476298,0.8530398011,0.85192734,0.965598166,0.5975241661,0.9465904236,0.8562643528,0.8065785766,0.6064321995,0.999437809,0.9045940638,0.9685400724,0.6857143044,0.4125434756,0.9223557711,0.4880952537,0.6111522913,0.7229490876,0.6678212881,0.9595327973,0.7964294553,0.7848588228,0.9967633486,0.9970765114
74,0.003342633136,0.00455688918,0.006070808973,0.01459469739,0.006702194922,0.01550338883,0.02348713018,0.0283701811,0.02319462784,0.004357043654,0.02037317492,0.007532084361,0.5753584504,0.7054488659,0.1783280969,0.2440866232,0.02106828056,0.02602519654,0.02974366769,0.03852984309,0.01829990745,0.009187500924,0.007387352176,0.004761904944,0.008936133236,0.01911975816,0.0294872541,0.04215100035,0.036733374,0.07827036083,0.04828664288,0.04843638465,0.03526938707,0.009013204835,0.0367494449,0.04197221994,0.003191617085,0,0.002380952239,0.002380952472,0,0,0,0.8144487143,0.6362669468,0.4926766455,0.3444374204,0.5537680984,0.2353450805,0.1145917401,0.1247260198,0.06077193096,0.0005603808677,0.0002194068948,0.0004139281227,0.001183693064,0.0004429782857,0.0002532866492,0.0009421937284,0.02744383551,9.050843073e-05,3.479117368e-05,0.002859939588,0.001114963903,0.0007316634292,0.001446658163,0.005040562246,0.001660437905,0.01825571992,0.00052722072,0.001488682814,0.4976866841,0.9994971752,0,0.000904804212,0.02532812208,0.00138203986,0.003945690114,0.002636475954,0.005435911007,0.003756010672,0.008057169616,0.0009285066626,0.5877766609,0.6541384459,0.09732988477,0.1741841733,0.002332632663,0.08601014316,0.002585978014,0.002320938976,0.02461531758,0.004469911568,0.006979014259,0.008049816824,0.002380952472,0.01928230561,0.01274985634,0.02574947849,0.007120092399,0.02633422613,0.03083387204,0.002252488164,0.003094950924,9.996648441e-05,0,0.002908497583,0.0008619175642,0.006256725173,0.0001412670827,0.004035993014,0.0002070483897,0.002079549013,0.001300809672,0.001395614468,0.001287625288,0.001371438615,0.006922021043,0,0.0006690982846,0.0004290494835,0.0008023405098,0.001251173904,0.008085469715,0.0118853366,0.002444849117,0.001860962366,0.001028626692,0.01519636251,0.006920831744,0.004150002729,0.0002002596593,0.002380952472,0.004558125511,0.001180623309,0.003077103524,0.02281575836,0.01518776827,0.0008637557621,0.003199764527,0.002286875155,0.01604506932,0.004579511471
75,0.00534994388,0.00626583118,0.0124535542,0.04585311562,0.01114193909,0.03077639826,0.05417711288,0.03932278976,0.02658502385,0.009757744148,0.03562453389,0.0083181113,0.457003355,0.6259098053,0.406247139,0.1994295865,0.0501117222,0.0421481207,0.07036980987,0.0690664798,0.05039381608,0.06003911421,0.02855893411,0.01567565277,0.005423707888,0.04265537485,0.04104799405,0.06346926838,0.06759888679,0.08714912087,0.07171301544,0.09297083318,0.0720390901,0.04345029965,0.06340847164,0.07395030558,0.01948949881,0.007142857648,0.01190476213,0.009235098958,0.01190476213,0.004761904944,0,0.7980667353,0.3892558217,0.2816326916,0.2575723529,0.4279958904,0.1206349134,0.01674194634,0.03701238707,0.0630639568,0.004727791063,0.001601566095,0.0007696195389,0.0007422323106,0.0005851825699,0.0006630081334,0.003152278019,0.005867880303,0.0003272752801,5.411236634e-05,0.0003056435089,0.001335093868,0.001737797516,0.0008233808912,0.01384484395,0.01338742394,0.07488354295,0.008653758094,0.001615690417,0.6996666789,0.9994701743,0.000904804212,0,0.09437211603,0.005197269376,0.003981787246,0.002118033823,0.01300992351,0.007548626047,0.003981174901,0.00126254675,0.6166236997,0.6709188223,0.1209884882,0.5093592405,0.01611321233,0.2635749578,0.007339049131,0.001245301915,0.02267434262,0.01070921961,0.01746599935,0.008350350894,0.01002213545,0.006460734643,0.009834800847,0.01013046131,0.002796221757,0.008581721224,0.008076638915,0.006436720025,0.0008275521104,0.0002439997479,0,0.004193378612,0.004068071954,0.007075626403,0.003885533661,0.007149597164,0.0009212637087,0.006626653951,0.005566066597,0.0004930775031,0.001221787068,0.002906773239,0.006156762131,0.0002124381281,0.001106195385,0.003745294875,0.007447137497,0.001778572099,0.01957717538,0.01902301237,0.005063660443,0.003453891259,0.003677797504,0.00680236239,0.008550172672,0.006568933837,0.003252670635,0.004270864185,0.006614157464,0.004989683162,0.006025513634,0.04188348353,0.01989195496,0.003274459159,0.0006946211797,0.001217727433,0.01232206076,0.006942909211
76,0.004439049866,4.704162711e-05,0.001065752702,0.001970184036,0.09499821067,0.04533736035,0.000690611254,0.01570932381,0.01404540334,3.714018021e-05,0.002808583435,0.0009759354871,0.7857179046,0.7351856232,0.0002707967651,0.03772601858,0.001105294563,0.003270555288,0.004213747568,0.001297262497,0.006805244833,0.003415599233,0.004761904944,0,0.00176951522,0.0008283562493,0.009233850054,0.01244654134,0.02132858336,0.01798952185,0.01405301597,0.01157564949,0.00544449687,0.007243046071,0.008577274159,0.008470276371,0.004761904944,0,0,0,0,0,0,0.842644453,0.8789692521,0.5774253607,0.8175911903,0.8458370566,0.5547209978,0.5579738021,0.6583103538,0.1095884815,0.01228465885,0.005049235653,0.02665477991,0.04478172585,0.008711291477,0.02241276577,0.007693004794,0.1752610654,0.01828205772,0.0146768596,0.2714022696,0.08013334125,0.004110653419,0.005817113444,0.1021835804,0.02028619498,0.1097465307,0.006127276924,0.001707998454,0.003529666923,0.995319128,0.02532812208,0.09437211603,0,7.631356129e-05,3.650112194e-05,0.002678344725,0.04194834456,0.0001439799817,0.2036753595,0.09383080155,0.7350571156,0.9192065001,0.2815884948,0.001583379111,0.0001480693172,3.401541107e-05,3.972191553e-05,0.0006926519563,0.1005167738,0.04291405901,0.02868542261,0.04424933344,0.02487475798,0.08536797762,0.08777052164,0.07883571088,0.02321867272,0.1970811337,0.2119360119,0.05828123912,0.007142857648,0.001492023934,0,0.002776069334,0.01019935124,0.06402564049,0,0.2583456039,0.008639821783,0.1299489886,0.08476923406,0.0005453622434,0.00600565318,0.03280630335,0.01496789977,0,3.402142283e-06,6.950598618e-05,0.01326544303,0.00146734796,4.87410216e-06,0.03726748377,0.06329939514,0.05561871082,8.837460882e-06,0.1870471537,0.008669715375,0.05390087143,0.02774672024,0.005475053564,0.07899034768,3.384308729e-05,6.86073281e-06,1.682519382e-06,3.145620894e-06,7.515297057e-06,0.0002169667714,9.558795136e-05,0.02662505768,0.02620798163
77,0.0003242021776,1.237066954e-05,0.0008892273181,0.001727298833,0.006673085503,0.007142857648,0.007142857648,0.009688728489,0.002373035764,5.059222167e-05,0.003022704041,0.001254084287,0.5497351289,0.6147245169,0.05464820191,0.04555769637,0.0004405833606,0,0.002380952472,0.0008994025993,0.002290091245,0,0,0.0008362289518,0,0.003386349417,0.008416838944,0.009904346429,0.009560185485,0.02013672888,0.02181250602,0.01236398425,0.006881217938,0.004761904944,0.006342514418,0.008647877723,0.002380952472,0,0,0,0,0,0,0.8607122302,0.5668125749,0.4505677223,0.4022400677,0.4601448476,0.2074406296,0.117370747,0.1400717944,0.05413189158,0.0007494903984,0.0005605535116,0.0008842654643,0.008722781204,0.0006599022308,0.001104053925,0.001068424899,0.02676942199,0.0008769249544,0.0003740496468,0.01475369278,0.0048811296,8.386930858e-05,0.0002703056089,0.01462452114,0.002892636461,0.00978042651,0.0001862190402,0.0001629336475,0.05384055898,0.999473691,0.00138203986,0.005197269376,7.631356129e-05,0,1.177776085e-05,8.849823644e-05,0.007310695946,7.123745945e-06,0.01918288693,0.008093544282,0.6161638498,0.7266713977,0.1260369867,0.015431704,3.48205831e-05,0.0005378376227,2.372596282e-05,9.194351151e-05,0.02070334181,0.01016978733,0,0.004761904944,0.002380952472,0.004761904944,0.003463888308,0.003070535837,0.004761904944,0.01525046583,0.01666666754,0.003218526719,0.0003512703406,0.0007139875088,0,0,0.001259804354,0.001494570402,0,0.01562068518,0,0.01376639679,0.005367130507,0,0.0001761102612,0,0.00462327525,0,0,0,0.001548107364,5.345598311e-06,0,0.01579529047,0.0009851498762,0.002380952472,0,0.02104718238,0.007599687204,0.004933198448,0,0,0.002656210912,0,1.567446634e-05,8.442149556e-05,3.797969111e-05,6.979624231e-06,0,3.509718954e-05,0.002703237114,0.004809660837
78,1.772288124e-05,4.314549369e-05,7.737521082e-05,0.0006680642255,0.007142857648,0.007142857648,0.001843760954,0.002445886843,0.0009671748849,1.16953297e-05,0.001332420041,0.0006011130754,0.4273740053,0.381329447,0.01727136411,0.03269838914,0.001753041637,0.003092034254,0.005566278007,0.009250656702,0.001353226253,0.004761904944,0.002380952472,0.002380952472,0.004761904944,0.004761904944,0.00630340958,0.01343703363,0.007343294565,0.007741351612,0.00736052217,0.006468131673,0.008438006043,0,0.00444376329,0.007265697699,0,0,0,0,0,0,0,0.7694955468,0.3535899222,0.3929983079,0.2353146374,0.2824424505,0.07280579209,0.05238164961,0.1015823856,0.05930053815,0.0008219332085,0.000253265549,0.002006183146,0.00225133542,0.0002021456894,0.001736199367,0.0006930120289,0.02089731582,0.0012416502,0.000196445515,0.01317412872,0.004883838817,0.0002407044813,0.0003895817208,0.01707915217,0.004201929551,0.007577444427,0.0008008954464,2.104798841e-05,0.02485031076,0.9962543845,0.003945690114,0.003981787246,3.650112194e-05,1.177776085e-05,0,3.318122253e-05,0.006549552083,0,0.0151996566,0.01446219999,0.6275154948,0.7176124454,0.1333998293,0.01641441882,7.638309762e-05,0.0003534239077,3.837285476e-06,4.460612217e-06,0.01369457971,0.00315960357,0,0.002380952472,0,0,0.002380952472,0.005722625647,0.003491880838,0.01510890014,0.007142857648,0.001694594044,0,0,0,0.001098073786,0.0004568113654,0.0009850066854,0,0.01520334277,0,0.005960248411,0.003650493687,0,0,0,0.00067644706,0,0,7.770682714e-06,0.0001926843106,5.402135139e-05,0.0005331643042,0.006734074559,0,0,0,0.01018719189,0.001304367324,0.002897541039,0,0,0.0004225349694,0.0001815650176,0,5.511278141e-05,0,0,0,9.168330871e-05,0.00189153559,0.0007620895631
79,0.0006465113256,8.752956637e-05,0.0005098242546,0.002200046089,0.01650771871,0.02506707981,0.01567110419,0.007875815034,0.004020131193,0.0001472586882,0.006592279766,0.0016111437,0.5441816449,0.7167240977,0.1486796886,0.09867066145,0.006935780868,0.01120296028,0.008920002729,0.01189449709,0.009248819202,0.01055950485,0.002569826785,0.004221410491,0.009517738596,0.005057429895,0.01751520857,0.01903356798,0.03667026013,0.03597386181,0.02315810695,0.03609386459,0.02022424713,0.007170445751,0.02346435003,0.01650937088,0.005524989218,0,0,0.002380952472,0.007142857648,0.002380952472,0,0.8684153557,0.4331394434,0.3734599948,0.3626485765,0.4403064251,0.2481032759,0.06069536135,0.1046282053,0.08373340964,0.007004329469,0.0009366466547,0.00102354947,0.0005816249177,0.0002094994707,0.0006070301752,0.0009061097517,0.01816048846,0.0007514965255,0.0003956768778,0.006814647932,0.002764406847,5.207218055e-05,8.656717546e-05,0.0210887026,0.007328643464,0.01499260962,0.001087806653,0.0001643597061,0.2884868681,0.9992164373,0.002636475954,0.002118033823,0.002678344725,8.849823644e-05,3.318122253e-05,0,0.01399801858,4.786019417e-05,0.03020458296,0.008590864018,0.6335533261,0.7647195458,0.1426306069,0.1728745699,0.0006916832644,0.01591157913,0.0001565238053,3.325187936e-05,0.07205559313,0.01776303351,0.006807147991,0.01270241942,0,0.01179632917,0.003878023708,0.0146544883,0.0004852241254,0.02107566781,0.01991675608,0.002468713326,0,0,4.350634845e-05,0.00011327838,0.0001402261551,0.001846390194,0,0.01250377856,0,0.00373284868,0.001918369322,0,5.681397306e-05,0.005982364528,0.0007037194446,0,0,2.008092088e-05,0.0004668556794,2.28366498e-05,0.0008999464917,0.01200286951,0.003302100813,0.001808903646,0,0.0192203559,0.001854949398,0.002342423191,0.0005219281884,0,0.001167224487,0,3.472284516e-05,0.001431838609,0.0007022492355,5.878900993e-06,0,1.066501136e-05,0.005277395248,0.003293890273
80,0.0002275613369,0,0.0004030520795,0.00350922416,0.0004509811406,0.002948607784,0.00154423865,0.0009797118837,0.008804895915,0.001476633013,0.0280145444,0.004518368747,0.4045683146,0.4954814315,0.01413379982,0.2056334466,0.02531635202,0.02143172547,0.02569195814,0.03927784041,0.02400967851,0.0262537878,0.01502908021,0.006126793567,0.01261751913,0.00849297177,0.03496845067,0.03382599726,0.04870729148,0.06643191725,0.05657077581,0.06111361459,0.04807833582,0.02931687981,0.02361592837,0.04998913035,0.01057067048,0.002380952472,0.007142857648,0.009709733538,0.002354161115,0.007142857648,0,0.4058866799,0.210474506,0.3555725813,0.1084692404,0.1424205005,0.0009009013302,0.0296883937,0.01512630656,0.04775359109,5.182728637e-05,0.001575462753,0.002916249679,0.002172173467,0.0002845581621,0.0005787931732,1.882779543e-05,0.05616722256,0.0003235122713,0.000825428986,0.00211253739,0.0001123404363,0.006035562139,0.001310466207,0.03668263927,0.004222097807,0.07125603408,3.646775326e-07,1.403997794e-05,0.0450921841,0.9990722537,0.005435911007,0.01300992351,0.04194834456,0.007310695946,0.006549552083,0.01399801858,0,2.178404429e-06,5.948951366e-05,0.03446255624,0.7194713354,0.6380152106,0.1113896519,0.3228842318,0.01748514362,0.0002960247803,0.0003790551273,0.001866491162,2.032349221e-05,5.78279105e-06,0.0002727331885,0.0005364402314,0,0.0005490020849,0.002545494121,0.0006172491121,6.254073378e-05,0.0007265330059,0.001103741233,8.717976016e-05,0.0001513020834,0,0,5.262046034e-05,1.558833537e-05,0.000283522706,0.0001933685126,0.0002830383019,0,0.0001145705246,8.867299766e-05,0.0005926160957,0.000288826006,3.146305971e-05,6.271472103e-06,0,0,0,3.929574814e-05,3.549155372e-05,0.001561551471,0.001403208822,0.0005665803328,0.000546802883,0.0004775257257,0.0002827575954,1.325974335e-05,3.554600335e-05,3.534316056e-05,5.751210119e-05,0.0001235302188,0,0,0.0002659691963,0.0004665927554,0.0002825486881,0,0,0.0001345780911,6.8780937e-05
81,2.789321479e-05,2.136686089e-05,3.043631295e-05,0.0002556415857,0,0.00169922132,0,0.0006291207392,0.0002718953183,7.70423776e-06,0.0004024692462,0.0002281503112,0.4370413125,0.3175359964,1.9237792e-05,0.05132192001,0.005026743282,0.005861274432,0.005932553671,0.008469589986,0.006391449831,0.006179178599,0.003193449927,0.002306991024,0.002442782978,0.005108458921,0.005335773341,0.01004670933,0.02164433151,0.01336541027,0.01039816998,0.01337076351,0.0131015284,0.004584988579,0.009101105854,0.009441914037,0.002852610545,0,0,0,0,0.001948424848,0,0.412270695,0.2012481093,0.3880311549,0.1797884554,0.1407880932,0.0007248134352,0.07092202455,0.04451301321,0.04330313206,7.429789548e-05,0,0.0003605777456,0.000125515071,0.0002729280386,0.0009813787183,6.223012315e-05,0.03919492289,0,0.0007466694224,0.006521731149,7.101712981e-05,7.719045971e-05,0.0001860802586,0.02118290775,0.001741214772,0.002689274494,0,3.36623259e-07,0.001822935068,0.9969527721,0.003756010672,0.007548626047,0.0001439799817,7.123745945e-06,0,4.786019417e-05,2.178404429e-06,0,5.176131526e-05,0.007078710478,0.6430859566,0.6237250566,0.1182438955,0.004679695237,5.564345702e-05,6.882748949e-07,1.215073326e-06,3.245241896e-05,3.453775935e-05,5.240758583e-06,0.0005565308384,0.0003504621272,0,0,0.002380952472,0,0,0.003076987341,0.002446115715,0,0,0,0,7.564334373e-05,1.857588359e-05,0,0,0.0002109426132,0,0.0002710802073,1.164297646e-05,0,0,0,6.947550901e-06,0,0,0,8.694764256e-05,1.081510709e-05,0,0,0,0,0,0.0006143816863,0,0,0,0,0,0,0,0,0,7.058195592e-07,0,0,0.0004206256999,0.0001435740705
82,0.0002573963138,0.002299624262,0.0007585007115,0.009703899734,0.0006089488161,0.003225414315,0.006479389034,0.002254687715,0.01961942203,0.01193309762,0.05164323375,0.01155155431,0.417909354,0.5565485358,0.192072615,0.1957386434,0.01586282253,0.04334546626,0.04062106833,0.04908183962,0.03815012053,0.04009177908,0.02527000383,0.01734946482,0.01914356835,0.02637691423,0.03886800259,0.05632783473,0.06342075765,0.07907890528,0.09299630672,0.07310777158,0.08292075247,0.0604901351,0.05943870917,0.07185570151,0.03636653721,0.00356619712,0.002380952472,0.009523809887,0.003377607558,0.002380952472,0.002380952472,0.4617362916,0.08384063095,0.1751417369,0.039213337,0.03490077332,0.0008192922687,0.002432511887,0.000735175272,0.04944455996,0.003053552005,0.006042806897,0.02105960064,0.0184447486,0.01019441523,0.004644641187,0.0007358646253,0.01118488889,0.007127452176,0.001899984782,0.0002279165492,0.0001427954703,0.0120490659,0.004480216652,0.04680135846,0.01483885944,0.1037663668,1.209450238e-05,5.975019667e-05,0.354830265,0.999489069,0.008057169616,0.003981174901,0.2036753595,0.01918288693,0.0151996566,0.03020458296,5.948951366e-05,5.176131526e-05,0,0.05489813164,0.7455502152,0.6577990651,0.1203457266,0.6889644861,0.06424652785,0.008104240522,0.001678208821,0.00456168782,5.511962081e-05,2.863275949e-05,0.0003276350035,0.0002914214565,0.0001663437579,0.0002253920975,0.0001787453075,0.0001843006612,0.0001625339501,0.0001713825768,0.0001966768323,6.291872705e-05,7.372726395e-05,0.0002998918062,0,0.0006282746326,0.0001796938741,0.0003179452033,0,0.0001550162997,0,0.0001372334955,0.0001736360573,0.0003406491887,0.001911975676,0.0001106905693,0.0001647300669,0,0.001162663917,0.0007255804376,4.530289516e-05,0.0005330200074,0.0006692891475,0.0009172175778,0.0002510273189,0.0003093820997,0.0002251896512,0.0001590214379,0.0001689603814,0.0002076701348,4.604708374e-05,5.544057058e-05,8.413795877e-05,0.0004893569276,0.0005906393635,0.007515776902,0.005708362442,0.0007558155921,0.0002572041412,4.863473077e-05,0.0001704030583,0.0001551460882
83,0.02632790618,0.001205816632,0.05388990045,0.05005277693,0.03463729471,0.04364536703,0.03177005053,0.09446864575,0.09145966917,0.02772190981,0.07908373326,0.03186510876,0.6402486563,0.812479496,0.3316254616,0.2577085793,0.02297809534,0.01129466761,0.0142857153,0.03542745113,0.007571037859,0.01190476213,0,0.006502861157,0,0.01011091098,0.07424971461,0.033153072,0.06907886267,0.06083253771,0.05299535766,0.04663930461,0.03503893688,0.01839848608,0.02634495124,0.02925105393,0.004761904944,0,0,0,0.002380952472,0,0,0.9098406434,0.6529875994,0.3830671906,0.4031598866,0.6205691099,0.4063812196,0.1317959428,0.211594671,0.1074860021,0.01347362716,0.003229622729,0.002868368523,0.003986812662,0.00464999117,0.01177401282,0.01546327118,0.008509859443,0.002483305754,0.001375391032,0.02363338508,0.01696696319,0.004320550244,0.006705624983,0.002202600241,0.01210272778,0.09828406572,0.01197649818,0.005600664765,0.6679729223,0.9993636012,0.0009285066626,0.00126254675,0.09383080155,0.008093544282,0.01446219999,0.008590864018,0.03446255624,0.007078710478,0.05489813164,0,0.5301576853,0.7270253897,0.09730935097,0.4587717652,0.01704953797,0.2133598179,0.01956687681,0.008880419657,0.1179310903,0.05484516174,0.03328647465,0.01999289356,0.02311504818,0.04559867084,0.03560947999,0.06798118353,0.02329695411,0.0753839463,0.06386315078,0.0115674939,0.003496460617,0.005536715034,0.003476415761,0.003177047474,0.01752561703,0.01700009964,0.000182710166,0.04042433202,0.0002337903425,0.02247290313,0.02551348135,0.003586925101,0.005582026206,0.01014926936,0.02424977347,0,0.001703232876,0.003166706301,0.01563868113,0.004913158249,0.02142857201,0.05912292749,0.01983448677,0.02122000419,0.00454237638,0.06855294108,0.0234270189,0.02114215121,0.0217217952,0.004761904478,0.01676191017,0.002873308258,0.004505425692,0.02677215077,0.01967559382,0.003840551712,0.006268301513,0.003425888717,0.0505156666,0.03396666795
84,0.7388753295,0.5934048295,0.7400770783,0.6674524546,0.7813961506,0.5880830288,0.3092905879,0.7688959837,0.8278670907,0.679754436,0.7702113986,0.6915694475,0.9749398828,0.9916176796,0.8547586799,0.8657768369,0.3205679059,0.1405046582,0.2337540686,0.2753510475,0.2655957341,0.1449718624,0.07644132525,0.05952381343,0.1233670861,0.1974761635,0.7387978435,0.3853803575,0.4750613868,0.636693716,0.5953881145,0.4351317883,0.267907083,0.1883297563,0.4148800671,0.4554641843,0.1182449907,0.01904761977,0.007142857648,0.06526687741,0.01329206675,0.007142857648,0.002380952472,0.9842213392,0.9308934808,0.8297783136,0.8065418601,0.8943523169,0.8883250356,0.7594642639,0.7587667704,0.6738836169,0.6274622083,0.6095605493,0.6054315567,0.6356329322,0.6433598399,0.6530632377,0.6636371017,0.4796346724,0.6190526485,0.6516209245,0.7233871222,0.6786769032,0.6113638878,0.6485269666,0.5035072565,0.6134710908,0.7932781577,0.6066194773,0.6251264811,0.9491959214,0.9998351932,0.5877766609,0.6166236997,0.7350571156,0.6161638498,0.6275154948,0.6335533261,0.7194713354,0.6430859566,0.7455502152,0.5301576853,0,0.9178755879,0.5819554925,0.915776372,0.6411010027,0.8156597614,0.6376674175,0.6420831084,0.7838072777,0.7456547618,0.6578526497,0.6480250359,0.5789294839,0.7335194349,0.7619236708,0.8109819889,0.6422286034,0.8089396954,0.8125616312,0.7118822932,0.4368776381,0.3831265569,0.4327789247,0.5380321145,0.641333878,0.7070490718,0.3181284666,0.7588151097,0.3007691503,0.712703824,0.6713480353,0.5014845729,0.6212290525,0.5889143944,0.7279347777,0.398925364,0.5711429715,0.6068419814,0.6295921803,0.6267127395,0.3251081705,0.7377090454,0.6804215312,0.6727807522,0.5770958662,0.7758910656,0.7020156384,0.7387969494,0.5651707649,0.4163792431,0.7053707838,0.4229652286,0.5144444108,0.4815592766,0.5372247696,0.6204590797,0.6003223062,0.5895633101,0.7743367553,0.7470236421
85,0.671459198,0.5171020627,0.7113463879,0.587185204,0.7205731869,0.5229794383,0.376352489,0.7303369641,0.9267796278,0.8552116156,0.8622282743,0.7737851143,0.9908453226,0.9947545528,0.8900096416,0.9277233481,0.2938026786,0.157821551,0.1466898471,0.2496163994,0.2464785576,0.1446126252,0.09671881795,0.03464185819,0.07380952686,0.1598801613,0.8395798802,0.4562398195,0.6236544251,0.7011573911,0.651371479,0.4880018532,0.3112998009,0.190132767,0.4290394187,0.5187663436,0.1095999777,0.02380952425,0.03095238283,0.07481683791,0.02619047649,0.02142857201,0.002380952239,0.9673051834,0.9270393848,0.8361401558,0.7985467315,0.8836657405,0.8507649899,0.7186867595,0.7010139227,0.6252638698,0.503050983,0.5993975401,0.7232502103,0.7416157126,0.6742019057,0.5906131268,0.5973236561,0.7105453014,0.6161344051,0.5949394703,0.6357557178,0.5727952123,0.7309596539,0.7093368769,0.5750060081,0.5633766651,0.920943141,0.5177065134,0.6988795996,0.9791725874,0.9999503493,0.6541384459,0.6709188223,0.9192065001,0.7266713977,0.7176124454,0.7647195458,0.6380152106,0.6237250566,0.6577990651,0.7270253897,0.9178755879,0,0.4496770501,0.9907830954,0.7585158348,0.9312875867,0.724707365,0.711170435,0.7005485892,0.6895177364,0.5874052644,0.6412444115,0.5206720233,0.7062591314,0.7298400402,0.7424984574,0.5209451318,0.7550063729,0.7789341211,0.6096363068,0.3764907122,0.2398919761,0.2288432866,0.3914643824,0.5559190512,0.6594598293,0.2512568533,0.7062269449,0.2240735143,0.6436114311,0.5973222852,0.2764142752,0.5600462556,0.4744128585,0.6887264848,0.1815378219,0.2657337785,0.4365535975,0.5396262407,0.6420824528,0.4562568069,0.6939144731,0.6148783565,0.6140716672,0.2968875468,0.7047926784,0.6364064813,0.6809802651,0.4956696332,0.3571893275,0.6330060959,0.3914821148,0.322681427,0.5297936201,0.4729191661,0.6447817087,0.4106015265,0.3679284453,0.7263361216,0.6692736745
86,0.1177538708,0.09803429246,0.1443017423,0.1353070587,0.1215117201,0.08623048663,0.05662976578,0.1615481973,0.2599791288,0.1727896929,0.20367226,0.1498137116,0.8016337156,0.897258997,0.4279170632,0.4031161964,0.06426464766,0.02317805216,0.02592406794,0.05466718599,0.04148880392,0.0147173861,0.004761904944,0.004761904944,0.01570512913,0.03334682062,0.1850596219,0.0751208663,0.1038339809,0.1477058977,0.1117383391,0.1095840558,0.03083145432,0.02814179286,0.04785106331,0.0934433192,0.01870773174,0,0.004761904944,0.004761904944,0.007142857648,0.002380952472,0.002380952472,0.7525082827,0.4898342788,0.3425444961,0.2114107311,0.3704141378,0.262046665,0.1410303414,0.1292082369,0.1795679629,0.1013115346,0.1069112569,0.1239643246,0.133836031,0.1276721954,0.1100189462,0.1027268246,0.1314144582,0.1193677187,0.1050003618,0.1164945886,0.103839606,0.1271365732,0.135735929,0.06866943091,0.09822963178,0.2509675622,0.1095908731,0.1225612611,0.8243420124,0.999848187,0.09732988477,0.1209884882,0.2815884948,0.1260369867,0.1333998293,0.1426306069,0.1113896519,0.1182438955,0.1203457266,0.09730935097,0.5819554925,0.4496770501,0,0.6160712242,0.1383062005,0.3913391232,0.1289663315,0.1314084381,0.1341238022,0.1309511811,0.1169537827,0.1186592132,0.09080015868,0.1277815253,0.1380016953,0.1626031846,0.09071874619,0.1663415879,0.1698103249,0.1008469835,0.06627001613,0.05141683668,0.0541793108,0.07576495409,0.0982542187,0.1119223163,0.0703368336,0.127972275,0.05740502849,0.1133269519,0.1009069905,0.091679506,0.1217432767,0.09138470888,0.1302153617,0.05975161865,0.08718951792,0.1019073054,0.1017263532,0.1263770759,0.07079850137,0.1557433605,0.09942247719,0.1092295796,0.0973797664,0.1466216147,0.1086566821,0.1121552438,0.08959966153,0.07027358562,0.1168285534,0.05649932101,0.1024771407,0.1130981371,0.1146104708,0.1186260656,0.1125715971,0.09377004206,0.1426992714,0.1215939
87,0.2442796379,0.004461753648,0.0887240693,0.05651688576,0.3746396899,0.09619306028,0.003725064686,0.2904940546,0.2018565089,0.001998086926,0.01300536748,0.01125051919,0.9499944448,0.871724844,0.005311058369,0.2980209887,0.03588923812,0.007142857648,0.01779548079,0.01915469393,0.01822420396,0.008151486516,0.009523809887,0.007142857648,0.004761904944,0.01079093292,0.1292933077,0.05438593775,0.08530954272,0.123626776,0.1018965691,0.055071868,0.02431504987,0.01326162554,0.0435350351,0.06449749321,0.01060051844,0.002380952472,0,0,0.002380952239,0,0,0.9432469606,0.9614543915,0.8733999133,0.9157807231,0.9457370043,0.8958078027,0.8771753311,0.8969951868,0.2675521374,0.03014611453,0.01038459036,0.1162844375,0.2316465974,0.03136625513,0.1078862101,0.04168753698,0.6477485299,0.0817983225,0.1636230946,0.7258904576,0.4068659246,0.05608872697,0.05436010659,0.3725550473,0.08969391137,0.1266849786,0.06374646723,0.01810943894,0.01113524381,0.979940474,0.1741841733,0.5093592405,0.001583379111,0.015431704,0.01641441882,0.1728745699,0.3228842318,0.004679695237,0.6889644861,0.4587717652,0.915776372,0.9907830954,0.6160712242,0,0.001497864723,0.00321884756,0.002884407062,0.02369228564,0.4711351395,0.3519533277,0.1607402265,0.2031579465,0.1159856543,0.3558276594,0.3372270167,0.3627766073,0.1784517616,0.5902955532,0.5933622122,0.2654304504,0.05611667037,0.02188142017,0.01820096187,0.06497760862,0.1728245765,0.26502195,0.03333333507,0.6527649164,0.02619047649,0.5665887594,0.3821016848,0.02407571487,0.05377556384,0.1290332526,0.2828505039,0.00477962615,0.002104233718,0.007679845672,0.103714399,0.0410576053,0.003096283181,0.2440374345,0.290581584,0.2224949747,0.004306584131,0.6232482195,0.1815714091,0.3360652924,0.1312292665,0.04238452017,0.3232358098,0.02029366605,0.002999949269,0.001518868725,0.001703077345,0.002619164763,0.02616633102,0.01702169701,0.2994274199,0.4102948904
88,0.003451490076,5.749391858e-05,0.002988309367,0.005449473858,0.04629511386,0.01190476213,0.003913078457,0.01660053059,0.005235233344,6.987689994e-05,0.001871801913,0.000459558185,0.6524428725,0.6284844875,0.01950171217,0.03509209678,0.0008840148221,0.00461318111,0.002739066025,0.0005099119153,0.01145305485,0.0009214595775,0,0.0009200175409,0.001551617519,0.002380952472,0.006617131177,0.008832624182,0.01326957624,0.02033803798,0.01761057787,0.009560045786,0.01588611677,0.001534274081,0.004400040489,0.01366817113,0.002380952472,0,0,0,0,0,0,0.8350723386,0.7794678807,0.5088848472,0.6359222531,0.7054719925,0.3561279774,0.3100765049,0.3786824942,0.04582034424,0.00043458445,0.0002738774638,0.002822177252,0.01321369782,0.001127040712,0.001646921388,0.000775144028,0.05920380354,0.0004768255167,0.0009484451148,0.06617543846,0.01025371999,0.0001336326095,0.0005459930981,0.02229600959,0.002994675189,0.002806840232,0.0007962622913,0.0002358449128,0.01423881017,0.9981470108,0.002332632663,0.01611321233,0.0001480693172,3.48205831e-05,7.638309762e-05,0.0006916832644,0.01748514362,5.564345702e-05,0.06424652785,0.01704953797,0.6411010027,0.7585158348,0.1383062005,0.001497864723,0,0.000414854032,3.318664312e-05,0.0001502504601,0.0522220619,0.01758950017,0.01124823932,0.02458169125,0.006268565077,0.0475808382,0.04444433004,0.0311070364,0.01350329351,0.09479101747,0.1073120162,0.01599121466,0.001811899827,0,0,0.001682765898,0.001511711278,0.03404598683,0.0007975506014,0.09583517909,0.002380952472,0.04186590761,0.01838977635,0.0002522939467,0.0001057297195,0.005806032103,0.0120798517,0,1.015686667e-05,1.083904044e-05,0.002200401388,0.0002573438105,0.0001165266294,0.02908924222,0.03132890537,0.02090339363,3.830360129e-06,0.1084292755,0.010267145,0.02302840911,0.005647801328,0,0.01942874119,0.0008819389041,1.686566065e-05,1.598297968e-05,3.955663124e-05,1.662562318e-05,0,3.423841918e-05,0.0248013027,0.03093027882
89,0.0007900591008,1.905894806e-06,9.349678294e-05,0.0001044945384,0.01397734322,0,0,0.00139628374,0.01199473627,2.770045467e-05,0.001727861818,0.0007575276541,0.6819857955,0.4954303801,1.496020104e-05,0.03246070445,0.003688591532,0,0,0.003077863716,0.003765642876,0,0,0,0,0,0.005421002395,0.00367750274,0.006766756065,0.01253557112,0.00473142555,0.007349134888,0.002380952472,0.002380952239,0.003412044141,0.004761904944,0,0,0,0,0,0,0,0.4581581652,0.6952455044,0.6008114815,0.6724612713,0.6127691865,0.02916599251,0.4832594097,0.4771598577,0.1335664392,0.007127897814,0.01027368475,0.04463724419,0.04003986344,0.0131263677,0.0200724788,0.002901062602,0.353273809,0.01835585199,0.03099975176,0.2217015475,0.0143978307,0.02305918001,0.007299108431,0.1852818578,0.04509923235,0.209389925,9.628078988e-05,6.080781895e-05,0.001815315918,0.9773897529,0.08601014316,0.2635749578,3.401541107e-05,0.0005378376227,0.0003534239077,0.01591157913,0.0002960247803,6.882748949e-07,0.008104240522,0.2133598179,0.8156597614,0.9312875867,0.3913391232,0.00321884756,0.000414854032,0,4.24433847e-06,0.001477968646,0.0007436540909,0.0003551017144,0.003208298003,0.008911995217,0.002576275729,0.01495811995,0.02340065688,0.0117771253,0.004804345779,0.03610955924,0.04300751537,0.01802336052,0.0006771893823,0,0,0.002380952472,0.003244891996,0.01045226399,0,0.05330487341,0,0.01818188466,0.0265722014,0,0,0.008380527608,0.001427973621,0,0,0,0.0006796955131,0.0003100310569,1.178255843e-06,0.002214294858,0.009545143694,0.01153550949,7.845200344e-06,0.02377586998,0.0004458696058,0.0150837265,0.006728331558,0.001483683358,0.01251862291,4.952369181e-06,0,1.404100516e-07,0,0,0.0003797841491,0.0001978520595,0.0007581769023,0.00181764341
90,8.583594899e-05,1.058005728e-05,9.433796367e-05,0.0005363219534,0.003007663647,0.006021242123,0.0002943043364,0.00140643341,0.0003572828718,2.599470827e-05,0.0005168542266,0.000188351114,0.355946362,0.4106110632,0.001604663092,0.02881209552,0.002409141278,0.006068283692,0.005025625229,0.00581161771,0.007131624036,0.005530174356,0.01267514471,0.002643848071,0.002734135371,0.004140146542,0.00564006716,0.01090860087,0.01712855138,0.01269354206,0.006653092802,0.006824749056,0.008814943023,0.009435230866,0.002632173011,0.005531454924,0.005309013184,0.002380952472,0,0.001170549309,0.002380952239,0,0,0.511279583,0.490732789,0.4129579663,0.4373227954,0.4168360829,0.01398484968,0.1088938192,0.1483748406,0.04224849865,0.001317225629,0.0002279677137,0.001542147249,0.002328393748,0.0009317043587,0.002268770477,0.0009378559771,0.03406910971,0.001995512983,0.0008766785613,0.01446479745,0.001003591926,7.986721175e-05,0.0001351401297,0.02161193267,0.003590187989,0.002888413845,0.0001102533424,1.199406961e-05,0.001942942152,0.9969049096,0.002585978014,0.007339049131,3.972191553e-05,2.372596282e-05,3.837285476e-06,0.0001565238053,0.0003790551273,1.215073326e-06,0.001678208821,0.01956687681,0.6376674175,0.724707365,0.1289663315,0.002884407062,3.318664312e-05,4.24433847e-06,0,4.061204891e-06,0.000441540149,0.0002056839294,0.002908856608,0.004509714898,0.0014433529,0.01319618057,0.01017866284,0.006131823175,0.001016078517,0.0108532263,0.01857248135,0.0007784446352,0,0,0,0.0002082179417,0.000275793107,0.001341388095,0,0.00926645752,0,0.001722895424,0.0005498988321,0,4.925092799e-05,0.001104682451,0.0003712672333,8.465041901e-06,0,1.047070555e-06,0.0001048520353,3.462628001e-06,0,0.001529304544,0.0005796143087,0.001017679577,0,0.01060037687,0.0009702079115,0.002523868578,0.0005286624073,0,0.001097334665,2.719243821e-05,0,0,8.673623029e-07,2.730980952e-07,0,3.226122317e-06,0.000930207083,0.0006292895996
91,0.0001725754846,0.0001232203649,8.550460188e-05,0.002423256636,0.002796174027,0.004525459837,0.006992872804,0.003151890822,0.0004961363738,4.729536522e-05,0.0008605941548,0.0002559751156,0.3649709523,0.4455554485,0.05032744259,0.05753431469,0.006318954751,0.009329488501,0.006022104993,0.01205062028,0.01116836816,0.006118264515,0.004915286787,0.004463445395,0.002274597296,0.00284104608,0.007683100179,0.01117560547,0.02396364324,0.0195936095,0.01487015188,0.01511941943,0.01655987278,0.009258817881,0.005476032384,0.01108138356,0.006728261709,0,0,0.000780266535,0,0,0,0.7780909538,0.2780055702,0.3239447474,0.2223185152,0.2191028744,0.06045862287,0.02275620215,0.03991126642,0.0522384569,0.001475308789,0.0003117170709,0.001359269605,0.000735107169,0.0001843513019,0.0005263488274,0.000692075293,0.01354431268,0.001083859708,0.0001216371311,0.002401963109,0.0007075906033,6.32068186e-05,1.128161603e-05,0.01890158281,0.004405156244,0.002177381888,1.636947854e-05,3.223034946e-05,0.06484753639,0.9982010722,0.002320938976,0.001245301915,0.0006926519563,9.194351151e-05,4.460612217e-06,3.325187936e-05,0.001866491162,3.245241896e-05,0.00456168782,0.008880419657,0.6420831084,0.711170435,0.1314084381,0.02369228564,0.0001502504601,0.001477968646,4.061204891e-06,0,0.007552460767,0.004412823822,0.004549363628,0,0,0,0.004761904944,0.002380952239,0,0.002380952472,0.003584024962,0.000544178416,0,0,0,0,0.0003941476461,0.0005073939683,0,0.0009189436678,0,0.0006881658337,0.0006585091469,0,5.845950727e-05,0,0.0002092513896,0,2.031448093e-05,0,0,1.012202392e-05,0,0.002519676927,0.0003457919229,0.0009123971686,0,0.0006341174012,0.0002164658217,0,0.0007998415967,0,0.0001785048953,0,1.44345222e-05,0.0006878353306,0.0002638438018,1.976365411e-06,0,0,0.0007448631222,0.0003738892265
92,0.0005663260818,0.002199790906,0.002687553875,0.01500921324,0.001768857357,0.01235839352,0.009942645207,0.005556164775,0.0344970338,0.007714380976,0.06469720602,0.02255861647,0.5113586783,0.7086972594,0.0520616658,0.1895880699,0.01305874716,0.01443633996,0.02191126905,0.02862068079,0.02294022962,0.007142857648,0.009523809887,0.004761904944,0.01366911177,0.0192322582,0.03353678808,0.02180652693,0.04134146124,0.04864595085,0.06345686316,0.04486503825,0.03317780793,0.02016351372,0.03711355478,0.03440092131,0.007815795951,0.004761904944,0,0,0.002380952472,0.002380952472,0,0.4396820664,0.04802389815,0.1680532843,0.007401722483,0.003503697691,0.0004634381621,0.004749816842,0.0004841031914,0.05377165601,0.01019538101,0.02269592881,0.02448012494,0.01607803628,0.01518868189,0.01415560953,0.006356166676,0.05517221242,0.01385986526,0.01287581027,0.0009179687477,0.002887133276,0.02013699338,0.01518111397,0.0484181568,0.03770365566,0.1279883385,0.0003019116702,5.098309339e-05,0.1100406349,0.9998835921,0.02461531758,0.02267434262,0.1005167738,0.02070334181,0.01369457971,0.07205559313,2.032349221e-05,3.453775935e-05,5.511962081e-05,0.1179310903,0.7838072777,0.7005485892,0.1341238022,0.4711351395,0.0522220619,0.0007436540909,0.000441540149,0.007552460767,0,2.888662857e-05,0.0002505785087,0.0001209954498,0.0002062186104,7.28565501e-05,0.0002147392224,0.0001500023209,0.0001201422929,0.0001326244528,7.710186765e-05,0.0002779366914,0.0002669676614,0,0,0.0059113889,0.0008024928393,0.0001982482499,0,0.0003217670019,0,0.0005245800712,0.0001231392671,0,0.003510701703,0.003524258267,0.0005601479788,0,0.0008045711438,0,0,0.003208712209,0.001081602997,0.001698198845,0.0003342276032,0.002021135762,0,0.0004118682118,0.0002652874682,0.0002119037381,0.001300388016,0,0.0005671367981,0.0004219700349,0.0001594263449,0.006768936291,0.002801030641,0.0004824468342,0,0,0.0001336068526,0.0004852889397
93,0.0001252353541,0.0007468858385,0.0003840522841,0.003624771489,0.0003913910768,0.0009107355145,0.004866456147,0.00134885055,0.01931544766,0.003548448207,0.04245431349,0.01105014421,0.4643444121,0.569309473,0.03477844596,0.173040852,0.006340635009,0.0127223637,0.01736503467,0.02342898585,0.02113231644,0.013132222,0.004761904944,0,0.004761904944,0.005739509128,0.03017821908,0.0223041065,0.03794917092,0.05370517075,0.05781216174,0.04410476238,0.02871861123,0.01386243105,0.02009897493,0.0405170545,0.007142857648,0.002380952472,0.002380952472,0.002380952472,0.002380952239,0.002380952472,0,0.4300663471,0.1185058579,0.3086412549,0.06811854988,0.05155234784,0.0007514826721,0.02025032416,0.005138134118,0.04822677001,0.002830338664,0.003399675013,0.00209629396,0.00996776484,0.009045660496,0.003979799803,0.0003458551946,0.04922496155,0.003887156723,0.003828381421,0.001266601728,0.0002782578813,0.008303581737,0.001886076643,0.04228067398,0.01178408414,0.1002470329,3.646422556e-06,8.580591384e-06,0.04671078175,0.9998907447,0.004469911568,0.01070921961,0.04291405901,0.01016978733,0.00315960357,0.01776303351,5.78279105e-06,5.240758583e-06,2.863275949e-05,0.05484516174,0.7456547618,0.6895177364,0.1309511811,0.3519533277,0.01758950017,0.0003551017144,0.0002056839294,0.004412823822,2.888662857e-05,0,0.0001926274708,0.0003237052006,0.0001986433053,0.000434193993,0.0001269698405,0.000132234185,0,0.0001339956652,0.0001715537946,7.810060924e-05,3.464373367e-05,0,0,0.001229662215,5.182840323e-05,0.0001351206884,0,0.0001067318663,0.0003868409258,0.0001086530174,0.0001044370219,0.0003248657158,0.0004727889609,0.0001444014051,0.0002094906376,0,0,0.000100985897,1.774297561e-05,0.0004798561567,0,0.0009019534336,7.10740278e-05,4.465035454e-05,0,8.48583295e-05,1.900017196e-05,9.001604485e-05,5.672399129e-05,0,2.472560845e-05,0,6.963896158e-05,0.0004678197438,0.0002686973021,0.0001049823477,0.0008131494396,0,3.710374949e-05,5.072615386e-05
94,2.514450898e-05,0.0002548258926,6.728287553e-05,8.496392547e-05,1.729769792e-06,0,0,0.0002338138584,0.02332314476,0.02399903722,0.08194251359,0.02788276598,0.1322713792,0.4179280102,0.01104821265,0.134707585,0.0005402712268,0.000309345487,0.0007887922693,0.0003471384989,1.738044921e-05,0.0001403168426,0,0,0.0001592542976,0.000518658082,0.05734932423,0.02751785517,0.03652313352,0.02734074928,0.01548321266,0.01135461684,0.005627639126,0.0001561301906,0.01372299064,0.002964460757,0.004624649882,0.0002129730565,0,0.002380952472,0.002380952472,0,0,0.5574238896,0.02175058052,0.137574181,0.005201261956,0.003193644807,0.0006506622303,0.004679447506,0.00101658213,0.03816657886,0,0.004761904944,0.002995989053,0,0.0196838025,0.01266154274,0.01346575841,0.02721510082,0.001203940599,0.002241476439,0.004069262184,0.00308660185,0.006532963365,0.01351693366,0.02989912219,0.007749057841,0.1618243754,0,0.00297075347,0.03658351675,0.910692513,0.006979014259,0.01746599935,0.02868542261,0,0,0.006807147991,0.0002727331885,0.0005565308384,0.0003276350035,0.03328647465,0.6578526497,0.5874052644,0.1169537827,0.1607402265,0.01124823932,0.003208298003,0.002908856608,0.004549363628,0.0002505785087,0.0001926274708,0,0,0,0,0,8.123367934e-07,0,7.282833394e-06,0,0,0,0,0,0,1.374607746e-05,0,0,0,0,1.679011621e-05,7.434724102e-05,0,0,0,0,0,0,0,0.0005268692621,0.0001243894949,0,2.994437409e-07,0,0,0,2.701090352e-06,3.03292145e-05,0,0,0,1.548948603e-05,0,0,0,0,0,0,0,4.825919405e-06,4.760543015e-05
95,2.583598416e-06,0,1.029827035e-05,0.000107941305,0,0,0,5.20042995e-05,0.03439232334,0.003116854699,0.09723477811,0.009640797041,0.1575116664,0.4231337607,0.02267563157,0.1183704361,0.000305053487,0,0.001608175342,0,0,0.002380952239,0.002380952472,0,0,0,0.01795223542,0,0.003725983668,0.01472629234,0.005907532293,0.009523809887,0,0.004761904944,0.004761904944,0.00112918287,0,0,0,0,0,0,0,0.559037745,0.02292310633,0.1420844048,0.002644667169,0.001325713703,0.000336798199,0.001375573105,0.0004659219412,0.0473946631,0,0.002380952472,0.002380952472,0.003893123241,0.001789616654,0.001547203632,0,0.01572158374,0.002380952472,0.001201181789,0.001168111339,0.0002898862294,0,0.003014888382,0.02686079405,0.01412503235,0.185569793,0,0.002380952472,0.07194898278,0.9450455904,0.008049816824,0.008350350894,0.04424933344,0.004761904944,0.002380952472,0.01270241942,0.0005364402314,0.0003504621272,0.0002914214565,0.01999289356,0.6480250359,0.6412444115,0.1186592132,0.2031579465,0.02458169125,0.008911995217,0.004509714898,0,0.0001209954498,0.0003237052006,0,0,0,0,0,0,0,0,0,0,0,0,0,0,0,0,0,5.160093133e-05,0,0.0003995708248,0,0,0,0,2.845025847e-06,0,0,0,0,0,0,0,0,0,0,0,0,0,0,0,0,0,0,0,2.375893564e-05,0.0007285113679,0,0,0,0
96,2.472755295e-05,0,1.708765376e-05,0.0006418624544,0,0,0.0004548628931,0.0001612529159,0.0303342808,0,0.1131795049,0.005441828631,0.121308215,0.3414440751,0.008879919536,0.1218311787,0,0,0.002380952472,0,0,0,0,0,0,0,0.004761904944,0,0.003424441442,0.004761904944,0.004761904944,0,0,0,0.002380952472,0.002380952472,0,0,0,0,0,0,0,0.5304083824,0.02105434053,0.09222878516,0.002220842056,0.002465544501,0.0005694787833,0.003521884559,0.0001700283756,0.04679799452,0,0,0,0.004761904944,0,0,0,0.01985289529,0,0.002380952239,0.0007905461825,0.000347180845,0.007142857648,0,0.009523809887,0.006136931013,0.1884929687,0,0.0003893524699,0.0298032891,0.9285714626,0.002380952472,0.01002213545,0.02487475798,0.002380952472,0,0,0,0,0.0001663437579,0.02311504818,0.5789294839,0.5206720233,0.09080015868,0.1159856543,0.006268565077,0.002576275729,0.0014433529,0,0.0002062186104,0.0001986433053,0,0,0,0,0,5.308603477e-07,0,3.005257213e-06,0,0,0,0,0,0,0,0,0,0.0001873244182,0,0,0,0,0,0,0,0,0,0,0,0,0,3.128620392e-06,0,0,0,6.182829384e-05,0,2.830705125e-05,0,0,0,0,0,0,0,0,0,0,0,0
97,3.056197556e-06,0,6.779537944e-05,0.001926691853,0,0.0001963058457,0,3.642010051e-05,0.04228563979,0.02262918651,0.1061027274,0.03051791713,0.1947137117,0.4282159507,0.03691478446,0.1660963446,0,0,0,0,0.001554866321,0,0,0.002380952239,0,0,0.01579813473,0.001809350913,0.01253782958,0.02312878519,0.002380952472,0.007142857648,0.003362009302,0.002380952472,0.002380952239,0.003955248743,0.0009089456289,0,0,0,0,0,0,0.5715863109,0.02205639705,0.1576014459,0.004307660274,0.001902427059,0.0005389699363,0.001282907324,0.0001863620419,0.05781820044,0.002380952472,0.004761904944,0.002380952472,0.003430090845,0.006276621018,0.003570662579,0.004215396475,0.01186529081,0.004761904944,0.00248142425,0.0004044647212,0.0008893462946,0.004761904944,0.002967088949,0.04693044722,0.01352811046,0.1988600791,0,0,0.1374059021,0.9638546109,0.01928230561,0.006460734643,0.08536797762,0.004761904944,0,0.01179632917,0.0005490020849,0,0.0002253920975,0.04559867084,0.7335194349,0.7062591314,0.1277815253,0.3558276594,0.0475808382,0.01495811995,0.01319618057,0,7.28565501e-05,0.000434193993,0,0,0,0,0,6.083031622e-06,0,0,0,0,0,0,0,0,0,0,0,2.105773638e-05,0,0.0003423469607,0,0,0,0,0,0,0,0,0,0,0,0,0,0,0,0,0,0,0,0,8.077497478e-05,0,0,0,0,0,0,0,5.153689926e-05,0.0001958546054
98,1.499475388e-06,0,8.927381714e-06,0.0007907224935,9.680136827e-06,0.0002075069497,0.001866325154,8.033104677e-05,0.03803917021,0.01921473444,0.1146348789,0.02097916044,0.1615577936,0.4718005657,0.02520231158,0.1518676877,0,0,0,0.0003018696152,0.002380952472,0.00150973734,0,0,0,0.0007635304355,0.01486800704,0.006277308334,0.009965402074,0.01057901606,0.006615695544,0.004761904944,0.002380952472,0,0,0.003290313296,0,0,0,0,0,0,0,0.5739391446,0.01689804718,0.1524026543,0.001363763702,0.001520098536,0.0004874131118,0.00125239708,0.0002074720396,0.05429061875,0.002380952472,0.002380952472,0.002380952472,0.002380952472,0.008709908463,0.006504659541,0.002051971154,0.02075903676,0,0.0002450783213,0.0005462224362,0.002513429848,0.002380952472,0,0.04752346873,0.008784672245,0.20874542,0.002380952472,0,0.1404899955,0.9758302569,0.01274985634,0.009834800847,0.08777052164,0.003463888308,0.002380952472,0.003878023708,0.002545494121,0.002380952472,0.0001787453075,0.03560947999,0.7619236708,0.7298400402,0.1380016953,0.3372270167,0.04444433004,0.02340065688,0.01017866284,0.004761904944,0.0002147392224,0.0001269698405,0,0,0,0,0,0,0,0,2.327504092e-07,0,0,0,0,0,0,4.006984e-06,0,0.0001558458462,0,0,0,0,0,0,3.017072231e-06,0,0,0,0,0,0.001176272635,0,0,0.000690236513,0,8.39949862e-05,0,0,0,0,0.0001044004239,0,0,0.002380952239,0,0,0,0,0,8.908506425e-05
99,4.118720244e-05,9.585750377e-05,0.000190694278,0.0007357007707,1.125056315e-05,0.0004286420008,0,7.84820586e-05,0.03454425931,0.0269254595,0.123363018,0.01938177645,0.1227002665,0.5749375224,0.03895748779,0.179149583,0.0007375121349,0,0.002380952472,0.004044358153,0.002410006942,0,0,0,0,0.002380952472,0.0127028618,0.01190476213,0.0142857153,0.01904761977,0.007142857648,0.01054750476,0.002380952472,0.002380952472,0.003832587972,0.005582010373,0,0,0.002380952472,0,0,0,0,0.5533124208,0.01682077721,0.1250099093,0.002197932918,0.00135459099,0.0003284431004,0.001360272174,0.0002048118913,0.05708803982,0,0,0.002380952472,0.002380952472,0.003974061925,0.001551062218,0.002054593293,0.02290725335,0,0.002380952472,0.0005502083804,0.001677950029,0.005128374323,0.002970038448,0.0476953052,0.02011178248,0.2227666825,0,0,0.1094045416,0.9878156781,0.02574947849,0.01013046131,0.07883571088,0.003070535837,0.005722625647,0.0146544883,0.0006172491121,0,0.0001843006612,0.06798118353,0.8109819889,0.7424984574,0.1626031846,0.3627766073,0.0311070364,0.0117771253,0.006131823175,0.002380952239,0.0001500023209,0.000132234185,8.123367934e-07,0,5.308603477e-07,6.083031622e-06,0,0,0,1.314266342e-06,1.205808502e-07,0,0,0,0,0,0,5.358207545e-06,0,4.036706378e-05,0,0,0,0,0,0,1.143091868e-05,0,0,0,0,0,0.0001201799096,1.088708177e-05,0,0,0.0008454582421,1.828137283e-05,0,1.394218816e-05,0,0,0.0002559231943,0,0,0,0.00025139848,0,0,0,1.124368737e-06,5.234917262e-05
100,1.621902811e-06,0.0001448504336,1.557326686e-05,6.56634802e-05,0,0.000264725677,0.0005115060485,3.277809083e-05,0.03733638674,0.008251834661,0.07927854359,0.01174652483,0.2215498537,0.3088117838,0.008015665226,0.1469640583,0,0,0,0.002380952472,0.0004191205371,0.0003402181901,0,0,0,0,0.01325109415,0.006218002178,0.0003630896099,0.009414752945,0.004761904944,0.002380952472,0.002380952472,0,0.002380952472,0.002380952472,0,0,0,0,0,0,0,0.4865143299,0.02607123181,0.1385033131,0.004468932282,0.002785323653,0.001171482261,0.001767160022,0.0004379170423,0.05055683851,0,0.002380952472,0.002380952472,0.008547030389,0,0,0.0002503885189,0.01839923859,0,0,0.0003469816293,4.100943261e-05,0.0007855655276,0.002380952472,0.0270142816,0.01086063683,0.1451279223,0,0,0.08571471274,0.7798835635,0.007120092399,0.002796221757,0.02321867272,0.004761904944,0.003491880838,0.0004852241254,6.254073378e-05,0,0.0001625339501,0.02329695411,0.6422286034,0.5209451318,0.09071874619,0.1784517616,0.01350329351,0.004804345779,0.001016078517,0,0.0001201422929,0,0,0,0,0,0,0,0,0,6.680390925e-06,0,0,0,0,0,0,1.678091621e-07,0,0,0,0,0,0,0,0,0,0,0,0,0,0,0,3.967670273e-05,0,1.386392159e-05,0,0,0,0,0,0,0,0,0,0,0,0,9.623066035e-06,0,0,0.0001278591517
101,6.412381026e-06,0,5.969446647e-05,0.000643640873,7.085184188e-05,0.0002507514146,0.0006523633492,7.425824879e-05,0.04388038442,0.04108966887,0.1138576493,0.02784788609,0.1988075674,0.5411326885,0.0896647647,0.1755197495,0.0001334478147,0,0,0.0002777904738,0.0004885172821,0.0006572320708,0,0,0,0.002058289014,0.03056592308,0.01290868502,0.02099566348,0.02076021396,0.02318528108,0.009592443705,0.008847159334,0.005238503683,0.00891552493,0.01019512303,0.004251113627,0.002380952239,0.002380952472,0,0,0,0,0.5564044714,0.02117728814,0.1487540752,0.001662382507,0.001803599764,0.0003957658482,0.001291152439,0.0002192066459,0.0568381995,0.002380952472,0.006217660382,0.003361882642,0.004761904944,0.007765799295,0.004353474826,0.004245874472,0.01460737363,0.001254981384,0.001304538106,0.0005171680241,0.0003730333992,0.01123356447,0.006531405263,0.07110977173,0.01837381534,0.2025829703,0.0005614504335,0.0009354603244,0.2536480725,0.9989239573,0.02633422613,0.008581721224,0.1970811337,0.01525046583,0.01510890014,0.02107566781,0.0007265330059,0.003076987341,0.0001713825768,0.0753839463,0.8089396954,0.7550063729,0.1663415879,0.5902955532,0.09479101747,0.03610955924,0.0108532263,0.002380952472,0.0001326244528,0.0001339956652,7.282833394e-06,0,3.005257213e-06,0,0,1.314266342e-06,0,0,0,0,0,0,0,0,0,3.428135869e-06,0,3.141220304e-06,0,6.463825412e-05,4.096656539e-06,0,0,8.745810192e-05,0,0,0,0,0.0002711714187,0,0,5.959270857e-05,1.018993953e-05,3.83045226e-05,0,4.775879006e-06,0,0,0,0,2.444928896e-06,0,0,0.001595424255,6.208438572e-05,0,0,0,4.932193406e-06,5.831234375e-05
102,0,0.0001158203013,0.0001233172952,0.0009313298506,6.716419193e-06,0.000620114617,0.002790907631,0.0001877748291,0.04495091736,0.04115310684,0.1237737238,0.03896700591,0.172640726,0.5903415084,0.110311605,0.1769671142,0.0008641822496,0,0.002270380501,0.00127926725,0.0003212595766,0.002380952472,0,0,0,0.001161345397,0.03024275973,0.0152675854,0.02584563754,0.03329810128,0.02052489854,0.006917884108,0.01770223305,0.01074398309,0.02457826957,0.02452542074,0.002380952472,0,0,0,0,0,0,0.5565640926,0.01827667467,0.1297815442,0.001369065139,0.001321120071,0.0003197218757,0.001418425818,0.0001925380348,0.06181052327,0.006437637843,0.00572775444,0.009318546392,0.007142857648,0.006070653908,0.002983045764,0.002279822016,0.01900881715,0.002380952239,0.003430818906,0.0003845931788,0.001950806007,0.02730892599,0.003552535549,0.07584158331,0.03161067888,0.2140951157,0.0007126324344,0.002701051766,0.26980564,0.9991609454,0.03083387204,0.008076638915,0.2119360119,0.01666666754,0.007142857648,0.01991675608,0.001103741233,0.002446115715,0.0001966768323,0.06386315078,0.8125616312,0.7789341211,0.1698103249,0.5933622122,0.1073120162,0.04300751537,0.01857248135,0.003584024962,7.710186765e-05,0.0001715537946,0,0,0,0,2.327504092e-07,1.205808502e-07,6.680390925e-06,0,0,0,0,0,0,0,0.0009524820489,0,0,6.961134659e-06,0,0.0001436544844,4.767166683e-05,0,0,0,0,0,0,0,0,0,0.002557212487,6.597593165e-05,0,0.0002383652754,0,1.446538408e-05,0.0001103366085,3.035115242e-06,0,0,1.264013008e-05,0,4.407169035e-05,0.0006497551803,0,0,0,0,2.98386567e-06,8.982199506e-05
103,0,0,1.855182381e-05,0.0003054653935,6.339183892e-05,0.003093759995,0.001504470943,0.0004662479623,0.009271721356,0.005630412605,0.0311532449,0.0081107812,0.2939390838,0.3360546529,0.04761904851,0.2040753067,0.001603439916,0.006736705545,0.002705750288,0.003621342126,0.005934066139,0.002380952472,0.002380952472,0,0.004761904944,0.001670232741,0.02469055541,0.01754221506,0.01326090191,0.02844670415,0.03628110141,0.02851620503,0.02370124124,0.004761904944,0.009028359316,0.01159903593,0.002380952472,0,0,0,0.002380952472,0,0,0.5234529376,0.1155710593,0.2609166503,0.027744269,0.03159418702,0.004536799621,0.004369856324,0.001751395408,0.03875779733,0.0006751397159,0.0004743634781,0,0.0003387890756,0.0004231537168,2.743604091e-05,0.0001170310643,0.02667838149,0.0008349777199,3.289456799e-05,0.000526405347,2.704181315e-05,0.001236967742,0.0004001867492,0.03060405515,0.002739428077,0.07513508201,2.253215462e-05,0.0002325217065,0.1534919143,0.9370533228,0.002252488164,0.006436720025,0.05828123912,0.003218526719,0.001694594044,0.002468713326,8.717976016e-05,0,6.291872705e-05,0.0115674939,0.7118822932,0.6096363068,0.1008469835,0.2654304504,0.01599121466,0.01802336052,0.0007784446352,0.000544178416,0.0002779366914,7.810060924e-05,0,0,0,0,0,0,0,0,0,0,0,0,0,0,2.236988848e-06,0,8.141772923e-06,3.708939403e-06,0,1.171444001e-05,0,0,0,0,0,0,0,0,5.213837721e-05,0,0,0,0,0,0,1.778389742e-05,9.737216169e-05,0,0,0,0,0,0,0.0002843359835,0,0,0,0,0,5.773750308e-05
104,0,0,0,0,0,0,0.002380952239,0,0.008004548028,0.004761904944,0.01710549928,0.006245971192,0.2031847537,0.0792729035,0,0.1633601487,0,0,0,0,0.0007371432148,0,0.002380952472,0,0,0,0.007142857648,0.002380952472,0.01253660675,0.01154348534,0.01339019835,0,0.004761904944,0,0.002380952472,0.004761904944,0,0,0,0,0,0,0,0.1678378731,0.03349601105,0.1282851398,0.01667800732,0.01473462302,0.001710677519,0.003171207616,0.005084111355,0.04635327682,0,0,0,0.00058407092,0.000134691305,0,0.0003530174145,0.00451078685,0,0,6.166277308e-05,0,8.695502765e-05,0,0.01811976917,0.00147904898,0.04660094157,0.000281855755,9.463571769e-05,0.01904761977,0.4380952418,0.003094950924,0.0008275521104,0.007142857648,0.0003512703406,0,0,0.0001513020834,0,7.372726395e-05,0.003496460617,0.4368776381,0.3764907122,0.06627001613,0.05611667037,0.001811899827,0.0006771893823,0,0,0.0002669676614,3.464373367e-05,0,0,0,0,0,0,0,0,0,0,0,0,0,0,4.705627816e-06,0,0,0,0,0,2.351133662e-05,0,0,0,0,0,0,0,0,0,0,0,0,0,0,4.367424481e-05,0,9.190512174e-06,0,0,0,0,0,0,0,0,0,0,0,0
105,2.246563781e-06,0,0,0,0,0,0,2.580451837e-05,0.001382250339,0.0003962373012,0.004454478621,0.002752701286,0.2070597559,0.07147033513,0,0.1454066783,0.0003284219711,0,0.001527212677,0,0,0.0008989978814,0,0,0,0,0.01047744881,0.000665948668,0.007305963896,0.008469901048,0.004062689841,0,0.004420680925,0,0.003482714761,0.01034728531,0,0,0,0,0,0.002380952472,0,0.1789145619,0.03651910275,0.1725927293,0.003394921776,0.008319191635,0.002380952472,0,0,0.02702146769,0,0,0,0,0.001573356916,0.002380952472,0.0001369447127,0.007598790806,0,0,0.001284417696,0.0003593809961,0,0,0.01907824166,0.000951504393,0.01762623899,0,0,0.001816906617,0.3619047701,9.996648441e-05,0.0002439997479,0.001492023934,0.0007139875088,0,0,0,0,0.0002998918062,0.005536715034,0.3831265569,0.2398919761,0.05141683668,0.02188142017,0,0,0,0,0,0,0,0,0,0,0,0,0,0,0,0,0,0,0,0,0,0,0,0,0,0,0,0,0,0,0,0,0,0,0,0,0,0,0,0,0,0,0,0,0,0,0,0,0,0,0,0,0,0,0,0
106,0,0,0,0,0,0,0,0,0.0006726191496,0,0.001142662833,0.001670281752,0.2235544771,0.06323696673,0.002380952472,0.1401171833,0.0007599092205,0.0004791934043,0.005401463248,7.397405716e-05,0,0,0,0,0.0006365597364,0,0.01211007778,0.001511931303,0.004017359577,0.00846606493,0.008461738937,0.002380952472,0.001553107402,0,0.001026349142,0.006111129187,0,0,0,0,0,0,0,0.2773424983,0.02050922252,0.2116141319,0.002380952472,0.009523809887,0,0.0005616550334,0.003510155715,0.03026358038,0,0,0,0,0,0.0006963203195,2.281385969e-05,0.002109147841,0,0,0.0002031869226,0.0001425598457,0,4.818948128e-06,0.0070518055,0.0004458056355,0.005705760326,0,0,0.007142857648,0.4190476239,0,0,0,0,0,4.350634845e-05,0,0,0,0.003476415761,0.4327789247,0.2288432866,0.0541793108,0.01820096187,0,0,0,0,0,0,0,0,0,0,0,0,0,0,0,0,0,0,0,0,0,0,0,0,0,0,0,0,0,0,0,0,0,0,0,0,0,0,0,0,0,0,0,0,0,0,0,0,0,0,0,0,0,0,0,0
107,3.572424021e-06,0,0,2.613550691e-07,0,7.299301797e-05,0,5.769163181e-06,0.00353389373,0.004093311261,0.002029222203,0.008976588026,0.3558173776,0.1103552878,0.004761904944,0.1392947882,0.0001690759091,0.0001627045858,0.0001543146063,0.0001384141651,0.0002012069162,0.0005975401145,0,0,3.987725722e-05,9.052610403e-05,0.01502512023,0.008343520574,0.01350789424,0.009146321565,0.004764408339,0.00462117698,0.004354808945,0.003694951767,0.002081576036,0.0009884370957,0.0005774728488,0.002380952472,0.002684367588,0,0.002380952472,0,0,0.4275834262,0.04562737048,0.2487924248,0.03406907618,0.03342850879,0.01023346838,0.0107257599,0.008552597836,0.03673636168,0,0.0001052286243,2.791983388e-05,0,0.001047365717,0.002850656863,0.0003268908185,0.01943323202,0,0,0.003210971365,0.001548798406,1.366100696e-05,0.0001217797617,0.01658628322,0.001866423176,0.01614922285,3.558583921e-05,1.860585144e-05,0.02333769016,0.6795198917,0.002908497583,0.004193378612,0.002776069334,0,0.001098073786,0.00011327838,5.262046034e-05,7.564334373e-05,0.0006282746326,0.003177047474,0.5380321145,0.3914643824,0.07576495409,0.06497760862,0.001682765898,0.002380952472,0.0002082179417,0,0.0059113889,0.001229662215,0,0,0,0,0,0,0,0,0,0,0,0,0,0,1.759589054e-06,0,0,4.412717772e-06,0,0.0001482867665,0,0,0,0,0,0,0,0,0,0,0,0.000190006569,0,0,0,0,4.941179941e-05,0,0,0,0,0,0,0,0,0,0,0,0,0
108,1.73009164e-06,6.176079296e-06,2.986966592e-06,1.873833207e-05,1.218473972e-05,0.0001643905271,0,1.650488775e-05,0.001503746957,0.00110121863,0.002668944187,0.002632744377,0.4439088404,0.2674307525,0.0163621828,0.2148198038,0.0001531543821,0.0009871135699,0.000783819065,0.0006188110565,0.0009063176112,0.0007799649611,9.474335093e-05,0.0007226430462,5.890727698e-05,0.000443195313,0.02355678938,0.01206965744,0.01754533872,0.01503271796,0.01013773587,0.01156618539,0.009921126068,0.009950662032,0.005943624303,0.006137387361,0.002211795887,0.00139781367,0.002380952472,0.001273884904,0.003612541826,0.0008752758731,0,0.5753808618,0.1856311113,0.3538119197,0.09203258902,0.1153661162,0.0184589345,0.03090395592,0.01641170867,0.03909126669,0.0007363278419,7.414931315e-05,2.678039709e-05,2.888095651e-06,8.182407328e-05,0.0005056103691,3.508223017e-05,0.01961939782,5.944793429e-06,0.0004372628755,0.002774796449,7.658535469e-05,0.000102643804,8.330523997e-05,0.02679777332,0.002070974559,0.01118729357,7.516601386e-07,1.760609302e-05,0.07310147583,0.9688925743,0.0008619175642,0.004068071954,0.01019935124,0.001259804354,0.0004568113654,0.0001402261551,1.558833537e-05,1.857588359e-05,0.0001796938741,0.01752561703,0.641333878,0.5559190512,0.0982542187,0.1728245765,0.001511711278,0.003244891996,0.000275793107,0.0003941476461,0.0008024928393,5.182840323e-05,1.374607746e-05,0,0,0,0,0,0,0,0.0009524820489,2.236988848e-06,4.705627816e-06,0,0,1.759589054e-06,0,0,0,1.979638228e-06,0,5.740393135e-06,3.689218886e-07,0,0,0,0,0,0,0,3.044799541e-07,2.308667035e-07,0.001770175761,0.0001152950426,9.556898294e-05,0,0,8.008029545e-05,0,0,0,0,4.769044608e-06,0,0,0,0,0,3.921968528e-05,0,1.206066099e-05,2.59609551e-05
109,3.57688009e-06,0,6.758231757e-05,0.0002887160808,1.547348984e-05,0.0002455745416,0,0.0001687757613,0.0266193971,0.005520169158,0.0653058365,0.008222570643,0.2462434471,0.4353691936,0.04712869227,0.1325354874,0.0006894408725,0,0,0.002647978719,0.00313092093,0,0.001125535578,0,0,0.0006107382942,0.01221772656,0.002380952472,0.01923490129,0.01450689696,0.008743084967,0.01246502437,0.001471813419,0.002380952472,0.009523809887,0.007413471583,0,0,0,0,0,0,0,0.5314766169,0.04805640504,0.181413725,0.005673647858,0.008132101037,0.00117521151,0.00372093753,0.0008233974222,0.04088440165,0.002380952472,0,0.001728610601,0.002314730547,0.002855758648,0.0007951083826,0.0005463774432,0.02135227807,0,0.0003035891859,0.0004366692156,0.0001831471309,0.002555954037,0.001292215078,0.04318287969,0.008633937687,0.1446743906,0,0,0.1034474671,0.8707104921,0.006256725173,0.007075626403,0.06402564049,0.001494570402,0.0009850066854,0.001846390194,0.000283522706,0,0.0003179452033,0.01700009964,0.7070490718,0.6594598293,0.1119223163,0.26502195,0.03404598683,0.01045226399,0.001341388095,0.0005073939683,0.0001982482499,0.0001351206884,0,0,0,0,4.006984e-06,5.358207545e-06,1.678091621e-07,3.428135869e-06,0,0,0,0,0,0,0,0,0,9.119153219e-06,0,6.737944932e-05,3.376170571e-05,0,0,0,3.483730325e-05,0,0,0.001073845662,0,0,0,3.083425099e-06,0,0,0,3.011839908e-05,0,3.924810699e-06,0,0,6.951875662e-07,0,0,0.0007848405512,0,0,0,0,0,4.461954632e-06
110,0,1.129640077e-05,0,0,0,0,0,0,0.001165350317,0.0004563545808,0.004927599803,0.00392130157,0.1827462614,0.04460367188,0,0.1702576727,0,0,0.001688041259,0.0008769530104,0.002789437305,0,0,0,0,0,0.01281117555,0.007142857648,0.008146476001,0.01183698326,0.009590925649,0,0.002380952472,0,0,0.0003735455102,0.0005850609741,0,0,0,0,0,0,0.1228641123,0.01606638916,0.09868844599,0.01601747796,0.009523809887,0.003584426828,0.009693718515,0.002380952472,0.03264053538,0,0,0,0,0,0,0,0.008895148523,0,0,9.963457705e-05,1.827675987e-05,0,0,0.008381372318,0.0005599823198,0.01528397109,0,0,0.004761904944,0.3095238209,0.0001412670827,0.003885533661,0,0,0,0,0.0001933685126,0,0,0.000182710166,0.3181284666,0.2512568533,0.0703368336,0.03333333507,0.0007975506014,0,0,0,0,0,0,0,0,0,0,0,0,0,0,8.141772923e-06,0,0,0,0,0,0,0,0,0,1.678271656e-05,0,0,0,0,0,0,0,0,0,0,0,0,0,0,0,0,0,0,0,0,0,0,0,0,0,0,0,0,0,0
111,1.961840644e-05,3.817546531e-05,0.0001035010719,0.0003109670943,0.0001326167258,0.001015070477,0.008213284425,0.0001524121908,0.02393936925,0.02067710273,0.06424200535,0.01367084496,0.2709832788,0.5058819056,0.1173647791,0.1816943884,0.0004014061706,0.002254883293,0.001635336084,0.003067038488,0.003804063192,0.00440547755,0.0006567927776,0.0005070150364,0.0006158881006,0.002321869833,0.03040413372,0.01631706581,0.02671486326,0.03542964533,0.03141885996,0.03252986073,0.02706335671,0.01778226905,0.01331232022,0.01652768627,0.00104395824,0,0.001323612989,0.003942172043,0,0.001364303404,0,0.5677905083,0.1022540107,0.2549898326,0.01397548895,0.02093029395,0.002893432975,0.006134185474,0.001594045083,0.0479064174,0.003392092185,0.00162587245,0.0018739847,0.004340589046,0.002092704875,0.0005775806494,0.0007165097049,0.03316957876,0.0006813337677,0.0001549623266,0.0006333964993,0.0001578851516,0.008193142712,0.001093077473,0.04491692036,0.008245375007,0.1312555224,0,4.118151628e-05,0.3621522188,0.9985954762,0.004035993014,0.007149597164,0.2583456039,0.01562068518,0.01520334277,0.01250377856,0.0002830383019,0.0002109426132,0.0001550162997,0.04042433202,0.7588151097,0.7062269449,0.127972275,0.6527649164,0.09583517909,0.05330487341,0.00926645752,0.0009189436678,0.0003217670019,0.0001067318663,0,5.160093133e-05,0.0001873244182,2.105773638e-05,0.0001558458462,4.036706378e-05,0,3.141220304e-06,6.961134659e-06,3.708939403e-06,0,0,0,4.412717772e-06,1.979638228e-06,9.119153219e-06,0,0,0,4.396883924e-06,1.842348297e-06,0,0,9.049572327e-06,2.34682534e-06,0,0,0,0,0,0.0004402309132,0.0001277395058,9.786316696e-06,4.47859037e-07,0,1.775235614e-05,4.659129991e-05,1.912895823e-05,9.799175132e-06,0,4.619386686e-07,0,5.558553676e-05,0.0007478528423,0.0003507096553,0,0,0,1.642280586e-05,7.245288725e-05
112,0,0,0,0,0.0005065419828,0,0,0,0.006041624583,0,0.01601923816,0.002547847573,0.09033165872,0.03728711233,0,0.1516372412,0,0,0,0.0005756423925,0.002882319735,0,0,0,0,0,0.005977947731,0.001792416559,0.002963398583,0.005387489218,0,0.003983813804,0.004761904944,0,0.002380952472,0.002380952239,0,0,0,0,0,0,0,0.09922425449,0.007690387778,0.08389324695,0.01666666754,0.01209477521,0.002380952239,0.002108055865,0.001402643276,0.03152284771,0,0,0,0,0.002380952472,0,2.471652442e-05,0.01012495253,0,0,0.0006313527119,0,0,0,0.01319955476,0.003243155312,0.02144539356,0,0.0003108788515,0.007142856717,0.2452381104,0.0002070483897,0.0009212637087,0.008639821783,0,0,0,0,0,0,0.0002337903425,0.3007691503,0.2240735143,0.05740502849,0.02619047649,0.002380952472,0,0,0,0,0.0003868409258,0,0,0,0,0,0,0,0,0,0,0,0,0,0,0,0,0,0,0,0,0,0,0,0,3.588438403e-06,0,0,0,0,0,0,0,0,0,0,0,0,0,0,0,0,0,0,0,0,0,0,0,0.00148273923,0
113,1.785777931e-05,4.295744293e-05,0.000151148095,0.0005491654156,0.0003428772325,0.001546799322,0.003594184062,0.0004505584075,0.01160007808,0.006057064049,0.03560360894,0.00669672573,0.2803584635,0.4691406488,0.08977357298,0.1988840401,0.001097944449,0.006083075423,0.006029164884,0.01352313627,0.005166078452,0.008063500747,0.004356697202,0.005260233767,0.005549955647,0.005059512798,0.04014850035,0.05005487427,0.05634190887,0.05528726056,0.04845174402,0.04019170254,0.03076720051,0.02128412761,0.01749725826,0.04349770397,0.01360300649,0.002380952472,0.002380952472,0.001002433477,0,0,0,0.5514823794,0.2871644199,0.3432404697,0.07309446484,0.1188151464,0.009919541888,0.02077922039,0.01004485786,0.04678609222,0.006045130081,0.001917401329,0.00252258894,0.002078647725,0.000736965856,0.0001101293092,5.084254735e-05,0.03313812613,0.00057547295,0.0002157639829,0.0009462097078,0.0001122738395,0.005054045469,0.0004445377272,0.03091743961,0.00426183641,0.07885098457,3.141909474e-06,6.227202539e-05,0.2440140545,0.9992424846,0.002079549013,0.006626653951,0.1299489886,0.01376639679,0.005960248411,0.00373284868,0.0001145705246,0.0002710802073,0.0001372334955,0.02247290313,0.712703824,0.6436114311,0.1133269519,0.5665887594,0.04186590761,0.01818188466,0.001722895424,0.0006881658337,0.0005245800712,0.0001086530174,1.679011621e-05,0.0003995708248,0,0.0003423469607,0,0,0,6.463825412e-05,0.0001436544844,1.171444001e-05,0,0,0,0.0001482867665,5.740393135e-06,6.737944932e-05,1.678271656e-05,4.396883924e-06,0,0,5.235865956e-06,0,0,1.017441082e-05,1.101557973e-05,0,0,0,0,0,0.001660551527,0.0007372986875,0.0002365583496,1.385948781e-05,0,1.122924641e-05,4.86398767e-06,1.032289947e-05,9.391818821e-06,4.244910087e-05,1.660162889e-05,0,0,0.0004087486595,0.0004458620388,2.601177357e-06,0,0,2.819939073e-05,9.601990314e-06
114,3.478669896e-06,0,2.73247133e-05,0.0001739960426,0.0001927441917,0.0004638717219,0.004900834523,6.754545757e-05,0.005999147426,0.002915587742,0.01709562913,0.006427577697,0.3290759325,0.4036819935,0.04103960097,0.2114199698,0.0007428557728,0.002190168248,0.001379781868,0.003033522284,0.001636850648,0.005713477731,0.001031917054,0.001440844848,0.001230592839,0.002172966953,0.02856533043,0.02216362953,0.02865617722,0.03328535706,0.02474568784,0.02348321863,0.03398164362,0.0165613275,0.0160727296,0.01393269561,0.003453238867,0.002380952472,0.001764794113,0.002380952472,0.001419099048,0,0,0.5424304605,0.3075883389,0.3442466259,0.09067481011,0.1608099788,0.02025421709,0.02425810136,0.01480748411,0.04295428842,0.0003343741992,0.0001188822134,0.001182539272,0.001100101857,0.0004167992156,5.045174476e-05,8.204257028e-05,0.03532801569,0.0001519447978,9.965038043e-05,0.001003420795,7.972557796e-05,0.000733535795,0.0001783116313,0.02864150703,0.003173399484,0.0418676585,4.241219358e-05,7.763625035e-05,0.19466196,0.9979397655,0.001300809672,0.005566066597,0.08476923406,0.005367130507,0.003650493687,0.001918369322,8.867299766e-05,1.164297646e-05,0.0001736360573,0.02551348135,0.6713480353,0.5973222852,0.1009069905,0.3821016848,0.01838977635,0.0265722014,0.0005498988321,0.0006585091469,0.0001231392671,0.0001044370219,7.434724102e-05,0,0,0,0,0,0,4.096656539e-06,4.767166683e-05,0,2.351133662e-05,0,0,0,3.689218886e-07,3.376170571e-05,0,1.842348297e-06,0,5.235865956e-06,0,0,1.432314275e-05,0,2.259919484e-06,0,0.000269258715,0,0,0,0,0.000192276726,0,0,0,0.0005493452772,4.467553663e-05,1.381459697e-05,1.75067089e-05,0,1.227587518e-06,0,0,0.0007047393592,3.183470835e-05,0,0,0.0001157188599,0.001917475136,0.0001765008928
115,0,0,0,0,0,0,0,2.462303382e-05,0.0008594125975,6.883931201e-05,0.001717708539,0.0007382743643,0.2477864474,0.06446092576,0.001811951865,0.1145322397,0.0004168307642,0,0,0.002115247538,0,0,0.002380952472,0,0,0.002380952239,0.006864680443,0.00612465106,0.01432536636,0.008450288326,0.002546238247,0.005632591899,0.001357943751,0,0.004761904944,0.002834689105,0.002380952239,0,0,0,0,0,0,0.3331215084,0.024300294,0.3273337483,0.01507436018,0.01190476213,0.003517758101,0.002380952472,0.0008687367663,0.03698547184,0,0,0,4.777747381e-05,0,0.000336201454,4.570809324e-05,0.01230530627,0,0,0.0002738803159,0.0001026426107,0,0,0.01284608804,0.002022126224,0.004830977879,0,0,0.008107579313,0.6376183033,0.001395614468,0.0004930775031,0.0005453622434,0,0,0,0.0005926160957,0,0.0003406491887,0.003586925101,0.5014845729,0.2764142752,0.091679506,0.02407571487,0.0002522939467,0,0,0,0,0.0003248657158,0,0,0,0,0,0,0,0,0,0,0,0,0,0,0,0,0,0,0,0,0,0,0,0,0,0,0,0,0,0,0,0,0,0,0,0,0,0,0,0,0,0,0,0,0,0,0,0,0,0
116,2.541808271e-06,6.362547538e-07,9.000609111e-07,6.109409242e-06,0,0,0,7.258379355e-06,0.001165013644,0.0006356086233,0.001680982066,0.002734062262,0.3385325372,0.1850340217,0.01811454073,0.1094958037,0.000254512066,0.0005493343924,0.0008242990007,0.001237597666,0.001210369286,0.0004778786388,0,0,0.000395522773,0.0003230299335,0.01293996722,0.007671352942,0.01565922238,0.007751051337,0.004037524574,0.003880884731,0.003530825488,0.00108511257,0.002443613019,0.001711582881,0.002980453661,0,0,0,0,0,0,0.6219023466,0.1115508974,0.3459976017,0.06632078439,0.04549457133,0.004766948987,0.01152635645,0.01147062331,0.04687922448,0,0,0.0001387443044,2.911111733e-05,0.0006866140175,0.002008483279,0.0002383633691,0.01345291175,0,0.0003817518591,0.002341574291,0.0006735289353,4.849081233e-05,1.399826033e-05,0.01764862239,0.001382092363,0.004395365249,0,9.969169696e-06,0.02559685148,0.9249604344,0.001287625288,0.001221787068,0.00600565318,0.0001761102612,0,5.681397306e-05,0.000288826006,0,0.001911975676,0.005582026206,0.6212290525,0.5600462556,0.1217432767,0.05377556384,0.0001057297195,0,4.925092799e-05,5.845950727e-05,0.003510701703,0.0004727889609,0,0,0,0,0,0,0,0,0,0,0,0,0,0,0,0,0,0,0,0,1.432314275e-05,0,0,0,0,0,0,0,4.778576113e-05,1.471288783e-06,0,0.0002655482676,0,0,0,6.309094897e-05,4.126591011e-05,0,0,0,0,0,0,0,0,0,8.416117225e-07,0,0,6.118194142e-05
117,1.194137781e-06,0,0,4.162111509e-05,0.0001458043553,0.0005768334377,0,0.0001036562244,0.004549403675,0.001728294534,0.01614887826,0.001767582027,0.2553476095,0.213416338,0.01258890238,0.1972471774,0.0002950329799,0.0003874142712,0.000359580823,0.001317652408,0.0009223772213,0,0.0009266405832,0,0,0,0.02263327688,0.009562091902,0.01199832279,0.01009463146,0.005254253745,0.0148633346,0.005195263773,0.004761904944,0.001382854651,0.001071876846,0,0,0,0,0,0,0,0.3532503247,0.1001383811,0.2525820434,0.05326200277,0.03973419592,0.01100972574,0.0166494064,0.00421427656,0.03344646841,0.0007013161667,0,0.0005422759568,0.0006268412108,0.0001461337088,0.0002122948936,1.868249092e-05,0.02581358142,0,0,0.0007930293214,2.215081804e-05,0.0003830978239,0,0.01713891886,0.002883441746,0.0345232673,0,0.0004088443238,0.0479458645,0.7071428895,0.001371438615,0.002906773239,0.03280630335,0,0,0.005982364528,3.146305971e-05,0,0.0001106905693,0.01014926936,0.5889143944,0.4744128585,0.09138470888,0.1290332526,0.005806032103,0.008380527608,0.001104682451,0,0.003524258267,0.0001444014051,0,0,0,0,0,0,0,8.745810192e-05,0,0,0,0,0,0,0,0,0,9.049572327e-06,0,1.017441082e-05,0,0,0,0,0,0,0,0,0,0,0,0,0,0,0,0,0,0,0,0,0,0,0,0,0,0,0,0,0,0.0002402604296
118,1.804645399e-05,0,1.354428605e-05,0.0001550813613,7.004685176e-05,0.0004983328399,0.0001050073843,0.0001522468374,0.0177781228,0.005639818963,0.04657496139,0.006381409243,0.2767347097,0.4230508208,0.02842207067,0.1761212498,0.0008416803903,0.00484800199,0.001695397892,0.002986630192,0.0009470291552,0.001669910154,0.002380952472,0,0.002962470055,0.0005961045972,0.02827415429,0.01809960231,0.01322570816,0.02827934735,0.02722715959,0.01680487022,0.02513836697,0.00691629108,0.01319081802,0.01873507723,0.004761904944,0,0,0.002380952472,0,0,0,0.5817809701,0.1214246079,0.2460059971,0.01399287302,0.02071417868,0.002900022548,0.008016427979,0.001792959287,0.0430017747,0.001808273024,8.991784853e-05,0.001250347705,0.000196440742,0.002117546974,0.0003441952867,7.320348959e-05,0.03712245822,0,0.0003060470917,0.0008190558292,0.0002047880116,0.001522834296,0.0003209940041,0.03086273,0.003756761784,0.1020497009,0,2.582785964e-05,0.06895191967,0.9650952816,0.006922021043,0.006156762131,0.01496789977,0.00462327525,0.00067644706,0.0007037194446,6.271472103e-06,6.947550901e-06,0.0001647300669,0.02424977347,0.7279347777,0.6887264848,0.1302153617,0.2828505039,0.0120798517,0.001427973621,0.0003712672333,0.0002092513896,0.0005601479788,0.0002094906376,0,2.845025847e-06,0,0,3.017072231e-06,1.143091868e-05,0,0,0,0,0,0,0,0,0,3.483730325e-05,0,2.34682534e-06,3.588438403e-06,1.101557973e-05,2.259919484e-06,0,0,0,0,0,0,0,2.193607179e-05,0,1.116053045e-05,0,0,0,0,0,4.532144885e-05,0,0,0,0,0,0,0,3.743155276e-06,1.124861683e-06,0,0,4.549401274e-05,5.707151104e-06
119,0,0,0,7.19571608e-06,0,0,0,0,0.0003926150966,0.0005292802816,0.001149855671,0.001063629054,0.1999139041,0.05526738614,0,0.07800421119,0,0,0.001181291416,0,0,0,0,0,0.001317411661,0,0.01333577465,0,0.0009610567358,0.008691825904,0,0.003987927455,0,0,0.0004935274483,0.004761904944,0,0,0,0,0,0,0,0.1990204901,0.01367503591,0.2074177414,0.007142857648,0.01190476213,0.0003563043429,0.002380952472,0.003485392313,0.02682187594,0,0,0,0,0.0005461136461,0,0.001503207372,0.008217493072,0,0,0.003548150649,0,0,2.305141061e-05,0.003654878587,0.0005805860856,0.003859756514,0,0,0.003319443204,0.4190476239,0,0.0002124381281,0,0,0,0,0,0,0,0,0.398925364,0.1815378219,0.05975161865,0.00477962615,0,0,8.465041901e-06,0,0,0,0,0,0,0,0,0,0,0,0,0,0,0,0,0,0,0,0,0,0,0,0,0,0,0,0,0,0,0,0,0,0,0.0001610641775,0,0,0,0,0,0,0,0,0,0,0,0,0,0,0,0,0,0
120,0,0,0,2.492039494e-05,0,0,0,0,0.000363864121,0,0.0004913199809,0.0006979945465,0.1871497035,0.0524446182,0,0.0263753552,0,0,0,0.001559215598,0,0,0,0,0,0,0.01254506968,0.007208221592,0.00537933968,0.00313345925,0.003501174506,0.002380952472,0.001322860247,0,0,0.001616635243,0,0,0,0,0,0,0,0.278929472,0.05154782906,0.2613804042,0.03963898867,0.03413217887,0.01126188785,0.01243873872,0.008308799937,0.02982034348,0,0,0.001314734924,0,0.0005248544039,0,0.001201214967,0.01968493685,0,0,0.00188911485,0.001377799548,0,0,0.0121046491,0.002201893367,0.004288046155,0.0008090573247,2.872913319e-05,0.002752101747,0.5690476298,0.0006690982846,0.001106195385,3.402142283e-06,0,0,0,0,0,0.001162663917,0.001703232876,0.5711429715,0.2657337785,0.08718951792,0.002104233718,1.015686667e-05,0,0,2.031448093e-05,0.0008045711438,0,0,0,0,0,0,0,0,0,0,0,0,0,0,0,0,0,0,0,0,0,0.000269258715,0,0,0,0,0,0,0,0,0,0,0,0,0,0,0.0002075749217,0,0,0,0,0,0,0,0,0,0,0,0,0,0
121,9.672394299e-06,8.601126069e-07,0,1.356867415e-05,0,0,0,0.0002086707536,0.0004011830897,0,0.0005229931558,0.0004917350598,0.2593667209,0.128474474,0.0001724763133,0.06031034887,0.000100864323,0.004342708737,0.0002405188861,0.001262755715,0.00479267817,0.002105277497,0,0,0,0.001650141552,0.005776980426,0.003236910095,0.01236301847,0.00922289025,0.006181939039,0.007711660117,0.004353158642,0.002380952472,0.001462682616,0,0.003600794123,0,0,0,0,0,0,0.4508150518,0.07006115466,0.3375892341,0.04590818658,0.03859890625,0.00487871794,0.007169257849,0.002992921043,0.04078526422,0,0,0,2.993815178e-05,0,0.003049501218,0.0002671091934,0.01855226979,0.004761904944,0,0.003365656361,0.000421719189,2.988934739e-06,4.654888835e-05,0.02150499821,0.003716690699,0.002845149022,0,2.879815838e-06,0.001931517385,0.8530398011,0.0004290494835,0.003745294875,6.950598618e-05,0,7.770682714e-06,2.008092088e-05,0,0,0.0007255804376,0.003166706301,0.6068419814,0.4365535975,0.1019073054,0.007679845672,1.083904044e-05,0,1.047070555e-06,0,0,0.000100985897,0,0,0,0,0,0,0,0,0,0,0,0,0,0,0,0.001073845662,0,0,0,0,0,0,0,0,0,0,0,0,0,0,0,0,0,0,0,0,0,0,0,0,0,0,0,0,0,0,0,0,0,0
122,1.027589951e-05,0,2.198535003e-05,0.001082064817,0,0.002380952472,0.0001263806626,8.218564471e-05,0.002634856617,0.0002366921835,0.006367247552,0.001514778356,0.3434869945,0.1894858778,0.007777861319,0.2174585462,0.008266216144,0.002380952472,0.009817033075,0.004292606842,0.003393917577,0.006428709719,0,0,0.002380952472,0.004761904944,0.02429122292,0.01531254128,0.01448467374,0.03426206484,0.01387389004,0.02764267847,0.01095040981,0.004761904944,0.01091809664,0.006892152131,0,0,0,0,0,0,0,0.4685535729,0.1065346375,0.2995007932,0.07634749264,0.05784318224,0.008310263045,0.01801036112,0.01464185212,0.04254851863,0,0.0002156580158,0,0,0,0.0002270225668,6.854391813e-06,0.03576390445,0,5.354224777e-05,0.001482261694,5.459338354e-05,0.0003021151351,0,0.0258688461,0.001518602832,0.0222122632,0,0,0.02155527286,0.85192734,0.0008023405098,0.007447137497,0.01326544303,0.001548107364,0.0001926843106,0.0004668556794,3.929574814e-05,8.694764256e-05,4.530289516e-05,0.01563868113,0.6295921803,0.5396262407,0.1017263532,0.103714399,0.002200401388,0.0006796955131,0.0001048520353,0,0,1.774297561e-05,0.0005268692621,0,0,0,0,0,0,0.0002711714187,0,5.213837721e-05,0,0,0,0,3.044799541e-07,0,0,0,0,0,0,0,4.778576113e-05,0,2.193607179e-05,0,0,0,0,0,0,0.0001839528413,0,0,0,1.281858931e-05,0,0,0,0,0,0,0,7.452464615e-06,0,2.267268246e-05,0,0,0,2.484025117e-06
123,3.991384801e-06,0,4.585469014e-06,9.243098248e-06,0.0002236145374,0.001350598759,0.001446922077,5.515536759e-05,0.0005803175154,0.0002036208462,0.0007673032233,0.0008198079886,0.3316505849,0.2518970668,0.0112881707,0.1084309369,0.0005371840089,0.001431159209,0.00286381715,0.003201863496,0.001905818703,0.003777122824,0.000228545643,0,0.0009258743376,0.000842811598,0.01176104322,0.01027994882,0.01377390418,0.006975054275,0.006492746528,0.007650432643,0.00743914023,0.004637539387,0.003441349138,0.002308797557,0.002917062957,0.002380952472,0,0,0,0,0,0.6567677259,0.166006878,0.3714274466,0.07171370834,0.06292954087,0.01628625765,0.01232324634,0.01333518885,0.05837532505,0.0001558838849,0,4.831702245e-05,1.022553624e-05,0.0007392433472,0.001413207152,7.129981532e-05,0.0146453511,0,0.0003259003861,0.002251938917,0.0006749981549,1.09797038e-05,3.849552741e-06,0.01360377949,0.00335431844,0.002606244758,3.165063026e-05,5.172653346e-06,0.03473855928,0.965598166,0.001251173904,0.001778572099,0.00146734796,5.345598311e-06,5.402135139e-05,2.28366498e-05,3.549155372e-05,1.081510709e-05,0.0005330200074,0.004913158249,0.6267127395,0.6420824528,0.1263770759,0.0410576053,0.0002573438105,0.0003100310569,3.462628001e-06,1.012202392e-05,0.003208712209,0.0004798561567,0.0001243894949,0,0,0,0,0,0,0,0,0,0,0,0,0,2.308667035e-07,0,0,0,0,0,0,0,1.471288783e-06,0,0,0,0,0,0,0,0,0,0,0,0,0,1.014339614e-05,0.0002415661438,0,0,0,0,0,0,0,0,0,0,0,3.167365503e-05
124,4.37884155e-05,0,1.421365141e-06,0,0,0,0,4.903447189e-05,0.03648548573,8.181853445e-06,0.002540865447,0.002901963424,0.1964684874,0.2165620476,5.278188837e-06,0.07267288864,0,0,0,0,0,0.002380952472,0,0,0,0,0.002380952472,0.002380952472,0.002380952472,0.002380952472,0.006728447508,0,0,0.002380952472,0,0,0,0,0,0,0,0,0,0.1873726845,0.1500003487,0.1233144626,0.1026520282,0.07772157341,0.01592438854,0.05073002726,0.04070926458,0.03272062913,0.001406361,0.002380952472,0.002380952472,0,0.001358511276,0.005132261198,0.00196777517,0.03756351769,0,0.002380952239,0.008004390635,0.0008641810855,0.004761904944,0.004761904944,0.03393872827,0.01444837172,0.2480116785,0,0,0.002262381604,0.5975241661,0.008085469715,0.01957717538,4.87410216e-06,0,0.0005331643042,0.0008999464917,0.001561551471,0,0.0006692891475,0.02142857201,0.3251081705,0.4562568069,0.07079850137,0.003096283181,0.0001165266294,1.178255843e-06,0,0,0.001081602997,0,0,0,0,0,0.001176272635,0.0001201799096,0,0,0.002557212487,0,0,0,0,0,0.001770175761,0,0,0.0004402309132,0,0.001660551527,0,0,0,0,1.116053045e-05,0,0,0,0,0,0,0,0,0,0,0.0002059011313,0,0,0,0,0,0,0,0,0,0,0,0,0,2.870000753e-05
125,1.021640037e-05,0,5.364951357e-05,7.106453268e-05,2.367607294e-06,3.275135896e-07,0,2.210827734e-05,0.03954774141,0.007029366679,0.05556045845,0.007566078566,0.2485323995,0.5527635217,0.006196788512,0.08738639951,0.0008737407043,0.0001841058547,0.001775756711,0.001371700782,0.001161755063,0.000726806873,0,0.002380952472,0.001348183025,0,0.05173812062,0.0191590786,0.0227058921,0.02078148909,0.01527703367,0.01041735522,0.005649339408,0.003778063925,0.01268217713,0.01807220653,0.005312027875,0,0.002380952239,0,0.001046404941,0,0,0.5830373168,0.1239153668,0.2672553658,0.01611657441,0.02962233499,0.007590175606,0.01583736762,0.003565030871,0.03821172565,0.002380952472,0.007642641664,0.008637551218,0.01190476213,0.01770588569,0.00564159872,0.01182641834,0.05896482244,0.004761904944,0.002232250292,0.002773122163,0.0006624248344,0.009545339271,0.007801064756,0.05196788907,0.03503171355,0.1391177028,0,0.001558437478,0.0353978835,0.9465904236,0.0118853366,0.01902301237,0.03726748377,0.01579529047,0.006734074559,0.01200286951,0.001403208822,0,0.0009172175778,0.05912292749,0.7377090454,0.6939144731,0.1557433605,0.2440374345,0.02908924222,0.002214294858,0.001529304544,0.002519676927,0.001698198845,0.0009019534336,2.994437409e-07,0,3.128620392e-06,0,0,1.088708177e-05,3.967670273e-05,5.959270857e-05,6.597593165e-05,0,0,0,0,0.000190006569,0.0001152950426,3.083425099e-06,0,0.0001277395058,0,0.0007372986875,0.000192276726,0,0.0002655482676,0,0,0.0001610641775,0,0,0.0001839528413,0,0,0,9.53920221e-07,5.41323825e-05,0,0.0001039519921,1.733589306e-05,4.131501896e-07,0,0,2.365270348e-06,0,0,0,0,0,0,0,2.908937859e-05,0.0002683528583
126,1.966738273e-05,0,8.463727136e-05,0.0002018717496,1.01200867e-05,0.0002995194518,0,0.0001259143901,0.02150964178,0.006144885439,0.0537122339,0.006650041789,0.2687506676,0.3754634559,0.01907326281,0.1587761641,0.001183595159,0,0.0003934229899,0.004761904944,0.0009393041255,0.002380952472,0,0,0,0.002380952239,0.0165264532,0.01122406218,0.009190447628,0.01267460734,0.01834008843,0.007142857648,0.001267074491,0,0,0.007142857648,0.002380952472,0,0,0,0,0,0,0.474408567,0.08250541985,0.2613599002,0.01661431976,0.0265563,0.004232313018,0.01305479277,0.001523191109,0.04087043181,0,0.00132311834,0.0009704402764,0.000306762493,0,0,0.0009563098429,0.02176041901,0,0,0.0008516131202,0.000235331594,0.00026244935,0,0.02337176166,0.007453416009,0.1220542938,0,0,0.09118548781,0.8562643528,0.002444849117,0.005063660443,0.06329939514,0.0009851498762,0,0.003302100813,0.0005665803328,0,0.0002510273189,0.01983448677,0.6804215312,0.6148783565,0.09942247719,0.290581584,0.03132890537,0.009545143694,0.0005796143087,0.0003457919229,0.0003342276032,7.10740278e-05,0,0,0,0,0,0,0,1.018993953e-05,0,0,0,0,0,0,9.556898294e-05,0,0,9.786316696e-06,0,0.0002365583496,0,0,0,0,0,0,0,0,0,0,0,9.53920221e-07,0,0,0,2.449287058e-05,0,0,0,0,0,0,0,0.0004182395642,0,0,0,0,0,3.201288928e-05
127,2.200309063e-05,0,2.015030441e-05,0.0001622399286,0,0.0004808638187,0.00103557657,3.640400973e-05,0.01451032702,0.008466646075,0.0439253971,0.008710840717,0.2611239254,0.2761031091,0.01845154539,0.1755680889,0,0.004804822616,0.001210566959,0.002068665344,0,0.0001602985576,0.002380952239,0,0,0.0006403227453,0.02207128517,0.003109567333,0.01030130312,0.01794443466,0.006845597178,0.00294161262,0.004761904944,0.006619346328,0.009126506746,0.005392805208,0.002380952472,0.002380952472,0,0.0009224360692,0,0.002380952472,0,0.4246608317,0.1299126595,0.2528444231,0.02672990225,0.03535094112,0.006428033579,0.008759856224,0.002318350365,0.03834705427,0,0.002380952472,0.001750624157,0.0009026883054,0.0001719698193,0,0,0.02366547473,0,0.0003059511364,0.0004920065985,4.079617065e-05,0.001813652343,0.0001153292469,0.03207627684,0.00740708597,0.08864463121,0,0,0.09427122027,0.8065785766,0.001860962366,0.003453891259,0.05561871082,0.002380952472,0,0.001808903646,0.000546802883,0,0.0003093820997,0.02122000419,0.6727807522,0.6140716672,0.1092295796,0.2224949747,0.02090339363,0.01153550949,0.001017679577,0.0009123971686,0.002021135762,4.465035454e-05,0,0,0,0,0.000690236513,0,1.386392159e-05,3.83045226e-05,0.0002383652754,0,0,0,0,0,0,0,0,4.47859037e-07,0,1.385948781e-05,0,0,0,0,0,0,0,0,0,0,0,5.41323825e-05,0,0,0,6.758725794e-05,0.0001050053615,2.071154813e-05,0,0,0,0,0,0.001898062881,0,0,0,0,0,9.364300786e-05
128,3.026425929e-06,0,0,4.525659733e-06,0,0,0,0,0.0004611057229,5.330951535e-05,0.0005150117213,0.001741196262,0.213688463,0.06201285496,0,0.03385567665,0,0.0002872190671,0.0008760255296,0.000995932729,0.0009008430061,0,0,0,0,0.002380952239,0.008159683086,0.0005486837472,0.006288054865,0.003786963644,0.002899603918,0.0005099771079,0.002380952472,0,0.001098739449,0.001201205305,0,0,0,0.002380952472,0,0,0,0.3489151001,0.07634987682,0.3187206089,0.02179550752,0.02857143059,0.006210708059,0.02268435247,0.01127135009,0.03878252208,0.002380952472,0,0.002380952239,0,0.001206036774,0.0004891994176,0.0003367877798,0.02237773873,0,0.002380952472,0.0009292819304,9.807895549e-05,0,0,0.01283263788,0.007668261416,0.003328018356,0,4.59556868e-05,0.001178774517,0.6064321995,0.001028626692,0.003677797504,8.837460882e-06,0,0,0,0.0004775257257,0,0.0002251896512,0.00454237638,0.5770958662,0.2968875468,0.0973797664,0.004306584131,3.830360129e-06,7.845200344e-06,0,0,0,0,0,0,0,0,0,0.0008454582421,0,0,0,0,0,0,0,0,0,0,0,0,0,0,0,0,0,0,0,0,0,0,0,0,0,0,0,0,0,0,0,0,0,0,0,0,0,0,0,0,0,0,0,0
129,0.0001217402023,0.0004125162377,0.0003796611563,0.003173565026,0.0002218938316,0.002424869454,0.005388525315,0.0007190553588,0.03067150712,0.02458228543,0.07702049613,0.01739419997,0.2884582579,0.5261548162,0.1399510354,0.1872814447,0.002291248413,0.001857985975,0.003124480369,0.01231319271,0.007396155037,0.01135289855,0.01016261056,0.002763163066,0.002968253568,0.001871060231,0.03701037541,0.03949674591,0.04557930678,0.0435455516,0.05149359629,0.04102518782,0.04001727328,0.01801519096,0.03246248141,0.04599682242,0.003897903021,0,0,0.002380952472,0,0,0,0.5620551705,0.08252701908,0.2326510698,0.01263155602,0.01704883948,0.001950154663,0.005721246824,0.001243367558,0.04838162288,0.0025567587,0.005751842633,0.01337840222,0.008008032106,0.006038563326,0.0009003474843,0.0008175024996,0.02543626353,0.002554259263,0.0006310095778,0.0005969212507,0.0003012280795,0.01787251607,0.001792707131,0.06833597273,0.01498050708,0.1499101967,0,0.0006194080925,0.276884824,0.999437809,0.01519636251,0.00680236239,0.1870471537,0.02104718238,0.01018719189,0.0192203559,0.0002827575954,0.0006143816863,0.0001590214379,0.06855294108,0.7758910656,0.7047926784,0.1466216147,0.6232482195,0.1084292755,0.02377586998,0.01060037687,0.0006341174012,0.0004118682118,8.48583295e-05,2.701090352e-06,0,6.182829384e-05,0,8.39949862e-05,1.828137283e-05,0,4.775879006e-06,1.446538408e-05,1.778389742e-05,4.367424481e-05,0,0,0,8.008029545e-05,3.011839908e-05,0,1.775235614e-05,0,1.122924641e-05,0.0005493452772,0,6.309094897e-05,0,0,0,0.0002075749217,0,1.281858931e-05,0,0.0002059011313,0.0001039519921,2.449287058e-05,6.758725794e-05,0,0,1.48258041e-05,6.049999138e-05,1.163528941e-05,0,9.746322576e-07,0,0.0001713367819,0.0001822152262,0.0004655704834,3.428719356e-05,0,7.467785326e-05,5.525543656e-06,8.586519471e-06
130,4.262313814e-05,0,9.905178013e-05,0.0002612769313,0.0001536796335,0.0007681404823,0,0.0004570954188,0.009644266218,0.001476121019,0.02881051786,0.002073113108,0.3104690909,0.3090619147,0.01151716989,0.2101924121,0.0004361926112,0.0005301480414,0.004461710341,0.005132766906,0.00800102111,0.007142857648,0,0.00174490083,0.004761904944,0.006062830798,0.008678116836,0.01868222654,0.02724719606,0.03408809379,0.03134981543,0.01470041741,0.009523809887,0.009523809887,0.003072540043,0.01638417132,0,0,0,0,0,0,0,0.4483415782,0.1663731039,0.2871787846,0.02752371691,0.05281224847,0.004543246701,0.01615814678,0.006757056806,0.04575759917,0.001253322931,0.0002778366033,0.001657565939,0.0001773119875,0.0008911642362,0.001413057558,1.629410508e-05,0.03529982641,0.0002376805496,4.599204112e-05,0.001520358725,0.000119148448,0.00176098384,0.000188973223,0.0330253765,0.006549130194,0.07782009244,0,7.931176515e-05,0.0187030416,0.9045940638,0.006920831744,0.008550172672,0.008669715375,0.007599687204,0.001304367324,0.001854949398,1.325974335e-05,0,0.0001689603814,0.0234270189,0.7020156384,0.6364064813,0.1086566821,0.1815714091,0.010267145,0.0004458696058,0.0009702079115,0.0002164658217,0.0002652874682,1.900017196e-05,3.03292145e-05,0,0,0,0,0,0,0,0.0001103366085,9.737216169e-05,0,0,0,4.941179941e-05,0,0,0,4.659129991e-05,0,4.86398767e-06,4.467553663e-05,0,4.126591011e-05,0,4.532144885e-05,0,0,0,0,1.014339614e-05,0,1.733589306e-05,0,0.0001050053615,0,1.48258041e-05,0,0,2.197339563e-05,0,0,0,0,8.466377039e-06,0,0,0,0,0,1.039880885e-06
131,0,0.0001376051659,1.807160334e-05,0.000243518225,0,0.0001487917907,0.0001225246233,0.0001119185981,0.02011100948,0.01109906193,0.05480209365,0.006727995817,0.2866298556,0.4973157942,0.02970533632,0.1414765418,0.0002116842661,0.0006551804254,0.003180675441,0,0.0002309610572,0,0,0,0,0.0007955644978,0.0203034021,0.008905339055,0.02151140943,0.02357398346,0.01911681704,0.008996384218,0.01356133912,0.008071232587,0.004659025464,0.0241418574,0,0,0,0,0,0,0,0.5609289408,0.1231189519,0.2654591203,0.01960748248,0.0236838758,0.004042011686,0.009539636783,0.002152901143,0.04545493424,0,0,0.004761904944,0,0.004320932087,0,0.0002436521318,0.02691037953,0,0.0001736298291,0.000306759146,3.724161797e-05,0.001496582991,0,0.03279200941,0.009401406161,0.09971120209,0,0.0003086942015,0.1095383987,0.9685400724,0.004150002729,0.006568933837,0.05390087143,0.004933198448,0.002897541039,0.002342423191,3.554600335e-05,0,0.0002076701348,0.02114215121,0.7387969494,0.6809802651,0.1121552438,0.3360652924,0.02302840911,0.0150837265,0.002523868578,0,0.0002119037381,9.001604485e-05,0,0,2.830705125e-05,0,0,1.394218816e-05,0,0,3.035115242e-06,0,9.190512174e-06,0,0,0,0,3.924810699e-06,0,1.912895823e-05,0,1.032289947e-05,1.381459697e-05,0,0,0,0,0,0,0,0,0.0002415661438,0,4.131501896e-07,0,2.071154813e-05,0,6.049999138e-05,0,0,0,0,0,0,0,0,0,0,0,0,0,6.761873919e-06
132,5.43424585e-06,0,1.275139493e-05,0.0001625587902,0,0,0,0,0.01261118334,0.001000484568,0.03518828377,0.005147555377,0.2416823506,0.1811760962,0.00808265619,0.1811724454,0.0007161734393,0.002380952472,0.002380952472,0,0.002910089912,0,0,0,0.002380952472,0.001586825005,0.01757288724,0.004761904944,0.006323463749,0.01722444221,0.01051313803,0.004761904944,0.007142857648,0,0,0.00238515879,0,0,0,0,0,0,0,0.3436982036,0.04610463232,0.206119597,0.01725262776,0.02664320916,0.001357731759,0.01608474739,0.003809479065,0.04211363196,0,0,0,0.002380952472,0,0.0001378065645,0,0.02283251658,0,0.002380952472,0.000838556909,5.882928235e-05,0,0,0.0202768445,0.006829248276,0.05705612525,0,0,0.04687217996,0.6857143044,0.0002002596593,0.003252670635,0.02774672024,0,0,0.0005219281884,3.534316056e-05,0,4.604708374e-05,0.0217217952,0.5651707649,0.4956696332,0.08959966153,0.1312292665,0.005647801328,0.006728331558,0.0005286624073,0.0007998415967,0.001300388016,5.672399129e-05,0,0,0,0,0,0,0,0,0,0,0,0,0,0,0,0,0,9.799175132e-06,0,9.391818821e-06,1.75067089e-05,0,0,0,0,0,0,0,0,0,0,0,0,0,0,1.163528941e-05,2.197339563e-05,0,0,0,0,0,0,0,0,0,0,0,0,0
133,0,0,8.916407387e-05,0.000305405556,0,0,0,0,0.01202986017,0.000287367031,0.02324835584,0.001570111606,0.177854225,0.09643565118,0.003427796764,0.1528480798,0,0,0,0,0.002380952472,0,0,0,0,0,0.009857614525,0,0.002804487012,0,0.004761904944,0,0.003025714774,0.002380952239,0.002380952472,0.004761904944,0,0,0,0,0,0,0,0.1983701438,0.02449163981,0.1265606135,0.009124245495,0.01030473411,0.002791730687,0.004770692904,0.0005796825862,0.02793603763,0,0,0,0,0.001876959228,0,0,0.009524052963,0,0,0.0003072774271,0,0.002380952472,0,0.01982513256,0.005403674208,0.04819597676,0,0,0.01505583432,0.4125434756,0.002380952472,0.004270864185,0.005475053564,0,0,0,5.751210119e-05,0,5.544057058e-05,0.004761904478,0.4163792431,0.3571893275,0.07027358562,0.04238452017,0,0.001483683358,0,0,0,0,0,0,0,0,0,0,0,0,0,0,0,0,0,0,0,0,0,0,0,4.244910087e-05,0,0,0,0,0,0,0,0,0,0,0,0,0,0,0,0,0,0,0,0,0,0,0,0,0,0,0,0,0,0
134,5.273407169e-06,0,1.517093369e-05,8.941318811e-05,1.612836786e-05,4.020330016e-05,0.0006260917289,5.689252066e-05,0.01578173041,0.007856700569,0.04550738633,0.006755900569,0.2787194252,0.4054616094,0.03002631664,0.1691768914,0.0008434357005,0.0008246633806,0.000196959445,0.001020250376,0,0.00220794091,0,0,0.0007051402354,0,0.02372920699,0.008044295013,0.01286395825,0.01501660515,0.007143518887,0.004581676796,0.008805933408,0.005650977604,0.01209502108,0.007280212827,0.0004769567458,0,0.002380952472,0,0,0,0,0.4997856319,0.1030424908,0.2381725013,0.01859409362,0.02368667722,0.006724309176,0.00834864378,0.001365726581,0.04012453184,0,0,0.0007926230901,0.0007562080864,0.001725420239,0.0005669326638,0.0001480385399,0.01834737323,0,2.213177686e-05,0.0003541339829,0.0001481232466,0.0008921905537,0.0007858012686,0.04032514989,0.003510335926,0.09997458011,0,0.0002087999601,0.1226628646,0.9223557711,0.004558125511,0.006614157464,0.07899034768,0.002656210912,0.0004225349694,0.001167224487,0.0001235302188,0,8.413795877e-05,0.01676191017,0.7053707838,0.6330060959,0.1168285534,0.3232358098,0.01942874119,0.01251862291,0.001097334665,0.0001785048953,0.0005671367981,2.472560845e-05,1.548948603e-05,0,0,8.077497478e-05,0.0001044004239,0.0002559231943,0,2.444928896e-06,1.264013008e-05,0,0,0,0,0,4.769044608e-06,6.951875662e-07,0,4.619386686e-07,0,1.660162889e-05,1.227587518e-06,0,0,0,0,0,0,0,0,0,0,2.365270348e-06,0,0,0,9.746322576e-07,0,0,0,0,0,0,0,0.0008998039411,8.524436998e-05,0,0,0,0,0.0001402497583
135,0,0,5.656340363e-06,0,4.095722761e-05,0,0,3.232229938e-05,0.009528840892,0,0.0143033918,0.006963495165,0.2042932361,0.1094479486,0.0004142064718,0.1154742911,0,0,0,0,0,0,0,0,0,0,0.004557259846,0,0.003794171382,0.00594661152,0.0004996275529,0.005431280006,0,0,0,0,0,0,0,0,0,0,0,0.2284057587,0.06149597093,0.1334652752,0.01863896288,0.03776270524,0.003279490629,0.01449609641,0.002507315483,0.02628948539,0,0,0,0,0.005138710141,0,0,0.01816121489,0,0.002380952472,0.0003683669493,3.998124157e-05,0.004761904944,0,0.009288987145,0.0009782464476,0.0700443238,0,0,0.002926213201,0.4880952537,0.001180623309,0.004989683162,3.384308729e-05,0,0.0001815650176,0,0,0,0.0004893569276,0.002873308258,0.4229652286,0.3914821148,0.05649932101,0.02029366605,0.0008819389041,4.952369181e-06,2.719243821e-05,0,0.0004219700349,0,0,0,0,0,0,0,0,0,0,0,0,0,0,0,0,0,0,0,0,0,0,0,0,0,0,0,0,0,0,0,0,0,0,0,0,0,0,0,0,0,0,0,0,0,0,0,0,0,0,0
136,5.993315995e-07,7.690173334e-07,0,0,0,0,0,2.855865023e-05,0.001126764808,3.725566421e-05,0.001466059592,0.001546922373,0.2403639704,0.09832073003,0,0.03884188458,0,0,0,0.001280581579,0,0,0,0,0,0,0.007321052253,0.005013996735,0.00604461832,0.004077899735,0.001540547353,0.00211754581,0,0.002380952472,0.00323581812,0.002380952472,0.002380952472,0,0,0,0,0,0,0.3202560842,0.1023279205,0.2441264689,0.0586823523,0.04816846177,0.007610328496,0.02184054814,0.01404209342,0.03680018336,0,0,0,0.001546925516,0.007784024812,0.002689033281,0.001146997209,0.02620319277,0,0.0004212342319,0.00172362919,0.0008094902732,8.451959002e-05,0.001778644859,0.02137052454,0.003357865149,0.01343776006,0,6.339013635e-05,0.001023927121,0.6111522913,0.003077103524,0.006025513634,6.86073281e-06,1.567446634e-05,0,3.472284516e-05,0,0,0.0005906393635,0.004505425692,0.5144444108,0.322681427,0.1024771407,0.002999949269,1.686566065e-05,0,0,1.44345222e-05,0.0001594263449,6.963896158e-05,0,0,0,0,0,0,0,0,4.407169035e-05,0,0,0,0,0,0,0,0,5.558553676e-05,0,0,0,0,0,0,0,0,0,0,0,0,0,0,0,0,0,0.0001713367819,0,0,0,0,0,0,0,0,0,0,0,0,0,0
137,1.962570423e-05,0,1.592058197e-06,0,0,0,0,0.0002002390102,0.004553403705,1.162245462e-05,0.001267098007,0.0007255483652,0.3439518511,0.1269480735,1.746429189e-05,0.0246833358,0,0,0,0,0,0,0,0,0,0,0.006364333909,0.006458668038,0,0,0.002380952472,0,0,0,0,0,0,0,0,0,0,0,0,0.2238755822,0.2481772155,0.2309915572,0.1853865236,0.1582143456,0.0466269888,0.09192220122,0.0797387287,0.02953087911,0.002380952472,0,0.001782622305,0.002380952472,0.002380952472,0.006751093082,0.001006526407,0.09210581332,0.001386716845,0.002380952472,0.02215801924,0.003882787423,0.002744497731,0.001908212318,0.0386778228,0.01186490338,0.1131215096,0,0.0004506887926,0.001790050068,0.7229490876,0.02281575836,0.04188348353,1.682519382e-06,8.442149556e-05,5.511278141e-05,0.001431838609,0.0002659691963,0,0.007515776902,0.02677215077,0.4815592766,0.5297936201,0.1130981371,0.001518868725,1.598297968e-05,1.404100516e-07,0,0.0006878353306,0.006768936291,0.0004678197438,0,0,0,0,0.002380952239,0,0,0.001595424255,0.0006497551803,0.0002843359835,0,0,0,0,0,0.0007848405512,0,0.0007478528423,0,0.0004087486595,0.0007047393592,0,0,0,0,0,0,0,7.452464615e-06,0,0,0,0.0004182395642,0.001898062881,0,0.0001822152262,8.466377039e-06,0,0,0,0.0008998039411,0,0,0,7.968403111e-07,0,0,0,6.525685876e-06,1.575064016e-05
138,0,0,0,0,0.0002336564648,0,0,0,0.003118403954,2.877604675e-05,0.001462706248,0.001077801338,0.3224616051,0.131668523,0,0.02982994169,0,0.001814833493,0,0.002070960822,0,0,0,0,0,0,0.005391533952,0.003836224088,0.008027675562,0.002991701476,0.002872911282,0.0005348537234,0,0,0,0,0,0,0,0,0,0,0,0.2828316689,0.2482679039,0.2557740808,0.1675230861,0.156897828,0.02832557261,0.06304880977,0.05978150293,0.04732707888,0.002341643209,0.001298575196,0,0,0.002943380736,0.0003829023917,0.004686063621,0.0615468286,0,0.004761904944,0.01085761562,0.002195005072,0.0006040266599,0,0.02581512369,0.009068395942,0.04845827445,0,0,0.001254438539,0.6678212881,0.01518776827,0.01989195496,3.145620894e-06,3.797969111e-05,0,0.0007022492355,0.0004665927554,0,0.005708362442,0.01967559382,0.5372247696,0.4729191661,0.1146104708,0.001703077345,3.955663124e-05,0,8.673623029e-07,0.0002638438018,0.002801030641,0.0002686973021,0,2.375893564e-05,0,0,0,0.00025139848,0,6.208438572e-05,0,0,0,0,0,0,0,0,0,0.0003507096553,0,0.0004458620388,3.183470835e-05,0,0,0,3.743155276e-06,0,0,0,0,0,0,0,0,0,0,0.0004655704834,0,0,0,0,8.524436998e-05,0,0,7.968403111e-07,0,0,0,0,5.352435619e-05,0.0002572927333
139,1.036825552e-06,1.295405582e-06,1.157416705e-06,4.67432028e-06,0,0,0,2.260094516e-05,0.0005363344098,4.837781307e-05,0.000606124755,0.0007525597466,0.3239085674,0.2059697956,0.0006909413496,0.03204737976,0.0001178436942,0,0.001241480233,0.0009632867877,0.0003367532918,0.0003332626366,0.0008828847785,0,5.28369419e-05,0.000111467918,0.01062929537,0.004836411681,0.009660388343,0.00530158123,0.002785649383,0.004288592841,0.000452052569,0.003344465047,0.0005928351893,0.001601218013,0.002586644143,0,0.006162196398,0,0,0.0009052130044,0,0.585200429,0.2242109329,0.3838247955,0.1208700016,0.1419195682,0.0183143653,0.03392427787,0.0302543696,0.04883951694,0,0.0001063905147,7.577813813e-05,0,0.003346317215,0.002629480558,0.0013640814,0.02590057626,0.001229057088,0,0.006861781236,0.0008083252469,6.533448322e-05,0.0001983648544,0.02324446291,0.004349437542,0.003544869833,0,4.529488251e-06,0.001355629764,0.9595327973,0.0008637557621,0.003274459159,7.515297057e-06,6.979624231e-06,0,5.878900993e-06,0.0002825486881,7.058195592e-07,0.0007558155921,0.003840551712,0.6204590797,0.6447817087,0.1186260656,0.002619164763,1.662562318e-05,0,2.730980952e-07,1.976365411e-06,0.0004824468342,0.0001049823477,0,0.0007285113679,0,0,0,0,0,0,0,0,0,0,0,0,0,0,0,0,0,2.601177357e-06,0,0,0,0,1.124861683e-06,0,0,0,2.267268246e-05,0,0,0,0,0,0,3.428719356e-05,0,0,0,0,0,0,0,0,0,0,0,0,1.051564595e-05,0
140,1.182890742e-06,0,4.773141882e-06,1.475636782e-05,0,0.0003847549378,0,6.245327677e-05,0.000524005387,3.285706407e-05,0.001664217911,0.001057647285,0.2569450736,0.1414569616,0.0006044904585,0.07330586761,0.001955719199,0.0009963390185,0.002819636604,0.006375440862,0.001618547831,0,0.003090645419,0,0,8.78832434e-05,0.006887989584,0,0.008173396811,0.006648913026,0.001447165734,0.005491822492,0.003767380724,0.004761904944,0.003265832318,0.000455327041,0.001293979003,0,0.002380952472,0,0,0,0,0.4697928131,0.04969840869,0.3640310764,0.01534164604,0.01318821777,0.004761904944,0.01100714598,0.002848054282,0.04320081696,0,0.000738464063,0,0,0.00162941555,0.0003559805336,0.0009530699463,0.00929392688,0,0,0.001876036171,0,0,7.763247413e-05,0.01745570265,0.002656447701,0.003622851102,0,4.198490387e-06,0.02194284089,0.7964294553,0.003199764527,0.0006946211797,0.0002169667714,0,0,0,0,0,0.0002572041412,0.006268301513,0.6003223062,0.4106015265,0.1125715971,0.02616633102,0,0.0003797841491,0,0,0,0.0008131494396,0,0,0,0,0,0,9.623066035e-06,0,0,0,0,0,0,0,3.921968528e-05,0,0,0,0,0,0,0,8.416117225e-07,0,0,0,0,0,0,0,0,0,0,0,0,0,0,0,0,0,0,0,0,0,0,0,0,0,0,0
141,4.082154192e-06,0,0,1.833097485e-06,0,0,0,1.399522625e-05,0.0005044772988,0.0002081138664,0.001132600708,0.002177807502,0.2564338744,0.09785164148,0.002380952472,0.05417061597,0,0.001100862632,0.0002051499323,0.001299326541,0.0007202179404,0,0.001316001057,0,0,0,0.01132837497,0.003907725681,0.003130960977,0.005772864912,0.001516705379,0.003242064966,0.000455936155,0.001503865235,0.0005052768392,0.002348432085,0.001653251005,0,0,0,0,0,0,0.4649581015,0.04492620751,0.349195689,0.01798198931,0.02191050164,0.002380952472,0.01304883324,0.008413461968,0.03187264502,0,0,0.003763250075,0,0.001019036281,0.0005711637787,0.001549089677,0.02081748471,0,0,0.0008741844795,0.0005331090069,9.442444934e-06,1.719417742e-05,0.01627640612,0.0008181679877,0.001282066107,0,4.531395007e-06,0.002610271331,0.7848588228,0.002286875155,0.001217727433,9.558795136e-05,3.509718954e-05,9.168330871e-05,1.066501136e-05,0,0,4.863473077e-05,0.003425888717,0.5895633101,0.3679284453,0.09377004206,0.01702169701,3.423841918e-05,0.0001978520595,3.226122317e-06,0,0,0,0,0,0,0,0,0,0,0,0,0,0,0,0,0,0,0,0,0,0,0,0.0001157188599,0,0,0,0,0,0,0,0,0,0,0,0,0,0,7.467785326e-05,0,0,0,0,0,0,0,0,0,0,0,0,0,0
142,4.711779548e-05,3.346857193e-05,0.0001617255766,0.0009783649584,5.706679985e-06,0.002110808389,0,0.0004053835873,0.02521709353,0.002809557598,0.06830462068,0.01371407416,0.1992585808,0.4442708492,0.03251107037,0.194537729,0.001170642558,0,0.003965747077,0.002380952472,0.003917492926,0.001436909661,0,0,0.001917748712,0.0004216483503,0.02245368995,0.006104090717,0.009400854819,0.01399045624,0.02238584496,0.01386659499,0.009443326853,0,0.02019107528,0.01301561017,0,0,0,0,0,0,0,0.5520415902,0.03084501065,0.15730308,0.002819349291,0.003094998188,0.0004952527233,0.002879062202,0.0003628824197,0.0432609804,0.0008866945282,0.002380952472,0.007142857648,0,0.0005475672078,0.00045665988,0.0004583855625,0.01236663107,0,0.00373639795,0.0006580055924,0.0002811857848,0.008483717218,0.002437257208,0.04798539728,0.01282619033,0.1443143487,0,0,0.04780884832,0.9967633486,0.01604506932,0.01232206076,0.02662505768,0.002703237114,0.00189153559,0.005277395248,0.0001345780911,0.0004206256999,0.0001704030583,0.0505156666,0.7743367553,0.7263361216,0.1426992714,0.2994274199,0.0248013027,0.0007581769023,0.000930207083,0.0007448631222,0.0001336068526,3.710374949e-05,4.825919405e-06,0,0,5.153689926e-05,0,1.124368737e-06,0,4.932193406e-06,2.98386567e-06,0,0,0,0,0,1.206066099e-05,0,0,1.642280586e-05,0.00148273923,2.819939073e-05,0.001917475136,0,0,0,4.549401274e-05,0,0,0,0,0,0,2.908937859e-05,0,0,0,5.525543656e-06,0,0,0,0,0,0,0,6.525685876e-06,5.352435619e-05,1.051564595e-05,0,0,0,2.723629393e-07
143,4.097595229e-05,3.64675434e-05,0.0002254203573,0.001306721941,0.0001351720275,0.00492165843,0.0002471526095,0.000700818724,0.01567164063,0.005956016481,0.04753732681,0.01189857721,0.2958039343,0.4882738888,0.04011013731,0.1909663975,0.003932452295,0.01017806865,0.003572766436,0.01562330872,0.01360378973,0.002442578785,0.01190476213,0.003534820629,0.01143993344,0.01789215952,0.03080097027,0.03520439193,0.03407223523,0.05113193765,0.05921014026,0.04645679891,0.03029102087,0.01824253798,0.03131118789,0.03372571245,0.007142857648,0,0.002380952472,0,0,0.002380952472,0,0.5471989512,0.1694782525,0.3022221625,0.03094719537,0.0491719991,0.005536470097,0.01045522187,0.003412111429,0.04255894944,0.0004656260135,0.001910899533,0.001173157129,0.007682806347,0.0007137192297,0.000462303753,0.0001010361229,0.03928635642,0.002592094243,0.001838346012,0.0006325464346,0.0001408897078,0.009061545134,0.002914054086,0.04021171108,0.00830621738,0.09391089529,0,0.0002683481143,0.05774853006,0.9970765114,0.004579511471,0.006942909211,0.02620798163,0.004809660837,0.0007620895631,0.003293890273,6.8780937e-05,0.0001435740705,0.0001551460882,0.03396666795,0.7470236421,0.6692736745,0.1215939,0.4102948904,0.03093027882,0.00181764341,0.0006292895996,0.0003738892265,0.0004852889397,5.072615386e-05,4.760543015e-05,0,0,0.0001958546054,8.908506425e-05,5.234917262e-05,0.0001278591517,5.831234375e-05,8.982199506e-05,5.773750308e-05,0,0,0,0,2.59609551e-05,4.461954632e-06,0,7.245288725e-05,0,9.601990314e-06,0.0001765008928,0,6.118194142e-05,0.0002402604296,5.707151104e-06,0,0,0,2.484025117e-06,3.167365503e-05,2.870000753e-05,0.0002683528583,3.201288928e-05,9.364300786e-05,0,8.586519471e-06,1.039880885e-06,6.761873919e-06,0,0,0.0001402497583,0,0,1.575064016e-05,0.0002572927333,0,0,0,2.723629393e-07,0
