ROI_ID,1,2,3,4,5,6,7,8,9,10,11,12,13,14,15,16,17,18,19,20,21,22,23,24,25,26,27,28,29,30,31,32,33,34,35,36,37,38,39,40,41,42,43,44,45,46,47,48,49,50,51,52,53,54,55,56,57,58,59,60,61,62,63,64,65,66,67,68,69,70,71,72,73,74,75,76,77,78,79,80,81,82,83,84,85,86,87,88,89,90,91,92,93,94,95,96,97,98,99,100,101,102,103,104,105,106,107,108,109,110,111,112,113,114,115,116,117,118,119,120,121,122,123,124,125,126,127,128,129,130,131,132,133,134,135,136,137,138,139,140,141,142,143
1,0,0,6.132312592e-06,6.568217486e-06,1.237370498e-06,1.739397703e-05,5.753092864e-06,5.166215487e-06,0.001507575507,0.0009340020479,0.004583072383,0.003950566519,0.1016785279,0.1394888759,0.02424659766,0.01385483332,6.715827112e-06,3.908734288e-05,5.551509457e-05,0.0001208747635,5.199646694e-05,4.737909694e-05,0,0,1.899727613e-05,3.231640949e-05,0.003200135427,0.003671255428,0.00752394693,0.003085719189,0.001178075559,0.0009330859757,0.0008411894087,0.0003436400148,0.0001179258616,0.0002166199411,0.0001785226632,0.0003194973106,0,0.0001155851205,0,0,0,0.355696708,0.03159864992,0.01522995159,0.004523854703,0.008655275218,0.001503298641,0.00325755938,0.001013714937,0.0005735106533,0.000377759221,0.002123366343,0.0002592824749,0.0008427486755,0.001736323116,0.0007873577997,0.0003938528826,0.005491177086,0.000167623075,0.0003519096063,0.0004093866446,0.0001339128066,0.0001115937557,0.0002427128784,0.006926884875,0.0004447899992,0.01009905245,8.773537411e-05,5.28121127e-05,0.01348620839,0.7894710898,0.0009763303678,0.001949724043,0.001292226138,2.864571798e-05,1.089922989e-05,0.000190498773,9.561725892e-05,2.770654191e-06,6.203791418e-05,0.01303310599,0.2266834527,0.1772643626,0.01676755957,0.05238743126,0.0007937736809,0.0001480021747,3.166696843e-05,7.648448809e-05,0.0002112093352,5.763442823e-05,3.401922868e-06,2.583598416e-06,0,0,1.499475388e-06,2.057307029e-05,1.621902811e-06,7.800899766e-07,0,0,0,0,0,2.053265234e-06,5.192785579e-07,0,0,3.393362022e-06,0,1.954944537e-06,6.391866805e-07,0,3.325150999e-07,0,0,0,0,0,0,2.24982773e-06,0.0001181580737,1.294991989e-06,1.966738273e-05,2.399907544e-06,0,7.039931461e-06,5.758209227e-06,3.100688673e-06,5.43424585e-06,0,8.458086427e-07,0,0,8.626920317e-05,0,1.071212296e-06,0,0,0,1.522959337e-05
2,0,0,2.555232754e-07,1.832394787e-06,1.953094761e-05,0,0,0,0.0008485340513,0.0003827935434,0.0001670798229,0.004515943117,0.1329569668,0.03125597537,0,0.01662675664,5.696244625e-05,0.0001221896528,0.0001875752787,9.25053464e-05,0.000276724284,5.377516209e-05,0,0,0,0,0.009457100183,0.002770432737,0.008143875748,0.004390957765,0.002330649411,0.0009388427134,0.0006944054039,0.0008354326128,0.0005706177326,0.0001968027354,0.0003074671258,0.00082374661,0,0,0,0.0004390352697,0,0.1933810562,0.07957068086,0.01971493289,0.02500335686,0.02409607358,0.007447257172,0.009779456072,0.007859800011,0.0002105950844,0,0,0.0002510187333,0.0004760106094,0.004391863011,0.002876164392,0.001340152696,0.01051270589,0,0,0.0031642986,0.0005278649041,4.92685358e-05,0,0.007324733771,0,0.001291852095,0,5.332836372e-05,0.0001059151546,0.414704144,0.0008353334269,0.000401116733,3.013013838e-06,1.237066954e-05,3.886577178e-05,3.134641156e-05,0,9.950923413e-06,0.001085266354,0.001819739467,0.1336233467,0.08667687327,0.0100029707,0.00124575221,0,1.905894806e-06,1.320138472e-05,0,0.001258341246,0,0.0002548258926,0,0,0,0,0,0,0,0,0,0,0,0,0,0,0,0,9.647957086e-06,0,0,0,0,6.362547538e-07,0,0,0,0,0,0,0,0,0,0,0,1.303288741e-06,0,0,0,0,0,0,0,0,0,0,0,0,0,0,2.477631642e-05
3,6.132312592e-06,2.555232754e-07,0,1.317661031e-06,9.529468662e-05,1.908190461e-05,1.512436597e-06,2.793062595e-05,0.001414772472,0.0005554534146,0.002145096194,0.001923393458,0.1309226304,0.03781679273,0.002434307477,0.01783164032,6.842164294e-05,0,0.0002284309739,0.0002218030422,3.414661114e-05,0,0.0006855732645,0,0.0002127983462,4.012645149e-05,0.01034245454,0.003152259858,0.009460130706,0.004406082444,0.002629563212,0.001226347405,0.000843495247,0,0.0004651098279,0.001161223161,0.003205697518,0.000301093125,0,0,0,0,0,0.3945016265,0.1854581386,0.05979142711,0.02355946973,0.04119353369,0.01233135536,0.01733082719,0.003102216637,0.001099212444,0.001454143319,0.001427359181,0.0003773750213,0.000400960329,0.0007030171691,0.0007960094372,0.0003044318,0.0212687552,0.0005510707851,0.0003085692879,0.0007700663991,0.0002389047731,0.0004239033442,0.0001308505016,0.01840791479,0.002149012405,0.008352170698,1.132443504e-05,1.437854826e-05,0.001566283288,0.6730304956,0.003679047339,0.007315437309,0.0002659349411,0.0002759874624,0,0.0002674314601,0.0001498776255,3.586505773e-05,0.0002991143265,0.03127726167,0.2539449632,0.1835775673,0.0244652126,0.0207120385,0.000732944929,3.610715066e-05,4.612782504e-05,4.059632556e-05,0.001673342311,0.0001845605002,4.730306318e-05,7.037887826e-06,0,1.724018148e-05,8.927381714e-06,0.0001180377076,0,4.161264224e-05,8.642004104e-05,1.327952577e-05,0,0,0,0,4.746442244e-07,0,0,3.547926826e-05,0,1.591736873e-05,9.551100447e-06,0,5.365243396e-07,0,0,0,0,0,0,1.614751795e-06,8.391656934e-07,1.716050429e-05,3.597840623e-05,9.445659998e-06,0,9.734574269e-05,7.852999261e-06,2.147570967e-06,0,7.109465514e-05,9.060047887e-06,3.584941396e-06,0,1.592058197e-06,0,1.62017875e-06,4.773141882e-06,0,4.16227449e-05,0.0001399017056
4,6.568217486e-06,1.832394787e-06,1.317661031e-06,0,1.813960262e-05,0,0,3.894323982e-06,0.00488884002,0.004226120654,0.002060262254,0.008573584259,0.1768492609,0.07423488051,0.001464364002,0.03155559301,3.782761632e-05,0.0001175738944,0.0003045180347,0.0001986936404,9.000040882e-05,9.986263467e-05,0,0.0001578939118,6.298765948e-05,0.0001829948742,0.01482015941,0.005438522901,0.009648908861,0.005145100877,0.002433336107,0.001441505039,0.0008594305255,0.0006032080855,0.0009524143534,0.000815182575,0.00133200339,0.002720711753,0.001412887126,0.0001481697691,0,0.0002984110324,0,0.3880244195,0.208186388,0.123134993,0.0734763369,0.1076112986,0.0481361486,0.04626847059,0.03787701204,0.006503306329,0.002380952472,0.0003436036059,0.001995528582,0.001307266415,0.00917371735,0.009092679247,0.0035529288,0.03848702088,0,0.003303276375,0.008590159006,0.003010757966,0.001597626251,0.0009642239311,0.02737060376,0.006352390628,0.005594762042,0,0.0001605863072,0.002799354726,0.5849369764,0.007477737963,0.01794592664,0.0009532126132,0.002154769609,0.0004808049416,0.0008858412621,0.000999289914,9.668559505e-05,0.002973861294,0.02688791603,0.2538716793,0.1512904912,0.02670515515,0.01388619374,0.001501701656,1.971901293e-05,0.0002735501039,0.0009190145065,0.01134751085,0.001062578056,8.496392547e-05,0,0.0005736606545,0.0009406839963,0.0002866929572,0.0004171049222,0,0.0002862939727,0.0004317980492,4.288433411e-05,0,0,0,0,7.188459676e-06,0.0002347261179,0,5.921613047e-05,0,0.0001191007614,2.652781041e-05,0,2.421528279e-06,4.162111509e-05,5.976147804e-05,0,2.492039494e-05,0,0.0003944600176,5.139055702e-06,0,6.278734509e-05,6.770639447e-05,0,2.140766446e-05,0.0006751618348,0.000131872468,0.0001420487097,0,0.0001396937732,3.608220868e-05,0,0,0,0,9.880617654e-06,1.475636782e-05,0,0.0008772151195,0.0008791038999
5,1.237370498e-06,1.953094761e-05,9.529468662e-05,1.813960262e-05,0,9.889548892e-06,0,5.699946541e-06,0.005825326312,0.01391958538,0.01308231615,0.009070714004,0.08462805301,0.2244052738,0.0276474487,0.04351745173,0.0004666900786,0,0.0004914834863,0,0.0002536216634,7.541274681e-05,0,0,0,0,0.02525372617,0.002328717848,0.01302232221,0.007345180027,0.005106269848,0.003944267519,0.0001872401044,0,0.00309193763,0.003133269027,0.006571343169,0,0,0,0,0,0,0.3942528069,0.01059555821,0.01951170713,0.002759524388,0.001144536189,0.000635035336,0.002800018759,0.0003785822773,0.001089550206,0,0,0.001187403803,0.002380952472,0.007905523293,0.003207951318,0.001761823194,0.01360849943,0,0.0001620257535,0.000595881429,0.0002910447074,0.008219070733,0.002792579122,0.007524914108,0.0006830922212,0.02634895034,0,8.12636863e-05,0.05992047116,0.8814502358,0.004081926309,0.002511860803,0.03278952837,0.0001683498558,0.004761904944,0.01089204568,0.0003369570477,0,0.0001814342977,0.02442542091,0.3126629293,0.2204373926,0.02642280981,0.08849433064,0.01031533815,0.003091627266,0.0003643121454,0.00290582655,0.0009500913438,0.0003070555395,1.729769792e-06,0,0,1.032601813e-05,9.680136827e-06,1.125056315e-05,0,2.918550854e-05,6.716419193e-06,0,0,0,0,0,0,5.016800515e-06,0,7.411831757e-05,0,2.38871562e-05,0.0001350134989,0,0,0,2.626011701e-05,0,0,0,0,4.293702659e-05,0,2.147923851e-06,0,0,0,0.0001209764087,0.0001123246911,5.830999726e-06,0,0,1.612836786e-05,4.095722761e-05,0,0,0.0001707930351,0,0.0001111112942,0,5.706679985e-06,1.507166962e-05
6,1.739397703e-05,0,1.908190461e-05,0,9.889548892e-06,0,0,4.084121883e-06,0.04217964411,0.003367327619,0.002203152748,0.006199148484,0.188657999,0.07909040153,0,0.09625254571,0,0,0.001065108227,0,0,0.0001453170989,0,0,0,0,0.007246456575,0.002347289119,0.0006481482415,0.006130323745,0.007971159182,0.004147733096,0.002380952472,0,0.0004664898734,0,0.001014269656,0,0,0,0,0,0,0.3035785258,0.1775075346,0.1428352296,0.05972341076,0.06845224649,0.05964994058,0.04932034388,0.02588360384,0.004240737297,0.004761904944,0.002380952472,0.002380952472,0,0.004761904944,0.002574250335,0.008587745018,0.05823422968,0,0.0002114505478,0.006202769931,0.0008439265075,0.007142857648,0,0.02457677759,0.005984662101,0.01923291571,0,0.008732554503,0.008615413681,0.5763702393,0.01139234379,0.01744013652,0.01326562185,0,0.002380952472,0.02030517533,0.002948607784,0.00169922132,0.0007066474063,0.02327749692,0.3027297556,0.1408594698,0.02522786707,0.01729751006,0.007142857648,0,0.006021242123,0.005906878971,0.00847809948,0.0002598347783,0,0,0,0,0.00010854422,0.0004286420008,0.000264725677,0.000156363385,6.440333527e-05,0,0,0,0,7.299301797e-05,0,0.0002251245896,0,0.0005426116986,0,0.001311956206,0.0001619283139,0,0,0,0.0003994702711,0,0,0,0.002380952472,0.001350598759,0,3.275135896e-07,6.471548841e-05,8.76099075e-05,0,0.001266101724,0.0005392812309,8.970030467e-05,0,0,4.020330016e-05,0,0,0,0,0,0,0,0.001296174712,0.001938403002
7,5.753092864e-06,0,1.512436597e-06,0,0,0,0,0,0.006857937668,1.524811978e-05,0.0002674743591,0,0.1625075787,0.002916390775,7.690530038e-05,0.002069937298,0,0,0,0,0,0,0,0,0,0,0,0,0.004761904944,0.0009144741925,0,0,0,0,0,0,0,0,0,0,0,0,0,0.2143463343,0.1902652234,0.1249463335,0.05977929756,0.06964220852,0.06021230295,0.0463745743,0.03064133041,0.004761904944,0.002380952472,0.002380952472,0.007142857648,0,0.007142857648,0.002380952472,0,0.06197534129,0,0,0.01195407938,0.003597686067,0.006369472947,0,0.02254016511,0.003260954982,0.01301357988,0,0.000435823953,5.249905371e-05,0.3671629131,0.01796571165,0.02705527283,0,0.002380952239,0.001843760954,0.008528248407,0.0007372015389,0,0.003021351062,0.01382408012,0.1925164014,0.09362471849,0.03170149773,0.000167072707,0.0008665639907,0,0,0.004611920565,0.004761904944,0.0001248624758,0,0,0.0002383458923,0,0.0003120481269,0,0,0.0001703515009,0.0006427474436,0,0.002380952239,0,0,0,0,0,0,0.004210088402,0,0.002636854537,0.002380952239,0,0,0,0,0,0,0,0,0.001103699091,0,0,0,0.00103557657,0,0.002777087735,0,0,0,0,0.0006260917289,0,0,0,0,0,0,0,0,0
8,5.166215487e-06,0,2.793062595e-05,3.894323982e-06,5.699946541e-06,4.084121883e-06,0,0,0.0128544122,0.005121818278,0.006393499672,0.01431410387,0.185191974,0.2079371512,0.003218031256,0.06598417461,6.588082761e-05,0.0001665573946,0.000494364358,0.0002183186443,0.0001233820803,0.0001699203131,0.0001589272433,0.000640525599,2.509168917e-05,0.0001330884697,0.01390389632,0.009079339914,0.0177349057,0.00924158562,0.003968243022,0.002224873053,0.001235834556,0.0005766790709,0.0008922799607,0.0008216463029,0.001871866756,0.0004555255582,0,0.0001295078837,0.0001358235604,0.0003027761413,7.566916611e-05,0.4467432499,0.2444886863,0.1204980165,0.05074581504,0.06263958663,0.02973000333,0.03778590262,0.01222010981,0.004003135022,0.004992164671,0.006377508864,0.008484086022,0.00638558669,0.01135605201,0.005711819045,0.006387813948,0.05341044441,0.002244057599,0.001539835008,0.003824357875,0.001358974725,0.003071750747,0.004062267486,0.02841115557,0.00431349827,0.0178263858,8.169520879e-05,0.001723196125,0.01549173892,0.6696573496,0.01462002844,0.01937557198,0.003268806031,0.006087532267,0.00198120065,0.005154442508,0.0006073284894,0.0003939804737,0.001238453435,0.05630842596,0.292928189,0.1810553968,0.0369005017,0.06548530608,0.006985517219,0,0.0008495372022,0.002496466506,0.003829369321,0.001374823507,5.746636452e-05,4.150274253e-05,0.0001378136803,6.10529969e-06,5.367731137e-05,6.25332832e-05,0,2.957604738e-05,0.0001081367445,0.0002348139824,0,2.580451837e-05,0,0,3.840434147e-06,3.489897063e-05,0,9.343931015e-05,0,0.0002172770473,2.966199099e-05,8.367979717e-06,0,3.484777699e-05,5.451014295e-05,0,2.547863187e-05,0.0001676334941,0,2.040419713e-05,1.66536538e-05,1.222427454e-05,5.675768625e-05,1.426998369e-05,4.859258297e-06,0.000349166221,0.0005899632233,6.491597014e-05,0,0,1.968624201e-05,0,2.855865023e-05,0,0,4.749107575e-06,3.479181032e-05,2.730639062e-05,0.0001762243337,0.0005374637549
9,0.001507575507,0.0008485340513,0.001414772472,0.00488884002,0.005825326312,0.04217964411,0.006857937668,0.0128544122,0,3.258295692e-05,0.002739574527,0.0009526663925,0.09005346894,0.02426351048,0.002053099917,0.02248831838,0.001771657495,0.004940307233,0.00567964511,0.005469942931,0.003439900465,0.003071637126,0.004979632329,0.001106527518,0.0006381268613,0.0016622697,0.0008827366401,0.003148293588,0.004682088736,0.002848065691,0.001750930911,0.002434899798,0.003521865699,0.002410056302,0.0006452354137,0.002027295996,0.001419353066,0.001092382474,0.002118981909,0.0008605299518,0.0002000397944,0,0.0001440138876,0.4150688052,0.1243207678,0.09081002325,0.0188476555,0.05380711704,0.04838500917,0.01715545729,0.009778809734,0.01477481425,0.003880691016,0.001071544364,0.001077470486,0.0008598895511,0.0001790211536,0.0002714332368,7.215645746e-05,0.02715298906,0.001250050846,0.00186960178,0.004251676612,0.0005157687119,0.00177040277,0.0001825557265,0.07996109128,0.007203694899,0.01630975865,0.0001946442208,6.478537398e-05,0.06995146722,0.6755681038,0.01380799524,0.009944000281,0.001056234119,0.001223615138,0.0004291049263,0.002139046788,0.001916917856,8.281371265e-05,0.004089174327,0.05319163576,0.4668365717,0.2842803299,0.1390556991,0.01820034347,0.00092039234,0.000861090899,7.862350321e-05,0.0002213512635,0.01232748386,0.004386621993,0.005775383674,0.006895781495,0.004108769819,0.009142836556,0.007982348092,0.006789815146,0.005480415188,0.007497656159,0.008564070798,0.002274646657,0.002943787491,0.0004105789412,3.01001146e-05,0.0009270400624,0.0005808455753,0.004278636072,0.0005869681481,0.004190026317,0.0008684828063,0.00280881254,0.001576181501,0.0001572702167,0.000399758108,0.001307570259,0.003003110411,0.0005378585192,0.0001605544821,9.762223635e-05,0.0008872789913,0.000237392218,0.1009583622,0.005937054753,0.003708513454,0.002721473575,9.963494085e-05,0.005526549648,0.001651671482,0.002821692498,0.002849543467,0.003104873234,0.00305289356,0.001285315375,0.0002471960615,0.0002411899914,0.0002194215194,0.0001195340592,0.0002416845673,0.0002282118076,0.004836475942,0.00330719538
10,0.0009340020479,0.0003827935434,0.0005554534146,0.004226120654,0.01391958538,0.003367327619,1.524811978e-05,0.005121818278,3.258295692e-05,0,3.17577651e-05,6.290588499e-05,0.1499487609,0.01554076653,1.076721583e-05,0.03347553313,0.00423382828,0.004799644463,0.009833157994,0.007974512875,0.006041823421,0.005650943611,0.008906151168,0.003829709254,0.004181300756,0.004973741714,0.003784448141,0.007676145993,0.00954187382,0.009437374771,0.007712990511,0.009077742696,0.01053537428,0.00728942547,0.003771996358,0.005352900829,0.003503594548,0.003373705549,0.001496149693,0.00113542052,0.000353165553,0.001993878512,0.001187579124,0.3048415482,0.2561501265,0.04724478722,0.07385272533,0.1611653417,0.06790335476,0.03479269147,0.03014587052,0.004996343981,0.0004219727416,9.407962352e-05,9.024694737e-05,6.853842933e-05,0.0001847448148,0.0006321321707,5.268879977e-05,0.01191542391,0.0008780394564,0.000595691381,0.004792206455,0.0004634054203,5.918452734e-05,5.053376299e-05,0.01457311586,0.0009314705385,0.0006756975781,6.024543836e-05,2.93792109e-05,0.0001154781567,0.5928153396,0.00186565984,0.003830597736,8.912381418e-06,1.903247721e-05,3.071352467e-06,5.746107854e-05,0.0005376025219,3.813453986e-06,0.003563166363,0.01004708838,0.1835036725,0.2321483344,0.03246340901,0.0001421126944,7.072604603e-06,7.053582976e-06,7.219055533e-06,1.794083437e-05,0.003095147898,0.001319602132,0.002795828972,0,0,0.01083720382,0.002620690269,0.01231715176,0,0.01077644154,0.01370526198,0.002214811509,0,0,0,0.0007665805169,0.0003924749908,0.002678494435,0,0.003223050851,0,0.001362741576,0.0008539662813,0,0.0001150900134,0.0006382662104,0.001222830149,0.0005292802816,0,0,0,8.851499297e-05,3.82933431e-05,0.002351057949,0.003301785327,0.002308897441,1.959839574e-05,0.004908734933,0.0008161264122,0.0002674768912,0,0,0.000793618965,0.0001144505659,0,2.570531706e-06,2.143008533e-05,1.848250577e-05,3.285706407e-05,0.0001243058359,0.0004747443891,0.001960016554
11,0.004583072383,0.0001670798229,0.002145096194,0.002060262254,0.01308231615,0.002203152748,0.0002674743591,0.006393499672,0.002739574527,3.17577651e-05,0,0.0002056110679,0.2249266803,0.02396697178,0.0001107117641,0.01514037419,0.003490799805,0.009199251421,0.01009133738,0.006153055932,0.003489227034,0.006619887426,0.004727541003,0.005526693538,0.0002398515062,0.006940944586,0.002250055782,0.004812280182,0.006867531221,0.005908013321,0.005610465538,0.006279658992,0.004737021402,0.004954243079,0.003774137236,0.004160527606,0.001155389356,0.002380952472,0.004916421603,0,0.0004784521298,0,0,0.4406243265,0.1283021122,0.07460147887,0.02261825465,0.06632012874,0.08580806106,0.0212359298,0.01479665935,0.002000616398,0.0003687473072,0.0002470217296,0.0009215518367,0.001194986748,0.0001121800597,0.0002988974447,6.883006427e-05,0.02349677868,0.001051189494,0.001824386651,0.006583815441,0.001182709704,0.001584398095,0.0001591869659,0.02870561928,0.002871057019,0.002141395118,0.0006540205795,8.116244862e-05,0.0003250395821,0.626994729,0.009013418108,0.009437683038,0.0001643941214,0.001157291466,0.0004953634343,0.002786446363,0.004378304351,8.350225107e-05,0.008839454502,0.03503272682,0.322016418,0.1990082413,0.06046593934,0.0007949525025,0.000234684092,6.860712892e-05,7.248576003e-05,0.0003281057579,0.01835795492,0.008069808595,0.01622997783,0.01330711227,0.0259863846,0.01233230811,0.01781085134,0.02621203102,0.01084674895,0.01663829572,0.02023874596,0.004559626803,0.002664925763,0.0004200459807,0.0001420303597,0.0004107132845,0.0007387932856,0.01009390503,0.001565592713,0.009226483293,0.0005760096246,0.005690969527,0.002996192779,0.0001539142831,0.0004770517116,0.004949043505,0.006496737711,0.0003685403208,0.0002771419531,0.0001058886119,0.001321983407,0.0002091213391,0.0009774254868,0.004264287185,0.008624143898,0.007297212258,8.879200323e-05,0.01085820422,0.00484342128,0.007344357669,0.004751160275,0.003017604817,0.005628302693,0.001616982277,0.0001281321456,5.206262358e-05,3.499893501e-05,0.0001059748538,0.000324286113,0.0002055342047,0.01020468213,0.006808620878
12,0.003950566519,0.004515943117,0.001923393458,0.008573584259,0.009070714004,0.006199148484,0,0.01431410387,0.0009526663925,6.290588499e-05,0.0002056110679,0,0.1605980843,0.01148705371,0.0003850922512,0.03914245591,0.009085011669,0.009652375244,0.0109833004,0.0109471539,0.01114845928,0.009874902666,0.01032683905,0.006926151458,0.007144231815,0.01044113096,0.008523629047,0.01405363809,0.01588756405,0.01638859883,0.01394582447,0.0140806241,0.01827844419,0.01233600918,0.009028444998,0.01069399994,0.007997759618,0.01045264304,0.008702213876,0.006093483884,0.006456669886,0.003244836349,0.001635807217,0.4001613855,0.2440030575,0.05306387693,0.05213510245,0.1351730973,0.08396559209,0.02093536779,0.01637714542,0.001864125719,0.0004641839478,7.377098518e-05,0.0001086068442,0.0001724092872,0.000109208755,0.0003259538207,0.0001806683431,0.01238436531,0.0003007618943,0.0005167970085,0.002690124325,0.000489736849,0.0002356146724,0.0001191795454,0.01179772522,0.001217570389,0.002859109547,8.286156663e-05,8.400843944e-05,0.03336169571,0.6489568949,0.003533094656,0.003686634824,0.0002680603648,0.0008242549957,0.00026788385,0.000979903969,0.001670588506,0.0001159227395,0.003970445599,0.01836278103,0.211972326,0.2150868028,0.02805969119,0.002498807851,0.0002139727003,0.0002775159082,8.168901695e-05,0.0001088502468,0.01470742654,0.005178655963,0.01109973248,0.005790898576,0.003370159538,0.01161638927,0.01223408617,0.008390174247,0.006365720648,0.01251933537,0.0177110564,0.002249151468,0.002680222504,0.0007753622485,0.001322341617,0.002060378669,0.0008808869752,0.002787469188,0.001409889432,0.003801788669,0.002547847573,0.00190412649,0.001606276026,0.0001329312799,0.0009417835972,0.0009118290036,0.002918367041,0,0.0003598702315,0.000121020581,0.0003922864853,0.0003945618519,0.07103803754,0.001361599774,0.002243120922,0.001489747083,0.0008216876886,0.006194110494,0.001418839791,0.004134175368,0.002875003964,0.0008608145872,0.001846944448,0.003468664596,0.0010272871,0.0002912135096,0.0001799588063,0.0003055354173,0.0006210030988,0.0006031178636,0.005832124501,0.00416503381
13,0.1016785279,0.1329569668,0.1309226304,0.1768492609,0.08462805301,0.188657999,0.1625075787,0.185191974,0.09005346894,0.1499487609,0.2249266803,0.1605980843,0,0.2768803835,0.3449915051,0.2189244926,0.1293209046,0.136398226,0.1344833672,0.1345600486,0.1370390654,0.1380423307,0.08996070921,0.05859558284,0.08560311794,0.1401896328,0.1464194357,0.1512104422,0.1456667781,0.1592201889,0.157847181,0.150756821,0.152119264,0.1312043965,0.1467989236,0.1421891302,0.1018409207,0.01354278624,0.02619047649,0.04903465137,0.04072024673,0.03540313616,0.002380952239,0.7155982852,0.2544489503,0.4608187079,0.1719832718,0.1511693299,0.2190292478,0.2422571331,0.180958733,0.3569348156,0.3226758838,0.2362286597,0.2818998992,0.268548131,0.2656622827,0.2627398372,0.2699846625,0.384403944,0.2945779562,0.1655459702,0.1756542623,0.1776628494,0.2521202266,0.1646604687,0.5172446966,0.3770256042,0.3232565224,0.2210550159,0.1487401724,0.4345748723,0.854278326,0.3313368559,0.2093398273,0.320561111,0.2889505923,0.1820826083,0.2738395929,0.2578977346,0.3220858872,0.2538932264,0.3876173496,0.7406290174,0.5706625581,0.5428058505,0.3867189586,0.2847975791,0.393560946,0.1372823417,0.1170012131,0.4161736369,0.3419339955,0.07981782407,0.08415965736,0.08188060671,0.0853426829,0.08671037108,0.07997024804,0.08613063395,0.0944699347,0.09271625429,0.08488705009,0.07282482833,0.08320252597,0.1035902798,0.151557073,0.2092532068,0.08973108232,0.08204478025,0.08233144134,0.03551270813,0.08469664305,0.1232900023,0.09548099339,0.1405558437,0.09974012524,0.07704003155,0.06503861398,0.04556959122,0.09899070114,0.1524727792,0.135972172,0.1809647828,0.1006168574,0.08166576177,0.06862401217,0.07710002363,0.09063121676,0.1201280355,0.08363895863,0.07130356133,0.04372794926,0.07831099629,0.0672814548,0.07885395736,0.1322299242,0.1088271067,0.1246712878,0.09106085449,0.0848056376,0.09701535106,0.08487962186
14,0.1394888759,0.03125597537,0.03781679273,0.07423488051,0.2244052738,0.07909040153,0.002916390775,0.2079371512,0.02426351048,0.01554076653,0.02396697178,0.01148705371,0.2768803835,0,0.004655801225,0.05192968994,0.01507376414,0.005445232615,0.009090888314,0.01426630653,0.01021256391,0.00811923109,0.003361213952,0,0.001731819008,0.006649059244,0.009309600107,0.009695476852,0.01001040637,0.009527869523,0.006284602918,0.01373984665,0.005036153831,0.01010941248,0.003546104068,0.01087483857,0.002380952239,0,0,0.002380952472,0.002380952239,0,0,0.8524195552,0.5692968965,0.6148468256,0.211986497,0.3826705813,0.5520784259,0.2664453983,0.1949971616,0.2493326366,0.1433349103,0.2132527977,0.2789453268,0.3042618632,0.1412653625,0.09143826365,0.05236926675,0.3983041942,0.166491285,0.1393947601,0.1758465171,0.09605804086,0.3802077174,0.1730139703,0.4391589463,0.3306699097,0.2104519755,0.04675908387,0.133864522,0.2313084304,0.4131374955,0.3467184007,0.2816567421,0.1391636878,0.3387190104,0.1944501549,0.4158142507,0.1653620601,0.1836044937,0.1979297698,0.4615904987,0.6731455922,0.2756854594,0.425365597,0.1387331635,0.2578527033,0.063863419,0.1414249241,0.2099483758,0.4708429873,0.2955153883,0.1649288535,0.1113665774,0.08746900409,0.1479507536,0.1683776975,0.2460751981,0.06874777377,0.207029894,0.2357925028,0.08085551858,0.02345340885,0.0216143392,0.0142857153,0.03363796696,0.08482573926,0.08702002466,0.01774137467,0.1433085948,0.01654791273,0.1081716642,0.09953248501,0.01149751432,0.07930654287,0.04016150162,0.08975795656,0.02082810178,0.01732907258,0.04610307142,0.04866410419,0.1200622395,0.2429724634,0.05606116727,0.0753922835,0.06371889263,0.0142857153,0.164155513,0.07940543443,0.08775953203,0.02705945075,0.01617407426,0.08292664587,0.03403753042,0.02285551839,0.01190476213,0.01304370537,0.07048600912,0.05657827854,0.02917400189,0.160179615,0.120592542
15,0.02424659766,0,0.002434307477,0.001464364002,0.0276474487,0,7.690530038e-05,0.003218031256,0.002053099917,1.076721583e-05,0.0001107117641,0.0003850922512,0.3449915051,0.004655801225,0,0.0007411252009,0,0,0,0,0,0,0,0,0.002380952472,0,0.001711128629,0.002380952472,0,0,0,0.002380952472,0,0,0,0,0,0,0,0,0,0,0,0.6772542,0.5340221524,0.5067413449,0.2701283097,0.3396333754,0.2835109234,0.315692395,0.2229233831,0.05717378855,0.01050548162,0.01487790328,0.03973067179,0.04423282295,0.0184423048,0.02407628298,0.009523809887,0.2735828161,0.009523809887,0.02370095626,0.1672799885,0.04094292969,0.06616926938,0.03206218779,0.1177999899,0.0500356406,0.03717849031,0.004103420768,0.00378758763,3.57113604e-05,0.522552669,0.07885341346,0.1792900115,0.0001298292627,0.02981271222,0.01250945963,0.09460186213,0.006890342105,1.9237792e-05,0.0828858912,0.2103835195,0.5336215496,0.2264959663,0.1903091669,0.001136614825,0.007988030091,3.39844587e-06,0.0006132915732,0.04198126122,0.03919600695,0.01018698793,0.003284133738,0.01404260378,0.003628700739,0.01305885334,0.01700040512,0.02369521186,0.001213403069,0.0454435274,0.0519705601,0.02427420951,0,0,0,0.002380952472,0.01042161509,0.0156975314,0,0.03539625183,0,0.02990072407,0.01679604687,0,0.009523809887,0.00931688305,0.009635695256,0,0,0.0001196229132,0.002527575009,0.006526266225,5.278188837e-06,0.001453650068,0.005479516927,0.004019530956,0,0.04676913098,0.005625265185,0.01210338436,0.002380952472,0,0.007390458602,0.0003043220495,0,0,0,0.0006909413496,0.0006044904585,0,0.01629363187,0.009280217811
16,0.01385483332,0.01662675664,0.01783164032,0.03155559301,0.04351745173,0.09625254571,0.002069937298,0.06598417461,0.02248831838,0.03347553313,0.01514037419,0.03914245591,0.2189244926,0.05192968994,0.0007411252009,0,0.01058773231,0.0315387845,0.0349262245,0.03003029339,0.02052632347,0.02139057033,0.0212341547,0.01427839044,0.005245811772,0.01159127895,0.01342493109,0.03685859218,0.04482807219,0.02713710256,0.01674410142,0.02404445782,0.03485158831,0.01816560328,0.00594895659,0.01497374289,0.01196962222,0.009536373429,0.00594741432,0.002465155674,0.0047022379,0.004129679408,0.0006847513141,0.380595088,0.1296233237,0.1022492051,0.02741741575,0.05989305303,0.07122383267,0.03072391637,0.02457997389,0.0572369881,0.07538843155,0.080651097,0.1099481806,0.1013003364,0.1142044738,0.08399306983,0.1073665395,0.04698551074,0.09468718618,0.05393627286,0.03990146518,0.06157338992,0.05516919866,0.05688525364,0.1322007626,0.07553254068,0.04488017038,0.06164162233,0.03251702711,0.1669166088,0.640968442,0.06512252241,0.04367027059,0.008010687307,0.01620320976,0.009363907389,0.02834507264,0.04942619801,0.01506424323,0.03511825576,0.09022528678,0.4880262613,0.2690360546,0.1705392599,0.03323484957,0.01163312048,0.004564000294,0.008581371047,0.01211329084,0.038690079,0.03387860954,0.0365723595,0.02792079374,0.02429936081,0.03285878524,0.0337706618,0.03654435277,0.03203193098,0.04128295183,0.03208800405,0.04312663898,0.02697962709,0.03729659691,0.04455718771,0.04386650771,0.07022475451,0.03296905383,0.04901177809,0.03524317965,0.03516698256,0.03704116121,0.04496823996,0.0366425477,0.03722489998,0.0419260785,0.03408828378,0.01513398532,0.00788464956,0.01469372772,0.05329106376,0.02978012525,0.1956978142,0.01937112212,0.02851671167,0.0324944295,0.008915544488,0.03202329203,0.04850929603,0.0240428187,0.03793394938,0.03354458883,0.03495792672,0.01752355695,0.01240480877,0.005925233942,0.007570350543,0.008495849557,0.01797747798,0.01077472139,0.03550102934,0.0345473811
17,6.715827112e-06,5.696244625e-05,6.842164294e-05,3.782761632e-05,0.0004666900786,0,0,6.588082761e-05,0.001771657495,0.00423382828,0.003490799805,0.009085011669,0.1293209046,0.01507376414,0,0.01058773231,0,8.871451428e-06,2.877912993e-05,6.299795496e-05,2.83789941e-05,4.172078116e-05,2.114464951e-05,1.206667912e-05,3.752033081e-06,2.899769424e-05,0.002881076653,0.002681718441,0.01259016711,0.007431941573,0.002607443603,0.001784109045,0.0009702866664,0.0006138529861,0.0006071107346,0.0005855045747,8.726127999e-05,0.0002048527967,3.68437104e-05,7.242876109e-06,2.304421287e-05,6.1962578e-06,3.656010449e-05,0.1793404371,0.02628122456,0.03358351812,0.006224447396,0.02574104629,0.007142857648,0.0104505159,0.01428365894,0.005634577014,0.006360127125,0.004464616999,0.006263223477,0.00608869642,0.0185501799,0.02070632763,0.01487330068,0.003853128292,0.001833137823,0.009445554577,0.01008886751,0.01001338847,0.003352753818,0.004623608664,0.00693569053,0.007568662986,0.01042572316,0.002617857186,0.002770210616,0.005715560634,0.3583082855,0.00943712052,0.007381550968,0.001943541807,0.002380952472,0,0.004614912439,0.002101367339,0.001265279367,0.002836912638,0.002745665843,0.103862457,0.06732135266,0.01232619304,0.00296702818,0.000625410059,0,0.001702709473,0.001502449275,0.004761904944,0.0009392612264,3.750259566e-05,0,0,0,0,0,0,0.0001815510477,0.0006775131333,0,0,0,0,2.439087984e-05,4.677827383e-05,0.0004977908102,0,0,0,0.0002022766857,0.0001771613315,0.0004168307642,8.600212459e-05,0,0.001000868389,0.0007290197536,0,0.001002782607,0,0.000676373078,0,0.0005908542662,0.0007463277434,0,0,0.00011430007,0.002380952239,0,0.0007161734393,0,7.616245421e-05,0,0,0,0,4.397574594e-05,0,0,0.0002252539416,0
18,3.908734288e-05,0.0001221896528,0,0.0001175738944,0,0,0,0.0001665573946,0.004940307233,0.004799644463,0.009199251421,0.009652375244,0.136398226,0.005445232615,0,0.0315387845,8.871451428e-06,0,5.857960332e-06,3.146392919e-05,1.780692401e-05,5.741827408e-05,5.011379926e-06,0,8.649480492e-07,1.750196861e-05,0.005419515073,0.000343535241,0.004539361689,0.002544548828,0.001120893401,0.0006867386983,0.0002808585996,0.0003086983343,0.0004620852997,0.0004543270916,2.329378003e-05,0.0001022188808,3.936564826e-05,0,0,0,0,0.1209684163,0.03077745624,0.00795265846,0.0101416437,0.00525712315,0.002380952472,0.008758092299,0.005789320916,0.007781644352,0.002380952472,0.002380952472,0.0070898165,0.009845969267,0.01690043136,0.01238283142,0.01051870361,0.002606204944,0.002380952472,0.002380952472,0.009678907692,0.007661045995,0.003218059894,0.007298022974,0,0.002380952472,0.003625823418,0,0.004617305938,0.002380952472,0.2393284291,0.002380952472,0.005225026049,0.001525616855,0,0.005186016206,0.001409877092,0.0004753218964,0.0005753445439,0.007685367949,0,0.06185445562,0.02744819596,0.00421612151,0,0.003228830639,0.002380952472,0.001454173704,0.001772099524,0,0,0.0002820268273,0,0,0,0,0,0,0,0,0.001519926125,0,0,0,0.0001679873531,0.000234195104,0,0,0,0,0.001017936855,0.001222271356,0,3.942144394e-05,0,0,0,0,0,0,0.0001299312135,0,4.066901238e-05,0,0.0006840885035,0.00316514005,0,0,0,0,0,0.0006489162333,0,0.000943769177,0,0,0,0,0.001100862632,0,0
19,5.551509457e-05,0.0001875752787,0.0002284309739,0.0003045180347,0.0004914834863,0.001065108227,0,0.000494364358,0.00567964511,0.009833157994,0.01009133738,0.0109833004,0.1344833672,0.009090888314,0,0.0349262245,2.877912993e-05,5.857960332e-06,0,2.608890827e-05,5.736275125e-05,0.0001499011705,0.0001295523543,0.0001046941907,3.404232848e-05,3.888455831e-05,0.01395334676,0.002960803686,0.006012076512,0.003582917852,0.001671116333,0.0008494114736,0.0005167530035,0.0007999113295,0.001077666413,0.001138468739,0.0001420610497,0.0003914615372,8.671903197e-05,0.0001987721189,0.0005465408904,0,0.001398141962,0.1314615458,0.02713863924,0.009666508995,0.003791229334,0.01208829321,0.001108247554,0.01033780817,0.006021483336,0.0009383868892,0,0.001707243966,0.005818355363,0.009606082924,0.02258956246,0.02213397622,0.02217536233,0.01201769244,0,0.009279462509,0.01216020156,0.0169366505,0.006223835982,0.01369153056,0.002380952472,0.01073533017,0.004384184256,0.002414311282,0.006972993258,0,0.3050782084,0.007142857648,0.003367215628,0.00592114171,0.002129454166,0.002822178416,0.001990065444,0.007240972482,0.004801344126,0.01251268107,0.003063175827,0.08655156195,0.02803986892,0.002380952472,0,0.003396859858,0,0.00767873833,0.004156623967,0.002380952472,0.001091461512,0.0001899700437,0,0,0,0,0,0,0,0,0,0,0,0.0005230698735,8.292300481e-05,0.0001263613376,0.002380952472,0,0,0,0.001244892483,0.0007589504239,0,0.0009674140601,0,0.0005258403253,0,0,0,0,0.0006099597667,0,0.0003037292918,0,0.0004805700737,0,0,0.00119473564,0,0.002380952472,0,0,0.001157008344,0,0,0,0.0005980934366,0,0,0,0.000416583207
20,0.0001208747635,9.25053464e-05,0.0002218030422,0.0001986936404,0,0,0,0.0002183186443,0.005469942931,0.007974512875,0.006153055932,0.0109471539,0.1345600486,0.01426630653,0,0.03003029339,6.299795496e-05,3.146392919e-05,2.608890827e-05,0,1.961989437e-05,6.749965542e-05,6.786616723e-05,1.72698019e-05,1.873123074e-05,3.198554987e-05,0.01412583701,0.003243430285,0.005839404184,0.003474530531,0.001519160578,0.0009368853061,0.0006450653891,0.0008034769562,0.001191322925,0.000782790652,0.00039211681,0.0002546864562,0.0002768581326,0.0002386131964,0.0002108523622,8.552873624e-05,0,0.1774204373,0.03762268648,0.03014643118,0.01514972094,0.01766724512,0.001852206071,0.009657473303,0.01841234043,0.00986616686,0.008375610225,0.011654214,0.01302819978,0.01547749899,0.01943428442,0.01949999295,0.0221079085,0.006929622497,0.005218142178,0.00590718165,0.02437788062,0.01919143647,0.006943467539,0.009237942286,0.0004998985096,0.005386517383,0.01522434969,0.002703076927,0.006432896014,0.0103414366,0.3205263317,0.006740315352,0.0142872408,0.0023378029,0.006311472505,0.001109346515,0.007462609094,0.00967430789,0.004144954029,0.006381129846,0.004761904944,0.09677619487,0.06164587662,0.0142857153,0.007142857648,0.003654040163,0,0.003996426705,0.006061331835,0.003115275409,0.002380952472,0.0004799442249,0,0,0,0,0,0.002380952472,0.0001337380527,0.0009441481088,0,0,0,0,8.881150279e-05,0.0002185242192,0,0,0.0003904777113,0,0.00319986348,0.0006055883714,0.000438468327,0.0003238186473,0.0004307532799,0,0,0,0.001177854254,0,0.001930299099,0.001573140034,0.0006153576542,0,0,0,0.001829147921,0,0,0,0,0.0002429490269,0,0,0,0,0.0002786097175,0.001169265015,0.0001572378969,0.002380952472,0
21,5.199646694e-05,0.000276724284,3.414661114e-05,9.000040882e-05,0.0002536216634,0,0,0.0001233820803,0.003439900465,0.006041823421,0.003489227034,0.01114845928,0.1370390654,0.01021256391,0,0.02052632347,2.83789941e-05,1.780692401e-05,5.736275125e-05,1.961989437e-05,0,4.733200058e-06,2.501444669e-06,0,2.861793973e-06,2.331421911e-06,0.007556190714,0.001746703521,0.003528802888,0.001846469357,0.0008669895469,0.0003737609659,0.0002468746679,0.0002152140223,0.0005424692645,0.0002247390221,0.000152935434,4.722368249e-05,4.94828746e-05,1.140498898e-05,0,0,0,0.1701284051,0.04061559215,0.007257384248,0.01147096977,0.01613036357,0.007765476592,0.01057721116,0.009972851723,0.002634943463,0.009523809887,0.008325804025,0.01652787998,0.01219021995,0.01588758267,0.01871009171,0.01547453273,0.007645973936,0.004761904944,0.0035760717,0.0120817963,0.01106312685,0.001340861782,0.007135731168,0,0.006416383665,0.01057050191,0.004266662057,0.005644960329,0.01190476213,0.3149453104,0.002977589844,0.005421271082,0,0.003737394698,0.002034413861,0.004894362763,0.0005066744052,0.001980756409,0.003766162088,0.002380952472,0.1041829363,0.05369576067,0.003826020285,0.003223890206,0.001298380317,0.002380952472,0.002121521393,0.001401549787,0.0004393101553,0.004596429411,0.0009870843496,0,0,0,0,0.001170388889,0,0,0,0.002380952472,0,0,0.001026736107,0.0001602349366,0.0003824059677,0,0.0004084848042,0,0,0.0007762402529,0,0,0.0002990946523,0.002380952472,0,0,0.001239062287,0.000756758207,0.002421107376,0.0006683908869,0,0.000458378694,0,0,0.0001321343152,0.001062665135,0,0.0002309610572,0,0.002380952472,0,0,0,0,0,0,0.0004046310496,0,0,0.002380952472
22,4.737909694e-05,5.377516209e-05,0,9.986263467e-05,7.541274681e-05,0.0001453170989,0,0.0001699203131,0.003071637126,0.005650943611,0.006619887426,0.009874902666,0.1380423307,0.00811923109,0,0.02139057033,4.172078116e-05,5.741827408e-05,0.0001499011705,6.749965542e-05,4.733200058e-06,0,0,0,3.592554322e-06,1.139353935e-05,0.005296991672,0.0009631329449,0.002260620706,0.001341550029,0.0004711347283,0.0002151199005,7.811660907e-05,0.0001468287664,0.0002705850347,0.0001414676226,5.104787124e-05,0,7.12471865e-06,9.133720596e-06,0,0,0,0.09408230335,0.01563009433,0.004715328105,0.004761904944,0.01311788708,0.007142857648,0.007478233892,0.006493019871,0.007142857648,0.002380952472,0.005923058372,0.01003047358,0.007142857648,0.01687332429,0.01255128533,0.01493676472,0.004761904944,0.0007924413658,0.005940405186,0.008279054426,0.01182329096,0.002249990124,0.004565939307,0,0.006384061649,0.001319432282,0.005959358998,0.001632412779,0.002380952472,0.2435153276,0.002380952239,0.007797375321,0.004464313388,0.002852284117,0,0.003990727477,0.003347106045,0.001915889676,0.001952528604,0,0.0487863645,0.03883232549,0.0006019951543,0.002380952472,0,0,0.004303602502,0.0009391406202,0.002380952472,0.002820173511,0.0001403168426,0.002380952239,0,0,0,0,0,0,0,0,0,0,0,0.000313351542,0.0002357264166,0,0,0.002528991085,0,0,7.879273471e-05,0,0.0003933494736,0,0,0.001322340919,0,0.0005455559585,0.004761904944,0.0005049817846,0.002380952472,0.00308254268,0,0,0,0,0.002380952472,0,0,0,0,0,0,0,0.002380952472,0.000215406777,0,0,0,0.001077657682
23,0,0,0.0006855732645,0,0,0,0,0.0001589272433,0.004979632329,0.008906151168,0.004727541003,0.01032683905,0.08996070921,0.003361213952,0,0.0212341547,2.114464951e-05,5.011379926e-06,0.0001295523543,6.786616723e-05,2.501444669e-06,0,0,0,0,3.522462521e-06,0.00361398235,0.0006385240122,0.001764278393,0.0006881989539,0.0003433259844,0.0001276801922,6.287952419e-05,0.0001102694296,0.0003711475292,0.0001344960765,0.0001052739681,0,0,0,0,0,0,0.05324681476,0.01302993763,0,0.000705894432,0.001444329275,0.002380952472,0.003716078587,0.002380952472,0,0,0,0.0009965704521,0,0.01629939303,0.007497720886,0.01144622546,0.001785915578,0,0.002380952472,0.007923792116,0.003787213704,0.0006704263506,0.007592435461,0,0,0.005902310833,0,0.002113534836,0,0.1211477071,0.00131291349,0.003217673395,0,0,0,0.001916686655,0.002612645039,0.00167508109,0.003693927079,0,0.02316533215,0.02009182423,0.002380952472,0.002380952472,0,0,0.004257466178,0,0,0.001772547374,0,0,0,0,0,0,0,0,0,0,0.002380952472,0,0,0,0,0,0,0,0,0.003253988456,0,0,0,0,0,0,0,0,0,0,0,0,0,0,0,0.004761904944,0,0,0,0,0,0,0,0,0,0.002380952472,0,0,0,0.004761904944
24,0,0,0,0.0001578939118,0,0,0,0.000640525599,0.001106527518,0.003829709254,0.005526693538,0.006926151458,0.05859558284,0,0,0.01427839044,1.206667912e-05,0,0.0001046941907,1.72698019e-05,0,0,0,0,0,0,0.002559519373,0.000683736871,0.00136111211,0.0009041475714,0.0003210127761,5.521045387e-05,0,0,0.0003161679488,5.870476889e-05,9.786614828e-05,5.998792039e-05,0,0,0,0,0,0.04932739213,0.003555577016,0.005400645547,0,0,0.004761904944,0,0,0,0,0,0,0.002380952472,0.004932957701,0.002209067577,0.007139672991,0,0,0,0.003690689104,0.003791167401,0,0.0008581517613,0,0,0.0009179509361,0,0.004031992517,0,0.07025333494,0,0.002380952472,0,0.002380952472,0,0.0008445749991,0.001364888623,0,0,0.002380952472,0.02380952425,0.01321328525,0.002380952472,0,0.0009200175409,0,0,0.002380952472,0.002380952472,0,0.001177081955,0,0,0,0,0,0,0,0,0,0,0,0,0,0,0,0,0,0,0,0,0,0,0,0,0,0,0.0004861252964,0,0,0,0,0,0,0,0.002763163066,0,0,0,0,0,0,0,0,0,0,0,0,0,0
25,1.899727613e-05,0,0.0002127983462,6.298765948e-05,0,0,0,2.509168917e-05,0.0006381268613,0.004181300756,0.0002398515062,0.007144231815,0.08560311794,0.001731819008,0.002380952472,0.005245811772,3.752033081e-06,8.649480492e-07,3.404232848e-05,1.873123074e-05,2.861793973e-06,3.592554322e-06,0,0,0,3.380139049e-07,0.00225270493,0.001144772745,0.003332354361,0.00143392419,0.0005608684733,0.000301875174,0.0003084301425,8.202610479e-05,0.000244557421,0.000121092482,5.682749179e-05,0,0,0,1.788570444e-05,0,0,0.06542602926,0.01166781317,0.01190476213,0.002380952472,0.001714170445,0.005587503314,0.007983482443,0.006140768994,0,0,0,0.002380952472,0.00163480686,0.009725630283,0.002485421719,0.0153764775,0.002380952472,0.002380952472,0.007142857648,0.00164287095,0.004143446218,0,0.005232092459,0.002380952239,0.002380952239,0.003360204864,0.003146601375,0.004676065873,0.001015907037,0.1596555561,0,0,0.0004375492281,0,0.001141731278,0.001832777052,0.005879959092,0.000194909022,0.004717893898,0,0.04150595888,0.02290928178,0.002380952472,0.002380952472,0,0,0.004465442616,0.0008560930146,0.0007841492188,0,0.0001592542976,0,0,0,0,0,0,0,0,0,0,0,0.0006365597364,0,0,0,0,0,0,0.001539056422,0.000649784808,0,0,0,0,0,0,0,0,0.0002102509898,0,0,0,0,0,0.001028636238,0.003631869564,0,0,0,0,0,0,0,0,0,0,0,0,0
26,3.231640949e-05,0,4.012645149e-05,0.0001829948742,0,0,0,0.0001330884697,0.0016622697,0.004973741714,0.006940944586,0.01044113096,0.1401896328,0.006649059244,0,0.01159127895,2.899769424e-05,1.750196861e-05,3.888455831e-05,3.198554987e-05,2.331421911e-06,1.139353935e-05,3.522462521e-06,0,3.380139049e-07,0,0.003052124754,0.0008326398674,0.002996199299,0.001556487172,0.0005120419664,0.0003138651082,6.218266935e-05,3.703112452e-05,0.000145819271,3.836990436e-05,0.000103279308,2.495973786e-05,0.0001543390681,0.0001699070708,0,0,0,0.1209482849,0.01968893409,0.002380952472,0.006951599382,0.01448087394,0,0.003696257249,0.001278186333,0.002380952472,0,0.007142857648,0.002862752415,0,0.009359662421,0.006068822928,0.009895924479,0.008153645322,0,0.000653074123,0.007824501023,0.008081278764,0.0006513684057,0.005496670958,0.00321900798,0.002885675523,0.006010917481,0.0006120698527,0.00232641981,0.007142857648,0.2385557145,0.002380952239,0.007689148188,0.001517294906,0,0,0,0,0.0009180827183,0.003306008177,0.002380952472,0.07890758663,0.0415776819,0.007108395919,0.002380952472,0.002380952472,0,0.002588569652,0.001398763154,0,0.0009776043007,0,0,0,0,0,0,0,0,0,0,0,0,0,0,8.084910223e-05,0,0,0,0,0,9.064240294e-05,0.002380952239,0.0001614789799,0,0,0,0,0,0,0,0,0.000544546172,0,0,0,0.0004477639741,0,0,0,0,0,0,0,0,0,0.00031878546,8.78832434e-05,0,0,0.0004979518708
27,0.003200135427,0.009457100183,0.01034245454,0.01482015941,0.02525372617,0.007246456575,0,0.01390389632,0.0008827366401,0.003784448141,0.002250055782,0.008523629047,0.1464194357,0.009309600107,0.001711128629,0.01342493109,0.002881076653,0.005419515073,0.01395334676,0.01412583701,0.007556190714,0.005296991672,0.00361398235,0.002559519373,0.00225270493,0.003052124754,0,0.0001391708938,0.0005882631522,0.000847892079,0.0003950479731,0.000538353459,0.0007047829567,0.000292745186,0.0001822969352,0.0004315527913,0.0001539645891,0.0004686986213,0.0002059955586,1.687255462e-05,4.217114838e-05,6.52919116e-05,0.0003233156167,0.3095420897,0.08761574328,0.05096919462,0.0114804646,0.04028382525,0.03401174769,0.00847982429,0.00504479045,0.01027438603,0.004857274704,0.004764621612,0.006715204101,0.004985674284,0.007041858975,0.003174922196,0.005950494669,0.01517966669,0.003427586751,0.003579149954,0.004341644701,0.003526473651,0.004592730664,0.004035288002,0.02678738721,0.006656774785,0.0167002324,0.00748654874,0.003480292857,0.04036097601,0.6280094385,0.009226728231,0.005143019836,0.002885009628,0.003776615253,0.00378145976,0.006347695831,0.002269199118,0.003583926708,0.003813926131,0.02988564596,0.3688527346,0.2184601873,0.07554132491,0.01344112493,0.002104050247,0.001828142907,0.004464129452,0.003673730185,0.005218348466,0.007213347126,0.05071588606,0.01086856611,0.002380952472,0.003388279816,0.007308237255,0.001644983771,0.002380952472,0.01446980145,0.01382755861,0.002672587521,0.007142857648,0.007240704261,0.006733102258,0.01626098342,0.01660829037,0.009236332029,0.005032078829,0.01205173414,0.002380952472,0.009815451689,0.01007469278,0.0008196434355,0.007277898956,0.006975879427,0.006738034543,0.00588014815,0.007350820117,0.006347572897,0.002778544324,0.005665493663,0.02342141047,0.03688689321,0,0.006768823601,0.004038311541,0.006457826123,0.004151392728,0.004531616345,0,0.004761904944,0.009744107723,0,0.009660402313,0.004406103864,0.001705997624,0.007025053259,0.005567603279,0.01186984126,0.005542697385,0.002016374841
28,0.003671255428,0.002770432737,0.003152259858,0.005438522901,0.002328717848,0.002347289119,0,0.009079339914,0.003148293588,0.007676145993,0.004812280182,0.01405363809,0.1512104422,0.009695476852,0.002380952472,0.03685859218,0.002681718441,0.000343535241,0.002960803686,0.003243430285,0.001746703521,0.0009631329449,0.0006385240122,0.000683736871,0.001144772745,0.0008326398674,0.0001391708938,0,6.294993364e-05,0.0002703749924,0.0001502781815,0.000199381393,0.0001359797025,8.231440006e-05,7.391323015e-05,6.641039363e-05,1.86761099e-05,1.334100125e-05,3.022944657e-05,9.08866059e-06,0,4.502633601e-06,0,0.179752171,0.04913109168,0.02294526249,0.005978240632,0.01198302489,0.007917426527,0.01498645917,0.003980171401,0.007753300946,0.001216516597,0.008317351341,0.006564831827,0.006284858566,0.01548753213,0.01088283677,0.01148906257,0.01475717407,0.005869336426,0.006326874718,0.01279247552,0.00770957442,0.002218668815,0.01009699516,0.01025924925,0.001181241241,0.01033697091,0.001964633586,0.00649168063,0.007142857648,0.4330826104,0.008025021292,0.00114876905,0.001192827825,0.004174266011,0.004582099151,0.007648476399,0.002380952472,0.002667260356,0.006790532731,0.006220945157,0.183205694,0.1215879843,0.006832898594,0.002380952472,0.003065098077,0,0.008933056146,0.002693479415,0.002380952472,0.00099876686,0.02015227266,0,0,0,0.0005644892808,0.002380952239,0.002380952239,0.001641115523,0.006349096075,0,0,0,0,0.005733806174,0.005733117927,0,0.004761904944,0.001911357511,0,0.00302824867,0.004546684213,0.001362746116,0.003396864515,0,0.004097603727,0.002380952472,0.00087797374,0,0.002380952472,0.004910225514,0.002380952239,0.01460890472,0,0.003001403529,0,0.003831415204,0,0,0,0,0.003343931632,0,0.005322383251,0,0,0.002409431618,0,0.003918636125,0,0.001359811053
29,0.00752394693,0.008143875748,0.009460130706,0.009648908861,0.01302232221,0.0006481482415,0.004761904944,0.0177349057,0.004682088736,0.00954187382,0.006867531221,0.01588756405,0.1456667781,0.01001040637,0,0.04482807219,0.01259016711,0.004539361689,0.006012076512,0.005839404184,0.003528802888,0.002260620706,0.001764278393,0.00136111211,0.003332354361,0.002996199299,0.0005882631522,6.294993364e-05,0,0.0002690993424,0.0005575337564,0.001075315988,0.001364960917,0.0007680024137,0.0005813825992,0.0005073901266,0.0002568310592,0.0002050570329,0.0009918349097,0.001070404076,0.001712732133,0.001180975116,0.003326192964,0.2165261358,0.06775291264,0.03709381819,0.01092360169,0.02485188842,0.018030582,0.009890488349,0.003896116978,0.005215923302,0.002380952472,0.005262183025,0.01505171135,0.003323389683,0.01283696387,0.004988549277,0.01184549741,0.01841998473,0.003832946066,0.007488350384,0.006934094243,0.003699544119,0.009377585724,0.01340957638,0.03379171714,0.006820825394,0.01634510234,0.001622081269,0.009074922651,0.02495905198,0.5290847421,0.002757052192,0.006221505348,0.005213770084,0.01109779254,0.006985450629,0.01348651759,0.003486016998,0.0124486452,0.003763319692,0.02996294014,0.2373123318,0.153739661,0.02821598202,0.006971618161,0.003696992528,0.006464728154,0.008823686279,0.007369747851,0.004810329527,0.001358669484,0.03284743428,0,0,0.001334483619,0.007142857648,0.002380952472,0.001701472444,0.01164370868,0.007220000494,0,0.002380952239,0.0008354502497,0.008370378986,0.0146581931,0.01115181949,0.005307984073,0.004761904944,0.01056320965,0.005344350822,0.01138846949,0.01385929622,0.005922547542,0.0084813945,0.001703301445,0.0007061306387,0.0006627440453,0.00814851094,0.005452650134,0.002008255571,0.006121232174,0.009523809887,0.02519409172,0,0.003481057473,0.002227104269,0.005380196963,0.01119428407,0.002380952472,0.002380952472,0.0004235345114,0.004507668316,0,0.004067489877,0.002380952472,0.006474607624,0.005876349285,0.00168612774,0.002690178808,0.001455762889,0.004980330821
30,0.003085719189,0.004390957765,0.004406082444,0.005145100877,0.007345180027,0.006130323745,0.0009144741925,0.00924158562,0.002848065691,0.009437374771,0.005908013321,0.01638859883,0.1592201889,0.009527869523,0,0.02713710256,0.007431941573,0.002544548828,0.003582917852,0.003474530531,0.001846469357,0.001341550029,0.0006881989539,0.0009041475714,0.00143392419,0.001556487172,0.000847892079,0.0002703749924,0.0002690993424,0,0.0001119733788,0.0003789468028,0.0004664584412,0.0003978921741,0.0001263309678,0.0002960960555,0.0003607354593,0.0002363282401,0.0006604397786,0.0002377454803,0.0003508397785,0.0001840304176,0.001618392183,0.2463611662,0.08240955323,0.0316542387,0.009595394135,0.0265580304,0.01592232659,0.01254100259,0.005120324902,0.005235936027,0.008087378927,0.01328053046,0.01245550252,0.01432045549,0.01455894951,0.008415668271,0.01316213328,0.01815502718,0.005457664374,0.01366655342,0.005751267076,0.006732672453,0.009538565762,0.01003803033,0.02259855159,0.009361179546,0.02017024346,0.004667378962,0.006428781897,0.03797770292,0.5625162125,0.01240272447,0.007022575941,0.009214024991,0.007347734645,0.008069970645,0.006432965398,0.005569264293,0.004721381236,0.008852450177,0.01943186484,0.3021324575,0.1849973053,0.04295127094,0.01262910664,0.008866059594,0.004828988109,0.008866924793,0.009875584394,0.004205438308,0.00339122396,0.02855461277,0.004761904944,0,0.003194473917,0.007846661843,0.01190476213,0.006352744065,0.006177817937,0.001990956953,0.002380952472,0,0.006007866934,0.006097011734,0.00607542228,0.00764869526,0.002259552944,0.001220339211,0.007587880827,0,0.01049069874,0.004677245393,0.002813080559,0.005049803294,0.005768608302,0.00310323271,0.004190900829,0.00539510278,0.006388559937,0.003824800719,0.003270292422,0.01061447524,0.02568593808,0,0.001136106905,0.003179864027,0.001012845314,0.002789021004,0.00311659975,0.004058841616,0,0.008284581825,0,0.003924749326,0.0006409888738,0.006601975299,0.002186001977,0.002485492034,0.004364339169,0,0.002515914384
31,0.001178075559,0.002330649411,0.002629563212,0.002433336107,0.005106269848,0.007971159182,0,0.003968243022,0.001750930911,0.007712990511,0.005610465538,0.01394582447,0.157847181,0.006284602918,0,0.01674410142,0.002607443603,0.001120893401,0.001671116333,0.001519160578,0.0008669895469,0.0004711347283,0.0003433259844,0.0003210127761,0.0005608684733,0.0005120419664,0.0003950479731,0.0001502781815,0.0005575337564,0.0001119733788,0,2.702328311e-05,3.023965655e-05,1.401937334e-05,2.358476013e-05,7.519368228e-05,0.0001255325187,1.38031719e-05,4.773743422e-05,2.116589167e-05,0,0.0001140404565,0,0.2376410365,0.0622025542,0.05102708191,0.01121371705,0.02369093709,0.02320646867,0.01490438078,0.009447610937,0.01337703597,0.003428005381,0.009817773476,0.01291188784,0.009255564772,0.01292592194,0.007646315731,0.01250014734,0.01121600252,0.00351024163,0.01065432187,0.007509222254,0.008252926171,0.006462987512,0.009917594492,0.01515962556,0.008022401482,0.0116061531,0.004311962985,0.007142761257,0.02342597209,0.5641235113,0.009281600825,0.007379059214,0.005234803539,0.009329253808,0.004362359643,0.005977611989,0.01002305653,0.0050189537,0.005682311952,0.01251347084,0.2922061384,0.1683111489,0.03319735825,0.00486991182,0.005781315733,0.0009395169909,0.003366390942,0.006458399817,0.002380952472,0.007268249523,0.01978795975,0.002380952472,0,0,0,0,0,0.0006871855003,0.003247339744,0.0003244222025,0,0.001545717823,0.001539723249,0.003610881278,0.003445957555,0.003622417338,0.004253095016,0.001934073982,0.002380952472,0.009950976819,0.007454208098,0.000818581786,0.001798406127,0.002572978148,0.002380952472,0,0.003428925527,0.001300511998,0.002502053278,0.002387747169,0.02101416141,0.01272609923,0.001014105626,0.0003999937326,0.0004718041455,0.001442746609,0.003010743065,0.002380952472,0,0.003599382704,0.003007065738,0,0.001227417379,0,0.000840259192,0.001925195218,0.001723148394,0.0001932156447,0.0002394363255,0.005988262594
32,0.0009330859757,0.0009388427134,0.001226347405,0.001441505039,0.003944267519,0.004147733096,0,0.002224873053,0.002434899798,0.009077742696,0.006279658992,0.0140806241,0.150756821,0.01373984665,0.002380952472,0.02404445782,0.001784109045,0.0006867386983,0.0008494114736,0.0009368853061,0.0003737609659,0.0002151199005,0.0001276801922,5.521045387e-05,0.000301875174,0.0003138651082,0.000538353459,0.000199381393,0.001075315988,0.0003789468028,2.702328311e-05,0,3.467885563e-06,1.799842721e-06,1.879268893e-05,2.753131594e-05,0.0001384409406,0,0,0,6.38387155e-06,2.676471013e-05,0,0.1936571896,0.07484088093,0.04379908368,0.01486961078,0.03460115567,0.01333813369,0.01838846877,0.006533912849,0.009188425727,0.003180471715,0.01021487173,0.01815544441,0.01413404197,0.01324437186,0.009994204156,0.01365807187,0.01937648468,0.00868542213,0.008417840116,0.009019586258,0.008944965899,0.007060145959,0.00785990525,0.002633063588,0.01480754372,0.01218335424,0.00402565999,0.007707819808,0.03012739494,0.5050262809,0.0130114099,0.01801011153,0.003026051912,0.0080389902,0.001932930201,0.005907032639,0.01066489611,0.005093933083,0.005515138619,0.005301631056,0.2055252641,0.1050315499,0.03181901947,0.004595932085,0.0009116576402,0.003046390601,0.006142199971,0.003737673396,0.006717813667,0.006171328947,0.009250409901,0.002380952472,0,0.002380952472,0.002380952472,0,0.0009605545783,0.0005282532074,0.0009400449926,0.0007636457449,0,0,0,0.001981233247,0.001949173515,0.002380952472,0,0.003012027824,0,0.006036714185,0.006554024294,0.000423404068,0.0009214230813,0.003306994447,0.000349590031,0,0,0.001755036647,0.00173403637,0.002562021138,0,0.005977412686,0,0.0005606600898,0.001536033931,0.005245316774,0,0,0,0,0,0,0,0,0.002380952472,0.001707835239,0,0.0004218519316,0,0.002218311187
33,0.0008411894087,0.0006944054039,0.000843495247,0.0008594305255,0.0001872401044,0.002380952472,0,0.001235834556,0.003521865699,0.01053537428,0.004737021402,0.01827844419,0.152119264,0.005036153831,0,0.03485158831,0.0009702866664,0.0002808585996,0.0005167530035,0.0006450653891,0.0002468746679,7.811660907e-05,6.287952419e-05,0,0.0003084301425,6.218266935e-05,0.0007047829567,0.0001359797025,0.001364960917,0.0004664584412,3.023965655e-05,3.467885563e-06,0,0,4.939696737e-06,3.172748984e-05,5.805915134e-05,0,0,0,0,0,0,0.1326831281,0.04275575653,0.0369669646,0.01208531484,0.007228821516,0.0108862957,0.007017471828,0.005882988218,0.007142857648,0.004761904944,0.0126233194,0.007862441242,0.008954981342,0.01953755692,0.01145468187,0.01459802128,0.01127928682,0.005306207575,0.004995049443,0.006135979202,0.01078636386,0.004923079163,0.009090617299,0.003473418299,0.008858412504,0.003515232354,0.004679922014,0.006185187493,0.01579936035,0.3207354248,0.01067760214,0.005566460546,0.003786629299,0.007142857648,0.003418229753,0.00330339768,0.006062318105,0.002465431811,0.00556180859,0.005854620598,0.1356680542,0.07609856129,0.01122087147,0.003422453068,0.002380952472,0.002380952472,0.006674950011,0.005853299517,0.001454395126,0.002380952472,0.003607100109,0,0,0,0,0,0,0,0,0,0,0,0,0.0003879239375,0.002452769782,0,0,0.003083511954,0,0.003342929762,0.004456837196,0,0.0003859401331,0,0,0.002380952472,0,0,0,0.001850454602,0,0.003109199693,0.001267074491,0,0,0.0038175222,0,0.002380952239,0,0,0,0,0.0008723121136,0,0,0.0002739769116,0.003422627924,0,0.003225818742,0.002380952472
34,0.0003436400148,0.0008354326128,0,0.0006032080855,0,0,0,0.0005766790709,0.002410056302,0.00728942547,0.004954243079,0.01233600918,0.1312043965,0.01010941248,0,0.01816560328,0.0006138529861,0.0003086983343,0.0007999113295,0.0008034769562,0.0002152140223,0.0001468287664,0.0001102694296,0,8.202610479e-05,3.703112452e-05,0.000292745186,8.231440006e-05,0.0007680024137,0.0003978921741,1.401937334e-05,1.799842721e-06,0,0,9.954267171e-07,3.434941391e-05,0.0001598248928,0,0,0,0,0,0.001133793266,0.09653174132,0.02958933823,0.006645418704,0.01315845549,0.01344711985,0.003660931019,0.008162518963,0.005065564532,0.001895248075,0,0.0008784540696,0.008324695751,0.002380952472,0.01448408701,0.01262150798,0.01496604457,0.001767930924,0.007838010788,0.001465899055,0.005147770513,0.008380291052,0.01094913296,0.006618614309,0.004761904944,0.004761904478,0.01064851694,0.002380952239,0.007914861664,0.002380952472,0.2813664079,0.003120238893,0.006037174724,0.001778907841,0.002380952239,0,0.0008787997067,0.00631724298,0.001199991093,0.006831476465,0,0.08448183537,0.04465631396,0.004761904944,0,0.003115594853,0,0.007118961774,0.002380952472,0,0.0005914067733,0.002537758788,0,0,0.002380952472,0,0,0,0.001530969748,0.001220172853,0,0,0,0,0.002380952472,0.00278819073,0,0,0.00320149865,0.001040949137,0.002380952472,0.004437320866,0,0.0006803069264,0,0,0,0,0.002380952472,0,0.001763633802,0.002380952472,0.001397111453,0,0,0,0.003868317697,0.002380952472,0.002380952472,0,0,0.0004066299298,0,0,0,0,0,0,0,0,0.002380952239
35,0.0001179258616,0.0005706177326,0.0004651098279,0.0009524143534,0.00309193763,0.0004664898734,0,0.0008922799607,0.0006452354137,0.003771996358,0.003774137236,0.009028444998,0.1467989236,0.003546104068,0,0.00594895659,0.0006071107346,0.0004620852997,0.001077666413,0.001191322925,0.0005424692645,0.0002705850347,0.0003711475292,0.0003161679488,0.000244557421,0.000145819271,0.0001822969352,7.391323015e-05,0.0005813825992,0.0001263309678,2.358476013e-05,1.879268893e-05,4.939696737e-06,9.954267171e-07,0,9.761826732e-06,5.014465205e-05,0,0,0,8.839737347e-06,0,0,0.1482709199,0.06322236359,0.02048779838,0.0086066043,0.03593847156,0.01435577683,0.01156479865,0.007737572305,0.008690301329,0.002380952472,0.004265227821,0.007710098755,0.003217039397,0.01155901607,0.006843412295,0.01027651876,0.008968343027,0.002380952472,0.003995061852,0.007513248827,0.005650267005,0.004641904496,0.003561523277,0.002720966702,0.005123068113,0.01138700824,0.004957962316,0.003139673267,0.009014717303,0.470526576,0.004761904944,0.007820128463,0.000474766799,0.007284900174,0.003499316052,0.005132627673,0.001794654178,0.004823007155,0.008938309737,0.01190476213,0.169570595,0.1044242829,0.01015524194,0.004761904944,0.002744450234,0,0.002062445274,0.003688205034,0.003087968566,0.004247960169,0.00468614744,0,0,0,0.002380952472,0,0,0,0,0.003323394572,0,0,0,0.002152345609,0.0008304929943,0,0,0.002976890188,0,0.00177093863,0.002013188321,0,0.0009035884286,0,0.002380952472,0,0.001107975491,0,0.001394286519,0.0006945920177,0,0.003784066765,0,0,0,0.002563074231,0.001594552188,0,0,0,0,0,0,0,0,0.0004680044658,0,0,0,0.002380952472
36,0.0002166199411,0.0001968027354,0.001161223161,0.000815182575,0.003133269027,0,0,0.0008216463029,0.002027295996,0.005352900829,0.004160527606,0.01069399994,0.1421891302,0.01087483857,0,0.01497374289,0.0005855045747,0.0004543270916,0.001138468739,0.000782790652,0.0002247390221,0.0001414676226,0.0001344960765,5.870476889e-05,0.000121092482,3.836990436e-05,0.0004315527913,6.641039363e-05,0.0005073901266,0.0002960960555,7.519368228e-05,2.753131594e-05,3.172748984e-05,3.434941391e-05,9.761826732e-06,0,5.307409538e-06,0,0,0,0,0.0001363418996,0,0.166350469,0.07232110202,0.03427545726,0.01031545643,0.0330388844,0.01869243197,0.004397590179,0.01185795665,0.01193848066,0.003760715947,0.005474116188,0.01132027991,0.003843025304,0.01160892844,0.006895801052,0.01128487755,0.007680061273,0.003577407682,0.007902409881,0.007713261992,0.007505815011,0.009919581003,0.008284618147,0.0100424774,0.00665558083,0.005676523317,0.001650024788,0.005662222859,0.02240539901,0.4942596853,0.004553334322,0.004146771505,0,0.002960474929,0.001719185035,0.007349661086,0.00507231243,0.0009596576565,0.01072534546,0.007739706431,0.209449634,0.1586122066,0.02834479511,0.005983560812,0.007947462611,0,0.004950569943,0.007213679608,0.001585891354,0.003062989796,0.0007759670843,0,0.002380952472,0,0,0,0.002380952472,0.0008673598641,0.002380952239,0.0006489048828,0,0,0.002380952472,0.0003274038318,0.0008033870254,0.0002285654045,0,0.001208510948,0,0.0003040854062,0.002201522468,0.0003185582755,0.0004588662996,0.002380952472,0.006830316037,0,0,0,0.0007554407348,0.0001172748671,0.002380952472,0.01654107496,0,0,0,0.004761904944,0.003326129401,0,0,0,0,0,0,0,0,0.0009637778858,0.000455327041,0.0008644976187,0.001264561317,0.004953384399
37,0.0001785226632,0.0003074671258,0.003205697518,0.00133200339,0.006571343169,0.001014269656,0,0.001871866756,0.001419353066,0.003503594548,0.001155389356,0.007997759618,0.1018409207,0.002380952239,0,0.01196962222,8.726127999e-05,2.329378003e-05,0.0001420610497,0.00039211681,0.000152935434,5.104787124e-05,0.0001052739681,9.786614828e-05,5.682749179e-05,0.000103279308,0.0001539645891,1.86761099e-05,0.0002568310592,0.0003607354593,0.0001255325187,0.0001384409406,5.805915134e-05,0.0001598248928,5.014465205e-05,5.307409538e-06,0,0,0,0,8.827573765e-06,0,0,0.1003187373,0.02065389603,0.006605247967,0.003856178606,0.007890176959,0.003582491539,0.005354881287,0.0003959593014,0.001115820021,0.002380952472,0.002380952239,0.002999285702,0,0.01208055671,0.009562849067,0.007048562169,0.00397589663,0.007142857648,0,0.002144341357,0.00980901625,0,0.004261735827,0,0.002380952472,0.008393761702,0,0.005853393115,0,0.1747929454,0,0,0,0,0,0.003338062903,0,0.002380952472,0.003091030056,0,0.06132000685,0.02735649236,0.002380952239,0,0.001394107006,0,0.0004936126061,0.001196487923,0,0,0.003793843556,0,0,0,0,0,0,0.002380952239,0,0,0,0,0,0.0008103681612,0.003373119747,0,0,0.001186329871,0,0,0,0.002380952239,0,0,0,0,0,0,0,0.0006431201473,0,0.007727289572,0,0,0,0,0,0,0,0,0.0004769567458,0.002380952472,0,0,0,0.003895858303,0,0.000775256427,0,0.002380952239
38,0.0003194973106,0.00082374661,0.000301093125,0.002720711753,0,0,0,0.0004555255582,0.001092382474,0.003373705549,0.002380952472,0.01045264304,0.01354278624,0,0,0.009536373429,0.0002048527967,0.0001022188808,0.0003914615372,0.0002546864562,4.722368249e-05,0,0,5.998792039e-05,0,2.495973786e-05,0.0004686986213,1.334100125e-05,0.0002050570329,0.0002363282401,1.38031719e-05,0,0,0,0,0,0,0,0,6.207132628e-06,0,0,0,0.009523809887,0.002380952239,0.002380952472,0,0,0,0.001015010872,0,0,0,0,0,0.002380952472,0.001903845347,0.002380952472,0.005199755076,0,0,0,0,0.00318618305,0,0.004181156866,0,0,0.002380952472,0,0,0,0.05085178837,0,0.002380952239,0,0,0,0,0,0,0,0,0.0142857153,0.002380952472,0,0,0,0,0,0,0,0,0,0,0,0,0,0,0,0,0,0,0,0,0,0,0.002380952472,0,0,0,0,0,0,0,0,0,0,0,0,0,0,0.002380952472,0,0.003444390837,0,0,0,0,0,0,0,0,0,0,0,0,0,0,0,0,0,0
39,0,0,0,0.001412887126,0,0,0,0,0.002118981909,0.001496149693,0.004916421603,0.008702213876,0.02619047649,0,0,0.00594741432,3.68437104e-05,3.936564826e-05,8.671903197e-05,0.0002768581326,4.94828746e-05,7.12471865e-06,0,0,0,0.0001543390681,0.0002059955586,3.022944657e-05,0.0009918349097,0.0006604397786,4.773743422e-05,0,0,0,0,0,0,0,0,0,0,0,0,0.0102484189,0.003142484464,0,0.003200695151,0,0,0.00654244842,0,0,0,0,0,0,0.0005216421559,0.004761904944,0.008567856625,0.002380952472,0,0,0,0.002380952472,0,0.0009855054086,0,0,0,0,0,0,0.03095238283,0,0,0,0.002380952472,0,0,0,0,0,0,0.004761904944,0.004761904944,0.004761904944,0,0,0,0,0,0,0,0,0,0,0,0,0,0,0,0,0,0,0,0,0.001830073539,0,0,0,0,0,0,0,0,0,0,0,0,0,0,0,0,0,0,0,0,0,0,0,0,0,0,0,0,0,0,0,0.002380952472,0,0,0,0
40,0.0001155851205,0,0,0.0001481697691,0,0,0,0.0001295078837,0.0008605299518,0.00113542052,0,0.006093483884,0.04903465137,0.002380952472,0,0.002465155674,7.242876109e-06,0,0.0001987721189,0.0002386131964,1.140498898e-05,9.133720596e-06,0,0,0,0.0001699070708,1.687255462e-05,9.08866059e-06,0.001070404076,0.0002377454803,2.116589167e-05,0,0,0,0,0,0,6.207132628e-06,0,0,0,0,0,0.02027959377,0.005967344623,0.004761904944,0,0.004761904944,0,0,0.003041737713,0,0,0.0005318096955,0,0.002380952472,0.002769448562,0.006410488859,0.004920604639,0,0,0,0,0.00287451176,0.002380952472,0.002517606597,0,0.002380952472,0.002380952239,0,0.003053820226,0.004761904944,0.08571428806,0.002380952472,0,0,0,0,0,0,0,0,0,0.02857143059,0.01904761977,0,0.002380952472,0,0,0,0,0,0,0,0,0,0,0,0,0,0,0,0,0,0,0,0,0.002195069101,0,0,0,0,0.0005367699778,0,0,0,0,0,0,0,0,0,0,0,0,0,0,0,0,0,0,0,0,0.002380952472,0,0,0,0,0,0,0,0,0
41,0,0,0,0,0,0,0,0.0001358235604,0.0002000397944,0.000353165553,0.0004784521298,0.006456669886,0.04072024673,0.002380952239,0,0.0047022379,2.304421287e-05,0,0.0005465408904,0.0002108523622,0,0,0,0,1.788570444e-05,0,4.217114838e-05,0,0.001712732133,0.0003508397785,0,6.38387155e-06,0,0,8.839737347e-06,0,8.827573765e-06,0,0,0,0,0,0,0.01190476213,0,0.0009989968967,0,0,0,0,0.002380952472,0.002380952472,0,0,0,0,0.004804667085,0.0054065031,0.0009886574699,0,0,0,0,0,0,0.005447150674,0,0,0,0,0.001681476133,0.004761904944,0.04047619179,0,0,0,0,0,0.004761904944,0,0,0,0,0.003768256633,0.01190476213,0,0,0,0,0,0,0,0.002380952239,0.002380952472,0,0,0,0,0,0,0,0,0,0,0,0,0.002380952472,0,0,0,0,0,0,0,0,0,0,0,0,0,0,0,0,0,0.001046404941,0,0,0,0,0,0,0,0,0,0,0,0,0,0,0.002380952472,0,0,0
42,0,0.0004390352697,0,0.0002984110324,0,0,0,0.0003027761413,0,0.001993878512,0,0.003244836349,0.03540313616,0,0,0.004129679408,6.1962578e-06,0,0,8.552873624e-05,0,0,0,0,0,0,6.52919116e-05,4.502633601e-06,0.001180975116,0.0001840304176,0.0001140404565,2.676471013e-05,0,0,0,0.0001363418996,0,0,0,0,0,0,0,0.01904761977,0,0,0.002380952472,0,0,0.002380952472,0,0,0,0,0,0,0.006373274606,0.002380952472,0.006372246426,0,0,0.002380952472,0.002380952472,0.001536300988,0,0,0.002380952472,0,0.004761904944,0,0.002380952239,0,0.03401863202,0,0.002380952472,0,0,0,0.002380952472,0,0,0,0,0.002380952472,0,0,0,0,0,0,0,0,0,0,0,0,0,0,0,0,0,0,0,0,0,0,0,0,0,0,0,0,0,0,0,0,0,0,0,0,0,0,0.001620054478,0,0.002380952472,0,0.002380952472,0,0,0,0,0,0,0,0,0,0,0,0,0,0,0,0
43,0,0,0,0,0,0,0,7.566916611e-05,0.0001440138876,0.001187579124,0,0.001635807217,0.002380952239,0,0,0.0006847513141,3.656010449e-05,0,0.001398141962,0,0,0,0,0,0,0,0.0003233156167,0,0.003326192964,0.001618392183,0,0,0,0.001133793266,0,0,0,0,0,0,0,0,0,0.002380952472,0,0,0,0,0,0,0,0,0,0,0,0,0,0,0.002380952239,0,0,0,0,0.002380952472,0,0,0,0,0,0,0,0,0.009523809887,0,0,0,0,0,0,0,0,0.002380952472,0,0.002380952472,0,0,0,0,0,0,0,0,0,0,0,0,0,0,0,0,0,0,0,0,0,0,0,0,0,0,0,0,0,0,0,0,0,0,0,0,0,0,0,0,0,0,0,0,0,0,0,0,0,0,0,0,0,0,0.0004545442644,0,0,0,0
44,0.355696708,0.1933810562,0.3945016265,0.3880244195,0.3942528069,0.3035785258,0.2143463343,0.4467432499,0.4150688052,0.3048415482,0.4406243265,0.4001613855,0.7155982852,0.8524195552,0.6772542,0.380595088,0.1793404371,0.1209684163,0.1314615458,0.1774204373,0.1701284051,0.09408230335,0.05324681476,0.04932739213,0.06542602926,0.1209482849,0.3095420897,0.179752171,0.2165261358,0.2463611662,0.2376410365,0.1936571896,0.1326831281,0.09653174132,0.1482709199,0.166350469,0.1003187373,0.009523809887,0.0102484189,0.02027959377,0.01190476213,0.01904761977,0.002380952472,0,0.1417399347,0.1850753427,0.2326701283,0.2789590061,0.2665275037,0.1968199015,0.2646917403,0.2923566401,0.2727291882,0.2831140459,0.2838041484,0.2595255673,0.2035672516,0.1951635182,0.1720413268,0.2472042739,0.2402953655,0.231274575,0.2546868622,0.2383216918,0.316736728,0.2452858239,0.4128099978,0.3488644958,0.427782774,0.2378593236,0.3481379449,0.7001709938,0.9186179638,0.355021745,0.2883495688,0.5163195133,0.3429878354,0.2821463346,0.3029358089,0.3284404576,0.3489175439,0.342261672,0.3490408659,0.6137167215,0.7594487071,0.4141557813,0.70888412,0.4107677937,0.3913862407,0.3510849774,0.2908143103,0.3497598767,0.3521841764,0.4038043916,0.3782124519,0.3896744251,0.3505642116,0.3614883423,0.3887968957,0.2695091069,0.3382608891,0.3564899266,0.2579649985,0.07397478819,0.08610669523,0.09104386717,0.208988741,0.2734856904,0.2952752411,0.05343674123,0.2892359793,0.03631559387,0.2873227,0.263000071,0.1256755739,0.2520279288,0.17088525,0.3009566069,0.09161295742,0.161436528,0.2471729666,0.2281254232,0.2696237266,0.1497961432,0.400759697,0.2688062787,0.2136669755,0.1838090569,0.2941128016,0.2669242322,0.2977426052,0.1873636097,0.1040625498,0.2449225038,0.1433044374,0.160170868,0.1688704938,0.1942774355,0.3030014634,0.2062774599,0.2060162872,0.3587174714,0.2797453403
45,0.03159864992,0.07957068086,0.1854581386,0.208186388,0.01059555821,0.1775075346,0.1902652234,0.2444886863,0.1243207678,0.2561501265,0.1283021122,0.2440030575,0.2544489503,0.5692968965,0.5340221524,0.1296233237,0.02628122456,0.03077745624,0.02713863924,0.03762268648,0.04061559215,0.01563009433,0.01302993763,0.003555577016,0.01166781317,0.01968893409,0.08761574328,0.04913109168,0.06775291264,0.08240955323,0.0622025542,0.07484088093,0.04275575653,0.02958933823,0.06322236359,0.07232110202,0.02065389603,0.002380952239,0.003142484464,0.005967344623,0,0,0,0.1417399347,0,0.003948326688,0.001177226659,0.0009233289747,0.001596800867,0.003120472422,0.003517564386,0.06797357649,0.1568207443,0.1914151609,0.1689555645,0.1209792197,0.08071272075,0.1151043922,0.1074676216,0.0501239486,0.09002164006,0.08560886979,0.03173649684,0.1338248849,0.23615776,0.1146546155,0.3142200112,0.3098574877,0.117719464,0.05645156652,0.08759899437,0.4416267872,0.8715898395,0.3376747668,0.1542275995,0.3562714159,0.2544286251,0.131561622,0.1971160918,0.1005255952,0.08464279771,0.02998684347,0.3024567664,0.5093204975,0.4536732733,0.2048158944,0.3743522763,0.314679116,0.3185104132,0.1941325963,0.1023087651,0.01515953243,0.04785673693,0.00792247802,0.006075599231,0.007961451076,0.007623044774,0.004701372236,0.003591534682,0.006433757953,0.006285067182,0.004376685247,0.04597604647,0.01269229036,0.01747148484,0.007470205426,0.01564695872,0.07917970419,0.0195193775,0.003163972404,0.04088354856,0.001414536382,0.111053206,0.1219875664,0.008377973922,0.04742134735,0.05047840253,0.04762488231,0.005464897957,0.0177662205,0.0221691113,0.03783339635,0.0651511699,0.09079961479,0.06919638813,0.03421381116,0.05270478129,0.03053408489,0.02807130851,0.07540294528,0.06060595065,0.01047938596,0.007824973203,0.05156066269,0.02625705302,0.02751860954,0.1087154895,0.110478051,0.08854901791,0.007688269485,0.01226694603,0.01173273847,0.07270614803
46,0.01522995159,0.01971493289,0.05979142711,0.123134993,0.01951170713,0.1428352296,0.1249463335,0.1204980165,0.09081002325,0.04724478722,0.07460147887,0.05306387693,0.4608187079,0.6148468256,0.5067413449,0.1022492051,0.03358351812,0.00795265846,0.009666508995,0.03014643118,0.007257384248,0.004715328105,0,0.005400645547,0.01190476213,0.002380952472,0.05096919462,0.02294526249,0.03709381819,0.0316542387,0.05102708191,0.04379908368,0.0369669646,0.006645418704,0.02048779838,0.03427545726,0.006605247967,0.002380952472,0,0.004761904944,0.0009989968967,0,0,0.1850753427,0.003948326688,0,0.002016177634,0.03478606045,0.02481534518,0.0006207269616,0.002407918219,0.01477317046,0.01948573999,0.01107445918,0.004609993193,0.002853257814,0.002363458509,0.007039975375,0.01080089528,0.0007325326442,0.005863579456,0.00801028125,0.003368312726,0.01448768936,0.006119397469,0.003043544013,0.02245305479,0.03561392054,0.07540462166,0.01576226577,0.006671579555,0.4779317081,0.5732216239,0.01797161065,0.003392871004,0.1264438927,0.01154102292,0.008608292788,0.004385412671,0.02920920774,0.02668208256,0.008700109087,0.005718090571,0.1087029576,0.3703179657,0.06268106401,0.3538973331,0.04534434527,0.2818129659,0.01956227981,0.002960092621,0.02355226688,0.03104235977,0.01035247091,0.01065238845,0.004750578199,0.002991863294,0.004750545602,0.006762261502,0.0008798950585,0.004518484231,0.003936010413,0.00545217609,0.002380952472,0.001212324365,0.001185870613,0.002376897959,0.01247718465,0.00968777854,0.004340474959,0.01307454612,0.003870033426,0.01811146736,0.02158787474,0.008569077589,0.006125631277,0.01698805019,0.00877548568,0.002604186535,0.009061390534,0.009086628444,0.01455914881,0.005234013312,0.03957815468,0.04428264126,0.02959164232,0.01101095043,0.01315386221,0.009153355844,0.01148455311,0.01583830826,0.007912718691,0.005731321871,0.01049199235,0.008110219613,0.0160454791,0.08103544265,0.03918581456,0.007220876869,0.001903824625,0.00402736757,0.00612354232,0.01796269789
47,0.004523854703,0.02500335686,0.02355946973,0.0734763369,0.002759524388,0.05972341076,0.05977929756,0.05074581504,0.0188476555,0.07385272533,0.02261825465,0.05213510245,0.1719832718,0.211986497,0.2701283097,0.02741741575,0.006224447396,0.0101416437,0.003791229334,0.01514972094,0.01147096977,0.004761904944,0.000705894432,0,0.002380952472,0.006951599382,0.0114804646,0.005978240632,0.01092360169,0.009595394135,0.01121371705,0.01486961078,0.01208531484,0.01315845549,0.0086066043,0.01031545643,0.003856178606,0,0.003200695151,0,0,0.002380952472,0,0.2326701283,0.001177226659,0.002016177634,0,0.000945889682,0.003380981041,0.0003749042808,0.0006468343199,0.01524232607,0.07787577063,0.09989807755,0.1165089682,0.09187090397,0.06442013383,0.0760191083,0.04286703095,0.04734828323,0.0645287931,0.09269426763,0.02572888695,0.06946911663,0.1477683187,0.07812541723,0.1318888515,0.1542635262,0.03044092655,0.04327915609,0.05860274285,0.2406457365,0.7758545876,0.1637247801,0.0994239822,0.1831967533,0.1578121781,0.08410153538,0.1332715154,0.05185138062,0.04409067333,0.01465468481,0.1621998996,0.3239951134,0.2171988636,0.06961106509,0.1806216687,0.1453167498,0.1411541104,0.1037616655,0.06791391969,0.003344696946,0.02437068522,0.002128391294,0.001733426121,0.002353906631,0.0003491675307,0.0006827391335,0.0009824743029,0.0008622933528,0.0005887821317,0.0004574524646,0.01154226996,0.002688741544,0.0004102900857,0.002380952239,0.00936267525,0.03604166955,0.001909345738,0.005589716602,0.004958366044,0.002380952472,0.0265653152,0.03881242871,0.007142857648,0.01989044063,0.01283091307,0.005706224591,0.004761904944,0.003786018584,0.0149321463,0.02083986625,0.01404425129,0.07966517657,0.005566786043,0.002283708192,0.007437058724,0.007142857648,0.00383199635,0.01416508853,0.004462537356,0.005813307595,0.00282634655,0.006306258496,0.004578288645,0.01068499032,0.04258080572,0.05326151848,0.02136687376,0.001458127866,0.001315321191,0.00138289365,0.01012860704
48,0.008655275218,0.02409607358,0.04119353369,0.1076112986,0.001144536189,0.06845224649,0.06964220852,0.06263958663,0.05380711704,0.1611653417,0.06632012874,0.1351730973,0.1511693299,0.3826705813,0.3396333754,0.05989305303,0.02574104629,0.00525712315,0.01208829321,0.01766724512,0.01613036357,0.01311788708,0.001444329275,0,0.001714170445,0.01448087394,0.04028382525,0.01198302489,0.02485188842,0.0265580304,0.02369093709,0.03460115567,0.007228821516,0.01344711985,0.03593847156,0.0330388844,0.007890176959,0,0,0.004761904944,0,0,0,0.2789590061,0.0009233289747,0.03478606045,0.000945889682,0,0.0001905048848,0.006656893529,0.0001234657393,0.03529316187,0.09795965999,0.1248190328,0.1127225757,0.08466630429,0.06758926064,0.06633809954,0.05374687165,0.1311962157,0.05957556516,0.09978874028,0.03839044273,0.110406369,0.2391420007,0.06995313615,0.2233016193,0.2313296646,0.07256308198,0.02603139728,0.05527793616,0.321549356,0.8373140097,0.2582700849,0.1741369516,0.251450181,0.209752664,0.1176266819,0.1858868301,0.06004769355,0.04176426679,0.01371862274,0.2701556385,0.4346637428,0.3390810192,0.1395223439,0.2712372243,0.2237468809,0.2262830138,0.1386895627,0.0899790749,0.001380188973,0.02504028752,0.001112829428,0.0004531391896,0.001523189945,0.0006039815489,0.0006858694833,0.0007043987862,0.0007141827373,0.000524856383,0.0004786796344,0.007926215418,0.00881259609,0.005938239396,0,0.007142857648,0.047943376,0.002344794339,0.002380952472,0.007498465013,0.002570966026,0.04894347116,0.05802578479,0.004761904944,0.01190476213,0.01733259484,0.008218246512,0.004761904944,0.007941702381,0.00526368944,0.015703151,0.02813864686,0.04264637455,0.01385247987,0.01488709822,0.01032833103,0.005436276086,0.00786671415,0.01259887032,0.009948147461,0.006549084093,0.003413422965,0.006343128625,0.01353521924,0.0149816284,0.03710462898,0.05771001428,0.03080075048,0.0108072646,0.009523809887,0.001298156451,0.01623855159
49,0.001503298641,0.007447257172,0.01233135536,0.0481361486,0.000635035336,0.05964994058,0.06021230295,0.02973000333,0.04838500917,0.06790335476,0.08580806106,0.08396559209,0.2190292478,0.5520784259,0.2835109234,0.07122383267,0.007142857648,0.002380952472,0.001108247554,0.001852206071,0.007765476592,0.007142857648,0.002380952472,0.004761904944,0.005587503314,0,0.03401174769,0.007917426527,0.018030582,0.01592232659,0.02320646867,0.01333813369,0.0108862957,0.003660931019,0.01435577683,0.01869243197,0.003582491539,0,0,0,0,0,0,0.2665275037,0.001596800867,0.02481534518,0.003380981041,0.0001905048848,0,0.003883432131,0.0001418306492,0.0123423608,0.02394726872,0.04134736955,0.07475233078,0.06366386265,0.03353242204,0.0266620405,0.02015241981,0.05321544036,0.03436011449,0.03587485105,0.002851511817,0.0130952727,0.1089120284,0.03799331561,0.1337079704,0.09527061135,0.09359754622,0.006461485289,0.0007497340557,0.2792252302,0.9360385537,0.1185003072,0.06619147956,0.2281314731,0.09766730666,0.03321519867,0.1246474534,0.0004037695762,0.0003119787434,0.0004039694322,0.218987897,0.4762252867,0.396115303,0.1008231938,0.3757705688,0.1501418054,0.01352276839,0.005556133576,0.0280509945,0.0002243464987,0.0004219001858,0.0002914147044,0.0002347421687,0.0001650230988,0.0002102318686,0.0002078379621,0.0001399157482,0.0002956175595,0.0001855283626,0.0001424084912,0.001170776319,0.001710677519,0.002380952239,0,0.002380952472,0.007974557579,0.0005847989232,0.003584426828,0.00140959979,0.002380952239,0.004453213885,0.007186673116,0.0008316346793,0.003900166601,0.009723585099,0.001472256263,0.0003563043429,0.00144994026,0.001621408039,0.00548468437,0.00424759509,0.01373394579,0.004017219413,0.00184748671,0.002980316291,0.002881519496,0.00100590894,0.002404720522,0.0016464605,0,0,0.003719922854,0,0.003801357932,0.03007834777,0.01247434877,0.005613452755,0.002380952472,0,0.0002298331528,0.002495975234
50,0.00325755938,0.009779456072,0.01733082719,0.04626847059,0.002800018759,0.04932034388,0.0463745743,0.03778590262,0.01715545729,0.03479269147,0.0212359298,0.02093536779,0.2422571331,0.2664453983,0.315692395,0.03072391637,0.0104505159,0.008758092299,0.01033780817,0.009657473303,0.01057721116,0.007478233892,0.003716078587,0,0.007983482443,0.003696257249,0.00847982429,0.01498645917,0.009890488349,0.01254100259,0.01490438078,0.01838846877,0.007017471828,0.008162518963,0.01156479865,0.004397590179,0.005354881287,0.001015010872,0.00654244842,0,0,0.002380952472,0,0.1968199015,0.003120472422,0.0006207269616,0.0003749042808,0.006656893529,0.003883432131,0,0.0001724384056,0.004620139021,0.01671043597,0.01936984435,0.01973650046,0.01054150518,0.006948855706,0.005863362923,0.00674601458,0.0008139106212,0.0120601533,0.004322331864,0.0002152839443,0.005332349334,0.02891778387,0.006088646594,0.03972516581,0.04707691818,0.02991361916,0.003391255392,0.01129524875,0.2801907361,0.78632617,0.04508787021,0.005737635773,0.1675915867,0.05308321118,0.01137945615,0.02213541791,0.01583562978,0.02505896986,0.0009596462478,0.04891409352,0.2693276703,0.1873042881,0.03356051445,0.2384126782,0.09539370239,0.1650996357,0.03926292807,0.006893869489,0.001917259302,0.008217461407,0.001402395545,0.0004176523071,0.001607237267,0.0004150841269,0.0005667573423,0.0001958461216,0.0004783200857,0.0002684089995,0.0004482397635,0.0008735108422,0.002651212737,0.002380952472,0.0008660837775,0.001072291867,0.01249260642,0.0013215004,0.0009749197634,0.001945802127,0.00181127002,0.009421721101,0.01317389403,0,0.007155559491,0.00537034357,0.001917852322,0.002380952472,0.004761904944,0.003616237314,0.002992741996,0.001819867059,0.04642334208,0.007914306596,0.002999847056,0.003690930316,0.009614066221,0.002102833008,0.006306970492,0.004803457763,0.005540379323,0.00308195618,0.003496271791,0.002702685772,0.01140591875,0.02626722492,0.02070683613,0.00730014313,0.003511254909,0.001931851497,0.001039648894,0.00414748909
51,0.001013714937,0.007859800011,0.003102216637,0.03787701204,0.0003785822773,0.02588360384,0.03064133041,0.01222010981,0.009778809734,0.03014587052,0.01479665935,0.01637714542,0.180958733,0.1949971616,0.2229233831,0.02457997389,0.01428365894,0.005789320916,0.006021483336,0.01841234043,0.009972851723,0.006493019871,0.002380952472,0,0.006140768994,0.001278186333,0.00504479045,0.003980171401,0.003896116978,0.005120324902,0.009447610937,0.006533912849,0.005882988218,0.005065564532,0.007737572305,0.01185795665,0.0003959593014,0,0,0.003041737713,0.002380952472,0,0,0.2646917403,0.003517564386,0.002407918219,0.0006468343199,0.0001234657393,0.0001418306492,0.0001724384056,0,0.002868641401,0.01693357155,0.03603751957,0.04271702096,0.02439711988,0.008912234567,0.008147973567,0.007305641659,0.007638061419,0.02317078598,0.01187360287,0.0004953913158,0.00563921826,0.05118106678,0.01522524655,0.04044107348,0.04224805534,0.02190135792,0.009907993488,0.004374956246,0.2504642904,0.815456748,0.05698057637,0.01407679543,0.1546231508,0.05220565945,0.02665814385,0.04066895321,0.00666376017,0.01308475994,0.0002815451007,0.09187828749,0.275120616,0.1609592289,0.02843105607,0.2171914726,0.09036625177,0.1320615411,0.04857243598,0.0101918811,0.0002219164453,0.002205025172,0.0001955984626,0.0001294727845,7.524817192e-05,6.380694686e-05,6.764780119e-05,0.0001165452122,0.0002803594107,7.055142487e-05,7.360428572e-05,0.0003452235542,0.0066131372,0.002380952472,0,0.005951608997,0.006497972179,0.0004591986653,0.003499178216,0.0006360006519,0.001026162296,0.004883603659,0.004419089761,0.0008687367663,0.001001490513,0.001333057182,0.0007317361888,0,0,0.001102182316,0.01011502557,0.0005206980859,0.04341554642,0.00183692039,0.0003898167924,0.0009084686753,0,0.0003363730502,0.001903594239,0.0006841046852,0.0007134790067,0,0.0005746990792,0.0008463935228,0.005598496646,0.02262013592,0.008790276945,0.00739054475,0.002380952472,0.001270604786,8.919686661e-05,0.001269805478
52,0.0005735106533,0.0002105950844,0.001099212444,0.006503306329,0.001089550206,0.004240737297,0.004761904944,0.004003135022,0.01477481425,0.004996343981,0.002000616398,0.001864125719,0.3569348156,0.2493326366,0.05717378855,0.0572369881,0.005634577014,0.007781644352,0.0009383868892,0.00986616686,0.002634943463,0.007142857648,0,0,0,0.002380952472,0.01027438603,0.007753300946,0.005215923302,0.005235936027,0.01337703597,0.009188425727,0.007142857648,0.001895248075,0.008690301329,0.01193848066,0.001115820021,0,0,0,0.002380952472,0,0,0.2923566401,0.06797357649,0.01477317046,0.01524232607,0.03529316187,0.0123423608,0.004620139021,0.002868641401,0,2.331522774e-05,0.0001826515072,0.001985459821,0.003329061437,0.0009852433577,0.0001416528685,0.0001236798271,0.004413356073,0.0004517015477,0.0004489497805,0.0006579535548,0.0002485525911,0.002131027635,0.001536182594,0.0007928144187,0.0001338051079,0.001664981595,9.838269762e-05,0.001940075075,0.08506599814,0.7455299497,0.001219661091,0.001745563815,0.01471316442,0.002852947684,0.00159233599,0.004690924659,0.0006481790915,0.0005703587085,0.0007634327048,0.006382835098,0.1655428857,0.01855106279,0.001680011861,0.02842523344,0.001688788296,0.01041193958,0.001012016786,0.001990591176,0.001385175507,0.0008767835679,0.001813769224,0.004399581347,0.00377758476,0.0007115378394,0.002919679508,0.004157461692,0.0005916929222,0.002382398117,0.001707895542,0.0004090394359,0.0002395868214,0,0.0009409536142,4.331886157e-05,0.0003705276176,0.001598231494,0.0003200213832,0.0006016444531,0,0.0004200809344,0.0003883193422,0.002976318588,0.001037271461,0.0001835456933,0.001078338595,0,0,0.001821466838,0.0003917564463,0.002360444982,0.005465184804,0.001351429033,0.0005504066939,0.001788416412,0,0.001200818457,0.0002471850021,0.001235161559,0.0006035031984,0.0002360448125,0.0005370602594,0.00208286196,0.001298590796,0,0.0009214107995,0.001066153753,0.002024313668,0.0003359389666,0.0006635888712,0.001153397257
53,0.000377759221,0,0.001454143319,0.002380952472,0,0.004761904944,0.002380952472,0.004992164671,0.003880691016,0.0004219727416,0.0003687473072,0.0004641839478,0.3226758838,0.1433349103,0.01050548162,0.07538843155,0.006360127125,0.002380952472,0,0.008375610225,0.009523809887,0.002380952472,0,0,0,0,0.004857274704,0.001216516597,0.002380952472,0.008087378927,0.003428005381,0.003180471715,0.004761904944,0,0.002380952472,0.003760715947,0.002380952472,0,0,0,0,0,0,0.2727291882,0.1568207443,0.01948573999,0.07787577063,0.09795965999,0.02394726872,0.01671043597,0.01693357155,2.331522774e-05,0,3.233199379e-07,3.138047396e-05,0.002672249218,0,3.39034159e-06,0,0.004606422037,4.374880973e-06,4.286973854e-05,0.000494142645,9.248837887e-05,0.0001635307417,5.642329052e-05,0.0005606199265,1.427547886e-05,0.0001707283809,0,0.0006259374786,0.03583644331,0.7551171184,0.0002842698887,0.00145752239,0.004711634014,0.0001510446164,0.0002231914987,0.002284987364,0,0,0.001064682147,0.003595583839,0.1378173977,0.08399688452,0.003505824599,0.009255651385,8.573466039e-05,0.001058898284,0.000486846111,0.0001598800154,0.006113251671,0.001469983254,0.002380952239,0,0,0.002380952472,0.001099121757,0.002663586754,0,0,0.000424739992,0.0003875627881,0,0,0,0,0,0,0,0.001299450872,0,0.003457438434,0,0,0,5.193776815e-05,0,0,0,0,0,0.001273573609,0.001406361,0,0,0,0.002380952472,0.004726050422,0.0007988096331,0,0,0,0,0,0,0.002380952472,0.001015885617,0,0.0005881363177,0,0.0008866945282,0.000502517214
54,0.002123366343,0,0.001427359181,0.0003436036059,0,0.002380952472,0.002380952472,0.006377508864,0.001071544364,9.407962352e-05,0.0002470217296,7.377098518e-05,0.2362286597,0.2132527977,0.01487790328,0.080651097,0.004464616999,0.002380952472,0.001707243966,0.011654214,0.008325804025,0.005923058372,0,0,0,0.007142857648,0.004764621612,0.008317351341,0.005262183025,0.01328053046,0.009817773476,0.01021487173,0.0126233194,0.0008784540696,0.004265227821,0.005474116188,0.002380952239,0,0,0.0005318096955,0,0,0,0.2831140459,0.1914151609,0.01107445918,0.09989807755,0.1248190328,0.04134736955,0.01936984435,0.03603751957,0.0001826515072,3.233199379e-07,0,1.880342325e-06,0,8.050335055e-06,2.562918598e-05,8.265647921e-05,0.002182743512,6.392817227e-07,1.245891235e-05,0.0009247177513,0.0001859507611,1.737230195e-05,1.566484025e-05,0.0006007041666,9.84412236e-06,0.0001377473818,0,1.631202394e-05,0.03060090356,0.7207542062,5.918496026e-05,0.0003739120439,0.002720429562,6.274441694e-05,0,0.0001188786118,0.000969377812,0,0.003598222043,0.0005626647035,0.1055718437,0.1628619432,0.005592676345,0.003739830805,7.804517372e-05,0.002209298313,0.0001272897789,5.544249507e-05,0.008158336394,0.0008864211268,0.002380952472,0,0,0,0,0,0,0.002380952239,0.003346801968,0.0004743634781,0,0,0,0,0,0,0,0.0002025757276,0,0.0008386580157,9.204495291e-05,0,0,0,0.001380514004,0,0,0,0,0,0.002380952472,0.006075544748,0,0,0,0.001205962501,0,0,0,0,0.001620410825,0,0,0,0,0,0,0,0.002380952472,0.0002852564212
55,0.0002592824749,0.0002510187333,0.0003773750213,0.001995528582,0.001187403803,0.002380952472,0.007142857648,0.008484086022,0.001077470486,9.024694737e-05,0.0009215518367,0.0001086068442,0.2818998992,0.2789453268,0.03973067179,0.1099481806,0.006263223477,0.0070898165,0.005818355363,0.01302819978,0.01652787998,0.01003047358,0.0009965704521,0,0.002380952472,0.002862752415,0.006715204101,0.006564831827,0.01505171135,0.01245550252,0.01291188784,0.01815544441,0.007862441242,0.008324695751,0.007710098755,0.01132027991,0.002999285702,0,0,0,0,0,0,0.2838041484,0.1689555645,0.004609993193,0.1165089682,0.1127225757,0.07475233078,0.01973650046,0.04271702096,0.001985459821,3.138047396e-05,1.880342325e-06,0,7.975399399e-07,3.670058959e-06,1.200968018e-05,1.475583304e-05,0.0009919436416,9.556164287e-07,9.35357275e-06,0.0009884652682,0.0001741513988,1.796026481e-05,2.50951598e-05,0.001189076458,8.429054287e-05,0.002605148358,0,3.005627332e-05,0.07520598173,0.6754226685,6.745007704e-05,0.0001491337316,0.009081316181,0.0001188872266,0.0005926224985,8.310294652e-05,0.001790805836,0.0003270174202,0.004155153874,0.0005441073445,0.08870049566,0.2655104399,0.009855112992,0.05171423033,0.000694126531,0.02231586911,0.0004631366173,0,0.01516444888,0.0002914351062,0.0006150366971,0,0,0,0,0.002380952472,0.002380952472,0.0009809302865,0.002175688278,0,0,0,0,0,0,0.001417059335,0,0.001468349597,0,0.0005003782571,0,0,0,0,0.00363130006,0,0.001314734924,0,4.874572187e-05,0,0.002380952472,0.006256598979,0.0009704402764,0.0001411621924,0,0.002466643462,0.0002482477867,0,0,0,0,0,0,0,0,7.577813813e-05,0,0.001382297603,0.002380952472,6.645247777e-05
56,0.0008427486755,0.0004760106094,0.000400960329,0.001307266415,0.002380952472,0,0,0.00638558669,0.0008598895511,6.853842933e-05,0.001194986748,0.0001724092872,0.268548131,0.3042618632,0.04423282295,0.1013003364,0.00608869642,0.009845969267,0.009606082924,0.01547749899,0.01219021995,0.007142857648,0,0.002380952472,0.00163480686,0,0.004985674284,0.006284858566,0.003323389683,0.01432045549,0.009255564772,0.01413404197,0.008954981342,0.002380952472,0.003217039397,0.003843025304,0,0.002380952472,0,0.002380952472,0,0,0,0.2595255673,0.1209792197,0.002853257814,0.09187090397,0.08466630429,0.06366386265,0.01054150518,0.02439711988,0.003329061437,0.002672249218,0,7.975399399e-07,0,1.587265047e-06,2.091136048e-05,3.527498848e-05,0.0005296292948,1.266087907e-06,3.124705836e-05,0.0007336075651,7.031080895e-05,1.653836443e-05,2.260922656e-06,0.003730686614,0.001327342005,0.00749878725,0,0,0.08870048076,0.6824783087,0.0005652678665,8.931058983e-05,0.01402757876,0.0008540503914,0.0002398923534,2.954216143e-05,0,1.611895095e-05,0.004192088265,0.0005800552317,0.1013816595,0.2553100586,0.01556603704,0.08833163232,0.003656113753,0.01623033732,0.001859637559,2.836643762e-05,0.007766590919,0.002673306968,0,0.002380952472,0.002380952472,0,0,0,0,0.002380952472,0,0,0,0,0,0,0,0,0,0.002099288395,0,0,0.0002529132762,0,0,0,0,0,0,0,0,0,0,0.007142857648,0.002380952239,0.0009026883054,0,0.0007554194308,0,0,0,0,0,0,0.000208454032,0,0,0,0,0.001489350572,0,0.002380952472
57,0.001736323116,0.004391863011,0.0007030171691,0.00917371735,0.007905523293,0.004761904944,0.007142857648,0.01135605201,0.0001790211536,0.0001847448148,0.0001121800597,0.000109208755,0.2656622827,0.1412653625,0.0184423048,0.1142044738,0.0185501799,0.01690043136,0.02258956246,0.01943428442,0.01588758267,0.01687332429,0.01629939303,0.004932957701,0.009725630283,0.009359662421,0.007041858975,0.01548753213,0.01283696387,0.01455894951,0.01292592194,0.01324437186,0.01953755692,0.01448408701,0.01155901607,0.01160892844,0.01208055671,0.001903845347,0.0005216421559,0.002769448562,0.004804667085,0.006373274606,0,0.2035672516,0.08071272075,0.002363458509,0.06442013383,0.06758926064,0.03353242204,0.006948855706,0.008912234567,0.0009852433577,0,8.050335055e-06,3.670058959e-06,1.587265047e-06,0,3.474416872e-06,2.967862201e-05,0.0007703152951,0,4.842466296e-06,0.0001547482825,4.682910003e-05,1.649414662e-05,3.006736051e-06,0.003613477806,0.0001371068793,0.000699358061,0,3.039722105e-05,0.08093014359,0.6851013899,7.687073958e-05,0.0001376043219,0.003484543646,0.0001198517639,0,3.045254925e-05,9.454957763e-05,0,0.002162449062,0.0006420748541,0.1231056079,0.188875854,0.01812955178,0.01036377437,0.0005127339973,0.006445806473,0.0003190367133,5.803084423e-05,0.007355229929,0.001383021357,0.01020886935,0,0,0,0.005089098122,0,0,0.0007490181015,0,0.0004231537168,0,0.0003423506569,0,0.0002991682559,3.201746586e-05,0.002093282528,0,0.0003882884339,0,0.0004097572528,0.0003378464608,0,0.0003247817804,0,0.0007997010252,0,0,0,0,5.633316323e-05,0.003739463864,0.01014470868,0,0,0,0.0007478375337,0.0006092149997,0,0,0,0.001499103266,0,0.0002873288759,0.002380952472,0.001191092189,0.0007644731668,0.0003139834153,0.0003636867623,0.0005475672078,0.0003701487731
58,0.0007873577997,0.002876164392,0.0007960094372,0.009092679247,0.003207951318,0.002574250335,0.002380952472,0.005711819045,0.0002714332368,0.0006321321707,0.0002988974447,0.0003259538207,0.2627398372,0.09143826365,0.02407628298,0.08399306983,0.02070632763,0.01238283142,0.02213397622,0.01949999295,0.01871009171,0.01255128533,0.007497720886,0.002209067577,0.002485421719,0.006068822928,0.003174922196,0.01088283677,0.004988549277,0.008415668271,0.007646315731,0.009994204156,0.01145468187,0.01262150798,0.006843412295,0.006895801052,0.009562849067,0.002380952472,0.004761904944,0.006410488859,0.0054065031,0.002380952472,0,0.1951635182,0.1151043922,0.007039975375,0.0760191083,0.06633809954,0.0266620405,0.005863362923,0.008147973567,0.0001416528685,3.39034159e-06,2.562918598e-05,1.200968018e-05,2.091136048e-05,3.474416872e-06,0,1.216939108e-05,0.002363684587,1.141132884e-06,2.227233153e-06,0.000102289363,1.109080677e-05,6.469369691e-05,1.633072497e-05,0.002259435831,9.621091158e-05,0.0009624977829,3.973868297e-05,0.0001070875005,0.1184837371,0.7190941572,0.0001622721611,0.0002326970716,0.007574519608,0.000253277889,9.577317542e-05,0.0001136239953,0.0001791973918,0.0001546117419,0.001264954219,0.003524658736,0.1527573168,0.1150291115,0.008042162284,0.03001604043,0.0004551625461,0.005317442585,0.0002827703429,3.491961979e-05,0.00838280376,8.759069897e-05,0.001176392194,0,0,0,0,0.002356665442,0,0.0006148471148,0.001583798206,2.743604091e-05,0,0,0,0.0002912261116,7.051118882e-05,0,0,8.641103341e-05,0,2.084994958e-05,0,0,0.0001722655725,0,0,0,0,0.001789388363,0,0.0004750984663,0.0131048942,0.0003405470343,0.0001040644347,0,0,8.172606613e-05,2.652793955e-05,0,0,0,0.0001280182478,0,0.0003916780697,0.002380952472,0.0003829023917,0.001005911268,0,0.0005711637787,0.0001523026294,0.0001576965442
59,0.0003938528826,0.001340152696,0.0003044318,0.0035529288,0.001761823194,0.008587745018,0,0.006387813948,7.215645746e-05,5.268879977e-05,6.883006427e-05,0.0001806683431,0.2699846625,0.05236926675,0.009523809887,0.1073665395,0.01487330068,0.01051870361,0.02217536233,0.0221079085,0.01547453273,0.01493676472,0.01144622546,0.007139672991,0.0153764775,0.009895924479,0.005950494669,0.01148906257,0.01184549741,0.01316213328,0.01250014734,0.01365807187,0.01459802128,0.01496604457,0.01027651876,0.01128487755,0.007048562169,0.005199755076,0.008567856625,0.004920604639,0.0009886574699,0.006372246426,0.002380952239,0.1720413268,0.1074676216,0.01080089528,0.04286703095,0.05374687165,0.02015241981,0.00674601458,0.007305641659,0.0001236798271,0,8.265647921e-05,1.475583304e-05,3.527498848e-05,2.967862201e-05,1.216939108e-05,0,0.002755234716,1.643386895e-05,3.652531814e-05,0.0002945889719,1.330437135e-05,2.58511518e-05,1.474508008e-05,0.002135775518,0.0001860882039,0.0004977436038,0,3.030715334e-06,0.04853039607,0.7015060782,0.0004613303172,0.0006058415165,0.001686145202,0.00043863678,3.925814235e-05,0.0001096529304,4.582514521e-06,2.415518065e-05,0.0001272507798,0.004834358115,0.1542131156,0.1236492544,0.007035234477,0.01059167273,0.0005477129016,0.001022361801,0.0002748152765,8.222665201e-05,0.002501903567,0.000143939862,0.003396566492,0,0,0,0.001815596479,0.0006594462902,0,0.001473296201,0.0006499729934,0,0,3.483213368e-05,0,9.174462321e-05,6.965229659e-06,0,0,0.000135323251,0,0,1.311673168e-05,0,6.021220543e-05,0,0,0,0,0,2.185684934e-06,2.82863075e-05,0.01312869787,0.002466494683,9.089455853e-05,0,5.876111754e-05,0.0002348790294,0,0,0,0,0,0,0.0008987584733,0.0006719561061,0.001346423291,0.0002885995491,9.084897465e-05,4.64837176e-05,0.0003182945948,4.450570486e-05
60,0.005491177086,0.01051270589,0.0212687552,0.03848702088,0.01360849943,0.05823422968,0.06197534129,0.05341044441,0.02715298906,0.01191542391,0.02349677868,0.01238436531,0.384403944,0.3983041942,0.2735828161,0.04698551074,0.003853128292,0.002606204944,0.01201769244,0.006929622497,0.007645973936,0.004761904944,0.001785915578,0,0.002380952472,0.008153645322,0.01517966669,0.01475717407,0.01841998473,0.01815502718,0.01121600252,0.01937648468,0.01127928682,0.001767930924,0.008968343027,0.007680061273,0.00397589663,0,0.002380952472,0,0,0,0,0.2472042739,0.0501239486,0.0007325326442,0.04734828323,0.1311962157,0.05321544036,0.0008139106212,0.007638061419,0.004413356073,0.004606422037,0.002182743512,0.0009919436416,0.0005296292948,0.0007703152951,0.002363684587,0.002755234716,0,0.001095684478,0.0008747682441,0.0005272408598,0.003031338798,0.001384734176,0.0005616238923,0.0008229067898,0.008583396673,0.03232203424,0.005141455214,0.001158990315,0.3096185029,0.6921780705,0.002463723999,0.0003442136222,0.05875935405,0.002663009102,0.001771124313,0.00113882171,0.01926958561,0.005837498698,0.002521574264,0.0003077991132,0.05575600639,0.2074148506,0.01156096626,0.2212678045,0.01433846075,0.1373935044,0.007638525218,0.0009038079879,0.02113786526,0.01539171673,0.007808575872,0.001762472675,0.00634413166,0.00421098806,0.008309948258,0.00722247595,0.008933139034,0.004628441762,0.007995851338,0.008353578858,0.004029515199,0.004761904944,0,0.003223058768,0.002303011483,0.008302973583,0.0007764108595,0.00788533967,0.007142857648,0.008484809659,0.009550097398,0.00153506035,8.091111522e-05,0.004412403796,0.006608948112,0.0005661974428,0.001324471785,0.001162802218,0.008032741956,0.0004393823619,0.03148928285,0.02468390949,0.006886278279,0.003305817721,0.006310125813,0.006735203788,0.005871991161,0.006574181374,0.003704336938,0.0009255944751,0.003691542661,0.00524675753,0.008099121973,0.03405542672,0.01496345736,0.002631072886,0.0008675986319,0.002493512817,0.003152767429,0.01037034206
61,0.000167623075,0,0.0005510707851,0,0,0,0,0.002244057599,0.001250050846,0.0008780394564,0.001051189494,0.0003007618943,0.2945779562,0.166491285,0.009523809887,0.09468718618,0.001833137823,0.002380952472,0,0.005218142178,0.004761904944,0.0007924413658,0,0,0.002380952472,0,0.003427586751,0.005869336426,0.003832946066,0.005457664374,0.00351024163,0.00868542213,0.005306207575,0.007838010788,0.002380952472,0.003577407682,0.007142857648,0,0,0,0,0,0,0.2402953655,0.09002164006,0.005863579456,0.0645287931,0.05957556516,0.03436011449,0.0120601533,0.02317078598,0.0004517015477,4.374880973e-06,6.392817227e-07,9.556164287e-07,1.266087907e-06,0,1.141132884e-06,1.643386895e-05,0.001095684478,0,1.868801519e-06,0.0001391837286,1.87626265e-05,1.427435927e-05,7.256111076e-06,0.001345236902,3.65606661e-06,0.0007249007467,0,6.436092372e-05,0.06416945159,0.6891890764,2.600087828e-05,8.485827857e-05,0.005827907473,0,0.0005958176916,0.0001245422318,4.47422899e-05,0,0.001970697893,0.0002718444739,0.09703085572,0.1887235641,0.008464748971,0.03633643314,0.0002057809179,0.005722288974,0.001006687526,0,0.007142857648,0.003346292768,0,0,0,0,0,0,0,0,0,0.0005288972752,0,0,0,0,0,0,0,0.0001008716572,0,6.635444151e-05,6.749211752e-05,0,0.000320217252,0,0,0,0,0.002380952472,0,0.0004733712121,0,0.004761904944,0,0,0,0.00081592676,0,0,0,0,0,0,0,0,0,0,0,0,0,0
62,0.0003519096063,0,0.0003085692879,0.003303276375,0.0001620257535,0.0002114505478,0,0.001539835008,0.00186960178,0.000595691381,0.001824386651,0.0005167970085,0.1655459702,0.1393947601,0.02370095626,0.05393627286,0.009445554577,0.002380952472,0.009279462509,0.00590718165,0.0035760717,0.005940405186,0.002380952472,0,0.007142857648,0.000653074123,0.003579149954,0.006326874718,0.007488350384,0.01366655342,0.01065432187,0.008417840116,0.004995049443,0.001465899055,0.003995061852,0.007902409881,0,0,0,0,0,0.002380952472,0,0.231274575,0.08560886979,0.00801028125,0.09269426763,0.09978874028,0.03587485105,0.004322331864,0.01187360287,0.0004489497805,4.286973854e-05,1.245891235e-05,9.35357275e-06,3.124705836e-05,4.842466296e-06,2.227233153e-06,3.652531814e-05,0.0008747682441,1.868801519e-06,0,1.249202978e-05,2.401719212e-05,2.614166988e-05,3.834829113e-05,0.002255726606,4.307208656e-05,0.001579802134,6.0269198e-05,5.664406126e-05,0.06419430673,0.7231081128,9.45606007e-06,1.73057615e-05,0.007104243618,0.0001281735022,0,7.215615915e-05,5.350375068e-05,0.0003807959729,0.0009238853236,0.0002872054756,0.139639616,0.133448258,0.007918749936,0.03332934529,0.0002056389785,0.01308915205,0.0004455551971,9.231853255e-06,0.008504002355,0.0009292751784,0.001071205828,0,0,0,0,0,0,0.0003925549972,0.003027841449,3.289456799e-05,0,0,0,0,0.0002611477103,0,4.838098539e-05,3.924345947e-05,0,5.106160097e-05,6.161288184e-06,0,0,0,0.0001205423832,0,0,0,0,0,0,0.001213767566,0,2.344575842e-05,0.002380952472,8.336402971e-05,8.805179823e-05,0.0001736298291,0,0,0,0,0,0,0,0,0,0,0.001355445478,1.508080732e-05
63,0.0004093866446,0.0031642986,0.0007700663991,0.008590159006,0.000595881429,0.006202769931,0.01195407938,0.003824357875,0.004251676612,0.004792206455,0.006583815441,0.002690124325,0.1756542623,0.1758465171,0.1672799885,0.03990146518,0.01008886751,0.009678907692,0.01216020156,0.02437788062,0.0120817963,0.008279054426,0.007923792116,0.003690689104,0.00164287095,0.007824501023,0.004341644701,0.01279247552,0.006934094243,0.005751267076,0.007509222254,0.009019586258,0.006135979202,0.005147770513,0.007513248827,0.007713261992,0.002144341357,0,0,0,0,0.002380952472,0,0.2546868622,0.03173649684,0.003368312726,0.02572888695,0.03839044273,0.002851511817,0.0002152839443,0.0004953913158,0.0006579535548,0.000494142645,0.0009247177513,0.0009884652682,0.0007336075651,0.0001547482825,0.000102289363,0.0002945889719,0.0005272408598,0.0001391837286,1.249202978e-05,0,6.648708222e-05,0.001884238794,0.0003594206646,0.008010359481,0.003030565334,0.01237170771,0.001633244217,0.0005794418394,0.2363222837,0.7710793018,0.001351703308,0.0001044107121,0.07400039583,0.006260985043,0.007150360849,0.002376023913,0.0009008997586,0.001530212816,8.950581832e-05,0.008437597193,0.2109907717,0.1355284303,0.01506411284,0.1738552898,0.01524948608,0.06661501527,0.004181286786,0.00130939472,0.0003777389938,0.000407279731,0.0006337852101,0.0001282361627,0.0005052484339,5.130645513e-05,0.0002166803606,0.0001771214302,0.0003141913621,0.000121647623,0.000183872311,0.0001592130429,0,0,0,0.0004088032874,0.0002231043036,0.0001339592418,0.000170435218,0.0002431098837,9.972765838e-05,0.0004043355875,0.0004540332302,0,0.0003757605155,0.0001277448027,0.000232593462,0,0.0008799642674,0.001367528108,0.001206220477,0.0002178082214,0.01322629489,0.001430573291,0.0002991407237,0.0002491981722,0.0008516885573,0.0002071578201,0.0007506645634,0.0001287905761,0.0003489053925,0.0002473946661,0.0001701373985,5.168282951e-05,0,0.002621316351,0.002604446607,0.0009508061339,0.000369747082,0.0006057874998,0.0001384061179,0.000350278191
64,0.0001339128066,0.0005278649041,0.0002389047731,0.003010757966,0.0002910447074,0.0008439265075,0.003597686067,0.001358974725,0.0005157687119,0.0004634054203,0.001182709704,0.000489736849,0.1776628494,0.09605804086,0.04094292969,0.06157338992,0.01001338847,0.007661045995,0.0169366505,0.01919143647,0.01106312685,0.01182329096,0.003787213704,0.003791167401,0.004143446218,0.008081278764,0.003526473651,0.00770957442,0.003699544119,0.006732672453,0.008252926171,0.008944965899,0.01078636386,0.008380291052,0.005650267005,0.007505815011,0.00980901625,0.00318618305,0.002380952472,0.00287451176,0,0.001536300988,0.002380952472,0.2383216918,0.1338248849,0.01448768936,0.06946911663,0.110406369,0.0130952727,0.005332349334,0.00563921826,0.0002485525911,9.248837887e-05,0.0001859507611,0.0001741513988,7.031080895e-05,4.682910003e-05,1.109080677e-05,1.330437135e-05,0.003031338798,1.87626265e-05,2.401719212e-05,6.648708222e-05,0,0.0006756942603,5.382478776e-05,0.002526959172,0.0005185864866,0.003381560324,1.091491299e-06,6.660442978e-06,0.1204506308,0.7626778483,0.0004678393889,0.0003843660234,0.01976418123,0.001540902769,0.002955596428,0.0009508461808,3.421771908e-05,1.122110734e-05,4.961525701e-05,0.005072966684,0.1802459955,0.09995023161,0.007022467442,0.07566551119,0.003251311136,0.00412843423,0.0002630449017,5.202967077e-05,0.0006522350595,0.0001318694121,0.0006572327693,0.0003580357588,0,0.000481030118,0.001124986098,0.0006007690681,4.100943261e-05,0.0002163628087,0.0006683602696,1.766691639e-05,0,0,0,1.990777491e-05,4.095835902e-05,0.0001140896638,0,5.124860036e-05,0,4.295534382e-05,2.278785723e-05,0,0.0001413695572,1.791501018e-05,2.388237772e-05,0,0,0.0001156036669,1.240951042e-05,0.0001512654126,0.006331937853,0.0002540736459,4.177011579e-05,3.826600278e-06,0.001256235642,8.18375338e-05,8.539459668e-05,3.052260217e-05,2.76560877e-05,0,5.492016135e-05,0,0,0.0008183744503,0.000675180112,0.0002062233107,0,0.0001956180931,4.739371798e-05,3.684972762e-05
65,0.0001115937557,4.92685358e-05,0.0004239033442,0.001597626251,0.008219070733,0.007142857648,0.006369472947,0.003071750747,0.00177040277,5.918452734e-05,0.001584398095,0.0002356146724,0.2521202266,0.3802077174,0.06616926938,0.05516919866,0.003352753818,0.003218059894,0.006223835982,0.006943467539,0.001340861782,0.002249990124,0.0006704263506,0,0,0.0006513684057,0.004592730664,0.002218668815,0.009377585724,0.009538565762,0.006462987512,0.007060145959,0.004923079163,0.01094913296,0.004641904496,0.009919581003,0,0,0,0.002380952472,0,0,0,0.316736728,0.23615776,0.006119397469,0.1477683187,0.2391420007,0.1089120284,0.02891778387,0.05118106678,0.002131027635,0.0001635307417,1.737230195e-05,1.796026481e-05,1.653836443e-05,1.649414662e-05,6.469369691e-05,2.58511518e-05,0.001384734176,1.427435927e-05,2.614166988e-05,0.001884238794,0.0006756942603,0,5.061157935e-06,0.001826821826,0.0002436970099,0.000762932119,0.0001303239405,3.524392866e-07,0.1271474808,0.6949407458,0.0001551391033,0.0004088210699,0.00165463821,1.050266837e-05,1.546720887e-05,8.252103726e-06,0.001863550046,1.098532266e-05,0.004551372025,0.0006747807493,0.09482353926,0.2610513866,0.008837322704,0.02206341922,5.754529775e-05,0.007659038063,3.096252476e-05,7.76838624e-06,0.01185023971,0.003955375403,0.001273778267,0,0.004761904944,0.002380952472,0,0.002380952472,0,0,0.002481290372,0.001904906472,8.695502765e-05,0,0,0,0,0.0008615411352,0,0.00174077577,0,0.0005965773598,0.0001155768114,0,2.392148645e-06,0,0,0,0,0,0,0,0.002380952472,0.004354575649,0.0009739530506,0.001068122918,0,0.005544184241,0.0004099030048,0.0004674598458,0.0005511882482,0,0.0003613987355,0,6.166214462e-06,0.002744497731,0.0004637635138,4.508213806e-06,0,0,0.003336320631,0.003324639052
66,0.0002427128784,0,0.0001308505016,0.0009642239311,0.002792579122,0,0,0.004062267486,0.0001825557265,5.053376299e-05,0.0001591869659,0.0001191795454,0.1646604687,0.1730139703,0.03206218779,0.05688525364,0.004623608664,0.007298022974,0.01369153056,0.009237942286,0.007135731168,0.004565939307,0.007592435461,0.0008581517613,0.005232092459,0.005496670958,0.004035288002,0.01009699516,0.01340957638,0.01003803033,0.009917594492,0.00785990525,0.009090617299,0.006618614309,0.003561523277,0.008284618147,0.004261735827,0.004181156866,0.0009855054086,0.002517606597,0.005447150674,0,0,0.2452858239,0.1146546155,0.003043544013,0.07812541723,0.06995313615,0.03799331561,0.006088646594,0.01522524655,0.001536182594,5.642329052e-05,1.566484025e-05,2.50951598e-05,2.260922656e-06,3.006736051e-06,1.633072497e-05,1.474508008e-05,0.0005616238923,7.256111076e-06,3.834829113e-05,0.0003594206646,5.382478776e-05,5.061157935e-06,0,0.002369538415,0.001154518453,0.0006108701346,0,6.410566129e-06,0.08030607551,0.698081851,0.0003482480533,0.0001533601317,0.001618337817,1.300354506e-05,4.065471512e-05,1.199434428e-05,0.000269635435,0,0.00106083299,0.001224140404,0.1197965592,0.2293181121,0.01528256666,0.01738199033,0.0001656936947,0.002537890337,2.062757267e-05,2.375902568e-06,0.004472389817,0.002289199037,0.007816437632,0,0,0,0,0.002970038448,0,0.0008391449228,0.000187558544,0,0,0,0,0.0001242429717,3.324010686e-05,0.0004556883359,0,0.0003860841971,0,0.000161194519,0.0001132524558,2.884642527e-05,3.514291166e-06,0,0,0,0.0003896236303,0,0,0,0.0009890274378,0.001452998957,0,0,5.323292862e-05,0.003039398231,0.0001613494969,0,0,0,0,0,0,0.001480728737,0,0.0001828848181,2.061590567e-05,0,0.0009457557462,0.0004326890921
67,0.006926884875,0.007324733771,0.01840791479,0.02737060376,0.007524914108,0.02457677759,0.02254016511,0.02841115557,0.07996109128,0.01457311586,0.02870561928,0.01179772522,0.5172446966,0.4391589463,0.1177999899,0.1322007626,0.00693569053,0,0.002380952472,0.0004998985096,0,0,0,0,0.002380952239,0.00321900798,0.02678738721,0.01025924925,0.03379171714,0.02259855159,0.01515962556,0.002633063588,0.003473418299,0.004761904944,0.002720966702,0.0100424774,0,0,0,0,0,0.002380952472,0,0.4128099978,0.3142200112,0.02245305479,0.1318888515,0.2233016193,0.1337079704,0.03972516581,0.04044107348,0.0007928144187,0.0005606199265,0.0006007041666,0.001189076458,0.003730686614,0.003613477806,0.002259435831,0.002135775518,0.0008229067898,0.001345236902,0.002255726606,0.008010359481,0.002526959172,0.001826821826,0.002369538415,0,0.000435278198,0.03217931464,0.002326122252,0.001259293524,0.232587412,0.774438858,0.0004128447326,0.00231592916,0.0342124626,0.002137851901,0.003440377768,0.003648024285,0.009434412234,0.002706791507,0.008566793054,0.0002220126917,0.08199317753,0.1430989057,0.001355242915,0.1188203022,0.004586437251,0.05532205477,0.004550214857,0.003291507484,0.01928756572,0.007663683034,0.002380952472,0.008352214471,0.004761904944,0.01813604869,0.01287550107,0.02290911041,0.006855755113,0.02209498174,0.0241680406,0.001299060066,0.003354149638,0,0,0.002728677122,0.001930052065,0.007237114478,0.0002262497728,0.009211807512,0.002380952472,0.004631803371,0.003036836628,0,0.0009811877972,0.001194111654,0.009871010669,0,0.003426787443,0.001414531493,0.00288666063,0.0009722617688,0.01727205887,0.01689041778,0.004309609998,0.01348209474,0.002049464732,0.02092118934,0.001789649948,0.00610697316,0.001933273976,0.002380952239,0.006604878698,0.002380952239,0.005965896882,0.01371904928,0.00972486008,0.002154157497,0.004761904944,0.001103888848,0.01200702228,0.005781844258
68,0.0004447899992,0,0.002149012405,0.006352390628,0.0006830922212,0.005984662101,0.003260954982,0.00431349827,0.007203694899,0.0009314705385,0.002871057019,0.001217570389,0.3770256042,0.3306699097,0.0500356406,0.07553254068,0.007568662986,0.002380952472,0.01073533017,0.005386517383,0.006416383665,0.006384061649,0,0,0.002380952239,0.002885675523,0.006656774785,0.001181241241,0.006820825394,0.009361179546,0.008022401482,0.01480754372,0.008858412504,0.004761904478,0.005123068113,0.00665558083,0.002380952472,0,0,0.002380952472,0,0,0,0.3488644958,0.3098574877,0.03561392054,0.1542635262,0.2313296646,0.09527061135,0.04707691818,0.04224805534,0.0001338051079,1.427547886e-05,9.84412236e-06,8.429054287e-05,0.001327342005,0.0001371068793,9.621091158e-05,0.0001860882039,0.008583396673,3.65606661e-06,4.307208656e-05,0.003030565334,0.0005185864866,0.0002436970099,0.001154518453,0.000435278198,0,0.002572081517,0.0001884696103,0.0002463966666,0.1322835535,0.7762176991,0.0001178238526,0.003829902504,0.005420266651,0.0005052445922,0.0007955455221,0.001282764366,0.0004921113723,2.14575939e-05,0.00279273279,0.002130807377,0.1292709261,0.1276795864,0.0037380883,0.02984237857,0.000371505972,0.009786108509,0.0004962187377,0.000797128072,0.009227886796,0.002414388116,0.002614104189,0.000532232516,0.002380952472,0.002380952472,0,0.009293745272,0.009038883261,0.01083541568,0.008523618802,0.0004156063951,0,0,0.0008067525923,0,6.645469693e-05,0.00230543036,0,0.002183248755,0,0.0004330476222,9.808188042e-05,0,0.002631476149,0.0001462157525,0.0008209653897,0,0,0.001451239339,9.017770935e-05,0.0002881721593,0.009523809887,0.01290084422,0.002324002562,0.0007137298817,0.0006682770909,0.002686489606,0.0009110423853,0.00411228044,0.002380952472,0.001384079689,0.001276778756,0.0009782464476,0.00106001785,0.003480611602,0.0008704796783,0.0001041189826,0,0,0.003558417782,0.001141531975
69,0.01009905245,0.001291852095,0.008352170698,0.005594762042,0.02634895034,0.01923291571,0.01301357988,0.0178263858,0.01630975865,0.0006756975781,0.002141395118,0.002859109547,0.3232565224,0.2104519755,0.03717849031,0.04488017038,0.01042572316,0.003625823418,0.004384184256,0.01522434969,0.01057050191,0.001319432282,0.005902310833,0.0009179509361,0.003360204864,0.006010917481,0.0167002324,0.01033697091,0.01634510234,0.02017024346,0.0116061531,0.01218335424,0.003515232354,0.01064851694,0.01138700824,0.005676523317,0.008393761702,0.002380952472,0,0.002380952239,0,0.004761904944,0,0.427782774,0.117719464,0.07540462166,0.03044092655,0.07256308198,0.09359754622,0.02991361916,0.02190135792,0.001664981595,0.0001707283809,0.0001377473818,0.002605148358,0.00749878725,0.000699358061,0.0009624977829,0.0004977436038,0.03232203424,0.0007249007467,0.001579802134,0.01237170771,0.003381560324,0.000762932119,0.0006108701346,0.03217931464,0.002572081517,0,0.00228810613,0.0002211530518,0.004114469979,0.1527326405,0.006159269251,0.01684352197,0.001756493002,0.002885966562,0.001601975877,0.00439732708,0.01223490201,0.0002380256192,0.01617419347,0.03356179595,0.3201408386,0.06023675203,0.06226523593,0.0007322412566,0.0001400375331,0.001418325119,0.0002345181856,0.0005280351616,0.02380588651,0.01578230038,0.03225984424,0.03372685611,0.0320819132,0.02572901919,0.02520229854,0.04058942199,0.01553859003,0.02807462402,0.03118066303,0.01040310133,0.005569747649,0.001150526456,0.0008526219754,0.003322673496,0.002568532946,0.0181451831,0.0007307668566,0.01748149469,0.005412274972,0.01238830946,0.00725593837,0.001074514934,0.0006235029432,0.004332196433,0.02007735893,7.829999231e-05,0.0004292030644,0.0002592000819,0.003730667057,0.0008229343221,0.0112150386,0.025675999,0.01831442863,0.01073425543,0.0003321844561,0.02028781176,0.01433087885,0.01505863294,0.0126282908,0.004477730021,0.01268905774,0.004574137274,0.001199920313,0.002569010016,0.0009213482263,0.0003803314758,0.0003984173236,0.0002153955866,0.02344227768,0.01384321414
70,8.773537411e-05,0,1.132443504e-05,0,0,0,0,8.169520879e-05,0.0001946442208,6.024543836e-05,0.0006540205795,8.286156663e-05,0.2210550159,0.04675908387,0.004103420768,0.06164162233,0.002617857186,0,0.002414311282,0.002703076927,0.004266662057,0.005959358998,0,0,0.003146601375,0.0006120698527,0.00748654874,0.001964633586,0.001622081269,0.004667378962,0.004311962985,0.00402565999,0.004679922014,0.002380952239,0.004957962316,0.001650024788,0,0,0,0,0,0,0,0.2378593236,0.05645156652,0.01576226577,0.04327915609,0.02603139728,0.006461485289,0.003391255392,0.009907993488,9.838269762e-05,0,0,0,0,0,3.973868297e-05,0,0.005141455214,0,6.0269198e-05,0.001633244217,1.091491299e-06,0.0001303239405,0,0.002326122252,0.0001884696103,0.00228810613,0,0,0.01179883163,0.7075754404,0,0.003729823977,0.001542437705,0,0.0001786393113,0.001554653281,0,0,6.934970315e-06,0.008793396875,0.1577702463,0.07515164465,0.00575435767,0.01486197673,0,6.006559488e-05,2.413882839e-06,0,0.0003019116702,1.040322331e-06,0,0,0,0,0.002380952472,0,0,0.0003687878198,0.0007126324344,0,0,0,0,3.558583921e-05,4.979122878e-06,0,0,1.314853125e-05,0,0,3.728225238e-06,0,0,0,0,0,0.0001053149754,0,0,0,0,0,0,0,0,0,1.247614546e-05,0,0,0,0,0,0,0,0,0,0,0,0,1.149966465e-05
71,5.28121127e-05,5.332836372e-05,1.437854826e-05,0.0001605863072,8.12636863e-05,0.008732554503,0.000435823953,0.001723196125,6.478537398e-05,2.93792109e-05,8.116244862e-05,8.400843944e-05,0.1487401724,0.133864522,0.00378758763,0.03251702711,0.002770210616,0.004617305938,0.006972993258,0.006432896014,0.005644960329,0.001632412779,0.002113534836,0.004031992517,0.004676065873,0.00232641981,0.003480292857,0.00649168063,0.009074922651,0.006428781897,0.007142761257,0.007707819808,0.006185187493,0.007914861664,0.003139673267,0.005662222859,0.005853393115,0,0,0.003053820226,0.001681476133,0.002380952239,0,0.3481379449,0.08759899437,0.006671579555,0.05860274285,0.05527793616,0.0007497340557,0.01129524875,0.004374956246,0.001940075075,0.0006259374786,1.631202394e-05,3.005627332e-05,0,3.039722105e-05,0.0001070875005,3.030715334e-06,0.001158990315,6.436092372e-05,5.664406126e-05,0.0005794418394,6.660442978e-06,3.524392866e-07,6.410566129e-06,0.001259293524,0.0002463966666,0.0002211530518,0,0,0.007025813218,0.7855422497,0.0003532018454,0.0003352305212,0.000571421464,2.218802729e-05,1.514548512e-05,4.592795813e-05,6.93992115e-06,1.057158343e-07,1.415136285e-05,0.0010203087,0.102048561,0.216661334,0.01067180745,0.007795935497,0.0001036249814,2.97409224e-05,2.302774419e-06,2.755880359e-06,2.082428182e-05,2.850483952e-06,0,0,0,0,0,0,0,0.000730949163,0,0,0,0,0,4.78220727e-06,1.1719143e-05,0,0,0,0,1.154058737e-05,0,0,7.27569568e-06,0,0,0,0.0001366189972,0,0,9.399864211e-07,0.004302483983,0.00141128595,0.0001285067701,0,0,0.0002426668798,0,0.0003086942015,0,0,0,0,0,0.0004506887926,3.485988782e-05,4.582154816e-06,4.198490387e-06,0,0,0.0002382614766
72,0.01348620839,0.0001059151546,0.001566283288,0.002799354726,0.05992047116,0.008615413681,5.249905371e-05,0.01549173892,0.06995146722,0.0001154781567,0.0003250395821,0.03336169571,0.4345748723,0.2313084304,3.57113604e-05,0.1669166088,0.005715560634,0.002380952472,0,0.0103414366,0.01190476213,0.002380952472,0,0,0.001015907037,0.007142857648,0.04036097601,0.007142857648,0.02495905198,0.03797770292,0.02342597209,0.03012739494,0.01579936035,0.002380952472,0.009014717303,0.02240539901,0,0,0,0.004761904944,0.004761904944,0,0,0.7001709938,0.4416267872,0.4779317081,0.2406457365,0.321549356,0.2792252302,0.2801907361,0.2504642904,0.08506599814,0.03583644331,0.03060090356,0.07520598173,0.08870048076,0.08093014359,0.1184837371,0.04853039607,0.3096185029,0.06416945159,0.06419430673,0.2363222837,0.1204506308,0.1271474808,0.08030607551,0.232587412,0.1322835535,0.004114469979,0.01179883163,0.007025813218,0,0.2152654529,0.206953451,0.2548958957,6.216418114e-05,0.02104838379,0.008749693632,0.1153964028,0.01146534178,0.0001077797715,0.1049290299,0.2887471616,0.5186080933,0.1133972332,0.2459147722,8.130124479e-05,0.001686493517,3.624345118e-05,0.0005238105659,0.02546551824,0.03266144916,0.01459837426,0.006509703584,0.01621185057,0.007475405931,0.04522036016,0.04053970054,0.03588030115,0.01728376187,0.07627879828,0.08602310717,0.02854251489,0.002380952472,0.001816906617,0.004761904944,0.004761904944,0.02566196397,0.02979265526,0.002380952472,0.09340262413,0,0.06948137283,0.03968169913,0.003345674602,0.009320105426,0.00664213812,0.01710209996,0,0.0001651791972,0.0003615054011,0.007630084641,0.01148901228,0.0001040339339,0.01063869148,0.01858172938,0.02521286346,0.0001915222965,0.06991560012,0.005851010326,0.02899629623,0.01870158315,0,0.03454061598,0.0002091033384,5.328363113e-05,0.000103453327,5.012996553e-05,6.667870184e-05,0.009454267099,0.001289588981,0.01211850252,0.01984758861
73,0.7894710898,0.414704144,0.6730304956,0.5849369764,0.8814502358,0.5763702393,0.3671629131,0.6696573496,0.6755681038,0.5928153396,0.626994729,0.6489568949,0.854278326,0.4131374955,0.522552669,0.640968442,0.3583082855,0.2393284291,0.3050782084,0.3205263317,0.3149453104,0.2435153276,0.1211477071,0.07025333494,0.1596555561,0.2385557145,0.6280094385,0.4330826104,0.5290847421,0.5625162125,0.5641235113,0.5050262809,0.3207354248,0.2813664079,0.470526576,0.4942596853,0.1747929454,0.05085178837,0.03095238283,0.08571428806,0.04047619179,0.03401863202,0.009523809887,0.9186179638,0.8715898395,0.5732216239,0.7758545876,0.8373140097,0.9360385537,0.78632617,0.815456748,0.7455299497,0.7551171184,0.7207542062,0.6754226685,0.6824783087,0.6851013899,0.7190941572,0.7015060782,0.6921780705,0.6891890764,0.7231081128,0.7710793018,0.7626778483,0.6949407458,0.698081851,0.774438858,0.7762176991,0.1527326405,0.7075754404,0.7855422497,0.2152654529,0,0.7354110479,0.7034314275,0.4982183278,0.7012469172,0.6736369729,0.686691761,0.8715878725,0.8587973714,0.8561959863,0.6993052363,0.8654799461,0.6342377663,0.8460549712,0.2205355465,0.6582809091,0.3866710663,0.7184330225,0.7050692439,0.9644167423,0.9202816486,0.8187978268,0.7913977504,0.8208299279,0.7876303196,0.8286138773,0.8853701353,0.6024196744,0.8228691816,0.8499230146,0.7336077094,0.3156506717,0.2743780017,0.3123044372,0.5047353506,0.7508695126,0.6655094028,0.2306470573,0.7658125758,0.186640501,0.7585971951,0.751563549,0.4612813592,0.6679034829,0.5051542521,0.7329365611,0.29218027,0.4005806446,0.6003271341,0.6253581047,0.6700206995,0.2217156142,0.7413396239,0.6361343861,0.6133381128,0.4114770889,0.7627865076,0.7048053741,0.7292944789,0.5013378263,0.3068550825,0.7132935524,0.3581802547,0.3689295352,0.258877039,0.3027435243,0.6453253031,0.5786548257,0.5602866411,0.8310209513,0.7448739409
74,0.0009763303678,0.0008353334269,0.003679047339,0.007477737963,0.004081926309,0.01139234379,0.01796571165,0.01462002844,0.01380799524,0.00186565984,0.009013418108,0.003533094656,0.3313368559,0.3467184007,0.07885341346,0.06512252241,0.00943712052,0.002380952472,0.007142857648,0.006740315352,0.002977589844,0.002380952239,0.00131291349,0,0,0.002380952239,0.009226728231,0.008025021292,0.002757052192,0.01240272447,0.009281600825,0.0130114099,0.01067760214,0.003120238893,0.004761904944,0.004553334322,0,0,0,0.002380952472,0,0,0,0.355021745,0.3376747668,0.01797161065,0.1637247801,0.2582700849,0.1185003072,0.04508787021,0.05698057637,0.001219661091,0.0002842698887,5.918496026e-05,6.745007704e-05,0.0005652678665,7.687073958e-05,0.0001622721611,0.0004613303172,0.002463723999,2.600087828e-05,9.45606007e-06,0.001351703308,0.0004678393889,0.0001551391033,0.0003482480533,0.0004128447326,0.0001178238526,0.006159269251,0,0.0003532018454,0.206953451,0.7354110479,0,0.0002234055428,0.009347977117,0.0004380162572,0.0008960235282,0.0003900991578,0.001005644794,0.0004946818226,0.004305225331,0.0001650515187,0.09837382287,0.2049710155,0.004070287105,0.05746107921,0.000749893894,0.02224845253,0.0007659076946,0.0006679558428,0.01607416198,0.003515610704,0.001351192826,0.0004311944649,0,0.008029694669,0.004928538576,0.01012704521,0.005161195993,0.0129839275,0.02143306658,0.0004760874435,0.001730779884,0.0002320383792,0,0.0002695025469,0.0001976796339,0.005167836323,0,0.001341315685,0.000121347126,0.005134595092,0.0005085262237,0,0.0001684740128,7.79853508e-05,0.002784522716,0,0.0002759944182,0.0002210233069,0.0002821092494,3.051829844e-05,0.002380952472,0.003583002137,0.002945300424,0.0002501285926,7.112292224e-05,0.01004200801,0.002809036989,0.0005824289401,6.507631042e-05,0.002380952472,0.0009845742024,0,0.003800045233,0.009828636423,0.007478797808,0.0002781584044,0.0002315845923,0,0.005699156784,0.0009679762879
75,0.001949724043,0.000401116733,0.007315437309,0.01794592664,0.002511860803,0.01744013652,0.02705527283,0.01937557198,0.009944000281,0.003830597736,0.009437683038,0.003686634824,0.2093398273,0.2816567421,0.1792900115,0.04367027059,0.007381550968,0.005225026049,0.003367215628,0.0142872408,0.005421271082,0.007797375321,0.003217673395,0.002380952472,0,0.007689148188,0.005143019836,0.00114876905,0.006221505348,0.007022575941,0.007379059214,0.01801011153,0.005566460546,0.006037174724,0.007820128463,0.004146771505,0,0.002380952239,0,0,0,0.002380952472,0,0.2883495688,0.1542275995,0.003392871004,0.0994239822,0.1741369516,0.06619147956,0.005737635773,0.01407679543,0.001745563815,0.00145752239,0.0003739120439,0.0001491337316,8.931058983e-05,0.0001376043219,0.0002326970716,0.0006058415165,0.0003442136222,8.485827857e-05,1.73057615e-05,0.0001044107121,0.0003843660234,0.0004088210699,0.0001533601317,0.00231592916,0.003829902504,0.01684352197,0.003729823977,0.0003352305212,0.2548958957,0.7034314275,0.0002234055428,0,0.02645380795,0.001548526343,0.001443646732,0.0003582734207,0.003879484488,0.003629256273,0.001569793792,0.0002301068016,0.1115392372,0.18094863,0.01260685828,0.1504308432,0.005266434047,0.09412972629,0.002074577147,0.000188911843,0.01027445495,0.006231060252,0.008480117656,0.003190797521,0.002749548061,0.001574668102,0.004247495439,0.003376996377,0.001835168339,0.002136614406,0.001811879338,0.001420856686,0,0.001902849413,0,0,0.001550085843,0.004254469182,0,0.002403402701,0.0004843848292,0.001709313132,0.001622489537,0.0003929346567,5.146271724e-05,0.00283417874,0.001279432094,0,0.0009797808016,0.000537510612,0.001730735297,0.0001176605729,0.01138124242,0.01360170916,0.003159926273,0.0005598011776,0.0002928694594,0.001728793606,0.001077976543,0.003498807782,0.001858269679,0.0002812778985,0.0009822697612,0.0002576712577,0.001238583238,0.01072486304,0.00526615046,0.0009121095063,0,0,0.003837854136,0.003030666383
76,0.001292226138,3.013013838e-06,0.0002659349411,0.0009532126132,0.03278952837,0.01326562185,0,0.003268806031,0.001056234119,8.912381418e-06,0.0001643941214,0.0002680603648,0.320561111,0.1391636878,0.0001298292627,0.008010687307,0.001943541807,0.001525616855,0.00592114171,0.0023378029,0,0.004464313388,0,0,0.0004375492281,0.001517294906,0.002885009628,0.001192827825,0.005213770084,0.009214024991,0.005234803539,0.003026051912,0.003786629299,0.001778907841,0.000474766799,0,0,0,0,0,0,0,0,0.5163195133,0.3562714159,0.1264438927,0.1831967533,0.251450181,0.2281314731,0.1675915867,0.1546231508,0.01471316442,0.004711634014,0.002720429562,0.009081316181,0.01402757876,0.003484543646,0.007574519608,0.001686145202,0.05875935405,0.005827907473,0.007104243618,0.07400039583,0.01976418123,0.00165463821,0.001618337817,0.0342124626,0.005420266651,0.001756493002,0.001542437705,0.000571421464,6.216418114e-05,0.4982183278,0.009347977117,0.02645380795,0,3.443450987e-05,1.943228199e-05,0.001189738396,0.0100824004,5.132389924e-05,0.05652011558,0.0377968587,0.2387155741,0.1979127824,0.06754621863,7.463923976e-05,6.173075963e-05,1.253175651e-05,1.375812917e-05,0.0003557206073,0.04120087251,0.00955045782,0.008825403638,0.01515572332,0.007296412718,0.02124540508,0.03686321899,0.01715907827,0.004572865553,0.04145962372,0.06284210086,0.01264645439,0,0,0,0.001890924061,0.002548719756,0.0178821981,0,0.05562781915,0.003877916839,0.0323074162,0.02218752168,0,0.00125672284,0.007220838685,0.001931453706,0,0,2.586343726e-05,0.006443640217,0.0005507115275,1.405187777e-05,0.01246189978,0.01571735367,0.01169699989,5.121323738e-06,0.0419556126,0.002147953259,0.01335775293,0.003770207986,0.000437327777,0.0208919365,0,4.103661922e-06,0,0,2.454382638e-06,0.0001231914939,6.154160656e-05,0.007041759789,0.006792086177
77,2.864571798e-05,1.237066954e-05,0.0002759874624,0.002154769609,0.0001683498558,0,0.002380952239,0.006087532267,0.001223615138,1.903247721e-05,0.001157291466,0.0008242549957,0.2889505923,0.3387190104,0.02981271222,0.01620320976,0.002380952472,0,0.002129454166,0.006311472505,0.003737394698,0.002852284117,0,0.002380952472,0,0,0.003776615253,0.004174266011,0.01109779254,0.007347734645,0.009329253808,0.0080389902,0.007142857648,0.002380952239,0.007284900174,0.002960474929,0,0,0.002380952472,0,0,0,0,0.3429878354,0.2544286251,0.01154102292,0.1578121781,0.209752664,0.09766730666,0.05308321118,0.05220565945,0.002852947684,0.0001510446164,6.274441694e-05,0.0001188872266,0.0008540503914,0.0001198517639,0.000253277889,0.00043863678,0.002663009102,0,0.0001281735022,0.006260985043,0.001540902769,1.050266837e-05,1.300354506e-05,0.002137851901,0.0005052445922,0.002885966562,0,2.218802729e-05,0.02104838379,0.7012469172,0.0004380162572,0.001548526343,3.443450987e-05,0,8.131974596e-07,8.740955309e-06,0.002349721966,1.125306244e-05,0.007876908407,0.001575602451,0.09900519252,0.2659417093,0.008245103993,0.006320612971,1.422835066e-05,7.159066445e-05,6.166100775e-06,9.465483345e-06,0.005669610575,0.002324822824,0,0,0,0,0.001082935953,0,0,0.001451049466,0.004761904944,0.003218526719,0,0,0,0,0.0001056061446,0,0,0.005712133367,0,0.00287083257,0.0006448861677,0,0,0,0.0004129126901,0,0,0,0.0003236427438,5.345598311e-06,0.0004887083196,0.01084555127,0.000810081372,0,0,0.004132899456,0.001831514761,0,0,0,0,0,1.567446634e-05,1.462815908e-05,1.673555016e-05,1.044092414e-06,0,0,0.001252442366,0.0009327928419
78,1.089922989e-05,3.886577178e-05,0,0.0004808049416,0.004761904944,0.002380952472,0.001843760954,0.00198120065,0.0004291049263,3.071352467e-06,0.0004953634343,0.00026788385,0.1820826083,0.1944501549,0.01250945963,0.009363907389,0,0.005186016206,0.002822178416,0.001109346515,0.002034413861,0,0,0,0.001141731278,0,0.00378145976,0.004582099151,0.006985450629,0.008069970645,0.004362359643,0.001932930201,0.003418229753,0,0.003499316052,0.001719185035,0,0,0,0,0,0,0,0.2821463346,0.131561622,0.008608292788,0.08410153538,0.1176266819,0.03321519867,0.01137945615,0.02665814385,0.00159233599,0.0002231914987,0,0.0005926224985,0.0002398923534,0,9.577317542e-05,3.925814235e-05,0.001771124313,0.0005958176916,0,0.007150360849,0.002955596428,1.546720887e-05,4.065471512e-05,0.003440377768,0.0007955455221,0.001601975877,0.0001786393113,1.514548512e-05,0.008749693632,0.6736369729,0.0008960235282,0.001443646732,1.943228199e-05,8.131974596e-07,0,2.756365348e-06,0.000496216584,1.328210146e-05,0.005888903979,0.003073071362,0.1078355834,0.2660657763,0.01391759235,0.004964694846,3.128333992e-05,0.0002391431772,1.8001125e-06,2.069716061e-07,0.001706674346,0.001551661058,0,0,0,0,0,0.0006253556348,0,0.005646283273,0.00374031812,0,0,0,0,0,0.000136064642,0,0,0.002380952472,0,0.001185293193,0.0004022264911,0,0,0,0,0,0,0,0,0,0.0009498341824,0.004046368413,0,0,0,0.001034006709,0,0,0,0,0.0004225349694,0,0,5.511278141e-05,0,0,0,9.168330871e-05,0,0
79,0.000190498773,3.134641156e-05,0.0002674314601,0.0008858412621,0.01089204568,0.02030517533,0.008528248407,0.005154442508,0.002139046788,5.746107854e-05,0.002786446363,0.000979903969,0.2738395929,0.4158142507,0.09460186213,0.02834507264,0.004614912439,0.001409877092,0.001990065444,0.007462609094,0.004894362763,0.003990727477,0.001916686655,0.0008445749991,0.001832777052,0,0.006347695831,0.007648476399,0.01348651759,0.006432965398,0.005977611989,0.005907032639,0.00330339768,0.0008787997067,0.005132627673,0.007349661086,0.003338062903,0,0,0,0.004761904944,0.002380952472,0,0.3029358089,0.1971160918,0.004385412671,0.1332715154,0.1858868301,0.1246474534,0.02213541791,0.04066895321,0.004690924659,0.002284987364,0.0001188786118,8.310294652e-05,2.954216143e-05,3.045254925e-05,0.0001136239953,0.0001096529304,0.00113882171,0.0001245422318,7.215615915e-05,0.002376023913,0.0009508461808,8.252103726e-06,1.199434428e-05,0.003648024285,0.001282764366,0.00439732708,0.001554653281,4.592795813e-05,0.1153964028,0.686691761,0.0003900991578,0.0003582734207,0.001189738396,8.740955309e-06,2.756365348e-06,0,0.004196848255,3.000467041e-05,0.01205336954,0.001291157445,0.1003244072,0.2754744291,0.01546190865,0.06808108836,0.0002197139693,0.007722449023,5.235552453e-05,3.646473942e-06,0.03206655011,0.01334617659,0.0008626009221,0.002380952472,0,0.002380952472,0.001543417107,0.001282093232,0,0.00817470625,0.002974526957,0,0,0,0,5.639655137e-05,7.837996964e-05,0.0002703523205,0,0.002570414916,0,0.000283759844,0.0002452834451,0,2.072573079e-05,0.002860243665,0.0003456673003,0,0,0,0.0001255457755,0,0.003280899022,0.006407749839,0.0007358093862,0.0001430705888,4.208115934e-05,0.003480722429,0.0001535193442,0.0002122626465,0,0,0.0001539296791,0,0,0.0001131936588,0.0005902763805,7.316972642e-06,0,0,0.001854459522,0.0008304962539
80,9.561725892e-05,0,0.0001498776255,0.000999289914,0.0003369570477,0.002948607784,0.0007372015389,0.0006073284894,0.001916917856,0.0005376025219,0.004378304351,0.001670588506,0.2578977346,0.1653620601,0.006890342105,0.04942619801,0.002101367339,0.0004753218964,0.007240972482,0.00967430789,0.0005066744052,0.003347106045,0.002612645039,0.001364888623,0.005879959092,0,0.002269199118,0.002380952472,0.003486016998,0.005569264293,0.01002305653,0.01066489611,0.006062318105,0.00631724298,0.001794654178,0.00507231243,0,0,0,0,0,0,0,0.3284404576,0.1005255952,0.02920920774,0.05185138062,0.06004769355,0.0004037695762,0.01583562978,0.00666376017,0.0006481790915,0,0.000969377812,0.001790805836,0,9.454957763e-05,0.0001791973918,4.582514521e-06,0.01926958561,4.47422899e-05,5.350375068e-05,0.0009008997586,3.421771908e-05,0.001863550046,0.000269635435,0.009434412234,0.0004921113723,0.01223490201,0,6.93992115e-06,0.01146534178,0.8715878725,0.001005644794,0.003879484488,0.0100824004,0.002349721966,0.000496216584,0.004196848255,0,1.059436613e-06,1.88401591e-05,0.01424809825,0.2083886564,0.1375761777,0.01201299764,0.06863733381,0.005286871456,5.905233775e-05,7.984272816e-05,0.001166485599,7.674459084e-06,9.388346029e-07,3.152582576e-05,0.0001090289297,0,0,0.0001645418961,0.0002433392219,0,0.0002241176408,0.001054837718,0,0,0,0,0,1.900249345e-06,5.555153257e-05,0,7.5306285e-05,0,2.204340853e-05,1.401923237e-05,0,5.073269494e-05,0,0,0,0,0,2.417390715e-05,3.114495485e-05,0.002825596835,0.0003707836149,0,1.777563375e-05,0,0.0001357089495,8.846630408e-06,0,3.534316056e-05,0,8.429152331e-06,0,0,0.0001045294339,0.0001060728973,6.339969696e-05,0,0,5.162878369e-05,3.180529166e-05
81,2.770654191e-06,9.950923413e-06,3.586505773e-05,9.668559505e-05,0,0.00169922132,0,0.0003939804737,8.281371265e-05,3.813453986e-06,8.350225107e-05,0.0001159227395,0.3220858872,0.1836044937,1.9237792e-05,0.01506424323,0.001265279367,0.0005753445439,0.004801344126,0.004144954029,0.001980756409,0.001915889676,0.00167508109,0,0.000194909022,0.0009180827183,0.003583926708,0.002667260356,0.0124486452,0.004721381236,0.0050189537,0.005093933083,0.002465431811,0.001199991093,0.004823007155,0.0009596576565,0.002380952472,0,0,0,0,0,0,0.3489175439,0.08464279771,0.02668208256,0.04409067333,0.04176426679,0.0003119787434,0.02505896986,0.01308475994,0.0005703587085,0,0,0.0003270174202,1.611895095e-05,0,0.0001546117419,2.415518065e-05,0.005837498698,0,0.0003807959729,0.001530212816,1.122110734e-05,1.098532266e-05,0,0.002706791507,2.14575939e-05,0.0002380256192,0,1.057158343e-07,0.0001077797715,0.8587973714,0.0004946818226,0.003629256273,5.132389924e-05,1.125306244e-05,1.328210146e-05,3.000467041e-05,1.059436613e-06,0,1.438818163e-05,0.001922673895,0.1288590133,0.1736537814,0.01696280204,0.001132326201,3.434341852e-05,0,3.815775358e-07,3.951291092e-06,1.36046674e-05,2.952494015e-06,0,0,0,0,0.002380952472,0,0,0,0,0,0,0,0,0,9.855339158e-06,0,0,0,0,0,0,0,0,0,0,0,0,0,0,3.234738415e-06,0.0001234775409,0,0,0,0,0.00168972672,0,0,0,0,0,0,0,0,0,7.058195592e-07,0,0,0,3.838546036e-05
82,6.203791418e-05,0.001085266354,0.0002991143265,0.002973861294,0.0001814342977,0.0007066474063,0.003021351062,0.001238453435,0.004089174327,0.003563166363,0.008839454502,0.003970445599,0.2538932264,0.1979297698,0.0828858912,0.03511825576,0.002836912638,0.007685367949,0.01251268107,0.006381129846,0.003766162088,0.001952528604,0.003693927079,0,0.004717893898,0.003306008177,0.003813926131,0.006790532731,0.003763319692,0.008852450177,0.005682311952,0.005515138619,0.00556180859,0.006831476465,0.008938309737,0.01072534546,0.003091030056,0,0,0,0,0,0.002380952472,0.342261672,0.02998684347,0.008700109087,0.01465468481,0.01371862274,0.0004039694322,0.0009596462478,0.0002815451007,0.0007634327048,0.001064682147,0.003598222043,0.004155153874,0.004192088265,0.002162449062,0.001264954219,0.0001272507798,0.002521574264,0.001970697893,0.0009238853236,8.950581832e-05,4.961525701e-05,0.004551372025,0.00106083299,0.008566793054,0.00279273279,0.01617419347,6.934970315e-06,1.415136285e-05,0.1049290299,0.8561959863,0.004305225331,0.001569793792,0.05652011558,0.007876908407,0.005888903979,0.01205336954,1.88401591e-05,1.438818163e-05,0,0.02489968203,0.2343099713,0.1510715932,0.01599482819,0.1522281468,0.01464433409,0.002249417128,0.000445816142,0.001737737912,3.256653508e-05,1.355170207e-05,8.789350977e-05,5.538417827e-05,0,0.0001028273182,7.190146425e-05,6.595430023e-05,0,4.734627146e-05,7.632462075e-05,1.964644616e-05,0,4.829690079e-05,0,0.0001200479019,6.062125976e-05,2.474323765e-06,0,4.04008606e-05,0,3.658523929e-05,6.228857819e-05,0,0.0001230869821,5.247265653e-05,2.528138066e-05,0.0001782610198,0,5.805038018e-05,4.070538853e-05,1.247404725e-05,0.01046917122,0.000272924779,6.841521827e-05,4.445801824e-05,0,4.311468001e-05,8.101971616e-05,1.577103103e-05,3.557863238e-05,0,5.883451377e-05,0,0,0.0006850460777,0.001982216258,0.0001402525522,0,0,8.941491978e-05,5.567285189e-05
83,0.01303310599,0.001819739467,0.03127726167,0.02688791603,0.02442542091,0.02327749692,0.01382408012,0.05630842596,0.05319163576,0.01004708838,0.03503272682,0.01836278103,0.3876173496,0.4615904987,0.2103835195,0.09022528678,0.002745665843,0,0.003063175827,0.004761904944,0.002380952472,0,0,0.002380952472,0,0.002380952472,0.02988564596,0.006220945157,0.02996294014,0.01943186484,0.01251347084,0.005301631056,0.005854620598,0,0.01190476213,0.007739706431,0,0,0,0,0,0,0,0.3490408659,0.3024567664,0.005718090571,0.1621998996,0.2701556385,0.218987897,0.04891409352,0.09187828749,0.006382835098,0.003595583839,0.0005626647035,0.0005441073445,0.0005800552317,0.0006420748541,0.003524658736,0.004834358115,0.0003077991132,0.0002718444739,0.0002872054756,0.008437597193,0.005072966684,0.0006747807493,0.001224140404,0.0002220126917,0.002130807377,0.03356179595,0.008793396875,0.0010203087,0.2887471616,0.6993052363,0.0001650515187,0.0002301068016,0.0377968587,0.001575602451,0.003073071362,0.001291157445,0.01424809825,0.001922673895,0.02489968203,0,0.07111494988,0.2713953257,0.003717568005,0.1646116525,0.007137346081,0.1024671942,0.005663928576,0.001525438624,0.0580855161,0.02261184156,0.02249663509,0.007142857648,0.01190476213,0.01980793849,0.008266443387,0.0344136171,0.002623781795,0.01930322684,0.01904633269,0.005541297607,0.004049673211,0.001117971609,0,0,0.004889266565,0.009682579897,0.002380952472,0.01613258757,0.0002337903425,0.01055294275,0.01112079434,0.0001211182898,0.0009844769957,0.003337810282,0.007934428751,0,0.0002557046828,0.0001897639595,0.005703416187,0.0005308716209,0.01569691673,0.0328021571,0.01032157894,0.0006516069989,0.0007227689493,0.02620935626,0.008450787514,0.006513793487,0.003803544445,0.0009217762854,0.012697706,0.002325562527,0.002800324,0.01491132285,0.006638110615,0.001708511612,0.0003869508218,0,0.007856099866,0.008991818875
84,0.2266834527,0.1336233467,0.2539449632,0.2538716793,0.3126629293,0.3027297556,0.1925164014,0.292928189,0.4668365717,0.1835036725,0.322016418,0.211972326,0.7406290174,0.6731455922,0.5336215496,0.4880262613,0.103862457,0.06185445562,0.08655156195,0.09677619487,0.1041829363,0.0487863645,0.02316533215,0.02380952425,0.04150595888,0.07890758663,0.3688527346,0.183205694,0.2373123318,0.3021324575,0.2922061384,0.2055252641,0.1356680542,0.08448183537,0.169570595,0.209449634,0.06132000685,0.0142857153,0.004761904944,0.02857143059,0.003768256633,0.002380952472,0.002380952472,0.6137167215,0.5093204975,0.1087029576,0.3239951134,0.4346637428,0.4762252867,0.2693276703,0.275120616,0.1655428857,0.1378173977,0.1055718437,0.08870049566,0.1013816595,0.1231056079,0.1527573168,0.1542131156,0.05575600639,0.09703085572,0.139639616,0.2109907717,0.1802459955,0.09482353926,0.1197965592,0.08199317753,0.1292709261,0.3201408386,0.1577702463,0.102048561,0.5186080933,0.8654799461,0.09837382287,0.1115392372,0.2387155741,0.09900519252,0.1078355834,0.1003244072,0.2083886564,0.1288590133,0.2343099713,0.07111494988,0,0.4455933869,0.1124341711,0.4451585412,0.1320722252,0.3940951228,0.1256499439,0.108693175,0.2988132536,0.2594442368,0.2557124197,0.2522343993,0.2664204538,0.2882469893,0.302006036,0.329475522,0.2147249877,0.3016483188,0.305509299,0.2380163521,0.118677333,0.08787477762,0.07817184925,0.1226102412,0.1481295377,0.2470811009,0.07180013508,0.2592605054,0.07702561468,0.214723438,0.1739736199,0.07661768794,0.1185682192,0.1459638923,0.2367054969,0.07338681817,0.09561267495,0.1129852086,0.1541231871,0.1086095273,0.1653689146,0.2868721783,0.2354448438,0.2206782997,0.09420061857,0.2704553902,0.2113201171,0.2568898797,0.1905147284,0.127589643,0.2401357293,0.1364408135,0.1140387058,0.1912246346,0.1742940098,0.1089748666,0.086574696,0.09373985231,0.266687721,0.2415699959
85,0.1772643626,0.08667687327,0.1835775673,0.1512904912,0.2204373926,0.1408594698,0.09362471849,0.1810553968,0.2842803299,0.2321483344,0.1990082413,0.2150868028,0.5706625581,0.2756854594,0.2264959663,0.2690360546,0.06732135266,0.02744819596,0.02803986892,0.06164587662,0.05369576067,0.03883232549,0.02009182423,0.01321328525,0.02290928178,0.0415776819,0.2184601873,0.1215879843,0.153739661,0.1849973053,0.1683111489,0.1050315499,0.07609856129,0.04465631396,0.1044242829,0.1586122066,0.02735649236,0.002380952472,0.004761904944,0.01904761977,0.01190476213,0,0,0.7594487071,0.4536732733,0.3703179657,0.2171988636,0.3390810192,0.396115303,0.1873042881,0.1609592289,0.01855106279,0.08399688452,0.1628619432,0.2655104399,0.2553100586,0.188875854,0.1150291115,0.1236492544,0.2074148506,0.1887235641,0.133448258,0.1355284303,0.09995023161,0.2610513866,0.2293181121,0.1430989057,0.1276795864,0.06023675203,0.07515164465,0.216661334,0.1133972332,0.6342377663,0.2049710155,0.18094863,0.1979127824,0.2659417093,0.2660657763,0.2754744291,0.1375761777,0.1736537814,0.1510715932,0.2713953257,0.4455933869,0,0.06330515444,0.1214405298,0.2099052519,0.1398930401,0.2228827626,0.2488868088,0.2112220228,0.1866521835,0.206177786,0.2222357839,0.2172667086,0.2147167176,0.2259056568,0.2680315077,0.1278342456,0.226857841,0.2383406013,0.1431930363,0.07200460136,0.04004586861,0.06473383307,0.08045135438,0.1196745038,0.1845436096,0.04329521582,0.1782117635,0.04839966074,0.1414927095,0.1119283289,0.07577677816,0.1549002379,0.08107474446,0.1799496114,0.03848225996,0.07472102344,0.1152722836,0.09077651799,0.1959618479,0.08521592617,0.193035081,0.1576379985,0.1422697902,0.07538295537,0.1890837252,0.1321325451,0.1630529016,0.1051145196,0.08793509007,0.1616637707,0.092203632,0.06377796084,0.06994539499,0.06681196392,0.1857837737,0.1227281541,0.1132287681,0.200080812,0.1726210713
86,0.01676755957,0.0100029707,0.0244652126,0.02670515515,0.02642280981,0.02522786707,0.03170149773,0.0369005017,0.1390556991,0.03246340901,0.06046593934,0.02805969119,0.5428058505,0.425365597,0.1903091669,0.1705392599,0.01232619304,0.00421612151,0.002380952472,0.0142857153,0.003826020285,0.0006019951543,0.002380952472,0.002380952472,0.002380952472,0.007108395919,0.07554132491,0.006832898594,0.02821598202,0.04295127094,0.03319735825,0.03181901947,0.01122087147,0.004761904944,0.01015524194,0.02834479511,0.002380952239,0,0.004761904944,0,0,0,0,0.4141557813,0.2048158944,0.06268106401,0.06961106509,0.1395223439,0.1008231938,0.03356051445,0.02843105607,0.001680011861,0.003505824599,0.005592676345,0.009855112992,0.01556603704,0.01812955178,0.008042162284,0.007035234477,0.01156096626,0.008464748971,0.007918749936,0.01506411284,0.007022467442,0.008837322704,0.01528256666,0.001355242915,0.0037380883,0.06226523593,0.00575435767,0.01067180745,0.2459147722,0.8460549712,0.004070287105,0.01260685828,0.06754621863,0.008245103993,0.01391759235,0.01546190865,0.01201299764,0.01696280204,0.01599482819,0.003717568005,0.1124341711,0.06330515444,0,0.1833971143,0.01475456543,0.100410901,0.01191239618,0.01303125545,0.02860498801,0.02409015968,0.02928738855,0.02706881613,0.02024938166,0.02914626151,0.0390611589,0.04280586541,0.01878306642,0.03977432102,0.03556168824,0.01470615994,0.01061365381,0.004109845962,0.003628503298,0.006058802828,0.006327690091,0.02213686146,0.004336410668,0.02023944631,0.001546650659,0.01464551222,0.007002202328,0.009517373517,0.008663189597,0.00572874723,0.01793998666,0.0003101701732,0.002723308047,0.005136247724,0.006778205279,0.008337525651,0.01002796646,0.02349501662,0.01756810769,0.017316157,0.00106064952,0.03104932979,0.01476358157,0.01862306148,0.005098495632,0.01597477309,0.01877046935,0.01192220207,0.01095211133,0.03069729917,0.0232720729,0.01220384613,0.0107486425,0.009015124291,0.03124658018,0.01762438379
87,0.05238743126,0.00124575221,0.0207120385,0.01388619374,0.08849433064,0.01729751006,0.000167072707,0.06548530608,0.01820034347,0.0001421126944,0.0007949525025,0.002498807851,0.3867189586,0.1387331635,0.001136614825,0.03323484957,0.00296702818,0,0,0.007142857648,0.003223890206,0.002380952472,0.002380952472,0,0.002380952472,0.002380952472,0.01344112493,0.002380952472,0.006971618161,0.01262910664,0.00486991182,0.004595932085,0.003422453068,0,0.004761904944,0.005983560812,0,0,0,0.002380952472,0,0,0,0.70888412,0.3743522763,0.3538973331,0.1806216687,0.2712372243,0.3757705688,0.2384126782,0.2171914726,0.02842523344,0.009255651385,0.003739830805,0.05171423033,0.08833163232,0.01036377437,0.03001604043,0.01059167273,0.2212678045,0.03633643314,0.03332934529,0.1738552898,0.07566551119,0.02206341922,0.01738199033,0.1188203022,0.02984237857,0.0007322412566,0.01486197673,0.007795935497,8.130124479e-05,0.2205355465,0.05746107921,0.1504308432,7.463923976e-05,0.006320612971,0.004964694846,0.06808108836,0.06863733381,0.001132326201,0.1522281468,0.1646116525,0.4451585412,0.1214405298,0.1833971143,0,9.075072012e-05,0.0001824578649,0.0008150574286,0.008075241931,0.1497720629,0.08591579646,0.03747152537,0.05225863308,0.03659727424,0.07671627402,0.08487321436,0.08062731475,0.03487471491,0.121431388,0.1341285408,0.0443286635,0.009523809887,0.007142857648,0.006887882482,0.015406169,0.05543488637,0.05869236216,0.004761904944,0.1286446005,0.007142857648,0.1204847991,0.091235511,0.01349691395,0.0205328539,0.01831237599,0.04990699887,0.0003005772596,9.271372255e-05,0.00132385327,0.0204685647,0.00947321672,0.0006459567812,0.05752462894,0.0599999465,0.04229020327,7.698161062e-05,0.1191529632,0.03925820813,0.08440187573,0.02570503019,0.007808199152,0.05767184123,0.004415358882,0.0002956307144,3.202886001e-05,7.357676077e-05,0.001018413692,0.01193355117,0.008230107836,0.0713442862,0.07653972507
88,0.0007937736809,0,0.000732944929,0.001501701656,0.01031533815,0.007142857648,0.0008665639907,0.006985517219,0.00092039234,7.072604603e-06,0.000234684092,0.0002139727003,0.2847975791,0.2578527033,0.007988030091,0.01163312048,0.000625410059,0.003228830639,0.003396859858,0.003654040163,0.001298380317,0,0,0.0009200175409,0,0.002380952472,0.002104050247,0.003065098077,0.003696992528,0.008866059594,0.005781315733,0.0009116576402,0.002380952472,0.003115594853,0.002744450234,0.007947462611,0.001394107006,0,0,0,0,0,0,0.4107677937,0.314679116,0.04534434527,0.1453167498,0.2237468809,0.1501418054,0.09539370239,0.09036625177,0.001688788296,8.573466039e-05,7.804517372e-05,0.000694126531,0.003656113753,0.0005127339973,0.0004551625461,0.0005477129016,0.01433846075,0.0002057809179,0.0002056389785,0.01524948608,0.003251311136,5.754529775e-05,0.0001656936947,0.004586437251,0.000371505972,0.0001400375331,0,0.0001036249814,0.001686493517,0.6582809091,0.000749893894,0.005266434047,6.173075963e-05,1.422835066e-05,3.128333992e-05,0.0002197139693,0.005286871456,3.434341852e-05,0.01464433409,0.007137346081,0.1320722252,0.2099052519,0.01475456543,9.075072012e-05,0,0.0001366061915,9.306434549e-06,5.262007471e-05,0.0167130474,0.00215003849,0.005536151119,0.009072219022,0.002380952472,0.008241372183,0.009677935392,0.006326627918,0.004761904944,0.02223597653,0.02196399495,0.00283861463,0.001113359584,0,0,0,0.0003097923764,0.004907716066,0,0.02593894862,0,0.006201238371,0.004414612427,0,0.0001057297195,0.0002715968003,0.001228390727,0,0,0,0.001207277062,0.0001517391647,0,0.01600316726,0.01189615112,0.004509268329,0,0.01680581085,0.001363837509,0.003371457569,0.001442504465,0.00155479915,0.006014665123,0.0003287099535,0,1.598297968e-05,1.020845593e-05,5.82893972e-06,0,0,0.007429702673,0.006956112105
89,0.0001480021747,1.905894806e-06,3.610715066e-05,1.971901293e-05,0.003091627266,0,0,0,0.000861090899,7.053582976e-06,6.860712892e-05,0.0002775159082,0.393560946,0.063863419,3.39844587e-06,0.004564000294,0,0.002380952472,0,0,0.002380952472,0,0,0,0,0,0.001828142907,0,0.006464728154,0.004828988109,0.0009395169909,0.003046390601,0.002380952472,0,0,0,0,0,0,0,0,0,0,0.3913862407,0.3185104132,0.2818129659,0.1411541104,0.2262830138,0.01352276839,0.1650996357,0.1320615411,0.01041193958,0.001058898284,0.002209298313,0.02231586911,0.01623033732,0.006445806473,0.005317442585,0.001022361801,0.1373935044,0.005722288974,0.01308915205,0.06661501527,0.00412843423,0.007659038063,0.002537890337,0.05532205477,0.009786108509,0.001418325119,6.006559488e-05,2.97409224e-05,3.624345118e-05,0.3866710663,0.02224845253,0.09412972629,1.253175651e-05,7.159066445e-05,0.0002391431772,0.007722449023,5.905233775e-05,0,0.002249417128,0.1024671942,0.3940951228,0.1398930401,0.100410901,0.0001824578649,0.0001366061915,0,2.781609055e-06,0.0008726133965,0.0002611920354,0.0001220902923,0.0006322683766,0.002138461219,0,0.005416288506,0.004132634029,0.003952675499,0.002380952472,0.005127792712,0.005596431438,0.003300225362,0,0,0,0,0.0002102400322,0.002645288361,0,0.01472443435,0,0.004890479613,0.003631918458,0,0,0.001032826956,0.0006744441926,0,0,0,0,0.0001675232925,0,0.0001716765983,0.00693488447,0.003432452213,2.483747039e-06,0.004787867423,0.0002988265187,0.003462929279,0.0005701416521,0,0.004128125962,0,0,1.404100516e-07,0,0,0.0001136716164,0,2.323476474e-05,0.000326215697
90,3.166696843e-05,1.320138472e-05,4.612782504e-05,0.0002735501039,0.0003643121454,0.006021242123,0,0.0008495372022,7.862350321e-05,7.219055533e-06,7.248576003e-05,8.168901695e-05,0.1372823417,0.1414249241,0.0006132915732,0.008581371047,0.001702709473,0.001454173704,0.00767873833,0.003996426705,0.002121521393,0.004303602502,0.004257466178,0,0.004465442616,0.002588569652,0.004464129452,0.008933056146,0.008823686279,0.008866924793,0.003366390942,0.006142199971,0.006674950011,0.007118961774,0.002062445274,0.004950569943,0.0004936126061,0,0,0,0,0,0,0.3510849774,0.1941325963,0.01956227981,0.1037616655,0.1386895627,0.005556133576,0.03926292807,0.04857243598,0.001012016786,0.000486846111,0.0001272897789,0.0004631366173,0.001859637559,0.0003190367133,0.0002827703429,0.0002748152765,0.007638525218,0.001006687526,0.0004455551971,0.004181286786,0.0002630449017,3.096252476e-05,2.062757267e-05,0.004550214857,0.0004962187377,0.0002345181856,2.413882839e-06,2.302774419e-06,0.0005238105659,0.7184330225,0.0007659076946,0.002074577147,1.375812917e-05,6.166100775e-06,1.8001125e-06,5.235552453e-05,7.984272816e-05,3.815775358e-07,0.000445816142,0.005663928576,0.1256499439,0.2228827626,0.01191239618,0.0008150574286,9.306434549e-06,2.781609055e-06,0,1.509079425e-06,0.0001696401159,8.657503349e-05,0.001299966709,0.0004497822956,0.00111872016,0.002380952472,0.002928668633,0,0,0.001523804152,0.004777477123,0.000235637388,0,0,0,0.0001811579859,0.0001512215968,0.0004723064194,0,0.001408745185,0,0.0002377986966,0.0003987552191,0,1.186090685e-05,0.0002571439545,4.171885303e-05,0,0,0,3.362710413e-05,3.724721637e-06,0,0,0,0.0003091503168,0,0.001642134972,0.0002101302962,0.0009190859273,0,0,0.000135488197,1.41834189e-05,0,0,0,1.855832579e-06,0,0,0.0003146323434,0.000288182724
91,7.648448809e-05,0,4.059632556e-05,0.0009190145065,0.00290582655,0.005906878971,0.004611920565,0.002496466506,0.0002213512635,1.794083437e-05,0.0003281057579,0.0001088502468,0.1170012131,0.2099483758,0.04198126122,0.01211329084,0.001502449275,0.001772099524,0.004156623967,0.006061331835,0.001401549787,0.0009391406202,0,0.002380952472,0.0008560930146,0.001398763154,0.003673730185,0.002693479415,0.007369747851,0.009875584394,0.006458399817,0.003737673396,0.005853299517,0.002380952472,0.003688205034,0.007213679608,0.001196487923,0,0,0,0,0,0,0.2908143103,0.1023087651,0.002960092621,0.06791391969,0.0899790749,0.0280509945,0.006893869489,0.0101918811,0.001990591176,0.0001598800154,5.544249507e-05,0,2.836643762e-05,5.803084423e-05,3.491961979e-05,8.222665201e-05,0.0009038079879,0,9.231853255e-06,0.00130939472,5.202967077e-05,7.76838624e-06,2.375902568e-06,0.003291507484,0.000797128072,0.0005280351616,0,2.755880359e-06,0.02546551824,0.7050692439,0.0006679558428,0.000188911843,0.0003557206073,9.465483345e-06,2.069716061e-07,3.646473942e-06,0.001166485599,3.951291092e-06,0.001737737912,0.001525438624,0.108693175,0.2488868088,0.01303125545,0.008075241931,5.262007471e-05,0.0008726133965,1.509079425e-06,0,0.003889142536,6.280146044e-05,0,0,0,0,0,0,0,0,0.0007517408812,0.0009335624636,0,0,0,0.0007359158481,2.983558988e-05,0,0,0,0,8.521346172e-05,0.0004501245858,0,4.876724779e-05,0.0009710293962,0,0,0,0,0,0,0.001102671027,0.002519676927,0,0,0,0,0,0,0,0,0,0,0,0.000585672853,0.0002136015246,3.48923777e-06,0,0,0,8.472843183e-05
92,0.0002112093352,0.001258341246,0.001673342311,0.01134751085,0.0009500913438,0.00847809948,0.004761904944,0.003829369321,0.01232748386,0.003095147898,0.01835795492,0.01470742654,0.4161736369,0.4708429873,0.03919600695,0.038690079,0.004761904944,0,0.002380952472,0.003115275409,0.0004393101553,0.002380952472,0,0.002380952472,0.0007841492188,0,0.005218348466,0.002380952472,0.004810329527,0.004205438308,0.002380952472,0.006717813667,0.001454395126,0,0.003087968566,0.001585891354,0,0,0,0,0,0,0,0.3497598767,0.01515953243,0.02355226688,0.003344696946,0.001380188973,0.0002243464987,0.001917259302,0.0002219164453,0.001385175507,0.006113251671,0.008158336394,0.01516444888,0.007766590919,0.007355229929,0.00838280376,0.002501903567,0.02113786526,0.007142857648,0.008504002355,0.0003777389938,0.0006522350595,0.01185023971,0.004472389817,0.01928756572,0.009227886796,0.02380588651,0.0003019116702,2.082428182e-05,0.03266144916,0.9644167423,0.01607416198,0.01027445495,0.04120087251,0.005669610575,0.001706674346,0.03206655011,7.674459084e-06,1.36046674e-05,3.256653508e-05,0.0580855161,0.2988132536,0.2112220228,0.02860498801,0.1497720629,0.0167130474,0.0002611920354,0.0001696401159,0.003889142536,0,1.716125735e-05,0,0.0001033219742,0.0001536639611,2.290554221e-05,0.0001159708336,7.682572323e-05,0.0001201422929,6.015511462e-05,3.882076271e-05,0.0002580719593,0.0002669676614,0,0,0.002380952239,7.795855345e-05,0.0001982482499,0,0.0001222885185,0,0.0001409643883,0,0,0.001416155137,0.002380952472,0.0002961900609,0,0,0,0.0006780840922,0.0001207840542,0.001412762911,0.0007190757897,0.000384986517,0.0009728419827,0,0.0001477024925,0,0.0001489757997,0.0002622807515,0,0.002380952472,0,0,0.001845673542,0.002574925078,5.958903785e-05,0,0,2.019358726e-05,0.000145171347
93,5.763442823e-05,0,0.0001845605002,0.001062578056,0.0003070555395,0.0002598347783,0.0001248624758,0.001374823507,0.004386621993,0.001319602132,0.008069808595,0.005178655963,0.3419339955,0.2955153883,0.01018698793,0.03387860954,0.0009392612264,0,0.001091461512,0.002380952472,0.004596429411,0.002820173511,0.001772547374,0,0,0.0009776043007,0.007213347126,0.00099876686,0.001358669484,0.00339122396,0.007268249523,0.006171328947,0.002380952472,0.0005914067733,0.004247960169,0.003062989796,0,0,0,0,0.002380952239,0,0,0.3521841764,0.04785673693,0.03104235977,0.02437068522,0.02504028752,0.0004219001858,0.008217461407,0.002205025172,0.0008767835679,0.001469983254,0.0008864211268,0.0002914351062,0.002673306968,0.001383021357,8.759069897e-05,0.000143939862,0.01539171673,0.003346292768,0.0009292751784,0.000407279731,0.0001318694121,0.003955375403,0.002289199037,0.007663683034,0.002414388116,0.01578230038,1.040322331e-06,2.850483952e-06,0.01459837426,0.9202816486,0.003515610704,0.006231060252,0.00955045782,0.002324822824,0.001551661058,0.01334617659,9.388346029e-07,2.952494015e-06,1.355170207e-05,0.02261184156,0.2594442368,0.1866521835,0.02409015968,0.08591579646,0.00215003849,0.0001220902923,8.657503349e-05,6.280146044e-05,1.716125735e-05,0,9.093079279e-05,0.0002026549628,0.0001986433053,0.0003295907809,8.892695041e-05,9.686345584e-05,0,0.0001007776737,0.0001068359052,4.518932474e-05,0,0,0,0.0009134668508,3.711838872e-05,8.624054317e-05,0,3.40489496e-05,0,3.69066438e-05,3.410188219e-05,0,0,0.0001322723401,4.405444997e-05,0,0,0.000100985897,1.774297561e-05,5.259631871e-05,0.002572154859,0.0007228017203,1.127469204e-05,3.136911255e-05,0,2.279440196e-05,9.91277193e-06,5.782366861e-05,0,0,0,0,0,2.59752378e-05,0,7.267506589e-05,0.0001671288774,0,3.710374949e-05,9.126214536e-06
94,3.401922868e-06,0.0002548258926,4.730306318e-05,8.496392547e-05,1.729769792e-06,0,0,5.746636452e-05,0.005775383674,0.002795828972,0.01622997783,0.01109973248,0.07981782407,0.1649288535,0.003284133738,0.0365723595,3.750259566e-05,0.0002820268273,0.0001899700437,0.0004799442249,0.0009870843496,0.0001403168426,0,0.001177081955,0.0001592542976,0,0.05071588606,0.02015227266,0.03284743428,0.02855461277,0.01978795975,0.009250409901,0.003607100109,0.002537758788,0.00468614744,0.0007759670843,0.003793843556,0,0,0,0.002380952472,0,0,0.4038043916,0.00792247802,0.01035247091,0.002128391294,0.001112829428,0.0002914147044,0.001402395545,0.0001955984626,0.001813769224,0.002380952239,0.002380952472,0.0006150366971,0,0.01020886935,0.001176392194,0.003396566492,0.007808575872,0,0.001071205828,0.0006337852101,0.0006572327693,0.001273778267,0.007816437632,0.002380952472,0.002614104189,0.03225984424,0,0,0.006509703584,0.8187978268,0.001351192826,0.008480117656,0.008825403638,0,0,0.0008626009221,3.152582576e-05,0,8.789350977e-05,0.02249663509,0.2557124197,0.206177786,0.02928738855,0.03747152537,0.005536151119,0.0006322683766,0.001299966709,0,0,9.093079279e-05,0,0,0,0,0,8.123367934e-07,0,0,0,0,0,0,0,0,1.374607746e-05,0,0,4.854832696e-06,0,0,7.434724102e-05,0,0,0,0,0,0,0,0.0001265876199,0,0,2.994437409e-07,0,0,0,2.701090352e-06,3.03292145e-05,0,0,0,1.548948603e-05,0,0,0,0,0,0,0,0,4.760543015e-05
95,2.583598416e-06,0,7.037887826e-06,0,0,0,0,4.150274253e-05,0.006895781495,0,0.01330711227,0.005790898576,0.08415965736,0.1113665774,0.01404260378,0.02792079374,0,0,0,0,0,0.002380952239,0,0,0,0,0.01086856611,0,0,0.004761904944,0.002380952472,0.002380952472,0,0,0,0,0,0,0,0,0,0,0,0.3782124519,0.006075599231,0.01065238845,0.001733426121,0.0004531391896,0.0002347421687,0.0004176523071,0.0001294727845,0.004399581347,0,0,0,0.002380952472,0,0,0,0.001762472675,0,0,0.0001282361627,0.0003580357588,0,0,0.008352214471,0.000532232516,0.03372685611,0,0,0.01621185057,0.7913977504,0.0004311944649,0.003190797521,0.01515572332,0,0,0.002380952472,0.0001090289297,0,5.538417827e-05,0.007142857648,0.2522343993,0.2222357839,0.02706881613,0.05225863308,0.009072219022,0.002138461219,0.0004497822956,0,0.0001033219742,0.0002026549628,0,0,0,0,0,0,0,0,0,0,0,0,0,0,0,0,0,3.297822332e-05,0,0,0,0,0,0,0,0,0,0,0,0,0,0,0,0,0,0,0,0,0,0,0,0,0,0,2.375893564e-05,0,0,0,0,0
96,0,0,0,0.0005736606545,0,0,0.0002383458923,0.0001378136803,0.004108769819,0,0.0259863846,0.003370159538,0.08188060671,0.08746900409,0.003628700739,0.02429936081,0,0,0,0,0,0,0,0,0,0,0.002380952472,0,0,0,0,0,0,0,0,0.002380952472,0,0,0,0,0,0,0,0.3896744251,0.007961451076,0.004750578199,0.002353906631,0.001523189945,0.0001650230988,0.001607237267,7.524817192e-05,0.00377758476,0,0,0,0.002380952472,0,0,0,0.00634413166,0,0,0.0005052484339,0,0.004761904944,0,0.004761904944,0.002380952472,0.0320819132,0,0,0.007475405931,0.8208299279,0,0.002749548061,0.007296412718,0,0,0,0,0,0,0.01190476213,0.2664204538,0.2172667086,0.02024938166,0.03659727424,0.002380952472,0,0.00111872016,0,0.0001536639611,0.0001986433053,0,0,0,0,0,5.308603477e-07,0,3.005257213e-06,0,0,0,0,0,0,0,0,0,0,0,0,0,0,0,0,0,0,0,0,0,0,0,3.128620392e-06,0,0,0,0,0,2.830705125e-05,0,0,0,0,0,0,0,0,0,0,0,0
97,0,0,1.724018148e-05,0.0009406839963,1.032601813e-05,0,0,6.10529969e-06,0.009142836556,0.01083720382,0.01233230811,0.01161638927,0.0853426829,0.1479507536,0.01305885334,0.03285878524,0,0,0,0,0,0,0,0,0,0,0.003388279816,0,0.001334483619,0.003194473917,0,0.002380952472,0,0.002380952472,0,0,0,0,0,0,0,0,0,0.3505642116,0.007623044774,0.002991863294,0.0003491675307,0.0006039815489,0.0002102318686,0.0004150841269,6.380694686e-05,0.0007115378394,0.002380952472,0,0,0,0,0,0,0.00421098806,0,0,5.130645513e-05,0.000481030118,0.002380952472,0,0.01813604869,0.002380952472,0.02572901919,0,0,0.04522036016,0.7876303196,0.008029694669,0.001574668102,0.02124540508,0,0,0.002380952472,0,0,0.0001028273182,0.01980793849,0.2882469893,0.2147167176,0.02914626151,0.07671627402,0.008241372183,0.005416288506,0.002380952472,0,2.290554221e-05,0.0003295907809,0,0,0,0,0,0,0,0,0,0,0,0,0,0,0,0,0,2.105773638e-05,0,0,0,0,0,0,0,0,0,0,0,0,0,0,0,0,0,2.851786303e-05,0,0,0,0,0,0,0,0,0,0,0,0,0,0.0001958546054
98,1.499475388e-06,0,8.927381714e-06,0.0002866929572,9.680136827e-06,0.00010854422,0.0003120481269,5.367731137e-05,0.007982348092,0.002620690269,0.01781085134,0.01223408617,0.08671037108,0.1683776975,0.01700040512,0.0337706618,0,0,0,0,0,0,0,0,0,0,0.007308237255,0.0005644892808,0.007142857648,0.007846661843,0,0.002380952472,0,0,0.002380952472,0,0,0,0,0,0,0,0,0.3614883423,0.004701372236,0.004750545602,0.0006827391335,0.0006858694833,0.0002078379621,0.0005667573423,6.764780119e-05,0.002919679508,0.001099121757,0,0,0,0.005089098122,0,0.001815596479,0.008309948258,0,0,0.0002166803606,0.001124986098,0,0,0.01287550107,0,0.02520229854,0.002380952472,0,0.04053970054,0.8286138773,0.004928538576,0.004247495439,0.03686321899,0.001082935953,0,0.001543417107,0.0001645418961,0.002380952472,7.190146425e-05,0.008266443387,0.302006036,0.2259056568,0.0390611589,0.08487321436,0.009677935392,0.004132634029,0.002928668633,0,0.0001159708336,8.892695041e-05,0,0,0,0,0,0,0,0,2.327504092e-07,0,0,0,0,0,0,4.006984e-06,0,0,0,0,0,0,0,0,0,0,0,0,0,0,0.0001188559181,0,0,0,0,0,0,0,0,0,2.084822518e-05,0,0,0,0,0,0,0,0,0
99,2.057307029e-05,0,0.0001180377076,0.0004171049222,1.125056315e-05,0.0004286420008,0,6.25332832e-05,0.006789815146,0.01231715176,0.02621203102,0.008390174247,0.07997024804,0.2460751981,0.02369521186,0.03654435277,0,0,0,0,0.001170388889,0,0,0,0,0,0.001644983771,0.002380952239,0.002380952472,0.01190476213,0,0,0,0,0,0,0,0,0,0,0,0,0,0.3887968957,0.003591534682,0.006762261502,0.0009824743029,0.0007043987862,0.0001399157482,0.0001958461216,0.0001165452122,0.004157461692,0.002663586754,0,0.002380952472,0,0,0.002356665442,0.0006594462902,0.00722247595,0,0,0.0001771214302,0.0006007690681,0.002380952472,0.002970038448,0.02290911041,0.009293745272,0.04058942199,0,0,0.03588030115,0.8853701353,0.01012704521,0.003376996377,0.01715907827,0,0.0006253556348,0.001282093232,0.0002433392219,0,6.595430023e-05,0.0344136171,0.329475522,0.2680315077,0.04280586541,0.08062731475,0.006326627918,0.003952675499,0,0,7.682572323e-05,9.686345584e-05,8.123367934e-07,0,5.308603477e-07,0,0,0,3.353124339e-05,1.314266342e-06,0,0,0,0,0,0,0.0002230145765,0,0,2.407212196e-05,0,9.214115562e-05,0,0,0,0,0,0,0,0,0,0,2.644838969e-05,6.398043297e-06,0,0,0,1.58939838e-05,0,0,0,0,0,0,0,0,4.088268543e-05,0,0,0,0,1.032267119e-05
100,1.621902811e-06,0,0,0,0,0.000264725677,0,0,0.005480415188,0,0.01084674895,0.006365720648,0.08613063395,0.06874777377,0.001213403069,0.03203193098,0,0,0,0.002380952472,0,0,0,0,0,0,0.002380952472,0.002380952239,0.001701472444,0.006352744065,0,0.0009605545783,0,0,0,0.002380952472,0,0,0,0,0,0,0,0.2695091069,0.006433757953,0.0008798950585,0.0008622933528,0.0007141827373,0.0002956175595,0.0004783200857,0.0002803594107,0.0005916929222,0,0,0.002380952472,0,0,0,0,0.008933139034,0,0,0.0003141913621,4.100943261e-05,0,0,0.006855755113,0.009038883261,0.01553859003,0,0,0.01728376187,0.6024196744,0.005161195993,0.001835168339,0.004572865553,0,0,0,0,0,0,0.002623781795,0.2147249877,0.1278342456,0.01878306642,0.03487471491,0.004761904944,0.002380952472,0,0,0.0001201422929,0,0,0,0,0,0,3.353124339e-05,0,0,0,0,0,0,0,0,0,0,0,0,0,0,0,0,0,0,0,0,0,0,0,0,7.09978849e-05,3.967670273e-05,0,0,0,0,0,0,0,0,0,0,0,0,0,0,0,0,0,0
101,7.800899766e-07,0,4.161264224e-05,0.0002862939727,2.918550854e-05,0.000156363385,0.0001703515009,2.957604738e-05,0.007497656159,0.01077644154,0.01663829572,0.01251933537,0.0944699347,0.207029894,0.0454435274,0.04128295183,0.0001815510477,0,0,0.0001337380527,0,0,0,0,0,0,0.01446980145,0.001641115523,0.01164370868,0.006177817937,0.0006871855003,0.0005282532074,0,0.001530969748,0,0.0008673598641,0.002380952239,0,0,0,0,0,0,0.3382608891,0.006285067182,0.004518484231,0.0005887821317,0.000524856383,0.0001855283626,0.0002684089995,7.055142487e-05,0.002382398117,0,0.002380952239,0.0009809302865,0.002380952472,0.0007490181015,0.0006148471148,0.001473296201,0.004628441762,0,0.0003925549972,0.000121647623,0.0002163628087,0,0.0008391449228,0.02209498174,0.01083541568,0.02807462402,0.0003687878198,0.000730949163,0.07627879828,0.8228691816,0.0129839275,0.002136614406,0.04145962372,0.001451049466,0.005646283273,0.00817470625,0.0002241176408,0,4.734627146e-05,0.01930322684,0.3016483188,0.226857841,0.03977432102,0.121431388,0.02223597653,0.005127792712,0.001523804152,0,6.015511462e-05,0.0001007776737,0,0,3.005257213e-06,0,0,1.314266342e-06,0,0,0,0,0,0,0,0,0,1.341682491e-06,0,1.045296699e-06,0,0,0,0,0,0,0,0,0,0,0,0,2.794754619e-05,2.968265471e-05,1.018993953e-05,0,0,0,0,0,0,0,0,0,0,0,6.208438572e-05,0,0,0,3.083141337e-06,3.619135532e-05
102,0,0,8.642004104e-05,0.0004317980492,6.716419193e-06,6.440333527e-05,0.0006427474436,0.0001081367445,0.008564070798,0.01370526198,0.02023874596,0.0177110564,0.09271625429,0.2357925028,0.0519705601,0.03208800405,0.0006775131333,0,0,0.0009441481088,0,0,0,0,0,0,0.01382755861,0.006349096075,0.007220000494,0.001990956953,0.003247339744,0.0009400449926,0,0.001220172853,0,0.002380952239,0,0,0,0,0,0,0,0.3564899266,0.004376685247,0.003936010413,0.0004574524646,0.0004786796344,0.0001424084912,0.0004482397635,7.360428572e-05,0.001707895542,0.000424739992,0.003346801968,0.002175688278,0,0,0.001583798206,0.0006499729934,0.007995851338,0,0.003027841449,0.000183872311,0.0006683602696,0.002481290372,0.000187558544,0.0241680406,0.008523618802,0.03118066303,0.0007126324344,0,0.08602310717,0.8499230146,0.02143306658,0.001811879338,0.06284210086,0.004761904944,0.00374031812,0.002974526957,0.001054837718,0,7.632462075e-05,0.01904633269,0.305509299,0.2383406013,0.03556168824,0.1341285408,0.02196399495,0.005596431438,0.004777477123,0.0007517408812,3.882076271e-05,0.0001068359052,0,0,0,0,2.327504092e-07,0,0,0,0,0,0,0,0,0,0,0,0,0,0,2.790086728e-05,0,0,0,0,0,0,0,0,0,0,0.003850965761,6.113938434e-05,0,0.0002383652754,0,2.021152341e-06,4.047867696e-05,3.035115242e-06,0,0,0,0,4.407169035e-05,0.0006497551803,0,0,0,0,9.647792467e-07,0
103,0,0,1.327952577e-05,4.288433411e-05,0,0,0,0.0002348139824,0.002274646657,0.002214811509,0.004559626803,0.002249151468,0.08488705009,0.08085551858,0.02427420951,0.04312663898,0,0.001519926125,0,0,0.002380952472,0,0,0,0,0,0.002672587521,0,0,0.002380952472,0.0003244222025,0.0007636457449,0,0,0.003323394572,0.0006489048828,0,0,0,0,0,0,0,0.2579649985,0.04597604647,0.00545217609,0.01154226996,0.007926215418,0.001170776319,0.0008735108422,0.0003452235542,0.0004090394359,0.0003875627881,0.0004743634781,0,0,0.0004231537168,2.743604091e-05,0,0.008353578858,0.0005288972752,3.289456799e-05,0.0001592130429,1.766691639e-05,0.001904906472,0,0.001299060066,0.0004156063951,0.01040310133,0,0,0.02854251489,0.7336077094,0.0004760874435,0.001420856686,0.01264645439,0.003218526719,0,0,0,0,1.964644616e-05,0.005541297607,0.2380163521,0.1431930363,0.01470615994,0.0443286635,0.00283861463,0.003300225362,0.000235637388,0.0009335624636,0.0002580719593,4.518932474e-05,0,0,0,0,0,0,0,0,0,0,0,0,0,0,0,0,0,2.841598643e-06,0,0,1.251553567e-05,0,0,0,0,0,0,0,0,0,0,0,0,0,0,1.885560414e-05,0,0,0,0,0,0,0,0,0,0,0,0,0,0
104,0,0,0,0,0,0,0.002380952239,0,0.002943787491,0,0.002664925763,0.002680222504,0.07282482833,0.02345340885,0,0.02697962709,0,0,0,0,0,0,0.002380952472,0,0,0,0.007142857648,0,0.002380952239,0,0,0,0,0,0,0,0,0,0,0,0,0,0,0.07397478819,0.01269229036,0.002380952472,0.002688741544,0.00881259609,0.001710677519,0.002651212737,0.0066131372,0.0002395868214,0,0,0,0,0,0,0,0.004029515199,0,0,0,0,8.695502765e-05,0,0.003354149638,0,0.005569747649,0,0,0.002380952472,0.3156506717,0.001730779884,0,0,0,0,0,0,0,0,0.004049673211,0.118677333,0.07200460136,0.01061365381,0.009523809887,0.001113359584,0,0,0,0.0002669676614,0,0,0,0,0,0,0,0,0,0,0,0,0,0,0,0,0,0,0,0,0,1.795286516e-05,0,0,0,0,0,0,0,0,0,0,0,0,0,0,0,0,0,0,0,0,0,0,0,0,0,0,0,0,0
105,0,0,0,0,0,0,0,2.580451837e-05,0.0004105789412,0,0.0004200459807,0.0007753622485,0.08320252597,0.0216143392,0,0.03729659691,0,0,0,0,0,0,0,0,0,0,0.007240704261,0,0.0008354502497,0.006007866934,0.001545717823,0,0,0,0,0,0,0,0,0,0,0,0,0.08610669523,0.01747148484,0.001212324365,0.0004102900857,0.005938239396,0.002380952239,0.002380952472,0.002380952472,0,0,0,0,0,0.0003423506569,0,3.483213368e-05,0.004761904944,0,0,0,0,0,0,0,0,0.001150526456,0,0,0.001816906617,0.2743780017,0.0002320383792,0.001902849413,0,0,0,0,0,0,4.829690079e-05,0.001117971609,0.08787477762,0.04004586861,0.004109845962,0.007142857648,0,0,0,0,0,0,0,0,0,0,0,0,0,0,0,0,0,0,0,0,0,0,0,0,0,0,0,0,0,0,0,0,0,0,0,0,0,0,0,0,0,0,0,0,0,0,0,0,0,0,0,0,0,0,0,0
106,0,0,0,0,0,0,0,0,3.01001146e-05,0,0.0001420303597,0.001322341617,0.1035902798,0.0142857153,0,0.04455718771,0,0,0.0005230698735,0,0.001026736107,0,0,0,0.0006365597364,0,0.006733102258,0,0.008370378986,0.006097011734,0.001539723249,0,0,0,0,0.002380952472,0,0,0,0,0,0,0,0.09104386717,0.007470205426,0.001185870613,0.002380952239,0,0,0.0008660837775,0,0.0009409536142,0,0,0,0,0,0,0,0,0,0,0,0,0,0,0,0.0008067525923,0.0008526219754,0,0,0.004761904944,0.3123044372,0,0,0,0,0,0,0,0,0,0,0.07817184925,0.06473383307,0.003628503298,0.006887882482,0,0,0,0,0,0,0,0,0,0,0,0,0,0,0,0,0,0,0,0,0,0,0,0,0,0,0,0,0,0,0,0,0,0,0,0,0,0,0,0,0,0,0,0,0,0,0,0,0,0,0,0,0,0,0,0
107,2.053265234e-06,0,0,0,0,7.299301797e-05,0,0,0.0009270400624,0.0007665805169,0.0004107132845,0.002060378669,0.151557073,0.03363796696,0.002380952472,0.04386650771,2.439087984e-05,0.0001679873531,8.292300481e-05,8.881150279e-05,0.0001602349366,0.000313351542,0,0,0,0,0.01626098342,0.005733806174,0.0146581931,0.00607542228,0.003610881278,0.001981233247,0.0003879239375,0.002380952472,0.002152345609,0.0003274038318,0.0008103681612,0,0.001830073539,0,0.002380952472,0,0,0.208988741,0.01564695872,0.002376897959,0.00936267525,0.007142857648,0.002380952472,0.001072291867,0.005951608997,4.331886157e-05,0,0,0,0,0.0002991682559,0.0002912261116,9.174462321e-05,0.003223058768,0,0,0.0004088032874,1.990777491e-05,0,0.0001242429717,0.002728677122,0,0.003322673496,3.558583921e-05,4.78220727e-06,0.004761904944,0.5047353506,0.0002695025469,0,0.001890924061,0,0,5.639655137e-05,0,0,0.0001200479019,0,0.1226102412,0.08045135438,0.006058802828,0.015406169,0,0,0.0001811579859,0.0007359158481,0.002380952239,0.0009134668508,0,0,0,0,0,0,0,0,0,0,0,0,0,0,6.176337592e-07,0,0,4.412717772e-06,0,0,0,0,0,0,0,0,0,0,0,0,0,0,0,0,0,0,0,0,0,0,0,0,0,0,0,0,0,0,0,0
108,5.192785579e-07,0,4.746442244e-07,7.188459676e-06,0,0,0,3.840434147e-06,0.0005808455753,0.0003924749908,0.0007387932856,0.0008808869752,0.2092532068,0.08482573926,0.01042161509,0.07022475451,4.677827383e-05,0.000234195104,0.0001263613376,0.0002185242192,0.0003824059677,0.0002357264166,0,0,0,8.084910223e-05,0.01660829037,0.005733117927,0.01115181949,0.00764869526,0.003445957555,0.001949173515,0.002452769782,0.00278819073,0.0008304929943,0.0008033870254,0.003373119747,0.002380952472,0,0.002195069101,0,0,0,0.2734856904,0.07917970419,0.01247718465,0.03604166955,0.047943376,0.007974557579,0.01249260642,0.006497972179,0.0003705276176,0,0,0,0,3.201746586e-05,7.051118882e-05,6.965229659e-06,0.002303011483,0,0.0002611477103,0.0002231043036,4.095835902e-05,0,3.324010686e-05,0.001930052065,6.645469693e-05,0.002568532946,4.979122878e-06,1.1719143e-05,0.02566196397,0.7508695126,0.0001976796339,0.001550085843,0.002548719756,0.0001056061446,0.000136064642,7.837996964e-05,1.900249345e-06,9.855339158e-06,6.062125976e-05,0.004889266565,0.1481295377,0.1196745038,0.006327690091,0.05543488637,0.0003097923764,0.0002102400322,0.0001512215968,2.983558988e-05,7.795855345e-05,3.711838872e-05,1.374607746e-05,0,0,0,0,0.0002230145765,0,0,0,0,0,0,0,6.176337592e-07,0,0,0,5.52161282e-06,0,0,1.160010328e-07,0,0,0,0,0,0,0,0,3.84732175e-07,0.001577646122,0,0,0,0,0,0,0,0,0,0,0,0,0,0,0,0,0,0,1.907408114e-05
109,0,0,0,0.0002347261179,5.016800515e-06,0.0002251245896,0,3.489897063e-05,0.004278636072,0.002678494435,0.01009390503,0.002787469188,0.08973108232,0.08702002466,0.0156975314,0.03296905383,0.0004977908102,0,0.002380952472,0,0,0,0,0,0,0,0.009236332029,0,0.005307984073,0.002259552944,0.003622417338,0.002380952472,0,0,0,0.0002285654045,0,0,0,0,0,0,0,0.2952752411,0.0195193775,0.00968777854,0.001909345738,0.002344794339,0.0005847989232,0.0013215004,0.0004591986653,0.001598231494,0,0,0.001417059335,0,0.002093282528,0,0,0.008302973583,0,0,0.0001339592418,0.0001140896638,0.0008615411352,0.0004556883359,0.007237114478,0.00230543036,0.0181451831,0,0,0.02979265526,0.6655094028,0.005167836323,0.004254469182,0.0178821981,0,0,0.0002703523205,5.555153257e-05,0,2.474323765e-06,0.009682579897,0.2470811009,0.1845436096,0.02213686146,0.05869236216,0.004907716066,0.002645288361,0.0004723064194,0,0.0001982482499,8.624054317e-05,0,0,0,0,4.006984e-06,0,0,1.341682491e-06,0,0,0,0,0,0,0,0,0,4.355616056e-06,0,0,0,0,0,0,0,0,0,0,0,0,0,1.626765311e-06,0,0,0,0,0,1.605741545e-06,0,0,0,0,0,0.0007848405512,0,0,0,0,0,1.707045703e-05
110,0,0,0,0,0,0,0,0,0.0005869681481,0,0.001565592713,0.001409889432,0.08204478025,0.01774137467,0,0.04901177809,0,0,0,0,0.0004084848042,0,0,0,0,0,0.005032078829,0.004761904944,0.004761904944,0.001220339211,0.004253095016,0,0,0,0,0,0,0,0,0,0,0,0,0.05343674123,0.003163972404,0.004340474959,0.005589716602,0.002380952472,0.003584426828,0.0009749197634,0.003499178216,0.0003200213832,0,0,0,0,0,0,0,0.0007764108595,0,4.838098539e-05,0.000170435218,0,0,0,0.0002262497728,0,0.0007307668566,0,0,0.002380952472,0.2306470573,0,0,0,0,0,0,0,0,0,0.002380952472,0.07180013508,0.04329521582,0.004336410668,0.004761904944,0,0,0,0,0,0,0,0,0,0,0,0,0,0,0,0,0,0,0,0,0,0,0,0,0,0,0,0,0,0,0,0,0,0,0,0,0,0,0,0,0,0,0,0,0,0,0,0,0,0,0,0,0,0,0,0
111,3.393362022e-06,9.647957086e-06,3.547926826e-05,5.921613047e-05,7.411831757e-05,0.0005426116986,0.004210088402,9.343931015e-05,0.004190026317,0.003223050851,0.009226483293,0.003801788669,0.08233144134,0.1433085948,0.03539625183,0.03524317965,0,0,0,0.0003904777113,0,0.002528991085,0,0,0,0,0.01205173414,0.001911357511,0.01056320965,0.007587880827,0.001934073982,0.003012027824,0.003083511954,0.00320149865,0.002976890188,0.001208510948,0.001186329871,0,0,0,0,0,0,0.2892359793,0.04088354856,0.01307454612,0.004958366044,0.007498465013,0.00140959979,0.001945802127,0.0006360006519,0.0006016444531,0.001299450872,0.0002025757276,0.001468349597,0.002099288395,0.0003882884339,8.641103341e-05,0.000135323251,0.00788533967,0.0001008716572,3.924345947e-05,0.0002431098837,5.124860036e-05,0.00174077577,0.0003860841971,0.009211807512,0.002183248755,0.01748149469,1.314853125e-05,0,0.09340262413,0.7658125758,0.001341315685,0.002403402701,0.05562781915,0.005712133367,0.002380952472,0.002570414916,7.5306285e-05,0,4.04008606e-05,0.01613258757,0.2592605054,0.1782117635,0.02023944631,0.1286446005,0.02593894862,0.01472443435,0.001408745185,0,0.0001222885185,3.40489496e-05,4.854832696e-06,3.297822332e-05,0,2.105773638e-05,0,2.407212196e-05,0,1.045296699e-06,0,2.841598643e-06,0,0,0,4.412717772e-06,5.52161282e-06,4.355616056e-06,0,0,0,3.428469654e-06,1.779947524e-06,0,0,0,2.34682534e-06,0,0,0,0,0,0.0003189413692,4.393991549e-05,0,1.482194847e-07,0,2.924817636e-06,0,5.831178896e-06,0,0,4.619386686e-07,0,1.294909725e-05,0,0.0003507096553,0,0,0,3.623819339e-06,1.476841317e-05
112,0,0,0,0,0,0,0,0,0.0008684828063,0,0.0005760096246,0.002547847573,0.03551270813,0.01654791273,0,0.03516698256,0,0,0,0,0,0,0,0,0,0,0.002380952472,0,0.005344350822,0,0.002380952472,0,0,0.001040949137,0,0,0,0,0,0,0,0,0,0.03631559387,0.001414536382,0.003870033426,0.002380952472,0.002570966026,0.002380952239,0.00181127002,0.001026162296,0,0,0,0,0,0,0,0,0.007142857648,0,0,9.972765838e-05,0,0,0,0.002380952472,0,0.005412274972,0,0,0,0.186640501,0.000121347126,0.0004843848292,0.003877916839,0,0,0,0,0,0,0.0002337903425,0.07702561468,0.04839966074,0.001546650659,0.007142857648,0,0,0,0,0,0,0,0,0,0,0,0,0,0,0,0,0,0,0,0,0,0,0,0,0,0,0,0,0,0,0,0,0,0,0,0,0,0,0,0,0,0,0,0,0,0,0,0,0,0,0,0,0,0,0.00148273923,0
113,1.954944537e-06,0,1.591736873e-05,0.0001191007614,2.38871562e-05,0.001311956206,0.002636854537,0.0002172770473,0.00280881254,0.001362741576,0.005690969527,0.00190412649,0.08469664305,0.1081716642,0.02990072407,0.03704116121,0.0002022766857,0.001017936855,0.001244892483,0.00319986348,0.0007762402529,0,0.003253988456,0,0.001539056422,0,0.009815451689,0.00302824867,0.01138846949,0.01049069874,0.009950976819,0.006036714185,0.003342929762,0.002380952472,0.00177093863,0.0003040854062,0,0,0,0.0005367699778,0,0,0,0.2873227,0.111053206,0.01811146736,0.0265653152,0.04894347116,0.004453213885,0.009421721101,0.004883603659,0.0004200809344,0.003457438434,0.0008386580157,0.0005003782571,0,0.0004097572528,2.084994958e-05,0,0.008484809659,6.635444151e-05,5.106160097e-05,0.0004043355875,4.295534382e-05,0.0005965773598,0.000161194519,0.004631803371,0.0004330476222,0.01238830946,0,1.154058737e-05,0.06948137283,0.7585971951,0.005134595092,0.001709313132,0.0323074162,0.00287083257,0.001185293193,0.000283759844,2.204340853e-05,0,3.658523929e-05,0.01055294275,0.214723438,0.1414927095,0.01464551222,0.1204847991,0.006201238371,0.004890479613,0.0002377986966,8.521346172e-05,0.0001409643883,3.69066438e-05,0,0,0,0,0,9.214115562e-05,0,0,2.790086728e-05,0,0,0,0,0,0,0,0,3.428469654e-06,0,0,7.418448149e-07,0,0,0,1.101557973e-05,0,0,0,0,0,0.002082593739,0.0003659296781,0,0,0,0,7.549147995e-06,0,0,0,1.660162889e-05,0,0,0.0001952849416,0.0002064404398,0,0,0,0,2.673874405e-06
114,6.391866805e-07,0,9.551100447e-06,2.652781041e-05,0.0001350134989,0.0001619283139,0.002380952239,2.966199099e-05,0.001576181501,0.0008539662813,0.002996192779,0.001606276026,0.1232900023,0.09953248501,0.01679604687,0.04496823996,0.0001771613315,0.001222271356,0.0007589504239,0.0006055883714,0,7.879273471e-05,0,0,0.000649784808,9.064240294e-05,0.01007469278,0.004546684213,0.01385929622,0.004677245393,0.007454208098,0.006554024294,0.004456837196,0.004437320866,0.002013188321,0.002201522468,0,0,0,0,0,0,0,0.263000071,0.1219875664,0.02158787474,0.03881242871,0.05802578479,0.007186673116,0.01317389403,0.004419089761,0.0003883193422,0,9.204495291e-05,0,0.0002529132762,0.0003378464608,0,1.311673168e-05,0.009550097398,6.749211752e-05,6.161288184e-06,0.0004540332302,2.278785723e-05,0.0001155768114,0.0001132524558,0.003036836628,9.808188042e-05,0.00725593837,3.728225238e-06,0,0.03968169913,0.751563549,0.0005085262237,0.001622489537,0.02218752168,0.0006448861677,0.0004022264911,0.0002452834451,1.401923237e-05,0,6.228857819e-05,0.01112079434,0.1739736199,0.1119283289,0.007002202328,0.091235511,0.004414612427,0.003631918458,0.0003987552191,0.0004501245858,0,3.410188219e-05,7.434724102e-05,0,0,0,0,0,0,0,0,1.251553567e-05,1.795286516e-05,0,0,0,1.160010328e-07,0,0,1.779947524e-06,0,7.418448149e-07,0,0,1.243920087e-05,0,0,0,0.0002175675472,0,0,0,0.0004270298232,0.0001075184846,0,0,0,8.335440361e-05,0,1.381459697e-05,0,0,0,0,0,0,0,0,0,0.0001157188599,0.000423320249,0
115,0,0,0,0,0,0,0,8.367979717e-06,0.0001572702167,0,0.0001539142831,0.0001329312799,0.09548099339,0.01149751432,0,0.0366425477,0.0004168307642,0,0,0.000438468327,0,0,0,0,0,0.002380952239,0.0008196434355,0.001362746116,0.005922547542,0.002813080559,0.000818581786,0.000423404068,0,0,0,0.0003185582755,0.002380952239,0,0,0,0,0,0,0.1256755739,0.008377973922,0.008569077589,0.007142857648,0.004761904944,0.0008316346793,0,0.0008687367663,0.002976318588,0,0,0,0,0,0,0,0.00153506035,0,0,0,0,0,2.884642527e-05,0,0,0.001074514934,0,0,0.003345674602,0.4612813592,0,0.0003929346567,0,0,0,0,0,0,0,0.0001211182898,0.07661768794,0.07577677816,0.009517373517,0.01349691395,0,0,0,0,0,0,0,0,0,0,0,0,0,0,0,0,0,0,0,0,0,0,0,0,0,0,0,0,0,0,0,0,0,0,0,0,0,0,0,0,0,0,0,0,0,0,0,0,0,0,0,0,0,0,0,0
116,3.325150999e-07,6.362547538e-07,5.365243396e-07,2.421528279e-06,0,0,0,0,0.000399758108,0.0001150900134,0.0004770517116,0.0009417835972,0.1405558437,0.07930654287,0.009523809887,0.03722489998,8.600212459e-05,3.942144394e-05,0.0009674140601,0.0003238186473,0.0002990946523,0.0003933494736,0,0,0,0.0001614789799,0.007277898956,0.003396864515,0.0084813945,0.005049803294,0.001798406127,0.0009214230813,0.0003859401331,0.0006803069264,0.0009035884286,0.0004588662996,0,0,0,0,0,0,0,0.2520279288,0.04742134735,0.006125631277,0.01989044063,0.01190476213,0.003900166601,0.007155559491,0.001001490513,0.001037271461,0,0,0,0,0.0003247817804,0.0001722655725,6.021220543e-05,8.091111522e-05,0.000320217252,0,0.0003757605155,0.0001413695572,2.392148645e-06,3.514291166e-06,0.0009811877972,0.002631476149,0.0006235029432,0,7.27569568e-06,0.009320105426,0.6679034829,0.0001684740128,5.146271724e-05,0.00125672284,0,0,2.072573079e-05,5.073269494e-05,0,0.0001230869821,0.0009844769957,0.1185682192,0.1549002379,0.008663189597,0.0205328539,0.0001057297195,0,1.186090685e-05,4.876724779e-05,0.001416155137,0,0,0,0,0,0,0,0,0,0,0,0,0,0,0,0,0,0,0,0,0,1.243920087e-05,0,0,0,0,0,0,0,0,1.471288783e-06,0.0004946466652,0.0001461193606,0,0,0,0,0,0,0,0,0,0,0,0,0,0,0,0,0,0
117,0,0,0,4.162111509e-05,0,0,0,3.484777699e-05,0.001307570259,0.0006382662104,0.004949043505,0.0009118290036,0.09974012524,0.04016150162,0.00931688305,0.0419260785,0,0,0,0.0004307532799,0.002380952472,0,0,0,0,0,0.006975879427,0,0.001703301445,0.005768608302,0.002572978148,0.003306994447,0,0,0,0.002380952472,0,0,0,0,0,0,0,0.17088525,0.05047840253,0.01698805019,0.01283091307,0.01733259484,0.009723585099,0.00537034357,0.001333057182,0.0001835456933,5.193776815e-05,0,0,0,0,0,0,0.004412403796,0,0,0.0001277448027,1.791501018e-05,0,0,0.001194111654,0.0001462157525,0.004332196433,0,0,0.00664213812,0.5051542521,7.79853508e-05,0.00283417874,0.007220838685,0,0,0.002860243665,0,0,5.247265653e-05,0.003337810282,0.1459638923,0.08107474446,0.00572874723,0.01831237599,0.0002715968003,0.001032826956,0.0002571439545,0.0009710293962,0.002380952472,0.0001322723401,0,0,0,0,0,0,0,0,0,0,0,0,0,0,0,0,0,0,0,0,0,0,0,0,0,0,0,0,0,0,0,0,0,0,0,0,0,0,0,0,0,0,0,0,0,0,0,0,0,0.0002402604296
118,0,0,0,5.976147804e-05,2.626011701e-05,0.0003994702711,0,5.451014295e-05,0.003003110411,0.001222830149,0.006496737711,0.002918367041,0.07704003155,0.08975795656,0.009635695256,0.03408828378,0.001000868389,0,0.0005258403253,0,0,0,0,0,0,0,0.006738034543,0.004097603727,0.0007061306387,0.00310323271,0.002380952472,0.000349590031,0,0,0.002380952472,0.006830316037,0,0,0,0,0,0,0,0.3009566069,0.04762488231,0.00877548568,0.005706224591,0.008218246512,0.001472256263,0.001917852322,0.0007317361888,0.001078338595,0,0.001380514004,0.00363130006,0,0.0007997010252,0,0,0.006608948112,0,0.0001205423832,0.000232593462,2.388237772e-05,0,0,0.009871010669,0.0008209653897,0.02007735893,0,0,0.01710209996,0.7329365611,0.002784522716,0.001279432094,0.001931453706,0.0004129126901,0,0.0003456673003,0,0,2.528138066e-05,0.007934428751,0.2367054969,0.1799496114,0.01793998666,0.04990699887,0.001228390727,0.0006744441926,4.171885303e-05,0,0.0002961900609,4.405444997e-05,0,0,0,0,0,0,0,0,0,0,0,0,0,0,0,0,0,2.34682534e-06,0,1.101557973e-05,0,0,0,0,0,0,0,0,0,0,0,0,0,0,0,0,0,0,0,0,0,0,0,0,0,0,0,0,0,5.707151104e-06
119,0,0,0,0,0,0,0,0,0.0005378585192,0.0005292802816,0.0003685403208,0,0.06503861398,0.02082810178,0,0.01513398532,0.0007290197536,0,0,0,0,0.001322340919,0,0,0,0,0.00588014815,0.002380952472,0.0006627440453,0.004190900829,0,0,0.002380952472,0,0,0,0,0,0,0,0,0,0,0.09161295742,0.005464897957,0.002604186535,0.004761904944,0.004761904944,0.0003563043429,0.002380952472,0,0,0,0,0,0,0,0,0,0.0005661974428,0,0,0,0,0,0,0,0,7.829999231e-05,0,0,0,0.29218027,0,0,0,0,0,0,0,0,0.0001782610198,0,0.07338681817,0.03848225996,0.0003101701732,0.0003005772596,0,0,0,0,0,0,0,0,0,0,0,0,0,0,0,0,0,0,0,0,0,0,0,0,0,0,0,0,0,0,0,0,0,0,0,0,0,0,0,0,0,0,0,0,0,0,0,0,0,0,0,0,0,0,0,0
120,0,0,0,2.492039494e-05,0,0,0,2.547863187e-05,0.0001605544821,0,0.0002771419531,0.0003598702315,0.04556959122,0.01732907258,0,0.00788464956,0,0,0,0,0.001239062287,0,0,0,0,0,0.007350820117,0.00087797374,0.00814851094,0.00539510278,0.003428925527,0,0,0,0.001107975491,0,0,0,0,0,0,0,0,0.161436528,0.0177662205,0.009061390534,0.003786018584,0.007941702381,0.00144994026,0.004761904944,0,0,0,0,0.001314734924,0,0,0,0,0.001324471785,0,0,0.0008799642674,0,0,0.0003896236303,0.003426787443,0,0.0004292030644,0.0001053149754,0.0001366189972,0.0001651791972,0.4005806446,0.0002759944182,0.0009797808016,0,0,0,0,0,0,0,0.0002557046828,0.09561267495,0.07472102344,0.002723308047,9.271372255e-05,0,0,0,0,0,0,0,0,0,0,0,0,0,0,0,0,0,0,0,0,0,0,0,0,0,0,0.0002175675472,0,0,0,0,0,0,0,0,0,0,0,0,0,0,0.0002075749217,0,0,0,0,0,0,0,0,0,0,0,0,0,0
121,0,0,0,0,0,0,0,0.0001676334941,9.762223635e-05,0,0.0001058886119,0.000121020581,0.09899070114,0.04610307142,0.0001196229132,0.01469372772,0.001002782607,0,0,0.001177854254,0.000756758207,0.0005455559585,0,0.0004861252964,0,0,0.006347572897,0,0.005452650134,0.006388559937,0.001300511998,0.001755036647,0,0.002380952472,0,0,0,0,0,0,0,0,0,0.2471729666,0.0221691113,0.009086628444,0.0149321463,0.00526368944,0.001621408039,0.003616237314,0.001102182316,0.001821466838,0,0,0,0,0,0.001789388363,0,0.001162802218,0.002380952472,0,0.001367528108,0.0001156036669,0,0,0.001414531493,0.001451239339,0.0002592000819,0,0,0.0003615054011,0.6003271341,0.0002210233069,0.000537510612,2.586343726e-05,0,0,0,0,0,5.805038018e-05,0.0001897639595,0.1129852086,0.1152722836,0.005136247724,0.00132385327,0,0,0,0,0,0.000100985897,0,0,0,0,0,0,0,0,0,0,0,0,0,0,0,0,0,0,0,0,0,0,0,0,0,0,0,0,0,0,0,0,0,0,0,0,0,0,0,0,0,0,0,0,0,0,0,0,0,0
122,0,0,0,0.0003944600176,0,0.002380952472,0,0,0.0008872789913,0,0.001321983407,0.0003922864853,0.1524727792,0.04866410419,0.002527575009,0.05329106376,0,0,0,0,0.002421107376,0.004761904944,0,0,0,0,0.002778544324,0.002380952472,0.002008255571,0.003824800719,0.002502053278,0.00173403637,0,0,0.001394286519,0.0007554407348,0,0,0,0,0,0,0,0.2281254232,0.03783339635,0.01455914881,0.02083986625,0.015703151,0.00548468437,0.002992741996,0.01011502557,0.0003917564463,0,0,4.874572187e-05,0,0,0,2.185684934e-06,0.008032741956,0,0,0.001206220477,1.240951042e-05,0,0,0.00288666063,9.017770935e-05,0.003730667057,0,0,0.007630084641,0.6253581047,0.0002821092494,0.001730735297,0.006443640217,0.0003236427438,0,0.0001255457755,2.417390715e-05,0,4.070538853e-05,0.005703416187,0.1541231871,0.09077651799,0.006778205279,0.0204685647,0.001207277062,0,3.362710413e-05,0,0.0006780840922,1.774297561e-05,0.0001265876199,0,0,0,0,0,0,0,0,0,0,0,0,0,0,0,0,0,0,0,0,0,0,0,0,0,0,0,0,0,0,0,0,0,0,0,0,0,0,0,0,0,0,0,0,1.604266799e-05,0,0,0,5.334481557e-06
123,2.24982773e-06,0,1.614751795e-06,5.139055702e-06,4.293702659e-05,0.001350598759,0.001103699091,2.040419713e-05,0.000237392218,8.851499297e-05,0.0002091213391,0.0003945618519,0.135972172,0.1200622395,0.006526266225,0.02978012525,0.000676373078,0.0001299312135,0.0006099597667,0.001930299099,0.0006683908869,0.0005049817846,0,0,0.0002102509898,0,0.005665493663,0.004910225514,0.006121232174,0.003270292422,0.002387747169,0.002562021138,0.001850454602,0.001763633802,0.0006945920177,0.0001172748671,0.0006431201473,0.002380952472,0,0,0,0.001620054478,0,0.2696237266,0.0651511699,0.005234013312,0.01404425129,0.02813864686,0.00424759509,0.001819867059,0.0005206980859,0.002360444982,0.001273573609,0,0,0,5.633316323e-05,0.0004750984663,2.82863075e-05,0.0004393823619,0.0004733712121,0,0.0002178082214,0.0001512654126,0,0,0.0009722617688,0.0002881721593,0.0008229343221,0,9.399864211e-07,0.01148901228,0.6700206995,3.051829844e-05,0.0001176605729,0.0005507115275,5.345598311e-06,0,0,3.114495485e-05,3.234738415e-06,1.247404725e-05,0.0005308716209,0.1086095273,0.1959618479,0.008337525651,0.00947321672,0.0001517391647,0.0001675232925,3.724721637e-06,0,0.0001207840542,5.259631871e-05,0,0,0,0,0,0,0,0,0,0,0,0,0,0,3.84732175e-07,0,0,0,0,0,0,0,1.471288783e-06,0,0,0,0,0,0,0,0.0007897765609,0.0002014193888,0,0,0,0,0,0,0,0,0,0.0001813158597,0,0,0,0,0,0,0,0
124,0.0001181580737,0,8.391656934e-07,0,0,0,0,1.66536538e-05,0.1009583622,3.82933431e-05,0.0009774254868,0.07103803754,0.1809647828,0.2429724634,5.278188837e-06,0.1956978142,0,0,0,0.001573140034,0,0.002380952472,0,0,0,0,0.02342141047,0.002380952239,0.009523809887,0.01061447524,0.02101416141,0,0,0.002380952472,0,0.002380952472,0,0,0,0,0,0,0,0.1497961432,0.09079961479,0.03957815468,0.07966517657,0.04264637455,0.01373394579,0.04642334208,0.04341554642,0.005465184804,0.001406361,0.002380952472,0.002380952472,0,0.003739463864,0.0131048942,0.01312869787,0.03148928285,0,0,0.01322629489,0.006331937853,0.002380952472,0.0009890274378,0.01727205887,0.009523809887,0.0112150386,0,0.004302483983,0.0001040339339,0.2217156142,0.002380952472,0.01138124242,1.405187777e-05,0.0004887083196,0.0009498341824,0.003280899022,0.002825596835,0.0001234775409,0.01046917122,0.01569691673,0.1653689146,0.08521592617,0.01002796646,0.0006459567812,0,0,0,0.001102671027,0.001412762911,0.002572154859,0,0,0,0,0.0001188559181,2.644838969e-05,7.09978849e-05,2.794754619e-05,0.003850965761,0,0,0,0,0,0.001577646122,0,0,0.0003189413692,0,0.002082593739,0.0004270298232,0,0.0004946466652,0,0,0,0,0,0,0.0007897765609,0,0,0.0008618602878,0.001544531086,0,0,0,0,0,0,0,3.989845538e-07,0,4.451491975e-07,0,0,0,0,0,7.648032624e-05
125,1.294991989e-06,0,1.716050429e-05,6.278734509e-05,2.147923851e-06,3.275135896e-07,0,1.222427454e-05,0.005937054753,0.002351057949,0.004264287185,0.001361599774,0.1006168574,0.05606116727,0.001453650068,0.01937112212,0.0005908542662,4.066901238e-05,0.0003037292918,0.0006153576542,0.000458378694,0.00308254268,0,0,0,0.000544546172,0.03688689321,0.01460890472,0.02519409172,0.02568593808,0.01272609923,0.005977412686,0.003109199693,0.001397111453,0.003784066765,0.01654107496,0.007727289572,0.003444390837,0,0,0.001046404941,0.002380952472,0,0.400759697,0.06919638813,0.04428264126,0.005566786043,0.01385247987,0.004017219413,0.007914306596,0.00183692039,0.001351429033,0,0.006075544748,0.006256598979,0.007142857648,0.01014470868,0.0003405470343,0.002466494683,0.02468390949,0.004761904944,0.001213767566,0.001430573291,0.0002540736459,0.004354575649,0.001452998957,0.01689041778,0.01290084422,0.025675999,0,0.00141128595,0.01063869148,0.7413396239,0.003583002137,0.01360170916,0.01246189978,0.01084555127,0.004046368413,0.006407749839,0.0003707836149,0,0.000272924779,0.0328021571,0.2868721783,0.193035081,0.02349501662,0.05752462894,0.01600316726,0.0001716765983,0,0.002519676927,0.0007190757897,0.0007228017203,2.994437409e-07,0,3.128620392e-06,0,0,6.398043297e-06,3.967670273e-05,2.968265471e-05,6.113938434e-05,0,0,0,0,0,0,1.626765311e-06,0,4.393991549e-05,0,0.0003659296781,0.0001075184846,0,0.0001461193606,0,0,0,0,0,0,0.0002014193888,0,0,0,0,0,4.513135355e-05,0,0,0,0,0,0,0,0,0,0,0,0,2.242043956e-05,8.048991731e-05
126,1.966738273e-05,0,3.597840623e-05,6.770639447e-05,0,6.471548841e-05,0,5.675768625e-05,0.003708513454,0.003301785327,0.008624143898,0.002243120922,0.08166576177,0.0753922835,0.005479516927,0.02851671167,0.0007463277434,0,0,0,0,0,0,0,0,0,0,0,0,0,0.001014105626,0,0.001267074491,0,0,0,0,0,0,0,0,0,0,0.2688062787,0.03421381116,0.02959164232,0.002283708192,0.01488709822,0.00184748671,0.002999847056,0.0003898167924,0.0005504066939,0,0,0.0009704402764,0.002380952239,0,0.0001040644347,9.089455853e-05,0.006886278279,0,0,0.0002991407237,4.177011579e-05,0.0009739530506,0,0.004309609998,0.002324002562,0.01831442863,0,0.0001285067701,0.01858172938,0.6361343861,0.002945300424,0.003159926273,0.01571735367,0.000810081372,0,0.0007358093862,0,0,6.841521827e-05,0.01032157894,0.2354448438,0.1576379985,0.01756810769,0.0599999465,0.01189615112,0.00693488447,0,0,0.000384986517,1.127469204e-05,0,0,0,0,0,0,0,1.018993953e-05,0,0,0,0,0,0,0,0,0,0,0,0,0,0,0,0,0,0,0,0,0,0,0.0008618602878,0,0,0,0,4.96546163e-05,0,0,0,0,0,0,0,0.0004182395642,0,0,0,0,0,1.791689465e-05
127,2.399907544e-06,0,9.445659998e-06,0,0,8.76099075e-05,0.00103557657,1.426998369e-05,0.002721473575,0.002308897441,0.007297212258,0.001489747083,0.06862401217,0.06371889263,0.004019530956,0.0324944295,0,0.0006840885035,0.0004805700737,0,0,0,0,0,0,0,0.006768823601,0.003001403529,0.003481057473,0.001136106905,0.0003999937326,0.0005606600898,0,0,0,0,0,0,0,0,0,0.002380952472,0,0.2136669755,0.05270478129,0.01101095043,0.007437058724,0.01032833103,0.002980316291,0.003690930316,0.0009084686753,0.001788416412,0,0,0.0001411621924,0.0009026883054,0,0,0,0.003305817721,0,2.344575842e-05,0.0002491981722,3.826600278e-06,0.001068122918,0,0.01348209474,0.0007137298817,0.01073425543,0,0,0.02521286346,0.6133381128,0.0002501285926,0.0005598011776,0.01169699989,0,0,0.0001430705888,1.777563375e-05,0,4.445801824e-05,0.0006516069989,0.2206782997,0.1422697902,0.017316157,0.04229020327,0.004509268329,0.003432452213,0.0003091503168,0,0.0009728419827,3.136911255e-05,0,0,0,0,0,0,0,0,0.0002383652754,0,0,0,0,0,0,0,0,1.482194847e-07,0,0,0,0,0,0,0,0,0,0,0,0,0.001544531086,0,0,0,0,0,0,0,0,0,0,0,0,0,0,0,0,0,0,0
128,0,1.303288741e-06,0,2.140766446e-05,0,0,0,4.859258297e-06,9.963494085e-05,1.959839574e-05,8.879200323e-05,0.0008216876886,0.07710002363,0.0142857153,0,0.008915544488,0,0.00316514005,0,0,0.0001321343152,0,0,0,0,0,0.004038311541,0,0.002227104269,0.003179864027,0.0004718041455,0.001536033931,0,0,0,0,0,0,0,0,0,0,0,0.1838090569,0.03053408489,0.01315386221,0.007142857648,0.005436276086,0.002881519496,0.009614066221,0,0,0.002380952472,0,0,0,0,0,5.876111754e-05,0.006310125813,0,0.002380952472,0.0008516885573,0.001256235642,0,5.323292862e-05,0.002049464732,0.0006682770909,0.0003321844561,0,0,0.0001915222965,0.4114770889,7.112292224e-05,0.0002928694594,5.121323738e-06,0,0,4.208115934e-05,0,0,0,0.0007227689493,0.09420061857,0.07538295537,0.00106064952,7.698161062e-05,0,2.483747039e-06,0,0,0,0,0,0,0,0,0,0,0,0,0,0,0,0,0,0,0,0,0,0,0,0,0,0,0,0,0,0,0,0,0,0,0,0,0,0,0,0,0,0,0,0,0,0,0,0,0,0,0,0,0,0
129,7.039931461e-06,0,9.734574269e-05,0.0006751618348,0.0001209764087,0.001266101724,0.002777087735,0.000349166221,0.005526549648,0.004908734933,0.01085820422,0.006194110494,0.09063121676,0.164155513,0.04676913098,0.03202329203,0.00011430007,0,0,0.001829147921,0.001062665135,0,0.004761904944,0.002763163066,0.001028636238,0.0004477639741,0.006457826123,0.003831415204,0.005380196963,0.001012845314,0.001442746609,0.005245316774,0.0038175222,0.003868317697,0.002563074231,0.004761904944,0,0,0,0,0,0,0,0.2941128016,0.02807130851,0.009153355844,0.00383199635,0.00786671415,0.00100590894,0.002102833008,0.0003363730502,0.001200818457,0.004726050422,0.001205962501,0.002466643462,0.0007554194308,0.0007478375337,8.172606613e-05,0.0002348790294,0.006735203788,0.00081592676,8.336402971e-05,0.0002071578201,8.18375338e-05,0.005544184241,0.003039398231,0.02092118934,0.002686489606,0.02028781176,0,0.0002426668798,0.06991560012,0.7627865076,0.01004200801,0.001728793606,0.0419556126,0.004132899456,0.001034006709,0.003480722429,0.0001357089495,0.00168972672,4.311468001e-05,0.02620935626,0.2704553902,0.1890837252,0.03104932979,0.1191529632,0.01680581085,0.004787867423,0.001642134972,0,0.0001477024925,2.279440196e-05,2.701090352e-06,0,0,2.851786303e-05,0,1.58939838e-05,0,0,2.021152341e-06,1.885560414e-05,0,0,0,0,0,0,0,2.924817636e-06,0,0,8.335440361e-05,0,0,0,0,0,0.0002075749217,0,0,0,0,4.513135355e-05,4.96546163e-05,0,0,0,0,8.121046449e-06,0,0,0,0,0,0.0001234660449,0,0,0,0,2.652667035e-06,1.85108297e-06
130,5.758209227e-06,0,7.852999261e-06,0.000131872468,0.0001123246911,0.0005392812309,0,0.0005899632233,0.001651671482,0.0008161264122,0.00484342128,0.001418839791,0.1201280355,0.07940543443,0.005625265185,0.04850929603,0.002380952239,0,0.00119473564,0,0,0.002380952472,0,0,0.003631869564,0,0.004151392728,0,0.01119428407,0.002789021004,0.003010743065,0,0,0.002380952472,0.001594552188,0.003326129401,0,0,0,0,0,0,0,0.2669242322,0.07540294528,0.01148455311,0.01416508853,0.01259887032,0.002404720522,0.006306970492,0.001903594239,0.0002471850021,0.0007988096331,0,0.0002482477867,0,0.0006092149997,2.652793955e-05,0,0.005871991161,0,8.805179823e-05,0.0007506645634,8.539459668e-05,0.0004099030048,0.0001613494969,0.001789649948,0.0009110423853,0.01433087885,1.247614546e-05,0,0.005851010326,0.7048053741,0.002809036989,0.001077976543,0.002147953259,0.001831514761,0,0.0001535193442,8.846630408e-06,0,8.101971616e-05,0.008450787514,0.2113201171,0.1321325451,0.01476358157,0.03925820813,0.001363837509,0.0002988265187,0.0002101302962,0,0,9.91277193e-06,3.03292145e-05,0,0,0,0,0,0,0,4.047867696e-05,0,0,0,0,0,0,0,0,0,0,7.549147995e-06,0,0,0,0,0,0,0,0,0,0,0,0,0,0,0,0,0,0,0,0.0006201926735,0,0,0,5.437922937e-06,0,0,0,0,0,0
131,3.100688673e-06,0,2.147570967e-06,0.0001420487097,5.830999726e-06,8.970030467e-05,0,6.491597014e-05,0.002821692498,0.0002674768912,0.007344357669,0.004134175368,0.08363895863,0.08775953203,0.01210338436,0.0240428187,0,0,0,0,0.0002309610572,0,0,0,0,0,0.004531616345,0,0.002380952472,0.00311659975,0.002380952472,0,0.002380952239,0.002380952472,0,0,0,0,0,0,0,0,0,0.2977426052,0.06060595065,0.01583830826,0.004462537356,0.009948147461,0.0016464605,0.004803457763,0.0006841046852,0.001235161559,0,0,0,0,0,0,0,0.006574181374,0,0.0001736298291,0.0001287905761,3.052260217e-05,0.0004674598458,0,0.00610697316,0.00411228044,0.01505863294,0,0.0003086942015,0.02899629623,0.7292944789,0.0005824289401,0.003498807782,0.01335775293,0,0,0.0002122626465,0,0,1.577103103e-05,0.006513793487,0.2568898797,0.1630529016,0.01862306148,0.08440187573,0.003371457569,0.003462929279,0.0009190859273,0,0.0001489757997,5.782366861e-05,0,0,2.830705125e-05,0,0,0,0,0,3.035115242e-06,0,0,0,0,0,0,1.605741545e-06,0,5.831178896e-06,0,0,1.381459697e-05,0,0,0,0,0,0,0,0,0,0,0,0,0,0,8.121046449e-06,0,0,0,0,0,0,0,0,0,0,0,0,0,0
132,5.43424585e-06,0,0,0,0,0,0,0,0.002849543467,0,0.004751160275,0.002875003964,0.07130356133,0.02705945075,0.002380952472,0.03793394938,0.0007161734393,0,0.002380952472,0,0,0,0,0,0,0,0,0,0.002380952472,0.004058841616,0,0,0,0,0,0,0,0,0,0,0,0,0,0.1873636097,0.01047938596,0.007912718691,0.005813307595,0.006549084093,0,0.005540379323,0.0007134790067,0.0006035031984,0,0,0,0,0,0,0,0.003704336938,0,0,0.0003489053925,2.76560877e-05,0.0005511882482,0,0.001933273976,0.002380952472,0.0126282908,0,0,0.01870158315,0.5013378263,6.507631042e-05,0.001858269679,0.003770207986,0,0,0,3.534316056e-05,0,3.557863238e-05,0.003803544445,0.1905147284,0.1051145196,0.005098495632,0.02570503019,0.001442504465,0.0005701416521,0,0,0.0002622807515,0,0,0,0,0,0,0,0,0,0,0,0,0,0,0,0,0,0,0,0,0,0,0,0,0,0,0,0,0,0,0,0,0,0,0,0,0,0,0,0,0,0,0,0,0,0,0,0,0,0,7.164084673e-05
133,0,0,7.109465514e-05,0.0001396937732,0,0,0,0,0.003104873234,0,0.003017604817,0.0008608145872,0.04372794926,0.01617407426,0,0.03354458883,0,0,0,0,0.002380952472,0,0,0,0,0,0.004761904944,0,0.0004235345114,0,0.003599382704,0,0,0,0,0,0,0,0,0,0,0,0,0.1040625498,0.007824973203,0.005731321871,0.00282634655,0.003413422965,0,0.00308195618,0,0.0002360448125,0,0,0,0,0,0,0,0.0009255944751,0,0,0.0002473946661,0,0,0,0.002380952239,0.001384079689,0.004477730021,0,0,0,0.3068550825,0.002380952472,0.0002812778985,0.000437327777,0,0,0,0,0,0,0.0009217762854,0.127589643,0.08793509007,0.01597477309,0.007808199152,0.00155479915,0,0,0,0,0,0,0,0,0,0,0,0,0,0,0,0,0,0,0,0,0,0,0,0,0,0,0,0,0,0,0,0,0,0,0,0,0,0,0,0,0,0.0006201926735,0,0,0,0,0,0,0,0,0,0,0,0,0
134,8.458086427e-07,0,9.060047887e-06,3.608220868e-05,1.612836786e-05,4.020330016e-05,0.0006260917289,1.968624201e-05,0.00305289356,0.000793618965,0.005628302693,0.001846944448,0.07831099629,0.08292664587,0.007390458602,0.03495792672,7.616245421e-05,0.0006489162333,0,0.0002429490269,0,0,0,0,0,0,0.009744107723,0.003343931632,0.004507668316,0.008284581825,0.003007065738,0,0,0.0004066299298,0,0,0.0004769567458,0,0,0.002380952472,0,0,0,0.2449225038,0.05156066269,0.01049199235,0.006306258496,0.006343128625,0.003719922854,0.003496271791,0.0005746990792,0.0005370602594,0,0.001620410825,0,0,0.001499103266,0.0001280182478,0,0.003691542661,0,0,0.0001701373985,5.492016135e-05,0.0003613987355,0,0.006604878698,0.001276778756,0.01268905774,0,0,0.03454061598,0.7132935524,0.0009845742024,0.0009822697612,0.0208919365,0,0.0004225349694,0.0001539296791,8.429152331e-06,0,5.883451377e-05,0.012697706,0.2401357293,0.1616637707,0.01877046935,0.05767184123,0.006014665123,0.004128125962,0.000135488197,0,0.002380952472,0,1.548948603e-05,0,0,0,2.084822518e-05,0,0,0,0,0,0,0,0,0,0,0,0,4.619386686e-07,0,1.660162889e-05,0,0,0,0,0,0,0,0,0,0,0,0,0,0,0,0,0,0,0,0,0,0,0,0,0,0,0,0,0,3.697190914e-05
135,0,0,3.584941396e-06,0,4.095722761e-05,0,0,0,0.001285315375,0.0001144505659,0.001616982277,0.003468664596,0.0672814548,0.03403753042,0.0003043220495,0.01752355695,0,0,0.001157008344,0,0,0,0,0,0,0,0,0,0,0,0,0,0,0,0,0,0.002380952472,0,0,0,0,0,0,0.1433044374,0.02625705302,0.008110219613,0.004578288645,0.01353521924,0,0.002702685772,0.0008463935228,0.00208286196,0,0,0,0,0,0,0,0.00524675753,0,0,5.168282951e-05,0,0,0,0.002380952239,0.0009782464476,0.004574137274,0,0,0.0002091033384,0.3581802547,0,0.0002576712577,0,0,0,0,0,0,0,0.002325562527,0.1364408135,0.092203632,0.01192220207,0.004415358882,0.0003287099535,0,1.41834189e-05,0,0,0,0,0,0,0,0,0,0,0,0,0,0,0,0,0,0,0,0,0,0,0,0,0,0,0,0,0,0,0,0,0.0001813158597,3.989845538e-07,0,0,0,0,0,0,0,0,0,0,0,0,0,0,0,0,0,0,0
136,0,0,0,0,0,0,0,2.855865023e-05,0.0002471960615,0,0.0001281321456,0.0010272871,0.07885395736,0.02285551839,0,0.01240480877,0,0.000943769177,0,0,0,0,0,0,0,0,0.009660402313,0.005322383251,0.004067489877,0.003924749326,0.001227417379,0,0.0008723121136,0,0,0,0,0,0,0,0,0,0,0.160170868,0.02751860954,0.0160454791,0.01068499032,0.0149816284,0.003801357932,0.01140591875,0.005598496646,0.001298590796,0,0,0,0.000208454032,0.0002873288759,0.0003916780697,0.0008987584733,0.008099121973,0,0,0,0,6.166214462e-06,0,0.005965896882,0.00106001785,0.001199920313,0,0,5.328363113e-05,0.3689295352,0.003800045233,0.001238583238,4.103661922e-06,1.567446634e-05,0,0,0,0,0,0.002800324,0.1140387058,0.06377796084,0.01095211133,0.0002956307144,0,0,0,0,0,0,0,0,0,0,0,0,0,0,4.407169035e-05,0,0,0,0,0,0,0,0,1.294909725e-05,0,0,0,0,0,0,0,0,0,0,0,0,0,0,0,0,0,0,0,0,0,0,0,0,0,0,0,0,0,0,0,0
137,8.626920317e-05,0,1.592058197e-06,0,0,0,0,0,0.0002411899914,2.570531706e-06,5.206262358e-05,0.0002912135096,0.1322299242,0.01190476213,0,0.005925233942,0,0,0,0,0,0,0,0,0,0,0.004406103864,0,0.002380952472,0.0006409888738,0,0,0,0,0,0,0,0,0,0,0,0,0,0.1688704938,0.1087154895,0.08103544265,0.04258080572,0.03710462898,0.03007834777,0.02626722492,0.02262013592,0,0.002380952472,0,0,0,0.002380952472,0.002380952472,0.0006719561061,0.03405542672,0,0,0.002621316351,0.0008183744503,0.002744497731,0.001480728737,0.01371904928,0.003480611602,0.002569010016,0,0.0004506887926,0.000103453327,0.258877039,0.009828636423,0.01072486304,0,1.462815908e-05,5.511278141e-05,0.0001131936588,0.0001045294339,0,0.0006850460777,0.01491132285,0.1912246346,0.06994539499,0.03069729917,3.202886001e-05,1.598297968e-05,1.404100516e-07,0,0.000585672853,0.001845673542,2.59752378e-05,0,0,0,0,0,0,0,0,0.0006497551803,0,0,0,0,0,0,0.0007848405512,0,0,0,0.0001952849416,0,0,0,0,0,0,0,0,0,0,4.451491975e-07,0,0.0004182395642,0,0,0.0001234660449,5.437922937e-06,0,0,0,0,0,0,0,0,0,0,0,0,1.558196118e-06
138,0,0,0,0,0.0001707930351,0,0,0,0.0002194215194,2.143008533e-05,3.499893501e-05,0.0001799588063,0.1088271067,0.01304370537,0,0.007570350543,0,0,0,0,0,0.002380952472,0,0,0,0,0.001705997624,0,0.006474607624,0.006601975299,0.000840259192,0.002380952472,0,0,0,0,0,0,0,0,0,0,0,0.1942774355,0.110478051,0.03918581456,0.05326151848,0.05771001428,0.01247434877,0.02070683613,0.008790276945,0.0009214107995,0.001015885617,0,0,0,0.001191092189,0.0003829023917,0.001346423291,0.01496345736,0,0,0.002604446607,0.000675180112,0.0004637635138,0,0.00972486008,0.0008704796783,0.0009213482263,0,3.485988782e-05,5.012996553e-05,0.3027435243,0.007478797808,0.00526615046,0,1.673555016e-05,0,0.0005902763805,0.0001060728973,0,0.001982216258,0.006638110615,0.1742940098,0.06681196392,0.0232720729,7.357676077e-05,1.020845593e-05,0,0,0.0002136015246,0.002574925078,0,0,2.375893564e-05,0,0,0,4.088268543e-05,0,6.208438572e-05,0,0,0,0,0,0,0,0,0,0.0003507096553,0,0.0002064404398,0,0,0,0,0,0,0,0,0,0,0,0,0,0,0,0,0,0,0,0,0,0,0,0,0,0,0,0,0,6.60431615e-05
139,1.071212296e-06,0,1.62017875e-06,9.880617654e-06,0,0,0,4.749107575e-06,0.0001195340592,1.848250577e-05,0.0001059748538,0.0003055354173,0.1246712878,0.07048600912,0.0006909413496,0.008495849557,4.397574594e-05,0,0.0005980934366,0.0002786097175,0,0.000215406777,0.002380952472,0,0,0.00031878546,0.007025053259,0.002409431618,0.005876349285,0.002186001977,0.001925195218,0.001707835239,0.0002739769116,0,0.0004680044658,0.0009637778858,0.003895858303,0,0.002380952472,0,0,0,0.0004545442644,0.3030014634,0.08854901791,0.007220876869,0.02136687376,0.03080075048,0.005613452755,0.00730014313,0.00739054475,0.001066153753,0,0,7.577813813e-05,0,0.0007644731668,0.001005911268,0.0002885995491,0.002631072886,0,0,0.0009508061339,0.0002062233107,4.508213806e-06,0.0001828848181,0.002154157497,0.0001041189826,0.0003803314758,0,4.582154816e-06,6.667870184e-05,0.6453253031,0.0002781584044,0.0009121095063,2.454382638e-06,1.044092414e-06,0,7.316972642e-06,6.339969696e-05,7.058195592e-07,0.0001402525522,0.001708511612,0.1089748666,0.1857837737,0.01220384613,0.001018413692,5.82893972e-06,0,1.855832579e-06,3.48923777e-06,5.958903785e-05,7.267506589e-05,0,0,0,0,0,0,0,0,0,0,0,0,0,0,0,0,0,0,0,0,0,0,0,0,0,0,0,0,1.604266799e-05,0,0,0,0,0,0,0,0,0,0,0,0,0,0,0,0,0,0,0,0,0
140,0,0,4.773141882e-06,1.475636782e-05,0.0001111112942,0,0,3.479181032e-05,0.0002416845673,3.285706407e-05,0.000324286113,0.0006210030988,0.09106085449,0.05657827854,0.0006044904585,0.01797747798,0,0,0,0.001169265015,0.0004046310496,0,0,0,0,8.78832434e-05,0.005567603279,0,0.00168612774,0.002485492034,0.001723148394,0,0.003422627924,0,0,0.000455327041,0,0,0,0,0.002380952472,0,0,0.2062774599,0.007688269485,0.001903824625,0.001458127866,0.0108072646,0.002380952472,0.003511254909,0.002380952472,0.002024313668,0.0005881363177,0,0,0,0.0003139834153,0,9.084897465e-05,0.0008675986319,0,0,0.000369747082,0,0,2.061590567e-05,0.004761904944,0,0.0003984173236,0,4.198490387e-06,0.009454267099,0.5786548257,0.0002315845923,0,0.0001231914939,0,0,0,0,0,0,0.0003869508218,0.086574696,0.1227281541,0.0107486425,0.01193355117,0,0.0001136716164,0,0,0,0.0001671288774,0,0,0,0,0,0,0,0,0,0,0,0,0,0,0,0,0,0,0,0,0,0,0,0,0,0,0,0,0,0,0,0,0,0,0,0,0,0,0,0,0,0,0,0,0,0,0,0,0,0
141,0,0,0,0,0,0,0,2.730639062e-05,0.0002282118076,0.0001243058359,0.0002055342047,0.0006031178636,0.0848056376,0.02917400189,0,0.01077472139,0,0.001100862632,0,0.0001572378969,0,0,0,0,0,0,0.01186984126,0.003918636125,0.002690178808,0.004364339169,0.0001932156447,0.0004218519316,0,0,0,0.0008644976187,0.000775256427,0,0,0,0,0,0,0.2060162872,0.01226694603,0.00402736757,0.001315321191,0.009523809887,0,0.001931851497,0.001270604786,0.0003359389666,0,0,0.001382297603,0.001489350572,0.0003636867623,0.0005711637787,4.64837176e-05,0.002493512817,0,0,0.0006057874998,0.0001956180931,0,0,0.001103888848,0,0.0002153955866,0,0,0.001289588981,0.5602866411,0,0,6.154160656e-05,0,9.168330871e-05,0,0,0,0,0,0.09373985231,0.1132287681,0.009015124291,0.008230107836,0,0,0,0,0,0,0,0,0,0,0,0,0,0,0,0,0,0,0,0,0,0,0,0,0,0,0.0001157188599,0,0,0,0,0,0,0,0,0,0,0,0,0,0,0,0,0,0,0,0,0,0,0,0,0,0,0,0,0
142,0,0,4.16227449e-05,0.0008772151195,5.706679985e-06,0.001296174712,0,0.0001762243337,0.004836475942,0.0004747443891,0.01020468213,0.005832124501,0.09701535106,0.160179615,0.01629363187,0.03550102934,0.0002252539416,0,0,0.002380952472,0,0,0,0,0,0,0.005542697385,0,0.001455762889,0,0.0002394363255,0,0.003225818742,0,0,0.001264561317,0,0,0,0,0,0,0,0.3587174714,0.01173273847,0.00612354232,0.00138289365,0.001298156451,0.0002298331528,0.001039648894,8.919686661e-05,0.0006635888712,0.0008866945282,0.002380952472,0.002380952472,0,0.0005475672078,0.0001523026294,0.0003182945948,0.003152767429,0,0.001355445478,0.0001384061179,4.739371798e-05,0.003336320631,0.0009457557462,0.01200702228,0.003558417782,0.02344227768,0,0,0.01211850252,0.8310209513,0.005699156784,0.003837854136,0.007041759789,0.001252442366,0,0.001854459522,5.162878369e-05,0,8.941491978e-05,0.007856099866,0.266687721,0.200080812,0.03124658018,0.0713442862,0.007429702673,2.323476474e-05,0.0003146323434,0,2.019358726e-05,3.710374949e-05,0,0,0,0,0,0,0,3.083141337e-06,9.647792467e-07,0,0,0,0,0,0,0,0,3.623819339e-06,0.00148273923,0,0.000423320249,0,0,0,0,0,0,0,0,0,0,2.242043956e-05,0,0,0,2.652667035e-06,0,0,0,0,0,0,0,0,0,0,0,0,0,4.879744324e-07
143,1.522959337e-05,2.477631642e-05,0.0001399017056,0.0008791038999,1.507166962e-05,0.001938403002,0,0.0005374637549,0.00330719538,0.001960016554,0.006808620878,0.00416503381,0.08487962186,0.120592542,0.009280217811,0.0345473811,0,0,0.000416583207,0,0.002380952472,0.001077657682,0.004761904944,0,0,0.0004979518708,0.002016374841,0.001359811053,0.004980330821,0.002515914384,0.005988262594,0.002218311187,0.002380952472,0.002380952239,0.002380952472,0.004953384399,0.002380952239,0,0,0,0,0,0,0.2797453403,0.07270614803,0.01796269789,0.01012860704,0.01623855159,0.002495975234,0.00414748909,0.001269805478,0.001153397257,0.000502517214,0.0002852564212,6.645247777e-05,0.002380952472,0.0003701487731,0.0001576965442,4.450570486e-05,0.01037034206,0,1.508080732e-05,0.000350278191,3.684972762e-05,0.003324639052,0.0004326890921,0.005781844258,0.001141531975,0.01384321414,1.149966465e-05,0.0002382614766,0.01984758861,0.7448739409,0.0009679762879,0.003030666383,0.006792086177,0.0009327928419,0,0.0008304962539,3.180529166e-05,3.838546036e-05,5.567285189e-05,0.008991818875,0.2415699959,0.1726210713,0.01762438379,0.07653972507,0.006956112105,0.000326215697,0.000288182724,8.472843183e-05,0.000145171347,9.126214536e-06,4.760543015e-05,0,0,0.0001958546054,0,1.032267119e-05,0,3.619135532e-05,0,0,0,0,0,0,1.907408114e-05,1.707045703e-05,0,1.476841317e-05,0,2.673874405e-06,0,0,0,0.0002402604296,5.707151104e-06,0,0,0,5.334481557e-06,0,7.648032624e-05,8.048991731e-05,1.791689465e-05,0,0,1.85108297e-06,0,0,7.164084673e-05,0,3.697190914e-05,0,0,1.558196118e-06,6.60431615e-05,0,0,0,4.879744324e-07,0
