ROI_ID,1,2,3,4,5,6,7,8,9,10,11,12,13,14,15,16,17,18,19,20,21,22,23,24,25,26,27,28,29,30,31,32,33,34,35,36,37,38,39,40,41,42,43,44,45,46,47,48,49,50,51,52,53,54,55,56,57,58,59,60,61,62,63,64,65,66,67,68,69,70,71,72,73,74,75,76,77,78,79,80,81,82,83,84,85,86,87,88,89,90,91,92,93,94,95,96,97,98,99,100,101,102,103,104,105,106,107,108,109,110,111,112,113,114,115,116,117,118,119,120,121,122,123,124,125,126,127,128,129,130,131,132,133,134,135,136,137,138,139,140,141,142,143
1,0,3.812836439e-05,0.001969313249,0.0004492300213,0.02736242674,0.04219431058,0.002109372057,0.000568599673,0.001290842541,0.0001506532426,0.004141815472,0.003821045626,0.003801361192,0.01492226776,0.01988357678,0.001903819502,5.781662185e-05,2.095303353e-05,0.0003001127916,0.0002619491715,0.0001466440881,0.0001697413682,0.0001450794662,0.0001170347969,6.230117287e-05,5.269372923e-05,9.502000466e-05,0.0002786714467,0.0006042033201,0.0006079527666,0.000175728419,0.0001591259206,0.0004526614503,0,0,4.899061969e-05,8.544439333e-05,0,0,3.270607704e-05,2.475724432e-05,0,0,0.003285294864,0.002543466864,0.003197551705,0.003360341769,0.002594571328,0.003130531404,0.003691047197,0.003278903896,0.002822471317,0.0007979369839,0.000240298672,0.0001664130832,0.0001656979875,0.0001662084833,0.001985942014,0.0003160380584,0.004962569568,0.001053984161,0.002686412772,0.006898420863,0.003972448409,5.067406164e-05,0.0001642152056,0.003454870079,0.0008043539128,0.002476319671,0.0009772130288,0.000115957504,0.002740768716,0.006740997545,0.003112428123,0.004269029945,0.00046805272,8.180083387e-05,2.101901555e-05,8.842172247e-05,0.002749558305,3.00757074e-05,0.005613798276,0.001707014511,0.005213070661,0.005163745489,0.00349540147,0.001304885256,0.0001719737775,0.0006657928461,6.470031076e-05,6.513474364e-05,0.004456623923,0.004649661947,0.2495574504,0.0227359999,0.06839266419,0.005164642818,0.008132836781,0.02274586819,0.01041286625,0.003553417278,0.004285365809,0.02222886682,0.002653865144,0.00123009691,0.0006969939568,6.240003859e-05,1.423744015e-05,0.05063218251,0.0007814896526,0.002100702608,0.0002856220817,0.001354252687,0.000261387846,0.001661229529,4.087494381e-05,0.004744470119,0.0953265205,0.0008626049967,0.0001004508304,0.000141489727,0.0002518638212,2.629861228e-05,0.03268450126,0.9701758623,0.3352191448,0.002021108521,0.0006396743702,0.003590287408,0.002840596018,0.469042629,0.04459411651,0.02730306052,0.005911496468,0.01765072905,0.0009454332176,0.003007381456,0.001880863565,7.011544949e-05,0.0006959304446,4.848029857e-05,0.005325449165,0.003355971305
2,3.812836439e-05,0,1.284376958e-05,5.165061339e-06,0.01499212533,0.0168456696,3.635413304e-05,7.995950727e-05,0.0004147039726,0,0.0002454196219,8.787190018e-05,0.004648738075,0.006768940482,5.818686623e-05,0.0001559572556,9.136998415e-05,7.867026579e-05,0.0003560015175,0.0005765705719,0.0003446804476,0.0007138591609,0.0007539308281,0,0.0002576253319,0.0001104757393,0.0001701153669,6.367927563e-05,0.0001691008511,0.0001343737968,0,0,0,0,0,0,0,0,0,0,0,0,0,0.002380952472,0.006638592109,0.002380952472,0.003013439011,0.00631579943,0.001215737197,0.004788555671,0.00762408739,0.002303701825,0,0,0,0,0,0.001848922577,3.764430221e-05,0.001877466915,0,0.0002889845055,0.00620550802,0.003417211818,2.035043872e-05,5.340711141e-05,0.006178743672,0,0.0004743848112,0.0008061435074,3.118486575e-06,1.861439159e-05,0.003539198311,0,0.00234213192,0,1.741252345e-05,0,0,0.001109280856,0,0.005057570059,0.002916331403,0.0005909433239,0,0.0004194727808,0,0,8.265903944e-07,5.156005955e-06,0,0.002408843953,0.003423487535,0.1555482298,0.05281588435,0.08489761502,0.03812135756,0.03936874121,0.02955303155,0.01771133393,0.01580594853,0.01862060651,0.00506220758,0.0004253812949,8.300932677e-05,7.447483222e-05,2.320223393e-05,2.584832373e-06,0.01791209728,0.0001897403272,0.002277593361,4.316297054e-05,0.0009495270206,0.0001688318007,8.582076407e-05,1.309625895e-05,0.001870917156,0.01009264123,4.882882422e-05,1.890691237e-06,6.211369509e-06,8.574366075e-05,6.246713383e-06,0.0002682867344,0.8930518627,0.1175759211,0.001040312694,1.814403731e-05,0.004297949839,0.0003523856867,0.3364008963,0.009873184375,0.007448324468,0.004061571788,0.0002973713563,9.454950487e-06,1.2351436e-06,8.293420251e-06,1.837457376e-06,3.030902008e-05,1.48002855e-05,0.001214568038,0.0007823993801
3,0.001969313249,1.284376958e-05,0,5.986933684e-05,0.1547025442,0.02549431473,8.504099242e-05,0.001617137692,0.004569372628,0.0002596633567,0.003054321744,0.001461353619,0.01039874554,0.001872358844,0.0007851489354,0.003530702088,0.0004852489219,0.0002726101957,0.0006590749836,0.0003252819297,0.0006142230704,0.0007994185435,0.0003506756038,0,0.0002249026147,0.0002062405256,0.000591480115,0.0008747011307,0.000471079984,0.0004138507356,0.0003059615847,0,0.0001326239872,0,0,9.115815192e-05,0,0,0,0,0,0,0,0.007552672178,0.008559563197,0.007987990975,0.01518776733,0.01019942109,0.0132282488,0.01068643853,0.01226288453,0.009904993698,0.001188845607,0,0.0002638944425,9.036350821e-05,0.0007404226926,0.004295691848,0.0004696212418,0.006078819744,0.001350832055,0.006128884852,0.01248885505,0.009292978793,0.0001179223036,0.0001498144702,0.009496885352,0.002234668005,0.00461801514,0.001880739816,9.357400268e-05,0.0002311985445,0.00344193331,0.004004301969,0.008566330187,4.663096843e-05,3.640228897e-05,3.9108294e-05,7.909494161e-05,0.006184251048,3.275527706e-05,0.01167800557,0.005018539727,0.004707344342,0.0107124811,0.005934579764,0.001286539598,0.0001660805283,5.573497765e-05,4.769799489e-05,0.0001270218636,0.01255975477,0.009492186829,0.2176025063,0.03122187033,0.07536122203,0.01392121892,0.01739763655,0.03531382605,0.01386156399,0.008138857782,0.00853127148,0.00719292881,0.0003319396637,0.0002995784453,0.000409000786,3.375035521e-05,1.883103687e-05,0.03384136036,0.0005836486816,0.003447002964,0.0002646168286,0.002998369746,0.0004511668812,0.0008172143134,4.003713912e-05,0.002806350356,0.02671694569,0.0001549181907,5.693732601e-05,5.105817399e-05,0.0004432411224,2.634492375e-05,0.0004340933228,0.9309842587,0.1857034117,0.002692034468,0.000551445235,0.006840713322,0.004912373144,0.3465182185,0.02468102798,0.01418152917,0.006721287034,0.0007198429666,0.0001480628271,8.891909965e-05,0.0001073089516,3.666025441e-05,0.0005587109481,7.896205352e-05,0.00734572392,0.005509126466
4,0.0004492300213,5.165061339e-06,5.986933684e-05,0,0.02613509819,0.009427820332,0.000651334587,7.698562695e-05,0.0008488973835,5.323125879e-05,0.001201940468,0.0001062572992,0.006309998687,0.0004795386631,0.0008314821171,0.0003699963854,0.0001116552303,0.0002806265547,0.0005805686233,0.000817541033,0.0006890239893,0.0005529309274,0.001020148396,0.0001786633802,9.252452583e-05,0.0001770413219,0.0001138563966,0.00010526798,0.000198403286,0.0001171934127,9.977486479e-05,0.0001590639731,2.601363485e-05,0,3.838532211e-05,1.769334631e-05,0.0001653876243,0,0,0,0,0,0,0.01083173137,0.004361067899,0.003513903124,0.01163254585,0.003985385876,0.0150881568,0.0060767252,0.01765471697,0.009703406133,0,0,0,4.726961561e-05,4.663894651e-05,0.001345827826,0.000361445389,0.004069535062,4.298567364e-05,0.0109595079,0.01723558828,0.01019175909,0,0,0.005524799693,0.001601182739,0.002951720962,0.001668512588,1.94403292e-05,0.0004775596317,0.002197100082,0.005016507115,0.009113044478,1.140679251e-05,0,0,8.982241707e-05,0.005953258835,6.485079211e-06,0.01475032605,0.002239384456,0.007715858519,0.01089237723,0.004890838172,0.002380952472,5.667170262e-05,0,2.834144834e-05,0,0.01532419678,0.01291768253,0.2047996819,0.07180324942,0.1629519612,0.0272386875,0.04389493912,0.06838614494,0.01539384667,0.01092142146,0.01354248729,0.005237020552,0.0003751970944,9.821310232e-05,0.0001025164893,1.200798579e-05,6.292958915e-06,0.03476340324,0.0001491856528,0.003049650695,0.0001306381455,0.002103613922,0.0003422153532,0.0002794351603,9.858301382e-06,0.002529148012,0.0320732072,0.0001057963527,6.512246728e-06,9.021900951e-06,0.0001578324009,2.5454774e-06,0.003956243861,0.901374042,0.161737904,0.002402688377,0.0001939453941,0.00935520418,0.005767656025,0.3811070323,0.0139790317,0.007353831083,0.00451536756,0.001975159859,9.400831914e-05,0.0005332109286,0.0001839536999,1.95937082e-05,0.0002129245695,6.977516477e-06,0.008819392882,0.008670785464
5,0.02736242674,0.01499212533,0.1547025442,0.02613509819,0,0.2531233728,0.3514403105,0.01829898171,0.04546240717,0.04855209216,0.08453912288,0.1287577748,0.04031286389,0.1628772616,0.1446302682,0.08359824121,0.04623001814,0.01333419047,0.01575991325,0.02295606025,0.01734718308,0.0217670314,0.003851740388,0.0119150877,0.02385682426,0.0105991466,0.009421983734,0.004137015436,0.01207401045,0.005362103228,0.006106856745,0.007772765588,0.005298899487,0.004761904944,0.009784096852,0.01152153593,0.005015736911,0,0.002380952239,0.009232306853,0.004761904944,0.004761904944,0,0.03745478392,0.03063082136,0.05007661507,0.04168115556,0.03824654594,0.03797244281,0.04551308602,0.045064006,0.05449895561,0.02088218927,0.006927500013,0.01236674748,0.002934249118,0.01796906069,0.03580213338,0.03423471749,0.05672656372,0.006776704919,0.0424949564,0.05300406739,0.04709877819,0.03001714498,0.01987601258,0.03387160599,0.03372297809,0.04569313675,0.04103147984,0.0303666126,0.06910973042,0.06908045709,0.02927961946,0.05108082667,0.09131289274,0.03562187776,0.03748385981,0.0363798365,0.05944526196,0.05692639202,0.05231777951,0.03298020363,0.05053228885,0.04851833731,0.04687103257,0.02286646701,0.02054914646,0.1811593473,0.08047218621,0.0394599326,0.05271259695,0.0543464981,0.5877664089,0.1211668774,0.1176972315,0.105991289,0.09075327963,0.1087499857,0.1768067181,0.1172777936,0.1225999966,0.2053255588,0.1095152125,0.1074259058,0.0696939826,0.00697661005,0.005008255132,0.3370159864,0.0704197064,0.08290430903,0.04960237816,0.05922700465,0.02589602582,0.1406224966,0.01306377724,0.1510124356,0.2746630013,0.1293304563,0.05656067654,0.2604118884,0.05945146829,0.03101330437,0.3406673074,0.9843133688,0.6753913164,0.0606559962,0.161080122,0.1781023145,0.1422640681,0.6838530302,0.284614414,0.3020130396,0.1241001412,0.3169874549,0.2033354342,0.3219487965,0.2441945523,0.1183277965,0.10893742,0.04207468778,0.2548065782,0.1777298748
6,0.04219431058,0.0168456696,0.02549431473,0.009427820332,0.2531233728,0,0.009270634502,0.01026463881,0.108344309,0.007238100749,0.0490597412,0.0216641482,0.1020236313,0.01417387277,0.00362284109,0.01641911454,0.006832874846,0.002812444698,0.008801866323,0.01001938526,0.006748911459,0.003769430798,0.00331764482,0.002380952472,0.01480377465,0.005376661662,0.01089682523,0.007142857648,0,0.01263310201,0.001405157731,0.004742613062,0,0,0,0.004761904944,0.002380952472,0,0,0,0,0,0,0.07113993168,0.05223525688,0.04507395998,0.08562012017,0.07689632475,0.111401774,0.07546726614,0.1162190735,0.1072137207,0.01107507478,0.004761904944,0,0.002380952472,0.007810399402,0.07810890675,0.07658799738,0.03981236741,0.01525043324,0.06378245354,0.1328453869,0.1504570246,0.01457387768,0.02453835681,0.03812530637,0.04336256534,0.1026563197,0.065583691,0.05159819126,0.004415808246,0.04142118618,0.06883917004,0.1034500226,0.008891469799,0.004761904944,0,0.007208369207,0.1095090285,0.02181793936,0.1299862415,0.03375029564,0.05122192949,0.05825080723,0.05530902371,0.009228418581,0.007142857648,0.01860705949,0.02749596722,0.01299427543,0.130138576,0.1239316463,0.6641349196,0.1818401814,0.3323190808,0.08065652847,0.1119781882,0.2925464213,0.1350620836,0.08031407744,0.1120033115,0.1461383998,0.05411955342,0.1062531471,0.1389794946,0.04064292461,0.01365441084,0.351400584,0.07143577933,0.09798806161,0.03631170467,0.1145121381,0.0670497492,0.1436656415,0.07712057233,0.129839927,0.34233132,0.09676375985,0.02293076366,0.1441572607,0.03385298699,0.05880934745,0.04532163963,0.986528039,0.5865144134,0.09851073474,0.1399652213,0.1345236599,0.1453957111,0.7035163641,0.1869080812,0.175374195,0.1396223754,0.1989844143,0.1292042881,0.0838919878,0.06519884616,0.07014127821,0.1354983449,0.03190944344,0.2424338609,0.1633256674
7,0.002109372057,3.635413304e-05,8.504099242e-05,0.000651334587,0.3514403105,0.009270634502,0,0.001647952828,0.02062629163,5.021995457e-05,0.001441651606,0.004084386397,0.01269221772,0.0006373872748,7.690530038e-05,0.008344641887,0.001347580925,0,0,0.0004199127143,0,0,0,0,0,0,0,0,0,0,0,0.003319961019,0,0,0,0,0,0,0,0,0,0,0,0.004346661735,0.005720189773,0.009546039626,0.001320550567,0.007085375953,0.02171932347,0.01101398095,0.03480563685,0.04059620947,0,0.002380952472,0.002380952239,0,0.004140271805,0.01516263466,0.005839758553,0.005628873128,0.002380952472,0.01695469581,0.05401729047,0.09892330319,0,0,0.01293645613,0.01026822999,0.01595443673,0.01531737484,0.01524229813,0,0.002980185207,0.01108667534,0.02465512045,0,0,0,0,0.02132545784,0,0.1031295732,0.004761904944,0.01059119962,0.00818177592,0.01076336391,0.000167072707,0,0,0.0003216667683,0.002380952472,0.01569219306,0.05006038398,0.3751964569,0.1355912089,0.178474322,0.1135934889,0.08968326449,0.08690962195,0.09414210171,0.106207788,0.09717559069,0.06522597373,0.004761904944,0.01810506918,0.02771724574,0.0162686538,0.006696930155,0.1966117173,0.005280901212,0.08808266371,0,0.033706218,0.03022804111,0.03323486075,0.006018028595,0.04547803849,0.04852023721,0.008695541881,0.003191249212,1.501357656e-05,0.001728871139,0.008082827553,0.0002042411797,0.9196049571,0.3326050341,0.05064571276,0.01432621665,0.02711142227,0.001767246518,0.5444708467,0.06301727891,0.04743731022,0.1261721998,0.0009652607841,0.0005808349233,6.81703159e-06,2.262368434e-05,4.255217937e-05,0.04345588014,0.002380952472,0.006062055938,0.00239728461
8,0.000568599673,7.995950727e-05,0.001617137692,7.698562695e-05,0.01829898171,0.01026463881,0.001647952828,0,0.001679698704,0.000513089064,0.003342240117,0.0007832658011,0.004747686908,0.002254873281,0.0007599676028,0.0009041151498,0.0001357896108,0.0002024395799,0.0006705657579,0.0006992430426,0.0004130136222,0.0001978773653,0.000396064861,9.600392514e-05,3.438773274e-05,8.138294652e-05,0.000108983324,0.0002053109056,0.0005798790953,0.0002332502772,0.0001162483895,0.0001193548815,0,0.000210459315,5.975480235e-05,0.0001806987275,0,4.089128197e-05,0,0,0,0,0,0.007615562528,0.009617413394,0.005537114572,0.007301430218,0.005614061374,0.01054554339,0.009545493871,0.008200859651,0.009652657434,0.001827603322,0,0.0002327473485,0,0.000337188103,0.005112258252,0.0005192894605,0.006468901411,0.0007757776766,0.006679437123,0.009497537278,0.007677109912,0.000348684378,0.0001087352066,0.004819293041,0.001951981219,0.007196391933,0.003515962046,0.0004220858391,0.000344875647,0.003039607778,0.005957643501,0.007439908106,0.001551329275,0.0009734243504,0.0002357071498,0.001079592737,0.006132309325,0.0003158152686,0.008985948749,0.003068404738,0.008616960607,0.006996972952,0.00695212977,0.001287026098,0,0.003758617211,0.000484492426,0.0002760532079,0.005548447371,0.007344392128,0.1924026161,0.02332088165,0.08690541983,0.005597596057,0.008130830713,0.03275734559,0.009943416342,0.003489598166,0.004180587828,0.02490605973,0.00217019557,0.001487634028,0.00156736956,5.72397621e-05,2.136502553e-05,0.05724050105,0.001285904669,0.002594396239,0.0006358641549,0.00255921483,0.000478582253,0.003809160087,0.0001151202887,0.005540112965,0.1118097156,0.003006423591,0.0004776212154,0.0005966807366,0.0009541397449,9.691894229e-05,0.01942310669,0.9708124995,0.3449362814,0.00327884662,0.003017677693,0.004585111514,0.006088354625,0.4707199037,0.04916107282,0.03518700227,0.006942953449,0.04046180099,0.004221233539,0.008793211542,0.005781092215,0.0003588101827,0.002335188212,0.000236994485,0.007851837203,0.006295726635
9,0.001290842541,0.0004147039726,0.004569372628,0.0008488973835,0.04546240717,0.108344309,0.02062629163,0.001679698704,0,2.589531505e-07,2.018610576e-05,3.363343058e-05,2.1636165e-06,1.212759071e-05,6.018630302e-05,6.80021185e-06,0.0001584112906,0.0006787744351,0.001227315282,0.001399460016,0.0008401314844,0.0009695779299,0.0008016751381,0,9.637866606e-05,0.0003179228806,5.507461537e-06,0.0001216093515,9.146443335e-05,9.730326565e-05,4.45760852e-05,1.870676715e-05,1.05119816e-05,1.157738734e-05,1.581991819e-05,6.026410119e-06,4.067371265e-05,0,0.0002844633127,0,0,0,0,1.830668225e-05,0,0,0,9.007140761e-06,1.042021722e-05,5.368161965e-06,1.517666192e-06,0,0,0,0,0,0,0,1.478075973e-07,0,0,2.869843047e-05,3.080761189e-06,3.815857781e-06,0,0,0,0,0,0,0,0,4.36573373e-06,5.751291155e-06,3.651644192e-06,1.823398452e-05,0,0,0,6.216197107e-06,0,4.78962902e-05,0,0,0,1.632145722e-05,0,0,2.312236029e-05,0,0,1.164556488e-05,7.613636262e-05,0.2091343254,0.01507360954,0.01724128798,0.003055684501,0.003416816704,0.001928420505,0.01095129456,0.001476601232,0.0005343492958,0.004034569021,0.0008179957513,0.0002957058314,0.0001491761795,8.35423707e-05,1.002100726e-05,0.01246230863,6.526315701e-05,0.000318583101,0.0006735525094,8.03050134e-05,9.111277177e-05,0.000245278643,6.08419532e-06,0.001104824478,0.07197958231,0.000882354856,8.140078535e-06,3.8825724e-06,0,0,0.0270984564,0.8994852304,0.1662172675,0.0001650124177,0.0001725130569,9.566335939e-05,0.0001867638348,0.2796802521,0.01081012283,0.004317191429,0.002410011832,0.05231881514,0.002452995861,0.0005287964595,0.002006739378,4.079997962e-05,2.120757745e-05,0,0.0008049433818,7.663357246e-05
10,0.0001506532426,0,0.0002596633567,5.323125879e-05,0.04855209216,0.007238100749,5.021995457e-05,0.000513089064,2.589531505e-07,0,1.736298429e-07,0,3.413900777e-05,0,0,9.051435086e-07,0.0004421114863,0.000366509892,0.0003812065697,0.000946191838,0.001412552781,0.001147175208,0.001426342875,0,0.0006990930997,0,0,0,0.0001114469778,0.0001458527695,4.953052121e-05,0,0,0,3.45803528e-05,0,0,0,0,0,0,0,0,0,0,0,0.0003974840802,0,0,0,0,0,0,0,0,0,0,0,1.324001914e-06,0,0,0,0,6.358998507e-05,0,0,0,0,0,0,0,0,0,0,3.260042649e-05,0,0,0,0,0,0,3.666144039e-05,0,0,0,0,0,0,0,0,0,0,0.000479154638,0.1252205521,0.03896240517,0.02932741679,0.01700317487,0.01231988985,0.007313096896,0.01805784926,0.009946377017,0.005716781598,0.003342200536,0,0.0007479304913,0.000440468255,0,0,0.008059349842,0,0.0007242282736,0,0.0003522058541,0.0001155055361,0.000145943297,0,0.002609594492,0.0149496831,4.194465873e-05,0,0,0,0,0.0003028747742,0.7039471865,0.09396643937,0.002870762488,2.343689084e-05,0.001432202989,0.0004844894283,0.2295809835,0.001324877026,0.003313070163,0.002417780459,0.001243755105,9.085393685e-06,3.760588925e-06,4.899434316e-06,4.089461981e-06,0,0,0.00193404709,0.0001407364325
11,0.004141815472,0.0002454196219,0.003054321744,0.001201940468,0.08453912288,0.0490597412,0.001441651606,0.003342240117,2.018610576e-05,1.736298429e-07,0,6.28610178e-06,0.0001269961067,4.370619354e-05,5.500046882e-06,3.179661871e-05,0.0002101712598,0,0.001379816793,0.002919739112,0.001003700192,0.0008433268522,0,0.001045412617,0,0,1.371904636e-05,0,3.501475658e-05,0.0003001600562,0,0.0001656382083,0,0,7.896844181e-05,0,0.000242925089,0,0,0,0,0,0,4.525185796e-05,1.425808387e-05,3.178240604e-06,2.45339811e-06,1.460685053e-05,0.000144843696,8.579549103e-06,4.61267955e-05,1.031604643e-05,2.730736469e-06,0,0,0,0,9.047588719e-06,0,0,0,1.521713421e-05,9.672085434e-05,0.000104908213,0,0,1.495304241e-05,9.792221135e-06,1.235459513e-05,1.734753823e-05,1.312970539e-06,0,6.417158602e-06,2.024273817e-05,1.689104829e-05,0,0,0,0,0.0002914900542,1.330520604e-06,0.0003279077937,5.369603969e-05,1.333760338e-05,2.26399552e-05,8.29230612e-06,0,0,0,0,2.313517371e-06,7.306462794e-05,0.0005385990371,0.2453455627,0.04033566639,0.1000887603,0.007219380699,0.0105722975,0.01432458125,0.02342495136,0.002678769641,0.003055096371,0.006119196303,0.001027874299,0.001554402872,0.0003088821832,5.536375465e-05,1.845794759e-05,0.03163052723,0.001029314473,0.001013258589,0.001000686432,0.0006203877274,0.0003903568722,0.0003285990388,7.127904973e-05,0.003726944793,0.07323540747,0.001474359073,9.215094906e-06,9.058447176e-06,6.181054778e-05,6.356475296e-06,0.002426680876,0.9297474027,0.1973088682,0.001798443263,0.0001322524913,0.000474004366,0.001363681629,0.3398397267,0.01297643501,0.01082265005,0.008477471769,0.03316068277,0.0009127951926,5.464443893e-05,0.0004377473961,2.84176549e-05,0.000168643528,2.090984526e-05,0.001067259233,0.0003980487527
12,0.003821045626,8.787190018e-05,0.001461353619,0.0001062572992,0.1287577748,0.0216641482,0.004084386397,0.0007832658011,3.363343058e-05,0,6.28610178e-06,0,1.68409133e-05,6.573372229e-05,1.042058011e-05,3.893905614e-06,0.0009687810089,0.0005343843368,0.001069914084,0.002218643669,0.001417333959,0.001308003673,0.001253048191,0.000156777649,0.0004406952357,0.0002540532732,0.0001383826602,0.00024960257,0.000177437134,0.0001519507496,8.708857786e-05,3.60006743e-05,4.423843711e-05,0.0002144013415,2.930892697e-05,3.873556489e-05,0.0001681860595,0,0.0008285075892,0.000566600298,0.0005787407863,0.001053114654,0,0.0001802994229,0.0002778680064,4.964774416e-05,0.0001121160749,0.0006102515617,0.001294997521,0.0003266141284,0.0007896641619,0.000241638787,0,0,0,0,0,7.45788293e-06,3.537503062e-06,0.0001137294967,0,0.0001426557719,0.0004337678838,0.0002486033773,2.995969453e-06,4.273398417e-07,0.0001387540105,0,5.787755072e-05,0.0002545265015,0,0,6.755144568e-05,0.0002452410699,5.66732233e-05,0,0,0,0,0.0004884709488,0,0.001489669434,0.0001517162309,1.698897904e-05,0.0001566114952,0.0001539832156,0,0,0,2.629236178e-06,1.650407057e-06,0.0005235847202,0.002039366402,0.2175115645,0.109306775,0.1329361945,0.02945555001,0.03792613372,0.05478780717,0.03422493488,0.01692257449,0.01250954904,0.005581445526,0.001611713087,0.001282055979,0.001910624676,0.0007291963557,2.078087709e-05,0.08489518613,0.004548102617,0.005123253912,0.003078358714,0.001368099591,0.001099508489,0.00073137664,3.021456905e-06,0.008033959195,0.05955892801,0.001422247617,8.260438335e-05,1.589983731e-05,0,0,0.007143612485,0.8896718621,0.2314685881,0.005308610853,0.000453362125,0.003250136273,0.003183892695,0.4002929926,0.02134412713,0.01634273678,0.01923274994,0.03397955745,0.0007553114556,4.048856863e-05,0.0001578196243,1.703094495e-05,0.0005346079706,0.0001196787052,0.005488869734,0.001757182064
13,0.003801361192,0.004648738075,0.01039874554,0.006309998687,0.04031286389,0.1020236313,0.01269221772,0.004747686908,2.1636165e-06,3.413900777e-05,0.0001269961067,1.68409133e-05,0,0,0,1.293242713e-05,0.0008795684553,0.00294473581,0.002712411573,0.002375771524,0.003679631976,0.001518223435,0,0.0003998394241,0,0.0009585618391,0.000467963604,0.001376688131,0.0001629327744,0,6.351152115e-05,0,0,0,0,0,0,0,0,0.001302123885,0,0,0,3.230985044e-07,0,0,0,2.469241963e-06,0,0,1.847856402e-05,0,0,0,0,0,0,0,3.598527428e-06,0,0,0,5.837976641e-05,0.0001287827617,0,0,0,0,0.000109500681,0.0003005304898,0,0,1.086388011e-06,0,1.083021107e-05,0,0,0.0003218437778,0,6.507624494e-05,0,4.905798778e-05,0,1.335645902e-05,0,2.799584581e-05,0,0,0,0.0002181635209,0,5.589409921e-05,5.840191079e-05,0.2538740039,0.00705934735,0.005774881225,0.001583629521,0.001323684119,0.0004850496771,0.004400759935,0.00042775771,0.0001122275062,0.01246006507,0,0.006059084088,0.006684963126,0.0001664312585,4.29657739e-05,0.01583266072,0,0.0003001510631,0,5.340194912e-05,0.0001656942914,0.002717430936,0,0.00760988472,0.09082613885,0.004135254305,0.000742344535,0.0004906568211,0,0,0.03812676668,0.9347141385,0.195307672,0.001930246595,0.0003504084016,0.0001426498493,0,0.3355236351,0.01621408202,0.0155142555,0.008014354855,0.07931570709,0.03383256868,0.002044878667,0.02488889545,0.001467746566,0.0002895474317,0.000206935496,0.0004506699624,9.024640167e-05
14,0.01492226776,0.006768940482,0.001872358844,0.0004795386631,0.1628772616,0.01417387277,0.0006373872748,0.002254873281,1.212759071e-05,0,4.370619354e-05,6.573372229e-05,0,0,4.949610593e-05,7.588708741e-06,0.003659086768,0,0.001878907322,0.0009111539111,0.0005167531199,0,0,0,0,0,0,0,0,0,0,0,0,0,0,0,0,0,0,0,0,0,0,0,0,0,6.865221803e-05,0,0.0003428513883,0,0,0.001311637694,0,0,0,0,0.0002285054507,0.001034366782,0.0001042296062,0,0.001181975473,0.000632571755,0.0004048967385,0.003973749932,0,0,0,0.0008881384274,4.196425289e-05,0.00125541212,0,0,7.277858458e-07,0.0003939197341,0.0001188039751,0,0,0,0,0.0001427703246,0,0.001955621177,0,4.283722956e-05,6.813408618e-06,0.0002010031894,0,0,0.0009442776209,0,0,0.0002214005217,0.002118654083,0.2103326172,0.06674420834,0.07752393931,0.01270736568,0.02113247663,0.02575055137,0.01951137371,0.007623322308,0.007928652689,0.002630592091,0.002380952472,0,0.005255889613,0,0,0.06799352169,0.002380952472,0.006327006966,0,0.002357627032,0.004732068628,0.003734213999,0.002380952472,0.01941264607,0.06575293839,0.001739597064,0,0.002380952472,0.002380952239,0,0.0008759332122,0.8570727706,0.1844006181,0.0106240809,0.000498267822,0.001224758802,0.006079773884,0.3776526451,0.009948656894,0.01376086101,0.01843247004,0.03197454661,0.01339989807,0.004761904944,0.006518109236,0.001128929667,0.003121744609,0,0.005070263054,0.004571927711
15,0.01988357678,5.818686623e-05,0.0007851489354,0.0008314821171,0.1446302682,0.00362284109,7.690530038e-05,0.0007599676028,6.018630302e-05,0,5.500046882e-06,1.042058011e-05,0,4.949610593e-05,0,6.305398983e-06,0,0,0,0,0,0,0,0,0,0.002380952472,0,0,0,0,0,0,0,0,0,0,0,0,0,0,0,0,0,0,0,0.000169607476,0.0004265737953,0,0.0003783669381,0.0016729692,0.002811593236,0.002380952472,0,0,0,0,0,0.007142857648,0,0.002217025263,0,0,0.002296310384,0.005717774853,0,0,0,0.001139945351,0.0005936936941,0.002380952472,0.0001494240569,0,2.23345196e-05,0.00174405775,0,0,0,0,0,0.003381563816,0,0.003685516538,0,6.525971548e-05,0,0.002380952472,0,0,4.098038175e-07,0,0,0,0.002077144803,0.1438981593,0.07106469572,0.07719437778,0.03175368533,0.03134407848,0.03592703119,0.03203726932,0.01926790178,0.007077464834,0.003655779408,0,0,0,0,0.002380952472,0.07274381071,0,0.01148913708,0,0.008383695967,0.006209704559,0.004761904944,0,0.002380952472,0.01258348115,0,0,0,0.002380952472,0.002380952472,0.0002544091549,0.7158650756,0.1113740951,0.006437000819,0,0.002757170238,0,0.2637798786,0.01363504305,0.004761904944,0.02932080254,0.002530253958,0.0009020557627,5.422557933e-06,0.0002981130092,0,0.004761904944,0.0009462122107,0.00948880706,0.001858004602
16,0.001903819502,0.0001559572556,0.003530702088,0.0003699963854,0.08359824121,0.01641911454,0.008344641887,0.0009041151498,6.80021185e-06,9.051435086e-07,3.179661871e-05,3.893905614e-06,1.293242713e-05,7.588708741e-06,6.305398983e-06,0,0.0005996620748,0.001046245336,0.001809226582,0.002663039602,0.001195651479,0.0009005112224,0.001026341808,0.0002577704727,0.0001216097444,0.0004057131009,7.919372365e-06,0.0002382998064,0.0002851754543,0.0001143582049,5.688725651e-05,0.0001023560253,9.719564696e-05,0,1.944556971e-05,2.560225403e-05,0.0002021629916,0,0.0002342837688,0,0.0002463942801,0,0,3.10614414e-05,2.943296749e-05,5.651814718e-05,2.885560752e-05,7.871598791e-05,9.212820441e-05,2.275096085e-05,4.367059228e-05,0.0003957378212,0,0,0,0,0,1.517640794e-05,1.096764845e-05,0,0,0.0001237544202,0.0002128152701,0.0002161629382,0,0,0,5.85509224e-06,8.27029653e-05,0.0003465332557,1.121816422e-05,0,1.808244815e-05,0.0004840837792,5.317174146e-05,0,0,0,2.726148705e-05,0.0004927345435,6.970667528e-06,0.0006844093441,0,0.000193688189,9.678841161e-05,0.0001571211178,0.0001202262865,0,0,0,0,0.0004763635807,0.0009485633927,0.2301874161,0.06402549148,0.1200756133,0.01232913975,0.01893985644,0.03086641803,0.02736057341,0.00617410196,0.004378753714,0.009750254452,0.0003578262113,0.006043411791,0.002466408303,0.0003272406757,3.944267883e-05,0.06729080528,0.0007962771342,0.002204461722,0.002533655148,0.0007565768901,0.0009358768584,0.002098605037,0.0001658982947,0.006291431375,0.07934389263,0.00320771127,0.0001995488565,0.0001084259638,0.001331155421,0,0.01321862265,0.9027947187,0.2296787649,0.003116657492,0.001333530527,0.001056019333,0.002154794754,0.3809983432,0.01727901958,0.01899305545,0.01316818036,0.07945421338,0.003843385959,0.0008820523508,0.005235760007,0.0001120367378,0.0009322736878,0,0.00348203443,0.0005698152818
17,5.781662185e-05,9.136998415e-05,0.0004852489219,0.0001116552303,0.04623001814,0.006832874846,0.001347580925,0.0001357896108,0.0001584112906,0.0004421114863,0.0002101712598,0.0009687810089,0.0008795684553,0.003659086768,0,0.0005996620748,0,1.914383029e-05,8.668157534e-05,0.0001530475856,7.849843678e-05,6.905109331e-05,1.884059202e-05,1.055468783e-05,1.620244984e-05,7.031833229e-05,0.0003258597862,0.0005553554511,0.003037825227,0.002012158046,0.001340310089,0.0009411670035,0.0006361245178,0.0001531213056,0.0002600451699,0.0003418363631,1.186620284e-05,1.280487504e-05,0,2.045243718e-06,0,0,0,0.00609559333,0.002380952472,0.0007810555398,0.003834486939,0,0,0.0004058112972,0.001165761612,0,0,0,0,0,0.0008825205732,0,0.001222038874,0,0,0.007142857648,0.002124767751,0.0009999335743,0,0.0003312177723,0,0,0.0005143321468,0,8.138777775e-05,0,0.009245403111,0.002916620113,0,0,0.0002269087418,0.0005566360196,0,0.0002411103342,0,0.005237895064,0,0,0.001133392565,0.00617378531,0,0.0003670226142,0,4.024531518e-05,0,0.002380952239,0.0008302861825,0.1211162508,0.01794730872,0.05314991996,0.003726528725,0.005472884048,0.02245351113,0.005337709561,0.001557148644,0.005815510638,0.02124982141,0.0001093944811,0.0009164015646,0.0009207234252,6.434332136e-06,6.170998677e-05,0.03021589667,0.0005055709626,0.0007487410912,0.0001523965038,0.0005251642433,2.77864674e-05,0.002326000715,0,0.000350606133,0.08595680445,0.001669581281,0.0001179011524,0.0001419476612,0,5.814868928e-05,0.006082803942,0.8653911948,0.1788939089,0.0006314240163,0.0003694707993,0.001021683798,0.001533453586,0.4310888946,0.01859722286,0.008666591719,0.002043294953,0.005699482746,0.0009116810397,0.001669099554,0.001849361579,0.0002948103938,0.0006776525988,0,0.003912485205,0.001604904071
18,2.095303353e-05,7.867026579e-05,0.0002726101957,0.0002806265547,0.01333419047,0.002812444698,0,0.0002024395799,0.0006787744351,0.000366509892,0,0.0005343843368,0.00294473581,0,0,0.001046245336,1.914383029e-05,0,1.34140455e-05,8.869570593e-05,0.0001177927334,0.0001608215098,0.0002654127602,3.612129876e-05,3.788934191e-05,0.0001068341298,0.0008888530429,0.0001837780874,0.001954136183,0.00207171496,0.001093893894,0.0009644593229,0.0006395960227,0.0004177637456,0.0006049475633,0.0007101201336,1.267901189e-05,0,0,6.534556178e-06,0,0,0.0001379937457,0.004216421861,0,0,0,0,0,0,0.0009627403342,0,0,0,0,0,0,0.0006050508819,0.0006403744337,0,0,0,0.002380952472,0.002408550587,0,0.001174867852,0,0,0,0,0,0,0.0007658512914,0,0.00132543128,0,0,0,0,0,0,0,0,0,0,0,0,0,0,0,0.0003021314042,0,0,0.03642001376,0.007352407556,0.0097615337,0.0006703153485,0.00635141274,0.007066690829,0.003018457908,0.003304881277,0.0004541586095,0.008055157028,0.0008507606108,0,0,0.0001662035647,4.486086254e-05,0.01635438018,0,0.0003313836642,0,0.0004520976217,0,0.001465583453,0,0.0003672591411,0.06172154844,0,0.000516331289,0,0,0,0.002380952472,0.6386206746,0.05960507318,0,0,0.0004220854898,0,0.2629594505,0,0.002380952472,0.002106233267,0,0.0005322989891,0,0,0.0009965875652,0,0,0,0.002380952472
19,0.0003001127916,0.0003560015175,0.0006590749836,0.0005805686233,0.01575991325,0.008801866323,0,0.0006705657579,0.001227315282,0.0003812065697,0.001379816793,0.001069914084,0.002712411573,0.001878907322,0,0.001809226582,8.668157534e-05,1.34140455e-05,0,9.597108146e-05,0.0002817150089,0.0006174903829,0.0003968291567,0.0002986343461,0.000164850353,0.0001723911701,0.002477993025,0.001261726837,0.002309906529,0.002356465673,0.001336910529,0.001058574766,0.000942092156,0.0008967142785,0.0008285887307,0.0007462719223,0.0001000606571,0.0001175105281,3.185564128e-05,4.75803572e-05,2.879170825e-05,0.000516495551,0,0.005574567709,0,0,0.002380952239,0.004761904944,0,0.001182713546,0,0,0,0,0,0.002380952239,0.002488918137,0.0007746052579,0.001235219068,0,0,0,0.003664382501,0.001058706781,0.0007125783013,0.0001235745003,0,0,0,0,0.001115403022,0,0.002760425443,0,0.0003763177083,0.001269255998,0.0007146719145,0,0,0.001206289046,0.0009644830716,0,0,0,0,0,0,0,0,0.0003186153772,0.0004592846381,0,0,0.07020056993,0.01169523876,0.02081692778,0.0005484741414,0.004063884728,0.005301421974,0.005502963439,0.002629164839,0.002544697141,0.0009573315037,0,0,0,0.0003197366896,3.11414733e-05,0.02171779238,0,0.0004792223335,0,0.0003461423912,0,0,0,0.000394577306,0.0543680042,0,0,0,0.0001927673147,0.0002520683047,0,0.7105727196,0.07871735096,0.0008458014927,0,0,0,0.2698205113,0.007142857648,0.006104305852,0.001265957952,0.00308766542,0,0,0.001360399532,0,0.0004117804347,0,0,0
20,0.0002619491715,0.0005765705719,0.0003252819297,0.000817541033,0.02295606025,0.01001938526,0.0004199127143,0.0006992430426,0.001399460016,0.000946191838,0.002919739112,0.002218643669,0.002375771524,0.0009111539111,0,0.002663039602,0.0001530475856,8.869570593e-05,9.597108146e-05,0,0.0001729518408,0.0005849967711,0.0006291829632,0.0003035541158,9.571146802e-05,0.0001832690905,0.003801004495,0.002510233549,0.003570197383,0.003957229201,0.002632463118,0.002194074681,0.001581767108,0.001736516366,0.001936524874,0.001556283678,0.000412341411,0.0003433835809,0.0002130433713,0.0002840208472,0.0007356757997,0.0001522239181,0,0.01085546892,0,0.0004574079067,0.002380952472,0,0,0.0006085583591,0.001983944094,0,0,0.002380952472,0,0.001167752664,0.001637208625,0.0003340707044,0.00234049093,0.002099702368,0,0.004719718825,0.001460048021,0.003908162471,0.0004935688921,0.001541065983,0,0,0.001021852368,0.001474773511,0.000650866481,0,0.00350677222,0.0005741945351,0,0.0001387069351,0,0.0009003324085,0.0006974759162,0,0.00136880856,0.00109203218,0.0008355976315,0.001502518775,0,0,0,0.0006017661071,0.002747016493,0.0005734299775,0.001306374324,0,0,0.07398789376,0.009480667301,0.02632506564,0.004371524788,0.008036182262,0.006801814307,0.004612148274,0.00176455453,0.001161674736,0.01803063788,0.000888533832,0.0012765266,0.000951443275,0.0002661153267,0.000179503244,0.01481361222,0,0.0002346379042,0,0.0004314954567,0,0.001640642644,0.0003831769282,0.002892045071,0.07271263003,0,0.0005091627827,0.0002106519969,0,0,0.002380952239,0.7497573495,0.10566172,0.0003891168453,0,0.0002104785235,0,0.3262910545,0.003501807107,0.008275329135,0.002214348642,0.007231188007,0.0008755198796,0.002380952472,0,0.000613189186,0.0003881753073,0,0,0.0005804810207
21,0.0001466440881,0.0003446804476,0.0006142230704,0.0006890239893,0.01734718308,0.006748911459,0,0.0004130136222,0.0008401314844,0.001412552781,0.001003700192,0.001417333959,0.003679631976,0.0005167531199,0,0.001195651479,7.849843678e-05,0.0001177927334,0.0002817150089,0.0001729518408,0,6.697322533e-05,7.142827963e-05,7.635198563e-05,3.453192039e-05,7.649458712e-05,0.002964564832,0.002226667246,0.003568604589,0.003477568738,0.00218917802,0.001872581313,0.001740928506,0.001281436183,0.001632867265,0.001368195168,0.0001790856768,0.0001234811643,9.502865396e-06,1.794011769e-05,0.0003822999715,0,0.0001798743178,0.005168216769,0,0,0,0,0,0.000917157915,0.001396985957,0,0,0,0.001210411545,0,0.000773681968,0.0007764280308,0.001620907453,0.005834855605,0,0,0.001645658864,0.001036261558,0,0.0007701773429,0.002380952472,0,0.002291571582,0,0.0009871387156,0,0.002869849093,0,0.001129517215,0,0.002380952472,0.00131631142,0.0004325309128,0.00437818747,0.003196830628,0.001651939354,0,0,0,0,0,0,0,0.0004969928414,0.001040673815,0,0.0006486133789,0.05353174731,0.01515490375,0.03446783125,0.003769667586,0.003456548089,0.007114566863,0.001598811243,0.001768983202,0,0.006116680335,0,0.0018333568,0,0.0001648262987,9.898596909e-05,0.01451266091,0,0.0002555591345,0,0.0008215343696,0,0.002380952472,0.0004561902897,0,0.05872826651,0,0,0,0,0.0002290806879,0,0.7430787086,0.09686903656,0,0,0,0.0002229506354,0.3117999136,0.001559302444,0,0.001546822605,0.01258123014,0.0005020107492,0,0.002139459364,0.0003710749443,0,0.0002719314652,0.0003777848324,0.0005799105857
22,0.0001697413682,0.0007138591609,0.0007994185435,0.0005529309274,0.0217670314,0.003769430798,0,0.0001978773653,0.0009695779299,0.001147175208,0.0008433268522,0.001308003673,0.001518223435,0,0,0.0009005112224,6.905109331e-05,0.0001608215098,0.0006174903829,0.0005849967711,6.697322533e-05,0,1.351146966e-05,7.050234672e-06,2.50146586e-05,6.58866411e-05,0.002251283498,0.001504153479,0.003330943873,0.003156647552,0.002203025157,0.001644300763,0.001345715369,0.001359610469,0.001193108503,0.001035750262,0.0001748758514,4.281046131e-05,4.371834075e-05,0,2.763399243e-05,3.209100396e-05,0.001159447711,0.004947545473,0,0,0,0,0,0,0,0,0,0,0,0,0.0001705105678,0.001632004045,0.002662887098,0,0,0,0.002380952239,0.0008179965662,0,0.0005757390172,0,0,0,0,0.0006667539128,0,0.001186433714,0,0.0005854188348,0,0,0,0.0005049954634,0,0.0007574091433,0.003914482892,0,0,0,0,0,0,0,0.0009341637488,0.0004807410296,0,0.001874456881,0.05583045632,0.007711170707,0.01174573135,0.001011035056,0.00789627526,0.006459090859,0,0.0007991896709,0.005907834508,0.006583920214,0,0.001416949322,0.0002742262732,0.0002509431506,7.296816329e-05,0.01574636437,0,0.000742113858,0,0,7.819268649e-05,0.002644401044,0.0004270945501,0.0009509111987,0.03677837923,0.0006998031167,0,0,0,0,0,0.615318656,0.07161994278,0,0,0.0001456784084,0,0.2578390241,0.006525120698,0.003450750606,0.003057644702,0.002380952472,0,0,0,0.001094593201,0,0.0008643806796,0,0.002171136672
23,0.0001450794662,0.0007539308281,0.0003506756038,0.001020148396,0.003851740388,0.00331764482,0,0.000396064861,0.0008016751381,0.001426342875,0,0.001253048191,0,0,0,0.001026341808,1.884059202e-05,0.0002654127602,0.0003968291567,0.0006291829632,7.142827963e-05,1.351146966e-05,0,1.890541483e-07,1.083629741e-05,3.321862459e-05,0.00160006783,0.0009361393168,0.00281117484,0.002499854891,0.001582963043,0.001335774083,0.001280266326,0.001660404378,0.001024771016,0.0009013249655,0.0002772311855,0,0,1.563063779e-05,1.158527448e-05,0,0,0.003398261499,0,0,0,0,0,0.002380952472,0.001059481641,0,0,0,0,0,0,0,0.0004660298582,0,0,0,0.0004763441393,0.0004101796949,0,0.000119070537,0,0,0,0,0,0,0,0,0,0.002380952472,0,0.002380952472,0,0,0,0,0,0,0,0,0,0.0009225384565,0,0,0,0,0,0.04136115313,0.0002221936156,0.01596298255,0.002740224591,0.003468486015,0,0,0.0001836813171,0,0.006499239709,0,0,0,0,0,0.008189800195,0,9.093094559e-05,0,0,0,0,0,0,0.02002125792,0,0,0,0.002380952472,0,0,0.3864061534,0.02189071663,0,0,0,0,0.1364634186,0,0,0.0002885952126,0,0,0,0,0,0.002380952472,0,0.002380952472,0.002380952472
24,0.0001170347969,0,0,0.0001786633802,0.0119150877,0.002380952472,0,9.600392514e-05,0,0,0.001045412617,0.000156777649,0.0003998394241,0,0,0.0002577704727,1.055468783e-05,3.612129876e-05,0.0002986343461,0.0003035541158,7.635198563e-05,7.050234672e-06,1.890541483e-07,0,3.120203019e-06,1.456911741e-05,0.001178422361,0.0004127398424,0.002782390453,0.002414846793,0.001341609401,0.0008049877943,0.0008794508758,0.001393329003,0.0006543681957,0.0003911787644,5.430422971e-05,0,2.325494643e-05,0,0,0,0,0.002380952472,0,0,0,0,0,0,0,0,0,0,0,0,0.002869673073,0,0,0,0,0,0.001658861293,0,0,0,0,0,0,0,0.002380952472,0,0,0,0,0,0,0,0.002380952472,0,0,0,0,0,0,0,0,0,0,0,0.0004344611953,0,0.002380952472,0.02439677715,0.0103464853,0,0.002380952472,0.00023091209,0,0.002380952239,0.0005154187093,0,0.002380952472,0,0,0,0.0005218776641,0.0009449546342,0.004683276638,0,0.002380952472,0,0,0,0,0,0,0.02059385367,0,0,0,0,0,0,0.2734692395,0.01225521974,0,0,0,0,0.09617680311,0,0.002380952472,0.0008586308686,0,0,0,0,0,0,0,0.002380952472,0
25,6.230117287e-05,0.0002576253319,0.0002249026147,9.252452583e-05,0.02385682426,0.01480377465,0,3.438773274e-05,9.637866606e-05,0.0006990930997,0,0.0004406952357,0,0,0,0.0001216097444,1.620244984e-05,3.788934191e-05,0.000164850353,9.571146802e-05,3.453192039e-05,2.50146586e-05,1.083629741e-05,3.120203019e-06,0,8.256341061e-06,0.0005267981323,0.0006819897098,0.00172043487,0.001921229763,0.001122472109,0.0009376579546,0.0006704717525,0.0004701152502,0.0002008622541,0.0001921915682,4.819252717e-05,5.237174264e-05,0,0,2.244113603e-06,0,0,0.001463557361,0,0.0008340155473,0,0,0,0,0.001378863817,0,0,0,0,0,0,0,0.0003103450872,0,0,0,0,0.0003791610943,0,0.0002882779518,0,0,0,0,0.0009556470322,0,0.0007163292612,0,0.001337901223,0,0,0,0,0,0,0.002380952472,0,0,0,0,0,0,0,0,0,0,0,0.04058855399,0.01409798209,0.007253465243,0.003397772321,0.01028200611,0.008351998404,0.001182677923,0.002122956561,0,0.002380952239,0,0.0006224191748,0,0,0,0.01647894084,0,0.0004793604312,0,0.001127367723,0,0.0001141775283,0,0.003059019567,0.03179123253,0,0,0,0,0,0,0.6950267553,0.06776370108,0,0,0.001151157427,0.002380952472,0.28355214,0.004761904944,0.002380952472,0.0001654754451,0.007649026345,0.001137721702,0,0,0,0,0,0.001115516992,0
26,5.269372923e-05,0.0001104757393,0.0002062405256,0.0001770413219,0.0105991466,0.005376661662,0,8.138294652e-05,0.0003179228806,0,0,0.0002540532732,0.0009585618391,0,0.002380952472,0.0004057131009,7.031833229e-05,0.0001068341298,0.0001723911701,0.0001832690905,7.649458712e-05,6.58866411e-05,3.321862459e-05,1.456911741e-05,8.256341061e-06,0,0.001047589583,0.000653373776,0.002074694261,0.002586631104,0.001699584187,0.001237616292,0.000895775971,0.0003682583629,0.0006877290434,0.0002706984524,6.80644589e-05,4.376354264e-05,0,7.706134784e-05,0.0001660240232,2.837692409e-05,0,0.003586407751,0,0,0,0,0,0,0.0008774998714,0,0,0,0,0,0,0.0003447154013,0.0007466827519,0,0,0,0.001685482101,0,0,0,0,0,0,0,0.0001255967363,0,0.002074896824,0.0008502281271,0,0,0,0,0,0.001604995923,0.001173958532,0.001081491006,0,0,0.002380952472,0,0,0,0,0,0,0,0.001820157282,0.05316374451,0.005053906236,0.02670645528,0.0002939912665,0.00366776716,0.01183791924,0.002563253045,0.004204598721,0.0010177613,0.004631453194,0.001293843728,0,0,8.003729454e-05,5.990091813e-05,0.01184060145,0,0.0002133201488,0,0.0002366098197,0,0.0004892263096,0,0.003714026185,0.04067511111,0,0,0,0.00146131136,0,0.002380952239,0.7196824551,0.06297588348,0.000298006431,0,0.0003988172975,0,0.2851182222,0.0007941274671,0.002380952472,0.001392535749,0.007019938901,0.0007220506668,0,0.002450976521,0,0.0005864057457,0.0009814538062,0.0006995139411,0.0007466691895
27,9.502000466e-05,0.0001701153669,0.000591480115,0.0001138563966,0.009421983734,0.01089682523,0,0.000108983324,5.507461537e-06,0,1.371904636e-05,0.0001383826602,0.000467963604,0,0,7.919372365e-06,0.0003258597862,0.0008888530429,0.002477993025,0.003801004495,0.002964564832,0.002251283498,0.00160006783,0.001178422361,0.0005267981323,0.001047589583,0,8.83651137e-06,2.716401104e-05,0.0001197425518,4.853285645e-05,0.0001218706166,6.550587568e-05,4.72138272e-05,1.64514895e-05,3.042897333e-05,2.013244011e-05,7.539411308e-05,7.622756675e-05,1.42147901e-05,1.686563337e-05,1.884277117e-05,0,3.930928142e-05,0,0,0,0,0,0,0,0,0,0,0,0,5.807890193e-05,0,0,0,0,0,0,3.140381523e-05,0,0,0,0,0,0.002380952472,0.0003379374102,0,0.0001186331938,0,0,0,0,0.0001340823364,0,0,0,0,0,0,0,0,0,0,0,0,0,0,0,0.02971723489,0.008812545799,0.002380952472,0,0.006890411489,0.001225736924,0.004761904944,0.0004114347394,0.001049574115,0,0,0,0,0.0004561453534,0.0002741627395,0.005130836274,0,0,0,0.0001240932179,0.0007974587497,0,8.756609895e-05,0,0.03879867867,0,0.001530137728,0,0,0.0003326165315,0.008267587051,0.5091539025,0.06253092736,0.002465045778,0,0,0.00099732948,0.2134031504,0.007646062411,0,0,0.00887749996,0.0001189974137,0,0.002462722361,5.805932597e-05,0,0,0,0
28,0.0002786714467,6.367927563e-05,0.0008747011307,0.00010526798,0.004137015436,0.007142857648,0,0.0002053109056,0.0001216093515,0,0,0.00024960257,0.001376688131,0,0,0.0002382998064,0.0005553554511,0.0001837780874,0.001261726837,0.002510233549,0.002226667246,0.001504153479,0.0009361393168,0.0004127398424,0.0006819897098,0.000653373776,8.83651137e-06,0,1.216844248e-05,0.0001174836871,4.715751857e-05,0.0001307016064,5.452845653e-05,0,6.699104233e-06,3.925451892e-05,3.931975243e-06,0,0,2.753761919e-06,0,1.804517524e-05,0,0,0,0,0,0,0,0,0,0,0,0,0,0,0,0.0001158575906,0,0,0,0,0,0,0,0,0,0,0,0,0,0,0,0,0,0,0,0,0,0,0,0.0003986686643,0,0,0,0,0,0,0,0,0,0,0.001751499716,0.01415380277,0,0,0,0,0,0.002380952239,0.004609150346,0,0.002380952239,0,0,0,0,0.0001235951204,0.002380952472,0,0,0,0,0.003344359342,0.0008696503355,0,0.00132129679,0.02724055015,0,0,0,0,0,0.004761904944,0.1879436821,0.02619047649,0,0,0,0,0.0939815864,0,0,0.0005699496251,0,0,0,0,0,0,0,0,0
29,0.0006042033201,0.0001691008511,0.000471079984,0.000198403286,0.01207401045,0,0,0.0005798790953,9.146443335e-05,0.0001114469778,3.501475658e-05,0.000177437134,0.0001629327744,0,0,0.0002851754543,0.003037825227,0.001954136183,0.002309906529,0.003570197383,0.003568604589,0.003330943873,0.00281117484,0.002782390453,0.00172043487,0.002074694261,2.716401104e-05,1.216844248e-05,0,8.257585432e-05,0.0001528573048,0.0003969571553,0.0002424655249,0.0004499610804,9.094890265e-05,2.809360376e-05,9.412824147e-05,4.180337419e-05,0.0001669933408,0.0005567822373,0,0.001218869584,0,6.259614747e-05,0,0,0,0,0,0,0,0,0,0,0,0,0,0.0001108404904,9.589313413e-05,0,0,0.0002224656928,0,0.0002357441554,0,0.0001589934982,0,0,0,0,0,0,0,0,0,0,0,0,0.0004640408442,0.002380952472,0,0.0001634232904,0,0,0,0,0,0,0,0,0.0005315937451,0,0,0.01922743209,0.002380952472,0.004761904944,0.002380952472,0.002380952472,0.002380952472,0.002380952472,0.001162766479,0,0.002380952472,0,0,0,0.001629353035,0.0002352697047,0.009523809887,0,0.006047690753,0,0.0006056540878,0.0006736994255,0,0,0.0007332990644,0.04329872131,0,0,0.001100534922,0,0,0.002380952239,0.2892956138,0.02093268,0,0,0,0.001249123714,0.1163104475,0,0,6.484799087e-05,0,0.0004945228575,0,0,0,0,0,0,0.001151173259
30,0.0006079527666,0.0001343737968,0.0004138507356,0.0001171934127,0.005362103228,0.01263310201,0,0.0002332502772,9.730326565e-05,0.0001458527695,0.0003001600562,0.0001519507496,0,0,0,0.0001143582049,0.002012158046,0.00207171496,0.002356465673,0.003957229201,0.003477568738,0.003156647552,0.002499854891,0.002414846793,0.001921229763,0.002586631104,0.0001197425518,0.0001174836871,8.257585432e-05,0,8.559242997e-05,0.000249169505,0.0005095606903,0.0002347320697,6.141555787e-05,6.780278636e-05,0.0003612912551,0.0001843923819,0.0002835845517,0.0002525883028,0.0004761720193,0.0004092346644,0.0008494062931,0.0006556326407,0,0,0,0,0,0.0003356495872,0.000118335156,0,0,0,0,0,0.0001250929345,0,0.0002245389915,0,0,0,0,0,0,0,0,0,0,0,0.0002228421945,0,0.0001167945957,0,0,0,0,0,0,0,0.000318034814,0,0,0,0,0,0,0,0,4.453387737e-05,0,0,0,0.019402178,0.006778209936,0.01190476213,0.002380952472,0.008439738303,0.002380952472,0.0003628911509,0.00337779941,0.0007321903249,0.0057069459,0,0,0,0.0001973300532,0.0006083667395,0.002988575958,0,0.001286269282,0,0.0003419337736,0.000503022573,0.001598839299,0.0004881672794,0.0004095527984,0.03850363567,0,0,0,0,0.0001029764244,0,0.4545793831,0.05943372473,0.001743430505,0.002380952239,0.0005313031143,0,0.202767387,0,0.002380952472,0.001061003306,0.000394698116,0,0,0,0,0.001239038887,0,0,0
31,0.000175728419,0,0.0003059615847,9.977486479e-05,0.006106856745,0.001405157731,0,0.0001162483895,4.45760852e-05,4.953052121e-05,0,8.708857786e-05,6.351152115e-05,0,0,5.688725651e-05,0.001340310089,0.001093893894,0.001336910529,0.002632463118,0.00218917802,0.002203025157,0.001582963043,0.001341609401,0.001122472109,0.001699584187,4.853285645e-05,4.715751857e-05,0.0001528573048,8.559242997e-05,0,3.34677934e-05,1.965617776e-05,1.437959872e-05,2.282833157e-05,3.907408973e-05,0.0001027114631,3.467296847e-05,7.383280172e-05,5.347916886e-05,0.0001096843844,0.0001313647081,0,0.0002757092007,0,0.0004751253291,0,0,0,0,0,0,0,0,0,0,0,0,2.506310739e-05,0,0,0,0,0,0,0.000129378881,0,0,0,0,0.0003396867833,0,0.0001975286432,0,0,0,0.0004546678392,0,0,0,0,8.344111848e-05,0,0,0,0,0,0,0,0,0,0,0,0.02161871456,0,0.002380952472,0.002380952472,0.002380952239,0.002380952472,0.004761904944,0.001368782134,0.007142857648,0.004761904944,0,0,0,0,0.0006456821575,0.009551127441,0,0.0005469464813,0,0,0,0,3.385104719e-05,0.0006608498516,0.04474529624,0,0,0,0,0,0,0.3911624551,0.03918903694,0,0,0,0,0.1603045166,0.002380952472,0,0.003842975479,0.001174063655,0,0,0,3.672813909e-05,0,0,0,0.0005145262694
32,0.0001591259206,0,0,0.0001590639731,0.007772765588,0.004742613062,0.003319961019,0.0001193548815,1.870676715e-05,0,0.0001656382083,3.60006743e-05,0,0,0,0.0001023560253,0.0009411670035,0.0009644593229,0.001058574766,0.002194074681,0.001872581313,0.001644300763,0.001335774083,0.0008049877943,0.0009376579546,0.001237616292,0.0001218706166,0.0001307016064,0.0003969571553,0.000249169505,3.34677934e-05,0,8.919567335e-06,8.811926818e-06,1.072253144e-05,2.322113141e-05,7.501841174e-05,0.0002557217958,0.0001259907294,5.085759767e-05,8.599387002e-06,2.749155465e-05,0,0,0,0,0,0,0,0,0,0,0,0.001515068347,0,0,0,0,0,0,0,0,0,0,0,6.830703205e-05,0,0,0,0,0.0002115209063,0,0,0,0,0,0,0,0,0,0,0,0,0,0,0,0,0,0,0.0001566962892,0,0,0,0.01553497463,0.007142857648,0.00870182924,0,0.002380952472,0.0006931375246,0.002380952472,0,0,0,0,0,0,0.001116014901,0.0001242744765,0.009522329085,0.002380952472,0.0003318789531,0,0,0,0.002380952472,0.0001663357107,0,0.03351354226,0,0,0,0,0,0,0.2872603536,0.03185139224,0,0,0,0,0.1182394102,0.007142857648,0,0,0.004562982824,0,0,0,0,0,0.0004715846153,0,0
33,0.0004526614503,0,0.0001326239872,2.601363485e-05,0.005298899487,0,0,0,1.05119816e-05,0,0,4.423843711e-05,0,0,0,9.719564696e-05,0.0006361245178,0.0006395960227,0.000942092156,0.001581767108,0.001740928506,0.001345715369,0.001280266326,0.0008794508758,0.0006704717525,0.000895775971,6.550587568e-05,5.452845653e-05,0.0002424655249,0.0005095606903,1.965617776e-05,8.919567335e-06,0,1.682513016e-06,1.611522976e-06,6.892094461e-06,9.465307812e-05,0.0005423452822,0.0001493937307,0,0,0,0,0.0002154228278,0,0,0,0,0,0,0,0,0,0,0,0,9.533410048e-05,0,0,0,0,0,0,0.0004528069112,0,0,0,0,0,0,0,0,0,0,0.001029599574,0,0.002380952239,0,0,0,0,0,0,0,0,0,0,0,0,0,0,0,0,0.0154916076,0.001094806939,0,0.004761904944,0,0.002380952472,0,0,0,0,0,0,0,0.0002638054721,0,0.007947029546,0,0.001215961063,0,0,0,0,5.209628944e-05,0,0.01378358062,0.0006968060625,0,0,0,0,0.002380952472,0.2302596569,0.01539959293,0,0,0,0,0.07120559365,0,0,0,0,0,0,0.002380952472,0,0,0.001116868341,0,0
34,0,0,0,0,0.004761904944,0,0,0.000210459315,1.157738734e-05,0,0,0.0002144013415,0,0,0,0,0.0001531213056,0.0004177637456,0.0008967142785,0.001736516366,0.001281436183,0.001359610469,0.001660404378,0.001393329003,0.0004701152502,0.0003682583629,4.72138272e-05,0,0.0004499610804,0.0002347320697,1.437959872e-05,8.811926818e-06,1.682513016e-06,0,9.700464716e-07,0,2.454146852e-05,0,0,0,0,0,0,0,0,0,0,0,0,0,0,0,0,0,0,0,0,0,0,0,0,0,0,0,0,0,0,0,0,0,0,0,0,0,0,0,0,0,0,0,0.002380952472,0,0,0,0,0,0,0,0,0,0,0,0,0.003528662724,0,0,0,0,0,0,0,0,0,0,0,0,0,0,0,0,0,0,0,0,0,0,0,0.007142857648,0,0,0,0,0,0,0.1298133135,0.002380952472,0,0,0,0,0.02711885236,0,0,0,0,0,0,0,0,0,0,0,0
35,0,0,0,3.838532211e-05,0.009784096852,0,0,5.975480235e-05,1.581991819e-05,3.45803528e-05,7.896844181e-05,2.930892697e-05,0,0,0,1.944556971e-05,0.0002600451699,0.0006049475633,0.0008285887307,0.001936524874,0.001632867265,0.001193108503,0.001024771016,0.0006543681957,0.0002008622541,0.0006877290434,1.64514895e-05,6.699104233e-06,9.094890265e-05,6.141555787e-05,2.282833157e-05,1.072253144e-05,1.611522976e-06,9.700464716e-07,0,5.793594937e-06,1.108137894e-05,0,0,5.747815521e-06,5.459951808e-06,0,0,0,0,0,0,0,0,0,0,0,0,0,0,0,0,0,0,0,0,0,0,0.0002520394919,0,0,0,0,0,0,0,0,0.00110267417,0,0,0,0,0,0,0,0,0,0,0,0,0,0,0,0,0,0,0,0,0.02251626924,0,0,0,0,0,0,0,0,0,0,0,0,0.0002120751597,0.000326168607,0,0,0,0,0,0,0,0,0,0.01243703533,0,0,0,0,0,0,0.2323200703,0.0311455708,0,0,0,0,0.09192787111,0,0,0,0.002380952472,0,0,0,0,0,0,0,0
36,4.899061969e-05,0,9.115815192e-05,1.769334631e-05,0.01152153593,0.004761904944,0,0.0001806987275,6.026410119e-06,0,0,3.873556489e-05,0,0,0,2.560225403e-05,0.0003418363631,0.0007101201336,0.0007462719223,0.001556283678,0.001368195168,0.001035750262,0.0009013249655,0.0003911787644,0.0001921915682,0.0002706984524,3.042897333e-05,3.925451892e-05,2.809360376e-05,6.780278636e-05,3.907408973e-05,2.322113141e-05,6.892094461e-06,0,5.793594937e-06,0,5.587766282e-05,0.0002712300629,0,2.223143565e-05,0,5.162236994e-05,0,0.0008123483276,0,0,0,0,0,0,0,0,0,0,0,0,0,0,2.819735528e-05,0,0,0,0,0,0,0,0,0,0,0,0,0,0,0,0,0,0,0,0,0,0,0,0,0,0,0,0,0,0,0,0,0,0,0.01285877824,0.005360671785,0,0.0008681744221,0,0,0.0008355366881,0,0.0008954943041,0,0,0,0.002380952472,7.344616461e-05,0.0001362666517,0.007142857648,0.001509237918,0.0005179691943,0,0,0,0.002380952472,0,0,0.01602887176,0,0,0,0,0,0,0.359972626,0.0316436477,0,0,0,0,0.1096637323,0.007142857648,0,0.0003598124895,0.004761904944,0.0008295103326,0,0,0,0,0,0,0
37,8.544439333e-05,0,0,0.0001653876243,0.005015736911,0.002380952472,0,0,4.067371265e-05,0,0.000242925089,0.0001681860595,0,0,0,0.0002021629916,1.186620284e-05,1.267901189e-05,0.0001000606571,0.000412341411,0.0001790856768,0.0001748758514,0.0002772311855,5.430422971e-05,4.819252717e-05,6.80644589e-05,2.013244011e-05,3.931975243e-06,9.412824147e-05,0.0003612912551,0.0001027114631,7.501841174e-05,9.465307812e-05,2.454146852e-05,1.108137894e-05,5.587766282e-05,0,0,0,0,0,1.445611701e-06,0,0,0,0,0,0,0,0,0,0,0,0,0,0,0,0,0,0,0,0,0,0,0,0,0,0,0,0,0,0,0,0,0,0,0,0,0,0,0,0,0,0,0,0,0,0,0,0,0,0,0,0.01037710067,0.004761904944,0.004761904944,0,0.002380952472,0,0,0.002961772028,0.002380952472,0.002380952472,0,0.0002448552113,0,0.0004766538332,0,0.002380952472,0,0,0,0,0,0,0,0,0.02211380005,0,0,0,0,0,0,0.2383838892,0.007142857648,0,0,0,0,0.09252934903,0.002380952472,0,0,0,0,0,0,0,0,0,0,0
38,0,0,0,0,0,0,0,4.089128197e-05,0,0,0,0,0,0,0,0,1.280487504e-05,0,0.0001175105281,0.0003433835809,0.0001234811643,4.281046131e-05,0,0,5.237174264e-05,4.376354264e-05,7.539411308e-05,0,4.180337419e-05,0.0001843923819,3.467296847e-05,0.0002557217958,0.0005423452822,0,0,0.0002712300629,0,0,0,0,0,0,0,0,0,0,0,0,0,0,0,0,0,0,0,0,0,0,0,0,0,0,0,0,0,0,0,0,0,0,0.001316703041,0,0,0,0,0,0,0,0,0,0,0,0,0,0,0,0,0,0,0,0,0,0,0,0.002380952472,0,0,0,0,0,0,0,0,0,0,0,0,0,0,0,0,0,0,0,0,0,0,0.002380952472,0,0,0,0,0,0,0.04896286875,0.002380952239,0,0,0,0,0.005385190248,0,0,0,0,0,0,0,0,0,0,0,0
39,0,0,0,0,0.002380952239,0,0,0,0.0002844633127,0,0,0.0008285075892,0,0,0,0.0002342837688,0,0,3.185564128e-05,0.0002130433713,9.502865396e-06,4.371834075e-05,0,2.325494643e-05,0,0,7.622756675e-05,0,0.0001669933408,0.0002835845517,7.383280172e-05,0.0001259907294,0.0001493937307,0,0,0,0,0,0,0,0,0,0,0,0,0,0,0,0,0,0,0,0,0,0,0,0,0,0,0,0,0,0.004761904944,0,0,0,0,0,0,0,0,0,0,0,0,0,0,0,0,0,0,0,0,0,0,0,0,0,0,0,0,0,0,0.004761904944,0,0.002380952472,0,0,0,0,0,0,0,0,0,0,0,0,0,0,0,0,0,0,0,0,0,0.004392574541,0,0,0,0,0,0,0.07441520691,0.002380952472,0,0,0,0,0.007999978028,0,0,0,0,0,0,0,0,0,0,0,0
40,3.270607704e-05,0,0,0,0.009232306853,0,0,0,0,0,0,0.000566600298,0.001302123885,0,0,0,2.045243718e-06,6.534556178e-06,4.75803572e-05,0.0002840208472,1.794011769e-05,0,1.563063779e-05,0,0,7.706134784e-05,1.42147901e-05,2.753761919e-06,0.0005567822373,0.0002525883028,5.347916886e-05,5.085759767e-05,0,0,5.747815521e-06,2.223143565e-05,0,0,0,0,0,0,0,0,0,0,0,0,0,0,0,0,0,0,0,0,0,0,0,0,0,0,0,0,0,0,0,0,0,0,0,0,0,0,0,0,0,0,0,0,0,0,0,0,0,0,0,0,0,0,0,0,0,0.002878169296,0.002380952239,0.007142857648,0,0.004761904944,0.003544223495,0.002380952472,0.002380952472,0,0,0,0,0,0,0,0.007142857648,0,0,0,0,0,0,0,0,0.004761904944,0,0,0,0,0,0,0.2057553679,0.007142857648,0,0,0,0,0.06746246666,0.004761904944,0,0.001199054765,0,0,0,0,0,0,0,0,0
41,2.475724432e-05,0,0,0,0.004761904944,0,0,0,0,0,0,0.0005787407863,0,0,0,0.0002463942801,0,0,2.879170825e-05,0.0007356757997,0.0003822999715,2.763399243e-05,1.158527448e-05,0,2.244113603e-06,0.0001660240232,1.686563337e-05,0,0,0.0004761720193,0.0001096843844,8.599387002e-06,0,0,5.459951808e-06,0,0,0,0,0,0,1.798464041e-06,0,0,0,0,0,0,0,0,0,0,0,0,0,0,0,0,0,0,0,0,0,0,0,0,0,0,0,0,0,0,0,0,0,0,0,0,0,0,0,0,0,0,0,0,0,0,0,0,0,0,0,0.002380952472,0.002380952472,0.002380952472,0,0,0,0,0,0,0,0,0,0,0,0,0,0,0,0,0,0,0,0,0,0.004761904944,0,0,0,0,0,0,0.08841674775,0.0142857153,0,0,0,0,0.02081190422,0,0,0,0,0,0,0,0,0,0,0.002380952472,0
42,0,0,0,0,0.004761904944,0,0,0,0,0,0,0.001053114654,0,0,0,0,0,0,0.000516495551,0.0001522239181,0,3.209100396e-05,0,0,0,2.837692409e-05,1.884277117e-05,1.804517524e-05,0.001218869584,0.0004092346644,0.0001313647081,2.749155465e-05,0,0,0,5.162236994e-05,1.445611701e-06,0,0,0,1.798464041e-06,0,0,0,0,0,0,0,0,0,0,0,0,0,0,0,0,0,0,0,0,0,0,0.0009283331456,0,0,0,0,0,0,0,0,0,0,0,0,0,0,0,0,0,0,0,0,0,0,0,0,0,0,0,0,0,0.002380952472,0,0,0,0,0,0,0.002380952472,0,0,0,0,0,0,0,0.002380952472,0,0.00134131487,0,0,0,0,0,0,0,0,0,0,0,0,0,0.1153638586,0.004761904944,0,0,0,0,0.03228407353,0,0,0,0,0,0,0,0,0,0,0,0
43,0,0,0,0,0,0,0,0,0,0,0,0,0,0,0,0,0,0.0001379937457,0,0,0.0001798743178,0.001159447711,0,0,0,0,0,0,0,0.0008494062931,0,0,0,0,0,0,0,0,0,0,0,0,0,0,0,0,0,0,0,0,0,0,0,0,0,0,0,0,0,0,0,0,0,0,0,0,0,0,0,0,0,0,0,0,0,0,0,0,0,0,0,0,0,0,0,0,0,0,0,0,0,0,0,0,0,0,0,0.0008336577448,0,0,0,0,0,0,0,0,0,0,0,0,0,0,0,0,0,0,0,0,0,0,0,0,0,0,0.02142857201,0,0,0,0,0,0,0,0,0,0,0,0,0,0,0,0,0,0
44,0.003285294864,0.002380952472,0.007552672178,0.01083173137,0.03745478392,0.07113993168,0.004346661735,0.007615562528,1.830668225e-05,0,4.525185796e-05,0.0001802994229,3.230985044e-07,0,0,3.10614414e-05,0.00609559333,0.004216421861,0.005574567709,0.01085546892,0.005168216769,0.004947545473,0.003398261499,0.002380952472,0.001463557361,0.003586407751,3.930928142e-05,0,6.259614747e-05,0.0006556326407,0.0002757092007,0,0.0002154228278,0,0,0.0008123483276,0,0,0,0,0,0,0,0,0,0,0,0,0,0,6.13304428e-06,0,0,0,0,0,0,0,0,0,0,0.001152896555,0,2.860952918e-05,0,0,0,0,0,0,0,0,0,0,0,0.0001171422919,0,0,0,7.095311594e-05,0,0,0,3.5145315e-06,0,0,0,0,0,0,0,0,4.613403689e-06,0.250430882,0.002797791036,0.001658280846,0.0003090619866,0.001046976075,0.0003685293195,0.0002348949929,0.0001547787688,5.392818275e-05,0.009706765413,0,0,0.004761904944,0.0003549176035,0,0.01203128044,0,0.0002096284588,0,0.0003650519939,0.0002384263062,0,0,0.004263262264,0.08799062669,0.002380952472,0.001417099033,0,0,0,0.005824170541,0.8887735605,0.142982468,0.0005801471416,0,3.491948519e-05,0.0004751636297,0.310488224,0.008196784183,0.002380952472,0.003211296396,0.04812761769,0.003131946549,0.001610840671,0.003931399435,0.0003161425993,0.004761904944,0,0.0001777446887,0.0004968824214
45,0.002543466864,0.006638592109,0.008559563197,0.004361067899,0.03063082136,0.05223525688,0.005720189773,0.009617413394,0,0,1.425808387e-05,0.0002778680064,0,0,0,2.943296749e-05,0.002380952472,0,0,0,0,0,0,0,0,0,0,0,0,0,0,0,0,0,0,0,0,0,0,0,0,0,0,0,0,0,0,0,0,0,0,0,0,0,0,0,0,0,0,0,0,0,0,8.68822608e-05,0,0,0,0,1.348778915e-05,0,0,0,3.501726496e-06,0.0004564193659,0,0,0,0,0,0.000182778982,0,4.341678505e-05,0,0,0,0,0,0,0,0,0,0,0,0.2845951021,0.001475530327,0.002968092682,0.0001913941524,0.0006575061707,0.0001372271945,0.0005087123718,9.77023883e-05,6.671156007e-05,0.007374371402,0,0,0.002380952472,0,0,0.003600457916,0.002380952239,0.0005386818666,0,0.0006841984577,0,0,0,0.005743547343,0.1056164801,0,0,0,0,0,0.005010328256,0.8984206319,0.138629064,0.0005077360547,0.0005293320282,3.859318895e-05,0,0.3072344363,0.00863840431,0.002380952472,0.008772660047,0.02821494639,0.01069897506,0,0.008902023546,0.002380952472,0,0,0.0003741759283,0.000360625243
46,0.003197551705,0.002380952472,0.007987990975,0.003513903124,0.05007661507,0.04507395998,0.009546039626,0.005537114572,0,0,3.178240604e-06,4.964774416e-05,0,0,0.000169607476,5.651814718e-05,0.0007810555398,0,0,0.0004574079067,0,0,0,0,0.0008340155473,0,0,0,0,0,0.0004751253291,0,0,0,0,0,0,0,0,0,0,0,0,0,0,0,0,0,0,0,0,0,0,0,0,0,0,0,0,0,0,0,3.266500471e-06,9.027775377e-05,0,0,0,0,0,0,0,0,0,0,0,0.0001052046573,0,0,0,0,0,3.323533019e-05,0,0,0,0,0,0,0.0003566448577,0,0,0,0,0.1974093616,0.002611320466,0.004931698553,0.0004260069982,0.0002356419864,0.001241318998,0.002622177824,0.0001452847064,6.801753625e-05,0.007675888017,0,0,0,0,0,0.00216976204,0,0.0006578307366,0,0.0004007310199,0.0008372768643,0.001555100898,0,0.0007076650509,0.08850540966,0.002380952472,0,0,0,0,0.0127973957,0.8329167962,0.1658280939,0,0.002380952472,2.871360266e-06,0.0001097093627,0.3227835894,0.007189819124,0.002380952472,0.0009390942287,0.05064048991,0.007238541264,0.0001112702666,0.005909275264,0.000659985235,0,0,3.902394019e-05,0
47,0.003360341769,0.003013439011,0.01518776733,0.01163254585,0.04168115556,0.08562012017,0.001320550567,0.007301430218,0,0.0003974840802,2.45339811e-06,0.0001121160749,0,6.865221803e-05,0.0004265737953,2.885560752e-05,0.003834486939,0,0.002380952239,0.002380952472,0,0,0,0,0,0,0,0,0,0,0,0,0,0,0,0,0,0,0,0,0,0,0,0,0,0,0,0,0,0,0,0,0,0,0,0,0,0,0,0,0,0,0,0.0003431822406,0,0,0,0,0,0,0,0,0,0,0,0,0,0,0,0,0,0,0,0,0,0,0,0,0,0,0,0,0,0.2478599399,0.0006910593365,0.00214056205,6.359902909e-05,0.0001814623101,0.0001103337199,0.0005264970241,5.371477528e-05,1.233804414e-05,0.01288015675,0,0.002380952472,0.001029613311,0,0,0.008561483584,0,3.559103425e-05,0,2.487164602e-05,0.0001216883174,0,0,0.004115928896,0.09566885233,0.005297318101,0,0,0,0,0.02307610773,0.9062954187,0.1469475776,0,0.002380952472,0.0001454436278,0.0006809590268,0.3140268624,0.01028267201,0.005346055608,0.002666018205,0.05654520914,0.008818960749,0.002723965794,0.03255554661,0,0,0,3.628950435e-05,0.0005892636837
48,0.002594571328,0.00631579943,0.01019942109,0.003985385876,0.03824654594,0.07689632475,0.007085375953,0.005614061374,9.007140761e-06,0,1.460685053e-05,0.0006102515617,2.469241963e-06,0,0,7.871598791e-05,0,0,0.004761904944,0,0,0,0,0,0,0,0,0,0,0,0,0,0,0,0,0,0,0,0,0,0,0,0,0,0,0,0,0,0,0,0,0,0,0,0,0,0,0,0,0,0,0,0,0,0,0,0,0,0,0,0,0,0,0,0,0,0,0,0,0,0,1.660436828e-05,0,0,0,0,0,0,0,0,0,0,0,0.2644029856,0.0004365871428,0.0007481460925,8.42442023e-05,0.0002343269007,5.292220885e-05,0.0006893117097,2.447589395e-05,7.766050112e-05,0.01248649321,0,0,0,0,0,0.007664951961,0,2.461260192e-05,0,0.001365477801,0,0,0,0.005065890495,0.09255200624,0.004761904944,0.002380952472,0,0,0,0.01272576116,0.9260775447,0.1646142155,0.0008028278826,0.002380952472,4.05218816e-05,0.0004901803331,0.3121723533,0.01307365298,0.003975590691,0.001006252132,0.06118814647,0.02616541833,0.004761904944,0.02286318876,0.002695965581,0,0,6.780604599e-05,1.892699947e-05
49,0.003130531404,0.001215737197,0.0132282488,0.0150881568,0.03797244281,0.111401774,0.02171932347,0.01054554339,1.042021722e-05,0,0.000144843696,0.001294997521,0,0.0003428513883,0.0003783669381,9.212820441e-05,0,0,0,0,0,0,0,0,0,0,0,0,0,0,0,0,0,0,0,0,0,0,0,0,0,0,0,0,0,0,0,0,0,0,4.199808927e-07,0,0,0,0,0,0,0,0,0,0,0,4.691918093e-06,0.0001277948031,0,0,0,0,0,0,0,0,0,0,0,0,0,0,0,0,0,1.443020096e-06,0,0,0,0,0,0,9.367358143e-05,9.144629439e-05,0,0,1.156035796e-05,0.2556100488,0.001080221147,0.001023797784,0.0004656951933,0.0001318347058,9.691469313e-05,0.001310479129,5.832445459e-05,2.464978752e-05,0.01642625779,0.001872026711,0.00323647703,0,0.0006934828707,0,0.003359004389,0.01068483666,0.0001161581822,0,0.000242535607,0.0001986249263,0.01172769722,0,0.009008976631,0.1099751368,0.009947833605,0,0,0,0,0.0340622887,0.9342173338,0.1825859547,6.378410035e-05,0.002717726631,1.565009552e-05,0.0003211003786,0.3237984478,0.01150410343,0.011329039,0.004203008488,0.08092497289,0.02243449911,0.005883756559,0.02365557477,0.0004134618503,0.0009124631761,0,6.503900659e-05,0.0001811640686
50,0.003691047197,0.004788555671,0.01068643853,0.0060767252,0.04551308602,0.07546726614,0.01101398095,0.009545493871,5.368161965e-06,0,8.579549103e-06,0.0003266141284,0,0,0.0016729692,2.275096085e-05,0.0004058112972,0,0.001182713546,0.0006085583591,0.000917157915,0,0.002380952472,0,0,0,0,0,0,0.0003356495872,0,0,0,0,0,0,0,0,0,0,0,0,0,0,0,0,0,0,0,0,0,0,0,0,0,0,0,0,0,0,0,0,0,0,0,0,0,0,0,0,0,0,1.370154132e-05,0,0,0.0001338650764,0,0,0,0,0,0,0,0,0,0,0,0,0,0,0,0,2.263505303e-05,0.2487456053,0.0004301937588,0.001463425811,0.0004015347804,0.0001957775967,1.965169577e-05,0.0007937017945,0.0001055930625,1.817855446e-05,0.009537545964,0.002380952472,0,0,0,0,0.00546768913,0,4.041129796e-05,0,0,0,0.002380952472,0,0.004147014115,0.09919968247,0.0009419168346,0,0.002380952472,0,0,0.02578389831,0.9061633348,0.1604799479,0.0001791173563,0,4.432352216e-05,0,0.3292087018,0.01114329416,0.002149268752,0.001899319584,0.08348283917,0.01700443216,0.01455228403,0.01994123496,0.004018377047,0,0,0.0001666098397,2.012602999e-05
51,0.003278903896,0.00762408739,0.01226288453,0.01765471697,0.045064006,0.1162190735,0.03480563685,0.008200859651,1.517666192e-06,0,4.61267955e-05,0.0007896641619,1.847856402e-05,0,0.002811593236,4.367059228e-05,0.001165761612,0.0009627403342,0,0.001983944094,0.001396985957,0,0.001059481641,0,0.001378863817,0.0008774998714,0,0,0,0.000118335156,0,0,0,0,0,0,0,0,0,0,0,0,0,6.13304428e-06,0,0,0,0,4.199808927e-07,0,0,0,0,0,0,0,0,0,0,0,0,0,0,0,0,0,0,0,0,0,0,0,2.618750659e-05,0,0,0.0004410861002,0,0,0,5.588959175e-05,0,1.240186293e-06,0,0,6.590077646e-06,0,0,0,0,0,0,0,5.952422725e-06,0.2491816282,0.0009440198774,0.001351668732,0.0003953126434,9.688669525e-05,0.0001449710398,0.0009712302708,3.61446364e-05,2.790490362e-05,0.0151526574,0.0002467604936,0.002380952472,0.0008213162655,0.0009237203049,0.001272855792,0.003737104591,0.0004134752089,0.0001216935634,0,0.0003044143668,0.0001539465156,0.004625338595,0,0.003413420869,0.10704346,0.0131333489,0.0006708592991,0.0002434019407,0,0,0.05107085407,0.9146301746,0.1850387305,0.000512073806,0.002380952472,2.837545981e-05,3.255640695e-05,0.3186273277,0.01490109507,0.009121288545,0.001338767936,0.09079441428,0.04783611372,0.002950594062,0.04820062593,0.003685173113,0,0.0005931713968,2.804241194e-05,0.0001126179632
52,0.002822471317,0.002303701825,0.009904993698,0.009703406133,0.05449895561,0.1072137207,0.04059620947,0.009652657434,0,0,1.031604643e-05,0.000241638787,0,0.001311637694,0.002380952472,0.0003957378212,0,0,0,0,0,0,0,0,0,0,0,0,0,0,0,0,0,0,0,0,0,0,0,0,0,0,0,0,0,0,0,0,0,0,0,0,0,0,0,0,0,0,0,0,0,0,2.524348929e-06,1.016506121e-05,0,0,0,0,3.709671432e-07,0,0,0,0,0,0,0,0,0,0,5.554659765e-06,0,8.683306078e-06,0,0,0,0,0,0,0,0,0,0,5.04542877e-05,0.1824903339,0.01286061388,0.03398583084,0.008615214378,0.003288301639,0.005295600276,0.005920600146,0.002030350035,0.0004457781033,0.003600379918,0,0.002902158303,0,0.0002514419321,4.209059261e-05,0.01086782198,0,0.000174660745,0,3.420827125e-05,4.423427981e-06,0.0006203257362,0.000189288301,0.0006003602757,0.07472216338,0.01078860927,0,0,0,0,0.04355054349,0.8997827172,0.1647906303,8.872590115e-05,0.0006102767074,6.079054583e-05,9.335864161e-05,0.2738241851,0.008816176094,0.005593706388,0.003347535385,0.08186793327,0.02372466773,0.006374260411,0.02695984952,0.001419587526,0,0,0.0005104885204,5.809462891e-05
53,0.0007979369839,0,0.001188845607,0,0.02088218927,0.01107507478,0,0.001827603322,0,0,2.730736469e-06,0,0,0,0,0,0,0,0,0,0,0,0,0,0,0,0,0,0,0,0,0,0,0,0,0,0,0,0,0,0,0,0,0,0,0,0,0,0,0,0,0,0,0,0,0,0,0,0,0,0,0,0,0,0,0,0,0,0,0,0,0,0,0,0,0,0,0,0,0,0,0,0,0,0,0,0,0,0,0,0,0,0,0.03361671045,0.009523809887,0.0026378287,0,0,0.0009646378458,0.003648899728,0.002906082664,0,0.003067133715,0,0,0,0,0,0.0009957039729,0,0,0,0,0,0,0,0,0.0345671922,0,0,0,0,0,0.0009745912394,0.30997473,0.06531940401,0,0.0005020924727,0,6.265775301e-05,0.144835785,0.0006888545468,0.0003992813872,0.001152601559,0.01188031957,0.0006526416983,0,0.0002487109159,0,0,0,0,0
54,0.000240298672,0,0,0,0.006927500013,0.004761904944,0.002380952472,0,0,0,0,0,0,0,0,0,0,0,0,0.002380952472,0,0,0,0,0,0,0,0,0,0,0,0.001515068347,0,0,0,0,0,0,0,0,0,0,0,0,0,0,0,0,0,0,0,0,0,0,0,0,0,0,0,0,0,0,0,0,0,0,0,0,0,0,0,0,0,0,0,0,0,0,0,0,0,0,0,0,0,0,0,0,0,0,0,0,0,0.02524914593,0.000739765761,0.002380952472,0,0.002380952472,0,0,0,0,0.0004282718874,0,0,0,0,0,0,0,0,0,0,0,0,0,0,0.01585613191,0.0006226802361,0,0,0,0,0.007142857648,0.2203112394,0.03530034795,0,0,0,0,0.07792679965,0,0,0,0,0.001039704308,0,0,0,0,0,0,0
55,0.0001664130832,0,0.0002638944425,0,0.01236674748,0,0.002380952239,0.0002327473485,0,0,0,0,0,0,0,0,0,0,0,0,0.001210411545,0,0,0,0,0,0,0,0,0,0,0,0,0,0,0,0,0,0,0,0,0,0,0,0,0,0,0,0,0,0,0,0,0,0,0,0,0,0,0,0,0,0,0,0,0,0,0,0,0,0,0,0,0,0,0,0,0,0,0,0,0,0,0,0,0,0,0,0,0,0,0,0,0.02800907008,0.004761904944,0,0.001106344978,0,0,0,0.001023860066,0,0.0001841475605,0,0,0,0,0,0.001257618773,0,0,0,0,0,0,0,0,0.01183464192,0,0,0,0,0,0.002380952239,0.2363544554,0.02911516652,0,0,0,0,0.09645691514,0,0,0,0,0,0,0,0,0,0,0,0
56,0.0001656979875,0,9.036350821e-05,4.726961561e-05,0.002934249118,0.002380952472,0,0,0,0,0,0,0,0,0,0,0,0,0.002380952239,0.001167752664,0,0,0,0,0,0,0,0,0,0,0,0,0,0,0,0,0,0,0,0,0,0,0,0,0,0,0,0,0,0,0,0,0,0,0,0,0,0,0,0,0,0,0,0,0,0,0,0,0,0,0,0,0,0,0,0,0,0,0,0,0,0,0,0,0,0,0,0,0,0,0,0,0,0.01758826151,0.002380952472,0.003641619114,0,0,0,0,0,0.002380952472,0.003165781731,0,0,0,0,0,0,0,0,0,0,0,0,0,0,0.01295923255,0,0,0,0,0,0,0.2651192844,0.0347819142,0,0,0,0,0.08888515085,0.004761904944,0,0,0.002380952472,0,0,0.002380952472,0,0,0,0,0
57,0.0001662084833,0,0.0007404226926,4.663894651e-05,0.01796906069,0.007810399402,0.004140271805,0.000337188103,0,0,0,0,0,0.0002285054507,0,0,0.0008825205732,0,0.002488918137,0.001637208625,0.000773681968,0.0001705105678,0,0.002869673073,0,0,5.807890193e-05,0,0,0.0001250929345,0,0,9.533410048e-05,0,0,0,0,0,0,0,0,0,0,0,0,0,0,0,0,0,0,0,0,0,0,0,0,0,0,0,0,0,0,0,0,0,0,0,0,0,0,0,0,0,0,0,0,0,0,0,0,0,0,0,0,0,0,0,0,0,0,0,0,0.06526143849,0.007142857648,0.002380952472,0.004761904944,0.001286773244,0,0,0.0009657852934,0,0.00153996353,0,0,0,0,0,0.001012408058,0,0,0,0,0,0,0,0.0001346424251,0.01695278473,0,0,0,0,0,0.003633505432,0.4397314191,0.06735351682,0,0,0,4.864106813e-05,0.1453560144,0.001685724594,0,0.0001751940435,0.01339655556,0.0003631205182,0,0.0004052250588,0.0001064875905,0,0,0,0
58,0.001985942014,0.001848922577,0.004295691848,0.001345827826,0.03580213338,0.07810890675,0.01516263466,0.005112258252,0,0,9.047588719e-06,7.45788293e-06,0,0.001034366782,0.007142857648,1.517640794e-05,0,0.0006050508819,0.0007746052579,0.0003340707044,0.0007764280308,0.001632004045,0,0,0,0.0003447154013,0,0.0001158575906,0.0001108404904,0,0,0,0,0,0,0,0,0,0,0,0,0,0,0,0,0,0,0,0,0,0,0,0,0,0,0,0,0,0,0,0,0,4.487355e-06,5.815786039e-07,0,0,0,0,0,0,0,0,0,0,0,0,0,0,0,0.0001332710526,0,2.589246105e-05,0,0,0,0,0,0,0.0001998830703,0,0,0,0,0.1383488774,0.03305958211,0.02481985465,0.01566433348,0.01806594804,0.006935185753,0.01412135269,0.01017092913,0.003628366394,0.00217751204,0,0.0003034429974,0,0,0,0.01715718396,4.260071728e-05,0.000239466608,0,2.081540879e-05,1.392360264e-05,0.0006193126901,0,0.0002107885666,0.04188843071,0,0,0,0,0,0.04372371733,0.8703890443,0.1594742984,0.0001702243753,0.0003870726505,0.0001609785395,5.164907634e-05,0.1916304529,0.005450197496,0.003131897189,0.002300600521,0.07475935668,0.01313063223,0.008784918115,0.01197073702,0.001862668549,0.0001010394553,0,4.057680053e-05,7.417875167e-06
59,0.0003160380584,3.764430221e-05,0.0004696212418,0.000361445389,0.03423471749,0.07658799738,0.005839758553,0.0005192894605,1.478075973e-07,1.324001914e-06,0,3.537503062e-06,3.598527428e-06,0.0001042296062,0,1.096764845e-05,0.001222038874,0.0006403744337,0.001235219068,0.00234049093,0.001620907453,0.002662887098,0.0004660298582,0,0.0003103450872,0.0007466827519,0,0,9.589313413e-05,0.0002245389915,2.506310739e-05,0,0,0,0,2.819735528e-05,0,0,0,0,0,0,0,0,0,0,0,0,0,0,0,0,0,0,0,0,0,0,0,0,0,8.656775026e-05,7.708363228e-06,0,0,0,0,0,0,0,0,0,0,0,0,0,0,0,0,0,0,1.047502701e-05,0,0,0,0,0,0,4.622693086e-05,9.58930741e-06,0,0,0,0.1799017489,0.03562005609,0.03903351724,0.0200114511,0.01834637672,0.004143144935,0.005372595973,0.00731045194,0.003495084587,0.001125681214,2.018887608e-05,4.019522385e-05,3.338859187e-06,9.135177947e-07,0,0.004551072139,0,0.0002968567715,0,1.674738633e-05,7.955691217e-06,5.979091657e-05,0,9.113491978e-05,0.02057611383,1.469335621e-05,0,0,0,0,0.00940375682,0.8680764437,0.1180979535,2.816393135e-05,0.0005243094638,0.0001425980445,0,0.1712279469,0.005251629278,0.002480245661,0.001265525469,0.04975262657,0.001375003252,0.002175629605,0.006452920381,0.0002099579142,9.771009354e-05,0,0.0005427423166,1.924878416e-05
60,0.004962569568,0.001877466915,0.006078819744,0.004069535062,0.05672656372,0.03981236741,0.005628873128,0.006468901411,0,0,0,0.0001137294967,0,0,0.002217025263,0,0,0,0,0.002099702368,0.005834855605,0,0,0,0,0,0,0,0,0,0,0,0,0,0,0,0,0,0,0,0,0,0,0,0,0,0,0,0,0,0,0,0,0,0,0,0,0,0,0,0,0,0,0,0,0,0,0,0,0,0,0,0,0,0,0,0,0,0,0,0,0,0,0,0,0,0,0,0,0,0,0,0,0.1392914355,0.005146065261,0.005487304647,0.001616255264,0.001014678623,0.002025790978,0.0003407720651,3.031801862e-05,3.242315506e-05,0.007737905718,0.002380952472,0,0,0,0,0.004167338368,0,0.0005782928201,0,0.0004021592904,0,0,0.000209297621,0.004761904944,0.09034942091,0,0,0,0,0,0.01160363015,0.7405537963,0.1195615828,5.724269795e-05,0,0,0,0.267427206,0.0139549356,0.004702493083,0.001586762723,0.03075841069,0.007357365452,0,0.00393359689,0,0,0,0.0004773700493,0
61,0.001053984161,0,0.001350832055,4.298567364e-05,0.006776704919,0.01525043324,0.002380952472,0.0007757776766,0,0,0,0,0,0.001181975473,0,0,0,0,0,0,0,0,0,0,0,0,0,0,0,0,0,0,0,0,0,0,0,0,0,0,0,0,0,0,0,0,0,0,0,0,0,0,0,0,0,0,0,0,0,0,0,0,0,0,0,0,0,0,0,0,0,0,0,0,0,0,0,0,0,0,0,0,0,0,0,0,0,0,0.002380952472,0,0,0,0,0.04854829982,0.002380952472,0.009523809887,0.002380952472,0,0.001893505221,0.004761904944,0.007133837324,0,0.001914878143,0,0,0,0,0,0.00412671268,0,0,0,2.02401352e-05,0,0,0,0,0.02193806134,0.0007867089589,0,0,0,0,0.002380952472,0.3660776317,0.05388789624,0,0,0,0,0.1097728834,0.001591401175,0,0.0006019032444,0.01070898678,0.002380952472,0,0.002941257088,0,0,0,0,0
62,0.002686412772,0.0002889845055,0.006128884852,0.0109595079,0.0424949564,0.06378245354,0.01695469581,0.006679437123,2.869843047e-05,0,1.521713421e-05,0.0001426557719,0,0.000632571755,0,0.0001237544202,0.007142857648,0,0,0.004719718825,0,0,0,0,0,0,0,0,0.0002224656928,0,0,0,0,0,0,0,0,0,0,0,0,0,0,0.001152896555,0,0,0,0,0,0,0,0,0,0,0,0,0,0,8.656775026e-05,0,0,0,0,0,0,0,0,0,0,0,0,0,0,0,0,0,0,0,0,0,0,0.0001696321706,0,0,0,0,0,0,0.001210396993,0,0,0,4.984788029e-05,0.1342533678,0.01336360443,0.01776945591,0.005376868416,0.01135063358,0.001116946107,0.001727149123,0.00478532631,0.0009386212914,0.002245724667,0.0002901180997,0.00138276408,0,0.0001747709903,0,0.01133509632,0.0002170540829,0.0002175609407,0,0.0001020599375,0,0.0002646268695,0,0.0004874260048,0.0667790398,0.001808297122,0,0,0,2.333962584e-05,0.03191220015,0.7703376412,0.1522725523,4.370545867e-05,0,5.194456207e-06,7.609365275e-05,0.2452692091,0.01108442433,0.006525810342,0.0009626667015,0.06033361703,0.01687660068,0.004761904944,0.01012630388,0.0003112171835,0.0002250988618,0,0.002524260664,0
63,0.006898420863,0.00620550802,0.01248885505,0.01723558828,0.05300406739,0.1328453869,0.05401729047,0.009497537278,3.080761189e-06,0,9.672085434e-05,0.0004337678838,5.837976641e-05,0.0004048967385,0.002296310384,0.0002128152701,0.002124767751,0.002380952472,0.003664382501,0.001460048021,0.001645658864,0.002380952239,0.0004763441393,0.001658861293,0,0.001685482101,0,0,0,0,0,0,0,0,0,0,0,0,0.004761904944,0,0,0,0,0,0,3.266500471e-06,0,0,4.691918093e-06,0,0,2.524348929e-06,0,0,0,0,0,4.487355e-06,7.708363228e-06,0,0,0,0,3.392308599e-06,0,0,0,0,0,6.070184099e-05,0,0,6.962789485e-05,0,1.810614094e-07,0.0005042122211,0,1.071274255e-05,0,0.0001245711028,0,5.278272965e-06,0,0,0,0,0,7.342174649e-05,0.002542857314,8.445115236e-05,0,7.494682905e-06,0.0001523254759,0.2001746893,0.00942324847,0.01704970747,0.002377613215,0.002074228832,0.00223753578,0.004906418733,0.0009317178628,0.0002081631683,0.007922805846,0.001566484454,0.008759954944,0.001188726746,0.0005629075458,0.0001977328939,0.01011156477,0.001755760517,0.000241841859,0.0003299243108,9.394216613e-05,8.637237624e-05,0.005034813657,0,0.003687461605,0.0889865905,0.01329575572,0,0.0006450475194,5.991405123e-05,0,0.08188491315,0.9058440328,0.1799246669,0.0003881565062,0.002572030528,0.0002087520115,0.0006053060642,0.313901484,0.01560267247,0.01112422068,0.003431071294,0.1275514066,0.04246874899,0.02384978719,0.06857886165,0.005265079904,0.003158996347,0.0001385850337,0.0001579886593,6.891300291e-05
64,0.003972448409,0.003417211818,0.009292978793,0.01019175909,0.04709877819,0.1504570246,0.09892330319,0.007677109912,3.815857781e-06,6.358998507e-05,0.000104908213,0.0002486033773,0.0001287827617,0.003973749932,0.005717774853,0.0002161629382,0.0009999335743,0.002408550587,0.001058706781,0.003908162471,0.001036261558,0.0008179965662,0.0004101796949,0,0.0003791610943,0,3.140381523e-05,0,0.0002357441554,0,0,0,0.0004528069112,0,0.0002520394919,0,0,0,0,0,0,0.0009283331456,0,2.860952918e-05,8.68822608e-05,9.027775377e-05,0.0003431822406,0,0.0001277948031,0,0,1.016506121e-05,0,0,0,0,0,5.815786039e-07,0,0,0,0,3.392308599e-06,0,9.963754565e-06,0,0,0,6.238263722e-06,5.044252589e-07,0,0.001124427072,0.0004991705646,5.87802424e-06,0,0.0002548427146,3.313100751e-05,0,0,1.976922431e-05,6.397013294e-06,1.549803528e-05,0,5.063458957e-05,5.374170996e-06,0,0,0.0001427895913,0.001964079216,3.190729331e-05,0,0.0002381921659,0.0002132917289,0.1924512237,0.04932722822,0.08630409837,0.01657881774,0.01891588047,0.01012815628,0.02256651781,0.00627809437,0.003660210408,0.003483043984,0.0007420966867,0.0007435905864,0.001137408894,0.0001118301443,1.093074934e-05,0.02235125378,0.001176958787,0.0003691523452,2.18154546e-05,4.807678488e-05,3.412287697e-05,0.001479492057,1.606683873e-05,0.002012061886,0.06771346182,0.006670270115,0.003405230818,0.000525699812,3.367607496e-05,0,0.1076504514,0.9241400957,0.1828509569,0.0003461637534,0.003136079293,0.000194336666,0.0002080974227,0.2468997538,0.008146040142,0.006025505718,0.003429120407,0.1213731617,0.02596369199,0.01413273625,0.05890836194,0.002172434004,0.0008799882489,0,0.0006614109734,8.18227636e-05
65,5.067406164e-05,2.035043872e-05,0.0001179223036,0,0.03001714498,0.01457387768,0,0.000348684378,0,0,0,2.995969453e-06,0,0,0,0,0,0,0.0007125783013,0.0004935688921,0,0,0,0,0,0,0,0,0,0,0,0,0,0,0,0,0,0,0,0,0,0,0,0,0,0,0,0,0,0,0,0,0,0,0,0,0,0,0,0,0,0,0,9.963754565e-06,0,0,0,0,0,0,0,0,0,0,0,0,0,0,0,0,0,0,0,0,0,0,0,0,0,0,0,0,0,0.07708203793,0.002380952472,0.004761904944,0,0.001258204109,0,0.004761904944,0.000682078884,0,0.006069226656,0,0,0,0,0,0.0004862837377,0,6.443342136e-05,0,0,0,0,0,0,0.01465913374,0.0001113093895,0,0,0,0,0.002380952472,0.5847735405,0.07313732058,0,0,0,0,0.1691045165,0.002687032567,0.001259473735,0.0003902678727,0.004116902128,0.0003389965568,0,0.0003203894303,0,0,0,0,0
66,0.0001642152056,5.340711141e-05,0.0001498144702,0,0.01987601258,0.02453835681,0,0.0001087352066,0,0,0,4.273398417e-07,0,0,0,0,0.0003312177723,0.001174867852,0.0001235745003,0.001541065983,0.0007701773429,0.0005757390172,0.000119070537,0,0.0002882779518,0,0,0,0.0001589934982,0,0.000129378881,6.830703205e-05,0,0,0,0,0,0,0,0,0,0,0,0,0,0,0,0,0,0,0,0,0,0,0,0,0,0,0,0,0,0,0,0,0,0,0,0,0,0,0,0,0,0,0,0,0,0,0,0,0,0,0,0,0,0,0,0,0.001097377506,0,0,0,0,0.1005531698,0.0142857153,0.002380952472,0.002380952472,0,0.002891035518,0.003616926959,0.0008998565609,0.002380952472,0.003758856561,0,0,0,1.156737017e-05,0,0.003834393807,0,0.0004249558842,0,0,0,0,0,0,0.02044861577,0,0,0,0,0,0.01336768083,0.6911965609,0.06975646317,0,0,0,0,0.2353348434,0.002016130602,0.001631750958,0.0001585851714,0.007888206281,1.37309371e-05,0.002607733477,0.0008254350396,0,0,0,0,0
67,0.003454870079,0.006178743672,0.009496885352,0.005524799693,0.03387160599,0.03812530637,0.01293645613,0.004819293041,0,0,1.495304241e-05,0.0001387540105,0,0,0,0,0,0,0,0,0.002380952472,0,0,0,0,0,0,0,0,0,0,0,0,0,0,0,0,0,0,0,0,0,0,0,0,0,0,0,0,0,0,0,0,0,0,0,0,0,0,0,0,0,0,0,0,0,0,0,0,0,0,0,0,0,0,0,0,0,0,0,0,0,0,0,0,0,0,0,0,0,0,0,0,0.09892265499,0.00976283662,0.01205022261,0.001406215248,0.006185283884,0.004838571418,0.005186349619,0.003730674973,0.002380952472,0.0008448168519,0,0,0,0,4.382567931e-05,0.007491553668,0,0.0002924892178,0,9.281913663e-06,0,0.002380952472,0,0.0004547945573,0.05522492155,0.004761904944,0,0,0,0,0.01473951526,0.5960205793,0.1184564307,4.201351112e-05,0.002101215767,0,0.0004744488979,0.1704823673,0.0004981550737,0.002613008488,0.0007417389425,0.02873656526,0.001038702088,0,0.003803067608,0,0,0,0.0001327804785,0.000500969647
68,0.0008043539128,0,0.002234668005,0.001601182739,0.03372297809,0.04336256534,0.01026822999,0.001951981219,0,0,9.792221135e-06,0,0,0.0008881384274,0.001139945351,5.85509224e-06,0,0,0,0,0,0,0,0,0,0,0,0,0,0,0,0,0,0,0,0,0,0,0,0,0,0,0,0,0,0,0,0,0,0,0,0,0,0,0,0,0,0,0,0,0,0,0,0,0,0,0,0,0,0,0,0,0,0,0,0,0,0,0,0,0,0,0,0,0,0,0,0,0,0,0,0,0,0.08495017141,0.02133390121,0.00317509356,0.001071009901,0.01166944299,0.001075958018,0.0009312009788,0.00412323419,0.0003430086654,0.001844041282,0.0006515886635,0.0001441837667,0,0,0,0.004458089359,0,0.0002934190561,0,0,0,0,0,0.0002634762495,0.03421192244,0,0,0.000144719379,4.060529318e-05,0,0.02004005201,0.7070616484,0.1090563983,0,0,0,1.495713968e-05,0.167696476,0.003012613859,0.0002675553842,0.00216106209,0.03668387607,0.00321829645,0,0.00546023529,0,0.0005327211693,0.0007924040547,0,0
69,0.002476319671,0.0004743848112,0.00461801514,0.002951720962,0.04569313675,0.1026563197,0.01595443673,0.007196391933,0,0,1.235459513e-05,5.787755072e-05,0.000109500681,4.196425289e-05,0.0005936936941,8.27029653e-05,0.0005143321468,0,0,0.001021852368,0.002291571582,0,0,0,0,0,0,0,0,0,0,0,0,0,0,0,0,0,0,0,0,0,0,0,1.348778915e-05,0,0,0,0,0,0,3.709671432e-07,0,0,0,0,0,0,0,0,0,0,0,6.238263722e-06,0,0,0,0,0,0,0,0,2.601299684e-06,0,0,0,0,0,0,2.209127888e-05,0,1.447691011e-05,0,0,0,0,0,0,0,0,0,2.084751759e-05,2.92109944e-05,0.1706027836,0.01609511487,0.02784282155,0.001049352111,0.001746339491,0.0008912190679,0.006742628757,0.00119195343,0.0002284712828,0.004283512942,0.001329292427,0.0003837661643,0.0004149013839,0,1.064114258e-05,0.01022259332,0,0.0002050262556,0,4.083871681e-05,0,0.0001170460091,0,0.002317448147,0.07508476079,0.000279664644,0.0003086910583,0,0,0,0.01672699675,0.8981450796,0.1735938936,0.0009314611088,0,0.0001125142007,6.244058022e-05,0.2928762138,0.006764543243,0.001491597039,0.001091051963,0.05091254413,0.001586817089,0.001106755459,0.002895938233,1.630572478e-05,3.338978786e-05,0,0.0002056387311,8.103228174e-05
70,0.0009772130288,0.0008061435074,0.001880739816,0.001668512588,0.04103147984,0.065583691,0.01531737484,0.003515962046,0,0,1.734753823e-05,0.0002545265015,0.0003005304898,0.00125541212,0.002380952472,0.0003465332557,0,0,0,0.001474773511,0,0,0,0,0,0,0.002380952472,0,0,0,0,0,0,0,0,0,0,0,0,0,0,0,0,0,0,0,0,0,0,0,0,0,0,0,0,0,0,0,0,0,0,0,6.070184099e-05,5.044252589e-07,0,0,0,0,0,0,0,0,0.002754757646,0,0,5.940100164e-05,0.000678699289,0,0,9.107259871e-07,0,3.229933327e-06,0,0,0,0,0,0,0.0001912776934,0,0,0,1.398571271e-06,0.1722634584,0.02856784128,0.02488869615,0.01407122333,0.01185258292,0.003295289353,0.01630101912,0.01218765881,0.004914951976,0.001806489658,0.0001963665563,0.0004417837772,0,8.479116332e-06,0,0.01582201757,2.610430784e-05,0.0002581133158,0,2.268023309e-05,0,0.0004799541493,3.018411553e-05,0.0005097343237,0.04349396378,4.112034003e-05,0,0,0,0,0.02505146153,0.8668467402,0.129668504,0,8.663218614e-05,0.0001368770027,4.379138772e-06,0.1860962659,0.003925832454,0.003901811549,0.001121978392,0.04668486491,0.00225809426,0.001326874131,0.007615741342,6.821522402e-05,2.385444532e-05,0,0,1.121608693e-05
71,0.000115957504,3.118486575e-06,9.357400268e-05,1.94403292e-05,0.0303666126,0.05159819126,0.01524229813,0.0004220858391,0,0,1.312970539e-06,0,0,0,0.0001494240569,1.121816422e-05,8.138777775e-05,0,0.001115403022,0.000650866481,0.0009871387156,0.0006667539128,0,0.002380952472,0.0009556470322,0.0001255967363,0.0003379374102,0,0,0.0002228421945,0.0003396867833,0.0002115209063,0,0,0,0,0,0.001316703041,0,0,0,0,0,0,0,0,0,0,0,0,0,0,0,0,0,0,0,0,0,0,0,0,0,0,0,0,0,0,0,0,0,0,0,0,0,0,0,0,0,0,0,0,0,0,0,0,0,0,0,0,0,0,0,0.1728531569,0.009003872983,0.009449540637,0.009656428359,0.0006164754741,0.00479504047,0.000792510109,0.001012544264,0.0003657891357,0.003042689525,0,1.229883674e-05,0,0,0,0.00133586477,0,5.749426418e-05,0,1.260287718e-05,0,0,0,0.0004756157286,0.01441378053,8.13977822e-05,0,9.694325627e-07,0,0,0.0115592666,0.8286027908,0.08292447031,0,0,0,0,0.2302013487,0.006062074099,0.0009674094035,0.0001614908833,0.01259856764,0.0001599527313,0.0002147891355,0.0003222305386,1.516079237e-06,0,0,7.315557741e-05,0
72,0.002740768716,1.861439159e-05,0.0002311985445,0.0004775596317,0.06910973042,0.004415808246,0,0.000344875647,0,0,0,0,0,0,0,0,0,0,0,0,0,0,0,0,0,0,0,0,0,0,0,0,0,0,0,0,0,0,0,0,0,0,0,0,0,0,0,0,0,0,0,0,0,0,0,0,0,0,0,0,0,0,0,0.001124427072,0,0,0,0,0,0,0,0,0,0,0,0,0,0,0,5.531343049e-05,1.462257569e-05,0.0003214570461,0,9.056467388e-05,0,0,0,0,0,0,0,0.0004965867265,0,0.1572267115,0.03817510605,0.02748707309,0.0178534314,0.01902103238,0.00924032554,0.01461248565,0.02085513622,0.008105685003,0.003874638351,0,0.002380952472,0.004761904944,0,0,0.02074550092,0,0.005743149202,0,0.0002545867465,0,0.002380952239,0,0.003148833988,0.008162339218,0.004068874754,0,0,0,0,0.0002419258672,0.5932143331,0.05731289089,0.001397264656,0,0.002728771418,0.0001481496001,0.2547001839,0.004761904944,0.003480429528,0.01702514291,0.0003857135889,0,0,2.64121627e-06,0,0.001779568731,0,0.0001184272915,0.0002801614173
73,0.006740997545,0.003539198311,0.00344193331,0.002197100082,0.06908045709,0.04142118618,0.002980185207,0.003039607778,4.36573373e-06,0,6.417158602e-06,6.755144568e-05,1.086388011e-06,7.277858458e-07,2.23345196e-05,1.808244815e-05,0.009245403111,0.0007658512914,0.002760425443,0.00350677222,0.002869849093,0.001186433714,0,0,0.0007163292612,0.002074896824,0.0001186331938,0,0,0.0001167945957,0.0001975286432,0,0,0,0.00110267417,0,0,0,0,0,0,0,0,0,3.501726496e-06,0,0,0,0,1.370154132e-05,2.618750659e-05,0,0,0,0,0,0,0,0,0,0,0,6.962789485e-05,0.0004991705646,0,0,0,0,2.601299684e-06,0.002754757646,0,0,0,2.565952127e-05,0,0,0,0,0,0.0001262090664,0,0.0001934387401,0,0,0,0,0,0,0,0,0,0,0.0002067220485,0.2774609029,0.0150841726,0.03023262136,0.001893240027,0.003212463344,0.002796638291,0.008366663009,0.001482204883,0.000547714706,0.008904177696,0,0.003153665457,0.002380952472,0.002380952472,0.0003497426515,0.03482023254,0,0.001016991329,0,0.001034587971,0.0003032442473,0.003388496349,0.0003549367539,0.005171311554,0.08265030384,0.003005474107,0,0,0.0001470991556,0.0003917957947,0.01190880965,0.8854729533,0.1943393201,0.00301837502,0.000622986292,0.000603369379,0.0006352379569,0.346981436,0.008360039443,0.003857739968,0.01221685018,0.05488224328,0.001817156328,0.004761904944,0.002062454587,0,0.0006898720167,0.0003902736353,0.002162772464,0.0002673177514
74,0.003112428123,0,0.004004301969,0.005016507115,0.02927961946,0.06883917004,0.01108667534,0.005957643501,5.751291155e-06,0,2.024273817e-05,0.0002452410699,0,0.0003939197341,0.00174405775,0.0004840837792,0.002916620113,0,0,0.0005741945351,0,0,0,0,0,0.0008502281271,0,0,0,0,0,0,0,0,0,0,0,0,0,0,0,0,0,0,0.0004564193659,0,0,0,0,0,0,0,0,0,0,0,0,0,0,0,0,0,0,5.87802424e-06,0,0,0,0,0,0,0,0,2.565952127e-05,0,0,0,0,0,0,5.486757073e-05,0,6.377747195e-05,0,0,0,0,0,0,0.0004139556841,0,0,0,6.287370343e-05,0.09199168533,0.01858253032,0.0220677387,0.008522373624,0.007571173366,0.004139267374,0.01007562596,0.00505453581,0.0002529424091,0.003684134921,0,0.0008679956081,0,0,0,0.005589146633,0,4.90676066e-05,0.0001760629384,4.148679e-05,2.720609518e-05,0.0009041891317,0,0.0005122303264,0.04843956977,0.0003105610085,0.001398673048,0,0,0,0.02847180702,0.7228129506,0.1247579455,0.0002714189177,0,0.000134204136,0,0.2006097734,0.003500954481,0.006021767389,0.002804717049,0.05299100652,0.009804904461,0.0006834954256,0.009368378669,0,0,0.0001579569507,0.0004267010954,3.158541585e-05
75,0.004269029945,0.00234213192,0.008566330187,0.009113044478,0.05108082667,0.1034500226,0.02465512045,0.007439908106,3.651644192e-06,3.260042649e-05,1.689104829e-05,5.66732233e-05,1.083021107e-05,0.0001188039751,0,5.317174146e-05,0,0.00132543128,0.0003763177083,0,0.001129517215,0.0005854188348,0,0,0.001337901223,0,0,0,0,0,0,0,0.001029599574,0,0,0,0,0,0,0,0,0,0,0,0,0,0,0,0,0,0,0,0,0,0,0,0,0,0,0,0,0,1.810614094e-07,0,0,0,0,0,0,0,0,0,0,0,0,0,0,0,0,0,0,3.333858695e-05,0,0,0,0,0,0,0,0,0,0,0,0.1724872589,0.02141798101,0.02203899808,0.001796163153,0.003573887283,0.004040880129,0.002415545285,0.000706477731,0.0002548016782,0.01044382248,0,0.00170560996,0.0004373075499,0,0,0.006841010414,0,9.05893321e-05,0,2.796586341e-05,0,0,0,0.001241163234,0.0778586939,0.002389431931,0,0.000540882058,0.002380952472,0,0.03809513152,0.8312615752,0.1499086469,0.0001491012372,0.0008583411691,3.804427979e-05,0.0002380288206,0.278931886,0.01230899896,0.005170897115,0.001786088455,0.08154439926,0.02085891925,0.009015630931,0.0263616778,0.0002789045393,0,0,2.72681591e-05,3.976032167e-05
76,0.00046805272,0,4.663096843e-05,1.140679251e-05,0.09131289274,0.008891469799,0,0.001551329275,1.823398452e-05,0,0,0,0,0,0,0,0,0,0.001269255998,0.0001387069351,0,0,0.002380952472,0,0,0,0,0,0,0,0,0,0,0,0,0,0,0,0,0,0,0,0,0.0001171422919,0,0.0001052046573,0,0,0,0.0001338650764,0.0004410861002,0,0,0,0,0,0,0,0,0,0,0,0.0005042122211,0.0002548427146,0,0,0,0,0,5.940100164e-05,0,0,0,0,0,0,0,0,0,0.0001994080376,0,0.0004607302253,0,0,0,5.34179344e-05,1.69336829e-07,0,0,0,0,0,0.0005555269308,0.1590830684,0.04085948691,0.02777459472,0.02046741545,0.03195753321,0.01359182689,0.02929271385,0.03521073982,0.009975779802,0.009599284269,0,0,0.003296375973,0.0008032069891,0,0.02371915244,0,0.009117215872,0.002380952472,0.0008803603705,0,0.000571444747,0.0001447097311,0.005609050859,0.009168538265,0,2.628346692e-06,0,0,0,0.000216073764,0.6022444963,0.05832536146,0.002387344837,6.434577699e-06,0.001671008999,0.0001768245274,0.2168206573,0.01070220489,0.005387020763,0.02498707362,0.0001277594565,8.565409189e-06,0,0,0,0.0002017492807,0,0.001167695271,2.474193025e-05
77,8.180083387e-05,1.741252345e-05,3.640228897e-05,0,0.03562187776,0.004761904944,0,0.0009734243504,0,0,0,0,0,0,0,0,0.0002269087418,0,0.0007146719145,0,0.002380952472,0,0,0,0,0,0,0,0,0,0.0004546678392,0,0.002380952239,0,0,0,0,0,0,0,0,0,0,0,0,0,0,0,0,0,0,0,0,0,0,0,0,0,0,0,0,0,0,3.313100751e-05,0,0,0,0,0,0.000678699289,0,0,0,0,0,0,0,0,0,0,0,0,0,0,0,0,0,0,0,0,0,0,0,0.1258826405,0.005418195855,0.003136664396,0.008348454721,0.004761904944,0.001431366196,0.007142857648,0.00985161867,0.001031916705,0.003145182505,0,0.004761904944,0,0,0,0.006161091849,0,0.0004434685688,0,0,0,0,0,0.0002858432126,0.005810824689,0,0,0,0,0,0.0005757597974,0.3609816134,0.06397774071,0,1.169481129e-05,0.001091230777,0,0.1147277206,0.003311293898,0.002380952472,0,0.0009510408272,0,0,0,0,1.527156928e-05,0,0,0
78,2.101901555e-05,0,3.9108294e-05,0,0.03748385981,0,0,0.0002357071498,0,0,0,0,0.0003218437778,0,0,0,0.0005566360196,0,0,0.0009003324085,0.00131631142,0,0.002380952472,0,0,0,0.0001340823364,0,0,0,0,0,0,0,0,0,0,0,0,0,0,0,0,0,0,0,0,0,0,0,0,0,0,0,0,0,0,0,0,0,0,0,1.071274255e-05,0,0,0,0,0,0,0,0,0,0,0,0,0,0,0,0,0,0,0,0,0,0,0,0,0,0,0,0,0,0,0.155243367,0.01470181625,0.008605108596,0.009523809887,0.00587699702,0.001107449178,0.01802542433,0.01038852986,0.005465356633,0,0,0,0.0007811592659,0,0,0.006809054874,0,0.0005774838501,0,0,0,0.0001269722998,0,0.001347251469,0.005743878428,0,0,0,0,0,6.519166163e-06,0.4440018237,0.06670793146,0,3.983566785e-06,0.000190436811,0,0.1496040523,0.002380952472,0.0007457973552,0.0008909285534,0.000682030688,1.023558798e-05,0,0,0,0,0,0,0
79,8.842172247e-05,0,7.909494161e-05,8.982241707e-05,0.0363798365,0.007208369207,0,0.001079592737,0,0,0,0,0,0,0,2.726148705e-05,0,0,0,0.0006974759162,0.0004325309128,0.0005049954634,0,0.002380952472,0,0,0,0,0.0004640408442,0,0,0,0,0,0,0,0,0,0,0,0,0,0,0,0,0,0,0,0,0,0,0,0,0,0,0,0,0,0,0,0,0,0,0,0,0,0,0,0,0,0,0,0,0,0,0,0,0,0,0,0,0,0,0,0,0,0,0,0,0,0,0,0,0.1322913319,0.007142857648,0.002380952239,0,0.002544426825,0.002380952472,0,0.001566311345,0,0.00708086649,0,0,0.0001080188667,0,0,0.00258258963,0,9.083958139e-05,0,0,0,0,0,0,0.01608072035,0,0,0,0,0,0,0.6631541252,0.08024998754,0.002380952472,0,0.0004498870694,0,0.1885043979,0.002970479894,0,0.0002005051792,0.002997376025,0,0,9.275387129e-05,0,0,0,0.0001302529126,0
80,0.002749558305,0.001109280856,0.006184251048,0.005953258835,0.05944526196,0.1095090285,0.02132545784,0.006132309325,6.216197107e-06,0,0.0002914900542,0.0004884709488,6.507624494e-05,0.0001427703246,0.003381563816,0.0004927345435,0.0002411103342,0,0.001206289046,0,0.00437818747,0,0,0,0,0.001604995923,0,0,0.002380952472,0,0,0,0,0,0,0,0,0,0,0,0,0,0,7.095311594e-05,0.000182778982,0,0,0,0,0,5.588959175e-05,5.554659765e-06,0,0,0,0,0,0.0001332710526,0,0,0,0,0.0001245711028,1.976922431e-05,0,0,0,0,2.209127888e-05,9.107259871e-07,0,5.531343049e-05,0.0001262090664,5.486757073e-05,0,0.0001994080376,0,0,0,0,2.345542043e-06,3.388503728e-06,0,0,0,0,0,0,2.033621786e-05,0,0,0,6.432906048e-07,0.2441417426,0.02543393895,0.03884752095,0.01345682796,0.009749753401,0.001860537915,0.00985688623,0.005064895377,0.002014335012,0.004073644057,0.001664342359,0.000795032829,0.003437644104,0,3.19258811e-06,0.01208198722,0,0.0003008102067,0,3.054901026e-05,2.019708336e-05,0.002716251882,4.21971672e-05,0.001072842628,0.06308463216,0.002839575987,0,0.000146083592,2.96094845e-06,3.121532791e-05,0.02745419368,0.9200717807,0.1573048383,0.0009272337775,0.00139108079,0.0001054174791,5.151496225e-05,0.247877568,0.007762524765,0.003681063885,0.002718108241,0.08893016726,0.010372499,0.00255162688,0.009454716928,0.0009511827957,0.0006705381093,0.0001767721842,7.51472835e-05,4.139275006e-06
81,3.00757074e-05,0,3.275527706e-05,6.485079211e-06,0.05692639202,0.02181793936,0,0.0003158152686,0,0,1.330520604e-06,0,0,0,0,6.970667528e-06,0,0,0.0009644830716,0.00136880856,0.003196830628,0.0007574091433,0,0,0,0.001173958532,0,0,0,0.000318034814,0,0,0,0.002380952472,0,0,0,0,0,0,0,0,0,0,0,0,0,0,0,0,0,0,0,0,0,0,0,0,0,0,0,0,0,6.397013294e-06,0,0,0,0,0,0,0,1.462257569e-05,0,0,0,0,0,0,0,2.345542043e-06,0,0,0,0,0,0,0,0,0,0,0,0,0,0.2333500832,0.02407061309,0.02520740777,0.01284289639,0.008496622555,0.003420312656,0.004145848565,0.002878384199,0.00708506722,0.001818137825,0,0,0,0,0,0.003045880701,0.0002771769068,0.0005446420982,0,0.0001086609991,3.179987834e-05,0,0,0.001072033425,0.004054914229,1.671221253e-05,0,0,0,0,0.0005853436305,0.8334457278,0.07833185792,0,0,0.0002213960979,3.419657151e-05,0.2359606624,0.004992672708,0.0006715562195,0.002241052454,0.0003316167276,8.187750609e-06,0,0,0,0,2.079206752e-06,0.0001513506431,3.22451815e-05
82,0.005613798276,0.005057570059,0.01167800557,0.01475032605,0.05231777951,0.1299862415,0.1031295732,0.008985948749,4.78962902e-05,3.666144039e-05,0.0003279077937,0.001489669434,4.905798778e-05,0.001955621177,0.003685516538,0.0006844093441,0.005237895064,0,0,0.00109203218,0.001651939354,0.003914482892,0,0,0.002380952472,0.001081491006,0,0.0003986686643,0.0001634232904,0,8.344111848e-05,0,0,0,0,0,0,0,0,0,0,0,0,0,4.341678505e-05,3.323533019e-05,0,1.660436828e-05,1.443020096e-06,0,1.240186293e-06,8.683306078e-06,0,0,0,0,0,2.589246105e-05,1.047502701e-05,0,0,0.0001696321706,5.278272965e-06,1.549803528e-05,0,0,0,0,1.447691011e-05,3.229933327e-06,0,0.0003214570461,0.0001934387401,6.377747195e-05,3.333858695e-05,0.0004607302253,0,0,0,3.388503728e-06,0,0,0.0001000101911,6.80764515e-06,0,4.627332237e-05,0,0.0001690516801,0.0003748794552,1.310710468e-05,0,1.484096174e-06,6.038264019e-06,0.2012097389,0.01083472464,0.02032939717,0.00176338153,0.00175860629,0.001321521821,0.005970033351,0.0007121905219,0.0003168313415,0.007034731563,0.002217200818,0.001663293107,0.001331056352,0.0003699874796,6.106720684e-05,0.0104704611,0.001576399896,0.0002271572885,0,8.623699978e-05,8.849849837e-05,0.007686206605,0.0001284197351,0.005895580631,0.08816026151,0.007141840644,0.001117214561,0.0008052635239,8.034950588e-05,0.0001372062106,0.08382232487,0.9086059928,0.1800886095,0.0004184825812,0.0035210934,7.246439054e-05,0.0001519978832,0.3008562326,0.01494354848,0.007658374496,0.002700324869,0.1195169166,0.04319931939,0.02030545101,0.05314676464,0.002056121128,0.002321536187,0.0004164167622,0.000252251717,6.060547457e-05
83,0.001707014511,0.002916331403,0.005018539727,0.002239384456,0.03298020363,0.03375029564,0.004761904944,0.003068404738,0,0,5.369603969e-05,0.0001517162309,0,0,0,0,0,0,0,0.0008355976315,0,0,0,0,0,0,0,0,0,0,0,0,0,0,0,0,0,0,0,0,0,0,0,0,0,0,0,0,0,0,0,0,0,0,0,0,0,0,0,0,0,0,0,0,0,0,0,0,0,0,0,0,0,0,0,0,0,0,0,0,0,0.0001000101911,0,0,0,0,0,0,0,0,0,0,0,0.0588744767,0.006531569641,0.01261829119,0.003690736135,0.002817915054,0.002975280397,0.000668419525,0.0008949902258,9.724864503e-05,0.001024995698,0,0,0,0,0,0.00691422727,0,0.0003840391873,0,0,0,0,0,0,0.04809438437,0.0001532715396,0,0,0,0,0.008390283212,0.4753058553,0.08355561644,0,0,0.0002031162439,0,0.1874995679,0.01099382248,0.004761904944,0.001402662485,0.01865697652,0.00239550299,0.001482944586,0.003133025719,0,0,0,0,0
84,0.005213070661,0.0005909433239,0.004707344342,0.007715858519,0.05053228885,0.05122192949,0.01059119962,0.008616960607,0,0,1.333760338e-05,1.698897904e-05,1.335645902e-05,4.283722956e-05,6.525971548e-05,0.000193688189,0,0,0,0.001502518775,0,0,0,0,0,0,0,0,0,0,0,0,0,0,0,0,0,0,0,0,0,0,0,3.5145315e-06,0,0,0,0,0,0,0,0,0,0,0,0,0,0,0,0,0,0,0,5.063458957e-05,0,0,0,0,0,0,0,9.056467388e-05,0,0,0,0,0,0,0,0,0,6.80764515e-06,0,0,0,0,0,0,0,0,0,5.086839883e-05,7.838985039e-05,0.1793831885,0.009293280542,0.02089003474,0.0004862968635,0.001752625802,0.001359873801,0.002821434289,0.0009514523554,0.0008105339366,0.004787768703,0,0.0005709078396,0,0,0,0.008078725077,0.0003356273228,4.007065945e-05,0,0.0001657394168,4.116016498e-05,0.0002814868931,0,0.0001549841836,0.0702547878,0,0,0,0.0002798178757,0,0.02221950702,0.8340123892,0.14242962,7.456621097e-05,0,5.075941226e-05,0,0.2782346308,0.01259030402,0.003729976714,0.003187160706,0.06760330498,0.008652909659,0.0003347353777,0.008080495521,0.0003208213602,0,0,0.0004971002927,3.382392242e-05
85,0.005163745489,0,0.0107124811,0.01089237723,0.04851833731,0.05825080723,0.00818177592,0.006996972952,0,0,2.26399552e-05,0.0001566114952,0,6.813408618e-06,0,9.678841161e-05,0.001133392565,0,0,0,0,0,0,0,0,0.002380952472,0,0,0,0,0,0,0,0,0,0,0,0,0,0,0,0,0,0,0,0,0,0,0,0,6.590077646e-06,0,0,0,0,0,0,0,0,0,0,0,0,5.374170996e-06,0,0,0,0,0,0,0,0,0,0,0,0,0,0,0,0,0,0,0,0,0,0,0,0,0,0,0,0,0,0.1441601515,0.01453416888,0.01153924968,0.002011484699,0.0001566480059,0.00207272172,0.0004102849343,0.0003068778897,0.0005636787391,0.003135175444,0,0.005231511779,0,0.0001924606913,0,0.00994231645,0,0.0001568222069,0,0,6.570421101e-05,0.002380952472,0,0.0009165920783,0.07952722907,0,0,0,0,0,0.02202591673,0.8480434418,0.1587131619,3.692229438e-05,0,0.0002219609305,0,0.2889112234,0.004833136685,0.007698136382,0.005174951628,0.04890016839,0.0143815577,0.001186672482,0.01213931199,0,0,0,7.992135215e-05,5.499449253e-05
86,0.00349540147,0.0004194727808,0.005934579764,0.004890838172,0.04687103257,0.05530902371,0.01076336391,0.00695212977,1.632145722e-05,0,8.29230612e-06,0.0001539832156,2.799584581e-05,0.0002010031894,0.002380952472,0.0001571211178,0.00617378531,0,0,0,0,0,0,0,0,0,0,0,0,0,0,0,0,0,0,0,0,0,0,0,0,0,0,0,0,0,0,0,0,0,0,0,0,0,0,0,0,0,0,0,0,0,0,0,0,0,0,0,0,0,0,0,0,0,0,5.34179344e-05,0,0,0,0,0,4.627332237e-05,0,0,0,0,0,0,0.0006420188001,0,0,0,0,0.1413538158,0.01276842505,0.01952155493,0.0008719989564,0.006171912421,0.000754326582,0.006572887767,0.001363611664,0.0009149955004,0.006129342131,0,0.0005009943852,0,0.0001084295654,0,0.01239099354,0,0.0006558783934,0,0,0,0.0003136757005,0,0.002482660813,0.06948179752,0.002380952472,0.0001509779104,0,0,0,0.01820811629,0.8415744901,0.1439121068,0.0001589008461,0.0006765909493,6.523738557e-05,2.360268809e-05,0.2537085712,0.007917056791,0.003121967195,0.002712195041,0.05419465527,0.009733769111,0.006462191232,0.01319892239,0,0,0,0.0002239456808,0.0001425124792
87,0.001304885256,0,0.001286539598,0.002380952472,0.02286646701,0.009228418581,0.000167072707,0.001287026098,0,0,0,0,0,0,0,0.0001202262865,0,0,0,0,0,0,0,0,0,0,0,0,0,0,0,0,0,0,0,0,0,0,0,0,0,0,0,0,0,0,0,0,0,0,0,0,0,0,0,0,0,0,0,0,0,0,0,0,0,0,0,0,0,0,0,0,0,0,0,1.69336829e-07,0,0,0,0,0,0,0,0,0,0,0,0,0,0,0,0,0,0.07832214981,0.005252604838,0.002380952472,0.003185454058,0.006764254998,0.003146212082,0.002380952472,0.005795720965,0.002380952472,0.003807279747,0,0,0,0,0,0,0,0,0,0.001567549538,0.001142324531,0,0,0,0.03136147931,0,0,0,0,0,0.0001089731013,0.3687392175,0.04186461493,0,5.969514677e-05,0,0,0.1391779482,0.001476175035,0.000616939622,0,0.004741231911,0.0005104613374,0,0,0,0,0,0,0
88,0.0001719737775,0,0.0001660805283,5.667170262e-05,0.02054914646,0.007142857648,0,0,0,0,0,0,0,0,0,0,0.0003670226142,0,0,0.0006017661071,0,0,0.0009225384565,0,0,0,0,0,0,0,0,0,0,0,0,0,0,0,0,0,0,0,0,0,0,0,0,0,0,0,0,0,0,0,0,0,0,0,0,0,0,0,7.342174649e-05,0.0001427895913,0,0,0,0,0,0,0,0,0,0,0,0,0,0,0,0,0,0.0001690516801,0,0,0,0,0,0,0,0,0,0,0,0.05889897794,0.008285583928,0.002529092133,0.009126492776,0.008557458408,0.002778457012,0.004761904944,0.0002804000105,0.005174234509,0.0002514229272,0,0,0,0,0,0.002380952472,0,0,0,0,0.0003787842579,0,0,0,0.008613148704,0,0,0,0,0,0.000138643125,0.305821687,0.03668238968,0,0,0,0,0.126190111,0.0014583593,0,0.002380952472,7.670811465e-05,0,0,0,0,0,0,0,0
89,0.0006657928461,8.265903944e-07,5.573497765e-05,0,0.1811593473,0.01860705949,0,0.003758617211,2.312236029e-05,0,0,0,0,0.0009442776209,4.098038175e-07,0,0,0,0,0.002747016493,0,0,0,0,0,0,0,0,0,0,0,0,0,0,0,0,0,0,0,0,0,0,0,0,0,0.0003566448577,0,0,9.367358143e-05,0,0,0,0,0,0,0,0,0.0001998830703,4.622693086e-05,0,0.002380952472,0.001210396993,0.002542857314,0.001964079216,0,0.001097377506,0,0,0,0.0001912776934,0,0,0,0.0004139556841,0,0,0,0,0,2.033621786e-05,0,0.0003748794552,0,0,0,0.0006420188001,0,0,0,0,0,0,4.550226731e-05,0.2505534589,0.06349022686,0.05814988539,0.04046788067,0.05736161768,0.01086261123,0.05501146615,0.0507635735,0.04545654729,0.01913288794,0.0004996076459,0.007261216175,0.007564133964,0.0002148546046,0.000149551619,0.05459583551,0.002380952472,0.01453110576,0,0.001522696111,0.003471394302,0.003921201918,0.0002026087604,0.0153409224,0.003426864278,0.0003150632838,0,0,0,0,0.0002078186517,0.7922862172,0.09785663337,0.01189248264,1.920340401e-05,0.003797204234,0.0004156717332,0.2958259284,0.01384410262,0.02340553701,0.0355188027,5.986734323e-05,4.683321549e-06,0,5.458225587e-07,0,0.0001899027702,0,0.0003712694743,0.0002491464256
90,6.470031076e-05,5.156005955e-06,4.769799489e-05,2.834144834e-05,0.08047218621,0.02749596722,0.0003216667683,0.000484492426,0,0,0,2.629236178e-06,0.0002181635209,0,0,0,4.024531518e-05,0,0.0003186153772,0.0005734299775,0.0004969928414,0.0009341637488,0,0,0,0,0,0,0,4.453387737e-05,0,0.0001566962892,0,0,0,0,0,0,0,0,0,0,0,0,0,0,0,0,9.144629439e-05,0,0,0,0,0,0,0,0,0,9.58930741e-06,0,0,0,8.445115236e-05,3.190729331e-05,0,0,0,0,0,0,0,0,0,0,0,0,0,0,0,0,0,1.310710468e-05,0,0,0,0,0,0,0,0,0,0,1.293853256e-05,0.2486370653,0.02399195358,0.02640527114,0.02886340022,0.03316584602,0.005340428092,0.01205014251,0.01594254188,0.006963597145,0.005266220309,0.0005639079027,0.000642750354,0,9.142706404e-05,0,0.01010495331,0.001133283717,0.001558271819,0,6.095339995e-05,0.000501992763,1.901933683e-05,0,0.003216710873,0.008279817179,7.649337022e-06,0,0,0,0,0.0003004418104,0.8237338662,0.08141686767,0.000358888763,9.917926945e-06,0.000424144906,6.799212133e-05,0.234007597,0.006308572832,0.002057255479,0.002769966144,0.000157570772,7.167437161e-06,0,3.774868901e-06,0,2.461848226e-06,0,0.000374622352,4.69369952e-05
91,6.513474364e-05,0,0.0001270218636,0,0.0394599326,0.01299427543,0.002380952472,0.0002760532079,0,0,2.313517371e-06,1.650407057e-06,0,0,0,0,0,0.0003021314042,0.0004592846381,0.001306374324,0.001040673815,0.0004807410296,0,0.0004344611953,0,0,0,0,0.0005315937451,0,0,0,0,0,0,0,0,0,0,0,0,0,0,0,0,0,0,0,0,0,0,0,0,0,0,0,0,0,0,0,0,0,0,0,0,0,0,0,0,0,0,0,0,0,0,0,0,0,0,0,0,0,0,0,0,0,0,0,0,0,0,0,0,0.1741303653,0.004138868768,0.003422749694,0.0009081884054,0.002875417471,0,0.001482327585,0.0002378455829,0.002380952472,0.002195081441,0,0,0,0,0,0.0002580339496,0,0,0,0,0,0,0,0.0003356320667,0.01135138143,0,0,0,0,0,0,0.6884588599,0.08292322606,0.000250718731,0,0,0,0.2063151449,0.0009824695298,0.00015208892,0.0002799907525,0.001084460644,4.425205043e-05,0,2.641869287e-05,0,0,0,0,0
92,0.004456623923,0.002408843953,0.01255975477,0.01532419678,0.05271259695,0.130138576,0.01569219306,0.005548447371,1.164556488e-05,0,7.306462794e-05,0.0005235847202,5.589409921e-05,0.0002214005217,0,0.0004763635807,0.002380952239,0,0,0,0,0,0,0,0,0,0,0,0,0,0,0,0,0,0,0,0,0,0,0,0,0,0,0,0,0,0,0,0,0,0,0,0,0,0,0,0,0,0,0,0,0,7.494682905e-06,0.0002381921659,0,0,0,0,2.084751759e-05,0,0,0.0004965867265,0,0,0,0,0,0,0,0,0,1.484096174e-06,0,5.086839883e-05,0,0,0,0,0,0,0,0,5.056703571e-07,0.2388155758,0.001461284002,0.002702850383,0.000242621667,0.0002291235578,0.0001338131842,0.0008617722779,0.0001239966514,1.815635915e-05,0.01080302242,0.004684558138,0.003230109112,0.003353469772,0.0001352403488,0.0002249019162,0.006048789248,0.0008408353315,0.0001785457425,0.0006886335905,0.0001822823251,0.0003333878412,0.003939736169,0,0.005547865294,0.09525404125,0.01193030272,0,0,0,0.0003800763516,0.02940331772,0.9180566072,0.1798859835,0.0004973451723,0,1.783398329e-05,0.0001185450383,0.2997323573,0.01697929576,0.0110757025,0.002255377127,0.06834084541,0.0202084817,0.003793333657,0.01226396486,0.0009923512116,0,0,0.000123210164,9.618788317e-05
93,0.004649661947,0.003423487535,0.009492186829,0.01291768253,0.0543464981,0.1239316463,0.05006038398,0.007344392128,7.613636262e-05,0.000479154638,0.0005385990371,0.002039366402,5.840191079e-05,0.002118654083,0.002077144803,0.0009485633927,0.0008302861825,0,0,0,0.0006486133789,0.001874456881,0,0.002380952472,0,0.001820157282,0,0.001751499716,0,0,0,0,0,0,0,0,0,0,0,0,0,0,0,4.613403689e-06,0,0,0,0,1.156035796e-05,2.263505303e-05,5.952422725e-06,5.04542877e-05,0,0,0,0,0,0,0,0,0,4.984788029e-05,0.0001523254759,0.0002132917289,0,0,0,0,2.92109944e-05,1.398571271e-06,0,0,0.0002067220485,6.287370343e-05,0,0.0005555269308,0,0,0,6.432906048e-07,0,6.038264019e-06,0,7.838985039e-05,0,0,0,0,4.550226731e-05,1.293853256e-05,0,5.056703571e-07,0,0.2051107138,0.01657314971,0.03729663417,0.001924976823,0.004653020762,0.00143593864,0.01130237244,0.001151863602,0.000781877141,0.006675160024,0.001507297507,0.001455959282,0.002821466886,0.0001413742284,6.664782268e-05,0.008947781287,0.002274287399,0.0001935581386,0.000517931825,0.0001123979746,8.191473171e-05,0.008699402213,0.0002079290862,0.006833144464,0.08354146779,0.006593021099,0.001452307915,0.0005780244828,1.433958096e-05,0,0.04188648239,0.9085681438,0.1811017543,0.000188465172,0.0009112653788,0.0001161615,6.77478165e-05,0.297883004,0.01742345467,0.009949219413,0.003081879811,0.1056279391,0.02037450485,0.007906628773,0.01851159707,0.001005120575,0.003359175986,0,0.0001792458643,2.918276914e-05
94,0.2495574504,0.1555482298,0.2176025063,0.2047996819,0.5877664089,0.6641349196,0.3751964569,0.1924026161,0.2091343254,0.1252205521,0.2453455627,0.2175115645,0.2538740039,0.2103326172,0.1438981593,0.2301874161,0.1211162508,0.03642001376,0.07020056993,0.07398789376,0.05353174731,0.05583045632,0.04136115313,0.02439677715,0.04058855399,0.05316374451,0.02971723489,0.01415380277,0.01922743209,0.019402178,0.02161871456,0.01553497463,0.0154916076,0.003528662724,0.02251626924,0.01285877824,0.01037710067,0,0.004761904944,0.002878169296,0.002380952472,0.002380952472,0,0.250430882,0.2845951021,0.1974093616,0.2478599399,0.2644029856,0.2556100488,0.2487456053,0.2491816282,0.1824903339,0.03361671045,0.02524914593,0.02800907008,0.01758826151,0.06526143849,0.1383488774,0.1799017489,0.1392914355,0.04854829982,0.1342533678,0.2001746893,0.1924512237,0.07708203793,0.1005531698,0.09892265499,0.08495017141,0.1706027836,0.1722634584,0.1728531569,0.1572267115,0.2774609029,0.09199168533,0.1724872589,0.1590830684,0.1258826405,0.155243367,0.1322913319,0.2441417426,0.2333500832,0.2012097389,0.0588744767,0.1793831885,0.1441601515,0.1413538158,0.07832214981,0.05889897794,0.2505534589,0.2486370653,0.1741303653,0.2388155758,0.2051107138,0,0.07075052708,0.07882568985,0.125087887,0.1737807542,0.1905294061,0.08443798125,0.1528523713,0.2362084091,0.2229500562,0.1636285186,0.1679985076,0.1537632197,0.0492266342,0.08838253468,0.0974938944,0.1126146019,0.1798641235,0.06246546656,0.1766495854,0.08079974353,0.2005412728,0.0955607295,0.2015494257,0.2930015028,0.2257716507,0.1576276869,0.2844623327,0.1837426424,0.2540585995,0.3398664594,0.9557839036,0.4665663838,0.1379713714,0.1974369884,0.2602756619,0.2624400258,0.5975857377,0.2679448426,0.2631565928,0.1344217211,0.3456629515,0.2736771405,0.2891047895,0.296887666,0.2769255936,0.1399220526,0.1291448772,0.2374999523,0.2589607239
95,0.0227359999,0.05281588435,0.03122187033,0.07180324942,0.1211668774,0.1818401814,0.1355912089,0.02332088165,0.01507360954,0.03896240517,0.04033566639,0.109306775,0.00705934735,0.06674420834,0.07106469572,0.06402549148,0.01794730872,0.007352407556,0.01169523876,0.009480667301,0.01515490375,0.007711170707,0.0002221936156,0.0103464853,0.01409798209,0.005053906236,0.008812545799,0,0.002380952472,0.006778209936,0,0.007142857648,0.001094806939,0,0,0.005360671785,0.004761904944,0.002380952472,0,0.002380952239,0.002380952472,0,0,0.002797791036,0.001475530327,0.002611320466,0.0006910593365,0.0004365871428,0.001080221147,0.0004301937588,0.0009440198774,0.01286061388,0.009523809887,0.000739765761,0.004761904944,0.002380952472,0.007142857648,0.03305958211,0.03562005609,0.005146065261,0.002380952472,0.01336360443,0.00942324847,0.04932722822,0.002380952472,0.0142857153,0.00976283662,0.02133390121,0.01609511487,0.02856784128,0.009003872983,0.03817510605,0.0150841726,0.01858253032,0.02141798101,0.04085948691,0.005418195855,0.01470181625,0.007142857648,0.02543393895,0.02407061309,0.01083472464,0.006531569641,0.009293280542,0.01453416888,0.01276842505,0.005252604838,0.008285583928,0.06349022686,0.02399195358,0.004138868768,0.001461284002,0.01657314971,0.07075052708,0,0.0004120877711,0.0002219317539,0.0002517538378,0.001770435832,0.002739701187,0.000899716164,0.0020751704,0.1321549565,0.07530076802,0.1047973409,0.07162116468,0.0229390543,0.03909429163,0.002172136912,0.07160849869,0.01226206124,0.01094323676,0.04699921981,0.03389675915,0.08831208199,0.03111709096,0.1069623604,0.1670863032,0.09572631866,0.02016922459,0.03034324758,0.0256860517,0.03935740143,0.1060096174,0.8551011682,0.2334965616,0.03332162276,0.06227597967,0.01724490337,0.03009958006,0.3994008601,0.06428672373,0.0842211917,0.03193397075,0.116681695,0.1005964875,0.0841274485,0.09767787904,0.06695253402,0.04994329438,0.03352293745,0.005867016967,0.03232785314
96,0.06839266419,0.08489761502,0.07536122203,0.1629519612,0.1176972315,0.3323190808,0.178474322,0.08690541983,0.01724128798,0.02932741679,0.1000887603,0.1329361945,0.005774881225,0.07752393931,0.07719437778,0.1200756133,0.05314991996,0.0097615337,0.02081692778,0.02632506564,0.03446783125,0.01174573135,0.01596298255,0,0.007253465243,0.02670645528,0.002380952472,0,0.004761904944,0.01190476213,0.002380952472,0.00870182924,0,0,0,0,0.004761904944,0,0.002380952472,0.007142857648,0.002380952472,0,0,0.001658280846,0.002968092682,0.004931698553,0.00214056205,0.0007481460925,0.001023797784,0.001463425811,0.001351668732,0.03398583084,0.0026378287,0.002380952472,0,0.003641619114,0.002380952472,0.02481985465,0.03903351724,0.005487304647,0.009523809887,0.01776945591,0.01704970747,0.08630409837,0.004761904944,0.002380952472,0.01205022261,0.00317509356,0.02784282155,0.02488869615,0.009449540637,0.02748707309,0.03023262136,0.0220677387,0.02203899808,0.02777459472,0.003136664396,0.008605108596,0.002380952239,0.03884752095,0.02520740777,0.02032939717,0.01261829119,0.02089003474,0.01153924968,0.01952155493,0.002380952472,0.002529092133,0.05814988539,0.02640527114,0.003422749694,0.002702850383,0.03729663417,0.07882568985,0.0004120877711,0,0.005009227432,0.0004662444117,0.0001226903405,0.008354515769,0.002881477121,0.0004992620088,0.09890176356,0.05770295858,0.1129576787,0.1041091159,0.05188507959,0.05001867935,0.011306189,0.06640783697,0.0159006305,0.009624187835,0.07170122862,0.06133303791,0.1439385265,0.05764487386,0.1647817343,0.142731294,0.1010291129,0.03618149832,0.02551668882,0.008037291467,0.02865365893,0.1424601823,0.8878962398,0.3312774897,0.0714077726,0.1010966077,0.01103725843,0.03312871605,0.4708561301,0.1056596488,0.1393675059,0.06149093434,0.1269569397,0.1366231292,0.07009910047,0.1069055572,0.05968526378,0.05859312043,0.03826444224,0.002676066244,0.01521433517
97,0.005164642818,0.03812135756,0.01392121892,0.0272386875,0.105991289,0.08065652847,0.1135934889,0.005597596057,0.003055684501,0.01700317487,0.007219380699,0.02945555001,0.001583629521,0.01270736568,0.03175368533,0.01232913975,0.003726528725,0.0006703153485,0.0005484741414,0.004371524788,0.003769667586,0.001011035056,0.002740224591,0.002380952472,0.003397772321,0.0002939912665,0,0,0.002380952472,0.002380952472,0.002380952472,0,0.004761904944,0,0,0.0008681744221,0,0,0,0,0,0,0,0.0003090619866,0.0001913941524,0.0004260069982,6.359902909e-05,8.42442023e-05,0.0004656951933,0.0004015347804,0.0003953126434,0.008615214378,0,0,0.001106344978,0,0.004761904944,0.01566433348,0.0200114511,0.001616255264,0.002380952472,0.005376868416,0.002377613215,0.01657881774,0,0.002380952472,0.001406215248,0.001071009901,0.001049352111,0.01407122333,0.009656428359,0.0178534314,0.001893240027,0.008522373624,0.001796163153,0.02046741545,0.008348454721,0.009523809887,0,0.01345682796,0.01284289639,0.00176338153,0.003690736135,0.0004862968635,0.002011484699,0.0008719989564,0.003185454058,0.009126492776,0.04046788067,0.02886340022,0.0009081884054,0.000242621667,0.001924976823,0.125087887,0.0002219317539,0.005009227432,0,0.0001489366696,0.00257095485,0.0004882307549,0.0001051452127,0.001141516026,0.1097511798,0.06246457249,0.06312408298,0.04243919626,0.01254702546,0.01752309687,0.00130713277,0.04250125214,0.008567211218,0.009843857028,0.02789690904,0.02587217838,0.06662733108,0.02650938742,0.07935428619,0.1667029858,0.08686042577,0.04275138676,0.0546672307,0.01926692203,0.017405333,0.1207889244,0.873146534,0.1747656763,0.0294949878,0.04164714366,0.004876174498,0.01627295464,0.3416769207,0.04189831018,0.05689269677,0.03058540076,0.1440650225,0.1095005423,0.07501702756,0.1216867417,0.06643562019,0.02924256586,0.02211582102,0.001660366775,0.01414064411
98,0.008132836781,0.03936874121,0.01739763655,0.04389493912,0.09075327963,0.1119781882,0.08968326449,0.008130830713,0.003416816704,0.01231988985,0.0105722975,0.03792613372,0.001323684119,0.02113247663,0.03134407848,0.01893985644,0.005472884048,0.00635141274,0.004063884728,0.008036182262,0.003456548089,0.00789627526,0.003468486015,0.00023091209,0.01028200611,0.00366776716,0.006890411489,0,0.002380952472,0.008439738303,0.002380952239,0.002380952472,0,0,0,0,0.002380952472,0,0,0.004761904944,0,0,0.0008336577448,0.001046976075,0.0006575061707,0.0002356419864,0.0001814623101,0.0002343269007,0.0001318347058,0.0001957775967,9.688669525e-05,0.003288301639,0,0.002380952472,0,0,0.001286773244,0.01806594804,0.01834637672,0.001014678623,0,0.01135063358,0.002074228832,0.01891588047,0.001258204109,0,0.006185283884,0.01166944299,0.001746339491,0.01185258292,0.0006164754741,0.01902103238,0.003212463344,0.007571173366,0.003573887283,0.03195753321,0.004761904944,0.00587699702,0.002544426825,0.009749753401,0.008496622555,0.00175860629,0.002817915054,0.001752625802,0.0001566480059,0.006171912421,0.006764254998,0.008557458408,0.05736161768,0.03316584602,0.002875417471,0.0002291235578,0.004653020762,0.1737807542,0.0002517538378,0.0004662444117,0.0001489366696,0,0.0003241567174,0.01518181153,0.0001951796876,9.958472947e-05,0.1178352609,0.07156056911,0.09290608019,0.07305748761,0.02852119878,0.02058044448,0.01122117694,0.03811446577,0.01938088611,0.01918893121,0.04280203208,0.03552163765,0.08825081587,0.02698432654,0.08964660019,0.1659618318,0.1007502526,0.04227129743,0.03975421563,0.0191898793,0.02068753727,0.107487835,0.8871750236,0.2089252323,0.04620935023,0.07149709761,0.008856298402,0.01577956229,0.3617499769,0.052708745,0.07124855369,0.04828028008,0.1306638569,0.1055700779,0.0776142627,0.1117496789,0.07475675642,0.04786608741,0.03768536448,0.001190304989,0.01321471948
99,0.02274586819,0.02955303155,0.03531382605,0.06838614494,0.1087499857,0.2925464213,0.08690962195,0.03275734559,0.001928420505,0.007313096896,0.01432458125,0.05478780717,0.0004850496771,0.02575055137,0.03592703119,0.03086641803,0.02245351113,0.007066690829,0.005301421974,0.006801814307,0.007114566863,0.006459090859,0,0,0.008351998404,0.01183791924,0.001225736924,0,0.002380952472,0.002380952472,0.002380952472,0.0006931375246,0.002380952472,0,0,0,0,0,0,0.003544223495,0,0,0,0.0003685293195,0.0001372271945,0.001241318998,0.0001103337199,5.292220885e-05,9.691469313e-05,1.965169577e-05,0.0001449710398,0.005295600276,0.0009646378458,0,0,0,0,0.006935185753,0.004143144935,0.002025790978,0.001893505221,0.001116946107,0.00223753578,0.01012815628,0,0.002891035518,0.004838571418,0.001075958018,0.0008912190679,0.003295289353,0.00479504047,0.00924032554,0.002796638291,0.004139267374,0.004040880129,0.01359182689,0.001431366196,0.001107449178,0.002380952472,0.001860537915,0.003420312656,0.001321521821,0.002975280397,0.001359873801,0.00207272172,0.000754326582,0.003146212082,0.002778457012,0.01086261123,0.005340428092,0,0.0001338131842,0.00143593864,0.1905294061,0.001770435832,0.0001226903405,0.00257095485,0.0003241567174,0,0.01444893703,0.0006244718097,1.813664676e-05,0.03887716681,0.02088951506,0.06286654621,0.08911781013,0.02636233531,0.00901493337,0.02682686411,0.04756915942,0.002163603203,0.01385743171,0.00644641649,0.02969513275,0.08599595726,0.01758497395,0.07336004078,0.1322699338,0.05179949477,0.01811941527,0.0007590507739,0.004869628232,0.004471422173,0.07746426016,0.9402317405,0.2868709266,0.01896730065,0.05409365892,0.0004912581062,0.0008998240228,0.4043681622,0.05419899523,0.08013633639,0.0388684012,0.1155025288,0.09170825779,0.00755853625,0.06323901564,0.004519602284,0.05132500082,0.01572446525,0.000157737566,0.0008739879704
100,0.01041286625,0.01771133393,0.01386156399,0.01539384667,0.1768067181,0.1350620836,0.09414210171,0.009943416342,0.01095129456,0.01805784926,0.02342495136,0.03422493488,0.004400759935,0.01951137371,0.03203726932,0.02736057341,0.005337709561,0.003018457908,0.005502963439,0.004612148274,0.001598811243,0,0,0.002380952239,0.001182677923,0.002563253045,0.004761904944,0.002380952239,0.002380952472,0.0003628911509,0.004761904944,0.002380952472,0,0,0,0.0008355366881,0,0,0,0.002380952472,0,0,0,0.0002348949929,0.0005087123718,0.002622177824,0.0005264970241,0.0006893117097,0.001310479129,0.0007937017945,0.0009712302708,0.005920600146,0.003648899728,0,0,0,0,0.01412135269,0.005372595973,0.0003407720651,0.004761904944,0.001727149123,0.004906418733,0.02256651781,0.004761904944,0.003616926959,0.005186349619,0.0009312009788,0.006742628757,0.01630101912,0.000792510109,0.01461248565,0.008366663009,0.01007562596,0.002415545285,0.02929271385,0.007142857648,0.01802542433,0,0.00985688623,0.004145848565,0.005970033351,0.000668419525,0.002821434289,0.0004102849343,0.006572887767,0.002380952472,0.004761904944,0.05501146615,0.01205014251,0.001482327585,0.0008617722779,0.01130237244,0.08443798125,0.002739701187,0.008354515769,0.0004882307549,0.01518181153,0.01444893703,0,0.0001424426591,0.001597232767,0.0429832153,0.01827038825,0.0151511915,0.002684372012,0.0008331158897,0.006487914361,0.0004179758253,0.005438945256,0.0006310323952,0.0002928649192,0.006710653193,0.00291621685,0.005859973375,0.0006983746425,0.01611205935,0.1506592631,0.02036829107,0.009000199847,0.01489786804,0.003846697509,0.002434574766,0.1087609082,0.8257390857,0.1002661958,0.001678533037,0.006611311343,0.003015612485,0.02370812371,0.3060009778,0.01743628085,0.0004401853948,0.000222668401,0.1389494687,0.03678024188,0.06394330412,0.08043796569,0.02926765569,0.001422444009,0.00130438176,0.005942595657,0.01498830225
101,0.003553417278,0.01580594853,0.008138857782,0.01092142146,0.1172777936,0.08031407744,0.106207788,0.003489598166,0.001476601232,0.009946377017,0.002678769641,0.01692257449,0.00042775771,0.007623322308,0.01926790178,0.00617410196,0.001557148644,0.003304881277,0.002629164839,0.00176455453,0.001768983202,0.0007991896709,0.0001836813171,0.0005154187093,0.002122956561,0.004204598721,0.0004114347394,0.004609150346,0.001162766479,0.00337779941,0.001368782134,0,0,0,0,0,0.002961772028,0,0,0.002380952472,0,0.002380952472,0,0.0001547787688,9.77023883e-05,0.0001452847064,5.371477528e-05,2.447589395e-05,5.832445459e-05,0.0001055930625,3.61446364e-05,0.002030350035,0.002906082664,0,0.001023860066,0,0.0009657852934,0.01017092913,0.00731045194,3.031801862e-05,0.007133837324,0.00478532631,0.0009317178628,0.00627809437,0.000682078884,0.0008998565609,0.003730674973,0.00412323419,0.00119195343,0.01218765881,0.001012544264,0.02085513622,0.001482204883,0.00505453581,0.000706477731,0.03521073982,0.00985161867,0.01038852986,0.001566311345,0.005064895377,0.002878384199,0.0007121905219,0.0008949902258,0.0009514523554,0.0003068778897,0.001363611664,0.005795720965,0.0002804000105,0.0507635735,0.01594254188,0.0002378455829,0.0001239966514,0.001151863602,0.1528523713,0.000899716164,0.002881477121,0.0001051452127,0.0001951796876,0.0006244718097,0.0001424426591,0,8.208392683e-05,0.02975215949,0.0148980571,0.03313804418,0.01712673344,0.006284717005,0.004820349626,0.001390777412,0.01789186709,0.0001814453572,0.002409565495,0.003755976912,0.004960149992,0.02584701777,0.003565248335,0.03382946178,0.1150335968,0.04207962006,0.01615511253,0.02679464407,0.003317066235,0.007948611863,0.1135135219,0.8812476397,0.1570333689,0.001868652995,0.0176676251,0.0005727255484,0.004749420099,0.2665413618,0.02258288115,0.01838559471,0.002459965181,0.1417079121,0.07583380491,0.08922601491,0.1036798581,0.04319794849,0.01091290731,0.004664209206,0.0003408692428,0.004391334951
102,0.004285365809,0.01862060651,0.00853127148,0.01354248729,0.1225999966,0.1120033115,0.09717559069,0.004180587828,0.0005343492958,0.005716781598,0.003055096371,0.01250954904,0.0001122275062,0.007928652689,0.007077464834,0.004378753714,0.005815510638,0.0004541586095,0.002544697141,0.001161674736,0,0.005907834508,0,0,0,0.0010177613,0.001049574115,0,0,0.0007321903249,0.007142857648,0,0,0,0,0.0008954943041,0.002380952472,0,0,0,0,0,0,5.392818275e-05,6.671156007e-05,6.801753625e-05,1.233804414e-05,7.766050112e-05,2.464978752e-05,1.817855446e-05,2.790490362e-05,0.0004457781033,0,0,0,0.002380952472,0,0.003628366394,0.003495084587,3.242315506e-05,0,0.0009386212914,0.0002081631683,0.003660210408,0,0.002380952472,0.002380952472,0.0003430086654,0.0002284712828,0.004914951976,0.0003657891357,0.008105685003,0.000547714706,0.0002529424091,0.0002548016782,0.009975779802,0.001031916705,0.005465356633,0,0.002014335012,0.00708506722,0.0003168313415,9.724864503e-05,0.0008105339366,0.0005636787391,0.0009149955004,0.002380952472,0.005174234509,0.04545654729,0.006963597145,0.002380952472,1.815635915e-05,0.000781877141,0.2362084091,0.0020751704,0.0004992620088,0.001141516026,9.958472947e-05,1.813664676e-05,0.001597232767,8.208392683e-05,0,0.02043084987,0.005875887815,0.03247442096,0.02514760196,0.004293266684,0.003591882996,0.006678059231,0.02246963978,0.0003369968908,0.0002098638506,0.003231874434,0.0046470128,0.03288281709,0.003763084067,0.0267192442,0.09835634381,0.03156391159,0.01545712631,0.008259813301,0.002191739855,0.007462521084,0.1018970236,0.9273846149,0.1772617549,0.007206461392,0.02533865161,0.000146563616,0.003570753848,0.2591438293,0.01800821535,0.02276836708,0.006441347767,0.1371930838,0.06152000278,0.04639807716,0.09894428402,0.03595039248,0.01185057778,0.006384442095,7.889683184e-05,0.000859276508
103,0.02222886682,0.00506220758,0.00719292881,0.005237020552,0.2053255588,0.1461383998,0.06522597373,0.02490605973,0.004034569021,0.003342200536,0.006119196303,0.005581445526,0.01246006507,0.002630592091,0.003655779408,0.009750254452,0.02124982141,0.008055157028,0.0009573315037,0.01803063788,0.006116680335,0.006583920214,0.006499239709,0.002380952472,0.002380952239,0.004631453194,0,0.002380952239,0.002380952472,0.0057069459,0.004761904944,0,0,0,0,0,0.002380952472,0,0,0,0,0,0,0.009706765413,0.007374371402,0.007675888017,0.01288015675,0.01248649321,0.01642625779,0.009537545964,0.0151526574,0.003600379918,0.003067133715,0.0004282718874,0.0001841475605,0.003165781731,0.00153996353,0.00217751204,0.001125681214,0.007737905718,0.001914878143,0.002245724667,0.007922805846,0.003483043984,0.006069226656,0.003758856561,0.0008448168519,0.001844041282,0.004283512942,0.001806489658,0.003042689525,0.003874638351,0.008904177696,0.003684134921,0.01044382248,0.009599284269,0.003145182505,0,0.00708086649,0.004073644057,0.001818137825,0.007034731563,0.001024995698,0.004787768703,0.003135175444,0.006129342131,0.003807279747,0.0002514229272,0.01913288794,0.005266220309,0.002195081441,0.01080302242,0.006675160024,0.2229500562,0.1321549565,0.09890176356,0.1097511798,0.1178352609,0.03887716681,0.0429832153,0.02975215949,0.02043084987,0,0.0001635649242,0.0003643830132,0.00362149463,0.002469312167,0.0009700040682,0.02448512986,0.001498331432,0.003755103797,0.002351122908,0.001943811425,0.001021900214,0.002048550872,0.003602933371,0.0004579581437,0.01271679532,0.000978569733,0.004984498955,0.003268127795,0.001075408305,0.002652951749,0.08685420454,0.8457977772,0.1045743525,0.003181553679,0.003190960037,0.005007786211,0.004702342208,0.03354338929,0.001426469185,0.0009522748296,0.007386877201,0.04382326081,0.002362607047,0.03320628777,0.02990683541,0.003452867735,0.009133366868,0.003780975705,0.006221637595,0.004077354446
104,0.002653865144,0.0004253812949,0.0003319396637,0.0003751970944,0.1095152125,0.05411955342,0.004761904944,0.00217019557,0.0008179957513,0,0.001027874299,0.001611713087,0,0.002380952472,0,0.0003578262113,0.0001093944811,0.0008507606108,0,0.000888533832,0,0,0,0,0,0.001293843728,0,0,0,0,0,0,0,0,0,0,0,0,0,0,0,0,0,0,0,0,0,0,0.001872026711,0.002380952472,0.0002467604936,0,0,0,0,0,0,0,2.018887608e-05,0.002380952472,0,0.0002901180997,0.001566484454,0.0007420966867,0,0,0,0.0006515886635,0.001329292427,0.0001963665563,0,0,0,0,0,0,0,0,0,0.001664342359,0,0.002217200818,0,0,0,0,0,0,0.0004996076459,0.0005639079027,0,0.004684558138,0.001507297507,0.1636285186,0.07530076802,0.05770295858,0.06246457249,0.07156056911,0.02088951506,0.01827038825,0.0148980571,0.005875887815,0.0001635649242,0,2.780958994e-06,0.0001115578561,1.221415005e-05,5.766677987e-06,0.006931280717,3.283118713e-05,0.0004041649518,4.595307473e-06,0.0001552259928,1.866897401e-05,0.0002172693203,7.727641059e-05,8.972445357e-05,0.002159252064,2.796619083e-05,5.247247827e-05,0,4.922445441e-05,0.000134890448,0.04412252456,0.8629457355,0.09845029563,0.0001621807169,0.0004353953118,0.0007806024514,0.0003995735315,0.07641240954,0.001881373464,0.000783896714,0.001744720736,0.009079184383,0.0005720864283,0.003943100106,0.01186587941,0.0003983542847,0.0007082194206,0.0001272937516,0.0009942816105,0.001061582589
105,0.00123009691,8.300932677e-05,0.0002995784453,9.821310232e-05,0.1074259058,0.1062531471,0.01810506918,0.001487634028,0.0002957058314,0.0007479304913,0.001554402872,0.001282055979,0.006059084088,0,0,0.006043411791,0.0009164015646,0,0,0.0012765266,0.0018333568,0.001416949322,0,0,0.0006224191748,0,0,0,0,0,0,0,0,0,0,0,0.0002448552113,0,0,0,0,0,0,0,0,0,0.002380952472,0,0.00323647703,0,0.002380952472,0.002902158303,0,0,0,0,0,0.0003034429974,4.019522385e-05,0,0,0.00138276408,0.008759954944,0.0007435905864,0,0,0,0.0001441837667,0.0003837661643,0.0004417837772,1.229883674e-05,0.002380952472,0.003153665457,0.0008679956081,0.00170560996,0,0.004761904944,0,0,0.000795032829,0,0.001663293107,0,0.0005709078396,0.005231511779,0.0005009943852,0,0,0.007261216175,0.000642750354,0,0.003230109112,0.001455959282,0.1679985076,0.1047973409,0.1129576787,0.06312408298,0.09290608019,0.06286654621,0.0151511915,0.03313804418,0.03247442096,0.0003643830132,2.780958994e-06,0,8.527661521e-06,1.449135107e-05,1.309579511e-05,0.005649863277,3.46340471e-06,0.001582987839,5.061270713e-06,0.0007773041143,0.0001740491862,4.749026266e-05,1.682686525e-05,4.241328497e-05,0.006975647528,9.434132153e-06,0.0001017899776,0.0001626345038,0.0007225937443,6.759792996e-06,0.03778841347,0.8754261136,0.0852784887,0.0001601207186,0.000243408751,0.008380475454,0.003189478768,0.1447162479,0.001518853707,0.001006896724,0.001267647487,0.01231267955,0.0003818041296,0.01385679003,0.01284890249,0.0005577750853,0.0001987380238,8.857347893e-06,0.007432362996,0.003296390176
106,0.0006969939568,7.447483222e-05,0.000409000786,0.0001025164893,0.0696939826,0.1389794946,0.02771724574,0.00156736956,0.0001491761795,0.000440468255,0.0003088821832,0.001910624676,0.006684963126,0.005255889613,0,0.002466408303,0.0009207234252,0,0,0.000951443275,0,0.0002742262732,0,0,0,0,0,0,0,0,0,0,0,0,0,0.002380952472,0,0,0,0,0,0,0,0.004761904944,0.002380952472,0,0.001029613311,0,0,0,0.0008213162655,0,0,0,0,0,0,0,3.338859187e-06,0,0,0,0.001188726746,0.001137408894,0,0,0,0,0.0004149013839,0,0,0.004761904944,0.002380952472,0,0.0004373075499,0.003296375973,0,0.0007811592659,0.0001080188667,0.003437644104,0,0.001331056352,0,0,0,0,0,0,0.007564133964,0,0,0.003353469772,0.002821466886,0.1537632197,0.07162116468,0.1041091159,0.04243919626,0.07305748761,0.08911781013,0.002684372012,0.01712673344,0.02514760196,0.00362149463,0.0001115578561,8.527661521e-06,0,2.066369461e-06,2.566835974e-06,0.001911515486,2.491555279e-06,0.0008332450525,0,0.001388254808,8.053777128e-05,1.669575249e-05,9.387791579e-06,0.0001425184746,0.03239558265,0.0002504909062,0.0005193856778,0.0001519830112,0,0,0.06907924265,0.8305494189,0.06909874082,5.957037138e-05,0.0001597688533,0.01222803444,9.005923494e-05,0.2207490057,0.002863195026,0.0005562290316,0.0004465185339,0.04075516388,0.00192709337,0.02234678715,0.01257624757,0.0009150950355,2.469519131e-05,0.0003407022159,0.01439884119,0.006242014002
107,6.240003859e-05,2.320223393e-05,3.375035521e-05,1.200798579e-05,0.00697661005,0.04064292461,0.0162686538,5.72397621e-05,8.35423707e-05,0,5.536375465e-05,0.0007291963557,0.0001664312585,0,0,0.0003272406757,6.434332136e-06,0.0001662035647,0.0003197366896,0.0002661153267,0.0001648262987,0.0002509431506,0,0.0005218776641,0,8.003729454e-05,0.0004561453534,0,0.001629353035,0.0001973300532,0,0.001116014901,0.0002638054721,0,0.0002120751597,7.344616461e-05,0.0004766538332,0,0,0,0,0,0,0.0003549176035,0,0,0,0,0.0006934828707,0,0.0009237203049,0.0002514419321,0,0,0,0,0,0,9.135177947e-07,0,0,0.0001747709903,0.0005629075458,0.0001118301443,0,1.156737017e-05,0,0,0,8.479116332e-06,0,0,0.002380952472,0,0,0.0008032069891,0,0,0,0,0,0.0003699874796,0,0,0.0001924606913,0.0001084295654,0,0,0.0002148546046,9.142706404e-05,0,0.0001352403488,0.0001413742284,0.0492266342,0.0229390543,0.05188507959,0.01254702546,0.02852119878,0.02636233531,0.0008331158897,0.006284717005,0.004293266684,0.002469312167,1.221415005e-05,1.449135107e-05,2.066369461e-06,0,2.93360273e-07,0.001245154999,4.069261195e-06,6.54622927e-05,0,0.0002076217061,2.476066356e-06,9.511619282e-06,1.62701042e-07,0.0001916293259,0.003152667545,2.204014163e-05,0,0.0001698229753,0.0001194203505,3.621483529e-06,0.02374427766,0.8257889152,0.07322087884,5.684750704e-06,9.735693311e-06,0.0006620986969,0.0002480366384,0.2410415858,0.003982149065,0.0006437983247,9.625447274e-05,0.009093303233,0.0003050443775,0.004101018887,0.004295583814,0.0002284948714,3.996292889e-06,0,0.00669879606,0.002670262009
108,1.423744015e-05,2.584832373e-06,1.883103687e-05,6.292958915e-06,0.005008255132,0.01365441084,0.006696930155,2.136502553e-05,1.002100726e-05,0,1.845794759e-05,2.078087709e-05,4.29657739e-05,0,0.002380952472,3.944267883e-05,6.170998677e-05,4.486086254e-05,3.11414733e-05,0.000179503244,9.898596909e-05,7.296816329e-05,0,0.0009449546342,0,5.990091813e-05,0.0002741627395,0.0001235951204,0.0002352697047,0.0006083667395,0.0006456821575,0.0001242744765,0,0,0.000326168607,0.0001362666517,0,0,0,0,0,0,0,0,0,0,0,0,0,0,0.001272855792,4.209059261e-05,0,0,0,0,0,0,0,0,0,0,0.0001977328939,1.093074934e-05,0,0,4.382567931e-05,0,1.064114258e-05,0,0,0,0.0003497426515,0,0,0,0,0,0,3.19258811e-06,0,6.106720684e-05,0,0,0,0,0,0,0.000149551619,0,0,0.0002249019162,6.664782268e-05,0.08838253468,0.03909429163,0.05001867935,0.01752309687,0.02058044448,0.00901493337,0.006487914361,0.004820349626,0.003591882996,0.0009700040682,5.766677987e-06,1.309579511e-05,2.566835974e-06,2.93360273e-07,0,0.004943916108,5.270908787e-06,6.89425724e-05,0,1.170772339e-05,2.033900046e-06,2.08852889e-05,7.107112765e-07,0.0001531792659,0.001847740263,4.154529597e-05,0,1.789690259e-06,0,0,0.006519271526,0.8932221532,0.1022887006,1.917607915e-05,8.948804862e-06,0.0006723423139,4.434575203e-06,0.1876687557,0.00455652643,0.001490364666,0.000459224364,0.004041989334,0.0001128123404,0.0001114455663,0.0005170688964,1.832016096e-05,4.913325392e-05,0,0.0001771377429,9.200732165e-06
109,0.05063218251,0.01791209728,0.03384136036,0.03476340324,0.3370159864,0.351400584,0.1966117173,0.05724050105,0.01246230863,0.008059349842,0.03163052723,0.08489518613,0.01583266072,0.06799352169,0.07274381071,0.06729080528,0.03021589667,0.01635438018,0.02171779238,0.01481361222,0.01451266091,0.01574636437,0.008189800195,0.004683276638,0.01647894084,0.01184060145,0.005130836274,0.002380952472,0.009523809887,0.002988575958,0.009551127441,0.009522329085,0.007947029546,0,0,0.007142857648,0.002380952472,0,0,0.007142857648,0,0.002380952472,0,0.01203128044,0.003600457916,0.00216976204,0.008561483584,0.007664951961,0.003359004389,0.00546768913,0.003737104591,0.01086782198,0.0009957039729,0,0.001257618773,0,0.001012408058,0.01715718396,0.004551072139,0.004167338368,0.00412671268,0.01133509632,0.01011156477,0.02235125378,0.0004862837377,0.003834393807,0.007491553668,0.004458089359,0.01022259332,0.01582201757,0.00133586477,0.02074550092,0.03482023254,0.005589146633,0.006841010414,0.02371915244,0.006161091849,0.006809054874,0.00258258963,0.01208198722,0.003045880701,0.0104704611,0.00691422727,0.008078725077,0.00994231645,0.01239099354,0,0.002380952472,0.05459583551,0.01010495331,0.0002580339496,0.006048789248,0.008947781287,0.0974938944,0.002172136912,0.011306189,0.00130713277,0.01122117694,0.02682686411,0.0004179758253,0.001390777412,0.006678059231,0.02448512986,0.006931280717,0.005649863277,0.001911515486,0.001245154999,0.004943916108,0,0.002174600959,0.00268931035,0.001075013191,0.01100377087,0.004091878422,0.002732162131,0.001564519829,0.005765739363,0.1252394319,0.00767833041,0.002257043961,0.0173534397,0.006740055047,0.003257778939,0.1215799227,0.7175530195,0.05890250579,0.002763356315,0.002511828206,0.009896166623,0.02144201472,0.3938092291,0.01515990403,0.00144053984,0.001088752295,0.1165825948,0.01408847794,0.09523183107,0.05506427586,0.01146767195,0.001472483273,0.001718012849,0.01509022899,0.01850771904
110,0.0007814896526,0.0001897403272,0.0005836486816,0.0001491856528,0.0704197064,0.07143577933,0.005280901212,0.001285904669,6.526315701e-05,0,0.001029314473,0.004548102617,0,0.002380952472,0,0.0007962771342,0.0005055709626,0,0,0,0,0,0,0,0,0,0,0,0,0,0,0.002380952472,0,0,0,0.001509237918,0,0,0,0,0,0,0,0,0.002380952239,0,0,0,0.01068483666,0,0.0004134752089,0,0,0,0,0,0,4.260071728e-05,0,0,0,0.0002170540829,0.001755760517,0.001176958787,0,0,0,0,0,2.610430784e-05,0,0,0,0,0,0,0,0,0,0,0.0002771769068,0.001576399896,0,0.0003356273228,0,0,0,0,0.002380952472,0.001133283717,0,0.0008408353315,0.002274287399,0.1126146019,0.07160849869,0.06640783697,0.04250125214,0.03811446577,0.04756915942,0.005438945256,0.01789186709,0.02246963978,0.001498331432,3.283118713e-05,3.46340471e-06,2.491555279e-06,4.069261195e-06,5.270908787e-06,0.002174600959,0,0.0001061132643,3.179852115e-07,0.0003977779998,1.013124893e-05,6.476160343e-05,4.24163045e-05,2.266972115e-05,0.02123108692,4.319038635e-05,0.0002561851579,0.002380952472,0,9.786397277e-05,0.04040842503,0.8503831625,0.0725466758,3.941546765e-06,0.0003638911585,0.002836030908,0.0002259337198,0.1851252317,0.001915537287,0.001114250161,0.0002629560186,0.0395123437,0.0009857501136,0.009523809887,0.01963092014,0.0008260903414,0.0001258258417,0.0005051828921,0.004902942106,0.0015702768
111,0.002100702608,0.002277593361,0.003447002964,0.003049650695,0.08290430903,0.09798806161,0.08808266371,0.002594396239,0.000318583101,0.0007242282736,0.001013258589,0.005123253912,0.0003001510631,0.006327006966,0.01148913708,0.002204461722,0.0007487410912,0.0003313836642,0.0004792223335,0.0002346379042,0.0002555591345,0.000742113858,9.093094559e-05,0.002380952472,0.0004793604312,0.0002133201488,0,0,0.006047690753,0.001286269282,0.0005469464813,0.0003318789531,0.001215961063,0,0,0.0005179691943,0,0,0,0,0,0.00134131487,0,0.0002096284588,0.0005386818666,0.0006578307366,3.559103425e-05,2.461260192e-05,0.0001161581822,4.041129796e-05,0.0001216935634,0.000174660745,0,0,0,0,0,0.000239466608,0.0002968567715,0.0005782928201,0,0.0002175609407,0.000241841859,0.0003691523452,6.443342136e-05,0.0004249558842,0.0002924892178,0.0002934190561,0.0002050262556,0.0002581133158,5.749426418e-05,0.005743149202,0.001016991329,4.90676066e-05,9.05893321e-05,0.009117215872,0.0004434685688,0.0005774838501,9.083958139e-05,0.0003008102067,0.0005446420982,0.0002271572885,0.0003840391873,4.007065945e-05,0.0001568222069,0.0006558783934,0,0,0.01453110576,0.001558271819,0,0.0001785457425,0.0001935581386,0.1798641235,0.01226206124,0.0159006305,0.008567211218,0.01938088611,0.002163603203,0.0006310323952,0.0001814453572,0.0003369968908,0.003755103797,0.0004041649518,0.001582987839,0.0008332450525,6.54622927e-05,6.89425724e-05,0.00268931035,0.0001061132643,0,4.22918356e-06,5.3938169e-05,2.632941869e-05,0.002583050169,0.0001003530269,0.0008842474199,0.04687849805,0.004078376573,0.001112100203,0.001027332735,8.14973464e-05,0.0004044245579,0.1025839895,0.8964964151,0.1399800926,8.927991985e-06,0.00252368697,6.845693133e-05,0.0006497626309,0.207936734,0.00851077307,0.004177455325,0.0001281624864,0.1170567274,0.01929115877,0.02993807755,0.04816536233,0.003517149016,0.0007260460407,0.0001122484755,0.0002699504257,0.0002802637173
112,0.0002856220817,4.316297054e-05,0.0002646168286,0.0001306381455,0.04960237816,0.03631170467,0,0.0006358641549,0.0006735525094,0,0.001000686432,0.003078358714,0,0,0,0.002533655148,0.0001523965038,0,0,0,0,0,0,0,0,0,0,0,0,0,0,0,0,0,0,0,0,0,0,0,0,0,0,0,0,0,0,0,0,0,0,0,0,0,0,0,0,0,0,0,0,0,0.0003299243108,2.18154546e-05,0,0,0,0,0,0,0,0,0,0.0001760629384,0,0.002380952472,0,0,0,0,0,0,0,0,0,0,0,0,0,0,0,0.0006886335905,0.000517931825,0.06246546656,0.01094323676,0.009624187835,0.009843857028,0.01918893121,0.01385743171,0.0002928649192,0.002409565495,0.0002098638506,0.002351122908,4.595307473e-06,5.061270713e-06,0,0,0,0.001075013191,3.179852115e-07,4.22918356e-06,0,0.0003767056332,1.564454692e-06,2.644920824e-05,0,8.582203009e-06,0.008641232736,0.0001263461309,0,0,0,0,0.01572301425,0.7734313607,0.07936653495,1.416384407e-06,2.22650433e-05,0.002380952239,0.001084316522,0.2119249552,0.003413830418,0.0003661504888,1.622141099e-05,0.03602010384,0.001244582818,0,0.008494060487,0.001710259123,0,2.23338684e-05,0.004761904944,0.0007795178099
113,0.001354252687,0.0009495270206,0.002998369746,0.002103613922,0.05922700465,0.1145121381,0.033706218,0.00255921483,8.03050134e-05,0.0003522058541,0.0006203877274,0.001368099591,5.340194912e-05,0.002357627032,0.008383695967,0.0007565768901,0.0005251642433,0.0004520976217,0.0003461423912,0.0004314954567,0.0008215343696,0,0,0,0.001127367723,0.0002366098197,0.0001240932179,0,0.0006056540878,0.0003419337736,0,0,0,0,0,0,0,0,0,0,0,0,0,0.0003650519939,0.0006841984577,0.0004007310199,2.487164602e-05,0.001365477801,0.000242535607,0,0.0003044143668,3.420827125e-05,0,0,0,0,0,2.081540879e-05,1.674738633e-05,0.0004021592904,2.02401352e-05,0.0001020599375,9.394216613e-05,4.807678488e-05,0,0,9.281913663e-06,0,4.083871681e-05,2.268023309e-05,1.260287718e-05,0.0002545867465,0.001034587971,4.148679e-05,2.796586341e-05,0.0008803603705,0,0,0,3.054901026e-05,0.0001086609991,8.623699978e-05,0,0.0001657394168,0,0,0.001567549538,0,0.001522696111,6.095339995e-05,0,0.0001822823251,0.0001123979746,0.1766495854,0.04699921981,0.07170122862,0.02789690904,0.04280203208,0.00644641649,0.006710653193,0.003755976912,0.003231874434,0.001943811425,0.0001552259928,0.0007773041143,0.001388254808,0.0002076217061,1.170772339e-05,0.01100377087,0.0003977779998,5.3938169e-05,0.0003767056332,0,3.079266389e-05,0.00142763101,2.315060738e-05,0.0005866034189,0.03442317247,0.0009988984093,0.0006376847741,9.603944818e-06,6.282900813e-06,9.297779798e-06,0.02499531955,0.9226450324,0.1565602124,0.0001625545556,0.001429572585,6.449338252e-05,3.986556476e-05,0.1964527816,0.005668372847,0.007209696341,0.0009422041476,0.07760293782,0.007834399119,0.001062315423,0.01761328988,0.0002872666228,0.001597223571,0,0.0002403497201,2.469357059e-05
114,0.000261387846,0.0001688318007,0.0004511668812,0.0003422153532,0.02589602582,0.0670497492,0.03022804111,0.000478582253,9.111277177e-05,0.0001155055361,0.0003903568722,0.001099508489,0.0001656942914,0.004732068628,0.006209704559,0.0009358768584,2.77864674e-05,0,0,0,0,7.819268649e-05,0,0,0,0,0.0007974587497,0.003344359342,0.0006736994255,0.000503022573,0,0,0,0,0,0,0,0,0,0,0,0,0,0.0002384263062,0,0.0008372768643,0.0001216883174,0,0.0001986249263,0,0.0001539465156,4.423427981e-06,0,0,0,0,0,1.392360264e-05,7.955691217e-06,0,0,0,8.637237624e-05,3.412287697e-05,0,0,0,0,0,0,0,0,0.0003032442473,2.720609518e-05,0,0,0,0,0,2.019708336e-05,3.179987834e-05,8.849849837e-05,0,4.116016498e-05,6.570421101e-05,0,0.001142324531,0.0003787842579,0.003471394302,0.000501992763,0,0.0003333878412,8.191473171e-05,0.08079974353,0.03389675915,0.06133303791,0.02587217838,0.03552163765,0.02969513275,0.00291621685,0.004960149992,0.0046470128,0.001021900214,1.866897401e-05,0.0001740491862,8.053777128e-05,2.476066356e-06,2.033900046e-06,0.004091878422,1.013124893e-05,2.632941869e-05,1.564454692e-06,3.079266389e-05,0,0.0003304733254,6.124385891e-06,0.0001926850964,0.008803362958,0.0004253796651,0,4.165279097e-05,4.416532192e-06,3.27935345e-06,0.04736435041,0.8917121291,0.1189596206,4.275415904e-06,0.0005841918755,0.0008231665124,4.511500447e-05,0.1633550823,0.004990901332,0.001704661874,0.000218634159,0.04971623793,0.002372341929,0.009435581975,0.016149804,0.0002444637066,0.0001440153865,3.826226384e-05,0.001900078962,0.0002077659447
115,0.001661229529,8.582076407e-05,0.0008172143134,0.0002794351603,0.1406224966,0.1436656415,0.03323486075,0.003809160087,0.000245278643,0.000145943297,0.0003285990388,0.00073137664,0.002717430936,0.003734213999,0.004761904944,0.002098605037,0.002326000715,0.001465583453,0,0.001640642644,0.002380952472,0.002644401044,0,0,0.0001141775283,0.0004892263096,0,0.0008696503355,0,0.001598839299,0,0.002380952472,0,0,0,0.002380952472,0,0,0,0,0,0,0,0,0,0.001555100898,0,0,0.01172769722,0.002380952472,0.004625338595,0.0006203257362,0,0,0,0,0,0.0006193126901,5.979091657e-05,0,0,0.0002646268695,0.005034813657,0.001479492057,0,0,0.002380952472,0,0.0001170460091,0.0004799541493,0,0.002380952239,0.003388496349,0.0009041891317,0,0.000571444747,0,0.0001269722998,0,0.002716251882,0,0.007686206605,0,0.0002814868931,0.002380952472,0.0003136757005,0,0,0.003921201918,1.901933683e-05,0,0.003939736169,0.008699402213,0.2005412728,0.08831208199,0.1439385265,0.06662733108,0.08825081587,0.08599595726,0.005859973375,0.02584701777,0.03288281709,0.002048550872,0.0002172693203,4.749026266e-05,1.669575249e-05,9.511619282e-06,2.08852889e-05,0.002732162131,6.476160343e-05,0.002583050169,2.644920824e-05,0.00142763101,0.0003304733254,0,4.338071449e-06,0.0002762006188,0.04440677166,3.129869583e-05,5.69840995e-05,9.429764032e-05,0.000136346076,1.93799724e-06,0.05531201512,0.8585491776,0.07570602,0.0002017538063,6.456208212e-06,0.008692977019,0.001228956971,0.1920553148,0.002553678118,0.0007550906739,0.0009830628987,0.01840141416,8.474021888e-05,0.0208037477,0.006056279875,0.000113813483,7.263730367e-06,1.877825753e-06,0.0153066786,0.002988901921
116,4.087494381e-05,1.309625895e-05,4.003713912e-05,9.858301382e-06,0.01306377724,0.07712057233,0.006018028595,0.0001151202887,6.08419532e-06,0,7.127904973e-05,3.021456905e-06,0,0.002380952472,0,0.0001658982947,0,0,0,0.0003831769282,0.0004561902897,0.0004270945501,0,0,0,0,8.756609895e-05,0,0,0.0004881672794,3.385104719e-05,0.0001663357107,5.209628944e-05,0,0,0,0,0,0,0,0,0,0,0,0,0,0,0,0,0,0,0.000189288301,0,0,0,0,0,0,0,0.000209297621,0,0,0,1.606683873e-05,0,0,0,0,0,3.018411553e-05,0,0,0.0003549367539,0,0,0.0001447097311,0,0,0,4.21971672e-05,0,0.0001284197351,0,0,0,0,0,0,0.0002026087604,0,0,0,0.0002079290862,0.0955607295,0.03111709096,0.05764487386,0.02650938742,0.02698432654,0.01758497395,0.0006983746425,0.003565248335,0.003763084067,0.003602933371,7.727641059e-05,1.682686525e-05,9.387791579e-06,1.62701042e-07,7.107112765e-07,0.001564519829,4.24163045e-05,0.0001003530269,0,2.315060738e-05,6.124385891e-06,4.338071449e-06,0,0.0004642956483,0.00878783036,6.980550097e-06,1.392813738e-05,0,0,4.335921631e-07,0.02745257504,0.8290365338,0.08346041292,2.795278124e-05,1.516444445e-05,0.0007928358391,0.0001500218787,0.2332497686,0.00508137187,0.001103706076,0.0001721527369,0.006367705297,0.0001559875673,0.002213834319,0.001215072116,9.395166671e-06,1.600654514e-06,1.544783856e-07,0.0008608524804,0.0003701862297
117,0.004744470119,0.001870917156,0.002806350356,0.002529148012,0.1510124356,0.129839927,0.04547803849,0.005540112965,0.001104824478,0.002609594492,0.003726944793,0.008033959195,0.00760988472,0.01941264607,0.002380952472,0.006291431375,0.000350606133,0.0003672591411,0.000394577306,0.002892045071,0,0.0009509111987,0,0,0.003059019567,0.003714026185,0,0.00132129679,0.0007332990644,0.0004095527984,0.0006608498516,0,0,0,0,0,0,0,0,0,0,0,0,0.004263262264,0.005743547343,0.0007076650509,0.004115928896,0.005065890495,0.009008976631,0.004147014115,0.003413420869,0.0006003602757,0,0,0,0,0.0001346424251,0.0002107885666,9.113491978e-05,0.004761904944,0,0.0004874260048,0.003687461605,0.002012061886,0,0,0.0004547945573,0.0002634762495,0.002317448147,0.0005097343237,0.0004756157286,0.003148833988,0.005171311554,0.0005122303264,0.001241163234,0.005609050859,0.0002858432126,0.001347251469,0,0.001072842628,0.001072033425,0.005895580631,0,0.0001549841836,0.0009165920783,0.002482660813,0,0,0.0153409224,0.003216710873,0.0003356320667,0.005547865294,0.006833144464,0.2015494257,0.1069623604,0.1647817343,0.07935428619,0.08964660019,0.07336004078,0.01611205935,0.03382946178,0.0267192442,0.0004579581437,8.972445357e-05,4.241328497e-05,0.0001425184746,0.0001916293259,0.0001531792659,0.005765739363,2.266972115e-05,0.0008842474199,8.582203009e-06,0.0005866034189,0.0001926850964,0.0002762006188,0.0004642956483,0,0.03826848045,0.0002583200985,0.002222960582,0.004665429238,0.0002379267098,0.0004251412465,0.07768769562,0.8906844258,0.07740870118,7.775869744e-05,0.0007299388526,0.005211313721,0.002172143199,0.1374665499,0.00135491183,0.0002078636171,0.0002991977963,0.05596433952,0.001784903463,0.02886015549,0.03815757856,0.003251478309,0.0007807082147,0.0008868119912,0.008242270909,0.003263810184
118,0.0953265205,0.01009264123,0.02671694569,0.0320732072,0.2746630013,0.34233132,0.04852023721,0.1118097156,0.07197958231,0.0149496831,0.07323540747,0.05955892801,0.09082613885,0.06575293839,0.01258348115,0.07934389263,0.08595680445,0.06172154844,0.0543680042,0.07271263003,0.05872826651,0.03677837923,0.02002125792,0.02059385367,0.03179123253,0.04067511111,0.03879867867,0.02724055015,0.04329872131,0.03850363567,0.04474529624,0.03351354226,0.01378358062,0.007142857648,0.01243703533,0.01602887176,0.02211380005,0.002380952472,0.004392574541,0.004761904944,0.004761904944,0,0,0.08799062669,0.1056164801,0.08850540966,0.09566885233,0.09255200624,0.1099751368,0.09919968247,0.10704346,0.07472216338,0.0345671922,0.01585613191,0.01183464192,0.01295923255,0.01695278473,0.04188843071,0.02057611383,0.09034942091,0.02193806134,0.0667790398,0.0889865905,0.06771346182,0.01465913374,0.02044861577,0.05522492155,0.03421192244,0.07508476079,0.04349396378,0.01441378053,0.008162339218,0.08265030384,0.04843956977,0.0778586939,0.009168538265,0.005810824689,0.005743878428,0.01608072035,0.06308463216,0.004054914229,0.08816026151,0.04809438437,0.0702547878,0.07952722907,0.06948179752,0.03136147931,0.008613148704,0.003426864278,0.008279817179,0.01135138143,0.09525404125,0.08354146779,0.2930015028,0.1670863032,0.142731294,0.1667029858,0.1659618318,0.1322699338,0.1506592631,0.1150335968,0.09835634381,0.01271679532,0.002159252064,0.006975647528,0.03239558265,0.003152667545,0.001847740263,0.1252394319,0.02123108692,0.04687849805,0.008641232736,0.03442317247,0.008803362958,0.04440677166,0.00878783036,0.03826848045,0,0.001977452775,0.01142652333,0.003898664378,0.02027415857,0.006328996271,0.01601628587,0.6573597193,0.22510162,0.04112960398,0.04395239055,0.06627020985,0.06193001941,0.1349650174,0.07076063752,0.1031933799,0.08947178721,0.008391714655,0.01500526071,0.01093546208,0.009414866567,0.003291176632,0.04136964306,0.007394402288,0.07145593315,0.05982091278
119,0.0008626049967,4.882882422e-05,0.0001549181907,0.0001057963527,0.1293304563,0.09676375985,0.008695541881,0.003006423591,0.000882354856,4.194465873e-05,0.001474359073,0.001422247617,0.004135254305,0.001739597064,0,0.00320771127,0.001669581281,0,0,0,0,0.0006998031167,0,0,0,0,0,0,0,0,0,0,0.0006968060625,0,0,0,0,0,0,0,0,0,0,0.002380952472,0,0.002380952472,0.005297318101,0.004761904944,0.009947833605,0.0009419168346,0.0131333489,0.01078860927,0,0.0006226802361,0,0,0,0,1.469335621e-05,0,0.0007867089589,0.001808297122,0.01329575572,0.006670270115,0.0001113093895,0,0.004761904944,0,0.000279664644,4.112034003e-05,8.13977822e-05,0.004068874754,0.003005474107,0.0003105610085,0.002389431931,0,0,0,0,0.002839575987,1.671221253e-05,0.007141840644,0.0001532715396,0,0,0.002380952472,0,0,0.0003150632838,7.649337022e-06,0,0.01193030272,0.006593021099,0.2257716507,0.09572631866,0.1010291129,0.08686042577,0.1007502526,0.05179949477,0.02036829107,0.04207962006,0.03156391159,0.000978569733,2.796619083e-05,9.434132153e-06,0.0002504909062,2.204014163e-05,4.154529597e-05,0.00767833041,4.319038635e-05,0.004078376573,0.0001263461309,0.0009988984093,0.0004253796651,3.129869583e-05,6.980550097e-06,0.0002583200985,0.001977452775,0,1.415687893e-05,3.694741463e-05,0.0001190019029,0,0.006431823131,0.8685960174,0.08959599584,0.0003212824813,0.0001158699088,0.01015753113,0.00333045912,0.1638414115,0.00258133118,0.001319773146,0.002505527344,9.610816778e-05,1.361390605e-05,0.003762148786,0.0004361536121,5.65032542e-06,7.63191274e-05,4.417149285e-06,0.00538069848,0.001950670965
120,0.0001004508304,1.890691237e-06,5.693732601e-05,6.512246728e-06,0.05656067654,0.02293076366,0.003191249212,0.0004776212154,8.140078535e-06,0,9.215094906e-06,8.260438335e-05,0.000742344535,0,0,0.0001995488565,0.0001179011524,0.000516331289,0,0.0005091627827,0,0,0,0,0,0,0.001530137728,0,0,0,0,0,0,0,0,0,0,0,0,0,0,0,0,0.001417099033,0,0,0,0.002380952472,0,0,0.0006708592991,0,0,0,0,0,0,0,0,0,0,0,0,0.003405230818,0,0,0,0,0.0003086910583,0,0,0,0,0.001398673048,0,2.628346692e-06,0,0,0,0,0,0.001117214561,0,0,0,0.0001509779104,0,0,0,0,0,0,0.001452307915,0.1576276869,0.02016922459,0.03618149832,0.04275138676,0.04227129743,0.01811941527,0.009000199847,0.01615511253,0.01545712631,0.004984498955,5.247247827e-05,0.0001017899776,0.0005193856778,0,0,0.002257043961,0.0002561851579,0.001112100203,0,0.0006376847741,0,5.69840995e-05,1.392813738e-05,0.002222960582,0.01142652333,1.415687893e-05,0,0,9.233574383e-05,1.895424975e-05,0.004134551622,0.8230392933,0.08816318214,7.562877727e-05,6.824687944e-07,0.002061322331,0,0.2257666141,0.004319824278,0.001459564432,0.001543772873,0.0003536948643,1.96901583e-05,0,4.469165106e-06,0,6.302607858e-07,0,0.0002450606262,0.0009288783767
121,0.000141489727,6.211369509e-06,5.105817399e-05,9.021900951e-06,0.2604118884,0.1441572607,1.501357656e-05,0.0005966807366,3.8825724e-06,0,9.058447176e-06,1.589983731e-05,0.0004906568211,0.002380952472,0,0.0001084259638,0.0001419476612,0,0,0.0002106519969,0,0,0,0,0,0,0,0,0.001100534922,0,0,0,0,0,0,0,0,0,0,0,0,0,0,0,0,0,0,0,0,0.002380952472,0.0002434019407,0,0,0,0,0,0,0,0,0,0,0,0.0006450475194,0.000525699812,0,0,0,0.000144719379,0,0,9.694325627e-07,0,0,0,0.000540882058,0,0,0,0,0.000146083592,0,0.0008052635239,0,0,0,0,0,0,0,0,0,0,0.0005780244828,0.2844623327,0.03034324758,0.02551668882,0.0546672307,0.03975421563,0.0007590507739,0.01489786804,0.02679464407,0.008259813301,0.003268127795,0,0.0001626345038,0.0001519830112,0.0001698229753,1.789690259e-06,0.0173534397,0.002380952472,0.001027332735,0,9.603944818e-06,4.165279097e-05,9.429764032e-05,0,0.004665429238,0.003898664378,3.694741463e-05,0,0,0,2.007065945e-07,0.0002362055238,0.9725676179,0.1046294868,0.0001309302315,0,0.0001045535391,0,0.265878588,0.004627401009,0.006414412521,0.005428086035,0.0005059076939,2.377619967e-05,2.065521301e-07,1.944755059e-05,2.078918584e-07,7.144489064e-05,0,1.205888748e-05,1.003248144e-06
122,0.0002518638212,8.574366075e-05,0.0004432411224,0.0001578324009,0.05945146829,0.03385298699,0.001728871139,0.0009541397449,0,0,6.181054778e-05,0,0,0.002380952239,0.002380952472,0.001331155421,0,0,0.0001927673147,0,0,0,0.002380952472,0,0,0.00146131136,0,0,0,0,0,0,0,0,0,0,0,0,0,0,0,0,0,0,0,0,0,0,0,0,0,0,0,0,0,0,0,0,0,0,0,0,5.991405123e-05,3.367607496e-05,0,0,0,4.060529318e-05,0,0,0,0,0.0001470991556,0,0.002380952472,0,0,0,0,2.96094845e-06,0,8.034950588e-05,0,0.0002798178757,0,0,0,0,0,0,0,0,1.433958096e-05,0.1837426424,0.0256860517,0.008037291467,0.01926692203,0.0191898793,0.004869628232,0.003846697509,0.003317066235,0.002191739855,0.001075408305,4.922445441e-05,0.0007225937443,0,0.0001194203505,0,0.006740055047,0,8.14973464e-05,0,6.282900813e-06,4.416532192e-06,0.000136346076,0,0.0002379267098,0.02027415857,0.0001190019029,9.233574383e-05,0,0,0,0.0005442535039,0.8086456656,0.09116079658,0,0,0.0001370830141,0,0.1656466573,0.003102566581,0.004280644469,0.003188049886,0.007546622306,0.0004819275637,5.453538961e-06,0.0001181273692,4.78344964e-06,0,0,7.31121836e-05,1.096154392e-06
123,2.629861228e-05,6.246713383e-06,2.634492375e-05,2.5454774e-06,0.03101330437,0.05880934745,0.008082827553,9.691894229e-05,0,0,6.356475296e-06,0,0,0,0.002380952472,0,5.814868928e-05,0,0.0002520683047,0,0.0002290806879,0,0,0,0,0,0.0003326165315,0,0,0.0001029764244,0,0,0,0,0,0,0,0,0,0,0,0,0,0,0,0,0,0,0,0,0,0,0,0,0,0,0,0,0,0,0,2.333962584e-05,0,0,0,0,0,0,0,0,0,0,0.0003917957947,0,0,0,0,0,0,3.121532791e-05,0,0.0001372062106,0,0,0,0,0,0,0,0,0,0.0003800763516,0,0.2540585995,0.03935740143,0.02865365893,0.017405333,0.02068753727,0.004471422173,0.002434574766,0.007948611863,0.007462521084,0.002652951749,0.000134890448,6.759792996e-06,0,3.621483529e-06,0,0.003257778939,9.786397277e-05,0.0004044245579,0,9.297779798e-06,3.27935345e-06,1.93799724e-06,4.335921631e-07,0.0004251412465,0.006328996271,0,1.895424975e-05,2.007065945e-07,0,0,0.01107999869,0.885348618,0.07927958667,7.408524834e-05,3.998267402e-06,0.0003614607558,0,0.2153220922,0.003725555493,0.002376600401,0.0008647848736,0.001893407898,3.556499723e-05,8.766153042e-05,0.0003588011023,6.994524938e-06,4.778552466e-06,2.870430308e-06,0.0003395612584,3.110022953e-05
124,0.03268450126,0.0002682867344,0.0004340933228,0.003956243861,0.3406673074,0.04532163963,0.0002042411797,0.01942310669,0.0270984564,0.0003028747742,0.002426680876,0.007143612485,0.03812676668,0.0008759332122,0.0002544091549,0.01321862265,0.006082803942,0.002380952472,0,0.002380952239,0,0,0,0,0,0.002380952239,0.008267587051,0.004761904944,0.002380952239,0,0,0,0.002380952472,0,0,0,0,0,0,0,0,0,0,0.005824170541,0.005010328256,0.0127973957,0.02307610773,0.01272576116,0.0340622887,0.02578389831,0.05107085407,0.04355054349,0.0009745912394,0.007142857648,0.002380952239,0,0.003633505432,0.04372371733,0.00940375682,0.01160363015,0.002380952472,0.03191220015,0.08188491315,0.1076504514,0.002380952472,0.01336768083,0.01473951526,0.02004005201,0.01672699675,0.02505146153,0.0115592666,0.0002419258672,0.01190880965,0.02847180702,0.03809513152,0.000216073764,0.0005757597974,6.519166163e-06,0,0.02745419368,0.0005853436305,0.08382232487,0.008390283212,0.02221950702,0.02202591673,0.01820811629,0.0001089731013,0.000138643125,0.0002078186517,0.0003004418104,0,0.02940331772,0.04188648239,0.3398664594,0.1060096174,0.1424601823,0.1207889244,0.107487835,0.07746426016,0.1087609082,0.1135135219,0.1018970236,0.08685420454,0.04412252456,0.03778841347,0.06907924265,0.02374427766,0.006519271526,0.1215799227,0.04040842503,0.1025839895,0.01572301425,0.02499531955,0.04736435041,0.05531201512,0.02745257504,0.07768769562,0.01601628587,0.006431823131,0.004134551622,0.0002362055238,0.0005442535039,0.01107999869,0,0.8519843817,0.2685058117,0.08371216059,0.0154849682,0.03767804056,0.002847338794,0.4903219938,0.06826398522,0.07106400281,0.09954538941,0.0004964157706,0.0002802509989,0.0001408296666,0.0002362349333,0.0006029419019,0.05534478277,0.008171309717,0.006310645957,0.00262940838
125,0.9701758623,0.8930518627,0.9309842587,0.901374042,0.9843133688,0.986528039,0.9196049571,0.9708124995,0.8994852304,0.7039471865,0.9297474027,0.8896718621,0.9347141385,0.8570727706,0.7158650756,0.9027947187,0.8653911948,0.6386206746,0.7105727196,0.7497573495,0.7430787086,0.615318656,0.3864061534,0.2734692395,0.6950267553,0.7196824551,0.5091539025,0.1879436821,0.2892956138,0.4545793831,0.3911624551,0.2872603536,0.2302596569,0.1298133135,0.2323200703,0.359972626,0.2383838892,0.04896286875,0.07441520691,0.2057553679,0.08841674775,0.1153638586,0.02142857201,0.8887735605,0.8984206319,0.8329167962,0.9062954187,0.9260775447,0.9342173338,0.9061633348,0.9146301746,0.8997827172,0.30997473,0.2203112394,0.2363544554,0.2651192844,0.4397314191,0.8703890443,0.8680764437,0.7405537963,0.3660776317,0.7703376412,0.9058440328,0.9241400957,0.5847735405,0.6911965609,0.5960205793,0.7070616484,0.8981450796,0.8668467402,0.8286027908,0.5932143331,0.8854729533,0.7228129506,0.8312615752,0.6022444963,0.3609816134,0.4440018237,0.6631541252,0.9200717807,0.8334457278,0.9086059928,0.4753058553,0.8340123892,0.8480434418,0.8415744901,0.3687392175,0.305821687,0.7922862172,0.8237338662,0.6884588599,0.9180566072,0.9085681438,0.9557839036,0.8551011682,0.8878962398,0.873146534,0.8871750236,0.9402317405,0.8257390857,0.8812476397,0.9273846149,0.8457977772,0.8629457355,0.8754261136,0.8305494189,0.8257889152,0.8932221532,0.7175530195,0.8503831625,0.8964964151,0.7734313607,0.9226450324,0.8917121291,0.8585491776,0.8290365338,0.8906844258,0.6573597193,0.8685960174,0.8230392933,0.9725676179,0.8086456656,0.885348618,0.8519843817,0,0.842790246,0.8773453236,0.8462045193,0.9473818541,0.9561433196,0.9390100241,0.9210907221,0.8916970491,0.8518773913,0.7925108075,0.8632183075,0.9142563939,0.8525220752,0.9121195078,0.8326839805,0.8340515494,0.9788972139,0.9583343863
126,0.3352191448,0.1175759211,0.1857034117,0.161737904,0.6753913164,0.5865144134,0.3326050341,0.3449362814,0.1662172675,0.09396643937,0.1973088682,0.2314685881,0.195307672,0.1844006181,0.1113740951,0.2296787649,0.1788939089,0.05960507318,0.07871735096,0.10566172,0.09686903656,0.07161994278,0.02189071663,0.01225521974,0.06776370108,0.06297588348,0.06253092736,0.02619047649,0.02093268,0.05943372473,0.03918903694,0.03185139224,0.01539959293,0.002380952472,0.0311455708,0.0316436477,0.007142857648,0.002380952239,0.002380952472,0.007142857648,0.0142857153,0.004761904944,0,0.142982468,0.138629064,0.1658280939,0.1469475776,0.1646142155,0.1825859547,0.1604799479,0.1850387305,0.1647906303,0.06531940401,0.03530034795,0.02911516652,0.0347819142,0.06735351682,0.1594742984,0.1180979535,0.1195615828,0.05388789624,0.1522725523,0.1799246669,0.1828509569,0.07313732058,0.06975646317,0.1184564307,0.1090563983,0.1735938936,0.129668504,0.08292447031,0.05731289089,0.1943393201,0.1247579455,0.1499086469,0.05832536146,0.06397774071,0.06670793146,0.08024998754,0.1573048383,0.07833185792,0.1800886095,0.08355561644,0.14242962,0.1587131619,0.1439121068,0.04186461493,0.03668238968,0.09785663337,0.08141686767,0.08292322606,0.1798859835,0.1811017543,0.4665663838,0.2334965616,0.3312774897,0.1747656763,0.2089252323,0.2868709266,0.1002661958,0.1570333689,0.1772617549,0.1045743525,0.09845029563,0.0852784887,0.06909874082,0.07322087884,0.1022887006,0.05890250579,0.0725466758,0.1399800926,0.07936653495,0.1565602124,0.1189596206,0.07570602,0.08346041292,0.07740870118,0.22510162,0.08959599584,0.08816318214,0.1046294868,0.09116079658,0.07927958667,0.2685058117,0.842790246,0,0.08872963488,0.07660868764,0.1631446928,0.1766713411,0.3865864873,0.05462160334,0.04732985422,0.06175993755,0.2379288673,0.0907310769,0.1574866772,0.1680011749,0.09088815749,0.07631701231,0.08118742704,0.1798899621,0.1626327932
127,0.002021108521,0.001040312694,0.002692034468,0.002402688377,0.0606559962,0.09851073474,0.05064571276,0.00327884662,0.0001650124177,0.002870762488,0.001798443263,0.005308610853,0.001930246595,0.0106240809,0.006437000819,0.003116657492,0.0006314240163,0,0.0008458014927,0.0003891168453,0,0,0,0,0,0.000298006431,0.002465045778,0,0,0.001743430505,0,0,0,0,0,0,0,0,0,0,0,0,0,0.0005801471416,0.0005077360547,0,0,0.0008028278826,6.378410035e-05,0.0001791173563,0.000512073806,8.872590115e-05,0,0,0,0,0,0.0001702243753,2.816393135e-05,5.724269795e-05,0,4.370545867e-05,0.0003881565062,0.0003461637534,0,0,4.201351112e-05,0,0.0009314611088,0,0,0.001397264656,0.00301837502,0.0002714189177,0.0001491012372,0.002387344837,0,0,0.002380952472,0.0009272337775,0,0.0004184825812,0,7.456621097e-05,3.692229438e-05,0.0001589008461,0,0,0.01189248264,0.000358888763,0.000250718731,0.0004973451723,0.000188465172,0.1379713714,0.03332162276,0.0714077726,0.0294949878,0.04620935023,0.01896730065,0.001678533037,0.001868652995,0.007206461392,0.003181553679,0.0001621807169,0.0001601207186,5.957037138e-05,5.684750704e-06,1.917607915e-05,0.002763356315,3.941546765e-06,8.927991985e-06,1.416384407e-06,0.0001625545556,4.275415904e-06,0.0002017538063,2.795278124e-05,7.775869744e-05,0.04112960398,0.0003212824813,7.562877727e-05,0.0001309302315,0,7.408524834e-05,0.08371216059,0.8773453236,0.08872963488,0,0.0003892746463,0.0002979109122,0.003236381104,0.2060411423,0.0036766876,0.0008378998027,3.516369543e-05,0.08400321752,0.003320237156,0.02845271118,0.02474511787,0.003124837764,6.152946298e-05,4.786302816e-05,0.002422259422,0.001970576122
128,0.0006396743702,1.814403731e-05,0.000551445235,0.0001939453941,0.161080122,0.1399652213,0.01432621665,0.003017677693,0.0001725130569,2.343689084e-05,0.0001322524913,0.000453362125,0.0003504084016,0.000498267822,0,0.001333530527,0.0003694707993,0,0,0,0,0,0,0,0,0,0,0,0,0.002380952239,0,0,0,0,0,0,0,0,0,0,0,0,0,0,0.0005293320282,0.002380952472,0.002380952472,0.002380952472,0.002717726631,0,0.002380952472,0.0006102767074,0.0005020924727,0,0,0,0,0.0003870726505,0.0005243094638,0,0,0,0.002572030528,0.003136079293,0,0,0.002101215767,0,0,8.663218614e-05,0,0,0.000622986292,0,0.0008583411691,6.434577699e-06,1.169481129e-05,3.983566785e-06,0,0.00139108079,0,0.0035210934,0,0,0,0.0006765909493,5.969514677e-05,0,1.920340401e-05,9.917926945e-06,0,0,0.0009112653788,0.1974369884,0.06227597967,0.1010966077,0.04164714366,0.07149709761,0.05409365892,0.006611311343,0.0176676251,0.02533865161,0.003190960037,0.0004353953118,0.000243408751,0.0001597688533,9.735693311e-06,8.948804862e-06,0.002511828206,0.0003638911585,0.00252368697,2.22650433e-05,0.001429572585,0.0005841918755,6.456208212e-06,1.516444445e-05,0.0007299388526,0.04395239055,0.0001158699088,6.824687944e-07,0,0,3.998267402e-06,0.0154849682,0.8462045193,0.07660868764,0.0003892746463,0,0.007718401495,0.004383238032,0.2118664384,0.002533289371,0.000878299179,0.001195002464,0.003718467429,1.701346991e-05,0.0005219116574,6.380662671e-05,1.623570643e-05,3.128250228e-06,4.97791325e-06,0.002429696033,0.001298609306
129,0.003590287408,0.004297949839,0.006840713322,0.00935520418,0.1781023145,0.1345236599,0.02711142227,0.004585111514,9.566335939e-05,0.001432202989,0.000474004366,0.003250136273,0.0001426498493,0.001224758802,0.002757170238,0.001056019333,0.001021683798,0.0004220854898,0,0.0002104785235,0,0.0001456784084,0,0,0.001151157427,0.0003988172975,0,0,0,0.0005313031143,0,0,0,0,0,0,0,0,0,0,0,0,0,3.491948519e-05,3.859318895e-05,2.871360266e-06,0.0001454436278,4.05218816e-05,1.565009552e-05,4.432352216e-05,2.837545981e-05,6.079054583e-05,0,0,0,0,0,0.0001609785395,0.0001425980445,0,0,5.194456207e-06,0.0002087520115,0.000194336666,0,0,0,0,0.0001125142007,0.0001368770027,0,0.002728771418,0.000603369379,0.000134204136,3.804427979e-05,0.001671008999,0.001091230777,0.000190436811,0.0004498870694,0.0001054174791,0.0002213960979,7.246439054e-05,0.0002031162439,5.075941226e-05,0.0002219609305,6.523738557e-05,0,0,0.003797204234,0.000424144906,0,1.783398329e-05,0.0001161615,0.2602756619,0.01724490337,0.01103725843,0.004876174498,0.008856298402,0.0004912581062,0.003015612485,0.0005727255484,0.000146563616,0.005007786211,0.0007806024514,0.008380475454,0.01222803444,0.0006620986969,0.0006723423139,0.009896166623,0.002836030908,6.845693133e-05,0.002380952239,6.449338252e-05,0.0008231665124,0.008692977019,0.0007928358391,0.005211313721,0.06627020985,0.01015753113,0.002061322331,0.0001045535391,0.0001370830141,0.0003614607558,0.03767804056,0.9473818541,0.1631446928,0.0002979109122,0.007718401495,0,4.868100586e-05,0.2322250456,0.01201237086,0.006123674102,0.0009792979108,0.1049159616,0.02750542574,0.001310609863,0.0258883629,0.0008741750498,0.006734801922,0.0003153551661,1.865872036e-05,2.584710273e-05
130,0.002840596018,0.0003523856867,0.004912373144,0.005767656025,0.1422640681,0.1453957111,0.001767246518,0.006088354625,0.0001867638348,0.0004844894283,0.001363681629,0.003183892695,0,0.006079773884,0,0.002154794754,0.001533453586,0,0,0,0.0002229506354,0,0,0,0.002380952472,0,0.00099732948,0,0.001249123714,0,0,0,0,0,0,0,0,0,0,0,0,0,0,0.0004751636297,0,0.0001097093627,0.0006809590268,0.0004901803331,0.0003211003786,0,3.255640695e-05,9.335864161e-05,6.265775301e-05,0,0,0,4.864106813e-05,5.164907634e-05,0,0,0,7.609365275e-05,0.0006053060642,0.0002080974227,0,0,0.0004744488979,1.495713968e-05,6.244058022e-05,4.379138772e-06,0,0.0001481496001,0.0006352379569,0,0.0002380288206,0.0001768245274,0,0,0,5.151496225e-05,3.419657151e-05,0.0001519978832,0,0,0,2.360268809e-05,0,0,0.0004156717332,6.799212133e-05,0,0.0001185450383,6.77478165e-05,0.2624400258,0.03009958006,0.03312871605,0.01627295464,0.01577956229,0.0008998240228,0.02370812371,0.004749420099,0.003570753848,0.004702342208,0.0003995735315,0.003189478768,9.005923494e-05,0.0002480366384,4.434575203e-06,0.02144201472,0.0002259337198,0.0006497626309,0.001084316522,3.986556476e-05,4.511500447e-05,0.001228956971,0.0001500218787,0.002172143199,0.06193001941,0.00333045912,0,0,0,0,0.002847338794,0.9561433196,0.1766713411,0.003236381104,0.004383238032,4.868100586e-05,0,0.2593728602,0.01511569973,0.01021371689,0.005087969825,0.04235403985,0.009863762185,3.25994115e-05,0.002256534295,6.950103125e-05,0.003143593902,0,1.13483793e-05,1.888968768e-06
131,0.469042629,0.3364008963,0.3465182185,0.3811070323,0.6838530302,0.7035163641,0.5444708467,0.4707199037,0.2796802521,0.2295809835,0.3398397267,0.4002929926,0.3355236351,0.3776526451,0.2637798786,0.3809983432,0.4310888946,0.2629594505,0.2698205113,0.3262910545,0.3117999136,0.2578390241,0.1364634186,0.09617680311,0.28355214,0.2851182222,0.2134031504,0.0939815864,0.1163104475,0.202767387,0.1603045166,0.1182394102,0.07120559365,0.02711885236,0.09192787111,0.1096637323,0.09252934903,0.005385190248,0.007999978028,0.06746246666,0.02081190422,0.03228407353,0,0.310488224,0.3072344363,0.3227835894,0.3140268624,0.3121723533,0.3237984478,0.3292087018,0.3186273277,0.2738241851,0.144835785,0.07792679965,0.09645691514,0.08888515085,0.1453560144,0.1916304529,0.1712279469,0.267427206,0.1097728834,0.2452692091,0.313901484,0.2468997538,0.1691045165,0.2353348434,0.1704823673,0.167696476,0.2928762138,0.1860962659,0.2302013487,0.2547001839,0.346981436,0.2006097734,0.278931886,0.2168206573,0.1147277206,0.1496040523,0.1885043979,0.247877568,0.2359606624,0.3008562326,0.1874995679,0.2782346308,0.2889112234,0.2537085712,0.1391779482,0.126190111,0.2958259284,0.234007597,0.2063151449,0.2997323573,0.297883004,0.5975857377,0.3994008601,0.4708561301,0.3416769207,0.3617499769,0.4043681622,0.3060009778,0.2665413618,0.2591438293,0.03354338929,0.07641240954,0.1447162479,0.2207490057,0.2410415858,0.1876687557,0.3938092291,0.1851252317,0.207936734,0.2119249552,0.1964527816,0.1633550823,0.1920553148,0.2332497686,0.1374665499,0.1349650174,0.1638414115,0.2257666141,0.265878588,0.1656466573,0.2153220922,0.4903219938,0.9390100241,0.3865864873,0.2060411423,0.2118664384,0.2322250456,0.2593728602,0,0.05217112601,0.1106211469,0.2084959,0.4159533381,0.2213528305,0.3838135302,0.3818452656,0.2208462507,0.2590223253,0.2232749611,0.2560031712,0.259686321
132,0.04459411651,0.009873184375,0.02468102798,0.0139790317,0.284614414,0.1869080812,0.06301727891,0.04916107282,0.01081012283,0.001324877026,0.01297643501,0.02134412713,0.01621408202,0.009948656894,0.01363504305,0.01727901958,0.01859722286,0,0.007142857648,0.003501807107,0.001559302444,0.006525120698,0,0,0.004761904944,0.0007941274671,0.007646062411,0,0,0,0.002380952472,0.007142857648,0,0,0,0.007142857648,0.002380952472,0,0,0.004761904944,0,0,0,0.008196784183,0.00863840431,0.007189819124,0.01028267201,0.01307365298,0.01150410343,0.01114329416,0.01490109507,0.008816176094,0.0006888545468,0,0,0.004761904944,0.001685724594,0.005450197496,0.005251629278,0.0139549356,0.001591401175,0.01108442433,0.01560267247,0.008146040142,0.002687032567,0.002016130602,0.0004981550737,0.003012613859,0.006764543243,0.003925832454,0.006062074099,0.004761904944,0.008360039443,0.003500954481,0.01230899896,0.01070220489,0.003311293898,0.002380952472,0.002970479894,0.007762524765,0.004992672708,0.01494354848,0.01099382248,0.01259030402,0.004833136685,0.007917056791,0.001476175035,0.0014583593,0.01384410262,0.006308572832,0.0009824695298,0.01697929576,0.01742345467,0.2679448426,0.06428672373,0.1056596488,0.04189831018,0.052708745,0.05419899523,0.01743628085,0.02258288115,0.01800821535,0.001426469185,0.001881373464,0.001518853707,0.002863195026,0.003982149065,0.00455652643,0.01515990403,0.001915537287,0.00851077307,0.003413830418,0.005668372847,0.004990901332,0.002553678118,0.00508137187,0.00135491183,0.07076063752,0.00258133118,0.004319824278,0.004627401009,0.003102566581,0.003725555493,0.06826398522,0.9210907221,0.05462160334,0.0036766876,0.002533289371,0.01201237086,0.01511569973,0.05217112601,0,0.0003321103577,0.002017254243,0.05304238945,0.005822618958,0.02578379028,0.03275861591,0.009207490832,0.004497451708,0.00334838056,0.01561307162,0.008551625535
133,0.02730306052,0.007448324468,0.01418152917,0.007353831083,0.3020130396,0.175374195,0.04743731022,0.03518700227,0.004317191429,0.003313070163,0.01082265005,0.01634273678,0.0155142555,0.01376086101,0.004761904944,0.01899305545,0.008666591719,0.002380952472,0.006104305852,0.008275329135,0,0.003450750606,0,0.002380952472,0.002380952472,0.002380952472,0,0,0,0.002380952472,0,0,0,0,0,0,0,0,0,0,0,0,0,0.002380952472,0.002380952472,0.002380952472,0.005346055608,0.003975590691,0.011329039,0.002149268752,0.009121288545,0.005593706388,0.0003992813872,0,0,0,0,0.003131897189,0.002480245661,0.004702493083,0,0.006525810342,0.01112422068,0.006025505718,0.001259473735,0.001631750958,0.002613008488,0.0002675553842,0.001491597039,0.003901811549,0.0009674094035,0.003480429528,0.003857739968,0.006021767389,0.005170897115,0.005387020763,0.002380952472,0.0007457973552,0,0.003681063885,0.0006715562195,0.007658374496,0.004761904944,0.003729976714,0.007698136382,0.003121967195,0.000616939622,0,0.02340553701,0.002057255479,0.00015208892,0.0110757025,0.009949219413,0.2631565928,0.0842211917,0.1393675059,0.05689269677,0.07124855369,0.08013633639,0.0004401853948,0.01838559471,0.02276836708,0.0009522748296,0.000783896714,0.001006896724,0.0005562290316,0.0006437983247,0.001490364666,0.00144053984,0.001114250161,0.004177455325,0.0003661504888,0.007209696341,0.001704661874,0.0007550906739,0.001103706076,0.0002078636171,0.1031933799,0.001319773146,0.001459564432,0.006414412521,0.004280644469,0.002376600401,0.07106400281,0.8916970491,0.04732985422,0.0008378998027,0.000878299179,0.006123674102,0.01021371689,0.1106211469,0.0003321103577,0,0.0001146955256,0.06936830282,0.004109046422,0.03502906486,0.03342201188,0.006388716865,0.0009917622665,0.001135241357,0.01779090241,0.01145003457
134,0.005911496468,0.004061571788,0.006721287034,0.00451536756,0.1241001412,0.1396223754,0.1261721998,0.006942953449,0.002410011832,0.002417780459,0.008477471769,0.01923274994,0.008014354855,0.01843247004,0.02932080254,0.01316818036,0.002043294953,0.002106233267,0.001265957952,0.002214348642,0.001546822605,0.003057644702,0.0002885952126,0.0008586308686,0.0001654754451,0.001392535749,0,0.0005699496251,6.484799087e-05,0.001061003306,0.003842975479,0,0,0,0,0.0003598124895,0,0,0,0.001199054765,0,0,0,0.003211296396,0.008772660047,0.0009390942287,0.002666018205,0.001006252132,0.004203008488,0.001899319584,0.001338767936,0.003347535385,0.001152601559,0,0,0,0.0001751940435,0.002300600521,0.001265525469,0.001586762723,0.0006019032444,0.0009626667015,0.003431071294,0.003429120407,0.0003902678727,0.0001585851714,0.0007417389425,0.00216106209,0.001091051963,0.001121978392,0.0001614908833,0.01702514291,0.01221685018,0.002804717049,0.001786088455,0.02498707362,0,0.0008909285534,0.0002005051792,0.002718108241,0.002241052454,0.002700324869,0.001402662485,0.003187160706,0.005174951628,0.002712195041,0,0.002380952472,0.0355188027,0.002769966144,0.0002799907525,0.002255377127,0.003081879811,0.1344217211,0.03193397075,0.06149093434,0.03058540076,0.04828028008,0.0388684012,0.000222668401,0.002459965181,0.006441347767,0.007386877201,0.001744720736,0.001267647487,0.0004465185339,9.625447274e-05,0.000459224364,0.001088752295,0.0002629560186,0.0001281624864,1.622141099e-05,0.0009422041476,0.000218634159,0.0009830628987,0.0001721527369,0.0002991977963,0.08947178721,0.002505527344,0.001543772873,0.005428086035,0.003188049886,0.0008647848736,0.09954538941,0.8518773913,0.06175993755,3.516369543e-05,0.001195002464,0.0009792979108,0.005087969825,0.2084959,0.002017254243,0.0001146955256,0,0.1084304154,0.01166371815,0.07204846293,0.04124208912,0.007380088791,0.0002859805536,0.0004025350499,0.004663029686,0.004256607033
135,0.01765072905,0.0002973713563,0.0007198429666,0.001975159859,0.3169874549,0.1989844143,0.0009652607841,0.04046180099,0.05231881514,0.001243755105,0.03316068277,0.03397955745,0.07931570709,0.03197454661,0.002530253958,0.07945421338,0.005699482746,0,0.00308766542,0.007231188007,0.01258123014,0.002380952472,0,0,0.007649026345,0.007019938901,0.00887749996,0,0,0.000394698116,0.001174063655,0.004562982824,0,0,0.002380952472,0.004761904944,0,0,0,0,0,0,0,0.04812761769,0.02821494639,0.05064048991,0.05654520914,0.06118814647,0.08092497289,0.08348283917,0.09079441428,0.08186793327,0.01188031957,0,0,0.002380952472,0.01339655556,0.07475935668,0.04975262657,0.03075841069,0.01070898678,0.06033361703,0.1275514066,0.1213731617,0.004116902128,0.007888206281,0.02873656526,0.03668387607,0.05091254413,0.04668486491,0.01259856764,0.0003857135889,0.05488224328,0.05299100652,0.08154439926,0.0001277594565,0.0009510408272,0.000682030688,0.002997376025,0.08893016726,0.0003316167276,0.1195169166,0.01865697652,0.06760330498,0.04890016839,0.05419465527,0.004741231911,7.670811465e-05,5.986734323e-05,0.000157570772,0.001084460644,0.06834084541,0.1056279391,0.3456629515,0.116681695,0.1269569397,0.1440650225,0.1306638569,0.1155025288,0.1389494687,0.1417079121,0.1371930838,0.04382326081,0.009079184383,0.01231267955,0.04075516388,0.009093303233,0.004041989334,0.1165825948,0.0395123437,0.1170567274,0.03602010384,0.07760293782,0.04971623793,0.01840141416,0.006367705297,0.05596433952,0.008391714655,9.610816778e-05,0.0003536948643,0.0005059076939,0.007546622306,0.001893407898,0.0004964157706,0.7925108075,0.2379288673,0.08400321752,0.003718467429,0.1049159616,0.04235403985,0.4159533381,0.05304238945,0.06936830282,0.1084304154,0,9.50825779e-05,0.0001937136694,0.0001256277028,0.0001525458647,0.01785807684,0.00191994058,0.06439714134,0.03454810008
136,0.0009454332176,9.454950487e-06,0.0001480628271,9.400831914e-05,0.2033354342,0.1292042881,0.0005808349233,0.004221233539,0.002452995861,9.085393685e-06,0.0009127951926,0.0007553114556,0.03383256868,0.01339989807,0.0009020557627,0.003843385959,0.0009116810397,0.0005322989891,0,0.0008755198796,0.0005020107492,0,0,0,0.001137721702,0.0007220506668,0.0001189974137,0,0.0004945228575,0,0,0,0,0,0,0.0008295103326,0,0,0,0,0,0,0,0.003131946549,0.01069897506,0.007238541264,0.008818960749,0.02616541833,0.02243449911,0.01700443216,0.04783611372,0.02372466773,0.0006526416983,0.001039704308,0,0,0.0003631205182,0.01313063223,0.001375003252,0.007357365452,0.002380952472,0.01687660068,0.04246874899,0.02596369199,0.0003389965568,1.37309371e-05,0.001038702088,0.00321829645,0.001586817089,0.00225809426,0.0001599527313,0,0.001817156328,0.009804904461,0.02085891925,8.565409189e-06,0,1.023558798e-05,0,0.010372499,8.187750609e-06,0.04319931939,0.00239550299,0.008652909659,0.0143815577,0.009733769111,0.0005104613374,0,4.683321549e-06,7.167437161e-06,4.425205043e-05,0.0202084817,0.02037450485,0.2736771405,0.1005964875,0.1366231292,0.1095005423,0.1055700779,0.09170825779,0.03678024188,0.07583380491,0.06152000278,0.002362607047,0.0005720864283,0.0003818041296,0.00192709337,0.0003050443775,0.0001128123404,0.01408847794,0.0009857501136,0.01929115877,0.001244582818,0.007834399119,0.002372341929,8.474021888e-05,0.0001559875673,0.001784903463,0.01500526071,1.361390605e-05,1.96901583e-05,2.377619967e-05,0.0004819275637,3.556499723e-05,0.0002802509989,0.8632183075,0.0907310769,0.003320237156,1.701346991e-05,0.02750542574,0.009863762185,0.2213528305,0.005822618958,0.004109046422,0.01166371815,9.50825779e-05,0,0.0001266598993,2.63627735e-05,1.38143896e-05,0.0002368577843,2.323794979e-05,0.01436458621,0.006814315915
137,0.003007381456,1.2351436e-06,8.891909965e-05,0.0005332109286,0.3219487965,0.0838919878,6.81703159e-06,0.008793211542,0.0005287964595,3.760588925e-06,5.464443893e-05,4.048856863e-05,0.002044878667,0.004761904944,5.422557933e-06,0.0008820523508,0.001669099554,0,0,0.002380952472,0,0,0,0,0,0,0,0,0,0,0,0,0,0,0,0,0,0,0,0,0,0,0,0.001610840671,0,0.0001112702666,0.002723965794,0.004761904944,0.005883756559,0.01455228403,0.002950594062,0.006374260411,0,0,0,0,0,0.008784918115,0.002175629605,0,0,0.004761904944,0.02384978719,0.01413273625,0,0.002607733477,0,0,0.001106755459,0.001326874131,0.0002147891355,0,0.004761904944,0.0006834954256,0.009015630931,0,0,0,0,0.00255162688,0,0.02030545101,0.001482944586,0.0003347353777,0.001186672482,0.006462191232,0,0,0,0,0,0.003793333657,0.007906628773,0.2891047895,0.0841274485,0.07009910047,0.07501702756,0.0776142627,0.00755853625,0.06394330412,0.08922601491,0.04639807716,0.03320628777,0.003943100106,0.01385679003,0.02234678715,0.004101018887,0.0001114455663,0.09523183107,0.009523809887,0.02993807755,0,0.001062315423,0.009435581975,0.0208037477,0.002213834319,0.02886015549,0.01093546208,0.003762148786,0,2.065521301e-07,5.453538961e-06,8.766153042e-05,0.0001408296666,0.9142563939,0.1574866772,0.02845271118,0.0005219116574,0.001310609863,3.25994115e-05,0.3838135302,0.02578379028,0.03502906486,0.07204846293,0.0001937136694,0.0001266598993,0,4.442089903e-06,6.848749763e-07,0.005825106055,0.00040922474,8.595071995e-05,6.910604134e-05
138,0.001880863565,8.293420251e-06,0.0001073089516,0.0001839536999,0.2441945523,0.06519884616,2.262368434e-05,0.005781092215,0.002006739378,4.899434316e-06,0.0004377473961,0.0001578196243,0.02488889545,0.006518109236,0.0002981130092,0.005235760007,0.001849361579,0,0.001360399532,0,0.002139459364,0,0,0,0,0.002450976521,0.002462722361,0,0,0,0,0,0.002380952472,0,0,0,0,0,0,0,0,0,0,0.003931399435,0.008902023546,0.005909275264,0.03255554661,0.02286318876,0.02365557477,0.01994123496,0.04820062593,0.02695984952,0.0002487109159,0,0,0.002380952472,0.0004052250588,0.01197073702,0.006452920381,0.00393359689,0.002941257088,0.01012630388,0.06857886165,0.05890836194,0.0003203894303,0.0008254350396,0.003803067608,0.00546023529,0.002895938233,0.007615741342,0.0003222305386,2.64121627e-06,0.002062454587,0.009368378669,0.0263616778,0,0,0,9.275387129e-05,0.009454716928,0,0.05314676464,0.003133025719,0.008080495521,0.01213931199,0.01319892239,0,0,5.458225587e-07,3.774868901e-06,2.641869287e-05,0.01226396486,0.01851159707,0.296887666,0.09767787904,0.1069055572,0.1216867417,0.1117496789,0.06323901564,0.08043796569,0.1036798581,0.09894428402,0.02990683541,0.01186587941,0.01284890249,0.01257624757,0.004295583814,0.0005170688964,0.05506427586,0.01963092014,0.04816536233,0.008494060487,0.01761328988,0.016149804,0.006056279875,0.001215072116,0.03815757856,0.009414866567,0.0004361536121,4.469165106e-06,1.944755059e-05,0.0001181273692,0.0003588011023,0.0002362349333,0.8525220752,0.1680011749,0.02474511787,6.380662671e-05,0.0258883629,0.002256534295,0.3818452656,0.03275861591,0.03342201188,0.04124208912,0.0001256277028,2.63627735e-05,4.442089903e-06,0,4.755844202e-06,0.0007885108935,7.565601118e-05,0.004075112753,0.003005186329
139,7.011544949e-05,1.837457376e-06,3.666025441e-05,1.95937082e-05,0.1183277965,0.07014127821,4.255217937e-05,0.0003588101827,4.079997962e-05,4.089461981e-06,2.84176549e-05,1.703094495e-05,0.001467746566,0.001128929667,0,0.0001120367378,0.0002948103938,0.0009965875652,0,0.000613189186,0.0003710749443,0.001094593201,0,0,0,0,5.805932597e-05,0,0,0,3.672813909e-05,0,0,0,0,0,0,0,0,0,0,0,0,0.0003161425993,0.002380952472,0.000659985235,0,0.002695965581,0.0004134618503,0.004018377047,0.003685173113,0.001419587526,0,0,0,0,0.0001064875905,0.001862668549,0.0002099579142,0,0,0.0003112171835,0.005265079904,0.002172434004,0,0,0,0,1.630572478e-05,6.821522402e-05,1.516079237e-06,0,0,0,0.0002789045393,0,0,0,0,0.0009511827957,0,0.002056121128,0,0.0003208213602,0,0,0,0,0,0,0,0.0009923512116,0.001005120575,0.2769255936,0.06695253402,0.05968526378,0.06643562019,0.07475675642,0.004519602284,0.02926765569,0.04319794849,0.03595039248,0.003452867735,0.0003983542847,0.0005577750853,0.0009150950355,0.0002284948714,1.832016096e-05,0.01146767195,0.0008260903414,0.003517149016,0.001710259123,0.0002872666228,0.0002444637066,0.000113813483,9.395166671e-06,0.003251478309,0.003291176632,5.65032542e-06,0,2.078918584e-07,4.78344964e-06,6.994524938e-06,0.0006029419019,0.9121195078,0.09088815749,0.003124837764,1.623570643e-05,0.0008741750498,6.950103125e-05,0.2208462507,0.009207490832,0.006388716865,0.007380088791,0.0001525458647,1.38143896e-05,6.848749763e-07,4.755844202e-06,0,3.213989839e-05,2.929128016e-07,7.335140253e-05,2.723765829e-05
140,0.0006959304446,3.030902008e-05,0.0005587109481,0.0002129245695,0.10893742,0.1354983449,0.04345588014,0.002335188212,2.120757745e-05,0,0.000168643528,0.0005346079706,0.0002895474317,0.003121744609,0.004761904944,0.0009322736878,0.0006776525988,0,0.0004117804347,0.0003881753073,0,0,0.002380952472,0,0,0.0005864057457,0,0,0,0.001239038887,0,0,0,0,0,0,0,0,0,0,0,0,0,0.004761904944,0,0,0,0,0.0009124631761,0,0,0,0,0,0,0,0,0.0001010394553,9.771009354e-05,0,0,0.0002250988618,0.003158996347,0.0008799882489,0,0,0,0.0005327211693,3.338978786e-05,2.385444532e-05,0,0.001779568731,0.0006898720167,0,0,0.0002017492807,1.527156928e-05,0,0,0.0006705381093,0,0.002321536187,0,0,0,0,0,0,0.0001899027702,2.461848226e-06,0,0,0.003359175986,0.1399220526,0.04994329438,0.05859312043,0.02924256586,0.04786608741,0.05132500082,0.001422444009,0.01091290731,0.01185057778,0.009133366868,0.0007082194206,0.0001987380238,2.469519131e-05,3.996292889e-06,4.913325392e-05,0.001472483273,0.0001258258417,0.0007260460407,0,0.001597223571,0.0001440153865,7.263730367e-06,1.600654514e-06,0.0007807082147,0.04136964306,7.63191274e-05,6.302607858e-07,7.144489064e-05,0,4.778552466e-06,0.05534478277,0.8326839805,0.07631701231,6.152946298e-05,3.128250228e-06,0.006734801922,0.003143593902,0.2590223253,0.004497451708,0.0009917622665,0.0002859805536,0.01785807684,0.0002368577843,0.005825106055,0.0007885108935,3.213989839e-05,0,6.326931725e-07,0.00364440633,0.002596295439
141,4.848029857e-05,1.48002855e-05,7.896205352e-05,6.977516477e-06,0.04207468778,0.03190944344,0.002380952472,0.000236994485,0,0,2.090984526e-05,0.0001196787052,0.000206935496,0,0.0009462122107,0,0,0,0,0,0.0002719314652,0.0008643806796,0,0,0,0.0009814538062,0,0,0,0,0,0.0004715846153,0.001116868341,0,0,0,0,0,0,0,0,0,0,0,0,0,0,0,0,0,0.0005931713968,0,0,0,0,0,0,0,0,0,0,0,0.0001385850337,0,0,0,0,0.0007924040547,0,0,0,0,0.0003902736353,0.0001579569507,0,0,0,0,0,0.0001767721842,2.079206752e-06,0.0004164167622,0,0,0,0,0,0,0,0,0,0,0,0.1291448772,0.03352293745,0.03826444224,0.02211582102,0.03768536448,0.01572446525,0.00130438176,0.004664209206,0.006384442095,0.003780975705,0.0001272937516,8.857347893e-06,0.0003407022159,0,0,0.001718012849,0.0005051828921,0.0001122484755,2.23338684e-05,0,3.826226384e-05,1.877825753e-06,1.544783856e-07,0.0008868119912,0.007394402288,4.417149285e-06,0,0,0,2.870430308e-06,0.008171309717,0.8340515494,0.08118742704,4.786302816e-05,4.97791325e-06,0.0003153551661,0,0.2232749611,0.00334838056,0.001135241357,0.0004025350499,0.00191994058,2.323794979e-05,0.00040922474,7.565601118e-05,2.929128016e-07,6.326931725e-07,0,0.0008882168331,9.063843754e-05
142,0.005325449165,0.001214568038,0.00734572392,0.008819392882,0.2548065782,0.2424338609,0.006062055938,0.007851837203,0.0008049433818,0.00193404709,0.001067259233,0.005488869734,0.0004506699624,0.005070263054,0.00948880706,0.00348203443,0.003912485205,0,0,0,0.0003777848324,0,0.002380952472,0.002380952472,0.001115516992,0.0006995139411,0,0,0,0,0,0,0,0,0,0,0,0,0,0,0.002380952472,0,0,0.0001777446887,0.0003741759283,3.902394019e-05,3.628950435e-05,6.780604599e-05,6.503900659e-05,0.0001666098397,2.804241194e-05,0.0005104885204,0,0,0,0,0,4.057680053e-05,0.0005427423166,0.0004773700493,0,0.002524260664,0.0001579886593,0.0006614109734,0,0,0.0001327804785,0,0.0002056387311,0,7.315557741e-05,0.0001184272915,0.002162772464,0.0004267010954,2.72681591e-05,0.001167695271,0,0,0.0001302529126,7.51472835e-05,0.0001513506431,0.000252251717,0,0.0004971002927,7.992135215e-05,0.0002239456808,0,0,0.0003712694743,0.000374622352,0,0.000123210164,0.0001792458643,0.2374999523,0.005867016967,0.002676066244,0.001660366775,0.001190304989,0.000157737566,0.005942595657,0.0003408692428,7.889683184e-05,0.006221637595,0.0009942816105,0.007432362996,0.01439884119,0.00669879606,0.0001771377429,0.01509022899,0.004902942106,0.0002699504257,0.004761904944,0.0002403497201,0.001900078962,0.0153066786,0.0008608524804,0.008242270909,0.07145593315,0.00538069848,0.0002450606262,1.205888748e-05,7.31121836e-05,0.0003395612584,0.006310645957,0.9788972139,0.1798899621,0.002422259422,0.002429696033,1.865872036e-05,1.13483793e-05,0.2560031712,0.01561307162,0.01779090241,0.004663029686,0.06439714134,0.01436458621,8.595071995e-05,0.004075112753,7.335140253e-05,0.00364440633,0.0008882168331,0,1.121320292e-05
143,0.003355971305,0.0007823993801,0.005509126466,0.008670785464,0.1777298748,0.1633256674,0.00239728461,0.006295726635,7.663357246e-05,0.0001407364325,0.0003980487527,0.001757182064,9.024640167e-05,0.004571927711,0.001858004602,0.0005698152818,0.001604904071,0.002380952472,0,0.0005804810207,0.0005799105857,0.002171136672,0.002380952472,0,0,0.0007466691895,0,0,0.001151173259,0,0.0005145262694,0,0,0,0,0,0,0,0,0,0,0,0,0.0004968824214,0.000360625243,0,0.0005892636837,1.892699947e-05,0.0001811640686,2.012602999e-05,0.0001126179632,5.809462891e-05,0,0,0,0,0,7.417875167e-06,1.924878416e-05,0,0,0,6.891300291e-05,8.18227636e-05,0,0,0.000500969647,0,8.103228174e-05,1.121608693e-05,0,0.0002801614173,0.0002673177514,3.158541585e-05,3.976032167e-05,2.474193025e-05,0,0,0,4.139275006e-06,3.22451815e-05,6.060547457e-05,0,3.382392242e-05,5.499449253e-05,0.0001425124792,0,0,0.0002491464256,4.69369952e-05,0,9.618788317e-05,2.918276914e-05,0.2589607239,0.03232785314,0.01521433517,0.01414064411,0.01321471948,0.0008739879704,0.01498830225,0.004391334951,0.000859276508,0.004077354446,0.001061582589,0.003296390176,0.006242014002,0.002670262009,9.200732165e-06,0.01850771904,0.0015702768,0.0002802637173,0.0007795178099,2.469357059e-05,0.0002077659447,0.002988901921,0.0003701862297,0.003263810184,0.05982091278,0.001950670965,0.0009288783767,1.003248144e-06,1.096154392e-06,3.110022953e-05,0.00262940838,0.9583343863,0.1626327932,0.001970576122,0.001298609306,2.584710273e-05,1.888968768e-06,0.259686321,0.008551625535,0.01145003457,0.004256607033,0.03454810008,0.006814315915,6.910604134e-05,0.003005186329,2.723765829e-05,0.002596295439,9.063843754e-05,1.121320292e-05,0
