ROI_ID,1,2,3,4,5,6,7,8,9,10,11,12,13,14,15,16,17,18,19,20,21,22,23,24,25,26,27,28,29,30,31,32,33,34,35,36,37,38,39,40,41,42,43,44,45,46,47,48,49,50,51,52,53,54,55,56,57,58,59,60,61,62,63,64,65,66,67,68,69,70,71,72,73,74,75,76,77,78,79,80,81,82,83,84,85,86,87,88,89,90,91,92,93,94,95,96,97,98,99,100,101,102,103,104,105,106,107,108,109,110,111,112,113,114,115,116,117,118,119,120,121,122,123,124,125,126,127,128,129,130,131,132,133,134,135,136,137,138,139,140,141,142,143
1,0,0.001280570403,0.04942835122,0.03085687011,0.5106078386,0.9286900759,0.01791272126,0.2592169046,0.02064115368,0.02703962848,0.03352450207,0.1060052291,0.03594976664,0.1984694451,0.1582067311,0.0524235554,0.01994179189,0.1648187786,0.1992300451,0.1276482046,0.08139149845,0.1014048904,0.1395939589,0.1062783971,0.02067792974,0.07715111226,0.07064843923,0.223655656,0.3258577287,0.2665385902,0.1695861518,0.204794094,0.2314669937,0.1486463994,0.05445482209,0.1161630377,0.04288140312,0.03171084076,0.02838646621,0.01391258556,0.0214194078,0.01543668099,0.01000147313,0.02940573171,0.01821282506,0.02535476536,0.02415937744,0.01845427416,0.01857451722,0.02732881717,0.02444786578,0.01908212155,0.008436429314,0.006315695122,0.009253381751,0.008915038779,0.0304918848,0.01725175232,0.008834940381,0.03208375722,0.0083521856,0.02100596949,0.03765529022,0.02363044582,0.003129683901,0.007982780226,0.02322757989,0.00760255754,0.01822284982,0.007014696486,0.002879820298,0.09378875792,0.05414455384,0.01448744629,0.03096437268,0.004930958617,0.001559477532,0.001238783821,0.002634688048,0.0167796649,0.001470718184,0.031998761,0.02023393475,0.02638319135,0.02906403132,0.02153426036,0.01328149252,0.004531641025,0.006193017587,0.002396443626,0.003302999074,0.0252058059,0.0293894764,0.5556201339,0.11973463,0.2630165815,0.03164936602,0.04978519678,0.09939588606,0.04817112163,0.01953940094,0.02265236713,0.03718543425,0.01215641201,0.007210954092,0.003839083947,0.002244499512,0.001534863259,0.1896245033,0.003676854307,0.01270248927,0.002585542388,0.008506820537,0.00249236403,0.008536162786,0.001806581626,0.01907880045,0.2589861751,0.00526914373,0.001255590003,0.001706635696,0.002272525337,0.001395818661,0.2793305516,0.9995031357,0.5867522955,0.01181903295,0.003714206861,0.02148428932,0.01678321697,0.8202522397,0.2138167173,0.1276769638,0.03055210039,0.1127630621,0.00679184543,0.0221101474,0.01327207405,0.001441256842,0.004127464723,0.00142296066,0.0234703552,0.02014655061
2,0.001280570403,0,0.001012500259,0.00334157492,0.743396461,0.7577577233,0.000197343601,0.4289918542,0.06024193019,0.01735207252,0.009331376292,0.1835161746,0.1663960516,0.06223805994,0.0005827741697,0.1826311946,0.1123983189,0.4186717272,0.421964556,0.3971306384,0.3555475771,0.3930808008,0.4349875748,0.347497493,0.1404083818,0.3087951839,0.2657259107,0.4760637283,0.5377187729,0.5207605958,0.4251996577,0.465210408,0.476223886,0.3729401529,0.2152683288,0.3480884433,0.2251690924,0.1124649271,0.1059943736,0.09461784363,0.1110337526,0.07817301154,0.01336514205,0.08661627769,0.02275773324,0.02196165547,0.04663437977,0.02314189449,0.03435470164,0.05279837921,0.0667726472,0.0155105805,0.0004775235429,0.007789824624,0.01103820931,0.008769730106,0.06569416076,0.03972940519,0.02124648541,0.02050851472,0.007047574967,0.01321949996,0.06441441923,0.02764937654,0.002891286276,0.01468954794,0.01142693404,0.01242708974,0.006037299987,0.004872864578,0.004208830185,0.0002575660183,0.03325439245,0.01232564356,0.02930075303,0.0003907339415,0.001310250605,0.0009247643175,0.002946012653,0.007016708609,0.0008094164659,0.03721427917,0.009754006751,0.01460552588,0.01289520226,0.01071595587,0.001751768286,0.002291847253,6.012068116e-05,0.001259468729,0.003915490117,0.02187001705,0.01734493487,0.6282066107,0.2719483376,0.4220564961,0.101963371,0.1638320833,0.1460391432,0.0763945803,0.06466000527,0.08358431607,0.01279197261,0.002277410123,0.00273646717,0.000715827453,0.003912796266,0.002487038029,0.09326630086,0.00227426691,0.01777272485,0.002219755668,0.006497323979,0.00442000851,0.0006328347954,0.001837672549,0.008833808824,0.04937179759,0.0004524720716,0.0001988173317,0.0003296576906,0.0006265486591,0.001085479162,0.0002588694333,0.9970345497,0.2764613628,0.008531791158,0.0002294532896,0.02315682918,0.003449488664,0.6769143939,0.07148498297,0.04152797163,0.02063338086,0.001573709655,0.0001527374698,3.202088919e-05,0.0001087801502,0.000449667772,0.0006785333971,0.0008869814919,0.008159281686,0.00454381993
3,0.04942835122,0.001012500259,0,0.01527919713,0.7578397989,0.8659470677,0.01576156542,0.4141378403,0.09160619974,0.02349258773,0.09201771021,0.1566262245,0.1886334419,0.186173752,0.075260818,0.196453467,0.1940838993,0.4640583098,0.4581772089,0.4483421445,0.4002911747,0.4310399592,0.4616218507,0.369543463,0.1864998639,0.3561002016,0.2990906835,0.4933193326,0.5505148768,0.5207548141,0.4440608323,0.4644239247,0.464201957,0.3240141571,0.2541129589,0.3685072958,0.2945283353,0.1033497006,0.1084742099,0.137182489,0.1317511052,0.0854851678,0.02310598828,0.185366407,0.1862026602,0.1421543956,0.1856418848,0.18722637,0.1791417897,0.1791968942,0.1868621409,0.1245087832,0.04833240062,0.007191470824,0.01203480083,0.004920512438,0.03624320775,0.07664203644,0.01675280184,0.1069764346,0.0366473943,0.1086501479,0.1733739078,0.1167807654,0.00314871734,0.005896007176,0.09042795748,0.04733334109,0.07092066109,0.03598549962,0.002504928736,0.004120014142,0.1737971902,0.07895425707,0.136089161,0.001373756095,0.001697088359,0.0005959698465,0.003828467801,0.08168841153,0.001141927089,0.1616603136,0.08180646598,0.1334758848,0.1535900384,0.1175577566,0.01926928759,0.003049822524,0.001399516826,0.001489740214,0.003190514166,0.1600210518,0.1501435935,0.6494271159,0.2861011922,0.4063470662,0.2330978364,0.2487840652,0.272985965,0.1940923184,0.1943911165,0.1903316826,0.04621021077,0.01154661179,0.004724077415,0.003562005237,0.002072873758,0.003774749814,0.2135622799,0.009281911887,0.07835983485,0.007200906519,0.05105599016,0.01640040614,0.00663184328,0.001040585921,0.03226178139,0.1034771129,0.002101905877,0.0008005319396,0.001040724572,0.01094942447,0.0008859380032,0.005731234793,0.9988383651,0.4162499607,0.05061324686,0.004704087973,0.1287853122,0.06487483531,0.7276329398,0.1565539688,0.1011506692,0.1007428542,0.007034385577,0.001909218612,0.00244363863,0.001982754096,0.0006031332305,0.004859915003,0.001223378,0.1090583652,0.07766838372
4,0.03085687011,0.00334157492,0.01527919713,0,0.9284071922,0.7921282649,0.005085781217,0.5008699894,0.2573806942,0.2728394866,0.08693249524,0.3749199808,0.3394304812,0.1617380679,0.03192162141,0.3604085147,0.1872102767,0.5565292239,0.5586513281,0.5451844931,0.4997404516,0.5362381935,0.5790815949,0.4822097719,0.2371563613,0.4387303889,0.4544677436,0.6147407889,0.6578189135,0.6466491222,0.5879284143,0.6040606499,0.6171550155,0.5433769226,0.3894528747,0.5128944516,0.4000684023,0.3013077676,0.3107145131,0.2050710171,0.2758645415,0.1882216036,0.06803327799,0.2116709501,0.07205969095,0.08129625022,0.167913273,0.1123924851,0.1166520789,0.1640808135,0.1976359189,0.06381472945,0.0317350775,0.03723435476,0.04847630113,0.02729813755,0.2068953663,0.2040417194,0.07930095494,0.108547315,0.02744247019,0.07049705088,0.1630850583,0.1074378341,0.02024076134,0.05947235972,0.03425928578,0.05319532007,0.04650384188,0.01831143908,0.0209275689,0.1454267502,0.09103221446,0.05255938321,0.1233809665,0.03011324815,0.03559088334,0.02410807088,0.03172527254,0.03715184703,0.01225112472,0.1058773175,0.03872216865,0.05102705583,0.0703336522,0.03673828393,0.05693349242,0.06591380388,0.006751240231,0.03159660101,0.04348501563,0.08395557851,0.08744262904,0.7166180611,0.4052335024,0.5675081611,0.2109723836,0.2870585918,0.3053656816,0.09483299404,0.09815663844,0.1113222837,0.01757558249,0.003881550161,0.002252672799,0.001756364596,0.0050332346,0.007230558433,0.1455016136,0.003799254075,0.02890344523,0.005866448861,0.02218614146,0.01186874323,0.00267165387,0.004204778001,0.01686934754,0.0745267719,0.003267237451,0.004739556927,0.005346489605,0.006203606259,0.00455707591,0.1035668105,0.995314002,0.3340246081,0.01453974284,0.005353528075,0.06009782478,0.02343969978,0.6741836071,0.08995568752,0.05679544061,0.03265598789,0.01058795583,0.003911014181,0.004084428307,0.003648838494,0.006057855207,0.00433778204,0.005510895979,0.06090169027,0.04636176303
5,0.5106078386,0.743396461,0.7578397989,0.9284071922,0,0.9973033071,0.7904574871,0.9206698537,0.1865935922,0.5626164675,0.2587007284,0.6346105933,0.09092727304,0.3932554424,0.331922859,0.4043490589,0.8648670912,0.8674433231,0.9118270278,0.9257895947,0.9401332736,0.9115681648,0.7547722459,0.6194117665,0.7929444313,0.8751478195,0.8225143552,0.7662947178,0.8791592121,0.9351875782,0.8873113394,0.8582915664,0.7223768234,0.5170381069,0.7141437531,0.7598856688,0.5082501769,0.09523809701,0.1413858831,0.2563796043,0.1380952448,0.1431890875,0.0142857153,0.07264894247,0.0648323223,0.1235923246,0.08717861772,0.07179626822,0.0742539838,0.1070339456,0.0926816687,0.1754471213,0.1229146495,0.2127732635,0.2954429686,0.3717546463,0.4644456208,0.1933301538,0.5218204856,0.1684381962,0.1595753878,0.1338392794,0.167171374,0.1690434515,0.4094804227,0.6213032007,0.1186560467,0.1942384541,0.1636070013,0.2890584171,0.6787469387,0.3004791439,0.1579161733,0.1381879449,0.1694615036,0.2604358494,0.1729290634,0.2013598979,0.3861267865,0.218149811,0.4899504781,0.1680636704,0.1242733598,0.1518904269,0.1680707037,0.1732960194,0.08746220917,0.151621893,0.4094949663,0.4915529788,0.3977001309,0.1241700798,0.1780777276,0.8301562071,0.281684339,0.2639504075,0.350333333,0.2506867051,0.1872298121,0.4688990116,0.3468187451,0.2404995412,0.5536774397,0.711889267,0.8611087799,0.8944923878,0.9509299397,0.9336420298,0.6437482834,0.803455174,0.3286154866,0.6939575672,0.3031962514,0.600474298,0.8123322725,0.8503043652,0.5908905268,0.7507388592,0.7247132063,0.4754342735,0.4796276391,0.4577364326,0.7562042475,0.8347877264,0.9999456406,0.9057013988,0.3342831433,0.6448981166,0.3362273276,0.2842938304,0.9652959108,0.7170667648,0.6847128868,0.3740640283,0.8295272589,0.6604473591,0.5217837095,0.6499074697,0.4862776697,0.7156803012,0.6179708838,0.4020275474,0.3114172816
6,0.9286900759,0.7577577233,0.8659470677,0.7921282649,0.9973033071,0,0.708103776,0.927313149,0.8845742941,0.3575980663,0.797862649,0.7353903055,0.7751008272,0.6887232065,0.5125112534,0.7893459797,0.9409862161,0.7557771802,0.838334322,0.9007403255,0.8694270253,0.744476974,0.457544446,0.3332907557,0.7725787759,0.8000620008,0.6442204118,0.2927082479,0.4499696493,0.6040062308,0.5762383938,0.4086382091,0.2135548145,0.1511889398,0.3964371979,0.3741182387,0.3510972559,0.05134486035,0.1081763357,0.2589246035,0.1250067949,0.1307156384,0.01528666075,0.511259377,0.4784485102,0.5044773221,0.6428822875,0.5752840042,0.7187618613,0.6436852217,0.865198493,0.7666379809,0.1214285791,0.07069997489,0.05476190522,0.07142857462,0.1407612562,0.568040967,0.6761268973,0.4067271352,0.1108919084,0.4811372757,0.8991754651,0.9385474324,0.1300727129,0.2483305484,0.3017909825,0.3963523507,0.7245692015,0.5269989371,0.3858785033,0.3698517978,0.6722726226,0.4573739469,0.6088536978,0.1395559907,0.08571428806,0.06490587443,0.1723757088,0.8095213175,0.1619235128,0.9186803102,0.2459265441,0.6040412188,0.6097765565,0.5190932751,0.09798578173,0.04523809627,0.193486318,0.279466033,0.1384804398,0.7576501966,0.8784460425,0.9951981902,0.9281010032,0.9530308843,0.928653121,0.9232181907,0.9457098246,0.9432118535,0.9516122937,0.9494661689,0.9066507816,0.6047251225,0.8218734264,0.8099030852,0.908729136,0.9206001163,0.9715165496,0.694606185,0.9484550953,0.4883130193,0.9401214719,0.9402647018,0.831309557,0.7392866015,0.9142027497,0.9575266838,0.6472945809,0.3318508565,0.4207347631,0.3861849606,0.6123489141,0.7333914638,0.9999988079,0.989376843,0.8860909343,0.7697069049,0.9350169301,0.8263376355,0.9935882092,0.9140220881,0.8752256632,0.9465134144,0.7648971081,0.7762150764,0.3720012605,0.5851639509,0.6116626263,0.7920442224,0.4776189029,0.9257501364,0.8726050854
7,0.01791272126,0.000197343601,0.01576156542,0.005085781217,0.7904574871,0.708103776,0,0.05328791961,0.08741489798,2.222854346e-05,0.00724003464,0.01054946892,0.06521942466,0.00713122962,9.245743422e-05,0.02849457413,0.01078090444,0.007727908902,0.02173035592,0.0147710219,0.007760452572,0.006483620964,0.003525408218,0,0.004120818805,0.007216560654,0.007285209373,0.007142857648,0.02107479982,0.02827560529,0.003012660192,0.01104124635,0.002380952472,0.004761904944,0,0.008845021017,0,0,0,0.001133661834,0,0,0,0.01108268276,0.01286304742,0.04043852538,0.05065501854,0.04400953278,0.09899868816,0.05088689551,0.1391412467,0.1403511316,0,0.002380952472,0,0.002380952472,0.009523809887,0.06471206993,0.0452879332,0.02737211995,0.009523809887,0.06302747875,0.3184533715,0.3515471816,0.005535289645,0.002380952472,0.02031697892,0.04047619179,0.1023999751,0.0397093147,0.0267436225,1.172023713e-05,0.01321500912,0.05632627755,0.1010448784,0,0,0.0009572569397,0.004761904944,0.1044745445,0.0008679877501,0.3989516497,0.02061090618,0.03858133033,0.04932777584,0.04228201509,0.0009408071055,0,1.37953939e-05,0.001127519412,0.00897676032,0.08546669781,0.2032060176,0.6637372971,0.6714178324,0.7072381377,0.507691443,0.5477768183,0.3511614501,0.4796239734,0.5212185383,0.412545532,0.2034538388,0.03725099564,0.1027148217,0.1586039662,0.07053612918,0.02143624797,0.7613244653,0.04721520096,0.4040921628,0.02380952425,0.1394874603,0.1418798119,0.2304650098,0.05793031678,0.2899934649,0.370426774,0.08859191835,0.01474482846,2.771370782e-05,0.005220744759,0.0143368002,8.753545262e-05,0.9867033362,0.7021546364,0.2918158174,0.107686691,0.1291019469,0.008831165731,0.9097873569,0.3994478881,0.3611723185,0.6006952524,0.003786555259,0.002854370512,1.506357512e-05,0.0003693897452,0.002077742014,0.1521219015,0.0267646201,0.02632677741,0.01453149039
8,0.2592169046,0.4289918542,0.4141378403,0.5008699894,0.9206698537,0.927313149,0.05328791961,0,0.2069043666,0.2441159338,0.2617481649,0.2776303887,0.3778607845,0.2253048569,0.03491427749,0.1711912602,0.1523564309,0.4854004085,0.5331389904,0.4129437804,0.3071691692,0.3495441973,0.4227359891,0.3227308095,0.1001922861,0.2673389912,0.2306907773,0.4959313273,0.586253047,0.5126788616,0.3741945922,0.4355691671,0.4885107577,0.3113102913,0.1498028785,0.2780318558,0.1887343824,0.1475826353,0.1255790889,0.07546596229,0.1181466281,0.07875856757,0.02950292453,0.3815456629,0.3192362189,0.425442189,0.4489774108,0.4188482761,0.4663990736,0.4674989879,0.4684923589,0.4963822067,0.3662167192,0.402534306,0.4933705926,0.5391969681,0.4742231369,0.4975461662,0.56748873,0.427806437,0.4586351216,0.4713803828,0.4805575609,0.5016431808,0.4429364204,0.4594744146,0.4333337843,0.5009427071,0.4570976198,0.5451136231,0.4488914907,0.3573634326,0.2352530807,0.4810910225,0.4707243145,0.1991560012,0.227900818,0.2364204675,0.351895988,0.5113639832,0.3349799812,0.4860918522,0.3684917688,0.3961834311,0.4138825834,0.4636580646,0.2288096994,0.2521489859,0.1988863051,0.261562258,0.3188502789,0.4835957289,0.485889703,0.7829847932,0.479413718,0.5870476961,0.4367168546,0.4407301247,0.4920006096,0.4528724551,0.4291460216,0.4370581806,0.5174798965,0.5726358294,0.6117067337,0.6899337173,0.6995559335,0.6753297448,0.5609894991,0.6307767034,0.4950827062,0.6138758063,0.5138027072,0.5589226484,0.551125586,0.5290363431,0.5598391891,0.5459944606,0.450765878,0.2815834582,0.3189083338,0.5303565264,0.4523736537,0.4083783627,0.9987310171,0.8146413565,0.5321322083,0.3535226882,0.4698235691,0.4990490377,0.8894015551,0.6048108935,0.5856932998,0.4874941707,0.4259123802,0.2696303427,0.2404331863,0.2125343531,0.2746744752,0.4257209599,0.3443095088,0.4647855759,0.4730246365
9,0.02064115368,0.06024193019,0.09160619974,0.2573806942,0.1865935922,0.8845742941,0.08741489798,0.2069043666,0,2.069612492e-06,7.904889935e-05,0.0001177843296,1.231260921e-05,0.0001239701378,0.0003458335705,2.259923895e-05,0.005613841582,0.007926588878,0.0120080933,0.009611874819,0.005475139245,0.004774202127,0.003974219784,0.004085016903,0.001045100973,0.002809715923,0.0001297052368,0.0007885624073,0.0009974272689,0.0008067999152,0.0003532016708,0.0005147855263,0.0006608327385,0.0005199301522,0.0001076782064,0.0002448818705,0.0009303507977,6.943461631e-05,0.0007124404656,0.0003784797736,0.0002209806116,0,0.000138197167,6.968349044e-05,6.084980669e-06,0,0,2.268404569e-05,8.771578723e-05,8.30414956e-06,8.951266864e-06,5.608536867e-06,0,1.475011413e-05,1.410535515e-05,1.395114305e-05,4.71374733e-06,1.61923017e-05,1.533744762e-05,0,0,4.386358705e-05,5.99802479e-05,4.994979463e-05,5.815019176e-05,2.247244811e-05,0.0001470534189,1.313161465e-05,1.906254874e-05,0.0001394836727,5.586687257e-05,0.0002310589043,2.596055492e-05,1.881310891e-05,1.390000307e-05,2.665908505e-05,3.883956015e-05,6.190944259e-05,7.227429887e-05,0.0001972481114,9.657253395e-05,0.0002347311965,1.846797386e-05,0,0,0.0001393189305,0,7.477999588e-06,0.0001624364959,3.405178722e-05,2.888669587e-05,7.747100608e-05,0.0002264229115,0.4992613792,0.05025425926,0.06200399995,0.01163548138,0.01193054486,0.005411285441,0.02929341048,0.007434166968,0.003861053847,0.004155501258,0.00465768436,0.008466688916,0.01407543197,0.06207361445,0.01478380524,0.05687428638,0.01420232747,0.002890852746,0.01536693145,0.001213625656,0.003464624751,0.004318063613,0.01551537588,0.01011777762,0.1070185825,0.007646269165,0.002788487123,0.0009742311668,0.000589271076,0.004163417965,0.1139013544,0.9931921959,0.3410136104,0.002003199188,0.003279757686,0.001329657389,0.001079787966,0.5668155551,0.02107349038,0.01945205964,0.01435846183,0.2070603967,0.01400777698,0.003135009436,0.01001805346,0.004302229267,0.005389015656,0.006662332918,0.002234811662,0.000416482013
10,0.02703962848,0.01735207252,0.02349258773,0.2728394866,0.5626164675,0.3575980663,2.222854346e-05,0.2441159338,2.069612492e-06,0,2.083260142e-06,4.358717888e-06,8.168959903e-05,0.0001197035454,0,2.377988676e-05,0.01291780826,0.008907731622,0.01007453725,0.008456524462,0.005127164535,0.003178091487,0.002280519344,0.0005087765167,0.001371752005,0.002610349096,0.0002865661518,0.0007580950623,0.001302209566,0.0011823104,0.001000913093,0.001080007874,0.001685073366,0.0009724256233,0.0002348303387,0.000807911274,0.003038505791,0,0,0.0002270482801,0.0003387758625,6.383189611e-05,0,9.289089212e-05,0.000172398155,0.0001116369822,0.000600350264,0,0.0006292629987,0,8.991183859e-05,0.001731504221,0,4.711088332e-05,3.021471821e-05,1.404290379e-05,5.458086889e-06,8.44835904e-06,2.373198913e-05,0,0.0001717063424,0.0001521609811,0.0005158629501,0.0001754524565,5.293402864e-06,2.312613287e-05,0,0.0001864442602,3.205540452e-06,0.0002114569215,5.539472841e-05,0,0,2.755863716e-05,1.535949377e-05,2.535233762e-06,9.205376045e-06,3.293486543e-06,3.169288539e-05,8.659736341e-05,7.376819849e-05,0.002171801869,0,0.0002835034102,0.0003441385343,0.001308986451,2.294471187e-06,3.735038035e-06,2.591403018e-06,2.521979695e-05,2.610358388e-05,0,0.0004984965781,0.4212945998,0.1631177813,0.1250247955,0.06490229815,0.07204107195,0.04190998524,0.06615348905,0.05600856245,0.05215615407,0.008716933429,0.01456897892,0.01395801269,0.006712480448,0.05990622193,0.01749511063,0.08311921358,0.008300709538,0.03210413083,0.01199143846,0.005358248483,0.01764623076,0.003604394151,0.01462181937,0.01944282837,0.04713705182,0.003078006208,0.0006180501077,0.0003482952015,0.0002777313057,0.003559598932,0.000146341612,0.8487448692,0.2362223566,0.02062759548,0.001011356711,0.01621186174,0.002903638873,0.5136216879,0.03457761183,0.02608625963,0.03522925451,0.008492929861,0.002011737088,2.686158223e-05,0.0003204590175,0.00107340212,0.003603022313,0.003764584195,0.007973077707,0.002804417629
11,0.03352450207,0.009331376292,0.09201771021,0.08693249524,0.2587007284,0.797862649,0.00724003464,0.2617481649,7.904889935e-05,2.083260142e-06,0,5.075728041e-05,0.0003956520231,0.0003537411685,1.671259815e-05,0.0002204857301,0.02287347242,0.02341883071,0.031014001,0.0227157902,0.02006394975,0.01598583348,0.02514980361,0.01281213108,0.009978401475,0.02138870209,0.001207412803,0.003644010751,0.003866878804,0.003911553416,0.003167644609,0.005030947272,0.005555004347,0.003232582007,0.001170124277,0.003358864691,0.001499558799,0.002380952472,0.005186567549,0,0,0,0,0.000118884047,2.881307773e-05,6.220671639e-05,3.129307879e-05,4.908942356e-05,0.0003973466519,6.055879567e-05,0.0001768340735,2.991665497e-05,7.850163456e-06,0,3.655829232e-06,1.263198101e-05,2.261577492e-06,3.842261867e-05,1.350870389e-05,1.388856981e-05,4.49481422e-06,0.0001296226401,0.0003783376596,0.0003691788588,7.046497558e-06,6.817343547e-06,3.491189273e-05,2.295590093e-05,3.264228144e-05,5.657204747e-05,3.173706773e-06,3.887118964e-06,5.129310011e-05,0.0001154234778,5.137125845e-05,7.489695122e-07,2.563644784e-06,5.461624369e-06,2.224925993e-06,0.0009675985202,2.645338463e-05,0.001451632706,9.427159966e-05,9.839289123e-05,5.790105934e-05,0.0001090368241,7.881957345e-07,0,5.650232197e-06,6.94967639e-06,4.883118891e-06,0.0004337317368,0.001926147845,0.5199483037,0.1829945594,0.3181553781,0.04460576177,0.05632450804,0.04547249153,0.0793446824,0.01588263735,0.008832692169,0.008293175139,0.002568018856,0.008838327602,0.008432585746,0.01259723585,0.002974026604,0.1191648468,0.008035661653,0.005134943873,0.001618653187,0.001925726188,0.001963382354,0.003820878919,0.002954684198,0.01728380844,0.1135227233,0.002403918421,0.0002820514201,0.0001867609099,0.0001999155938,0.0004518036731,0.01014121156,0.9973447323,0.3939557076,0.01076048892,0.001512422459,0.002453303197,0.004118601326,0.6311482787,0.06007904187,0.04274025932,0.0309167821,0.106110625,0.004139858764,0.0003178004117,0.001562827849,0.0005332464352,0.001992418198,0.001491763163,0.005746561568,0.001447733259
12,0.1060052291,0.1835161746,0.1566262245,0.3749199808,0.6346105933,0.7353903055,0.01054946892,0.2776303887,0.0001177843296,4.358717888e-06,5.075728041e-05,0,0.0003683297255,0.000449508545,0.0004841425107,3.194719102e-05,0.02313490212,0.008943088353,0.01369301602,0.0107734846,0.005250441842,0.002793768654,0.001732703997,0.0004965263652,0.002433049027,0.00226454041,0.0001863418292,0.000832338992,0.0004587062285,0.000610904186,0.0004063318192,0.0004479220079,0.0003275083145,0.0002272901911,0.0002249841637,0.0002773094748,0.001455938909,0.002693052636,0.004696851131,9.310433234e-05,0.0004020067281,0.0008172582602,0,0.0008811936132,0.001594266505,0.000415921153,0.001152011217,0.0014720771,0.004719017539,0.0006495981361,0.002411916154,0.0007988604484,0.0001049790953,0,1.269391396e-05,7.347392238e-05,1.009610696e-05,0.0001058195558,5.988482735e-05,0.000291659584,0,0.0006085381028,0.001670027501,0.001109487028,3.369139085e-05,5.098031033e-05,0.0008630777011,9.247745038e-05,0.0003350991465,0.001057123765,0.0001451022981,8.036628424e-05,0.0001287183695,0.0008973481017,0.0004609049647,5.282612619e-05,0.0001537816424,0.0002238780144,0.0001373183768,0.003418976208,0.0002398430806,0.006891801022,0.000211802093,0.0006736126961,0.0008893511258,0.0008556569228,0,5.944493023e-05,0.0007592418697,0.0001884581288,0.0001802307961,0.00312008569,0.01224388741,0.6595016718,0.4714770913,0.5328219533,0.1983121485,0.2623409927,0.2151048481,0.2373394817,0.1426507235,0.09689557552,0.02925245091,0.02331812307,0.04451764748,0.03186815977,0.133434549,0.04246567562,0.2762213051,0.04529825971,0.04897674173,0.03468646109,0.01308134105,0.02965796925,0.02140964381,0.0385940522,0.06871267408,0.1288809925,0.02354930341,0.01509518549,0.004449162632,0.00375452009,0.01147638075,0.04239931703,0.9786647558,0.4533720315,0.05720420927,0.0187714044,0.02100390941,0.01375558879,0.6915609837,0.1259157062,0.101089254,0.117935963,0.1571671665,0.03617263585,0.002238539979,0.01481935475,0.01807003468,0.02448953688,0.03206659481,0.03184045106,0.007594922557
13,0.03594976664,0.1663960516,0.1886334419,0.3394304812,0.09092727304,0.7751008272,0.06521942466,0.3778607845,1.231260921e-05,8.168959903e-05,0.0003956520231,0.0003683297255,0,1.616339796e-05,0.0002620258601,5.749439515e-05,0.05173346028,0.02292341553,0.02224125527,0.01889606938,0.0157943368,0.008715567179,0.002268563258,0.004761904478,0.006366495974,0.008565468714,0.001579697477,0.001624979079,0.002787745325,0.001649386715,0.001695789513,0.0009811135242,0.000614838209,0,0,0.0001929727296,0.0005996210966,0,0,0.002809406491,0,0,0,2.045585006e-06,0,0,5.545570275e-06,2.469241963e-06,9.334648894e-06,0,3.184818706e-05,0.0001721905719,0,0,0,0,0,2.82377332e-05,6.550216494e-05,0,0,6.901953748e-05,0.000278021238,0.0003445976181,0.0009823075961,0,0,0,0.000109500681,0.001670994447,9.042319289e-05,0,2.537196451e-06,0.0003490042582,2.000469067e-05,0.0002573403763,0.0004992716131,0.0006928778603,5.720026456e-05,0.0004954977194,0.0004576487408,0.0003429607023,0,2.489612416e-05,1.075431373e-05,5.630657688e-05,0,7.939559873e-05,0.002903352957,0.001157120918,0.0001012755747,7.738079876e-05,0.0004598336236,0.5047209263,0.02074997686,0.018109411,0.007115525194,0.004100020044,0.002141260775,0.02458094433,0.002906837966,0.0008266731747,0.004378155805,0.003698216053,0.01853450201,0.02882295847,0.09439824522,0.03137423098,0.08040107042,0.0003204795939,0.002389511326,0.0008052350022,0.001360902097,0.00637660129,0.02283101343,0.05063999072,0.01769759879,0.1402085274,0.01816620305,0.01409969013,0.01039395295,0.0001775707788,0.01181762386,0.1291636974,0.9956394434,0.3909559846,0.00995439291,0.01846889406,0.001002296456,0.001992918784,0.652212739,0.04418482631,0.03914237022,0.01791793481,0.3140077293,0.1221454665,0.01817238703,0.0814300105,0.03648966551,0.01857089251,0.02955963649,0.003291847184,0.0004171213368
14,0.1984694451,0.06223805994,0.186173752,0.1617380679,0.3932554424,0.6887232065,0.00713122962,0.2253048569,0.0001239701378,0.0001197035454,0.0003537411685,0.000449508545,1.616339796e-05,0,4.949610593e-05,2.476650116e-05,0.03067155927,0.004980141763,0.01416988205,0.01816172153,0.009168538265,0.006194059271,0.003476925427,0,0,0.006152870599,0.0003656208864,0,0,0.00035582087,0.0001378761081,0.0006851644721,0,0,0,0,0,0,0,0.002380952472,0,0,0,3.294617636e-05,0,0.0001922448428,0.0001940449292,0.0001534446783,0.001303502242,0.0001808005036,0.0007967475103,0.00359872682,0,0,0,0,0.0002285054507,0.003096970031,0.002436890034,0.0004390864924,0.001181975473,0.00486365566,0.002657218836,0.01269109268,0.000327649439,0.001323575503,0.002341316314,0.001389359939,0.001326824189,0.005355461501,0,0.0004432426067,1.247628347e-06,0.003569729161,0.0004992565955,0,0,0.0008238158189,0,0.005416744854,0.001443332061,0.01097094268,0.0007347951178,0.0001961718226,0.0001336439746,0.0006499703159,0,0,0.0009442776209,0,0,0.003930444364,0.01356118545,0.4271380603,0.3060356677,0.2823617756,0.114762947,0.153526783,0.1153107658,0.1411572844,0.07104957104,0.04900344089,0.01383519359,0.002380952472,0.02633314766,0.03202011064,0.02955231071,0.03140923008,0.2563554347,0.007142857648,0.02905157581,0.004761904944,0.009860489517,0.02227636613,0.02139389329,0.0355633311,0.06858190894,0.1689283699,0.01745487005,0.002380952472,0.01059067994,0.004798488226,0.0186633952,0.01884436607,0.8948739767,0.3650170267,0.03617433459,0.02722211368,0.01381758787,0.02773618512,0.6304758787,0.05573114008,0.05703466758,0.1171669215,0.1032701433,0.0584040843,0.004153166898,0.03394281492,0.02210081741,0.02901257016,0.01020197943,0.03533340245,0.01113501564
15,0.1582067311,0.0005827741697,0.075260818,0.03192162141,0.331922859,0.5125112534,9.245743422e-05,0.03491427749,0.0003458335705,0,1.671259815e-05,0.0004841425107,0.0002620258601,4.949610593e-05,0,7.090078725e-05,0.003530203365,0,0,0.002380952239,0,0,0,0,0,0.003696877277,0.0005485395668,0,0,0,0,0,0,0,0,0,0,0,0,0,0,0,0,0,0.0004859504406,0.00131754356,0.003773429431,0.0005261207698,0.003134215018,0.004053921439,0.007461164612,0.007142857648,0,0,0,0,0,0.01100582443,0.001227222499,0.002217025263,0,0.0007399947499,0.0182812307,0.03519421816,0,0,0,0.001139945351,0.001049115672,0.007142857648,0.0004218061222,1.089708121e-06,2.23345196e-05,0.003167084884,0.00409044791,0,0,0,0,0.00707042031,0,0.03528214619,0.002884872025,0.002046406735,0.0001213891737,0.004436796997,0,0,4.098038175e-07,0,0.002380952472,0.002159484895,0.007864561863,0.2265000194,0.3072269857,0.2706958652,0.1304052174,0.1767610461,0.1514908373,0.1233545616,0.1429393142,0.05000544712,0.02508435026,0,0.004761904944,0.01190476213,0.01190476213,0.007615375798,0.2771719992,0.01190476213,0.07401481271,0,0.02803218178,0.01252997201,0.03739314899,0.02236165106,0.04217300564,0.1386315972,0.01058606617,0,0,0.004560298752,0.01118417736,6.513988046e-05,0.7452381253,0.2122851312,0.0409848392,0.01090382878,0.02481599711,0.005213042721,0.4292933047,0.08001258969,0.04525461048,0.1765277982,0.005557016004,0.006914357655,5.422557933e-06,0.0002981130092,0.001637967885,0.02142857201,0.003327164566,0.01530909818,0.01380954776
16,0.0524235554,0.1826311946,0.196453467,0.3604085147,0.4043490589,0.7893459797,0.02849457413,0.1711912602,2.259923895e-05,2.377988676e-05,0.0002204857301,3.194719102e-05,5.749439515e-05,2.476650116e-05,7.090078725e-05,0,0.01166656148,0.009717416018,0.02035859972,0.01401608251,0.00483987201,0.00309503125,0.001785006374,0.0007940912619,0.0008404146065,0.002330145333,0.000116798612,0.0004408477107,0.000607565511,0.0004486062389,0.0001467281691,0.0002348775888,0.0005980742862,8.705541404e-05,6.365464651e-05,7.79639231e-05,0.001686032279,0.0004006312229,0.00105486426,0.0002638204314,0.0001331193198,7.611195906e-05,0,0.0001664278534,0.0001265357569,0.000384448882,0.0001127409487,0.0002280261688,0.000689169101,9.53167546e-05,0.0003065233759,0.001836647629,0.0005333123845,0,3.755214857e-05,0.0001782353356,2.009751188e-05,0.0001233547227,0.0001060933064,0.0001724620088,0,0.0008071249467,0.0009764707065,0.0009363754652,0.0003609439882,0.0001868137915,0.0007945717662,0.0008111292846,0.0007669748738,0.001526946086,0.0006727300934,0.0001682759466,7.107495912e-05,0.001175800338,0.0004123956896,0.0001949073339,0.0002689848479,0.0005318203475,0.000709146494,0.002898990642,0.001889531501,0.003577035619,0.0002369108406,0.0004557892098,0.0002808581339,0.00105782738,0.0001202262865,0.0002547312761,0.001948167686,0.0005582902813,0.0003543972271,0.001493356773,0.007339176256,0.6437377334,0.3271724582,0.4404346049,0.112296626,0.1487835944,0.1158663109,0.1669296324,0.06048282981,0.03536268696,0.01663054898,0.02691751905,0.06852760166,0.08605604619,0.1860184669,0.07775224,0.2398785651,0.03186460212,0.01983787306,0.03594250232,0.008307926357,0.01947966591,0.05803954601,0.1029543951,0.05029278994,0.1426583081,0.06077794731,0.03845769167,0.01343609951,0.006874793675,0.04185012355,0.0659929961,0.9883034229,0.445501864,0.0350359641,0.04766921699,0.007910685614,0.01110464428,0.6762440801,0.08774586767,0.08230766654,0.09516370296,0.2685994208,0.08264125884,0.01005718671,0.04731394723,0.04580685496,0.06145048514,0.08072023839,0.02148032933,0.00571802631
17,0.01994179189,0.1123983189,0.1940838993,0.1872102767,0.8648670912,0.9409862161,0.01078090444,0.1523564309,0.005613841582,0.01291780826,0.02287347242,0.02313490212,0.05173346028,0.03067155927,0.003530203365,0.01166656148,0,0.0002678660385,0.0008678732556,0.001128859818,0.0005504687433,0.0005197779974,0.0006433338276,0.0003991563863,0.0002509909391,0.0005700375768,0.005384287797,0.008018014953,0.03409849852,0.02535223588,0.01291486248,0.009489466436,0.006803500466,0.005171422381,0.003831851529,0.004577094689,0.0003699921072,0.0004251401115,0.0001681524591,4.075118341e-05,8.571855142e-05,0.0001006470557,0.0009779054672,0.0498440899,0.01452705543,0.01954759285,0.02324843779,0.01686135121,0.02848115563,0.04107607901,0.06091756746,0.05606442317,0.008512194268,0.02117333189,0.01795212552,0.03299167752,0.02071287297,0.0353583768,0.03762030229,0.01580266468,0.004674430471,0.03657857329,0.06774456799,0.07416140288,0.03273783624,0.02476755902,0.01538951416,0.0250533931,0.03647726029,0.0443723388,0.02865923382,0.04137543589,0.04464914277,0.04700557515,0.0460807234,0.01798666641,0.01530391537,0.02643477172,0.03419116512,0.07372538745,0.04388653487,0.1256234795,0.008944591507,0.01644112356,0.02832917869,0.02781292237,0.001234840136,0.02093639597,0.03846693039,0.03009628691,0.02567919716,0.04494709149,0.07544316351,0.5791047215,0.1517822444,0.2404310107,0.1067605615,0.1198344156,0.1496558636,0.1261141449,0.129591614,0.1333693266,0.131788075,0.1104823649,0.1122887507,0.1309393942,0.1722614765,0.1595323682,0.1985325366,0.1177700087,0.1378509104,0.1081306562,0.1217242032,0.1309454143,0.1010863036,0.1125595644,0.1233414263,0.2823706269,0.09056062251,0.1004992351,0.09021882713,0.07806070149,0.0984217748,0.1413405836,0.9816392064,0.4403687119,0.1311583668,0.1099840552,0.1170821935,0.1162649915,0.7856208682,0.1507987976,0.1156472266,0.135976553,0.1220110282,0.09530966729,0.05782544613,0.07199202478,0.1100833118,0.09590593725,0.1010825038,0.119010739,0.1157798693
18,0.1648187786,0.4186717272,0.4640583098,0.5565292239,0.8674433231,0.7557771802,0.007727908902,0.4854004085,0.007926588878,0.008907731622,0.02341883071,0.008943088353,0.02292341553,0.004980141763,0,0.009717416018,0.0002678660385,0,0.0001395206491,0.0002916927333,0.0002202140022,0.0003581993806,0.0002593112877,0.0003294962517,0.0001743432076,0.0001775830315,0.006231965963,0.0007968806312,0.006970897783,0.004398704506,0.002538558794,0.001544116996,0.0005718651228,0.001256720047,0.001505175256,0.001235061907,5.467519077e-05,7.55070505e-05,5.557446275e-05,2.773162123e-05,6.440366997e-05,2.402543396e-05,0.0001379937457,0.01659496129,0.002380952239,0.00290850061,0.01715340279,0.01140818,0.008435767144,0.0134331435,0.03359923884,0.0368071273,0.009523809887,0.01346758753,0.02649775147,0.02478597313,0.0129037248,0.02799157798,0.03858161345,0.002412772505,0.01666666754,0.02034251206,0.05992458388,0.08055906743,0.03825037926,0.02966675721,0.01666666754,0.02215163969,0.04630595446,0.07044753432,0.07287165523,0,0.02056841925,0.03231256083,0.01631286182,0.03228252754,0.02013067342,0.02387114801,0.03668766841,0.1044356376,0.08587370068,0.1446203589,0.002918310463,0.01161071658,0.0142857153,0.01673620567,0.00404693,0.01906246692,0.03915543854,0.04243855923,0.02606178261,0.02969548665,0.09679899365,0.5168338418,0.1748142689,0.09098980576,0.2338337004,0.2136850506,0.1178939939,0.1967722774,0.2967770696,0.2436875552,0.1496941447,0.1320223212,0.2498931736,0.3352645934,0.4439936578,0.4163844585,0.2259495258,0.2034965754,0.3274968266,0.1396667659,0.2764227688,0.3468917608,0.2429265082,0.4094329178,0.2289322913,0.247760728,0.1732896268,0.2215659767,0.2309284508,0.111773178,0.3544073105,0.04047619179,0.7951815724,0.2050909251,0.2331271172,0.2790671587,0.2312775701,0.1465634853,0.5171837807,0.05011953041,0.03887594864,0.3099815249,0.1506775916,0.3012323678,0.04881951585,0.1826939136,0.4254589081,0.3050818443,0.37584728,0.1482064277,0.1952356845
19,0.1992300451,0.421964556,0.4581772089,0.5586513281,0.9118270278,0.838334322,0.02173035592,0.5331389904,0.0120080933,0.01007453725,0.031014001,0.01369301602,0.02224125527,0.01416988205,0,0.02035859972,0.0008678732556,0.0001395206491,0,0.0001965701813,0.0004480057978,0.0009593312861,0.0009794720681,0.0006996775046,0.0003711250611,0.0004634874058,0.01791706309,0.005990314297,0.01106536016,0.007591546979,0.00451007206,0.002840841422,0.00189338834,0.002571913879,0.002966164611,0.002432520734,0.0005660392926,0.0004957001656,0.000448991399,0.0008820277872,0.0006976108998,0.001717687468,0.002138141776,0.02481657267,0.003689247416,0.02903513797,0.02227641083,0.009523809887,0.03517115861,0.01604503393,0.03895238042,0.07092832774,0.0173703339,0.01378371101,0.01564673334,0.02736651152,0.01362557616,0.03221930563,0.04074143246,0.01437495928,0.01824449934,0.02693363652,0.06788877398,0.09801630676,0.03917454556,0.02297186852,0.02046433464,0.02990725264,0.05021380261,0.08767502755,0.05905274674,0.007588644512,0.02419577911,0.03721434623,0.02751781419,0.02457815968,0.02194130607,0.053437341,0.0563878715,0.09304070473,0.1024424732,0.1465391964,0.007142857648,0.02881144732,0.006642643362,0.02229819633,0.002316183411,0.01249144506,0.0283787474,0.04477463663,0.0363708362,0.06004284322,0.1162055284,0.5606814027,0.2519600689,0.1554086953,0.2211310565,0.215089649,0.1287660152,0.2109319568,0.2908634543,0.2472196817,0.1932276189,0.1492258459,0.2433826327,0.3308362067,0.4074692726,0.38804245,0.3038813472,0.2415937781,0.3073967099,0.1909723878,0.2617850304,0.3088864088,0.2660014629,0.404076755,0.2489247322,0.281889528,0.202514261,0.2751571834,0.2553250492,0.1314666122,0.3736824095,0.04210249707,0.8635621667,0.2513358891,0.2545250356,0.3090405762,0.2431891561,0.1729343235,0.5884798765,0.1227041632,0.0819766596,0.3092143834,0.1753627956,0.3857492507,0.0403759703,0.2356220484,0.4245635569,0.3216391802,0.401335597,0.1716927737,0.1901171207
20,0.1276482046,0.3971306384,0.4483421445,0.5451844931,0.9257895947,0.9007403255,0.0147710219,0.4129437804,0.009611874819,0.008456524462,0.0227157902,0.0107734846,0.01889606938,0.01816172153,0.002380952239,0.01401608251,0.001128859818,0.0002916927333,0.0001965701813,0,0.0001809853129,0.0004464432423,0.000460952142,0.0006919170264,0.0001901528594,0.0003155579325,0.01541609596,0.005089754239,0.009176497348,0.006744184531,0.003580404911,0.002344182227,0.001500479062,0.002036184771,0.003040880663,0.002250019228,0.0008397561032,0.001404379378,0.0003999432083,0.0007746483898,0.0008298270986,0.0004726781626,0.004058681428,0.0384777002,0.0111017013,0.009215231985,0.01696259156,0.01268468425,0.04989890382,0.03184273466,0.04707574844,0.09247367829,0.01305290125,0.01358854026,0.0278770905,0.0389158912,0.0152773736,0.036951866,0.0384407565,0.0138245523,0.01936866343,0.0300478749,0.07645559311,0.08818238974,0.04509535804,0.0282664001,0.02997371741,0.04544377327,0.06153475121,0.1138959825,0.05346485972,0.008706183173,0.02136123739,0.03162589669,0.03352090344,0.01584342308,0.04251659662,0.03603604436,0.05927594006,0.1442957819,0.0882185027,0.1648139656,0.005862053484,0.02784799039,0.02631578036,0.04131799564,0.002236861037,0.01448681392,0.05860598758,0.03699310124,0.03185407817,0.06512714922,0.1813939363,0.6092996597,0.2860327661,0.2293669283,0.2391469777,0.2414067984,0.2037309408,0.2613219321,0.2966267467,0.2996948063,0.2299381942,0.2480409741,0.3382093906,0.3660794795,0.4153287113,0.394641012,0.3212189674,0.2840901315,0.3302612305,0.2112516761,0.3179531395,0.3350079954,0.3028287888,0.3980039954,0.2684800923,0.3317308426,0.2889191508,0.2953023612,0.2833349705,0.1689137667,0.3631308675,0.04978295788,0.9166737795,0.3205062151,0.3038867414,0.3347783983,0.293053925,0.2041260153,0.6468488574,0.130500555,0.0962016806,0.3609391153,0.2387820631,0.3569214642,0.06927440315,0.2694261074,0.4126575887,0.332231611,0.4009070694,0.2473893613,0.2343346775
21,0.08139149845,0.3555475771,0.4002911747,0.4997404516,0.9401332736,0.8694270253,0.007760452572,0.3071691692,0.005475139245,0.005127164535,0.02006394975,0.005250441842,0.0157943368,0.009168538265,0,0.00483987201,0.0005504687433,0.0002202140022,0.0004480057978,0.0001809853129,0,4.806594734e-05,3.289284723e-05,1.483307278e-05,5.577025149e-05,9.89708351e-05,0.006303851027,0.001985153882,0.004962980747,0.003120009555,0.001708708005,0.001032893779,0.0005121757276,0.0007712609367,0.001140824403,0.0007963218377,0.0003501796164,4.258777699e-05,9.078100993e-05,3.853856106e-05,0.0004175245704,0.0001231857314,0,0.02438095212,0.005870271474,0.01419772487,0.01045026723,0.01136980765,0.03058763035,0.01393802091,0.03487654403,0.08633093536,0.00753537612,0.005096196197,0.01573890075,0.04527847096,0.008991267532,0.02488226071,0.0321633704,0.01546231471,0.02481971867,0.03296797723,0.07792598754,0.09233739972,0.05290387943,0.02361679636,0.02608633973,0.05565965548,0.05919172242,0.1073401049,0.04866377264,0.01040486991,0.01767520234,0.05077524856,0.02713524364,0.01810915023,0.02466085181,0.04588966444,0.04725185409,0.1431123018,0.07787318528,0.1590183824,0.01421054266,0.02488444559,0.03411793709,0.03366629407,0.000274217542,0.009544548579,0.04274393991,0.03801068664,0.03804707155,0.04408913106,0.1584524065,0.5877460837,0.2560521662,0.1978495568,0.292778194,0.2724566162,0.2077657729,0.2513329685,0.333528012,0.3161423206,0.2181235403,0.2218435407,0.3302696943,0.3734248281,0.4386244416,0.4159620404,0.3269003928,0.2666155696,0.3463107646,0.2519066036,0.3188853562,0.3546715379,0.3049973249,0.3736798465,0.287594825,0.3295024931,0.257307142,0.2519653141,0.2469055206,0.1552002579,0.3199944496,0.04695024714,0.8958895802,0.2941200435,0.3132177293,0.2959470153,0.2749002278,0.232189253,0.6502076387,0.1273999065,0.1161003411,0.3685418069,0.1700270921,0.2765756547,0.07003690302,0.1752367765,0.342751652,0.3281143904,0.3405925333,0.2254901081,0.2315840721
22,0.1014048904,0.3930808008,0.4310399592,0.5362381935,0.9115681648,0.744476974,0.006483620964,0.3495441973,0.004774202127,0.003178091487,0.01598583348,0.002793768654,0.008715567179,0.006194059271,0,0.00309503125,0.0005197779974,0.0003581993806,0.0009593312861,0.0004464432423,4.806594734e-05,0,4.815503416e-06,8.495218026e-06,1.639851325e-05,5.953868458e-05,0.003988579381,0.001326383092,0.002422525315,0.001732958248,0.0007822962943,0.0005541855353,0.0003526582732,0.0004468251427,0.0003614635207,0.0005371217267,7.876064046e-05,3.38981954e-05,7.713635569e-06,9.133720596e-06,8.347911353e-05,3.209100396e-05,0,0.01353567839,0.006076349877,0.004031356424,0.01015029009,0.003187264083,0.02260125056,0.01210271008,0.023654636,0.06588034332,0.005307217594,0.009523809887,0.0123088304,0.02805387974,0.008837205358,0.03112699464,0.03085564822,0.01129420754,0.02478723601,0.01571147144,0.06646601856,0.09477204829,0.04734192416,0.03139041737,0.009523809887,0.02207011729,0.0428775996,0.07339800149,0.06720017642,0.004761904944,0.006479622796,0.02521227114,0.008600599132,0.01581692137,0.02052473277,0.027585987,0.03516965359,0.1305271685,0.07886427641,0.1561029404,0,0.02012863755,0.007730685174,0.0149188824,0,0.01586866938,0.02997290343,0.03563331068,0.02545007318,0.04023607448,0.1213147044,0.5511631966,0.2069672048,0.1468813866,0.2375548631,0.2316212952,0.1147424579,0.2302936763,0.3284270763,0.3144946992,0.1854233742,0.1654022336,0.2594866157,0.3374601603,0.4921215773,0.4539561272,0.2475778461,0.2528502345,0.3803405464,0.1917381287,0.3203252256,0.3744310141,0.2768493295,0.4000157714,0.255315125,0.2473749965,0.1851852983,0.2026933283,0.1849007457,0.1129944324,0.3685481548,0.02762319334,0.7647274733,0.2209281325,0.268142879,0.2551052868,0.218512103,0.1648900658,0.4887348413,0.07002276927,0.07612746209,0.3332157731,0.132644102,0.2604108751,0.04284468293,0.1601650119,0.3422859013,0.301643163,0.3585530519,0.2110265791,0.177476421
23,0.1395939589,0.4349875748,0.4616218507,0.5790815949,0.7547722459,0.457544446,0.003525408218,0.4227359891,0.003974219784,0.002280519344,0.02514980361,0.001732703997,0.002268563258,0.003476925427,0,0.001785006374,0.0006433338276,0.0002593112877,0.0009794720681,0.000460952142,3.289284723e-05,4.815503416e-06,0,1.68768986e-06,7.622919838e-06,2.394230796e-05,0.001698623179,0.0008499819669,0.001210783026,0.0008742063073,0.0003803815634,0.00047261687,8.664694906e-05,8.205646736e-05,3.443008973e-05,0.0003867757623,2.2378008e-05,0,0,0,0,0,0,0.004946961999,0.004761904944,0.00587570807,0.005527990405,0.0009851073846,0.007485948969,0.002380952472,0.01601111703,0.03647409379,0,0.004761904944,0.01575216465,0.01765247993,0.008023932576,0.0091854278,0.03604225069,0,0.007884715684,0.01038837712,0.07090709358,0.08383648843,0.01636284404,0.02108615264,0.002380952472,0.01666666754,0.01265877392,0.03690803424,0.06721598655,0.002380952472,0.0100532528,0.006444261875,0.004699115641,0.01426233072,0.01360635832,0.02231550589,0.01886741444,0.06648204476,0.0540150106,0.1144821942,0.007142857648,0.01301421504,0.01348979864,0.002380952472,0.002380952472,0.002380952472,0.0141724227,0.0338479355,0.02294701338,0.01190476213,0.07135368884,0.4409509003,0.131253019,0.07310584188,0.1307176352,0.143030256,0.05794118345,0.1311740875,0.2805515826,0.1848009825,0.08705776185,0.07017700374,0.1657275707,0.2296042144,0.5027940273,0.4919143617,0.1830920875,0.1523355395,0.3205724657,0.1160558984,0.2534813285,0.3919407725,0.1501521617,0.448461175,0.1671953648,0.1262004673,0.1082112119,0.112354584,0.1254687905,0.07708075643,0.3552575707,0.002380952472,0.5008131862,0.09001283348,0.1843883097,0.1561310738,0.1836075038,0.09482860565,0.2438524812,0.0273739025,0.0297961887,0.3172333837,0.0606129393,0.1790659875,0.01703961007,0.08119603246,0.3587173223,0.239927277,0.229463473,0.1181456223,0.1179738566
24,0.1062783971,0.347497493,0.369543463,0.4822097719,0.6194117665,0.3332907557,0,0.3227308095,0.004085016903,0.0005087765167,0.01281213108,0.0004965263652,0.004761904478,0,0,0.0007940912619,0.0003991563863,0.0003294962517,0.0006996775046,0.0006919170264,1.483307278e-05,8.495218026e-06,1.68768986e-06,0,6.1830508e-07,4.297040141e-05,0.001155488426,0.0005397299537,0.001606257283,0.001016770722,0.0004183030687,0.0001729707874,0.0001487968257,7.990559243e-05,0,0.000242235561,0.0001457525941,0,1.293131209e-05,8.861200513e-06,0,0,0,0.003807160072,0,0.007142857648,0,0,0.002380952472,0.003162774956,0.009523809887,0.01904761977,0,0,0.005262890365,0.003800073871,0.007089211605,0.006374506745,0.02560228482,0.002380952472,0.002380952239,0.004761904478,0.03966972977,0.06333542615,0.02167494036,0.01868106797,0.002380952472,0.004761904944,0.01459685154,0.01918095723,0.0386926569,0,0,0.007142857648,0.001224924461,0.001394115039,0.004761904944,0.01190476213,0.005281926598,0.03681071103,0.04351969436,0.06920656562,0.002380952472,0.002380952472,0.007142857648,0.004761904944,0,0.006117836107,0.004761904944,0.03081080504,0.01688818075,0.009523809887,0.04516098648,0.3529580832,0.09575817734,0.03333333507,0.08200474828,0.09056182206,0.02954779379,0.08583191037,0.161152333,0.1257198155,0.05019272119,0.03857131675,0.114492923,0.158986032,0.4007567167,0.4116583765,0.0990954563,0.07831036299,0.2388173342,0.05525722355,0.1532084495,0.2739848495,0.1000563726,0.3380684257,0.128074646,0.08700759709,0.05260690302,0.07568555325,0.08753484488,0.03237438574,0.2823417485,0.007142857648,0.3693083823,0.05367582291,0.1055449471,0.09595289081,0.1040895507,0.07656721026,0.1849982738,0.02142857201,0.01293039694,0.1838190109,0.03763092309,0.1250717342,0.009523809887,0.05533439294,0.2362215072,0.1460294873,0.1541363597,0.06750064343,0.06215307862
25,0.02067792974,0.1404083818,0.1864998639,0.2371563613,0.7929444313,0.7725787759,0.004120818805,0.1001922861,0.001045100973,0.001371752005,0.009978401475,0.002433049027,0.006366495974,0,0,0.0008404146065,0.0002509909391,0.0001743432076,0.0003711250611,0.0001901528594,5.577025149e-05,1.639851325e-05,7.622919838e-06,6.1830508e-07,0,2.310176387e-05,0.001659957459,0.0007487058174,0.003020264441,0.001874628128,0.001037464594,0.0005497853854,0.0005194164114,1.944381256e-05,0.0001126308634,0.0003228650894,6.84241968e-05,3.594467125e-05,1.483112555e-05,8.960804735e-06,1.196885114e-05,3.712013267e-06,0,0.01055524871,0,0.008715296164,0.01190476213,0.002380952472,0.00831320975,0.0142857153,0.02195976116,0.02217410505,0.007142857648,0,0.006071634591,0.01210628822,0.009259440005,0.009524468333,0.02181969769,0.002380952472,0.005487769376,0.009523809887,0.03790964559,0.07095481455,0.01600291021,0.01785523258,0.004761904944,0.00814606715,0.02340053022,0.02940685116,0.02868716791,0.0150410179,0.003375870408,0.005782057066,0.01179406233,0.0188501887,0.01479790919,0.01575574651,0.01954666339,0.05588393286,0.03725972027,0.08728565276,0.002380952472,0.009523809887,0.002380952472,0.01668599993,0,0.003415383631,0.01213092078,0.01774292812,0.009521247819,0.002380952472,0.06039318442,0.4765466154,0.137359485,0.09740571678,0.1233173981,0.109722808,0.07688184828,0.09550490975,0.2135101706,0.161397934,0.07095301896,0.05662530661,0.1451235116,0.1549781561,0.2538184524,0.2505021095,0.1742852479,0.1096985787,0.2223431319,0.0618817769,0.1790546179,0.2146979421,0.1001715213,0.1553059071,0.1176839322,0.1574575007,0.0754589811,0.09021965414,0.07115132362,0.04693563282,0.1278213561,0.01663791947,0.8037678599,0.1486253291,0.1301099956,0.07676956058,0.1375627518,0.06132705882,0.4722751975,0.04205787554,0.03068977036,0.2023164779,0.04594453424,0.08008630574,0.01320497226,0.05790979415,0.1267029643,0.108377099,0.1172470227,0.0716130659,0.1064504012
26,0.07715111226,0.3087951839,0.3561002016,0.4387303889,0.8751478195,0.8000620008,0.007216560654,0.2673389912,0.002809715923,0.002610349096,0.02138870209,0.00226454041,0.008565468714,0.006152870599,0.003696877277,0.002330145333,0.0005700375768,0.0001775830315,0.0004634874058,0.0003155579325,9.89708351e-05,5.953868458e-05,2.394230796e-05,4.297040141e-05,2.310176387e-05,0,0.002386035863,0.0009438231937,0.00292332354,0.001965767704,0.0007562029059,0.0006450950168,0.0002528395853,0.0002318874758,0.0002576702682,0.000291905686,0.0002184527111,5.894272181e-05,1.767135655e-05,0,0,2.87174862e-05,0,0.01034343988,0.001152022276,0.006691852119,0.01042269357,0.006390977185,0.02246357687,0.01033549104,0.03109288588,0.04918960482,0.002380952472,0.003811194096,0.01478464063,0.0221057348,0.01012251992,0.02093663812,0.02841085754,0.004916183185,0.009523809887,0.01177416462,0.05192739889,0.07064683735,0.03629991412,0.01937258616,0.01904761977,0.03303013369,0.04658196867,0.07054268569,0.0501800254,0.006040577311,0.01442032028,0.01480929833,0.0184575785,0.02200552076,0.0137353763,0.03471621871,0.03630886972,0.1207292154,0.05590843409,0.1338431835,0.003150240052,0.01904761977,0.01185998041,0.02596558258,0.002335548168,0.01771783829,0.03390208632,0.03594702855,0.02542222477,0.0310732089,0.1062660888,0.4799517095,0.1832301915,0.1092108637,0.1756133735,0.1675753593,0.1276509762,0.1698807776,0.2712694705,0.2023352534,0.1519286484,0.1044428349,0.2245441675,0.297134757,0.3973086476,0.3755860925,0.2347733527,0.1782967448,0.2931522429,0.1467966139,0.2435693592,0.3021206856,0.2165637165,0.3167455792,0.2443981618,0.2433521003,0.1645755172,0.169201538,0.1487718374,0.1073758155,0.2898193896,0.01400343608,0.830712676,0.1771560907,0.1962554455,0.2060565501,0.1883518994,0.1404745132,0.5126885772,0.07674667984,0.08155399561,0.2647678256,0.1055262387,0.2120215148,0.0415482074,0.1641710848,0.2954211831,0.2132573277,0.2813888192,0.180643931,0.1468210071
27,0.07064843923,0.2657259107,0.2990906835,0.4544677436,0.8225143552,0.6442204118,0.007285209373,0.2306907773,0.0001297052368,0.0002865661518,0.001207412803,0.0001863418292,0.001579697477,0.0003656208864,0.0005485395668,0.000116798612,0.005384287797,0.006231965963,0.01791706309,0.01541609596,0.006303851027,0.003988579381,0.001698623179,0.001155488426,0.001659957459,0.002386035863,0,2.763188968e-05,9.475547995e-05,0.0001497469202,7.507288683e-05,0.0001347572688,0.0001267723856,9.169609257e-05,3.293050395e-05,8.824936231e-05,0.0001021087155,0.0001728111674,0.0001609926985,2.748120096e-05,1.097654058e-05,6.213504821e-05,0,0.0003018032585,0,0.0009977347218,0,0,0.003176688682,0.0002462858392,0.001362747746,0.007054718677,0,0.001321195741,0.001476207166,0.004879419226,0.0007218949613,0.0009634399903,0.002200277522,0.001724823378,0.008364106528,0.002564725466,0.001674165134,0.00461451849,0.010075178,0.003084240016,0.006252684165,0.00307556591,0.005502394866,0.01421771105,0.008609121665,0.003182272892,0.001444764901,0.005263311323,0,0.005485536996,0.00980457291,0.0108508924,0.01435748674,0.02326558903,0.02051353082,0.01458756439,0.0006020650035,0.001207850291,0.002752619796,0.002622947097,0.001341429539,0.003617025679,0.02768759802,0.009450764395,0.006316365208,0.005318707787,0.01951304637,0.5718522668,0.1125160009,0.04275879264,0.1083358452,0.1344029456,0.06120655313,0.128428489,0.2340664417,0.1553031653,0.06243932247,0.06441889703,0.1606010795,0.2003891915,0.365724951,0.3267959058,0.1790593117,0.151060164,0.1991732121,0.1164323837,0.1182062924,0.2165988237,0.1741337776,0.2590769827,0.1290136278,0.1418231726,0.1569360346,0.1736915857,0.1334520429,0.05697710067,0.2046088874,0.02824300528,0.7472584844,0.1566326022,0.1480187029,0.1852637827,0.1032494828,0.06263612956,0.4357982874,0.04183888435,0.02574612573,0.2146782577,0.1505389214,0.2057774365,0.0382732898,0.1338264346,0.2489913106,0.2135865092,0.2672068477,0.1006276011,0.05817100033
28,0.223655656,0.4760637283,0.4933193326,0.6147407889,0.7662947178,0.2927082479,0.007142857648,0.4959313273,0.0007885624073,0.0007580950623,0.003644010751,0.000832338992,0.001624979079,0,0,0.0004408477107,0.008018014953,0.0007968806312,0.005990314297,0.005089754239,0.001985153882,0.001326383092,0.0008499819669,0.0005397299537,0.0007487058174,0.0009438231937,2.763188968e-05,0,9.908227184e-06,9.487683565e-05,5.979948401e-05,9.36524375e-05,4.712650116e-05,2.52830032e-05,3.389901758e-05,3.366237934e-06,2.193757064e-05,0,3.749546158e-05,1.038261507e-05,2.933260839e-05,2.042240885e-05,0,0.0001917147456,0,0,0.0006300543901,0.001663772739,0.002380952472,0.004200792871,0.002386021195,0.008392989635,0,0.002801000606,0.005491107237,0.004370211158,0.00200542016,0.001138442545,0.004617201164,0,0.002380952472,0,0.004129637498,0.009099854156,0.01888129488,0.01407181844,0,0.003507065121,0.005751813762,0.01093096472,0.02415253408,0,0,0.004761904944,0.001682462404,0.01285474002,0.02038560249,0.03569993004,0.02827057056,0.02290923521,0.05314415693,0.02094969526,0,0.004761904944,0.002380952239,0.002380952239,0,0.01082735695,0.03328491375,0.04395667836,0.02710098214,0.004803127609,0.026890954,0.419917196,0.05003470555,0.01051641442,0.06033468992,0.06022405997,0.03138498217,0.05709148198,0.1483078003,0.08263470232,0.043446064,0.02985314094,0.1002265811,0.1732173562,0.5021849871,0.4572145939,0.06891017407,0.08616957068,0.2198058218,0.04043531045,0.1274323612,0.2427882999,0.1682009995,0.4753574431,0.1124278679,0.08292966336,0.1136721075,0.2095088363,0.1900439858,0.03474682942,0.3829861879,0.009523809887,0.3674591184,0.05170025304,0.08232960105,0.2619222403,0.0996151045,0.05764468759,0.1755361855,0.01190476213,0.01190476213,0.1699509025,0.08082269877,0.3187023103,0.01927552,0.1613925695,0.4797908664,0.2779322863,0.3644489348,0.03806723282,0.05215279013
29,0.3258577287,0.5377187729,0.5505148768,0.6578189135,0.8791592121,0.4499696493,0.02107479982,0.586253047,0.0009974272689,0.001302209566,0.003866878804,0.0004587062285,0.002787745325,0,0,0.000607565511,0.03409849852,0.006970897783,0.01106536016,0.009176497348,0.004962980747,0.002422525315,0.001210783026,0.001606257283,0.003020264441,0.00292332354,9.475547995e-05,9.908227184e-06,0,7.546151755e-05,0.0001847051462,0.0002950110938,0.0002302366629,0.0002557396365,0.0001388587261,0.0001599997486,0.000282582856,0.0002616127313,0.0002842899703,0.0005465112627,0.001708754222,0.0007974268519,0,0.000915407436,0,0.002380952472,0,0.001271099783,0.007041469682,0.001663377509,0.0007692386862,0.01236563362,0.001688879333,0.003576664021,0.003925036173,0.004448103253,0.001623949036,0.002630519681,0.005052744411,0.00304569467,0.0002538446861,0.007776119746,0.004851357546,0.00863063056,0.03947522491,0.01123597566,0.004703350831,0.006951633841,0.01204408891,0.02522315457,0.04126193002,0.004761904478,0,0.003054318018,0.004508490209,0.02059586532,0.02364066802,0.04741648585,0.04126226157,0.02755166963,0.09308254719,0.02160443366,0,0.00585873099,0,0.007142857648,0.002380952472,0.01373595465,0.04474930838,0.0464380458,0.04187591001,0.005082855001,0.02906573936,0.5365807414,0.1223119348,0.05609937012,0.1301146597,0.1259471178,0.06306021661,0.136582911,0.2608858943,0.1600815207,0.07372771949,0.05982452631,0.1814564615,0.2822826207,0.5636938214,0.5082318783,0.1587027609,0.1252087057,0.2968776524,0.1022694111,0.1718855202,0.3376896083,0.2604330182,0.5228011012,0.1899968535,0.1773401201,0.2132496983,0.3220655918,0.3085801303,0.08235621452,0.4564032555,0.01904761977,0.5084011555,0.1110428348,0.1553650349,0.3952205479,0.1243853495,0.09487452358,0.2717260718,0.03333333507,0.02857143059,0.299379766,0.1722587347,0.4104413986,0.06243107095,0.3221563995,0.5594277978,0.4109122157,0.5033127666,0.1110286489,0.100240238
30,0.2665385902,0.5207605958,0.5207548141,0.6466491222,0.9351875782,0.6040062308,0.02827560529,0.5126788616,0.0008067999152,0.0011823104,0.003911553416,0.000610904186,0.001649386715,0.00035582087,0,0.0004486062389,0.02535223588,0.004398704506,0.007591546979,0.006744184531,0.003120009555,0.001732958248,0.0008742063073,0.001016770722,0.001874628128,0.001965767704,0.0001497469202,9.487683565e-05,7.546151755e-05,0,5.67623938e-05,0.0001332747197,0.000204128286,9.983350901e-05,6.082917389e-05,9.329316526e-05,0.000591147982,0.0002186499769,0.0002789863793,0.0003150583361,0.0004112879687,0.0005137123517,0,0.004820780829,0,0.0005343623925,0.0002543393348,0.0002234624699,0.001228034147,0.00220334786,0.001347592915,0.02579322271,0.002380952239,0.003614075249,0.009782214649,0.01829501241,0.002247484867,0.001902086078,0.005557476543,0.0002782640222,0.01143064536,0.006018529646,0.005803535692,0.008525686339,0.0454130508,0.01182306651,0.002380952472,0.002818756271,0.01250309683,0.03129263222,0.03702831641,0.001373101841,0.00267334003,0.003027614672,0.00606001541,0.02202569135,0.0303260684,0.08341431618,0.05592423305,0.04525677487,0.1070747077,0.03160537034,0.01318821777,0.006091236137,0.001748766052,0.005248165689,0.003863107646,0.02337267064,0.08500096202,0.04818231612,0.03036300093,0.007844703272,0.05169933662,0.5771109462,0.1766886264,0.08053090423,0.1868526489,0.1790603548,0.09108109772,0.2225256264,0.3513829708,0.2548773289,0.1108946353,0.1241794899,0.3300473392,0.3433837295,0.5473089814,0.4892112911,0.2275671512,0.1962513775,0.3389111161,0.1600989252,0.2123490125,0.3585657477,0.3734439015,0.5128551722,0.227700755,0.2047830969,0.3685336411,0.4234012961,0.3905988634,0.1186272353,0.4743762016,0.04519176483,0.6784592867,0.1705928892,0.266514957,0.4821905792,0.1859418005,0.159139514,0.4250716269,0.07054460794,0.04350506142,0.379273355,0.2687935233,0.4840664566,0.118954882,0.3754359782,0.54881078,0.4602612257,0.5399752259,0.1673135906,0.1219226941
31,0.1695861518,0.4251996577,0.4440608323,0.5879284143,0.8873113394,0.5762383938,0.003012660192,0.3741945922,0.0003532016708,0.001000913093,0.003167644609,0.0004063318192,0.001695789513,0.0001378761081,0,0.0001467281691,0.01291486248,0.002538558794,0.00451007206,0.003580404911,0.001708708005,0.0007822962943,0.0003803815634,0.0004183030687,0.001037464594,0.0007562029059,7.507288683e-05,5.979948401e-05,0.0001847051462,5.67623938e-05,0,1.421741035e-05,1.250811056e-05,3.085327262e-05,9.226220754e-06,4.673477088e-05,0.0001545228151,0.0001073383028,0.0001541934471,5.369519567e-05,0.0001114413462,5.488487204e-06,0,0.00104617083,0.002380952472,0.002380952472,0.001095036161,0,0.003158686683,0.0005870570894,0.002655627206,0.01638870686,0.004314056132,0.003232347546,0.004732671194,0.01359008811,0.000752222375,0.002203742275,0.004126277752,0.003309796099,0.003546118038,0.002485167002,0.003986474127,0.008519229479,0.02106519416,0.009022099897,0.002380952472,0.005972974934,0.01108899154,0.02404531091,0.02257269062,0.002380952472,0.0007964778924,0.01767210849,0.002077122219,0.02307834662,0.02444808185,0.03836159036,0.03115445748,0.02804511413,0.06997618824,0.03227744997,0.004200133495,0.002380952472,0.002535746899,0.009051087312,0.005511661526,0.01023057196,0.04911921173,0.02820520476,0.0235400442,0.003799436847,0.04852534458,0.5264776349,0.1094008535,0.05089499056,0.1649079174,0.1564292908,0.05780683085,0.1292148083,0.2827457488,0.1520065516,0.09496548772,0.1129566059,0.2043753415,0.3010921478,0.4805405438,0.4360939562,0.1734377444,0.1600144058,0.3064765334,0.1506973207,0.1795992404,0.3269966245,0.2738465667,0.4207814336,0.170266822,0.1923098713,0.2660112977,0.304340601,0.3065488338,0.1103995666,0.3774785101,0.02072919533,0.5826352835,0.1415264308,0.1939800829,0.358394593,0.1396702528,0.1056651995,0.3125994205,0.04111697897,0.04839554802,0.3093695045,0.1843745857,0.4054083228,0.05813037604,0.269780457,0.4582979679,0.3747728765,0.4612708986,0.1127027348,0.1093653738
32,0.204794094,0.465210408,0.4644239247,0.6040606499,0.8582915664,0.4086382091,0.01104124635,0.4355691671,0.0005147855263,0.001080007874,0.005030947272,0.0004479220079,0.0009811135242,0.0006851644721,0,0.0002348775888,0.009489466436,0.001544116996,0.002840841422,0.002344182227,0.001032893779,0.0005541855353,0.00047261687,0.0001729707874,0.0005497853854,0.0006450950168,0.0001347572688,9.36524375e-05,0.0002950110938,0.0001332747197,1.421741035e-05,0,6.556925314e-07,1.087364126e-06,7.495918453e-06,1.133485148e-05,0.0001206658053,3.703312541e-05,0.0001607616432,8.76000995e-05,0,2.27208111e-05,0,0.001883672317,0,0,0.001774817239,0.001468627248,0.003254899057,0.002025000984,0.002799764508,0.02254332416,0,0.001009658678,0.00310909329,0.01619445719,0.0006558485329,0.001770223957,0.004517299589,0.001587394043,0.005332342815,0.0006467766943,0.005267852452,0.007367990911,0.02117212862,0.008364407346,0,0.006530642975,0.01786837354,0.03250367939,0.02553665638,0.004761904944,0.0005369824939,0.005042082164,0.0005767123075,0.01609551348,0.01678924263,0.0350032784,0.03731320053,0.02173388377,0.08132424206,0.02995027043,0,0.007142857648,0,0.002380952472,0,0.007897203788,0.04112794995,0.02914269269,0.02478577383,0.002948282287,0.01714822836,0.4374969602,0.08255314082,0.04189469665,0.1083965674,0.1011403352,0.04294782504,0.1057491228,0.2637595832,0.131867066,0.07068245113,0.0663574487,0.1638219208,0.2260345966,0.5095101595,0.4546425343,0.1061638668,0.1311052591,0.2877562046,0.08350517601,0.1798230857,0.3219874203,0.2290969342,0.4513197541,0.130548045,0.1281223446,0.1899192482,0.3106396794,0.2373217493,0.0674552843,0.3965227604,0.002380952472,0.4601428211,0.09511508048,0.1441380382,0.3076025248,0.1093801707,0.07726224512,0.228267163,0.04463800788,0.01904761977,0.2790126503,0.1450385004,0.354074955,0.04197685793,0.2323638499,0.4765237868,0.3278017938,0.4043817818,0.05791547149,0.0730080381
33,0.2314669937,0.476223886,0.464201957,0.6171550155,0.7223768234,0.2135548145,0.002380952472,0.4885107577,0.0006608327385,0.001685073366,0.005555004347,0.0003275083145,0.000614838209,0,0,0.0005980742862,0.006803500466,0.0005718651228,0.00189338834,0.001500479062,0.0005121757276,0.0003526582732,8.664694906e-05,0.0001487968257,0.0005194164114,0.0002528395853,0.0001267723856,4.712650116e-05,0.0002302366629,0.000204128286,1.250811056e-05,6.556925314e-07,0,0,7.942088018e-07,0,3.767392263e-05,7.004477084e-05,2.831625716e-05,0,0,0,0,0.001724714646,0,0,0,0,0.003359795781,0.001613683649,0.00168541458,0.009523809887,0.002380952472,0,0.002380952472,0.008019031957,0.0003953793494,0.001215037657,0.003821513848,0,0.004761904944,0,0.001929912134,0.01015881356,0.009349236265,0.00861984957,0.001413889695,0.0142857153,0.008882926777,0.009634985588,0.03247618675,0.002380952239,0,0,0.002213325584,0.01504550036,0.01299615856,0.01611993648,0.02638460509,0.01234348398,0.06041224673,0.01599222049,0.002380952472,0.001886906568,0,0,0,0.003593299538,0.02663068846,0.03103742562,0.0151185235,0.005301573314,0.01708211564,0.3295458555,0.05159090832,0.02857143059,0.06209266931,0.08335837722,0.02540957928,0.04600128159,0.1753682643,0.09265907109,0.03445205837,0.04127457738,0.08106760681,0.1476686597,0.4966652691,0.4587117732,0.0765863657,0.06931454688,0.2468333244,0.0395061858,0.1283727735,0.2321825922,0.1477231532,0.4290594757,0.091160357,0.06243354827,0.1227876469,0.1553614587,0.1617951244,0.03723214194,0.3831056058,0.0142857153,0.3351925611,0.04397102073,0.09195959568,0.1905790865,0.09175404161,0.03794928268,0.1171999723,0.0142857153,0.004761904944,0.1770891547,0.07235243171,0.2686508894,0.02526708879,0.1508489102,0.4691797197,0.2192268968,0.3237448037,0.06000603363,0.03753154725
34,0.1486463994,0.3729401529,0.3240141571,0.5433769226,0.5170381069,0.1511889398,0.004761904944,0.3113102913,0.0005199301522,0.0009724256233,0.003232582007,0.0002272901911,0,0,0,8.705541404e-05,0.005171422381,0.001256720047,0.002571913879,0.002036184771,0.0007712609367,0.0004468251427,8.205646736e-05,7.990559243e-05,1.944381256e-05,0.0002318874758,9.169609257e-05,2.52830032e-05,0.0002557396365,9.983350901e-05,3.085327262e-05,1.087364126e-06,0,0,0,9.594376934e-06,3.919168012e-05,0,0.0002008659503,0,0,0,0,0,0,0.002380952472,0.001714012935,0,0.002380952472,0,0.002593833255,0.004761904944,0.002380952472,0.002380952239,0.002380952472,0,3.864284736e-05,0.0008126450703,0.003313066671,0.000279844593,0,0,0.001729236916,0.007596055511,0.002106321976,0.008700955659,0,0,0.006278389134,0.0081401309,0.0132079944,0.002380952472,0.0004931016592,0,0.0006946622161,0.006737588905,0,0.01068054512,0.007289373782,0.01404317655,0.02783271857,0.009010450915,0,0.002380952472,0.0008150496869,0.002380952472,0,0.002589997603,0.002380952239,0.01304124203,0.01485259365,0.002380952472,0.01003222354,0.2253693491,0.02142857201,0.007142857648,0.03809523955,0.02380952425,0.01502339356,0.03527352214,0.102281101,0.04631003737,0.02521617897,0.01794210635,0.05426952988,0.08474993706,0.3761773109,0.3733276427,0.03463576362,0.03173058853,0.113978751,0.0186461769,0.09340175241,0.1716106236,0.05396351963,0.3474737406,0.04370411485,0.03159521893,0.05176783353,0.07466846704,0.08264060318,0.01918422244,0.2482918352,0.002380952472,0.2072692811,0.02269993164,0.05689478666,0.1207406074,0.04432808235,0.02862197906,0.07951451838,0.0086956257,0.002380952472,0.1004485115,0.02714083903,0.133494541,0.012831375,0.05605604872,0.2883389592,0.1403802186,0.2344835699,0.017653808,0.02534873784
35,0.05445482209,0.2152683288,0.2541129589,0.3894528747,0.7141437531,0.3964371979,0,0.1498028785,0.0001076782064,0.0002348303387,0.001170124277,0.0002249841637,0,0,0,6.365464651e-05,0.003831851529,0.001505175256,0.002966164611,0.003040880663,0.001140824403,0.0003614635207,3.443008973e-05,0,0.0001126308634,0.0002576702682,3.293050395e-05,3.389901758e-05,0.0001388587261,6.082917389e-05,9.226220754e-06,7.495918453e-06,7.942088018e-07,0,0,7.616460607e-06,9.279171354e-05,0,9.3724404e-05,6.421166745e-06,8.839737347e-06,0,0,0,0,0,0.001524950378,0,0.003559115576,0,0.005277113989,0.01027424727,0,0.001763281063,0.003246054286,0.008444854058,0.000490107981,0.001723696943,0.003099670634,0.0002008247684,0.0002420809906,0,0.006836252287,0.006154575385,0.00557723688,0.003303249832,0.003677094122,0,0.004220173229,0.01485220995,0.01086379867,0,0.002740442287,0.004761904944,0.001301665208,0.009697659872,0.005025268532,0.01357152965,0.01860599406,0.01349601708,0.02656947449,0.01708530821,0,0,0.002380952472,0.003564069048,0.004761904944,0.002165478421,0.02153756097,0.01202585641,0.007046413608,0.001739533269,0.01946162991,0.3511884511,0.05890525505,0.01566466503,0.06457152963,0.05448918045,0.01813401282,0.05513795093,0.1307011694,0.08280546963,0.02923833393,0.02142857201,0.0945629403,0.1349705309,0.3413487077,0.3002991676,0.04663865268,0.04415706918,0.1829279661,0.02316308022,0.1079129875,0.2376639098,0.07869599015,0.2447620481,0.08167403936,0.08626906574,0.07219473273,0.1255295575,0.1001714841,0.03000665084,0.2009846717,0.006290064193,0.3747893572,0.07079171389,0.07161612809,0.1490613073,0.07172079384,0.0388625823,0.1805091053,0.003817732679,0.007914636284,0.1678240895,0.06118853763,0.1532452852,0.02240854129,0.1130102947,0.2243805677,0.1588278562,0.2179448307,0.05458826199,0.04987553507
36,0.1161630377,0.3480884433,0.3685072958,0.5128944516,0.7598856688,0.3741182387,0.008845021017,0.2780318558,0.0002448818705,0.000807911274,0.003358864691,0.0002773094748,0.0001929727296,0,0,7.79639231e-05,0.004577094689,0.001235061907,0.002432520734,0.002250019228,0.0007963218377,0.0005371217267,0.0003867757623,0.000242235561,0.0003228650894,0.000291905686,8.824936231e-05,3.366237934e-06,0.0001599997486,9.329316526e-05,4.673477088e-05,1.133485148e-05,0,9.594376934e-06,7.616460607e-06,0,0.000111496789,0,0,3.989634934e-05,0,0,0,0.0008130393689,0,0.001292107161,0,0,0.005956523586,8.320795314e-05,0.001958497334,0.01217224076,0,0.003150755307,0.002248248085,0.005699539557,0.0009882418672,0.0005973219522,0.003230121918,0.002353178337,0,0.001124807401,0.003110031364,0.007095442619,0.01302159484,0.005670225713,0.002380952472,0.004264412913,0.008086837828,0.01676741615,0.0125241084,0.005791185424,0,0.002670357935,0.001171037788,0.00360565423,0.008465282619,0.02215652913,0.01836261339,0.03521406278,0.03565491736,0.0170572456,0.002893417841,0.0004835467844,0.003151818877,0.009058512747,0,0.004019952379,0.02008516341,0.01455559675,0.01340189949,0.004257216584,0.03801631927,0.3664517999,0.07120172679,0.02857143059,0.07936961949,0.08384430408,0.04274769127,0.06148285046,0.1616836637,0.1361661702,0.0449777171,0.06385019422,0.1521414965,0.1655143052,0.4128162265,0.3736031055,0.1099031046,0.1150674522,0.2198583186,0.06900528073,0.1239046529,0.2337324917,0.1496184319,0.3464435041,0.1008176878,0.1003425121,0.1081234142,0.1852253228,0.122646153,0.04034344479,0.2706907988,0.01904761977,0.4910963774,0.09345878661,0.08687124401,0.1871547401,0.07116441429,0.05478230491,0.2117444426,0.02142857201,0.02380952425,0.2014591247,0.09041280299,0.2293037027,0.03065991029,0.1592298299,0.3387024701,0.2389129847,0.2974877357,0.0472304374,0.06534249336
37,0.04288140312,0.2251690924,0.2945283353,0.4000684023,0.5082501769,0.3510972559,0,0.1887343824,0.0009303507977,0.003038505791,0.001499558799,0.001455938909,0.0005996210966,0,0,0.001686032279,0.0003699921072,5.467519077e-05,0.0005660392926,0.0008397561032,0.0003501796164,7.876064046e-05,2.2378008e-05,0.0001457525941,6.84241968e-05,0.0002184527111,0.0001021087155,2.193757064e-05,0.000282582856,0.000591147982,0.0001545228151,0.0001206658053,3.767392263e-05,3.919168012e-05,9.279171354e-05,0.000111496789,0,1.504579814e-05,0,0,0,3.352364956e-06,0,0.0006972838892,0.002380952472,0,0.003659166861,0,0.005212187767,0.0004770955129,0,0.003312595887,0,0,0.004761904944,0,0.002230989281,0.002047297079,0.006036368664,0.001602696022,0.003246024484,0,0.005463622976,0.01663356647,0.01022624597,0.009076531045,0,0,0.008880804293,0.007715281099,0.01573392935,0.007142857648,0.00411300594,0.002547004027,0.003525529755,0.004761904944,0.007934432477,0.004761904944,0.007950654253,0.02070451528,0.02884188481,0.02223215438,0,0.004761904944,0,0.004761904944,0,0.002324686851,0.002990520094,0.01134042349,0.005595946684,0,0.004761904944,0.3056101203,0.05274291337,0.01190476213,0.05553778633,0.05931323022,0.02380952425,0.03904670849,0.1228921935,0.0419937633,0.02740126848,0.02752644382,0.07319396734,0.09185204655,0.3313961327,0.3119212389,0.04764505476,0.04789493233,0.177478537,0.03518838435,0.07415911555,0.1989173293,0.04612890631,0.2441246659,0.0629581809,0.06029704958,0.04346812144,0.06243044138,0.06381370872,0.01771894842,0.2006725222,0.007142857648,0.3484854996,0.04761904851,0.05687240139,0.09481283277,0.05476417392,0.0314855352,0.1612990648,0.009523809887,0.01133083645,0.1066635624,0.03235049546,0.1151523516,0.004761904944,0.06124297902,0.2275950909,0.08823695779,0.1469669789,0.03095238283,0.02270981111
38,0.03171084076,0.1124649271,0.1033497006,0.3013077676,0.09523809701,0.05134486035,0,0.1475826353,6.943461631e-05,0,0.002380952472,0.002693052636,0,0,0,0.0004006312229,0.0004251401115,7.55070505e-05,0.0004957001656,0.001404379378,4.258777699e-05,3.38981954e-05,0,0,3.594467125e-05,5.894272181e-05,0.0001728111674,0,0.0002616127313,0.0002186499769,0.0001073383028,3.703312541e-05,7.004477084e-05,0,0,0,1.504579814e-05,0,0,0,0,0,0,0,0,0,0,0,0,0,0,0,0,0,0,0,0,0,0.005961794872,0,0,0,0,0.002380952472,0,0.002380952472,0,0,0.002380952472,0,0.007142857648,0,0.002380952472,0,0,0.002380952472,0.002380952472,0.002380952472,0.004761904944,0.002380952472,0,0.007142857648,0,0,0,0,0,0,0,0.003658191999,0.00301201269,0,0.00150772708,0.06366181374,0.007142857648,0.003823614446,0.007142857648,0.01190476213,0.002380952472,0.002380952472,0.02424964495,0.004761904944,0.002380952472,0.002380952472,0.002380952472,0.007142857648,0.1140865535,0.159716472,0.002380952472,0.01190476213,0.03726412728,0.002380952472,0.01180270221,0.04050623626,0.009523809887,0.05835797638,0.009523809887,0,0.009523809887,0.004761904944,0.007142857648,0.002380952472,0.04702338576,0.002380952472,0.07813770324,0.004761904944,0.007142857648,0.01240261178,0.002380952472,0.004761904944,0.018424334,0,0,0.01783259585,0,0.0295734629,0.002380952472,0.02267219126,0.06533897668,0.01602449641,0.03519151732,0.004761904944,0
39,0.02838646621,0.1059943736,0.1084742099,0.3107145131,0.1413858831,0.1081763357,0,0.1255790889,0.0007124404656,0,0.005186567549,0.004696851131,0,0,0,0.00105486426,0.0001681524591,5.557446275e-05,0.000448991399,0.0003999432083,9.078100993e-05,7.713635569e-06,0,1.293131209e-05,1.483112555e-05,1.767135655e-05,0.0001609926985,3.749546158e-05,0.0002842899703,0.0002789863793,0.0001541934471,0.0001607616432,2.831625716e-05,0.0002008659503,9.3724404e-05,0,0,0,0,0,0,0,0,0,0,0,0,0,0,0,0.002380952472,0,0,0,0,0,0.002380952472,0,0.006077199709,0,0,0,0.002380952472,0.004899833351,0.002380952472,0,0,0,0,0.004761904944,0.003596840193,0,0,0,0.004761904944,0,0,0,0.007890351117,0.001577701187,0.003394353436,0.003403645009,0,0,0,0,0,0,0.004761904944,0.002816045191,0,0,0.002380952472,0.07724666595,0.01358304173,0.007142857648,0.004761904944,0.009523809887,0.007142857648,0.0142857153,0.02682754584,0.02380952425,0.002380952472,0.004761904944,0.01190476213,0.0142857153,0.1761514992,0.1924288869,0.0142857153,0.007142857648,0.03073561937,0.007142857648,0.02328923717,0.06066512316,0.0106548965,0.09665311873,0.02771421708,0.004392574541,0.01190476213,0.01051729359,0.003539677011,0,0.04956335947,0,0.1071428582,0.004761904944,0.01190476213,0.01528090797,0.009523809887,0.004761904944,0.01276188251,0.004761904944,0,0.02996932529,0.004761904944,0.01480717305,0,0.01265852805,0.06826464832,0.03303644061,0.02963689342,0.007142857648,0.004761904944
40,0.01391258556,0.09461784363,0.137182489,0.2050710171,0.2563796043,0.2589246035,0.001133661834,0.07546596229,0.0003784797736,0.0002270482801,0,9.310433234e-05,0.002809406491,0.002380952472,0,0.0002638204314,4.075118341e-05,2.773162123e-05,0.0008820277872,0.0007746483898,3.853856106e-05,9.133720596e-06,0,8.861200513e-06,8.960804735e-06,0,2.748120096e-05,1.038261507e-05,0.0005465112627,0.0003150583361,5.369519567e-05,8.76000995e-05,0,0,6.421166745e-06,3.989634934e-05,0,0,0,0,0,0,0,0.000699577271,0,0,0,0.002380952472,0,0.00151578337,0.001556104515,0,0,0,0,0,0.0008065156871,0.00298952614,0.007967004552,0,0,0.002380952472,0.006414066069,0.008215650916,0.002380952472,0.007361311931,0,0,0.004761904944,0.004761904944,0.00770352874,0,0.002380952472,0.004761904944,0,0.002380952472,0.002380952472,0,0.002380952472,0.004761904944,0.004761904944,0.01309476048,0,0,0,0,0,0,0.004761904944,0.002568949712,0.008520370349,0.002380952472,0.01190476213,0.1222705171,0.02348739095,0.01859855279,0.01439027768,0.03394849598,0.008306127973,0.01603688672,0.04175925255,0.02274335362,0.01129135024,0.007142857648,0.01904761977,0.03281740472,0.1939215213,0.1797711104,0.02874270454,0.007142857648,0.06957518309,0.0142857153,0.0467556566,0.09190585464,0.01849387959,0.09555801004,0.0142857153,0.01303395629,0.01836940087,0.02364600077,0.02232343704,0,0.07026369125,0.004761904944,0.2491487712,0.02380952425,0.03298408166,0.0255783312,0.009188608266,0.01498353109,0.1113867611,0.002380952472,0.004761904944,0.06231998652,0.01190476213,0.02911671065,0,0.01465975586,0.05932123959,0.04108027369,0.04065194353,0.01666666754,0.01027673576
41,0.0214194078,0.1110337526,0.1317511052,0.2758645415,0.1380952448,0.1250067949,0,0.1181466281,0.0002209806116,0.0003387758625,0,0.0004020067281,0,0,0,0.0001331193198,8.571855142e-05,6.440366997e-05,0.0006976108998,0.0008298270986,0.0004175245704,8.347911353e-05,0,0,1.196885114e-05,0,1.097654058e-05,2.933260839e-05,0.001708754222,0.0004112879687,0.0001114413462,0,0,0,8.839737347e-06,0,0,0,0,0,0,0,0,0,0,0,0,0,0,0,0,0,0,0,0.002380952472,0,0,0,0.00421217503,0.002380952472,0,0,0,0.00730524864,0.002380952472,0.006373679265,0,0.001793478616,0.002380952472,0.004761904944,0.01343946159,0,0,0,0,0.002380952472,0,0,0.003775275778,0.002380952472,0,0.002380952472,0,0,0,0.002380952472,0,0,0.002380952472,0.005865212064,0.002380952472,0,0.008219510317,0.09080082178,0.01904761977,0.0142857153,0.01190476213,0.002380952472,0,0.009523809887,0.03122486919,0.02241956629,0.008360007778,0.007142857648,0.01292355452,0.01254779007,0.1487858444,0.1706041843,0.007142857648,0,0.06149678677,0.006353899837,0.02300050668,0.04261646792,0.003299550619,0.1083833948,0.02300079539,0.009523809887,0,0.01024692878,0.01314094011,0.007142857648,0.07125409693,0,0.1142857224,0.02142857201,0.01583713107,0.01555717364,0.01607629098,0.002380952472,0.03571428731,0,0,0.03669004515,0.002380952472,0.03563242033,0.004761904944,0.009523809887,0.07254198194,0.03884983808,0.0399986431,0.005476413295,0.001365866861
42,0.01543668099,0.07817301154,0.0854851678,0.1882216036,0.1431890875,0.1307156384,0,0.07875856757,0,6.383189611e-05,0,0.0008172582602,0,0,0,7.611195906e-05,0.0001006470557,2.402543396e-05,0.001717687468,0.0004726781626,0.0001231857314,3.209100396e-05,0,0,3.712013267e-06,2.87174862e-05,6.213504821e-05,2.042240885e-05,0.0007974268519,0.0005137123517,5.488487204e-06,2.27208111e-05,0,0,0,0,3.352364956e-06,0,0,0,0,0,0,0,0,0,0,0,0,0,0,0.002380952472,0,0,0,0,0.0006941850297,0.002380952239,0.004924979992,0,0,0,0.003752991557,0.004526575562,0.002380952472,0.002823716262,0,0,0.003236396937,0,0.007325007115,0,0.002380952472,0.002380952472,0,0,0,0,0,0.002380952239,0.004761904944,0.004761904944,0,0,0,0.002380952472,0,0.002380952472,0,0.002863058122,0.007142857648,0,0.004128266592,0.08130669594,0.01560502127,0.004761904944,0.007142857648,0.01054852363,0.004761904944,0.004761904944,0.02814859152,0.01014194638,0,0.002380952472,0.007142857648,0.01137076784,0.1699169427,0.1565622538,0.0142857153,0.008492635563,0.03442454338,0.002380952472,0.02681373805,0.04583867267,0.0142857153,0.08323000371,0.007142857648,0.0142857153,0.004761904944,0.01057051215,0.01904761977,0.002380952472,0.04498796538,0,0.1457803696,0.0142857153,0.009523809887,0.01562326215,0.01848134212,0.004761904944,0.05074369535,0.002380952472,0.002380952472,0.03471408412,0.0142857153,0.019979693,0,0.01659183763,0.0592254512,0.0277998168,0.03378874063,0.004761904944,0.017269345
43,0.01000147313,0.01336514205,0.02310598828,0.06803327799,0.0142857153,0.01528666075,0,0.02950292453,0.000138197167,0,0,0,0,0,0,0,0.0009779054672,0.0001379937457,0.002138141776,0.004058681428,0,0,0,0,0,0,0,0,0,0,0,0,0,0,0,0,0,0,0,0,0,0,0,0,0,0,0,0,0,0,0,0,0,0,0,0,0,0,0,0,0,0,0,0,0,0,0,0,0,0,0,0,0,0,0,0,0,0,0,0,0.002380952472,0,0,0,0,0,0,0,0,0.001902382239,0,0,0,0.004761904944,0.002380952472,0,0,0.0008336577448,0,0.002380952472,0.002380952472,0,0,0,0,0,0.01833643578,0.01835238375,0,0.002380952472,0.002380952472,0,0.002380952472,0.002380952239,0,0.01140352711,0,0.004761904944,0.004761904944,0.002380952472,0.002380952472,0,0.007248172536,0,0.02142857201,0.004761904478,0.004761904944,0.002380952472,0,0,0.002380952472,0,0,0,0,0.006656093523,0,0.002380952472,0.006842955016,0.00587872928,0.01022891793,0,0
44,0.02940573171,0.08661627769,0.185366407,0.2116709501,0.07264894247,0.511259377,0.01108268276,0.3815456629,6.968349044e-05,9.289089212e-05,0.000118884047,0.0008811936132,2.045585006e-06,3.294617636e-05,0,0.0001664278534,0.0498440899,0.01659496129,0.02481657267,0.0384777002,0.02438095212,0.01353567839,0.004946961999,0.003807160072,0.01055524871,0.01034343988,0.0003018032585,0.0001917147456,0.000915407436,0.004820780829,0.00104617083,0.001883672317,0.001724714646,0,0,0.0008130393689,0.0006972838892,0,0,0.000699577271,0,0,0,0,0,0,0,0,0,0,1.344138309e-05,2.575479084e-05,0,0.0002645518398,0,0,0,0,8.780913777e-05,7.999250556e-06,0,0.00142052304,7.274245036e-06,0.0001921501826,0,0,0,0,1.782551226e-05,0.0002406642598,1.902637268e-05,0,2.010572047e-07,0,0,0,0,0,0,1.104223338e-05,6.113248674e-05,2.059649705e-05,0,3.5145315e-06,0,5.352263179e-05,0,0,6.850188947e-05,0.001268330147,8.864371921e-05,0,4.613403689e-06,0.5100492835,0.01034836657,0.01793983765,0.001898119343,0.003337212605,0.002863575472,0.007261928637,0.000897881866,0.0006253762404,0.006138950586,0,0.002380952239,0.007142857648,0.05000963435,0.02962881327,0.05911240727,0.00735154748,0.002480334369,0.002380952472,0.002268446144,0.003852687776,0.00726301223,0.02305510454,0.01968965866,0.1288523823,0.004012592137,0.007029299624,0.004850026686,0.001768546645,0.01291429251,0.05145887658,0.960721314,0.3130819798,0.007202120498,0.003987920936,0.0008469869499,0.002056495519,0.6298632622,0.01752047241,0.0119595509,0.02242327668,0.117695339,0.04427564144,0.005871815607,0.02231587097,0.01275940426,0.01924265362,0.01109936368,0.002283134498,0.001539039076
45,0.01821282506,0.02275773324,0.1862026602,0.07205969095,0.0648323223,0.4784485102,0.01286304742,0.3192362189,6.084980669e-06,0.000172398155,2.881307773e-05,0.001594266505,0,0,0.0004859504406,0.0001265357569,0.01452705543,0.002380952239,0.003689247416,0.0111017013,0.005870271474,0.006076349877,0.004761904944,0,0,0.001152022276,0,0,0,0,0.002380952472,0,0,0,0,0,0.002380952472,0,0,0,0,0,0,0,0,0,0,0,0,0,0,0,0,0,0,0,0,0,0,0,0,0,2.197158392e-05,0.0002579686407,0,0,0,0,1.348778915e-05,0.002380952472,0,0,3.501726496e-06,0.0004564193659,0,0,0,0,0,0.000182778982,0,5.281310587e-05,0,0,0,0,0,0,9.859798593e-05,0,0,0,3.377442408e-05,0.5051514506,0.008957991377,0.008933525532,0.002840932924,0.001525311731,0.001701722853,0.004238897935,0.0004884643131,0.00016076873,0.005113697611,0,0,0.002380952472,0.009523809887,0.01119900774,0.05815200508,0.002380952239,0.002044616966,0,0.001476168982,0.002004283248,0.003616069211,0.005846898071,0.01686634868,0.1429529488,0.002380952472,0,0.002686080756,0,0.0009669444989,0.038406156,0.9461207986,0.2913835943,0.001788354828,0.0005293320282,0.0003691319725,0.0006450091605,0.5640426874,0.02912882715,0.0142857153,0.02463426255,0.1102889851,0.02744061872,0.01040244009,0.02878717892,0.00673234649,0,0,0.002553584287,0.001014723792
46,0.02535476536,0.02196165547,0.1421543956,0.08129625022,0.1235923246,0.5044773221,0.04043852538,0.425442189,0,0.0001116369822,6.220671639e-05,0.000415921153,0,0.0001922448428,0.00131754356,0.000384448882,0.01954759285,0.00290850061,0.02903513797,0.009215231985,0.01419772487,0.004031356424,0.00587570807,0.007142857648,0.008715296164,0.006691852119,0.0009977347218,0,0.002380952472,0.0005343623925,0.002380952472,0,0,0.002380952472,0,0.001292107161,0,0,0,0,0,0,0,0,0,0,0,0,7.425173408e-06,0,0,0,0,0,0,0,0,0,0,0,0,0,3.266500471e-06,9.662070806e-05,0,9.195229723e-06,0,0,0,0,0,0.0008424983243,0,0,0,0.0001052046573,0,0,0,0,0,6.741799007e-05,0,0,0,0,0,0,0.0003566448577,0,0,0,0.0006538106245,0.3998206258,0.009288996458,0.01583395153,0.0007950788131,0.002047194866,0.002106530359,0.005093724933,0.000758458511,0.000291031989,0.004548562225,0,0.001640102942,0.003482368775,0.005784768146,0.001981937792,0.03656997159,0,0.001884932281,0,0.0008155168616,0.003653698368,0.001419304404,0.0002653295523,0.01005452126,0.11172124,0.004761904944,0,0.0006894046091,0.0002437942749,0.0003229710564,0.0475481227,0.9150090814,0.3010005951,0.0004155743809,0.002380952472,0.0009083094192,0.000193709071,0.5793311,0.01783489622,0.02101721615,0.009544097818,0.1798244119,0.0276242774,0.01278730202,0.03153355792,0.003871130059,0.0002164436446,0.0009372712811,0.001533137984,0.0002938845719
47,0.02415937744,0.04663437977,0.1856418848,0.167913273,0.08717861772,0.6428822875,0.05065501854,0.4489774108,0,0.000600350264,3.129307879e-05,0.001152011217,5.545570275e-06,0.0001940449292,0.003773429431,0.0001127409487,0.02324843779,0.01715340279,0.02227641083,0.01696259156,0.01045026723,0.01015029009,0.005527990405,0,0.01190476213,0.01042269357,0,0.0006300543901,0,0.0002543393348,0.001095036161,0.001774817239,0,0.001714012935,0.001524950378,0,0.003659166861,0,0,0,0,0,0,0,0,0,0,0,9.102582226e-06,2.378101271e-07,0,1.14418317e-05,0,0,0,0,0,0.000357992918,0.0006486367784,0,0,0,1.478213198e-05,0.0004853835562,0,0,0,0,2.289962595e-06,0,0,4.521026494e-05,4.147582786e-06,0,0,0,0,0,0,4.568031363e-05,0,8.728737157e-06,0,0,0,0,0,0,0,0.001329779858,0,0,4.355054261e-05,0.4638721049,0.003496392164,0.007715513464,0.0004559318186,0.0005497132661,0.0004786463687,0.002259663772,0.0001385537034,3.251579255e-05,0.006332878023,0,0.002791242441,0.005791518372,0.01695431769,0.02361811325,0.04097944871,0,0.0006462052697,0,0.0003801528364,0.002626351546,0.002380952472,0.01017466839,0.01551317424,0.1178950295,0.01117105875,0.002380952472,0.002618394792,0.003999550827,0.005238845479,0.1065814048,0.979260087,0.329841435,0.002380952472,0.001884775003,0.0001077738925,0.0008161465521,0.5955614448,0.02696453594,0.01659048721,0.01116418466,0.2241682559,0.04968859628,0.008103458211,0.07657903433,0.008335148916,0.004761904944,0.001868258812,0.0004760283337,0.0007855699514
48,0.01845427416,0.02314189449,0.18722637,0.1123924851,0.07179626822,0.5752840042,0.04400953278,0.4188482761,2.268404569e-05,0,4.908942356e-05,0.0014720771,2.469241963e-06,0.0001534446783,0.0005261207698,0.0002280261688,0.01686135121,0.01140818,0.009523809887,0.01268468425,0.01136980765,0.003187264083,0.0009851073846,0,0.002380952472,0.006390977185,0,0.001663772739,0.001271099783,0.0002234624699,0,0.001468627248,0,0,0,0,0,0,0,0.002380952472,0,0,0,0,0,0,0,0,0,0,0,0,0,0,0,0,0,0,0,0,0,0,0,0.0003685366537,0,0,0,0,1.221760886e-05,0,0,0,3.314117203e-05,0,0,0,0,0,0,7.081439981e-05,0,1.660436828e-05,0,0,0,0,0,0,0.0001365650969,0,0,0,0.0008687641239,0.4906287193,0.00257461681,0.004942827392,0.0004534000473,0.000849113916,0.0005413639592,0.002533078659,0.0001271639339,0.0001218678153,0.007024399936,0.001128373668,0.002380952472,0.004761904944,0.007142857648,0.003272086149,0.04612413421,0.007142857648,0.0002920660481,0,0.005224632099,0.002693689428,0.007142857648,0.007142857648,0.00742625026,0.1258228421,0.005805203225,0.002380952472,0.006263473071,0,0.006041142158,0.07653534412,0.9846690297,0.3263857067,0.002963587875,0.002380952472,9.1941336e-05,0.001462732907,0.582519412,0.01749865897,0.01916943491,0.005246383604,0.1824809909,0.05494969711,0.01565871015,0.04883831739,0.005773180164,0,0.006251426879,0.0003559076576,0.002655771561
49,0.01857451722,0.03435470164,0.1791417897,0.1166520789,0.0742539838,0.7187618613,0.09899868816,0.4663990736,8.771578723e-05,0.0006292629987,0.0003973466519,0.004719017539,9.334648894e-06,0.001303502242,0.003134215018,0.000689169101,0.02848115563,0.008435767144,0.03517115861,0.04989890382,0.03058763035,0.02260125056,0.007485948969,0.002380952472,0.00831320975,0.02246357687,0.003176688682,0.002380952472,0.007041469682,0.001228034147,0.003158686683,0.003254899057,0.003359795781,0.002380952472,0.003559115576,0.005956523586,0.005212187767,0,0,0,0,0,0,0,0,7.425173408e-06,9.102582226e-06,0,0,0,8.245428944e-07,7.692755389e-06,0,0,0,0,0,0,0.0005292957067,0,0,0,8.621611414e-06,0.0003887442872,0,0.0009823003784,0,0,2.319391388e-05,0.0003951326944,0,7.711270155e-05,9.090881576e-06,0,0,0,0,0,0,0,0,1.413622886e-05,0,0,0,5.144979878e-05,0,0.0005674604909,0.0001135765342,0.0003626405378,0,3.678416306e-06,1.156035796e-05,0.4824545979,0.003995309118,0.006139914971,0.0008067383314,0.0006035986007,0.000590062351,0.003775920253,0.0002136991388,7.224254659e-05,0.006550989114,0.001722550602,0.0175355766,0.005103420466,0.01107499097,0.004775214009,0.03818995133,0.01666666754,0.0004677952966,0.003298113821,0.0008509869222,0.001539912075,0.0126857562,0.004489894956,0.02195624635,0.121146813,0.01217245404,0.002380952472,0.00308535737,0,0.001712555066,0.1537447423,0.9964379668,0.3857654631,8.936975064e-05,0.01199089829,0.0002207075449,0.0006785743753,0.6159377098,0.03751363605,0.02538740449,0.01285365038,0.2829713523,0.07994837314,0.01714740507,0.08625080436,0.008683782071,0.009210840799,0,0.0003733069461,0.0005705213407
50,0.02732881717,0.05279837921,0.1791968942,0.1640808135,0.1070339456,0.6436852217,0.05088689551,0.4674989879,8.30414956e-06,0,6.055879567e-05,0.0006495981361,0,0.0001808005036,0.004053921439,9.53167546e-05,0.04107607901,0.0134331435,0.01604503393,0.03184273466,0.01393802091,0.01210271008,0.002380952472,0.003162774956,0.0142857153,0.01033549104,0.0002462858392,0.004200792871,0.001663377509,0.00220334786,0.0005870570894,0.002025000984,0.001613683649,0,0,8.320795314e-05,0.0004770955129,0,0,0.00151578337,0,0,0,0,0,0,2.378101271e-07,0,0,0,0,0,0,0,0,0,0,0,0,0,0,0,0,0,0,0,0,0,0,0,0,6.760838733e-05,1.370154132e-05,0,6.544615644e-06,0,0,0,0,0,0,3.221817678e-06,0,0,0,0,0,0,0.003528229892,0,0,0,0.0001437426108,0.4775877893,0.00248530251,0.007387224585,0.001253789524,0.0009283110267,0.0003172027064,0.004413135815,0.0002430349268,4.491957588e-05,0.006102554034,0,0.003550091991,0.007895708084,0.02373653091,0.004841220099,0.04368488118,0.002380952472,0.0002936203382,0,0.000754698005,0.0001734649704,0.003464025911,0.001437397441,0.009042815305,0.1050649062,0.01256027259,0.005863164552,0.002380952472,0.002734540962,0.005616875831,0.09427560866,0.9896066189,0.3683682978,0.004732719157,0.001169392955,0.0001351401297,0.001764484798,0.6092057824,0.02949881367,0.01179254521,0.00593504915,0.2451222837,0.05098691955,0.01822113059,0.0620608665,0.01121824142,0.005208501127,0.005867229775,0.0003851018264,0.0004056226753
51,0.02444786578,0.0667726472,0.1868621409,0.1976359189,0.0926816687,0.865198493,0.1391412467,0.4684923589,8.951266864e-06,8.991183859e-05,0.0001768340735,0.002411916154,3.184818706e-05,0.0007967475103,0.007461164612,0.0003065233759,0.06091756746,0.03359923884,0.03895238042,0.04707574844,0.03487654403,0.023654636,0.01601111703,0.009523809887,0.02195976116,0.03109288588,0.001362747746,0.002386021195,0.0007692386862,0.001347592915,0.002655627206,0.002799764508,0.00168541458,0.002593833255,0.005277113989,0.001958497334,0,0,0.002380952472,0.001556104515,0,0,0,1.344138309e-05,0,0,0,0,8.245428944e-07,0,0,0,0,0,0,0,0,0,0.001034698682,0,0,0,5.810069865e-07,1.565874845e-05,0,0,0,0,0,0,0,0.0001379649184,6.263429532e-05,0,0,0.0004410861002,0,0,0,8.733123832e-05,0,4.839144367e-06,0,5.205698471e-06,6.590077646e-06,0,0,0,0.001169356517,4.375281424e-05,0,0,5.693796993e-06,0.4741868377,0.003833749332,0.0063985507,0.001223713742,0.0003599193005,0.0007188682794,0.004429223482,0.0001610270701,8.323495422e-05,0.006245530676,0.002627712907,0.008951103315,0.007964173332,0.03050266393,0.01059330255,0.03670409322,0.004761904944,0.000337489706,0,0.0004490070569,0.002282838337,0.01185952406,0.01256669872,0.01431854349,0.1136505678,0.02430135012,0.008251574822,0.003836091608,0.0007246359601,0.01131592784,0.2128343731,0.9946314692,0.3863097131,0.001553378534,0.005910297856,0.0001836648007,0.001006528037,0.606811285,0.03502332792,0.03037094325,0.00385635905,0.361438036,0.1503477693,0.03641488031,0.1451921314,0.02395968698,0.004163940903,0.004021953326,0.0002915366495,0.0002703601785
52,0.01908212155,0.0155105805,0.1245087832,0.06381472945,0.1754471213,0.7666379809,0.1403511316,0.4963822067,5.608536867e-06,0.001731504221,2.991665497e-05,0.0007988604484,0.0001721905719,0.00359872682,0.007142857648,0.001836647629,0.05606442317,0.0368071273,0.07092832774,0.09247367829,0.08633093536,0.06588034332,0.03647409379,0.01904761977,0.02217410505,0.04918960482,0.007054718677,0.008392989635,0.01236563362,0.02579322271,0.01638870686,0.02254332416,0.009523809887,0.004761904944,0.01027424727,0.01217224076,0.003312595887,0,0,0,0,0.002380952472,0,2.575479084e-05,0,0,1.14418317e-05,0,7.692755389e-06,0,0,0,0,0,0,0,0,0,4.891928984e-05,0,0,0,9.292045434e-06,1.304347916e-05,0,0,0,0,1.201365194e-06,0,0,0.001908052131,5.878669253e-05,8.949333278e-06,0,0,0,3.99571727e-05,0,2.464968384e-05,0,2.535910971e-05,0,0,0,0,0,0,0.0008257633308,7.524600733e-06,0,0,2.061042142e-05,0.4162345231,0.04311230406,0.09582156688,0.01489902381,0.008088184521,0.009610739537,0.01771578565,0.003306617262,0.001226170803,0.002003209433,8.127692126e-05,0.002636230085,0.0006492760731,0.003552772338,0.0003130163532,0.04938478768,0.0004373844131,0.0003348091559,0,0.0001456449245,5.274850628e-05,0.0007423958741,0.001708666794,0.001386654563,0.0997614637,0.01330130734,0.009866502136,0.002818603301,3.966545046e-05,0.00157032744,0.1892703176,0.9820351601,0.3291564584,0.0006204023375,0.00118787575,0.000312437478,0.0001482934313,0.5406365991,0.02131754346,0.01280617621,0.008600128815,0.2913979292,0.06152980775,0.02814347669,0.08820960671,0.002618033439,0.0003892288951,0.002933405805,0.0008930056356,9.865136963e-05
53,0.008436429314,0.0004775235429,0.04833240062,0.0317350775,0.1229146495,0.1214285791,0,0.3662167192,0,0,7.850163456e-06,0.0001049790953,0,0,0,0.0005333123845,0.008512194268,0.009523809887,0.0173703339,0.01305290125,0.00753537612,0.005307217594,0,0,0.007142857648,0.002380952472,0,0,0.001688879333,0.002380952239,0.004314056132,0,0.002380952472,0.002380952472,0,0,0,0,0,0,0,0,0,0,0,0,0,0,0,0,0,0,0,0,0,0,0,0,0,0,0,0,0,0,0,0,0,0,0,0,0,0,0.0002116314135,0,0,0,0,0,0,0,0.0009043518803,0,0,0,0,0,0,0,0,0,0,0,0.001043262077,0.1033925563,0.01725086384,0.004761904944,0,0,0.00447523687,0.003648899728,0.003072384745,0,0.001027963706,0,0,0,0.001758180093,0.001104178489,0.01722742058,0,0.0009084803169,0,0,0.0003133571008,0,0,0,0.04405057803,0,0,0.002380952472,0,0,0.01067438629,0.3585478365,0.1415615082,0,0.0005020924727,0,0,0.3335577548,0.0002061151463,0.003632607404,0.002269788878,0.0498267971,0.006814374588,0,0.003917997703,0.001214615535,0,0,0,0
54,0.006315695122,0.007789824624,0.007191470824,0.03723435476,0.2127732635,0.07069997489,0.002380952472,0.402534306,1.475011413e-05,4.711088332e-05,0,0,0,0,0,0,0.02117333189,0.01346758753,0.01378371101,0.01358854026,0.005096196197,0.009523809887,0.004761904944,0,0,0.003811194096,0.001321195741,0.002801000606,0.003576664021,0.003614075249,0.003232347546,0.001009658678,0,0.002380952239,0.001763281063,0.003150755307,0,0,0,0,0,0,0,0.0002645518398,0,0,0,0,0,0,0,0,0,0,0,0,0,0,0,0,0,0,0,0,0,0,0,0,0,0,0,0,7.540137449e-05,0,0,0,0,0,0,0,0,0,0,0,0,0,0,0,0,4.280432768e-05,0,0,0,0.06913533062,0.006422591861,0.002380952472,0,0.002380952472,0,0,0.003104823641,0,0.0002062990679,0.002380952472,0,0,0.002542630536,0.001398431021,0.006607796066,0.00122655218,0,0,0,0.0008040808025,0,0.0001535766642,0.003106911434,0.01750388928,0,0,0,0,0.0004774242698,0.007142857648,0.25,0.07978961617,0.002934545279,0,0.0007723598392,0,0.1779365838,0.001896383823,0,0,0.006044816226,0.003588938853,0,0.0001881765929,0.0007508762064,5.599073484e-05,0.001217894605,0,0
55,0.009253381751,0.01103820931,0.01203480083,0.04847630113,0.2954429686,0.05476190522,0,0.4933705926,1.410535515e-05,3.021471821e-05,3.655829232e-06,1.269391396e-05,0,0,0,3.755214857e-05,0.01795212552,0.02649775147,0.01564673334,0.0278770905,0.01573890075,0.0123088304,0.01575216465,0.005262890365,0.006071634591,0.01478464063,0.001476207166,0.005491107237,0.003925036173,0.009782214649,0.004732671194,0.00310909329,0.002380952472,0.002380952472,0.003246054286,0.002248248085,0.004761904944,0,0,0,0.002380952472,0,0,0,0,0,0,0,0,0,0,0,0,0,0,0,4.846408501e-06,0,3.773263643e-06,0,0,0,0,0,0,2.165462502e-05,0,0,0,0,0,0,0,0,0,0,0,0,0,0,0,0,0,0,0,0,0,0,0,0,0,0,0,0.112160705,0.007142857648,0.004761904944,0,0,0.002380952472,0,0.002923993859,0,0.0001841475605,0,0,0.0001327050704,0.000895014964,0.0001854132279,0.009131085128,0,0.00180495705,0,0,0.0008659137529,0,0.0002598844294,0.0005422759568,0.01275801752,0,0,0,0,8.556985995e-05,0.004761904944,0.2761904895,0.06889465451,0,0.002380952472,0.000931173272,0,0.2024949491,0,0,0.0008083276916,0.01834281161,0.001466823393,0,0.006093200296,0.006162233185,0.0007064456586,0.002380952472,0,0
56,0.008915038779,0.008769730106,0.004920512438,0.02729813755,0.3717546463,0.07142857462,0.002380952472,0.5391969681,1.395114305e-05,1.404290379e-05,1.263198101e-05,7.347392238e-05,0,0,0,0.0001782353356,0.03299167752,0.02478597313,0.02736651152,0.0389158912,0.04527847096,0.02805387974,0.01765247993,0.003800073871,0.01210628822,0.0221057348,0.004879419226,0.004370211158,0.004448103253,0.01829501241,0.01359008811,0.01619445719,0.008019031957,0,0.008444854058,0.005699539557,0,0,0,0,0,0,0,0,0,0,0,0,0,0,0,0,0,0,0,0,4.127838054e-07,0,2.737976865e-05,0,0,0,0,0,0,1.123790412e-06,0,0,0,0,2.147027044e-05,0,0,0,0,0,0,0,0,0,0,0,0,0,0,0,0,0,0,0,0,0,0,0.08898536116,0.007142857648,0.003641619114,0,0,0,0.0008768723928,0.002380952472,0.002380952472,0.002210025676,0.0007810473908,0,0.0006580142071,0.001201635809,0.0001597563241,0.008195104077,0,0.0002066890302,0,4.35233087e-05,0.0006534265704,0,0,0.002198437462,0.01342993416,0,0,0.0004124870175,0,7.306322368e-05,0,0.311904788,0.07645837963,0,0,0.0008787689731,0,0.2130019814,0.007142857648,0,0.001348468009,0.009523809887,0.002894629026,0,0.003641948337,0.004594272934,0,0.002201364608,0,0
57,0.0304918848,0.06569416076,0.03624320775,0.2068953663,0.4644456208,0.1407612562,0.009523809887,0.4742231369,4.71374733e-06,5.458086889e-06,2.261577492e-06,1.009610696e-05,0,0.0002285054507,0,2.009751188e-05,0.02071287297,0.0129037248,0.01362557616,0.0152773736,0.008991267532,0.008837205358,0.008023932576,0.007089211605,0.009259440005,0.01012251992,0.0007218949613,0.00200542016,0.001623949036,0.002247484867,0.000752222375,0.0006558485329,0.0003953793494,3.864284736e-05,0.000490107981,0.0009882418672,0.002230989281,0,0.002380952472,0.0008065156871,0,0.0006941850297,0,0,0,0,0,0,0,0,0,0,0,0,4.846408501e-06,4.127838054e-07,0,0,9.522813684e-07,0,0,0,0,0,2.063453167e-06,2.151725084e-06,0,0,0,0,0.0001488393318,0,0,1.659630107e-05,0,0,5.008060543e-05,0,0,0.0002716161252,0.0001703812013,0,0,0,0,0,0.0002200254821,0,0.0007106026751,0.0002641383035,4.418041044e-06,0,0.0007911740104,0.2995094657,0.01666666754,0.01309243683,0.02056233585,0.005632439163,0.008041664958,0.01134856511,0.01872109808,0.006565095857,0.003107986879,0.004785933997,0.001625306322,0.0006278537912,0.009819997475,0.001441625762,0.02002048492,0.0004995842464,0.01441593934,0.002380952472,0.0009192637517,0.001543127932,0.003217466176,0.005412958562,0.01021880563,0.03374429047,0.003087727586,0.01080855262,0.001000441145,6.025032053e-05,0.003246977227,0.008165298961,0.532377243,0.1426949054,0.001774077537,0.01182732265,0.006650763564,0.0006207799306,0.3406101763,0.01064491924,0.002093364019,0.009219179861,0.03450552374,0.02160975151,0.003635183442,0.01371494681,0.017323507,0.009785566479,0.01594179496,0.002640021499,0.0002486794547
58,0.01725175232,0.03972940519,0.07664203644,0.2040417194,0.1933301538,0.568040967,0.06471206993,0.4975461662,1.61923017e-05,8.44835904e-06,3.842261867e-05,0.0001058195558,2.82377332e-05,0.003096970031,0.01100582443,0.0001233547227,0.0353583768,0.02799157798,0.03221930563,0.036951866,0.02488226071,0.03112699464,0.0091854278,0.006374506745,0.009524468333,0.02093663812,0.0009634399903,0.001138442545,0.002630519681,0.001902086078,0.002203742275,0.001770223957,0.001215037657,0.0008126450703,0.001723696943,0.0005973219522,0.002047297079,0,0,0.00298952614,0,0.002380952239,0,0,0,0,0.000357992918,0,0,0,0,0,0,0,0,0,0,0,2.684300171e-06,0,0,0,6.639779713e-06,4.000849458e-06,0,1.194823199e-05,0,0,0,0.0002037509985,2.534151463e-05,0.00128503202,0.0001613715576,0,0,0.0003312561894,0,0,3.613865829e-06,0.0004844499053,0.0003240011865,0.0004763065954,0,0,0,0,0,0,0.00565336179,0.0001816587173,0.0002546517062,0.0003093596606,0.001636024681,0.3869443834,0.09623016417,0.05954511091,0.03521548957,0.04189812392,0.02212692983,0.03016574681,0.02461531572,0.01080878172,0.001682749717,0.0003579525801,0.001474304474,0.002285890747,0.01164244954,0.001473963261,0.0561690852,0.002689828863,0.001020576688,0,0.0002728026593,0.0001675658714,0.002828783588,0.007595658768,0.001298514311,0.06095602363,0.001506415778,0.004613373429,0.003804226406,4.782377073e-05,0.006403547712,0.112998873,0.9534243941,0.3200490773,0.002416970674,0.004814022221,0.001835532254,0.0003109952668,0.4247234464,0.007627102081,0.006184977945,0.006508047692,0.2061246186,0.03445913643,0.01476825774,0.0574974753,0.02591289952,0.007325744722,0.01517359633,4.057680053e-05,0.0001270589273
59,0.008834940381,0.02124648541,0.01675280184,0.07930095494,0.5218204856,0.6761268973,0.0452879332,0.56748873,1.533744762e-05,2.373198913e-05,1.350870389e-05,5.988482735e-05,6.550216494e-05,0.002436890034,0.001227222499,0.0001060933064,0.03762030229,0.03858161345,0.04074143246,0.0384407565,0.0321633704,0.03085564822,0.03604225069,0.02560228482,0.02181969769,0.02841085754,0.002200277522,0.004617201164,0.005052744411,0.005557476543,0.004126277752,0.004517299589,0.003821513848,0.003313066671,0.003099670634,0.003230121918,0.006036368664,0.005961794872,0.006077199709,0.007967004552,0.00421217503,0.004924979992,0,8.780913777e-05,0,0,0.0006486367784,0,0.0005292957067,0,0.001034698682,4.891928984e-05,0,0,3.773263643e-06,2.737976865e-05,9.522813684e-07,2.684300171e-06,0,0,0,8.94794066e-05,9.239270184e-06,4.649837138e-06,4.865882147e-06,1.155818882e-05,0,0,0,0,5.151536698e-06,0.001620807918,6.637510069e-06,0,4.757500847e-06,0.0003067536745,6.059514999e-05,0.0006551403785,0,5.411329767e-06,2.063446846e-05,0.0001983199181,0,0,0,0,0,9.284657426e-05,0.0008556729881,0.0001282565645,2.812192179e-05,0.001007469487,0.0005499902181,0.496116519,0.09191417694,0.08015957475,0.04304356128,0.04046140239,0.01626770943,0.01870621927,0.01985832676,0.009924131446,0.001058549504,3.996228043e-05,0.0005076645757,0.0002811313898,0.001777698286,0.000232535851,0.02563269809,0.0001529586152,0.002903418615,0.0002525550954,0.0001330919185,0.0002388055145,0.0004089509021,0.001665302203,0.0004679970734,0.02809218876,0.002853611251,0.01498787943,0.0005900776596,1.337367848e-05,0.0007403471391,0.09760526568,0.9712414145,0.2553421557,0.002602421213,0.004027938005,0.00116187043,5.431015234e-05,0.3953388035,0.01194618456,0.003879161784,0.003370403312,0.1207102612,0.01394992601,0.003765629139,0.0374035798,0.01032980811,0.003103387542,0.006795248948,0.002930014627,0.0002016871731
60,0.03208375722,0.02050851472,0.1069764346,0.108547315,0.1684381962,0.4067271352,0.02737211995,0.427806437,0,0,1.388856981e-05,0.000291659584,0,0.0004390864924,0.002217025263,0.0001724620088,0.01580266468,0.002412772505,0.01437495928,0.0138245523,0.01546231471,0.01129420754,0,0.002380952472,0.002380952472,0.004916183185,0.001724823378,0,0.00304569467,0.0002782640222,0.003309796099,0.001587394043,0,0.000279844593,0.0002008247684,0.002353178337,0.001602696022,0,0,0,0.002380952472,0,0,7.999250556e-06,0,0,0,0,0,0,0,0,0,0,0,0,0,0,0,0,0,0,0,0,0,0,0,0,0,0,0,0.002380952239,3.280473265e-06,0,0,0.000103608123,0,0,0,0.002380952472,0,0,0,0,5.470742963e-06,0,0,0,0,0,0,0,6.954866694e-05,0.3015219867,0.01669777557,0.02125885896,0.005077127367,0.001900428091,0.004089270253,0.01028039865,0.0004114832846,0.000323663,0.00287085562,0,0.0003824417945,0.0002943843429,0.006324486807,0.004608835094,0.03098231368,0,0.0004420541518,0.00183714868,0.001448765281,0.0008061027038,0,0.002236041706,0.008061576635,0.1066977009,0.006239258684,0.001922135474,0,0,0.001143847476,0.05287630111,0.8295609355,0.2582142651,0.0004800478928,0.001727713039,2.582593152e-05,0,0.5212594271,0.02154468745,0.01408683881,0.008055638522,0.1282325387,0.02820353769,0.01109033357,0.02598655224,0.0005499185645,0.0009984264616,0.0005877388176,0.0004773700493,0
61,0.0083521856,0.007047574967,0.0366473943,0.02744247019,0.1595753878,0.1108919084,0.009523809887,0.4586351216,0,0.0001717063424,4.49481422e-06,0,0,0.001181975473,0,0,0.004674430471,0.01666666754,0.01824449934,0.01936866343,0.02481971867,0.02478723601,0.007884715684,0.002380952239,0.005487769376,0.009523809887,0.008364106528,0.002380952472,0.0002538446861,0.01143064536,0.003546118038,0.005332342815,0.004761904944,0,0.0002420809906,0,0.003246024484,0,0,0,0,0,0,0,0,0,0,0,0,0,0,0,0,0,0,0,0,0,0,0,0,0,0,9.189880984e-06,0,3.575131632e-05,0,0,0,0,0.0001116335188,0,0,0,0,0,0,0,0,0,0,0,0,0,0,0,0,0,0,0,3.178012776e-05,0,0,0.1307427436,0.002380952472,0.007142857648,0.002380952472,0.004761904944,0.004274457693,0.007142857648,0.005965081975,0.003285651328,0.0005951707135,0,0,3.321611075e-05,0.0001380931353,2.00258346e-05,0.01349697169,0,0,0.002380952239,2.02401352e-05,0.0001954615582,0.000236899461,0,1.581027573e-05,0.02347284183,0.001484251115,0.001318575465,0,0,0.0003163400397,0.002380952472,0.3928571641,0.1077014953,0,0.002380952472,0,0,0.2630335689,0.0007977231871,0.0007934265304,0.003939145245,0.04011910781,0,0,0.009191058576,0,0.002277069725,0,0,0
62,0.02100596949,0.01321949996,0.1086501479,0.07049705088,0.1338392794,0.4811372757,0.06302747875,0.4713803828,4.386358705e-05,0.0001521609811,0.0001296226401,0.0006085381028,6.901953748e-05,0.00486365566,0.0007399947499,0.0008071249467,0.03657857329,0.02034251206,0.02693363652,0.0300478749,0.03296797723,0.01571147144,0.01038837712,0.004761904478,0.009523809887,0.01177416462,0.002564725466,0,0.007776119746,0.006018529646,0.002485167002,0.0006467766943,0,0,0,0.001124807401,0,0,0,0.002380952472,0,0,0,0.00142052304,0,0,0,0,0,0,0,0,0,0,0,0,0,0,8.94794066e-05,0,0,0,0,3.96013229e-06,0,0,0,0,0,0,0,0,0.001138148131,0,0,0,0,0,0,0.0001606684527,0,0.0001767877693,0,0,0,0,0,0,0.001210396993,9.772302292e-05,0,0,0.0003364669683,0.2839684486,0.06064167991,0.04428721219,0.01704835705,0.02089818195,0.005926556885,0.02261256613,0.007918980904,0.003995076288,0.001678511268,0,0.006144669373,0.000448650535,0.001851630164,0.001449244097,0.03867938742,0.001794772805,0.0004223277792,0.0008046615403,0.0001980360976,0,0.004083741922,0.002080444247,0.00166242721,0.0883544758,0.004189249594,0.001730872551,0.000225752694,0,0.0005006533465,0.09760574251,0.8383530974,0.2976956666,4.370545867e-05,0.004976655822,0.0002898170496,0.0004793221888,0.5134282112,0.02043997124,0.00800707005,0.007866758853,0.1935308576,0.03856581822,0.01665946282,0.05862481892,0.0009528202936,0.0006546986988,0,0.007023680024,0.0001689719502
63,0.03765529022,0.06441441923,0.1733739078,0.1630850583,0.167171374,0.8991754651,0.3184533715,0.4805575609,5.99802479e-05,0.0005158629501,0.0003783376596,0.001670027501,0.000278021238,0.002657218836,0.0182812307,0.0009764707065,0.06774456799,0.05992458388,0.06788877398,0.07645559311,0.07792598754,0.06646601856,0.07090709358,0.03966972977,0.03790964559,0.05192739889,0.001674165134,0.004129637498,0.004851357546,0.005803535692,0.003986474127,0.005267852452,0.001929912134,0.001729236916,0.006836252287,0.003110031364,0.005463622976,0,0.002380952472,0.006414066069,0,0.003752991557,0,7.274245036e-06,2.197158392e-05,3.266500471e-06,1.478213198e-05,0,8.621611414e-06,0,5.810069865e-07,9.292045434e-06,0,0,0,0,0,6.639779713e-06,9.239270184e-06,0,0,0,0,9.179495464e-06,0,3.721586836e-06,0,0,4.375458957e-06,0.0002050021722,0,0.002341779415,0.0002096930402,2.994468332e-06,6.811889079e-07,0.0006347706658,0,0,0,0.0002833919134,0.0007714013336,1.205818444e-05,2.749075065e-05,1.192799846e-05,4.01151874e-06,0,9.248137212e-05,0.0001846415689,0.0101318378,5.383629104e-05,3.241333616e-05,1.673686893e-05,0.0004227911995,0.4376655519,0.02949061431,0.06227251142,0.005109687801,0.006075696554,0.005209827796,0.01099987887,0.001909861807,0.0009962703334,0.005031081382,0.00271098339,0.01205828506,0.005758553278,0.01847380027,0.003901878837,0.04824728146,0.006105502602,0.000633778458,0.0008314753068,0.000551117002,0.0004568183213,0.01437191013,0.005594236311,0.009961929172,0.1253249347,0.03514398634,0.01880848035,0.006068469025,0.0001641662966,0.003124890849,0.3286946416,0.9953529835,0.3559232652,0.002659634454,0.01824067906,0.0003567459935,0.0008859265945,0.6107592583,0.03341734037,0.03405215219,0.008862917311,0.4086079597,0.152020365,0.07854875177,0.2454714775,0.02126487717,0.008617690764,0.002421090612,0.0005725672236,0.0001737194398
64,0.02363044582,0.02764937654,0.1167807654,0.1074378341,0.1690434515,0.9385474324,0.3515471816,0.5016431808,4.994979463e-05,0.0001754524565,0.0003691788588,0.001109487028,0.0003445976181,0.01269109268,0.03519421816,0.0009363754652,0.07416140288,0.08055906743,0.09801630676,0.08818238974,0.09233739972,0.09477204829,0.08383648843,0.06333542615,0.07095481455,0.07064683735,0.00461451849,0.009099854156,0.00863063056,0.008525686339,0.008519229479,0.007367990911,0.01015881356,0.007596055511,0.006154575385,0.007095442619,0.01663356647,0.002380952472,0.004899833351,0.008215650916,0.00730524864,0.004526575562,0,0.0001921501826,0.0002579686407,9.662070806e-05,0.0004853835562,0.0003685366537,0.0003887442872,0,1.565874845e-05,1.304347916e-05,0,0,0,0,0,4.000849458e-06,4.649837138e-06,0,9.189880984e-06,3.96013229e-06,9.179495464e-06,0,2.022030822e-05,5.428227269e-06,0,0,1.753814104e-05,2.358881829e-06,3.831504273e-06,0.01137027144,0.001957630506,1.376979981e-05,5.042655175e-06,0.001183853135,3.313100751e-05,0.0001249592169,0,4.374852506e-05,6.697838398e-05,3.901325545e-05,3.002055018e-05,4.476592949e-05,2.024592322e-05,2.729326525e-06,0,0,0.00495411735,0.0001296263799,0,0.0004157539515,0.0005362217198,0.4492450058,0.1450450271,0.2342169285,0.03569465131,0.05492947996,0.02486763336,0.04624070972,0.01451023947,0.008589406498,0.002696613315,0.001790590119,0.003569402965,0.005831226707,0.004674244672,0.0006774442154,0.06716112047,0.002860482316,0.001060136943,1.301064003e-05,0.0001407586096,0.0002019812528,0.004973169416,0.00310386694,0.005350788124,0.1057341397,0.01529228408,0.008231102489,0.002253725426,7.203871064e-05,0.001304563601,0.380533278,0.9980410337,0.3498491645,0.001254062168,0.01298921742,0.000586899172,0.0006591274287,0.5226075649,0.01977073401,0.01727602817,0.008313078433,0.4087251127,0.08853267133,0.07087309659,0.1949931383,0.01258374099,0.003450788558,0.003829192603,0.001746538677,0.0001537647331
65,0.003129683901,0.002891286276,0.00314871734,0.02024076134,0.4094804227,0.1300727129,0.005535289645,0.4429364204,5.815019176e-05,5.293402864e-06,7.046497558e-06,3.369139085e-05,0.0009823075961,0.000327649439,0,0.0003609439882,0.03273783624,0.03825037926,0.03917454556,0.04509535804,0.05290387943,0.04734192416,0.01636284404,0.02167494036,0.01600291021,0.03629991412,0.010075178,0.01888129488,0.03947522491,0.0454130508,0.02106519416,0.02117212862,0.009349236265,0.002106321976,0.00557723688,0.01302159484,0.01022624597,0,0.002380952472,0.002380952472,0.002380952472,0.002380952472,0,0,0,0,0,0,0,0,0,0,0,0,0,0,2.063453167e-06,0,4.865882147e-06,0,0,0,0,2.022030822e-05,0,0,0,0,0,0,4.63575816e-06,0,0,0,0,0,0,0,0,0,1.033546505e-05,0,0,0,0,0,0,0,7.355221169e-05,5.630416126e-06,0,0,0,0.2317831963,0.01190476213,0.01190476213,0.002380952239,0.004127930384,0,0.003988764249,0.000682078884,0.0004872755089,0.0004874401784,0.001287311083,0,2.517834582e-05,0.001557357493,0.0004305566545,0.01305874623,0,0.002148983069,0,0,0.0006253641332,3.878335701e-05,0.0001600091055,0,0.01726297103,0.0002151902008,0.0002879933163,0,0,4.419975448e-05,0.007142857648,0.6629835963,0.1770910025,0,8.455384523e-05,0,0,0.3847695589,0.00667188596,0.003395200474,0.001917332527,0.02852224186,0.0008019855013,0.000605146517,0.0005792530137,0.0001191926131,0.0001783354382,7.760867447e-05,0.001166861621,0
66,0.007982780226,0.01468954794,0.005896007176,0.05947235972,0.6213032007,0.2483305484,0.002380952472,0.4594744146,2.247244811e-05,2.312613287e-05,6.817343547e-06,5.098031033e-05,0,0.001323575503,0,0.0001868137915,0.02476755902,0.02966675721,0.02297186852,0.0282664001,0.02361679636,0.03139041737,0.02108615264,0.01868106797,0.01785523258,0.01937258616,0.003084240016,0.01407181844,0.01123597566,0.01182306651,0.009022099897,0.008364407346,0.00861984957,0.008700955659,0.003303249832,0.005670225713,0.009076531045,0.002380952472,0,0.007361311931,0.006373679265,0.002823716262,0,0,0,9.195229723e-06,0,0,0.0009823003784,0,0,0,0,0,2.165462502e-05,1.123790412e-06,2.151725084e-06,1.194823199e-05,1.155818882e-05,0,3.575131632e-05,0,3.721586836e-06,5.428227269e-06,0,0,0,0,4.753847406e-06,0,2.391606358e-06,0.0008170692017,0.0002129129571,0,0,2.097750439e-05,0,4.304130925e-06,2.229117626e-06,0,0.0003666108823,0,0,0,0,0,0,2.576240331e-05,0.001097377506,3.356438174e-05,2.74869285e-06,0,0,0.3320741653,0.02949741296,0.01972843893,0.01666666754,0.004761904944,0.008170229383,0.002389886882,0.005689496174,0.009811043739,0.003900709096,0,0.0007218894898,0.0001851605921,0.002973029856,0.0008481013356,0.02021432295,0.002062395215,0.004148558248,0.003515934339,0.0007011790876,0.001080875401,5.784022142e-05,0.00054118142,0.003770993557,0.0246663373,0.0002766097605,0.002053687815,0.0002700932673,0,0.0002442946134,0.02422149666,0.8364317417,0.1781000495,0.002695973497,0.002607432194,0.002334149554,0,0.4916556776,0.006771086715,0.004307038151,0.004911391065,0.04574003071,0.005814418197,0.00375808659,0.009643898346,0.004210641608,0.0009360188851,0.001880728407,0.001833682414,0.000439254567
67,0.02322757989,0.01142693404,0.09042795748,0.03425928578,0.1186560467,0.3017909825,0.02031697892,0.4333337843,0.0001470534189,0,3.491189273e-05,0.0008630777011,0,0.002341316314,0,0.0007945717662,0.01538951416,0.01666666754,0.02046433464,0.02997371741,0.02608633973,0.009523809887,0.002380952472,0.002380952472,0.004761904944,0.01904761977,0.006252684165,0,0.004703350831,0.002380952472,0.002380952472,0,0.001413889695,0,0.003677094122,0.002380952472,0,0,0,0,0,0,0,0,0,0,0,0,0,0,0,0,0,0,0,0,0,0,0,0,0,0,0,0,0,0,0,0,0,0,0,0,0,7.337143302e-07,8.256634828e-06,0,0,0,0,1.565708953e-05,0,0,0,0,0,0,0,0,0,0,0,0,0.0001633670472,0.2165000141,0.02705388702,0.03853035718,0.005117390305,0.005704641342,0.01304163039,0.01325159054,0.005417816807,0.002380952472,0.0009000190184,0,0,0,0,0.0001387570956,0.02329930291,0,0.0003165822709,0,7.260090206e-05,0.000222902192,0.001049891813,0,0.002119939076,0.07273750007,0.004761904944,0,0,0,0.0003458340361,0.06065781415,0.6369316578,0.2169990093,0.003461111104,0.0007401460898,0.00013428081,0.0005957363755,0.3762758374,0.001457829494,0.007126194425,0.001217830693,0.1141142473,0.01052531321,0.002704026876,0.017933717,0,0,0.0002887125884,0.0001327804785,0.0005137745175
68,0.00760255754,0.01242708974,0.04733334109,0.05319532007,0.1942384541,0.3963523507,0.04047619179,0.5009427071,1.313161465e-05,0.0001864442602,2.295590093e-05,9.247745038e-05,0,0.001389359939,0.001139945351,0.0008111292846,0.0250533931,0.02215163969,0.02990725264,0.04544377327,0.05565965548,0.02207011729,0.01666666754,0.004761904944,0.00814606715,0.03303013369,0.00307556591,0.003507065121,0.006951633841,0.002818756271,0.005972974934,0.006530642975,0.0142857153,0,0,0.004264412913,0,0,0,0,0.001793478616,0,0,0,0,0,0,0,0,0,0,0,0,0,0,0,0,0,0,0,0,0,0,0,0,0,0,0,0,0,0,0.002380952239,0,2.575624421e-06,0,4.398909368e-05,0,0,0,0,0,2.168037099e-06,0,0,0,0,0,0,0.0003954230342,0,0,0,0,0.2863455415,0.04567805305,0.02269006334,0.01348263491,0.01144165546,0.01036778558,0.007712342776,0.008103300817,0.001020756667,0.001145017915,0.0004678728292,0.0004387664376,0.001262391917,9.292541654e-05,0.0002430838067,0.02707611769,0.0002294750593,0.0003808493202,0,4.286187323e-05,4.003972208e-05,0,0.002160827629,0.0005698777386,0.05640362576,0,0,0.0005263678031,4.060529318e-05,0.0004003771464,0.06691536307,0.7597979307,0.2494613677,0.0001309337531,0,0.001316457521,7.162190741e-05,0.3992771208,0.005608799402,0.001432700315,0.006139582954,0.1240541264,0.01761838794,0.004472159781,0.01693066396,0.0003315870417,0,0.0007924040547,0.0001433985744,0.0002572418889
69,0.01822284982,0.006037299987,0.07092066109,0.04650384188,0.1636070013,0.7245692015,0.1023999751,0.4570976198,1.906254874e-05,3.205540452e-06,3.264228144e-05,0.0003350991465,0.000109500681,0.001326824189,0.001049115672,0.0007669748738,0.03647726029,0.04630595446,0.05021380261,0.06153475121,0.05919172242,0.0428775996,0.01265877392,0.01459685154,0.02340053022,0.04658196867,0.005502394866,0.005751813762,0.01204408891,0.01250309683,0.01108899154,0.01786837354,0.008882926777,0.006278389134,0.004220173229,0.008086837828,0.008880804293,0.002380952472,0,0.004761904944,0.002380952472,0.003236396937,0,1.782551226e-05,1.348778915e-05,0,2.289962595e-06,1.221760886e-05,2.319391388e-05,0,0,1.201365194e-06,0,0,0,0,0,0,0,0,0,0,4.375458957e-06,1.753814104e-05,0,4.753847406e-06,0,0,0,0,2.053849812e-06,1.027394046e-05,3.222737632e-06,0,4.1560711e-06,0,0,0,0,5.764807065e-05,8.909020721e-07,3.395362e-05,0,0,0,0,0,0,3.719144661e-05,0,0,0,7.354784611e-05,0.3991242051,0.03718836233,0.08283376694,0.004813410807,0.007605657913,0.004317218903,0.01730802841,0.002492200816,0.001182330307,0.002831798978,0.002034661826,0.001396285603,0.00224814564,0.003411990823,0.0008127594483,0.0510308817,0.000220988557,0.0009423074662,0,0.0001731772645,0.0005532886717,0.0005146486219,0.0003011412628,0.003780085593,0.1053889915,0.001729224809,0.0001878805197,8.277593588e-05,0,0.0001191038828,0.09054037929,0.9845710993,0.3484213054,0.001792458352,0.0006937487633,0.0002953613293,0.0001941467781,0.5734142065,0.03326590359,0.0221227929,0.005050630309,0.1946285665,0.006347246468,0.003272500588,0.008733163588,0.0001111800084,0.0003331096668,2.635313285e-05,0.000790847349,0.000126812607
70,0.007014696486,0.004872864578,0.03598549962,0.01831143908,0.2890584171,0.5269989371,0.0397093147,0.5451136231,0.0001394836727,0.0002114569215,5.657204747e-05,0.001057123765,0.001670994447,0.005355461501,0.007142857648,0.001526946086,0.0443723388,0.07044753432,0.08767502755,0.1138959825,0.1073401049,0.07339800149,0.03690803424,0.01918095723,0.02940685116,0.07054268569,0.01421771105,0.01093096472,0.02522315457,0.03129263222,0.02404531091,0.03250367939,0.009634985588,0.0081401309,0.01485220995,0.01676741615,0.007715281099,0,0.004761904944,0.004761904944,0.004761904944,0,0,0.0002406642598,0.002380952472,0,0,0,0.0003951326944,0,0,0,0,0,0,0,0,0.0002037509985,0,0,0,0,0.0002050021722,2.358881829e-06,0,0,0,0,0,0,1.640688083e-06,0.0002031742915,0.003796436358,0,0.000168187602,0.0002709864639,0,0.0001536138734,0,4.048374933e-07,0,8.027463082e-06,0,0,0,0,0,0,0.0002077627287,0,0,0,5.920023796e-06,0.3659905791,0.06585697085,0.0568250455,0.02326508053,0.04503616691,0.01186844055,0.02591801248,0.01789296046,0.00692575844,0.0008694434655,0.0002347448171,0.000327980757,0.0001555395575,0.0001493908494,3.24224311e-05,0.04823839292,0,0.0004331384553,0,3.98888842e-05,2.97090719e-05,0.0007607112639,0.0004717866832,0.0008614320541,0.06031629816,0.001491380623,0.0008385370602,0,0,0.0001196316734,0.05857811123,0.9177467227,0.2771680057,8.82082968e-05,0.0003372339124,0.001054802909,1.599016468e-05,0.4252809286,0.007366577629,0.007455233019,0.002670574468,0.1529727131,0.01054750662,0.01183686033,0.03293989226,0.0009335144423,0.001435786951,0.0005680706236,0.0006028371863,3.668533463e-05
71,0.002879820298,0.004208830185,0.002504928736,0.0209275689,0.6787469387,0.3858785033,0.0267436225,0.4488914907,5.586687257e-05,5.539472841e-05,3.173706773e-06,0.0001451022981,9.042319289e-05,0,0.0004218061222,0.0006727300934,0.02865923382,0.07287165523,0.05905274674,0.05346485972,0.04866377264,0.06720017642,0.06721598655,0.0386926569,0.02868716791,0.0501800254,0.008609121665,0.02415253408,0.04126193002,0.03702831641,0.02257269062,0.02553665638,0.03247618675,0.0132079944,0.01086379867,0.0125241084,0.01573392935,0.007142857648,0.003596840193,0.00770352874,0.01343946159,0.007325007115,0,1.902637268e-05,0,0,0,0,0,0,0,0,0,0,0,2.147027044e-05,0.0001488393318,2.534151463e-05,5.151536698e-06,0,0.0001116335188,0,0,3.831504273e-06,4.63575816e-06,2.391606358e-06,0,0,2.053849812e-06,1.640688083e-06,0,5.536387107e-05,0,0,0,0,4.200086551e-05,3.148175892e-05,2.828906145e-05,6.28696489e-06,8.895011092e-07,3.03833076e-06,0,0,0.0006352492492,0,0,0,2.310737727e-05,6.639856565e-06,4.702641945e-06,4.808382528e-06,0,0.416143477,0.03632092476,0.03655320778,0.009341209196,0.02269966714,0.009457686916,0.004447670653,0.00769071281,0.01300183218,0.0004740472941,0.0002062706626,8.206116763e-05,0.0001413570717,0.001582047786,0.0004249913618,0.0158387199,0.0004301849694,0.002493504202,0.0004643697757,0.0004425169609,0.000586503651,3.463600297e-05,0.0002170329681,0.001650450402,0.01771000586,0.0002116924443,0.0001200320694,4.054585224e-05,0,5.394441541e-05,0.0382524766,0.9642042518,0.2036742121,0.0005211491953,0.0002380221267,0.00126134546,2.08753263e-05,0.5140051842,0.008290111087,0.005900458898,0.001119537395,0.02983245812,0.001067301841,0.00112584047,0.001914377091,0.0003502196341,0.0001225238666,0.0003197575861,0.0003723551345,7.540865045e-05
72,0.09378875792,0.0002575660183,0.004120014142,0.1454267502,0.3004791439,0.3698517978,1.172023713e-05,0.3573634326,0.0002310589043,0,3.887118964e-06,8.036628424e-05,0,0.0004432426067,1.089708121e-06,0.0001682759466,0.04137543589,0,0.007588644512,0.008706183173,0.01040486991,0.004761904944,0.002380952472,0,0.0150410179,0.006040577311,0.003182272892,0,0.004761904478,0.001373101841,0.002380952472,0.004761904944,0.002380952239,0.002380952472,0,0.005791185424,0.007142857648,0,0,0,0,0,0,0,0,0.0008424983243,4.521026494e-05,0,7.711270155e-05,6.760838733e-05,0.0001379649184,0.001908052131,0,0,0,0,0,0.00128503202,0.001620807918,0.002380952239,0,0,0.002341779415,0.01137027144,0,0.0008170692017,0,0.002380952239,1.027394046e-05,0.0002031742915,5.536387107e-05,0,0,0,0.0006915822742,0,0,0.0002014315833,0,0.000704520673,0,0.006037886254,0,9.056467388e-05,0.001498906873,0,0,0,1.792698328e-07,0,0,0.0001145487986,0.0007893781294,0.2685915828,0.1736765057,0.154790774,0.07380404323,0.1121562645,0.06129543111,0.08155260235,0.1078761518,0.04766081646,0.02099206857,0.003264649538,0.009523809887,0.001376988017,0.02266454324,0.0300889276,0.1558285058,0.004761904944,0.05958757922,0.002380952472,0.01075195894,0.02267088369,0.02845889144,0.02306952141,0.0448505953,0.1401841938,0.003472685581,0.001633248059,0,0.0007170690224,0.007245507557,4.762727986e-05,0.6761904955,0.1634296179,0.02356143296,0.0003603687801,0.01501017436,0.001339868177,0.4545266032,0.07012280077,0.0313620232,0.1231290847,0.00111768092,0.0002485032601,0,1.472523581e-05,0.0001910908468,0.01388112083,0.008488395251,0.001862259232,0.00248937821
73,0.05414455384,0.03325439245,0.1737971902,0.09103221446,0.1579161733,0.6722726226,0.01321500912,0.2352530807,2.596055492e-05,0,5.129310011e-05,0.0001287183695,2.537196451e-06,1.247628347e-06,2.23345196e-05,7.107495912e-05,0.04464914277,0.02056841925,0.02419577911,0.02136123739,0.01767520234,0.006479622796,0.0100532528,0,0.003375870408,0.01442032028,0.001444764901,0,0,0.00267334003,0.0007964778924,0.0005369824939,0,0.0004931016592,0.002740442287,0,0.00411300594,0.002380952472,0,0.002380952472,0,0.002380952472,0,2.010572047e-07,3.501726496e-06,0,4.147582786e-06,3.314117203e-05,9.090881576e-06,1.370154132e-05,6.263429532e-05,5.878669253e-05,0.0002116314135,7.540137449e-05,0,0,0,0.0001613715576,6.637510069e-06,3.280473265e-06,0,0.001138148131,0.0002096930402,0.001957630506,0,0.0002129129571,0,0,3.222737632e-06,0.003796436358,0,0,0,8.809884457e-05,1.826729567e-05,0,0,0,0,0.0006583849899,8.293398423e-05,0.0006373763899,0,6.994291084e-07,0,0,0,0,0,0.0001370995014,1.174253975e-05,5.690244507e-05,0.000554216851,0.5234866738,0.09692063183,0.0848146081,0.02069192193,0.02174511552,0.01273031533,0.05634482577,0.0078188302,0.002777848858,0.00496909488,0.002808225807,0.01817025617,0.01540946774,0.02526443452,0.01193075906,0.1104140207,0,0.004154088907,0.00623413967,0.002820404246,0.002973189345,0.01309914049,0.006529689301,0.02427787706,0.1235975698,0.005656205118,0.003551355563,0.00139765616,0.0002533668885,0.005454575643,0.04817752168,0.9558182955,0.3890545964,0.00593920704,0.008640220389,0.002708794316,0.004360270686,0.6331990957,0.05863835663,0.04286690056,0.03727192059,0.1907310784,0.03320091218,0.007571473718,0.008824673481,0.003453953424,0.005023825448,0.003934422042,0.0068175653,0.001673966181
74,0.01448744629,0.01232564356,0.07895425707,0.05255938321,0.1381879449,0.4573739469,0.05632627755,0.4810910225,1.881310891e-05,2.755863716e-05,0.0001154234778,0.0008973481017,0.0003490042582,0.003569729161,0.003167084884,0.001175800338,0.04700557515,0.03231256083,0.03721434623,0.03162589669,0.05077524856,0.02521227114,0.006444261875,0.007142857648,0.005782057066,0.01480929833,0.005263311323,0.004761904944,0.003054318018,0.003027614672,0.01767210849,0.005042082164,0,0,0.004761904944,0.002670357935,0.002547004027,0,0,0.004761904944,0,0.002380952472,0,0,0.0004564193659,0,0,0,0,0,0,8.949333278e-06,0,0,0,0,1.659630107e-05,0,0,0,0,0,2.994468332e-06,1.376979981e-05,0,0,7.337143302e-07,2.575624421e-06,0,0,0,0,8.809884457e-05,0,0,1.278003674e-05,0,0,0,5.486757073e-05,0,9.842767031e-05,0,0,0,0,0,0,0.0009360138793,0,0,0,0.0003364383301,0.249612093,0.04162194207,0.02906875126,0.02113811299,0.01565256342,0.01274973806,0.02354885638,0.006107028574,0.0008429995505,0.001610452658,0,0.001188420574,0.002993041184,0.001416892163,9.63541388e-05,0.04122943431,0.001285009785,0.0003533786512,0,8.510804037e-05,2.720609518e-05,0.002919134218,0.001421669265,0.0007007426466,0.06526871771,0.001887201448,0.001611878979,0.0007861232152,0,0.0003865862964,0.09029601514,0.7963221073,0.2557592988,0.0006622999208,0,0.0001565502607,6.958902668e-05,0.4248459637,0.01041796338,0.009538354352,0.006938292179,0.1954044402,0.03018111177,0.01002542861,0.03834785149,0.001582330558,0,0.0003347863967,0.00270553329,2.860902896e-05
75,0.03096437268,0.02930075303,0.136089161,0.1233809665,0.1694615036,0.6088536978,0.1010448784,0.4707243145,1.390000307e-05,1.535949377e-05,5.137125845e-05,0.0004609049647,2.000469067e-05,0.0004992565955,0.00409044791,0.0004123956896,0.0460807234,0.01631286182,0.02751781419,0.03352090344,0.02713524364,0.008600599132,0.004699115641,0.001224924461,0.01179406233,0.0184575785,0,0.001682462404,0.004508490209,0.00606001541,0.002077122219,0.0005767123075,0.002213325584,0.0006946622161,0.001301665208,0.001171037788,0.003525529755,0,0.004761904944,0,0,0,0,0,0,0,0,0,0,6.544615644e-06,0,0,0,0,0,0,0,0,4.757500847e-06,0,0,0,6.811889079e-07,5.042655175e-06,0,0,8.256634828e-06,0,4.1560711e-06,0.000168187602,0,0.0006915822742,1.826729567e-05,0,0,0.0002087175526,0,0,0,0,5.093716027e-05,3.982758426e-05,0,0,0,0,0,0,0.002380952472,0,0,0.0001155687569,6.379482511e-05,0.3476108909,0.04575809464,0.05086557567,0.008223284036,0.006121330429,0.008569477126,0.009007795714,0.00320163602,0.0008938513929,0.005904057063,0.003623184748,0.004642881453,0.002455581678,0.01262602024,0.001724877162,0.03372413665,0.0002064190048,0.002058621263,0,0.0001640312985,0.0004813528794,0.0009574173018,0.001666001161,0.008606317453,0.1176983193,0.01395274606,0,0.003821140155,0.002380952472,0.0004939801292,0.1506081969,0.918569088,0.3104844391,0.0003858763084,0.002084699692,0.0001243212464,0.0002919266699,0.5649359226,0.02965484001,0.01827429608,0.008099123836,0.2318984717,0.05039460585,0.01077593118,0.0623501651,0.005845093168,0.0008618757711,0.002882876666,0.001041782787,9.550437244e-05
76,0.004930958617,0.0003907339415,0.001373756095,0.03011324815,0.2604358494,0.1395559907,0,0.1991560012,2.665908505e-05,2.535233762e-06,7.489695122e-07,5.282612619e-05,0.0002573403763,0,0,0.0001949073339,0.01798666641,0.03228252754,0.02457815968,0.01584342308,0.01810915023,0.01581692137,0.01426233072,0.001394115039,0.0188501887,0.02200552076,0.005485536996,0.01285474002,0.02059586532,0.02202569135,0.02307834662,0.01609551348,0.01504550036,0.006737588905,0.009697659872,0.00360565423,0.004761904944,0.002380952472,0,0.002380952472,0.002380952472,0,0,0,0,0.0001052046573,0,0,0,0,0.0004410861002,0,0,0,0,0,0,0.0003312561894,0.0003067536745,0.000103608123,0,0,0.0006347706658,0.001183853135,0,2.097750439e-05,0,4.398909368e-05,0,0.0002709864639,0,0,0,1.278003674e-05,0.0002087175526,0,0,0,0,0.0005532660871,0,0.001967984485,9.519768355e-05,0,0,5.34179344e-05,1.69336829e-07,0,0,9.766570201e-07,0,7.775136328e-05,0.001292725909,0.2951297462,0.1740865856,0.1678819656,0.06664597243,0.05763068795,0.06540313363,0.07255161554,0.05163276196,0.03051181883,0.02369957976,0,0.01492164843,0.0100121526,0.01702073961,0.009438280948,0.1332206726,0,0.02880046517,0.002380952472,0.004935141653,0.002879519714,0.003567971988,0.01089292206,0.0378716588,0.05665107071,0.001022367622,5.045785656e-05,0,0.0001940842048,0.002682244405,0.0001171419208,0.6919808984,0.2067560256,0.01191115379,0.0001158688247,0.008923465386,0.001539447927,0.5027372837,0.09006263316,0.04907978699,0.05572333932,0.0009888150962,2.723811667e-05,1.816039344e-06,4.811323379e-06,3.950500104e-05,0.0008883273113,0.0001557477226,0.002475006273,0.0006646447
77,0.001559477532,0.001310250605,0.001697088359,0.03559088334,0.1729290634,0.08571428806,0,0.227900818,3.883956015e-05,9.205376045e-06,2.563644784e-06,0.0001537816424,0.0004992716131,0,0,0.0002689848479,0.01530391537,0.02013067342,0.02194130607,0.04251659662,0.02466085181,0.02052473277,0.01360635832,0.004761904944,0.01479790919,0.0137353763,0.00980457291,0.02038560249,0.02364066802,0.0303260684,0.02444808185,0.01678924263,0.01299615856,0,0.005025268532,0.008465282619,0.007934432477,0.002380952472,0,0.002380952472,0,0,0,0,0,0,0,0,0,0,0,0,0,0,0,0,5.008060543e-05,0,6.059514999e-05,0,0,0,0,3.313100751e-05,0,0,0,0,0,0,4.200086551e-05,0,0,0,0,0,0,0,0,0.0004833642452,4.045700916e-05,0.0001371120889,0,0,0,0,0,0,0,0,5.334198704e-06,0,0,0.2106153369,0.0334543474,0.01616144553,0.01488446817,0.02272658981,0.009918645024,0.01356745046,0.01388303842,0.003412869293,0.0001928431157,0,0.004761904944,0.003161378205,0.01089344453,0.00421114685,0.03149175271,0,0.004761904944,0,0,0.002664907137,0.0004548186262,0.0006044987822,0.0007721220609,0.01627216116,0,0,0,0,0.000298819592,5.244015483e-05,0.4285714328,0.1350133121,0.004761904944,0,0.0008741333149,0,0.2875566185,0.01375403721,0.005979503039,0.003904049518,0.0009353262139,0.0003946355428,0,0,1.111651272e-05,0.0001393061539,4.736859046e-05,0,0.0002847386058
78,0.001238783821,0.0009247643175,0.0005959698465,0.02410807088,0.2013598979,0.06490587443,0.0009572569397,0.2364204675,6.190944259e-05,3.293486543e-06,5.461624369e-06,0.0002238780144,0.0006928778603,0.0008238158189,0,0.0005318203475,0.02643477172,0.02387114801,0.053437341,0.03603604436,0.04588966444,0.027585987,0.02231550589,0.01190476213,0.01575574651,0.03471621871,0.0108508924,0.03569993004,0.04741648585,0.08341431618,0.03836159036,0.0350032784,0.01611993648,0.01068054512,0.01357152965,0.02215652913,0.004761904944,0.002380952472,0,0,0,0,0,0,0,0,0,0,0,0,0,3.99571727e-05,0,0,0,0,0,0,0.0006551403785,0,0,0,0,0.0001249592169,0,4.304130925e-06,0,0,0,0.0001536138734,3.148175892e-05,0.0002014315833,0,0,0,0,0,0,0,0,4.154764156e-06,0.0002662536863,0,0,0,0,0,0,0,0,9.137811503e-07,0,0,0.222771138,0.04635756835,0.04121549055,0.0150928935,0.02834647149,0.007864353247,0.008617767133,0.01596194692,0.007371727377,0.0004763956822,0.0005090641207,0.001195694087,0,0.006415594835,0.006941711996,0.02655306645,0.002380952472,0.009819728322,0,0.001198081649,0.002362652915,0.0004982951796,0.001575581846,0.01290158555,0.01535995025,0.0001131242971,0,4.582722977e-05,0,0.000591478718,0.001089023892,0.525750041,0.1636630148,0,2.671174116e-05,0.00585500896,0,0.3547639251,0.01589363441,0.003621537704,0.008855068125,0.001309020328,1.14965369e-05,0,2.14241536e-05,2.600309017e-05,0.0001186782174,0.0001093978572,0.0007352989633,0
79,0.002634688048,0.002946012653,0.003828467801,0.03172527254,0.3861267865,0.1723757088,0.004761904944,0.351895988,7.227429887e-05,3.169288539e-05,2.224925993e-06,0.0001373183768,5.720026456e-05,0,0,0.000709146494,0.03419116512,0.03668766841,0.0563878715,0.05927594006,0.04725185409,0.03516965359,0.01886741444,0.005281926598,0.01954666339,0.03630886972,0.01435748674,0.02827057056,0.04126226157,0.05592423305,0.03115445748,0.03731320053,0.02638460509,0.007289373782,0.01860599406,0.01836261339,0.007950654253,0.004761904944,0.007890351117,0.002380952472,0.003775275778,0,0,0,0,0,0,0,0,0,0,0,0,0,0,0,0,3.613865829e-06,0,0,0,0,0,0,0,2.229117626e-06,0,0,0,0,2.828906145e-05,0,0,0,0,0,0,0,0,0,2.940526792e-05,0,0,0,0,0,0,0,0,1.753084007e-06,5.694471383e-07,0,0,0.2640032768,0.007741981186,0.008220210671,0.006076022983,0.009476785548,0.00598837994,0.002380952239,0.005478694569,0.002843814902,0.0007214510115,0,0,0.0009101402829,0.004767927341,0.001775706187,0.02309291065,0,0.003634030698,0,0,0.001823225874,0,0.0004867905227,0,0.01712427475,6.026883057e-05,5.053859422e-05,4.414540308e-05,0,0.0001045980898,0.004483970813,0.7608005404,0.1883190572,0.0003260890371,4.166071813e-05,0.002561356174,0,0.4808543921,0.007860424928,0.001755072502,0.00117541966,0.01389605831,0.0003012229281,0.0002121918806,0.0001913423912,6.70193258e-05,0.0001179425817,9.318503726e-05,0.001476854319,0
80,0.0167796649,0.007016708609,0.08168841153,0.03715184703,0.218149811,0.8095213175,0.1044745445,0.5113639832,0.0001972481114,8.659736341e-05,0.0009675985202,0.003418976208,0.0004954977194,0.005416744854,0.00707042031,0.002898990642,0.07372538745,0.1044356376,0.09304070473,0.1442957819,0.1431123018,0.1305271685,0.06648204476,0.03681071103,0.05588393286,0.1207292154,0.02326558903,0.02290923521,0.02755166963,0.04525677487,0.02804511413,0.02173388377,0.01234348398,0.01404317655,0.01349601708,0.03521406278,0.02070451528,0.002380952472,0.001577701187,0.004761904944,0.002380952472,0.002380952239,0,1.104223338e-05,0.000182778982,0,4.568031363e-05,7.081439981e-05,0,0,8.733123832e-05,2.464968384e-05,0,0,0,0,0.0002716161252,0.0004844499053,5.411329767e-06,0.002380952472,0,0.0001606684527,0.0002833919134,4.374852506e-05,0,0,1.565708953e-05,0,5.764807065e-05,4.048374933e-07,6.28696489e-06,0.000704520673,0.0006583849899,5.486757073e-05,0,0.0005532660871,0.0004833642452,0,0,0,7.027320407e-06,2.350079558e-05,0,6.307042349e-05,8.240016177e-05,2.037136255e-05,0,0,4.853479913e-05,3.466058115e-05,0,0,3.032575478e-06,0.4048836529,0.09737984091,0.104815796,0.02811626904,0.02966809832,0.008740938269,0.04063901678,0.01131760702,0.003652857151,0.001978254644,0.001080163871,0.001911670901,0.00426101638,0.000692502188,5.131886064e-05,0.0500394851,0.0004980326048,0.0007611332694,0,0.0002230375394,0.0001173250566,0.009973800741,0.001089917496,0.003365026787,0.1010167822,0.01198562514,0.001752412063,0.000566724455,0,0.0003944395285,0.1270822883,0.994212091,0.3175179362,0.00212138542,0.00452675065,0.0001969073201,7.746979827e-05,0.5299296379,0.02045280673,0.01565576904,0.006783911958,0.288820833,0.0434962064,0.008232328109,0.03988492861,0.003341301112,0.002005208284,0.001413214603,0.000308187562,7.935261237e-05
81,0.001470718184,0.0008094164659,0.001141927089,0.01225112472,0.4899504781,0.1619235128,0.0008679877501,0.3349799812,9.657253395e-05,7.376819849e-05,2.645338463e-05,0.0002398430806,0.0004576487408,0.001443332061,0,0.001889531501,0.04388653487,0.08587370068,0.1024424732,0.0882185027,0.07787318528,0.07886427641,0.0540150106,0.04351969436,0.03725972027,0.05590843409,0.02051353082,0.05314415693,0.09308254719,0.1070747077,0.06997618824,0.08132424206,0.06041224673,0.02783271857,0.02656947449,0.03565491736,0.02884188481,0,0.003394353436,0.004761904944,0,0.004761904944,0.002380952472,6.113248674e-05,0,0,0,0,0,0,0,0,0.0009043518803,0,0,0,0.0001703812013,0.0003240011865,2.063446846e-05,0,0,0,0.0007714013336,6.697838398e-05,1.033546505e-05,0.0003666108823,0,0,8.909020721e-07,0,8.895011092e-07,0,8.293398423e-05,0,5.093716027e-05,0,4.045700916e-05,4.154764156e-06,2.940526792e-05,7.027320407e-06,0,0,0,0,0,0.0001193128628,0,0,0,1.273353973e-06,1.667054676e-05,0,8.116899721e-07,0.3849021792,0.06226336583,0.06767810881,0.03201777861,0.02947333828,0.01164625306,0.01468109246,0.01474927552,0.008117281832,0.003268669825,0,0.0002639586746,0.0009589393158,0.003499719547,0.0004975291085,0.02794838697,0.003601405071,0.002325511537,0,0.0004582863185,0.0006645623944,9.449844219e-05,0.0004648267641,0.001650022226,0.01469520573,0,6.27812733e-06,5.643716122e-06,0,4.151020039e-05,0.0007147516008,0.9284690022,0.1858107746,0.001468982548,3.6469919e-05,0.001211318537,0.0002348315757,0.5020956397,0.02731493674,0.008534633555,0.005503378808,0.002142996294,0.0001153338671,1.262572732e-05,4.043451554e-05,2.702851634e-05,4.0759689e-05,4.024304872e-05,0.0002090807975,0.0005091162748
82,0.031998761,0.03721427917,0.1616603136,0.1058773175,0.1680636704,0.9186803102,0.3989516497,0.4860918522,0.0002347311965,0.002171801869,0.001451632706,0.006891801022,0.0003429607023,0.01097094268,0.03528214619,0.003577035619,0.1256234795,0.1446203589,0.1465391964,0.1648139656,0.1590183824,0.1561029404,0.1144821942,0.06920656562,0.08728565276,0.1338431835,0.01458756439,0.02094969526,0.02160443366,0.03160537034,0.03227744997,0.02995027043,0.01599222049,0.009010450915,0.01708530821,0.0170572456,0.02223215438,0.007142857648,0.003403645009,0.01309476048,0.002380952472,0.004761904944,0,2.059649705e-05,5.281310587e-05,6.741799007e-05,8.728737157e-06,1.660436828e-05,1.413622886e-05,3.221817678e-06,4.839144367e-06,2.535910971e-05,0,0,0,0,0,0.0004763065954,0.0001983199181,0,0,0.0001767877693,1.205818444e-05,3.901325545e-05,0,0,0,2.168037099e-06,3.395362e-05,8.027463082e-06,3.03833076e-06,0.006037886254,0.0006373763899,9.842767031e-05,3.982758426e-05,0.001967984485,0.0001371120889,0.0002662536863,0,2.350079558e-05,0,0,0.000103681843,0.0001305509795,0.0001153017947,4.970030204e-05,0.0002864398994,0.0001690516801,0.001518286765,9.438736743e-05,0.0006052918616,2.737637487e-06,1.583003177e-05,0.4246556759,0.02822451852,0.05733387172,0.003749359166,0.005275937729,0.004105924163,0.01719766669,0.001975485589,0.0008189157234,0.003599815536,0.001630703802,0.006105918437,0.01165851485,0.008469956927,0.001304777921,0.04767263308,0.004508914892,0.0006305453717,0.0007413719431,0.000252672151,0.0002902080887,0.01995771378,0.004036983941,0.01007709187,0.1192069575,0.03536263108,0.006610251963,0.001927044359,0.0002759814088,0.001546448562,0.3217391968,0.9966768622,0.3661026359,0.002450332278,0.01239668112,0.0002200177405,0.0003261503007,0.5921750665,0.03595193475,0.03139522672,0.007572186179,0.4129353762,0.1278900653,0.05323981121,0.1820481569,0.009641540237,0.004843092058,0.001903322292,0.0006950335228,0.0001702620648
83,0.02023393475,0.009754006751,0.08180646598,0.03872216865,0.1242733598,0.2459265441,0.02061090618,0.3684917688,1.846797386e-05,0,9.427159966e-05,0.000211802093,0,0.0007347951178,0.002884872025,0.0002369108406,0.008944591507,0.002918310463,0.007142857648,0.005862053484,0.01421054266,0,0.007142857648,0.002380952472,0.002380952472,0.003150240052,0.0006020650035,0,0,0.01318821777,0.004200133495,0,0.002380952472,0,0,0.002893417841,0,0,0,0,0,0,0,0,0,0,0,0,0,0,0,0,0,0,0,0,0,0,0,0,0,0,2.749075065e-05,3.002055018e-05,0,0,0,0,0,0,0,0,0,0,0,9.519768355e-05,0,0,0,0,0,0.000103681843,0,0,0,0,0,0,0,3.748123709e-05,0,0,0.0002324908564,0.1363749206,0.01615346782,0.02772476524,0.01290132012,0.005181971472,0.005978558213,0.003837990575,0.007769166026,0.002038735431,0.003030212596,0,0,0,0.0018372091,0.0001917377522,0.0152207166,0,0.0001385360665,0,0,7.076538895e-05,0,0.0004561454989,0.002380952472,0.05321872979,0.002380952472,0,0.000372185139,0,0,0.04493123293,0.5182489753,0.1709874123,0.0002103915031,0.001700205146,0.001385047915,0,0.3364608288,0.002799981274,0.00365803577,0.005072192755,0.07023756206,0.01046459377,0.00327148498,0.008404502645,0.0007082971279,0.0004610116011,0,0,0
84,0.02638319135,0.01460552588,0.1334758848,0.05102705583,0.1518904269,0.6040412188,0.03858133033,0.3961834311,0,0.0002835034102,9.839289123e-05,0.0006736126961,2.489612416e-05,0.0001961718226,0.002046406735,0.0004557892098,0.01644112356,0.01161071658,0.02881144732,0.02784799039,0.02488444559,0.02012863755,0.01301421504,0.002380952472,0.009523809887,0.01904761977,0.001207850291,0.004761904944,0.00585873099,0.006091236137,0.002380952472,0.007142857648,0.001886906568,0.002380952472,0,0.0004835467844,0.004761904944,0,0,0,0,0,0,3.5145315e-06,0,0,0,0,0,0,5.205698471e-06,0,0,0,0,0,0,0,0,0,0,0,1.192799846e-05,4.476592949e-05,0,0,0,0,0,0,0,9.056467388e-05,6.994291084e-07,0,0,0,0,0,0,6.307042349e-05,0,0.0001305509795,0,0,0,0,0,0,0,0,0,6.764967111e-05,0.0003945053031,0.3854634762,0.03294100612,0.05958958343,0.003128311597,0.01326569356,0.006882430054,0.01826955751,0.001576664974,0.000683611026,0.001946361619,0,0.00503225904,0.002838133136,0.0001200425468,0.0008915895014,0.03566848114,0.0002197354042,0.001208390575,0,0.0003215074248,0.0002401099191,0.002994454233,0.001170043601,0.007109498139,0.1010915264,0.003739089705,0.0006249360158,0,0.0003060287563,0,0.08926148713,0.9183579087,0.3069373965,0.001348420978,0.0006529412931,0.0004869948316,0.0004171476758,0.558709383,0.0210131947,0.008149625733,0.009390570223,0.2104992419,0.02010348067,0.008686582558,0.03135750815,0.001210336806,0.0003447952913,0,0.002027019626,0.0002846866264
85,0.02906403132,0.01289520226,0.1535900384,0.0703336522,0.1680707037,0.6097765565,0.04932777584,0.4138825834,0,0.0003441385343,5.790105934e-05,0.0008893511258,1.075431373e-05,0.0001336439746,0.0001213891737,0.0002808581339,0.02832917869,0.0142857153,0.006642643362,0.02631578036,0.03411793709,0.007730685174,0.01348979864,0.007142857648,0.002380952472,0.01185998041,0.002752619796,0.002380952239,0,0.001748766052,0.002535746899,0,0,0.0008150496869,0.002380952472,0.003151818877,0,0,0,0,0,0,0,0,0,0,0,0,0,0,6.590077646e-06,0,0,0,0,0,0,0,0,5.470742963e-06,0,0,4.01151874e-06,2.024592322e-05,0,0,0,0,0,0,0.0006352492492,0.001498906873,0,0,0,0,0,0,0,8.240016177e-05,0,0.0001153017947,0,0,0,0,0,0,0,0,0,0,3.337336602e-05,0.3630952239,0.03351718187,0.04741222784,0.005898588337,0.003909476101,0.005206619389,0.005423779134,0.001934785862,0.0006932416582,0.001491732779,0,0.002380952472,0,0.001691907411,0.001898091636,0.06770508736,0.0007791260723,0.0006112194969,0,0.0001062588344,6.312436017e-05,0.002380952239,0.00291941152,0.005629678722,0.1137727574,0.008659435436,0.00182484265,0.0008638965082,0,0,0.06590610743,0.9360547662,0.3201092184,0.0004370035895,0.002380952239,0.0004837386077,0.0001418228785,0.5570936799,0.02088515088,0.02938023396,0.01055029407,0.2006624341,0.03139222413,0.006361906882,0.04357539862,0.005513255019,0.001326853759,0.001098196371,8.570218779e-05,8.777247422e-05
86,0.02153426036,0.01071595587,0.1175577566,0.03673828393,0.1732960194,0.5190932751,0.04228201509,0.4636580646,0.0001393189305,0.001308986451,0.0001090368241,0.0008556569228,5.630657688e-05,0.0006499703159,0.004436796997,0.00105782738,0.02781292237,0.01673620567,0.02229819633,0.04131799564,0.03366629407,0.0149188824,0.002380952472,0.004761904944,0.01668599993,0.02596558258,0.002622947097,0.002380952239,0.007142857648,0.005248165689,0.009051087312,0.002380952472,0,0.002380952472,0.003564069048,0.009058512747,0.004761904944,0,0,0,0.002380952472,0.002380952472,0,5.352263179e-05,0,0,0,0,5.144979878e-05,0,0,0,0,0,0,0,0,0,0,0,0,0,0,2.729326525e-06,0,0,0,0,0,0,0,0,0,0,0,5.34179344e-05,0,0,0,2.037136255e-05,0.0001193128628,4.970030204e-05,0,0,0,0,0,0,0.0006420188001,0,0,0,3.125847797e-05,0.3569308519,0.03423910215,0.04477480054,0.009264874272,0.01398129947,0.003779537277,0.01500971802,0.002854135353,0.001262613339,0.003875257913,0.0004245642631,0.001095613814,0.003226988716,0.000749724335,9.445737669e-05,0.04078644514,0,0.00103940058,0,2.636196041e-05,0,0.003622291377,0.00381648168,0.00296745589,0.09753120691,0.004504724871,0.0001509779104,0,0,0.001815079013,0.1194752529,0.926302135,0.2963675857,0.0008776508039,0.0004517639172,0.0001035911555,0.0001081363371,0.5201116204,0.01515642833,0.01142373215,0.003555067116,0.1957410723,0.02908693999,0.009986815043,0.03677267209,0.001619989052,0.001920464332,0,0.0004311142839,0.0001380998583
87,0.01328149252,0.001751768286,0.01926928759,0.05693349242,0.08746220917,0.09798578173,0.0009408071055,0.2288096994,0,2.294471187e-06,7.881957345e-07,0,0,0,0,0.0001202262865,0.001234840136,0.00404693,0.002316183411,0.002236861037,0.000274217542,0,0.002380952472,0,0,0.002335548168,0.001341429539,0,0.002380952472,0.003863107646,0.005511661526,0,0,0,0.004761904944,0,0,0,0,0,0,0,0,0,0,0,0,0,0,0,0,0,0,0,0,0,0.0002200254821,0,0,0,0,0,9.248137212e-05,0,0,0,0,0,0,0,0,0,0,0,0,1.69336829e-07,0,0,0,0,0,0.0002864398994,0,0,0,0,0,0,0,2.42461665e-05,0,0,0.0003239162033,0.1411943287,0.01420000754,0.0226952564,0.01226487756,0.02014903165,0.003618171904,0.01420114003,0.006371332798,0.004938071128,0.0036692305,0,0.002380952472,0.002380952472,0.004091899842,0.006170113105,0.02275682986,0,0.0005528625334,0,0.003019449767,0.003523276886,0.002380952472,0.006514044944,0.007704502903,0.05936476216,0.001106454758,0.0004831736733,0,0,0.002599927364,0.0003598514304,0.4071428776,0.1120643467,0,0,0.0001985668641,0.000398290751,0.2974852622,0.01083326153,0.008193638176,0.01268157456,0.01465450041,0.001005018596,3.295289935e-05,4.734322283e-05,0.0001559578086,0.000794444466,0.000228725723,0,0
88,0.004531641025,0.002291847253,0.003049822524,0.06591380388,0.151621893,0.04523809627,0,0.2521489859,7.477999588e-06,3.735038035e-06,0,5.944493023e-05,7.939559873e-05,0,0,0.0002547312761,0.02093639597,0.01906246692,0.01249144506,0.01448681392,0.009544548579,0.01586866938,0.002380952472,0.006117836107,0.003415383631,0.01771783829,0.003617025679,0.01082735695,0.01373595465,0.02337267064,0.01023057196,0.007897203788,0.003593299538,0.002589997603,0.002165478421,0.004019952379,0.002324686851,0,0,0,0,0.002380952472,0,0,0,0,0,0,0.0005674604909,0,0,0,0,0,0,0,0,0,9.284657426e-05,0,0,0,0.0001846415689,0,0,2.576240331e-05,0,0,0,0,0,0,0,0,0,0,0,0,0,0,0,0.0001690516801,0,0,0,0,0,0,2.523736839e-05,5.173861837e-07,0,0,0,0.1213054731,0.01223376393,0.02497683652,0.01140811574,0.006229813211,0.00968503952,0.004761904944,0.01186799631,0.002380952472,0.004033000208,0,0.001291061519,0.001092488412,0.01742645539,0.006796830799,0.0172790736,0,0.004382304382,0,0.001240279642,0.001502121217,3.273071343e-05,0.002887260169,0,0.01991117932,0.0001925050601,8.684475324e-05,0,0,0.0003467441129,0.0001976140629,0.3580184281,0.1189342216,0.0005917560775,0.0002670627728,0,0,0.2450838834,0.01035259757,0.01001852844,0.005420668982,0.003212003037,0.000147981089,0,2.233920168e-05,4.94966298e-05,0,0.0001063504315,0.0004056787293,8.976212121e-05
89,0.006193017587,6.012068116e-05,0.001399516826,0.006751240231,0.4094949663,0.193486318,1.37953939e-05,0.1988863051,0.0001624364959,2.591403018e-06,5.650232197e-06,0.0007592418697,0.002903352957,0.0009442776209,4.098038175e-07,0.001948167686,0.03846693039,0.03915543854,0.0283787474,0.05860598758,0.04274393991,0.02997290343,0.0141724227,0.004761904944,0.01213092078,0.03390208632,0.02768759802,0.03328491375,0.04474930838,0.08500096202,0.04911921173,0.04112794995,0.02663068846,0.002380952239,0.02153756097,0.02008516341,0.002990520094,0,0.004761904944,0.004761904944,0.002380952472,0,0,6.850188947e-05,9.859798593e-05,0.0003566448577,0,0.0001365650969,0.0001135765342,0.003528229892,0.001169356517,0.0008257633308,0,0,0,0,0.0007106026751,0.00565336179,0.0008556729881,0,0,0.001210396993,0.0101318378,0.00495411735,7.355221169e-05,0.001097377506,0,0.0003954230342,3.719144661e-05,0.0002077627287,2.310737727e-05,1.792698328e-07,0,0.0009360138793,0.002380952472,0,0,0,0,4.853479913e-05,0,0.001518286765,0,0,0,0.0006420188001,0,2.523736839e-05,0,0,0,4.049934432e-05,0.0001404108043,0.3903674185,0.2343838066,0.2787605524,0.1162094623,0.1245001033,0.06426317245,0.1263476759,0.1245305762,0.07075566053,0.02535927668,0.009087451734,0.02353600599,0.02672691271,0.00313571142,0.001372091006,0.2623103559,0.008082866669,0.06905886531,0,0.008808492683,0.01306869276,0.01981437765,0.005083048716,0.0611561574,0.08772221208,0.001446664217,1.50493097e-05,1.387996326e-05,9.748592856e-05,0.0009310176247,5.35101899e-05,0.8908799291,0.2917855382,0.02930543013,0.0001237817196,0.0155027993,0.0008653194527,0.6553213596,0.1287999004,0.09738647193,0.1221132576,0.0008484294522,5.902219345e-05,4.392375104e-07,5.771794349e-06,9.462102753e-06,0.003060469404,0.0004749910731,0.001656170469,0.0008228134247
90,0.002396443626,0.001259468729,0.001489740214,0.03159660101,0.4915529788,0.279466033,0.001127519412,0.261562258,3.405178722e-05,2.521979695e-05,6.94967639e-06,0.0001884581288,0.001157120918,0,0,0.0005582902813,0.03009628691,0.04243855923,0.04477463663,0.03699310124,0.03801068664,0.03563331068,0.0338479355,0.03081080504,0.01774292812,0.03594702855,0.009450764395,0.04395667836,0.0464380458,0.04818231612,0.02820520476,0.02914269269,0.03103742562,0.01304124203,0.01202585641,0.01455559675,0.01134042349,0.003658191999,0.002816045191,0.002568949712,0.005865212064,0.002863058122,0.001902382239,0.001268330147,0,0,0.001329779858,0,0.0003626405378,0,4.375281424e-05,7.524600733e-06,0,4.280432768e-05,0,0,0.0002641383035,0.0001816587173,0.0001282565645,0,0,9.772302292e-05,5.383629104e-05,0.0001296263799,5.630416126e-06,3.356438174e-05,0,0,0,0,6.639856565e-06,0,0.0001370995014,0,0,9.766570201e-07,0,0,1.753084007e-06,3.466058115e-05,1.273353973e-06,9.438736743e-05,3.748123709e-05,0,0,0,2.42461665e-05,5.173861837e-07,0,0,1.840750429e-06,9.93935646e-06,1.862271165e-05,0.3842578828,0.1269668192,0.1451514214,0.06283501536,0.06479090452,0.02047421969,0.01897123456,0.02631010115,0.02667458914,0.004773530643,0.002958150813,0.002214008011,0.003871082095,0.0182250198,0.005982494447,0.04301471263,0.0009004139574,0.006828286219,0.003889136482,0.001106213196,0.006461639889,0.0003356351226,0.00111009914,0.007528148592,0.01759778894,0.000152186316,1.777372927e-05,7.935493159e-06,5.008302469e-05,0.0002388102439,0.000551213976,0.9568384886,0.2083661258,0.001469556359,2.647239489e-05,0.002910195384,0.0003553723218,0.530123055,0.03438197076,0.00893363636,0.009906219319,0.001590539934,5.999922359e-05,9.653069355e-06,2.229748134e-05,3.59572914e-05,0.0001722463494,0.0001399306348,0.0003872621455,0.0002136703115
91,0.003302999074,0.003915490117,0.003190514166,0.04348501563,0.3977001309,0.1384804398,0.00897676032,0.3188502789,2.888669587e-05,2.610358388e-05,4.883118891e-06,0.0001802307961,0.0001012755747,0,0.002380952472,0.0003543972271,0.02567919716,0.02606178261,0.0363708362,0.03185407817,0.03804707155,0.02545007318,0.02294701338,0.01688818075,0.009521247819,0.02542222477,0.006316365208,0.02710098214,0.04187591001,0.03036300093,0.0235400442,0.02478577383,0.0151185235,0.01485259365,0.007046413608,0.01340189949,0.005595946684,0.00301201269,0,0.008520370349,0.002380952472,0.007142857648,0,8.864371921e-05,0,0,0,0,0,0,0,0,0,0,0,0,4.418041044e-06,0.0002546517062,2.812192179e-05,0,3.178012776e-05,0,3.241333616e-05,0,0,2.74869285e-06,0,0,0,0,4.702641945e-06,0,1.174253975e-05,0,0,0,5.334198704e-06,9.137811503e-07,5.694471383e-07,0,1.667054676e-05,0.0006052918616,0,0,0,0,0,0,0,1.840750429e-06,0,0.0004906009999,0.0004733390233,0.3170731068,0.01108787581,0.0144657325,0.008299102075,0.0180906672,0.004689214751,0.008122578263,0.01179818809,0.004079115577,0.003284025937,0,0.0006556986482,0.0006622468936,0.01441304479,0.003497164464,0.01000717375,0.002380952472,0.005685081705,0,0.0002432629408,0.003045449965,4.768475628e-05,0.0009294904885,0.004094731528,0.01497895923,0.0001560321252,0.0002355432662,2.376918928e-05,8.605435141e-05,0.0001361872855,0.006367423572,0.7979425192,0.1940267682,0.0009703376563,6.184781523e-05,0.001774281496,0.0007437650929,0.4659211338,0.01099505275,0.0007303021848,0.004412689712,0.007179792039,0.0002038857492,0,0.0006016348489,0.0001531423477,0.0001133931364,8.531315689e-05,0.001291391673,0.0001225712913
92,0.0252058059,0.02187001705,0.1600210518,0.08395557851,0.1241700798,0.7576501966,0.08546669781,0.4835957289,7.747100608e-05,0,0.0004337317368,0.00312008569,7.738079876e-05,0.003930444364,0.002159484895,0.001493356773,0.04494709149,0.02969548665,0.06004284322,0.06512714922,0.04408913106,0.04023607448,0.01190476213,0.009523809887,0.002380952472,0.0310732089,0.005318707787,0.004803127609,0.005082855001,0.007844703272,0.003799436847,0.002948282287,0.005301573314,0.002380952472,0.001739533269,0.004257216584,0,0,0,0.002380952472,0,0,0,0,0,0,0,0,3.678416306e-06,0,0,0,0,0,0,0,0,0.0003093596606,0.001007469487,0,0,0,1.673686893e-05,0.0004157539515,0,0,0,0,0,0,4.808382528e-06,0.0001145487986,5.690244507e-05,0,0.0001155687569,7.775136328e-05,0,0,0,0,0,2.737637487e-06,0,6.764967111e-05,0,0,0,0,4.049934432e-05,9.93935646e-06,0.0004906009999,0,1.114057341e-06,0.4412009418,0.005207206588,0.008009899408,0.0005819679354,0.000750834588,0.0004707957851,0.005415549502,0.0002660525206,8.628862997e-05,0.00500279991,0.003692843951,0.002935436089,0.008922411129,0.01068970654,0.002626896836,0.03650493547,0,0.0007233427023,0.0006886335905,0.0006271855673,0.0005409703008,0.009615186602,0.000683799386,0.008103220724,0.1153848395,0.02343798243,0.002620503074,0,0.0002525620221,0.00316518615,0.0940105021,0.9954839349,0.3700577915,0.0004823527997,0.002371049253,7.494914462e-05,0.0002817017375,0.5795139074,0.02675222047,0.02801907063,0.01069119945,0.2636860013,0.06033175066,0.005599195603,0.03814090788,0.003744774731,0.00037224486,0.001217954792,0.000333360309,0.0001738616411
93,0.0293894764,0.01734493487,0.1501435935,0.08744262904,0.1780777276,0.8784460425,0.2032060176,0.485889703,0.0002264229115,0.0004984965781,0.001926147845,0.01224388741,0.0004598336236,0.01356118545,0.007864561863,0.007339176256,0.07544316351,0.09679899365,0.1162055284,0.1813939363,0.1584524065,0.1213147044,0.07135368884,0.04516098648,0.06039318442,0.1062660888,0.01951304637,0.026890954,0.02906573936,0.05169933662,0.04852534458,0.01714822836,0.01708211564,0.01003222354,0.01946162991,0.03801631927,0.004761904944,0.00150772708,0.002380952472,0.01190476213,0.008219510317,0.004128266592,0,4.613403689e-06,3.377442408e-05,0.0006538106245,4.355054261e-05,0.0008687641239,1.156035796e-05,0.0001437426108,5.693796993e-06,2.061042142e-05,0.001043262077,0,0,0,0.0007911740104,0.001636024681,0.0005499902181,6.954866694e-05,0,0.0003364669683,0.0004227911995,0.0005362217198,0,0,0.0001633670472,0,7.354784611e-05,5.920023796e-06,0,0.0007893781294,0.000554216851,0.0003364383301,6.379482511e-05,0.001292725909,0,0,0,3.032575478e-06,8.116899721e-07,1.583003177e-05,0.0002324908564,0.0003945053031,3.337336602e-05,3.125847797e-05,0.0003239162033,0,0.0001404108043,1.862271165e-05,0.0004733390233,1.114057341e-06,0,0.4174181819,0.04861624911,0.09325327724,0.008320430294,0.01119344123,0.005804391578,0.02311272547,0.003197600367,0.001842151396,0.003284008009,0.002379675163,0.004804965574,0.006773310713,0.003774217796,0.0007852029521,0.04845672473,0.004018730484,0.0005636044662,0.000517931825,0.0002203557087,0.0004701987491,0.01692081057,0.001709550503,0.01496191882,0.1112932488,0.01777057536,0.001659220783,0.001508659916,7.870746049e-05,0.000374263298,0.1830858141,0.9966616035,0.3571693301,0.0008552612853,0.01189989317,0.0002598335559,0.0002644407214,0.5861716866,0.03102782182,0.03967433423,0.007042546757,0.3583850861,0.06854849309,0.01630341634,0.06633929163,0.004322974477,0.008748510852,0.0004862957285,0.0004085428081,9.976961155e-05
94,0.5556201339,0.6282066107,0.6494271159,0.7166180611,0.8301562071,0.9951981902,0.6637372971,0.7829847932,0.4992613792,0.4212945998,0.5199483037,0.6595016718,0.5047209263,0.4271380603,0.2265000194,0.6437377334,0.5791047215,0.5168338418,0.5606814027,0.6092996597,0.5877460837,0.5511631966,0.4409509003,0.3529580832,0.4765466154,0.4799517095,0.5718522668,0.419917196,0.5365807414,0.5771109462,0.5264776349,0.4374969602,0.3295458555,0.2253693491,0.3511884511,0.3664517999,0.3056101203,0.06366181374,0.07724666595,0.1222705171,0.09080082178,0.08130669594,0.004761904944,0.5100492835,0.5051514506,0.3998206258,0.4638721049,0.4906287193,0.4824545979,0.4775877893,0.4741868377,0.4162345231,0.1033925563,0.06913533062,0.112160705,0.08898536116,0.2995094657,0.3869443834,0.496116519,0.3015219867,0.1307427436,0.2839684486,0.4376655519,0.4492450058,0.2317831963,0.3320741653,0.2165000141,0.2863455415,0.3991242051,0.3659905791,0.416143477,0.2685915828,0.5234866738,0.249612093,0.3476108909,0.2951297462,0.2106153369,0.222771138,0.2640032768,0.4048836529,0.3849021792,0.4246556759,0.1363749206,0.3854634762,0.3630952239,0.3569308519,0.1411943287,0.1213054731,0.3903674185,0.3842578828,0.3170731068,0.4412009418,0.4174181819,0,0.2770379186,0.2583625019,0.3675786853,0.3846458495,0.3430803716,0.3906266093,0.3651345968,0.3901498914,0.4314742982,0.5019195676,0.6420115232,0.6575889587,0.6561829448,0.6321721077,0.6162570119,0.5551631451,0.4265038073,0.5120479465,0.4602265954,0.564103663,0.628010273,0.5838782191,0.617100358,0.6276568174,0.5631166101,0.4036228657,0.3844371438,0.4143633246,0.4340734482,0.6432970762,0.9982562661,0.8252943158,0.5043642521,0.5587644577,0.4099792242,0.3700383604,0.8954662085,0.5315018296,0.5966405869,0.5026423335,0.8189254403,0.6537815332,0.400354892,0.5795143247,0.3940062821,0.5404869914,0.4269114435,0.3945201039,0.3911475241
95,0.11973463,0.2719483376,0.2861011922,0.4052335024,0.281684339,0.9281010032,0.6714178324,0.479413718,0.05025425926,0.1631177813,0.1829945594,0.4714770913,0.02074997686,0.3060356677,0.3072269857,0.3271724582,0.1517822444,0.1748142689,0.2519600689,0.2860327661,0.2560521662,0.2069672048,0.131253019,0.09575817734,0.137359485,0.1832301915,0.1125160009,0.05003470555,0.1223119348,0.1766886264,0.1094008535,0.08255314082,0.05159090832,0.02142857201,0.05890525505,0.07120172679,0.05274291337,0.007142857648,0.01358304173,0.02348739095,0.01904761977,0.01560502127,0.002380952472,0.01034836657,0.008957991377,0.009288996458,0.003496392164,0.00257461681,0.003995309118,0.00248530251,0.003833749332,0.04311230406,0.01725086384,0.006422591861,0.007142857648,0.007142857648,0.01666666754,0.09623016417,0.09191417694,0.01669777557,0.002380952472,0.06064167991,0.02949061431,0.1450450271,0.01190476213,0.02949741296,0.02705388702,0.04567805305,0.03718836233,0.06585697085,0.03632092476,0.1736765057,0.09692063183,0.04162194207,0.04575809464,0.1740865856,0.0334543474,0.04635756835,0.007741981186,0.09737984091,0.06226336583,0.02822451852,0.01615346782,0.03294100612,0.03351718187,0.03423910215,0.01420000754,0.01223376393,0.2343838066,0.1269668192,0.01108787581,0.005207206588,0.04861624911,0.2770379186,0,0.001380121219,0.0006163439248,0.0007192670018,0.005661267322,0.007448905148,0.002460699528,0.005621298216,0.09131847322,0.1438405216,0.2568688393,0.197353065,0.08700546622,0.1400723159,0.04211789742,0.1700066775,0.03295404837,0.04268177226,0.1440050602,0.1122644991,0.2526207864,0.1085084975,0.3002074659,0.2114054561,0.2504885495,0.106944412,0.1716616154,0.07595088333,0.1197680086,0.4836660624,0.9894567728,0.5033838153,0.1153774038,0.1934753805,0.04300568998,0.1050110608,0.737600863,0.1586198211,0.2304279804,0.09897117317,0.4507455528,0.3563198149,0.3757891953,0.3725882173,0.2430500984,0.1486731023,0.09396757931,0.02406709641,0.09206227958
96,0.2630165815,0.4220564961,0.4063470662,0.5675081611,0.2639504075,0.9530308843,0.7072381377,0.5870476961,0.06200399995,0.1250247955,0.3181553781,0.5328219533,0.018109411,0.2823617756,0.2706958652,0.4404346049,0.2404310107,0.09098980576,0.1554086953,0.2293669283,0.1978495568,0.1468813866,0.07310584188,0.03333333507,0.09740571678,0.1092108637,0.04275879264,0.01051641442,0.05609937012,0.08053090423,0.05089499056,0.04189469665,0.02857143059,0.007142857648,0.01566466503,0.02857143059,0.01190476213,0.003823614446,0.007142857648,0.01859855279,0.0142857153,0.004761904944,0,0.01793983765,0.008933525532,0.01583395153,0.007715513464,0.004942827392,0.006139914971,0.007387224585,0.0063985507,0.09582156688,0.004761904944,0.002380952472,0.004761904944,0.003641619114,0.01309243683,0.05954511091,0.08015957475,0.02125885896,0.007142857648,0.04428721219,0.06227251142,0.2342169285,0.01190476213,0.01972843893,0.03853035718,0.02269006334,0.08283376694,0.0568250455,0.03655320778,0.154790774,0.0848146081,0.02906875126,0.05086557567,0.1678819656,0.01616144553,0.04121549055,0.008220210671,0.104815796,0.06767810881,0.05733387172,0.02772476524,0.05958958343,0.04741222784,0.04477480054,0.0226952564,0.02497683652,0.2787605524,0.1451514214,0.0144657325,0.008009899408,0.09325327724,0.2583625019,0.001380121219,0,0.01399306953,0.001440893626,0.0007367389044,0.02436437644,0.009340024553,0.002087478992,0.1383631676,0.1373536438,0.3417477012,0.2539591789,0.1356438696,0.1796690524,0.1261816323,0.1869723201,0.05262643844,0.04854789376,0.1871758997,0.1600320786,0.3759923577,0.1668553948,0.4333592951,0.3527494967,0.3427367806,0.1140370294,0.1101782992,0.05129630864,0.1107687801,0.615206182,0.9923679829,0.6324376464,0.1841331571,0.3184016645,0.04134747013,0.1154239997,0.8444335461,0.3032543659,0.3935696781,0.167009294,0.594774425,0.5053700805,0.3885602355,0.5191533566,0.2414373457,0.1812554151,0.1064917743,0.01954213902,0.06265410036
97,0.03164936602,0.101963371,0.2330978364,0.2109723836,0.350333333,0.928653121,0.507691443,0.4367168546,0.01163548138,0.06490229815,0.04460576177,0.1983121485,0.007115525194,0.114762947,0.1304052174,0.112296626,0.1067605615,0.2338337004,0.2211310565,0.2391469777,0.292778194,0.2375548631,0.1307176352,0.08200474828,0.1233173981,0.1756133735,0.1083358452,0.06033468992,0.1301146597,0.1868526489,0.1649079174,0.1083965674,0.06209266931,0.03809523955,0.06457152963,0.07936961949,0.05553778633,0.007142857648,0.004761904944,0.01439027768,0.01190476213,0.007142857648,0,0.001898119343,0.002840932924,0.0007950788131,0.0004559318186,0.0004534000473,0.0008067383314,0.001253789524,0.001223713742,0.01489902381,0,0,0,0,0.02056233585,0.03521548957,0.04304356128,0.005077127367,0.002380952472,0.01704835705,0.005109687801,0.03569465131,0.002380952239,0.01666666754,0.005117390305,0.01348263491,0.004813410807,0.02326508053,0.009341209196,0.07380404323,0.02069192193,0.02113811299,0.008223284036,0.06664597243,0.01488446817,0.0150928935,0.006076022983,0.02811626904,0.03201777861,0.003749359166,0.01290132012,0.003128311597,0.005898588337,0.009264874272,0.01226487756,0.01140811574,0.1162094623,0.06283501536,0.008299102075,0.0005819679354,0.008320430294,0.3675786853,0.0006163439248,0.01399306953,0,0.0003599636257,0.006798064802,0.001071010134,0.0002004482521,0.002283997368,0.03996613249,0.07703156769,0.1473399401,0.1296517253,0.07400670648,0.1006007567,0.01529180724,0.09273660928,0.01638574153,0.02411611937,0.06838852912,0.06174197793,0.1430562884,0.07982738316,0.1632370949,0.1152788028,0.1365349293,0.04303471744,0.07435102016,0.02583172545,0.06972172111,0.3389495611,0.9931625128,0.3830741644,0.07265143096,0.1196042597,0.01439628657,0.03907807544,0.5970546603,0.06947332621,0.111515373,0.06420713663,0.3336546421,0.2231316566,0.2033258677,0.2529526651,0.1237254292,0.08996533602,0.04419410229,0.004474062473,0.03225271404
98,0.04978519678,0.1638320833,0.2487840652,0.2870585918,0.2506867051,0.9232181907,0.5477768183,0.4407301247,0.01193054486,0.07204107195,0.05632450804,0.2623409927,0.004100020044,0.153526783,0.1767610461,0.1487835944,0.1198344156,0.2136850506,0.215089649,0.2414067984,0.2724566162,0.2316212952,0.143030256,0.09056182206,0.109722808,0.1675753593,0.1344029456,0.06022405997,0.1259471178,0.1790603548,0.1564292908,0.1011403352,0.08335837722,0.02380952425,0.05448918045,0.08384430408,0.05931323022,0.01190476213,0.009523809887,0.03394849598,0.002380952472,0.01054852363,0.0008336577448,0.003337212605,0.001525311731,0.002047194866,0.0005497132661,0.000849113916,0.0006035986007,0.0009283110267,0.0003599193005,0.008088184521,0,0.002380952472,0,0,0.005632439163,0.04189812392,0.04046140239,0.001900428091,0.004761904944,0.02089818195,0.006075696554,0.05492947996,0.004127930384,0.004761904944,0.005704641342,0.01144165546,0.007605657913,0.04503616691,0.02269966714,0.1121562645,0.02174511552,0.01565256342,0.006121330429,0.05763068795,0.02272658981,0.02834647149,0.009476785548,0.02966809832,0.02947333828,0.005275937729,0.005181971472,0.01326569356,0.003909476101,0.01398129947,0.02014903165,0.006229813211,0.1245001033,0.06479090452,0.0180906672,0.000750834588,0.01119344123,0.3846458495,0.0007192670018,0.001440893626,0.0003599636257,0,0.0008913619095,0.03344778717,0.0004363705812,0.000217688852,0.05397373438,0.09246352315,0.2057334036,0.1777737141,0.121521771,0.1075049341,0.08026545495,0.1151129901,0.04185342044,0.03928741813,0.08786612004,0.0843758136,0.2171310335,0.09680721909,0.2060457766,0.1469752342,0.2100160718,0.07973217219,0.09595196694,0.02392903902,0.06837897748,0.3944692612,0.9950390458,0.4393276572,0.1156651676,0.1793869287,0.02269679308,0.03251395375,0.6498430967,0.09080815315,0.1616999209,0.1248787045,0.3653580248,0.2712094784,0.236064285,0.2902864218,0.1877412647,0.1413830519,0.06974826008,0.003719397355,0.03601678461
99,0.09939588606,0.1460391432,0.272985965,0.3053656816,0.1872298121,0.9457098246,0.3511614501,0.4920006096,0.005411285441,0.04190998524,0.04547249153,0.2151048481,0.002141260775,0.1153107658,0.1514908373,0.1158663109,0.1496558636,0.1178939939,0.1287660152,0.2037309408,0.2077657729,0.1147424579,0.05794118345,0.02954779379,0.07688184828,0.1276509762,0.06120655313,0.03138498217,0.06306021661,0.09108109772,0.05780683085,0.04294782504,0.02540957928,0.01502339356,0.01813401282,0.04274769127,0.02380952425,0.002380952472,0.007142857648,0.008306127973,0,0.004761904944,0,0.002863575472,0.001701722853,0.002106530359,0.0004786463687,0.0005413639592,0.000590062351,0.0003172027064,0.0007188682794,0.009610739537,0.00447523687,0,0.002380952472,0,0.008041664958,0.02212692983,0.01626770943,0.004089270253,0.004274457693,0.005926556885,0.005209827796,0.02486763336,0,0.008170229383,0.01304163039,0.01036778558,0.004317218903,0.01186844055,0.009457686916,0.06129543111,0.01273031533,0.01274973806,0.008569477126,0.06540313363,0.009918645024,0.007864353247,0.00598837994,0.008740938269,0.01164625306,0.004105924163,0.005978558213,0.006882430054,0.005206619389,0.003779537277,0.003618171904,0.00968503952,0.06426317245,0.02047421969,0.004689214751,0.0004707957851,0.005804391578,0.3430803716,0.005661267322,0.0007367389044,0.006798064802,0.0008913619095,0,0.04016307369,0.0017929225,6.040254812e-05,0.03238952532,0.0408439748,0.1598484665,0.2102969587,0.07852912694,0.04054299742,0.1466346234,0.1073313653,0.006961503066,0.02169166878,0.02058825642,0.06343871355,0.2262582481,0.05272129923,0.1795154214,0.2339792401,0.173763603,0.07297247648,0.002544794232,0.008818294853,0.01696162112,0.3264793456,0.996775806,0.549772203,0.04760456085,0.1595771909,0.002011174569,0.002350411378,0.7416731715,0.1326665878,0.1912752241,0.1033266187,0.5017333627,0.3297223449,0.0292180609,0.2647106349,0.01747249998,0.1260271817,0.04665591195,0.0007819007733,0.002750134561
100,0.04817112163,0.0763945803,0.1940923184,0.09483299404,0.4688990116,0.9432118535,0.4796239734,0.4528724551,0.02929341048,0.06615348905,0.0793446824,0.2373394817,0.02458094433,0.1411572844,0.1233545616,0.1669296324,0.1261141449,0.1967722774,0.2109319568,0.2613219321,0.2513329685,0.2302936763,0.1311740875,0.08583191037,0.09550490975,0.1698807776,0.128428489,0.05709148198,0.136582911,0.2225256264,0.1292148083,0.1057491228,0.04600128159,0.03527352214,0.05513795093,0.06148285046,0.03904670849,0.002380952472,0.0142857153,0.01603688672,0.009523809887,0.004761904944,0.002380952472,0.007261928637,0.004238897935,0.005093724933,0.002259663772,0.002533078659,0.003775920253,0.004413135815,0.004429223482,0.01771578565,0.003648899728,0,0,0.0008768723928,0.01134856511,0.03016574681,0.01870621927,0.01028039865,0.007142857648,0.02261256613,0.01099987887,0.04624070972,0.003988764249,0.002389886882,0.01325159054,0.007712342776,0.01730802841,0.02591801248,0.004447670653,0.08155260235,0.05634482577,0.02354885638,0.009007795714,0.07255161554,0.01356745046,0.008617767133,0.002380952239,0.04063901678,0.01468109246,0.01719766669,0.003837990575,0.01826955751,0.005423779134,0.01500971802,0.01420114003,0.004761904944,0.1263476759,0.01897123456,0.008122578263,0.005415549502,0.02311272547,0.3906266093,0.007448905148,0.02436437644,0.001071010134,0.03344778717,0.04016307369,0,0.0002820784284,0.003916327842,0.01712290011,0.02342992462,0.03264183551,0.009741030633,0.003612293629,0.03540544584,0.0075163031,0.01273158193,0.001417672727,0.001819891506,0.02234037779,0.007743464317,0.01616495103,0.005437122658,0.03577856719,0.130014658,0.0396563001,0.01519139856,0.04340885952,0.00936166849,0.008459130302,0.4164164364,0.9868864417,0.2434502989,0.003948820289,0.01280783676,0.007408570498,0.03427990526,0.567065537,0.03077786043,0.001089423313,0.0005633598776,0.398198247,0.09594239295,0.2400914282,0.2048153579,0.06644078344,0.004050297197,0.007968429476,0.01596491784,0.02977867238
101,0.01953940094,0.06466000527,0.1943911165,0.09815663844,0.3468187451,0.9516122937,0.5212185383,0.4291460216,0.007434166968,0.05600856245,0.01588263735,0.1426507235,0.002906837966,0.07104957104,0.1429393142,0.06048282981,0.129591614,0.2967770696,0.2908634543,0.2966267467,0.333528012,0.3284270763,0.2805515826,0.161152333,0.2135101706,0.2712694705,0.2340664417,0.1483078003,0.2608858943,0.3513829708,0.2827457488,0.2637595832,0.1753682643,0.102281101,0.1307011694,0.1616836637,0.1228921935,0.02424964495,0.02682754584,0.04175925255,0.03122486919,0.02814859152,0.002380952472,0.000897881866,0.0004884643131,0.000758458511,0.0001385537034,0.0001271639339,0.0002136991388,0.0002430349268,0.0001610270701,0.003306617262,0.003072384745,0.003104823641,0.002923993859,0.002380952472,0.01872109808,0.02461531572,0.01985832676,0.0004114832846,0.005965081975,0.007918980904,0.001909861807,0.01451023947,0.000682078884,0.005689496174,0.005417816807,0.008103300817,0.002492200816,0.01789296046,0.00769071281,0.1078761518,0.0078188302,0.006107028574,0.00320163602,0.05163276196,0.01388303842,0.01596194692,0.005478694569,0.01131760702,0.01474927552,0.001975485589,0.007769166026,0.001576664974,0.001934785862,0.002854135353,0.006371332798,0.01186799631,0.1245305762,0.02631010115,0.01179818809,0.0002660525206,0.003197600367,0.3651345968,0.002460699528,0.009340024553,0.0002004482521,0.0004363705812,0.0017929225,0.0002820784284,0,0.0001561549725,0.01022316888,0.01588074304,0.06112453714,0.05288352817,0.02982479334,0.04519996047,0.01847020723,0.04177901521,0.0003498482401,0.012985643,0.007983282208,0.01644367166,0.05819856748,0.02697552182,0.06335961819,0.0994579047,0.07333140075,0.02947936393,0.04852485284,0.01457228232,0.02854672447,0.4010860324,0.9921047091,0.345931381,0.004638320766,0.04163710773,0.001411378384,0.014752944,0.5031176209,0.03335507959,0.03606557101,0.005481551401,0.371983707,0.156219542,0.2414658666,0.2392534912,0.09191755205,0.01981677487,0.01512775477,0.001139765372,0.009084030986
102,0.02265236713,0.08358431607,0.1903316826,0.1113222837,0.2404995412,0.9494661689,0.412545532,0.4370581806,0.003861053847,0.05215615407,0.008832692169,0.09689557552,0.0008266731747,0.04900344089,0.05000544712,0.03536268696,0.1333693266,0.2436875552,0.2472196817,0.2996948063,0.3161423206,0.3144946992,0.1848009825,0.1257198155,0.161397934,0.2023352534,0.1553031653,0.08263470232,0.1600815207,0.2548773289,0.1520065516,0.131867066,0.09265907109,0.04631003737,0.08280546963,0.1361661702,0.0419937633,0.004761904944,0.02380952425,0.02274335362,0.02241956629,0.01014194638,0,0.0006253762404,0.00016076873,0.000291031989,3.251579255e-05,0.0001218678153,7.224254659e-05,4.491957588e-05,8.323495422e-05,0.001226170803,0,0,0,0.002380952472,0.006565095857,0.01080878172,0.009924131446,0.000323663,0.003285651328,0.003995076288,0.0009962703334,0.008589406498,0.0004872755089,0.009811043739,0.002380952472,0.001020756667,0.001182330307,0.00692575844,0.01300183218,0.04766081646,0.002777848858,0.0008429995505,0.0008938513929,0.03051181883,0.003412869293,0.007371727377,0.002843814902,0.003652857151,0.008117281832,0.0008189157234,0.002038735431,0.000683611026,0.0006932416582,0.001262613339,0.004938071128,0.002380952472,0.07075566053,0.02667458914,0.004079115577,8.628862997e-05,0.001842151396,0.3901498914,0.005621298216,0.002087478992,0.002283997368,0.000217688852,6.040254812e-05,0.003916327842,0.0001561549725,0,0.008420531638,0.01348529663,0.05687884241,0.06102202833,0.03611178324,0.04737725109,0.04357799143,0.04618594795,0.0007619474782,0.01293854695,0.009344981983,0.02246255986,0.06871023774,0.03115819953,0.07270800322,0.09908853471,0.0777387321,0.03527728841,0.03533950076,0.006926311646,0.02820846625,0.4067832232,0.9963197112,0.3717675805,0.01036393456,0.04850775003,0.0003926804056,0.008596892469,0.5016787648,0.0317492187,0.04511852562,0.01520975865,0.4227721095,0.1907576323,0.1518484652,0.2639162838,0.07874086499,0.03310705721,0.01331734471,0.0002951376664,0.002438595518
103,0.03718543425,0.01279197261,0.04621021077,0.01757558249,0.5536774397,0.9066507816,0.2034538388,0.5174798965,0.004155501258,0.008716933429,0.008293175139,0.02925245091,0.004378155805,0.01383519359,0.02508435026,0.01663054898,0.131788075,0.1496941447,0.1932276189,0.2299381942,0.2181235403,0.1854233742,0.08705776185,0.05019272119,0.07095301896,0.1519286484,0.06243932247,0.043446064,0.07372771949,0.1108946353,0.09496548772,0.07068245113,0.03445205837,0.02521617897,0.02923833393,0.0449777171,0.02740126848,0.002380952472,0.002380952472,0.01129135024,0.008360007778,0,0,0.006138950586,0.005113697611,0.004548562225,0.006332878023,0.007024399936,0.006550989114,0.006102554034,0.006245530676,0.002003209433,0.001027963706,0.0002062990679,0.0001841475605,0.002210025676,0.003107986879,0.001682749717,0.001058549504,0.00287085562,0.0005951707135,0.001678511268,0.005031081382,0.002696613315,0.0004874401784,0.003900709096,0.0009000190184,0.001145017915,0.002831798978,0.0008694434655,0.0004740472941,0.02099206857,0.00496909488,0.001610452658,0.005904057063,0.02369957976,0.0001928431157,0.0004763956822,0.0007214510115,0.001978254644,0.003268669825,0.003599815536,0.003030212596,0.001946361619,0.001491732779,0.003875257913,0.0036692305,0.004033000208,0.02535927668,0.004773530643,0.003284025937,0.00500279991,0.003284008009,0.4314742982,0.09131847322,0.1383631676,0.03996613249,0.05397373438,0.03238952532,0.01712290011,0.01022316888,0.008420531638,0,0.0001331424864,0.0003085524659,0.003097087378,0.002159568481,0.001680034446,0.03804276511,0.001198123093,0.001754166558,0.001202975865,0.001177106868,0.0007358813891,0.001674608211,0.002640058985,0.0005038689706,0.03643484786,0.0008972309297,0.005798906088,0.005577986129,0.001093029859,0.002226278884,0.2936181128,0.9946709275,0.2323604822,0.001624697819,0.002695306204,0.002647195943,0.002944562584,0.1487169713,0.002995717106,0.001230168506,0.003923122305,0.1244364679,0.003353532171,0.08054699004,0.08001018316,0.004597747233,0.004102199804,0.002226824872,0.003218025435,0.00247528567
104,0.01215641201,0.002277410123,0.01154661179,0.003881550161,0.711889267,0.6047251225,0.03725099564,0.5726358294,0.00465768436,0.01456897892,0.002568018856,0.02331812307,0.003698216053,0.002380952472,0,0.02691751905,0.1104823649,0.1320223212,0.1492258459,0.2480409741,0.2218435407,0.1654022336,0.07017700374,0.03857131675,0.05662530661,0.1044428349,0.06441889703,0.02985314094,0.05982452631,0.1241794899,0.1129566059,0.0663574487,0.04127457738,0.01794210635,0.02142857201,0.06385019422,0.02752644382,0.002380952472,0.004761904944,0.007142857648,0.007142857648,0.002380952472,0,0,0,0,0,0.001128373668,0.001722550602,0,0.002627712907,8.127692126e-05,0,0.002380952472,0,0.0007810473908,0.004785933997,0.0003579525801,3.996228043e-05,0,0,0,0.00271098339,0.001790590119,0.001287311083,0,0,0.0004678728292,0.002034661826,0.0002347448171,0.0002062706626,0.003264649538,0.002808225807,0,0.003623184748,0,0,0.0005090641207,0,0.001080163871,0,0.001630703802,0,0,0,0.0004245642631,0,0,0.009087451734,0.002958150813,0,0.003692843951,0.002379675163,0.5019195676,0.1438405216,0.1373536438,0.07703156769,0.09246352315,0.0408439748,0.02342992462,0.01588074304,0.01348529663,0.0001331424864,0,4.812649422e-06,0.0001038626579,7.42119737e-05,0.000100119847,0.02556427382,0.0001348363876,0.0004614958307,2.851932732e-05,0.0004916067701,0.0001032464716,0.000395581912,0.000705658691,0.0001407560339,0.003480953397,5.209320079e-05,0.002739847405,0.001977910753,4.049882045e-05,0.0003309316817,0.1182805672,0.9890517592,0.2203574628,0.0003335606598,0.001425463473,0.001833833172,0.0009762890404,0.2400613129,0.004772312474,0.002456256887,0.002754395362,0.02874765918,0.001481868327,0.02126323991,0.02291134372,0.001527926768,0.0009330366156,0.0005725121009,0.002097510966,0.0006285182899
105,0.007210954092,0.00273646717,0.004724077415,0.002252672799,0.8611087799,0.8218734264,0.1027148217,0.6117067337,0.008466688916,0.01395801269,0.008838327602,0.04451764748,0.01853450201,0.02633314766,0.004761904944,0.06852760166,0.1122887507,0.2498931736,0.2433826327,0.3382093906,0.3302696943,0.2594866157,0.1657275707,0.114492923,0.1451235116,0.2245441675,0.1606010795,0.1002265811,0.1814564615,0.3300473392,0.2043753415,0.1638219208,0.08106760681,0.05426952988,0.0945629403,0.1521414965,0.07319396734,0.002380952472,0.01190476213,0.01904761977,0.01292355452,0.007142857648,0,0.002380952239,0,0.001640102942,0.002791242441,0.002380952472,0.0175355766,0.003550091991,0.008951103315,0.002636230085,0,0,0,0,0.001625306322,0.001474304474,0.0005076645757,0.0003824417945,0,0.006144669373,0.01205828506,0.003569402965,0,0.0007218894898,0,0.0004387664376,0.001396285603,0.000327980757,8.206116763e-05,0.009523809887,0.01817025617,0.001188420574,0.004642881453,0.01492164843,0.004761904944,0.001195694087,0,0.001911670901,0.0002639586746,0.006105918437,0,0.00503225904,0.002380952472,0.001095613814,0.002380952472,0.001291061519,0.02353600599,0.002214008011,0.0006556986482,0.002935436089,0.004804965574,0.6420115232,0.2568688393,0.3417477012,0.1473399401,0.2057334036,0.1598484665,0.03264183551,0.06112453714,0.05687884241,0.0003085524659,4.812649422e-06,0,3.728302181e-05,0.0001684146991,0.0003377248358,0.0223552864,1.430216525e-05,0.003311291337,2.183161268e-05,0.002757031471,0.0003974943829,0.0001336643327,9.130382387e-05,0.0001234207884,0.008783118799,2.606985254e-05,0.001123504015,0.002278784057,0.0007225937443,0.0001097068889,0.2503434122,0.9972783923,0.1971019804,0.0004365543718,0.001015034039,0.01488246955,0.003106979886,0.3846990466,0.004845404066,0.00266933674,0.003720417619,0.04471220821,0.001613755827,0.03940266371,0.05334861204,0.001831480418,0.0007689522463,0.0004027449759,0.01736917347,0.009782777168
106,0.003839083947,0.000715827453,0.003562005237,0.001756364596,0.8944923878,0.8099030852,0.1586039662,0.6899337173,0.01407543197,0.006712480448,0.008432585746,0.03186815977,0.02882295847,0.03202011064,0.01190476213,0.08605604619,0.1309393942,0.3352645934,0.3308362067,0.3660794795,0.3734248281,0.3374601603,0.2296042144,0.158986032,0.1549781561,0.297134757,0.2003891915,0.1732173562,0.2822826207,0.3433837295,0.3010921478,0.2260345966,0.1476686597,0.08474993706,0.1349705309,0.1655143052,0.09185204655,0.007142857648,0.0142857153,0.03281740472,0.01254779007,0.01137076784,0,0.007142857648,0.002380952472,0.003482368775,0.005791518372,0.004761904944,0.005103420466,0.007895708084,0.007964173332,0.0006492760731,0,0,0.0001327050704,0.0006580142071,0.0006278537912,0.002285890747,0.0002811313898,0.0002943843429,3.321611075e-05,0.000448650535,0.005758553278,0.005831226707,2.517834582e-05,0.0001851605921,0,0.001262391917,0.00224814564,0.0001555395575,0.0001413570717,0.001376988017,0.01540946774,0.002993041184,0.002455581678,0.0100121526,0.003161378205,0,0.0009101402829,0.00426101638,0.0009589393158,0.01165851485,0,0.002838133136,0,0.003226988716,0.002380952472,0.001092488412,0.02672691271,0.003871082095,0.0006622468936,0.008922411129,0.006773310713,0.6575889587,0.197353065,0.2539591789,0.1296517253,0.1777737141,0.2102969587,0.009741030633,0.05288352817,0.06102202833,0.003097087378,0.0001038626579,3.728302181e-05,0,2.144410246e-05,0.0004841841874,0.01249152329,1.338739548e-05,0.002884704852,6.483738161e-06,0.005201279186,0.0003454290854,7.070410356e-05,0.0001028113184,0.0004742769524,0.04241777211,0.0007153241895,0.003443377558,0.004131587688,0,0.0002640622552,0.2873196602,0.9930775762,0.1661033034,0.0001572158799,0.0004332695389,0.03687670454,0.002354090335,0.5131406188,0.007894454524,0.001988566248,0.00147077872,0.1889958978,0.006124768406,0.07430753112,0.06865803897,0.008928198367,0.000161972901,0.0004545731354,0.03413965181,0.01223356649
107,0.002244499512,0.003912796266,0.002072873758,0.0050332346,0.9509299397,0.908729136,0.07053612918,0.6995559335,0.06207361445,0.05990622193,0.01259723585,0.133434549,0.09439824522,0.02955231071,0.01190476213,0.1860184669,0.1722614765,0.4439936578,0.4074692726,0.4153287113,0.4386244416,0.4921215773,0.5027940273,0.4007567167,0.2538184524,0.3973086476,0.365724951,0.5021849871,0.5636938214,0.5473089814,0.4805405438,0.5095101595,0.4966652691,0.3761773109,0.3413487077,0.4128162265,0.3313961327,0.1140865535,0.1761514992,0.1939215213,0.1487858444,0.1699169427,0.01833643578,0.05000963435,0.009523809887,0.005784768146,0.01695431769,0.007142857648,0.01107499097,0.02373653091,0.03050266393,0.003552772338,0.001758180093,0.002542630536,0.000895014964,0.001201635809,0.009819997475,0.01164244954,0.001777698286,0.006324486807,0.0001380931353,0.001851630164,0.01847380027,0.004674244672,0.001557357493,0.002973029856,0,9.292541654e-05,0.003411990823,0.0001493908494,0.001582047786,0.02266454324,0.02526443452,0.001416892163,0.01262602024,0.01702073961,0.01089344453,0.006415594835,0.004767927341,0.000692502188,0.003499719547,0.008469956927,0.0018372091,0.0001200425468,0.001691907411,0.000749724335,0.004091899842,0.01742645539,0.00313571142,0.0182250198,0.01441304479,0.01068970654,0.003774217796,0.6561829448,0.08700546622,0.1356438696,0.07400670648,0.121521771,0.07852912694,0.003612293629,0.02982479334,0.03611178324,0.002159568481,7.42119737e-05,0.0001684146991,2.144410246e-05,0,0.0006179490592,0.01417332795,4.292586891e-05,0.0009994277498,1.039832659e-05,0.01083450392,0.000244000621,0.0001365524658,0.0001765782508,0.001083576586,0.003648092737,0.0002854724007,0.002892058808,0.007591640577,0.001600605785,0.003600951284,0.1589256227,0.9881582856,0.1834737808,9.119710012e-05,0.0006781846751,0.01310932543,0.0016567891,0.5027081966,0.01239833422,0.003138185712,0.0005021108664,0.02830267325,0.002328278031,0.0272053089,0.01771314815,0.01172188856,0.000146627528,0.0008513182984,0.02987503819,0.02038759552
108,0.001534863259,0.002487038029,0.003774749814,0.007230558433,0.9336420298,0.9206001163,0.02143624797,0.6753297448,0.01478380524,0.01749511063,0.002974026604,0.04246567562,0.03137423098,0.03140923008,0.007615375798,0.07775224,0.1595323682,0.4163844585,0.38804245,0.394641012,0.4159620404,0.4539561272,0.4919143617,0.4116583765,0.2505021095,0.3755860925,0.3267959058,0.4572145939,0.5082318783,0.4892112911,0.4360939562,0.4546425343,0.4587117732,0.3733276427,0.3002991676,0.3736031055,0.3119212389,0.159716472,0.1924288869,0.1797711104,0.1706041843,0.1565622538,0.01835238375,0.02962881327,0.01119900774,0.001981937792,0.02361811325,0.003272086149,0.004775214009,0.004841220099,0.01059330255,0.0003130163532,0.001104178489,0.001398431021,0.0001854132279,0.0001597563241,0.001441625762,0.001473963261,0.000232535851,0.004608835094,2.00258346e-05,0.001449244097,0.003901878837,0.0006774442154,0.0004305566545,0.0008481013356,0.0001387570956,0.0002430838067,0.0008127594483,3.24224311e-05,0.0004249913618,0.0300889276,0.01193075906,9.63541388e-05,0.001724877162,0.009438280948,0.00421114685,0.006941711996,0.001775706187,5.131886064e-05,0.0004975291085,0.001304777921,0.0001917377522,0.0008915895014,0.001898091636,9.445737669e-05,0.006170113105,0.006796830799,0.001372091006,0.005982494447,0.003497164464,0.002626896836,0.0007852029521,0.6321721077,0.1400723159,0.1796690524,0.1006007567,0.1075049341,0.04054299742,0.03540544584,0.04519996047,0.04737725109,0.001680034446,0.000100119847,0.0003377248358,0.0004841841874,0.0006179490592,0,0.03585081547,0.0007403666968,0.002995448187,0.0004120620433,0.0003905552148,0.0001407206437,0.0005364285316,0.0007110807346,0.002254194347,0.003019741504,0.0004101245431,0.004128756933,8.360188804e-05,8.798796443e-06,0.0001918562193,0.05753966421,0.9942329526,0.2429875582,0.001103600021,0.001715228078,0.006261444185,5.260916078e-05,0.4200145006,0.01225818135,0.007448708173,0.00566322729,0.01671165042,0.002255745232,0.0007471247809,0.01077819895,0.003961329814,0.002985216677,0.004915081896,0.005701927003,0.0004039704218
109,0.1896245033,0.09326630086,0.2135622799,0.1455016136,0.6437482834,0.9715165496,0.7613244653,0.5609894991,0.05687428638,0.08311921358,0.1191648468,0.2762213051,0.08040107042,0.2563554347,0.2771719992,0.2398785651,0.1985325366,0.2259495258,0.3038813472,0.3212189674,0.3269003928,0.2475778461,0.1830920875,0.0990954563,0.1742852479,0.2347733527,0.1790593117,0.06891017407,0.1587027609,0.2275671512,0.1734377444,0.1061638668,0.0765863657,0.03463576362,0.04663865268,0.1099031046,0.04764505476,0.002380952472,0.0142857153,0.02874270454,0.007142857648,0.0142857153,0,0.05911240727,0.05815200508,0.03656997159,0.04097944871,0.04612413421,0.03818995133,0.04368488118,0.03670409322,0.04938478768,0.01722742058,0.006607796066,0.009131085128,0.008195104077,0.02002048492,0.0561690852,0.02563269809,0.03098231368,0.01349697169,0.03867938742,0.04824728146,0.06716112047,0.01305874623,0.02021432295,0.02329930291,0.02707611769,0.0510308817,0.04823839292,0.0158387199,0.1558285058,0.1104140207,0.04122943431,0.03372413665,0.1332206726,0.03149175271,0.02655306645,0.02309291065,0.0500394851,0.02794838697,0.04767263308,0.0152207166,0.03566848114,0.06770508736,0.04078644514,0.02275682986,0.0172790736,0.2623103559,0.04301471263,0.01000717375,0.03650493547,0.04845672473,0.6162570119,0.04211789742,0.1261816323,0.01529180724,0.08026545495,0.1466346234,0.0075163031,0.01847020723,0.04357799143,0.03804276511,0.02556427382,0.0223552864,0.01249152329,0.01417332795,0.03585081547,0,0.01440308522,0.02240593545,0.01529718749,0.04720042646,0.02484041639,0.01533875708,0.01483755466,0.02227029018,0.263079077,0.03414226323,0.02502068505,0.09537827969,0.04598801956,0.0199070368,0.653894186,0.9671483636,0.2106295228,0.01534554176,0.0161889717,0.04360345751,0.06917615235,0.7161604762,0.05002454296,0.007019218989,0.009660619311,0.558727324,0.06915104389,0.4387637079,0.2873774767,0.05656276643,0.01406981051,0.01904945262,0.08822431415,0.06748808175
110,0.003676854307,0.00227426691,0.009281911887,0.003799254075,0.803455174,0.694606185,0.04721520096,0.6307767034,0.01420232747,0.008300709538,0.008035661653,0.04529825971,0.0003204795939,0.007142857648,0.01190476213,0.03186460212,0.1177700087,0.2034965754,0.2415937781,0.2840901315,0.2666155696,0.2528502345,0.1523355395,0.07831036299,0.1096985787,0.1782967448,0.151060164,0.08616957068,0.1252087057,0.1962513775,0.1600144058,0.1311052591,0.06931454688,0.03173058853,0.04415706918,0.1150674522,0.04789493233,0.01190476213,0.007142857648,0.007142857648,0,0.008492635563,0.002380952472,0.00735154748,0.002380952239,0,0,0.007142857648,0.01666666754,0.002380952472,0.004761904944,0.0004373844131,0,0.00122655218,0,0,0.0004995842464,0.002689828863,0.0001529586152,0,0,0.001794772805,0.006105502602,0.002860482316,0,0.002062395215,0,0.0002294750593,0.000220988557,0,0.0004301849694,0.004761904944,0,0.001285009785,0.0002064190048,0,0,0.002380952472,0,0.0004980326048,0.003601405071,0.004508914892,0,0.0002197354042,0.0007791260723,0,0,0,0.008082866669,0.0009004139574,0.002380952472,0,0.004018730484,0.5551631451,0.1700066775,0.1869723201,0.09273660928,0.1151129901,0.1073313653,0.01273158193,0.04177901521,0.04618594795,0.001198123093,0.0001348363876,1.430216525e-05,1.338739548e-05,4.292586891e-05,0.0007403666968,0.01440308522,0,0.0003362112911,1.894460297e-06,0.001887419028,8.155695832e-05,0.000201460236,0.0005686011864,5.27976772e-05,0.02808717825,0.0005350424326,0.0006818452384,0.01074177772,0.003090439131,0.002761933953,0.1886504143,0.9922429919,0.1735804677,1.518942736e-05,0.0006745412247,0.01115083881,0.003345428267,0.448167026,0.006548696663,0.002622346161,0.001000005868,0.149120912,0.004100141581,0.03404830769,0.06808011234,0.00655346131,0.0007969606086,0.001443752437,0.01366619579,0.004869884346
111,0.01270248927,0.01777272485,0.07835983485,0.02890344523,0.3286154866,0.9484550953,0.4040921628,0.4950827062,0.002890852746,0.03210413083,0.005134943873,0.04897674173,0.002389511326,0.02905157581,0.07401481271,0.01983787306,0.1378509104,0.3274968266,0.3073967099,0.3302612305,0.3463107646,0.3803405464,0.3205724657,0.2388173342,0.2223431319,0.2931522429,0.1991732121,0.2198058218,0.2968776524,0.3389111161,0.3064765334,0.2877562046,0.2468333244,0.113978751,0.1829279661,0.2198583186,0.177478537,0.03726412728,0.03073561937,0.06957518309,0.06149678677,0.03442454338,0.002380952472,0.002480334369,0.002044616966,0.001884932281,0.0006462052697,0.0002920660481,0.0004677952966,0.0002936203382,0.000337489706,0.0003348091559,0.0009084803169,0,0.00180495705,0.0002066890302,0.01441593934,0.001020576688,0.002903418615,0.0004420541518,0,0.0004223277792,0.000633778458,0.001060136943,0.002148983069,0.004148558248,0.0003165822709,0.0003808493202,0.0009423074662,0.0004331384553,0.002493504202,0.05958757922,0.004154088907,0.0003533786512,0.002058621263,0.02880046517,0.004761904944,0.009819728322,0.003634030698,0.0007611332694,0.002325511537,0.0006305453717,0.0001385360665,0.001208390575,0.0006112194969,0.00103940058,0.0005528625334,0.004382304382,0.06905886531,0.006828286219,0.005685081705,0.0007233427023,0.0005636044662,0.4265038073,0.03295404837,0.05262643844,0.01638574153,0.04185342044,0.006961503066,0.001417672727,0.0003498482401,0.0007619474782,0.001754166558,0.0004614958307,0.003311291337,0.002884704852,0.0009994277498,0.002995448187,0.02240593545,0.0003362112911,0,1.868711661e-05,0.0001485143002,0.0001108491197,0.005339832511,0.001317348448,0.002393688075,0.05674262345,0.008625932969,0.007392137311,0.00358713232,0.0004261110735,0.002066849964,0.3613690138,0.9945443869,0.303619206,2.294878504e-05,0.006561752409,0.0001576974755,0.001436833292,0.4481343329,0.01733836159,0.01047728024,0.0002845134877,0.3827946484,0.05556350946,0.0889139697,0.1531264633,0.0161797367,0.001678286237,0.001218235586,0.0007420739275,0.000968373206
112,0.002585542388,0.002219755668,0.007200906519,0.005866448861,0.6939575672,0.4883130193,0.02380952425,0.6138758063,0.01536693145,0.01199143846,0.001618653187,0.03468646109,0.0008052350022,0.004761904944,0,0.03594250232,0.1081306562,0.1396667659,0.1909723878,0.2112516761,0.2519066036,0.1917381287,0.1160558984,0.05525722355,0.0618817769,0.1467966139,0.1164323837,0.04043531045,0.1022694111,0.1600989252,0.1506973207,0.08350517601,0.0395061858,0.0186461769,0.02316308022,0.06900528073,0.03518838435,0.002380952472,0.007142857648,0.0142857153,0.006353899837,0.002380952472,0,0.002380952472,0,0,0,0,0.003298113821,0,0,0,0,0,0,0,0.002380952472,0,0.0002525550954,0.00183714868,0.002380952239,0.0008046615403,0.0008314753068,1.301064003e-05,0,0.003515934339,0,0,0,0,0.0004643697757,0.002380952472,0.00623413967,0,0,0.002380952472,0,0,0,0,0,0.0007413719431,0,0,0,0,0,0,0,0.003889136482,0,0.0006886335905,0.000517931825,0.5120479465,0.04268177226,0.04854789376,0.02411611937,0.03928741813,0.02169166878,0.001819891506,0.012985643,0.01293854695,0.001202975865,2.851932732e-05,2.183161268e-05,6.483738161e-06,1.039832659e-05,0.0004120620433,0.01529718749,1.894460297e-06,1.868711661e-05,0,0.001194471144,1.28944057e-05,6.579168257e-05,0.0005958778202,7.366941281e-05,0.011449988,0.0002819812798,0.001652681269,0.0033649283,0,0.002471997635,0.06331985444,0.913954556,0.1862936318,2.083449544e-06,0.000227804936,0.002942868276,0.003465268761,0.4540465474,0.01117469743,0.002711118897,0.0001081843657,0.08046486229,0.001733970013,0.002380952472,0.03998623788,0.00343134976,8.976616664e-05,0.000143318437,0.006815541536,0.001753926743
113,0.008506820537,0.006497323979,0.05105599016,0.02218614146,0.3031962514,0.9401214719,0.1394874603,0.5138027072,0.001213625656,0.005358248483,0.001925726188,0.01308134105,0.001360902097,0.009860489517,0.02803218178,0.008307926357,0.1217242032,0.2764227688,0.2617850304,0.3179531395,0.3188853562,0.3203252256,0.2534813285,0.1532084495,0.1790546179,0.2435693592,0.1182062924,0.1274323612,0.1718855202,0.2123490125,0.1795992404,0.1798230857,0.1283727735,0.09340175241,0.1079129875,0.1239046529,0.07415911555,0.01180270221,0.02328923717,0.0467556566,0.02300050668,0.02681373805,0.002380952472,0.002268446144,0.001476168982,0.0008155168616,0.0003801528364,0.005224632099,0.0008509869222,0.000754698005,0.0004490070569,0.0001456449245,0,0,0,4.35233087e-05,0.0009192637517,0.0002728026593,0.0001330919185,0.001448765281,2.02401352e-05,0.0001980360976,0.000551117002,0.0001407586096,0,0.0007011790876,7.260090206e-05,4.286187323e-05,0.0001731772645,3.98888842e-05,0.0004425169609,0.01075195894,0.002820404246,8.510804037e-05,0.0001640312985,0.004935141653,0,0.001198081649,0,0.0002230375394,0.0004582863185,0.000252672151,0,0.0003215074248,0.0001062588344,2.636196041e-05,0.003019449767,0.001240279642,0.008808492683,0.001106213196,0.0002432629408,0.0006271855673,0.0002203557087,0.4602265954,0.1440050602,0.1871758997,0.06838852912,0.08786612004,0.02058825642,0.02234037779,0.007983282208,0.009344981983,0.001177106868,0.0004916067701,0.002757031471,0.005201279186,0.01083450392,0.0003905552148,0.04720042646,0.001887419028,0.0001485143002,0.001194471144,0,0.0001231613132,0.003543625586,0.0006064494955,0.002363840817,0.05336713418,0.002222046023,0.004747207742,9.356705414e-05,2.187647988e-05,7.457679021e-05,0.10976623,0.998087883,0.3202493787,0.0005816993071,0.007257986348,0.0001650044724,9.171724378e-05,0.447514832,0.01601020806,0.01645783894,0.002425865037,0.2931083143,0.02796956338,0.004755239468,0.06394392252,0.001194700133,0.005159700289,0.00217023585,0.0009868947091,5.587226406e-05
114,0.00249236403,0.00442000851,0.01640040614,0.01186874323,0.600474298,0.9402647018,0.1418798119,0.5589226484,0.003464624751,0.01764623076,0.001963382354,0.02965796925,0.00637660129,0.02227636613,0.01252997201,0.01947966591,0.1309454143,0.3468917608,0.3088864088,0.3350079954,0.3546715379,0.3744310141,0.3919407725,0.2739848495,0.2146979421,0.3021206856,0.2165988237,0.2427882999,0.3376896083,0.3585657477,0.3269966245,0.3219874203,0.2321825922,0.1716106236,0.2376639098,0.2337324917,0.1989173293,0.04050623626,0.06066512316,0.09190585464,0.04261646792,0.04583867267,0.002380952239,0.003852687776,0.002004283248,0.003653698368,0.002626351546,0.002693689428,0.001539912075,0.0001734649704,0.002282838337,5.274850628e-05,0.0003133571008,0.0008040808025,0.0008659137529,0.0006534265704,0.001543127932,0.0001675658714,0.0002388055145,0.0008061027038,0.0001954615582,0,0.0004568183213,0.0002019812528,0.0006253641332,0.001080875401,0.000222902192,4.003972208e-05,0.0005532886717,2.97090719e-05,0.000586503651,0.02267088369,0.002973189345,2.720609518e-05,0.0004813528794,0.002879519714,0.002664907137,0.002362652915,0.001823225874,0.0001173250566,0.0006645623944,0.0002902080887,7.076538895e-05,0.0002401099191,6.312436017e-05,0,0.003523276886,0.001502121217,0.01306869276,0.006461639889,0.003045449965,0.0005409703008,0.0004701987491,0.564103663,0.1122644991,0.1600320786,0.06174197793,0.0843758136,0.06343871355,0.007743464317,0.01644367166,0.02246255986,0.0007358813891,0.0001032464716,0.0003974943829,0.0003454290854,0.000244000621,0.0001407206437,0.02484041639,8.155695832e-05,0.0001108491197,1.28944057e-05,0.0001231613132,0,0.0005829507718,0.0004517101042,0.0005671404069,0.01253899746,0.001128894161,0.002504458651,0.0002734317677,2.587710514e-05,0.0002700057521,0.198425144,0.9952669144,0.2601181269,3.550486144e-05,0.002028454794,0.003533077426,0.0002604767506,0.3878113627,0.01036868058,0.004018950742,0.000650547212,0.1730982363,0.009563392028,0.02227198333,0.05815102905,0.002806369215,0.0007140797097,0.0006529874518,0.01063729171,0.001424342976
115,0.008536162786,0.0006328347954,0.00663184328,0.00267165387,0.8123322725,0.831309557,0.2304650098,0.551125586,0.004318063613,0.003604394151,0.003820878919,0.02140964381,0.02283101343,0.02139389329,0.03739314899,0.05803954601,0.1010863036,0.2429265082,0.2660014629,0.3028287888,0.3049973249,0.2768493295,0.1501521617,0.1000563726,0.1001715213,0.2165637165,0.1741337776,0.1682009995,0.2604330182,0.3734439015,0.2738465667,0.2290969342,0.1477231532,0.05396351963,0.07869599015,0.1496184319,0.04612890631,0.009523809887,0.0106548965,0.01849387959,0.003299550619,0.0142857153,0,0.00726301223,0.003616069211,0.001419304404,0.002380952472,0.007142857648,0.0126857562,0.003464025911,0.01185952406,0.0007423958741,0,0,0,0,0.003217466176,0.002828783588,0.0004089509021,0,0.000236899461,0.004083741922,0.01437191013,0.004973169416,3.878335701e-05,5.784022142e-05,0.001049891813,0,0.0005146486219,0.0007607112639,3.463600297e-05,0.02845889144,0.01309914049,0.002919134218,0.0009574173018,0.003567971988,0.0004548186262,0.0004982951796,0,0.009973800741,9.449844219e-05,0.01995771378,0,0.002994454233,0.002380952239,0.003622291377,0.002380952472,3.273071343e-05,0.01981437765,0.0003356351226,4.768475628e-05,0.009615186602,0.01692081057,0.628010273,0.2526207864,0.3759923577,0.1430562884,0.2171310335,0.2262582481,0.01616495103,0.05819856748,0.06871023774,0.001674608211,0.000395581912,0.0001336643327,7.070410356e-05,0.0001365524658,0.0005364285316,0.01533875708,0.000201460236,0.005339832511,6.579168257e-05,0.003543625586,0.0005829507718,0,5.767607581e-05,0.0009197225445,0.06957097352,0.0001246224128,0.0005707253003,0.0004556954082,0.0002493475913,5.064796278e-05,0.3359631896,0.9955390692,0.1808410734,0.0005911624175,3.223612657e-05,0.0259942431,0.008405369706,0.4744064808,0.007649107836,0.002561729169,0.00319553446,0.07843734324,0.0003778208047,0.09842968732,0.02304126136,0.0003618337214,2.565276554e-05,3.767579983e-05,0.01991531812,0.01427055523
116,0.001806581626,0.001837672549,0.001040585921,0.004204778001,0.8503043652,0.7392866015,0.05793031678,0.5290363431,0.01551537588,0.01462181937,0.002954684198,0.0385940522,0.05063999072,0.0355633311,0.02236165106,0.1029543951,0.1125595644,0.4094329178,0.404076755,0.3980039954,0.3736798465,0.4000157714,0.448461175,0.3380684257,0.1553059071,0.3167455792,0.2590769827,0.4753574431,0.5228011012,0.5128551722,0.4207814336,0.4513197541,0.4290594757,0.3474737406,0.2447620481,0.3464435041,0.2441246659,0.05835797638,0.09665311873,0.09555801004,0.1083833948,0.08323000371,0.01140352711,0.02305510454,0.005846898071,0.0002653295523,0.01017466839,0.007142857648,0.004489894956,0.001437397441,0.01256669872,0.001708666794,0,0.0001535766642,0.0002598844294,0,0.005412958562,0.007595658768,0.001665302203,0.002236041706,0,0.002080444247,0.005594236311,0.00310386694,0.0001600091055,0.00054118142,0,0.002160827629,0.0003011412628,0.0004717866832,0.0002170329681,0.02306952141,0.006529689301,0.001421669265,0.001666001161,0.01089292206,0.0006044987822,0.001575581846,0.0004867905227,0.001089917496,0.0004648267641,0.004036983941,0.0004561454989,0.001170043601,0.00291941152,0.00381648168,0.006514044944,0.002887260169,0.005083048716,0.00111009914,0.0009294904885,0.000683799386,0.001709550503,0.5838782191,0.1085084975,0.1668553948,0.07982738316,0.09680721909,0.05272129923,0.005437122658,0.02697552182,0.03115819953,0.002640058985,0.000705658691,9.130382387e-05,0.0001028113184,0.0001765782508,0.0007110807346,0.01483755466,0.0005686011864,0.001317348448,0.0005958778202,0.0006064494955,0.0004517101042,5.767607581e-05,0,0.002848222852,0.009912292473,4.442744466e-05,0.0006057423889,0.0007706878241,0.0005616616691,0.0002669975802,0.1576376855,0.9912415147,0.1917871833,0.0003065432829,0.000322923559,0.009283190593,0.002585483016,0.518958509,0.01031361707,0.003498103702,0.0009882802842,0.02175467275,0.000888541108,0.01691634953,0.005999866407,0.0009930543602,5.717696331e-05,5.34453211e-05,0.009169935249,0.005690564867
117,0.01907880045,0.008833808824,0.03226178139,0.01686934754,0.5908905268,0.9142027497,0.2899934649,0.5598391891,0.01011777762,0.01944282837,0.01728380844,0.06871267408,0.01769759879,0.06858190894,0.04217300564,0.05029278994,0.1233414263,0.2289322913,0.2489247322,0.2684800923,0.287594825,0.255315125,0.1671953648,0.128074646,0.1176839322,0.2443981618,0.1290136278,0.1124278679,0.1899968535,0.227700755,0.170266822,0.130548045,0.091160357,0.04370411485,0.08167403936,0.1008176878,0.0629581809,0.009523809887,0.02771421708,0.0142857153,0.02300079539,0.007142857648,0,0.01968965866,0.01686634868,0.01005452126,0.01551317424,0.00742625026,0.02195624635,0.009042815305,0.01431854349,0.001386654563,0,0.003106911434,0.0005422759568,0.002198437462,0.01021880563,0.001298514311,0.0004679970734,0.008061576635,1.581027573e-05,0.00166242721,0.009961929172,0.005350788124,0,0.003770993557,0.002119939076,0.0005698777386,0.003780085593,0.0008614320541,0.001650450402,0.0448505953,0.02427787706,0.0007007426466,0.008606317453,0.0378716588,0.0007721220609,0.01290158555,0,0.003365026787,0.001650022226,0.01007709187,0.002380952472,0.007109498139,0.005629678722,0.00296745589,0.007704502903,0,0.0611561574,0.007528148592,0.004094731528,0.008103220724,0.01496191882,0.617100358,0.3002074659,0.4333592951,0.1632370949,0.2060457766,0.1795154214,0.03577856719,0.06335961819,0.07270800322,0.0005038689706,0.0001407560339,0.0001234207884,0.0004742769524,0.001083576586,0.002254194347,0.02227029018,5.27976772e-05,0.002393688075,7.366941281e-05,0.002363840817,0.0005671404069,0.0009197225445,0.002848222852,0,0.06365501136,0.0009730142774,0.008086855523,0.01583118923,0.0007716455148,0.002439472126,0.3836512864,0.9982784986,0.1798114181,0.0002273866558,0.002544359537,0.01194765419,0.005544079468,0.3874696195,0.004031039774,0.0007354610134,0.0009128774982,0.2337960452,0.006864430849,0.1676640511,0.1448806524,0.01156187244,0.001964942785,0.002288136166,0.01799703389,0.009623293765
118,0.2589861751,0.04937179759,0.1034771129,0.0745267719,0.7507388592,0.9575266838,0.370426774,0.5459944606,0.1070185825,0.04713705182,0.1135227233,0.1288809925,0.1402085274,0.1689283699,0.1386315972,0.1426583081,0.2823706269,0.247760728,0.281889528,0.3317308426,0.3295024931,0.2473749965,0.1262004673,0.08700759709,0.1574575007,0.2433521003,0.1418231726,0.08292966336,0.1773401201,0.2047830969,0.1923098713,0.1281223446,0.06243354827,0.03159521893,0.08626906574,0.1003425121,0.06029704958,0,0.004392574541,0.01303395629,0.009523809887,0.0142857153,0.004761904944,0.1288523823,0.1429529488,0.11172124,0.1178950295,0.1258228421,0.121146813,0.1050649062,0.1136505678,0.0997614637,0.04405057803,0.01750388928,0.01275801752,0.01342993416,0.03374429047,0.06095602363,0.02809218876,0.1066977009,0.02347284183,0.0883544758,0.1253249347,0.1057341397,0.01726297103,0.0246663373,0.07273750007,0.05640362576,0.1053889915,0.06031629816,0.01771000586,0.1401841938,0.1235975698,0.06526871771,0.1176983193,0.05665107071,0.01627216116,0.01535995025,0.01712427475,0.1010167822,0.01469520573,0.1192069575,0.05321872979,0.1010915264,0.1137727574,0.09753120691,0.05936476216,0.01991117932,0.08772221208,0.01759778894,0.01497895923,0.1153848395,0.1112932488,0.6276568174,0.2114054561,0.3527494967,0.1152788028,0.1469752342,0.2339792401,0.130014658,0.0994579047,0.09908853471,0.03643484786,0.003480953397,0.008783118799,0.04241777211,0.003648092737,0.003019741504,0.263079077,0.02808717825,0.05674262345,0.011449988,0.05336713418,0.01253899746,0.06957097352,0.009912292473,0.06365501136,0,0.003582661273,0.01514833234,0.02284983732,0.0288505163,0.009116875008,0.2584784925,0.9959201217,0.5756067634,0.05577762797,0.06438957155,0.08608779311,0.103428483,0.5885661244,0.2547700703,0.2035954893,0.1111773551,0.1774797589,0.05616441742,0.1519213617,0.1172703579,0.01152850222,0.05270536616,0.009277342819,0.09464084357,0.08882011473
119,0.00526914373,0.0004524720716,0.002101905877,0.003267237451,0.7247132063,0.6472945809,0.08859191835,0.450765878,0.007646269165,0.003078006208,0.002403918421,0.02354930341,0.01816620305,0.01745487005,0.01058606617,0.06077794731,0.09056062251,0.1732896268,0.202514261,0.2889191508,0.257307142,0.1851852983,0.1082112119,0.05260690302,0.0754589811,0.1645755172,0.1569360346,0.1136721075,0.2132496983,0.3685336411,0.2660112977,0.1899192482,0.1227876469,0.05176783353,0.07219473273,0.1081234142,0.04346812144,0.009523809887,0.01190476213,0.01836940087,0,0.004761904944,0.004761904944,0.004012592137,0.002380952472,0.004761904944,0.01117105875,0.005805203225,0.01217245404,0.01256027259,0.02430135012,0.01330130734,0,0,0,0,0.003087727586,0.001506415778,0.002853611251,0.006239258684,0.001484251115,0.004189249594,0.03514398634,0.01529228408,0.0002151902008,0.0002766097605,0.004761904944,0,0.001729224809,0.001491380623,0.0002116924443,0.003472685581,0.005656205118,0.001887201448,0.01395274606,0.001022367622,0,0.0001131242971,6.026883057e-05,0.01198562514,0,0.03536263108,0.002380952472,0.003739089705,0.008659435436,0.004504724871,0.001106454758,0.0001925050601,0.001446664217,0.000152186316,0.0001560321252,0.02343798243,0.01777057536,0.5631166101,0.2504885495,0.3427367806,0.1365349293,0.2100160718,0.173763603,0.0396563001,0.07333140075,0.0777387321,0.0008972309297,5.209320079e-05,2.606985254e-05,0.0007153241895,0.0002854724007,0.0004101245431,0.03414226323,0.0005350424326,0.008625932969,0.0002819812798,0.002222046023,0.001128894161,0.0001246224128,4.442744466e-05,0.0009730142774,0.003582661273,0,5.706524826e-05,5.976123066e-05,0.0003195762692,2.354484604e-05,0.05018932745,0.9964681268,0.2102491707,0.001277108211,0.0003263112158,0.01820519008,0.003761161119,0.4292094409,0.01025756355,0.00460059708,0.00676437607,0.000486972509,5.574317402e-05,0.005112805404,0.001559914206,5.437435175e-05,0.0001240813144,1.008290656e-05,0.009951276705,0.003958371468
120,0.001255590003,0.0001988173317,0.0008005319396,0.004739556927,0.4754342735,0.3318508565,0.01474482846,0.2815834582,0.002788487123,0.0006180501077,0.0002820514201,0.01509518549,0.01409969013,0.002380952472,0,0.03845769167,0.1004992351,0.2215659767,0.2751571834,0.2953023612,0.2519653141,0.2026933283,0.112354584,0.07568555325,0.09021965414,0.169201538,0.1736915857,0.2095088363,0.3220655918,0.4234012961,0.304340601,0.3106396794,0.1553614587,0.07466846704,0.1255295575,0.1852253228,0.06243044138,0.004761904944,0.01051729359,0.02364600077,0.01024692878,0.01057051215,0.002380952472,0.007029299624,0,0,0.002380952472,0.002380952472,0.002380952472,0.005863164552,0.008251574822,0.009866502136,0,0,0,0,0.01080855262,0.004613373429,0.01498787943,0.001922135474,0.001318575465,0.001730872551,0.01880848035,0.008231102489,0.0002879933163,0.002053687815,0,0,0.0001878805197,0.0008385370602,0.0001200320694,0.001633248059,0.003551355563,0.001611878979,0,5.045785656e-05,0,0,5.053859422e-05,0.001752412063,6.27812733e-06,0.006610251963,0,0.0006249360158,0.00182484265,0.0001509779104,0.0004831736733,8.684475324e-05,1.50493097e-05,1.777372927e-05,0.0002355432662,0.002620503074,0.001659220783,0.4036228657,0.106944412,0.1140370294,0.04303471744,0.07973217219,0.07297247648,0.01519139856,0.02947936393,0.03527728841,0.005798906088,0.002739847405,0.001123504015,0.003443377558,0.002892058808,0.004128756933,0.02502068505,0.0006818452384,0.007392137311,0.001652681269,0.004747207742,0.002504458651,0.0005707253003,0.0006057423889,0.008086855523,0.01514833234,5.706524826e-05,0,0.0001235427335,9.233574383e-05,0.000526382355,0.01483230572,0.9583980441,0.2096645385,0.0003230197181,5.301084002e-06,0.007263910957,0.002809023019,0.5347290635,0.01952088065,0.00704145059,0.004919196945,0.002421573969,4.126940621e-05,0.0002502598218,1.078590321e-05,4.488878403e-06,6.400032362e-06,3.520478231e-06,0.005711772013,0.001433993108
121,0.001706635696,0.0003296576906,0.001040724572,0.005346489605,0.4796276391,0.4207347631,2.771370782e-05,0.3189083338,0.0009742311668,0.0003482952015,0.0001867609099,0.004449162632,0.01039395295,0.01059067994,0,0.01343609951,0.09021882713,0.2309284508,0.2553250492,0.2833349705,0.2469055206,0.1849007457,0.1254687905,0.08753484488,0.07115132362,0.1487718374,0.1334520429,0.1900439858,0.3085801303,0.3905988634,0.3065488338,0.2373217493,0.1617951244,0.08264060318,0.1001714841,0.122646153,0.06381370872,0.007142857648,0.003539677011,0.02232343704,0.01314094011,0.01904761977,0.002380952472,0.004850026686,0.002686080756,0.0006894046091,0.002618394792,0.006263473071,0.00308535737,0.002380952472,0.003836091608,0.002818603301,0.002380952472,0,0,0.0004124870175,0.001000441145,0.003804226406,0.0005900776596,0,0,0.000225752694,0.006068469025,0.002253725426,0,0.0002700932673,0,0.0005263678031,8.277593588e-05,0,4.054585224e-05,0,0.00139765616,0.0007861232152,0.003821140155,0,0,4.582722977e-05,4.414540308e-05,0.000566724455,5.643716122e-06,0.001927044359,0.000372185139,0,0.0008638965082,0,0,0,1.387996326e-05,7.935493159e-06,2.376918928e-05,0,0.001508659916,0.3844371438,0.1716616154,0.1101782992,0.07435102016,0.09595196694,0.002544794232,0.04340885952,0.04852485284,0.03533950076,0.005577986129,0.001977910753,0.002278784057,0.004131587688,0.007591640577,8.360188804e-05,0.09537827969,0.01074177772,0.00358713232,0.0033649283,9.356705414e-05,0.0002734317677,0.0004556954082,0.0007706878241,0.01583118923,0.02284983732,5.976123066e-05,0.0001235427335,0,5.349029379e-07,7.896577699e-06,0.0001094117688,0.9996846318,0.2472153306,0.002267739037,6.712722825e-05,0.000312585209,7.485704828e-06,0.572024405,0.04757927731,0.02331179753,0.02407988533,0.002357205842,0.000185846191,1.044594114e-06,7.56860245e-05,5.345654245e-06,0.0004201118718,0.0004370886018,6.957926962e-05,8.177344171e-06
122,0.002272525337,0.0006265486591,0.01094942447,0.006203606259,0.4577364326,0.3861849606,0.005220744759,0.5303565264,0.000589271076,0.0002777313057,0.0001999155938,0.00375452009,0.0001775707788,0.004798488226,0.004560298752,0.006874793675,0.07806070149,0.111773178,0.1314666122,0.1689137667,0.1552002579,0.1129944324,0.07708075643,0.03237438574,0.04693563282,0.1073758155,0.05697710067,0.03474682942,0.08235621452,0.1186272353,0.1103995666,0.0674552843,0.03723214194,0.01918422244,0.03000665084,0.04034344479,0.01771894842,0.002380952472,0,0,0.007142857648,0.002380952472,0,0.001768546645,0,0.0002437942749,0.003999550827,0,0,0.002734540962,0.0007246359601,3.966545046e-05,0,0,0,0,6.025032053e-05,4.782377073e-05,1.337367848e-05,0,0,0,0.0001641662966,7.203871064e-05,0,0,0,4.060529318e-05,0,0,0,0.0007170690224,0.0002533668885,0,0.002380952472,0.0001940842048,0,0,0,0,0,0.0002759814088,0,0.0003060287563,0,0,0,0,9.748592856e-05,5.008302469e-05,8.605435141e-05,0.0002525620221,7.870746049e-05,0.4143633246,0.07595088333,0.05129630864,0.02583172545,0.02392903902,0.008818294853,0.00936166849,0.01457228232,0.006926311646,0.001093029859,4.049882045e-05,0.0007225937443,0,0.001600605785,8.798796443e-06,0.04598801956,0.003090439131,0.0004261110735,0,2.187647988e-05,2.587710514e-05,0.0002493475913,0.0005616616691,0.0007716455148,0.0288505163,0.0003195762692,9.233574383e-05,5.349029379e-07,0,4.212454314e-06,0.002271384699,0.8609108925,0.2135937363,0.002427197993,0.0004516345216,0.0002703839273,1.121287255e-06,0.3805341721,0.01491197105,0.003045189427,0.004807417281,0.02753771469,0.001388810808,5.453538961e-06,0.001647955505,3.820186612e-05,0.002380952472,8.652769611e-05,5.885784776e-05,4.311070825e-06
123,0.001395818661,0.001085479162,0.0008859380032,0.00455707591,0.7562042475,0.6123489141,0.0143368002,0.4523736537,0.004163417965,0.003559598932,0.0004518036731,0.01147638075,0.01181762386,0.0186633952,0.01118417736,0.04185012355,0.0984217748,0.3544073105,0.3736824095,0.3631308675,0.3199944496,0.3685481548,0.3552575707,0.2823417485,0.1278213561,0.2898193896,0.2046088874,0.3829861879,0.4564032555,0.4743762016,0.3774785101,0.3965227604,0.3831056058,0.2482918352,0.2009846717,0.2706907988,0.2006725222,0.04702338576,0.04956335947,0.07026369125,0.07125409693,0.04498796538,0.007248172536,0.01291429251,0.0009669444989,0.0003229710564,0.005238845479,0.006041142158,0.001712555066,0.005616875831,0.01131592784,0.00157032744,0,0.0004774242698,8.556985995e-05,7.306322368e-05,0.003246977227,0.006403547712,0.0007403471391,0.001143847476,0.0003163400397,0.0005006533465,0.003124890849,0.001304563601,4.419975448e-05,0.0002442946134,0.0003458340361,0.0004003771464,0.0001191038828,0.0001196316734,5.394441541e-05,0.007245507557,0.005454575643,0.0003865862964,0.0004939801292,0.002682244405,0.000298819592,0.000591478718,0.0001045980898,0.0003944395285,4.151020039e-05,0.001546448562,0,0,0,0.001815079013,0.002599927364,0.0003467441129,0.0009310176247,0.0002388102439,0.0001361872855,0.00316518615,0.000374263298,0.4340734482,0.1197680086,0.1107687801,0.06972172111,0.06837897748,0.01696162112,0.008459130302,0.02854672447,0.02820846625,0.002226278884,0.0003309316817,0.0001097068889,0.0002640622552,0.003600951284,0.0001918562193,0.0199070368,0.002761933953,0.002066849964,0.002471997635,7.457679021e-05,0.0002700057521,5.064796278e-05,0.0002669975802,0.002439472126,0.009116875008,2.354484604e-05,0.000526382355,7.896577699e-06,4.212454314e-06,0,0.05800224096,0.9951224327,0.1900390834,0.001068678102,0.0002758569317,0.001591016655,5.635480193e-05,0.5036947727,0.009694474749,0.00391718233,0.003452200908,0.009602020495,0.0005420594825,0.0008143323939,0.002400646219,0.0001898731862,0.0003647146223,0.0003207555856,0.0005066097365,9.609518747e-05
124,0.2793305516,0.0002588694333,0.005731234793,0.1035668105,0.8347877264,0.7333914638,8.753545262e-05,0.4083783627,0.1139013544,0.000146341612,0.01014121156,0.04239931703,0.1291636974,0.01884436607,6.513988046e-05,0.0659929961,0.1413405836,0.04047619179,0.04210249707,0.04978295788,0.04695024714,0.02762319334,0.002380952472,0.007142857648,0.01663791947,0.01400343608,0.02824300528,0.009523809887,0.01904761977,0.04519176483,0.02072919533,0.002380952472,0.0142857153,0.002380952472,0.006290064193,0.01904761977,0.007142857648,0.002380952472,0,0.004761904944,0,0,0,0.05145887658,0.038406156,0.0475481227,0.1065814048,0.07653534412,0.1537447423,0.09427560866,0.2128343731,0.1892703176,0.01067438629,0.007142857648,0.004761904944,0,0.008165298961,0.112998873,0.09760526568,0.05287630111,0.002380952472,0.09760574251,0.3286946416,0.380533278,0.007142857648,0.02422149666,0.06065781415,0.06691536307,0.09054037929,0.05857811123,0.0382524766,4.762727986e-05,0.04817752168,0.09029601514,0.1506081969,0.0001171419208,5.244015483e-05,0.001089023892,0.004483970813,0.1270822883,0.0007147516008,0.3217391968,0.04493123293,0.08926148713,0.06590610743,0.1194752529,0.0003598514304,0.0001976140629,5.35101899e-05,0.000551213976,0.006367423572,0.0940105021,0.1830858141,0.6432970762,0.4836660624,0.615206182,0.3389495611,0.3944692612,0.3264793456,0.4164164364,0.4010860324,0.4067832232,0.2936181128,0.1182805672,0.2503434122,0.2873196602,0.1589256227,0.05753966421,0.653894186,0.1886504143,0.3613690138,0.06331985444,0.10976623,0.198425144,0.3359631896,0.1576376855,0.3836512864,0.2584784925,0.05018932745,0.01483230572,0.0001094117688,0.002271384699,0.05800224096,0,0.9964960217,0.779353857,0.3300828636,0.08825238794,0.1339047998,0.009208610281,0.9233143926,0.5053100586,0.4653439522,0.4762686491,0.001029818319,0.0005616946728,3.3120632e-05,0.0002172074455,0.002225157339,0.2179516405,0.0464220345,0.01919876598,0.01098584104
125,0.9995031357,0.9970345497,0.9988383651,0.995314002,0.9999456406,0.9999988079,0.9867033362,0.9987310171,0.9931921959,0.8487448692,0.9973447323,0.9786647558,0.9956394434,0.8948739767,0.7452381253,0.9883034229,0.9816392064,0.7951815724,0.8635621667,0.9166737795,0.8958895802,0.7647274733,0.5008131862,0.3693083823,0.8037678599,0.830712676,0.7472584844,0.3674591184,0.5084011555,0.6784592867,0.5826352835,0.4601428211,0.3351925611,0.2072692811,0.3747893572,0.4910963774,0.3484854996,0.07813770324,0.1071428582,0.2491487712,0.1142857224,0.1457803696,0.02142857201,0.960721314,0.9461207986,0.9150090814,0.979260087,0.9846690297,0.9964379668,0.9896066189,0.9946314692,0.9820351601,0.3585478365,0.25,0.2761904895,0.311904788,0.532377243,0.9534243941,0.9712414145,0.8295609355,0.3928571641,0.8383530974,0.9953529835,0.9980410337,0.6629835963,0.8364317417,0.6369316578,0.7597979307,0.9845710993,0.9177467227,0.9642042518,0.6761904955,0.9558182955,0.7963221073,0.918569088,0.6919808984,0.4285714328,0.525750041,0.7608005404,0.994212091,0.9284690022,0.9966768622,0.5182489753,0.9183579087,0.9360547662,0.926302135,0.4071428776,0.3580184281,0.8908799291,0.9568384886,0.7979425192,0.9954839349,0.9966616035,0.9982562661,0.9894567728,0.9923679829,0.9931625128,0.9950390458,0.996775806,0.9868864417,0.9921047091,0.9963197112,0.9946709275,0.9890517592,0.9972783923,0.9930775762,0.9881582856,0.9942329526,0.9671483636,0.9922429919,0.9945443869,0.913954556,0.998087883,0.9952669144,0.9955390692,0.9912415147,0.9982784986,0.9959201217,0.9964681268,0.9583980441,0.9996846318,0.8609108925,0.9951224327,0.9964960217,0,0.9849023819,0.9945858121,0.994871676,0.9978306293,0.9987128973,0.9865881205,0.9990143776,0.9980348349,0.9935204983,0.9974959493,0.9967544079,0.9941022396,0.9917979836,0.9972435832,0.991998136,0.9781843424,0.9992988706,0.9989898205
126,0.5867522955,0.2764613628,0.4162499607,0.3340246081,0.9057013988,0.989376843,0.7021546364,0.8146413565,0.3410136104,0.2362223566,0.3939557076,0.4533720315,0.3909559846,0.3650170267,0.2122851312,0.445501864,0.4403687119,0.2050909251,0.2513358891,0.3205062151,0.2941200435,0.2209281325,0.09001283348,0.05367582291,0.1486253291,0.1771560907,0.1566326022,0.05170025304,0.1110428348,0.1705928892,0.1415264308,0.09511508048,0.04397102073,0.02269993164,0.07079171389,0.09345878661,0.04761904851,0.004761904944,0.004761904944,0.02380952425,0.02142857201,0.0142857153,0.004761904478,0.3130819798,0.2913835943,0.3010005951,0.329841435,0.3263857067,0.3857654631,0.3683682978,0.3863097131,0.3291564584,0.1415615082,0.07978961617,0.06889465451,0.07645837963,0.1426949054,0.3200490773,0.2553421557,0.2582142651,0.1077014953,0.2976956666,0.3559232652,0.3498491645,0.1770910025,0.1781000495,0.2169990093,0.2494613677,0.3484213054,0.2771680057,0.2036742121,0.1634296179,0.3890545964,0.2557592988,0.3104844391,0.2067560256,0.1350133121,0.1636630148,0.1883190572,0.3175179362,0.1858107746,0.3661026359,0.1709874123,0.3069373965,0.3201092184,0.2963675857,0.1120643467,0.1189342216,0.2917855382,0.2083661258,0.1940267682,0.3700577915,0.3571693301,0.8252943158,0.5033838153,0.6324376464,0.3830741644,0.4393276572,0.549772203,0.2434502989,0.345931381,0.3717675805,0.2323604822,0.2203574628,0.1971019804,0.1661033034,0.1834737808,0.2429875582,0.2106295228,0.1735804677,0.303619206,0.1862936318,0.3202493787,0.2601181269,0.1808410734,0.1917871833,0.1798114181,0.5756067634,0.2102491707,0.2096645385,0.2472153306,0.2135937363,0.1900390834,0.779353857,0.9849023819,0,0.2057252526,0.1829012781,0.3349566162,0.3368593156,0.7168422937,0.1340105236,0.111812748,0.1466748416,0.6768974066,0.2244163752,0.4922766984,0.4651477933,0.2278950363,0.1803169698,0.1944542974,0.3702395856,0.3413282633
127,0.01181903295,0.008531791158,0.05061324686,0.01453974284,0.3342831433,0.8860909343,0.2918158174,0.5321322083,0.002003199188,0.02062759548,0.01076048892,0.05720420927,0.00995439291,0.03617433459,0.0409848392,0.0350359641,0.1311583668,0.2331271172,0.2545250356,0.3038867414,0.3132177293,0.268142879,0.1843883097,0.1055449471,0.1301099956,0.1962554455,0.1480187029,0.08232960105,0.1553650349,0.266514957,0.1939800829,0.1441380382,0.09195959568,0.05689478666,0.07161612809,0.08687124401,0.05687240139,0.007142857648,0.01190476213,0.03298408166,0.01583713107,0.009523809887,0.004761904944,0.007202120498,0.001788354828,0.0004155743809,0.002380952472,0.002963587875,8.936975064e-05,0.004732719157,0.001553378534,0.0006204023375,0,0.002934545279,0,0,0.001774077537,0.002416970674,0.002602421213,0.0004800478928,0,4.370545867e-05,0.002659634454,0.001254062168,0,0.002695973497,0.003461111104,0.0001309337531,0.001792458352,8.82082968e-05,0.0005211491953,0.02356143296,0.00593920704,0.0006622999208,0.0003858763084,0.01191115379,0.004761904944,0,0.0003260890371,0.00212138542,0.001468982548,0.002450332278,0.0002103915031,0.001348420978,0.0004370035895,0.0008776508039,0,0.0005917560775,0.02930543013,0.001469556359,0.0009703376563,0.0004823527997,0.0008552612853,0.5043642521,0.1153774038,0.1841331571,0.07265143096,0.1156651676,0.04760456085,0.003948820289,0.004638320766,0.01036393456,0.001624697819,0.0003335606598,0.0004365543718,0.0001572158799,9.119710012e-05,0.001103600021,0.01534554176,1.518942736e-05,2.294878504e-05,2.083449544e-06,0.0005816993071,3.550486144e-05,0.0005911624175,0.0003065432829,0.0002273866558,0.05577762797,0.001277108211,0.0003230197181,0.002267739037,0.002427197993,0.001068678102,0.3300828636,0.9945858121,0.2057252526,0,0.0009903952014,0.0006733950577,0.005293754861,0.4559871256,0.009630210698,0.002565866569,0.000102891674,0.2895226777,0.0122672515,0.09530017525,0.06948533654,0.007109828293,0.0001497718185,0.0005674475105,0.005098439753,0.003678922309
128,0.003714206861,0.0002294532896,0.004704087973,0.005353528075,0.6448981166,0.7697069049,0.107686691,0.3535226882,0.003279757686,0.001011356711,0.001512422459,0.0187714044,0.01846889406,0.02722211368,0.01090382878,0.04766921699,0.1099840552,0.2790671587,0.3090405762,0.3347783983,0.2959470153,0.2551052868,0.1561310738,0.09595289081,0.07676956058,0.2060565501,0.1852637827,0.2619222403,0.3952205479,0.4821905792,0.358394593,0.3076025248,0.1905790865,0.1207406074,0.1490613073,0.1871547401,0.09481283277,0.01240261178,0.01528090797,0.0255783312,0.01555717364,0.01562326215,0.002380952472,0.003987920936,0.0005293320282,0.002380952472,0.001884775003,0.002380952472,0.01199089829,0.001169392955,0.005910297856,0.00118787575,0.0005020924727,0,0.002380952472,0,0.01182732265,0.004814022221,0.004027938005,0.001727713039,0.002380952472,0.004976655822,0.01824067906,0.01298921742,8.455384523e-05,0.002607432194,0.0007401460898,0,0.0006937487633,0.0003372339124,0.0002380221267,0.0003603687801,0.008640220389,0,0.002084699692,0.0001158688247,0,2.671174116e-05,4.166071813e-05,0.00452675065,3.6469919e-05,0.01239668112,0.001700205146,0.0006529412931,0.002380952239,0.0004517639172,0,0.0002670627728,0.0001237817196,2.647239489e-05,6.184781523e-05,0.002371049253,0.01189989317,0.5587644577,0.1934753805,0.3184016645,0.1196042597,0.1793869287,0.1595771909,0.01280783676,0.04163710773,0.04850775003,0.002695306204,0.001425463473,0.001015034039,0.0004332695389,0.0006781846751,0.001715228078,0.0161889717,0.0006745412247,0.006561752409,0.000227804936,0.007257986348,0.002028454794,3.223612657e-05,0.000322923559,0.002544359537,0.06438957155,0.0003263112158,5.301084002e-06,6.712722825e-05,0.0004516345216,0.0002758569317,0.08825238794,0.994871676,0.1829012781,0.0009903952014,0,0.01715311594,0.01182062831,0.5014375448,0.008882412687,0.00304143643,0.003566089785,0.01693986356,6.454524555e-05,0.002480690833,0.0002417210926,7.803640619e-05,1.51364593e-05,3.410204954e-05,0.0063532684,0.00423243409
129,0.02148428932,0.02315682918,0.1287853122,0.06009782478,0.3362273276,0.9350169301,0.1291019469,0.4698235691,0.001329657389,0.01621186174,0.002453303197,0.02100390941,0.001002296456,0.01381758787,0.02481599711,0.007910685614,0.1170821935,0.2312775701,0.2431891561,0.293053925,0.2749002278,0.218512103,0.1836075038,0.1040895507,0.1375627518,0.1883518994,0.1032494828,0.0996151045,0.1243853495,0.1859418005,0.1396702528,0.1093801707,0.09175404161,0.04432808235,0.07172079384,0.07116441429,0.05476417392,0.002380952472,0.009523809887,0.009188608266,0.01607629098,0.01848134212,0,0.0008469869499,0.0003691319725,0.0009083094192,0.0001077738925,9.1941336e-05,0.0002207075449,0.0001351401297,0.0001836648007,0.000312437478,0,0.0007723598392,0.000931173272,0.0008787689731,0.006650763564,0.001835532254,0.00116187043,2.582593152e-05,0,0.0002898170496,0.0003567459935,0.000586899172,0,0.002334149554,0.00013428081,0.001316457521,0.0002953613293,0.001054802909,0.00126134546,0.01501017436,0.002708794316,0.0001565502607,0.0001243212464,0.008923465386,0.0008741333149,0.00585500896,0.002561356174,0.0001969073201,0.001211318537,0.0002200177405,0.001385047915,0.0004869948316,0.0004837386077,0.0001035911555,0.0001985668641,0,0.0155027993,0.002910195384,0.001774281496,7.494914462e-05,0.0002598335559,0.4099792242,0.04300568998,0.04134747013,0.01439628657,0.02269679308,0.002011174569,0.007408570498,0.001411378384,0.0003926804056,0.002647195943,0.001833833172,0.01488246955,0.03687670454,0.01310932543,0.006261444185,0.04360345751,0.01115083881,0.0001576974755,0.002942868276,0.0001650044724,0.003533077426,0.0259942431,0.009283190593,0.01194765419,0.08608779311,0.01820519008,0.007263910957,0.000312585209,0.0002703839273,0.001591016655,0.1339047998,0.9978306293,0.3349566162,0.0006733950577,0.01715311594,0,0.000234430292,0.4922986627,0.02356495522,0.01893267967,0.002361600054,0.3250361681,0.08528068662,0.004600095563,0.1022989824,0.003466377733,0.01612075604,0.00598380249,8.524450823e-05,7.288392953e-05
130,0.01678321697,0.003449488664,0.06487483531,0.02343969978,0.2842938304,0.8263376355,0.008831165731,0.4990490377,0.001079787966,0.002903638873,0.004118601326,0.01375558879,0.001992918784,0.02773618512,0.005213042721,0.01110464428,0.1162649915,0.1465634853,0.1729343235,0.2041260153,0.232189253,0.1648900658,0.09482860565,0.07656721026,0.06132705882,0.1404745132,0.06263612956,0.05764468759,0.09487452358,0.159139514,0.1056651995,0.07726224512,0.03794928268,0.02862197906,0.0388625823,0.05478230491,0.0314855352,0.004761904944,0.004761904944,0.01498353109,0.002380952472,0.004761904944,0,0.002056495519,0.0006450091605,0.000193709071,0.0008161465521,0.001462732907,0.0006785743753,0.001764484798,0.001006528037,0.0001482934313,0,0,0,0,0.0006207799306,0.0003109952668,5.431015234e-05,0,0,0.0004793221888,0.0008859265945,0.0006591274287,0,0,0.0005957363755,7.162190741e-05,0.0001941467781,1.599016468e-05,2.08753263e-05,0.001339868177,0.004360270686,6.958902668e-05,0.0002919266699,0.001539447927,0,0,0,7.746979827e-05,0.0002348315757,0.0003261503007,0,0.0004171476758,0.0001418228785,0.0001081363371,0.000398290751,0,0.0008653194527,0.0003553723218,0.0007437650929,0.0002817017375,0.0002644407214,0.3700383604,0.1050110608,0.1154239997,0.03907807544,0.03251395375,0.002350411378,0.03427990526,0.014752944,0.008596892469,0.002944562584,0.0009762890404,0.003106979886,0.002354090335,0.0016567891,5.260916078e-05,0.06917615235,0.003345428267,0.001436833292,0.003465268761,9.171724378e-05,0.0002604767506,0.008405369706,0.002585483016,0.005544079468,0.103428483,0.003761161119,0.002809023019,7.485704828e-06,1.121287255e-06,5.635480193e-05,0.009208610281,0.9987128973,0.3368593156,0.005293754861,0.01182062831,0.000234430292,0,0.5507732034,0.02773629688,0.01999835297,0.01273876987,0.1502030045,0.03119713068,0.0002232202532,0.008935560472,0.0003398300905,0.01217691787,9.613109432e-05,6.244429096e-05,1.254474591e-05
131,0.8202522397,0.6769143939,0.7276329398,0.6741836071,0.9652959108,0.9935882092,0.9097873569,0.8894015551,0.5668155551,0.5136216879,0.6311482787,0.6915609837,0.652212739,0.6304758787,0.4292933047,0.6762440801,0.7856208682,0.5171837807,0.5884798765,0.6468488574,0.6502076387,0.4887348413,0.2438524812,0.1849982738,0.4722751975,0.5126885772,0.4357982874,0.1755361855,0.2717260718,0.4250716269,0.3125994205,0.228267163,0.1171999723,0.07951451838,0.1805091053,0.2117444426,0.1612990648,0.018424334,0.01276188251,0.1113867611,0.03571428731,0.05074369535,0.002380952472,0.6298632622,0.5640426874,0.5793311,0.5955614448,0.582519412,0.6159377098,0.6092057824,0.606811285,0.5406365991,0.3335577548,0.1779365838,0.2024949491,0.2130019814,0.3406101763,0.4247234464,0.3953388035,0.5212594271,0.2630335689,0.5134282112,0.6107592583,0.5226075649,0.3847695589,0.4916556776,0.3762758374,0.3992771208,0.5734142065,0.4252809286,0.5140051842,0.4545266032,0.6331990957,0.4248459637,0.5649359226,0.5027372837,0.2875566185,0.3547639251,0.4808543921,0.5299296379,0.5020956397,0.5921750665,0.3364608288,0.558709383,0.5570936799,0.5201116204,0.2974852622,0.2450838834,0.6553213596,0.530123055,0.4659211338,0.5795139074,0.5861716866,0.8954662085,0.737600863,0.8444335461,0.5970546603,0.6498430967,0.7416731715,0.567065537,0.5031176209,0.5016787648,0.1487169713,0.2400613129,0.3846990466,0.5131406188,0.5027081966,0.4200145006,0.7161604762,0.448167026,0.4481343329,0.4540465474,0.447514832,0.3878113627,0.4744064808,0.518958509,0.3874696195,0.5885661244,0.4292094409,0.5347290635,0.572024405,0.3805341721,0.5036947727,0.9233143926,0.9865881205,0.7168422937,0.4559871256,0.5014375448,0.4922986627,0.5507732034,0,0.2372564822,0.3493067622,0.476107657,0.8935032487,0.5366025567,0.7811860442,0.8108108044,0.5311942697,0.5469207168,0.5148590207,0.525886476,0.5299098492
132,0.2138167173,0.07148498297,0.1565539688,0.08995568752,0.7170667648,0.9140220881,0.3994478881,0.6048108935,0.02107349038,0.03457761183,0.06007904187,0.1259157062,0.04418482631,0.05573114008,0.08001258969,0.08774586767,0.1507987976,0.05011953041,0.1227041632,0.130500555,0.1273999065,0.07002276927,0.0273739025,0.02142857201,0.04205787554,0.07674667984,0.04183888435,0.01190476213,0.03333333507,0.07054460794,0.04111697897,0.04463800788,0.0142857153,0.0086956257,0.003817732679,0.02142857201,0.009523809887,0,0.004761904944,0.002380952472,0,0.002380952472,0,0.01752047241,0.02912882715,0.01783489622,0.02696453594,0.01749865897,0.03751363605,0.02949881367,0.03502332792,0.02131754346,0.0002061151463,0.001896383823,0,0.007142857648,0.01064491924,0.007627102081,0.01194618456,0.02154468745,0.0007977231871,0.02043997124,0.03341734037,0.01977073401,0.00667188596,0.006771086715,0.001457829494,0.005608799402,0.03326590359,0.007366577629,0.008290111087,0.07012280077,0.05863835663,0.01041796338,0.02965484001,0.09006263316,0.01375403721,0.01589363441,0.007860424928,0.02045280673,0.02731493674,0.03595193475,0.002799981274,0.0210131947,0.02088515088,0.01515642833,0.01083326153,0.01035259757,0.1287999004,0.03438197076,0.01099505275,0.02675222047,0.03102782182,0.5315018296,0.1586198211,0.3032543659,0.06947332621,0.09080815315,0.1326665878,0.03077786043,0.03335507959,0.0317492187,0.002995717106,0.004772312474,0.004845404066,0.007894454524,0.01239833422,0.01225818135,0.05002454296,0.006548696663,0.01733836159,0.01117469743,0.01601020806,0.01036868058,0.007649107836,0.01031361707,0.004031039774,0.2547700703,0.01025756355,0.01952088065,0.04757927731,0.01491197105,0.009694474749,0.5053100586,0.9990143776,0.1340105236,0.009630210698,0.008882412687,0.02356495522,0.02773629688,0.2372564822,0,0.001386516728,0.005145329051,0.4107788503,0.0261606276,0.2831944227,0.27251333,0.03185827658,0.01260723639,0.01100347098,0.03294049203,0.02642429247
133,0.1276769638,0.04152797163,0.1011506692,0.05679544061,0.6847128868,0.8752256632,0.3611723185,0.5856932998,0.01945205964,0.02608625963,0.04274025932,0.101089254,0.03914237022,0.05703466758,0.04525461048,0.08230766654,0.1156472266,0.03887594864,0.0819766596,0.0962016806,0.1161003411,0.07612746209,0.0297961887,0.01293039694,0.03068977036,0.08155399561,0.02574612573,0.01190476213,0.02857143059,0.04350506142,0.04839554802,0.01904761977,0.004761904944,0.002380952472,0.007914636284,0.02380952425,0.01133083645,0,0,0.004761904944,0,0.002380952472,0,0.0119595509,0.0142857153,0.02101721615,0.01659048721,0.01916943491,0.02538740449,0.01179254521,0.03037094325,0.01280617621,0.003632607404,0,0,0,0.002093364019,0.006184977945,0.003879161784,0.01408683881,0.0007934265304,0.00800707005,0.03405215219,0.01727602817,0.003395200474,0.004307038151,0.007126194425,0.001432700315,0.0221227929,0.007455233019,0.005900458898,0.0313620232,0.04286690056,0.009538354352,0.01827429608,0.04907978699,0.005979503039,0.003621537704,0.001755072502,0.01565576904,0.008534633555,0.03139522672,0.00365803577,0.008149625733,0.02938023396,0.01142373215,0.008193638176,0.01001852844,0.09738647193,0.00893363636,0.0007303021848,0.02801907063,0.03967433423,0.5966405869,0.2304279804,0.3935696781,0.111515373,0.1616999209,0.1912752241,0.001089423313,0.03606557101,0.04511852562,0.001230168506,0.002456256887,0.00266933674,0.001988566248,0.003138185712,0.007448708173,0.007019218989,0.002622346161,0.01047728024,0.002711118897,0.01645783894,0.004018950742,0.002561729169,0.003498103702,0.0007354610134,0.2035954893,0.00460059708,0.00704145059,0.02331179753,0.003045189427,0.00391718233,0.4653439522,0.9980348349,0.111812748,0.002565866569,0.00304143643,0.01893267967,0.01999835297,0.3493067622,0.001386516728,0,0.0003731008328,0.36686185,0.01530004945,0.2048838437,0.1668277234,0.02256503142,0.003130587516,0.003043585224,0.03831430152,0.02745264955
134,0.03055210039,0.02063338086,0.1007428542,0.03265598789,0.3740640283,0.9465134144,0.6006952524,0.4874941707,0.01435846183,0.03522925451,0.0309167821,0.117935963,0.01791793481,0.1171669215,0.1765277982,0.09516370296,0.135976553,0.3099815249,0.3092143834,0.3609391153,0.3685418069,0.3332157731,0.3172333837,0.1838190109,0.2023164779,0.2647678256,0.2146782577,0.1699509025,0.299379766,0.379273355,0.3093695045,0.2790126503,0.1770891547,0.1004485115,0.1678240895,0.2014591247,0.1066635624,0.01783259585,0.02996932529,0.06231998652,0.03669004515,0.03471408412,0,0.02242327668,0.02463426255,0.009544097818,0.01116418466,0.005246383604,0.01285365038,0.00593504915,0.00385635905,0.008600128815,0.002269788878,0,0.0008083276916,0.001348468009,0.009219179861,0.006508047692,0.003370403312,0.008055638522,0.003939145245,0.007866758853,0.008862917311,0.008313078433,0.001917332527,0.004911391065,0.001217830693,0.006139582954,0.005050630309,0.002670574468,0.001119537395,0.1231290847,0.03727192059,0.006938292179,0.008099123836,0.05572333932,0.003904049518,0.008855068125,0.00117541966,0.006783911958,0.005503378808,0.007572186179,0.005072192755,0.009390570223,0.01055029407,0.003555067116,0.01268157456,0.005420668982,0.1221132576,0.009906219319,0.004412689712,0.01069119945,0.007042546757,0.5026423335,0.09897117317,0.167009294,0.06420713663,0.1248787045,0.1033266187,0.0005633598776,0.005481551401,0.01520975865,0.003923122305,0.002754395362,0.003720417619,0.00147077872,0.0005021108664,0.00566322729,0.009660619311,0.001000005868,0.0002845134877,0.0001081843657,0.002425865037,0.000650547212,0.00319553446,0.0009882802842,0.0009128774982,0.1111773551,0.00676437607,0.004919196945,0.02407988533,0.004807417281,0.003452200908,0.4762686491,0.9935204983,0.1466748416,0.000102891674,0.003566089785,0.002361600054,0.01273876987,0.476107657,0.005145329051,0.0003731008328,0,0.3888099194,0.0328995809,0.2628900111,0.1391626745,0.01947215945,0.0009337473894,0.0009519306477,0.01192616578,0.01095547061
135,0.1127630621,0.001573709655,0.007034385577,0.01058795583,0.8295272589,0.7648971081,0.003786555259,0.4259123802,0.2070603967,0.008492929861,0.106110625,0.1571671665,0.3140077293,0.1032701433,0.005557016004,0.2685994208,0.1220110282,0.1506775916,0.1753627956,0.2387820631,0.1700270921,0.132644102,0.0606129393,0.03763092309,0.04594453424,0.1055262387,0.1505389214,0.08082269877,0.1722587347,0.2687935233,0.1843745857,0.1450385004,0.07235243171,0.02714083903,0.06118853763,0.09041280299,0.03235049546,0,0.004761904944,0.01190476213,0.002380952472,0.0142857153,0,0.117695339,0.1102889851,0.1798244119,0.2241682559,0.1824809909,0.2829713523,0.2451222837,0.361438036,0.2913979292,0.0498267971,0.006044816226,0.01834281161,0.009523809887,0.03450552374,0.2061246186,0.1207102612,0.1282325387,0.04011910781,0.1935308576,0.4086079597,0.4087251127,0.02852224186,0.04574003071,0.1141142473,0.1240541264,0.1946285665,0.1529727131,0.02983245812,0.00111768092,0.1907310784,0.1954044402,0.2318984717,0.0009888150962,0.0009353262139,0.001309020328,0.01389605831,0.288820833,0.002142996294,0.4129353762,0.07023756206,0.2104992419,0.2006624341,0.1957410723,0.01465450041,0.003212003037,0.0008484294522,0.001590539934,0.007179792039,0.2636860013,0.3583850861,0.8189254403,0.4507455528,0.594774425,0.3336546421,0.3653580248,0.5017333627,0.398198247,0.371983707,0.4227721095,0.1244364679,0.02874765918,0.04471220821,0.1889958978,0.02830267325,0.01671165042,0.558727324,0.149120912,0.3827946484,0.08046486229,0.2931083143,0.1730982363,0.07843734324,0.02175467275,0.2337960452,0.1774797589,0.000486972509,0.002421573969,0.002357205842,0.02753771469,0.009602020495,0.001029818319,0.9974959493,0.6768974066,0.2895226777,0.01693986356,0.3250361681,0.1502030045,0.8935032487,0.4107788503,0.36686185,0.3888099194,0,0.0008158374694,0.001176855061,0.001119985362,0.001038735034,0.0696009323,0.007276336662,0.2127954811,0.1466126293
136,0.00679184543,0.0001527374698,0.001909218612,0.003911014181,0.6604473591,0.7762150764,0.002854370512,0.2696303427,0.01400777698,0.002011737088,0.004139858764,0.03617263585,0.1221454665,0.0584040843,0.006914357655,0.08264125884,0.09530966729,0.3012323678,0.3857492507,0.3569214642,0.2765756547,0.2604108751,0.1790659875,0.1250717342,0.08008630574,0.2120215148,0.2057774365,0.3187023103,0.4104413986,0.4840664566,0.4054083228,0.354074955,0.2686508894,0.133494541,0.1532452852,0.2293037027,0.1151523516,0.0295734629,0.01480717305,0.02911671065,0.03563242033,0.019979693,0.006656093523,0.04427564144,0.02744061872,0.0276242774,0.04968859628,0.05494969711,0.07994837314,0.05098691955,0.1503477693,0.06152980775,0.006814374588,0.003588938853,0.001466823393,0.002894629026,0.02160975151,0.03445913643,0.01394992601,0.02820353769,0,0.03856581822,0.152020365,0.08853267133,0.0008019855013,0.005814418197,0.01052531321,0.01761838794,0.006347246468,0.01054750662,0.001067301841,0.0002485032601,0.03320091218,0.03018111177,0.05039460585,2.723811667e-05,0.0003946355428,1.14965369e-05,0.0003012229281,0.0434962064,0.0001153338671,0.1278900653,0.01046459377,0.02010348067,0.03139222413,0.02908693999,0.001005018596,0.000147981089,5.902219345e-05,5.999922359e-05,0.0002038857492,0.06033175066,0.06854849309,0.6537815332,0.3563198149,0.5053700805,0.2231316566,0.2712094784,0.3297223449,0.09594239295,0.156219542,0.1907576323,0.003353532171,0.001481868327,0.001613755827,0.006124768406,0.002328278031,0.002255745232,0.06915104389,0.004100141581,0.05556350946,0.001733970013,0.02796956338,0.009563392028,0.0003778208047,0.000888541108,0.006864430849,0.05616441742,5.574317402e-05,4.126940621e-05,0.000185846191,0.001388810808,0.0005420594825,0.0005616946728,0.9967544079,0.2244163752,0.0122672515,6.454524555e-05,0.08528068662,0.03119713068,0.5366025567,0.0261606276,0.01530004945,0.0328995809,0.0008158374694,0,0.0004979406367,0.000122042984,8.34826933e-05,0.0007047009422,0.0001588137238,0.03761739284,0.02252675034
137,0.0221101474,3.202088919e-05,0.00244363863,0.004084428307,0.5217837095,0.3720012605,1.506357512e-05,0.2404331863,0.003135009436,2.686158223e-05,0.0003178004117,0.002238539979,0.01817238703,0.004153166898,5.422557933e-06,0.01005718671,0.05782544613,0.04881951585,0.0403759703,0.06927440315,0.07003690302,0.04284468293,0.01703961007,0.009523809887,0.01320497226,0.0415482074,0.0382732898,0.01927552,0.06243107095,0.118954882,0.05813037604,0.04197685793,0.02526708879,0.012831375,0.02240854129,0.03065991029,0.004761904944,0.002380952472,0,0,0.004761904944,0,0,0.005871815607,0.01040244009,0.01278730202,0.008103458211,0.01565871015,0.01714740507,0.01822113059,0.03641488031,0.02814347669,0,0,0,0,0.003635183442,0.01476825774,0.003765629139,0.01109033357,0,0.01665946282,0.07854875177,0.07087309659,0.000605146517,0.00375808659,0.002704026876,0.004472159781,0.003272500588,0.01183686033,0.00112584047,0,0.007571473718,0.01002542861,0.01077593118,1.816039344e-06,0,0,0.0002121918806,0.008232328109,1.262572732e-05,0.05323981121,0.00327148498,0.008686582558,0.006361906882,0.009986815043,3.295289935e-05,0,4.392375104e-07,9.653069355e-06,0,0.005599195603,0.01630341634,0.400354892,0.3757891953,0.3885602355,0.2033258677,0.236064285,0.0292180609,0.2400914282,0.2414658666,0.1518484652,0.08054699004,0.02126323991,0.03940266371,0.07430753112,0.0272053089,0.0007471247809,0.4387637079,0.03404830769,0.0889139697,0.002380952472,0.004755239468,0.02227198333,0.09842968732,0.01691634953,0.1676640511,0.1519213617,0.005112805404,0.0002502598218,1.044594114e-06,5.453538961e-06,0.0008143323939,3.3120632e-05,0.9941022396,0.4922766984,0.09530017525,0.002480690833,0.004600095563,0.0002232202532,0.7811860442,0.2831944227,0.2048838437,0.2628900111,0.001176855061,0.0004979406367,0,2.608672548e-05,3.792834377e-06,0.02716511115,0.005477090366,0.0003608400002,0.0001813817944
138,0.01327207405,0.0001087801502,0.001982754096,0.003648838494,0.6499074697,0.5851639509,0.0003693897452,0.2125343531,0.01001805346,0.0003204590175,0.001562827849,0.01481935475,0.0814300105,0.03394281492,0.0002981130092,0.04731394723,0.07199202478,0.1826939136,0.2356220484,0.2694261074,0.1752367765,0.1601650119,0.08119603246,0.05533439294,0.05790979415,0.1641710848,0.1338264346,0.1613925695,0.3221563995,0.3754359782,0.269780457,0.2323638499,0.1508489102,0.05605604872,0.1130102947,0.1592298299,0.06124297902,0.02267219126,0.01265852805,0.01465975586,0.009523809887,0.01659183763,0.002380952472,0.02231587097,0.02878717892,0.03153355792,0.07657903433,0.04883831739,0.08625080436,0.0620608665,0.1451921314,0.08820960671,0.003917997703,0.0001881765929,0.006093200296,0.003641948337,0.01371494681,0.0574974753,0.0374035798,0.02598655224,0.009191058576,0.05862481892,0.2454714775,0.1949931383,0.0005792530137,0.009643898346,0.017933717,0.01693066396,0.008733163588,0.03293989226,0.001914377091,1.472523581e-05,0.008824673481,0.03834785149,0.0623501651,4.811323379e-06,0,2.14241536e-05,0.0001913423912,0.03988492861,4.043451554e-05,0.1820481569,0.008404502645,0.03135750815,0.04357539862,0.03677267209,4.734322283e-05,2.233920168e-05,5.771794349e-06,2.229748134e-05,0.0006016348489,0.03814090788,0.06633929163,0.5795143247,0.3725882173,0.5191533566,0.2529526651,0.2902864218,0.2647106349,0.2048153579,0.2392534912,0.2639162838,0.08001018316,0.02291134372,0.05334861204,0.06865803897,0.01771314815,0.01077819895,0.2873774767,0.06808011234,0.1531264633,0.03998623788,0.06394392252,0.05815102905,0.02304126136,0.005999866407,0.1448806524,0.1172703579,0.001559914206,1.078590321e-05,7.56860245e-05,0.001647955505,0.002400646219,0.0002172074455,0.9917979836,0.4651477933,0.06948533654,0.0002417210926,0.1022989824,0.008935560472,0.8108108044,0.27251333,0.1668277234,0.1391626745,0.001119985362,0.000122042984,2.608672548e-05,0,2.525435411e-05,0.002734880429,0.0004625705187,0.01575280912,0.009592650458
139,0.001441256842,0.000449667772,0.0006031332305,0.006057855207,0.4862776697,0.6116626263,0.002077742014,0.2746744752,0.004302229267,0.00107340212,0.0005332464352,0.01807003468,0.03648966551,0.02210081741,0.001637967885,0.04580685496,0.1100833118,0.4254589081,0.4245635569,0.4126575887,0.342751652,0.3422859013,0.3587173223,0.2362215072,0.1267029643,0.2954211831,0.2489913106,0.4797908664,0.5594277978,0.54881078,0.4582979679,0.4765237868,0.4691797197,0.2883389592,0.2243805677,0.3387024701,0.2275950909,0.06533897668,0.06826464832,0.05932123959,0.07254198194,0.0592254512,0.006842955016,0.01275940426,0.00673234649,0.003871130059,0.008335148916,0.005773180164,0.008683782071,0.01121824142,0.02395968698,0.002618033439,0.001214615535,0.0007508762064,0.006162233185,0.004594272934,0.017323507,0.02591289952,0.01032980811,0.0005499185645,0,0.0009528202936,0.02126487717,0.01258374099,0.0001191926131,0.004210641608,0,0.0003315870417,0.0001111800084,0.0009335144423,0.0003502196341,0.0001910908468,0.003453953424,0.001582330558,0.005845093168,3.950500104e-05,1.111651272e-05,2.600309017e-05,6.70193258e-05,0.003341301112,2.702851634e-05,0.009641540237,0.0007082971279,0.001210336806,0.005513255019,0.001619989052,0.0001559578086,4.94966298e-05,9.462102753e-06,3.59572914e-05,0.0001531423477,0.003744774731,0.004322974477,0.3940062821,0.2430500984,0.2414373457,0.1237254292,0.1877412647,0.01747249998,0.06644078344,0.09191755205,0.07874086499,0.004597747233,0.001527926768,0.001831480418,0.008928198367,0.01172188856,0.003961329814,0.05656276643,0.00655346131,0.0161797367,0.00343134976,0.001194700133,0.002806369215,0.0003618337214,0.0009930543602,0.01156187244,0.01152850222,5.437435175e-05,4.488878403e-06,5.345654245e-06,3.820186612e-05,0.0001898731862,0.002225157339,0.9972435832,0.2278950363,0.007109828293,7.803640619e-05,0.003466377733,0.0003398300905,0.5311942697,0.03185827658,0.02256503142,0.01947215945,0.001038735034,8.34826933e-05,3.792834377e-06,2.525435411e-05,0,0.00017635939,1.780461753e-05,0.000293584686,0.0001609090104
140,0.004127464723,0.0006785333971,0.004859915003,0.00433778204,0.7156803012,0.7920442224,0.1521219015,0.4257209599,0.005389015656,0.003603022313,0.001992418198,0.02448953688,0.01857089251,0.02901257016,0.02142857201,0.06145048514,0.09590593725,0.3050818443,0.3216391802,0.332231611,0.3281143904,0.301643163,0.239927277,0.1460294873,0.108377099,0.2132573277,0.2135865092,0.2779322863,0.4109122157,0.4602612257,0.3747728765,0.3278017938,0.2192268968,0.1403802186,0.1588278562,0.2389129847,0.08823695779,0.01602449641,0.03303644061,0.04108027369,0.03884983808,0.0277998168,0.00587872928,0.01924265362,0,0.0002164436446,0.004761904944,0,0.009210840799,0.005208501127,0.004163940903,0.0003892288951,0,5.599073484e-05,0.0007064456586,0,0.009785566479,0.007325744722,0.003103387542,0.0009984264616,0.002277069725,0.0006546986988,0.008617690764,0.003450788558,0.0001783354382,0.0009360188851,0,0,0.0003331096668,0.001435786951,0.0001225238666,0.01388112083,0.005023825448,0,0.0008618757711,0.0008883273113,0.0001393061539,0.0001186782174,0.0001179425817,0.002005208284,4.0759689e-05,0.004843092058,0.0004610116011,0.0003447952913,0.001326853759,0.001920464332,0.000794444466,0,0.003060469404,0.0001722463494,0.0001133931364,0.00037224486,0.008748510852,0.5404869914,0.1486731023,0.1812554151,0.08996533602,0.1413830519,0.1260271817,0.004050297197,0.01981677487,0.03310705721,0.004102199804,0.0009330366156,0.0007689522463,0.000161972901,0.000146627528,0.002985216677,0.01406981051,0.0007969606086,0.001678286237,8.976616664e-05,0.005159700289,0.0007140797097,2.565276554e-05,5.717696331e-05,0.001964942785,0.05270536616,0.0001240813144,6.400032362e-06,0.0004201118718,0.002380952472,0.0003647146223,0.2179516405,0.991998136,0.1803169698,0.0001497718185,1.51364593e-05,0.01612075604,0.01217691787,0.5469207168,0.01260723639,0.003130587516,0.0009337473894,0.0696009323,0.0007047009422,0.02716511115,0.002734880429,0.00017635939,0,1.263954982e-05,0.01904733479,0.006843588315
141,0.00142296066,0.0008869814919,0.001223378,0.005510895979,0.6179708838,0.4776189029,0.0267646201,0.3443095088,0.006662332918,0.003764584195,0.001491763163,0.03206659481,0.02955963649,0.01020197943,0.003327164566,0.08072023839,0.1010825038,0.37584728,0.401335597,0.4009070694,0.3405925333,0.3585530519,0.229463473,0.1541363597,0.1172470227,0.2813888192,0.2672068477,0.3644489348,0.5033127666,0.5399752259,0.4612708986,0.4043817818,0.3237448037,0.2344835699,0.2179448307,0.2974877357,0.1469669789,0.03519151732,0.02963689342,0.04065194353,0.0399986431,0.03378874063,0.01022891793,0.01109936368,0,0.0009372712811,0.001868258812,0.006251426879,0,0.005867229775,0.004021953326,0.002933405805,0,0.001217894605,0.002380952472,0.002201364608,0.01594179496,0.01517359633,0.006795248948,0.0005877388176,0,0,0.002421090612,0.003829192603,7.760867447e-05,0.001880728407,0.0002887125884,0.0007924040547,2.635313285e-05,0.0005680706236,0.0003197575861,0.008488395251,0.003934422042,0.0003347863967,0.002882876666,0.0001557477226,4.736859046e-05,0.0001093978572,9.318503726e-05,0.001413214603,4.024304872e-05,0.001903322292,0,0,0.001098196371,0,0.000228725723,0.0001063504315,0.0004749910731,0.0001399306348,8.531315689e-05,0.001217954792,0.0004862957285,0.4269114435,0.09396757931,0.1064917743,0.04419410229,0.06974826008,0.04665591195,0.007968429476,0.01512775477,0.01331734471,0.002226824872,0.0005725121009,0.0004027449759,0.0004545731354,0.0008513182984,0.004915081896,0.01904945262,0.001443752437,0.001218235586,0.000143318437,0.00217023585,0.0006529874518,3.767579983e-05,5.34453211e-05,0.002288136166,0.009277342819,1.008290656e-05,3.520478231e-06,0.0004370886018,8.652769611e-05,0.0003207555856,0.0464220345,0.9781843424,0.1944542974,0.0005674475105,3.410204954e-05,0.00598380249,9.613109432e-05,0.5148590207,0.01100347098,0.003043585224,0.0009519306477,0.007276336662,0.0001588137238,0.005477090366,0.0004625705187,1.780461753e-05,1.263954982e-05,0,0.00544069754,0.0008814285393
142,0.0234703552,0.008159281686,0.1090583652,0.06090169027,0.4020275474,0.9257501364,0.02632677741,0.4647855759,0.002234811662,0.007973077707,0.005746561568,0.03184045106,0.003291847184,0.03533340245,0.01530909818,0.02148032933,0.119010739,0.1482064277,0.1716927737,0.2473893613,0.2254901081,0.2110265791,0.1181456223,0.06750064343,0.0716130659,0.180643931,0.1006276011,0.03806723282,0.1110286489,0.1673135906,0.1127027348,0.05791547149,0.06000603363,0.017653808,0.05458826199,0.0472304374,0.03095238283,0.004761904944,0.007142857648,0.01666666754,0.005476413295,0.004761904944,0,0.002283134498,0.002553584287,0.001533137984,0.0004760283337,0.0003559076576,0.0003733069461,0.0003851018264,0.0002915366495,0.0008930056356,0,0,0,0,0.002640021499,4.057680053e-05,0.002930014627,0.0004773700493,0,0.007023680024,0.0005725672236,0.001746538677,0.001166861621,0.001833682414,0.0001327804785,0.0001433985744,0.000790847349,0.0006028371863,0.0003723551345,0.001862259232,0.0068175653,0.00270553329,0.001041782787,0.002475006273,0,0.0007352989633,0.001476854319,0.000308187562,0.0002090807975,0.0006950335228,0,0.002027019626,8.570218779e-05,0.0004311142839,0,0.0004056787293,0.001656170469,0.0003872621455,0.001291391673,0.000333360309,0.0004085428081,0.3945201039,0.02406709641,0.01954213902,0.004474062473,0.003719397355,0.0007819007733,0.01596491784,0.001139765372,0.0002951376664,0.003218025435,0.002097510966,0.01736917347,0.03413965181,0.02987503819,0.005701927003,0.08822431415,0.01366619579,0.0007420739275,0.006815541536,0.0009868947091,0.01063729171,0.01991531812,0.009169935249,0.01799703389,0.09464084357,0.009951276705,0.005711772013,6.957926962e-05,5.885784776e-05,0.0005066097365,0.01919876598,0.9992988706,0.3702395856,0.005098439753,0.0063532684,8.524450823e-05,6.244429096e-05,0.525886476,0.03294049203,0.03831430152,0.01192616578,0.2127954811,0.03761739284,0.0003608400002,0.01575280912,0.000293584686,0.01904733479,0.00544069754,0,5.047452942e-05
143,0.02014655061,0.00454381993,0.07766838372,0.04636176303,0.3114172816,0.8726050854,0.01453149039,0.4730246365,0.000416482013,0.002804417629,0.001447733259,0.007594922557,0.0004171213368,0.01113501564,0.01380954776,0.00571802631,0.1157798693,0.1952356845,0.1901171207,0.2343346775,0.2315840721,0.177476421,0.1179738566,0.06215307862,0.1064504012,0.1468210071,0.05817100033,0.05215279013,0.100240238,0.1219226941,0.1093653738,0.0730080381,0.03753154725,0.02534873784,0.04987553507,0.06534249336,0.02270981111,0,0.004761904944,0.01027673576,0.001365866861,0.017269345,0,0.001539039076,0.001014723792,0.0002938845719,0.0007855699514,0.002655771561,0.0005705213407,0.0004056226753,0.0002703601785,9.865136963e-05,0,0,0,0,0.0002486794547,0.0001270589273,0.0002016871731,0,0,0.0001689719502,0.0001737194398,0.0001537647331,0,0.000439254567,0.0005137745175,0.0002572418889,0.000126812607,3.668533463e-05,7.540865045e-05,0.00248937821,0.001673966181,2.860902896e-05,9.550437244e-05,0.0006646447,0.0002847386058,0,0,7.935261237e-05,0.0005091162748,0.0001702620648,0,0.0002846866264,8.777247422e-05,0.0001380998583,0,8.976212121e-05,0.0008228134247,0.0002136703115,0.0001225712913,0.0001738616411,9.976961155e-05,0.3911475241,0.09206227958,0.06265410036,0.03225271404,0.03601678461,0.002750134561,0.02977867238,0.009084030986,0.002438595518,0.00247528567,0.0006285182899,0.009782777168,0.01223356649,0.02038759552,0.0004039704218,0.06748808175,0.004869884346,0.000968373206,0.001753926743,5.587226406e-05,0.001424342976,0.01427055523,0.005690564867,0.009623293765,0.08882011473,0.003958371468,0.001433993108,8.177344171e-06,4.311070825e-06,9.609518747e-05,0.01098584104,0.9989898205,0.3413282633,0.003678922309,0.00423243409,7.288392953e-05,1.254474591e-05,0.5299098492,0.02642429247,0.02745264955,0.01095547061,0.1466126293,0.02252675034,0.0001813817944,0.009592650458,0.0001609090104,0.006843588315,0.0008814285393,5.047452942e-05,0
