ROI_ID,1,2,3,4,5,6,7,8,9,10,11,12,13,14,15,16,17,18,19,20,21,22,23,24,25,26,27,28,29,30,31,32,33,34,35,36,37,38,39,40,41,42,43,44,45,46,47,48,49,50,51,52,53,54,55,56,57,58,59,60,61,62,63,64,65,66,67,68,69,70,71,72,73,74,75,76,77,78,79,80,81,82,83,84,85,86,87,88,89,90,91,92,93,94,95,96,97,98,99,100,101,102,103,104,105,106,107,108,109,110,111,112,113,114,115,116,117,118,119,120,121,122,123,124,125,126,127,128,129,130,131,132,133,134,135,136,137,138,139,140,141,142,143
1,0,7.669073057e-07,1.48083609e-06,6.796257821e-06,2.238944717e-06,1.263717422e-05,0,5.860570582e-06,0.002238409594,0.001191723975,0.005358919967,0.002967019333,0.1517331898,0.1327589154,0.02575150505,0.03765264153,2.340002902e-05,5.87832219e-05,0.0001741711312,9.781087283e-05,7.208689203e-05,8.420945233e-05,0.0001044606397,8.986860485e-05,1.521499871e-05,0.0001301217853,0.0005605921615,0.001837576157,0.002128043678,0.001928675571,0.001342409989,0.001323034405,0.001892285887,0.001253696741,0.0003267101129,0.001032207161,0.0002720741322,5.852038521e-05,0,4.221195923e-05,0.0001682263392,0.0002433287882,0,0.4583628476,0.01783884503,0.00928384997,0.00327108684,0.004647767171,0.001500215381,0.002951015485,0.000840211811,0.02842017449,0.003137332387,0.0008795824251,0.001742536202,0.001186417998,0.006143505685,0.002694934374,0.001344358665,0.005718878005,0.002607576782,0.0004094328324,0.000836514635,0.0004500335199,3.597251634e-05,0.0002804335381,0.006981161889,0.001973560546,0.01291006338,0.0002850610763,3.229099093e-05,0.008997056633,0.9104089141,0.0004728185886,0.00167977321,0.0007491172873,1.924507524e-05,0,4.099693979e-05,7.314953109e-05,2.770654191e-06,0.0001364736527,0.00784694124,0.3294239938,0.7290393114,0.01403624006,0.03646524251,0.0002941877465,0.0001580794196,0,1.359143607e-05,0.0005099822301,7.019295299e-05,9.440980648e-06,0,0,3.056197556e-06,0,3.879608266e-05,0,7.800899766e-07,0,7.238853141e-05,3.585599188e-05,2.246563781e-06,0,2.077509151e-07,1.391487672e-06,0,0,5.098145721e-06,0,1.090785918e-05,3.830304649e-06,0,3.325150999e-07,1.194137781e-06,2.556637355e-06,0,0,4.3382488e-06,1.027589951e-05,8.960802234e-07,3.559745892e-05,3.855684554e-06,0,0,0,6.886627671e-05,5.758209227e-06,0,0,0,8.458086427e-07,0,0,0,0,3.867543796e-07,1.182890742e-06,0,3.252094757e-05,4.036899918e-05
2,7.669073057e-07,0,0,0,0,0,0,1.841121161e-06,0.001447529881,0.0003726562718,0.0004631692136,0.002509955317,0.1169601828,0.03470210359,3.015941184e-05,0.01705478691,3.679596557e-05,5.164907998e-05,3.346497033e-05,2.312654397e-05,5.718274406e-05,0.0002144314058,0,0.0002701938211,0,0,0.0002145320323,0,0.0003578061296,0.0002100177517,0.0001560401433,0.0002814609616,0.0001722129382,0,0,9.385289741e-05,0,0,0,0,0,0,0,0.1841479987,0.03041532636,0.01083019003,0.03188397363,0.009742228314,0.004963198211,0.02052014507,0.007264701184,0.01964566484,0.001475311932,0,0,0.0007836648729,0.01084373612,0.006140045356,0.002996042371,0.01171167847,0.001431560609,0.000715391594,0.006831579842,0.003135156818,4.92685358e-05,0.0003617535986,0.004761904944,0.00081239274,0.00291481684,4.391755647e-05,7.678606926e-05,0.000159897827,0.6600550413,0.002701869933,0.006517137866,3.013013838e-06,0,0,1.452854849e-05,0.0003681583912,0,0.001212217496,0,0.1929192245,0.5295348763,0.005839930382,0.0006345516886,0,0,0,0,0.0009868068155,0.0005262247287,0.0002548258926,0,0,0,0,0,0,0,0,0,0,0,0,0,4.214840374e-06,0,1.129640077e-05,3.817546531e-05,0,7.538193313e-05,1.235751643e-05,0,0,0,0,0,0,0,0,0,0,0,0,0,0,0,0,0,0,0,0,0,0,0,0,0,0,0,3.346857193e-05,0
3,1.48083609e-06,0,0,4.099237231e-06,2.786429468e-05,0.0001036845133,4.113435352e-06,1.024544235e-05,0.004690642934,0.0002105629392,0.002710698172,0.001067353063,0.1964152157,0.05674403906,0.0019409206,0.05734863877,0.000192819527,0.000474466593,5.343722296e-05,9.267897985e-05,0.0005691158003,0.0003724524868,0.0008617466665,0.0004104696854,0,0.0003066484642,0.002838107059,0.005661081523,0.002498530084,0.002802604344,0.002603869652,0.003640914336,0.001449341886,0.001321868971,0.0003131433332,0.002948954934,0.0005231100949,0,0.001294390531,0,0,0.0005480816471,0,0.4024351835,0.07692982256,0.03088612482,0.0182885807,0.02587877028,0.005798069295,0.007352413144,0.002437189687,0.03229564801,0.003467932576,0.0002225532371,0.001622912241,0.0002658545272,0.001454104204,0.001147012576,0.0007833294803,0.01231249422,0.002486850135,0.0007792198448,0.0009707362042,0.000218896952,0.0002367650886,0.0001988293952,0.009341903962,0.001679651556,0.009516666643,0,1.91385443e-05,0.001286911778,0.9201636314,0.00109938276,0.003694439074,0.000217320121,0.0003861300938,0,0.0001504043903,0.0001310485532,2.75379125e-06,0.0002265451621,0.01167089865,0.3502921462,0.7589697838,0.02932287939,0.01272698026,0.0005312165013,2.288387986e-05,1.540002995e-05,5.787036571e-05,0.001324299257,0.0001565329439,0,1.773456233e-06,0,3.182884757e-05,6.422737897e-06,4.283001908e-05,0,1.52217608e-05,2.363236854e-05,1.163912111e-05,0,0,0,0,1.650218678e-06,9.401303942e-06,0,4.718836499e-05,0,0.0001154293132,3.521420695e-06,0,0,0,0,0,0,0,0,1.894160278e-06,5.821994478e-07,1.742487439e-05,3.480066516e-05,2.304710142e-05,0,0.0001558179938,5.699595204e-05,4.67821792e-06,1.275139493e-05,0,2.764070132e-06,2.071398512e-06,0,0,0,3.328645164e-07,0,0,5.220037929e-05,0.0001204798391
4,6.796257821e-06,0,4.099237231e-06,0,2.799202593e-05,0,0,2.155110906e-06,0.006684862543,0.005956387147,0.004419095349,0.005755681079,0.1657367051,0.04579134285,0.001861062716,0.0185310021,9.265519111e-06,1.08382601e-05,3.446411938e-05,8.550188795e-06,2.547345684e-05,0,5.439517554e-05,0.0001691345678,2.056034282e-05,0,0.0001001724449,3.079084854e-05,0.0001389034005,6.765367289e-05,5.27519187e-05,7.254493539e-05,0.0002077159006,0,7.703687879e-05,0.0001234918454,7.41523254e-05,0,0,0,0,0,0,0.2563500702,0.1031772941,0.07179193199,0.07759578526,0.0725191161,0.03440491855,0.04631302878,0.0399059616,0.04104029387,0.0008423563559,0.002683792729,0.003596040886,0.003495678538,0.01826993749,0.04015453905,0.007494471502,0.02813347243,0.008131107315,0.003126774682,0.01601226814,0.01260233391,0.0001548585133,0.001496761106,0.01422475278,0.009367085062,0.00582506042,0.0008677143487,8.625384362e-05,0.003703943687,0.7992649674,0.01055088267,0.03080545925,0.0006789509789,0.001024246099,0.0003144798975,0.0002660275495,0.00382861658,0,0.004633535165,0.01680203155,0.3271039128,0.6104980111,0.03257183731,0.01126956381,0.001769309863,8.47755291e-05,8.619450091e-05,0.0001916888868,0.008258954622,0.001106305979,0,0.000107941305,6.820174895e-05,0.0007659716648,0.0002040871914,0,6.56634802e-05,0.0001754789555,0.0009298585937,0.0001875228481,0,0,0,0,8.940934094e-06,0.0002222126932,1.223169147e-05,0.0001285331236,0,0.0002939319238,0.0001410566038,0,4.149404162e-07,0,3.108998862e-05,0,0,0,0.0006461034645,2.196059086e-06,0,0.0002796772169,0,8.723044448e-05,0,0.0001700419671,7.462952635e-05,0.0001498153433,5.366479672e-05,0.0001657117682,8.941318811e-05,0,0,0,0,0,0,0,0.0001920113573,0.001113505336
5,2.238944717e-06,0,2.786429468e-05,2.799202593e-05,0,0,0,3.88673152e-06,0.007653059438,0.008093209937,0.01484765019,0.003912718035,0.111206077,0.1706068218,0.01964780875,0.1086603999,0,0.0004630062031,0.001719973283,0.003120158333,0.002274336061,0,0,0,0.002380952472,0,0.007897860371,0.003027091268,0.003408079734,0.007629160769,0.006211893633,0.007311556023,0.002005869756,0.004761904944,0.004129634239,0.006609026343,0,0,0,0.0006408502231,0,0,0,0.5112407207,0.008117078803,0.009440095164,0.001886710641,0.0007653538487,0.0007275776006,0.001596604125,0.0002788093698,0.03197289258,0.0002245981741,0,0,0,0.01008313987,0.00543965213,0.006080676336,0.01525741164,3.580897828e-05,0.0001620257535,0.000396716292,0.0003815750824,0.003268878441,0.001039900584,0.003270614194,0.0007098678034,0.02203297988,0,0.0007222448476,0.02750319242,0.9474518895,0.001162380911,0.002853904618,0.01642983034,0,0.004761904944,0.005845022853,0.0004385917855,0,0.0004415804869,0.01282611396,0.3913714886,0.7435030341,0.01877874322,0.06230118498,0.005922274664,0.003217387944,0,0,0.001308473293,0.000329196424,0,0,0,0,9.680136827e-06,5.49094193e-06,0,2.472900633e-05,0,6.339183892e-05,0,0,0,0,5.939584753e-06,5.016800515e-06,0,2.382229286e-05,0.0005065419828,0.0005066580488,0.0001350134989,0,0,0,2.626011701e-05,0,0,0,0,0,0,1.360819738e-06,1.01200867e-05,0,0,5.354763925e-05,0.0001536796335,0,0,0,1.612836786e-05,0,0,0,0,0,0,0,5.706679985e-06,8.031001926e-06
6,1.263717422e-05,0,0.0001036845133,0,0,0,0,1.010827782e-05,0.03386040404,0.006654129829,0.003464956302,0.0004717073753,0.2302060872,0.02003400773,0.0004203652206,0.02992278151,5.076796151e-05,0,0,0,0,0.001188611146,0,0.0009381077252,0,0,0.003841650439,0.01035753358,0.005699369591,0.007497605402,0.003063190496,0.0008151380462,0.002380952472,0.001489092712,0,0.003705352079,0.002380952472,0,0,0,0,0,0,0.2670925856,0.1049555764,0.07394614071,0.04492744803,0.0539717637,0.03241919354,0.02041537315,0.01280486491,0.03088034503,0.004761904944,0,0.002380952472,0.002380952239,0,0,0.0009877263801,0.02589729056,0,0.004761904944,0.003251794027,0.0001459765335,0.004761904944,0.004761904944,0.01447966229,0.006469298154,0.03243514895,0,0,0.005031128414,0.8077613115,0.005678491667,0.01118351705,0.01576277427,0.004761904944,0.004761904944,0.01190476213,0.0007913251175,0.00169922132,0.0001832196576,0.02537429705,0.359577179,0.541048944,0.02114599943,0.01731075533,0.004761904944,0,0.003640289651,0.00114497426,0.004934570752,0.0005711368285,0,0,0,0.000104332401,7.147699944e-05,0.0002551836369,0.0001523385727,6.700360245e-05,0.0003928992082,0.0007128074067,0,0,0,7.299301797e-05,0.0001643905271,0,0,0.0005094686639,0,7.513871969e-05,0,0,0,0.0005768334377,7.725881733e-05,0,0,0,0.002380952472,0,0,0,0.0002281942579,0.0003932538966,0,0.000790367485,0,0,0,0,0,0,0,0,0,0,0,0,0.000355966331,0.0009898013668
7,0,0,4.113435352e-06,0,0,0,0,4.544087915e-06,0.02115361392,0,0.0004633387725,0.001158630126,0.1786009967,0.01265050657,0.0003531869443,0.01230414957,0.0007226283778,0,0,0,0,0,0,0,0,0,0.002380952472,0,0,0,0,0,0,0,0,0,0,0,0,0,0,0,0,0.1565727443,0.07300272584,0.06806957722,0.04681068659,0.04610022157,0.02315713279,0.02152140625,0.02135858685,0.01078662928,0.002380952472,0.002380952472,0.004761904944,0,0.002380952472,0,0,0.02806982957,0,0.004761904944,0.009542428888,0.0007390845567,0.004710232373,0,0.01063540392,0.003881902434,0.0123478882,0,0,0.0001944396936,0.6976013184,0.007318552583,0.007691208739,0.0003099743917,0.002380952239,0.0001956878405,0.01090919971,0,0,0.004301586654,0.006583007984,0.2218059748,0.3657550514,0.02455864102,0.0001670509519,0.002380952472,0,0.0002943043364,0.001135243336,0,0.002136816038,0,0,8.053695637e-05,0,0.0009895882104,0,0.0005115060485,0,0.001149532269,0,0,0,0,0,0,0,0,0.002807607409,0,0.001268307096,0.002212298801,0,0,0,0,0,0,0,0,0,0,0,0,0.00103557657,0,0.001163969166,0,0.0001225246233,0,0,0,0,0,0,0,0,0,0,0,0.0001456026948
8,5.860570582e-06,1.841121161e-06,1.024544235e-05,2.155110906e-06,3.88673152e-06,1.010827782e-05,4.544087915e-06,0,0.007183910813,0.005890083499,0.00748512242,0.004988690838,0.2097740024,0.02722972818,0.004925409798,0.01709651388,5.057807812e-06,4.681127393e-05,2.629954542e-05,3.271146852e-05,1.339223945e-05,4.60418596e-05,9.516394493e-05,5.180415974e-05,1.153199446e-05,3.726191062e-05,0.0001869072585,0.0002778602939,0.0004575049388,0.0002914123179,0.0003033760295,0.0002226002398,0.0002787025587,0.000385234307,5.619554213e-05,0.000295042817,7.724460011e-05,0,0,0,0,0,0,0.3739406466,0.1100784466,0.05214049295,0.02765296586,0.03674537316,0.01397451852,0.02573645115,0.00869178772,0.02813409641,0.004098298028,0.003633423243,0.00352928252,0.008811781183,0.01995745488,0.02261640318,0.0108654229,0.02818024531,0.009914178401,0.00423328951,0.004940093961,0.003761341795,0.003622642718,0.002854429884,0.01663276181,0.005334718153,0.01805156097,0.000527659955,0.0005039550597,0.008822756819,0.9048537612,0.01428652182,0.01886588894,0.001549367793,0.003534349846,0.001354190288,0.001553397859,0.0006462762831,0,0.001274441136,0.0324399583,0.4042308033,0.772515893,0.0376252085,0.03831887245,0.001518085366,0,0.0003767427988,0.0003999000764,0.00312920101,0.0005274150171,3.912632019e-05,1.133376554e-05,4.627876842e-05,2.563694807e-06,0,4.051951692e-05,1.582637924e-05,4.314495163e-05,3.634884342e-05,0.0001255632815,0,0,0,5.769163181e-06,1.234465162e-05,3.458868741e-05,0,7.593614282e-05,0,0.0002262639173,4.315075785e-05,8.367979717e-06,3.469017429e-06,2.195687557e-05,3.363100404e-05,0,0,9.846874309e-05,0,1.915959365e-05,0,1.202813473e-05,6.629020936e-05,1.969409823e-05,0,0.0002419209777,0.0004263100564,7.598522643e-05,0,0.0001848776155,4.141860336e-05,0,2.855865023e-05,0,0,7.345744052e-06,0,0,0.0002598279098,0.0003894725814
9,0.002238409594,0.001447529881,0.004690642934,0.006684862543,0.007653059438,0.03386040404,0.02115361392,0.007183910813,0,7.996045315e-05,0.01262191776,0.002072250936,0.2460888326,0.2604278624,0.01139988936,0.09116124362,0.002964942716,0.01216944773,0.01472006831,0.01194063202,0.008734175935,0.009588033892,0.01203029323,0.006588776596,0.002485451987,0.005700847134,0.002771153115,0.01472131349,0.01595443673,0.01248490065,0.007616309449,0.01092165988,0.01672114804,0.008869324811,0.002830979414,0.007218460552,0.00545483781,0.003655191744,0.002493554493,0.001110571204,0.001839909703,0.001277873409,0.0001888998231,0.4613413811,0.1089420542,0.06468590349,0.02227966487,0.0565161109,0.04280060902,0.01554059517,0.01164046861,0.07544250786,0.004871984944,0.0008937621024,0.001040298492,0.0007556454511,0.000418892334,0.0007534103352,0.000328821654,0.02181512676,0.001238880213,0.002723673824,0.006126280874,0.001166725764,0.001350780833,0.0001834202412,0.06058416143,0.00560266478,0.02824238315,0.0005647376529,6.846285396e-05,0.07590678334,0.9837844372,0.01129938941,0.01043763664,0.002822617767,0.001011554152,0.0003328620514,0.001724879141,0.003362470772,9.514247358e-05,0.006839370355,0.04149407521,0.589222908,0.9241162539,0.1218871847,0.03860437125,0.001245736959,0.002575268969,9.310190944e-05,0.0001575293572,0.01395237725,0.006760458462,0.007596260402,0.007839562371,0.006322511472,0.01228326187,0.01151136216,0.008548783138,0.01125760935,0.01154744346,0.01141360216,0.003511823015,0.002695174888,0.00059292675,0.0005105222226,0.001784276799,0.0007691857754,0.008631699719,0.0008943681605,0.008207842708,0.002155910712,0.004588088952,0.002983202925,0.0001831329137,0.0006224458921,0.001748618321,0.005876959302,0.0001747411297,0.0001038858099,8.548325422e-05,0.001458238461,0.0003099424939,0.02709044516,0.01202767156,0.007133284118,0.005121050403,9.822733409e-05,0.009176635183,0.003844261635,0.006410749629,0.003483549692,0.008056063205,0.005408713594,0.00391922798,0.0003699371009,0.0008378922357,0.000562718662,0.0001784518827,0.0002436532086,0.0003674925247,0.007899398915,0.005840074271
10,0.001191723975,0.0003726562718,0.0002105629392,0.005956387147,0.008093209937,0.006654129829,0,0.005890083499,7.996045315e-05,0,4.695399912e-05,0.000133804846,0.1248677075,0.05667105317,3.834471499e-05,0.03666454926,0.006022051442,0.01120143197,0.01469898876,0.01185351051,0.01255599596,0.01150836051,0.01823068038,0.007151534315,0.007271084003,0.01003613602,0.007813383825,0.02276180126,0.02439627983,0.02431654744,0.01946162991,0.02363045141,0.03067434952,0.01774532162,0.009496758692,0.01702087745,0.008857800625,0.007994306274,0.007301796228,0.005166471936,0.005251367111,0.004439878277,0,0.4256339371,0.1335097998,0.02743296139,0.05255734175,0.08977010101,0.0442304872,0.02065956034,0.02068159357,0.02734075114,0.0007595432689,0.0001738688734,0.0001068670608,0.0001099447109,0.0003885556944,0.001462927088,0.0002100958081,0.008031073026,0.001013225527,0.0004224732402,0.005677336827,0.001599766314,2.968566878e-05,5.784356108e-05,0.007195448503,0.00123038108,0.001045169542,9.117358422e-05,3.512273179e-05,0.0001378657616,0.8896387815,0.001749535091,0.002943473402,6.996479442e-06,1.196826906e-05,5.029636668e-06,3.630704305e-05,0.0004466071841,1.290536693e-05,0.003690034384,0.006410962436,0.2339964807,0.8425812125,0.02401364967,0.0001675574458,2.06386303e-05,7.607061889e-06,5.303455509e-06,2.263975693e-05,0.004331699573,0.001077036024,0.01149599254,0.0008397420752,0,0.008576460183,0.006464053411,0.001555763651,0.00235128589,0.01419358049,0.009192363359,0.002095799195,0,0.0003962373012,0,0.001613410888,0.0004774524423,0.0002824541589,0.0004563545808,0.007380224299,0,0.003819546429,0.001426731003,0,0.0002328961418,0.000576123537,0.002145658713,0.000446447666,6.326340372e-05,0,0,4.390375034e-05,8.181853445e-06,0.006755809765,0.0004250138591,0.003078217851,0,0.008442576975,0.0003119554021,0.001522840583,0.0004268949269,0.000287367031,0.001704980037,0.0001950778096,0,0,0,3.793663836e-06,0,0,0.0007850894472,0.001933542662
11,0.005358919967,0.0004631692136,0.002710698172,0.004419095349,0.01484765019,0.003464956302,0.0004633387725,0.00748512242,0.01262191776,4.695399912e-05,0,0.0002826270647,0.3808110356,0.05248938873,0.0001301739685,0.05462163314,0.01704012789,0.03678834438,0.03156033903,0.03649739549,0.03696819767,0.03017934971,0.03263443708,0.01960192248,0.01539339125,0.03009319492,0.01701180823,0.04406201094,0.04515966773,0.04922668263,0.0439931415,0.0507263653,0.05019071698,0.04267166555,0.02548675798,0.03486078605,0.03618774191,0.008739355952,0.01214259397,0.008545607328,0.009265035391,0.01273986977,0,0.3877954781,0.07552147657,0.03476714715,0.01773695089,0.04836703464,0.05189707503,0.01326731872,0.01212733518,0.01921408623,0.0001778442966,0.0001115442792,0.0004244820157,0.0004972417373,8.058956155e-05,0.0002632231044,0.0001231917122,0.01181434467,0.0004361383326,0.00204533292,0.00659257872,0.001362007228,0.0006686188863,8.81140295e-05,0.01310108975,0.001324382843,0.003580980469,0.0006589417462,5.404896001e-05,0.0003115814761,0.9519672394,0.004090358969,0.00768774841,0.0001024592639,0.0004593636259,0.0001906440448,0.001144147362,0.006028034724,3.981273039e-05,0.01030371524,0.01644542813,0.4109778702,0.8585595489,0.04252775759,0.0007385258214,0.0001147037256,6.192986621e-05,3.481249951e-05,0.0001317627321,0.01484092046,0.009191167541,0.01724988036,0.0149928052,0.01833614707,0.02038927563,0.0173092261,0.02109902538,0.01486957166,0.01930736937,0.0189068839,0.006778599229,0.004360186402,0.002445244929,0.0001503995882,0.0002849687007,0.0007856460288,0.01150573231,0.000157463699,0.01289965026,0.004541726317,0.007548965514,0.004460236058,0.0006508204388,0.0003220521612,0.005474578589,0.008583742194,0.0005253877025,7.051758439e-05,7.384530181e-05,0.00175508589,0.0001806739019,0.0004622563429,0.00691742776,0.007491285913,0.008010487072,6.913043035e-05,0.01457359269,0.007162767462,0.01292047929,0.009691177867,0.004289659671,0.008969700895,0.002987182001,5.008422522e-05,6.863750605e-05,8.080047701e-05,9.740450332e-05,0.0002046349982,0.0002220316383,0.01332750823,0.009716320783
12,0.002967019333,0.002509955317,0.001067353063,0.005755681079,0.003912718035,0.0004717073753,0.001158630126,0.004988690838,0.002072250936,0.000133804846,0.0002826270647,0,0.07517955452,0.02048105747,0.0002366402623,0.01875151135,0.008422436193,0.01066754013,0.009977685288,0.009079596028,0.009727512486,0.00902806595,0.009995748289,0.01092286408,0.007546234876,0.01087679248,0.01026740205,0.02057658695,0.02140502259,0.02129655145,0.01886773109,0.02217186242,0.02286377177,0.0200424809,0.01180565171,0.01751625538,0.0143221179,0.009433886036,0.009066279978,0.004422339145,0.006741276477,0.00508172065,0.0001099561487,0.4168005288,0.1214656085,0.02879308164,0.03755865619,0.07482244074,0.04608089849,0.01264914498,0.01427259482,0.01882219873,0.0006218815106,9.051466623e-05,0.0001556454663,0.000239133602,0.0003362948482,0.0009555704892,0.0005781141808,0.007955959998,0.0004354896955,0.0007705446915,0.004285794217,0.001589330495,0.000163955192,0.000107372347,0.007237884216,0.0009543661145,0.00386465271,0.000134281494,4.061067011e-05,0.005175104365,0.9049399495,0.002886187052,0.003520362079,0.0001383786584,0.0004418955068,0.0001503951935,0.000598225859,0.00215053116,4.80464405e-05,0.005130368285,0.009262029082,0.2709096968,0.8046197891,0.02408408746,0.0021586027,8.599273133e-05,0.0002350274444,4.713899034e-05,7.732005906e-05,0.01029988658,0.005057535134,0.008940385655,0.002339439001,0.002013392514,0.008058198728,0.007322180085,0.005233590491,0.003879948985,0.007488082629,0.01160783879,0.003339688294,0.0006445944309,0.0002400783414,3.678723078e-05,0.001487815753,0.0007641460397,0.002807750599,0.002853851998,0.00460098125,0,0.002520516748,0.002680061385,0.0002433104819,0.001181837404,0.0008341931389,0.003601169214,0.0009124445496,4.042727232e-05,0.0002398463985,0.000688637374,0.0001573893824,0,0.00122004794,0.002281389898,0.00197715871,0.0008437432116,0.005637667608,0.000719833828,0.002148769563,0.000763818447,0.0002836113272,0.00209858478,0.001141489251,0.0001007744722,0.0003236017074,0.0001620026451,6.153502181e-05,0.0004701559665,0.0005920241238,0.004048408475,0.004360205028
13,0.1517331898,0.1169601828,0.1964152157,0.1657367051,0.111206077,0.2302060872,0.1786009967,0.2097740024,0.2460888326,0.1248677075,0.3808110356,0.07517955452,0,0.5702056289,0.4065594673,0.5373980999,0.1040335372,0.1044040993,0.0888210535,0.09496925026,0.1045550331,0.07962621003,0.0622661151,0.03255817294,0.09731965512,0.1310949475,0.1952246428,0.1551133096,0.1565786451,0.165871352,0.1619250923,0.1515458822,0.15386042,0.1196113974,0.1546329707,0.157592237,0.08250148594,0.02046153694,0.01904761977,0.04244859889,0.02243910171,0.0474848263,0,0.8383408189,0.2816648781,0.4883562326,0.2565838993,0.1887225509,0.2464036047,0.3008520305,0.2380511463,0.5181654692,0.3778196573,0.2104657143,0.2153510153,0.1902252287,0.1999058425,0.3125229478,0.2342619598,0.429264158,0.3199318349,0.2419875413,0.2575844228,0.2536560297,0.2101159245,0.08768966049,0.5380907059,0.4399842322,0.4252859652,0.2641943097,0.1147825271,0.5123512745,0.9915036559,0.3728253543,0.2749052346,0.4039476514,0.3103680909,0.1922362447,0.2690603137,0.327206701,0.3436457217,0.3302099407,0.4284403622,0.8217240572,0.9830411077,0.5825193524,0.5038507581,0.3390802741,0.4858354628,0.1535962671,0.1151931286,0.4848705232,0.4142146707,0.1042754799,0.1139369011,0.1002304852,0.1255485862,0.1166638806,0.09955442697,0.1409420371,0.1342826635,0.1264624894,0.1726915091,0.1229043379,0.1021034569,0.07549957931,0.1390955299,0.191405043,0.1399520785,0.1010078266,0.1524832994,0.04969064891,0.1591411084,0.1907486618,0.08257607371,0.1016974226,0.1458093226,0.1527418047,0.06185996905,0.0674342066,0.08555170894,0.2048151791,0.08363395184,0.1911770999,0.1438360959,0.1397212595,0.145137161,0.09131396562,0.1662186533,0.1846615821,0.1609939039,0.131266132,0.0935010612,0.1523794234,0.1122408584,0.1144723371,0.171445474,0.1685171276,0.1220176294,0.07753496617,0.08661064506,0.1375160664,0.1622119248
14,0.1327589154,0.03470210359,0.05674403906,0.04579134285,0.1706068218,0.02003400773,0.01265050657,0.02722972818,0.2604278624,0.05667105317,0.05248938873,0.02048105747,0.5702056289,0,0.01995676011,0.1243925989,0.06746254861,0.04342742264,0.05357924104,0.09852176905,0.07542003691,0.06487593055,0.03166932613,0.01575929299,0.03097582236,0.04584382847,0.06697354466,0.09843145311,0.07817773521,0.1062180251,0.1113925725,0.1102897748,0.07931198925,0.06484147161,0.06861063838,0.07346996665,0.04455626383,0.007142857648,0.007644934114,0.01256173756,0.01640205272,0.009485826828,0,0.80188936,0.3563639224,0.456795454,0.1822042465,0.2695197165,0.3999692202,0.2128745317,0.1790778786,0.3792078793,0.1197479442,0.1688445807,0.2220016569,0.2376320213,0.1241149008,0.103191562,0.06611743569,0.3195665777,0.1148767173,0.156446293,0.1756079197,0.1176744774,0.3202773929,0.1498001814,0.4169740975,0.2932399809,0.3774864972,0.04348500818,0.1240301281,0.1364893168,0.9983289242,0.3408820927,0.2553657293,0.1616491675,0.2945860922,0.1704931706,0.3530223668,0.1897979826,0.1576188058,0.2072243243,0.4209452569,0.8283352256,0.9826472998,0.4505037665,0.2691802979,0.2060586214,0.1019186527,0.130206272,0.168669045,0.4387593865,0.277205646,0.1395390481,0.08453135192,0.04905737936,0.1171067506,0.130928725,0.190657571,0.07066161931,0.1660108864,0.1968307793,0.10079588,0.01666666754,0.02057547495,0.009523809887,0.03862521425,0.08525787294,0.08590071648,0.01477650274,0.1740617752,0.01003675908,0.1559342891,0.1221420392,0.02826958708,0.05010303855,0.05475816876,0.1064342633,0.01368524414,0.02142857201,0.0284683872,0.05548318475,0.08807425946,0.01852150075,0.06843359768,0.07854307443,0.07032480836,0.007142857648,0.1638898402,0.08305569738,0.08958695084,0.05295209214,0.02317317575,0.1006503254,0.03419411927,0.009503439069,0.03492920101,0.01499297097,0.05905951932,0.04678690806,0.03012499772,0.1309204847,0.1406320333
15,0.02575150505,3.015941184e-05,0.0019409206,0.001861062716,0.01964780875,0.0004203652206,0.0003531869443,0.004925409798,0.01139988936,3.834471499e-05,0.0001301739685,0.0002366402623,0.4065594673,0.01995676011,0,0.002986581298,0,0,0,0,0,0.002380952472,0,0,0,0,0.001475529629,0.003443147056,0.001549936831,0.001254001167,0.0009321219986,0,0.002380952472,0,0,0,0,0,0,0,0,0,0,0.4852291048,0.2156184614,0.2825149,0.1696121246,0.1860207021,0.1227112114,0.1594591439,0.1294246018,0.08295644075,0.004761904944,0.006316727959,0.02634197287,0.01407311391,0.007014975883,0.02224841341,0.005999797024,0.1272636354,0.007142857648,0.02138192765,0.1357359141,0.03702627122,0.04425288364,0.01205479261,0.08200703561,0.03826429322,0.06387574226,0.00327850203,0.004439554643,7.67090678e-05,0.9538155794,0.05835178122,0.1436368972,0.0001038081173,0.009470958263,0.00498776231,0.03656188399,0.006989452522,0,0.06315600872,0.1136304289,0.6329625249,0.8452079892,0.1262204349,0.001085355179,0.007693424821,8.827852071e-06,0.0005349119892,0.01492168847,0.01791191474,0.01575817354,0.004698474426,0.00632897811,0.001247748383,0.009119595401,0.007419863716,0.01712882519,0.003594355425,0.02736979909,0.02861649171,0.0126283234,0,0,0.002380952472,0,0.004761904944,0.01724866219,0,0.04133836925,0,0.03653366491,0.01631478593,0,0.006209779065,0.005571377464,0.009758327156,0,0,0.0001724763133,0.003233750816,0.00310153747,0,0.001300533419,0.009055539034,0.006491591688,0,0.03949622065,0.003341142554,0.009437738918,0.002380952472,0.003427796764,0.009258312173,0,0,0,0,0,0.0006044904585,0,0.008965508081,0.008739903569
16,0.03765264153,0.01705478691,0.05734863877,0.0185310021,0.1086603999,0.02992278151,0.01230414957,0.01709651388,0.09116124362,0.03666454926,0.05462163314,0.01875151135,0.5373980999,0.1243925989,0.002986581298,0,0.009036901407,0.02917682379,0.03162988648,0.02870920114,0.0215627607,0.02657673508,0.02765576355,0.02205886506,0.005503281951,0.01856961288,0.01764273457,0.05494802818,0.06333974004,0.04598011822,0.02659199387,0.04029517248,0.05047337711,0.02778462879,0.01037804224,0.02387733571,0.01676338911,0.01472193003,0.01090604346,0.005778873339,0.006703240331,0.006723487284,0.0005773329758,0.5193274021,0.2020888478,0.1943344772,0.1590237617,0.1768029183,0.1952415556,0.1666319221,0.1633349955,0.2532597184,0.2231581658,0.1218982041,0.1462148875,0.1114858612,0.1661684513,0.2294092774,0.1894419044,0.1715426743,0.2155190706,0.2008825541,0.1959206462,0.219312042,0.05223542079,0.04973630607,0.2223673165,0.2245934457,0.1356292665,0.1832432002,0.0242182482,0.06588289142,0.9837975502,0.193216756,0.1778514683,0.008386525325,0.01759737544,0.008024824783,0.032079041,0.1793276519,0.008412969299,0.1894380301,0.1927315891,0.6507591009,0.9261216521,0.2497663796,0.0646424368,0.01186910272,0.006776354741,0.003322034376,0.00999157317,0.1812515259,0.1680825502,0.1061693057,0.1002378687,0.09963399917,0.1501208097,0.1373002678,0.1575390846,0.1490439475,0.1504935026,0.159893021,0.1889206767,0.1519465744,0.1003273055,0.07035368681,0.07032744586,0.1236767694,0.1301923692,0.1458368152,0.1786462963,0.110013023,0.1866249591,0.1899374574,0.03733669966,0.03610254452,0.1800337136,0.1681918651,0.02951889113,0.004956998397,0.01297528483,0.1773864478,0.02607387863,0.05061785877,0.08004310727,0.1612651944,0.1684893221,0.007871029899,0.1734109521,0.1791426539,0.1405809522,0.1583180428,0.1539058089,0.1554345489,0.1009523645,0.01634404063,0.00982348714,0.01313583553,0.005857907236,0.01731180027,0.01229568291,0.1791344136,0.1860612631
17,2.340002902e-05,3.679596557e-05,0.000192819527,9.265519111e-06,0,5.076796151e-05,0.0007226283778,5.057807812e-06,0.002964942716,0.006022051442,0.01704012789,0.008422436193,0.1040335372,0.06746254861,0,0.009036901407,0,0,0,0,1.062130991e-06,0,0,0,0,0,3.16395176e-06,0,0,1.313414487e-05,2.053649951e-05,8.281765622e-05,0,0,0,6.066486094e-05,0,0,0,0,0,0,0,0.116267167,0.04989837483,0.0373962298,0.06660667807,0.05053985864,0.02624352835,0.07715394348,0.0602443628,0.04050923511,0.01004346926,0.01081521623,0.01408031303,0.01086101588,0.04266379401,0.08029458672,0.04307671636,0.04663135484,0.01486630365,0.02396450564,0.06327935308,0.06015858054,0.002928833244,0.005718667991,0.01396060456,0.03139140457,0.01938658021,0.01094162185,0.00175702956,0.003334607696,0.4320558608,0.02454300784,0.05250072107,0,0,0.002380952472,0.001972900471,0.0250271298,0.0005052420311,0.0221856907,0.01620845869,0.1559810042,0.3006368577,0.01762548089,0.007928150706,0.0003860265133,0,0,0.0006018007407,0.01681223698,0.007329455111,0,0.000305053487,0,0.0001065747711,0,0.0007375121349,0,0.0003149988479,0.0001866690873,0.001013864297,0,0.0006418994744,0,0.0001193612698,0.0001473533193,0.001886282116,0.0009311668691,0.0005244112108,0,0.001427803771,0.001207929803,0,5.307489118e-05,5.199101724e-05,0,0,0,0,0.01064716745,0.0001827146625,0,0.0006930366508,0.001183595159,0,0,0.003984021023,0.00281714485,0.0001201218402,0,0,0.0006389836781,0,0,0,0,0,0,0,0.00176235917,0.005218469072
18,5.87832219e-05,5.164907998e-05,0.000474466593,1.08382601e-05,0.0004630062031,0,0,4.681127393e-05,0.01216944773,0.01120143197,0.03678834438,0.01066754013,0.1044040993,0.04342742264,0,0.02917682379,0,0,0,0,0,0,1.742985478e-05,0,0,0,2.585895572e-06,9.492250683e-06,0,0,2.675468068e-06,0,0,0,0,0,0,0,0,0,0,0,0,0.06823218614,0.02044548839,0.03746791556,0.02854817547,0.02962031215,0.02228290029,0.04003994539,0.06806891412,0.02276812866,0.01508548856,0.00290782284,0.02257863991,0.01055745874,0.04584230483,0.08605159819,0.06174284965,0.04148938134,0.01468929648,0.03012482822,0.1049671322,0.07934175432,0.002380952472,0.01658786274,0.007142857648,0.03988868371,0.00795137696,0.007605659775,0.002663174178,0,0.272697717,0.02277855016,0.04469556361,0,0,0,0.005386271048,0.02972057462,0.0005346615799,0.06085854769,0.003632906126,0.08724322915,0.1640048474,0.009609499015,0,0,0,0.0002071838244,0,0.02040304802,0.0112725012,0,0,0,0,0.0006976115401,0,0,0.002380952472,0,0.007874574512,0,0,0,0.0001627045858,0.0008853264153,0.001321045565,0,0.002535915235,0,0.0108590005,0.002336448058,0,6.592331192e-05,0.0003874142712,0.00484800199,0,0,0,0.006543194875,0.0001299312135,0,0,0,0.004216976464,0,0.006454160903,0.003816660726,0,0.004761904944,0,0.0008246633806,0,0,0,0,0,0.0005630673841,0,0,0.009307884611
19,0.0001741711312,3.346497033e-05,5.343722296e-05,3.446411938e-05,0.001719973283,0,0,2.629954542e-05,0.01472006831,0.01469898876,0.03156033903,0.009977685288,0.0888210535,0.05357924104,0,0.03162988648,0,0,0,0,2.474874464e-06,4.584588532e-05,0,0,0,0,0,0,0,2.552993692e-06,0,0,0,0,0,2.172588211e-05,0,0,0,0,0,0,0,0.07557475567,0.04901006818,0.04192055389,0.07316532731,0.03171050549,0.02679778449,0.06350449473,0.08588210493,0.036176797,0.003891567467,0.005603211466,0.02250653505,0.01000194717,0.05849151686,0.1012860313,0.06506735831,0.04746007919,0.008075359277,0.02050449327,0.09955465794,0.09611877799,0.005766525399,0.01124998927,0.009523809887,0.03640440106,0.0156134069,0.01832652092,0.003851952497,0.003926693927,0.3357079327,0.02751938067,0.06509485841,0.003349068575,0.002964638406,0,0.002988984575,0.02067385986,0.0006142244092,0.04601088166,0.009523809887,0.1050559729,0.1562778652,0.008748894557,0.001866190229,0,0,0.0003417802218,0.0003356045345,0.02402878366,0.02088950761,0.001910410007,0.001608175342,0.002380952472,0,0,0.002380952472,0,0.0005176768755,0.001239536447,0.002705750288,0,0.001184767927,0.002380952239,7.57312373e-05,0.0004978439538,0,0.001688041259,0.002091356553,0,0.007767389063,0.001657084678,0,0.0002066713059,0.003294212045,0.001440470573,0,0,0,0.007142857648,0.0003914711124,0,0,0,0.0031942036,0,0.004557246808,0.008373612538,0.003180675441,0.004761904944,0,0,0,0,0,0,0.0001618617971,0,0,0.002380952472,0.003156183288
20,9.781087283e-05,2.312654397e-05,9.267897985e-05,8.550188795e-06,0.003120158333,0,0,3.271146852e-05,0.01194063202,0.01185351051,0.03649739549,0.009079596028,0.09496925026,0.09852176905,0,0.02870920114,0,0,0,0,3.427070681e-07,0,0,0,0,0,1.099783367e-05,0,2.328346909e-06,2.88511302e-07,0,3.617058837e-06,0,0,2.684918763e-05,4.349311894e-06,1.299747601e-05,0,0,0,0,0,0,0.08285553753,0.06970065832,0.07757908106,0.08614040911,0.05019152537,0.04405774176,0.07976965606,0.1005246416,0.0473000966,0.02061692998,0.01797775924,0.03093488701,0.03306559846,0.0555813238,0.1015156284,0.06716375053,0.06612756848,0.03024472669,0.04160760343,0.1040975899,0.09945369512,0.008812852204,0.01112536248,0.03422562778,0.06224302202,0.0417592749,0.03637738526,0.003382723546,0.002380952472,0.3930720389,0.04787935689,0.07976265997,0.0004215076042,0.001701512258,0.001133642392,0.005708157551,0.04504135996,0.00122681458,0.05131104216,0.03142710403,0.1542770565,0.2504115701,0.02330181748,0.002090535592,0,0,0.0004335347621,0.002565598115,0.03044074215,0.01830425486,0,0,0,0.0003418120032,0.0003018696152,0.001663405565,0.002380952472,0.0004942054511,0.001399275614,0.0005100436392,0.002380952472,0.0008174707764,0.002380952472,0.0002101685095,0.0003905376652,0,0.001020443742,0.003955560271,0.002956594806,0.01162092015,0.002642462729,0,2.895569196e-05,0.0004735385883,0.003397577675,0,0,0.001056361361,0.001302374061,0.0007688329206,0,0.0004837164888,0.005735891871,0.002703028731,0,0.01337762643,0.005644862074,0.0009126061341,0,0,0.002047699178,0,0,0,0,0,0.00115709682,0,0.001699789194,0.0127613144
21,7.208689203e-05,5.718274406e-05,0.0005691158003,2.547345684e-05,0.002274336061,0,0,1.339223945e-05,0.008734175935,0.01255599596,0.03696819767,0.009727512486,0.1045550331,0.07542003691,0,0.0215627607,1.062130991e-06,0,2.474874464e-06,3.427070681e-07,0,0,3.381268243e-06,0,1.719075499e-06,0,1.549217268e-05,5.109897302e-06,0,4.80294284e-06,0,0,7.874762559e-06,7.973566244e-05,9.411040082e-06,2.198338734e-05,0,0,0,0,0,0,0,0.115307875,0.0663754046,0.0493633002,0.07819170505,0.03375318646,0.03428370133,0.07877373695,0.1105674058,0.06759274006,0.0231338609,0.01198982913,0.02395127714,0.02563082241,0.0505149141,0.1005592719,0.05993878096,0.04646169767,0.02057934366,0.04070438445,0.08883554488,0.08964685351,0.006235124543,0.01037441567,0.007142857648,0.05759769678,0.02038943768,0.01658967696,0.003228694899,0.01190476213,0.392513901,0.02218230814,0.05844291672,0.002798333764,0,0,0.001848652842,0.02119805105,0.001598128583,0.05571499467,0.01698547229,0.1378276646,0.2531225681,0.02184006013,0.003455403727,0.0005296224263,0,0.0006293969927,0.003470653202,0.02863874286,0.02107904293,5.682320625e-05,0,0,0.0009182682843,0,0.002410006942,0,0.001604681718,0.0003212595766,0.00511325011,0.0007371432148,0,0,4.97896981e-05,0.0008601971203,0.005302419886,0,0.003323872341,0.002029370284,0.007551678922,0.001714270911,0.001284700935,0.0007665754529,0.00117218704,0.002963476814,0.0001801628678,0,0.001317805261,0.003393917577,0,0,0.0001696276013,0,0,0.0009008430061,0.008761392906,0.007597224321,0.0002309610572,0.002910089912,0.002380952472,0,0,0,0,0,0,0.001109964447,0,0.001521029393,0.0216272343
22,8.420945233e-05,0.0002144314058,0.0003724524868,0,0,0.001188611146,0,4.60418596e-05,0.009588033892,0.01150836051,0.03017934971,0.00902806595,0.07962621003,0.06487593055,0.002380952472,0.02657673508,0,0,4.584588532e-05,0,0,0,0,0,0,0,1.853811955e-05,2.624074841e-05,0,1.064219214e-05,0,0,0,0,0,1.006798357e-05,0,0,0,0,0,0,0,0.06173279881,0.02952354774,0.02892852016,0.0529059656,0.02437667549,0.02250118367,0.06461408734,0.07955226302,0.02747266553,0.009523809887,0.0119413482,0.02120945416,0.01826283522,0.05174762011,0.08420669287,0.06303157657,0.03530029207,0.01853663847,0.03810093552,0.07919610292,0.07492925972,0.003196184523,0.008523960598,0.002380952472,0.02686182596,0.02027381584,0.01965287328,0.004182405304,0,0.284693867,0.01873029582,0.05818140507,0.002573210979,0,0,0.004267552868,0.03047375567,0,0.04462132975,0.02380952425,0.06741306931,0.1557005644,0.010467913,0,0,0,0,0.001663002418,0.01543602534,0.01628697291,0,0,0,0,0.004521361087,0,0,0.0004610227479,0.0002161855227,0.004253653809,0.001355129527,0.0008989978814,0,8.823908502e-06,0.001048948616,0.0007888203254,0,0.00841372367,0,0.008426948451,0.006129972171,0,3.645759716e-05,0,0.001413026825,0,0,0,0.003511316841,0.001222156687,0.002380952472,0,0.004761904944,0.0008185479091,0,0.01074108761,0.009830168448,0,0,0,0.001520211459,0,0,0,0,0,0,0,0.001436909661,0.013624507
23,0.0001044606397,0,0.0008617466665,5.439517554e-05,0,0,0,9.516394493e-05,0.01203029323,0.01823068038,0.03263443708,0.009995748289,0.0622661151,0.03166932613,0,0.02765576355,0,1.742985478e-05,0,0,3.381268243e-06,0,0,0,0,0,4.300105502e-05,0,0,0,0,0,0,0,0,3.647670383e-05,0,0,0,0,0,0,0,0.03976215422,0.01087526325,0.01742267981,0.04481196776,0.006897986867,0.009523809887,0.04945170134,0.03441490233,0.009493108839,0.00805301033,0.002380952472,0.01267419569,0.004761904944,0.04337585345,0.07996117324,0.06906481832,0.02962460183,0.005221388768,0.01522879675,0.0556002371,0.06129205599,0.007159631234,0.01126775332,0,0.01904761977,0.01904761977,0.0159578342,0.001449938514,0,0.1416546851,0,0.03125686198,0.0006050234078,0,0,0.0008075471269,0.01749010198,0.001139176777,0.02401271835,0,0.04043628648,0.09523809701,0.002380952472,0,0,0,0,0,0.0142857153,0.002380952472,0,0.002380952472,0,0,0,0,0,0,0.003574120114,0.002380952472,0.002380952472,0.001186876907,0,0.002563332673,0.0008023659466,0.001125535578,0,0.00132043683,0,0.0056904261,0.001696318854,0.002380952472,0.0002082786959,0.002380952472,0.005767537747,0,0,0,0,0,0,0,0,0.003455388593,0,0.009523809887,0,0,0,0,0,0,0,0,0,0,0,0,0,0.0108941989
24,8.986860485e-05,0.0002701938211,0.0004104696854,0.0001691345678,0,0.0009381077252,0,5.180415974e-05,0.006588776596,0.007151534315,0.01960192248,0.01092286408,0.03255817294,0.01575929299,0,0.02205886506,0,0,0,0,0,0,0,0,0,0,2.797939487e-06,0,0,0,0,0,0,0,0,0,0,0,0,0,0,0,0,0.02380507812,0.008349985816,0.005152722821,0.01779177412,0.01190476213,0.004761904944,0.009961492382,0.02955099382,0.009088480845,0.002380952472,0.004976646975,0.002714738948,0.002380952472,0.03645466268,0.04444526508,0.05394311994,0.007494139951,0.004761904944,0.01457756758,0.03322074562,0.05474796891,0.002972535789,0.004567663651,0.002380952472,0.01332317106,0.004761904944,0.005813702941,0.005129582714,0,0.07229224592,0.004761904944,0.02438853309,0,0.003217181191,0,9.900810255e-05,0.004761904944,0,0.02449232154,0.008335437626,0.03571428731,0.03571428731,0.004761904944,0.002380952472,0.0003719933447,0,0,0.001452260884,0.009523809887,0.006364030764,0,0,0,0.002380952239,0,0,0,0,0,0,0,0,0,0,0.001018371317,0.002380952472,0,0,0,0.005260233767,0.001440844848,0,0,0.002380952472,0,0,0,0,0,0,0,0.002380952472,0,0,0,0.003964189906,0.00174490083,0,0,0,0.002380952472,0,0,0,0,0,0,0,0,0.003534820629
25,1.521499871e-05,0,0,2.056034282e-05,0.002380952472,0,0,1.153199446e-05,0.002485451987,0.007271084003,0.01539339125,0.007546234876,0.09731965512,0.03097582236,0,0.005503281951,0,0,0,0,1.719075499e-06,0,0,0,0,0,9.70579822e-06,0,0,0,1.422841433e-05,0,0,0,0,1.974247789e-05,0,0,0,0,0,0,0,0.04644418508,0.02265509777,0.02407262102,0.02329209819,0.01236419473,0.003206550376,0.02628521249,0.04772345349,0.01668999903,0,0.005898186471,0.01300924178,0.005340032745,0.03023578972,0.06248130277,0.03887698054,0.01737057976,0.004761904944,0.01483817864,0.04355981201,0.05819862336,0,0.009754185565,0.004761904944,0.006739045493,0.006188769825,0.007908506319,0.001256733667,0,0.175204441,0.007389639039,0.01583041437,0,0,0,0.004732905421,0.02133132331,0.002087210305,0.01704168692,0,0.05948523059,0.08333333582,0.004038481042,0.004761904944,0.0004618743842,0,0,0,0.008907208219,0.006058063824,0,0,0,0,0,0,0,0.00106493372,0,0.005459323525,0,0,0.0006365597364,6.10782372e-05,6.598280743e-05,0,0,0.0004501246149,0,0.006340689957,0.001230592839,0,0.0001120756642,0,0.0005815177574,0.001317411661,0,0,0.004761904944,0.000266055431,0,0.001348183025,0,0,0,0.009347011335,0.004761904944,0,0.002380952472,0,0.002311813179,0,0,0,0,0,0,0,0.001917748712,0.007778091356
26,0.0001301217853,0,0.0003066484642,0,0,0,0,3.726191062e-05,0.005700847134,0.01003613602,0.03009319492,0.01087679248,0.1310949475,0.04584382847,0,0.01856961288,0,0,0,0,0,0,0,0,0,0,3.599065849e-06,0,3.419461109e-06,0,0,0,0,0,0,0,0,0,0,0,0,0,0,0.1010597274,0.0216441229,0.04602783173,0.05301565677,0.02058685943,0.02444215864,0.05894292518,0.05374785513,0.04027085751,0.01613778621,0.01344783138,0.01904387213,0.006107305177,0.05458211526,0.08271733671,0.05442852154,0.03689766303,0.008062761277,0.0181272421,0.09112232178,0.05625970662,0.002380952239,0.01160152722,0,0.0315094851,0.03382755443,0.01634601876,0.001594260684,0.002380952239,0.3047176003,0.0163213145,0.05685299262,0,0.002380952239,0.001436439692,0.003965737764,0.01105891913,0,0.03280366212,0.007729958743,0.1150996089,0.1506180763,0.01651250198,0,0.002380952472,0,0.0002248736419,0.0001671056962,0.03094841726,0.007948284969,0.0003290218592,0,0,0,0,0.0007933444576,0,0.001681934111,0.001587381121,0.001670232741,0.002380952472,0,0,7.587041182e-05,0.0004596751241,0,0,0.001407529227,0.001424390473,0.006149518769,0.00359708094,0,7.833815471e-05,0,0.000497868692,0,0,0,0.004761904944,0,0,0,0.002380952239,0.00186999375,0,0.003376930254,0.005333520938,0,0.0008939363761,0,0,0,0,0,0,0,0.002380952472,0,0.001639325172,0.01823105849
27,0.0005605921615,0.0002145320323,0.002838107059,0.0001001724449,0.007897860371,0.003841650439,0.002380952472,0.0001869072585,0.002771153115,0.007813383825,0.01701180823,0.01026740205,0.1952246428,0.06697354466,0.001475529629,0.01764273457,3.16395176e-06,2.585895572e-06,0,1.099783367e-05,1.549217268e-05,1.853811955e-05,4.300105502e-05,2.797939487e-06,9.70579822e-06,3.599065849e-06,0,3.224220109e-06,7.532734799e-06,1.441301811e-05,5.800876806e-06,1.188115493e-05,1.094039089e-05,1.359312228e-05,6.049861895e-06,2.513304025e-05,5.350905212e-06,0.0002956276876,0,1.412457323e-06,0,0,3.004799328e-05,0.2608806491,0.0864495635,0.06065931544,0.0468660146,0.06024959311,0.06168225035,0.04335473478,0.04818021506,0.1059802994,0.04247851297,0.02069800347,0.02081255242,0.02250767685,0.03494731337,0.05007421225,0.04279249161,0.04786090925,0.04099722207,0.03562206402,0.05712245032,0.05562771112,0.008728927933,0.008725794032,0.02442394756,0.0557385087,0.04044102877,0.03070840053,0.003585466417,0.0237515457,0.8854130507,0.03969502822,0.04285952821,0.0006159836776,0.002071081195,0.00094221154,0.006245947909,0.04495292529,0.001675863285,0.05439279228,0.0463478975,0.4938763082,0.8335888982,0.07678684592,0.009325486608,0.0007783282199,0.0007464408409,0.0002779357601,0.001653224812,0.0493644923,0.03481725976,0.004045231268,0.008901064284,0,0.008365491405,0.009147583507,0.01303882804,0.009142518975,0.01753080823,0.01839610934,0.02952227928,0.003410574747,0.005046456587,0.008024365641,0.000553400605,0.004984144121,0.007484732196,0,0.02552472986,0.004761904944,0.03678570315,0.02662226185,0.001264658757,0.001038550399,0.02170502953,0.02267195657,0,0,0,0.01444621012,0.0009524953202,0.002350574126,0.006519108545,0.01732756384,0.01991944201,0,0.03705318272,0.01815509796,0.02342771739,0.01338573545,0.001267496962,0.01589569822,0.001623046934,0,0,0.001391606289,0.0001513272437,0.0003117951273,0,0.01330605894,0.03838136047
28,0.001837576157,0,0.005661081523,3.079084854e-05,0.003027091268,0.01035753358,0,0.0002778602939,0.01472131349,0.02276180126,0.04406201094,0.02057658695,0.1551133096,0.09843145311,0.003443147056,0.05494802818,0,9.492250683e-06,0,0,5.109897302e-06,2.624074841e-05,0,0,0,0,3.224220109e-06,0,2.325501782e-06,6.159883469e-06,0,1.666637581e-05,1.171948315e-05,0,0,0,0,0,0,0,0,0,0,0.1375486255,0.0810970515,0.06645857543,0.09656764567,0.04268119484,0.05143105984,0.07429134846,0.08709955961,0.05174602941,0.02212674543,0.04343041778,0.03875737265,0.0336211212,0.06901936978,0.08250039816,0.07519195229,0.07310312986,0.0494216606,0.06518834829,0.1172953174,0.09879028797,0.01415653992,0.02053468861,0.01323940698,0.04480867088,0.04932531342,0.03549334034,0.01437734347,0.004761904944,0.6258450747,0.05155431479,0.07210293412,0.002380952472,0.003050508443,0.003881549463,0.01042537484,0.04159855843,0.003276975593,0.08275589347,0.0385235399,0.2596661747,0.4607052803,0.04239312187,0.01190476213,0.0008390094736,0,0.002385207452,0.003822395112,0.03112689406,0.0220204778,0,0,0,0,0.002380952472,0.007142857648,0.003837049706,0.009916655719,0.003317887196,0.02628137916,0.004761904944,0.000665948668,0,0.001073846244,0.005893697962,0.004761904944,0.002380952239,0.02598852292,0.004173369147,0.04520561174,0.0227318462,0.004761904944,0.001084070071,0.007589302957,0.0198336374,0,0,0,0.02122735418,0.001978833228,0,0.008117312565,0.008843109943,0.01501432899,0,0.0471210666,0.01261344273,0.006511290558,0.007142857648,0.002380952472,0.01120167691,0.002380952472,0.003939782269,0,0,0.0002610791707,0,0,0.005632617511,0.04009018093
29,0.002128043678,0.0003578061296,0.002498530084,0.0001389034005,0.003408079734,0.005699369591,0,0.0004575049388,0.01595443673,0.02439627983,0.04515966773,0.02140502259,0.1565786451,0.07817773521,0.001549936831,0.06333974004,0,0,0,2.328346909e-06,0,0,0,0,0,3.419461109e-06,7.532734799e-06,2.325501782e-06,0,8.099414686e-07,1.191268257e-05,1.717573286e-05,3.607759936e-05,0,1.434562455e-05,0,0,0,0.0001820067846,0,0,0,0,0.2041764408,0.09755763412,0.09472919255,0.07334217429,0.07060202211,0.06738395244,0.07708157599,0.07296790183,0.105742313,0.04576485232,0.03535804152,0.06746539474,0.03063755855,0.06123672798,0.08910317719,0.07225637138,0.07771151513,0.03871836141,0.06029625982,0.09647127241,0.09775117785,0.01608066447,0.0213388633,0.03576110676,0.07081144303,0.05787923187,0.04441394657,0.009142949246,0.009523809887,0.7381358743,0.04786565527,0.07887423038,0.004689916503,0.003592144931,0.0002537674154,0.02205884643,0.05737317353,0.007744014729,0.08239034563,0.05460745096,0.3119254708,0.6287980676,0.03951677307,0.01072475128,0.003312326269,0.002380952472,0.001615479821,0.005884047132,0.05425082892,0.05299478769,0.005085879937,0,0,0.003451458644,0.007584450301,0.01115453616,0.004156467505,0.01535823103,0.02717131563,0.015677616,0.005658517592,0.005406646058,0.0003001625591,0.001256007468,0.007627879735,0.009431825019,0.0117838569,0.02897195891,0,0.04931266978,0.02970073372,0,0.001070461702,0.01226393506,0.02057215385,0,0,0.001142548514,0.02069784515,0.001392840059,0.002380952472,0.01410346013,0.01344673242,0.009949944913,0,0.0518364124,0.02453623526,0.01926234551,0.01253227983,0.002804487012,0.005788402166,0.003794171382,0,0,0,0,0,0,0.02233762853,0.04361454397
30,0.001928675571,0.0002100177517,0.002802604344,6.765367289e-05,0.007629160769,0.007497605402,0,0.0002914123179,0.01248490065,0.02431654744,0.04922668263,0.02129655145,0.165871352,0.1062180251,0.001254001167,0.04598011822,1.313414487e-05,0,2.552993692e-06,2.88511302e-07,4.80294284e-06,1.064219214e-05,0,0,0,0,1.441301811e-05,6.159883469e-06,8.099414686e-07,0,1.420228955e-06,2.943310847e-06,1.377053468e-05,3.799911383e-06,0,4.269606507e-06,1.241904374e-05,0,0,0,0,0,0,0.2186882794,0.1152178422,0.1069161445,0.09209190309,0.09353204072,0.08180715889,0.09595030546,0.09280952066,0.1308809966,0.07190409303,0.03970985487,0.0481226705,0.04707258567,0.07034286857,0.09495070577,0.07680725306,0.1038869917,0.07283806056,0.08839969337,0.1143299416,0.1010916978,0.02411913872,0.01908299886,0.06818100065,0.1034277305,0.07923082262,0.0662189573,0.008886207826,0.008514198475,0.8124696016,0.09772422165,0.102708891,0.004475899506,0.009852908552,0.004541680682,0.01675932482,0.06573269516,0.00590703683,0.1009261906,0.05852362141,0.3886485696,0.7076327801,0.0579549931,0.01196915284,0.01123323571,0.002380952472,0.0009699948132,0.004142309539,0.07361959666,0.06413909048,0.002961121965,0.006047319621,0.004761904944,0.01792883128,0.008658657782,0.02142857201,0.005566479173,0.02343979664,0.02368080616,0.03878014162,0.01031934936,0.003028478939,0.005027680192,0.001457312843,0.007012409158,0.00962536037,0.01424284372,0.02935443632,0.003509885399,0.05774749815,0.03178363293,0.002051968127,0.0007747448981,0.0226735305,0.02849817649,0.0005777640617,0,0.0002858756052,0.0332089141,0.001732237753,0.003646907397,0.004724912811,0.01282832585,0.02403532155,0,0.06087849662,0.02446093038,0.03328536823,0.01443183608,0.002380952472,0.0195135437,0.004179067444,0,0,0,0.0003089146339,0.002593751764,0,0.01967761666,0.0722136572
31,0.001342409989,0.0001560401433,0.002603869652,5.27519187e-05,0.006211893633,0.003063190496,0,0.0003033760295,0.007616309449,0.01946162991,0.0439931415,0.01886773109,0.1619250923,0.1113925725,0.0009321219986,0.02659199387,2.053649951e-05,2.675468068e-06,0,0,0,0,0,0,1.422841433e-05,0,5.800876806e-06,0,1.191268257e-05,1.420228955e-06,0,2.611469654e-06,1.780523576e-06,0,9.819470961e-07,1.081946903e-05,0,0,0,0,0,0,0,0.2040134519,0.1034483984,0.08405700326,0.09525808692,0.09037077427,0.08819580078,0.09984409064,0.1129163131,0.1227378175,0.05719827116,0.03703955561,0.04862515256,0.0509455651,0.06551709026,0.09499756992,0.07431475818,0.08458554,0.07173394412,0.07848948985,0.109950833,0.1026673764,0.01873819157,0.01873905212,0.0637120232,0.08697864413,0.06207638979,0.05867082998,0.008600762114,0.0116504943,0.806995213,0.0471072346,0.0959212631,0.00299470569,0.00529259257,0.002908973489,0.01480468642,0.05718078837,0.002115054289,0.1076822951,0.05213819444,0.3934631646,0.6505166292,0.06873694062,0.02092470787,0.01458476204,0,0.0007867497625,0.006612644065,0.08286879957,0.06994453073,0.004262719769,0.002380952472,0.002380952472,0.004761904944,0.006615695544,0.009523809887,0.004761904944,0.02530788258,0.02015995421,0.04211378098,0.01339019835,0.002586931689,0.004579515662,0.001262400183,0.005985692609,0.009586359374,0.01009973604,0.0345887728,0.0007754513645,0.05398355052,0.01916884631,0.0005662377807,0.001042005722,0.01059525181,0.02787725255,0,0,0.0004094041651,0.0202178508,0.001347009791,0.006728447508,0.005003185477,0.01197782531,0.0102121504,0,0.07172586024,0.03005024232,0.02422449738,0.01412107516,0.004346739966,0.01319971215,0.002380952472,0,0,0,0.0005788621493,0.0004874707374,0.0003080928,0.02038818412,0.06749113649
32,0.001323034405,0.0002814609616,0.003640914336,7.254493539e-05,0.007311556023,0.0008151380462,0,0.0002226002398,0.01092165988,0.02363045141,0.0507263653,0.02217186242,0.1515458822,0.1102897748,0,0.04029517248,8.281765622e-05,0,0,3.617058837e-06,0,0,0,0,0,0,1.188115493e-05,1.666637581e-05,1.717573286e-05,2.943310847e-06,2.611469654e-06,0,0,0,4.322276084e-07,3.903576271e-06,0,0,0,0,0,0,0,0.17367962,0.08967992663,0.1012016907,0.1001271531,0.09704931825,0.07919995487,0.1044526622,0.1136781499,0.09745907038,0.04894817248,0.02537441067,0.05806092545,0.04248138145,0.07069376856,0.1004633531,0.0861434415,0.09171846509,0.05574648827,0.07963325083,0.1286853403,0.1198620796,0.02275121957,0.0196197629,0.03593388945,0.07760535926,0.07589282095,0.05953880772,0.009106395766,0.01348731481,0.7280693054,0.05042700842,0.09296772629,0.004182098899,0.006146937143,0.004230447114,0.01748611405,0.07435148954,0.004009255208,0.0941452533,0.04868951812,0.2787248194,0.4818973839,0.06600631028,0.004889683332,0.007505565882,0.003562710015,0.0009312823531,0.007805256173,0.04896315932,0.06197853014,0.002545289695,0.007142857648,0.002380952472,0.004761904944,0.004761904944,0.0142857153,0.002380952472,0.008873667568,0.0114484299,0.04295990616,0,0.002380952472,0.005311998073,0.002109911758,0.0104282517,0.01665039919,0,0.03967724741,0.005960492883,0.04228620231,0.03535996377,0.000439330528,0.0008930992917,0.01714649238,0.02490263246,0,0.002380952239,0.0006793942302,0.01989539154,0.002452314598,0,0.0002841234382,0.01190476213,0.00736109307,0,0.04628528655,0.03252599761,0.01435330324,0.007142857648,0.002380952472,0.008610206656,0.003050327767,0.001141089131,0,0,0.0002312281722,0.005103577394,0.0006793706561,0.0157135874,0.05683165416
33,0.001892285887,0.0001722129382,0.001449341886,0.0002077159006,0.002005869756,0.002380952472,0,0.0002787025587,0.01672114804,0.03067434952,0.05019071698,0.02286377177,0.15386042,0.07931198925,0.002380952472,0.05047337711,0,0,0,0,7.874762559e-06,0,0,0,0,0,1.094039089e-05,1.171948315e-05,3.607759936e-05,1.377053468e-05,1.780523576e-06,0,0,0,0,3.885986189e-06,2.873046651e-05,0,0,0,0,0,0,0.1205592006,0.07327600569,0.08663544059,0.08226721734,0.06352736801,0.04904401302,0.1045101583,0.1085770354,0.06299326569,0.03055674769,0.03923367709,0.03519559652,0.0258460585,0.0752921924,0.1277405024,0.0915869996,0.07842178643,0.03031228669,0.06355576217,0.1215142906,0.1297396421,0.01408495195,0.01700898074,0.009691445157,0.06319814175,0.03371158987,0.05432982743,0.009738433175,0.008656502701,0.485103488,0.03684323654,0.09299141169,0,0.002380952472,0,0.02301166952,0.05223576352,0.004601958208,0.1044892818,0.03595585749,0.1940052509,0.3133842945,0.02591899782,0.004761904944,0.003940837458,0,0.002412496367,0.003526106477,0.03097359464,0.044509314,0.002380952472,0,0,0.003362009302,0.002380952472,0.009523809887,0,0.008370115422,0.01376540866,0.02281021699,0.002380952239,0.001195361488,0.001553107402,0.002080767881,0.006859894376,0.003077083034,0.002380952472,0.04218620807,0.007142857648,0.04585747048,0.03528225422,0,0.001403530594,0.008507157676,0.02588588558,0,0,0,0.01571231522,0.003125019139,0,0.0009987944504,0.001267074491,0.00700300606,0,0.0478967689,0.0112473378,0.008799433708,0.007142857648,0.003025714774,0.009606773034,0,0,0,0,0.0001102046735,0,0.0007180289249,0.0102594709,0.04168010876
34,0.001253696741,0,0.001321868971,0,0.004761904944,0.001489092712,0,0.000385234307,0.008869324811,0.01774532162,0.04267166555,0.0200424809,0.1196113974,0.06484147161,0,0.02778462879,0,0,0,0,7.973566244e-05,0,0,0,0,0,1.359312228e-05,0,0,3.799911383e-06,0,0,0,0,0,0,0,0,0,0,0,0,0,0.0909396559,0.04555197805,0.05508703738,0.05332535505,0.0276822187,0.01103317551,0.05325992778,0.07562851161,0.03478171676,0.01989420131,0.01911459118,0.0126438681,0.00886522606,0.0605199188,0.09053129703,0.07329819351,0.03077615984,0.02441819385,0.0324597694,0.1007298976,0.1129346415,0.01115239412,0.01648533717,0.002380952472,0.04376174882,0.0176703129,0.0204615742,0.01234108768,0,0.3958736062,0.0138556743,0.051096946,0.001004821155,0.002380952239,0,0.004131149035,0.02339695208,0.002707584295,0.0626995638,0.01848883741,0.12626715,0.1797750294,0.01405662484,0.007142857648,0.002380952472,0,0.003349638078,0.004761904944,0.02104423754,0.01971245743,0,0.002380952472,0,0.002380952472,0,0,0.004761904944,0.003278759774,0.009523809887,0.003335863585,0,0,0,0.003694951767,0.009143554606,0,0,0.01927740313,0,0.008713460527,0.01157418173,0,0.0009770804318,0.004761904944,0.01101573277,0,0,0,0.0142857153,0.004006199539,0.002380952472,0,0.002380952239,0.01524549257,0,0.03079249896,0.009523809887,0.007142857648,0.002380952472,0.002380952239,0.003579316428,0,0,0,0,0,0,0.0003688221914,0.009523809887,0.01984910108
35,0.0003267101129,0,0.0003131433332,7.703687879e-05,0.004129634239,0,0,5.619554213e-05,0.002830979414,0.009496758692,0.02548675798,0.01180565171,0.1546329707,0.06861063838,0,0.01037804224,0,0,0,2.684918763e-05,9.411040082e-06,0,0,0,0,0,6.049861895e-06,0,1.434562455e-05,0,9.819470961e-07,4.322276084e-07,0,0,0,5.802497071e-06,1.312609675e-05,0,0,0,0,0,0,0.1654934883,0.06341870874,0.05495304987,0.06196193397,0.03352183104,0.04335771501,0.07493317872,0.07407975197,0.07205234468,0.0166417174,0.01830962487,0.03147616237,0.02148657665,0.04374635965,0.07366444916,0.05504487082,0.05072581768,0.02929388359,0.05231054127,0.0930095315,0.0841781199,0.007556862198,0.008923636749,0.01610290632,0.03823317215,0.03653421625,0.02930155583,0.004991522059,0.01511862408,0.6767631173,0.04003448784,0.08149626851,0.000314054545,0.0005197760765,0,0.01127313543,0.03701337427,0.001718406798,0.07172819227,0.02789424174,0.2443788946,0.4154950976,0.02018041536,0.007116069552,0.00256987079,0.001442649285,0.001294842805,0.001724567963,0.03879820928,0.02018452622,0.004761904944,0.002380952472,0.002380952472,0.004761904478,0.00133109733,0.005515421275,0,0.01797858626,0.02297190204,0.01342928596,0.002380952472,0.005863667466,0,0.001209230279,0.003673026804,0.007142857648,0,0.02192119323,0.003404463641,0.01934822462,0.02350576036,0.002380952472,0.0003078494046,0.00938565284,0.01236476749,0.0004935274483,0,0,0.004911473952,0.0005667584483,0,0.007142857648,0,0.006745554507,0,0.03485095128,0.003178578103,0.01180188358,0.002380952472,0,0.01190476213,0,0,0,0,0,0.0008848797297,0.000258132437,0.007142857648,0.04942654073
36,0.001032207161,9.385289741e-05,0.002948954934,0.0001234918454,0.006609026343,0.003705352079,0,0.000295042817,0.007218460552,0.01702087745,0.03486078605,0.01751625538,0.157592237,0.07346996665,0,0.02387733571,6.066486094e-05,0,2.172588211e-05,4.349311894e-06,2.198338734e-05,1.006798357e-05,3.647670383e-05,0,1.974247789e-05,0,2.513304025e-05,0,0,4.269606507e-06,1.081946903e-05,3.903576271e-06,3.885986189e-06,0,5.802497071e-06,0,0,0,0,3.366103192e-05,0,0,0,0.185850963,0.07630181313,0.06972892582,0.0625629425,0.0706962496,0.081020087,0.07190151513,0.09027418494,0.08069032431,0.04764549062,0.03785006702,0.04033738375,0.02396075241,0.05242938176,0.08748418838,0.06677779555,0.06210069731,0.04017813131,0.05827380717,0.09050244093,0.09027688205,0.01771957055,0.01224163454,0.02265227586,0.06114135683,0.04754482582,0.03410545364,0.00582451839,0.001219900907,0.7439953089,0.03838944808,0.07948192954,0.002512664301,0.004773312248,0,0.01262328215,0.05392758176,0.001355935005,0.09287402034,0.03272230178,0.2662725747,0.5107907653,0.05469578505,0.008240805008,0.007410661783,0,0.0004474299494,0.003264117986,0.0458140485,0.05676817149,0.002680465346,0.003510135226,0,0.006336200982,0.005112167448,0.005582010373,0.002380952472,0.00731960265,0.02379938215,0.01913320832,0.007142857648,0.009753789753,0.006111129187,0.00094670814,0.005252956413,0.003263919149,0.0003735455102,0.03130058572,0.002380952239,0.03481828421,0.01990475692,0,0.0008111859206,0.007737718523,0.01348922215,0.002380952472,0,0,0.01488441881,0.002700005891,0.002380952472,0.008126431145,0.009523809887,0.01288603991,0,0.04873652384,0.02030920982,0.03623940796,0.0007525667315,0.002380952472,0.01089054067,0,0,0.001008271705,0,0,0.001384464675,0.0008265277138,0.01309174392,0.04033997282
37,0.0002720741322,0,0.0005231100949,7.41523254e-05,0,0.002380952472,0,7.724460011e-05,0.00545483781,0.008857800625,0.03618774191,0.0143221179,0.08250148594,0.04455626383,0,0.01676338911,0,0,0,1.299747601e-05,0,0,0,0,0,0,5.350905212e-06,0,0,1.241904374e-05,0,0,2.873046651e-05,0,1.312609675e-05,0,0,0,0,0,0,0,0,0.07636925578,0.03468368575,0.02559067123,0.03511630744,0.01299968176,0.02142857201,0.030535575,0.03610039502,0.01290899236,0.006341418251,0.001349435071,0.007529314142,0.007579748519,0.04002634436,0.06669230759,0.06429622322,0.02569894865,0.01939883083,0.01225322857,0.06928472221,0.0741205588,0.004107811023,0.01010704506,0.007142857648,0.0224019438,0.009676571935,0.01133233868,0.003064871766,0,0.250490427,0.006780613214,0.03304870799,0,0,0,0.007689731661,0.01146953274,0.002380952472,0.04248323664,0.002380952472,0.06132000685,0.1159038246,0.01190476213,0.002380952239,0.002380952472,0,0,0.001206942252,0.01254986133,0.007142857648,0,0,0,0,0,0,0,0.004251113627,0.002891172888,0.004761904944,0,0,0,0.0002345991525,0.001290737651,0,0.0005850609741,0.00104395824,0,0.01530872565,0.005527422298,0,0.002472552937,0,0.002380952472,0,0,0,0,0.0006902909372,0,0.0001559646626,0.002380952472,0.002380952472,0,0.009488860145,0,0,0,0,0.004223077092,0,0,0,0,0,0,0,0.002380952472,0.01061731111
38,5.852038521e-05,0,0,0,0,0,0,0,0.003655191744,0.007994306274,0.008739355952,0.009433886036,0.02046153694,0.007142857648,0,0.01472193003,0,0,0,0,0,0,0,0,0,0,0.0002956276876,0,0,0,0,0,0,0,0,0,0,0,0,0,0,0,0,0,0.002380952472,0.004761904944,0.009523809887,0,0,0,0.002387157409,0.004761904944,0,0,0,0.002380952472,0.01539700758,0.01812359504,0.02260729857,0.001056885114,0,0.002380952472,0.0172762908,0.01663742401,0,0.002380952472,0,0,0,0,0,0,0.05527086928,0,0.009523809887,0,0,0,0,0,0,0.004761904944,0.002380952239,0.01190476213,0.02380952425,0,0,0,0,0,0,0.004761904944,0.002380952472,0,0,0,0,0,0,0,0.002380952239,0,0,0,0,0,0,0,0,0,0,0,0.002380952472,0.002380952472,0,0,0,0,0,0,0,0,0,0,0,0,0.002380952472,0,0.002380952472,0,0,0,0,0,0,0.002380952472,0,0,0,0,0,0,0
39,0,0,0.001294390531,0,0,0,0,0,0.002493554493,0.007301796228,0.01214259397,0.009066279978,0.01904761977,0.007644934114,0,0.01090604346,0,0,0,0,0,0,0,0,0,0,0,0,0.0001820067846,0,0,0,0,0,0,0,0,0,0,0,0,0,0,0.007142857648,0.00161942048,0,0.002380952472,0.002380952472,0.002380952239,0.01490906812,0.009523809887,0.004761904944,0,0.004761904944,0,0,0.01538990717,0.02012774721,0.02474029548,0.004761904944,0,0.002380952472,0.01190476213,0.01602901705,0,0.004495591391,0,0.004761904944,0.008161590435,0,0.0006124777137,0,0.04285714403,0.002380952239,0.01552901883,0,0,0,0,0.004761904944,0,0.004761904944,0,0.007142857648,0.03333333507,0.004761904944,0,0,0,0,0,0.002380952472,0,0,0,0,0,0,0.002380952472,0,0.002380952472,0.002380952472,0.002380952472,0,0,0,0,0,0,0,0,0,0.004761904944,0.001764794113,0,0,0,0,0,0,0,0,0,0,0,0,0,0,0,0,0,0,0,0,0,0,0,0,0,0,0,0,0.004761904944
40,4.221195923e-05,0,0,0,0.0006408502231,0,0,0,0.001110571204,0.005166471936,0.008545607328,0.004422339145,0.04244859889,0.01256173756,0,0.005778873339,0,0,0,0,0,0,0,0,0,0,1.412457323e-06,0,0,0,0,0,0,0,0,3.366103192e-05,0,0,0,0,0,0,0,0.01495794766,0.01311020181,0.008591288701,0.01291965786,0.01190476213,0,0.01009424869,0.01190476213,0.004761904944,0.002380952472,0,0.007142857648,0,0.02397510223,0.03088748641,0.0251977779,0.004171202891,0.002380952472,0.006654842291,0.01428978983,0.04490009695,0.002380952472,0.005089954007,0.002380952472,0.002380952472,0.007142857648,0,0,0.002380952472,0.1190476269,0.007142857648,0.01108625997,0,0,0,0,0.00574410893,0,0.0142857153,0,0.02142857201,0.07600142062,0.004761904944,0,0,0,0,0.000780266535,0.004761904944,0.004761904944,0,0,0,0,0,0,0,0,0,0,0,0,0,0,0.001273884904,0,0,0.0005510084447,0,0.003543406259,0.002380952472,0,0,0,0,0,0,0,0,0,0,0,0,0.0009224360692,0,0.002380952472,0,0,0,0,0,0,0,0,0,0,0,0,0,0.0007768640644
41,0.0001682263392,0,0,0,0,0,0,0,0.001839909703,0.005251367111,0.009265035391,0.006741276477,0.02243910171,0.01640205272,0,0.006703240331,0,0,0,0,0,0,0,0,0,0,0,0,0,0,0,0,0,0,0,0,0,0,0,0,0,0,0,0.008005278185,0.01190476213,0.003379949369,0.01001880877,0.007142857648,0,0.004761904944,0.01038704719,0.008089682087,0.002380952472,0.002380952472,0.002380952472,0.000857330102,0.02075474709,0.02723525651,0.04585127905,0.005523731466,0,0.002380952472,0.02846803702,0.00750073744,0,0.006315567531,0,0.004761904944,0.002380952239,0.002380952472,0,0.002380952472,0.05238095298,0.002380952472,0.01190476213,0,0,0,0.004761904944,0.001400104957,0,0.008139512502,0,0.008530162275,0.02380952425,0,0,0,0,0,0,0,0.002380952239,0,0,0,0,0,0,0,0,0,0.002380952472,0,0,0,0,0.003442573594,0,0,0,0,0,0.003800051752,0,0.0005300631747,0,0,0,0,0,0,0,0,0.002380952472,0,0,0,0,0,0,0,0,0,0,0,0,0,0,0,0,0,0
42,0.0002433287882,0,0.0005480816471,0,0,0,0,0,0.001277873409,0.004439878277,0.01273986977,0.00508172065,0.0474848263,0.009485826828,0,0.006723487284,0,0,0,0,0,0,0,0,0,0,0,0,0,0,0,0,0,0,0,0,0,0,0,0,0,0,0,0.01314871665,0.002380952472,0.007142857648,0.004761904944,0,0,0.009523809887,0.007565019187,0.002380952472,0.004761904944,0.002380952472,0,0,0.008935641497,0.03311936557,0.02423291095,0.002380952472,0,0.002380952472,0.02005653456,0.02320226841,0,0.0007996787899,0.002380952472,0.001256666961,0.004761904944,0,0.002380952472,0,0.04695078731,0.004761904944,0.004610253032,0,0,0,0,0.009523809887,0.00344792055,0.009523809887,0,0.002380952472,0.02142857201,0,0,0,0,0,0,0.002380952472,0.002380952472,0,0,0,0,0,0,0,0,0,0,0,0.002380952472,0,0,0.001142850611,0,0,0.001364303404,0,0,0,0,0,0,0,0,0,0,0,0,0,0,0,0,0,0,0,0,0,0,0.002380952472,0,0,0,0,0,0,0,0,0.002380952472
43,0,0,0,0,0,0,0,0,0.0001888998231,0,0,0.0001099561487,0,0,0,0.0005773329758,0,0,0,0,0,0,0,0,0,0,3.004799328e-05,0,0,0,0,0,0,0,0,0,0,0,0,0,0,0,0,0.002380952472,0,0,0,0,0,0,0,0,0,0,0,0,0,0,0.0006295178318,0.001033824054,0,0,0,0.002380952472,0,0,0,0,0,0,0,0,0.0142857153,0,0,0,0,0,0,0,0,0.002380952472,0,0.002380952472,0.002380952239,0.002380952472,0,0,0,0,0,0,0,0,0,0,0,0,0,0,0,0,0,0,0,0,0,0,0,0,0,0,0,0,0,0,0,0,0,0,0,0,0,0,0,0,0,0,0,0,0,0,0,0,0,0,0,0,0,0,0,0,0
44,0.4583628476,0.1841479987,0.4024351835,0.2563500702,0.5112407207,0.2670925856,0.1565727443,0.3739406466,0.4613413811,0.4256339371,0.3877954781,0.4168005288,0.8383408189,0.80188936,0.4852291048,0.5193274021,0.116267167,0.06823218614,0.07557475567,0.08285553753,0.115307875,0.06173279881,0.03976215422,0.02380507812,0.04644418508,0.1010597274,0.2608806491,0.1375486255,0.2041764408,0.2186882794,0.2040134519,0.17367962,0.1205592006,0.0909396559,0.1654934883,0.185850963,0.07636925578,0,0.007142857648,0.01495794766,0.008005278185,0.01314871665,0.002380952472,0,0.1734049022,0.1785768121,0.253569454,0.3203426003,0.3502788544,0.2238302976,0.3351238072,0.4057120681,0.3307517767,0.3168992996,0.2961271405,0.2669883668,0.3711969852,0.3948769569,0.4686511755,0.2438138127,0.2949789762,0.3302090466,0.3226013184,0.4259497225,0.2827161849,0.2989580035,0.3440283835,0.3854596019,0.3570078313,0.4062700272,0.4540010989,0.4199426472,0.9511188865,0.3412898183,0.2801467776,0.3395650387,0.2878926694,0.2543287277,0.2626062632,0.4525381029,0.464864254,0.4539379179,0.289578557,0.5775647759,0.9422284365,0.3840792775,0.4007708728,0.3152416646,0.4631171227,0.427597791,0.2750215232,0.4664460719,0.4705356359,0.4741418064,0.461276412,0.4806080461,0.4330716133,0.4527773857,0.4973604381,0.3249262571,0.4253728092,0.4487523139,0.3470221162,0.1126861274,0.1202697083,0.1227663979,0.2526009381,0.4094649553,0.3665837646,0.08788538724,0.3803710341,0.05883384123,0.4219167829,0.4101734161,0.1659617871,0.26540488,0.228204757,0.3734624982,0.08920995891,0.183975026,0.2977824509,0.3547961414,0.3230339289,0.1590960622,0.4422245324,0.3282771707,0.2995942235,0.2030955404,0.3781169057,0.3908720016,0.3753674328,0.2214135081,0.1255695671,0.3247086704,0.1495211422,0.1956523806,0.1714529991,0.2084350735,0.328795284,0.2051588893,0.2246697098,0.4556800723,0.3925849199
45,0.01783884503,0.03041532636,0.07692982256,0.1031772941,0.008117078803,0.1049555764,0.07300272584,0.1100784466,0.1089420542,0.1335097998,0.07552147657,0.1214656085,0.2816648781,0.3563639224,0.2156184614,0.2020888478,0.04989837483,0.02044548839,0.04901006818,0.06970065832,0.0663754046,0.02952354774,0.01087526325,0.008349985816,0.02265509777,0.0216441229,0.0864495635,0.0810970515,0.09755763412,0.1152178422,0.1034483984,0.08967992663,0.07327600569,0.04555197805,0.06341870874,0.07630181313,0.03468368575,0.002380952472,0.00161942048,0.01311020181,0.01190476213,0.002380952472,0,0.1734049022,0,0.002596541541,0.0006940512685,0.0005514743389,0.001472476637,0.001906190068,0.002339180326,0.2871405482,0.09291899204,0.1023726091,0.1100457385,0.07098705322,0.05096646026,0.06075716764,0.06494306773,0.02843288518,0.03951781243,0.06555003673,0.02071654797,0.08230957389,0.1203448549,0.04703131318,0.1611201465,0.1430931389,0.06099756435,0.03127180785,0.05023678392,0.1723812222,0.9300043583,0.1821485907,0.08884938061,0.1488389969,0.1334366202,0.06656847149,0.09430459887,0.07491219044,0.05818933621,0.02320136875,0.1552832574,0.5532903671,0.8960442543,0.1186148226,0.1450760514,0.147854805,0.1135660112,0.09712291509,0.0636311844,0.01987572946,0.04587835446,0.005572214723,0.006315998267,0.008733502589,0.0027872012,0.001613292145,0.002778592985,0.001594140078,0.004074066877,0.003039193572,0.02997243218,0.002543628681,0.009523809887,0.007142857648,0.0142857153,0.04703748226,0.008912563324,0,0.02382509224,0,0.07477399707,0.09236115962,0,0.0223988127,0.02456269599,0.02637791447,0.001770273317,0.009523809887,0.01461951435,0.02557125688,0.02330795862,0.0209197104,0.04234135151,0.02128081024,0.03509771451,0.005402137991,0.01687647216,0.04877765104,0.01894155145,0.008910873905,0.005444020964,0.02532578073,0.01276035607,0.0307766404,0.04862371087,0.03967972472,0.03713724762,0.004761904944,0.002380952472,0.009197111242,0.04115945846
46,0.00928384997,0.01083019003,0.03088612482,0.07179193199,0.009440095164,0.07394614071,0.06806957722,0.05214049295,0.06468590349,0.02743296139,0.03476714715,0.02879308164,0.4883562326,0.456795454,0.2825149,0.1943344772,0.0373962298,0.03746791556,0.04192055389,0.07757908106,0.0493633002,0.02892852016,0.01742267981,0.005152722821,0.02407262102,0.04602783173,0.06065931544,0.06645857543,0.09472919255,0.1069161445,0.08405700326,0.1012016907,0.08663544059,0.05508703738,0.05495304987,0.06972892582,0.02559067123,0.004761904944,0,0.008591288701,0.003379949369,0.007142857648,0,0.1785768121,0.002596541541,0,0.001228651847,0.02111367509,0.01665162481,0.000422290701,0.001532138558,0.1208734736,0.01762525178,0.007180972956,0.003147891955,0.001763104228,0.003154214937,0.00296180835,0.006506255362,0.0004936167388,0.004801154137,0.005385198165,0.002324408852,0.009529802017,0.003422164591,0.001787268091,0.01476554107,0.02490108274,0.03896853328,0.01270255819,0.005695195869,0.1580547094,0.6411333084,0.01124351937,0.002212981228,0.04055747762,0.008333155885,0.002221929608,0.002718182513,0.01774046198,0.01958231255,0.006126954686,0.003665743396,0.1278923601,0.8365828395,0.0436585471,0.1104596108,0.015228034,0.1063144431,0.008783574216,0.001992248697,0.01976578869,0.02604853176,0.004949918017,0.006255912594,0.002546598902,0.0009129834943,0.002620726358,0.003711100202,0.003324502381,0.002355728298,0.002486532088,0.002094166819,0.006548703648,0.001212324365,0.002579703927,0.0007259575068,0.006026950665,0.006858551409,0.0006258927751,0.007313797716,0.002380952472,0.014505147,0.01200927235,0.004726110492,0.002505657496,0.008470108733,0.006367811933,0.002380952472,0.00256521767,0.005618648604,0.008639146574,0.002591776894,0.02385603264,0.01800267398,0.01545993332,0.008011569269,0.002380952472,0.005960505921,0.005601596553,0.007876732387,0.005416535772,0.006642516237,0.00891475752,0.004079218488,0.001020275755,0.02337141521,0.007318482734,0.004396969453,0.003292580834,0.002560739173,0.00338184135,0.009618083946
47,0.00327108684,0.03188397363,0.0182885807,0.07759578526,0.001886710641,0.04492744803,0.04681068659,0.02765296586,0.02227966487,0.05255734175,0.01773695089,0.03755865619,0.2565838993,0.1822042465,0.1696121246,0.1590237617,0.06660667807,0.02854817547,0.07316532731,0.08614040911,0.07819170505,0.0529059656,0.04481196776,0.01779177412,0.02329209819,0.05301565677,0.0468660146,0.09656764567,0.07334217429,0.09209190309,0.09525808692,0.1001271531,0.08226721734,0.05332535505,0.06196193397,0.0625629425,0.03511630744,0.009523809887,0.002380952472,0.01291965786,0.01001880877,0.004761904944,0,0.253569454,0.0006940512685,0.001228651847,0,0.0005957827088,0.002239394234,0.0002545416355,0.0004964171676,0.2345704436,0.06335803121,0.06362039596,0.08280722052,0.06766027212,0.04072928801,0.06830492616,0.04010752589,0.02924193069,0.0319776088,0.0688174367,0.01957128942,0.06345935166,0.06373103708,0.04327443615,0.07352367043,0.08752451837,0.02891447023,0.03766816482,0.04665100574,0.09970095754,0.9006234407,0.08941711485,0.06882609427,0.07902640104,0.07721052319,0.02510885149,0.07199898362,0.03958160803,0.02416159026,0.01220109779,0.09085080028,0.4441527128,0.8201562166,0.05014323816,0.08813305944,0.06191659719,0.0852368623,0.05141286552,0.04215141758,0.002997496631,0.02320215665,0.001901870477,0.001458942192,0.0006235201727,0.0003161119821,0.000319701765,0.0005120516289,0.0008532411885,0.0004347068316,0.0002605889167,0.01086869743,0.003415211104,0.0006036791019,0,0.01705626957,0.02643162571,0.001159421401,0.003615906462,0.004041833337,0.004761904944,0.02496168762,0.02163432352,0.002380952239,0.0141989002,0.01087832265,0.003568016225,0.002380952472,0.002380952472,0.00778747024,0.02846767195,0.005796833429,0.01536083408,0.004935208708,0.003958980553,0.009748022072,0.004761904944,0.002495267428,0.005428862292,0.002301731845,0.004602045286,0.002380952472,0.00620930735,0,0.004761904944,0.02398600988,0.02011453547,0.007569085341,0.001458127866,0,0.0009926807834,0.006770541891
48,0.004647767171,0.009742228314,0.02587877028,0.0725191161,0.0007653538487,0.0539717637,0.04610022157,0.03674537316,0.0565161109,0.08977010101,0.04836703464,0.07482244074,0.1887225509,0.2695197165,0.1860207021,0.1768029183,0.05053985864,0.02962031215,0.03171050549,0.05019152537,0.03375318646,0.02437667549,0.006897986867,0.01190476213,0.01236419473,0.02058685943,0.06024959311,0.04268119484,0.07060202211,0.09353204072,0.09037077427,0.09704931825,0.06352736801,0.0276822187,0.03352183104,0.0706962496,0.01299968176,0,0.002380952472,0.01190476213,0.007142857648,0,0,0.3203426003,0.0005514743389,0.02111367509,0.0005957827088,0,0.0001414939179,0.004186619073,8.358354535e-05,0.2395327091,0.07962749153,0.0714827925,0.0504524596,0.06047027931,0.03377258405,0.05445505679,0.04280174896,0.07850078493,0.03380319849,0.06983046979,0.02811207063,0.07349412143,0.1121165082,0.0451217778,0.1144281775,0.1204634234,0.04808020219,0.01693776995,0.02841313183,0.1414733082,0.9292245507,0.1317939758,0.1079470515,0.1273190081,0.108517997,0.05802207813,0.09899372607,0.03221280128,0.03564272448,0.01055736281,0.1520269662,0.5139059424,0.867828846,0.08439439535,0.1192067042,0.127491653,0.09483547509,0.07413674891,0.04853822291,0.001421786263,0.0222449787,0.0006060985615,0.0005964726442,0.0005175605183,0.0003229938447,0.000117740703,0.0002514620428,0.0003709252051,0.0003745453432,0.0002549447818,0.008058075793,0.002532692859,0,0,0.003631720319,0.03267894685,0.0007209895994,0.004761904944,0.005731760524,0.002570966026,0.03708156198,0.03986123204,0.002380952472,0.01556977071,0.01549324673,0.005723661277,0,0.007142857648,0.002380952472,0.003437549807,0.006466528401,0.01257332694,0.009382530116,0.003294120543,0.009611463174,0.004087533802,0.00352687249,0.01275015064,0.004682539031,0.002477796981,0.001744586974,0.005111160222,0.01547263842,0.007716530934,0.0177202262,0.02209991403,0.01932388172,0.006045360118,0.002380952239,0.001087323646,0.0141215967
49,0.001500215381,0.004963198211,0.005798069295,0.03440491855,0.0007275776006,0.03241919354,0.02315713279,0.01397451852,0.04280060902,0.0442304872,0.05189707503,0.04608089849,0.2464036047,0.3999692202,0.1227112114,0.1952415556,0.02624352835,0.02228290029,0.02679778449,0.04405774176,0.03428370133,0.02250118367,0.009523809887,0.004761904944,0.003206550376,0.02444215864,0.06168225035,0.05143105984,0.06738395244,0.08180715889,0.08819580078,0.07919995487,0.04904401302,0.01103317551,0.04335771501,0.081020087,0.02142857201,0,0.002380952239,0,0,0,0,0.3502788544,0.001472476637,0.01665162481,0.002239394234,0.0001414939179,0,0.002641444327,0.0001101823218,0.09916300327,0.02072776668,0.01956200227,0.05244144052,0.03130863607,0.02995774895,0.02823782526,0.01309096161,0.03449389711,0.0123175364,0.02344552241,0.002172304783,0.00996746216,0.0592392087,0.01858262718,0.06993169338,0.05303512886,0.05293815583,0.004056191072,0.0006111201365,0.1214526296,0.9710332155,0.06272504479,0.04090957344,0.09559925646,0.05711527914,0.01414185949,0.06505170465,0.0004352575343,0.000358766818,0.0004642210843,0.1332353503,0.532173574,0.8492025733,0.06731953472,0.1608964652,0.06276950985,0.006659641862,0.00329619972,0.01854303107,0.0004273758968,0.00058709312,0.0003382073774,0.000339213555,0.0004685084568,0.0001821918413,0.0002473900968,0.0002772143926,0.000427211693,0.0002366154804,0.0001701481378,0.002077704063,0,0,0,0.005037871655,0.006943888962,0.0003055561683,0.001203474356,0.001063528587,0.002380952239,0.004483720753,0.006415632553,0.0008316346793,0.003154234728,0.007779497653,0.001031092019,0,0.001057999674,0.0005794646568,0.004434570204,0.001690846053,0.001781439176,0.002609070623,0.002936302917,0.002428601496,0.0005005669082,0.0007459542248,0.001808531699,0.001779863844,0.0003128284588,0.002380952472,0.003421163652,0.0008985379827,0.0005268486566,0.003822596511,0.003297808114,0.001034798566,0,0,0.000271188328,0.001907777856
50,0.002951015485,0.02052014507,0.007352413144,0.04631302878,0.001596604125,0.02041537315,0.02152140625,0.02573645115,0.01554059517,0.02065956034,0.01326731872,0.01264914498,0.3008520305,0.2128745317,0.1594591439,0.1666319221,0.07715394348,0.04003994539,0.06350449473,0.07976965606,0.07877373695,0.06461408734,0.04945170134,0.009961492382,0.02628521249,0.05894292518,0.04335473478,0.07429134846,0.07708157599,0.09595030546,0.09984409064,0.1044526622,0.1045101583,0.05325992778,0.07493317872,0.07190151513,0.030535575,0,0.01490906812,0.01009424869,0.004761904944,0.009523809887,0,0.2238302976,0.001906190068,0.000422290701,0.0002545416355,0.004186619073,0.002641444327,0,0.0001524399704,0.1109889373,0.02367032319,0.01527086459,0.01729302295,0.009305605665,0.006054400001,0.006607697811,0.009173500352,0.0005826166016,0.009480204433,0.004726849031,0.0001957875065,0.005149411038,0.01936914027,0.002445556922,0.02827700227,0.03421445191,0.03035046346,0.01158856228,0.01651509851,0.1131054237,0.8845976591,0.0318415463,0.004748287145,0.07159981132,0.02442676388,0.00674156379,0.01204936858,0.01306921244,0.02246585675,0.0009069250664,0.03065870516,0.3829689622,0.7705740929,0.03096733429,0.09647615254,0.03970844299,0.0545062311,0.01781322062,0.00268850103,0.001695704646,0.006763354409,0.0003513749398,0.0003089022066,0.001685676165,0.0002963915467,0.0003699738008,0.0001014347363,0.000490855251,0.0001583104022,0.0002700100013,0.002214743989,0.003171207616,0,0,0.01095433813,0.008289751597,0.00139651366,0.002946940251,0.001851159963,0.00576857524,0.005694719031,0.01089763641,0,0.002652774565,0.009909112938,0.003288337961,0,0.002380952472,0.003176991828,0.01271074172,0.005137228407,0.01100534666,0.006053897552,0.003017684212,0.003825183958,0.002380952472,0.001658950699,0.008233026601,0.001599596813,0.001700890251,0.002885018475,0.002156590112,0.002816103632,0.002380952472,0.012477451,0.009111973457,0.002380952472,0.003573610215,0.00400498556,0.0007949419087,0.003036521608
51,0.000840211811,0.007264701184,0.002437189687,0.0399059616,0.0002788093698,0.01280486491,0.02135858685,0.00869178772,0.01164046861,0.02068159357,0.01212733518,0.01427259482,0.2380511463,0.1790778786,0.1294246018,0.1633349955,0.0602443628,0.06806891412,0.08588210493,0.1005246416,0.1105674058,0.07955226302,0.03441490233,0.02955099382,0.04772345349,0.05374785513,0.04818021506,0.08709955961,0.07296790183,0.09280952066,0.1129163131,0.1136781499,0.1085770354,0.07562851161,0.07407975197,0.09027418494,0.03610039502,0.002387157409,0.009523809887,0.01190476213,0.01038704719,0.007565019187,0,0.3351238072,0.002339180326,0.001532138558,0.0004964171676,8.358354535e-05,0.0001101823218,0.0001524399704,0,0.1015519053,0.0163567178,0.02878072299,0.02597614191,0.01571308076,0.01303489506,0.01517529786,0.01890822686,0.005628190003,0.01489827689,0.01154752914,0.000541374553,0.008807881735,0.02327799238,0.01399113052,0.02722771093,0.03309963271,0.02860237099,0.01109214593,0.004959346261,0.1226512119,0.923022151,0.03816052526,0.01313496847,0.08044232428,0.03352449462,0.007343278266,0.02967425436,0.007799501996,0.01406892296,0.000328718219,0.05202240124,0.4082940519,0.7594225407,0.02892007865,0.09985930473,0.0463324748,0.05756669492,0.02153902873,0.004857616499,0.0002524575975,0.002861304441,0.0002111331123,3.798898979e-05,4.620357868e-05,3.297863077e-05,3.809482951e-05,6.842811126e-05,0.0001767245849,3.026256127e-05,4.705220999e-05,0.000651822309,0.0008666235954,0.0002731787681,0,0.005742715206,0.008142596111,0.0003482606262,0.002380952472,0.0005153816892,0.0003764809517,0.003018894233,0.006711034104,0,0.005389513448,0.00090466236,0.0003562968632,0,0.0005039087846,0,0.009524153545,0.003523298539,0.007290473673,0.001300661475,0.0006505482597,0.0008776194882,0.00104415603,0.0003159559565,0.002065901877,0.000442094868,0.0007554818294,0.0001213893775,0.0003650195431,0,0.001975809224,0.01875982061,0.005531969015,0.002763909521,0.002380952472,0.002170001622,6.771715562e-05,0.001094595296
52,0.02842017449,0.01964566484,0.03229564801,0.04104029387,0.03197289258,0.03088034503,0.01078662928,0.02813409641,0.07544250786,0.02734075114,0.01921408623,0.01882219873,0.5181654692,0.3792078793,0.08295644075,0.2532597184,0.04050923511,0.02276812866,0.036176797,0.0473000966,0.06759274006,0.02747266553,0.009493108839,0.009088480845,0.01668999903,0.04027085751,0.1059802994,0.05174602941,0.105742313,0.1308809966,0.1227378175,0.09745907038,0.06299326569,0.03478171676,0.07205234468,0.08069032431,0.01290899236,0.004761904944,0.004761904944,0.004761904944,0.008089682087,0.002380952472,0,0.4057120681,0.2871405482,0.1208734736,0.2345704436,0.2395327091,0.09916300327,0.1109889373,0.1015519053,0,0.002244123723,0.003609331558,0.0232624691,0.06174767017,0.01778117754,0.009929447435,0.009069425985,0.08854794502,0.01074246876,0.01615407877,0.03252593428,0.0154263638,0.02512002736,0.02710695751,0.01800818369,0.004836323205,0.1183351129,0.01272019278,0.01751815155,0.2353995442,0.9524716735,0.01894955896,0.04955734685,0.03359525278,0.02367918752,0.02929330431,0.06024891883,0.02452363819,0.0114414813,0.03375135362,0.05863114819,0.4431279898,0.6406757236,0.06716997176,0.08357949555,0.01173351984,0.0403460823,0.01066289004,0.03211569041,0.04423402622,0.03524477407,0.03797394037,0.04695922881,0.0328862071,0.055570025,0.04808957502,0.0530590266,0.03310395777,0.05476007983,0.05271267891,0.02844608203,0.01497369818,0.01195925102,0.01078384556,0.01454900298,0.01345789712,0.04219166934,0.01422727387,0.03408425301,0.01302492525,0.02750630118,0.02011333406,0.02278643288,0.02883519605,0.01677882113,0.02984978259,0.009628803469,0.01226790994,0.01561904512,0.01814224198,0.03232685104,0.01885353401,0.03471815214,0.02839838341,0.02946668863,0.02021506056,0.03879886866,0.0238286294,0.0310347937,0.0224375762,0.02124434337,0.0316230692,0.02294781804,0.009830663912,0.0195222497,0.01588800363,0.01608399116,0.01778776199,0.02165959589,0.03452359885,0.03076589108
53,0.003137332387,0.001475311932,0.003467932576,0.0008423563559,0.0002245981741,0.004761904944,0.002380952472,0.004098298028,0.004871984944,0.0007595432689,0.0001778442966,0.0006218815106,0.3778196573,0.1197479442,0.004761904944,0.2231581658,0.01004346926,0.01508548856,0.003891567467,0.02061692998,0.0231338609,0.009523809887,0.00805301033,0.002380952472,0,0.01613778621,0.04247851297,0.02212674543,0.04576485232,0.07190409303,0.05719827116,0.04894817248,0.03055674769,0.01989420131,0.0166417174,0.04764549062,0.006341418251,0,0,0.002380952472,0.002380952472,0.004761904944,0,0.3307517767,0.09291899204,0.01762525178,0.06335803121,0.07962749153,0.02072776668,0.02367032319,0.0163567178,0.002244123723,0,1.701760311e-06,4.075975448e-05,9.707712161e-05,3.032389031e-05,1.497081939e-05,3.749076495e-05,0.00484719174,1.865683589e-05,4.104445907e-05,0.00094869436,0.0001981530804,6.668414426e-05,0.0003364219738,0.0006386261666,1.210985374e-05,0.0004568547301,0,0.0006465485203,0.01387944911,0.8924453855,5.099235568e-05,0.001630523475,0.0007784423651,5.873449845e-05,0.0008851904422,0.001731424476,0.0009958320297,0.0001853404247,0.001193508971,0.002884878078,0.237517342,0.5718859434,0.006098091137,0.002567822114,2.227930781e-05,0.003261273028,0.0002193105756,0.0007669118932,0.01070256624,0,0,0,0,0.002380952472,0,0,0,0.0004412389535,0,0,0,0,0,0.002380952472,0.0003570680856,0,0,0.0008543162257,0,0.001678726403,0.0003514435084,0,0,0.0007013161667,0.001153589459,0,0,0,0,0,0,0,0.0001148359515,0,0,0.000975784671,0,0.001012858935,0,0,0,0,0,0,0.0009005081374,0,0,0,0,0.0003581843921
54,0.0008795824251,0,0.0002225532371,0.002683792729,0,0,0.002380952472,0.003633423243,0.0008937621024,0.0001738688734,0.0001115442792,9.051466623e-05,0.2104657143,0.1688445807,0.006316727959,0.1218982041,0.01081521623,0.00290782284,0.005603211466,0.01797775924,0.01198982913,0.0119413482,0.002380952472,0.004976646975,0.005898186471,0.01344783138,0.02069800347,0.04343041778,0.03535804152,0.03970985487,0.03703955561,0.02537441067,0.03923367709,0.01911459118,0.01830962487,0.03785006702,0.001349435071,0,0.004761904944,0,0.002380952472,0.002380952472,0,0.3168992996,0.1023726091,0.007180972956,0.06362039596,0.0714827925,0.01956200227,0.01527086459,0.02878072299,0.003609331558,1.701760311e-06,0,1.102830765e-06,2.008609044e-06,1.257544773e-05,2.370676884e-05,0.0001999953383,0.001372471103,0,1.98166581e-05,0.0008294217405,0.0003230703878,1.248351691e-05,0,0.0004133785551,1.089499619e-05,0.000101527854,0,1.83120701e-05,0.01452069636,0.8374038935,3.564789586e-05,0.0003215214238,0.000357385783,5.509798575e-05,5.17925946e-05,0.0001323859906,0.000868807896,0,0.001260304125,0.0003206593392,0.1551469415,0.6651656032,0.005210429896,0.0008769953856,2.740137825e-05,0.0003153498401,2.250695252e-05,2.855781713e-05,0.009523809887,0.0001550740417,0.002380952472,0,0,0.004761904944,0,0,0,0.002380952472,0,0,0,0,0,0,6.070267045e-05,0,0,0,0,0.000248954806,0.0001494742028,0,0,0,0.0004754808906,0,0,0,0.0002156580158,0,0,0,0,0,0,0.001644800417,0,0,0,0,0,0,0,0,0,0,0,0,0.002380952472,0.0002852564212
55,0.001742536202,0,0.001622912241,0.003596040886,0,0.002380952472,0.004761904944,0.00352928252,0.001040298492,0.0001068670608,0.0004244820157,0.0001556454663,0.2153510153,0.2220016569,0.02634197287,0.1462148875,0.01408031303,0.02257863991,0.02250653505,0.03093488701,0.02395127714,0.02120945416,0.01267419569,0.002714738948,0.01300924178,0.01904387213,0.02081255242,0.03875737265,0.06746539474,0.0481226705,0.04862515256,0.05806092545,0.03519559652,0.0126438681,0.03147616237,0.04033738375,0.007529314142,0,0,0.007142857648,0.002380952472,0,0,0.2961271405,0.1100457385,0.003147891955,0.08280722052,0.0504524596,0.05244144052,0.01729302295,0.02597614191,0.0232624691,4.075975448e-05,1.102830765e-06,0,3.919150231e-07,3.408308658e-06,2.783440323e-05,3.524446583e-05,0.0005482989363,4.13765747e-07,4.730754426e-06,0.0004538693174,0.0002331143478,9.4659963e-06,1.137262097e-05,0.001190635609,3.316021684e-05,0.001230772003,0,5.732356658e-05,0.03124704957,0.7864587903,8.565939061e-05,0.0001617891976,0.002894249745,3.53050018e-05,0.0002550769423,3.729717719e-05,0.0001000280754,9.119113383e-05,0.004050697666,0.0003409556812,0.1196200848,0.7621020675,0.009330181405,0.008528141305,0.0003936227877,0.002380952472,0.0002358178172,0.0001333854452,0.006486484781,0,0,0,0,0,0.0009737200453,0,0,0.0009809302865,0,0,0,0,0,0,5.864763352e-06,0,0,0.0008000119124,0,0.0004124176048,0.0001024070807,0,0,0.0005422759568,0,0,0,0,4.874572187e-05,0,0.002380952472,0.002380952239,0.0009704402764,0,0,0.0009962631157,0,0,0,0,0,0,0,0.001782622305,0,0,0,0.002380952472,0.002380952472,0
56,0.001186417998,0.0007836648729,0.0002658545272,0.003495678538,0,0.002380952239,0,0.008811781183,0.0007556454511,0.0001099447109,0.0004972417373,0.000239133602,0.1902252287,0.2376320213,0.01407311391,0.1114858612,0.01086101588,0.01055745874,0.01000194717,0.03306559846,0.02563082241,0.01826283522,0.004761904944,0.002380952472,0.005340032745,0.006107305177,0.02250767685,0.0336211212,0.03063755855,0.04707258567,0.0509455651,0.04248138145,0.0258460585,0.00886522606,0.02148657665,0.02396075241,0.007579748519,0.002380952472,0,0,0.000857330102,0,0,0.2669883668,0.07098705322,0.001763104228,0.06766027212,0.06047027931,0.03130863607,0.009305605665,0.01571308076,0.06174767017,9.707712161e-05,2.008609044e-06,3.919150231e-07,0,3.133680138e-06,3.794554505e-05,9.093561675e-05,0.0004132109461,1.266087907e-06,2.620980922e-05,0.0004725932959,0.0001590849133,1.904391138e-05,2.644480219e-06,0.001784954802,0.001000702381,0.004303159658,0,0,0.02474671602,0.7840053439,0.000156078313,7.503999223e-05,0.009536945261,0.0004887904506,0.001273508882,6.115752967e-06,0.0003905184858,1.611895095e-05,0.002412628615,0.0003557667369,0.134750843,0.7862040401,0.009745718911,0.02610721439,0.0005509614712,0.006407344714,0.0007526954869,1.278679156e-05,0.007953267545,0.004761904944,0,0.002380952472,0,0,0,0,0,0,0,0,0,0,0,0,0,0,0,0.0008732036804,0,0.0001002168574,0.0002529132762,0,0,0.0004283084127,0,0,0,0,0,0,0,0.002380952472,0,0.0009026883054,0,0.00056854781,0,0,0,0,0,0,0,0,0,0,0,0,0,0.004380179103
57,0.006143505685,0.01084373612,0.001454104204,0.01826993749,0.01008313987,0,0.002380952472,0.01995745488,0.000418892334,0.0003885556944,8.058956155e-05,0.0003362948482,0.1999058425,0.1241149008,0.007014975883,0.1661684513,0.04266379401,0.04584230483,0.05849151686,0.0555813238,0.0505149141,0.05174762011,0.04337585345,0.03645466268,0.03023578972,0.05458211526,0.03494731337,0.06901936978,0.06123672798,0.07034286857,0.06551709026,0.07069376856,0.0752921924,0.0605199188,0.04374635965,0.05242938176,0.04002634436,0.01539700758,0.01538990717,0.02397510223,0.02075474709,0.008935641497,0,0.3711969852,0.05096646026,0.003154214937,0.04072928801,0.03377258405,0.02995774895,0.006054400001,0.01303489506,0.01778117754,3.032389031e-05,1.257544773e-05,3.408308658e-06,3.133680138e-06,0,2.164529724e-05,0.00012058633,0.0008527365862,1.429459758e-06,5.130083537e-06,0.0005701702321,0.0002949630434,1.272572263e-05,1.822144441e-05,0.001374716056,0.0001070136568,0.0004781936877,0.0001528384018,0.0002542540897,0.02631879784,0.7860964537,6.180931086e-05,0.0001338865695,0.001213291776,8.244073979e-05,0,3.050207488e-05,0.0005087193567,0,0.004257020541,0.0004924685345,0.1647982895,0.7202265859,0.0142988041,0.004752497189,0.0002960193669,0.001021107659,0.0004331741075,6.140836922e-05,0.008957965299,0.003346923739,0.0167092979,0.001789616654,0,0.004761904944,0.002380952239,0.001593109686,0,0.002586719114,0,0.0004231537168,0,0,0,0.0009704754339,7.868312241e-05,0.0007624761201,0,0.0004855751176,0,0.0004723876773,0.0003421443398,0,0.0005703149363,0.0006264421972,0.003159953514,0.0005461136461,0,0,5.467990559e-05,0.0003624334931,0.001358511276,0.009165500291,0,0,0.0007000587066,0.002107762033,0.0007220252883,0,0,0.001876959228,0.0006263136165,0,0.003017432522,0.002380952472,0.00239342358,0.0004503468808,0.001505788532,0,0.0002332759177,0.0003430965298
58,0.002694934374,0.006140045356,0.001147012576,0.04015453905,0.00543965213,0,0,0.02261640318,0.0007534103352,0.001462927088,0.0002632231044,0.0009555704892,0.3125229478,0.103191562,0.02224841341,0.2294092774,0.08029458672,0.08605159819,0.1012860313,0.1015156284,0.1005592719,0.08420669287,0.07996117324,0.04444526508,0.06248130277,0.08271733671,0.05007421225,0.08250039816,0.08910317719,0.09495070577,0.09499756992,0.1004633531,0.1277405024,0.09053129703,0.07366444916,0.08748418838,0.06669230759,0.01812359504,0.02012774721,0.03088748641,0.02723525651,0.03311936557,0,0.3948769569,0.06075716764,0.00296180835,0.06830492616,0.05445505679,0.02823782526,0.006607697811,0.01517529786,0.009929447435,1.497081939e-05,2.370676884e-05,2.783440323e-05,3.794554505e-05,2.164529724e-05,0,9.488065552e-05,0.001586647588,3.083700619e-07,3.127592436e-06,0.0002367308916,4.258412446e-05,6.477945863e-05,0.0003140033223,0.00236418657,0.0001368362864,0.001313454239,8.164966857e-05,0.0003725443676,0.03346476331,0.8461971283,3.657492562e-05,0.0002585799084,0.005164895207,0.0001618474926,7.631061453e-05,9.580230108e-05,0.0002583878231,0.0006601440837,0.001589831314,0.00187983294,0.2446759343,0.65291816,0.01049013436,0.01121341903,6.707707507e-05,0.008239562623,0.001127689029,0.0002097520919,0.008891363628,0.002617564285,0.01278580446,0,0,0.0003187649709,0.003788565518,0.002044867491,0,0.003267053049,0,2.743604091e-05,0,0.002897896804,0.0006963203195,0.002389873844,0.0003957406152,0.000176565678,0,0.0004275083484,0,1.111235088e-05,2.862409201e-05,0.0006736652576,0.002306543523,0.0002940913546,0.0007230172632,0,0,0.002047856338,5.042026896e-05,0.001152249519,0,0.004938991275,0.0001398439199,0,0.0004891994176,0.0004694359086,0,0,0,4.480155258e-05,0.0001566864084,0,0.001562327496,0,0,0.001343411859,0.0003559805336,0.002748526866,8.27169788e-05,0.0001715721737
59,0.001344358665,0.002996042371,0.0007833294803,0.007494471502,0.006080676336,0.0009877263801,0,0.0108654229,0.000328821654,0.0002100958081,0.0001231917122,0.0005781141808,0.2342619598,0.06611743569,0.005999797024,0.1894419044,0.04307671636,0.06174284965,0.06506735831,0.06716375053,0.05993878096,0.06303157657,0.06906481832,0.05394311994,0.03887698054,0.05442852154,0.04279249161,0.07519195229,0.07225637138,0.07680725306,0.07431475818,0.0861434415,0.0915869996,0.07329819351,0.05504487082,0.06677779555,0.06429622322,0.02260729857,0.02474029548,0.0251977779,0.04585127905,0.02423291095,0.0006295178318,0.4686511755,0.06494306773,0.006506255362,0.04010752589,0.04280174896,0.01309096161,0.009173500352,0.01890822686,0.009069425985,3.749076495e-05,0.0001999953383,3.524446583e-05,9.093561675e-05,0.00012058633,9.488065552e-05,0,0.003338706447,5.521926596e-06,0.0003088060766,0.001875618473,9.942502948e-05,0.0001723639143,5.986558608e-05,0.001317818416,0.0003516629513,0.0009097022121,7.651798342e-07,1.453048571e-05,0.009536617436,0.8583257198,0.0002735027228,0.002265354618,0.001688554767,0.0008402322419,0.0007891291752,0.0002841641253,1.234840965e-05,2.78784446e-05,0.0007305711624,0.004784551915,0.2501518428,0.6510108113,0.01027491968,0.004240805749,9.377780225e-05,0.0004864337679,0.0006571954582,0.0003148318792,0.003879301483,0.0001952813036,0.01244930737,0,0.002380952472,0,0,9.05283523e-05,0,0.003678580746,0.001591989072,7.389047096e-05,0,0.0001416644955,9.373033208e-06,0.0002316327009,2.653686533e-05,0.000368970359,0,0.0007506184047,2.471652442e-05,4.366137e-05,7.262566214e-05,6.102688712e-05,0.0001794939017,3.364651639e-05,7.288125198e-05,0,0.001597695751,7.663281576e-05,3.770117928e-06,6.241086521e-05,0.001564433216,0.01030196715,9.089455853e-05,0,0,0.0006690635928,6.718706572e-06,0.0005848020664,0,0,4.081125007e-05,0.001341397758,0.0005427412689,0.0003345702717,0.001339078182,0.001226165914,0.0003354694636,0.00067658443,0.0003281633544,2.052584205e-05
60,0.005718878005,0.01171167847,0.01231249422,0.02813347243,0.01525741164,0.02589729056,0.02806982957,0.02818024531,0.02181512676,0.008031073026,0.01181434467,0.007955959998,0.429264158,0.3195665777,0.1272636354,0.1715426743,0.04663135484,0.04148938134,0.04746007919,0.06612756848,0.04646169767,0.03530029207,0.02962460183,0.007494139951,0.01737057976,0.03689766303,0.04786090925,0.07310312986,0.07771151513,0.1038869917,0.08458554,0.09171846509,0.07842178643,0.03077615984,0.05072581768,0.06210069731,0.02569894865,0.001056885114,0.004761904944,0.004171202891,0.005523731466,0.002380952472,0.001033824054,0.2438138127,0.02843288518,0.0004936167388,0.02924193069,0.07850078493,0.03449389711,0.0005826166016,0.005628190003,0.08854794502,0.00484719174,0.001372471103,0.0005482989363,0.0004132109461,0.0008527365862,0.001586647588,0.003338706447,0,0.0009783110581,0.001058883965,0.0004362423788,0.002943691332,0.0009084020858,0.0006318336818,0.0005839612568,0.006262824871,0.02747939155,0.00367130735,0.0006419438869,0.1179312766,0.7890020013,0.001669949968,0.0002793171734,0.02031873912,0.001225456828,0.0008591221413,0.0007679267437,0.01031000353,0.003548811888,0.002329618437,0.0001993921614,0.07512535155,0.7646011114,0.01147950627,0.06774085015,0.004072241951,0.03945101425,0.002182437107,0.0006850505597,0.01759809442,0.008061178029,0.007204430643,7.718708366e-05,0.001689341269,0.001518823789,0.003545296611,0.003064010758,0.002876839601,0.003648745362,0.005235182121,0.003832991002,0.003368581645,0.002380952472,0,0,0.001662420691,0.002996857511,0.0003468245268,0.008595084772,0.007380426861,0.006228071637,0.007035013288,0,0.0006794842775,0.001777951256,0.007866917178,0.0005661974428,0,0.002263237257,0.002547852229,0.0001658844558,0.002380952239,0.01554052439,0.003094159765,0.006882890128,0.000468429731,0.004179781303,0.003486529924,0.004701590631,0.004933356773,0.0007474618033,0.005117148161,0,0.001363235642,0.009011382237,0.01238239743,0.0006030458026,0.0007914860034,0,0.002172318753,0.004647535272
61,0.002607576782,0.001431560609,0.002486850135,0.008131107315,3.580897828e-05,0,0,0.009914178401,0.001238880213,0.001013225527,0.0004361383326,0.0004354896955,0.3199318349,0.1148767173,0.007142857648,0.2155190706,0.01486630365,0.01468929648,0.008075359277,0.03024472669,0.02057934366,0.01853663847,0.005221388768,0.004761904944,0.004761904944,0.008062761277,0.04099722207,0.0494216606,0.03871836141,0.07283806056,0.07173394412,0.05574648827,0.03031228669,0.02441819385,0.02929388359,0.04017813131,0.01939883083,0,0,0.002380952472,0,0,0,0.2949789762,0.03951781243,0.004801154137,0.0319776088,0.03380319849,0.0123175364,0.009480204433,0.01489827689,0.01074246876,1.865683589e-05,0,4.13765747e-07,1.266087907e-06,1.429459758e-06,3.083700619e-07,5.521926596e-06,0.0009783110581,0,9.142871704e-07,0.0001076367262,6.07768925e-05,4.044450179e-06,0,0.0008379552164,3.21390894e-06,0.0005953744985,0,0.0009282981046,0.007398222573,0.801949203,1.088101635e-05,6.26345427e-05,0.00127021363,4.015279046e-05,0.0003531495749,9.726938151e-05,8.551640349e-05,0.0002058595855,0.001750460942,0.0002655444259,0.1434862614,0.6676464677,0.008533987217,0.007508046459,0.0001023004152,0.004225618672,0.0001848735992,0,0.004761904944,0.0005408640718,0,0,0,0,0,0,0,0,0,0,0,0,0,0,0,0,0,0.0004573563638,0,0,2.838905675e-05,0,0,0,0,0,0,0.002380952472,0,0.0007904538652,0,0.002380952472,0,0,0,0.002380952472,6.716343341e-05,0,0,0,0,0,0,0,0,0,0,0,0,0
62,0.0004094328324,0.000715391594,0.0007792198448,0.003126774682,0.0001620257535,0.004761904944,0.004761904944,0.00423328951,0.002723673824,0.0004224732402,0.00204533292,0.0007705446915,0.2419875413,0.156446293,0.02138192765,0.2008825541,0.02396450564,0.03012482822,0.02050449327,0.04160760343,0.04070438445,0.03810093552,0.01522879675,0.01457756758,0.01483817864,0.0181272421,0.03562206402,0.06518834829,0.06029625982,0.08839969337,0.07848948985,0.07963325083,0.06355576217,0.0324597694,0.05231054127,0.05827380717,0.01225322857,0.002380952472,0.002380952472,0.006654842291,0.002380952472,0.002380952472,0,0.3302090466,0.06555003673,0.005385198165,0.0688174367,0.06983046979,0.02344552241,0.004726849031,0.01154752914,0.01615407877,4.104445907e-05,1.98166581e-05,4.730754426e-06,2.620980922e-05,5.130083537e-06,3.127592436e-06,0.0003088060766,0.001058883965,9.142871704e-07,0,1.415485076e-05,0.0001394373976,1.710598553e-05,3.873266178e-05,0.001616197755,7.073353481e-05,0.002523588482,0.0008492317284,0.0002249993413,0.02458107658,0.8468039632,6.72565011e-06,1.693859303e-05,0.003058888949,3.182940418e-05,0,6.79182267e-05,0.0001892561559,0,0.0007015163428,0.0002320429339,0.219179064,0.6657651663,0.01048725005,0.01420467533,0.0001238767873,0.003809070913,0.0001048041886,0.0001764635963,0.007601577789,0.001825745683,0.005337955896,0.0004487981787,0,0,0,0.002380952472,0.0007801638567,0,0.0009361488628,3.289456799e-05,0,0,0,0,0.0004690440837,0,0,0.0001450614509,0,8.828210412e-05,1.510067432e-05,0,0.0006471413653,0,0,0,0,0,5.354224777e-05,0.0005635380512,0.002380952239,0.001020191004,0,3.468176146e-05,0,0.0003759606334,4.599204112e-05,5.386439443e-05,0,0,0,0,0,0,0.0008656952414,0,0,0,0.001355445478,0
63,0.000836514635,0.006831579842,0.0009707362042,0.01601226814,0.000396716292,0.003251794027,0.009542428888,0.004940093961,0.006126280874,0.005677336827,0.00659257872,0.004285794217,0.2575844228,0.1756079197,0.1357359141,0.1959206462,0.06327935308,0.1049671322,0.09955465794,0.1040975899,0.08883554488,0.07919610292,0.0556002371,0.03322074562,0.04355981201,0.09112232178,0.05712245032,0.1172953174,0.09647127241,0.1143299416,0.109950833,0.1286853403,0.1215142906,0.1007298976,0.0930095315,0.09050244093,0.06928472221,0.0172762908,0.01190476213,0.01428978983,0.02846803702,0.02005653456,0,0.3226013184,0.02071654797,0.002324408852,0.01957128942,0.02811207063,0.002172304783,0.0001957875065,0.000541374553,0.03252593428,0.00094869436,0.0008294217405,0.0004538693174,0.0004725932959,0.0005701702321,0.0002367308916,0.001875618473,0.0004362423788,0.0001076367262,1.415485076e-05,0,9.743151168e-05,0.001437422237,0.0004945052206,0.007130859885,0.002510768827,0.01832780056,0.001590618165,0.0003512562544,0.1182383895,0.8875603676,0.0009369269246,9.463478636e-05,0.0335533917,0.003592313966,0.003613476874,0.001418020111,0.001225799322,0.001962007023,0.0001107583739,0.005427983589,0.3248302042,0.7007345557,0.01839268766,0.08278932422,0.008589785546,0.03815792874,0.003062413773,0.0007517305203,0.000477395748,0.0006326025468,0.002540183719,0.0001070507642,0.0001974167244,0.0002131754154,0.0001030317799,0.0001512370654,7.142998948e-05,9.05722336e-05,0.0001361176837,0.0002840279485,0,0,0,0.004599404987,0.00214571273,0.0002030354226,0,0.0002518033725,8.247580263e-05,0.0002994269889,0.000465066114,0,0.001489751972,0.0007905666134,0.0002213713742,0.002380952472,0.000552984653,0.0008063046844,0.0005260172184,0.0007314106915,0.00300809904,0.0008708826499,0.0001108306169,0.0002873049816,0,0.0002806872944,0.0008157163393,0.0001782580948,0.0003023427271,0,0.0001937246998,0.0002781052026,0,0.004195054993,0.001657775021,0.002327114809,0.0009477696731,9.532582044e-05,0.0001144173002,0.0002604673791
64,0.0004500335199,0.003135156818,0.000218896952,0.01260233391,0.0003815750824,0.0001459765335,0.0007390845567,0.003761341795,0.001166725764,0.001599766314,0.001362007228,0.001589330495,0.2536560297,0.1176744774,0.03702627122,0.219312042,0.06015858054,0.07934175432,0.09611877799,0.09945369512,0.08964685351,0.07492925972,0.06129205599,0.05474796891,0.05819862336,0.05625970662,0.05562771112,0.09879028797,0.09775117785,0.1010916978,0.1026673764,0.1198620796,0.1297396421,0.1129346415,0.0841781199,0.09027688205,0.0741205588,0.01663742401,0.01602901705,0.04490009695,0.00750073744,0.02320226841,0.002380952472,0.4259497225,0.08230957389,0.009529802017,0.06345935166,0.07349412143,0.00996746216,0.005149411038,0.008807881735,0.0154263638,0.0001981530804,0.0003230703878,0.0002331143478,0.0001590849133,0.0002949630434,4.258412446e-05,9.942502948e-05,0.002943691332,6.07768925e-05,0.0001394373976,9.743151168e-05,0,0.0004483353696,0.000186434816,0.00236610393,0.000628611946,0.006802069955,1.415023689e-06,2.13090334e-05,0.05460779741,0.9062472582,0.0003970513935,0.0006391444476,0.01047986653,0.0009527475922,0.0006300138775,0.0004842097987,6.646662223e-05,1.341718234e-05,8.017382788e-05,0.003296749666,0.3060862124,0.6450412869,0.01182259619,0.05167734995,0.001996189356,0.004048114177,0.0004484929959,0.0001424907678,0.001825252548,0.0001413168065,0.002035362879,0.0001669806807,0,6.380404375e-05,0.0002679633908,0.0002968049957,4.100943261e-05,0.0001202618369,0.0007807843504,2.041911284e-05,0.0001212454372,0.0002381792438,0.0001425598457,0.001583449659,8.366193651e-05,6.057588325e-05,3.841429861e-05,9.955342102e-05,0,5.448420779e-05,4.42177261e-05,4.904939124e-05,0.0005431864993,2.110482819e-05,6.561788905e-05,0,0.0007046562969,0,4.312878445e-05,0.0007210670738,0.000651362061,0.0005879251403,8.167761553e-05,9.846407193e-05,0,0.0001015481539,5.792628872e-05,2.122011028e-05,0,0,0.0001039059935,0,0.001326086698,0,0,0.0004848085227,0.0002381772647,0.0004673980584,1.004204296e-05,7.58204842e-05
65,3.597251634e-05,4.92685358e-05,0.0002367650886,0.0001548585133,0.003268878441,0.004761904944,0.004710232373,0.003622642718,0.001350780833,2.968566878e-05,0.0006686188863,0.000163955192,0.2101159245,0.3202773929,0.04425288364,0.05223542079,0.002928833244,0.002380952472,0.005766525399,0.008812852204,0.006235124543,0.003196184523,0.007159631234,0.002972535789,0,0.002380952239,0.008728927933,0.01415653992,0.01608066447,0.02411913872,0.01873819157,0.02275121957,0.01408495195,0.01115239412,0.007556862198,0.01771957055,0.004107811023,0,0,0.002380952472,0,0,0,0.2827161849,0.1203448549,0.003422164591,0.06373103708,0.1121165082,0.0592392087,0.01936914027,0.02327799238,0.02512002736,6.668414426e-05,1.248351691e-05,9.4659963e-06,1.904391138e-05,1.272572263e-05,6.477945863e-05,0.0001723639143,0.0009084020858,4.044450179e-06,1.710598553e-05,0.001437422237,0.0004483353696,0,4.049512881e-06,0.00114953157,0.0001565125858,0.0004495384928,0.0001542764949,1.398886297e-06,0.04771976173,0.8049756289,0.0001006224775,0.0002497616806,0.0004791565007,3.402751418e-06,0,4.184237696e-06,0.0009789930191,0,0.002880246611,0.0004878205655,0.1279547811,0.7719020844,0.008864717558,0.005283878651,8.464062375e-06,0.00197782577,4.056997113e-06,7.531326446e-06,0.007449519821,0.002933382988,0,0,0.002380952472,0,0,0,0,0,0.0006810876657,0,0,0,0,0,3.171072876e-06,0.0003350230982,0,0.002770422259,0,0.0001094789768,0,0,2.392148645e-06,0,0.0004343080509,0,0,0,0,0,0.002380952472,0.0009267525747,0,0,0,0.002808009507,0.0004501332005,0.001496582991,0,0,0,0.002380952472,6.166214462e-06,0,0.0001402631606,0,0,0,0.0008190568187,0.001574756228
66,0.0002804335381,0.0003617535986,0.0001988293952,0.001496761106,0.001039900584,0.004761904944,0,0.002854429884,0.0001834202412,5.784356108e-05,8.81140295e-05,0.000107372347,0.08768966049,0.1498001814,0.01205479261,0.04973630607,0.005718667991,0.01658786274,0.01124998927,0.01112536248,0.01037441567,0.008523960598,0.01126775332,0.004567663651,0.009754185565,0.01160152722,0.008725794032,0.02053468861,0.0213388633,0.01908299886,0.01873905212,0.0196197629,0.01700898074,0.01648533717,0.008923636749,0.01224163454,0.01010704506,0.002380952472,0.004495591391,0.005089954007,0.006315567531,0.0007996787899,0,0.2989580035,0.04703131318,0.001787268091,0.04327443615,0.0451217778,0.01858262718,0.002445556922,0.01399113052,0.02710695751,0.0003364219738,0,1.137262097e-05,2.644480219e-06,1.822144441e-05,0.0003140033223,5.986558608e-05,0.0006318336818,0,3.873266178e-05,0.0004945052206,0.000186434816,4.049512881e-06,0,0.00215567532,0.000679435092,0.000491738494,9.880396829e-05,5.970981874e-06,0.02368099242,0.796148479,0.0004542232782,0.0001929733844,0.0005250867107,2.120481076e-05,2.803299685e-05,9.639232303e-06,0.0009451993974,1.574182716e-05,0.00193204172,0.0008385747205,0.1582714468,0.7502217889,0.01270718407,0.005575170275,0.0001535712072,0.0004109470756,1.72002874e-05,2.203257964e-06,0.004514425993,0.001088409917,0.008363242261,0,0,0,0,0.002380952239,0.002380952472,0,0.0001153850171,0,0,0,0,9.32767507e-05,3.09539646e-05,9.376357048e-05,0,0,0,0,0.0001399513858,0,6.853998912e-06,0,0,0,0.0001167850787,3.409916872e-06,3.618073606e-05,2.508067382e-06,0,0.0031222424,0,0,0,0.0002885384893,0.0004059923231,0,0,0,9.182275971e-05,0,6.655484322e-05,0.001480728737,0,4.236914174e-05,1.044279088e-05,0,0.0002258333989,0.000267315947
67,0.006981161889,0.004761904944,0.009341903962,0.01422475278,0.003270614194,0.01447966229,0.01063540392,0.01663276181,0.06058416143,0.007195448503,0.01310108975,0.007237884216,0.5380907059,0.4169740975,0.08200703561,0.2223673165,0.01396060456,0.007142857648,0.009523809887,0.03422562778,0.007142857648,0.002380952472,0,0.002380952472,0.004761904944,0,0.02442394756,0.01323940698,0.03576110676,0.06818100065,0.0637120232,0.03593388945,0.009691445157,0.002380952472,0.01610290632,0.02265227586,0.007142857648,0,0,0.002380952472,0,0.002380952472,0,0.3440283835,0.1611201465,0.01476554107,0.07352367043,0.1144281775,0.06993169338,0.02827700227,0.02722771093,0.01800818369,0.0006386261666,0.0004133785551,0.001190635609,0.001784954802,0.001374716056,0.00236418657,0.001317818416,0.0005839612568,0.0008379552164,0.001616197755,0.007130859885,0.00236610393,0.00114953157,0.00215567532,0,0.0002845686686,0.03187056258,0.001456228085,0.0006609327393,0.09153979272,0.8954492807,0.0003187427938,0.00172424654,0.01036412641,0.001104944618,0.001448510331,0.002425929299,0.006502168253,0.001539156889,0.005805932451,0.0001395356521,0.1372196823,0.633995831,0.001827914617,0.04219847172,0.001514570671,0.02367436327,0.001602733741,0.001225194894,0.01098550204,0.004583730828,0.005684040952,0.002751510125,0.002380952472,0.008684070781,0.005893656518,0.01664314978,0.007741124369,0.01479716972,0.01193643827,0.0008562976727,0.0003766512673,0.0005158123095,0,0.002857182175,0.001116554718,0.008128602989,0.0003211317817,0.005047253333,0,0.004374943208,0.002277119085,0,0,0.0001798418089,0.001306683291,0,0,0.001611319254,0.001176535385,0.001632451545,0.0142857153,0.006889768876,0.003538896795,0.005280345213,0,0.00536052743,0.005129961763,0.00246765255,0.000403425016,0.004761904944,0.003577118972,0.002380952239,0.001289510867,0,0.002380952472,0.001199897029,0.002380952472,0.0008092698408,0.007921268232,0.003664284013
68,0.001973560546,0.00081239274,0.001679651556,0.009367085062,0.0007098678034,0.006469298154,0.003881902434,0.005334718153,0.00560266478,0.00123038108,0.001324382843,0.0009543661145,0.4399842322,0.2932399809,0.03826429322,0.2245934457,0.03139140457,0.03988868371,0.03640440106,0.06224302202,0.05759769678,0.02686182596,0.01904761977,0.01332317106,0.006739045493,0.0315094851,0.0557385087,0.04480867088,0.07081144303,0.1034277305,0.08697864413,0.07760535926,0.06319814175,0.04376174882,0.03823317215,0.06114135683,0.0224019438,0,0.004761904944,0.002380952472,0.004761904944,0.001256666961,0,0.3854596019,0.1430931389,0.02490108274,0.08752451837,0.1204634234,0.05303512886,0.03421445191,0.03309963271,0.004836323205,1.210985374e-05,1.089499619e-05,3.316021684e-05,0.001000702381,0.0001070136568,0.0001368362864,0.0003516629513,0.006262824871,3.21390894e-06,7.073353481e-05,0.002510768827,0.000628611946,0.0001565125858,0.000679435092,0.0002845686686,0,0.003151964396,0.0002666731016,0.0002251676051,0.05934882164,0.9022142887,0.0001029445848,0.002777400194,0.002399453428,0.0002912750351,0.0006996510783,0.0005204642075,0.0006198092015,6.777072122e-05,0.00291864248,0.001395658124,0.2187435627,0.6348617673,0.004798186012,0.009685738012,0.0001965357806,0.002087278292,0.0002207051002,0.0006583969225,0.007341309451,0.002423888538,0.002338583115,0.003511545947,0,0,0.002380952239,0.008602611721,0,0.005018249154,0.009931501932,0.0004239423142,0,0,0,0.00019156911,7.372379332e-05,0.0002562174632,0,0.001010940527,0.0007836308796,0.0006778507959,0.0001989928423,0,0.002849163953,0.000130215165,0.001432652352,0,0,0.0003649381106,0.00020995464,0.0001832818962,0.003092500614,0.01668534614,0.0008285206277,0.0006512848195,0,0.005027819425,0.0008334732847,0.0005892206682,0,0.00101281621,0.0001528667199,0,0.0008180887089,0.0009646349936,0,0.0003169053816,0,0,0.001699755085,0.0009826153982
69,0.01291006338,0.00291481684,0.009516666643,0.00582506042,0.02203297988,0.03243514895,0.0123478882,0.01805156097,0.02824238315,0.001045169542,0.003580980469,0.00386465271,0.4252859652,0.3774864972,0.06387574226,0.1356292665,0.01938658021,0.00795137696,0.0156134069,0.0417592749,0.02038943768,0.02027381584,0.01904761977,0.004761904944,0.006188769825,0.03382755443,0.04044102877,0.04932531342,0.05787923187,0.07923082262,0.06207638979,0.07589282095,0.03371158987,0.0176703129,0.03653421625,0.04754482582,0.009676571935,0,0.008161590435,0.007142857648,0.002380952239,0.004761904944,0,0.3570078313,0.06099756435,0.03896853328,0.02891447023,0.04808020219,0.05293815583,0.03035046346,0.02860237099,0.1183351129,0.0004568547301,0.000101527854,0.001230772003,0.004303159658,0.0004781936877,0.001313454239,0.0009097022121,0.02747939155,0.0005953744985,0.002523588482,0.01832780056,0.006802069955,0.0004495384928,0.000491738494,0.03187056258,0.003151964396,0,0.003534998978,0.0001709452918,0.03112466633,0.8265678883,0.004345338326,0.01713727973,0.002982623409,0.001486384193,0.001062141382,0.002492171712,0.01814032905,0.0001903933735,0.02112655714,0.019284999,0.4773279727,0.8523525,0.1336474568,0.005514162593,0.0001137741492,0.01157024875,0.0001800063328,0.0003432301746,0.0243066363,0.01603448205,0.0208436884,0.02319643274,0.02494377643,0.02813250013,0.032097321,0.02537949942,0.01622104831,0.02437486313,0.02746200375,0.01643833891,0.008708507754,0.003912830725,0.0002315547899,0.004876390565,0.004588227719,0.02184126154,0.001829097979,0.0209398102,0.01093326136,0.01702299155,0.01385895815,0.0006572281127,0.0008248228696,0.009502771311,0.01559705194,0.0001444077207,0.0004082941741,0.0003841005382,0.006805421319,0.0004170062311,0.02318328805,0.02523651905,0.01673968509,0.0165639855,0.0001502857049,0.02209430747,0.01603037491,0.01712733135,0.01272960007,0.009203390218,0.01761857234,0.01119601075,0.0009054818074,0.005653222091,0.002330264077,0.0003342840064,0.0005364800454,0.000326166075,0.02158367075,0.01592746936
70,0.0002850610763,4.391755647e-05,0,0.0008677143487,0,0,0,0.000527659955,0.0005647376529,9.117358422e-05,0.0006589417462,0.000134281494,0.2641943097,0.04348500818,0.00327850203,0.1832432002,0.01094162185,0.007605659775,0.01832652092,0.03637738526,0.01658967696,0.01965287328,0.0159578342,0.005813702941,0.007908506319,0.01634601876,0.03070840053,0.03549334034,0.04441394657,0.0662189573,0.05867082998,0.05953880772,0.05432982743,0.0204615742,0.02930155583,0.03410545364,0.01133233868,0,0,0,0.002380952472,0,0,0.4062700272,0.03127180785,0.01270255819,0.03766816482,0.01693776995,0.004056191072,0.01158856228,0.01109214593,0.01272019278,0,0,0,0,0.0001528384018,8.164966857e-05,7.651798342e-07,0.00367130735,0,0.0008492317284,0.001590618165,1.415023689e-06,0.0001542764949,9.880396829e-05,0.001456228085,0.0002666731016,0.003534998978,0,2.06138202e-06,0.004460145254,0.7977558374,5.711275298e-05,0.002634526929,0.0004532813036,0,0,0.0007582512335,0,0,4.656756573e-06,0.00540077826,0.2513636649,0.5830122828,0.01127888169,0.01037974656,0.0001657001849,4.352566975e-05,2.452953413e-05,0,0,9.667854101e-06,0,0,0,0,0.002380952472,0,0,0.0002901786647,0.0007126324344,2.253215462e-05,0.0001031090651,0,0,3.558583921e-05,1.086639259e-05,0,0,0,0,0,3.474384357e-05,0,0,0,0,0,0.0006150034023,0,0,3.165063026e-05,0,0.000948285393,0,0,0,0,0,0,0,0,8.974123193e-05,0,0,0,0,0,0,0,0,0
71,3.229099093e-05,7.678606926e-05,1.91385443e-05,8.625384362e-05,0.0007222448476,0,0,0.0005039550597,6.846285396e-05,3.512273179e-05,5.404896001e-05,4.061067011e-05,0.1147825271,0.1240301281,0.004439554643,0.0242182482,0.00175702956,0.002663174178,0.003851952497,0.003382723546,0.003228694899,0.004182405304,0.001449938514,0.005129582714,0.001256733667,0.001594260684,0.003585466417,0.01437734347,0.009142949246,0.008886207826,0.008600762114,0.009106395766,0.009738433175,0.01234108768,0.004991522059,0.00582451839,0.003064871766,0,0.0006124777137,0,0,0.002380952472,0,0.4540010989,0.05023678392,0.005695195869,0.04665100574,0.02841313183,0.0006111201365,0.01651509851,0.004959346261,0.01751815155,0.0006465485203,1.83120701e-05,5.732356658e-05,0,0.0002542540897,0.0003725443676,1.453048571e-05,0.0006419438869,0.0009282981046,0.0002249993413,0.0003512562544,2.13090334e-05,1.398886297e-06,5.970981874e-06,0.0006609327393,0.0002251676051,0.0001709452918,2.06138202e-06,0,0.001688598073,0.8692187071,0.0002623734472,0.000307110342,0.000277518091,0,8.898908163e-06,7.543707397e-06,8.230824278e-06,1.057158343e-07,5.131884245e-05,0.000672342605,0.1475811303,0.7490896583,0.008736684918,0.001488517039,6.174703685e-06,1.767248614e-05,1.24149642e-06,8.196716408e-06,4.544940384e-05,3.066371391e-06,0,0,0,0,0,0,0,0,0,0,0,0,0,0,5.720759418e-06,0,0,0,0,0,0,0,0,0,0,0,0,0,0,4.479232416e-07,0,0.001325993449,0,0,0,0.0002426668798,7.931176515e-05,0.0003086942015,0,0,0,0,0,0,0,0,0,0,0,0.000164551253
72,0.008997056633,0.000159897827,0.001286911778,0.003703943687,0.02750319242,0.005031128414,0.0001944396936,0.008822756819,0.07590678334,0.0001378657616,0.0003115814761,0.005175104365,0.5123512745,0.1364893168,7.67090678e-05,0.06588289142,0.003334607696,0,0.003926693927,0.002380952472,0.01190476213,0,0,0,0,0.002380952239,0.0237515457,0.004761904944,0.009523809887,0.008514198475,0.0116504943,0.01348731481,0.008656502701,0,0.01511862408,0.001219900907,0,0,0,0.002380952472,0.002380952472,0,0,0.4199426472,0.1723812222,0.1580547094,0.09970095754,0.1414733082,0.1214526296,0.1131054237,0.1226512119,0.2353995442,0.01387944911,0.01452069636,0.03124704957,0.02474671602,0.02631879784,0.03346476331,0.009536617436,0.1179312766,0.007398222573,0.02458107658,0.1182383895,0.05460779741,0.04771976173,0.02368099242,0.09153979272,0.05934882164,0.03112466633,0.004460145254,0.001688598073,0,0.8470354676,0.07429508865,0.1169449091,0.0001542397367,0.008779830299,0.003014106071,0.03802859038,0.00727898581,7.079849456e-05,0.05875223875,0.1004323065,0.6621496677,0.8226801157,0.1813926995,0.0007310608635,0.001234852709,6.740850222e-05,0.0001607416052,0.007948428392,0.0170463305,0.00884302333,0.005229646806,0.01857182197,0.004057212267,0.01061338093,0.02138430625,0.0133637283,0.009885427542,0.03690043092,0.04816379771,0.02521534078,0.004761904944,0,0,0,0.01328004338,0.02005380578,0.002380952472,0.07697796077,0,0.04002236947,0.03894177452,0,0.005198319908,0.01139516849,0.01158539113,0,0,0.0001383025083,0.006748845335,0.003779460909,0.0001440571796,0.005163176917,0.009319112636,0.01229055692,0,0.05134198442,0.003960896283,0.01900151744,0.008625674993,0.002380952472,0.0264726989,7.620592805e-05,0,0.000152454144,6.445985491e-05,9.715390479e-05,0.001327177277,0,0.00479444908,0.005669607315
73,0.9104089141,0.6600550413,0.9201636314,0.7992649674,0.9474518895,0.8077613115,0.6976013184,0.9048537612,0.9837844372,0.8896387815,0.9519672394,0.9049399495,0.9915036559,0.9983289242,0.9538155794,0.9837975502,0.4320558608,0.272697717,0.3357079327,0.3930720389,0.392513901,0.284693867,0.1416546851,0.07229224592,0.175204441,0.3047176003,0.8854130507,0.6258450747,0.7381358743,0.8124696016,0.806995213,0.7280693054,0.485103488,0.3958736062,0.6767631173,0.7439953089,0.250490427,0.05527086928,0.04285714403,0.1190476269,0.05238095298,0.04695078731,0.0142857153,0.9511188865,0.9300043583,0.6411333084,0.9006234407,0.9292245507,0.9710332155,0.8845976591,0.923022151,0.9524716735,0.8924453855,0.8374038935,0.7864587903,0.7840053439,0.7860964537,0.8461971283,0.8583257198,0.7890020013,0.801949203,0.8468039632,0.8875603676,0.9062472582,0.8049756289,0.796148479,0.8954492807,0.9022142887,0.8265678883,0.7977558374,0.8692187071,0.8470354676,0,0.8551590443,0.8128064871,0.8807070255,0.8199598193,0.7945625186,0.7949914932,0.9455736876,0.9353002906,0.9359433651,0.8121773601,0.9279567599,0.9969268441,0.9679294229,0.8453745842,0.8545332551,0.8886550069,0.8619986176,0.8057153821,0.9812039137,0.9644162059,0.8625732064,0.8702605963,0.8868589997,0.8868641853,0.9016057849,0.9385554194,0.708016932,0.9068880677,0.9199630618,0.8503475189,0.3859088123,0.3165798485,0.3571824729,0.5510706306,0.8490082026,0.7888786197,0.2676358521,0.9017570615,0.2236012816,0.9109969139,0.9086886644,0.521058619,0.7557418346,0.6321262717,0.865567565,0.3288464844,0.4634919763,0.7278643847,0.7568539977,0.778131187,0.552179575,0.8901814222,0.7841013074,0.7366603017,0.4990268946,0.8973758817,0.8260923624,0.8899300098,0.6161852479,0.3638290763,0.8259036541,0.4593738317,0.5197504163,0.6391236782,0.5922196507,0.7944523096,0.6660943627,0.6345909834,0.9130115509,0.9012964368
74,0.0004728185886,0.002701869933,0.00109938276,0.01055088267,0.001162380911,0.005678491667,0.007318552583,0.01428652182,0.01129938941,0.001749535091,0.004090358969,0.002886187052,0.3728253543,0.3408820927,0.05835178122,0.193216756,0.02454300784,0.02277855016,0.02751938067,0.04787935689,0.02218230814,0.01873029582,0,0.004761904944,0.007389639039,0.0163213145,0.03969502822,0.05155431479,0.04786565527,0.09772422165,0.0471072346,0.05042700842,0.03684323654,0.0138556743,0.04003448784,0.03838944808,0.006780613214,0,0.002380952239,0.007142857648,0.002380952472,0.004761904944,0,0.3412898183,0.1821485907,0.01124351937,0.08941711485,0.1317939758,0.06272504479,0.0318415463,0.03816052526,0.01894955896,5.099235568e-05,3.564789586e-05,8.565939061e-05,0.000156078313,6.180931086e-05,3.657492562e-05,0.0002735027228,0.001669949968,1.088101635e-05,6.72565011e-06,0.0009369269246,0.0003970513935,0.0001006224775,0.0004542232782,0.0003187427938,0.0001029445848,0.004345338326,5.711275298e-05,0.0002623734472,0.07429508865,0.8551590443,0,0.0001728925272,0.001874652575,0.000161480697,0.0001545905252,0.0003677934583,0.0008220869931,0.0004633525095,0.002994414186,0.0001145154529,0.1449869424,0.7136896253,0.00440566754,0.01961361617,0.0003474069235,0.009640187956,0.0003952285624,0.0003787997412,0.01337942574,0.002407251159,0.003095594235,0,0,0.002380952472,0.003383269534,0.009727932513,0.002845312934,0.004823515657,0.01370514091,0.0007074105088,0,0,0,0.0004730712972,0.0002696731244,0.001260898891,0,0.001076130779,0,0.0001307357015,0.0003829503257,0,0,4.484292731e-05,0.001750194933,0,0.0001936660992,9.470985242e-05,4.659937986e-05,0.0001750703959,0.002380952472,0.004083425738,0.000484347227,0.000959123543,0,0.005716274027,0.001336516812,0.0002919249819,0,0,0.001957106171,0,0.0002891838667,0,0.003475864884,0.0002447039005,0.0001785000204,0,0.003244956955,0.001174877398
75,0.00167977321,0.006517137866,0.003694439074,0.03080545925,0.002853904618,0.01118351705,0.007691208739,0.01886588894,0.01043763664,0.002943473402,0.00768774841,0.003520362079,0.2749052346,0.2553657293,0.1436368972,0.1778514683,0.05250072107,0.04469556361,0.06509485841,0.07976265997,0.05844291672,0.05818140507,0.03125686198,0.02438853309,0.01583041437,0.05685299262,0.04285952821,0.07210293412,0.07887423038,0.102708891,0.0959212631,0.09296772629,0.09299141169,0.051096946,0.08149626851,0.07948192954,0.03304870799,0.009523809887,0.01552901883,0.01108625997,0.01190476213,0.004610253032,0,0.2801467776,0.08884938061,0.002212981228,0.06882609427,0.1079470515,0.04090957344,0.004748287145,0.01313496847,0.04955734685,0.001630523475,0.0003215214238,0.0001617891976,7.503999223e-05,0.0001338865695,0.0002585799084,0.002265354618,0.0002793171734,6.26345427e-05,1.693859303e-05,9.463478636e-05,0.0006391444476,0.0002497616806,0.0001929733844,0.00172424654,0.002777400194,0.01713727973,0.002634526929,0.000307110342,0.1169449091,0.8128064871,0.0001728925272,0,0.01175539196,0.0006197410985,0.0003121173359,0.0002884292044,0.004263848066,0.0005569127388,0.00131607044,0.0001563227415,0.1585523188,0.7302745581,0.01319917571,0.06633812189,0.002033977536,0.04530951381,0.0006513746339,0.0001314941765,0.009037828073,0.003071165178,0.004514697473,0.001399487723,0.002380952472,0.001729587093,0.004262541886,0.006325834431,9.839196537e-06,0.001907188445,0.00241476018,0.001272035297,0,0,0,0.002928797854,0.001961146481,0.003304552287,0.0003536081931,0.002528449288,0.0002403025137,0.001536582015,0.001880991505,0,0.0002575482649,0.0009452116792,0.000978672062,0,0.0008311377023,0.001665637945,0.00164264848,0.000155054382,0.006511692423,0.003123206552,0.0001642012066,0.0003481990716,0,0.00351899513,0.001305213314,0.0009478001157,0.001422783127,0.0006893817335,0.002065697452,0,0,0.0125973681,0.0002679949393,0.000918718928,0,0,0.0009573149146,0.001481726766
76,0.0007491172873,3.013013838e-06,0.000217320121,0.0006789509789,0.01642983034,0.01576277427,0.0003099743917,0.001549367793,0.002822617767,6.996479442e-06,0.0001024592639,0.0001383786584,0.4039476514,0.1616491675,0.0001038081173,0.008386525325,0,0,0.003349068575,0.0004215076042,0.002798333764,0.002573210979,0.0006050234078,0,0,0,0.0006159836776,0.002380952472,0.004689916503,0.004475899506,0.00299470569,0.004182098899,0,0.001004821155,0.000314054545,0.002512664301,0,0,0,0,0,0,0,0.3395650387,0.1488389969,0.04055747762,0.07902640104,0.1273190081,0.09559925646,0.07159981132,0.08044232428,0.03359525278,0.0007784423651,0.000357385783,0.002894249745,0.009536945261,0.001213291776,0.005164895207,0.001688554767,0.02031873912,0.00127021363,0.003058888949,0.0335533917,0.01047986653,0.0004791565007,0.0005250867107,0.01036412641,0.002399453428,0.002982623409,0.0004532813036,0.000277518091,0.0001542397367,0.8807070255,0.001874652575,0.01175539196,0,7.562896371e-06,3.328738785e-06,0.0003315751092,0.004984154832,1.437046649e-05,0.02949078567,0.009159692563,0.2992051244,0.8368984461,0.03226328641,0.0001470544375,1.694320781e-05,1.089293346e-05,6.270301128e-06,9.623151709e-05,0.01610057615,0.005779161584,0.008946505375,0.001428543474,0.009851729497,0.01307099592,0.01140845194,0.0154375257,0.001462012879,0.0229682643,0.0334446989,0.008989325725,0,0,0,0.0002595062251,0.001088646473,0.01146002114,0,0.04655885696,0.001496964484,0.01516035199,0.01528573316,0,0.000206794386,0.001671398291,0.002921251813,0,0,1.81225405e-05,0.001115051215,0,0,0.004333570134,0.007344990503,0.007685970515,0,0.02850973234,0.001683232025,0.005299147218,0.007842744701,0.0002674191783,0.01458359975,0,0,0,3.269546198e-07,2.265259127e-06,0,0,0.003009158885,0.004611611832
77,1.924507524e-05,0,0.0003861300938,0.001024246099,0,0.004761904944,0.002380952239,0.003534349846,0.001011554152,1.196826906e-05,0.0004593636259,0.0004418955068,0.3103680909,0.2945860922,0.009470958263,0.01759737544,0,0,0.002964638406,0.001701512258,0,0,0,0.003217181191,0,0.002380952239,0.002071081195,0.003050508443,0.003592144931,0.009852908552,0.00529259257,0.006146937143,0.002380952472,0.002380952239,0.0005197760765,0.004773312248,0,0,0,0,0,0,0,0.2878926694,0.1334366202,0.008333155885,0.07721052319,0.108517997,0.05711527914,0.02442676388,0.03352449462,0.02367918752,5.873449845e-05,5.509798575e-05,3.53050018e-05,0.0004887904506,8.244073979e-05,0.0001618474926,0.0008402322419,0.001225456828,4.015279046e-05,3.182940418e-05,0.003592313966,0.0009527475922,3.402751418e-06,2.120481076e-05,0.001104944618,0.0002912750351,0.001486384193,0,0,0.008779830299,0.8199598193,0.000161480697,0.0006197410985,7.562896371e-06,0,3.439371596e-07,1.949078751e-06,0.00195937953,0,0.003235570621,0.0008097385871,0.1344338953,0.7675257921,0.007763013244,0.002037323778,2.7627284e-06,0.0001032517903,2.512930678e-06,2.348015414e-06,0.003328032093,0,0,0,0,0,0,0,0,0,0,0.0008375741309,0,0,0,0,0,0.0004276258696,0,0,0,0.001775412122,0,0,0,0,0,0,0,0,0,0,0,0.007578528021,0,0,0,0.001032375381,0.001291672699,0.0009202526999,0,0,0,0,0,5.451740799e-05,8.146581422e-06,0,0,0,0.0006872923113,0
78,0,0,0,0.0003144798975,0.004761904944,0.004761904944,0.0001956878405,0.001354190288,0.0003328620514,5.029636668e-06,0.0001906440448,0.0001503951935,0.1922362447,0.1704931706,0.00498776231,0.008024824783,0.002380952472,0,0,0.001133642392,0,0,0,0,0,0.001436439692,0.00094221154,0.003881549463,0.0002537674154,0.004541680682,0.002908973489,0.004230447114,0,0,0,0,0,0,0,0,0,0,0,0.2543287277,0.06656847149,0.002221929608,0.02510885149,0.05802207813,0.01414185949,0.00674156379,0.007343278266,0.02929330431,0.0008851904422,5.17925946e-05,0.0002550769423,0.001273508882,0,7.631061453e-05,0.0007891291752,0.0008591221413,0.0003531495749,0,0.003613476874,0.0006300138775,0,2.803299685e-05,0.001448510331,0.0006996510783,0.001062141382,0,8.898908163e-06,0.003014106071,0.7945625186,0.0001545905252,0.0003121173359,3.328738785e-06,3.439371596e-07,0,8.338854514e-07,0.001551101916,0,0.004287546966,0.0009893602692,0.1386044621,0.7562758923,0.01165661495,0.0010911891,0,0,5.590000569e-07,0,0.001699622837,0.0001912120788,0,0,0,0,0,0.0006253556348,0,0,0.003402539296,0,0,0,0,0,2.878877785e-05,0,0,0.0018338667,0,0.001135427388,0.002380952472,0,0,0,0,0,0,0,0.0001926843106,0,0.0004426433297,0.001379847876,0,0,0,0.001063884818,0,0,0,0,0,0,0,2.179984585e-05,0,0,0,0,0,0
79,4.099693979e-05,1.452854849e-05,0.0001504043903,0.0002660275495,0.005845022853,0.01190476213,0.01090919971,0.001553397859,0.001724879141,3.630704305e-05,0.001144147362,0.000598225859,0.2690603137,0.3530223668,0.03656188399,0.032079041,0.001972900471,0.005386271048,0.002988984575,0.005708157551,0.001848652842,0.004267552868,0.0008075471269,9.900810255e-05,0.004732905421,0.003965737764,0.006245947909,0.01042537484,0.02205884643,0.01675932482,0.01480468642,0.01748611405,0.02301166952,0.004131149035,0.01127313543,0.01262328215,0.007689731661,0,0,0,0.004761904944,0,0,0.2626062632,0.09430459887,0.002718182513,0.07199898362,0.09899372607,0.06505170465,0.01204936858,0.02967425436,0.06024891883,0.001731424476,0.0001323859906,3.729717719e-05,6.115752967e-06,3.050207488e-05,9.580230108e-05,0.0002841641253,0.0007679267437,9.726938151e-05,6.79182267e-05,0.001418020111,0.0004842097987,4.184237696e-06,9.639232303e-06,0.002425929299,0.0005204642075,0.002492171712,0.0007582512335,7.543707397e-06,0.03802859038,0.7949914932,0.0003677934583,0.0002884292044,0.0003315751092,1.949078751e-06,8.338854514e-07,0,0.006430599373,1.914713539e-05,0.007465459872,0.0009354977519,0.1299570948,0.7951034904,0.01343644131,0.01703376509,5.755168968e-05,0.0009765331633,1.564625018e-05,1.692313504e-06,0.02830252983,0.006176480092,0.003725422081,0.002380952472,0,0.002380952472,0,0.002604680136,0,0.003046933096,0.002380952472,0,0,0,0,0,0,0,0,0.001653261133,0,0.0002335046156,0.0004086422268,0,0,0.0002772283624,0,0,0,0,9.801272245e-05,0,0,0.005266758148,0,0,0,0.004450794309,0.001841988531,0.0003024553007,0,0,0,0,2.134643364e-05,0.001018081792,0.0001086500706,0,0,0,0.0003806537134,0.0004056493344
80,7.314953109e-05,0.0003681583912,0.0001310485532,0.00382861658,0.0004385917855,0.0007913251175,0,0.0006462762831,0.003362470772,0.0004466071841,0.006028034724,0.00215053116,0.327206701,0.1897979826,0.006989452522,0.1793276519,0.0250271298,0.02972057462,0.02067385986,0.04504135996,0.02119805105,0.03047375567,0.01749010198,0.004761904944,0.02133132331,0.01105891913,0.04495292529,0.04159855843,0.05737317353,0.06573269516,0.05718078837,0.07435148954,0.05223576352,0.02339695208,0.03701337427,0.05392758176,0.01146953274,0,0.004761904944,0.00574410893,0.001400104957,0.009523809887,0,0.4525381029,0.07491219044,0.01774046198,0.03958160803,0.03221280128,0.0004352575343,0.01306921244,0.007799501996,0.02452363819,0.0009958320297,0.000868807896,0.0001000280754,0.0003905184858,0.0005087193567,0.0002583878231,1.234840965e-05,0.01031000353,8.551640349e-05,0.0001892561559,0.001225799322,6.646662223e-05,0.0009789930191,0.0009451993974,0.006502168253,0.0006198092015,0.01814032905,0,8.230824278e-06,0.00727898581,0.9455736876,0.0008220869931,0.004263848066,0.004984154832,0.00195937953,0.001551101916,0.006430599373,0,0,2.908669012e-05,0.01270882692,0.3250046372,0.6905730963,0.01645504311,0.05545318499,0.004548948724,7.14869966e-05,4.73534601e-05,0,1.556558891e-05,4.147589152e-06,0.0002727331885,0.0007819053135,0,4.78538168e-05,0.0001645418961,0.0007194007048,0,7.612572517e-05,0.0009679820505,4.19977041e-05,0,0,0,3.547353117e-05,8.773475201e-06,7.495243335e-05,0,9.822117863e-05,0,2.569935896e-05,3.675011976e-05,0.0005926160957,0,2.284076072e-05,4.347388312e-05,0,0,0,2.599007166e-05,0,0.0001809086825,0.000703823287,0.0002359075879,0.0004515797773,0,5.184301335e-05,5.191427135e-06,1.098436496e-05,3.534316056e-05,0,2.345241774e-05,0,0,0,0,0.0001871851855,0,0,6.885594485e-05,2.816515007e-05
81,2.770654191e-06,0,2.75379125e-06,0,0,0.00169922132,0,0,9.514247358e-05,1.290536693e-05,3.981273039e-05,4.80464405e-05,0.3436457217,0.1576188058,0,0.008412969299,0.0005052420311,0.0005346615799,0.0006142244092,0.00122681458,0.001598128583,0,0.001139176777,0,0.002087210305,0,0.001675863285,0.003276975593,0.007744014729,0.00590703683,0.002115054289,0.004009255208,0.004601958208,0.002707584295,0.001718406798,0.001355935005,0.002380952472,0,0,0,0,0.00344792055,0,0.464864254,0.05818933621,0.01958231255,0.02416159026,0.03564272448,0.000358766818,0.02246585675,0.01406892296,0.0114414813,0.0001853404247,0,9.119113383e-05,1.611895095e-05,0,0.0006601440837,2.78784446e-05,0.003548811888,0.0002058595855,0,0.001962007023,1.341718234e-05,0,1.574182716e-05,0.001539156889,6.777072122e-05,0.0001903933735,0,1.057158343e-07,7.079849456e-05,0.9353002906,0.0004633525095,0.0005569127388,1.437046649e-05,0,0,1.914713539e-05,0,0,9.503035108e-05,0.0009725755663,0.1762128472,0.6625837088,0.005324708298,0.0005717718159,1.886156497e-05,0,1.533114329e-07,0,4.022573921e-05,4.218556114e-06,0,0.0003504621272,0,0,0.003359903116,0,0,0.003076987341,0.0004934667959,0,0,0,0,4.644154251e-05,0,0,0,0,0,0.0002637320722,0,0,0,0,0,0,0,0,0,0,0,0,0,0,0,0,0,0,0,0,0,0,0,0,0,7.058195592e-07,0,0,0.0001960257796,0
82,0.0001364736527,0.001212217496,0.0002265451621,0.004633535165,0.0004415804869,0.0001832196576,0.004301586654,0.001274441136,0.006839370355,0.003690034384,0.01030371524,0.005130368285,0.3302099407,0.2072243243,0.06315600872,0.1894380301,0.0221856907,0.06085854769,0.04601088166,0.05131104216,0.05571499467,0.04462132975,0.02401271835,0.02449232154,0.01704168692,0.03280366212,0.05439279228,0.08275589347,0.08239034563,0.1009261906,0.1076822951,0.0941452533,0.1044892818,0.0626995638,0.07172819227,0.09287402034,0.04248323664,0.004761904944,0.004761904944,0.0142857153,0.008139512502,0.009523809887,0.002380952472,0.4539379179,0.02320136875,0.006126954686,0.01220109779,0.01055736281,0.0004642210843,0.0009069250664,0.000328718219,0.03375135362,0.001193508971,0.001260304125,0.004050697666,0.002412628615,0.004257020541,0.001589831314,0.0007305711624,0.002329618437,0.001750460942,0.0007015163428,0.0001107583739,8.017382788e-05,0.002880246611,0.00193204172,0.005805932451,0.00291864248,0.02112655714,4.656756573e-06,5.131884245e-05,0.05875223875,0.9359433651,0.002994414186,0.00131607044,0.02949078567,0.003235570621,0.004287546966,0.007465459872,2.908669012e-05,9.503035108e-05,0,0.01616512612,0.3558578193,0.7145392299,0.0191495344,0.09676092863,0.007889654487,0.001457552426,0.0003041656455,0.0009415103705,3.564264625e-05,1.468340542e-05,0.000212893603,0,0,8.42309455e-05,4.531849845e-05,3.263119652e-05,1.73454082e-05,7.135787746e-05,8.190894005e-05,3.484611807e-05,7.372726395e-05,0,9.528791998e-05,0.001077084802,0.0001500073995,5.13697978e-06,0,5.267654706e-05,0,6.911524542e-05,7.314288814e-05,0.0003406491887,0.001290778629,7.024461229e-05,4.247593824e-05,0,0,0.0005807346897,1.939958929e-05,0.0001395073486,0.0003346622398,0.0004888952826,4.17340998e-05,0.0001943033567,0,4.605710637e-05,0.0001162992994,1.890792009e-05,4.401162005e-05,0,2.28014851e-05,0.0001774066477,7.907591498e-05,0.0006891875528,0.0001154282945,0,0,0,6.538827438e-05,5.067018719e-05
83,0.00784694124,0,0.01167089865,0.01680203155,0.01282611396,0.02537429705,0.006583007984,0.0324399583,0.04149407521,0.006410962436,0.01644542813,0.009262029082,0.4284403622,0.4209452569,0.1136304289,0.1927315891,0.01620845869,0.003632906126,0.009523809887,0.03142710403,0.01698547229,0.02380952425,0,0.008335437626,0,0.007729958743,0.0463478975,0.0385235399,0.05460745096,0.05852362141,0.05213819444,0.04868951812,0.03595585749,0.01848883741,0.02789424174,0.03272230178,0.002380952472,0.002380952239,0,0,0,0,0,0.289578557,0.1552832574,0.003665743396,0.09085080028,0.1520269662,0.1332353503,0.03065870516,0.05202240124,0.05863114819,0.002884878078,0.0003206593392,0.0003409556812,0.0003557667369,0.0004924685345,0.00187983294,0.004784551915,0.0001993921614,0.0002655444259,0.0002320429339,0.005427983589,0.003296749666,0.0004878205655,0.0008385747205,0.0001395356521,0.001395658124,0.019284999,0.00540077826,0.000672342605,0.1004323065,0.8121773601,0.0001145154529,0.0001563227415,0.009159692563,0.0008097385871,0.0009893602692,0.0009354977519,0.01270882692,0.0009725755663,0.01616512612,0,0.09828278422,0.7685399652,0.003661556402,0.062530756,0.001809138572,0.03317821771,0.002569109667,0.0008809427964,0.04147557169,0.01614206098,0.004520324524,0.004761904944,0.0008207568899,0.006899596658,0.007884155959,0.02244722843,0.005004734267,0.008979556151,0.01089351811,0.0007974174805,0,0.001117971609,0,0.0009711555322,0.001199636608,0.003788352711,0,0.006907840725,0.0002337903425,0.011675396,0.00523277605,0,0.0003200613137,0.004097786732,0.002789070364,0,0.0007792605902,0.000236366468,0.003813792253,0.0005708666868,0.003792154836,0.01127496921,0.003949068487,0.003022142919,0,0.02318983898,0.007673435379,0.003059752984,0.002534851199,0,7.623942656e-05,0.0004923557281,0.001664239331,0.0008026914438,0.002380952472,0.0001811827242,0.00120420265,0,0.00417702971,0.003563653445
84,0.3294239938,0.1929192245,0.3502921462,0.3271039128,0.3913714886,0.359577179,0.2218059748,0.4042308033,0.589222908,0.2339964807,0.4109778702,0.2709096968,0.8217240572,0.8283352256,0.6329625249,0.6507591009,0.1559810042,0.08724322915,0.1050559729,0.1542770565,0.1378276646,0.06741306931,0.04043628648,0.03571428731,0.05948523059,0.1150996089,0.4938763082,0.2596661747,0.3119254708,0.3886485696,0.3934631646,0.2787248194,0.1940052509,0.12626715,0.2443788946,0.2662725747,0.06132000685,0.01190476213,0.007142857648,0.02142857201,0.008530162275,0.002380952472,0.002380952472,0.5775647759,0.5532903671,0.1278923601,0.4441527128,0.5139059424,0.532173574,0.3829689622,0.4082940519,0.4431279898,0.237517342,0.1551469415,0.1196200848,0.134750843,0.1647982895,0.2446759343,0.2501518428,0.07512535155,0.1434862614,0.219179064,0.3248302042,0.3060862124,0.1279547811,0.1582714468,0.1372196823,0.2187435627,0.4773279727,0.2513636649,0.1475811303,0.6621496677,0.9279567599,0.1449869424,0.1585523188,0.2992051244,0.1344338953,0.1386044621,0.1299570948,0.3250046372,0.1762128472,0.3558578193,0.09828278422,0,0.9280257225,0.2830635607,0.5775783062,0.1815839857,0.4781574905,0.1706911474,0.1483036578,0.3994168639,0.3615374267,0.3311831355,0.3499586582,0.3400699794,0.3641912043,0.3988628387,0.4218404591,0.2813352644,0.3887375891,0.395175159,0.3440735042,0.174764961,0.1237525567,0.1368398219,0.1808725893,0.2354384214,0.3425846696,0.1287572086,0.3622860312,0.1251279861,0.3255369067,0.2917181849,0.1146745086,0.1580008417,0.2328655869,0.3348207772,0.09399629384,0.1438871473,0.1488389671,0.2602193356,0.145484373,0.1878856122,0.3594401777,0.3193117082,0.3068094552,0.1342861205,0.3697983325,0.3333744109,0.3563296199,0.2750709057,0.196712479,0.3429929316,0.1780617386,0.1622781157,0.2316644341,0.2105096579,0.1522386372,0.1234890148,0.1348929107,0.3692235351,0.3495958447
85,0.7290393114,0.5295348763,0.7589697838,0.6104980111,0.7435030341,0.541048944,0.3657550514,0.772515893,0.9241162539,0.8425812125,0.8585595489,0.8046197891,0.9830411077,0.9826472998,0.8452079892,0.9261216521,0.3006368577,0.1640048474,0.1562778652,0.2504115701,0.2531225681,0.1557005644,0.09523809701,0.03571428731,0.08333333582,0.1506180763,0.8335888982,0.4607052803,0.6287980676,0.7076327801,0.6505166292,0.4818973839,0.3133842945,0.1797750294,0.4154950976,0.5107907653,0.1159038246,0.02380952425,0.03333333507,0.07600142062,0.02380952425,0.02142857201,0.002380952239,0.9422284365,0.8960442543,0.8365828395,0.8201562166,0.867828846,0.8492025733,0.7705740929,0.7594225407,0.6406757236,0.5718859434,0.6651656032,0.7621020675,0.7862040401,0.7202265859,0.65291816,0.6510108113,0.7646011114,0.6676464677,0.6657651663,0.7007345557,0.6450412869,0.7719020844,0.7502217889,0.633995831,0.6348617673,0.8523525,0.5830122828,0.7490896583,0.8226801157,0.9969268441,0.7136896253,0.7302745581,0.8368984461,0.7675257921,0.7562758923,0.7951034904,0.6905730963,0.6625837088,0.7145392299,0.7685399652,0.9280257225,0,0.5316001177,0.8438407779,0.772082448,0.8094646335,0.7513539791,0.7528107166,0.753480792,0.730872333,0.6308353543,0.6518350244,0.5473954678,0.7297240496,0.7501809001,0.7627923489,0.5329445601,0.7803230882,0.7963636518,0.6640616059,0.4032785892,0.2897277772,0.2505851388,0.4319292605,0.6364235282,0.6572265029,0.2766268551,0.7495363355,0.2468621433,0.710221827,0.6719422936,0.2941097319,0.5873101354,0.5207664967,0.7372849584,0.1861004829,0.2772429287,0.4649423063,0.6107123494,0.6877604723,0.428229481,0.7212100625,0.6642724872,0.6441626549,0.29815045,0.7485160828,0.6942507625,0.726105988,0.5496383309,0.3845303357,0.685317874,0.3996420503,0.3097558618,0.4504149258,0.4477412105,0.6405399442,0.4518180788,0.401553154,0.7545154095,0.7162593603
86,0.01403624006,0.005839930382,0.02932287939,0.03257183731,0.01877874322,0.02114599943,0.02455864102,0.0376252085,0.1218871847,0.02401364967,0.04252775759,0.02408408746,0.5825193524,0.4505037665,0.1262204349,0.2497663796,0.01762548089,0.009609499015,0.008748894557,0.02330181748,0.02184006013,0.010467913,0.002380952472,0.004761904944,0.004038481042,0.01651250198,0.07678684592,0.04239312187,0.03951677307,0.0579549931,0.06873694062,0.06600631028,0.02591899782,0.01405662484,0.02018041536,0.05469578505,0.01190476213,0,0.004761904944,0.004761904944,0,0,0.002380952472,0.3840792775,0.1186148226,0.0436585471,0.05014323816,0.08439439535,0.06731953472,0.03096733429,0.02892007865,0.06716997176,0.006098091137,0.005210429896,0.009330181405,0.009745718911,0.0142988041,0.01049013436,0.01027491968,0.01147950627,0.008533987217,0.01048725005,0.01839268766,0.01182259619,0.008864717558,0.01270718407,0.001827914617,0.004798186012,0.1336474568,0.01127888169,0.008736684918,0.1813926995,0.9679294229,0.00440566754,0.01319917571,0.03226328641,0.007763013244,0.01165661495,0.01343644131,0.01645504311,0.005324708298,0.0191495344,0.003661556402,0.2830635607,0.5316001177,0,0.1062500924,0.009054732509,0.06040645391,0.00741267344,0.01149714831,0.02613156289,0.02010837197,0.01385942101,0.01712922566,0.005551358219,0.02278518118,0.02182487585,0.02685420215,0.009967042133,0.02595912851,0.03025590628,0.01419393532,0.004648488015,0.005812488031,0.002380952239,0.002848312492,0.00804909505,0.01617887616,0.005798838101,0.01700838841,0.002554141916,0.01541800704,0.01283480693,0.008377533406,0.00659087766,0.007434222382,0.01419829391,0.002380952472,0.001801433857,0.005791859236,0.006681329105,0.008256119676,0,0.02034741454,0.01127973106,0.0140910456,0.00634299824,0.02506435104,0.02216941677,0.01204515714,0.006998589262,0.008947636932,0.0142068835,0.005983147305,0.009025258012,0.01003560796,0.00831142161,0.005398160778,0.01232319977,0.004307771102,0.01931803674,0.01774648391
87,0.03646524251,0.0006345516886,0.01272698026,0.01126956381,0.06230118498,0.01731075533,0.0001670509519,0.03831887245,0.03860437125,0.0001675574458,0.0007385258214,0.0021586027,0.5038507581,0.2691802979,0.001085355179,0.0646424368,0.007928150706,0,0.001866190229,0.002090535592,0.003455403727,0,0,0.002380952472,0.004761904944,0,0.009325486608,0.01190476213,0.01072475128,0.01196915284,0.02092470787,0.004889683332,0.004761904944,0.007142857648,0.007116069552,0.008240805008,0.002380952239,0,0,0,0,0,0,0.4007708728,0.1450760514,0.1104596108,0.08813305944,0.1192067042,0.1608964652,0.09647615254,0.09985930473,0.08357949555,0.002567822114,0.0008769953856,0.008528141305,0.02610721439,0.004752497189,0.01121341903,0.004240805749,0.06774085015,0.007508046459,0.01420467533,0.08278932422,0.05167734995,0.005283878651,0.005575170275,0.04219847172,0.009685738012,0.005514162593,0.01037974656,0.001488517039,0.0007310608635,0.8453745842,0.01961361617,0.06633812189,0.0001470544375,0.002037323778,0.0010911891,0.01703376509,0.05545318499,0.0005717718159,0.09676092863,0.062530756,0.5775783062,0.8438407779,0.1062500924,0,7.095804904e-05,0.0006373600918,0.0002088928595,0.003014101414,0.08229406923,0.06465832889,0.03295399249,0.02107689157,0.02413449995,0.04804582894,0.05259957165,0.04747889936,0.02725083381,0.08686146885,0.06929625571,0.03914262727,0.002380952472,0.004317765124,0.005990690552,0.007142857648,0.01325595658,0.03941794112,0.002380952239,0.1048371494,0,0.0836366266,0.04409019276,0.0007605082938,0.00761815859,0.0137419831,0.02780422382,0,9.511235112e-05,0.001310874126,0.00694521796,0.006705575157,0.0006678075297,0.03257649019,0.04716348276,0.02924410813,0.001637784648,0.08763539046,0.0222465042,0.05226735771,0.0147140529,0.007142857648,0.04966524243,0.0004894571612,9.520173626e-05,0.0002059881081,0.0001287361665,6.11753203e-05,0.006383669097,0,0.02913790755,0.05494429171
88,0.0002941877465,0,0.0005312165013,0.001769309863,0.005922274664,0.004761904944,0.002380952472,0.001518085366,0.001245736959,2.06386303e-05,0.0001147037256,8.599273133e-05,0.3390802741,0.2060586214,0.007693424821,0.01186910272,0.0003860265133,0,0,0,0.0005296224263,0,0,0.0003719933447,0.0004618743842,0.002380952472,0.0007783282199,0.0008390094736,0.003312326269,0.01123323571,0.01458476204,0.007505565882,0.003940837458,0.002380952472,0.00256987079,0.007410661783,0.002380952472,0,0,0,0,0,0,0.3152416646,0.147854805,0.015228034,0.06191659719,0.127491653,0.06276950985,0.03970844299,0.0463324748,0.01173351984,2.227930781e-05,2.740137825e-05,0.0003936227877,0.0005509614712,0.0002960193669,6.707707507e-05,9.377780225e-05,0.004072241951,0.0001023004152,0.0001238767873,0.008589785546,0.001996189356,8.464062375e-06,0.0001535712072,0.001514570671,0.0001965357806,0.0001137741492,0.0001657001849,6.174703685e-06,0.001234852709,0.8545332551,0.0003474069235,0.002033977536,1.694320781e-05,2.7627284e-06,0,5.755168968e-05,0.004548948724,1.886156497e-05,0.007889654487,0.001809138572,0.1815839857,0.772082448,0.009054732509,7.095804904e-05,0,6.721395766e-05,5.021846846e-06,1.92558e-05,0.008601001464,0.00219206512,0.000774245942,0.006272779312,0,0.01209946256,0.01183233503,0.006159279495,0.001455974299,0.0141262617,0.01573685557,0.002380952472,0.001811899827,0,0,0.000227122553,0,0.005871213507,0,0.0061990791,0,0.004697110038,0.003691920545,0,0.0001057297195,0,0.001492716372,0,1.015686667e-05,0,0,0,0,0.00368556031,0.004744447768,0.001532803057,0,0.009597191587,0.002988336142,0.005889023189,0,0,0.0009467104101,0,0,0,4.642350632e-06,0,0,0,0.004523460753,0.00703163445
89,0.0001580794196,0,2.288387986e-05,8.47755291e-05,0.003217387944,0,0,0,0.002575268969,7.607061889e-06,6.192986621e-05,0.0002350274444,0.4858354628,0.1019186527,8.827852071e-06,0.006776354741,0,0,0,0,0,0,0,0,0,0,0.0007464408409,0,0.002380952472,0.002380952472,0,0.003562710015,0,0,0.001442649285,0,0,0,0,0,0,0,0,0.4631171227,0.1135660112,0.1063144431,0.0852368623,0.09483547509,0.006659641862,0.0545062311,0.05756669492,0.0403460823,0.003261273028,0.0003153498401,0.002380952472,0.006407344714,0.001021107659,0.008239562623,0.0004864337679,0.03945101425,0.004225618672,0.003809070913,0.03815792874,0.004048114177,0.00197782577,0.0004109470756,0.02367436327,0.002087278292,0.01157024875,4.352566975e-05,1.767248614e-05,6.740850222e-05,0.8886550069,0.009640187956,0.04530951381,1.089293346e-05,0.0001032517903,0,0.0009765331633,7.14869966e-05,0,0.001457552426,0.03317821771,0.4781574905,0.8094646335,0.06040645391,0.0006373600918,6.721395766e-05,0,6.477043826e-07,0.0005346698454,5.142564623e-05,5.707229502e-05,0.0005765923415,0.001850420493,0,0.000622864638,0.006030478515,0.001330117113,0,0.01205211226,0.004129534587,0.003087991383,0,0,0,0.002380952472,0,0.0007720267749,0,0.009878951125,0,0.003317625495,0.002128463006,0,0,0.002380952472,0.0002756506728,0,0,0,0,0,0,0.0005328500993,0.002871016739,0.0008736611344,5.361453077e-06,0.005486861337,5.423647963e-05,0.003242976265,0,0,0.002380952472,0,0,0,0,0,0,0,2.222295916e-05,0.0005012795446
90,0,0,1.540002995e-05,8.619450091e-05,0,0.003640289651,0.0002943043364,0.0003767427988,9.310190944e-05,5.303455509e-06,3.481249951e-05,4.713899034e-05,0.1535962671,0.130206272,0.0005349119892,0.003322034376,0,0.0002071838244,0.0003417802218,0.0004335347621,0.0006293969927,0,0,0,0,0.0002248736419,0.0002779357601,0.002385207452,0.001615479821,0.0009699948132,0.0007867497625,0.0009312823531,0.002412496367,0.003349638078,0.001294842805,0.0004474299494,0,0,0,0,0,0,0,0.427597791,0.09712291509,0.008783574216,0.05141286552,0.07413674891,0.00329619972,0.01781322062,0.02153902873,0.01066289004,0.0002193105756,2.250695252e-05,0.0002358178172,0.0007526954869,0.0004331741075,0.001127689029,0.0006571954582,0.002182437107,0.0001848735992,0.0001048041886,0.003062413773,0.0004484929959,4.056997113e-06,1.72002874e-05,0.001602733741,0.0002207051002,0.0001800063328,2.452953413e-05,1.24149642e-06,0.0001607416052,0.8619986176,0.0003952285624,0.0006513746339,6.270301128e-06,2.512930678e-06,5.590000569e-07,1.564625018e-05,4.73534601e-05,1.533114329e-07,0.0003041656455,0.002569109667,0.1706911474,0.7513539791,0.00741267344,0.0002088928595,5.021846846e-06,6.477043826e-07,0,2.964485475e-07,6.219272473e-05,4.431636626e-05,0.001250879955,0.001079244306,0,0.007232350763,0.00197056774,0,0.003036370268,0.0005719660548,0.0005694151041,0.000347696041,0,0,0,0,0,0,0,0.002367411973,0,0.0002784404496,0.0001506874833,0,0,0,8.135821554e-05,0,0,0,0,0,0,0.0001843462087,0,0,0,0.0005904745194,0.0004813265987,0.000227993587,0,0,0.0002064127766,0,0,0,0,0,0,0,0.0002439445961,0.0001083657116
91,1.359143607e-05,0,5.787036571e-05,0.0001916888868,0,0.00114497426,0.001135243336,0.0003999000764,0.0001575293572,2.263975693e-05,0.0001317627321,7.732005906e-05,0.1151931286,0.168669045,0.01492168847,0.00999157317,0.0006018007407,0,0.0003356045345,0.002565598115,0.003470653202,0.001663002418,0,0.001452260884,0,0.0001671056962,0.001653224812,0.003822395112,0.005884047132,0.004142309539,0.006612644065,0.007805256173,0.003526106477,0.004761904944,0.001724567963,0.003264117986,0.001206942252,0,0,0.000780266535,0,0,0,0.2750215232,0.0636311844,0.001992248697,0.04215141758,0.04853822291,0.01854303107,0.00268850103,0.004857616499,0.03211569041,0.0007669118932,2.855781713e-05,0.0001333854452,1.278679156e-05,6.140836922e-05,0.0002097520919,0.0003148318792,0.0006850505597,0,0.0001764635963,0.0007517305203,0.0001424907678,7.531326446e-06,2.203257964e-06,0.001225194894,0.0006583969225,0.0003432301746,0,8.196716408e-06,0.007948428392,0.8057153821,0.0003787997412,0.0001314941765,9.623151709e-05,2.348015414e-06,0,1.692313504e-06,0,0,0.0009415103705,0.0008809427964,0.1483036578,0.7528107166,0.01149714831,0.003014101414,1.92558e-05,0.0005346698454,2.964485475e-07,0,0.003458360909,0.000454842113,0,0,0,0,0,0,0,0,0.0007517408812,0,0,0,0,0,0,0,0,0,0,5.890160173e-05,0,0,0,0,0,0,0,0,0,0,0,0,0,0,0,0,0.0005508239847,0,0,0,0,0,0,0,0,1.927905714e-06,0,0,0,0
92,0.0005099822301,0.0009868068155,0.001324299257,0.008258954622,0.001308473293,0.004934570752,0,0.00312920101,0.01395237725,0.004331699573,0.01484092046,0.01029988658,0.4848705232,0.4387593865,0.01791191474,0.1812515259,0.01681223698,0.02040304802,0.02402878366,0.03044074215,0.02863874286,0.01543602534,0.0142857153,0.009523809887,0.008907208219,0.03094841726,0.0493644923,0.03112689406,0.05425082892,0.07361959666,0.08286879957,0.04896315932,0.03097359464,0.02104423754,0.03879820928,0.0458140485,0.01254986133,0.004761904944,0.002380952472,0.004761904944,0,0.002380952472,0,0.4664460719,0.01987572946,0.01976578869,0.002997496631,0.001421786263,0.0004273758968,0.001695704646,0.0002524575975,0.04423402622,0.01070256624,0.009523809887,0.006486484781,0.007953267545,0.008957965299,0.008891363628,0.003879301483,0.01759809442,0.004761904944,0.007601577789,0.000477395748,0.001825252548,0.007449519821,0.004514425993,0.01098550204,0.007341309451,0.0243066363,0,4.544940384e-05,0.0170463305,0.9812039137,0.01337942574,0.009037828073,0.01610057615,0.003328032093,0.001699622837,0.02830252983,1.556558891e-05,4.022573921e-05,3.564264625e-05,0.04147557169,0.3994168639,0.753480792,0.02613156289,0.08229406923,0.008601001464,5.142564623e-05,6.219272473e-05,0.003458360909,0,2.851639329e-05,0.0001645336597,0.0001015736416,0.0001536639611,2.290554221e-05,0.0001071845545,0.0001857079333,3.544585707e-05,4.843623901e-05,5.959133341e-05,0,0,0,0,0.001152106794,0.0007948935381,0.0001982482499,0,6.768597086e-05,0,0.0002063345019,0.000162949058,0,0.001129749231,0.003524258267,0.0004693282826,0,0,0,0,0,0,0.001058834954,0.0001899989002,0.002032028278,0,0.0001268800261,0,5.918461466e-05,0.0003570686677,0,0.0003323270357,0,0,6.043617759e-05,0,0,0,0,4.363823973e-05,0.0001203416905
93,7.019295299e-05,0.0005262247287,0.0001565329439,0.001106305979,0.000329196424,0.0005711368285,0.002136816038,0.0005274150171,0.006760458462,0.001077036024,0.009191167541,0.005057535134,0.4142146707,0.277205646,0.01575817354,0.1680825502,0.007329455111,0.0112725012,0.02088950761,0.01830425486,0.02107904293,0.01628697291,0.002380952472,0.006364030764,0.006058063824,0.007948284969,0.03481725976,0.0220204778,0.05299478769,0.06413909048,0.06994453073,0.06197853014,0.044509314,0.01971245743,0.02018452622,0.05676817149,0.007142857648,0.002380952472,0,0.004761904944,0.002380952239,0.002380952472,0,0.4705356359,0.04587835446,0.02604853176,0.02320215665,0.0222449787,0.00058709312,0.006763354409,0.002861304441,0.03524477407,0,0.0001550740417,0,0.004761904944,0.003346923739,0.002617564285,0.0001952813036,0.008061178029,0.0005408640718,0.001825745683,0.0006326025468,0.0001413168065,0.002933382988,0.001088409917,0.004583730828,0.002423888538,0.01603448205,9.667854101e-06,3.066371391e-06,0.00884302333,0.9644162059,0.002407251159,0.003071165178,0.005779161584,0,0.0001912120788,0.006176480092,4.147589152e-06,4.218556114e-06,1.468340542e-05,0.01614206098,0.3615374267,0.730872333,0.02010837197,0.06465832889,0.00219206512,5.707229502e-05,4.431636626e-05,0.000454842113,2.851639329e-05,0,0.0001016966853,5.755011807e-05,0.0001986433053,0.000196568988,8.867510769e-05,0.0007297415286,0,9.115869943e-06,0.0001631002087,1.65841866e-05,3.464373367e-05,0,0,0.001229662215,8.324642113e-05,4.765312769e-05,0,7.807216025e-05,0.0003868409258,5.068234532e-05,1.869992411e-05,0.0003248657158,0.0001855213486,3.376186214e-05,4.405444997e-05,0,0,0,0,0,0,0.0003314833448,0,3.136911255e-05,0,2.18174755e-05,1.900017196e-05,2.908934221e-05,0,0,2.571882032e-05,0,0,0,0,0,0,0,2.295980266e-05,1.981860441e-05
94,9.440980648e-06,0.0002548258926,0,0,0,0,0,3.912632019e-05,0.007596260402,0.01149599254,0.01724988036,0.008940385655,0.1042754799,0.1395390481,0.004698474426,0.1061693057,0,0,0.001910410007,0,5.682320625e-05,0,0,0,0,0.0003290218592,0.004045231268,0,0.005085879937,0.002961121965,0.004262719769,0.002545289695,0.002380952472,0,0.004761904944,0.002680465346,0,0,0,0,0,0,0,0.4741418064,0.005572214723,0.004949918017,0.001901870477,0.0006060985615,0.0003382073774,0.0003513749398,0.0002111331123,0.03797394037,0,0.002380952472,0,0,0.0167092979,0.01278580446,0.01244930737,0.007204430643,0,0.005337955896,0.002540183719,0.002035362879,0,0.008363242261,0.005684040952,0.002338583115,0.0208436884,0,0,0.005229646806,0.8625732064,0.003095594235,0.004514697473,0.008946505375,0,0,0.003725422081,0.0002727331885,0,0.000212893603,0.004520324524,0.3311831355,0.6308353543,0.01385942101,0.03295399249,0.000774245942,0.0005765923415,0.001250879955,0,0.0001645336597,0.0001016966853,0,0,0,0,0,8.123367934e-07,0,0,0,0,0,0,0,0,0,0,0,0,0,1.679011621e-05,7.434724102e-05,0,0,0,0,0,0,0,0,0,0,0,0,0,0,4.807817277e-06,0,0,0,0,0,0,0,0,0,0,0,0,0,0
95,0,0,1.773456233e-06,0.000107941305,0,0,0,1.133376554e-05,0.007839562371,0.0008397420752,0.0149928052,0.002339439001,0.1139369011,0.08453135192,0.00632897811,0.1002378687,0.000305053487,0,0.001608175342,0,0,0,0.002380952472,0,0,0,0.008901064284,0,0,0.006047319621,0.002380952472,0.007142857648,0,0.002380952472,0.002380952472,0.003510135226,0,0,0,0,0,0,0,0.461276412,0.006315998267,0.006255912594,0.001458942192,0.0005964726442,0.000339213555,0.0003089022066,3.798898979e-05,0.04695922881,0,0,0,0.002380952472,0.001789616654,0,0,7.718708366e-05,0,0.0004487981787,0.0001070507642,0.0001669806807,0,0,0.002751510125,0.003511545947,0.02319643274,0,0,0.01857182197,0.8702605963,0,0.001399487723,0.001428543474,0,0,0.002380952472,0.0007819053135,0.0003504621272,0,0.004761904944,0.3499586582,0.6518350244,0.01712922566,0.02107689157,0.006272779312,0.001850420493,0.001079244306,0,0.0001015736416,5.755011807e-05,0,0,0,0,0,0,0,0,0,0,0,0,0,0,0,0,0,5.160093133e-05,0,0,0,0,0,0,2.845025847e-06,0,0,0,0,0,0,0,0,0,0,0,0,0,0,0,0,0,0,0,0,0,0,0,0,0
96,0,0,0,6.820174895e-05,0,0,8.053695637e-05,4.627876842e-05,0.006322511472,0,0.01833614707,0.002013392514,0.1002304852,0.04905737936,0.001247748383,0.09963399917,0,0,0.002380952472,0,0,0,0,0,0,0,0,0,0,0.004761904944,0.002380952472,0.002380952472,0,0,0.002380952472,0,0,0,0,0,0,0,0,0.4806080461,0.008733502589,0.002546598902,0.0006235201727,0.0005175605183,0.0004685084568,0.001685676165,4.620357868e-05,0.0328862071,0,0,0,0,0,0,0.002380952472,0.001689341269,0,0,0.0001974167244,0,0.002380952472,0,0.002380952472,0,0.02494377643,0,0,0.004057212267,0.8868589997,0,0.002380952472,0.009851729497,0,0,0,0,0,0,0.0008207568899,0.3400699794,0.5473954678,0.005551358219,0.02413449995,0,0,0,0,0.0001536639611,0.0001986433053,0,0,0,0,0,5.308603477e-07,0,0,0,0,0,0,0,0,0,0,0,0,0,0,0,0,0,0,0,0,0,0,0,0,0,0,0,0,0,0,0,0,0,0,0,0,0,0,0,0,0,0,0,0
97,3.056197556e-06,0,3.182884757e-05,0.0007659716648,0,0.000104332401,0,2.563694807e-06,0.01228326187,0.008576460183,0.02038927563,0.008058198728,0.1255485862,0.1171067506,0.009119595401,0.1501208097,0.0001065747711,0,0,0.0003418120032,0.0009182682843,0,0,0.002380952239,0,0,0.008365491405,0,0.003451458644,0.01792883128,0.004761904944,0.004761904944,0.003362009302,0.002380952472,0.004761904478,0.006336200982,0,0,0,0,0,0,0,0.4330716133,0.0027872012,0.0009129834943,0.0003161119821,0.0003229938447,0.0001821918413,0.0002963915467,3.297863077e-05,0.055570025,0.002380952472,0.004761904944,0,0,0.004761904944,0.0003187649709,0,0.001518823789,0,0,0.0002131754154,6.380404375e-05,0,0,0.008684070781,0,0.02813250013,0,0,0.01061338093,0.8868641853,0.002380952472,0.001729587093,0.01307099592,0,0,0.002380952472,4.78538168e-05,0,8.42309455e-05,0.006899596658,0.3641912043,0.7297240496,0.02278518118,0.04804582894,0.01209946256,0.000622864638,0.007232350763,0,2.290554221e-05,0.000196568988,0,0,0,0,0,0,0,1.224853321e-07,0,0,0,0,0,0,0,0,0,0,0,0,0,0,0,0,0,0,0,0,0,0,0,0,0,0,0,2.851786303e-05,0,0,0,0,0,0,0,0,0,0,0,0,5.153689926e-05,0
98,0,0,6.422737897e-06,0.0002040871914,9.680136827e-06,7.147699944e-05,0.0009895882104,0,0.01151136216,0.006464053411,0.0173092261,0.007322180085,0.1166638806,0.130928725,0.007419863716,0.1373002678,0,0.0006976115401,0,0.0003018696152,0,0.004521361087,0,0,0,0,0.009147583507,0.002380952472,0.007584450301,0.008658657782,0.006615695544,0.004761904944,0.002380952472,0,0.00133109733,0.005112167448,0,0,0,0,0,0,0,0.4527773857,0.001613292145,0.002620726358,0.000319701765,0.000117740703,0.0002473900968,0.0003699738008,3.809482951e-05,0.04808957502,0,0,0.0009737200453,0,0.002380952239,0.003788565518,0,0.003545296611,0,0,0.0001030317799,0.0002679633908,0,0,0.005893656518,0.002380952239,0.032097321,0.002380952472,0,0.02138430625,0.9016057849,0.003383269534,0.004262541886,0.01140845194,0,0,0,0.0001645418961,0.003359903116,4.531849845e-05,0.007884155959,0.3988628387,0.7501809001,0.02182487585,0.05259957165,0.01183233503,0.006030478515,0.00197056774,0,0.0001071845545,8.867510769e-05,0,0,0,0,0,0,0,0,2.327504092e-07,0,0,0,0,0,0,4.006984e-06,0,0,0,0,0,0,0,0,0,0,0,0,0,0,0,0,0,0,0,0,0,0,0,0,0,0,0,0,0,0,0,0,0,3.040274896e-05
99,3.879608266e-05,0,4.283001908e-05,0,5.49094193e-06,0.0002551836369,0,4.051951692e-05,0.008548783138,0.001555763651,0.02109902538,0.005233590491,0.09955442697,0.190657571,0.01712882519,0.1575390846,0.0007375121349,0,0.002380952472,0.001663405565,0.002410006942,0,0,0,0,0.0007933444576,0.01303882804,0.007142857648,0.01115453616,0.02142857201,0.009523809887,0.0142857153,0.009523809887,0,0.005515421275,0.005582010373,0,0,0.002380952472,0,0,0,0,0.4973604381,0.002778592985,0.003711100202,0.0005120516289,0.0002514620428,0.0002772143926,0.0001014347363,6.842811126e-05,0.0530590266,0,0,0,0,0.001593109686,0.002044867491,9.05283523e-05,0.003064010758,0,0.002380952472,0.0001512370654,0.0002968049957,0,0.002380952239,0.01664314978,0.008602611721,0.02537949942,0,0,0.0133637283,0.9385554194,0.009727932513,0.006325834431,0.0154375257,0,0.0006253556348,0.002604680136,0.0007194007048,0,3.263119652e-05,0.02244722843,0.4218404591,0.7627923489,0.02685420215,0.04747889936,0.006159279495,0.001330117113,0,0,0.0001857079333,0.0007297415286,8.123367934e-07,0,5.308603477e-07,0,0,0,0,1.314266342e-06,0,0,0,0,0,0,0,0,0,0,0,0,0,0,0,0,0,0,0,0,0,0,2.644838969e-05,2.218925829e-06,0,0,0,0,0,1.394218816e-05,0,0,0,0,0,0,0,0,0,0,0,6.089430826e-06
100,0,0,0,6.56634802e-05,0,0.0001523385727,0.0005115060485,1.582637924e-05,0.01125760935,0.00235128589,0.01486957166,0.003879948985,0.1409420371,0.07066161931,0.003594355425,0.1490439475,0,0,0,0.002380952472,0,0,0,0,0,0,0.009142518975,0.003837049706,0.004156467505,0.005566479173,0.004761904944,0.002380952472,0,0.004761904944,0,0.002380952472,0,0,0,0,0,0,0,0.3249262571,0.001594140078,0.003324502381,0.0008532411885,0.0003709252051,0.000427211693,0.000490855251,0.0001767245849,0.03310395777,0,0,0,0,0,0,0,0.002876839601,0,0.0007801638567,7.142998948e-05,4.100943261e-05,0,0.002380952472,0.007741124369,0,0.01622104831,0,0,0.009885427542,0.708016932,0.002845312934,9.839196537e-06,0.001462012879,0,0,0,0,0,1.73454082e-05,0.005004734267,0.2813352644,0.5329445601,0.009967042133,0.02725083381,0.001455974299,0,0.003036370268,0,3.544585707e-05,0,0,0,0,0,0,0,0,0,0,0,0,0,0,0,0,0,0,0,0,0,0,0,0,0,0,0,0,0,0,0,0,0,0,0,0,0,0,0,0,0,0,0,0,0,0,0,0,0,0,0.0001278591517
101,7.800899766e-07,0,1.52217608e-05,0.0001754789555,2.472900633e-05,6.700360245e-05,0,4.314495163e-05,0.01154744346,0.01419358049,0.01930736937,0.007488082629,0.1342826635,0.1660108864,0.02736979909,0.1504935026,0.0003149988479,0.002380952472,0.0005176768755,0.0004942054511,0.001604681718,0.0004610227479,0,0,0.00106493372,0.001681934111,0.01753080823,0.009916655719,0.01535823103,0.02343979664,0.02530788258,0.008873667568,0.008370115422,0.003278759774,0.01797858626,0.00731960265,0.004251113627,0.002380952239,0.002380952472,0,0,0,0,0.4253728092,0.004074066877,0.002355728298,0.0004347068316,0.0003745453432,0.0002366154804,0.0001583104022,3.026256127e-05,0.05476007983,0.0004412389535,0.002380952472,0.0009809302865,0,0.002586719114,0.003267053049,0.003678580746,0.003648745362,0,0,9.05722336e-05,0.0001202618369,0,0,0.01479716972,0.005018249154,0.02437486313,0.0002901786647,0,0.03690043092,0.9068880677,0.004823515657,0.001907188445,0.0229682643,0,0,0.003046933096,7.612572517e-05,0.003076987341,7.135787746e-05,0.008979556151,0.3887375891,0.7803230882,0.02595912851,0.08686146885,0.0141262617,0.01205211226,0.0005719660548,0,4.843623901e-05,9.115869943e-06,0,0,0,1.224853321e-07,0,1.314266342e-06,0,0,0,0,0,0,0,0,0,2.053758408e-06,0,8.236220879e-07,0,1.279067601e-05,0,0,0,0,0,0,0,0,0,0,0,1.941773689e-06,0,0,0,0,0,0,0,0,0,0,0,0,0,0,0,0,0,0
102,0,0,2.363236854e-05,0.0009298585937,0,0.0003928992082,0.001149532269,3.634884342e-05,0.01141360216,0.009192363359,0.0189068839,0.01160783879,0.1264624894,0.1968307793,0.02861649171,0.159893021,0.0001866690873,0,0.001239536447,0.001399275614,0.0003212595766,0.0002161855227,0.003574120114,0,0,0.001587381121,0.01839610934,0.003317887196,0.02717131563,0.02368080616,0.02015995421,0.0114484299,0.01376540866,0.009523809887,0.02297190204,0.02379938215,0.002891172888,0,0.002380952472,0,0,0,0,0.4487523139,0.003039193572,0.002486532088,0.0002605889167,0.0002549447818,0.0001701481378,0.0002700100013,4.705220999e-05,0.05271267891,0,0,0,0,0,0,0.001591989072,0.005235182121,0,0.0009361488628,0.0001361176837,0.0007807843504,0.0006810876657,0.0001153850171,0.01193643827,0.009931501932,0.02746200375,0.0007126324344,0,0.04816379771,0.9199630618,0.01370514091,0.00241476018,0.0334446989,0,0.003402539296,0.002380952472,0.0009679820505,0.0004934667959,8.190894005e-05,0.01089351811,0.395175159,0.7963636518,0.03025590628,0.06929625571,0.01573685557,0.004129534587,0.0005694151041,0.0007517408812,5.959133341e-05,0.0001631002087,0,0,0,0,2.327504092e-07,0,0,0,0,0,0,0,0,0,0,0,0,0,0,0,0,0,0,0,0,0,0,0,0,0,0,6.597593165e-05,0,0.0002383652754,0,0,4.047867696e-05,0,0,0,0,0,4.407169035e-05,0,0,0,0,0,2.018145096e-06,3.354669389e-05
103,7.238853141e-05,0,1.163912111e-05,0.0001875228481,6.339183892e-05,0.0007128074067,0,0.0001255632815,0.003511823015,0.002095799195,0.006778599229,0.003339688294,0.1726915091,0.10079588,0.0126283234,0.1889206767,0.001013864297,0.007874574512,0.002705750288,0.0005100436392,0.00511325011,0.004253653809,0.002380952472,0,0.005459323525,0.001670232741,0.02952227928,0.02628137916,0.015677616,0.03878014162,0.04211378098,0.04295990616,0.02281021699,0.003335863585,0.01342928596,0.01913320832,0.004761904944,0,0.002380952472,0,0.002380952472,0,0,0.3470221162,0.02997243218,0.002094166819,0.01086869743,0.008058075793,0.002077704063,0.002214743989,0.000651822309,0.02844608203,0,0,0,0,0.0004231537168,2.743604091e-05,7.389047096e-05,0.003832991002,0,3.289456799e-05,0.0002840279485,2.041911284e-05,0,0,0.0008562976727,0.0004239423142,0.01643833891,2.253215462e-05,0,0.02521534078,0.8503475189,0.0007074105088,0.001272035297,0.008989325725,0.0008375741309,0,0,4.19977041e-05,0,3.484611807e-05,0.0007974174805,0.3440735042,0.6640616059,0.01419393532,0.03914262727,0.002380952472,0.003087991383,0.000347696041,0,0,1.65841866e-05,0,0,0,0,0,0,0,0,0,0,0,0,0,2.831482016e-05,0,0,0,0,0,0,0,0,0,0,0,0,0,0,1.683674964e-05,0,0,0,0,0,0,0,0,0,0,0,0,0,0,0,0,0,0,0,0,0
104,3.585599188e-05,0,0,0,0,0,0,0,0.002695174888,0,0.004360186402,0.0006445944309,0.1229043379,0.01666666754,0,0.1519465744,0,0,0,0.002380952472,0.0007371432148,0.001355129527,0.002380952472,0,0,0.002380952472,0.003410574747,0.004761904944,0.005658517592,0.01031934936,0.01339019835,0,0.002380952239,0,0.002380952472,0.007142857648,0,0,0,0,0,0,0,0.1126861274,0.002543628681,0.006548703648,0.003415211104,0.002532692859,0,0.003171207616,0.0008666235954,0.01497369818,0,0,0,0,0,0,0,0.003368581645,0,0,0,0.0001212454372,0,0,0.0003766512673,0,0.008708507754,0.0001031090651,0,0.004761904944,0.3859088123,0,0,0,0,0,0,0,0,7.372726395e-05,0,0.174764961,0.4032785892,0.004648488015,0.002380952472,0.001811899827,0,0,0,0,3.464373367e-05,0,0,0,0,0,0,0,0,0,0,0,0,0,0,0,0,0,0,0,0,5.558471912e-06,0,0,0,0,0,0,0,0,0,0,0,0,0,0,0,0,9.190512174e-06,0,0,0,0,0,0,0,0,0,0,0,0
105,2.246563781e-06,0,0,0,0,0,0,0,0.00059292675,0.0003962373012,0.002445244929,0.0002400783414,0.1021034569,0.02057547495,0,0.1003273055,0.0006418994744,0,0.001184767927,0.0008174707764,0,0.0008989978814,0.001186876907,0,0,0,0.005046456587,0.000665948668,0.005406646058,0.003028478939,0.002586931689,0.002380952472,0.001195361488,0,0.005863667466,0.009753789753,0,0,0,0,0,0.002380952472,0,0.1202697083,0.009523809887,0.001212324365,0.0006036791019,0,0,0,0.0002731787681,0.01195925102,0,0,0,0,0,0.002897896804,0.0001416644955,0.002380952472,0,0,0,0.0002381792438,0,0,0.0005158123095,0,0.003912830725,0,0,0,0.3165798485,0,0,0,0,0,0,0,0,0,0.001117971609,0.1237525567,0.2897277772,0.005812488031,0.004317765124,0,0,0,0,0,0,0,0,0,0,0,0,0,0,0,0,0,0,0,0,0,0,0,0,0,0,0,0,0,0,0,0,0,0,0,0,0,0,0,0,0,0,0,0,0,0,0,0,0,0,0,0,0,0,0,0
106,0,0,0,0,0,0,0,0,0.0005105222226,0,0.0001503995882,3.678723078e-05,0.07549957931,0.009523809887,0.002380952472,0.07035368681,0,0,0.002380952239,0.002380952472,0,0,0,0,0.0006365597364,0,0.008024365641,0,0.0003001625591,0.005027680192,0.004579515662,0.005311998073,0.001553107402,0,0,0.006111129187,0,0,0,0,0,0,0,0.1227663979,0.007142857648,0.002579703927,0,0,0,0,0,0.01078384556,0,0,0,0,0,0.0006963203195,9.373033208e-06,0,0,0,0,0.0001425598457,0,0,0,0,0.0002315547899,0,0,0,0.3571824729,0,0,0,0,0,0,0,0,9.528791998e-05,0,0.1368398219,0.2505851388,0.002380952239,0.005990690552,0,0,0,0,0,0,0,0,0,0,0,0,0,0,0,0,0,0,0,0,0,0,0,0,0,0,0,0,0,0,0,0,0,0,0,0,0,0,0,0,0,0,0,0,0,0,0,0,0,0,0,0,0,0,0,0
107,2.077509151e-07,0,0,0,0,7.299301797e-05,0,5.769163181e-06,0.001784276799,0.001613410888,0.0002849687007,0.001487815753,0.1390955299,0.03862521425,0,0.07032744586,0.0001193612698,0.0001627045858,7.57312373e-05,0.0002101685095,4.97896981e-05,8.823908502e-06,0.002563332673,0,6.10782372e-05,7.587041182e-05,0.000553400605,0.001073846244,0.001256007468,0.001457312843,0.001262400183,0.002109911758,0.002080767881,0.003694951767,0.001209230279,0.00094670814,0.0002345991525,0,0,0,0,0,0,0.2526009381,0.0142857153,0.0007259575068,0.01705626957,0.003631720319,0.005037871655,0.01095433813,0.005742715206,0.01454900298,0.002380952472,0,0,0,0.0009704754339,0.002389873844,0.0002316327009,0,0,0,0.004599404987,0.001583449659,0,9.32767507e-05,0.002857182175,0.00019156911,0.004876390565,3.558583921e-05,0,0,0.5510706306,0.0004730712972,0.002928797854,0.0002595062251,0,0,0,3.547353117e-05,4.644154251e-05,0.001077084802,0.0009711555322,0.1808725893,0.4319292605,0.002848312492,0.007142857648,0.000227122553,0.002380952472,0,0,0.001152106794,0.001229662215,0,0,0,0,0,0,0,0,0,2.831482016e-05,0,0,0,0,6.176337592e-07,0,0,4.412717772e-06,0,6.03489716e-05,5.011844451e-07,0,0,0,0,0,0,0,0,0,0,0.000190006569,0,0,0,0,0,0,0,0,0,0,0,0,0,0,0,0,0,0
108,1.391487672e-06,4.214840374e-06,1.650218678e-06,8.940934094e-06,5.939584753e-06,0.0001643905271,0,1.234465162e-05,0.0007691857754,0.0004774524423,0.0007856460288,0.0007641460397,0.191405043,0.08525787294,0.004761904944,0.1236767694,0.0001473533193,0.0008853264153,0.0004978439538,0.0003905376652,0.0008601971203,0.001048948616,0.0008023659466,0.001018371317,6.598280743e-05,0.0004596751241,0.004984144121,0.005893697962,0.007627879735,0.007012409158,0.005985692609,0.0104282517,0.006859894376,0.009143554606,0.003673026804,0.005252956413,0.001290737651,0,0,0.001273884904,0.003442573594,0.001142850611,0,0.4094649553,0.04703748226,0.006026950665,0.02643162571,0.03267894685,0.006943888962,0.008289751597,0.008142596111,0.01345789712,0.0003570680856,6.070267045e-05,5.864763352e-06,0,7.868312241e-05,0.0003957406152,2.653686533e-05,0.001662420691,0,0.0004690440837,0.00214571273,8.366193651e-05,3.171072876e-06,3.09539646e-05,0.001116554718,7.372379332e-05,0.004588227719,1.086639259e-05,5.720759418e-06,0.01328004338,0.8490082026,0.0002696731244,0.001961146481,0.001088646473,0,2.878877785e-05,0,8.773475201e-06,0,0.0001500073995,0.001199636608,0.2354384214,0.6364235282,0.00804909505,0.01325595658,0,0,0,0,0.0007948935381,8.324642113e-05,0,0,0,0,0,0,0,0,0,0,0,0,0,6.176337592e-07,0,0,0,5.523246273e-06,0,0,0,0,0,0,0,0,0,0,0,2.308667035e-07,0.001455256715,0,0,0,0,0,0,0,0,0,4.769044608e-06,0,0,0,0,8.257665286e-06,0,0,0,0
109,0,0,9.401303942e-06,0.0002222126932,5.016800515e-06,0,0,3.458868741e-05,0.008631699719,0.0002824541589,0.01150573231,0.002807750599,0.1399520785,0.08590071648,0.01724866219,0.1301923692,0.001886282116,0.001321045565,0,0,0.005302419886,0.0007888203254,0.001125535578,0.002380952472,0,0,0.007484732196,0.004761904944,0.009431825019,0.00962536037,0.009586359374,0.01665039919,0.003077083034,0,0.007142857648,0.003263919149,0,0,0,0,0,0,0,0.3665837646,0.008912563324,0.006858551409,0.001159421401,0.0007209895994,0.0003055561683,0.00139651366,0.0003482606262,0.04219166934,0,0,0,0,0.0007624761201,0.000176565678,0.000368970359,0.002996857511,0,0,0.0002030354226,6.057588325e-05,0.0003350230982,9.376357048e-05,0.008128602989,0.0002562174632,0.02184126154,0,0,0.02005380578,0.7888786197,0.001260898891,0.003304552287,0.01146002114,0.0004276258696,0,0,7.495243335e-05,0,5.13697978e-06,0.003788352711,0.3425846696,0.6572265029,0.01617887616,0.03941794112,0.005871213507,0.0007720267749,0,0,0.0001982482499,4.765312769e-05,0,0,0,0,4.006984e-06,0,0,2.053758408e-06,0,0,0,0,0,0,0,0,0,0,0,4.805830395e-05,0,0,0,0,0,0,0,0,0,0,0,1.626765311e-06,0,0,0,0,0,0,0,0,0,0,0,0.0007848405512,0,0,0,0,0,0
110,0,1.129640077e-05,0,1.223169147e-05,0,0,0,0,0.0008943681605,0.0004563545808,0.000157463699,0.002853851998,0.1010078266,0.01477650274,0,0.1458368152,0.0009311668691,0,0.001688041259,0.001020443742,0,0,0,0,0,0,0,0.002380952239,0.0117838569,0.01424284372,0.01009973604,0,0.002380952472,0,0,0.0003735455102,0.0005850609741,0,0,0,0,0,0,0.08788538724,0,0.0006258927751,0.003615906462,0.004761904944,0.001203474356,0.002946940251,0.002380952472,0.01422727387,0,0,0,0,0,0,0,0.0003468245268,0,0,0,3.841429861e-05,0,0,0.0003211317817,0,0.001829097979,0,0,0.002380952472,0.2676358521,0,0.0003536081931,0,0,0,0,0,0,0,0,0.1287572086,0.2766268551,0.005798838101,0.002380952239,0,0,0,0,0,0,0,0,0,0,0,0,0,0,0,0,0,0,0,0,0,0,0,0,0,1.678271656e-05,0,0,0,0,0,0,0,0,0,0,0,0,0,0,0,0,0,0,0,0,0,0,0,0,0,0,0,0,0,0
111,5.098145721e-06,3.817546531e-05,4.718836499e-05,0.0001285331236,2.382229286e-05,0.0005094686639,0.002807607409,7.593614282e-05,0.008207842708,0.007380224299,0.01289965026,0.00460098125,0.1524832994,0.1740617752,0.04133836925,0.1786462963,0.0005244112108,0.002535915235,0.002091356553,0.003955560271,0.003323872341,0.00841372367,0.00132043683,0,0.0004501246149,0.001407529227,0.02552472986,0.02598852292,0.02897195891,0.02935443632,0.0345887728,0.03967724741,0.04218620807,0.01927740313,0.02192119323,0.03130058572,0.00104395824,0,0,0.0005510084447,0,0.001364303404,0,0.3803710341,0.02382509224,0.007313797716,0.004041833337,0.005731760524,0.001063528587,0.001851159963,0.0005153816892,0.03408425301,0.0008543162257,0,0.0008000119124,0.0008732036804,0.0004855751176,0.0004275083484,0.0007506184047,0.008595084772,0.0004573563638,0.0001450614509,0.0002518033725,9.955342102e-05,0.002770422259,0,0.005047253333,0.001010940527,0.0209398102,0,0,0.07697796077,0.9017570615,0.001076130779,0.002528449288,0.04655885696,0,0.0018338667,0.001653261133,9.822117863e-05,0,5.267654706e-05,0.006907840725,0.3622860312,0.7495363355,0.01700838841,0.1048371494,0.0061990791,0.009878951125,0.002367411973,0,6.768597086e-05,7.807216025e-05,0,5.160093133e-05,0,0,0,0,0,8.236220879e-07,0,0,0,0,0,4.412717772e-06,5.523246273e-06,0,0,0,0,3.290981283e-07,1.523731044e-07,0,0,0,0,0,0,0,0,1.148625597e-05,0.000217933979,5.333803711e-05,0,0,0,6.640125775e-06,0,0,3.29278123e-06,0,4.619386686e-07,0,1.294909725e-05,0,0,0,0,0,0,1.919797978e-05
112,0,0,0,0,0.0005065419828,0,0,0,0.002155910712,0,0.004541726317,0,0.04969064891,0.01003675908,0,0.110013023,0,0,0,0.002956594806,0.002029370284,0,0,0,0,0.001424390473,0.004761904944,0.004173369147,0,0.003509885399,0.0007754513645,0.005960492883,0.007142857648,0,0.003404463641,0.002380952239,0,0,0,0,0,0,0,0.05883384123,0,0.002380952472,0.004761904944,0.002570966026,0.002380952239,0.00576857524,0.0003764809517,0.01302492525,0,0,0,0,0,0,2.471652442e-05,0.007380426861,0,0,8.247580263e-05,0,0,0,0,0.0007836308796,0.01093326136,0,0,0,0.2236012816,0,0.0002403025137,0.001496964484,0,0,0,0,0,0,0.0002337903425,0.1251279861,0.2468621433,0.002554141916,0,0,0,0,0,0,0.0003868409258,0,0,0,0,0,0,0,0,0,0,0,0,0,0,0,0,0,0,0,0,0,0,0,0,0,0,0,0,0,0,0,0,0,0,0,0,0,0,0,0,0,0,0,0,0,0,0,0,0,0
113,1.090785918e-05,7.538193313e-05,0.0001154293132,0.0002939319238,0.0005066580488,7.513871969e-05,0.001268307096,0.0002262639173,0.004588088952,0.003819546429,0.007548965514,0.002520516748,0.1591411084,0.1559342891,0.03653366491,0.1866249591,0.001427803771,0.0108590005,0.007767389063,0.01162092015,0.007551678922,0.008426948451,0.0056904261,0.005260233767,0.006340689957,0.006149518769,0.03678570315,0.04520561174,0.04931266978,0.05774749815,0.05398355052,0.04228620231,0.04585747048,0.008713460527,0.01934822462,0.03481828421,0.01530872565,0.002380952472,0.004761904944,0.003543406259,0,0,0,0.4219167829,0.07477399707,0.014505147,0.02496168762,0.03708156198,0.004483720753,0.005694719031,0.003018894233,0.02750630118,0.001678726403,0.000248954806,0.0004124176048,0.0001002168574,0.0004723876773,1.111235088e-05,4.366137e-05,0.006228071637,0,8.828210412e-05,0.0002994269889,5.448420779e-05,0.0001094789768,0,0.004374943208,0.0006778507959,0.01702299155,0,0,0.04002236947,0.9109969139,0.0001307357015,0.001536582015,0.01516035199,0.001775412122,0.001135427388,0.0002335046156,2.569935896e-05,0.0002637320722,6.911524542e-05,0.011675396,0.3255369067,0.710221827,0.01541800704,0.0836366266,0.004697110038,0.003317625495,0.0002784404496,5.890160173e-05,0.0002063345019,5.068234532e-05,1.679011621e-05,0,0,0,0,0,0,1.279067601e-05,0,0,0,0,0,6.03489716e-05,0,4.805830395e-05,1.678271656e-05,3.290981283e-07,0,0,0,0,0,7.768771866e-06,3.635459279e-06,0,0,0,1.442797497e-06,0,0,0.0005738574546,2.229721758e-05,0,0,7.259808967e-07,0,0,0,0,6.675600162e-06,0,0,4.654444274e-05,0,0,0,0,2.819939073e-05,2.332955319e-06
114,3.830304649e-06,1.235751643e-05,3.521420695e-06,0.0001410566038,0.0001350134989,0,0.002212298801,4.315075785e-05,0.002983202925,0.001426731003,0.004460236058,0.002680061385,0.1907486618,0.1221420392,0.01631478593,0.1899374574,0.001207929803,0.002336448058,0.001657084678,0.002642462729,0.001714270911,0.006129972171,0.001696318854,0.001440844848,0.001230592839,0.00359708094,0.02662226185,0.0227318462,0.02970073372,0.03178363293,0.01916884631,0.03535996377,0.03528225422,0.01157418173,0.02350576036,0.01990475692,0.005527422298,0.002380952472,0.001764794113,0.002380952472,0.003800051752,0,0,0.4101734161,0.09236115962,0.01200927235,0.02163432352,0.03986123204,0.006415632553,0.01089763641,0.006711034104,0.02011333406,0.0003514435084,0.0001494742028,0.0001024070807,0.0002529132762,0.0003421443398,2.862409201e-05,7.262566214e-05,0.007035013288,2.838905675e-05,1.510067432e-05,0.000465066114,4.42177261e-05,0,0.0001399513858,0.002277119085,0.0001989928423,0.01385895815,3.474384357e-05,0,0.03894177452,0.9086886644,0.0003829503257,0.001880991505,0.01528573316,0,0.002380952472,0.0004086422268,3.675011976e-05,0,7.314288814e-05,0.00523277605,0.2917181849,0.6719422936,0.01283480693,0.04409019276,0.003691920545,0.002128463006,0.0001506874833,0,0.000162949058,1.869992411e-05,7.434724102e-05,0,0,0,0,0,0,0,0,0,5.558471912e-06,0,0,5.011844451e-07,0,0,0,1.523731044e-07,0,0,0,0,1.243920087e-05,0,0,0,0,0,2.336691296e-06,0,0,0.0001768109069,0,0,0,5.263354251e-05,7.269046819e-06,1.381459697e-05,1.75067089e-05,0,1.227587518e-06,0,0,0,0,0,0,0,0,0
115,0,0,0,0,0,0,0,8.367979717e-06,0.0001831329137,0,0.0006508204388,0.0002433104819,0.08257607371,0.02826958708,0,0.03733669966,0,0,0,0,0.001284700935,0,0.002380952472,0,0,0,0.001264658757,0.004761904944,0,0.002051968127,0.0005662377807,0.000439330528,0,0,0.002380952472,0,0,0,0,0,0,0,0,0.1659617871,0,0.004726110492,0.002380952239,0.002380952472,0.0008316346793,0,0,0.02278643288,0,0,0,0,0,0.0006736652576,6.102688712e-05,0,0,0,0,4.904939124e-05,0,0,0,0,0.0006572281127,0,0,0,0.521058619,0,0,0,0,0,0,0.0005926160957,0,0.0003406491887,0,0.1146745086,0.2941097319,0.008377533406,0.0007605082938,0,0,0,0,0,0.0003248657158,0,0,0,0,0,0,0,0,0,0,0,0,0,0,0,0,0,0,0,0,0,0,0,0,0,0,0,0,0,0,0,0,0,0,0,0,0,0,0,0,0,0,0,0,0,0,0,0,0,0
116,3.325150999e-07,0,0,4.149404162e-07,0,0,0,3.469017429e-06,0.0006224458921,0.0002328961418,0.0003220521612,0.001181837404,0.1016974226,0.05010303855,0.006209779065,0.03610254452,5.307489118e-05,6.592331192e-05,0.0002066713059,2.895569196e-05,0.0007665754529,3.645759716e-05,0.0002082786959,0,0.0001120756642,7.833815471e-05,0.001038550399,0.001084070071,0.001070461702,0.0007747448981,0.001042005722,0.0008930992917,0.001403530594,0.0009770804318,0.0003078494046,0.0008111859206,0.002472552937,0,0,0,0.0005300631747,0,0,0.26540488,0.0223988127,0.002505657496,0.0141989002,0.01556977071,0.003154234728,0.002652774565,0.005389513448,0.02883519605,0,0,0,0,0.0005703149363,0.002306543523,0.0001794939017,0.0006794842775,0,0.0006471413653,0.001489751972,0.0005431864993,2.392148645e-06,6.853998912e-06,0,0.002849163953,0.0008248228696,0,0,0.005198319908,0.7557418346,0,0.0002575482649,0.000206794386,0,0,0,0,0,0.001290778629,0.0003200613137,0.1580008417,0.5873101354,0.00659087766,0.00761815859,0.0001057297195,0,0,0,0.001129749231,0.0001855213486,0,0,0,0,0,0,0,0,0,0,0,0,0,0,0,0,0,0,0,0,1.243920087e-05,0,0,0,0,0,0,0,4.778576113e-05,0,0,0,0,0,0,0,4.126591011e-05,0,0,0,0,0,0,0,0,0,0,0,0,0
117,1.194137781e-06,0,0,0,0,0.0005768334377,0,2.195687557e-05,0.001748618321,0.000576123537,0.005474578589,0.0008341931389,0.1458093226,0.05475816876,0.005571377464,0.1800337136,5.199101724e-05,0.0003874142712,0.003294212045,0.0004735385883,0.00117218704,0,0.002380952472,0.002380952472,0,0,0.02170502953,0.007589302957,0.01226393506,0.0226735305,0.01059525181,0.01714649238,0.008507157676,0.004761904944,0.00938565284,0.007737718523,0,0,0,0,0,0,0,0.228204757,0.02456269599,0.008470108733,0.01087832265,0.01549324673,0.007779497653,0.009909112938,0.00090466236,0.01677882113,0.0007013161667,0,0.0005422759568,0.0004283084127,0.0006264421972,0.0002940913546,3.364651639e-05,0.001777951256,0,0,0.0007905666134,2.110482819e-05,0,0,0.0001798418089,0.000130215165,0.009502771311,0,0,0.01139516849,0.6321262717,4.484292731e-05,0.0009452116792,0.001671398291,0,0,0.0002772283624,2.284076072e-05,0,7.024461229e-05,0.004097786732,0.2328655869,0.5207664967,0.007434222382,0.0137419831,0,0.002380952472,0,0,0.003524258267,3.376186214e-05,0,0,0,0,0,0,0,0,0,0,0,0,0,0,0,0,0,0,0,7.768771866e-06,0,0,0,0,0,0,0,0,0,0,0,0,0,0,0,0,0,0,0,0,0,0,0,0,0,0,0,0,0,0
118,2.556637355e-06,0,0,3.108998862e-05,2.626011701e-05,7.725881733e-05,0,3.363100404e-05,0.005876959302,0.002145658713,0.008583742194,0.003601169214,0.1527418047,0.1064342633,0.009758327156,0.1681918651,0,0.00484800199,0.001440470573,0.003397577675,0.002963476814,0.001413026825,0.005767537747,0,0.0005815177574,0.000497868692,0.02267195657,0.0198336374,0.02057215385,0.02849817649,0.02787725255,0.02490263246,0.02588588558,0.01101573277,0.01236476749,0.01348922215,0.002380952472,0,0,0,0,0,0,0.3734624982,0.02637791447,0.006367811933,0.003568016225,0.005723661277,0.001031092019,0.003288337961,0.0003562968632,0.02984978259,0.001153589459,0.0004754808906,0,0,0.003159953514,0.0007230172632,7.288125198e-05,0.007866917178,0,0,0.0002213713742,6.561788905e-05,0.0004343080509,0,0.001306683291,0.001432652352,0.01559705194,0,0,0.01158539113,0.865567565,0.001750194933,0.000978672062,0.002921251813,0,0,0,4.347388312e-05,0,4.247593824e-05,0.002789070364,0.3348207772,0.7372849584,0.01419829391,0.02780422382,0.001492716372,0.0002756506728,8.135821554e-05,0,0.0004693282826,4.405444997e-05,0,2.845025847e-06,0,0,0,0,0,0,0,0,0,0,0,0,0,0,0,0,0,3.635459279e-06,0,0,0,0,0,0,0,0,2.193607179e-05,0,0,0,0,0,0,0,4.532144885e-05,0,0,0,0,0,0,0,3.743155276e-06,0,0,0,0,0
119,0,0,0,0,0,0,0,0,0.0001747411297,0.000446447666,0.0005253877025,0.0009124445496,0.06185996905,0.01368524414,0,0.02951889113,0,0,0,0,0.0001801628678,0,0,0,0.001317411661,0,0,0,0,0.0005777640617,0,0,0,0,0.0004935274483,0.002380952472,0,0,0,0,0,0,0,0.08920995891,0.001770273317,0.002380952472,0.002380952472,0,0,0,0,0.009628803469,0,0,0,0,0.0005461136461,0,0,0.0005661974428,0,0,0.002380952472,0,0,0,0,0,0.0001444077207,0,0,0,0.3288464844,0,0,0,0,0,0,0,0,0,0,0.09399629384,0.1861004829,0.002380952472,0,0,0,0,0,0,0,0,0,0,0,0,0,0,0,0,0,0,0,0,0,0,0,0,0,0,0,0,0,0,0,0,0,0,0,0,0,0,0.0001610641775,0,0,0,0,0,0,0,0,0,0,0,0,0,0,0,0,0,0
120,0,0,0,0,0,0,0,0,0.0001038858099,6.326340372e-05,7.051758439e-05,4.042727232e-05,0.0674342066,0.02142857201,0,0.004956998397,0,0,0,0,0,0,0,0,0,0,0,0,0,0,0,0.002380952239,0,0,0,0,0,0,0,0,0,0,0,0.183975026,0.009523809887,0.00256521767,0.002380952472,0.007142857648,0.001057999674,0.002380952472,0.0005039087846,0.01226790994,0,0,0,0,0,0,0.001597695751,0,0,0,0.000552984653,0.0007046562969,0,0.0001167850787,0,0,0.0004082941741,0.0006150034023,0,0,0.4634919763,0.0001936660992,0.0008311377023,0,0,0,0,0,0,0,0.0007792605902,0.1438871473,0.2772429287,0.001801433857,9.511235112e-05,1.015686667e-05,0,0,0,0,0,0,0,0,0,0,0,0,0,0,0,0,0,0,0,0,0,0,0,0,0,0,0,0,0,0,0,0,0,0,0,0,0,0,0,0,0,0,0,0,0,0,0,0,0,0,0,0,0,0,0
121,4.3382488e-06,0,0,0,0,0,0,9.846874309e-05,8.548325422e-05,0,7.384530181e-05,0.0002398463985,0.08555170894,0.0284683872,0.0001724763133,0.01297528483,0,0,0,0.001056361361,0.001317805261,0,0,0,0,0,0,0,0.001142548514,0.0002858756052,0.0004094041651,0.0006793942302,0,0,0,0,0,0,0,0,0,0,0,0.2977824509,0.01461951435,0.005618648604,0.00778747024,0.002380952472,0.0005794646568,0.003176991828,0,0.01561904512,0,0,0,0,0,0.002047856338,7.663281576e-05,0.002263237257,0.002380952472,0,0.0008063046844,0,0,3.409916872e-06,0.001611319254,0.0003649381106,0.0003841005382,0,0,0.0001383025083,0.7278643847,9.470985242e-05,0.001665637945,1.81225405e-05,0,0,0,0,0,0.0005807346897,0.000236366468,0.1488389671,0.4649423063,0.005791859236,0.001310874126,0,0,0,0,0,0,0,0,0,0,0,0,0,0,0,0,0,0,0,0,0,0,0,0,0,0,0,0,0,0,0,0,0,0,0,0,0,0,0,0,0,0,0,0,0,0,0,0,0,0,0,0,0,0,0,0
122,1.027589951e-05,0,0,0.0006461034645,0,0.002380952472,0,0,0.001458238461,0,0.00175508589,0.000688637374,0.2048151791,0.05548318475,0.003233750816,0.1773864478,0.01064716745,0.006543194875,0.007142857648,0.001302374061,0.003393917577,0.003511316841,0,0,0.004761904944,0.004761904944,0.01444621012,0.02122735418,0.02069784515,0.0332089141,0.0202178508,0.01989539154,0.01571231522,0.0142857153,0.004911473952,0.01488441881,0,0,0,0,0,0,0,0.3547961414,0.02557125688,0.008639146574,0.02846767195,0.003437549807,0.004434570204,0.01271074172,0.009524153545,0.01814224198,0,0.0002156580158,4.874572187e-05,0,5.467990559e-05,5.042026896e-05,3.770117928e-06,0.002547852229,0,5.354224777e-05,0.0005260172184,4.312878445e-05,0,3.618073606e-05,0.001176535385,0.00020995464,0.006805421319,0,0,0.006748845335,0.7568539977,4.659937986e-05,0.00164264848,0.001115051215,0,0.0001926843106,9.801272245e-05,2.599007166e-05,0,1.939958929e-05,0.003813792253,0.2602193356,0.6107123494,0.006681329105,0.00694521796,0,0,0,0,0,0,0,0,0,0,0,0,0,0,0,1.683674964e-05,0,0,0,0,0,0,0,0,0,1.442797497e-06,2.336691296e-06,0,4.778576113e-05,0,2.193607179e-05,0,0,0,0,0,0,0.0001839528413,0,0,0,0,0,0,0,0,0,0,0,0,0,2.267268246e-05,0,0,0,0
123,8.960802234e-07,0,1.894160278e-06,2.196059086e-06,0,0,0,1.915959365e-05,0.0003099424939,4.390375034e-05,0.0001806739019,0.0001573893824,0.08363395184,0.08807425946,0.00310153747,0.02607387863,0.0001827146625,0.0001299312135,0.0003914711124,0.0007688329206,0,0.001222156687,0,0,0.000266055431,0,0.0009524953202,0.001978833228,0.001392840059,0.001732237753,0.001347009791,0.002452314598,0.003125019139,0.004006199539,0.0005667584483,0.002700005891,0.0006902909372,0,0,0,0,0,0,0.3230339289,0.02330795862,0.002591776894,0.005796833429,0.006466528401,0.001690846053,0.005137228407,0.003523298539,0.03232685104,0,0,0,0,0.0003624334931,0.001152249519,6.241086521e-05,0.0001658844558,0.0007904538652,0.0005635380512,0.0007314106915,0.0007210670738,0,2.508067382e-06,0.001632451545,0.0001832818962,0.0004170062311,3.165063026e-05,4.479232416e-07,0.003779460909,0.778131187,0.0001750703959,0.000155054382,0,0,0,0,0,0,0.0001395073486,0.0005708666868,0.145484373,0.6877604723,0.008256119676,0.006705575157,0,0,0,0,0,0,0,0,0,0,0,0,0,0,0,0,0,0,0,0,2.308667035e-07,0,0,1.148625597e-05,0,0,0,0,0,0,0,0,0,0,0,0,0,0,0,0,0,0,0,0.0002415661438,0,0,0,0,0,0,0,0,0,0,0,0
124,3.559745892e-05,0,5.821994478e-07,0,0,0,0,0,0.02709044516,8.181853445e-06,0.0004622563429,0,0.1911770999,0.01852150075,0,0.05061785877,0,0,0,0,0,0.002380952472,0,0,0,0,0.002350574126,0,0.002380952472,0.003646907397,0.006728447508,0,0,0.002380952472,0,0.002380952472,0,0,0,0,0,0,0,0.1590960622,0.0209197104,0.02385603264,0.01536083408,0.01257332694,0.001781439176,0.01100534666,0.007290473673,0.01885353401,0,0,0.002380952472,0,0.001358511276,0,0.001564433216,0.002380952239,0,0.002380952239,0.00300809904,0.000651362061,0.002380952472,0,0.0142857153,0.003092500614,0.02318328805,0,0,0.0001440571796,0.552179575,0.002380952472,0.006511692423,0,0,0.0004426433297,0,0.0001809086825,0,0.0003346622398,0.003792154836,0.1878856122,0.428229481,0,0.0006678075297,0,0,0,0,0,0,0,0,0,0,0,2.644838969e-05,0,0,0,0,0,0,0,0,0.001455256715,0,0,0.000217933979,0,0,0,0,0,0,0,0,0,0,0,0,0,0,0,0,0,0.0006977863959,0,0,0,0,0,0,0,0,0,0,0,0,0,0
125,3.855684554e-06,0,1.742487439e-05,0.0002796772169,1.360819738e-06,0,0,1.202813473e-05,0.01202767156,0.006755809765,0.00691742776,0.00122004794,0.1438360959,0.06843359768,0.001300533419,0.08004310727,0.0006930366508,0,0,0.0004837164888,0.0001696276013,0,0,0.002380952472,0.001348183025,0,0.006519108545,0.008117312565,0.01410346013,0.004724912811,0.005003185477,0.0002841234382,0.0009987944504,0,0.007142857648,0.008126431145,0.0001559646626,0,0,0,0.002380952472,0,0,0.4422245324,0.04234135151,0.01800267398,0.004935208708,0.009382530116,0.002609070623,0.006053897552,0.001300661475,0.03471815214,0,0,0.002380952239,0.002380952472,0.009165500291,0.004938991275,0.01030196715,0.01554052439,0.002380952472,0.001020191004,0.0008708826499,0.0005879251403,0.0009267525747,0.0031222424,0.006889768876,0.01668534614,0.02523651905,0.000948285393,0.001325993449,0.005163176917,0.8901814222,0.004083425738,0.003123206552,0.004333570134,0.007578528021,0.001379847876,0.005266758148,0.000703823287,0,0.0004888952826,0.01127496921,0.3594401777,0.7212100625,0.02034741454,0.03257649019,0.00368556031,0.0005328500993,0.0001843462087,0,0.001058834954,0.0003314833448,0,0,0,0,0,2.218925829e-06,0,1.941773689e-06,6.597593165e-05,0,0,0,0,0.000190006569,0,1.626765311e-06,0,5.333803711e-05,0,0.0005738574546,0.0001768109069,0,0,0,0,0.0001610641775,0,0,0.0001839528413,0,0,0,0,0,0,4.584902854e-05,1.733589306e-05,4.131501896e-07,0,0,2.365270348e-06,0,0,0,0,0,0,0,0,0.0001051706931
126,0,0,3.480066516e-05,0,1.01200867e-05,0.0002281942579,0,6.629020936e-05,0.007133284118,0.0004250138591,0.007491285913,0.002281389898,0.1397212595,0.07854307443,0.009055539034,0.1612651944,0.001183595159,0,0,0.005735891871,0,0.004761904944,0,0,0,0.002380952239,0.01732756384,0.008843109943,0.01344673242,0.01282832585,0.01197782531,0.01190476213,0.001267074491,0.002380952239,0,0.009523809887,0.002380952472,0,0,0,0,0,0,0.3282771707,0.02128081024,0.01545993332,0.003958980553,0.003294120543,0.002936302917,0.003017684212,0.0006505482597,0.02839838341,0.0001148359515,0,0.0009704402764,0,0,0.0001398439199,9.089455853e-05,0.003094159765,0,0,0.0001108306169,8.167761553e-05,0,0,0.003538896795,0.0008285206277,0.01673968509,0,0,0.009319112636,0.7841013074,0.000484347227,0.0001642012066,0.007344990503,0,0,0,0.0002359075879,0,4.17340998e-05,0.003949068487,0.3193117082,0.6642724872,0.01127973106,0.04716348276,0.004744447768,0.002871016739,0,0,0.0001899989002,0,0,0,0,0,0,0,0,0,0,0,0,0,0,0,0,0,0,0,0,2.229721758e-05,0,0,0,0,0,0,0,0,0,0,0,0,0,0,0,0,0,0,0,0,0,0,0,0,0,0,0,0,0,0
127,0,0,2.304710142e-05,8.723044448e-05,0,0.0003932538966,0.00103557657,1.969409823e-05,0.005121050403,0.003078217851,0.008010487072,0.00197715871,0.145137161,0.07032480836,0.006491591688,0.1684893221,0,0.004216976464,0.0031942036,0.002703028731,0,0.0008185479091,0.003455388593,0,0,0.00186999375,0.01991944201,0.01501432899,0.009949944913,0.02403532155,0.0102121504,0.00736109307,0.00700300606,0.01524549257,0.006745554507,0.01288603991,0.002380952472,0.002380952472,0,0.0009224360692,0,0,0,0.2995942235,0.03509771451,0.008011569269,0.009748022072,0.009611463174,0.002428601496,0.003825183958,0.0008776194882,0.02946668863,0,0,0,0.0009026883054,0,0,0,0.006882890128,0,3.468176146e-05,0.0002873049816,9.846407193e-05,0,0,0.005280345213,0.0006512848195,0.0165639855,0,0,0.01229055692,0.7366603017,0.000959123543,0.0003481990716,0.007685970515,0,0,0,0.0004515797773,0,0.0001943033567,0.003022142919,0.3068094552,0.6441626549,0.0140910456,0.02924410813,0.001532803057,0.0008736611344,0,0,0.002032028278,3.136911255e-05,0,0,0,0,0,0,0,0,0.0002383652754,0,0,0,0,0,0,0,0,0,0,0,0,0,0,0,0,0,0,0,0,0,0,0,0,0,0,0,0,0,0,0,0,0,0,0,0,0,0,0,0,0.0001860294142
128,0,0,0,0,0,0,0,0,9.822733409e-05,0,6.913043035e-05,0.0008437432116,0.09131396562,0.007142857648,0,0.007871029899,0,0,0,0,0.0009008430061,0,0,0,0,0,0,0,0,0,0,0,0,0,0,0,0,0,0,0,0,0,0,0.2030955404,0.005402137991,0.002380952472,0.004761904944,0.004087533802,0.0005005669082,0.002380952472,0.00104415603,0.02021506056,0,0,0,0,0.0007000587066,0.0004891994176,0,0.000468429731,0,0,0,0,0,0,0,0,0.0001502857049,0,0,0,0.4990268946,0,0,0,0,0,0,0,0,0,0,0.1342861205,0.29815045,0.00634299824,0.001637784648,0,5.361453077e-06,0,0,0,0,0,0,0,0,0,0,0,0,0,0,0,0,0,0,0,0,0,0,0,0,0,0,0,0,0,0,0,0,0,0,0,0,0,0,0,0,0,0,0,0,0,0,0,0,0,0,0,0,0,0
129,6.886627671e-05,0,0.0001558179938,0.0001700419671,5.354763925e-05,0.000790367485,0.001163969166,0.0002419209777,0.009176635183,0.008442576975,0.01457359269,0.005637667608,0.1662186533,0.1638898402,0.03949622065,0.1734109521,0.003984021023,0.006454160903,0.004557246808,0.01337762643,0.008761392906,0.01074108761,0.009523809887,0.003964189906,0.009347011335,0.003376930254,0.03705318272,0.0471210666,0.0518364124,0.06087849662,0.07172586024,0.04628528655,0.0478967689,0.03079249896,0.03485095128,0.04873652384,0.009488860145,0.002380952472,0,0.002380952472,0,0,0,0.3781169057,0.01687647216,0.005960505921,0.002495267428,0.00352687249,0.0007459542248,0.001658950699,0.0003159559565,0.03879886866,0.000975784671,0.001644800417,0.0009962631157,0.00056854781,0.002107762033,0.0004694359086,0.0006690635928,0.004179781303,0.002380952472,0.0003759606334,0.0002806872944,0.0001015481539,0.002808009507,0.0002885384893,0.00536052743,0.005027819425,0.02209430747,0,0.0002426668798,0.05134198442,0.8973758817,0.005716274027,0.00351899513,0.02850973234,0.001032375381,0.001063884818,0.004450794309,5.184301335e-05,0,4.605710637e-05,0.02318983898,0.3697983325,0.7485160828,0.02506435104,0.08763539046,0.009597191587,0.005486861337,0.0005904745194,0,0.0001268800261,2.18174755e-05,4.807817277e-06,0,0,2.851786303e-05,0,0,0,0,0,0,0,0,0,0,0,0,0,6.640125775e-06,0,7.259808967e-07,5.263354251e-05,0,0,0,0,0,0,0,0,0,0.0006977863959,4.584902854e-05,0,0,0,0,1.217610406e-05,2.578003659e-05,0,0,2.141328423e-06,0,0,0,0.0001363667106,0,0,7.467785326e-05,0,5.20582887e-07
130,5.758209227e-06,0,5.699595204e-05,7.462952635e-05,0.0001536796335,0,0,0.0004263100564,0.003844261635,0.0003119554021,0.007162767462,0.000719833828,0.1846615821,0.08305569738,0.003341142554,0.1791426539,0.00281714485,0.003816660726,0.008373612538,0.005644862074,0.007597224321,0.009830168448,0,0.00174490083,0.004761904944,0.005333520938,0.01815509796,0.01261344273,0.02453623526,0.02446093038,0.03005024232,0.03252599761,0.0112473378,0.009523809887,0.003178578103,0.02030920982,0,0,0,0,0,0,0,0.3908720016,0.04877765104,0.005601596553,0.005428862292,0.01275015064,0.001808531699,0.008233026601,0.002065901877,0.0238286294,0,0,0,0,0.0007220252883,0,6.718706572e-06,0.003486529924,6.716343341e-05,4.599204112e-05,0.0008157163393,5.792628872e-05,0.0004501332005,0.0004059923231,0.005129961763,0.0008334732847,0.01603037491,0,7.931176515e-05,0.003960896283,0.8260923624,0.001336516812,0.001305213314,0.001683232025,0.001291672699,0,0.001841988531,5.191427135e-06,0,0.0001162992994,0.007673435379,0.3333744109,0.6942507625,0.02216941677,0.0222465042,0.002988336142,5.423647963e-05,0.0004813265987,0.0005508239847,0,1.900017196e-05,0,0,0,0,0,0,0,0,4.047867696e-05,0,0,0,0,0,0,0,0,0,0,0,7.269046819e-06,0,4.126591011e-05,0,4.532144885e-05,0,0,0,0,0,0,1.733589306e-05,0,0,0,1.217610406e-05,0,0,0,0,0,0,0,0,0,5.670268365e-06,0,0,0,7.898108834e-07
131,0,0,4.67821792e-06,0.0001498153433,0,0,0.0001225246233,7.598522643e-05,0.006410749629,0.001522840583,0.01292047929,0.002148769563,0.1609939039,0.08958695084,0.009437738918,0.1405809522,0.0001201218402,0,0.003180675441,0.0009126061341,0.0002309610572,0,0,0,0,0,0.02342771739,0.006511290558,0.01926234551,0.03328536823,0.02422449738,0.01435330324,0.008799433708,0.007142857648,0.01180188358,0.03623940796,0,0,0,0,0,0,0,0.3753674328,0.01894155145,0.007876732387,0.002301731845,0.004682539031,0.001779863844,0.001599596813,0.000442094868,0.0310347937,0.001012858935,0,0,0,0,0,0.0005848020664,0.004701590631,0,5.386439443e-05,0.0001782580948,2.122011028e-05,0.001496582991,0,0.00246765255,0.0005892206682,0.01712733135,0,0.0003086942015,0.01900151744,0.8899300098,0.0002919249819,0.0009478001157,0.005299147218,0.0009202526999,0,0.0003024553007,1.098436496e-05,0,1.890792009e-05,0.003059752984,0.3563296199,0.726105988,0.01204515714,0.05226735771,0.005889023189,0.003242976265,0.000227993587,0,5.918461466e-05,2.908934221e-05,0,0,0,0,0,1.394218816e-05,0,0,0,0,9.190512174e-06,0,0,0,0,0,0,0,0,0,1.381459697e-05,0,0,0,0,0,0,0,0,0.0002415661438,0,4.131501896e-07,0,0,0,2.578003659e-05,0,0,0,0,0,0,0,0,0,0,0,0,0,0
132,0,0,1.275139493e-05,5.366479672e-05,0,0,0,0,0.003483549692,0.0004268949269,0.009691177867,0.000763818447,0.131266132,0.05295209214,0.002380952472,0.1583180428,0,0.004761904944,0.004761904944,0,0.002910089912,0,0,0,0.002380952472,0.0008939363761,0.01338573545,0.007142857648,0.01253227983,0.01443183608,0.01412107516,0.007142857648,0.007142857648,0.002380952472,0.002380952472,0.0007525667315,0,0,0,0,0,0,0,0.2214135081,0.008910873905,0.005416535772,0.004602045286,0.002477796981,0.0003128284588,0.001700890251,0.0007554818294,0.0224375762,0,0,0,0,0,0,0,0.004933356773,0,0,0.0003023427271,0,0,0,0.000403425016,0,0.01272960007,0,0,0.008625674993,0.6161852479,0,0.001422783127,0.007842744701,0,0,0,3.534316056e-05,0,4.401162005e-05,0.002534851199,0.2750709057,0.5496383309,0.006998589262,0.0147140529,0,0,0,0,0.0003570686677,0,0,0,0,0,0,0,0,0,0,0,0,0,0,0,0,0,0,3.29278123e-06,0,0,1.75067089e-05,0,0,0,0,0,0,0,0,0,0,0,0,0,0,0,0,0,0,0,0,0,0,0,0,0,0,0,0,0
133,0,0,0,0.0001657117682,0,0,0,0.0001848776155,0.008056063205,0.000287367031,0.004289659671,0.0002836113272,0.0935010612,0.02317317575,0.003427796764,0.1539058089,0,0,0,0,0.002380952472,0,0,0,0,0,0.001267496962,0.002380952472,0.002804487012,0.002380952472,0.004346739966,0.002380952472,0.003025714774,0.002380952239,0,0.002380952472,0,0,0,0,0,0,0,0.1255695671,0.005444020964,0.006642516237,0.002380952472,0.001744586974,0.002380952472,0.002885018475,0.0001213893775,0.02124434337,0,0,0,0,0.001876959228,4.480155258e-05,0,0.0007474618033,0,0,0,0,0,0,0.004761904944,0.00101281621,0.009203390218,0,0,0.002380952472,0.3638290763,0,0.0006893817335,0.0002674191783,0,0,0,0,0,0,0,0.196712479,0.3845303357,0.008947636932,0.007142857648,0,0,0,0,0,0,0,0,0,0,0,0,0,0,0,0,0,0,0,0,0,0,0,0,0,0,0,0,0,0,0,0,0,0,0,0,0,0,0,0,0,0,0,0,0,0,0,0,0,0,0,0,0,0,0,0
134,8.458086427e-07,0,2.764070132e-06,8.941318811e-05,1.612836786e-05,0,0,4.141860336e-05,0.005408713594,0.001704980037,0.008969700895,0.00209858478,0.1523794234,0.1006503254,0.009258312173,0.1554345489,0.0006389836781,0.0008246633806,0,0.002047699178,0,0.001520211459,0,0.002380952472,0.002311813179,0,0.01589569822,0.01120167691,0.005788402166,0.0195135437,0.01319971215,0.008610206656,0.009606773034,0.003579316428,0.01190476213,0.01089054067,0.004223077092,0,0,0,0,0.002380952472,0,0.3247086704,0.02532578073,0.00891475752,0.00620930735,0.005111160222,0.003421163652,0.002156590112,0.0003650195431,0.0316230692,0,0,0,0,0.0006263136165,0.0001566864084,4.081125007e-05,0.005117148161,0,0,0.0001937246998,0.0001039059935,0,9.182275971e-05,0.003577118972,0.0001528667199,0.01761857234,8.974123193e-05,0,0.0264726989,0.8259036541,0.001957106171,0.002065697452,0.01458359975,0,0,0,2.345241774e-05,0,2.28014851e-05,7.623942656e-05,0.3429929316,0.685317874,0.0142068835,0.04966524243,0.0009467104101,0.002380952472,0.0002064127766,0,0.0003323270357,2.571882032e-05,0,0,0,0,0,0,0,0,0,0,0,0,0,0,4.769044608e-06,0,0,4.619386686e-07,0,6.675600162e-06,1.227587518e-06,0,0,0,0,0,0,0,0,0,0,2.365270348e-06,0,0,0,2.141328423e-06,0,0,0,0,0,0,0,0,0,0,0,0,0,0
135,0,0,2.071398512e-06,0,0,0,0,0,0.00391922798,0.0001950778096,0.002987182001,0.001141489251,0.1122408584,0.03419411927,0,0.1009523645,0,0,0,0,0,0,0,0,0,0,0.001623046934,0.002380952472,0.003794171382,0.004179067444,0.002380952472,0.003050327767,0,0,0,0,0,0,0,0,0,0,0,0.1495211422,0.01276035607,0.004079218488,0,0.01547263842,0.0008985379827,0.002816103632,0,0.02294781804,0,0,0,0,0,0,0.001341397758,0,0,0,0.0002781052026,0,0.002380952472,0,0.002380952239,0,0.01119601075,0,0,7.620592805e-05,0.4593738317,0,0,0,0,0,0,0,0,0.0001774066477,0.0004923557281,0.1780617386,0.3996420503,0.005983147305,0.0004894571612,0,0,0,0,0,0,0,0,0,0,0,0,0,0,0,0,0,0,0,0,0,0,0,0,0,0,0,0,0,0,0,0,0,0,0,0,0,0,0,0,0,0,0,0,0,0,0,0,0,0,0,0,0,0,0,0
136,0,0,0,0,0,0,0,2.855865023e-05,0.0003699371009,0,5.008422522e-05,0.0001007744722,0.1144723371,0.009503439069,0,0.01634404063,0,0,0,0,0,0,0,0,0,0,0,0.003939782269,0,0,0,0.001141089131,0,0,0,0,0,0.002380952472,0,0,0,0,0,0.1956523806,0.0307766404,0.001020275755,0.004761904944,0.007716530934,0.0005268486566,0.002380952472,0.001975809224,0.009830663912,0,0,0,0,0.003017432522,0.001562327496,0.0005427412689,0.001363235642,0,0,0,0.001326086698,6.166214462e-06,6.655484322e-05,0.001289510867,0.0008180887089,0.0009054818074,0,0,0,0.5197504163,0.0002891838667,0,0,0,0,2.134643364e-05,0,0,7.907591498e-05,0.001664239331,0.1622781157,0.3097558618,0.009025258012,9.520173626e-05,0,0,0,0,0,0,0,0,0,0,0,0,0,0,4.407169035e-05,0,0,0,0,0,0,0,0,1.294909725e-05,0,0,0,0,0,0,0,0,0,0,0,0,0,0,0,0,0,0,0,0,0,0,0,0,0,0,0,0,0,0,0,0
137,0,0,0,0,0,0,0,0,0.0008378922357,0,6.863750605e-05,0.0003236017074,0.171445474,0.03492920101,0,0.00982348714,0,0,0,0,0,0,0,0,0,0,0,0,0,0,0,0,0,0,0,0.001008271705,0,0,0,0,0,0,0,0.1714529991,0.04862371087,0.02337141521,0.02398600988,0.0177202262,0.003822596511,0.012477451,0.01875982061,0.0195222497,0,0,0.001782622305,0,0.002380952472,0,0.0003345702717,0.009011382237,0,0,0.004195054993,0,0,0.001480728737,0,0.0009646349936,0.005653222091,0,0,0.000152454144,0.6391236782,0,0.0125973681,0,5.451740799e-05,2.179984585e-05,0.001018081792,0,0,0.0006891875528,0.0008026914438,0.2316644341,0.4504149258,0.01003560796,0.0002059881081,0,0,0,0,6.043617759e-05,0,0,0,0,0,0,0,0,0,0,0,0,0,0,0,0,0.0007848405512,0,0,0,4.654444274e-05,0,0,0,0,0,0,0,0,0,0,0,0,0,0,0,0,0,0,0,0,0,0,0,0,0,0,0,0,0,5.740500001e-06
138,0,0,0,0,0,0,0,0,0.000562718662,0,8.080047701e-05,0.0001620026451,0.1685171276,0.01499297097,0,0.01313583553,0,0,0,0,0,0,0,0,0,0,0.001391606289,0,0,0,0,0,0,0,0,0,0,0,0,0,0,0,0,0.2084350735,0.03967972472,0.007318482734,0.02011453547,0.02209991403,0.003297808114,0.009111973457,0.005531969015,0.01588800363,0.0009005081374,0,0,0,0.00239342358,0,0.001339078182,0.01238239743,0,0.0008656952414,0.001657775021,0,0.0001402631606,0,0.002380952472,0,0.002330264077,0,0,6.445985491e-05,0.5922196507,0.003475864884,0.0002679949393,3.269546198e-07,8.146581422e-06,0,0.0001086500706,0,0,0.0001154282945,0.002380952472,0.2105096579,0.4477412105,0.00831142161,0.0001287361665,4.642350632e-06,0,0,0,0,0,0,0,0,0,0,0,0,0,0,0,0,0,0,0,0,0,0,0,0,0,0,0,0,0,3.743155276e-06,0,0,0,0,0,0,0,0,0,0,0.0001363667106,0,0,0,0,0,0,0,0,0,0,0,0,0,8.287322999e-05
139,3.867543796e-07,0,3.328645164e-07,0,0,0,0,7.345744052e-06,0.0001784518827,3.793663836e-06,9.740450332e-05,6.153502181e-05,0.1220176294,0.05905951932,0,0.005857907236,0,0,0.0001618617971,0,0,0,0,0,0,0,0.0001513272437,0.0002610791707,0,0.0003089146339,0.0005788621493,0.0002312281722,0.0001102046735,0,0,0,0,0,0,0,0,0,0,0.328795284,0.03713724762,0.004396969453,0.007569085341,0.01932388172,0.001034798566,0.002380952472,0.002763909521,0.01608399116,0,0,0,0,0.0004503468808,0.001343411859,0.001226165914,0.0006030458026,0,0,0.002327114809,0.0004848085227,0,4.236914174e-05,0.001199897029,0.0003169053816,0.0003342840064,0,0,9.715390479e-05,0.7944523096,0.0002447039005,0.000918718928,2.265259127e-06,0,0,0,0.0001871851855,7.058195592e-07,0,0.0001811827242,0.1522386372,0.6405399442,0.005398160778,6.11753203e-05,0,0,0,1.927905714e-06,0,0,0,0,0,0,0,0,0,0,0,0,0,0,0,0,8.257665286e-06,0,0,0,0,0,0,0,0,0,0,0,0,0,2.267268246e-05,0,0,0,0,0,0,0,5.670268365e-06,0,0,0,0,0,0,0,0,0,0,0,5.448038792e-06,0
140,1.182890742e-06,0,0,0,0,0,0,0,0.0002436532086,0,0.0002046349982,0.0004701559665,0.07753496617,0.04678690806,0.0006044904585,0.01731180027,0,0.0005630673841,0,0.00115709682,0.001109964447,0,0,0,0,0.002380952472,0.0003117951273,0,0,0.002593751764,0.0004874707374,0.005103577394,0,0,0.0008848797297,0.001384464675,0,0,0,0,0,0,0,0.2051588893,0.004761904944,0.003292580834,0.001458127866,0.006045360118,0,0.003573610215,0.002380952472,0.01778776199,0,0,0,0,0.001505788532,0.0003559805336,0.0003354694636,0.0007914860034,0,0,0.0009477696731,0.0002381772647,0,1.044279088e-05,0.002380952472,0,0.0005364800454,0,0,0.001327177277,0.6660943627,0.0001785000204,0,0,0,0,0,0,0,0,0.00120420265,0.1234890148,0.4518180788,0.01232319977,0.006383669097,0,0,0,0,0,0,0,0,0,0,0,0,0,0,0,0,0,0,0,0,0,0,0,0,0,0,0,0,0,0,0,0,0,0,0,0,0,0,0,0,0,0,0,0,0,0,0,0,0,0,0,0,0,0,0,0
141,0,0,0,0,0,0,0,0,0.0003674925247,0,0.0002220316383,0.0005920241238,0.08661064506,0.03012499772,0,0.01229568291,0,0,0,0,0,0,0,0,0,0,0,0,0,0,0.0003080928,0.0006793706561,0.0007180289249,0.0003688221914,0.000258132437,0.0008265277138,0,0,0,0,0,0,0,0.2246697098,0.002380952472,0.002560739173,0,0.002380952239,0,0.00400498556,0.002170001622,0.02165959589,0,0,0.002380952472,0,0,0.002748526866,0.00067658443,0,0,0,9.532582044e-05,0.0004673980584,0,0,0.0008092698408,0,0.000326166075,0,0,0,0.6345909834,0,0,0,0,0,0,0,0,0,0,0.1348929107,0.401553154,0.004307771102,0,0,0,0,0,0,0,0,0,0,0,0,0,0,0,0,0,0,0,0,0,0,0,0,0,0,0,0,0,0,0,0,0,0,0,0,0,0,0,0,0,0,7.467785326e-05,0,0,0,0,0,0,0,0,0,0,0,0,0,0
142,3.252094757e-05,3.346857193e-05,5.220037929e-05,0.0001920113573,5.706679985e-06,0.000355966331,0,0.0002598279098,0.007899398915,0.0007850894472,0.01332750823,0.004048408475,0.1375160664,0.1309204847,0.008965508081,0.1791344136,0.00176235917,0,0.002380952472,0.001699789194,0.001521029393,0.001436909661,0,0,0.001917748712,0.001639325172,0.01330605894,0.005632617511,0.02233762853,0.01967761666,0.02038818412,0.0157135874,0.0102594709,0.009523809887,0.007142857648,0.01309174392,0.002380952472,0,0,0,0,0,0,0.4556800723,0.009197111242,0.00338184135,0.0009926807834,0.001087323646,0.000271188328,0.0007949419087,6.771715562e-05,0.03452359885,0,0.002380952472,0.002380952472,0,0.0002332759177,8.27169788e-05,0.0003281633544,0.002172318753,0,0.001355445478,0.0001144173002,1.004204296e-05,0.0008190568187,0.0002258333989,0.007921268232,0.001699755085,0.02158367075,0,0,0.00479444908,0.9130115509,0.003244956955,0.0009573149146,0.003009158885,0.0006872923113,0,0.0003806537134,6.885594485e-05,0.0001960257796,6.538827438e-05,0.00417702971,0.3692235351,0.7545154095,0.01931803674,0.02913790755,0.004523460753,2.222295916e-05,0.0002439445961,0,4.363823973e-05,2.295980266e-05,0,0,0,5.153689926e-05,0,0,0,0,2.018145096e-06,0,0,0,0,0,0,0,0,0,0,2.819939073e-05,0,0,0,0,0,0,0,0,0,0,0,0,0,0,0,0,0,0,0,0,0,0,0,0,0,5.448038792e-06,0,0,0,0
143,4.036899918e-05,0,0.0001204798391,0.001113505336,8.031001926e-06,0.0009898013668,0.0001456026948,0.0003894725814,0.005840074271,0.001933542662,0.009716320783,0.004360205028,0.1622119248,0.1406320333,0.008739903569,0.1860612631,0.005218469072,0.009307884611,0.003156183288,0.0127613144,0.0216272343,0.013624507,0.0108941989,0.003534820629,0.007778091356,0.01823105849,0.03838136047,0.04009018093,0.04361454397,0.0722136572,0.06749113649,0.05683165416,0.04168010876,0.01984910108,0.04942654073,0.04033997282,0.01061731111,0,0.004761904944,0.0007768640644,0,0.002380952472,0,0.3925849199,0.04115945846,0.009618083946,0.006770541891,0.0141215967,0.001907777856,0.003036521608,0.001094595296,0.03076589108,0.0003581843921,0.0002852564212,0,0.004380179103,0.0003430965298,0.0001715721737,2.052584205e-05,0.004647535272,0,0,0.0002604673791,7.58204842e-05,0.001574756228,0.000267315947,0.003664284013,0.0009826153982,0.01592746936,0,0.000164551253,0.005669607315,0.9012964368,0.001174877398,0.001481726766,0.004611611832,0,0,0.0004056493344,2.816515007e-05,0,5.067018719e-05,0.003563653445,0.3495958447,0.7162593603,0.01774648391,0.05494429171,0.00703163445,0.0005012795446,0.0001083657116,0,0.0001203416905,1.981860441e-05,0,0,0,0,3.040274896e-05,6.089430826e-06,0.0001278591517,0,3.354669389e-05,0,0,0,0,0,0,0,0,1.919797978e-05,0,2.332955319e-06,0,0,0,0,0,0,0,0,0,0,0,0.0001051706931,0,0.0001860294142,0,5.20582887e-07,7.898108834e-07,0,0,0,0,0,0,5.740500001e-06,8.287322999e-05,0,0,0,0,0
