ROI_ID,1,2,3,4,5,6,7,8,9,10,11,12,13,14,15,16,17,18,19,20,21,22,23,24,25,26,27,28,29,30,31,32,33,34,35,36,37,38,39,40,41,42,43,44,45,46,47,48,49,50,51,52,53,54,55,56,57,58,59,60,61,62,63,64,65,66,67,68,69,70,71,72,73,74,75,76,77,78,79,80,81,82,83,84,85,86,87,88,89,90,91,92,93,94,95,96,97,98,99,100,101,102,103,104,105,106,107,108,109,110,111,112,113,114,115,116,117,118,119,120,121,122,123,124,125,126,127,128,129,130,131,132,133,134,135,136,137,138,139,140,141,142,143
1,0,0,0,4.285652267e-06,3.488184177e-07,0,0,2.6936209e-07,6.744254642e-05,0,4.926692054e-05,3.446451956e-05,0.02464734204,0.03089758195,0.000891642936,4.32287452e-05,8.902748959e-06,0.0001193117205,0.0003749905154,0.0001527350105,5.386829434e-05,9.998043424e-06,6.302991096e-05,1.036944559e-05,0,2.7695065e-05,0.003810858587,0.004237755667,0.01642631367,0.007677909452,0.002111679176,0.0009271548479,0.0009663120145,0.0005605961196,0.0002749543928,0.0002937726385,0.0001732086675,0,0.0001771729294,0,0,0,0,0.1605546325,0.00103200844,0.0008498571115,3.520987957e-05,4.729869033e-05,6.490639498e-05,5.9050868e-05,2.838581531e-05,0.0001308347564,0,0,0,0,0,0,0,0.0002167170751,0,0,4.981180155e-06,0,0,0,0.0001347786601,9.846629837e-06,0.000182216565,0,0,0.0002496112138,0.7689963579,1.959773726e-05,7.789370284e-05,0,0,0,0,0,0,3.711625823e-06,0.0007174367784,0.1013787836,0.1395296305,0.001362979761,0.0003177578328,0,0,0,0,0,0,0,0,0,0,0,0,0,0,0,0,0,0,0,8.359815524e-07,0,0,0,0,0,0,0,0,0,0,0,0,0,0,0,0,0,0,0,0,0,0,0,0,0,0,0,0,0,0,0,0,0,0,0,0
2,0,0,0,0,0,0,0,0,0,0,0,0,0.0133800013,0.00347710331,0,0.0001473088196,3.449834185e-05,0.000491634768,0.0005047956365,0.0004260240239,0.000101428428,0.0003421914007,0,0,0,0.0001976193307,0.01116455998,0.007657941431,0.01892160811,0.01313301083,0.003582233097,0.002122029662,0.001106002368,0.000171970576,0.0004647303722,0.0004408396489,0.0002690496622,0,0,0,0,0.0004390352697,0,0.04945851862,0.002380952239,0,0,0,0.002380952472,0,0,0,0,0,0,0,0,0,0,0,0,0,0,0,4.92685358e-05,0,0.002380952472,0,0,0,0,0.00109907845,0.4265374839,0,0,0,0,0,0,0,0,0,0,0.06073661149,0.09446180612,0.0005981746945,0,0,0,0,0,0,0,0,0,0,0,0,0,0,0,0,0,0,0,0,0,0,0,0,0,0,0,0,0,0,0,0,0,0,0,0,0,0,0,0,0,0,0,0,0,0,0,0,0,0,0,0,0,0,0,0,0
3,0,0,0,4.817547392e-07,1.69867817e-05,0,0,3.308648957e-06,0.0001303997997,5.006285937e-05,9.039378347e-05,5.388771751e-05,0.01460934617,0.008212967776,0.0002021086402,0.0001119937442,5.081049676e-05,0.0001287185005,0.0003587868996,0.0002577538253,0.0001191498231,0.0002342792723,0,0,0,9.189382399e-05,0.01179080363,0.01091269683,0.01475959457,0.01186271012,0.0046701557,0.002065462293,0,0,0.001463924302,0.002591688419,0.0003686877608,0.000301093125,0.002396220807,0,0,0,0,0.09717942774,0.004373322241,0.003154709935,0.0001376721484,0.000344701577,0.0001434817968,0.0001639806578,6.965079228e-05,0.000130912289,0,0,0,0.0001100775698,0,0.0001152346158,0,0.002544936957,0,1.36816916e-05,6.008260243e-05,0,9.305916319e-05,0,0.0004186715523,0.0002228970261,0.0004005458613,0,0,0.0009136411245,0.7815876007,7.092290616e-05,4.502467345e-05,1.946896191e-05,0,0,0,0,0,0,0.005543761421,0.1257017255,0.1791013926,0.002477149013,0.0002554816892,0,0,0,0,0.0001358244335,0,0,1.773456233e-06,0,0,0,2.131298061e-05,0,0,0,0,0,0,0,0,0,0,0,0,0,0,0,7.85874272e-06,0,0,0,0,0,0,0,3.046349661e-07,0,0,0,0,0,7.858534445e-06,0,0,0,0,0,0,0,0,0,0,0,0,0,0
4,4.285652267e-06,0,4.817547392e-07,0,0,0,0,5.886423878e-06,0.0001449351548,0.0001270856446,6.609515549e-05,2.169149047e-05,0.006735682953,0.0044465838,0.001049556537,8.654436533e-05,0.0001226077293,0.0003617927141,0.0006357153761,0.0008255210705,0.0003809841292,0.0005690780235,0.0002418508084,0,4.756360067e-05,0.0001711511286,0.01478111371,0.009027247317,0.01741984487,0.01339857094,0.0042579812,0.002418967662,0.001188018825,0.0007197976811,0.001347609796,0.0008015210042,0.00138313591,0.000625183864,0.0020946078,0.000229682817,0.0005724846851,0.0001640107366,0,0.06934242696,0.003415293759,0.00795137044,0.002780001843,0.002424440579,0,0.0008635221748,0.0005517055397,0.004033508711,0,0,0.0004912224249,0,0,0.00017164358,5.006913125e-05,0.002162677469,0,0,0,0,0,3.701154856e-05,0.0006273293402,0.0008246097714,0.001296147588,0,0,0.0007563792751,0.6941625476,0.001364300144,0.001608627499,9.186576062e-05,0,0,0.0001368244702,0.0001097748827,0,0,0.002380952472,0.1162866578,0.1827280372,0.003850608133,0.001855614595,0,0,4.487448678e-06,0,0.0002926008601,0,0.000189336366,0,0,0,0,0,0,0,0,0,0,0,0,6.571879112e-07,1.187452654e-06,0,0,0,0,0,0,0,0,0,0,0,0,0,0,0,0,0,0,0,0,0,0,0,0,0,0,0,0,0,0,4.09421682e-06,0,0,0,0
5,3.488184177e-07,0,1.69867817e-05,0,0,0,0,0,0.0001281997829,0,0.0001131940153,0.0001254735544,0.03240220621,0.06801407784,0,0.0001321567252,0,0,0.0004417911987,0.0006129104877,0.0005193285178,0,0,0.002380952472,0.002380952472,0,0.02152568661,0.008689687587,0.03259378672,0.02080204897,0.005429562181,0.002856857376,0.0005611511879,0,0.006932044402,0.001356642926,0.00204306771,0,0,0,0,0,0,0.210083887,0.0005083559081,0.00103518134,0.0001201208579,5.341327324e-06,0,4.919487765e-05,2.419661723e-05,2.125136962e-05,0,0,0,0,0,0,0,0.0008779010386,0,0,0,0,0,0,0.0009965387871,0,0.0005765895476,0,0,0.004628250375,0.8489342928,0,1.369879556e-05,0,0,0,0,3.649196151e-05,0,0,0.0001988263539,0.1371102482,0.151262328,0.001324321609,0.001226632739,0,0,0,0,1.755828816e-05,0.0001490169088,0,0,0,0,0,0,0,0,0,0,0,0,0,0,0,0,0,0,0,0,0,0,0,0,0,0,0,0,0,0,0,0,0,0,0,0,0,0,0,0,0,0,0,0,0,0,0,0,0,0
6,0,0,0,0,0,0,0,6.307158401e-06,0.00186127075,0.001302159973,0.0001367223158,0.0001436448802,0.0132884765,0.005374481902,0,6.3755062e-05,0,0,0.001691135578,0,0,0.002380952472,0,0,0,0,0.003477117047,0.002863983391,0.009044146165,0.01889716461,0.007011923473,0.004147733096,0,0,0.0006375564262,0.0008241414907,0.001014269656,0,0,0,0,0,0,0.0403984189,0.004730428569,0.00724368589,0.0009491034434,0.00113400945,0.002883689478,0.00152919523,0.0004153768241,0,0,0,0,0,0,0,0,0.00395545736,0,0,0.0003390237689,0,0,0,0.004197444301,0.002380952472,0.001615146291,0,0,0.001342402422,0.7128500342,0,0,0.004761904944,0,0,0.004761904944,0,0,0,0.00877512712,0.1508817524,0.1768100858,0.004327326082,0.002380952472,0,0,0.001259337296,0,0.002607458737,0,0,0,0,0,0,0,0,0,0,0,0,0,0,0,0,0,0,0,0,0,0,0,0,0,0,0,0,0,0,0,0,0,0,0,0,0,0,0,0,0,0,0,0,0,0,0,0,0,0,0
7,0,0,0,0,0,0,0,0,0.00460597733,0,0.0002571268415,0,0.01919697039,0.004110693466,4.721416644e-06,0.0002807424462,0,0,0,0,0,0,0,0,0,0,0.0005735997693,0,0,0,0,0,0,0,0,0,0,0,0,0,0,0,0,0.02723241784,0.001491591916,0.009501188062,0,0.004761904944,0,0.003974745516,0.003138402011,0.0009171176935,0,0,0,0,0,0,0,0.00753765041,0,0,0,0,0.002380952239,0,0.002380952472,0,0,0,0,0.001177482889,0.5422074795,0.0008180861478,0,0,0,0,0.001385390642,0,0,0,0,0.1016955748,0.1432991475,0,0.0001200875704,0,0,0,0.001135243336,0,0,0,0,0,0,0,0,0,0,0,0,0,0,0,0,0,0,0,0,0,0,0,0,0,0,0,0,0,0,0,0,0,0,0,0,0,0,0,0,0,0,0,0,0,0,0,0,0,0,0,0
8,2.6936209e-07,0,3.308648957e-06,5.886423878e-06,0,6.307158401e-06,0,0,0.0002156912233,0.0001309535437,0.0003901426389,0.0001479018247,0.008969506249,0.003441655776,8.061553672e-05,3.462061431e-05,8.125516615e-05,0.0002758066985,0.0004196481605,0.0003998724569,0.0002180003212,0.0001029898776,4.122105747e-05,0.0005773947341,5.58691936e-05,6.812474749e-05,0.0120528033,0.0113071166,0.02924196236,0.01909818314,0.005072259344,0.002583144465,0.001128131873,0.0009777316591,0.0007676646928,0.001037694863,0.002205339959,0.000473153108,0.0003174918238,0.0001471288269,0.0004814700806,0,0,0.09065668285,0.00705371704,0.006077317521,0.000709986547,0.0006094693672,0.0005284642102,0.001331726671,0.0002161854209,0.0004662401334,0,0.0001368364901,0.000143404628,0.0002235497232,0.0004537187342,0,9.294763004e-05,0.00213877135,0,0,2.065865556e-05,7.408618694e-05,0.0004072590382,0,0,3.791681593e-05,0.001300412696,0,0,0.001851486275,0.7883161306,0.0007400563918,0.0007110997685,0,0.0002462991106,0,0.000317146827,0,0,8.001063179e-06,0.003626944963,0.1341888607,0.2129690945,0.003481911262,0.005985206459,0.000120945384,0,4.218101458e-05,0,0.0003142978821,0,0,0,0,0,0,0,0,2.975053349e-06,0,0,0,0,0,0,1.447870318e-06,0,0,0,0,0,0,0,0,0,0,0,0,0,0,0,0,0,0,0,0,0,0,0,0,0,0,0,0,0,0,0,0,0,0,0
9,6.744254642e-05,0,0.0001303997997,0.0001449351548,0.0001281997829,0.00186127075,0.00460597733,0.0002156912233,0,2.213132348e-06,0.0003879300784,7.01199242e-05,0.005328234751,0.01869277656,0.0005022645928,7.4484793e-05,0.0001603534911,0.0005153181846,0.001012323424,0.001281292294,0.0006113401614,0.0004485548707,0.0005139405839,7.124953117e-05,1.934098873e-05,0.0003516652214,0.0002921759442,0.0005931304186,0.002477670321,0.001129037468,0.0001584470156,0.0001763722103,0.0002011997422,1.354097185e-05,3.224778266e-05,5.194057303e-05,0.0001985254057,0.0001943796524,0,0,0,0,0,0.1167402193,0.004279293586,0.007550887764,0.0008664525812,0.001903293421,0.001698143315,0.001005435945,0.0005078721442,0.003754447913,0.0005296085146,8.851430175e-05,0.000141272234,8.42643858e-05,1.22066549e-05,2.325385867e-05,1.907298724e-06,0.002317123348,0.000141903176,7.470028504e-05,0.0002565328032,4.10683424e-05,0.0001265570172,1.560010242e-05,0.006801923271,0.000494772743,0.002703926526,3.546964217e-05,1.206239176e-06,0.005104449578,0.894921124,0.001059535309,0.0006256396882,0.0001123206457,0.0001427587995,3.214253957e-05,0.0001686015603,0.0001784370543,1.499366408e-05,0.0002244863717,0.004749458283,0.2118448615,0.3587560058,0.01495636441,0.001954533625,9.221493383e-05,0.000162571916,6.300651876e-06,1.650443664e-05,0.00118227012,0.0002505355806,0.0001899882918,0.0005011486937,0,6.45961336e-05,0.0002136717085,0.0001039755953,0.001571713481,0.0001869732077,0.0002386281121,5.023288031e-05,0.0005053327186,3.00588672e-05,0,6.442337053e-06,1.178867296e-05,0.0005345581449,0.000116500727,0.0001743638859,0,7.993110194e-05,0.0001310817606,0,1.773634722e-05,3.114947685e-05,8.413427713e-05,4.161052857e-05,4.423133942e-05,5.479723313e-06,3.718673906e-05,9.110939573e-06,0.0001967548742,0.0009100533207,0.0001113326944,0.0003060632735,0,0.0001810107497,9.425217286e-05,5.650672756e-05,0,0.0004612472258,0.0001786877547,0,0,3.376572204e-05,0,1.023500226e-05,1.400189194e-05,3.845758783e-06,0.0001173712153,0.0001800095488
10,0,0,5.006285937e-05,0.0001270856446,0,0.001302159973,0,0.0001309535437,2.213132348e-06,0,2.284419907e-06,1.055777489e-06,0.001730129938,0.007480889093,0,4.007935786e-06,8.072620403e-05,0.0005073736538,0.0007123465184,0.000730662432,0.0001774495759,0.0002695469011,0,0,6.716768985e-05,0.0003225355758,0.001055295812,0.001730159158,0.003821534337,0.003122679889,0.000750716601,0.000299444655,0.0001437378814,0.0002509535989,0.0001437093015,3.881691373e-05,5.2840649e-05,0.002260162495,0.0003296473587,0,0,0,0,0.0456664823,0.01008153148,0.002186785452,0.000912572199,0.005860368721,0.001452293363,0.001071504783,0.0005250871181,0.001366982353,0,3.837006716e-06,0,5.108275582e-05,2.583841251e-06,0,0,0.0003757347004,0,0,0,0,0,4.556492968e-06,0.000780637085,1.862851605e-05,8.509601321e-05,0,0,0.0006343179848,0.6764992476,9.054238762e-05,0.0001542039681,2.080644208e-07,1.971997563e-06,0,5.040506039e-06,0,0,0.0001690885256,0.0008152144728,0.08143432438,0.25760445,0.003839747747,1.100988629e-05,0,0,5.906441061e-07,0,0,0,0,0,0,0,0,0,0,0,0.001511364942,0,0,0,0,0,0,0,0,7.710010686e-05,0,0.0001130341989,0,0,0,0,0,0,0,0,0,0,0,0,0,0,0,0,0,0,0,0,0,0,0,0,0,0,0,0,0,0.000275640341
11,4.926692054e-05,0,9.039378347e-05,6.609515549e-05,0.0001131940153,0.0001367223158,0.0002571268415,0.0003901426389,0.0003879300784,2.284419907e-06,0,2.911539195e-05,0.02601988055,0.01609401405,2.732133362e-05,0.0003068832448,0.000336250494,0.0003562727652,0.0007916435134,0.001091851736,0.0009906730847,0.0002974602976,0,0,0.0005253992276,0.0001695326064,0.0008947015158,0.0004648398608,0.002381756902,0.002382844221,0.0007371391403,0.0004221379349,0,0,7.186255971e-05,1.981804598e-05,0.001427759184,0,0,0,0,0,0,0.06464032084,0.002687855391,0.003276281757,0.0006972450064,0.001314841444,0.001404813025,0.0007127221907,0.0004345352936,0.0003601212811,4.334252662e-05,5.455964583e-06,4.440195698e-05,2.895774924e-05,6.035631941e-06,7.64406559e-06,1.345790793e-06,0.00111052522,7.151909813e-05,3.56458404e-05,0.000221238166,6.259528891e-05,8.029764285e-05,4.275739684e-06,0.001256391406,0.0001570473105,0.0003956793807,1.537062599e-05,3.067146281e-06,0.0004530955921,0.7667853236,0.0003481852182,0.0003714136838,1.382037954e-05,1.668585719e-05,1.729953328e-05,0.0001279932912,0.0001596330403,4.101790182e-06,0.0002153661771,0.001695152372,0.1404186636,0.2482012361,0.005021889228,0.0001100212176,1.16116862e-05,8.423021427e-06,3.982449471e-06,7.769709555e-06,0.0002710063709,0.0002450408065,0,4.49460822e-05,0.0003484501212,0.000363007508,0.0001184413486,0.0004889977863,0,0.0002645814384,0.0002288588294,0,0,2.358667552e-05,0,0,8.982880536e-05,5.889195381e-05,0,0.0001263062004,0,0.0001175124562,0.0001319710718,0,0,5.399847942e-05,4.565519339e-05,0,0,0,0,4.956751582e-06,0,0.0001084589894,0.0002397899952,8.318381879e-05,0,0.0001482462831,0.0001182057022,1.422263904e-05,0.0002418630029,0,0,0.0003200256906,0,1.013671135e-05,1.699778659e-05,0,0,1.909901948e-05,0.0002437173243,0.0002062555141
12,3.446451956e-05,0,5.388771751e-05,2.169149047e-05,0.0001254735544,0.0001436448802,0,0.0001479018247,7.01199242e-05,1.055777489e-06,2.911539195e-05,0,0.004202253651,0.004242160823,1.237351353e-05,2.498142749e-05,0.000384135783,0.0003014549438,0.0003105414216,0.0005199139705,0.0003985422081,0.0001749009825,0.0001361455215,2.714385482e-05,2.727594074e-05,4.056833859e-05,0.002637547906,0.002305156551,0.006844792515,0.00503054494,0.001211658469,0.0006683499669,9.522576147e-05,0.0002899915562,0.0004655775847,0.0001699072745,0.001212936826,0.0003014836111,0.000202750598,0,0.001783464686,0.000512439583,0,0.06101340055,0.007245730143,0.003455388127,0.00285236584,0.005638281815,0.00372317736,0.001145160291,0.0007487010444,0.0002891045297,0,0,4.598193755e-06,2.698753633e-05,1.6514457e-06,6.933363238e-06,1.29427724e-06,0.0008986408939,6.293168553e-05,0,8.355222235e-05,2.16578901e-05,2.143480378e-05,6.420408454e-07,0.001650059246,7.469243428e-05,0.000474584027,0,9.439019664e-07,0.002034365898,0.7717828751,0.0003108270175,0.0002601602464,1.774877455e-05,3.305987411e-05,2.436881914e-05,9.130594844e-05,3.08809249e-05,3.499836112e-06,0.0001467225375,0.001476500649,0.10174869,0.2536452711,0.003714128397,0.0005918265088,1.505495948e-05,0,8.012630701e-07,0,0.000277860905,8.142523438e-05,0.0005547496839,0,0,0.0004602088593,0,0.0005680083996,0,0.000113741924,8.303466893e-05,0,0,0,0,0,0,0,0,0.000246954005,0,0.0001253701485,1.968043398e-05,4.450136112e-05,0,0,0,0,0,0,0,5.81228278e-06,0,0,0,0,0,0,0,0,0,0,0,0,0,0,0,1.843543578e-05,0,9.892224625e-05,0.000696680625,0.0001089322541
13,0.02464734204,0.0133800013,0.01460934617,0.006735682953,0.03240220621,0.0132884765,0.01919697039,0.008969506249,0.005328234751,0.001730129938,0.02601988055,0.004202253651,0,0.1874343604,0.03765077516,0.003573255148,0.001324575162,0.004960861057,0.004935155157,0.0008864697302,0.0008047163137,0.002380952472,0.002380952472,0.0004579500528,0.001243940555,0.004108410794,0.009366547689,0.003961290698,0.01178485062,0.007005726919,0.005581614561,0.004785557278,0.0002739165502,0.001371843275,0.002247838303,0.002730704844,0,0.00338252564,0.002380952472,0,0,0,0,0.4260292351,0.05286363512,0.0792779848,0.02887721919,0.03583066165,0.0837116614,0.04479129985,0.06264727563,0.1024620757,0.03043562919,0.01230043638,0.01247270498,0.01147884689,0.001269039116,0.003738212166,0.001204838278,0.05825351924,0.01311076339,0.01192512922,0.03749480471,0.01104503777,0.02866644599,0.003278887365,0.08695435524,0.04652627558,0.06369806081,0.03672716767,0.03934174031,0.03142797202,0.8099204302,0.0520257242,0.02795276232,0.02770118229,0.04547941685,0.03341637179,0.03801602125,0.1247126833,0.1746549904,0.1133985817,0.06348388642,0.3189915717,0.4904757738,0.1015302092,0.03217034787,0.02845052443,0.1499888003,0.04983243346,0.01087669097,0.1987983584,0.1727555245,0.03110289946,0.03019360453,0.03708641604,0.02870239504,0.03397729248,0.03325974196,0.02826770023,0.03242859989,0.03785818815,0.01159347966,0.006446034648,0.004225167911,0.003769626375,0.007563689724,0.01496914215,0.01778819039,0.01150593255,0.01207872294,0.002960516838,0.01195717044,0.01412276924,0.008062219247,0.008791209199,0.01094772946,0.01269954443,0.005695899948,0.004568207078,0.01582961343,0.02708491497,0.0118675353,0.01136139687,0.02318267711,0.01745284721,0.008159155957,0.0198725462,0.01772301458,0.03142234311,0.008426234126,0.01045481674,0.002894304227,0.01204134524,0.009715458378,0.007781271823,0.0255569648,0.01958861947,0.02897541597,0.01362158172,0.01878620684,0.03336727992,0.009864591993
14,0.03089758195,0.00347710331,0.008212967776,0.0044465838,0.06801407784,0.005374481902,0.004110693466,0.003441655776,0.01869277656,0.007480889093,0.01609401405,0.004242160823,0.1874343604,0,0.006849583704,0.005698456895,0.001184860244,0.002650636248,0.003998928703,0.001075167325,0.004315323662,0.002702452242,0.0009802614804,0,0.004112771247,0.001384236384,0.0057908413,0.006240703166,0.003517613979,0.004671805538,0.002369725844,0.006497889757,0,0,0.0009176728781,0.002026499249,0,0,0,0,0.002380952239,0,0,0.4556743503,0.07736922801,0.1339170188,0.03124815784,0.05006422475,0.1464358717,0.04464600235,0.03735867888,0.09993357211,0.03199501708,0.04566043988,0.05586021766,0.07806971669,0.0247707963,0.01544042677,0.01376161631,0.08573467284,0.03351895884,0.02393345535,0.03094020486,0.01904144324,0.09921099991,0.03550994024,0.119836919,0.09029541165,0.1921599656,0.01376036089,0.04472451285,0.07475362718,0.8967957497,0.1012079939,0.05890123919,0.04992059991,0.07587338984,0.04719941318,0.1095547676,0.06329455227,0.1127817705,0.06052602082,0.1207701266,0.3933216929,0.5847015381,0.1387078911,0.1414676607,0.07179681212,0.04911717027,0.04990081117,0.04307578132,0.2457105964,0.1351961046,0.05169007555,0.02227276564,0.01778862067,0.02302585915,0.02849674411,0.06250801682,0.01634182408,0.03093903698,0.05685765296,0.01520886738,0,0.004761904944,0.002380952472,0.002380952472,0.01173204277,0.02208756283,0,0.02329817042,0.004761904944,0.01802379452,0.01983131468,0.002380952472,0.01190475002,0.01215909794,0.007881791331,0.002380952472,0.004761904944,0.002189866966,0.008088298142,0.02462921664,0.003711991245,0.01272551529,0.009079927579,0.00399831729,0,0.02554233931,0.01652136631,0.006010844372,0.002051226096,0.002380952472,0.01258703321,0.002380952239,0.002380952472,0.007142857648,0.000896783662,0.02057406493,0.01830682904,0.005751461256,0.02613585815,0.01438602339
15,0.000891642936,0,0.0002021086402,0.001049556537,0,0,4.721416644e-06,8.061553672e-05,0.0005022645928,0,2.732133362e-05,1.237351353e-05,0.03765077516,0.006849583704,0,7.795923011e-05,0,0,0,0,0,0,0,0,0,0,0,0,0,0,0,0,0,0,0,0,0,0,0,0,0,0,0,0.1073044986,0.0153353177,0.02996104211,0.01779861003,0.008299256675,0.007179667708,0.009522531182,0.006013570353,0.02005769126,0,0,0.006067441776,0.002380952472,0,0,0,0.01794894226,0.002380952472,0.002380952472,0.01375322416,0.00395843247,0.00628654426,0.001496853656,0.01638909057,0.003060150892,0.01164547633,0,0,0.0005820007646,0.7654075027,0.009583480656,0.02319163643,8.415082448e-06,0.0004114439944,0,0.0005184821784,0,0,0.0008611391531,0.006707951892,0.2412707061,0.3821467459,0.01660717465,9.261446394e-05,0.002894169884,0,0,0.004797161557,0.001743171364,0.0005299108452,0,0,0,0,0.002380952472,0,0,0.002380952472,0,0,0,0,0,0,0,0,0,0.001275073271,0,0,0,0,0,0,0,0,0,0,0.0008527984028,0,0,3.367039244e-05,0,0,0,0,0,0,0,0,0.003234579461,0,0,0,0,0,0,0,0,0
16,4.32287452e-05,0.0001473088196,0.0001119937442,8.654436533e-05,0.0001321567252,6.3755062e-05,0.0002807424462,3.462061431e-05,7.4484793e-05,4.007935786e-06,0.0003068832448,2.498142749e-05,0.003573255148,0.005698456895,7.795923011e-05,0,0.0001082890303,0.0004242474679,0.0004674916854,0.000962239108,0.0003311674518,0.0002940981358,6.118249439e-05,0.0001011260611,2.907747148e-05,0.000209268459,0.001078344532,0.001957975095,0.005777129438,0.003272433067,0.0006159620243,0.0002656877914,0.0004467146064,8.567653276e-05,0.0001026307727,0.0001028085535,0.0003534846473,0.0001319665316,0,0.0001896405156,0,6.520633178e-05,0,0.06735839695,0.004318185616,0.006912263576,0.0007339076838,0.001794964541,0.002253427403,0.0006641601794,0.0003818224359,0.00308857346,0.0009982913034,0.0004320510488,0.0002834905172,0.0001413189166,2.315107668e-05,4.781506141e-05,6.751395631e-06,0.001929575112,0,0.0002463704732,0.0003065092315,7.193732017e-05,0.0005605402985,3.469803778e-05,0.009310480207,0.001052569831,0.003663194831,2.205312558e-05,1.023103778e-05,0.003624198725,0.9030199647,0.001802250976,0.0008664792986,0.000335471268,0.0006308135344,0.0001050678402,0.0005458376254,9.188290278e-05,1.498916026e-05,0.0002995207324,0.007680241484,0.2190301567,0.3525390327,0.01674552076,0.003910373431,0.0003511646355,0.0003252995375,1.428780615e-05,8.008352597e-05,0.0009379352559,0.0003361754643,0.0002798725618,0,0,0.0001039852577,0.0003169745614,0,0,0.0001519979705,0.0003322852717,0.0004104726249,0.0002948236943,0,9.331801994e-05,0,0.0001267096959,4.89348713e-05,0,0.0002845091221,0,0.0001613278582,7.67599995e-05,0.0001897410984,2.63240745e-05,0,0.0001355635031,0,6.921992463e-05,0,0,4.043974332e-05,0,0.000138661766,1.604836507e-05,0.000154581634,0,8.055303624e-05,0.0007707742043,0,0.0008155115647,0,0.000106452324,0,0,0,0,2.27184828e-05,0,0.0001544202241,0.0001609158062,0.0001519311627
17,8.902748959e-06,3.449834185e-05,5.081049676e-05,0.0001226077293,0,0,0,8.125516615e-05,0.0001603534911,8.072620403e-05,0.000336250494,0.000384135783,0.001324575162,0.001184860244,0,0.0001082890303,0,2.664640124e-05,0.0001049460916,0.0002168138744,9.654945461e-05,0.0001280802971,5.308473192e-05,2.462331395e-05,2.154780668e-05,4.038959742e-05,0.00284818653,0.003814688651,0.02114098519,0.01702257991,0.005290158093,0.002983821323,0.00116315356,0.001016442548,0.0009145251242,0.0007098776987,0.0001046947873,0.0001819800527,5.789784336e-05,1.436004823e-05,2.403816325e-06,2.919708777e-06,0,0.03061142378,0.001356594847,0.002380952472,0.001461668639,0.001534697716,0,0,0,0.0001989374141,0.002380952472,0,0,0,0.0003990521072,0.003165073227,0.0002765139798,0,0,0,0.0004650806077,0.0006862686132,0,7.976759662e-05,0,0,0,0,0,0,0.3789651692,0.002380952472,0,0,0,0.0008587323828,0,0,0,0,0,0.05231297389,0.0812786743,0.002380952472,0,0,0,9.957750444e-05,0.0001869467669,0,0,0.0004200743861,0,0,0,0,0,0,0,0,0,0,3.168241528e-05,0,6.178247713e-05,0,0,0,0,0,0,0,0,1.317999977e-05,0,0,0,0,0,0,0,0,0.0006853241357,0,0,0,0.0001945547265,0,0,0,0,0,0,0,0,0,1.592859189e-05,0.0001260827994,0,0,0
18,0.0001193117205,0.000491634768,0.0001287185005,0.0003617927141,0,0,0,0.0002758066985,0.0005153181846,0.0005073736538,0.0003562727652,0.0003014549438,0.004960861057,0.002650636248,0,0.0004242474679,2.664640124e-05,0,2.443032463e-05,0.0001271223882,0.000115286537,0.0001801881153,0.0001335407724,7.417023153e-05,1.14290815e-05,5.949192928e-05,0.01098984666,0.00112031342,0.01493531372,0.0111352168,0.003541173646,0.001776598627,0.0006205543177,0.0006779934047,0.001088362653,0.000943852996,5.91902899e-05,8.018143853e-05,1.686207725e-05,8.181208614e-06,5.68291689e-05,0,0,0.02631185949,0,0,0.002380952472,0,0,0,0,0,0,0,0,0,0,0,0.0003285225539,0,0,0,0.0001999111118,0,0,0,0,0,0,0,0,0,0.2268624306,0,0,0,0,0,0,0,0,0,0,0.03284693882,0.05152700841,0,0,0,0,0.0004925754038,0,0,0,0.0004287753254,0,0,0,0,0,0,0,0,0,0,0.0003723030095,0,0,0.0002030195319,0,0,0,0.0006131128175,0,0,0,0,0.0006928776857,0,0,0,0,0,0,0,0.0008576166583,0,0,0,0,0,0,0,0,0,0,0,0,0,0,0,0,0,0
19,0.0003749905154,0.0005047956365,0.0003587868996,0.0006357153761,0.0004417911987,0.001691135578,0,0.0004196481605,0.001012323424,0.0007123465184,0.0007916435134,0.0003105414216,0.004935155157,0.003998928703,0,0.0004674916854,0.0001049460916,2.443032463e-05,0,0.0001053355954,0.0003648049315,0.0005332751898,0.000803076895,0.0003787370515,0.0001518870413,0.0001479243219,0.0258670859,0.007870618254,0.01937023364,0.01430462953,0.005200390704,0.002714903327,0.001346547622,0.001168453367,0.002402678365,0.001531970105,0.0003748980525,0.0008173998795,0.0005869527813,0.0004308332573,0.0005171875819,0.0008055052022,0,0.04014229402,0.002380952472,0,0.002380952472,0.001264361897,0.000950633781,0.0004371966061,0.000791721628,0.00137809501,0,0,0,0,0.001153444638,0.00119291083,0.0006262295065,0,0,0,0.001137837186,0.001717432635,0,0.0002400814701,0,0.003131091362,0,0,0,0,0.3152326941,0,0,0.001115548657,0,0,0,0,0,0,0,0.04354907945,0.03709857911,0,0,0,0,0,0.0001740178122,0,0,0.0007166539435,0,0,0,0,0,0,0,0.0002198638249,0,0,0,0,0.0002133586677,0.0002970900096,0,0,0.0001497155172,0,0,0,0,0.0001355803688,0,0,0,0,0,0,0,0,0.0005446895957,0,0,0,0,0,0,0,0,0,0,0.0005929318722,0,0,0.0003842848237,0.003091616323,0.0006572717102,0,0
20,0.0001527350105,0.0004260240239,0.0002577538253,0.0008255210705,0.0006129104877,0,0,0.0003998724569,0.001281292294,0.000730662432,0.001091851736,0.0005199139705,0.0008864697302,0.001075167325,0,0.000962239108,0.0002168138744,0.0001271223882,0.0001053355954,0,0.0001708541531,0.0004780564923,0.0005041674594,0.0003163755173,8.265452925e-05,0.00013347411,0.03489129618,0.01259393711,0.02516684309,0.01789993793,0.006699531339,0.003422832815,0.00169285154,0.001508750836,0.003010571469,0.002323475899,0.001460515428,0.003441723064,0.001058108639,0.0003937153379,0.0008028435404,0.000393887487,0.001153507852,0.03839763254,0.002380952239,0.001432574238,0.001191129792,0,0,0.001720895292,0.0009593401919,0.002380952472,0,0,0.001402066671,0,0.001779770246,0.002380682155,0.001297095558,0.002380952472,0,0,3.409403143e-05,0.001106988289,0,0.0001065258693,0,0.003738868982,0.003909829073,0,0.0003718545195,0,0.3400593698,0,0.0006034467951,0,0,0.000482199539,0.0001992289617,0.0001877558243,0,0.0007565168198,0,0.05236087739,0.09146001935,0,0,0.0007166799041,0,0.0009238667553,0,0,0.002380952472,0.0007744281902,0.0003930209205,0,0,0,0,0.002380952472,0.0002997005649,0,0,0,0,0,0.0003497326688,0.0002344969253,0.0007787503419,0.0005744574592,0.0002000175446,0,0,0,0,0.0008362411172,0,0,0,0,0,0,5.616720227e-05,0,0.0008155051037,0,0,0,0,0,0,0,0,0,0,0,0,0.001688525546,0.0004422775237,0,0.0004131056485,0,0.0007080963114
21,5.386829434e-05,0.000101428428,0.0001191498231,0.0003809841292,0.0005193285178,0,0,0.0002180003212,0.0006113401614,0.0001774495759,0.0009906730847,0.0003985422081,0.0008047163137,0.004315323662,0,0.0003311674518,9.654945461e-05,0.000115286537,0.0003648049315,0.0001708541531,0,4.842566341e-05,4.691640061e-05,2.526422759e-05,2.424636841e-05,6.68016437e-05,0.02452651784,0.008097673766,0.02058185637,0.01425269619,0.004813298117,0.002102133585,0.001146289869,0.00110782939,0.001934253145,0.001390172285,0.0006252392777,0.0002806999837,0.0001728053612,8.482629346e-05,0.0001123036345,0.0001060548966,0,0.03152804449,0,0,0,0,0,0.002380952472,0.001038136892,0,0.002380952472,0.000837585656,0,0,0.0007612328045,0.002380952472,0.0003148399701,0,0,0,0.0003623235098,0.001322074095,0.0002581613371,0.0004936187761,0,0.0006233012537,0.0009801087435,0,0,0,0.3454859555,0,0.001347614569,0,0,0,0.001946106669,0,0,0,0.002380952472,0.04627086595,0.07262206823,0,0,0,0,0.0005475228536,0.000693629263,0,0,0.001732758479,0,0,0,0,0,0,0,0.0004955560435,0,0,0,0,0.0005044314312,0.0001020332202,0,0,0,0,0,0.0003535267606,0,0.000168483326,0,0,0,0.001242159749,0,0,0.0002229030797,0,0.0009206680697,0,0,0,0.0008425302221,0,0,0,0,0,0,0,0,0.00216985913,0.0002045618894,0,0,0,0.001714314218
22,9.998043424e-06,0.0003421914007,0.0002342792723,0.0005690780235,0,0.002380952472,0,0.0001029898776,0.0004485548707,0.0002695469011,0.0002974602976,0.0001749009825,0.002380952472,0.002702452242,0,0.0002940981358,0.0001280802971,0.0001801881153,0.0005332751898,0.0004780564923,4.842566341e-05,0,4.331911441e-06,5.251686162e-06,9.664071513e-06,1.559964403e-05,0.01890179701,0.005765287671,0.01675717346,0.01171755046,0.00367091177,0.00166885159,0.0008633643156,0.0008857091889,0.001409650897,0.001178281964,0.0004414476571,8.384727698e-05,1.373052783e-05,2.282643072e-05,6.478696014e-05,6.129717804e-05,0,0.02748187631,0,0.0008538474794,0,0,0,0.0008600440924,0.002380952472,0,0,0,0,0,0.0008585235337,0.0004464189115,0.000476108311,0,0,0,0.0005459164386,0.0003714165359,0,0,0,0,0,0,0,0,0.2540921867,0,0.002380952472,0,0.001493984717,0,0,0.002380952472,0,0.001756599173,0,0.018675901,0.04473300651,0,0,0,0,0.0001808514498,0,0,0,0.0001225332817,0,0,0,0,0,0,0,0,0,0,0,0,0.0001520912483,6.694626063e-05,0,0,0.0001967015123,0,0,0,0,0.0001738027204,0,0,0,0,0.0005999109126,0,0,0,0.001466530492,0,0,0,0,0,0,0,0,0,0,0,0,0,0.000728375162,0.0003156992898,0,0,0
23,6.302991096e-05,0,0,0.0002418508084,0,0,0,4.122105747e-05,0.0005139405839,0,0,0.0001361455215,0.002380952472,0.0009802614804,0,6.118249439e-05,5.308473192e-05,0.0001335407724,0.000803076895,0.0005041674594,4.691640061e-05,4.331911441e-06,0,0,3.776882977e-06,1.732520468e-05,0.01403694134,0.004635877907,0.01224032883,0.009663492441,0.002379895421,0.001107160351,0.0007034406299,0.0005458989181,0.0008743822691,0.0007114264299,0.0001871318091,0.0001101167436,0.0001823653874,1.434307364e-06,6.974769349e-05,4.266085671e-05,0,0.009207188152,0,0,0,0,0,0,0,0,0,0,0,0,0,0.00154546462,0.0003388725454,0,0,0,0,0,0,0,0,0,0,0,0,0,0.1167706475,0,0,0,0,0,0,0,0,0,0,0.008879617788,0.02810689434,0,0,0,0,0,0.003638554132,0,0,0,0,0,0,0,0,0,0,0,0,0,0,0,0,0,0,0,0,0,0,0,0,0,0,0,0,0,0,0,0,0,0,0,0,0,0,0,0,0,0,0,0,0,0,0,0,0,0,0,0
24,1.036944559e-05,0,0,0,0.002380952472,0,0,0.0005773947341,7.124953117e-05,0,0,2.714385482e-05,0.0004579500528,0,0,0.0001011260611,2.462331395e-05,7.417023153e-05,0.0003787370515,0.0003163755173,2.526422759e-05,5.251686162e-06,0,0,4.702227159e-07,1.999546112e-05,0.009113885462,0.002757871058,0.01057894994,0.008038999513,0.002279289765,0.001281296136,0.0005082933349,0.000402467791,0.000178284783,0.0005373742315,0.0001807682274,0.0002337160113,0.0001497634512,6.725587809e-06,0,0,0,0.01544106938,0,0,0,0,0,0,0,0,0,0,0,0,0,0,1.586373037e-05,0,0,0,0,0,0,0,0,0,0,0,0.0005408399156,0,0.07229224592,0,0,0,0,0,0,0,0,0,0,0.004761904944,0.01083233301,0,0,0,0,0,0,0,0,0,0,0,0,0,0,0,0,0,0,0,0,0,0,0,0,0,0,0,0,0.0002589676587,0,0.000326524023,0,0,0,0,0,0,0,0,0.001120065106,0,0,0,0,0,0,0,0,0,0,0,0,0,0,0,0,0,0
25,0,0,0,4.756360067e-05,0.002380952472,0,0,5.58691936e-05,1.934098873e-05,6.716768985e-05,0.0005253992276,2.727594074e-05,0.001243940555,0.004112771247,0,2.907747148e-05,2.154780668e-05,1.14290815e-05,0.0001518870413,8.265452925e-05,2.424636841e-05,9.664071513e-06,3.776882977e-06,4.702227159e-07,0,3.931641004e-06,0.005841472652,0.002790546743,0.01293647103,0.009430307895,0.002777398564,0.0009925105842,0.0005059900577,0.0002260910987,0.0005161451409,0.0003847663465,0.0001418265747,6.362116983e-05,1.317387796e-05,1.074835018e-05,1.788570444e-05,0,0,0.02042246424,0,0,0,0,0,0,0,0,0,0,0,0,0,0.0006617843756,4.664924927e-05,0,0,0.0007758677239,0,0,0,0,0,0,0,0,0,0,0.1556029916,0,0,0,0,0,0,0,0,0,0,0.01531548332,0.02419857681,0.001419413835,0,0,0,0,0,0,0,0,0,0,0,0,0,0,0,0,0,0,0,0,0.000212097686,0,0,0,0,0,0,0,0,4.550045196e-05,0,0,0,0,0.0002106198081,0,0,0,0,0,0,0,0,0,0,0,0,0,0,0,0,0,0,0,0.0004983351682,0,0
26,2.7695065e-05,0.0001976193307,9.189382399e-05,0.0001711511286,0,0,0,6.812474749e-05,0.0003516652214,0.0003225355758,0.0001695326064,4.056833859e-05,0.004108410794,0.001384236384,0,0.000209268459,4.038959742e-05,5.949192928e-05,0.0001479243219,0.00013347411,6.68016437e-05,1.559964403e-05,1.732520468e-05,1.999546112e-05,3.931641004e-06,0,0.006457583979,0.003121200483,0.01161706168,0.008205949329,0.002332376782,0.0009910387453,0.00043829059,0.0002211561368,0.0003979135363,0.0003204910026,0.000350471586,0,0.0002167342027,0.000252472295,0.0001451683784,0.0001143626359,0,0.02908859402,0,0.002380952472,0,0,0,0,0,0,0,0,0.002380952472,0,0.0003364947333,0.0001811745751,0.0001471874275,0.002380952472,0,0,0,0,0,7.054994785e-05,0,0,0,0.0008676986326,0,0,0.284034729,0,0,0,0,0,0,0,0,0,0,0.03499113768,0.0515621379,0.0008853941108,0,0,0,0.0003152072604,0,0,0,0.0001879351039,0,0,0,0,0,0,0,0,0,0,0,0,9.682747623e-05,1.344885823e-05,0,0,0,0,0,0,0,0,0,0,0,0,0,0,0,0,0.000170159663,0,0,0,0.0006009095814,0.002380952472,0,0,0,0.00055834878,0,0,0,0,0.0002261832124,0,0,0,0
27,0.003810858587,0.01116455998,0.01179080363,0.01478111371,0.02152568661,0.003477117047,0.0005735997693,0.0120528033,0.0002921759442,0.001055295812,0.0008947015158,0.002637547906,0.009366547689,0.0057908413,0,0.001078344532,0.00284818653,0.01098984666,0.0258670859,0.03489129618,0.02452651784,0.01890179701,0.01403694134,0.009113885462,0.005841472652,0.006457583979,0,0.0002357973717,0.001121092122,0.002163244179,0.0009636387695,0.001239293953,0.001449817093,0.0007539247745,0.0004385085194,0.0005252952687,0.0003160341294,0.0002924261498,0.000360343256,7.983417163e-05,9.124533972e-05,7.418720634e-05,4.507765698e-05,0.07935477048,0.002179541159,0.004451595247,0.000611086085,0.0007935835165,0.001438287902,1.920571958e-05,0.0005940829869,0.002532577841,0,0,0.001454365905,0.0002862871625,0.0005894376663,0.0004030296695,0.0004543905961,0.0008524917066,0,0.0001641627605,0.0003342292621,0.0007257878897,0.0007243086002,0.001256294665,0.003684873693,0.001750308205,0.002330413321,0,0.001172525692,0,0.804248929,0.0008738077013,0.0002906395821,0.002363758627,0.0008127651527,0.001117911306,0.001384054078,0.001963913441,0.001675469219,0.00120111939,0.000531012367,0.1833280772,0.304484725,0.005728861317,0.003080731258,0.0008991622599,0.001075209235,0.001494989148,0.001521000522,0.0005678495509,0.000335587858,0.03037302196,0.002236152999,0.002380952239,0.003538960591,0.006625910755,0.001679287525,0.005714363884,0.01327724662,0.006844723597,0.003252465976,0,0,0.007821816951,0.01501078531,0.0143270744,0.004980845843,0.006417023949,0.006189647596,0.004761904944,0.005709777586,0.007434233092,0.005516320467,0.01011644397,0.002562659793,0.01086906996,0.004500428215,0.005070038605,0.001751993783,0.003279675497,0.008093209937,0,0.02760377899,0.0007681138231,0.01486622542,0.004897892475,0.005131746642,0.00273231836,0.003343652468,0,0,0.01044209581,0.0009696458583,0.004130132496,0,0.002216046909,0.008397387341,0.003898114664,0.005594420712,0.009642885067,0.001660381909
28,0.004237755667,0.007657941431,0.01091269683,0.009027247317,0.008689687587,0.002863983391,0,0.0113071166,0.0005931304186,0.001730159158,0.0004648398608,0.002305156551,0.003961290698,0.006240703166,0,0.001957975095,0.003814688651,0.00112031342,0.007870618254,0.01259393711,0.008097673766,0.005765287671,0.004635877907,0.002757871058,0.002790546743,0.003121200483,0.0002357973717,0,0.0001518198842,0.0009699181537,0.0004657827958,0.0007773377583,0.0007887308602,0.0003075704444,0.0002254975116,0.0002713933354,5.73530051e-05,0.0001822945924,8.529582556e-05,2.231551662e-05,7.015766187e-06,5.197110659e-05,0.0002442837285,0.05661567673,0,0,0.0001952069433,0.000784843287,0,0,0,0,0,0,0,0.001628690632,0.001105677686,0,0.0005530604394,0.001298258081,0,0,0.00011612034,0.0005839283112,0.002272277605,0.001105098519,0.002380952472,0,0.0009341848199,0.001410306082,0.001040008035,0.002380952472,0.5785431266,0.002380952472,0,0,0.003394311527,0,0.0009026366752,0,0,0.0003977431916,0,0.09126256406,0.166203931,0,0,0,0.001296550501,0.002263260074,0.001493068878,0,0,0.01525698882,0.004011329263,0,0.002380952472,0,0.002380952472,0,0.005279505625,0.001306207152,0,0,0,0.003794115735,0.006113439798,0.00828060694,0,0.004761904944,0.002669100184,0,0.0007064319216,0.008192237467,0.00355760497,0.006513721775,0.001615813118,0,0.002380952472,0.006520751864,0.001438693027,0,0.005333236884,0,0.01342000812,0,0,0.001299784053,0.005418151151,0,0.003681358416,0,0,0.001220700797,0,0.005947954487,0.001696763211,0.003340319265,0.003419880988,0.001408469165,0.003768303432,0,0
29,0.01642631367,0.01892160811,0.01475959457,0.01741984487,0.03259378672,0.009044146165,0,0.02924196236,0.002477670321,0.003821534337,0.002381756902,0.006844792515,0.01178485062,0.003517613979,0,0.005777129438,0.02114098519,0.01493531372,0.01937023364,0.02516684309,0.02058185637,0.01675717346,0.01224032883,0.01057894994,0.01293647103,0.01161706168,0.001121092122,0.0001518198842,0,0.00127016136,0.002417677781,0.005380285438,0.006851956714,0.002995549701,0.001508737798,0.0009337723022,0.0008219035226,0.001338441973,0.001310449559,0.004337799735,0.00351829594,0.005077944137,0,0.06496316195,0.001962207491,0.001245312276,0.001316036796,0,0.001728218398,0,0.000842858688,0.0002781632356,0,0,0.0006667731795,0.00506673893,0.001656495151,0.0009189145057,0.001616883324,0.002380952472,0.002380952472,0,0.0006503636832,0.001052797772,0.003796478501,0.003988620825,0,0.001076387125,0.006049443502,0.0007700829301,0.004275233485,0,0.6894167662,0,0.0007331868983,0.006329035386,0.005193847232,0.005166300107,0.002164684935,0,0.001611175481,0.003403476439,0,0.1070532501,0.2232676595,0.003639022587,0.002380952472,0.001389737939,0.001864554011,0.00980654452,0.00463334145,0,0.003656594083,0.03694704175,0,0.002380952472,0.0166798979,0.002380952472,0,0.0006426775362,0.01389878802,0.01005992945,0.004761904944,0.007142857648,0.009590910748,0.007569741458,0.02192166448,0.01989958249,0.003459226107,0.004138868302,0.02338393778,0.004761904944,0.003028514097,0.01952723786,0.01284800097,0.01652637869,0.007367712911,0.005720068235,0.004696134478,0.006092673633,0.01055795606,0.0004519158974,0.01239489205,0.002380952472,0.03270810843,0.001201430685,0.01105572656,0.01122915931,0.01230611186,0.0004212670319,0.001791745541,0.002380952472,0.002380952472,0.01564816572,0.004761904944,0.01093471888,0,0.002930674236,0.01086328086,0.01556520816,0.007812567987,0.004876517225,0.007984568365
30,0.007677909452,0.01313301083,0.01186271012,0.01339857094,0.02080204897,0.01889716461,0,0.01909818314,0.001129037468,0.003122679889,0.002382844221,0.00503054494,0.007005726919,0.004671805538,0,0.003272433067,0.01702257991,0.0111352168,0.01430462953,0.01789993793,0.01425269619,0.01171755046,0.009663492441,0.008038999513,0.009430307895,0.008205949329,0.002163244179,0.0009699181537,0.00127016136,0,0.000681831676,0.00228755502,0.002825488802,0.001430825214,0.0004691357899,0.0008346925024,0.001755927689,0.00162595592,0.001949849073,0.002782141324,0.001875468064,0.001837837743,8.74209145e-05,0.07665334642,0.002288684249,0.001206249231,0.0004871300189,0.0002118286502,0,0.001574293594,0.0009537346778,0.001101041213,0,0.002380952472,0.0003707232245,0.001353325672,0.0009675481706,0.0007729490753,0.001139075845,0.001953012543,0.001452142606,0,0.001161871944,0.0005184954498,0.0009857012192,0.002225263743,0,0.0006340795662,0.005648604129,0.002258526161,0.005296560936,0.001708248048,0.7499973178,0,0.002017691499,0.002867612755,0.001184790279,0.008384738117,0.004307500552,0.001263895421,0.009556546807,0.002343233442,0.001324717654,0.1438693851,0.2445691526,0.0006776066148,0.004795453977,0.002314995043,0,0.004867932759,0.002461061347,0.0005910838954,0.0005146858166,0.03723203763,0.0105597591,0.002380952239,0.008450914174,0.007621385157,0,0.009196594357,0.01608223654,0.009095740505,0.005814266857,0.004761904944,0.01220228802,0.008983213454,0.01377619803,0.01621783338,0.006734831259,0.009403897449,0.01180583145,0.003845539177,0.002823468065,0.01483387314,0.008204729296,0.01293351315,0.01543960068,0.008647390641,0.01038904488,0.006708980538,0.005915584043,0.002380952472,0.009585147724,0,0.0359245725,0.006542781834,0.01213982422,0.005276764743,0.007391348016,0.006640238687,0.002380952472,0,0,0.008743661456,0.01005388051,0.009572308511,0.008193494752,0.007853387855,0.009130076505,0.01303489041,0.008703996427,0.01193341706,0.004045416135
31,0.002111679176,0.003582233097,0.0046701557,0.0042579812,0.005429562181,0.007011923473,0,0.005072259344,0.0001584470156,0.000750716601,0.0007371391403,0.001211658469,0.005581614561,0.002369725844,0,0.0006159620243,0.005290158093,0.003541173646,0.005200390704,0.006699531339,0.004813298117,0.00367091177,0.002379895421,0.002279289765,0.002777398564,0.002332376782,0.0009636387695,0.0004657827958,0.002417677781,0.000681831676,0,0.0001362874173,0.0001453861623,9.467467316e-05,7.299152639e-05,0.0001984530099,0.0004564554256,0.000490795006,0.0001360474416,0.0001614369539,0.0001470247807,7.421946066e-05,0.0003765441361,0.06319247186,0.0004125033156,0.0008171368972,0.0003304853744,0,0,0.0001111706588,6.546045188e-05,0,0,0,0,0,0.0003170388227,0.0001350004168,0.0002075422526,0,0,0,3.930905223e-05,0.0004269785422,0.0003689434961,0.001159710111,0.0008401392261,0,0,0.001984238159,0.001444755006,0.005014045164,0.7415777445,0.001214112621,0.0007106781704,0.0005042662378,0.001934502623,0.003044796642,0.001347316778,0.0002585142502,0.001798141049,0.0001564619015,0,0.1214379966,0.2345308512,0.007142857648,0.002974133706,0,0,0.001294379006,0.001485675806,0.000456783775,0.002285115654,0.01813589036,0.005985895637,0.002380952239,0.004761904944,0,0,0.001645155717,0.00526397815,0.001212054631,0.002380952239,0,0,0.001007739222,0.0061374004,0.005610886961,0.003322218545,0.0004558028304,0.004304993898,0,0.001929444144,0.005573813338,0.0007727267803,0.003265527776,0.0005481714034,0.003096952802,0.003407069249,0.003059851471,0.002142789774,0.001586757833,0.003501694184,0,0.01069387328,0,0,0.001789513626,0.001494631986,0.0003148174437,0,0,0.001218430232,0.005009828601,0.003562032944,0.001219519414,0,0.003388590878,0.002756157191,0.0005979295238,0.003738109488,0.004323540721,0.001206034562
32,0.0009271548479,0.002122029662,0.002065462293,0.002418967662,0.002856857376,0.004147733096,0,0.002583144465,0.0001763722103,0.000299444655,0.0004221379349,0.0006683499669,0.004785557278,0.006497889757,0,0.0002656877914,0.002983821323,0.001776598627,0.002714903327,0.003422832815,0.002102133585,0.00166885159,0.001107160351,0.001281296136,0.0009925105842,0.0009910387453,0.001239293953,0.0007773377583,0.005380285438,0.00228755502,0.0001362874173,0,1.60518357e-05,1.639614857e-05,3.605723759e-05,7.885198283e-05,0.0003195945174,0.000651945069,0.0001594737987,0.0001352064864,5.925179721e-05,3.36087578e-05,0,0.03297870606,0.002380952472,0,0.0002406803251,0,0,0,0,0,0,0.0001141155881,0,0,0.0005849022418,0,0.0001371976541,0,0,0,0.0001790769602,0,0.0003466412309,0,0,0.001193459961,0.003896081587,0,0.0004802489129,0,0.6649856567,0,0.002380952472,0,0.002380952472,0,0,0,0,0,0,0.09746474028,0.1510704905,0.005478332285,0,0,0,0,0,0,0,0.006091831718,0,0,0,0,0,0,0.002625997178,0.001105077215,0,0,0.002380952472,0,0.002399814781,0.001341724419,0,0,0.001489597955,0,0.0008246971993,0.000109508539,0,0.0003647088015,0,0,0,0.002380952472,0.0006890193326,0.002380952472,0.002614357742,0,0.002774926135,0,0,0.004386418033,0.0007454464212,0,0,0,0,0.0005653082626,0,0.0007901692297,0,0.0010834391,0.002278291387,0,0.001170560019,0.001093047671,0
33,0.0009663120145,0.001106002368,0,0.001188018825,0.0005611511879,0,0,0.001128131873,0.0002011997422,0.0001437378814,0,9.522576147e-05,0.0002739165502,0,0,0.0004467146064,0.00116315356,0.0006205543177,0.001346547622,0.00169285154,0.001146289869,0.0008633643156,0.0007034406299,0.0005082933349,0.0005059900577,0.00043829059,0.001449817093,0.0007887308602,0.006851956714,0.002825488802,0.0001453861623,1.60518357e-05,0,1.568257858e-06,1.081053233e-05,2.652349576e-05,0.000398866774,0,0,0,1.718998101e-05,1.567430081e-05,0,0.02583184093,0.001210491173,0.0006892395322,0,0,0,0,0,0,0,0,0,0,0,0,4.782953692e-05,0,0,0,0,0,0,0,0,0,0,0,0,0,0.4375641644,0,0,0,0,0,0,0.002380952472,0,0,0,0.06667647511,0.09746403247,0,0,0,0,0,0.0008889497258,0,0,0.002791150007,0,0,0,0.002380952472,0,0,0.001656817971,0,0,0.002380952472,0,0,0.003863133956,0.0007510285359,0,0,0.0008586028707,0,0,0.001644606004,0,0.0002624184126,0,0,0.002380952472,0.0005918155075,0,0,0.0001614440262,0,0.005488759372,0,0.002380952472,0.001311741187,0,0,0,0,0,0.002380952472,0,0,0,0.001240485813,0,0,0,0,0
34,0.0005605961196,0.000171970576,0,0.0007197976811,0,0,0,0.0009777316591,1.354097185e-05,0.0002509535989,0,0.0002899915562,0.001371843275,0,0,8.567653276e-05,0.001016442548,0.0006779934047,0.001168453367,0.001508750836,0.00110782939,0.0008857091889,0.0005458989181,0.000402467791,0.0002260910987,0.0002211561368,0.0007539247745,0.0003075704444,0.002995549701,0.001430825214,9.467467316e-05,1.639614857e-05,1.568257858e-06,0,3.278619488e-06,2.77089498e-06,0.0001106605341,0,0,0,0,3.70107191e-05,0,0.02128743939,0,0.001008532825,0.0002882640983,0,0,0,0,0,0,0,0,0,0,0,0,0,0,0,0,0,0,0,0,0,0,0,0,0,0.3454099298,0,0,0,0,0,0,0,0,0,0,0.04364048317,0.07766854018,0,0,0,0,0,0,0,0,0.0007919084164,0.002380952472,0,0,0,0,0,0,0,0,0,0,0,0,0.0003110516409,0,0,0.002380952472,0,0,0,0,0.0006708250148,0,0,0,0,0,0,0,0,0.002380952472,0,0,0,0,0,0,0,0,0,0,0,0,0,0,0,0.002380952472,0,0
35,0.0002749543928,0.0004647303722,0.001463924302,0.001347609796,0.006932044402,0.0006375564262,0,0.0007676646928,3.224778266e-05,0.0001437093015,7.186255971e-05,0.0004655775847,0.002247838303,0.0009176728781,0,0.0001026307727,0.0009145251242,0.001088362653,0.002402678365,0.003010571469,0.001934253145,0.001409650897,0.0008743822691,0.000178284783,0.0005161451409,0.0003979135363,0.0004385085194,0.0002254975116,0.001508737798,0.0004691357899,7.299152639e-05,3.605723759e-05,1.081053233e-05,3.278619488e-06,0,1.924656681e-05,0.0001088128411,8.612360398e-05,2.808639329e-05,1.080900529e-05,5.381340543e-06,1.33335061e-05,0,0.03296171874,0.003222749569,0,0.002380952472,0.00161856669,0,0,0,0,0,0,0,0,0,0,6.520188617e-05,0,0,0,0,0,0,0,0.002380952472,0,0,0,4.474080924e-05,0.002380952472,0.6247726083,0,0.0002691104019,0,0,0,0.0005282802158,0,0,0,0,0.0944166109,0.1419421732,0,0,0.001271423767,0,0.000455595291,0,0,0,0.01263097487,0.002380952472,0,0,0.002633832395,0,0,0,0,0,0,0,0,0.0009579261532,0.0005109799094,0,0,0.002380952239,0,0,0.0008746921085,0,0.001195522142,0.0008466181462,0,0,0,0,0,0.0004579701344,0,0.009074761532,0,0,0,0,0,0,0,0,0,0,0,0.002380952472,0,0.0001508325222,0,7.40493706e-05,0,0
36,0.0002937726385,0.0004408396489,0.002591688419,0.0008015210042,0.001356642926,0.0008241414907,0,0.001037694863,5.194057303e-05,3.881691373e-05,1.981804598e-05,0.0001699072745,0.002730704844,0.002026499249,0,0.0001028085535,0.0007098776987,0.000943852996,0.001531970105,0.002323475899,0.001390172285,0.001178281964,0.0007114264299,0.0005373742315,0.0003847663465,0.0003204910026,0.0005252952687,0.0002713933354,0.0009337723022,0.0008346925024,0.0001984530099,7.885198283e-05,2.652349576e-05,2.77089498e-06,1.924656681e-05,0,6.95436247e-05,0,9.006042819e-05,2.91731485e-05,0.0001488003909,4.26144943e-05,0,0.0377526246,0.0008274952997,0,0,0.005260447506,0.0007070304709,0,0,0.0004188214662,0,0,0,0,0,0,0,0.001197921578,0,0,0.0001374247513,0,0,0,0.001650229562,0,0.002311879303,0,0.0009655645699,0,0.6701142192,0,0,0,0,0.0009395784,0,0,0,0,0,0.09716613591,0.1874106824,0.002380952472,0,0,0,0.0001000890043,0,0,0,0.001003289712,0,0,0,0,0,0,0.001819215831,0,0,0,0,0,0,0.0002214794076,0,0,0.000602856453,0.002380952472,0.000425962935,0.0004714846727,0,0.000456240552,0.002380952472,0,0,0.002380952472,0,0,0.0003503807238,0,0.002250532387,0,0,0,0,0,0,0,0,0,0,0,0,0,0.001150092692,0,0.0004701181315,0,0
37,0.0001732086675,0.0002690496622,0.0003686877608,0.00138313591,0.00204306771,0.001014269656,0,0.002205339959,0.0001985254057,5.2840649e-05,0.001427759184,0.001212936826,0,0,0,0.0003534846473,0.0001046947873,5.91902899e-05,0.0003748980525,0.001460515428,0.0006252392777,0.0004414476571,0.0001871318091,0.0001807682274,0.0001418265747,0.000350471586,0.0003160341294,5.73530051e-05,0.0008219035226,0.001755927689,0.0004564554256,0.0003195945174,0.000398866774,0.0001106605341,0.0001088128411,6.95436247e-05,0,3.422403324e-06,3.52194229e-06,0,1.82011463e-05,0,0,0.03190862015,0.002380952239,0,0,0.001051508007,0,0.0005929764011,0,0,0,0,0,0,0.0001275213435,0,0.001219779486,0,0,0,0,0.0006666642148,0.002380952472,0,0,0,0,0,0.0007298834971,0,0.224222064,0,0,0,0,0.002380952472,0,0,0,0,0,0.02642817795,0.03998762742,0,0,0,0,0,0,0,0,0.002007271862,0.001353350468,0,0,0,0,0,0,0,0,0,0,0.001022979268,0.001428062329,0.001623035409,0,0,0,0,0.001240032376,0.001031171065,0,0.0006342947599,0,0,0.002380952472,0,0,0,0,0,0.003152984427,0,0,0,0,0,0,0,0,0,0,0.004761904944,0,0,0,0,0,0,0
38,0,0,0.000301093125,0.000625183864,0,0,0,0.000473153108,0.0001943796524,0.002260162495,0,0.0003014836111,0.00338252564,0,0,0.0001319665316,0.0001819800527,8.018143853e-05,0.0008173998795,0.003441723064,0.0002806999837,8.384727698e-05,0.0001101167436,0.0002337160113,6.362116983e-05,0,0.0002924261498,0.0001822945924,0.001338441973,0.00162595592,0.000490795006,0.000651945069,0,0,8.612360398e-05,0,3.422403324e-06,0,0,6.207132628e-06,0,0,0,0.007142857648,0,0,0,0,0,0,0,0,0,0,0,0,0,0,0.001266118488,0,0,0,0,0,0,0.000436574046,0,0,0,0,0,0,0.05113982409,0,0,0,0,0,0,0,0,0,0,0.002380952472,0.007142857648,0,0,0,0,0,0,0,0,0.002380952472,0,0,0,0,0,0,0,0,0,0,0,0,0,0.00139781367,0,0,0,0,0,0,0,0,0,0,0,0,0,0,0.004761904944,0,0.002380952472,0,0,0,0,0,0,0,0,0,0,0,0.002380952472,0.002380952472,0.002380952472,0,0,0,0
39,0.0001771729294,0,0.002396220807,0.0020946078,0,0,0,0.0003174918238,0,0.0003296473587,0,0.000202750598,0.002380952472,0,0,0,5.789784336e-05,1.686207725e-05,0.0005869527813,0.001058108639,0.0001728053612,1.373052783e-05,0.0001823653874,0.0001497634512,1.317387796e-05,0.0002167342027,0.000360343256,8.529582556e-05,0.001310449559,0.001949849073,0.0001360474416,0.0001594737987,0,0,2.808639329e-05,9.006042819e-05,3.52194229e-06,0,0,0,0,0,0,0.009523809887,0,0,0,0,0,0,0,0,0,0,0,0,0,0,0,0,0,0,0,0,0,0,0,0,0,0,0,0,0.03809523955,0,0,0,0,0,0,0,0,0,0,0.002380952472,0.002380952472,0,0,0,0,0,0,0,0,0.006226188038,0,0,0,0,0,0,0,0,0,0,0,0,0,0,0,0,0,0,0,0,0,0,0,0,0,0,0,0,0,0,0.004761904944,0,0,0,0,0,0,0,0,0,0,0,0,0,0.0006940703606,0,0,0,0
40,0,0,0,0.000229682817,0,0,0,0.0001471288269,0,0,0,0,0,0,0,0.0001896405156,1.436004823e-05,8.181208614e-06,0.0004308332573,0.0003937153379,8.482629346e-05,2.282643072e-05,1.434307364e-06,6.725587809e-06,1.074835018e-05,0.000252472295,7.983417163e-05,2.231551662e-05,0.004337799735,0.002782141324,0.0001614369539,0.0001352064864,0,0,1.080900529e-05,2.91731485e-05,0,6.207132628e-06,0,0,0,0,0,0.007142857648,0,0,0,0,0,0,0,0,0,0,0,0,0,0,0,0,0,0,0,0,0,0,0,0,0,0,0,0,0.1095238104,0,0,0,0,0,0,0,0,0,0,0.01050496753,0.02481683902,0,0,0,0,0,0,0,0,0.004761904944,0,0,0,0,0,0,0,0,0,0,0,0,0.0009742956609,0,0,0,0,0,0,0,0,0,0,0,0,0,0,0,0,0,0,0,0,0.002380952472,0,0,0,0,0,0,0,0,0,0,0,0,0,0,0
41,0,0,0,0.0005724846851,0,0,0,0.0004814700806,0,0,0,0.001783464686,0,0.002380952239,0,0,2.403816325e-06,5.68291689e-05,0.0005171875819,0.0008028435404,0.0001123036345,6.478696014e-05,6.974769349e-05,0,1.788570444e-05,0.0001451683784,9.124533972e-05,7.015766187e-06,0.00351829594,0.001875468064,0.0001470247807,5.925179721e-05,1.718998101e-05,0,5.381340543e-06,0.0001488003909,1.82011463e-05,0,0,0,0,1.635090825e-06,0,0.002380952472,0,0,0,0,0,0,0,0,0,0,0,0,0,0,0,0,0,0,0,0,0,0,0,0,0,0,0,0,0.04761904851,0,0,0,0,0,0,0,0,0,0,0.002380952239,0.009523809887,0,0,0,0,0,0,0,0,0.002380952472,0,0,0,0,0,0,0,0,0,0,0,0,0,0,0,0,0,0,0,0,0,0,0,0,0,0,0,0,0,0,0,0,0,0,0,0,0,0,0,0,0,0,0,0,0,0,0,0,0
42,0,0.0004390352697,0,0.0001640107366,0,0,0,0,0,0,0,0.000512439583,0,0,0,6.520633178e-05,2.919708777e-06,0,0.0008055052022,0.000393887487,0.0001060548966,6.129717804e-05,4.266085671e-05,0,0,0.0001143626359,7.418720634e-05,5.197110659e-05,0.005077944137,0.001837837743,7.421946066e-05,3.36087578e-05,1.567430081e-05,3.70107191e-05,1.33335061e-05,4.26144943e-05,0,0,0,0,1.635090825e-06,0,0,0.01123412605,0,0,0,0,0,0,0,0,0,0,0,0,0,0,0,0,0,0,0,0,0,0,0,0,0,0,0,0,0.03980793059,0,0,0,0,0,0,0,0,0,0,0.002380952472,0,0,0,0,0,0,0,0,0,0,0,0,0,0,0,0,0,0,0,0,0,0,0,0,0,0,0,0,0,0,0.002380952239,0,0,0,0,0,0,0,0,0,0,0,0,0,0,0,0,0,0,0,0,0,0,0,0,0,0,0,0
43,0,0,0,0,0,0,0,0,0,0,0,0,0,0,0,0,0,0,0,0.001153507852,0,0,0,0,0,0,4.507765698e-05,0.0002442837285,0,8.74209145e-05,0.0003765441361,0,0,0,0,0,0,0,0,0,0,0,0,0,0,0,0,0,0,0,0,0,0,0,0,0,0,0,0,0,0,0,0,0,0,0,0,0,0,0,0,0,0.01190476213,0,0,0,0,0,0,0,0,0,0,0.002380952472,0.002380952239,0,0,0,0,0,0,0,0,0,0,0,0,0,0,0,0,0,0,0,0,0,0,0,0,0,0,0,0,0,0,0,0,0,0,0,0,0,0,0,0,0,0,0,0,0,0,0,0,0,0,0,0,0,0,0,0,0,0
44,0.1605546325,0.04945851862,0.09717942774,0.06934242696,0.210083887,0.0403984189,0.02723241784,0.09065668285,0.1167402193,0.0456664823,0.06464032084,0.06101340055,0.4260292351,0.4556743503,0.1073044986,0.06735839695,0.03061142378,0.02631185949,0.04014229402,0.03839763254,0.03152804449,0.02748187631,0.009207188152,0.01544106938,0.02042246424,0.02908859402,0.07935477048,0.05661567673,0.06496316195,0.07665334642,0.06319247186,0.03297870606,0.02583184093,0.02128743939,0.03296171874,0.0377526246,0.03190862015,0.007142857648,0.009523809887,0.007142857648,0.002380952472,0.01123412605,0,0,0.02135888115,0.005844600033,0.03503333032,0.09814409912,0.1330081075,0.02027524635,0.1092674732,0.09207360446,0.0575071685,0.03057286143,0.01358687226,0.01063229889,0.01045134757,0.0150965238,0.0348027572,0.0117635848,0.01474812999,0.02659793198,0.07369119674,0.06760364771,0.02553359233,0.01953441836,0.06514333934,0.06245613843,0.0789456591,0.1185526997,0.1961988956,0.08264043927,0.7246088386,0.04987210408,0.02520778216,0.04978237301,0.03597473353,0.03415481746,0.01703704149,0.1985203475,0.2111164778,0.1900992841,0.02725127712,0.2103702873,0.4408891499,0.0829467997,0.06411530823,0.05246086791,0.1970150471,0.1716328263,0.03300439566,0.1923376471,0.2059260309,0.2118905634,0.1876681745,0.2187848091,0.1580541283,0.1810024381,0.2190182209,0.1085636988,0.1574354023,0.1735476106,0.08995945752,0.0198034551,0.02435595915,0.01691852137,0.06797184795,0.09746707976,0.1178787202,0.01583889686,0.115157187,0.01204388496,0.1183759943,0.09184864163,0.03115343116,0.06949138641,0.05655263364,0.1124537215,0.02689130045,0.04893518984,0.09779367596,0.1064860374,0.08179145306,0.03970852494,0.1725988835,0.1032195613,0.07065548748,0.06102504581,0.1038759872,0.1140681207,0.120021835,0.06406158954,0.03359058127,0.07529576123,0.0343920216,0.06061123684,0.06302320957,0.08783891797,0.1217387021,0.04759275541,0.07629100233,0.1762538999,0.1072781309
45,0.00103200844,0.002380952239,0.004373322241,0.003415293759,0.0005083559081,0.004730428569,0.001491591916,0.00705371704,0.004279293586,0.01008153148,0.002687855391,0.007245730143,0.05286363512,0.07736922801,0.0153353177,0.004318185616,0.001356594847,0,0.002380952472,0.002380952239,0,0,0,0,0,0,0.002179541159,0,0.001962207491,0.002288684249,0.0004125033156,0.002380952472,0.001210491173,0,0.003222749569,0.0008274952997,0.002380952239,0,0,0,0,0,0,0.02135888115,0,0.00033520945,6.318318628e-05,5.172927558e-05,0.0001204257787,0.000194319291,0.0002151752415,0.008361894637,0.01349190995,0.01425984502,0.01824839972,0.006457243115,0.006087572314,0.008742262609,0.008284024894,0.004376624245,0.009410844184,0.001426178031,0.001980405767,0.01455023233,0.01487445086,0.004185846541,0.02128829062,0.01906653866,0.002941612154,0.002380952239,0.004658645485,0.007847724482,0.7298188806,0.03116509318,0.0103056943,0.00460617058,0.01349815261,0.007886570878,0.01489908155,0.002839562716,0.006603079848,0.001969648292,0.0234497413,0.1837790012,0.2678844333,0.01358716097,0.006451540161,0.01142611448,0.001917728805,0.008291702718,0.01274476293,0.001392037608,0.005242290441,0,0,9.645708633e-05,0,2.672649134e-05,7.06823339e-05,0,0.0002258724417,0.0001006793027,0.0007039146149,0,0.002380952239,0,0,0.004065653775,0.0005472422927,0,0.001046390622,0,0.00542836776,0.004531193059,0,0.002380952472,0.000443240162,0.001506437897,0,0.002380952239,0,0.001959884772,0.003057667054,0,0.000708266045,0.000726521539,0.0004527470737,0,0.0006828883779,0.007784180809,0.0001014615918,0,0,0.000720958109,0,0,0,0,0.002380952472,0,0.002380952472,0.0001132480247,0.003876368282
46,0.0008498571115,0,0.003154709935,0.00795137044,0.00103518134,0.00724368589,0.009501188062,0.006077317521,0.007550887764,0.002186785452,0.003276281757,0.003455388127,0.0792779848,0.1339170188,0.02996104211,0.006912263576,0.002380952472,0,0,0.001432574238,0,0.0008538474794,0,0,0,0.002380952472,0.004451595247,0,0.001245312276,0.001206249231,0.0008171368972,0,0.0006892395322,0.001008532825,0,0,0,0,0,0,0,0,0,0.005844600033,0.00033520945,0,0.0001637824462,0.002858337946,0.002610221505,4.982096652e-05,0.0002267131349,0.002105415333,0.0021695795,0.000819913228,0.0003767936432,0.0001650188497,6.20150895e-05,0.0007770085358,0.0004827431403,7.957080379e-05,0.0008573845844,0.0002690924739,0.0003483731125,0.001195886871,0.0006153326249,0.0002801604569,0.0021082561,0.00367092411,0.002791853854,0.0002088577166,0.0007701609866,0.01342622843,0.4245274961,0.001704047783,0.0003995700972,0.003132754471,0.001020882046,0.0002597207786,0.0004799521121,0.001820332254,0.002812996972,0.0008907376905,0.0007253204822,0.04666863754,0.2352531552,0.006889749784,0.007853929885,0.001627973397,0.006676197983,0.001202047104,0.0002567346673,0.004090824164,0.003939411137,0.001436984632,0.0001139940287,9.224752284e-05,1.555965173e-05,0.0006017946289,0.0002018347441,0,0.0001132933758,6.022755042e-05,0,0,0,0.0004194825306,0.0002414898481,0.0003231097071,0.0002781788644,0,0.001242632396,0.002380952472,0.001277147327,0.001280291122,0,0.0001779134327,0.0008099887636,0.0002653871488,0,0,0.0005626103375,0.000331911142,0.0006394060911,0,0.001230046735,0.002380952472,0,0,0.0002063970896,0.0001568342705,0.0004534379987,0,0,0.001006948412,0,0.0003447188938,0.001109886682,0,0.0001427303214,0,0,0.0004882883513,0.0009556084988
47,3.520987957e-05,0,0.0001376721484,0.002780001843,0.0001201208579,0.0009491034434,0,0.000709986547,0.0008664525812,0.000912572199,0.0006972450064,0.00285236584,0.02887721919,0.03124815784,0.01779861003,0.0007339076838,0.001461668639,0.002380952472,0.002380952472,0.001191129792,0,0,0,0,0,0,0.000611086085,0.0001952069433,0.001316036796,0.0004871300189,0.0003304853744,0.0002406803251,0,0.0002882640983,0.002380952472,0,0,0,0,0,0,0,0,0.03503333032,6.318318628e-05,0.0001637824462,0,5.94374178e-05,0.0001795176067,2.801865412e-05,3.699534864e-05,0.002209666884,0.001887800056,0.005002999678,0.008407612331,0.009204037488,0.001700966153,0.001443459769,0.002842902672,0.004083171953,0.006190605462,0.004802856594,0.0010648506,0.004170714878,0.006320565473,0.001473893179,0.009992461652,0.01175466739,0.00105408323,0.0013694925,0.007142857648,0.007104403805,0.7133798003,0.01284681074,0.007863665931,0.002069431124,0.01195256226,0.002380952472,0.01041105855,0.006695707794,0.004761904944,0.001173725119,0.01503548864,0.1342522055,0.1684180051,0.004491712898,0.004995633848,0.004751408473,0.002837903798,0.0005213228287,0.002151589142,0.0004358646693,0.00231906469,4.226314195e-05,0,0,0,0,5.692010018e-05,0,0,0,0.0005302358186,0,0,0,0,0.003768933704,0,0,4.534589243e-05,0,0.0003708937438,0.001331222011,0,0,0.001366758952,0,0,0,0,0.0002846861316,0,0,0,3.092690167e-05,0.0003231838928,0,0.0002830543672,0.0001883064106,0,0,0.002380952472,0,0,0,0.00120395422,0.0004589409509,0,0,0,1.603880082e-05,0.0005339803756
48,4.729869033e-05,0,0.000344701577,0.002424440579,5.341327324e-06,0.00113400945,0.004761904944,0.0006094693672,0.001903293421,0.005860368721,0.001314841444,0.005638281815,0.03583066165,0.05006422475,0.008299256675,0.001794964541,0.001534697716,0,0.001264361897,0,0,0,0,0,0,0,0.0007935835165,0.000784843287,0,0.0002118286502,0,0,0,0,0.00161856669,0.005260447506,0.001051508007,0,0,0,0,0,0,0.09814409912,5.172927558e-05,0.002858337946,5.94374178e-05,0,1.27800904e-05,0.0003772738273,7.162801467e-06,0.004158039112,0.007362223696,0.005164940376,0.01293542981,0.00717788469,0.002459865296,0.0009499747539,0.00324780331,0.01221433003,0.002380952472,0.005196915939,0.002685352229,0.005118421279,0.0131164249,0.009424950927,0.01748505048,0.01725094579,0.001971934456,0.003317262512,0.004971021321,0.009572644718,0.7593096495,0.0181358736,0.01119903754,0.005984386429,0.008803494275,0.001757876948,0.009249519557,0.005090526771,0.001484109904,0.001238255063,0.01684737392,0.1631176174,0.2218246311,0.008869825862,0.004503792617,0.005600670818,0.003105704905,0.004688311834,0.00660468312,0.0001491086005,0.00110241014,0,0,0,2.234956264e-05,0,0,0,2.503939186e-06,4.114526291e-06,0,0,0,0,0,0.004761904478,0,0,0.0001498319762,0,0.000993585214,0.001710309647,0,0,0,0,0,0,0,0,0,0,3.510779061e-05,0,0,0,0.0001011605345,0.0003153753642,8.845888078e-05,0,0,0.00101072574,0,0,0.0005521764979,0,0,0,0,0.0001049092025,0.0003896960407
49,6.490639498e-05,0.002380952472,0.0001434817968,0,0,0.002883689478,0,0.0005284642102,0.001698143315,0.001452293363,0.001404813025,0.00372317736,0.0837116614,0.1464358717,0.007179667708,0.002253427403,0,0,0.000950633781,0,0,0,0,0,0,0,0.001438287902,0,0.001728218398,0,0,0,0,0,0,0.0007070304709,0,0,0,0,0,0,0,0.1330081075,0.0001204257787,0.002610221505,0.0001795176067,1.27800904e-05,0,0.0003108718956,9.053078429e-06,0.001675427076,0,0,0.007911349647,0.005919436458,0.007614411879,0.004573473241,0.0001237401302,0.005988682155,0,0.005712012295,0.0001676629472,0.001085713156,0.007906329818,0.002671333496,0.0111450525,0.006437914446,0.00236127316,0,8.496417286e-05,0.005859867204,0.8629772067,0.005746710114,0.005651638377,0.00188122585,0.006486842409,0.003378686495,0.01662454382,6.564673822e-05,4.82477808e-05,2.92756431e-05,0.02149036899,0.1808161438,0.2408493608,0.007260079496,0.009102883749,0.001506380737,0.0001166272414,5.875617353e-05,0.005171300378,2.736422539e-05,5.142038208e-05,0,0,0,1.021114349e-05,1.492435422e-05,2.160685108e-05,0,1.811855509e-05,3.582937779e-06,4.497625923e-05,0,0,0,0,1.848623469e-05,0,0,8.861438982e-05,0,0.0007597600925,0.0008468026645,0,0,0,0,0,0,0,0.0001213879077,0,0,8.913321653e-05,0,0,0,0,4.423232531e-05,9.634513117e-05,0,0,0,0,0,0,0,0,0,0,3.997812018e-05,0.0001139758824
50,5.9050868e-05,0,0.0001639806578,0.0008635221748,4.919487765e-05,0.00152919523,0.003974745516,0.001331726671,0.001005435945,0.001071504783,0.0007127221907,0.001145160291,0.04479129985,0.04464600235,0.009522531182,0.0006641601794,0,0,0.0004371966061,0.001720895292,0.002380952472,0.0008600440924,0,0,0,0,1.920571958e-05,0,0,0.001574293594,0.0001111706588,0,0,0,0,0,0.0005929764011,0,0,0,0,0,0,0.02027524635,0.000194319291,4.982096652e-05,2.801865412e-05,0.0003772738273,0.0003108718956,0,1.230360522e-05,0.00077610882,0.0006295364001,0.001212179661,0.001978583401,0.000883208646,0.002823129296,0.0004092069867,0.0006659296341,7.916233881e-05,0.0001807520312,0.0005725654191,1.809824971e-05,0.0002265590592,0.001181334606,6.041958841e-05,0.002930901945,0.004466615617,0.001079325099,0,0.0009402291034,0.005970193539,0.681671679,0.004733460955,0.0007053088048,0.00177125854,0.001131973579,0.0003660882649,0.003069958417,0.0008219057345,0.001725153532,7.196076331e-05,0.005311221816,0.1157968864,0.1430964917,0.002428652951,0.007935282774,0.001509299036,0.0003966393124,0.0004902248038,0.0003554039868,0.000260094268,0.0006449180073,0,0,0.0007767144125,0,1.212993266e-05,0,0,0,0,0,0,0,0,0,0,6.693167961e-05,0,2.191264139e-05,0,0.0005230454844,0.001260333578,0,0,0.0006966391229,0,0,0,0,0,0,0.002380952472,0.0002316903119,0,0,0,8.797074406e-05,0.0003916816495,0,0.000301197957,0,0.0003023178142,0,0,0,0,0,0,0,6.323451544e-06,0.0001225528249
51,2.838581531e-05,0,6.965079228e-05,0.0005517055397,2.419661723e-05,0.0004153768241,0.003138402011,0.0002161854209,0.0005078721442,0.0005250871181,0.0004345352936,0.0007487010444,0.06264727563,0.03735867888,0.006013570353,0.0003818224359,0,0,0.000791721628,0.0009593401919,0.001038136892,0.002380952472,0,0,0,0,0.0005940829869,0,0.000842858688,0.0009537346778,6.546045188e-05,0,0,0,0,0,0,0,0,0,0,0,0,0.1092674732,0.0002151752415,0.0002267131349,3.699534864e-05,7.162801467e-06,9.053078429e-06,1.230360522e-05,0,0.0004390775575,0.0002824976982,0.001497816411,0.002327897586,0.004591032397,9.453443636e-05,0.001180396182,0.0008128418121,0.0007376974099,0.001762498636,0.0006184629747,4.150911263e-05,0.0003408531775,0.003504765453,0.001205120352,0.002755373716,0.003690046957,0.0008869245066,0,0,0.009900093079,0.7628856301,0.004841559567,0.0009603899671,0.0008282520575,0.000511581602,0,0.004960787017,0.0006559481262,0.0002840310626,1.700049324e-05,0.005119716283,0.1219530702,0.1308527291,0.002155227587,0.004354796838,0.0007574806805,0.00161531067,0.00032231363,0,2.694140676e-05,0.0003232834861,0,0,0,0,0,1.304069065e-05,5.672967291e-06,0,1.866621119e-06,4.408610766e-05,0,0,0,0,0.0001002739082,0,0,7.041536264e-06,0,0.0001205466833,0,0,0,0,0,0,0,0,0.001570628374,0,0,2.951109855e-05,0,9.374530782e-05,0,1.028641873e-05,0.0002682546619,0,0,0,0,0,0,0,0,0,0,0,0,2.175804912e-05
52,0.0001308347564,0,0.000130912289,0.004033508711,2.125136962e-05,0,0.0009171176935,0.0004662401334,0.003754447913,0.001366982353,0.0003601212811,0.0002891045297,0.1024620757,0.09993357211,0.02005769126,0.00308857346,0.0001989374141,0,0.00137809501,0.002380952472,0,0,0,0,0,0,0.002532577841,0,0.0002781632356,0.001101041213,0,0,0,0,0,0.0004188214662,0,0,0,0,0,0,0,0.09207360446,0.008361894637,0.002105415333,0.002209666884,0.004158039112,0.001675427076,0.00077610882,0.0004390775575,0,2.913175649e-06,7.223675311e-06,0.0003889908548,0.000604500121,0.0001569077285,1.402420185e-05,2.344856148e-05,0.000643000647,4.52854365e-05,2.183662764e-05,0.0001036505491,3.866602128e-05,0.0002554348321,0.0004230749619,8.685606736e-05,2.098257391e-05,0.0006277572829,0,7.567698049e-05,0.01737356,0.7765259743,0.0001161262189,0.0002865159186,0.002003770787,0.000471036823,0.0002789065184,0.0007632871857,5.488433453e-05,0,0.0001086595366,0.0005865726271,0.09091053903,0.02260566689,0.0002135406976,0.005053193774,0.000164469835,0.002098831115,0.0001164133937,0.0001399719768,0.0003658510395,7.535138138e-05,0,0.002380952472,0.000488360587,0.0002145420003,0.000368495821,0.0002968079352,0,8.975125638e-06,0.0001830278779,0,0,0,0,0,1.366471588e-05,0.0001955813204,0,5.099097689e-05,0,5.670929022e-05,9.395233792e-05,5.796780169e-05,9.924803453e-05,0,0.0002474632347,0,0,0,0,0.0001895737805,0,0.0003076014982,9.31753857e-06,1.860891643e-05,0,7.391729014e-05,5.861676982e-05,0,0,0,7.62063064e-05,0,0,0.0005004785489,0,0,0,0,9.685299301e-05,2.645515451e-05
53,0,0,0,0,0,0,0,0,0.0005296085146,0,4.334252662e-05,0,0.03043562919,0.03199501708,0,0.0009982913034,0.002380952472,0,0,0,0.002380952472,0,0,0,0,0,0,0,0,0,0,0,0,0,0,0,0,0,0,0,0,0,0,0.0575071685,0.01349190995,0.0021695795,0.001887800056,0.007362223696,0,0.0006295364001,0.0002824976982,2.913175649e-06,0,3.233199379e-07,0,0,0,0,0,3.342068158e-05,0,0,2.18974692e-05,0,0,0,1.002342742e-05,0,8.873410479e-06,0,0,0.002778563648,0.725200057,0,7.857180026e-05,0,0,0,0,0,0,9.105130448e-05,0.0004804786586,0.07520160079,0.07216820866,0.0004600490211,0.0002042096021,0,0,0,0,0.002380952472,0,0,0,0,0,0,0,0,0,0,0,0,0,0,0,0,0,0,0,0,0,0,0,0,0,0.001153589459,0,0,0,0,0,0,0,0,0,0,0,0,0,0,0,0,0,0,0,0,0,0,0,0,0
54,0,0,0,0,0,0,0,0.0001368364901,8.851430175e-05,3.837006716e-06,5.455964583e-06,0,0.01230043638,0.04566043988,0,0.0004320510488,0,0,0,0,0.000837585656,0,0,0,0,0,0,0,0,0.002380952472,0,0.0001141155881,0,0,0,0,0,0,0,0,0,0,0,0.03057286143,0.01425984502,0.000819913228,0.005002999678,0.005164940376,0,0.001212179661,0.001497816411,7.223675311e-06,3.233199379e-07,0,0,2.008609044e-06,0,2.325786227e-06,0,0.0002926337474,0,0,0,0,1.275391469e-06,0,6.758550444e-05,2.360155577e-06,1.69407906e-06,0,0,0.000355548138,0.654763937,0,1.95442226e-05,0.0001155171922,0,0,0,0,0,0.0001062667943,8.128491754e-05,0.05237895995,0.1144323424,0.0007554730983,0,0,0,0,3.369727892e-06,0.002380952472,0,0,0,0,0,0,0,0,0,0,0,0,0,0,0,0,0,0,0,0,0,0,0,0,0,0,0,0,0,0,0,0,0,0,0,0,0,0,0,0,0,0,0,0,0,0,0,0,0,0,0
55,0,0,0,0.0004912224249,0,0,0,0.000143404628,0.000141272234,0,4.440195698e-05,4.598193755e-06,0.01247270498,0.05586021766,0.006067441776,0.0002834905172,0,0,0,0.001402066671,0,0,0,0,0,0.002380952472,0.001454365905,0,0.0006667731795,0.0003707232245,0,0,0,0,0,0,0,0,0,0,0,0,0,0.01358687226,0.01824839972,0.0003767936432,0.008407612331,0.01293542981,0.007911349647,0.001978583401,0.002327897586,0.0003889908548,0,0,0,0,0,7.456022558e-06,0,6.180434139e-05,0,0,8.444843843e-05,1.732623423e-05,4.020195377e-07,7.543355309e-07,0.0001811550319,6.302289421e-06,3.299415403e-05,0,0,0.004513268825,0.5853632092,5.167464224e-06,3.203863525e-05,0.0006704847328,3.53050018e-05,0,3.772151786e-06,4.041369903e-05,0,0,0.0001441348722,0.04154112563,0.1857410818,0.001085258438,0.002313370351,2.055559889e-05,0.002380952472,0,0,0.001398692257,0,0,0,0,0,0,0,0,0,0,0,0,0,0,0,0,0,0,0.0002739524352,0,0,0,0,0,0,0,0,0,0,0,0,0,0,0,0,0,0,0,0,0,0,0,0,0,0,0,0,0,0,0,0
56,0,0,0.0001100775698,0,0,0,0,0.0002235497232,8.42643858e-05,5.108275582e-05,2.895774924e-05,2.698753633e-05,0.01147884689,0.07806971669,0.002380952472,0.0001413189166,0,0,0,0,0,0,0,0,0,0,0.0002862871625,0.001628690632,0.00506673893,0.001353325672,0,0,0,0,0,0,0,0,0,0,0,0,0,0.01063229889,0.006457243115,0.0001650188497,0.009204037488,0.00717788469,0.005919436458,0.000883208646,0.004591032397,0.000604500121,0,2.008609044e-06,0,0,5.276817205e-07,0,0,3.596999159e-05,0,3.416692152e-06,1.198335576e-05,0,1.377195986e-06,5.616153089e-07,0.0002880475658,0.0003133954015,0.0001634832588,0,0,0.0005625162157,0.5714002848,1.560597048e-05,8.625203009e-06,0.000322770793,0,0,0,0,0,0,0.0001254492381,0.04705489799,0.191753298,0.001085691154,0.00126748078,0,0,0,1.278679156e-05,0.002380952472,0,0,0,0,0,0,0,0,0,0,0,0,0,0,0,0,0,0,0,0,0,0,0,0,0,0,0,0,0,0,0,0,0,0,0,0,0,0,0,0,0,0,0,0,0,0,0,0,0,0,0
57,0,0,0,0,0,0,0,0.0004537187342,1.22066549e-05,2.583841251e-06,6.035631941e-06,1.6514457e-06,0.001269039116,0.0247707963,0,2.315107668e-05,0.0003990521072,0,0.001153444638,0.001779770246,0.0007612328045,0.0008585235337,0,0,0,0.0003364947333,0.0005894376663,0.001105677686,0.001656495151,0.0009675481706,0.0003170388227,0.0005849022418,0,0,0,0,0.0001275213435,0,0,0,0,0,0,0.01045134757,0.006087572314,6.20150895e-05,0.001700966153,0.002459865296,0.007614411879,0.002823129296,9.453443636e-05,0.0001569077285,0,0,0,5.276817205e-07,0,0,0,0.0001019508782,0,0,7.547304449e-06,0,0,0,0.0002532562648,8.910801625e-06,2.656621291e-05,0,1.558749136e-05,0,0.5926146507,0,6.162882073e-06,0,0,0,2.886798256e-06,0,0,0,9.966287325e-05,0.0560833402,0.1566655189,0.0008017360815,0.0006503136829,4.604132846e-05,0,0,0,0,0,0.0007540457882,0,0,0,0,0,0,0,0,0,0,0,0,0,0,0,0,0,0,0,0,0,0,0,0,0,0,0,0,0,0,0.0001784827327,0,0,0,0,0.0001028155166,0,0,0,0,0,0,0,0,0,0,0,0,0
58,0,0,0.0001152346158,0.00017164358,0,0,0,0,2.325385867e-05,0,7.64406559e-06,6.933363238e-06,0.003738212166,0.01544042677,0,4.781506141e-05,0.003165073227,0,0.00119291083,0.002380682155,0.002380952472,0.0004464189115,0.00154546462,0,0.0006617843756,0.0001811745751,0.0004030296695,0,0.0009189145057,0.0007729490753,0.0001350004168,0,0,0,0,0,0,0,0,0,0,0,0,0.0150965238,0.008742262609,0.0007770085358,0.001443459769,0.0009499747539,0.004573473241,0.0004092069867,0.001180396182,1.402420185e-05,0,2.325786227e-06,7.456022558e-06,0,0,0,0,3.987619129e-05,0,0,3.043713605e-06,1.411511107e-06,1.992920625e-05,0,0.00024190775,1.24274527e-06,3.687296703e-05,0,0,0.00328833214,0.6660652757,2.486570156e-05,4.836796847e-07,0.0008463968989,0,0,1.559089105e-05,0,0,0.0001198225291,0.0001356266293,0.07259993255,0.09954240918,0.0008088189061,0.000316526508,0,0,0,0,0,0,0,0,0,0,0,0,0,0,0,0,0,0,0,0,0,0,0,0,0,0,0,0,0,0,0,0,0,0,0,0,0,0,0,0,0,0,0,0,0,0,0,0,0,0,0,0,0,0,8.27169788e-05,0.000138276504
59,0,0,0,5.006913125e-05,0,0,0,9.294763004e-05,1.907298724e-06,0,1.345790793e-06,1.29427724e-06,0.001204838278,0.01376161631,0,6.751395631e-06,0.0002765139798,0.0003285225539,0.0006262295065,0.001297095558,0.0003148399701,0.000476108311,0.0003388725454,1.586373037e-05,4.664924927e-05,0.0001471874275,0.0004543905961,0.0005530604394,0.001616883324,0.001139075845,0.0002075422526,0.0001371976541,4.782953692e-05,0,6.520188617e-05,0,0.001219779486,0.001266118488,0,0,0,0,0,0.0348027572,0.008284024894,0.0004827431403,0.002842902672,0.00324780331,0.0001237401302,0.0006659296341,0.0008128418121,2.344856148e-05,0,0,0,0,0,0,0,9.560507169e-05,0,0,3.933318294e-05,9.168867905e-07,0,0,8.578040251e-06,0,2.742572724e-05,0,0,0.001367898891,0.6925630569,7.977082532e-07,5.12093402e-06,2.694452451e-05,0,0,0,0,0,3.098247817e-06,7.59471659e-05,0.07980043441,0.113940604,0.0006705987034,0,0,0,0,9.981988114e-06,0,0,0.0001734235993,0,0,0,0,0,0,0,0,0,0,0,0,0,0,0,0,0,0,2.577223768e-06,0,0,8.408410395e-06,0,0,0,0,0,0,0,0,0,0,0,0,0,0,0,0,0,0,0,0,0,0,0,0,0,0,0
60,0.0002167170751,0,0.002544936957,0.002162677469,0.0008779010386,0.00395545736,0.00753765041,0.00213877135,0.002317123348,0.0003757347004,0.00111052522,0.0008986408939,0.05825351924,0.08573467284,0.01794894226,0.001929575112,0,0,0,0.002380952472,0,0,0,0,0,0.002380952472,0.0008524917066,0.001298258081,0.002380952472,0.001953012543,0,0,0,0,0,0.001197921578,0,0,0,0,0,0,0,0.0117635848,0.004376624245,7.957080379e-05,0.004083171953,0.01221433003,0.005988682155,7.916233881e-05,0.0007376974099,0.000643000647,3.342068158e-05,0.0002926337474,6.180434139e-05,3.596999159e-05,0.0001019508782,3.987619129e-05,9.560507169e-05,0,0.0001084967516,0.0002123726881,4.849468678e-05,0.0002557811677,0.0001692527003,0.0001540055528,8.05279924e-05,0.001037152135,0.001278703217,0,9.891610716e-06,0.007057871204,0.5797676444,0.000251790625,4.05004721e-05,0.001826871652,0.0002713596914,8.009828889e-05,0.0001157103761,0.0005542344879,0.0002205861238,0.0001876276365,3.458338688e-05,0.02579296008,0.1525086761,0.00138316222,0.00582803227,0.0006110752001,0.001784119522,0.0003000918368,0.0001055794419,0.004203257151,0.0004580544773,0.0003645758552,0,0,0,4.422422717e-05,0.000114069866,0,0,0.0001959246147,0,0,0,0,0,4.174881906e-05,0.0003286633,0,0.0002971051435,0,5.64393813e-05,0.0001513304742,0,0,0,0.0002228639351,0.0005661974428,0,0,0.001462742337,0,0,0.001137893181,4.197366798e-05,0,0,0.0003385543532,0,0.0001660967246,0,0,0.000536729407,0,0,0,0,0,0,0,0.0007134043844,0.0001318444411
61,0,0,0,0,0,0,0,0,0.000141903176,0,7.151909813e-05,6.293168553e-05,0.01311076339,0.03351895884,0.002380952472,0,0,0,0,0,0,0,0,0,0,0,0,0,0.002380952472,0.001452142606,0,0,0,0,0,0,0,0,0,0,0,0,0,0.01474812999,0.009410844184,0.0008573845844,0.006190605462,0.002380952472,0,0.0001807520312,0.001762498636,4.52854365e-05,0,0,0,0,0,0,0,0.0001084967516,0,0,0,0,4.044450179e-06,0,0.0001647715544,0,3.033845496e-05,0,0,0,0.5969466567,0,5.699576832e-06,0.0001808008383,0,0.0003531495749,2.992388363e-05,0,0,0.0003612612491,5.863617844e-05,0.04967152327,0.1333991289,0.0009937171126,0.0004634699726,3.41617706e-05,0,0,0,0,0,0,0,0,0,0,0,0,0,0,0,0,0,0,0,0,0,0,0,0,0,0,0,0,0,0,0,0,0,0,0,0,0,0,0,0,0,0,0,0,0,0,0,0,0,0,0,0,0,0,0
62,0,0,1.36816916e-05,0,0,0,0,0,7.470028504e-05,0,3.56458404e-05,0,0.01192512922,0.02393345535,0.002380952472,0.0002463704732,0,0,0,0,0,0,0,0,0.0007758677239,0,0.0001641627605,0,0,0,0,0,0,0,0,0,0,0,0,0,0,0,0,0.02659793198,0.001426178031,0.0002690924739,0.004802856594,0.005196915939,0.005712012295,0.0005725654191,0.0006184629747,2.183662764e-05,0,0,0,3.416692152e-06,0,0,0,0.0002123726881,0,0,2.462808197e-07,0,8.768804946e-06,4.386750788e-06,0.0001021472854,0,4.641446139e-05,0,4.31932931e-05,0,0.6628529429,4.155309341e-07,3.289644837e-06,5.624775076e-05,0,0,0,0,0,5.324918675e-06,2.043108543e-05,0.06975034624,0.1142311841,0.0005292035057,0.0007075472968,0,0,0,0,0.00288567692,0.0002295052982,0.0003801591811,0,0,0,0,0,0,0,0,0,0,0,0,0,0,0,0,9.110161955e-06,0,0,0,0,0,0,0,0,0,0,0,0,0,0.0001388921082,0,0,0,0,0,0,0,0,0,0,0,0,0,0,0,0,0.0002162770834,0
63,4.981180155e-06,0,6.008260243e-05,0,0,0.0003390237689,0,2.065865556e-05,0.0002565328032,0,0.000221238166,8.355222235e-05,0.03749480471,0.03094020486,0.01375322416,0.0003065092315,0.0004650806077,0.0001999111118,0.001137837186,3.409403143e-05,0.0003623235098,0.0005459164386,0,0,0,0,0.0003342292621,0.00011612034,0.0006503636832,0.001161871944,3.930905223e-05,0.0001790769602,0,0,0,0.0001374247513,0,0,0,0,0,0,0,0.07369119674,0.001980405767,0.0003483731125,0.0010648506,0.002685352229,0.0001676629472,1.809824971e-05,4.150911263e-05,0.0001036505491,2.18974692e-05,0,8.444843843e-05,1.198335576e-05,7.547304449e-06,3.043713605e-06,3.933318294e-05,4.849468678e-05,0,2.462808197e-07,0,3.839491455e-06,0.0001781750325,6.789278996e-05,0.0007825567736,0.0003759716637,0.0004726503394,0.0002869812888,2.637979196e-05,0.002997707808,0.7094941139,0.0001425275696,9.283292457e-06,0.0006857821136,6.29758506e-05,7.0997492e-05,0.0001224300941,0.0001192807249,9.340911492e-05,5.694745141e-06,0.0008603457245,0.09808201343,0.1096226126,0.001223259023,0.002268652664,0.0004121936799,0.002276644344,4.446487947e-05,4.157275907e-05,4.723040183e-05,8.283607167e-05,3.997992826e-05,0,0,0,0,3.448037387e-05,6.234876491e-05,3.559003289e-06,7.485339211e-06,0,0,0,0,0,0,0,0,5.684880762e-06,0,3.201624168e-06,5.339311247e-05,0,8.932961646e-05,0,0,0,0,0,0,0,0,0,0,0,0,2.333913699e-06,8.432862523e-05,0,0,0,0,0,0,0,0,0,0,0,0,1.558387794e-06
64,0,0,0,0,0,0,0,7.408618694e-05,4.10683424e-05,0,6.259528891e-05,2.16578901e-05,0.01104503777,0.01904144324,0.00395843247,7.193732017e-05,0.0006862686132,0,0.001717432635,0.001106988289,0.001322074095,0.0003714165359,0,0,0,0,0.0007257878897,0.0005839283112,0.001052797772,0.0005184954498,0.0004269785422,0,0,0,0,0,0.0006666642148,0,0,0,0,0,0,0.06760364771,0.01455023233,0.001195886871,0.004170714878,0.005118421279,0.001085713156,0.0002265590592,0.0003408531775,3.866602128e-05,0,0,1.732623423e-05,0,0,1.411511107e-06,9.168867905e-07,0.0002557811677,0,0,3.839491455e-06,0,1.795700337e-05,9.591067283e-06,0.0001818041492,1.664296542e-05,0.0001786056091,0,4.042686669e-06,0.002404754283,0.7422599196,8.675659046e-06,1.564849117e-05,0.0002113942319,0.0003187513212,0,1.888251063e-05,3.46284537e-06,0,3.96642281e-06,0.0004080848594,0.08895477653,0.08932419121,0.0007953042514,0.00180663669,2.80423119e-05,0.0001221941784,0,0,4.676876415e-05,4.209521194e-06,0,0,0,0,1.166181664e-05,0,0,0,0,1.280767628e-05,0,0,0,0,0,0,0,0,0,2.140137894e-06,0,0,0,0,0,0,0,0,0,0,0,0,0,0,0,0,0,0,0,0,0,0,0,0,0,0,0,0,0,2.694465365e-06
65,0,4.92685358e-05,9.305916319e-05,0,0,0,0.002380952239,0.0004072590382,0.0001265570172,0,8.029764285e-05,2.143480378e-05,0.02866644599,0.09921099991,0.00628654426,0.0005605402985,0,0,0,0,0.0002581613371,0,0,0,0,0,0.0007243086002,0.002272277605,0.003796478501,0.0009857012192,0.0003689434961,0.0003466412309,0,0,0,0,0.002380952472,0,0,0,0,0,0,0.02553359233,0.01487445086,0.0006153326249,0.006320565473,0.0131164249,0.007906329818,0.001181334606,0.003504765453,0.0002554348321,0,1.275391469e-06,4.020195377e-07,1.377195986e-06,0,1.992920625e-05,0,0.0001692527003,4.044450179e-06,8.768804946e-06,0.0001781750325,1.795700337e-05,0,8.378567031e-07,0.0001623342832,1.680511923e-05,4.015464947e-05,0,0,0.003235585988,0.6043279767,2.841665992e-05,5.302356294e-05,2.014829624e-05,0,0,4.214685987e-07,0,0,0.0002460536198,9.509360098e-05,0.04591252282,0.180209592,0.0007855793228,0.0005711996928,1.374778776e-06,0,0,0,0,0.001506721834,0,0,0,0,0,0,0,0,0,0,0,0,0,0,0,0,0,0,0,0,0,0,2.392148645e-06,0,0,0,0,0,0,0,0,0,0,0,0,0,9.74434588e-05,0,0,0,0,0,0,0,0,0,0,0,0,9.003635205e-05
66,0,0,0,3.701154856e-05,0,0,0,0,1.560010242e-05,4.556492968e-06,4.275739684e-06,6.420408454e-07,0.003278887365,0.03550994024,0.001496853656,3.469803778e-05,7.976759662e-05,0,0.0002400814701,0.0001065258693,0.0004936187761,0,0,0,0,7.054994785e-05,0.001256294665,0.001105098519,0.003988620825,0.002225263743,0.001159710111,0,0,0,0,0,0,0.000436574046,0,0,0,0,0,0.01953441836,0.004185846541,0.0002801604569,0.001473893179,0.009424950927,0.002671333496,6.041958841e-05,0.001205120352,0.0004230749619,0,0,7.543355309e-07,5.616153089e-07,0,0,0,0.0001540055528,0,4.386750788e-06,6.789278996e-05,9.591067283e-06,8.378567031e-07,0,0.0004579590459,0.0001935702458,1.882879042e-05,0,0,0.001222025487,0.5947740674,1.899533891e-05,1.190590228e-05,0.0001299050055,0,0,1.121124114e-06,0,0,0,7.110129809e-05,0.05617440864,0.1633806229,0.001900688978,8.284836804e-05,0,0.0004109470756,0,0,0,0.000153933579,0,0,0,0,0,0.002380952239,0,0,0,0,0,0,0,0,4.761162472e-06,0,0,0,0,0,0,0,0,0,0,0,0,0,0,0,0,0.0002371192095,0,0,0,0,0.0001613494969,0,0,0,0.0003199750499,0,0,0,0,0,0,0,0,5.501837222e-05
67,0.0001347786601,0.002380952472,0.0004186715523,0.0006273293402,0.0009965387871,0.004197444301,0.002380952472,0,0.006801923271,0.000780637085,0.001256391406,0.001650059246,0.08695435524,0.119836919,0.01638909057,0.009310480207,0,0,0,0,0,0,0,0,0,0,0.003684873693,0.002380952472,0,0,0.0008401392261,0,0,0,0.002380952472,0.001650229562,0,0,0,0,0,0,0,0.06514333934,0.02128829062,0.0021082561,0.009992461652,0.01748505048,0.0111450525,0.002930901945,0.002755373716,8.685606736e-05,1.002342742e-05,6.758550444e-05,0.0001811550319,0.0002880475658,0.0002532562648,0.00024190775,8.578040251e-06,8.05279924e-05,0.0001647715544,0.0001021472854,0.0007825567736,0.0001818041492,0.0001623342832,0.0004579590459,0,3.116900552e-05,0.001373760519,0,0.0001171847762,0.009322728962,0.7275004983,4.5562374e-05,0.0001874594891,0.0006034852704,0.0001599138632,0.0002603643225,0.0002708832617,0.0001394900173,0.0001378063607,0.0002726321691,2.926981688e-05,0.04448579252,0.1072156057,0.0001897587208,0.003086328274,8.37798143e-05,0.001822462888,6.308555749e-05,3.874953836e-05,0.003331704531,0.0001653552463,0,0.0003705576528,0,0.000766700774,0,0.002380952472,0.0005982670118,0.001593770809,0.000328950875,0,0,0,0,0,8.120695566e-05,0,0,0.0006697452627,0,0.000617716636,0,0,0,0,0,0,0,0,0,0,0,0.0001925436227,0,0,0,0.001117864042,0,0,0,0,0.0007580536767,0,0,0,0,0,0,0,0.00044027064,1.594666719e-05
68,9.846629837e-06,0,0.0002228970261,0.0008246097714,0,0.002380952472,0,3.791681593e-05,0.000494772743,1.862851605e-05,0.0001570473105,7.469243428e-05,0.04652627558,0.09029541165,0.003060150892,0.001052569831,0,0,0.003131091362,0.003738868982,0.0006233012537,0,0,0,0,0,0.001750308205,0,0.001076387125,0.0006340795662,0,0.001193459961,0,0,0,0,0,0,0,0,0,0,0,0.06245613843,0.01906653866,0.00367092411,0.01175466739,0.01725094579,0.006437914446,0.004466615617,0.003690046957,2.098257391e-05,0,2.360155577e-06,6.302289421e-06,0.0003133954015,8.910801625e-06,1.24274527e-06,0,0.001037152135,0,0,0.0003759716637,1.664296542e-05,1.680511923e-05,0.0001935702458,3.116900552e-05,0,9.225935355e-05,0,2.241938273e-05,0.002948170062,0.7358593345,1.682373477e-05,0.0002988529741,0.0001341444586,5.492113632e-05,0,7.867748354e-05,0,0,0.0001167801747,0.0001921353687,0.06737493724,0.1008462384,0.000451531494,0.0002794441243,1.35269629e-05,0.0002887696028,0,3.076612848e-05,0.0008450535242,5.97376893e-05,0,0,0,0,0,0.004761904944,0,0,0,0,0,0,0,0,0,0,0,0,0,2.838349428e-05,0,0,0,0,0,0,0,0,0,0,0,0.002655067947,0,0,0,0.0001679261622,3.421442307e-05,0,0,0.0007809610688,0,0,0.000458140712,0,0,0,0,0,0.0002162640158,0
69,0.000182216565,0,0.0004005458613,0.001296147588,0.0005765895476,0.001615146291,0,0.001300412696,0.002703926526,8.509601321e-05,0.0003956793807,0.000474584027,0.06369806081,0.1921599656,0.01164547633,0.003663194831,0,0,0,0.003909829073,0.0009801087435,0,0,0,0,0,0.002330413321,0.0009341848199,0.006049443502,0.005648604129,0,0.003896081587,0,0,0,0.002311879303,0,0,0,0,0,0,0,0.0789456591,0.002941612154,0.002791853854,0.00105408323,0.001971934456,0.00236127316,0.001079325099,0.0008869245066,0.0006277572829,8.873410479e-06,1.69407906e-06,3.299415403e-05,0.0001634832588,2.656621291e-05,3.687296703e-05,2.742572724e-05,0.001278703217,3.033845496e-05,4.641446139e-05,0.0004726503394,0.0001786056091,4.015464947e-05,1.882879042e-05,0.001373760519,9.225935355e-05,0,4.249274571e-05,4.31775743e-06,0.002915903693,0.1922275573,0.0002541730646,0.0006839343696,0.0001920696086,9.919659351e-05,8.707156667e-05,0.0001716245752,0.0006169786793,7.995364285e-06,0.0004756802809,0.001670559053,0.1424681097,0.08896070719,0.005016785115,0.0001785052009,5.768158644e-06,0.0001962278184,7.872848983e-06,1.421941033e-05,0.001379782334,0.0003995372681,0.0007847752422,0,0.00178299984,0.0001688872871,0.0006077401922,0.0009135949076,0,0.0003421529545,0.0003809244663,0.0003949302481,0,0,0,0.0003307111911,0.0001433585421,4.700176214e-05,0,0.0005961410352,0.0007635392249,0.0004789847881,0.0004965567496,1.281941877e-05,6.837322871e-05,0.0002196587011,0.0002140419238,7.41981512e-06,0,0,5.844180123e-05,9.608938853e-05,0.0005772233708,0.001768943504,0.0005082021235,0.0003201123618,0,0.0003861774749,3.757163722e-05,0,0,0.0002208654041,0.0005100778653,0,0,0,8.076646191e-05,5.088915714e-06,0,0,8.289112884e-05,0.0002509123296
70,0,0,0,0,0,0,0,0,3.546964217e-05,0,1.537062599e-05,0,0.03672716767,0.01376036089,0,2.205312558e-05,0,0,0,0,0,0,0,0,0,0.0008676986326,0,0.001410306082,0.0007700829301,0.002258526161,0.001984238159,0,0,0,0,0,0,0,0,0,0,0,0,0.1185526997,0.002380952239,0.0002088577166,0.0013694925,0.003317262512,0,0,0,0,0,0,0,0,0,0,0,0,0,0,0.0002869812888,0,0,0,0,0,4.249274571e-05,0,0,0.005238939542,0.6716102958,0,0,0,0,0,0,0,0,8.555940099e-07,0.001635020715,0.07958654314,0.07392372936,0.0003167926043,0.0003364438307,0,0,0,0,0,0,0,0,0,0,0,0,0,0,0,0,0,0,0,0,0,0,0,0,0,0,0,0,0,0,0,0,0,0,0,0,0,0,0,0,0,0,0,0,0,0,0,0,0,0,0,0,0,0,0,0
71,0,0,0,0,0,0,0,0,1.206239176e-06,0,3.067146281e-06,9.439019664e-07,0.03934174031,0.04472451285,0,1.023103778e-05,0,0,0,0.0003718545195,0,0,0,0.0005408399156,0,0,0.001172525692,0.001040008035,0.004275233485,0.005296560936,0.001444755006,0.0004802489129,0,0,4.474080924e-05,0.0009655645699,0.0007298834971,0,0,0,0,0,0,0.1961988956,0.004658645485,0.0007701609866,0.007142857648,0.004971021321,8.496417286e-05,0.0009402291034,0,7.567698049e-05,0,0,0,0,1.558749136e-05,0,0,9.891610716e-06,0,4.31932931e-05,2.637979196e-05,4.042686669e-06,0,0,0.0001171847762,2.241938273e-05,4.31775743e-06,0,0,0.0009702297393,0.7239996791,6.506940554e-05,0,0,0,0,0,7.283307468e-07,0,2.123411832e-06,0.0001655415108,0.05211510137,0.163324818,0.0006230410654,5.643858094e-05,0,0,0,0,0,0,0,0,0,0,0,0,0,0,0,0,0,0,0,0,0,0,0,0,0,0,0,0,0,0,0,0,0,0,0,0,0,0,0,0,0,0,0,0,0,0,0,0,0,0,0,4.539540441e-06,0,0,0,0
72,0.0002496112138,0.00109907845,0.0009136411245,0.0007563792751,0.004628250375,0.001342402422,0.001177482889,0.001851486275,0.005104449578,0.0006343179848,0.0004530955921,0.002034365898,0.03142797202,0.07475362718,0.0005820007646,0.003624198725,0,0,0,0,0,0,0,0,0,0,0,0.002380952472,0,0.001708248048,0.005014045164,0,0,0,0.002380952472,0,0,0,0,0,0,0,0,0.08264043927,0.007847724482,0.01342622843,0.007104403805,0.009572644718,0.005859867204,0.005970193539,0.009900093079,0.01737356,0.002778563648,0.000355548138,0.004513268825,0.0005625162157,0,0.00328833214,0.001367898891,0.007057871204,0,0,0.002997707808,0.002404754283,0.003235585988,0.001222025487,0.009322728962,0.002948170062,0.002915903693,0.005238939542,0.0009702297393,0,0.3007746339,0.009841912426,0.008806277066,0.0007430229452,0.001069014892,0.001113274368,0.003958787769,0.0008248856757,0.0005277749733,0.003106073709,0.01008144021,0.2335607558,0.1882167011,0.0219880268,0.001165456255,0.001888601109,0.0005971039645,0.0003340170661,0,0.002133574802,0.0003747707524,0.001729485579,0.001062421943,0,0,0.001727318857,0,0,0.001501501189,0,0,0,0,0,0,0.003554089926,0.002987817395,0.002380952472,0.002846148331,0,0.001905076788,0,0,0,0,0.0005645914935,0,0,0.0005541085848,0.0009934639093,0.003191695781,0.0009833185468,0.0006268791622,0,0,0.0001086000411,0.0007392273401,0.001037503127,0.0002266458905,0,0,0.0004455953313,0.0004095637996,0.0003672579769,0.0007536083576,0.0004566675634,0.0004655648372,0,0,0.001631763065,0.002609696472
73,0.7689963579,0.4265374839,0.7815876007,0.6941625476,0.8489342928,0.7128500342,0.5422074795,0.7883161306,0.894921124,0.6764992476,0.7667853236,0.7717828751,0.8099204302,0.8967957497,0.7654075027,0.9030199647,0.3789651692,0.2268624306,0.3152326941,0.3400593698,0.3454859555,0.2540921867,0.1167706475,0.07229224592,0.1556029916,0.284034729,0.804248929,0.5785431266,0.6894167662,0.7499973178,0.7415777445,0.6649856567,0.4375641644,0.3454099298,0.6247726083,0.6701142192,0.224222064,0.05113982409,0.03809523955,0.1095238104,0.04761904851,0.03980793059,0.01190476213,0.7246088386,0.7298188806,0.4245274961,0.7133798003,0.7593096495,0.8629772067,0.681671679,0.7628856301,0.7765259743,0.725200057,0.654763937,0.5853632092,0.5714002848,0.5926146507,0.6660652757,0.6925630569,0.5797676444,0.5969466567,0.6628529429,0.7094941139,0.7422599196,0.6043279767,0.5947740674,0.7275004983,0.7358593345,0.1922275573,0.6716102958,0.7239996791,0.3007746339,0,0.6732422709,0.6178210974,0.5492919683,0.6203202009,0.5922587514,0.5866376758,0.8467959166,0.8285908699,0.8200397491,0.6195974946,0.7880420089,0.6800175309,0.8460671902,0.2903622985,0.6346521974,0.4624248445,0.6712756753,0.6016360521,0.9209653139,0.8885367513,0.7758141756,0.7531142235,0.7835623026,0.7340344787,0.7707067132,0.8362389803,0.5924624205,0.7594822645,0.7892587781,0.7054374814,0.3210873306,0.2725546062,0.2847025096,0.4361019135,0.6959246397,0.649092555,0.2236340195,0.738230288,0.1728731096,0.7536309958,0.7501619458,0.4005376995,0.5836538076,0.5152394176,0.6988520622,0.2453681529,0.3530509472,0.537073195,0.6189303398,0.5902098417,0.2907998562,0.7929496169,0.6415424943,0.5976729989,0.3675415814,0.7263638973,0.6827580333,0.7346884012,0.5118746161,0.2939733565,0.6862674952,0.3663151562,0.3743350208,0.3005945385,0.347327739,0.5808724165,0.5018899441,0.4963554144,0.7710641623,0.7412535548
74,1.959773726e-05,0,7.092290616e-05,0.001364300144,0,0,0.0008180861478,0.0007400563918,0.001059535309,9.054238762e-05,0.0003481852182,0.0003108270175,0.0520257242,0.1012079939,0.009583480656,0.001802250976,0.002380952472,0,0,0,0,0,0,0,0,0,0.0008738077013,0.002380952472,0,0,0.001214112621,0,0,0,0,0,0,0,0,0,0,0,0,0.04987210408,0.03116509318,0.001704047783,0.01284681074,0.0181358736,0.005746710114,0.004733460955,0.004841559567,0.0001161262189,0,0,5.167464224e-06,1.560597048e-05,0,2.486570156e-05,7.977082532e-07,0.000251790625,0,4.155309341e-07,0.0001425275696,8.675659046e-06,2.841665992e-05,1.899533891e-05,4.5562374e-05,1.682373477e-05,0.0002541730646,0,6.506940554e-05,0.009841912426,0.6732422709,0,2.873730955e-05,0.0001303362369,0,2.187504106e-05,3.02372282e-05,0.0001087161436,9.346199658e-05,0.0001853672438,2.159479845e-05,0.04930897802,0.149438113,0.0006332535413,0.001434703241,3.139711771e-05,0,4.376445577e-05,4.786295904e-05,0.0008846307173,0.0009828574257,0,0,0,0,0,0,0,0.0008939941181,0.0006571495323,0,0,0,0,0,0,0,0,0.0001102708702,0,0,8.167466149e-05,0,0,0,0.0002022343979,0,0,0,0,0,0,0,0,0,0,0.002218511421,0.0001250351925,0,0,0,0,0,0,0,0,0,0.0001785000204,0,0,0
75,7.789370284e-05,0,4.502467345e-05,0.001608627499,1.369879556e-05,0,0,0.0007110997685,0.0006256396882,0.0001542039681,0.0003714136838,0.0002601602464,0.02795276232,0.05890123919,0.02319163643,0.0008664792986,0,0,0,0.0006034467951,0.001347614569,0.002380952472,0,0,0,0,0.0002906395821,0,0.0007331868983,0.002017691499,0.0007106781704,0.002380952472,0,0,0.0002691104019,0,0,0,0,0,0,0,0,0.02520778216,0.0103056943,0.0003995700972,0.007863665931,0.01119903754,0.005651638377,0.0007053088048,0.0009603899671,0.0002865159186,7.857180026e-05,1.95442226e-05,3.203863525e-05,8.625203009e-06,6.162882073e-06,4.836796847e-07,5.12093402e-06,4.05004721e-05,5.699576832e-06,3.289644837e-06,9.283292457e-06,1.564849117e-05,5.302356294e-05,1.190590228e-05,0.0001874594891,0.0002988529741,0.0006839343696,0,0,0.008806277066,0.6178210974,2.873730955e-05,0,0.0007992387982,6.320594548e-05,0.0001081453956,2.700718869e-05,0,4.353199256e-05,7.835066936e-05,3.137559179e-05,0.05325741321,0.1356296837,0.001447225572,0.004353479482,0.0002056576777,0.004798132461,2.353996388e-05,2.457873052e-05,0.001305827638,0.0004353233089,0,0,0,0,0,0,0,0,9.295530617e-05,9.48472516e-05,0,0,0,0,0,0,0,1.847530984e-05,0,0.0002612476237,0.0001845791703,0,0,0,0,0,0,0,0,0,0,0.0004570076417,2.686977132e-05,3.065539204e-05,0,5.188879004e-05,1.594230889e-05,0,0,0,0,0,0,0,0,0,0,0,0,3.705619747e-05
76,0,0,1.946896191e-05,9.186576062e-05,0,0.004761904944,0,0,0.0001123206457,2.080644208e-07,1.382037954e-05,1.774877455e-05,0.02770118229,0.04992059991,8.415082448e-06,0.000335471268,0,0,0.001115548657,0,0,0,0,0,0,0,0.002363758627,0,0.006329035386,0.002867612755,0.0005042662378,0,0,0,0,0,0,0,0,0,0,0,0,0.04978237301,0.00460617058,0.003132754471,0.002069431124,0.005984386429,0.00188122585,0.00177125854,0.0008282520575,0.002003770787,0,0.0001155171922,0.0006704847328,0.000322770793,0,0.0008463968989,2.694452451e-05,0.001826871652,0.0001808008383,5.624775076e-05,0.0006857821136,0.0002113942319,2.014829624e-05,0.0001299050055,0.0006034852704,0.0001341444586,0.0001920696086,0,0,0.0007430229452,0.5492919683,0.0001303362369,0.0007992387982,0,3.56089771e-07,0,1.496156437e-05,0.0002884069982,0,0.001132546808,0.001382665476,0.1039085165,0.229595691,0.003998188768,5.826448614e-06,2.048924671e-06,4.056242688e-06,5.574314628e-07,2.976554924e-06,0.0007767626666,2.787695666e-05,0,0,0,0,0,0,0,0.001138778403,0,0,0,0,0,0,0.0007083039382,0,0,0,0,0.000821708818,0,0,0,0,0.0001497819612,0,0,0,0,0,0,0.0001256263495,0,0,0,0,0,0,0,0,0,0,0,0,0,0,0,0,0,0
77,0,0,0,0,0,0,0,0.0002462991106,0.0001427587995,1.971997563e-06,1.668585719e-05,3.305987411e-05,0.04547941685,0.07587338984,0.0004114439944,0.0006308135344,0,0,0,0,0,0.001493984717,0,0,0,0,0.0008127651527,0.003394311527,0.005193847232,0.001184790279,0.001934502623,0.002380952472,0,0,0,0,0,0,0,0,0,0,0,0.03597473353,0.01349815261,0.001020882046,0.01195256226,0.008803494275,0.006486842409,0.001131973579,0.000511581602,0.000471036823,0,0,3.53050018e-05,0,0,0,0,0.0002713596914,0,0,6.29758506e-05,0.0003187513212,0,0,0.0001599138632,5.492113632e-05,9.919659351e-05,0,0,0.001069014892,0.6203202009,0,6.320594548e-05,3.56089771e-07,0,0,0,0,0,5.192416575e-05,6.321607361e-05,0.04798373953,0.1822935194,0.001106244279,0.0002053007338,0,9.847887668e-06,0,0,0.0004389116948,0,0,0,0,0,0,0,0,0,0,0,0,0,0,0,0,0,0,0,0,0,0,0,0,0,0,0,0,0,0,0,0,0,0,0,0,0,0,0,0,0,0,0,0,0,0,0,0,0,0,0
78,0,0,0,0,0,0,0,0,3.214253957e-05,0,1.729953328e-05,2.436881914e-05,0.03341637179,0.04719941318,0,0.0001050678402,0.0008587323828,0,0,0.000482199539,0,0,0,0,0,0,0.001117911306,0,0.005166300107,0.008384738117,0.003044796642,0,0,0,0,0.0009395784,0.002380952472,0,0,0,0,0,0,0.03415481746,0.007886570878,0.0002597207786,0.002380952472,0.001757876948,0.003378686495,0.0003660882649,0,0.0002789065184,0,0,0,0,0,0,0,8.009828889e-05,0.0003531495749,0,7.0997492e-05,0,0,0,0.0002603643225,0,8.707156667e-05,0,0,0.001113274368,0.5922587514,2.187504106e-05,0.0001081453956,0,0,0,0,0,0,0,0.0003724843846,0.04778575152,0.2042148858,0.0004479082709,1.069356131e-05,0,0,0,0,0,0,0,0,0,0,0,0,0,0,0,0,0,0,0,0,0,0,0,0,0,0,0,0,0,0,0,0,0,0,0,0,0.0004426433297,0.0004127810535,0,0,0,0,0,0,0,0,0,0,0,0,0,0,0,0,0,0
79,0,0,0,0.0001368244702,0,0.004761904944,0.001385390642,0.000317146827,0.0001686015603,5.040506039e-06,0.0001279932912,9.130594844e-05,0.03801602125,0.1095547676,0.0005184821784,0.0005458376254,0,0,0,0.0001992289617,0.001946106669,0,0,0,0,0,0.001384054078,0.0009026366752,0.002164684935,0.004307500552,0.001347316778,0,0,0,0.0005282802158,0,0,0,0,0,0,0,0,0.01703704149,0.01489908155,0.0004799521121,0.01041105855,0.009249519557,0.01662454382,0.003069958417,0.004960787017,0.0007632871857,0,0,3.772151786e-06,0,2.886798256e-06,1.559089105e-05,0,0.0001157103761,2.992388363e-05,0,0.0001224300941,1.888251063e-05,4.214685987e-07,1.121124114e-06,0.0002708832617,7.867748354e-05,0.0001716245752,0,0,0.003958787769,0.5866376758,3.02372282e-05,2.700718869e-05,1.496156437e-05,0,0,0,0,0,0.0009181503556,0.0002705625084,0.0459754467,0.1911506057,0.001951122656,0.001750802738,0,0.0001030800559,0,0,0.003513731761,0.002380952472,0,0,0,0,0,0,0,0,0,0,0,0,0,0,0,0,0,0,0,0,0,0,0,0,0,0,0,0,0,0,0,0.002320388099,0,0,0,0,0,0,0,0,0,0,0,0,0,0,0,0,0,0
80,0,0,0,0.0001097748827,3.649196151e-05,0,0,0,0.0001784370543,0,0.0001596330403,3.08809249e-05,0.1247126833,0.06329455227,0,9.188290278e-05,0,0,0,0.0001877558243,0,0.002380952472,0,0,0,0,0.001963913441,0,0,0.001263895421,0.0002585142502,0,0.002380952472,0,0,0,0,0,0,0,0,0,0,0.1985203475,0.002839562716,0.001820332254,0.006695707794,0.005090526771,6.564673822e-05,0.0008219057345,0.0006559481262,5.488433453e-05,0,0,4.041369903e-05,0,0,0,0,0.0005542344879,0,0,0.0001192807249,3.46284537e-06,0,0,0.0001394900173,0,0.0006169786793,0,7.283307468e-07,0.0008248856757,0.8467959166,0.0001087161436,0,0.0002884069982,0,0,0,0,0,5.00856595e-06,0.001623265329,0.09870880097,0.1122963503,0.001657577464,0.0005573175149,0,0,0,0,1.151203719e-06,0,0,0,0,0,0,0,0,0,0,0,0,0,0,0,7.399924016e-07,0,0,0,0,0,0,0,0,0,0,0,0,0,0,0,0,0,0,0,0,0,0,0,0,0,0,0,0,0,0,0,0,0,0,1.802755469e-05
81,0,0,0,0,0,0,0,0,1.499366408e-05,0,4.101790182e-06,3.499836112e-06,0.1746549904,0.1127817705,0,1.498916026e-05,0,0,0,0,0,0,0,0,0,0,0.001675469219,0,0.001611175481,0.009556546807,0.001798141049,0,0,0,0,0,0,0,0,0,0,0,0,0.2111164778,0.006603079848,0.002812996972,0.004761904944,0.001484109904,4.82477808e-05,0.001725153532,0.0002840310626,0,0,0,0,0,0,0,0,0.0002205861238,0,0,9.340911492e-05,0,0,0,0.0001378063607,0,7.995364285e-06,0,0,0.0005277749733,0.8285908699,9.346199658e-05,4.353199256e-05,0,0,0,0,0,0,4.312707006e-06,0.0001343148615,0.0639687553,0.1637274325,0.001130868215,0,0,0,0,0,0,0,0,0,0,0,0,0,0,0,0,0,0,0,0,0,0,0,0,0,0,0,0,0,0,0,0,0,0,0,0,0,0,0,0,0,0,0,0,0,0,0,0,0,0,0,0,0,0,0,0,0
82,3.711625823e-06,0,0,0,0,0,0,8.001063179e-06,0.0002244863717,0.0001690885256,0.0002153661771,0.0001467225375,0.1133985817,0.06052602082,0.0008611391531,0.0002995207324,0,0,0,0.0007565168198,0,0.001756599173,0,0,0,0,0.00120111939,0.0003977431916,0.003403476439,0.002343233442,0.0001564619015,0,0,0,0,0,0,0,0,0,0,0,0,0.1900992841,0.001969648292,0.0008907376905,0.001173725119,0.001238255063,2.92756431e-05,7.196076331e-05,1.700049324e-05,0.0001086595366,9.105130448e-05,0.0001062667943,0,0,0,0.0001198225291,3.098247817e-06,0.0001876276365,0.0003612612491,5.324918675e-06,5.694745141e-06,3.96642281e-06,0.0002460536198,0,0.0002726321691,0.0001167801747,0.0004756802809,8.555940099e-07,2.123411832e-06,0.003106073709,0.8200397491,0.0001853672438,7.835066936e-05,0.001132546808,5.192416575e-05,0,0.0009181503556,5.00856595e-06,4.312707006e-06,0,0.00294709811,0.1051807776,0.1183491945,0.001644215779,0.002983420622,0.0001013067085,0.0001325655321,0,6.695213233e-05,4.212835393e-06,4.323749465e-07,0,0,0,4.298139902e-05,0,0,0,0,2.262971975e-05,0,0,0,0,0,0,0,0,3.624713145e-06,0,8.041833098e-06,4.20721608e-06,0,0,0,0,0,0,0,1.344221982e-05,0,0,8.580266149e-05,0,0,0,0,9.474605577e-06,0,0,0,1.878652483e-06,0,0,0,0,0,0,0,0,0
83,0.0007174367784,0,0.005543761421,0.002380952472,0.0001988263539,0.00877512712,0,0.003626944963,0.004749458283,0.0008152144728,0.001695152372,0.001476500649,0.06348388642,0.1207701266,0.006707951892,0.007680241484,0,0,0,0,0.002380952472,0,0,0,0,0,0.000531012367,0,0,0.001324717654,0,0,0,0,0,0,0,0,0,0,0,0,0,0.02725127712,0.0234497413,0.0007253204822,0.01503548864,0.01684737392,0.02149036899,0.005311221816,0.005119716283,0.0005865726271,0.0004804786586,8.128491754e-05,0.0001441348722,0.0001254492381,9.966287325e-05,0.0001356266293,7.59471659e-05,3.458338688e-05,5.863617844e-05,2.043108543e-05,0.0008603457245,0.0004080848594,9.509360098e-05,7.110129809e-05,2.926981688e-05,0.0001921353687,0.001670559053,0.001635020715,0.0001655415108,0.01008144021,0.6195974946,2.159479845e-05,3.137559179e-05,0.001382665476,6.321607361e-05,0.0003724843846,0.0002705625084,0.001623265329,0.0001343148615,0.00294709811,0,0.03522675112,0.1892658621,0.0005283402861,0.004926746245,0.0004241725255,0.00652118912,0.0001310319931,5.322934885e-05,0.002487931633,0.003514364827,0,0,0,0,0,0.00142810645,0,0.0007839052123,0.001666878583,5.432484613e-05,0,0,0,0,0.0001491371368,0.0004312904493,0,0.000130838278,0.0002337903425,0.0002968873305,5.427694487e-05,0,0,0,0,0,0.001520722639,0,0,0,0,0.003020559205,0.00133720669,0,0,0.002606244059,0.0003681037924,0.0004431337875,0,0,0,0,0,0,0,0,0,0,0.001085477299,0.0002093293733
84,0.1013787836,0.06073661149,0.1257017255,0.1162866578,0.1371102482,0.1508817524,0.1016955748,0.1341888607,0.2118448615,0.08143432438,0.1404186636,0.10174869,0.3189915717,0.3933216929,0.2412707061,0.2190301567,0.05231297389,0.03284693882,0.04354907945,0.05236087739,0.04627086595,0.018675901,0.008879617788,0.004761904944,0.01531548332,0.03499113768,0.1833280772,0.09126256406,0.1070532501,0.1438693851,0.1214379966,0.09746474028,0.06667647511,0.04364048317,0.0944166109,0.09716613591,0.02642817795,0.002380952472,0.002380952472,0.01050496753,0.002380952239,0.002380952472,0.002380952472,0.2103702873,0.1837790012,0.04666863754,0.1342522055,0.1631176174,0.1808161438,0.1157968864,0.1219530702,0.09091053903,0.07520160079,0.05237895995,0.04154112563,0.04705489799,0.0560833402,0.07259993255,0.07980043441,0.02579296008,0.04967152327,0.06975034624,0.09808201343,0.08895477653,0.04591252282,0.05617440864,0.04448579252,0.06737493724,0.1424681097,0.07958654314,0.05211510137,0.2335607558,0.7880420089,0.04930897802,0.05325741321,0.1039085165,0.04798373953,0.04778575152,0.0459754467,0.09870880097,0.0639687553,0.1051807776,0.03522675112,0,0.3837065101,0.07130086422,0.1907699257,0.06085260212,0.1708425879,0.05709083378,0.05133441463,0.123641327,0.117083557,0.1150991097,0.1079184338,0.1231329888,0.1155813783,0.1184084862,0.1415531486,0.08255396783,0.1271846741,0.1296561658,0.116640158,0.05283461884,0.04175291583,0.04500552267,0.06711032987,0.07553878427,0.1000089496,0.03353742138,0.1157421768,0.04081319645,0.1025143489,0.08799054474,0.03326999769,0.05610790476,0.07073532045,0.1059872955,0.02529986389,0.04864593595,0.05518556014,0.07688546181,0.0488094762,0.05678892508,0.1240538806,0.1003044099,0.09324089438,0.03886009008,0.1177976653,0.1006960869,0.1214277893,0.09108920395,0.06150752306,0.1090939716,0.06003552675,0.05421333015,0.08018542826,0.07363911718,0.05624454468,0.03662495688,0.05457603559,0.1024557352,0.1084116623
85,0.1395296305,0.09446180612,0.1791013926,0.1827280372,0.151262328,0.1768100858,0.1432991475,0.2129690945,0.3587560058,0.25760445,0.2482012361,0.2536452711,0.4904757738,0.5847015381,0.3821467459,0.3525390327,0.0812786743,0.05152700841,0.03709857911,0.09146001935,0.07262206823,0.04473300651,0.02810689434,0.01083233301,0.02419857681,0.0515621379,0.304484725,0.166203931,0.2232676595,0.2445691526,0.2345308512,0.1510704905,0.09746403247,0.07766854018,0.1419421732,0.1874106824,0.03998762742,0.007142857648,0.002380952472,0.02481683902,0.009523809887,0,0.002380952239,0.4408891499,0.2678844333,0.2352531552,0.1684180051,0.2218246311,0.2408493608,0.1430964917,0.1308527291,0.02260566689,0.07216820866,0.1144323424,0.1857410818,0.191753298,0.1566655189,0.09954240918,0.113940604,0.1525086761,0.1333991289,0.1142311841,0.1096226126,0.08932419121,0.180209592,0.1633806229,0.1072156057,0.1008462384,0.08896070719,0.07392372936,0.163324818,0.1882167011,0.6800175309,0.149438113,0.1356296837,0.229595691,0.1822935194,0.2042148858,0.1911506057,0.1122963503,0.1637274325,0.1183491945,0.1892658621,0.3837065101,0,0.05696811154,0.1794214547,0.1872439682,0.213863641,0.1672766805,0.1841347665,0.1503413022,0.1445903629,0.1532183886,0.1487331241,0.1459938437,0.1527356952,0.1554388553,0.1777904183,0.1062274799,0.1641821265,0.1682940573,0.1112179011,0.05491488799,0.04464720562,0.04955197498,0.07926015556,0.0946232602,0.1400384754,0.03944852203,0.1397825181,0.03202046454,0.1244515404,0.09084671736,0.0569868125,0.1173016578,0.07279800624,0.1412431747,0.03993802518,0.06655033678,0.08487723768,0.08396221697,0.1470497251,0.1272779405,0.1666277051,0.1276890039,0.1135800555,0.06614697725,0.1448997706,0.1130921021,0.1375190169,0.08872981369,0.07385931164,0.112094067,0.06921011209,0.06890147179,0.1050344408,0.08943489939,0.1687119752,0.08119928837,0.08945909888,0.1524281353,0.135189116
86,0.001362979761,0.0005981746945,0.002477149013,0.003850608133,0.001324321609,0.004327326082,0,0.003481911262,0.01495636441,0.003839747747,0.005021889228,0.003714128397,0.1015302092,0.1387078911,0.01660717465,0.01674552076,0.002380952472,0,0,0,0,0,0,0,0.001419413835,0.0008853941108,0.005728861317,0,0.003639022587,0.0006776066148,0.007142857648,0.005478332285,0,0,0,0.002380952472,0,0,0,0,0,0,0,0.0829467997,0.01358716097,0.006889749784,0.004491712898,0.008869825862,0.007260079496,0.002428652951,0.002155227587,0.0002135406976,0.0004600490211,0.0007554730983,0.001085258438,0.001085691154,0.0008017360815,0.0008088189061,0.0006705987034,0.00138316222,0.0009937171126,0.0005292035057,0.001223259023,0.0007953042514,0.0007855793228,0.001900688978,0.0001897587208,0.000451531494,0.005016785115,0.0003167926043,0.0006230410654,0.0219880268,0.8460671902,0.0006332535413,0.001447225572,0.003998188768,0.001106244279,0.0004479082709,0.001951122656,0.001657577464,0.001130868215,0.001644215779,0.0005283402861,0.07130086422,0.05696811154,0,0.01076605916,0.0009326729923,0.008614764549,0.001196684665,0.001875934773,0.00202604942,0.001267784042,0,0.0005633852561,0.002519390779,0.005356265232,0.002931266325,0.001056115725,0.001177192666,0.001480176812,0.002515154425,0.002380955266,0.0002577227424,0.003722844878,0,0.0003420182911,0.001324039302,0.0007599604432,0.002798672998,0.001261228812,0,0.001067680423,0.0007694964297,0.0009908218635,0.002009032061,0.001005495549,0.001462368411,0,0,0.0002704986255,0.0004631761403,0.00136202469,0,0.001243260922,0.003006733255,0.001239351463,0.001440157299,0.004505232908,0.001022998942,0.0003714442428,1.743635403e-05,0.001037524547,0.001578776981,0,0,0,0,0.0001353612024,0.002380952472,0,0.001446175971,0.001010725391
87,0.0003177578328,0,0.0002554816892,0.001855614595,0.001226632739,0.002380952472,0.0001200875704,0.005985206459,0.001954533625,1.100988629e-05,0.0001100212176,0.0005918265088,0.03217034787,0.1414676607,9.261446394e-05,0.003910373431,0,0,0,0,0,0,0,0,0,0,0.003080731258,0,0.002380952472,0.004795453977,0.002974133706,0,0,0,0,0,0,0,0,0,0,0,0,0.06411530823,0.006451540161,0.007853929885,0.004995633848,0.004503792617,0.009102883749,0.007935282774,0.004354796838,0.005053193774,0.0002042096021,0,0.002313370351,0.00126748078,0.0006503136829,0.000316526508,0,0.00582803227,0.0004634699726,0.0007075472968,0.002268652664,0.00180663669,0.0005711996928,8.284836804e-05,0.003086328274,0.0002794441243,0.0001785052009,0.0003364438307,5.643858094e-05,0.001165456255,0.2903622985,0.001434703241,0.004353479482,5.826448614e-06,0.0002053007338,1.069356131e-05,0.001750802738,0.0005573175149,0,0.002983420622,0.004926746245,0.1907699257,0.1794214547,0.01076605916,0,3.90508103e-06,3.026069317e-05,1.262819387e-05,0.0003058898437,0.003809467191,0.002130817855,0,0,0,0,0,0.001524585066,0.002380952472,0.0001564238337,0.001005969592,0,0,0,0,0,0,0,0,0.0004332877288,0,0.004902485758,0,0,0,0.0005912629422,0,0,0,0,0,0,0,0.0001357760048,0,0.0007094808971,0,0.004543753807,0.0005362890079,0,0.002380952239,0,0,0,0,0,0,0,0,0,0,0.002811154118
88,0,0,0,0,0,0,0,0.000120945384,9.221493383e-05,0,1.16116862e-05,1.505495948e-05,0.02845052443,0.07179681212,0.002894169884,0.0003511646355,0,0,0,0.0007166799041,0,0,0,0,0,0,0.0008991622599,0,0.001389737939,0.002314995043,0,0,0,0,0.001271423767,0,0,0,0,0,0,0,0,0.05246086791,0.01142611448,0.001627973397,0.004751408473,0.005600670818,0.001506380737,0.001509299036,0.0007574806805,0.000164469835,0,0,2.055559889e-05,0,4.604132846e-05,0,0,0.0006110752001,3.41617706e-05,0,0.0004121936799,2.80423119e-05,1.374778776e-06,0,8.37798143e-05,1.35269629e-05,5.768158644e-06,0,0,0.001888601109,0.6346521974,3.139711771e-05,0.0002056576777,2.048924671e-06,0,0,0,0,0,0.0001013067085,0.0004241725255,0.06085260212,0.1872439682,0.0009326729923,3.90508103e-06,0,1.060700106e-05,0,0,0.00167735538,9.810899792e-05,0,0,0,0,0,0,0,0,0,0,0,0,0,0,0,0,0,0,0,0,0,0,0,0,0,0,0,0,0,0,0,0,0,0,0,0,0.001033763867,0,0,0,0,0,0,0,0,0,0,0,0,0.000645266904
89,0,0,0,0,0,0,0,0,0.000162571916,0,8.423021427e-06,0,0.1499888003,0.04911717027,0,0.0003252995375,0,0,0,0,0,0,0,0,0,0,0.001075209235,0.001296550501,0.001864554011,0,0,0,0,0,0,0,0,0,0,0,0,0,0,0.1970150471,0.001917728805,0.006676197983,0.002837903798,0.003105704905,0.0001166272414,0.0003966393124,0.00161531067,0.002098831115,0,0,0.002380952472,0,0,0,0,0.001784119522,0,0,0.002276644344,0.0001221941784,0,0.0004109470756,0.001822462888,0.0002887696028,0.0001962278184,0,0,0.0005971039645,0.4624248445,0,0.004798132461,4.056242688e-06,9.847887668e-06,0,0.0001030800559,0,0,0.0001325655321,0.00652118912,0.1708425879,0.213863641,0.008614764549,3.026069317e-05,1.060700106e-05,0,0,0,0,0,0,0,0,0,0,0,0,0,0,0,0,0,0,0.002380952472,0,0,0,0,0,0,0,0,0,0,0,0,0,0,0,0,0,0,0,0,5.361453077e-06,0,0,0,0,0,0,0,0,0,0,0,0,0,0,0
90,0,0,0,4.487448678e-06,0,0.001259337296,0,4.218101458e-05,6.300651876e-06,5.906441061e-07,3.982449471e-06,8.012630701e-07,0.04983243346,0.04990081117,0,1.428780615e-05,9.957750444e-05,0.0004925754038,0,0.0009238667553,0.0005475228536,0.0001808514498,0,0,0,0.0003152072604,0.001494989148,0.002263260074,0.00980654452,0.004867932759,0.001294379006,0,0,0,0.000455595291,0.0001000890043,0,0,0,0,0,0,0,0.1716328263,0.008291702718,0.001202047104,0.0005213228287,0.004688311834,5.875617353e-05,0.0004902248038,0.00032231363,0.0001164133937,0,0,0,0,0,0,0,0.0003000918368,0,0,4.446487947e-05,0,0,0,6.308555749e-05,0,7.872848983e-06,0,0,0.0003340170661,0.6712756753,4.376445577e-05,2.353996388e-05,5.574314628e-07,0,0,0,0,0,0,0.0001310319931,0.05709083378,0.1672766805,0.001196684665,1.262819387e-05,0,0,0,0,2.064053206e-06,0,0,0,0,0,0,0,0,0,0,0,0,0,0,0,0,0,0,0,0,0,0,0,0,0,0,0,0,0,0,0,0,0,0,0,0,0,0,0,0,0,0,0,0,0,0,0,0,0,0,0
91,0,0,0,0,0,0,0.001135243336,0,1.650443664e-05,0,7.769709555e-06,0,0.01087669097,0.04307578132,0.004797161557,8.008352597e-05,0.0001869467669,0,0.0001740178122,0,0.000693629263,0,0.003638554132,0,0,0,0.001521000522,0.001493068878,0.00463334145,0.002461061347,0.001485675806,0,0.0008889497258,0,0,0,0,0,0,0,0,0,0,0.03300439566,0.01274476293,0.0002567346673,0.002151589142,0.00660468312,0.005171300378,0.0003554039868,0,0.0001399719768,0,3.369727892e-06,0,1.278679156e-05,0,0,9.981988114e-06,0.0001055794419,0,0,4.157275907e-05,0,0,0,3.874953836e-05,3.076612848e-05,1.421941033e-05,0,0,0,0.6016360521,4.786295904e-05,2.457873052e-05,2.976554924e-06,0,0,0,0,0,6.695213233e-05,5.322934885e-05,0.05133441463,0.1841347665,0.001875934773,0.0003058898437,0,0,0,0,0.0008182670572,0,0,0,0,0,0,0,0,0,0,0,0,0,0,0.0001356336434,0,0,0,0,0,0,0,0,0,0,0,0,0,0,0,0,0,0,0,0,0,0,0,0,0,0,0,0,0,0,0,0,0,0,0,0
92,0,0,0.0001358244335,0.0002926008601,1.755828816e-05,0.002607458737,0,0.0003142978821,0.00118227012,0,0.0002710063709,0.000277860905,0.1987983584,0.2457105964,0.001743171364,0.0009379352559,0,0,0,0,0,0,0,0,0,0,0.0005678495509,0,0,0.0005910838954,0.000456783775,0,0,0,0,0,0,0,0,0,0,0,0,0.1923376471,0.001392037608,0.004090824164,0.0004358646693,0.0001491086005,2.736422539e-05,0.000260094268,2.694140676e-05,0.0003658510395,0.002380952472,0.002380952472,0.001398692257,0.002380952472,0,0,0,0.004203257151,0,0.00288567692,4.723040183e-05,4.676876415e-05,0,0,0.003331704531,0.0008450535242,0.001379782334,0,0,0.002133574802,0.9209653139,0.0008846307173,0.001305827638,0.0007767626666,0.0004389116948,0,0.003513731761,1.151203719e-06,0,4.212835393e-06,0.002487931633,0.123641327,0.1503413022,0.00202604942,0.003809467191,0.00167735538,0,2.064053206e-06,0.0008182670572,0,1.146495947e-06,0,0,0.0001258327247,0,0,0,3.544585707e-05,5.770848475e-06,3.146519475e-06,0,0,0,0,0,0,0.0001583178237,0,0,0,0,0,0,0,0,0.0001675589738,0,0,0,0,0,0,0,0.0001431906276,0.0008170411456,0,8.241360774e-06,0,0,0,0,0,0,0,0,0,0,0,0,0,0
93,0,0,0,0,0.0001490169088,0,0,0,0.0002505355806,0,0.0002450408065,8.142523438e-05,0.1727555245,0.1351961046,0.0005299108452,0.0003361754643,0,0,0,0.002380952472,0,0,0,0,0,0,0.000335587858,0,0.003656594083,0.0005146858166,0.002285115654,0,0,0,0,0,0,0,0,0,0,0,0,0.2059260309,0.005242290441,0.003939411137,0.00231906469,0.00110241014,5.142038208e-05,0.0006449180073,0.0003232834861,7.535138138e-05,0,0,0,0,0,0,0,0.0004580544773,0,0.0002295052982,8.283607167e-05,4.209521194e-06,0.001506721834,0.000153933579,0.0001653552463,5.97376893e-05,0.0003995372681,0,0,0.0003747707524,0.8885367513,0.0009828574257,0.0004353233089,2.787695666e-05,0,0,0.002380952472,0,0,4.323749465e-07,0.003514364827,0.117083557,0.1445903629,0.001267784042,0.002130817855,9.810899792e-05,0,0,0,1.146495947e-06,0,0,0,0,0,0,0,0,0,0,0,0,0,0,0,0,0,0,2.018927262e-06,0,0,7.219457984e-06,0,0,0,0,0,0,0,0,0,0,0,0,3.136911255e-05,0,0,0,0,0,0,0,0,0,0,0,0,0,0,0,0
94,0,0,0,0.000189336366,0,0,0,0,0.0001899882918,0,0,0.0005547496839,0.03110289946,0.05169007555,0,0.0002798725618,0.0004200743861,0.0004287753254,0.0007166539435,0.0007744281902,0.001732758479,0.0001225332817,0,0,0,0.0001879351039,0.03037302196,0.01525698882,0.03694704175,0.03723203763,0.01813589036,0.006091831718,0.002791150007,0.0007919084164,0.01263097487,0.001003289712,0.002007271862,0.002380952472,0.006226188038,0.004761904944,0.002380952472,0,0,0.2118905634,0,0.001436984632,4.226314195e-05,0,0,0,0,0,0,0,0,0,0.0007540457882,0,0.0001734235993,0.0003645758552,0,0.0003801591811,3.997992826e-05,0,0,0,0,0,0.0007847752422,0,0,0.001729485579,0.7758141756,0,0,0,0,0,0,0,0,0,0,0.1150991097,0.1532183886,0,0,0,0,0,0,0,0,0,0,0,0,0,8.123367934e-07,0,0,0,0,0,0,0,0,0,0,0,0,0,0,0,0,0,0,0,0,0,0,0,0,0,0,0,0,0,0,0,0,0,0,0,0,0,0,0,0,0,0,0,0
95,0,0,1.773456233e-06,0,0,0,0,0,0.0005011486937,0,4.49460822e-05,0,0.03019360453,0.02227276564,0,0,0,0,0,0.0003930209205,0,0,0,0,0,0,0.002236152999,0.004011329263,0,0.0105597591,0.005985895637,0,0,0.002380952472,0.002380952472,0,0.001353350468,0,0,0,0,0,0,0.1876681745,0,0.0001139940287,0,0,0,0,0,0.002380952472,0,0,0,0,0,0,0,0,0,0,0,0,0,0,0.0003705576528,0,0,0,0,0.001062421943,0.7531142235,0,0,0,0,0,0,0,0,0,0,0.1079184338,0.1487331241,0.0005633852561,0,0,0,0,0,0,0,0,0,0,0,0,0,0,0,0,0,0,0,0,0,0,0,0,0,0,0,0,0,0,0,0,0,0,0,0,0,0,0,0,0,0,0,0,0,0,0,0,0,0,0,0,0,0,0,0,0
96,0,0,0,0,0,0,0,0,0,0,0.0003484501212,0,0.03708641604,0.01778862067,0,0,0,0,0,0,0,0,0,0,0,0,0.002380952239,0,0.002380952472,0.002380952239,0.002380952239,0,0,0,0,0,0,0,0,0,0,0,0,0.2187848091,9.645708633e-05,9.224752284e-05,0,0,0,0.0007767144125,0,0.000488360587,0,0,0,0,0,0,0,0,0,0,0,0,0,0,0,0,0.00178299984,0,0,0,0.7835623026,0,0,0,0,0,0,0,0,0,0,0.1231329888,0.1459938437,0.002519390779,0,0,0,0,0,0.0001258327247,0,0,0,0,0,0,0,0,0,0,0,0,0,0,0,0,0,0,0,0,0,0,0,0,0,0,0,0,0,0,0,0,0,0,0,0,0,0,0,0,0,0,0,0,0,0,0,0,0,0,0
97,0,0,0,0,0,0,0,0,6.45961336e-05,0,0.000363007508,0.0004602088593,0.02870239504,0.02302585915,0,0.0001039852577,0,0,0,0,0,0,0,0,0,0,0.003538960591,0.002380952472,0.0166798979,0.008450914174,0.004761904944,0,0,0,0,0,0,0,0,0,0,0,0,0.1580541283,0,1.555965173e-05,0,2.234956264e-05,1.021114349e-05,0,0,0.0002145420003,0,0,0,0,0,0,0,0,0,0,0,0,0,0,0.000766700774,0,0.0001688872871,0,0,0,0.7340344787,0,0,0,0,0,0,0,0,4.298139902e-05,0,0.1155813783,0.1527356952,0.005356265232,0,0,0,0,0,0,0,0,0,0,0,0,0,0,0,0,0,0,0,0,0,0,0,0,0,0,0,0,0,0,0,0,0,0,0,0,0,0,0,0,0,0,0,0,0,0,0,0,0,0,0,0,0,0,0,0,0
98,0,0,0,0,0,0,0,0,0.0002136717085,0,0.0001184413486,0,0.03397729248,0.02849674411,0.002380952472,0.0003169745614,0,0,0,0,0,0,0,0,0,0,0.006625910755,0,0.002380952472,0.007621385157,0,0,0.002380952472,0,0.002633832395,0,0,0,0,0,0,0,0,0.1810024381,2.672649134e-05,0.0006017946289,0,0,1.492435422e-05,1.212993266e-05,0,0.000368495821,0,0,0,0,0,0,0,4.422422717e-05,0,0,0,1.166181664e-05,0,0,0,0,0.0006077401922,0,0,0.001727318857,0.7707067132,0,0,0,0,0,0,0,0,0,0,0.1184084862,0.1554388553,0.002931266325,0,0,0,0,0,0,0,0,0,0,0,0,0,0,0,0,0,0,0,0,0,0,0,0,0,0,0,0,0,0,0,0,0,0,0,0,0,0,0,0,0,0,0,0,0,0,0,0,0,0,0,0,0,0,0,0,0
99,0,0,2.131298061e-05,0,0,0,0,0,0.0001039755953,0,0.0004889977863,0.0005680083996,0.03325974196,0.06250801682,0,0,0,0,0,0,0,0,0,0,0,0,0.001679287525,0.002380952472,0,0,0,0,0,0,0,0,0,0,0,0,0,0,0,0.2190182209,7.06823339e-05,0.0002018347441,5.692010018e-05,0,2.160685108e-05,0,1.304069065e-05,0.0002968079352,0,0,0,0,0,0,0,0.000114069866,0,0,3.448037387e-05,0,0,0.002380952239,0.002380952472,0.004761904944,0.0009135949076,0,0,0,0.8362389803,0,0,0,0,0,0,0,0,0,0.00142810645,0.1415531486,0.1777904183,0.001056115725,0.001524585066,0,0,0,0,0,0,8.123367934e-07,0,0,0,0,0,0,0,0,0,0,0,0,0,0,0,0,0,0,0,0,0,0,0,0,0,0,0,0,0,0,0,0,0,0,0,0,0,0,0,0,0,0,0,0,0,0,0,0,0
100,0,0,0,0,0,0,0,0,0.001571713481,0,0,0,0.02826770023,0.01634182408,0,0,0,0,0,0.002380952472,0,0,0,0,0,0,0.005714363884,0,0.0006426775362,0.009196594357,0.001645155717,0,0,0,0,0,0,0,0,0,0,0,0,0.1085636988,0,0,0,0,0,0,5.672967291e-06,0,0,0,0,0,0,0,0,0,0,0,6.234876491e-05,0,0,0,0.0005982670118,0,0,0,0,0,0.5924624205,0,0,0,0,0,0,0,0,0,0,0.08255396783,0.1062274799,0.001177192666,0.002380952472,0,0,0,0,3.544585707e-05,0,0,0,0,0,0,0,0,0,0,0,0,0,0,0,0,0,0,0,0,0,0,0,0,0,0,0,0,0,0,0,0,0,0,0,0,0,0,0,0,0,0,0,0,0,0,0,0,0,0,0
101,0,0,0,0,0,0,0,2.975053349e-06,0.0001869732077,0,0.0002645814384,0.000113741924,0.03242859989,0.03093903698,0.002380952472,0.0001519979705,0,0,0,0.0002997005649,0,0,0,0,0,0,0.01327724662,0.005279505625,0.01389878802,0.01608223654,0.00526397815,0.002625997178,0.001656817971,0,0,0.001819215831,0,0,0,0,0,0,0,0.1574354023,0.0002258724417,0.0001132933758,0,2.503939186e-06,1.811855509e-05,0,0,8.975125638e-06,0,0,0,0,0,0,0,0,0,0,3.559003289e-06,0,0,0,0.001593770809,0,0.0003421529545,0,0,0.001501501189,0.7594822645,0.0008939941181,0,0.001138778403,0,0,0,0,0,0,0.0007839052123,0.1271846741,0.1641821265,0.001480176812,0.0001564238337,0,0,0,0,5.770848475e-06,0,0,0,0,0,0,0,0,0,0,0,0,0,0,0,0,0,0,0,0,0,0,0,0,0,0,0,0,0,0,0,0,0,0,0,0,0,0,0,0,0,0,0,0,0,0,0,0,0,0,0
102,0,0,0,0,0,0,0,0,0.0002386281121,0.001511364942,0.0002288588294,8.303466893e-05,0.03785818815,0.05685765296,0,0.0003322852717,0,0,0.0002198638249,0,0.0004955560435,0,0,0,0,0,0.006844723597,0.001306207152,0.01005992945,0.009095740505,0.001212054631,0.001105077215,0,0,0,0,0,0,0,0,0,0,0,0.1735476106,0.0001006793027,6.022755042e-05,0,4.114526291e-06,3.582937779e-06,0,1.866621119e-06,0.0001830278779,0,0,0,0,0,0,0,0.0001959246147,0,0,7.485339211e-06,0,0,0,0.000328950875,0,0.0003809244663,0,0,0,0.7892587781,0.0006571495323,9.295530617e-05,0,0,0,0,0,0,2.262971975e-05,0.001666878583,0.1296561658,0.1682940573,0.002515154425,0.001005969592,0,0,0,0,3.146519475e-06,0,0,0,0,0,0,0,0,0,0,0,0,0,0,0,0,0,0,0,0,0,0,0,0,0,0,0,0,0,0,0,0,0,0,0,0,0,0,0,0,0,0,0,0,0,0,0,0,0,0,0
103,0,0,0,0,0,0,0,0,5.023288031e-05,0,0,0,0.01159347966,0.01520886738,0,0.0004104726249,0,0,0,0,0,0,0,0,0,0,0.003252465976,0,0.004761904944,0.005814266857,0.002380952239,0,0,0,0,0,0,0,0,0,0,0,0,0.08995945752,0.0007039146149,0,0.0005302358186,0,4.497625923e-05,0,4.408610766e-05,0,0,0,0,0,0,0,0,0,0,0,0,1.280767628e-05,0,0,0,0,0.0003949302481,0,0,0,0.7054374814,0,9.48472516e-05,0,0,0,0,0,0,0,5.432484613e-05,0.116640158,0.1112179011,0.002380955266,0,0,0,0,0,0,0,0,0,0,0,0,0,0,0,0,0,0,0,0,0,0,0,0,0,0,0,0,0,0,0,0,0,0,0,0,0,0,0,0,0,0,0,0,0,0,0,0,0,0,0,0,0,0,0,0,0
104,0,0,0,0,0,0,0,0,0.0005053327186,0,0,0,0.006446034648,0,0,0.0002948236943,0,0,0,0,0,0,0,0,0,0,0,0,0.007142857648,0.004761904944,0,0,0.002380952472,0,0,0,0,0,0,0,0,0,0,0.0198034551,0,0,0,0,0,0,0,0,0,0,0,0,0,0,0,0,0,0,0,0,0,0,0,0,0,0,0,0,0.3210873306,0,0,0,0,0,0,0,0,0,0,0.05283461884,0.05491488799,0.0002577227424,0,0,0,0,0,0,0,0,0,0,0,0,0,0,0,0,0,0,0,0,0,0,0,0,0,0,0,0,0,0,0,0,0,0,0,0,0,0,0,0,0,0,0,0,0,0,0,0,0,0,0,0,0,0,0,0,0
105,0,0,0,0,0,0,0,0,3.00588672e-05,0,2.358667552e-05,0,0.004225167911,0.004761904944,0,0,3.168241528e-05,0.0003723030095,0,0,0,0,0,0,0,0,0,0,0.009590910748,0.01220228802,0,0.002380952472,0,0,0,0,0,0,0,0,0,0,0,0.02435595915,0.002380952239,0,0,0,0,0,0,0,0,0,0,0,0,0,0,0,0,0,0,0,0,0,0,0,0,0,0,0,0.2725546062,0,0,0,0,0,0,0,0,0,0,0.04175291583,0.04464720562,0.003722844878,0,0,0,0,0,0,0,0,0,0,0,0,0,0,0,0,0,0,0,0,0,0,0,0,0,0,0,0,0,0,0,0,0,0,0,0,0,0,0,0,0,0,0,0,0,0,0,0,0,0,0,0,0,0,0,0,0
106,0,0,0,0,0,0,0,0,0,0,0,0,0.003769626375,0.002380952472,0,9.331801994e-05,0,0,0,0,0,0,0,0,0,0,0.007821816951,0.003794115735,0.007569741458,0.008983213454,0.001007739222,0,0,0,0,0,0.001022979268,0,0,0,0,0,0,0.01691852137,0,0.0004194825306,0,0,0,0,0,0,0,0,0,0,0,0,0,0,0,0,0,0,0,0,0,0,0,0,0,0,0.2847025096,0,0,0,0,0,0,0,0,0,0,0.04500552267,0.04955197498,0,0,0,0,0,0,0,0,0,0,0,0,0,0,0,0,0,0,0,0,0,0,0,0,0,0,0,0,0,0,0,0,0,0,0,0,0,0,0,0,0,0,0,0,0,0,0,0,0,0,0,0,0,0,0,0,0,0
107,8.359815524e-07,0,0,6.571879112e-07,0,0,0,0,6.442337053e-06,0,0,0,0.007563689724,0.002380952472,0,0,6.178247713e-05,0,0.0002133586677,0.0003497326688,0.0005044314312,0.0001520912483,0,0,0.000212097686,9.682747623e-05,0.01501078531,0.006113439798,0.02192166448,0.01377619803,0.0061374004,0.002399814781,0.003863133956,0,0.0009579261532,0,0.001428062329,0,0,0.0009742956609,0,0,0,0.06797184795,0,0.0002414898481,0,0,0,0,0,0,0,0,0,0,0,0,0,0,0,0,0,0,0,0,0,0,0.0003307111911,0,0,0,0.4361019135,0,0,0,0,0,0,0,0,0,0,0.06711032987,0.07926015556,0.0003420182911,0,0,0.002380952472,0,0.0001356336434,0,0,0,0,0,0,0,0,0,0,0,0,0,0,0,0,0,0,0,0,0,0,0,0,0,0,0,0,0,0,0,0,0,0,0,0,0,0,0,0,0,0,0,0,0,0,0,0,0,0,0,0
108,0,0,0,1.187452654e-06,0,0,0,1.447870318e-06,1.178867296e-05,0,8.982880536e-05,0,0.01496914215,0.01173204277,0,0.0001267096959,0,0.0002030195319,0.0002970900096,0.0002344969253,0.0001020332202,6.694626063e-05,0,0,0,1.344885823e-05,0.0143270744,0.00828060694,0.01989958249,0.01621783338,0.005610886961,0.001341724419,0.0007510285359,0.0003110516409,0.0005109799094,0.0002214794076,0.001623035409,0.00139781367,0,0,0,0,0,0.09746707976,0.004065653775,0.0003231097071,0.003768933704,0.004761904478,1.848623469e-05,0,0.0001002739082,1.366471588e-05,0,0,0,0,0,0,0,4.174881906e-05,0,0,0,0,0,4.761162472e-06,8.120695566e-05,0,0.0001433585421,0,0,0.003554089926,0.6959246397,0,0,0.0007083039382,0,0,0,7.399924016e-07,0,0,0.0001491371368,0.07553878427,0.0946232602,0.001324039302,0,0,0,0,0,0,0,0,0,0,0,0,0,0,0,0,0,0,0,0,0,0,0,0,0,0,0,0,0,0,0,0,0,0,0,0,0,0,0,0,0,0,0,0,0,0,0,0,0,0,0,0,0,0,0,0,0
109,0,0,0,0,0,0,0,0,0.0005345581449,0,5.889195381e-05,0,0.01778819039,0.02208756283,0,4.89348713e-05,0,0,0,0.0007787503419,0,0,0,0,0,0,0.004980845843,0,0.003459226107,0.006734831259,0.003322218545,0,0,0,0,0,0,0,0,0,0,0,0,0.1178787202,0.0005472422927,0.0002781788644,0,0,0,6.693167961e-05,0,0.0001955813204,0,0,0,0,0,0,0,0.0003286633,0,0,0,0,0,0,0,0,4.700176214e-05,0,0,0.002987817395,0.649092555,0,0,0,0,0,0,0,0,0,0.0004312904493,0.1000089496,0.1400384754,0.0007599604432,0,0,0,0,0,0.0001583178237,0,0,0,0,0,0,0,0,0,0,0,0,0,0,0,0,0,0,0,0,0,0,0,0,0,0,0,0,0,0,0,0,0,0,0,0,0,0,0,0,0,0,0,0,0,0,0,0,0,0,0
110,0,0,0,0,0,0,0,0,0.000116500727,0,0,0,0.01150593255,0,0,0,0,0,0,0.0005744574592,0,0,0,0,0,0,0.006417023949,0.004761904944,0.004138868302,0.009403897449,0.0004558028304,0,0,0,0,0,0,0,0,0,0,0,0,0.01583889686,0,0,0,0,0,0,0,0,0,0,0,0,0,0,0,0,0,0,0,0,0,0,0,0,0,0,0,0.002380952472,0.2236340195,0,0,0,0,0,0,0,0,0,0,0.03353742138,0.03944852203,0.002798672998,0,0,0,0,0,0,0,0,0,0,0,0,0,0,0,0,0,0,0,0,0,0,0,0,0,0,0,0,0,0,0,0,0,0,0,0,0,0,0,0,0,0,0,0,0,0,0,0,0,0,0,0,0,0,0,0,0
111,0,0,0,0,0,0,0,0,0.0001743638859,7.710010686e-05,0.0001263062004,0.000246954005,0.01207872294,0.02329817042,0.001275073271,0.0002845091221,0,0,0.0001497155172,0.0002000175446,0,0.0001967015123,0,0,0,0,0.006189647596,0.002669100184,0.02338393778,0.01180583145,0.004304993898,0.001489597955,0.0008586028707,0.002380952472,0.002380952239,0.000602856453,0,0,0,0,0,0,0,0.115157187,0.001046390622,0.001242632396,4.534589243e-05,0.0001498319762,8.861438982e-05,2.191264139e-05,7.041536264e-06,5.099097689e-05,0,0,0.0002739524352,0,0,0,0,0.0002971051435,0,9.110161955e-06,5.684880762e-06,0,0,0,0.0006697452627,0,0.0005961410352,0,0,0.002846148331,0.738230288,0.0001102708702,1.847530984e-05,0,0,0,0,0,0,3.624713145e-06,0.000130838278,0.1157421768,0.1397825181,0.001261228812,0.0004332877288,0,0,0,0,0,2.018927262e-06,0,0,0,0,0,0,0,0,0,0,0,0,0,0,0,0,0,0,0,0,0,0,0,0,0,0,0,0,0,0,0,0,0,0,0,0,0,0,0,0,0,0,0,0,0,0,0,0,0,0
112,0,0,0,0,0,0,0,0,0,0,0,0,0.002960516838,0.004761904944,0,0,0,0.0006131128175,0,0,0,0,0,0,0,0,0.004761904944,0,0.004761904944,0.003845539177,0,0,0,0,0,0.002380952472,0,0,0,0,0,0,0,0.01204388496,0,0.002380952472,0,0,0,0,0,0,0,0,0,0,0,0,0,0,0,0,0,0,0,0,0,0,0.0007635392249,0,0,0,0.1728731096,0,0,0,0,0,0,0,0,0,0.0002337903425,0.04081319645,0.03202046454,0,0,0,0,0,0,0,0,0,0,0,0,0,0,0,0,0,0,0,0,0,0,0,0,0,0,0,0,0,0,0,0,0,0,0,0,0,0,0,0,0,0,0,0,0,0,0,0,0,0,0,0,0,0,0,0,0,0
113,0,0,0,0,0,0,0,0,7.993110194e-05,0.0001130341989,0.0001175124562,0.0001253701485,0.01195717044,0.01802379452,0,0.0001613278582,0,0,0,0,0,0,0,0,0,0,0.005709777586,0.0007064319216,0.003028514097,0.002823468065,0.001929444144,0.0008246971993,0,0,0,0.000425962935,0.001240032376,0,0,0,0,0,0,0.1183759943,0.00542836776,0.001277147327,0.0003708937438,0.000993585214,0.0007597600925,0.0005230454844,0.0001205466833,5.670929022e-05,0,0,0,0,0,0,2.577223768e-06,5.64393813e-05,0,0,3.201624168e-06,2.140137894e-06,0,0,0.000617716636,2.838349428e-05,0.0004789847881,0,0,0.001905076788,0.7536309958,0,0.0002612476237,0.000821708818,0,0,0,0,0,8.041833098e-06,0.0002968873305,0.1025143489,0.1244515404,0.001067680423,0.004902485758,0,0,0,0,0,0,0,0,0,0,0,0,0,0,0,0,0,0,0,0,0,0,0,0,0,0,0,0,0,0,0,0,0,0,0,0,0,0,0,0,0,0,0,0,0,0,0,0,0,0,0,0,0,0,0,0
114,0,0,0,0,0,0,0,0,0.0001310817606,0,0.0001319710718,1.968043398e-05,0.01412276924,0.01983131468,0,7.67599995e-05,0,0,0,0,0.0003535267606,0,0,0.0002589676587,0,0,0.007434233092,0.008192237467,0.01952723786,0.01483387314,0.005573813338,0.000109508539,0.001644606004,0,0.0008746921085,0.0004714846727,0.001031171065,0,0,0,0,0,0,0.09184864163,0.004531193059,0.001280291122,0.001331222011,0.001710309647,0.0008468026645,0.001260333578,0,9.395233792e-05,0,0,0,0,0,0,0,0.0001513304742,0,0,5.339311247e-05,0,0,0,0,0,0.0004965567496,0,0,0,0.7501619458,8.167466149e-05,0.0001845791703,0,0,0,0,0,0,4.20721608e-06,5.427694487e-05,0.08799054474,0.09084671736,0.0007694964297,0,0,0,0,0,0,7.219457984e-06,0,0,0,0,0,0,0,0,0,0,0,0,0,0,0,0,0,0,0,0,0,0,0,0,0,0,0,0,0,0,0,0,0,0,0,0,0,0,0,0,0,0,0,0,0,0,0,0,0,0
115,0,0,7.85874272e-06,0,0,0,0,0,0,0,0,4.450136112e-05,0.008062219247,0.002380952472,0,0.0001897410984,0,0,0,0,0,0,0,0,0,0,0.005516320467,0.00355760497,0.01284800097,0.008204729296,0.0007727267803,0,0,0,0,0,0,0,0,0,0,0.002380952239,0,0.03115343116,0,0,0,0,0,0,0,5.796780169e-05,0,0,0,0,0,0,0,0,0,0,0,0,0,0,0,0,1.281941877e-05,0,0,0,0.4005376995,0,0,0,0,0,0,0,0,0,0,0.03326999769,0.0569868125,0.0009908218635,0,0,0,0,0,0,0,0,0,0,0,0,0,0,0,0,0,0,0,0,0,0,0,0,0,0,0,0,0,0,0,0,0,0,0,0,0,0,0,0,0,0,0,0,0,0,0,0,0,0,0,0,0,0,0,0,0
116,0,0,0,0,0,0,0,0,1.773634722e-05,0,0,0,0.008791209199,0.01190475002,0,2.63240745e-05,1.317999977e-05,0,0.0001355803688,0.0008362411172,0.000168483326,0.0001738027204,0,0.000326524023,4.550045196e-05,0,0.01011644397,0.006513721775,0.01652637869,0.01293351315,0.003265527776,0.0003647088015,0.0002624184126,0.0006708250148,0.001195522142,0.000456240552,0.0006342947599,0,0,0,0,0,0,0.06949138641,0.002380952472,0.0001779134327,0,0,0,0,0,9.924803453e-05,0,0,0,0,0,0,8.408410395e-06,0,0,0,8.932961646e-05,0,2.392148645e-06,0,0,0,6.837322871e-05,0,0,0,0.5836538076,0,0,0,0,0,0,0,0,0,0,0.05610790476,0.1173016578,0.002009032061,0,0,0,0,0,0,0,0,0,0,0,0,0,0,0,0,0,0,0,0,0,0,0,0,0,0,0,0,0,0,0,0,0,0,0,0,0,0,0.0001461193606,0,0,0,0,0,0,0,0,0,0,0,0,0,0,0,0,0,0
117,0,0,0,0,0,0,0,0,3.114947685e-05,0,5.399847942e-05,0,0.01094772946,0.01215909794,0,0,0,0.0006928776857,0,0,0,0,0,0,0,0,0.002562659793,0.001615813118,0.007367712911,0.01543960068,0.0005481714034,0,0,0,0.0008466181462,0.002380952472,0,0,0,0,0,0,0,0.05655263364,0.000443240162,0.0008099887636,0.001366758952,0,0,0.0006966391229,0,0,0,0,0,0,0,0,0,0,0,0,0,0,0,0,0,0,0.0002196587011,0,0,0,0.5152394176,0,0,0,0,0,0,0,0,0,0,0.07073532045,0.07279800624,0.001005495549,0.0005912629422,0,0,0,0,0,0,0,0,0,0,0,0,0,0,0,0,0,0,0,0,0,0,0,0,0,0,0,0,0,0,0,0,0,0,0,0,0,0,0,0,0,0,0,0,0,0,0,0,0,0,0,0,0,0,0,0
118,0,0,0,0,0,0,0,0,8.413427713e-05,0,4.565519339e-05,0,0.01269954443,0.007881791331,0,0.0001355635031,0,0,0,0,0,0,0,0,0,0,0.01086906996,0,0.005720068235,0.008647390641,0.003096952802,0,0,0,0,0,0,0,0,0,0,0,0,0.1124537215,0.001506437897,0.0002653871488,0,0,0,0,0,0.0002474632347,0.001153589459,0,0,0,0,0,0,0.0002228639351,0,0,0,0,0,0,0,0,0.0002140419238,0,0,0.0005645914935,0.6988520622,0.0002022343979,0,0.0001497819612,0,0,0,0,0,0,0,0.1059872955,0.1412431747,0.001462368411,0,0,0,0,0,0.0001675589738,0,0,0,0,0,0,0,0,0,0,0,0,0,0,0,0,0,0,0,0,0,0,0,0,0,0,0,0,0,0,0,0,0,0,0,0,0,0,0,0,0,0,0,0,0,0,0,0,0,0,0
119,0,0,0,0,0,0,0,0,4.161052857e-05,0,0,0,0.005695899948,0.002380952472,0,0,0,0,0,0,0,0,0,0,0,0,0.004500428215,0.002380952472,0.004696134478,0.01038904488,0.003407069249,0,0.002380952472,0,0,0,0.002380952472,0,0,0,0,0,0,0.02689130045,0,0,0,0,0,0,0,0,0,0,0,0,0,0,0,0.0005661974428,0,0,0,0,0,0,0,0,7.41981512e-06,0,0,0,0.2453681529,0,0,0,0,0,0,0,0,0,0,0.02529986389,0.03993802518,0,0,0,0,0,0,0,0,0,0,0,0,0,0,0,0,0,0,0,0,0,0,0,0,0,0,0,0,0,0,0,0,0,0,0,0,0,0,0,0,0,0,0,0,0,0,0,0,0,0,0,0,0,0,0,0,0,0
120,0,0,0,0,0,0,0,0,4.423133942e-05,0,0,0,0.004568207078,0.004761904944,0,6.921992463e-05,0,0,0,0,0.001242159749,0,0,0,0,0,0.005070038605,0.006520751864,0.006092673633,0.006708980538,0.003059851471,0.002380952472,0.0005918155075,0,0,0.002380952472,0,0,0,0,0,0,0,0.04893518984,0.002380952239,0,0,0,0,0,0,0,0,0,0,0,0,0,0,0,0,0,0,0,0,0,0,0,0,0,0,0,0.3530509472,0,0,0,0,0,0,0,0,0,0.001520722639,0.04864593595,0.06655033678,0,0,0,0,0,0,0,0,0,0,0,0,0,0,0,0,0,0,0,0,0,0,0,0,0,0,0,0,0,0,0,0,0,0,0,0,0,0,0,0,0,0,0,0,0,0,0,0,0,0,0,0,0,0,0,0,0,0
121,0,0,0,0,0,0,0,0,5.479723313e-06,0,0,0,0.01582961343,0.002189866966,0,0,0,0,0,0,0,0.0005999109126,0,0,0.0002106198081,0,0.001751993783,0.001438693027,0.01055795606,0.005915584043,0.002142789774,0.0006890193326,0,0,0,0,0,0,0,0,0,0,0,0.09779367596,0,0.0005626103375,0,0,0,0,0,0,0,0,0,0,0,0,0,0,0,0,0,0,0,0,0,0,0,0,0,0.0005541085848,0.537073195,0,0,0,0,0,0,0,0,0,0,0.05518556014,0.08487723768,0.0002704986255,0,0,0,0,0,0,0,0,0,0,0,0,0,0,0,0,0,0,0,0,0,0,0,0,0,0,0,0,0,0,0,0,0,0,0,0,0,0,0,0,0,0,0,0,0,0,0,0,0,0,0,0,0,0,0,0,0
122,0,0,0,0,0,0,0,0,3.718673906e-05,0,0,0,0.02708491497,0.008088298142,0.0008527984028,0,0,0,0,0,0,0,0,0,0,0,0.003279675497,0,0.0004519158974,0.002380952472,0.001586757833,0.002380952472,0,0,0,0,0,0,0,0,0,0,0,0.1064860374,0.001959884772,0.000331911142,0.0002846861316,0,0.0001213879077,0,0.001570628374,0,0,0,0,0,0,0,0,0.001462742337,0,0,0,0,0,0,0,0,5.844180123e-05,0,0,0.0009934639093,0.6189303398,0,0,0,0,0,0,0,0,1.344221982e-05,0,0.07688546181,0.08396221697,0.0004631761403,0,0,0,0,0,0,0,0,0,0,0,0,0,0,0,0,0,0,0,0,0,0,0,0,0,0,0,0,0,0,0,0,0,0,0,0,0,0,0,0,0,0,0,0,0,0,0,0,0,0,0,0,0,0,0,0,0
123,0,0,3.046349661e-07,0,0,0,0,0,9.110939573e-06,0,4.956751582e-06,5.81228278e-06,0.0118675353,0.02462921664,0,4.043974332e-05,0,0,0,5.616720227e-05,0.0002229030797,0,0,0,0,0,0.008093209937,0.005333236884,0.01239489205,0.009585147724,0.003501694184,0.002614357742,0.0001614440262,0,0.0004579701344,0.0003503807238,0,0.004761904944,0,0,0,0,0,0.08179145306,0.003057667054,0.0006394060911,0,0,0,0,0,0.0001895737805,0,0,0,0,0,0,0,0,0,0,0,0,0,0,0,0,9.608938853e-05,0,0,0.003191695781,0.5902098417,0,0,0,0,0,0,0,0,0,0,0.0488094762,0.1470497251,0.00136202469,0,0,0,0,0,0,0,0,0,0,0,0,0,0,0,0,0,0,0,0,0,0,0,0,0,0,0,0,0,0,0,0,0,0,0,0,0,0,0.0002014193888,0,0,0,0,0,0,0,0,0,0,0,0,0,0,0,0,0,0
124,0,0,0,0,0,0,0,0,0.0001967548742,0,0,0,0.01136139687,0.003711991245,0,0,0,0,0,0,0,0,0,0,0,0,0,0,0.002380952472,0,0,0,0,0,0,0,0,0,0,0,0,0,0,0.03970852494,0,0,0,0,0,0.002380952472,0,0,0,0,0,0,0,0,0,0,0,0,0,0,0,0,0,0,0.0005772233708,0,0,0.0009833185468,0.2907998562,0,0,0,0,0.0004426433297,0,0,0,0,0,0.05678892508,0.1272779405,0,0,0,0,0,0,0,0,0,0,0,0,0,0,0,0,0,0,0,0,0,0,0,0,0,0,0,0,0,0,0,0,0,0,0,0,0,0,0,0,0,0,0,0,0,0,0,0,0,0,0,0,0,0,0,0,0,0
125,0,0,0,0,0,0,0,0,0.0009100533207,0,0.0001084589894,0,0.02318267711,0.01272551529,3.367039244e-05,0.000138661766,0.0006853241357,0.0008576166583,0.0005446895957,0.0008155051037,0.0009206680697,0.001466530492,0,0.001120065106,0,0.000170159663,0.02760377899,0.01342000812,0.03270810843,0.0359245725,0.01069387328,0.002774926135,0.005488759372,0.002380952472,0.009074761532,0.002250532387,0.003152984427,0.002380952472,0.004761904944,0,0,0,0,0.1725988835,0.000708266045,0.001230046735,0,3.510779061e-05,8.913321653e-05,0.0002316903119,2.951109855e-05,0.0003076014982,0,0,0,0,0.0001784827327,0,0,0.001137893181,0,0.0001388921082,0,0,0,0.0002371192095,0.0001925436227,0.002655067947,0.001768943504,0,0,0.0006268791622,0.7929496169,0,0.0004570076417,0.0001256263495,0,0.0004127810535,0.002320388099,0,0,8.580266149e-05,0.003020559205,0.1240538806,0.1666277051,0.001243260922,0.0001357760048,0,0,0,0,0,0,0,0,0,0,0,0,0,0,0,0,0,0,0,0,0,0,0,0,0,0,0,0,0.0001461193606,0,0,0,0,0,0,0.0002014193888,0,0,0,0,0,1.700724351e-05,0,0,0,0,0,0,0,0,0,0,0,0,0,0
126,0,0,0,0,0,0,0,0,0.0001113326944,0,0.0002397899952,0,0.01745284721,0.009079927579,0,1.604836507e-05,0,0,0,0,0,0,0,0,0,0,0.0007681138231,0,0.001201430685,0.006542781834,0,0,0,0,0,0,0,0,0,0,0,0,0,0.1032195613,0.000726521539,0.002380952472,3.092690167e-05,0,0,0,0,9.31753857e-06,0,0,0,0,0,0,0,4.197366798e-05,0,0,0,0,0,0,0,0,0.0005082021235,0,0,0,0.6415424943,0,2.686977132e-05,0,0,0,0,0,0,0,0.00133720669,0.1003044099,0.1276890039,0.003006733255,0,0,0,0,0,0.0001431906276,0,0,0,0,0,0,0,0,0,0,0,0,0,0,0,0,0,0,0,0,0,0,0,0,0,0,0,0,0,0,0,0,0,0,0,0,0,0,0,0,0,0,0,0,0,0,0,0,0,0,0
127,0,0,0,0,0,0,0,0,0.0003060632735,0,8.318381879e-05,0,0.008159155957,0.00399831729,0,0.000154581634,0,0,0,0,0,0,0,0,0,0,0.01486622542,0,0.01105572656,0.01213982422,0,0,0.002380952472,0,0,0,0,0,0,0,0,0,0,0.07065548748,0.0004527470737,0,0.0003231838928,0,0,0,9.374530782e-05,1.860891643e-05,0,0,0,0,0,0,0,0,0,0,0,0,0,0,0,0,0.0003201123618,0,0,0,0.5976729989,0,3.065539204e-05,0,0,0,0,0,0,0,0,0.09324089438,0.1135800555,0.001239351463,0.0007094808971,0,0,0,0,0.0008170411456,3.136911255e-05,0,0,0,0,0,0,0,0,0,0,0,0,0,0,0,0,0,0,0,0,0,0,0,0,0,0,0,0,0,0,0,0,0,0,0,0,0,0,0,0,0,0,0,0,0,0,0,0,0,0
128,0,0,0,0,0,0,0,0,0,0,0,0,0.0198725462,0,0,0,0,0,0,0,0,0,0,0,0,0,0.004897892475,0.001299784053,0.01122915931,0.005276764743,0.001789513626,0.004386418033,0.001311741187,0,0,0,0,0,0,0.002380952472,0,0,0,0.06102504581,0,0,0,0,0,0,0,0,0,0,0,0,0,0,0,0,0,0,0,0,0,0,0,0,0,0,0,0.0001086000411,0.3675415814,0,0,0,0,0,0,0,0,0,0,0.03886009008,0.06614697725,0.001440157299,0,0,5.361453077e-06,0,0,0,0,0,0,0,0,0,0,0,0,0,0,0,0,0,0,0,0,0,0,0,0,0,0,0,0,0,0,0,0,0,0,0,0,0,0,0,0,0,0,0,0,0,0,0,0,0,0,0,0,0,0
129,0,0,7.858534445e-06,0,0,0,0,0,0.0001810107497,0,0.0001482462831,0,0.01772301458,0.02554233931,0,8.055303624e-05,0.0001945547265,0,0,0,0.0008425302221,0,0,0,0,0.0006009095814,0.005131746642,0.005418151151,0.01230611186,0.007391348016,0.001494631986,0.0007454464212,0,0,0,0,0,0,0,0,0,0,0,0.1038759872,0.0006828883779,0.0002063970896,0.0002830543672,0.0001011605345,0,8.797074406e-05,1.028641873e-05,7.391729014e-05,0,0,0,0,0,0,0,0.0003385543532,0,0,2.333913699e-06,0,0,0,0.001117864042,0.0001679261622,0.0003861774749,0,0,0.0007392273401,0.7263638973,0.002218511421,5.188879004e-05,0,0,0,0,0,0,0,0.002606244059,0.1177976653,0.1448997706,0.004505232908,0.004543753807,0,0,0,0,8.241360774e-06,0,0,0,0,0,0,0,0,0,0,0,0,0,0,0,0,0,0,0,0,0,0,0,0,0,0,0,0,0,0,0,0,1.700724351e-05,0,0,0,0,0,0,0,0,0,0,0,0,0,0,0,0,0,0
130,0,0,0,0,0,0,0,0,9.425217286e-05,0,0.0001182057022,0,0.03142234311,0.01652136631,0,0.0007707742043,0,0,0,0,0,0,0,0,0,0.002380952472,0.00273231836,0,0.0004212670319,0.006640238687,0.0003148174437,0,0,0,0,0,0,0,0,0,0,0,0,0.1140681207,0.007784180809,0.0001568342705,0.0001883064106,0.0003153753642,4.423232531e-05,0.0003916816495,0.0002682546619,5.861676982e-05,0,0,0,0,0.0001028155166,0,0,0,0,0,8.432862523e-05,0,9.74434588e-05,0.0001613494969,0,3.421442307e-05,3.757163722e-05,0,0,0.001037503127,0.6827580333,0.0001250351925,1.594230889e-05,0,0,0,0,0,0,9.474605577e-06,0.0003681037924,0.1006960869,0.1130921021,0.001022998942,0.0005362890079,0.001033763867,0,0,0,0,0,0,0,0,0,0,0,0,0,0,0,0,0,0,0,0,0,0,0,0,0,0,0,0,0,0,0,0,0,0,0,0,0,0,0,0,0,0,0,0,0,0,0,0,0,0,0,0,0,0,0
131,0,0,0,0,0,0,0,0,5.650672756e-05,0,1.422263904e-05,0,0.008426234126,0.006010844372,0,0,0,0,0,0,0,0,0,0,0,0,0.003343652468,0.003681358416,0.001791745541,0.002380952472,0,0,0,0,0,0,0,0,0,0,0,0,0,0.120021835,0.0001014615918,0.0004534379987,0,8.845888078e-05,9.634513117e-05,0,0,0,0,0,0,0,0,0,0,0.0001660967246,0,0,0,0,0,0,0,0,0,0,0,0.0002266458905,0.7346884012,0,0,0,0,0,0,0,0,0,0.0004431337875,0.1214277893,0.1375190169,0.0003714442428,0,0,0,0,0,0,0,0,0,0,0,0,0,0,0,0,0,0,0,0,0,0,0,0,0,0,0,0,0,0,0,0,0,0,0,0,0,0,0,0,0,0,0,0,0,0,0,0,0,0,0,0,0,0,0,0,0
132,0,0,0,0,0,0,0,0,0,0,0.0002418630029,0,0.01045481674,0.002051226096,0,0.0008155115647,0,0,0,0,0,0,0,0,0,0,0,0,0.002380952472,0,0,0,0,0,0,0,0,0,0,0,0,0,0,0.06406158954,0,0,0,0,0,0.000301197957,0,0,0,0,0,0,0,0,0,0,0,0,0,0,0,0,0,0,0,0,0,0,0.5118746161,0,0,0,0,0,0,0,0,0,0,0.09108920395,0.08872981369,1.743635403e-05,0.002380952239,0,0,0,0,0,0,0,0,0,0,0,0,0,0,0,0,0,0,0,0,0,0,0,0,0,0,0,0,0,0,0,0,0,0,0,0,0,0,0,0,0,0,0,0,0,0,0,0,0,0,0,0,0,0,0,0
133,0,0,0,0,0,0,0,0,0.0004612472258,0,0,0,0.002894304227,0.002380952472,0,0,0,0,0,0,0,0,0,0,0,0,0,0,0.002380952472,0,0.001218430232,0,0,0,0,0,0,0,0,0,0,0,0,0.03359058127,0,0,0.002380952472,0,0,0,0,0,0,0,0,0,0,0,0,0,0,0,0,0,0,0,0,0.0007809610688,0.0002208654041,0,0,0,0.2939733565,0,0,0,0,0,0,0,0,0,0,0.06150752306,0.07385931164,0.001037524547,0,0,0,0,0,0,0,0,0,0,0,0,0,0,0,0,0,0,0,0,0,0,0,0,0,0,0,0,0,0,0,0,0,0,0,0,0,0,0,0,0,0,0,0,0,0,0,0,0,0,0,0,0,0,0,0,0
134,0,0,0,0,0,0,0,0,0.0001786877547,0,0,0,0.01204134524,0.01258703321,0.003234579461,0.000106452324,0,0,0,0,0,0,0,0,0,0.00055834878,0.01044209581,0.001220700797,0.01564816572,0.008743661456,0.005009828601,0.0005653082626,0.002380952472,0,0,0,0,0,0,0,0,0,0,0.07529576123,0.000720958109,0.001006948412,0,0.00101072574,0,0.0003023178142,0,7.62063064e-05,0,0,0,0,0,0,0,0.000536729407,0,0,0,0,0,0.0003199750499,0.0007580536767,0,0.0005100778653,0,0,0.0004455953313,0.6862674952,0,0,0,0,0,0,0,0,1.878652483e-06,0,0.1090939716,0.112094067,0.001578776981,0,0,0,0,0,0,0,0,0,0,0,0,0,0,0,0,0,0,0,0,0,0,0,0,0,0,0,0,0,0,0,0,0,0,0,0,0,0,0,0,0,0,0,0,0,0,0,0,0,0,0,0,0,0,0,0,0
135,0,0,0,0,0,0,0,0,0,0,0.0003200256906,0,0.009715458378,0.002380952239,0,0,0,0,0,0,0,0,0,0,0,0,0.0009696458583,0,0.004761904944,0.01005388051,0.003562032944,0,0,0,0,0,0,0,0,0,0,0,0,0.0343920216,0,0,0,0,0,0,0,0,0,0,0,0,0,0,0,0,0,0,0,0,0,0,0,0,0,0,0,0.0004095637996,0.3663151562,0,0,0,0,0,0,0,0,0,0,0.06003552675,0.06921011209,0,0,0,0,0,0,0,0,0,0,0,0,0,0,0,0,0,0,0,0,0,0,0,0,0,0,0,0,0,0,0,0,0,0,0,0,0,0,0,0,0,0,0,0,0,0,0,0,0,0,0,0,0,0,0,0,0,0
136,0,0,0,0,0,0,0,0,0,0,0,0,0.007781271823,0.002380952472,0,0,0,0,0.0005929318722,0,0,0,0,0,0,0,0.004130132496,0.005947954487,0.01093471888,0.009572308511,0.001219519414,0.0007901692297,0,0,0,0,0.004761904944,0,0,0,0,0,0,0.06061123684,0,0.0003447188938,0,0,0,0,0,0,0,0,0,0,0,0,0,0,0,0,0,0,0,0,0,0.000458140712,0,0,0,0.0003672579769,0.3743350208,0,0,0,0,0,0,0,0,0,0,0.05421333015,0.06890147179,0,0,0,0,0,0,0,0,0,0,0,0,0,0,0,0,0,0,0,0,0,0,0,0,0,0,0,0,0,0,0,0,0,0,0,0,0,0,0,0,0,0,0,0,0,0,0,0,0,0,0,0,0,0,0,0,0,0
137,0,0,0,0,0,0,0,0,3.376572204e-05,0,1.013671135e-05,0,0.0255569648,0.007142857648,0,0,0,0,0,0,0,0,0,0,0,0,0,0.001696763211,0,0.008193494752,0,0,0,0,0.002380952472,0,0,0.002380952472,0,0,0,0,0,0.06302320957,0,0.001109886682,0.00120395422,0.0005521764979,0,0,0,0.0005004785489,0,0,0,0,0,0,0,0,0,0,0,0,0,0,0,0,0,0,0,0.0007536083576,0.3005945385,0,0,0,0,0,0,0,0,0,0,0.08018542826,0.1050344408,0,0,0,0,0,0,0,0,0,0,0,0,0,0,0,0,0,0,0,0,0,0,0,0,0,0,0,0,0,0,0,0,0,0,0,0,0,0,0,0,0,0,0,0,0,0,0,0,0,0,0,0,0,0,0,0,0,0
138,0,0,0,0,0,0,0,0,0,0,1.699778659e-05,0,0.01958861947,0.000896783662,0,0,0,0,0,0.001688525546,0.00216985913,0,0,0,0,0,0.002216046909,0.003340319265,0.002930674236,0.007853387855,0.003388590878,0.0010834391,0.001240485813,0,0,0,0,0.002380952472,0,0,0,0,0,0.08783891797,0,0,0.0004589409509,0,0,0,0,0,0,0,0,0,0,0,0,0,0,0,0,0,0,0,0,0,8.076646191e-05,0,0,0.0004566675634,0.347327739,0,0,0,0,0,0,0,0,0,0,0.07363911718,0.08943489939,0,0,0,0,0,0,0,0,0,0,0,0,0,0,0,0,0,0,0,0,0,0,0,0,0,0,0,0,0,0,0,0,0,0,0,0,0,0,0,0,0,0,0,0,0,0,0,0,0,0,0,0,0,0,0,0,0,0
139,0,0,0,4.09421682e-06,0,0,0,0,1.023500226e-05,0,0,1.843543578e-05,0.02897541597,0.02057406493,0,2.27184828e-05,1.592859189e-05,0,0.0003842848237,0.0004422775237,0.0002045618894,0.000728375162,0,0,0,0.0002261832124,0.008397387341,0.003419880988,0.01086328086,0.009130076505,0.002756157191,0.002278291387,0,0,0.0001508325222,0.001150092692,0,0.002380952472,0.0006940703606,0,0,0,0,0.1217387021,0.002380952472,0.0001427303214,0,0,0,0,0,0,0,0,0,0,0,0,0,0,0,0,0,0,0,0,0,0,5.088915714e-06,0,4.539540441e-06,0.0004655648372,0.5808724165,0,0,0,0,0,0,0,0,0,0,0.05624454468,0.1687119752,0.0001353612024,0,0,0,0,0,0,0,0,0,0,0,0,0,0,0,0,0,0,0,0,0,0,0,0,0,0,0,0,0,0,0,0,0,0,0,0,0,0,0,0,0,0,0,0,0,0,0,0,0,0,0,0,0,0,0,0,0
140,0,0,0,0,0,0,0,0,1.400189194e-05,0,0,0,0.01362158172,0.01830682904,0,0,0.0001260827994,0,0.003091616323,0,0,0.0003156992898,0,0,0,0,0.003898114664,0.001408469165,0.01556520816,0.01303489041,0.0005979295238,0,0,0,0,0,0,0,0,0,0,0,0,0.04759275541,0,0,0,0,0,0,0,0,0,0,0,0,0,0,0,0,0,0,0,0,0,0,0,0,0,0,0,0,0.5018899441,0.0001785000204,0,0,0,0,0,0,0,0,0,0.03662495688,0.08119928837,0.002380952472,0,0,0,0,0,0,0,0,0,0,0,0,0,0,0,0,0,0,0,0,0,0,0,0,0,0,0,0,0,0,0,0,0,0,0,0,0,0,0,0,0,0,0,0,0,0,0,0,0,0,0,0,0,0,0,0,0
141,0,0,0,0,0,0,0,0,3.845758783e-06,0,1.909901948e-05,9.892224625e-05,0.01878620684,0.005751461256,0,0.0001544202241,0,0,0.0006572717102,0.0004131056485,0,0,0,0,0.0004983351682,0,0.005594420712,0.003768303432,0.007812567987,0.008703996427,0.003738109488,0.001170560019,0,0.002380952472,7.40493706e-05,0.0004701181315,0,0,0,0,0,0,0,0.07629100233,0.002380952472,0,0,0,0,0,0,0,0,0,0,0,0,0,0,0,0,0,0,0,0,0,0,0,0,0,0,0,0.4963554144,0,0,0,0,0,0,0,0,0,0,0.05457603559,0.08945909888,0,0,0,0,0,0,0,0,0,0,0,0,0,0,0,0,0,0,0,0,0,0,0,0,0,0,0,0,0,0,0,0,0,0,0,0,0,0,0,0,0,0,0,0,0,0,0,0,0,0,0,0,0,0,0,0,0,0
142,0,0,0,0,0,0,0,0,0.0001173712153,0,0.0002437173243,0.000696680625,0.03336727992,0.02613585815,0,0.0001609158062,0,0,0,0,0,0,0,0,0,0,0.009642885067,0,0.004876517225,0.01193341706,0.004323540721,0.001093047671,0,0,0,0,0,0,0,0,0,0,0,0.1762538999,0.0001132480247,0.0004882883513,1.603880082e-05,0.0001049092025,3.997812018e-05,6.323451544e-06,0,9.685299301e-05,0,0,0,0,0,8.27169788e-05,0,0.0007134043844,0,0.0002162770834,0,0,0,0,0.00044027064,0.0002162640158,8.289112884e-05,0,0,0.001631763065,0.7710641623,0,0,0,0,0,0,0,0,0,0.001085477299,0.1024557352,0.1524281353,0.001446175971,0,0,0,0,0,0,0,0,0,0,0,0,0,0,0,0,0,0,0,0,0,0,0,0,0,0,0,0,0,0,0,0,0,0,0,0,0,0,0,0,0,0,0,0,0,0,0,0,0,0,0,0,0,0,0,0,0
143,0,0,0,0,0,0,0,0,0.0001800095488,0.000275640341,0.0002062555141,0.0001089322541,0.009864591993,0.01438602339,0,0.0001519311627,0,0,0,0.0007080963114,0.001714314218,0,0,0,0,0,0.001660381909,0,0.007984568365,0.004045416135,0.001206034562,0,0,0,0,0,0,0,0,0,0,0,0,0.1072781309,0.003876368282,0.0009556084988,0.0005339803756,0.0003896960407,0.0001139758824,0.0001225528249,2.175804912e-05,2.645515451e-05,0,0,0,0,0,0.000138276504,0,0.0001318444411,0,0,1.558387794e-06,2.694465365e-06,9.003635205e-05,5.501837222e-05,1.594666719e-05,0,0.0002509123296,0,0,0.002609696472,0.7412535548,0,3.705619747e-05,0,0,0,0,1.802755469e-05,0,0,0.0002093293733,0.1084116623,0.135189116,0.001010725391,0.002811154118,0.000645266904,0,0,0,0,0,0,0,0,0,0,0,0,0,0,0,0,0,0,0,0,0,0,0,0,0,0,0,0,0,0,0,0,0,0,0,0,0,0,0,0,0,0,0,0,0,0,0,0,0,0,0,0,0,0,0
