ROI_ID,1,2,3,4,5,6,7,8,9,10,11,12,13,14,15,16,17,18,19,20,21,22,23,24,25,26,27,28,29,30,31,32,33,34,35,36,37,38,39,40,41,42,43,44,45,46,47,48,49,50,51,52,53,54,55,56,57,58,59,60,61,62,63,64,65,66,67,68,69,70,71,72,73,74,75,76,77,78,79,80,81,82,83,84,85,86,87,88,89,90,91,92,93,94,95,96,97,98,99,100,101,102,103,104,105,106,107,108,109,110,111,112,113,114,115,116,117,118,119,120,121,122,123,124,125,126,127,128,129,130,131,132,133,134,135,136,137,138,139,140,141,142,143
1,0,2.212281652e-05,0.003487363458,0.0006181461504,0.06424898654,0.6080488563,0.001455837162,0.06101711094,0.0006319101667,0.0001476309844,0.002268737415,0.003467950504,0.002106869128,0.03936483338,0.01914632693,0.006573053543,0.0001944873511,0.0006179534248,0.0009861391736,0.0006098403828,0.0002927242604,0.000386592641,0.0004687496985,0.000728356943,0.0001681086142,0.0002482872515,0.0004387841618,0.001672678394,0.002088991925,0.001445459551,0.0007277354016,0.001542824903,0.00140352326,0.000439396099,0.0002033734927,0.0005474872887,0.000167780905,0.0001603660348,0,0.0001282429876,1.938708192e-05,0.0001838680037,0,0.001396013773,0.00130200549,0.0008236505673,0.001559040044,0.001293041511,0.001220688922,0.001775495475,0.001382034621,0.00122232642,0.0007879121113,0,0,0.000727713923,9.996767039e-05,0.0005817464553,0.0001221242419,0.003439737018,0.0005538996193,0.000601644686,0.002093329094,0.001223346451,0.0001467177644,8.485950821e-05,0.000665091502,0.0003955182037,0.0008230767562,0.0002923241118,7.146264397e-05,0.03713575751,0.004187000915,0.000675778545,0.0007963968674,6.040490553e-05,0,0,4.66878264e-05,0.0007408960955,2.533235238e-05,0.001691857004,0.0002424923878,0.002148462925,0.001280786819,0.001012380701,0.0007673948421,0,0.0002277009917,1.413512109e-05,2.9582141e-05,0.001577410032,0.001552130678,0.05532634258,0.0108328592,0.02901495248,0.002456887858,0.003577908268,0.0102313906,0.005304483697,0.001786920475,0.002109334338,0.002686170628,0.001047611469,0.000702870544,0.0004743266909,6.583600043e-05,3.260655285e-05,0.0306760259,0.0006639866042,0.0008001807728,0.000140666205,0.000398234959,0.0001396694715,0.0009844859596,3.4596771e-05,0.002280858578,0.007274757605,0.0003411949147,2.39984056e-05,4.097533019e-05,9.60315956e-05,2.561149813e-05,0.02999917604,0.7410293221,0.1131758764,0.0007238108665,0.0004589119053,0.00132866588,0.00107083749,0.1693063825,0.02087194286,0.01558254939,0.003323177807,0.003485486843,0.0002671234834,0.0006122649647,0.0003219611244,2.64086666e-05,0.000443084311,3.527215813e-05,0.001927414793,0.001216228819
2,2.212281652e-05,0,1.65036563e-05,4.455830549e-06,0.01851002686,0.1368486136,1.033673811e-06,0.01021438092,0.0001242808212,0,2.73201731e-05,0.0002921460546,0,0.0008517666138,0.000120806566,0.0002296220773,7.515354082e-05,0.000629644026,0.0002659972233,0.0001360333554,0.0002360766521,0.0001111713937,0,0.001980508678,3.542463674e-05,6.165006926e-05,0.0001206788656,0,0.0001572873734,0.0003268646542,0.0002552831429,0.0001011443237,0,2.372134077e-05,0.0001296664268,3.557787932e-05,0.0005785464891,0,0,0,0,0.0001916112669,0,0,0,0,0,0,0.0009774083737,0,0.002723463811,0.0004244438896,0,0,0,0,0,0,0,0,0.001127508585,0,0.001823708066,0.0002031544718,0,0,0,0,0,0,0,2.275845327e-05,0.0004509973223,0,0,0,0,0,0,0,0,0.00022050814,0,0,0.0007482690271,0.002380952472,0,0,0,0,0,0.001508906716,0.0001854950679,0.01370375138,0.004800722934,0.01422481332,0.001766582485,0.001441362663,0.006065611728,0.001187514281,0.001469823183,0.001653120969,9.385091107e-05,0,5.219377999e-05,2.707353815e-06,6.456869414e-06,1.127207452e-05,0.003443297232,0,0.0004114434996,0,0.0001560994278,7.872378046e-05,5.079435596e-06,0,0.0002163796307,0.0004311211524,0,0,0,0,0,1.765304296e-05,0.4888186455,0.02063052543,0,7.409625596e-06,0.000733336492,0,0.09517859668,0.0006415855023,0.001102665206,0.0003344666038,1.092046205e-05,0,0,0,1.076748617e-06,6.160985322e-06,8.569420061e-06,0.0002540157584,0.00013652294
3,0.003487363458,1.65036563e-05,0,0.0002170246153,0.1064502597,0.1072194576,0.0001091970553,0.03792491183,0.002182214055,0.0002704608778,0.001427769428,0.001002244535,0.003105959855,0.002094389405,0.0004422576458,0.003148227232,0.008356888779,0.01058072411,0.01221135538,0.009944044054,0.01008702908,0.008562308736,0.01843817905,0.007433708292,0.004324064124,0.008627972566,0.004249261692,0.002747653052,0.00297224219,0.004155975766,0.005015284754,0.003742278321,0.007879747078,0.002838291461,0.001614430919,0.00308964029,0.007450180128,0.0003039350267,0.001252399525,0.004114917945,0.004128935281,0.0001819936297,0,0.003491036827,0.007045945153,0.002088775393,0.004681451712,0.001814970397,0.003109083977,0.004876931198,0.004632391967,0.002661121078,0.0003809430636,0,6.555393338e-05,0,0.0002518974943,0.001791611896,0.0004207458696,0.003965692129,0.0001342595788,0.003676890396,0.004077765159,0.002999152057,1.420533226e-05,5.340247299e-05,0.003810811089,0.0008845842676,0.001693366445,0.001046167337,0.0001129550219,0.0003501052561,0.001109070145,0.002200484741,0.004257188179,0,0,0,0,0.003121646587,2.668972775e-05,0.0038304599,0.003119916189,0.002638400299,0.001967487857,0.002893246943,0.0001428068645,0,9.258377759e-06,1.667640936e-05,0.0001346352219,0.004319160711,0.003897788469,0.04832424223,0.009745425545,0.02181699686,0.005592710804,0.006669366732,0.01040283218,0.005064241122,0.004522344097,0.004328656476,0.0006259112852,0.0001543398248,0.000102329439,0.0001569855085,6.878306158e-05,0.0001437864848,0.01395521592,0.0004340300802,0.001862319768,0.0002264562208,0.001428638352,0.00047605898,0.0003100925242,2.05053002e-05,0.001116216765,0.002408318687,4.901893408e-05,1.433141551e-05,2.548675911e-05,0.000326170295,1.851857269e-05,0.0001202219646,0.5337413549,0.04766419902,0.001158422441,0.0001948082499,0.003384613665,0.002194375498,0.1053416133,0.00726864161,0.004490702413,0.00270152255,0.0001887532417,3.626026592e-05,3.450131408e-05,3.202481093e-05,1.21592193e-05,0.0001905481913,5.934906585e-05,0.002506105462,0.001717507723
4,0.0006181461504,4.455830549e-06,0.0002170246153,0,0.02119860426,0.07715457678,0.0003204694658,0.004985955544,0.0005080134724,9.590054106e-05,0.0006207861588,0.0002190986852,0.00365695823,0.0002617981518,0.001073083375,0.0005023621488,0.0003470362572,0.0007275114767,0.0007873600698,0.0008247536607,0.0006500568124,0.0009587817476,0.0005238470621,0.0008357814513,0.0001629441103,0.0004849687684,0.0003242204839,0.000351335766,0.0005266686785,0.0004136798088,0.0003321263066,0.000204133903,0.0004505047691,0.0001369102974,7.196120714e-05,0.0004192257766,0.0001245563762,0.0002575617109,0,0.000298554136,0,0.0001512599119,0,0.000194667824,0.002380952472,0.002380952472,0.008105657995,0.002508128528,0.002572144847,0.001763745444,0.004991253372,0.002310725162,0,0,0,0,4.811895633e-05,0.0006270779995,5.63504982e-05,0,0,0.004301561043,0.006830157246,0.00332378922,0,0,0,0.000263251568,0.001147320378,0.0006338140811,1.455070924e-05,6.55913027e-05,0.000667940767,0.0001764730405,0.000780546281,0,0,0,0,0.00150434149,3.826383181e-05,0.005891853012,0.0002126390464,0.002299632644,0.0006728862063,0.0003535485594,0.002380952472,0,0,8.980163693e-05,1.345825603e-05,0.004030173179,0.007302809507,0.05787519366,0.03466058895,0.04855841398,0.01439515222,0.02165914141,0.02403319813,0.006743257865,0.004946244415,0.004817760084,0.0007534331526,0.0001377254521,6.876685802e-05,4.52604254e-05,1.679169509e-05,1.634200817e-05,0.01790193096,0.0001189236209,0.001333632856,9.17565485e-05,0.0009839783888,0.000188299251,0.000136882154,6.79276036e-06,0.001283049467,0.005610182881,3.04956975e-05,0,9.021900951e-06,5.210551171e-05,2.084374501e-06,0.00241604913,0.6140307188,0.04692748189,0.001116713975,0.0001683728333,0.002996023977,0.001009840285,0.1466902494,0.006720053963,0.006185016595,0.002317595063,0.001078111818,6.270744052e-05,0.0003415744286,0.0002346569963,9.125334145e-06,5.277616219e-05,2.168830633e-06,0.00367691624,0.002848443808
5,0.06424898654,0.01851002686,0.1064502597,0.02119860426,0,0.8312330842,0.1066283882,0.2903622687,0.01648705825,0.02912365273,0.02993543632,0.06053758413,0.009192346595,0.06328807026,0.05725938082,0.05448935553,0.1568104774,0.05640063807,0.08660037071,0.0700943172,0.06195364147,0.05548192188,0.03202461451,0.03011220321,0.07346522063,0.06219030172,0.01997712813,0.02346245758,0.02084547281,0.02347072214,0.02658162452,0.02426194027,0.02060095966,0.0160533227,0.01920827664,0.02368156612,0.02973612957,0.0008078473038,0.01190476213,0.05533814058,0.002380952239,0.01318166777,0.002380952472,0.009421710856,0.008095091209,0.01675530337,0.009277128614,0.008976093493,0.008413095027,0.01324927434,0.01053653471,0.02571009845,0.01662357897,0.01694829576,0.0106846476,0.0141374208,0.02122228779,0.02478365973,0.03929599747,0.01876025647,0.02780479379,0.01552394032,0.02267819829,0.02236831561,0.01829069853,0.01257803477,0.01997339167,0.02959707379,0.01750217006,0.0312894024,0.01608821005,0.0672224462,0.0169190336,0.02047672123,0.02064203471,0.007390697021,0.008271496743,0.01614208519,0.01524248719,0.02657506615,0.02121025324,0.02153551951,0.01621847972,0.02043005265,0.02902427875,0.02639282867,0.01086112577,0.01268388703,0.03328448534,0.01428881474,0.01774128154,0.01723309979,0.02292788774,0.08314304054,0.0372123085,0.02132276446,0.06688378751,0.0417156592,0.026087787,0.08318519592,0.07016770542,0.04198500142,0.10237436,0.1106985658,0.0915299505,0.05205950141,0.04997178167,0.05551000684,0.08464486897,0.09641515464,0.05568962917,0.08185850084,0.0469211489,0.08107089996,0.06468745321,0.01627811044,0.0950184688,0.07390455902,0.05608094111,0.02232155204,0.07180678844,0.06124590337,0.01725465246,0.06599462777,0.7592592835,0.1509295702,0.04930736497,0.05993372202,0.05634163693,0.04512609541,0.285890162,0.1108940318,0.09780751914,0.06084642187,0.04123374447,0.04561325535,0.0688059181,0.02913897857,0.03259426728,0.05232968926,0.01867252029,0.05726027116,0.05269490927
6,0.6080488563,0.1368486136,0.1072194576,0.07715457678,0.8312330842,0,0.01142726652,0.4067654014,0.232023105,0.03632773459,0.08730989695,0.05235540122,0.1503706425,0.02484619059,0.004009941127,0.03248589113,0.4802120328,0.383633405,0.4161136746,0.4293565154,0.4182499051,0.3265060782,0.2078850269,0.1732110828,0.3336661756,0.3582750857,0.1882264167,0.0868210718,0.1679473966,0.2028208077,0.2385866344,0.1505488902,0.07551018894,0.04369236156,0.1066434979,0.1393172294,0.1322494447,0.01256856136,0.03961573169,0.1079145819,0.03317280114,0.03707850724,0.004761904944,0.08626993001,0.08671534061,0.1089130417,0.1396702677,0.1145849079,0.2258265018,0.1638408601,0.2531774044,0.2071765959,0.02943248674,0.02758556791,0.007142857648,0.0142857153,0.0380083546,0.1841357946,0.2066331357,0.09224859625,0.01887279749,0.1058144718,0.2646915317,0.2716223598,0.03433960304,0.0745581761,0.0780004859,0.1243447959,0.2287350297,0.1517890841,0.07929897308,0.009711837396,0.07146397233,0.1018985584,0.1448554546,0.03505185992,0.01830135286,0.01252492331,0.03221593797,0.2606164813,0.0449375324,0.2751812637,0.05221419781,0.1228293702,0.1271039099,0.1350964606,0.01260322426,0.0142857153,0.03187661618,0.05673483759,0.01249964722,0.230126828,0.251642704,0.6148850322,0.2830321491,0.2552075386,0.3733213246,0.347574234,0.3368305266,0.3381489515,0.3985897303,0.38124156,0.2611609697,0.1752635539,0.1989742368,0.2217646241,0.2874051034,0.3066971898,0.299528271,0.1926230192,0.3411969543,0.1270073652,0.3151052594,0.3318344653,0.2120821923,0.1769147813,0.2488430291,0.3339857757,0.1605078578,0.06559093297,0.1697123349,0.1052535325,0.1331684589,0.07229831815,0.5525170565,0.334498316,0.2641408145,0.1823882461,0.3506164551,0.2727998793,0.4440895021,0.2101777494,0.2225925177,0.3103976548,0.2027221918,0.1721770614,0.09574876726,0.1014060378,0.1501520723,0.2031470984,0.09510342777,0.4093960524,0.2846995592
7,0.001455837162,1.033673811e-06,0.0001091970553,0.0003204694658,0.1066283882,0.01142726652,0,0.003235230921,0.004596501123,0,0.0003248673165,0.00181589101,0,0.0001427412499,0,0.001143500675,0.001398156863,0,0.002380952472,0,0.002380952472,0.00142287428,0,0,0,0,0.001410818542,0,0,0,0,0,0,0,0,0.002380952472,0,0,0,0,0,0,0,0,0,0.006701012608,0,0,0.004761904944,0.001226708759,0.006735262461,0.004761904944,0,0.002380952472,0,0,0,0,0.004792974796,0,0,0.002380952239,0.01697188616,0.01713305525,0,0,0,0,0.0006017263513,0.002380952472,0.003337535542,0,5.087065074e-05,0.007142857648,0.002984614111,0,0,0,0,0.003275111085,0,0.01744991727,0,0,0.002380952239,0.002380952472,0,0,7.666601959e-06,0,0.002380952472,0.003679578891,0.01645293459,0.05258026347,0.02709894814,0.03511539474,0.02388449758,0.02264675498,0.0172378812,0.02590722032,0.01961318031,0.01836142503,0.009447869845,0,0.003190752817,0.005793040153,0.005849269684,0.002861469053,0.05931299925,0.0006634278107,0.02016027644,0,0.00529000489,0.00731379725,0.0150172133,0.003563916311,0.01775345579,0.01259695366,0.0003474557016,0,0,0.0003173402511,0,2.692077032e-06,0.5605688095,0.1081223339,0.0204811804,0.00360421557,0.001850936911,0.0004603137786,0.2308568358,0.02219385467,0.02182207443,0.02610743232,0.0003847537155,0.0001167462542,4.613354122e-06,3.652451414e-05,8.969553892e-05,0.01446031872,0.002380952472,0.003587245708,0.0006405392778
8,0.06101711094,0.01021438092,0.03792491183,0.004985955544,0.2903622687,0.4067654014,0.003235230921,0,0.02626101114,0.007010578178,0.04854842648,0.009447588585,0.06496647,0.03111976571,0.004102409817,0.01565652341,0.01648504846,0.01785657555,0.02448794805,0.01741861179,0.01085388381,0.01100995485,0.01020467188,0.008297487162,0.004542733077,0.0099401474,0.004180417862,0.009217645042,0.008238789625,0.006516947411,0.006177763455,0.007255834527,0.009252325632,0.005698055029,0.002087187488,0.005449249875,0.006087055895,0.003857733915,0.006426620763,0.003860133002,0.004969905131,0.003920783289,0.0006748097367,0.0791566819,0.07493336499,0.09871724993,0.1033229157,0.1193877831,0.1273573935,0.1091036275,0.1281025559,0.1155078039,0.07157298923,0.03911979869,0.05105021968,0.03315163776,0.02985714003,0.0883603394,0.05405464396,0.0868915692,0.08632550389,0.1071900204,0.1232349426,0.1135732606,0.02265975811,0.01698679477,0.118204236,0.09885402024,0.1015146002,0.09054835886,0.01259917114,0.04941110313,0.04857658222,0.1140620261,0.1119994149,0.00777340401,0.008853500709,0.00356776081,0.01184224244,0.09728121758,0.006682337262,0.1250570416,0.07779459655,0.0877538994,0.1021185592,0.1072021052,0.04975340515,0.01618913189,0.005935988389,0.004988549743,0.006986896973,0.120652169,0.1215372756,0.1912730485,0.1376449764,0.1579113007,0.134387061,0.1348779798,0.139345184,0.1300836504,0.1286162883,0.1256578267,0.1192411631,0.1050949022,0.08074557036,0.04463095963,0.05032695457,0.05486519262,0.1540531367,0.08533418924,0.1112388745,0.08490336686,0.0980893746,0.08878956735,0.03895714879,0.01203549094,0.1059821323,0.1048286483,0.03786596656,0.006146948785,0.008105926216,0.0662253201,0.006848155987,0.05105115473,0.8264187574,0.2458374053,0.1012131199,0.02381494455,0.1154744029,0.0946303606,0.27729702,0.1293736398,0.1343077272,0.1149457097,0.0533785671,0.01763300039,0.022788072,0.01215867233,0.003055606736,0.02424249984,0.006288951728,0.1208966076,0.1085953712
9,0.0006319101667,0.0001242808212,0.002182214055,0.0005080134724,0.01648705825,0.232023105,0.004596501123,0.02626101114,0,0,5.626128768e-06,2.40004988e-06,0,0,0,1.499816904e-06,5.649747254e-05,3.406382893e-05,3.178348561e-05,1.214900931e-05,0,0,2.302107896e-05,0,0,2.225167918e-05,0,0,0,0,1.675512613e-05,0,0,0,0,0,0,0,0,0,0,0,0,0,0,0,0,0,0,0,0,0,0,0,0,0,0,0,0,0,0,0,1.02627564e-06,7.406097779e-07,0,0,0,0,0,0,0,4.871385318e-05,0,0,2.603962002e-06,0,0,0,0,0,0,1.06957832e-05,0,0,0,0,0,0,0,0,0,0,0,0.004048204981,0.003233907279,0.001675196574,0.0006138132885,0.0003786477318,0.0003029899381,0.0007271240465,0.0004406268999,0.0001860693737,0.0001565910643,0,0.0002113044757,0.0001492248848,7.236131933e-05,3.645061952e-05,0.001324199839,0,0.0001473485172,0.0003370687482,2.005386159e-05,3.393009683e-05,0,1.427975349e-05,4.960222577e-05,0.0005037920782,0.0003868892672,0,0,0,3.131184712e-06,0.001815698924,0.4571993053,0.01693584211,1.67276412e-05,0,0,1.930107101e-05,0.05250726268,0.0007330926019,0.0001710671495,0.0007372788386,0.0009286458371,2.059125836e-05,0,5.317923751e-06,0,0,0,0.000155210364,2.210929779e-05
10,0.0001476309844,0,0.0002704608778,9.590054106e-05,0.02912365273,0.03632773459,0,0.007010578178,0,0,0,0,0,0,0,1.37470704e-06,0,0,0,0,0,4.521112351e-05,0,0,0,0,0,0,0,0,0,0,0,0,0,0,0,0,0,0,0,0,0,0,0,0,0,0,0,0,0,0,0,0,0,0,0,0,0,0,0,0,0,1.69610139e-05,0,0,0,0,0,0,0,0,0,0,0,0,0,0,0,0,0,0,0,0,0,0,0,0,0,0,0,0,0,0.006108005531,0.002721525729,0.003997369669,0.005997923668,0.003911528736,0.0003253745381,0.003684031079,0.0009756377549,0,0.0004389000533,0,0,0,0,4.460533455e-05,0.003479537088,0,0,0,0,9.345421131e-05,7.010814443e-05,0,0,0.0001696559921,0,0,0,0,0,0,0.3714423478,0.01145412866,0,0,0.0009962192271,0,0.07147878408,0,0.002380952472,0.0006949680974,0,5.463428806e-06,0,0,0,0,0,0,5.000436795e-05
11,0.002268737415,2.73201731e-05,0.001427769428,0.0006207861588,0.02993543632,0.08730989695,0.0003248673165,0.04854842648,5.626128768e-06,0,0,1.927526228e-06,3.760214167e-05,4.370619354e-05,4.95902259e-06,1.138582502e-05,0.0001173656128,0,3.699110312e-05,0,0,0.0003003962047,0,0.002380952239,0,0.0003142621426,1.990968849e-05,0,0,0,0,0,0,0,0,0,0,0,0,0,0,0,0,0,0,0,1.457937742e-06,2.302883104e-06,1.348575734e-05,0,9.221867913e-06,9.061633932e-07,0,0,9.466831443e-07,0,0,8.92703099e-07,0,0,0,0,1.468654045e-05,2.206057616e-05,0,0,1.495304241e-05,0,8.51920845e-07,0,0,8.517145602e-07,3.852700956e-06,3.654978855e-06,2.121787475e-06,0,0,0,0,4.815240754e-05,0,0.0001005081285,0,0,9.063957805e-06,0,0,0,0,0,2.313517371e-06,0,7.419111353e-05,0.02893343754,0.01325119287,0.0189755559,0.002632114338,0.003838651348,0.003836633172,0.006107945926,0.001063543023,0.00089779665,0.0004286363837,0,0.0004226613091,0,0.0002818821231,3.850236681e-05,0.01157255936,0.0002382710954,0.0002155237889,0,0.0001632245985,3.215852848e-05,0.0002156221744,3.409018609e-05,0.001421364606,0.001190902549,9.31929826e-05,0,0,0,0,0.0001193879507,0.5449789166,0.04015872627,0.0001205782319,0.0001134893755,0.0002648123482,0.000166769416,0.0828140527,0.002328760223,0.001416421728,0.00220338162,0.001725836424,0.0001060922441,0,1.289969441e-05,2.516375389e-06,5.583074017e-05,6.583185314e-05,0.000969560293,0.0002618129074
12,0.003467950504,0.0002921460546,0.001002244535,0.0002190986852,0.06053758413,0.05235540122,0.00181589101,0.009447588585,2.40004988e-06,0,1.927526228e-06,0,1.348002343e-06,7.145894051e-05,7.921193173e-06,0,6.782636046e-05,2.564785791e-05,0,1.707416777e-05,0,0,0.0003446510236,0,0,0,0,0,0,0,0,0,0,0,0,2.280241461e-05,0,0,0,9.310433234e-05,0,0.0008172582602,0,0,0,2.977423173e-05,0,0.000236218053,0,0,0.0001282643934,5.513889482e-05,0,0,0,0,0,4.274758794e-06,2.246933718e-06,0,0,5.914890062e-05,0.000155778398,7.158616063e-05,0,0,0,0,1.998630978e-05,4.063229426e-05,0,0,2.719166696e-05,7.195612397e-06,1.7725828e-05,0,0,0,0,0.0002929404436,0,0.0002134409297,0,1.474174587e-05,0,0,0,0,0,0,0,0,0.0002761868527,0.03438738361,0.02504620142,0.04494521394,0.009071269073,0.01527726371,0.02213583328,0.01223818585,0.01009927504,0.004301646259,0.001818372752,0.0005581195001,0.0005554152303,0.0002581246081,0.000487502839,2.969842353e-05,0.03297070414,0.0006516646827,0.002087007742,0.001534197829,0.000436858827,0.0002801064984,0.0006799858529,2.58298187e-05,0.004941205028,0.007260735612,0.0001055191387,1.580136632e-05,1.589983731e-05,0,1.218400666e-05,0,0.5697242618,0.04922231659,0.001471446711,0.0001274015231,0.001172811724,0.0007785985363,0.1374935061,0.01076297928,0.006633440964,0.00705947401,0.008630555123,0.0002929596521,0,0,0,0.0003131428384,8.648635412e-05,0.002386369742,0.0005359424977
13,0.002106869128,0,0.003105959855,0.00365695823,0.009192346595,0.1503706425,0,0.06496647,0,0,3.760214167e-05,1.348002343e-06,0,0,0,4.613027613e-06,0.000892180251,0.0004393537238,0,0,0.001032035565,0,0,0,0,0,0,0,0,0,0,0,0,0,0,0,0,0,0,0.001507282606,0,0,0,0,0,0,0,0,0,0,0,0,0,0,0,0,0,0,0,0,0,0,1.471460109e-05,4.422286656e-05,0,0,0,0,0,0,0,0,7.024727324e-07,0,0,0,0,0,0,0,0,1.92988864e-05,0,0,0,0,0,0,0,0,0,0,6.489133375e-05,0.00285629672,0.001095470856,0.001152496436,0.0005070404732,0.0002967165201,2.841355308e-05,0.001158119529,0.0003098992456,3.343301432e-05,0,0,0,0.002380952472,0,0.0001165621579,0.003442549845,0,0.0002302409703,0,3.289460801e-05,0,0.0005699211033,0,0.001685245777,0.0005303865764,0,0,0.0007124312106,0,0,0.000912996009,0.4824921191,0.01982975006,0.0001574281341,0.0006104341592,3.455400656e-05,6.702727842e-05,0.07127874345,0.001358800335,0,0.001246631728,0.00425432343,0,0,0,0,0,0,0,0
14,0.03936483338,0.0008517666138,0.002094389405,0.0002617981518,0.06328807026,0.02484619059,0.0001427412499,0.03111976571,0,0,4.370619354e-05,7.145894051e-05,0,0,4.949610593e-05,1.128918598e-06,0.006805505138,0,0,0,0,0,0,0,0,0,0,0,0,0.0002673017152,0,0,0,0,0,0,0,0,0,0,0,0,0,0,0,0,0,0,0.0003428513883,0,3.971178739e-05,0,0,0,0,0,0,0.0008780089556,0,0,0,0,4.859727414e-05,0.0004031291464,0,0,0,0,4.196425289e-05,0,0,0,0,0,0.0001188039751,0,0,0,0,0,0,0,0,0.0001163933484,0,0,0,0,0.0009442776209,0,0,0,0.001380109112,0.04072158039,0.01878944971,0.02173845097,0.004091610666,0.0125490604,0.008622059599,0.01779880002,0.01260591391,0.004458214156,0.0003230930888,0.002380952472,0.003591391491,0.004267920274,0,0.0002361508377,0.02895191312,0.002380952472,0.004408175591,0,0.0008448428707,0.001470144023,0.002380952239,0.002380952472,0.006139283534,0.007341798395,0.002380952472,0,0,0,0,0,0.5525267124,0.05391393229,0.0005916742375,0.000498267822,0.001924627926,0.00141543278,0.1327426732,0.005127355456,0.004761904944,0.0108181322,0.01390719041,0.006190737244,0,0,0,0.002380952472,0,0.006678453181,0.00121817179
15,0.01914632693,0.000120806566,0.0004422576458,0.001073083375,0.05725938082,0.004009941127,0,0.004102409817,0,0,4.95902259e-06,7.921193173e-06,0,4.949610593e-05,0,6.305398983e-06,0,0,0,0,0,0,0,0,0,0,0.0005485395668,0,0,0,0,0,0,0,0,0,0,0,0,0,0,0,0,0,0,0.0008200955926,0.0001990952733,0,0,0,0,0,0,0,0,0,0,0,0,0,0,0,0,0.0004423995269,0,0,0,0,0.0005936936941,0,0,0,2.23345196e-05,0,0,0,0,0,0,0,0,0.001376554836,0,0.0001062469746,0,0,0,0,0,0,0,0,0.000883581175,0.02949440852,0.02421397157,0.01867770962,0.01060444396,0.01506888494,0.01184814516,0.008212719113,0.002938075922,0.001522094011,0,0,0,0,0,0,0.03565029427,0,0.001728160423,0,0.0002504399163,0.004761904944,0.004761904944,0.002380952472,0,0.005148249213,0,0,0,0,0,0,0.4632558823,0.02568836324,0.003111825325,0.000522852235,0.002380952472,0,0.1029196456,0.00324748992,0.002380952239,0.019263478,9.730916645e-05,0.001286729239,0,0.0002981130092,0,0,0.0009462122107,0.003432593076,0.002212482737
16,0.006573053543,0.0002296220773,0.003148227232,0.0005023621488,0.05448935553,0.03248589113,0.001143500675,0.01565652341,1.499816904e-06,1.37470704e-06,1.138582502e-05,0,4.613027613e-06,1.128918598e-06,6.305398983e-06,0,0.0001453667064,0.0002092282521,0.0002292361751,1.670979327e-05,6.272992323e-05,4.504528988e-05,3.570884655e-05,0,2.226701872e-05,5.763602894e-05,8.010334568e-06,0,0,0,0,0,5.253095878e-05,3.009331522e-05,0,0,0,0,0,0,0,0,0,0,0,2.292071804e-05,4.896405699e-06,0,5.676498768e-05,1.688026532e-05,8.056298248e-05,0.0001867812971,0,0,0,0,0,1.278551917e-05,3.405576763e-06,2.45614101e-05,0,8.879167581e-05,4.372790863e-05,7.967293641e-05,0,1.248287958e-06,0,6.362820568e-05,8.191133384e-05,0.0002501999843,6.519854196e-06,0,6.945828773e-06,0.0003597161849,1.696995787e-05,0,0,0,0,0.0001666016906,4.086696663e-06,0.0003755721555,0,0,0,0.0001573990885,0,0,0,0,0,4.183530473e-05,0.0005270249094,0.04514110461,0.02892650478,0.04110792279,0.01553598978,0.02083540335,0.01084131096,0.01493823435,0.01094609499,0.00485659577,0.001477945247,0.0008927498711,0.003291415749,0.003537947545,0.001049753744,0.0005527508329,0.03278569505,0.002336711157,0.00252039521,0.00321247126,0.0005428770091,0.001030309475,0.001543032704,0.0001777794678,0.001469366136,0.004042621236,0.0006997337332,0,0.0001673470688,0.0002772727166,4.931958028e-05,0.000394711562,0.5737145543,0.04739788175,0.001093579689,0.0007384897326,0.0007999039954,0.001597351162,0.1186461821,0.003797923448,0.00721223047,0.01112656388,0.005772637203,0.0003558953758,0,0.0005760421045,2.671073889e-05,0.0005442608963,7.963842654e-05,0.002534783445,0.0005406577839
17,0.0001944873511,7.515354082e-05,0.008356888779,0.0003470362572,0.1568104774,0.4802120328,0.001398156863,0.01648504846,5.649747254e-05,0,0.0001173656128,6.782636046e-05,0.000892180251,0.006805505138,0,0.0001453667064,0,3.128907622e-07,5.802686246e-06,2.370200718e-06,7.691406267e-07,9.973730357e-07,0,0,9.592270089e-07,4.040245187e-07,6.426886898e-07,0,4.776254173e-06,1.461656302e-05,2.187470091e-05,2.226517427e-05,0,3.187813854e-05,4.968238045e-06,3.323781493e-05,1.797766458e-06,0,0,0,0,2.699338893e-06,0,0.004239645787,0,0.0007810555398,0.004761904944,0,0.0009390580235,0,0.003101355629,0.00471400423,0.002380952472,0,0,0,0,6.814303197e-05,4.995447671e-05,0.001067882287,0,0,0.0011626177,0.001643148367,0.0003472951648,0,0,0,0.001252984628,0.002970031695,0,0.0153104132,0,0.0001798880839,0.001665516058,0,0,0,0,0.002120098332,0,0.00271677901,0,0.0004465880338,0,0,0,0.0003670226142,0,0,0,0,0.002197871916,0.04157998413,0.01478703972,0.050796289,0.003261516569,0.007162696216,0.02431264333,0.006278289948,0.002747601829,0.005952683277,0.004875314422,0.0003111832775,0.001438300707,0.001740126288,0.0005782774533,0.0006509227678,0.04305289686,0.001558255171,0.001615467714,0,0.0008229598752,0.0008066888549,0.001213553129,5.77285391e-05,0.002849423792,0.007235840894,0.0001894616435,0.0001366197102,5.463793059e-05,0,0.0001304810576,0.02739424072,0.6964928508,0.1103087589,0.0009724486736,0.000262245565,0.0007532613818,0.001494056429,0.1953290552,0.02697279304,0.01950134709,0.004117028322,0.001832360751,0.0005335234455,0.001435654936,0.0002426531282,0,0.000954314135,0,0.003134673927,0.002733645961
18,0.0006179534248,0.000629644026,0.01058072411,0.0007275114767,0.05640063807,0.383633405,0,0.01785657555,3.406382893e-05,0,0,2.564785791e-05,0.0004393537238,0,0,0.0002092282521,3.128907622e-07,0,4.36537789e-07,0,0,0,0,0,0,0,0,0,1.440907636e-05,0,0,0,0,0,0,0,0,0,0,0,0,0,0,0,0,0,0,0.002380952239,0,0,0,0,0,0,0,0,0,0,4.277751941e-05,0,0,0,0,0,0,0.0002271270496,0,0,0,0,0.0004508604761,0,0,0,0,0,0,0,0,0,0,0.0009396391688,0,0,0,0,0,0,0,0,0.0002683454659,0,0,0.01274357643,0.00663546985,0.005155444145,0.001155616017,0.005646756385,0.005800438114,0.003149888245,0.005577145144,0.001732604927,0,0,0.002429905813,0.000654706324,0.001236583455,0.0008451816975,0.01765953563,0.0009494115366,0.003283452475,0.0008853112231,0.0009965262143,0.00153573975,0.0005570913781,0.000249727047,0.004290963989,0.008690452203,0,0,0,0.004172781017,0,0.002380952472,0.4993214309,0.02247331105,0.001305174897,0,0.001846355386,0,0.1157074943,0.004761904944,0,0.003702449612,0,0.0005009078304,0.002380952472,0,0,0,0,0.002691529691,0
19,0.0009861391736,0.0002659972233,0.01221135538,0.0007873600698,0.08660037071,0.4161136746,0.002380952472,0.02448794805,3.178348561e-05,0,3.699110312e-05,0,0,0,0,0.0002292361751,5.802686246e-06,4.36537789e-07,0,1.893176318e-07,0,0,0,0,0,0,0,0,0,0,0,0,0,0,0,0,0,0,0,0,0,0,0,0,0,0,0,0,0,0,0.001046745107,0,0,0,0,0.001445047557,0,0.0005944970762,0.000155301168,0,0,0,0.001502489205,0.002477386268,0,0,0,0.002380952472,0,0.004202666692,6.401343126e-05,0.0006681008963,0,0,0,0,0,0,0,0,0,0.0009141556802,0,0,0,0,0,0,0,0,0,0.002380952472,0.001391497906,0.02405891567,0.01552970894,0.01774426177,0.004456341267,0.001831430709,0.001566301682,0.007244671695,0.00408908492,0.004696805496,0.0005600429722,0.0006270268932,0.001212252653,0.00152938941,0.0009218723862,0.0008230059757,0.02376007289,0,0.002582747722,0,0.001444926253,0.001512065297,0.001340247691,0.0003866898187,0.004815146793,0.00263927388,0,0,0,0,0,0,0.5635471344,0.03465240076,0.001238398952,0,0.001845329884,0.003386729863,0.1171075925,0.007364649791,0.002380952472,0.006221614778,0.002245915122,0,0,0.002490943996,0,0.0004133211914,0,0,0.00408202922
20,0.0006098403828,0.0001360333554,0.009944044054,0.0008247536607,0.0700943172,0.4293565154,0,0.01741861179,1.214900931e-05,0,0,1.707416777e-05,0,0,0,1.670979327e-05,2.370200718e-06,0,1.893176318e-07,0,0,2.016680082e-05,0,0,0,1.014785312e-06,1.606722435e-06,0,0,2.015164455e-06,0,0,0,0,0,0,0,0,0,0,0,0,0,0,0,0,0,0,0,0.002380952472,0,0.001082343399,0,0,0,0,0,0.0001901057258,0.0001278466952,0,0,0.0002292678255,0.0006368104951,0.0004490020801,0,0,0,0.002380952472,0,0,0,0.006325230468,0,0.004761904944,0,0,0,0,0,0.0004495363974,0,0.0009055429837,0,0,0,0,0,0,0,0,0,0.0006886587944,0.002117362805,0.02009235136,0.0170148313,0.03061426803,0.002565163421,0.003737322986,0.004762356635,0.008143235929,0.00353972055,0.00219149515,0.004971405491,0.001880524331,0.0001044101373,0.00206835987,0.0009143892094,0.001155238133,0.02786132693,0.005399361718,0.001306172227,0,0.002425441751,0.001850720611,0.001524748979,0.0001235054078,0.006086639129,0.009625376202,0.001972694881,0,0,0,0.0003215179604,0.004143305589,0.5829228759,0.05366747454,0.001264646999,8.716796583e-05,0.002048215596,0.002772267442,0.1303553283,0.01271384582,0.00578047568,0.003940148279,0.001142509631,0.00177870458,0,0.003145437222,0.0002185067715,0.001566900639,0,0.002380952472,0.003694884945
21,0.0002927242604,0.0002360766521,0.01008702908,0.0006500568124,0.06195364147,0.4182499051,0.002380952472,0.01085388381,0,0,0,0,0.001032035565,0,0,6.272992323e-05,7.691406267e-07,0,0,0,0,4.746402169e-07,0,0,0,0,0,0,0,0,0,0,6.84378756e-06,0,0,0,0,0,0,0,0,0,0,0,0,0,0,0,0,0,0,0,0,0,0,0,0,0,0.0001283408783,0,0,0,0.0004128470609,0.000664681138,0.0004655287485,0,0.002380952472,0,0,0.002380952472,0,0.00353844231,0,0,0,0,0,0,0,0.000691561494,0,0.002326084068,0,0.002380952472,0,0,0,0,0,0,0,0.002380952472,0.0008345951792,0.01197464205,0.007968311198,0.03080482595,0.007003739476,0.004307596479,0.01256226096,0.009637378156,0.005450606346,0.003568167565,0,0.001248462591,0.002631843789,0.001075998414,0.0007422108902,0.001040000818,0.01910217479,0.0009428224294,0.003351793159,0,0.001600471674,0.001403053524,0.001957328524,0.0002468756575,0.002758478979,0.008226134814,0.004513467196,0,0,0,8.621488814e-05,0.006457571406,0.5914475918,0.03871334717,0.001757623395,0,0.003391304053,0.002471343847,0.1240588725,0.006375194062,0.01433126256,0.0023892764,0.001199209481,0.0002467386075,0,0.000627662288,8.821306255e-05,0.0007801682805,0,0.003485975787,0.002380952472
22,0.000386592641,0.0001111713937,0.008562308736,0.0009587817476,0.05548192188,0.3265060782,0.00142287428,0.01100995485,0,4.521112351e-05,0.0003003962047,0,0,0,0,4.504528988e-05,9.973730357e-07,0,0,2.016680082e-05,4.746402169e-07,0,0,0,0,0,3.901775926e-06,3.923994882e-05,0,0,0,0,0,0,0,0,0,0,0,0,0,0,0,0,0,0,0,0,0,0,0,0.0007101419615,0,0,0,0,0,0,0,0,0,0,0,0.00168528175,0,0,0,0,0,0,0,0,0,0,0,0,0,0,0,0,0,0.0005029551685,0,0,0,0,0,0,0,0,0,0.002380952472,0,0.0196890831,0.01206921879,0.00743329199,0.004009444732,0.0094111301,0.005780203268,0.002259073779,0.005273708608,0.003639800241,0.003847045358,0,0.0002392284805,0.004148592241,0.00184552744,0.001199613325,0.01650374383,0.0003105764627,0.004067614675,0.005812876392,0.00176303531,0.00141334231,0.0002634484554,0.0004186870938,0.0008300288464,0.008710277267,0,0,0,0.002380952239,0,0.001196599216,0.4793152511,0.0335531421,0.002847843105,0.0006482150056,0.0005328853149,0,0.09883952141,0.002380952472,0.003450750606,0.005354198627,0.002380952472,0,0,0.0003891642264,0,0,0,0.002380952472,0.005689615849
23,0.0004687496985,0,0.01843817905,0.0005238470621,0.03202461451,0.2078850269,0,0.01020467188,2.302107896e-05,0,0,0.0003446510236,0,0,0,3.570884655e-05,0,0,0,0,0,0,0,0,0,0,0,0,0,0,0,0,0,0,0,0,0,0,0,0,0,0,0,0,0,0,0,0,0,0,0.002380952472,0,0,0,0,0,0,0,0,0,0,0,0,0.0003024071921,0,0,0,0,0.001071961597,0,0,0.002380952472,0,0,0,0,0,0,0,0,0,0.00151705544,0,0,0,0,0,0,0,0,0,0,0,0.009944281541,0.003583705286,0.007142857648,0.004761904944,0.003609978128,0,0,0.01231785584,0.001816353993,0,0,0.002380952239,0,0.0009794726502,0.001278251642,0.01106941886,0,0.002787726698,0,0.001270779758,0.0008702192572,0.001088110497,0,0,0,0,0,0,0,0,0,0.3175091743,0.01346727367,0,0.001123550115,0.002988667926,0,0.06378173828,0.000785967859,0,0.0005167262862,0,0,0,0,0,0,0,0,0.003147613723
24,0.000728356943,0.001980508678,0.007433708292,0.0008357814513,0.03011220321,0.1732110828,0,0.008297487162,0,0,0.002380952239,0,0,0,0,0,0,0,0,0,0,0,0,0,0,0,0,0,0,0,0,0,0,0,0,0,0,0,0,0,0,0,0,0,0,0,0,0,0,0,0,0,0,0,0,0,0.000515751075,0,0,0,0,0,0,0.002380952472,0,0,0,0,0,0,0,0,0,0,0,0,0,0,0,0,0,0,0,0,0,0,0,0,0,0,0,0,0,0.005074655637,0.004761904944,0.002380952472,0.003706441727,0.0006754139322,0,0.0003515616409,0.0007264533779,0,0,0,0,0,0.00128381711,0.0004843581701,0.008558804169,0.002886904171,0.001367745805,0,0.001037638285,0.002366411733,0.002380952472,0,0.005060193129,0,0,0,0,0,0,0,0.2306404412,0.0006502574543,0.0004053036973,0,0.002380952472,0,0.04278884456,0,0.001025634585,0.009369563311,0,0,0,0,0,0,0,0.002380952472,0
25,0.0001681086142,3.542463674e-05,0.004324064124,0.0001629441103,0.07346522063,0.3336661756,0,0.004542733077,0,0,0,0,0,0,0,2.226701872e-05,9.592270089e-07,0,0,0,0,0,0,0,0,0,0,0,0,0,0,1.703567614e-05,0,0,0,0,0,0,0,0,0,0,0,0,0,0,0,0,0,0,0.002380952472,0,0,0,0,0,0,0,0,0,0,0.002380952472,0.0008398005739,0,0,0,0,0,0.002380952472,0,0,0.002380952472,0,0,0,0,0,0,0,0.0006322097615,0,0.004761904944,0,0,0,0,0,0,0,0,0,0,0,0.01868173666,0.01248347946,0.0221194122,0.00931605231,0.0117049627,0.007142857648,0.001811986906,0.004659621045,0.002914202632,0,0,0.001524011372,0.0005502675776,0.0005228954251,0.0002956879616,0.01853089221,0.002380952472,0.00152347039,0.0001672624494,0.007136378903,0.0003059228766,0.001199005404,0.0001918516064,0.002885560505,0.002155254362,0,0,0,0,0,0.002380952472,0.550182879,0.02742951363,0,0,0.002134830691,0.002380952472,0.1239849031,0,0.003753362456,0.00269809179,0.0004343503388,0,0,0,0,0,0,0.001063906238,0
26,0.0002482872515,6.165006926e-05,0.008627972566,0.0004849687684,0.06219030172,0.3582750857,0,0.0099401474,2.225167918e-05,0,0.0003142621426,0,0,0,0,5.763602894e-05,4.040245187e-07,0,0,1.014785312e-06,0,0,0,0,0,0,0,0,0,0,0,4.166717554e-05,0,0,0,0,0,0,0,0,0,0,0,0,0,0,0,0,0,0,0,0,0,0,0,0,0,0,8.401127707e-05,0,0,0,0.0004278289853,0.0008361284272,0,0,0,0.002380952472,0,0,0,0,0,0,0,0,0,0,0,0.002935294993,0,0.0006341538392,0,0,0,0.0005859931116,0,0,0,0,0,0,0,0.02068940736,0.007302328013,0.01225468796,0.001161194756,0.003712522099,0.006813579239,0.006811019033,0.00345371943,0.007798820734,0.004035891499,0,0.00138762116,0.0002609777148,0.0009338835371,0.0008223630721,0.01999328844,0.000905482797,0.002578898566,0,0.001273078495,0.001070214086,0.002188501181,9.946171485e-05,0.002632380463,0.006979377009,0,0,0,0,0.0001756598649,0.005515774712,0.5795388222,0.03933721036,0.001899814932,0,0.0003560003825,0.002380952472,0.1114374474,0.008040368557,0.004226647317,0.003117450746,0.002380952472,0.0001772888209,0,0,0,0.0007759165601,0,0.002503955504,0.001250386704
27,0.0004387841618,0.0001206788656,0.004249261692,0.0003242204839,0.01997712813,0.1882264167,0.001410818542,0.004180417862,0,0,1.990968849e-05,0,0,0,0.0005485395668,8.010334568e-06,6.426886898e-07,0,0,1.606722435e-06,0,3.901775926e-06,0,0,0,0,0,0,0,0,6.328116342e-07,1.013344104e-06,0,0,0,0,0,0,0,0,0,0,0,0,0,0,0,0,0,0,0,0,0,0,0,0,0,0,2.195344314e-05,0,0,0,4.217353853e-05,5.648561e-06,0,0,0,0.0007590785972,5.714724102e-05,0,0,0,0,0,0,0,0,0,0,0.0004275891115,0,0.0001381044422,0,0,0,0,0,0,0,0,0,0,0.0009981699986,0.001699948101,0.01697161794,0.002380952472,0.00796867162,0.004306020215,0.005088588223,0.00392206246,0.003552735085,0.002799037145,0.002380952472,0,0,0.001070481841,0.0006561258342,0.0007262110012,0.008571901359,0,0.003064696444,0,0.0007135769119,0.001474591438,0,1.336978494e-05,0.0008032842306,0.003312139772,0,0.001530137728,0,0,0,0,0.3336965144,0.005377358757,0,0,0.0003291509929,0.0007070924621,0.06156037748,0.001059759292,0.002380952472,0.003397999797,0.001721551525,0,0,0,0,0.001426900621,0.0002749445848,0.0004115570046,0
28,0.001672678394,0,0.002747653052,0.000351335766,0.02346245758,0.0868210718,0,0.009217645042,0,0,0,0,0,0,0,0,0,0,0,0,0,3.923994882e-05,0,0,0,0,0,0,0,0,0,0,0,0,0,0,0,0,0,0,0,0,0,0,0,0,0,0,0,0,0,0,0,0,0,0,0,0,0,0,0,0,0,0,0,0,0,0,0,0,0.0002185630437,0,0,0,0,0,0,0,0,0,0,0.0005453367485,0,0,0,0,0,0,0,0,0,0,0.002380952472,0,0,0.002380952472,0.007631290238,0.000676330179,0,0.002380952239,0.003045301884,0.002899784129,0,0,0,0,0.001586919534,0.001185876084,0.002380952472,0,0.002135129878,0,0.000576154911,0.003925586119,0.0008696503355,0.0003220306244,0,0.002380952472,0,0,0,0,0.00067163934,0.004761904944,0.135408625,0.002380952472,0,0,0.002380952472,0,0.03920820355,0,0,0.003893107641,0.002380952472,0,0,0,0,0,0,0,0
29,0.002088991925,0.0001572873734,0.00297224219,0.0005266686785,0.02084547281,0.1679473966,0,0.008238789625,0,0,0,0,0,0,0,0,4.776254173e-06,1.440907636e-05,0,0,0,0,0,0,0,0,0,0,0,0,0,0,0,0,0,0,0,0,0,0,0,0,0,0,0,0,0,0,0,0,0,0,0,0,0,0,0,0,4.621172411e-05,0,0,0,0,0.0001356574503,0,0,0,0,0,0,0,0,0,0,0,0,0,0,0,0.002380952472,0,0.0004301932058,0,0,0,0,0,0,0,0,0,0,0,0.003487140406,0.009977535345,0.009523809887,0.002692564158,0.004761904944,0.002380952472,0.002380952472,0.007939287461,0.002874952042,0.002380952239,0,0.0008246906218,0.0003152657009,0.001995310653,0.001139780739,0.007418022957,0,0.00325866323,0,0,0.006111483555,0.002380952472,7.348079816e-05,0.004812553525,0,0,0,0,0.002380952472,0,0.002380952472,0.1782179177,0.004037332255,0.00199691439,0,0.0006622395013,0.0003663092502,0.04172910377,0,0,0.005356709938,0.002380952472,0,0,0,0,0,0,0.002380952472,0
30,0.001445459551,0.0003268646542,0.004155975766,0.0004136798088,0.02347072214,0.2028208077,0,0.006516947411,0,0,0,0,0,0.0002673017152,0,0,1.461656302e-05,0,0,2.015164455e-06,0,0,0,0,0,0,0,0,0,0,0,0,0,0,0,0,0,0,0,0,0,0,0,0,0,0,0,0,0,0,0,0,0,0,0,0,0,0,1.809443165e-05,0,0,0,0.0003159613698,5.100621274e-05,0,0,0,0,0,0,0,0,0,0,0.0008697339799,0,0,0,0,0.003216606332,0,0,0,0,0,0,0,0,0,0,0,0.001081986236,0.003402891569,0.006907902192,0.01358400099,0.002380952472,0.007948579267,0.01263389364,0.007406518329,0.003359017428,0.01128465589,0.004121324047,0,0.004883952439,0.001121305162,0.0007599933888,0.001223289175,0.001029232517,0.003955883905,0.0003086352081,0.003916537855,0,0.002679935656,0.002202889649,0,0.0004278549168,0.004482026212,0.002380952472,0,0,0,0.002380952472,0,0.002380952472,0.3423449993,0.02025868371,0.0003639405186,0,0.002994198818,0.0003000850556,0.08539131284,0.004761904944,0,0.001468389994,0,9.760636021e-05,0,0,3.335327347e-05,0,0,0.0006283448311,0.001901444863
31,0.0007277354016,0.0002552831429,0.005015284754,0.0003321263066,0.02658162452,0.2385866344,0,0.006177763455,1.675512613e-05,0,0,0,0,0,0,0,2.187470091e-05,0,0,0,0,0,0,0,0,0,6.328116342e-07,0,0,0,0,0,0,0,0,0,0,0,0,0,0,0,0,0,0,0,0,0,0.0008109800401,0,0,0.002380952472,0,0,0,0,0,0,0,0,0,0,0,2.518865404e-05,0.0002825639967,0,0,0,0.0003297518415,0,0,0,0,0,0,0,0,0,0,3.072671825e-05,0,0,0,0,0,0,0,0,0,0,0,0,0.0004305198672,0.002770115854,0,0.008669197559,0.01572544128,0.00776338717,0.004761904944,0.002878813539,0.01226722077,0.004207288381,0,0,0,0.0009886444313,0.0006945785135,0.0007210687036,0.004045695532,0,0.002148911823,0,0.0007121222443,0.001450841781,0,0,0.002246958669,0.002495049965,0,0,0,0,0.0002629798546,0,0.2839346528,0.004761904944,0.003645938821,0,0.001407014905,0,0.05678136274,0,0.002380952472,0.004693708383,0,0,0,0,0,0,0,0.0009039883735,0
32,0.001542824903,0.0001011443237,0.003742278321,0.000204133903,0.02426194027,0.1505488902,0,0.007255834527,0,0,0,0,0,0,0,0,2.226517427e-05,0,0,0,0,0,0,0,1.703567614e-05,4.166717554e-05,1.013344104e-06,0,0,0,0,0,0,0,0,0,0,0,0,0,0,0,0,0,0,0,0,0,0,0,0,0,0,0,0,0,0,0,0,0,0,0,7.170866593e-05,0,0,0,0,0,0.002380952472,0,0,0.002380952472,0,0,0,0,0,0,0,0.001769870636,0,0.001453463337,0,0.002380952472,0,0,0,0,0,0,0,0,0,0.0003707242722,0.003332630731,0.001558972057,0.005189261865,0,0.0006931375246,0.005837474018,0.008893175051,0.001103436342,0,0,0,0,0.0005945148296,0.0006807248574,0.01592463069,0.002380952472,0.001630967599,0,0,0.001284670318,0.004761904944,0,0.0005485583679,0.002380952472,0.002380952472,0,0,0,0,0,0.2052706182,0.009523809887,0.0008074083598,0,0,0.000160530195,0.04494958743,0.002380952239,0.002380952472,0.00340241543,0.0006863130839,0,0,0,0,0,0,0.002380952472,0
33,0.00140352326,0,0.007879747078,0.0004505047691,0.02060095966,0.07551018894,0,0.009252325632,0,0,0,0,0,0,0,5.253095878e-05,0,0,0,0,6.84378756e-06,0,0,0,0,0,0,0,0,0,0,0,0,0,0,0,0,0,0,0,0,0,0,0,0,0,0,0,0,0,0,0,0,0,0,0,0,0,0,0,0,0,0,0,0,0,0,0,0,0,0,0,0,0,0.001029599574,0,0,0,0,0,0,0.0004294606624,0,0,0,0,0,0,0,0,0,0,0,0.006532312371,0.003475759178,0.002380952472,0.002895902842,0,0,0.004761904944,0.000831017911,0,0,0.002380952472,0,0.002380952472,0.0006071705138,0.0005440356908,0.004761904944,0.0006042788154,0.002012263751,0,0.0002051388437,0.002015444916,0,0.0001236911339,0.004761904944,0.002380952239,0,0,0,0,0,0,0.162239939,0.002380952472,0.002380952472,0,0.0009301412501,0,0.02704947628,0,0,0.004761904944,0,0,0,0,0,0,0,0,0
34,0.000439396099,2.372134077e-05,0.002838291461,0.0001369102974,0.0160533227,0.04369236156,0,0.005698055029,0,0,0,0,0,0,0,3.009331522e-05,3.187813854e-05,0,0,0,0,0,0,0,0,0,0,0,0,0,0,0,0,0,0,0,0,0,0,0,0,0,0,0,0,0,0,0,0,0,0,0,0,0,0,0,0,0,0,0,0,0,0,0,0,0,0,0,0,0,0,0,0,0,0,0,0,0,0,0,0,0,0,0,0,0,0,0,0,0,0,0,0,0.0003284960112,0.002380952472,0.002380952472,0.002380952472,0,0,0,0.002380952239,0,0.00123536156,0,0,0,0.001087694312,0.00245845248,0.002380952472,0,0.0002328340925,0,0,0.002604662674,0,0,0.0001961142261,0,0,0,0,0,0,0,0.09690195322,0.002380952239,0,0,0,0,0.007142857648,0,0,0.0004949269351,0,0,0,0,0,0,0,0,0
35,0.0002033734927,0.0001296664268,0.001614430919,7.196120714e-05,0.01920827664,0.1066434979,0,0.002087187488,0,0,0,0,0,0,0,0,4.968238045e-06,0,0,0,0,0,0,0,0,0,0,0,0,0,0,0,0,0,0,0,0,0,0,0,0,0,0,0,0,0,0,0,0,0,0,0,0,0,0,0,0,0,0,0,0,0,0,0,0,0,0,0,0,0,0,0,0,0,0,0,0,0,0,0,0,0.0005401810631,0,0,0,0,0,0,0,0,0,0,0,0.005754972808,0,0,0.007142857648,0.001532168244,0,0.002380952239,0.0015795402,0.0009762099944,0,0,0.001744708745,0.002380952472,0.000470644125,0.0010020677,0,0,0.003563656472,0.002380952472,0.0006418962148,0.002866735682,0.002380952472,0,0.001015364542,0,0,0,0,0,0,0.001528159715,0.171779111,0.01061075646,0,0,0.0004905223614,0,0.02614444681,0,0,0.007062275428,0,0,0,0,0,0.0008183788159,0,0,0
36,0.0005474872887,3.557787932e-05,0.00308964029,0.0004192257766,0.02368156612,0.1393172294,0.002380952472,0.005449249875,0,0,0,2.280241461e-05,0,0,0,0,3.323781493e-05,0,0,0,0,0,0,0,0,0,0,0,0,0,0,0,0,0,0,0,0,0,0,0,0,0,0,0,0,0,0,0,0,0,0,0,0,0,0,0,0,0,0,0,0,0,0,0,0,0,0,0,0,0,0,0,0,0,0,0,0,0,0,0,0,0.0001953655301,0,0,0,0,0,0,0,0,0,0,0,0.0001204937944,0.004761904944,0.004761904944,0.009098226205,0.002380952472,0,0.002380952472,0.00768413581,0.0008954943041,0.002380952472,0,0.002380952472,0.0002981706057,0.0004839345347,0.0009131580009,0.008950361051,0,0.001448213006,0,0.001000810182,0.002431253204,0.002380952472,0.0001487096888,0.001435416751,0,0.001396811451,0,0,0,0,0.004761904944,0.2697756886,0.007142857648,0,0.001059581176,0.002380952472,0,0.03328084573,0.002380952472,0,0.006306550931,0.001777547412,0,0,0,0,0,0,0.002380952472,0.0005444434355
37,0.000167780905,0.0005785464891,0.007450180128,0.0001245563762,0.02973612957,0.1322494447,0,0.006087055895,0,0,0,0,0,0,0,0,1.797766458e-06,0,0,0,0,0,0,0,0,0,0,0,0,0,0,0,0,0,0,0,0,0,0,0,0,0,0,0,0,0,0,0,0,0,0,0,0,0,0,0,0,0,0,0,0,0,0,0,0,0,0,0,0,0,0,0.002380952472,0,0,0,0,0,0,0,0,0,0.001270919689,0,0,0,0,0,0,0,0,0,0,0,0.006731858943,0.002380952472,0.002380952472,0.0008817854687,0,0,0,0,0.002380952472,0,0,0,0,0.0006613247679,0.0002817143104,0.008126629516,0,0.003775968915,0,0,0,0,0,0,0,0,0,0,0,0,0.002380952472,0.1765437275,0.008677628823,0.0008059223765,0,0,0,0.04447629303,0,0.002380952472,0.002785749501,0,0,0,0,0,0,0,0,0
38,0.0001603660348,0,0.0003039350267,0.0002575617109,0.0008078473038,0.01256856136,0,0.003857733915,0,0,0,0,0,0,0,0,0,0,0,0,0,0,0,0,0,0,0,0,0,0,0,0,0,0,0,0,0,0,0,0,0,0,0,0,0,0,0,0,0,0,0,0,0,0,0,0,0,0,0,0,0,0,0,0,0,0,0,0,0,0,0,0,0,0,0,0,0,0,0,0,0,0,0,0,0,0,0,0,0,0,0,0,0,0,0,0,0,0,0.002380952472,0,0,0,0,0,0,0,0,0,0,0,0,0,0,0,0,0,0,0,0,0,0,0,0,0,0.03095238283,0,0,0,0,0,0.002380952472,0,0,0,0,0,0,0,0,0,0,0,0
39,0,0,0.001252399525,0,0.01190476213,0.03961573169,0,0.006426620763,0,0,0,0,0,0,0,0,0,0,0,0,0,0,0,0,0,0,0,0,0,0,0,0,0,0,0,0,0,0,0,0,0,0,0,0,0,0,0,0,0,0,0,0,0,0,0,0,0,0,0,0,0,0,0,0,0,0,0,0,0,0,0,0,0,0,0,0,0,0,0,0,0,0,0,0,0,0,0,0,0,0,0,0,0,0.002380952472,0,0.004761904944,0,0,0,0,0.001049298327,0,0,0,0,0,0,0,0,0,0,0,0,0.002380952472,0,0,0,0.002380952472,0,0,0,0,0,0,0.05714286119,0,0,0,0,0,0.005619025324,0,0,0,0,0,0,0,0,0,0,0,0
40,0.0001282429876,0,0.004114917945,0.000298554136,0.05533814058,0.1079145819,0,0.003860133002,0,0,0,9.310433234e-05,0.001507282606,0,0,0,0,0,0,0,0,0,0,0,0,0,0,0,0,0,0,0,0,0,0,0,0,0,0,0,0,0,0,0,0,0,0,0,0,0,0,0,0,0,0,0,0,0,0,0,0,0,0,0,0,0,0,0,0,0,0,0,0,0,0,0,0,0,0,0,0,0,0,0,0,0,0,0,0,0,0,0,0,0,0.0006452226662,0.002380952472,0,0.002380952472,0,0.002380952472,0.001364041585,0.002380952472,0,0,0,0,0.0001325469348,0,0.004761904944,0,0,0,0,0.002380952472,0,0,0,0,0,0,0,0,0,0,0.1475970596,0,0.002380952472,0,0,0,0.0295322109,0,0,0.002380952472,0,0,0,0,0,0,0,0,0
41,1.938708192e-05,0,0.004128935281,0,0.002380952239,0.03317280114,0,0.004969905131,0,0,0,0,0,0,0,0,0,0,0,0,0,0,0,0,0,0,0,0,0,0,0,0,0,0,0,0,0,0,0,0,0,0,0,0,0,0,0,0,0,0,0,0,0,0,0,0,0,0,0,0,0,0,0,0,0,0,0,0,0,0,0,0,0,0,0,0,0,0,0,0,0,0,0,0,0,0,0,0,0,0,0,0,0.002380952472,0.002380952472,0.004761904944,0.004761904944,0,0,0,0,0,0,0,0,0,0,0,0,0,0,0,0,0,0,0,0,0,0,0,0,0,0,0,0,0.05964298546,0.004761904944,0,0,0,0,0.009523809887,0,0,0.002380952239,0,0,0,0,0,0,0,0,0
42,0.0001838680037,0.0001916112669,0.0001819936297,0.0001512599119,0.01318166777,0.03707850724,0,0.003920783289,0,0,0,0.0008172582602,0,0,0,0,2.699338893e-06,0,0,0,0,0,0,0,0,0,0,0,0,0,0,0,0,0,0,0,0,0,0,0,0,0,0,0,0,0,0,0,0,0,0,0,0,0,0,0,0,0,0,0,0,0,0,0,0,0,0,0,0,0,0,0,0,0,0,0,0,0,0,0,0,0,0,0,0,0,0,0,0,0,0,0,0,0.004761904944,0.002380952472,0,0,0,0,0,0.004761904944,0,0,0,0,0,0,0,0.002380952472,0,0.002380952472,0,0,0,0,0,0,0,0,0,0,0,0,0,0.07862991095,0.004761904944,0,0,0,0,0.015617406,0,0,0,0,0,0,0,0,0,0,0,0
43,0,0,0,0,0.002380952472,0.004761904944,0,0.0006748097367,0,0,0,0,0,0,0,0,0,0,0,0,0,0,0,0,0,0,0,0,0,0,0,0,0,0,0,0,0,0,0,0,0,0,0,0,0,0,0,0,0,0,0,0,0,0,0,0,0,0,0,0,0,0,0,0,0,0,0,0,0,0,0,0,0,0,0,0,0,0,0,0,0,0,0,0,0,0,0,0,0,0,0,0,0,0,0.002380952472,0,0,0,0,0,0.002380952472,0,0,0,0,0,0,0,0,0,0,0,0,0,0,0,0,0,0,0,0,0,0,0,0.01904761977,0.004761904478,0.002380952239,0,0,0,0,0,0,0,0,0,0,0,0,0,0,0,0
44,0.001396013773,0,0.003491036827,0.000194667824,0.009421710856,0.08626993001,0,0.0791566819,0,0,0,0,0,0,0,0,0.004239645787,0,0,0,0,0,0,0,0,0,0,0,0,0,0,0,0,0,0,0,0,0,0,0,0,0,0,0,0,0,0,0,0,0,0,0,0,0,0,0,0,0,0,0,0,0,0,0,0,0,0,0,0,0,0,0,0,0,0,0,0,0,0,0,0,0,0,0,0,0,0,0,0,0,0,0,0,0.002059069462,0.0003342427663,7.236689271e-05,9.196052997e-05,2.703921382e-05,3.366609235e-05,8.887203876e-05,3.441369699e-05,0,0,0,0,0.002380952472,0,0,0.002211014042,0,0,0,0,0,0,0,0,0.0001575155184,0,0,0,0,0,0,0.4927600026,0.02212892659,0,0.0001741422457,0,0,0.06502103806,0,0,0.0004267269687,0.002380952472,0,0,0,0,0,0,6.821844727e-05,0
45,0.00130200549,0,0.007045945153,0.002380952472,0.008095091209,0.08671534061,0,0.07493336499,0,0,0,0,0,0,0,0,0,0,0,0,0,0,0,0,0,0,0,0,0,0,0,0,0,0,0,0,0,0,0,0,0,0,0,0,0,0,0,0,0,0,0,0,0,0,0,0,0,0,0,0,0,0,0,0,0,0,0,0,0,0,0,0,0,0,0,0,0,0,0,0,0,0,0,0,0,0,0,0,0,0,0,0,0,0.002254205989,0.0001472609583,0.0002282883506,6.945179484e-05,4.068477938e-05,4.116984201e-05,0.0004442010541,1.600830547e-05,4.564080518e-05,0,0,0,0,0.002380952472,0,0.0009319079691,0,0.0005661942414,0,0.0003181568754,0,0,0,0.004761904944,0,0,0,0,0,0,0,0.4773793221,0.02367906645,0,0,0,0,0.06732217222,0,0,0.004840778187,0,0,0,0,0,0,0,0,0
46,0.0008236505673,0,0.002088775393,0.002380952472,0.01675530337,0.1089130417,0.006701012608,0.09871724993,0,0,0,2.977423173e-05,0,0,0.0008200955926,2.292071804e-05,0.0007810555398,0,0,0,0,0,0,0,0,0,0,0,0,0,0,0,0,0,0,0,0,0,0,0,0,0,0,0,0,0,0,0,0,0,0,0,0,0,0,0,0,0,0,0,0,0,0,0,0,0,0,0,0,0,0,0,0,0,0,0,0,0,0,0,0,1.597201117e-05,0,0,0,0,0,0,0,0,0,0,0,0.004427155945,0.0003757406375,0.0004256766697,0,0.0001779833547,0.0006045374903,0.0002276119631,0,0,0,0,0,0,0,0,0.002565664239,0,0,0,0,4.488116974e-05,0,0,0.0005314290174,0,0,0,0,0,0,0.001303482568,0.3774203062,0.01459542848,0,0,0,0,0.0556143336,0,0.001503582229,0.0002478826209,0.001249832916,0,0,0,0,0,0,0,0
47,0.001559040044,0,0.004681451712,0.008105657995,0.009277128614,0.1396702677,0,0.1033229157,0,0,1.457937742e-06,0,0,0,0.0001990952733,4.896405699e-06,0.004761904944,0,0,0,0,0,0,0,0,0,0,0,0,0,0,0,0,0,0,0,0,0,0,0,0,0,0,0,0,0,0,0,0,0,0,0,0,0,0,0,0,0,0,0,0,0,0,0,0,0,0,0,0,0,0,0,0,0,0,0,0,0,0,0,0,0,0,0,0,0,0,0,0,0,0,0,0,0.001690138713,0.000114830189,0.0001652843202,0,5.870362656e-06,8.974327102e-06,6.372016651e-05,2.873178528e-05,6.321110959e-06,0.0008299436886,0,0,0,0,0.002380952472,0.0002761915384,0,2.567299271e-05,0,0,0,0,0,0,0.0001933667663,0,0,0,0.002380952472,0,0,0.4440022707,0.02043693885,0,0,3.645980905e-05,0,0.05562113971,0,0,0.0008790727588,0,0,0,0,0,0,0,1.686854011e-05,0
48,0.001293041511,0,0.001814970397,0.002508128528,0.008976093493,0.1145849079,0,0.1193877831,0,0,2.302883104e-06,0.000236218053,0,0,0,0,0,0.002380952239,0,0,0,0,0,0,0,0,0,0,0,0,0,0,0,0,0,0,0,0,0,0,0,0,0,0,0,0,0,0,0,0,0,0,0,0,0,0,0,0,0,0,0,0,0,0,0,0,0,0,0,0,0,0,0,0,0,0,0,0,0,0,0,0,0,0,0,0,0,0,0,0,0,0,0,0.002609706949,0,0.0001719040738,2.119687997e-05,0.0001848199609,0,0,0,0,0,0,0,0,0,0,0.0001213930955,0,0.0001006996972,0,0.0001041651776,0,0,0,0.0004535151238,0.0004521551018,0,0,0,0,0,0,0.4593781531,0.0159354303,0.0008028278826,0,0,0,0.04999195784,0,0,0,0,0,0,0,0,0,0,0,0
49,0.001220688922,0.0009774083737,0.003109083977,0.002572144847,0.008413095027,0.2258265018,0.004761904944,0.1273573935,0,0,1.348575734e-05,0,0,0.0003428513883,0,5.676498768e-05,0.0009390580235,0,0,0,0,0,0,0,0,0,0,0,0,0,0.0008109800401,0,0,0,0,0,0,0,0,0,0,0,0,0,0,0,0,0,0,0,0,0,0,0,0,0,0,0,0,0,0,0,0,0,0,0,0,0,0,0,0,0,0,0,0,0,0,0,0,0,0,0,0,0,0,0,0,0,0,0,0,5.206001106e-07,0,0.001557478914,2.573655911e-05,7.195131184e-05,5.687814337e-05,1.422650166e-05,3.803768323e-06,0.000254769373,1.523217816e-05,0,0.002380952472,0,0,0,0,0,0.000267761061,0,0,0.0009171613492,2.210582534e-05,0.000137727824,0,0,0.0002088992769,0.0002872788173,0,0,0,0,0,0.007808049675,0.4568339884,0.01786865294,0,0,1.355758923e-05,0,0.05878598243,0.0005169707001,0.002380952472,0.001219803118,0.002720799996,0,0,0,0,0,0,0,0
50,0.001775495475,0,0.004876931198,0.001763745444,0.01324927434,0.1638408601,0.001226708759,0.1091036275,0,0,0,0,0,0,0,1.688026532e-05,0,0,0,0.002380952472,0,0,0,0,0,0,0,0,0,0,0,0,0,0,0,0,0,0,0,0,0,0,0,0,0,0,0,0,0,0,0,0,0,0,0,0,0,0,0,0,0,0,0,0,0,0,0,0,0,0,0,0,1.370154132e-05,0,0,0,0,0,0,0,0,0,0,0,0,0,0,0,0,0,0,0,0,0.003660200397,9.879942081e-05,0.0004806114594,0,0.0001344825432,0,0.0007286892505,0,0,0,0,0,0.002380952239,0,0.0003691115126,0.0009815389058,0,3.924681369e-05,0,0,0,0,0,0,0,0,0,0,0,0,0.004761904944,0.4387801886,0.02954115905,0,0,0,0,0.05575347692,0.0003616991744,0.0004178752424,0.0003227394482,0,0,0,0,0,0,0,7.999716763e-05,3.59268015e-05
51,0.001382034621,0.002723463811,0.004632391967,0.004991253372,0.01053653471,0.2531774044,0.006735262461,0.1281025559,0,0,9.221867913e-06,0.0001282643934,0,3.971178739e-05,0,8.056298248e-05,0.003101355629,0,0.001046745107,0,0,0,0.002380952472,0,0.002380952472,0,0,0,0,0,0,0,0,0,0,0,0,0,0,0,0,0,0,0,0,0,0,0,0,0,0,0,0,0,0,0,0,0,0,0,0,0,0,0,0,0,0,0,0,0,0,0,3.41765508e-06,0,0,0,0,0,0,0,0,0,0,0,0,0,0,0,0,0,0,0,0,0.002132917056,5.709980906e-05,0.0003327458107,6.352057426e-06,1.902864824e-05,4.379841266e-05,0.0002330700809,8.718182471e-06,0,0,0.002380952472,0,0,0.0002977913828,0.001582701341,0.0007973244064,0,5.804175998e-06,0,5.789522766e-05,0.0002792694722,0,0,0.0006882457528,0.0005391326267,0,0,0,0,0,0.005985763855,0.4470854402,0.02075046487,0,0,0,0,0.0535877943,0.0003475587873,0.002917107893,0.0001823373605,0,0,0,0.002380952472,0,0,0,0,0
52,0.00122232642,0.0004244438896,0.002661121078,0.002310725162,0.02571009845,0.2071765959,0.004761904944,0.1155078039,0,0,9.061633932e-07,5.513889482e-05,0,0,0,0.0001867812971,0.00471400423,0,0,0.001082343399,0,0.0007101419615,0,0,0,0,0,0,0,0,0.002380952472,0,0,0,0,0,0,0,0,0,0,0,0,0,0,0,0,0,0,0,0,0,0,0,0,0,0,0,0,0,0,0,0,0,0,0,0,0,0,0,0,0.0007876232849,0,0,0,0,0,0,0,0,0,0,0,0,0,0,0,0,0,0,0,0,0,0.006572183222,0,0.0002061552077,0.0007777326391,0.0004556498316,0.0001048403283,0.0004909139243,0.0001740598091,0,0,0,0,0,0.00012707524,6.331236364e-05,0.0009884609608,0,3.755427315e-05,0,0,0,0,0,6.877179112e-05,7.001809718e-05,0,0,0,0,0,0,0.4397829771,0.01775388978,0,0,0,2.828921424e-05,0.04739291966,0.001791011775,0.0005028419546,0.0001076880653,0,0,0,0,0,0,0,0,0
53,0.0007879121113,0,0.0003809430636,0,0.01662357897,0.02943248674,0,0.07157298923,0,0,0,0,0,0,0,0,0.002380952472,0,0,0,0,0,0,0,0,0,0,0,0,0,0,0,0,0,0,0,0,0,0,0,0,0,0,0,0,0,0,0,0,0,0,0,0,0,0,0,0,0,0,0,0,0,0,0,0,0,0,0,0,0,0,0,0,0,0,0,0,0,0,0,0,0,0,0,0,0,0,0,0,0,0,0,0,0.0005120678688,0.002380952239,0,0,0,0,0,0.0001663019502,0,0,0,0,0,0,0,0,0,0,0,0,0,0,0,0,0,0,0,0,0,0,0,0.1646117717,0.003156425431,0,0,0,0,0.02109041251,0,0,0,0,0,0,0,0,0,0,0,0
54,0,0,0,0,0.01694829576,0.02758556791,0.002380952472,0.03911979869,0,0,0,0,0,0,0,0,0,0,0,0,0,0,0,0,0,0,0,0,0,0,0,0,0,0,0,0,0,0,0,0,0,0,0,0,0,0,0,0,0,0,0,0,0,0,0,0,0,0,0,0,0,0,0,0,0,0,0,0,0,0,0,0,0,0,0,0,0,0,0,0,0,0,0,0,0,0,0,0,0,0,0,0,0,0,0,0,0,0,0,0,0,0,0,0,0,0,0,0,0,0,0,0,0,0,0,0,0,0,0,0,0,0,0,0,0.1054436341,0,0,0,0,0,0.01190930326,0,0,0,0,0,0,0,0,0,0,0,0
55,0,0,6.555393338e-05,0,0.0106846476,0.007142857648,0,0.05105021968,0,0,9.466831443e-07,0,0,0,0,0,0,0,0,0,0,0,0,0,0,0,0,0,0,0,0,0,0,0,0,0,0,0,0,0,0,0,0,0,0,0,0,0,0,0,0,0,0,0,0,0,0,0,0,0,0,0,0,0,0,0,0,0,0,0,0,0,0,0,0,0,0,0,0,0,0,0,0,0,0,0,0,0,0,0,0,0,0,0.002380952472,0,0,0,0,0,0,0,0,0,0,0,0,0,0,0,0,0,0,0,0,0,0,0,0,0,0,0,0,0,0,0.109530665,0.0003307040024,0,0,0,0,0.01621134207,0,0,0,0,0,0,0,0,0,0,0,0
56,0.000727713923,0,0,0,0.0141374208,0.0142857153,0,0.03315163776,0,0,0,0,0,0,0,0,0,0,0.001445047557,0,0,0,0,0,0,0,0,0,0,0,0,0,0,0,0,0,0,0,0,0,0,0,0,0,0,0,0,0,0,0,0,0,0,0,0,0,0,0,0,0,0,0,0,0,0,0,0,0,0,0,0,0,0,0,0,0,0,0,0,0,0,0,0,0,0,0,0,0,0,0,0,0,0,0.002380952472,0,0,0,0,0,0,0,0,0,0,0,0,0,9.978914022e-06,0,0,0,0,0,0,0,0,0,0,0,0,0,0,0,0,0.1248958036,0.005161026027,0,0,0,0,0.01497695409,0,0,0,0,0,0,0,0,0,0,0,0
57,9.996767039e-05,0,0.0002518974943,4.811895633e-05,0.02122228779,0.0380083546,0,0.02985714003,0,0,0,0,0,0,0,0,0,0,0,0,0,0,0,0.000515751075,0,0,0,0,0,0,0,0,0,0,0,0,0,0,0,0,0,0,0,0,0,0,0,0,0,0,0,0,0,0,0,0,0,0,5.326498922e-07,0,0,0,0,0,0,0,0,0,0,0,0,0,0,0,0,0,0,0,0,0,0,0,0,0,0,0,0,0,0,0,0,0,0,0.006610158831,0,0,0.002380952472,0,0,0,0,0,0,0,0,0,4.502253432e-05,0,0,0,0,0,0,0,0,0,0,0.001188420923,0,0,0,0,0,0,0.2120892256,0.006893194746,0,0,0,0,0.02843398787,0,0,0.001418170519,0,0,0,0,0,0,0,0,0
58,0.0005817464553,0,0.001791611896,0.0006270779995,0.02478365973,0.1841357946,0,0.0883603394,0,0,8.92703099e-07,4.274758794e-06,0,0.0008780089556,0,1.278551917e-05,6.814303197e-05,0,0.0005944970762,0.0001901057258,0,0,0,0,0,0,0,0,0,0,0,0,0,0,0,0,0,0,0,0,0,0,0,0,0,0,0,0,0,0,0,0,0,0,0,0,0,0,0,0,0,0,0,3.213040372e-06,0,0,0,0,0,0,0,0,0,0,0,0,0,0,0,0.0001332710526,0,0,0,0,0,0,0,0,0,0,0,0,0,0.005551300943,0.004559521098,0.004761904944,0,0.002380952472,0,0.001269801054,0.00268826657,0.002582283923,1.551584865e-05,0,0,0,0,0,0.002015852602,0,0.0001172183329,0,0,0,0,0,0.000206432378,0.0002013665508,0,0,0,0,0,0.003604799276,0.4384582043,0.01926127076,4.380169776e-05,0,0,0,0.03459114581,0.0007046412211,0.0003716092033,0,0,0,0,0.001213812502,0,0,0,0,7.822746738e-06
59,0.0001221242419,0,0.0004207458696,5.63504982e-05,0.03929599747,0.2066331357,0.004792974796,0.05405464396,0,0,0,2.246933718e-06,0,0,0,3.405576763e-06,4.995447671e-05,4.277751941e-05,0.000155301168,0.0001278466952,0.0001283408783,0,0,0,0,8.401127707e-05,2.195344314e-05,0,4.621172411e-05,1.809443165e-05,0,0,0,0,0,0,0,0,0,0,0,0,0,0,0,0,0,0,0,0,0,0,0,0,0,0,5.326498922e-07,0,0,0,0,0,0,0,0,0,0,0,0,0,0,0,0,0,0,0,0,0,0,0,0,0,0,0,0,0,0,0,0,0,0,0,0,0.007871265523,0.004142077174,0.004761904944,0.003660212271,0.002999968827,0.0002494513465,0.001635341439,0.0007020304329,0.0002126185282,0,0,4.012481895e-06,0,7.871459275e-06,2.603388793e-07,0.0003231953888,0,4.612254634e-05,0,2.975252528e-06,0,0,0,0,0.0001498507336,0,0,0,0,0,0.005148101598,0.408714503,0.01602577604,0,0,0,1.165650474e-06,0.02426826954,0.0002833181352,0,9.807573952e-05,0.0004966058186,0,0,0,0,0,0,0,0
60,0.003439737018,0,0.003965692129,0,0.01876025647,0.09224859625,0,0.0868915692,0,0,0,0,0,0,0,2.45614101e-05,0.001067882287,0,0,0,0,0,0,0,0,0,0,0,0,0,0,0,0,0,0,0,0,0,0,0,0,0,0,0,0,0,0,0,0,0,0,0,0,0,0,0,0,0,0,0,0,0,0,0,0,0,0,0,0,0,0,0,0,0,0,0,0,0,0,0,0,0,0,0,0,0,0,0,0,0,0,0,0,0.004147835076,0.0005315824528,0,0.001198444399,0,0.001274611219,0,6.057241626e-05,3.242315506e-05,0,0,0,0,0,0,0,0,0,0,0.0003163643996,0,0,0,0,0.00242446945,0,0,0,0,0,0,0.3743350506,0.007415734231,0,0,0,0,0.0493221432,0.003117523622,0,0.002756550908,0,0,0,0,0,0,0,0,0
61,0.0005538996193,0.001127508585,0.0001342595788,0,0.02780479379,0.01887279749,0,0.08632550389,0,0,0,0,0,0,0,0,0,0,0,0,0,0,0,0,0,0,0,0,0,0,0,0,0,0,0,0,0,0,0,0,0,0,0,0,0,0,0,0,0,0,0,0,0,0,0,0,0,0,0,0,0,0,0,9.189880984e-06,0,0,0,0,0,0,0,0,0,0,0,0,0,0,0,0,0,0,0,0,0,0,0,0,0,0,0,0,0,0.003179511055,0,0.002380952472,0,0,0,0,0,0,0,0,0,0,0,0,0,0,0,0,0,0,0,0,0,0,0,0,0,0,0,0,0.1761636883,0.003776874859,0,0,0,0,0.02183335274,0,0,0,0,0,0,0,0,0,0,0,0
62,0.000601644686,0,0.003676890396,0.004301561043,0.01552394032,0.1058144718,0.002380952239,0.1071900204,0,0,0,5.914890062e-05,0,0,0,8.879167581e-05,0,0,0,0.0002292678255,0,0,0,0,0.002380952472,0,0,0,0,0,0,0,0,0,0,0,0,0,0,0,0,0,0,0,0,0,0,0,0,0,0,0,0,0,0,0,0,0,0,0,0,0,0,0,0,0,0,0,0,0,0,0,9.358100215e-05,0,0,0,0,0,0,0,0,0,0,0,0,0,0,0,0,0,0,0,0,0.004990792368,0.003751917277,0,0.002380952472,0.0004761571763,0,0,0.0004306450719,0.001119054505,0,0,0,0,0,0,0,0,1.497895755e-05,0,0,0,0,0,0,0,0,0,0,0,0,0,0.4114103317,0.0178597644,0,0,0,0,0.04476673529,0,0,0.002570882672,0.002380952472,0,0,0,0,0,0,0,0
63,0.002093329094,0.001823708066,0.004077765159,0.006830157246,0.02267819829,0.2646915317,0.01697188616,0.1232349426,1.02627564e-06,0,1.468654045e-05,0.000155778398,1.471460109e-05,4.859727414e-05,0,4.372790863e-05,0.0011626177,0,0.001502489205,0.0006368104951,0.0004128470609,0,0,0,0.0008398005739,0.0004278289853,4.217353853e-05,0,0,0.0003159613698,0,7.170866593e-05,0,0,0,0,0,0,0,0,0,0,0,0,0,0,0,0,0,0,0,0,0,0,0,0,0,0,0,0,0,0,0,0,0,0,0,0,0,0,0,0.0009717162466,0,0,0,0,0,0,0,3.131252379e-05,0,0,0,0,0,0,0,0,0.001301729004,0,0,0,0,0.004690042231,0.001242424827,0.0008325815434,0.0004082926607,0.0003719370288,0.0003485185443,0.0009331500041,8.20130881e-05,6.883069727e-05,2.289557597e-05,0.0002159453725,0,0.0007384374039,0.0006589497207,0.0003066301579,0.003023782047,0.001180792344,2.488730206e-05,0,8.968324437e-06,3.825724707e-05,0,7.905160601e-05,0.0001340525778,0.0002701446647,0.0006458670832,0,0,0,0,0.008523287252,0.438809067,0.01895808987,0.000294837344,0,7.786959941e-06,2.074606346e-05,0.05628725886,6.098359518e-05,0.0007900274359,0.0003917467548,0.001905468758,0.001567464322,0.001230912632,0.0005682889605,0,0,0,5.731918645e-05,0
64,0.001223346451,0.0002031544718,0.002999152057,0.00332378922,0.02236831561,0.2716223598,0.01713305525,0.1135732606,7.406097779e-07,1.69610139e-05,2.206057616e-05,7.158616063e-05,4.422286656e-05,0.0004031291464,0.0004423995269,7.967293641e-05,0.001643148367,0,0.002477386268,0.0004490020801,0.000664681138,0.00168528175,0.0003024071921,0.002380952472,0,0.0008361284272,5.648561e-06,0,0.0001356574503,5.100621274e-05,2.518865404e-05,0,0,0,0,0,0,0,0,0,0,0,0,0,0,0,0,0,0,0,0,0,0,0,0,0,0,3.213040372e-06,0,0,9.189880984e-06,0,0,0,0,0,0,0,0,0,0,0.00136935187,0.0003454828693,0,0,0,0,0,0,1.908702188e-06,0,3.146146128e-06,0,0,0,0,0,0,0,0,0,0,4.45724836e-05,0.006417342462,0.006811164785,0.01384915039,0.002287254203,0.002639608458,0.001234610798,0.001081614988,0.0006199652562,0.000280291395,2.083738764e-05,0,7.995961641e-05,0.0001818034361,3.404618838e-05,0,0.001797595294,2.68506974e-05,5.293304275e-05,0,1.317631359e-05,3.153727221e-06,4.628526585e-05,0,8.243916818e-05,0.0001858955802,0,0,0,0,0,0.00565854786,0.4577793479,0.02357576601,0.0001013409856,0,1.558209442e-05,1.789242378e-05,0.04403014854,0.0002637059079,0.0003229522263,0.0003394400992,0.001848093001,0.0006219227798,0,0.0008365684771,0.0001662616414,0,0,0.0001475387398,1.376968953e-06
65,0.0001467177644,0,1.420533226e-05,0,0.01829069853,0.03433960304,0,0.02265975811,0,0,0,0,0,0,0,0,0.0003472951648,0,0,0,0.0004655287485,0,0,0,0,0,0,0,0,0,0.0002825639967,0,0,0,0,0,0,0,0,0,0,0,0,0,0,0,0,0,0,0,0,0,0,0,0,0,0,0,0,0,0,0,0,0,0,0,0,0,0,0,0,0,0,0,0,0,0,0,0,0,0,0,0,0,0,0,0,0,0,0,0,0,0,0,0,0,0,0,0,0,0,0,0,0,0,0,0,2.25756794e-05,0.0002070681512,0,0,0,0,0,0,0,0,0,0,0,0,0,0,0,0.2680580914,0.005249231588,0,0,0,0,0.02611107379,0,0,0,0,0,0,0,0,0,0,0,0
66,8.485950821e-05,0,5.340247299e-05,0,0.01257803477,0.0745581761,0,0.01698679477,0,0,0,0,0,0,0,1.248287958e-06,0,0.0002271270496,0,0,0,0,0,0,0,0,0,0,0,0,0,0,0,0,0,0,0,0,0,0,0,0,0,0,0,0,0,0,0,0,0,0,0,0,0,0,0,0,0,0,0,0,0,0,0,0,0,0,0,0,0,0,0,0,0,0,0,0,0,0,0,0,0,0,0,0,0,0,0,0,0,0,0,0.003588803113,0,0,0.002380952472,0.001557502546,0,0,0,0,0,0,0,0,0,0,9.535770369e-05,0,0,0,0,0,0,0,0.002380952239,0,0,0,0,0,0,0,0.3183241487,0.006757574622,0,0,0,0,0.0364247188,0,0,0,0,0,0,0,0,0,0,0,0
67,0.000665091502,0,0.003810811089,0,0.01997339167,0.0780004859,0,0.118204236,0,0,1.495304241e-05,0,0,0,0,0,0,0,0,0,0.002380952472,0,0,0,0,0,0,0,0,0,0,0,0,0,0,0,0,0,0,0,0,0,0,0,0,0,0,0,0,0,0,0,0,0,0,0,0,0,0,0,0,0,0,0,0,0,0,0,0,0,0,0,0,0,0,0,0,0,0,0,0,0,0,0,0,0,0,0,0,0,0,0,0,0.001527888468,0,0,0,0.0005269132089,0,0,0.000282129331,0,0,0,0,0,0,0,0.002380952239,0,0,0,0,0.0001539855875,0,0,0,0,0,0,0,0,0,0.0006053925026,0.3156352341,0.008217072114,0,0,0,0,0.02443236113,0,0,0,0,0,0,0,0,0,0,0,0
68,0.0003955182037,0,0.0008845842676,0.000263251568,0.02959707379,0.1243447959,0,0.09885402024,0,0,0,0,0,0,0,6.362820568e-05,0,0,0.002380952472,0.002380952472,0,0,0,0,0,0.002380952472,0.0007590785972,0,0,0,0,0,0,0,0,0,0,0,0,0,0,0,0,0,0,0,0,0,0,0,0,0,0,0,0,0,0,0,0,0,0,0,0,0,0,0,0,0,0,0,0,0,0,0,0,0,0,0,0,0,0,0,0,0,0,0,0,0,0,0,0,0,0,0.008663052693,0.004761904478,0.002380952472,0,0,0,0,0.001132701291,0,0,0,0,0,0,0,0.001125110895,0,0,0,0,0,0,0.0007438787143,0.000176613903,0,0,0,0,0,0,0,0.3453443646,0.01481198892,0,0,0,0,0.02501908317,0.0003438513668,0,0.0007324622129,0.0008621055749,0,0,0,0,0,0,0,0
69,0.0008230767562,0,0.001693366445,0.001147320378,0.01750217006,0.2287350297,0.0006017263513,0.1015146002,0,0,8.51920845e-07,1.998630978e-05,0,4.196425289e-05,0.0005936936941,8.191133384e-05,0.001252984628,0,0,0,0,0,0.001071961597,0,0.002380952472,0,5.714724102e-05,0,0,0,0.0003297518415,0.002380952472,0,0,0,0,0,0,0,0,0,0,0,0,0,0,0,0,0,0,0,0,0,0,0,0,0,0,0,0,0,0,0,0,0,0,0,0,0,0,0,0,0,0,0,0,0,0,0,0,0,0,0,0,0,0,0,0,0,0,0,0,0,0.004399599507,0.0006120742182,0.005082764197,5.21996335e-05,0.000167709979,0,0.0001471401774,3.725766146e-05,0.0001539479272,7.30734173e-05,0,0,0,0,0,0.001737249782,0,3.900767115e-05,0,5.809533377e-06,0,0,0,0,0.0003198900085,0,0,0,0,0,0.0003611335997,0.42903018,0.01788490452,2.28467743e-05,0,0,0,0.05822340772,0,0,6.385624874e-05,0,0,0,0,0,0,0,0,0
70,0.0002923241118,0,0.001046167337,0.0006338140811,0.0312894024,0.1517890841,0.002380952472,0.09054835886,0,0,0,4.063229426e-05,0,0,0,0.0002501999843,0.002970031695,0,0.004202666692,0,0.002380952472,0,0,0,0,0,0,0,0,0,0,0,0,0,0,0,0,0,0,0,0,0,0,0,0,0,0,0,0,0,0,0,0,0,0,0,0,0,0,0,0,0,0,0,0,0,0,0,0,0,0,0,0.0001706624316,0,0,0,0,0,0,0,0,0,0,0,0,0,0,0,0,0,0,0,0,0.001554226037,0.006169576664,0.002380952472,0.0007674077642,0.002380952472,0,0.0006656296318,0,0,2.429199412e-05,0,0,0,0,1.592937679e-06,0.001370679238,0,0,0,0,0,0,1.613799759e-05,0,0.0001720890141,0,0,0,0,0,0,0.4262902439,0.01397648267,0,0,0,0,0.03066923469,4.476560571e-05,0.0006325222203,0.0003336228838,0,0,0,0,0,5.06126089e-05,0,1.157084444e-05,0
71,7.146264397e-05,0,0.0001129550219,1.455070924e-05,0.01608821005,0.07929897308,0.003337535542,0.01259917114,0,0,0,0,0,0,0,6.519854196e-06,0,0.0004508604761,6.401343126e-05,0,0,0,0,0,0,0,0,0.0002185630437,0,0,0,0,0,0,0,0,0,0,0,0,0,0,0,0,0,0,0,0,0,0,0,0,0,0,0,0,0,0,0,0,0,0,0,0,0,0,0,0,0,0,0,0,0,0,0,0,0,0,0,0,0,0,0,0,0,0,0,0,0,0,0,0,0,0.001924485317,0,0,0,0,0.000479469425,0,0.000260753819,0,0,0,0,0,0,3.06017705e-06,4.248844925e-05,0,0,0,0,0,0,0,0,0.0001003016441,0,0,0,0,0,0.0003731786273,0.3574163616,0.01230649091,0,0,0,0,0.04098424688,0.000168756771,5.02694711e-05,0,0,0,0,0,0,0,0,0,0
72,0.03713575751,2.275845327e-05,0.0003501052561,6.55913027e-05,0.0672224462,0.009711837396,0,0.04941110313,4.871385318e-05,0,8.517145602e-07,0,0,0,0,0,0.0153104132,0,0.0006681008963,0.006325230468,0.00353844231,0,0.002380952472,0,0.002380952472,0,0,0,0,0,0,0.002380952472,0,0,0,0,0.002380952472,0,0,0,0,0,0,0,0,0,0,0,0,0,0,0.0007876232849,0,0,0,0,0,0,0,0,0,0,0.0009717162466,0.00136935187,0,0,0,0,0,0,0,0,0,0,0.0006915822742,0,0,0,0,0,0,0.0005850666785,0,0,0.001498906873,0,0,0,0,0,0,0,0.0006056348793,0.01510078739,0.01926796697,0.006356548518,0.0236594975,0.02711223066,0.009863841347,0.01430072077,0.02993687987,0.01622969098,0.004761904944,0.002380952472,0,0,0.003616924398,0.001383213676,0.004827472847,0,0.02314329706,0,0.001560844015,0.003815366654,0.001455346937,0,0,0.004047687631,0,0,0,0,0,0,0.2869667709,0.009055052884,0.004761904944,0,0.007073505316,0,0.1012155488,0,0.002380952472,0.02071163245,2.460055111e-05,0,0,0,0,0,0,0,0.0003848168999
73,0.004187000915,0.0004509973223,0.001109070145,0.000667940767,0.0169190336,0.07146397233,5.087065074e-05,0.04857658222,0,0,3.852700956e-06,2.719166696e-05,7.024727324e-07,0,2.23345196e-05,6.945828773e-06,0,0,0,0,0,0,0,0,0,0,0,0,0,0,0,0,0,0,0,0,0,0,0,0,0,0,0,0,0,0,0,0,0,1.370154132e-05,3.41765508e-06,0,0,0,0,0,0,0,0,0,0,9.358100215e-05,0,0.0003454828693,0,0,0,0,0,0.0001706624316,0,0,0,0,5.47899208e-06,0,0,0,0,0,0,4.352120231e-05,0,0,0,0,0,0,0,0,0,0,1.437813899e-05,0.01055717934,0.003153675701,0.002999467542,0.0003005750186,0.0003198336344,0.0004070514988,0.0004033304576,0.0002503596479,7.748532516e-05,0.0005305254017,0,0.001285569393,0,0,0,0.008805974387,0,0.0002282288915,0,0.0002704585786,4.598001397e-05,0.003388496349,0,0.002493948909,0.001933208085,0,0,0,0,0.0002389896545,0.0001425990631,0.5228834748,0.03596022725,8.184242324e-05,0.0003013107053,7.782966713e-05,0,0.09558922052,0,0.0005078237737,0.002497383393,0.003729197895,0,0,0.0001408561802,0,0,0,0.0001788893715,0
74,0.000675778545,0,0.002200484741,0.0001764730405,0.02047672123,0.1018985584,0.007142857648,0.1140620261,0,0,3.654978855e-06,7.195612397e-06,0,0,0,0.0003597161849,0.0001798880839,0,0,0.004761904944,0,0,0,0,0,0,0,0,0,0,0,0,0,0,0,0,0,0,0,0,0,0,0,0,0,0,0,0,0,0,0,0,0,0,0,0,0,0,0,0,0,0,0,0,0,0,0,0,0,0,0,0,0,0,0,0,0,0,0,0,0,0,0,0,0,0,0,0,0,0,0,0,0,0.0002554125385,0.003564807819,0.003938778769,0,0,0.0005969479098,0.001822505496,0.0007183404523,0.000253684062,0,0,0,0,0,0,0.002577524632,0,2.491736996e-05,0,0,0,0,0,0,8.267575322e-05,0,0,0,0,0,0.004761904944,0.3629596233,0.008651413955,0,0,0,0,0.03567773476,0,0.0001542745158,0,0,0,0,0,0,0,0,0,0
75,0.0007963968674,0,0.004257188179,0.000780546281,0.02064203471,0.1448554546,0.002984614111,0.1119994149,2.603962002e-06,0,2.121787475e-06,1.7725828e-05,0,0.0001188039751,0,1.696995787e-05,0.001665516058,0,0,0,0,0,0,0,0,0,0,0,0,0.0008697339799,0,0,0.001029599574,0,0,0,0,0,0,0,0,0,0,0,0,0,0,0,0,0,0,0,0,0,0,0,0,0,0,0,0,0,0,0,0,0,0,0,0,0,0,0.0006915822742,5.47899208e-06,0,0,0,0,0,0,0,0,0,0,0,0,0,0,0,0,0,0,0,0,0.002121526049,0.001767390757,0.001008940162,0.0002560311987,0.0001397903688,0.0001115209525,0,0.0002917489328,6.012564427e-06,0,0,0,0,0.001153603778,0,0.0003697298234,0,0.0001301527227,0,0,0,0,0,0,0,0,0,0,0.002380952472,0,0.0007378320443,0.388417393,0.01892351359,7.168161392e-05,0,0,0,0.05338240042,0.0004574566265,0.0002251680853,0.0001577592338,9.43711857e-05,0,0,0,0,4.91524188e-05,0,0,0
76,6.040490553e-05,0,0,0,0.007390697021,0.03505185992,0,0.00777340401,0,0,0,0,0,0,0,0,0,0,0,0,0,0,0,0,0,0,0,0,0,0,0,0,0,0,0,0,0,0,0,0,0,0,0,0,0,0,0,0,0,0,0,0,0,0,0,0,0,0,0,0,0,0,0,0,0,0,0,0,0,0,0,0,0,0,0,0,0,0,0,0,0,0,0,0,0,0,0,0,0,0,0,0,0,0.002500373172,0.0007657495444,0.002380952472,0,0,0,0.0027543006,0,0,0,0,0,0,0,0,0.0003139454348,0,0,0,0,0,0,0,0,0,0,0,0,0,0,0,0.2501658499,0.01213657204,0,0,0,0,0.05890614912,0,0,0,2.000666427e-05,0,0,0,0,0,0,0,0
77,0,0,0,0,0.008271496743,0.01830135286,0,0.008853500709,0,0,0,0,0,0,0,0,0,0,0,0,0,0,0,0,0,0,0,0,0,0,0,0,0,0,0,0,0,0,0,0,0,0,0,0,0,0,0,0,0,0,0,0,0,0,0,0,0,0,0,0,0,0,0,0,0,0,0,0,0,0,0,0,0,0,0,0,0,0,0,0,0,0,0,0,0,0,0,0,0,0,0,0,0,0,0.002380952239,0,0,0,0,0,0,0,0,0,0,0,0,0,0,0,0,0,0,0,0,0,0,0,0,0,0,0,0,0,0.1594794989,0.007112849038,0,0,0,0,0.01379816141,0,0,0,0,0,0,0,0,0,0,0,0
78,0,0,0,0,0.01614208519,0.01252492331,0,0.00356776081,0,0,0,0,0,0,0,0,0,0,0,0,0,0,0,0,0,0,0,0,0,0,0,0,0,0,0,0,0,0,0,0,0,0,0,0,0,0,0,0,0,0,0,0,0,0,0,0,0,0,0,0,0,0,0,0,0,0,0,0,0,0,0,0,0,0,0,0,0,0,0,0,0,0,0,0,0,0,0,0,0,0,0,0,0,0,0,0,0,0,0,0.0003013426322,0,0,0,0,0,0,0,0,0,0,0,0,0,0,0,0,0,8.710108523e-05,0,0,0,0,0,0,0.1885567904,0.008407094516,0,0,0,0,0.03164245933,0,0,0,0,0,0,0,0,0,0,0,0
79,4.66878264e-05,0,0,0,0.01524248719,0.03221593797,0,0.01184224244,0,0,0,0,0,0,0,0,0,0,0,0,0,0,0,0,0,0,0,0,0,0,0,0,0,0,0,0,0,0,0,0,0,0,0,0,0,0,0,0,0,0,0,0,0,0,0,0,0,0,0,0,0,0,0,0,0,0,0,0,0,0,0,0,0,0,0,0,0,0,0,0,0,0,0,0,0,0,0,0,0,0,0,0,0,0,0,0,0,0,0,0,0,0,0,0,0,0,0,0,0,0,0.0005173239624,0,0,0,0,0,0,0,0,0,0,0,0,0,0.2612781823,0.01025848184,0,3.294908765e-06,0,0,0.03297163174,0,0,0,0,0,0,0,0,0,0,0,0
80,0.0007408960955,0,0.003121646587,0.00150434149,0.02657506615,0.2606164813,0.003275111085,0.09728121758,0,0,4.815240754e-05,0.0002929404436,0,0,0,0.0001666016906,0.002120098332,0,0,0.0004495363974,0.000691561494,0,0,0,0.0006322097615,0.002935294993,0.0004275891115,0,0.002380952472,0.003216606332,3.072671825e-05,0.001769870636,0,0,0,0,0,0,0,0,0,0,0,0,0,0,0,0,0,0,0,0,0,0,0,0,0,0.0001332710526,0,0,0,0,3.131252379e-05,1.908702188e-06,0,0,0,0,0,0,0,0,0,0,0,0,0,0,0,0,0,2.358162646e-06,0,0,0,0,0,0,0,0,0,0,0,0.005181898363,0.004863273818,0.00652348157,0.0002673897252,0.00328452792,6.31031653e-05,0,0.0004750458756,0.0003043244069,0,0,1.760651139e-05,1.851302113e-05,0,0,0.001964535331,6.291286991e-05,3.008523527e-05,0,3.149475106e-06,0,0.0001062849478,0,0.0003535059514,0.0002364073734,0,0,0,0,0,0.003961741924,0.4422789216,0.01752331853,0,0,0,3.031782626e-06,0.04218858108,8.201542369e-05,0,0.0004282063164,0.002380952472,0,0,0.0013824458,0,0,0,1.417244403e-05,1.319297735e-05
81,2.533235238e-05,0,2.668972775e-05,3.826383181e-05,0.02121025324,0.0449375324,0,0.006682337262,0,0,0,0,0,0,0,4.086696663e-06,0,0,0,0,0,0,0,0,0,0,0,0,0,0,0,0,0,0,0,0,0,0,0,0,0,0,0,0,0,0,0,0,0,0,0,0,0,0,0,0,0,0,0,0,0,0,0,0,0,0,0,0,0,0,0,0,0,0,0,0,0,0,0,0,0,0,0,0,0,0,0,0,0,0,0,0,0,0.0002185020712,0,0,0.001532088616,0,0,0,0.0004186701262,0,0,0,0,0,0,0,0,0,0,0,0,0,0,0,0,4.156449722e-05,0,0,0,0,0,0,0.3768449128,0.007522910833,0,0,0,0,0.04238304496,0,0,0,0,0,0,0,0,0,0,0,0
82,0.001691857004,0.00022050814,0.0038304599,0.005891853012,0.02153551951,0.2751812637,0.01744991727,0.1250570416,1.06957832e-05,0,0.0001005081285,0.0002134409297,1.92988864e-05,0,0.001376554836,0.0003755721555,0.00271677901,0.0009396391688,0.0009141556802,0.0009055429837,0.002326084068,0.0005029551685,0.00151705544,0,0.004761904944,0.0006341538392,0.0001381044422,0.0005453367485,0.0004301932058,0,0,0.001453463337,0.0004294606624,0,0.0005401810631,0.0001953655301,0.001270919689,0,0,0,0,0,0,0,0,1.597201117e-05,0,0,0,0,0,0,0,0,0,0,0,0,0,0,0,0,0,3.146146128e-06,0,0,0,0,0,0,0,0.0005850666785,4.352120231e-05,0,0,0,0,0,0,2.358162646e-06,0,0,0,0,0,0,0,0,0,0,0,0,4.121278323e-07,0.005609374959,0.000762606971,0.003108961042,0.0001595315116,0.0002718491014,0.0002113217342,0.0008873843472,9.960747411e-05,5.836545461e-05,9.436121218e-06,0,0.0001244877931,0,1.466302365e-05,3.080944589e-05,0.001304817502,5.624218829e-05,3.654824104e-05,0,8.97937116e-06,8.002983122e-06,0.0002806388366,0,5.079922266e-05,0.0004860249464,0,0,0,0,0,0.009528334253,0.4362869859,0.01945333369,8.075487858e-05,0,3.739709882e-06,3.715567436e-05,0.05359687656,0.0006603929796,0.00063268136,0.0002077433455,0.0006722506369,0.0005541756982,0,9.062055324e-05,0,0.0005055157235,0,0,9.567743291e-06
83,0.0002424923878,0,0.003119916189,0.0002126390464,0.01621847972,0.05221419781,0,0.07779459655,0,0,0,0,0,0,0,0,0,0,0,0,0,0,0,0,0,0,0,0,0,0,0,0,0,0,0,0,0,0,0,0,0,0,0,0,0,0,0,0,0,0,0,0,0,0,0,0,0,0,0,0,0,0,0,0,0,0,0,0,0,0,0,0,0,0,0,0,0,0,0,0,0,0,0,0,0,0,0,0,0,0,0,0,0,0.007142857648,0.002380952472,0,0.0005499767722,0,0,0,0,0,0,0,0,0,0,0,0.0001467119,0,0,0,0,0,0,0,0,0.0003243047977,0,0,0,0,0,0,0.2506861687,0.007222575136,0,0,0,0,0.02856103703,0,0,0,0,0,0,0,0,0,0,0,0
84,0.002148462925,0,0.002638400299,0.002299632644,0.02043005265,0.1228293702,0,0.0877538994,0,0,0,1.474174587e-05,0,0.0001163933484,0.0001062469746,0,0.0004465880338,0,0,0,0.002380952472,0,0,0,0,0,0,0,0,0,0,0.002380952472,0,0,0,0,0,0,0,0,0,0,0,0,0,0,0,0,0,0,0,0,0,0,0,0,0,0,0,0,0,0,0,0,0,0,0,0,0,0,0,0,0,0,0,0,0,0,0,0,0,0,0,0,0,0,0,0,0,0,0,0,3.236334669e-05,0.005388363265,0.002380952472,0.001282342593,7.530584116e-05,0.0005489684409,2.258656423e-05,0.001241195016,0.0002280237386,0.000164572979,0,0,0,0,0,0,0.001099401736,0,0.0003037386341,0,0,0,0,0,0,0.0004441663041,0,0,0,0,0,0.00132899289,0.4315955043,0.01537817344,0,0,0,0,0.05913165584,0.001505276305,0,0,0.002380952472,0,0,0,0,0,0,0.0001807236258,0
85,0.001280786819,0.0007482690271,0.001967487857,0.0006728862063,0.02902427875,0.1271039099,0.002380952239,0.1021185592,0,0,9.063957805e-06,0,0,0,0,0,0,0,0,0,0,0,0,0,0,0,0,0,0,0,0,0,0,0,0,0,0,0,0,0,0,0,0,0,0,0,0,0,0,0,0,0,0,0,0,0,0,0,0,0,0,0,0,0,0,0,0,0,0,0,0,0.001498906873,0,0,0,0,0,0,0,0,0,0,0,0,0,0,0,0,0,0,0,0,0,0,0.002510548802,0.004276333842,0.001138148364,0,0,0,0.0001933733874,0,0,0,0,0,0,0,0.006355585065,0,0,0,0,0,0,0,0,0.0003755454673,0,0,0,0,0,0.0008408002323,0.467174381,0.01818252727,5.914185022e-05,0,0,0,0.05713033304,0,0,0,0,0,0,0,0,0,0,0,0
86,0.001012380701,0.002380952472,0.002893246943,0.0003535485594,0.02639282867,0.1350964606,0.002380952472,0.1072021052,0,0,0,0,0,0,0,0.0001573990885,0,0,0,0,0,0,0,0,0,0.0005859931116,0,0,0,0,0,0,0,0,0,0,0,0,0,0,0,0,0,0,0,0,0,0,0,0,0,0,0,0,0,0,0,0,0,0,0,0,0,0,0,0,0,0,0,0,0,0,0,0,0,0,0,0,0,0,0,0,0,0,0,0,0,0,0,0,0,0,0,0.003024724079,0,0,0,0,0.0003132953425,0,7.866638771e-05,0,0,0,0,0,0.0001084295654,9.445737669e-05,0.001921542222,0,4.546489799e-05,0,0,0,0,0,0,0.0001879652409,0,0,0,0,0,0.004761904944,0.416839093,0.01955800317,0,0.0004517639172,0,0,0.04181885719,0.0006704890984,0.002380952472,0,0.0001281303557,0,0,0,0,0,0,0,0
87,0.0007673948421,0,0.0001428068645,0.002380952472,0.01086112577,0.01260322426,0,0.04975340515,0,0,0,0,0,0,0,0,0,0,0,0,0,0,0,0,0,0,0,0,0,0,0,0,0,0,0,0,0,0,0,0,0,0,0,0,0,0,0,0,0,0,0,0,0,0,0,0,0,0,0,0,0,0,0,0,0,0,0,0,0,0,0,0,0,0,0,0,0,0,0,0,0,0,0,0,0,0,0,0,0,0,0,0,0,0.0009752309998,0,0,0,0,0,0,0,0,0,0,0,0,0,0,0,0,0,0,0,0,0,0,0,0,0,0,0,0,0,0,0.1795498133,0.002380952472,0,0,0,0,0.02736872621,0,0,0,0,0,0,0,0,0,0,0,0
88,0,0,0,0,0.01268388703,0.0142857153,0,0.01618913189,0,0,0,0,0,0,0,0,0.0003670226142,0,0,0,0,0,0,0,0,0,0,0,0,0,0,0,0,0,0,0,0,0,0,0,0,0,0,0,0,0,0,0,0,0,0,0,0,0,0,0,0,0,0,0,0,0,0,0,0,0,0,0,0,0,0,0,0,0,0,0,0,0,0,0,0,0,0,0,0,0,0,0,0,0,0,0,0,0,0,0,0,0,0,0,0,0,0,0,0,0,0,0,0,0,0,0,0,0,0,0,0,0,0,0,0,0,0,0,0.1569593549,0.005316888914,0,0,0,0,0.02249773033,0,0,0,0,0,0,0,0,0,0,0,0
89,0.0002277009917,0,9.258377759e-06,0,0.03328448534,0.03187661618,7.666601959e-06,0.005935988389,0,0,0,0,0,0.0009442776209,0,0,0,0,0,0,0,0,0,0,0,0,0,0,0,0,0,0,0,0,0,0,0,0,0,0,0,0,0,0,0,0,0,0,0,0,0,0,0,0,0,0,0,0,0,0,0,0,0.001301729004,0,0,0,0,0,0,0,0,0,0,0,0,0,0,0,0,0,0,0,0,0,0,0,0,0,0,0,0,0,0,0.001612182008,0,0.0007155318744,0.000852605619,0.001350129023,0,0.00126322289,0,0,0,0,0.001921804855,0,0,0,0.008055142127,0,0.001246975386,0,0,0,0,0,0,0.0001222344727,0,0,0,0,0,9.536837524e-07,0.3562119305,0.004975125659,0,0,0,0,0.06778600812,0,0,0,0,0,0,0,0,0,0,0,0
90,1.413512109e-05,0,1.667640936e-05,8.980163693e-05,0.01428881474,0.05673483759,0,0.004988549743,0,0,0,0,0,0,0,0,0,0,0,0,0,0,0,0,0,0,0,0,0,0,0,0,0,0,0,0,0,0,0,0,0,0,0,0,0,0,0,0,0,0,0,0,0,0,0,0,0,0,0,0,0,0,0,0,0,0,0,0,0,0,0,0,0,0,0,0,0,0,0,0,0,0,0,0,0,0,0,0,0,0,0,0,0,0.000826748088,0.000300494663,0,0,0,0,0.0003248617286,0.0001081237133,0,0,0,0,0,0.0001070754661,3.261987513e-05,0.002380952472,0,0,0,0,0,0,0,0,0,0,0,0,0,0,0,0.3521884382,0.009610647336,0,0,0,0,0.05429947749,0,0,0,0,0,0,0,0,0,0,0,0
91,2.9582141e-05,0,0.0001346352219,1.345825603e-05,0.01774128154,0.01249964722,0.002380952472,0.006986896973,0,0,2.313517371e-06,0,0,0,0,0,0,0.0002683454659,0,0,0,0,0,0,0,0,0,0,0,0,0,0,0,0,0,0,0,0,0,0,0,0,0,0,0,0,0,0,0,0,0,0,0,0,0,0,0,0,0,0,0,0,0,0,0,0,0,0,0,0,0,0,0,0,0,0,0,0,0,0,0,0,0,0,0,0,0,0,0,0,0,0.0004906009999,0,0,0,0,0,0,0,0,0,0,0,0,0,0,0,4.316694321e-05,2.260053952e-05,0,0,0,0,0,0,0,0,0,0,0,0,0,0,0,0.3231696784,0.009837976657,0,0,0,0,0.03366185352,0,0,0,0,0,0,0,0,0,0,0,0
92,0.001577410032,0.001508906716,0.004319160711,0.004030173179,0.01723309979,0.230126828,0.003679578891,0.120652169,0,0,0,0,0,0,0,4.183530473e-05,0,0,0.002380952472,0.0006886587944,0.002380952472,0.002380952472,0,0,0,0,0,0,0,0.001081986236,0,0,0,0,0,0,0,0,0,0,0,0,0,0,0,0,0,0,5.206001106e-07,0,0,0,0,0,0,0,0,0,0,0,0,0,0,0,0,0,0,0,0,0,0,0,0,0,0,0,0,0,0,0,0,0,0,0,0,0,0,0,0,0,0.0004906009999,0,0,0.002063449239,0.000589950243,0.0002301895584,2.930985102e-05,9.708286962e-05,0,0,4.295451618e-06,0,0,0,0,0,0,0.0002274675353,0.0001380648755,0,2.670737376e-05,0,7.509470015e-05,0,0,0,0,4.994856135e-05,0.002380952472,0,0,0,0,0.00151522446,0.4462717175,0.02833565697,0,0,1.955573316e-05,0,0.05184369162,0.00054170168,0,0.002418183489,0,0,0,0,0,0,0,0,0
93,0.001552130678,0.0001854950679,0.003897788469,0.007302809507,0.02292788774,0.251642704,0.01645293459,0.1215372756,0,0,7.419111353e-05,0.0002761868527,6.489133375e-05,0.001380109112,0.000883581175,0.0005270249094,0.002197871916,0,0.001391497906,0.002117362805,0.0008345951792,0,0,0,0,0,0.0009981699986,0.002380952472,0,0.003402891569,0.0004305198672,0,0,0,0,0,0,0,0,0,0.002380952472,0,0,0,0,0,0,0,0,0,0,0,0,0,0,0,0,0,0,0,0,0,0,4.45724836e-05,0,0,0,0,0,0,0,0.0006056348793,1.437813899e-05,0,0,0,0,0,0,0,0,4.121278323e-07,0,3.236334669e-05,0,0,0,0,0,0,0,0,0,0.005637126509,0.002976181451,0.005915157963,0.0006264969707,0.0002499126131,0.0003234614269,0.0003719341184,0.0002233074774,3.465179543e-05,8.554414671e-05,9.886984481e-05,0,0,0,0,0.002454082016,0,1.944704854e-05,0,1.520617025e-05,2.522568866e-05,0.001542034908,0,0.001207179157,0.0002760683128,0,0,0,6.81542042e-06,0,0.002322610235,0.4510647953,0.01848741435,7.357236882e-06,0,9.05291563e-06,4.450931374e-05,0.0514851436,0.000692444155,0.0005304680089,0.0002821123053,0.001191207557,0,0.0001154948695,0.0001094233812,0,0,0,0,0
94,0.05532634258,0.01370375138,0.04832424223,0.05787519366,0.08314304054,0.6148850322,0.05258026347,0.1912730485,0.004048204981,0.006108005531,0.02893343754,0.03438738361,0.00285629672,0.04072158039,0.02949440852,0.04514110461,0.04157998413,0.01274357643,0.02405891567,0.02009235136,0.01197464205,0.0196890831,0.009944281541,0.005074655637,0.01868173666,0.02068940736,0.001699948101,0,0.003487140406,0.006907902192,0.002770115854,0.0003707242722,0.006532312371,0.0003284960112,0.005754972808,0.0001204937944,0.006731858943,0,0.002380952472,0,0.002380952472,0.004761904944,0,0.002059069462,0.002254205989,0.004427155945,0.001690138713,0.002609706949,0.001557478914,0.003660200397,0.002132917056,0.006572183222,0.0005120678688,0,0.002380952472,0.002380952472,0.006610158831,0.005551300943,0.007871265523,0.004147835076,0.003179511055,0.004990792368,0.004690042231,0.006417342462,0,0.003588803113,0.001527888468,0.008663052693,0.004399599507,0.001554226037,0.001924485317,0.01510078739,0.01055717934,0.0002554125385,0.002121526049,0.002500373172,0,0,0,0.005181898363,0.0002185020712,0.005609374959,0.007142857648,0.005388363265,0,0.003024724079,0.0009752309998,0,0.001612182008,0.000826748088,0,0.002063449239,0.005637126509,0,0.001334844041,0.0008510472835,0.004772188608,0.004055828322,0.001417367021,0.002871399978,0.002670606133,0.001811425434,0.002853984013,0.006573427003,0.01534214336,0.008677497506,0.009944749065,0.0136931818,0.001457107835,0.006372289266,0.003720710753,0.006290411111,0.006232412998,0.01565870643,0.01032528281,0.00561301969,0.01522703096,0.02039868198,0.00551865343,0.002551636659,0.001706033829,0.003836713033,0.002816106658,0.01634290442,0.5960758328,0.04454321414,0.007983279414,0.009310109541,0.001951688784,0.001767857815,0.1609306931,0.01576083712,0.01613082923,0.007290195208,0.02313388884,0.008100367151,0.001722969813,0.007599039469,0.001214512042,0.007954164408,0.004094588105,0.001172560384,0.001640006551
95,0.0108328592,0.004800722934,0.009745425545,0.03466058895,0.0372123085,0.2830321491,0.02709894814,0.1376449764,0.003233907279,0.002721525729,0.01325119287,0.02504620142,0.001095470856,0.01878944971,0.02421397157,0.02892650478,0.01478703972,0.00663546985,0.01552970894,0.0170148313,0.007968311198,0.01206921879,0.003583705286,0.004761904944,0.01248347946,0.007302328013,0.01697161794,0,0.009977535345,0.01358400099,0,0.003332630731,0.003475759178,0.002380952472,0,0.004761904944,0.002380952472,0,0,0.0006452226662,0.004761904944,0.002380952472,0.002380952472,0.0003342427663,0.0001472609583,0.0003757406375,0.000114830189,0,2.573655911e-05,9.879942081e-05,5.709980906e-05,0,0.002380952239,0,0,0,0,0.004559521098,0.004142077174,0.0005315824528,0,0.003751917277,0.001242424827,0.006811164785,0,0,0,0.004761904478,0.0006120742182,0.006169576664,0,0.01926796697,0.003153675701,0.003564807819,0.001767390757,0.0007657495444,0.002380952239,0,0,0.004863273818,0,0.000762606971,0.002380952472,0.002380952472,0.002510548802,0,0,0,0,0.000300494663,0,0.000589950243,0.002976181451,0.001334844041,0,4.983930921e-05,3.770972762e-05,3.590089182e-05,0.0002601407468,0.0002878810337,0.0001535375777,0.000356190867,0.001080655959,0.002321345033,0.008246649988,0.01080611162,0.01084481273,0.02411800064,0.0001224726002,0.007846281864,0.002363858046,0.004199609626,0.005481792148,0.01475472096,0.007753356826,0.002942082006,0.005568245891,0.0006966968649,0.002026226372,0.0005175695987,0,0.003700456815,0.009097951464,0.01025941037,0.3715398908,0.02526951581,0.00528588891,0.001353924046,0.001695827697,0.00412812829,0.07396189868,0.002238492016,0.005372686312,0.003388712183,0.001999443397,0.003092646832,0.002974784002,0.001194324694,0.003356528236,0.006752084009,0.005308903754,0.0004163319245,0.004998175893
96,0.02901495248,0.01422481332,0.02181699686,0.04855841398,0.02132276446,0.2552075386,0.03511539474,0.1579113007,0.001675196574,0.003997369669,0.0189755559,0.04494521394,0.001152496436,0.02173845097,0.01867770962,0.04110792279,0.050796289,0.005155444145,0.01774426177,0.03061426803,0.03080482595,0.00743329199,0.007142857648,0.002380952472,0.0221194122,0.01225468796,0.002380952472,0.002380952472,0.009523809887,0.002380952472,0.008669197559,0.001558972057,0.002380952472,0.002380952472,0,0.004761904944,0.002380952472,0,0.004761904944,0.002380952472,0.004761904944,0,0,7.236689271e-05,0.0002282883506,0.0004256766697,0.0001652843202,0.0001719040738,7.195131184e-05,0.0004806114594,0.0003327458107,0.0002061552077,0,0,0,0,0,0.004761904944,0.004761904944,0,0.002380952472,0,0.0008325815434,0.01384915039,0,0,0,0.002380952472,0.005082764197,0.002380952472,0,0.006356548518,0.002999467542,0.003938778769,0.001008940162,0.002380952472,0,0,0,0.00652348157,0,0.003108961042,0,0.001282342593,0.004276333842,0,0,0,0.0007155318744,0,0,0.0002301895584,0.005915157963,0.0008510472835,4.983930921e-05,0,0.001132470672,8.286727825e-05,1.464382422e-05,0.001248827903,0.0007145199925,0.0001225756132,0.003888912965,0.005836262833,0.01477922499,0.007481382228,0.01679493859,0.04422547668,0.0006075850106,0.004487591796,0.003813946852,0.009523809887,0.01048287842,0.02544781379,0.008548688143,0.006598044187,0.01228264067,0.002263551345,0.002047338057,0,0.001155887498,0.001832136884,0.0004699556157,0.006227314938,0.4047590196,0.0345348157,0.009044285864,0.00374756963,0.002160323784,0.00170932035,0.1125808731,0.005695174448,0.01480024215,0.008156986907,0.002038683044,0.003739671316,0.0001061151561,0.001009546104,0.002101978753,0.01044523623,0.001138810068,0.00015934353,0.00305399741
97,0.002456887858,0.001766582485,0.005592710804,0.01439515222,0.06688378751,0.3733213246,0.02388449758,0.134387061,0.0006138132885,0.005997923668,0.002632114338,0.009071269073,0.0005070404732,0.004091610666,0.01060444396,0.01553598978,0.003261516569,0.001155616017,0.004456341267,0.002565163421,0.007003739476,0.004009444732,0.004761904944,0.003706441727,0.00931605231,0.001161194756,0.00796867162,0.007631290238,0.002692564158,0.007948579267,0.01572544128,0.005189261865,0.002895902842,0.002380952472,0.007142857648,0.009098226205,0.0008817854687,0,0,0,0,0,0,9.196052997e-05,6.945179484e-05,0,0,2.119687997e-05,5.687814337e-05,0,6.352057426e-06,0.0007777326391,0,0,0,0,0.002380952472,0,0.003660212271,0.001198444399,0,0.002380952472,0.0004082926607,0.002287254203,0,0.002380952472,0,0,5.21996335e-05,0.0007674077642,0,0.0236594975,0.0003005750186,0,0.0002560311987,0,0,0,0,0.0002673897252,0.001532088616,0.0001595315116,0.0005499767722,7.530584116e-05,0.001138148364,0,0,0,0.000852605619,0,0,2.930985102e-05,0.0006264969707,0.004772188608,3.770972762e-05,0.001132470672,0,1.72490636e-05,0.0004895067541,5.107996913e-05,1.262350997e-05,9.292444884e-05,0.0005475652288,0.001718065585,0.004802203272,0.005325907841,0.005600117147,0.01014437061,0.000156284892,0.009034194984,0.001201913692,0.0009410982602,0.003641229821,0.001810871647,0.007946730591,0.001674636384,0.007399653085,0.0002888914896,0.001858880278,0,0.00152104476,0.0006909458898,0.002380952472,0.01611048728,0.3959974647,0.02016797662,0.004486560822,0.001465770183,0.0007734519895,0.001166276867,0.04405468702,0.00104466849,0.003736357903,0.003037008923,0.001607760321,0.003011393361,0.0007065480459,0.0009281423991,0.0003635597532,0.006822362076,0.000603258959,0.0001534445328,0.003175128717
98,0.003577908268,0.001441362663,0.006669366732,0.02165914141,0.0417156592,0.347574234,0.02264675498,0.1348779798,0.0003786477318,0.003911528736,0.003838651348,0.01527726371,0.0002967165201,0.0125490604,0.01506888494,0.02083540335,0.007162696216,0.005646756385,0.001831430709,0.003737322986,0.004307596479,0.0094111301,0.003609978128,0.0006754139322,0.0117049627,0.003712522099,0.004306020215,0.000676330179,0.004761904944,0.01263389364,0.00776338717,0,0,0,0.001532168244,0.002380952472,0,0,0,0.002380952472,0,0,0,2.703921382e-05,4.068477938e-05,0.0001779833547,5.870362656e-06,0.0001848199609,1.422650166e-05,0.0001344825432,1.902864824e-05,0.0004556498316,0,0,0,0,0,0.002380952472,0.002999968827,0,0,0.0004761571763,0.0003719370288,0.002639608458,0,0.001557502546,0.0005269132089,0,0.000167709979,0.002380952472,0,0.02711223066,0.0003198336344,0,0.0001397903688,0,0,0,0,0.00328452792,0,0.0002718491014,0,0.0005489684409,0,0,0,0,0.001350129023,0,0,9.708286962e-05,0.0002499126131,0.004055828322,3.590089182e-05,8.286727825e-05,1.72490636e-05,0,5.633377441e-05,0.001368335099,2.701765698e-05,1.431854707e-05,0.0008779295022,0.002425933722,0.00979622826,0.007880427875,0.007230195682,0.01279815659,0.00139028125,0.0005906701554,0.002192742424,0.005056024529,0.003100811969,0.01363292057,0.006699456368,0.00255325879,0.005889520515,0.0004917294718,0.006851007696,0.002336694859,0.002850862686,0.001306122867,0,0.006865391973,0.4084627926,0.02385807782,0.008086176589,0.003853111761,0.001756101963,0.0005575967953,0.0538608171,0.001484659035,0.004171519075,0.006957201287,0.001677079475,0.001785871224,0.002470043721,0.003033530433,0.0002047637245,0.00625535287,0.002380952472,0.0001955288608,0.002402507002
99,0.0102313906,0.006065611728,0.01040283218,0.02403319813,0.026087787,0.3368305266,0.0172378812,0.139345184,0.0003029899381,0.0003253745381,0.003836633172,0.02213583328,2.841355308e-05,0.008622059599,0.01184814516,0.01084131096,0.02431264333,0.005800438114,0.001566301682,0.004762356635,0.01256226096,0.005780203268,0,0,0.007142857648,0.006813579239,0.005088588223,0,0.002380952472,0.007406518329,0.004761904944,0.0006931375246,0,0,0,0,0,0.002380952472,0,0,0,0,0,3.366609235e-05,4.116984201e-05,0.0006045374903,8.974327102e-06,0,3.803768323e-06,0,4.379841266e-05,0.0001048403283,0,0,0,0,0,0,0.0002494513465,0.001274611219,0,0,0.0003485185443,0.001234610798,0,0,0,0,0,0,0.000479469425,0.009863841347,0.0004070514988,0.0005969479098,0.0001115209525,0,0,0,0,6.31031653e-05,0,0.0002113217342,0,2.258656423e-05,0,0.0003132953425,0,0,0,0,0,0,0.0003234614269,0.001417367021,0.0002601407468,1.464382422e-05,0.0004895067541,5.633377441e-05,0,0.001827360946,0.0001154685378,2.942821538e-06,0.0006459390279,0.001637583016,0.003549279878,0.008642145433,0.008379871957,0.005532320589,0.002082910389,0.004761904944,0.000361151906,0,0.001100560301,0.006782178767,0.006480555981,0,0.007373925764,0.001389016164,0.001503951033,0.002380952239,0,0.0004384318891,4.813120177e-05,0.004611606244,0.4649882913,0.03192219138,0.004710323643,0.002169107087,0.0001018001858,5.533932199e-05,0.08504983783,0.002509496408,0.004731233232,0.006243616343,0.001801320468,0.002639262471,0.0003093853302,0.001904387493,0,0.007394790184,0,1.597631308e-05,0.0001574670459
100,0.005304483697,0.001187514281,0.005064241122,0.006743257865,0.08318519592,0.3381489515,0.02590722032,0.1300836504,0.0007271240465,0.003684031079,0.006107945926,0.01223818585,0.001158119529,0.01779880002,0.008212719113,0.01493823435,0.006278289948,0.003149888245,0.007244671695,0.008143235929,0.009637378156,0.002259073779,0,0.0003515616409,0.001811986906,0.006811019033,0.00392206246,0.002380952239,0.002380952472,0.003359017428,0.002878813539,0.005837474018,0.004761904944,0,0.002380952239,0.002380952472,0,0,0,0.002380952472,0,0,0,8.887203876e-05,0.0004442010541,0.0002276119631,6.372016651e-05,0,0.000254769373,0.0007286892505,0.0002330700809,0.0004909139243,0,0,0,0,0,0.001269801054,0.001635341439,0,0,0,0.0009331500041,0.001081614988,0,0,0,0,0.0001471401774,0.0006656296318,0,0.01430072077,0.0004033304576,0.001822505496,0,0.0027543006,0,0.0003013426322,0,0,0,0.0008873843472,0,0.001241195016,0,0,0,0,0.00126322289,0.0003248617286,0,0,0.0003719341184,0.002871399978,0.0002878810337,0.001248827903,5.107996913e-05,0.001368335099,0.001827360946,0,1.243745464e-05,0.0001965139818,5.81724089e-05,0.002533442341,0.001050460734,0.0005180842127,5.377918933e-05,0.00290104677,2.657209006e-05,0.0003146412491,8.022092516e-05,0.0002585824404,0.0007248449256,0.0004861693596,0.0004852161219,4.223479846e-05,0.0003866282641,0.0005275250296,0.000278803258,0,0,0.0009343159618,0.0001183007334,0.009819215164,0.3448488712,0.01029640995,9.999129543e-05,0.0007815580466,0.00023206076,0.001007660409,0.04526747763,0.0003875664552,2.43942286e-05,2.128921915e-05,0.001829854678,0.0008636746788,0.002639139537,0.0006267285789,0.0001964972616,5.69370568e-05,0,0.001745768124,0.0001835528965
101,0.001786920475,0.001469823183,0.004522344097,0.004946244415,0.07016770542,0.3985897303,0.01961318031,0.1286162883,0.0004406268999,0.0009756377549,0.001063543023,0.01009927504,0.0003098992456,0.01260591391,0.002938075922,0.01094609499,0.002747601829,0.005577145144,0.00408908492,0.00353972055,0.005450606346,0.005273708608,0.01231785584,0.0007264533779,0.004659621045,0.00345371943,0.003552735085,0.003045301884,0.007939287461,0.01128465589,0.01226722077,0.008893175051,0.000831017911,0.002380952239,0.0015795402,0.00768413581,0,0,0.001049298327,0.001364041585,0,0.004761904944,0.002380952472,3.441369699e-05,1.600830547e-05,0,2.873178528e-05,0,1.523217816e-05,0,8.718182471e-06,0.0001740598091,0.0001663019502,0,0,0,0,0.00268826657,0.0007020304329,6.057241626e-05,0,0.0004306450719,8.20130881e-05,0.0006199652562,0,0,0.000282129331,0.001132701291,3.725766146e-05,0,0.000260753819,0.02993687987,0.0002503596479,0.0007183404523,0.0002917489328,0,0,0,0,0.0004750458756,0.0004186701262,9.960747411e-05,0,0.0002280237386,0.0001933733874,7.866638771e-05,0,0,0,0.0001081237133,0,4.295451618e-06,0.0002233074774,0.002670606133,0.0001535375777,0.0007145199925,1.262350997e-05,2.701765698e-05,0.0001154685378,1.243745464e-05,0,1.123517359e-05,0.0001055161629,0.000393002003,0.001680186368,0.002346514259,0.003987513483,0.004178811796,0.000187699552,0.002918070881,2.031575241e-05,0.001327740494,0.0004647750466,0.0003826000611,0.00149352022,0.0008382753003,0.002867860952,0.0004012517747,0.00175096374,0,0.0003888991487,0,0.001703617978,0.02057208866,0.4094712138,0.01816000789,0.0002247808734,0.001352423104,9.271786985e-05,0.0003639920906,0.03431316093,0.0006472953246,0.001245441614,0.0003062288743,0.002098916564,0.001070495113,0.001594984322,0.001559596742,8.627699572e-05,0.0009470419609,0.001031932305,4.985873602e-05,0.0007952704909
102,0.002109334338,0.001653120969,0.004328656476,0.004817760084,0.04198500142,0.38124156,0.01836142503,0.1256578267,0.0001860693737,0,0.00089779665,0.004301646259,3.343301432e-05,0.004458214156,0.001522094011,0.00485659577,0.005952683277,0.001732604927,0.004696805496,0.00219149515,0.003568167565,0.003639800241,0.001816353993,0,0.002914202632,0.007798820734,0.002799037145,0.002899784129,0.002874952042,0.004121324047,0.004207288381,0.001103436342,0,0,0.0009762099944,0.0008954943041,0.002380952472,0,0,0.002380952472,0,0,0,0,4.564080518e-05,0,6.321110959e-06,0,0,0,0,0,0,0,0,0,0,0.002582283923,0.0002126185282,3.242315506e-05,0,0.001119054505,6.883069727e-05,0.000280291395,0,0,0,0,0.0001539479272,0,0,0.01622969098,7.748532516e-05,0.000253684062,6.012564427e-06,0,0,0,0,0.0003043244069,0,5.836545461e-05,0,0.000164572979,0,0,0,0,0,0,0,0,3.465179543e-05,0.001811425434,0.000356190867,0.0001225756132,9.292444884e-05,1.431854707e-05,2.942821538e-06,0.0001965139818,1.123517359e-05,0,5.900995166e-05,4.706679101e-05,0.002291992307,0.002086143242,0.001291294,0.002933077514,0.0006933668046,0.001383493654,3.580467819e-05,0,0.001084969845,0.0008249183302,0.000726232538,0.00276932749,0.003948470112,0.0004264314193,0.0006791147753,0,0,0,0.0003645096149,0.01579235494,0.4476113021,0.0199152343,0.0006260816008,0.0008083797875,1.843706195e-05,0.0001661820133,0.03841098398,0.0009344636346,0.001082955161,0.0009569162503,0.002820676425,0.0008677956648,0,0.0002807113051,0.0004348044749,0.00290479511,0.0005410732701,9.281960956e-06,0.0001150605094
103,0.002686170628,9.385091107e-05,0.0006259112852,0.0007534331526,0.10237436,0.2611609697,0.009447869845,0.1192411631,0.0001565910643,0.0004389000533,0.0004286363837,0.001818372752,0,0.0003230930888,0,0.001477945247,0.004875314422,0,0.0005600429722,0.004971405491,0,0.003847045358,0,0,0,0.004035891499,0.002380952472,0,0.002380952239,0,0,0,0,0.00123536156,0,0.002380952472,0,0,0,0,0,0,0,0,0,0,0.0008299436886,0,0.002380952472,0,0,0,0,0,0,0,0,1.551584865e-05,0,0,0,0,2.289557597e-05,2.083738764e-05,0,0,0,0,7.30734173e-05,2.429199412e-05,0,0.004761904944,0.0005305254017,0,0,0,0,0,0,0,0,9.436121218e-06,0,0,0,0,0,0,0,0,0,0,8.554414671e-05,0.002853984013,0.001080655959,0.003888912965,0.0005475652288,0.0008779295022,0.0006459390279,5.81724089e-05,0.0001055161629,5.900995166e-05,0,2.448124121e-07,2.895533271e-06,7.881822967e-06,3.806479071e-05,8.394043834e-05,0.000434266025,0,1.497263656e-05,0,4.772871307e-06,1.624174729e-05,0,0,1.947526926e-06,3.140766057e-05,1.249845991e-05,0,0.0002892998164,0,0,0.00615215674,0.3206528127,0.0107300384,9.092218534e-06,3.53810151e-06,1.799651727e-05,0,0.004434114788,5.195699941e-06,6.333472811e-06,3.276454299e-05,0.0005233854754,1.014232203e-05,0,0,0,4.067646296e-05,0,1.202890599e-05,7.258047117e-05
104,0.001047611469,0,0.0001543398248,0.0001377254521,0.1106985658,0.1752635539,0,0.1050949022,0,0,0,0.0005581195001,0,0.002380952472,0,0.0008927498711,0.0003111832775,0,0.0006270268932,0.001880524331,0.001248462591,0,0,0,0,0,0,0,0,0.004883952439,0,0,0.002380952472,0,0,0,0,0,0,0,0,0,0,0,0,0,0,0,0,0,0.002380952472,0,0,0,0,0,0,0,0,0,0,0,0.0002159453725,0,0,0,0,0,0,0,0,0.002380952472,0,0,0,0,0,0,0,0,0,0,0,0,0,0,0,0,0,0,0,0,9.886984481e-05,0.006573427003,0.002321345033,0.005836262833,0.001718065585,0.002425933722,0.001637583016,0.002533442341,0.000393002003,4.706679101e-05,2.448124121e-07,0,1.690164879e-07,0,1.131697445e-06,0,0.0005543514271,1.321775471e-05,0,0,6.304556155e-05,0,0,0,0,3.991815447e-06,0,0,0,0,0,0.004761904944,0.3630788326,0.01003467198,3.144391303e-05,0.0001791765389,4.49631807e-05,0,0.01002654154,1.461840293e-05,1.278043601e-05,5.793357195e-05,0.0002369421854,0,0,0,0,0,0,0,0.0001904677338
105,0.000702870544,5.219377999e-05,0.000102329439,6.876685802e-05,0.0915299505,0.1989742368,0.003190752817,0.08074557036,0.0002113044757,0,0.0004226613091,0.0005554152303,0,0.003591391491,0,0.003291415749,0.001438300707,0.002429905813,0.001212252653,0.0001044101373,0.002631843789,0.0002392284805,0.002380952239,0,0.001524011372,0.00138762116,0,0,0.0008246906218,0.001121305162,0,0,0,0,0.001744708745,0.002380952472,0,0,0,0,0,0,0,0,0,0,0,0,0,0,0,0,0,0,0,0,0,0,4.012481895e-06,0,0,0,0,7.995961641e-05,0,0,0,0,0,0,0,0,0.001285569393,0,0,0,0,0,0,1.760651139e-05,0,0.0001244877931,0,0,0,0,0,0,0.001921804855,0,0,0,0,0.01534214336,0.008246649988,0.01477922499,0.004802203272,0.00979622826,0.003549279878,0.001050460734,0.001680186368,0.002291992307,2.895533271e-06,1.690164879e-07,0,1.735592434e-07,0,1.594696732e-05,0.0003627164406,1.404703653e-06,0.0002044886933,0,3.033495523e-05,9.727141332e-06,1.868492063e-06,0,1.445667522e-06,2.028998642e-05,4.157737976e-07,0,0,0,0,0.004475834314,0.3786572218,0.009489605203,3.808857946e-05,0,0.0008121493156,0.0003273552284,0.02351416275,3.198680133e-05,2.529495578e-05,0.000109656452,0.0001331377716,0,0,0.0005016665091,0,0,3.816555545e-05,0.001559323748,0
106,0.0004743266909,2.707353815e-06,0.0001569855085,4.52604254e-05,0.05205950141,0.2217646241,0.005793040153,0.04463095963,0.0001492248848,0,0,0.0002581246081,0.002380952472,0.004267920274,0,0.003537947545,0.001740126288,0.000654706324,0.00152938941,0.00206835987,0.001075998414,0.004148592241,0,0,0.0005502675776,0.0002609777148,0.001070481841,0,0.0003152657009,0.0007599933888,0.0009886444313,0,0.002380952472,0,0.002380952472,0.0002981706057,0,0,0,0,0,0,0,0.002380952472,0,0,0,0,0,0.002380952239,0,0,0,0,0,0,0,0,0,0,0,0,0.0007384374039,0.0001818034361,0,0,0,0,0,0,0,0,0,0,0,0,0,0,0,1.851302113e-05,0,0,0,0,0,0,0,0,0,0,0,0,0,0.008677497506,0.01080611162,0.007481382228,0.005325907841,0.007880427875,0.008642145433,0.0005180842127,0.002346514259,0.002086143242,7.881822967e-06,0,1.735592434e-07,0,2.835892303e-07,0,0.0002484394354,5.1344864e-07,0.0001257137919,0,0.0001280896104,0,1.912558503e-07,2.385693733e-06,1.123155744e-05,0.0001485060784,0,0,0,0,0,0,0.3440072834,0.007519267034,1.020960644e-05,2.392308261e-06,0.0002246533695,2.260055226e-05,0.03831423447,1.730736585e-05,5.566854725e-06,4.028500189e-05,0.000310321775,1.082257404e-05,0,0,0,0,0,0.002380952472,0
107,6.583600043e-05,6.456869414e-06,6.878306158e-05,1.679169509e-05,0.04997178167,0.2874051034,0.005849269684,0.05032695457,7.236131933e-05,0,0.0002818821231,0.000487502839,0,0,0,0.001049753744,0.0005782774533,0.001236583455,0.0009218723862,0.0009143892094,0.0007422108902,0.00184552744,0.0009794726502,0.00128381711,0.0005228954251,0.0009338835371,0.0006561258342,0.001586919534,0.001995310653,0.001223289175,0.0006945785135,0.0005945148296,0.0006071705138,0.001087694312,0.000470644125,0.0004839345347,0.0006613247679,0,0,0.0001325469348,0,0,0,0,0.002380952472,0,0,0,0,0,0.0002977913828,0.00012707524,0,0,0,0,4.502253432e-05,0,7.871459275e-06,0,0,0,0.0006589497207,3.404618838e-05,0,0,0,0,0,0,0,0.003616924398,0,0,0.001153603778,0,0,0,0,0,0,1.466302365e-05,0,0,0,0.0001084295654,0,0,0,0.0001070754661,0,0,0,0.009944749065,0.01084481273,0.01679493859,0.005600117147,0.007230195682,0.008379871957,5.377918933e-05,0.003987513483,0.001291294,3.806479071e-05,1.131697445e-06,0,2.835892303e-07,0,3.604256108e-06,0.0001614787761,1.977852435e-06,4.275088213e-05,0,0,4.312302735e-06,1.100211193e-06,3.383400156e-07,9.019277059e-05,2.435295391e-05,7.436709893e-06,0,0,0,6.829725407e-06,0.006894617341,0.3983772695,0.008877122775,8.387523849e-06,2.563007229e-06,0.0001322935714,0,0.04989392683,0.0003228874411,0.0001034179149,3.701402966e-05,0.0005765053793,3.144634684e-05,0.001157636871,8.836010966e-05,1.788657937e-05,7.391219015e-07,0,0.004761904944,0.001415940351
108,3.260655285e-05,1.127207452e-05,0.0001437864848,1.634200817e-05,0.05551000684,0.3066971898,0.002861469053,0.05486519262,3.645061952e-05,4.460533455e-05,3.850236681e-05,2.969842353e-05,0.0001165621579,0.0002361508377,0,0.0005527508329,0.0006509227678,0.0008451816975,0.0008230059757,0.001155238133,0.001040000818,0.001199613325,0.001278251642,0.0004843581701,0.0002956879616,0.0008223630721,0.0007262110012,0.001185876084,0.001139780739,0.001029232517,0.0007210687036,0.0006807248574,0.0005440356908,0.00245845248,0.0010020677,0.0009131580009,0.0002817143104,0,0,0,0,0,0,0,0,0,0.002380952472,0,0,0.0003691115126,0.001582701341,6.331236364e-05,0,0,0,9.978914022e-06,0,0,2.603388793e-07,0,0,0,0.0003066301579,0,2.25756794e-05,0,0,0,0,1.592937679e-06,3.06017705e-06,0.001383213676,0,0,0,0,0,0,0,0,0,3.080944589e-05,0,0,0,9.445737669e-05,0,0,0,3.261987513e-05,4.316694321e-05,0.0002274675353,0,0.0136931818,0.02411800064,0.04422547668,0.01014437061,0.01279815659,0.005532320589,0.00290104677,0.004178811796,0.002933077514,8.394043834e-05,0,1.594696732e-05,0,3.604256108e-06,0,0.00445567118,8.094915756e-06,0.0001422818023,9.095348651e-05,1.361384147e-05,2.712203695e-06,4.479201743e-05,1.580346407e-06,0.0001848629909,4.085867113e-05,0,0,0,0,0,0.002792938147,0.5511468649,0.01793771051,5.812335075e-05,7.543672837e-06,0.0002782089869,7.020724979e-07,0.04880977049,0.001597535331,0.000922098814,0.000640461396,0.0001940545335,6.542933988e-05,2.323164517e-05,0,5.625131053e-06,2.012351069e-05,0,7.040891069e-05,1.732288183e-05
109,0.0306760259,0.003443297232,0.01395521592,0.01790193096,0.08464486897,0.299528271,0.05931299925,0.1540531367,0.001324199839,0.003479537088,0.01157255936,0.03297070414,0.003442549845,0.02895191312,0.03565029427,0.03278569505,0.04305289686,0.01765953563,0.02376007289,0.02786132693,0.01910217479,0.01650374383,0.01106941886,0.008558804169,0.01853089221,0.01999328844,0.008571901359,0.002380952472,0.007418022957,0.003955883905,0.004045695532,0.01592463069,0.004761904944,0.002380952472,0,0.008950361051,0.008126629516,0,0,0.004761904944,0,0.002380952472,0,0.002211014042,0.0009319079691,0.002565664239,0.0002761915384,0.0001213930955,0.000267761061,0.0009815389058,0.0007973244064,0.0009884609608,0,0,0,0,0,0.002015852602,0.0003231953888,0,0,0,0.003023782047,0.001797595294,0.0002070681512,9.535770369e-05,0.002380952239,0.001125110895,0.001737249782,0.001370679238,4.248844925e-05,0.004827472847,0.008805974387,0.002577524632,0.0003697298234,0.0003139454348,0,0,0,0.001964535331,0,0.001304817502,0.0001467119,0.001099401736,0.006355585065,0.001921542222,0,0,0.008055142127,0.002380952472,2.260053952e-05,0.0001380648755,0.002454082016,0.001457107835,0.0001224726002,0.0006075850106,0.000156284892,0.00139028125,0.002082910389,2.657209006e-05,0.000187699552,0.0006933668046,0.000434266025,0.0005543514271,0.0003627164406,0.0002484394354,0.0001614787761,0.00445567118,0,9.629706619e-05,0.0004652352363,0.0005456496147,0.002372522606,0.001515262527,0.0002645156055,6.502254109e-05,0.0004023933725,0.00238289265,0.0003399302368,1.975419582e-05,0.0005018137163,0.0005808730493,0.0001568516309,0.01010376308,0.252301544,0.005226688925,0.0002683553903,0.0001031224674,0.001325349906,0.003712724894,0.09473827481,0.0006325626164,0.0001034870074,7.701839058e-05,0.003945534583,0.000442494551,0.006568059791,0.001375216874,0.0003841196885,6.962050975e-05,0.0001926131954,0.001391472761,0.00261812727
110,0.0006639866042,0,0.0004340300802,0.0001189236209,0.09641515464,0.1926230192,0.0006634278107,0.08533418924,0,0,0.0002382710954,0.0006516646827,0,0.002380952472,0,0.002336711157,0.001558255171,0.0009494115366,0,0.005399361718,0.0009428224294,0.0003105764627,0,0.002886904171,0.002380952472,0.000905482797,0,0,0,0.0003086352081,0,0.002380952472,0.0006042788154,0,0,0,0,0,0,0,0,0,0,0,0,0,0,0,0,0,0,0,0,0,0,0,0,0,0,0,0,0,0.001180792344,2.68506974e-05,0,0,0,0,0,0,0,0,0,0,0,0,0,0,0,6.291286991e-05,0,5.624218829e-05,0,0,0,0,0,0,0,0,0,0,0,0.006372289266,0.007846281864,0.004487591796,0.009034194984,0.0005906701554,0.004761904944,0.0003146412491,0.002918070881,0.001383493654,0,1.321775471e-05,1.404703653e-06,5.1344864e-07,1.977852435e-06,8.094915756e-06,9.629706619e-05,0,0,0,0.0001294249378,1.840195068e-06,5.322406196e-06,0,9.295745826e-07,0.0001672316721,0,0,0,0,0,0.00668416312,0.3576104343,0.008470228873,0,0,0.0004220264091,0,0.03316020593,9.293772746e-05,0,2.442259211e-05,0.0006270459853,9.315075658e-06,0,0,0,0,0,0,0
111,0.0008001807728,0.0004114434996,0.001862319768,0.001333632856,0.05568962917,0.3411969543,0.02016027644,0.1112388745,0.0001473485172,0,0.0002155237889,0.002087007742,0.0002302409703,0.004408175591,0.001728160423,0.00252039521,0.001615467714,0.003283452475,0.002582747722,0.001306172227,0.003351793159,0.004067614675,0.002787726698,0.001367745805,0.00152347039,0.002578898566,0.003064696444,0.002135129878,0.00325866323,0.003916537855,0.002148911823,0.001630967599,0.002012263751,0.0002328340925,0.003563656472,0.001448213006,0.003775968915,0,0,0,0,0.002380952472,0,0,0.0005661942414,0,2.567299271e-05,0.0001006996972,0,3.924681369e-05,5.804175998e-06,3.755427315e-05,0,0,0,0,0,0.0001172183329,4.612254634e-05,0,0,1.497895755e-05,2.488730206e-05,5.293304275e-05,0,0,0,0,3.900767115e-05,0,0,0.02314329706,0.0002282288915,2.491736996e-05,0.0001301527227,0,0,0,0.0005173239624,3.008523527e-05,0,3.654824104e-05,0,0.0003037386341,0,4.546489799e-05,0,0,0.001246975386,0,0,2.670737376e-05,1.944704854e-05,0.003720710753,0.002363858046,0.003813946852,0.001201913692,0.002192742424,0.000361151906,8.022092516e-05,2.031575241e-05,3.580467819e-05,1.497263656e-05,0,0.0002044886933,0.0001257137919,4.275088213e-05,0.0001422818023,0.0004652352363,0,0,2.879696012e-06,5.949806109e-06,7.521691259e-06,0.0001670715574,2.20819893e-05,7.791491953e-05,0.0001802066981,0.0003206623078,1.161192904e-05,0,0,0,0.01108192373,0.4265394211,0.01596888341,8.448009794e-07,8.878644439e-05,8.946402886e-06,9.536213474e-05,0.03271551803,0.000231561964,0.000267227937,1.706721559e-05,0.001733003301,0.000556494866,0.000283323403,0.0003796516976,6.323237176e-05,6.137054879e-05,0,3.241074228e-05,6.068023868e-05
112,0.000140666205,0,0.0002264562208,9.17565485e-05,0.08185850084,0.1270073652,0,0.08490336686,0.0003370687482,0,0,0.001534197829,0,0,0,0.00321247126,0,0.0008853112231,0,0,0,0.005812876392,0,0,0.0001672624494,0,0,0,0,0,0,0,0,0,0.002380952472,0,0,0,0,0,0,0,0,0,0,0,0,0,0.0009171613492,0,0,0,0,0,0,0,0,0,0,0,0,0,0,0,0,0,0,0,0,0,0,0,0,0,0,0,0,0,0,0,0,0,0,0,0,0,0,0,0,0,0,0,0,0.006290411111,0.004199609626,0.009523809887,0.0009410982602,0.005056024529,0,0.0002585824404,0.001327740494,0,0,0,0,0,0,9.095348651e-05,0.0005456496147,0,2.879696012e-06,0,0,0,1.014124155e-05,0,0,0,0,0,0,0,0,0,0.3466129601,0.01080319565,0,0,0.002380952239,0.001084316522,0.03318811208,0.0001850745612,0,0,0,0,0,0,0,0,0,0,0
113,0.000398234959,0.0001560994278,0.001428638352,0.0009839783888,0.0469211489,0.3151052594,0.00529000489,0.0980893746,2.005386159e-05,0,0.0001632245985,0.000436858827,3.289460801e-05,0.0008448428707,0.0002504399163,0.0005428770091,0.0008229598752,0.0009965262143,0.001444926253,0.002425441751,0.001600471674,0.00176303531,0.001270779758,0.001037638285,0.007136378903,0.001273078495,0.0007135769119,0.000576154911,0,0.002679935656,0.0007121222443,0,0.0002051388437,0,0.0006418962148,0.001000810182,0,0,0,0,0,0,0,0,0.0003181568754,0,0,0.0001041651776,2.210582534e-05,0,5.789522766e-05,0,0,0,0,0,0,0,2.975252528e-06,0.0003163643996,0,0,8.968324437e-06,1.317631359e-05,0,0,0,0,5.809533377e-06,0,0,0.001560844015,0.0002704585786,0,0,0,0,0,0,3.149475106e-06,0,8.97937116e-06,0,0,0,0,0,0,0,0,0,7.509470015e-05,1.520617025e-05,0.006232412998,0.005481792148,0.01048287842,0.003641229821,0.003100811969,0.001100560301,0.0007248449256,0.0004647750466,0.001084969845,4.772871307e-06,6.304556155e-05,3.033495523e-05,0.0001280896104,0,1.361384147e-05,0.002372522606,0.0001294249378,5.949806109e-06,0,0,5.732817499e-06,0.0001995105849,2.772750349e-06,0.0003396195534,0.0002028962481,0,0,0,5.262703553e-07,0,0.004294895101,0.4660738111,0.0179785993,6.531152758e-05,0.0004926345428,5.466199582e-06,7.845363143e-06,0.03435937315,0.0002925054869,0.0005033592461,8.371348667e-05,0.00065090711,6.332473276e-05,0,0,2.379745638e-05,0.0001717315608,0,3.579156328e-05,2.375264785e-06
114,0.0001396694715,7.872378046e-05,0.00047605898,0.000188299251,0.08107089996,0.3318344653,0.00731379725,0.08878956735,3.393009683e-05,9.345421131e-05,3.215852848e-05,0.0002801064984,0,0.001470144023,0.004761904944,0.001030309475,0.0008066888549,0.00153573975,0.001512065297,0.001850720611,0.001403053524,0.00141334231,0.0008702192572,0.002366411733,0.0003059228766,0.001070214086,0.001474591438,0.003925586119,0.006111483555,0.002202889649,0.001450841781,0.001284670318,0.002015444916,0.002604662674,0.002866735682,0.002431253204,0,0,0.002380952472,0.002380952472,0,0,0,0,0,4.488116974e-05,0,0,0.000137727824,0,0.0002792694722,0,0,0,0,0,0,0,0,0,0,0,3.825724707e-05,3.153727221e-06,0,0,0.0001539855875,0,0,0,0,0.003815366654,4.598001397e-05,0,0,0,0,0,0,0,0,8.002983122e-06,0,0,0,0,0,0,0,0,0,0,2.522568866e-05,0.01565870643,0.01475472096,0.02544781379,0.001810871647,0.01363292057,0.006782178767,0.0004861693596,0.0003826000611,0.0008249183302,1.624174729e-05,0,9.727141332e-06,0,4.312302735e-06,2.712203695e-06,0.001515262527,1.840195068e-06,7.521691259e-06,0,5.732817499e-06,0,1.212250663e-05,5.715206953e-06,3.79555604e-05,0.000137186551,4.201475531e-05,0,0,0,0,0.007238454651,0.4690900743,0.01743119024,5.347036449e-07,2.355316792e-05,0.0002691448608,0,0.02812771313,0.0001005056038,0.0003076035355,5.154469181e-05,0.0007243473083,9.777563719e-06,0,0.0006586805684,0,1.101443286e-05,1.424778566e-05,0.001647121855,5.214331759e-05
115,0.0009844859596,5.079435596e-06,0.0003100925242,0.000136882154,0.06468745321,0.2120821923,0.0150172133,0.03895714879,0,7.010814443e-05,0.0002156221744,0.0006799858529,0.0005699211033,0.002380952239,0.004761904944,0.001543032704,0.001213553129,0.0005570913781,0.001340247691,0.001524748979,0.001957328524,0.0002634484554,0.001088110497,0.002380952472,0.001199005404,0.002188501181,0,0.0008696503355,0.002380952472,0,0,0.004761904944,0,0,0.002380952472,0.002380952472,0,0,0,0,0,0,0,0,0,0,0,0,0,0,0,0,0,0,0,0,0,0,0,0,0,0,0,4.628526585e-05,0,0,0,0,0,0,0,0.001455346937,0.003388496349,0,0,0,0,0,0,0.0001062849478,0,0.0002806388366,0,0,0,0,0,0,0,0,0,0,0.001542034908,0.01032528281,0.007753356826,0.008548688143,0.007946730591,0.006699456368,0.006480555981,0.0004852161219,0.00149352022,0.000726232538,0,0,1.868492063e-06,1.912558503e-07,1.100211193e-06,4.479201743e-05,0.0002645156055,5.322406196e-06,0.0001670715574,1.014124155e-05,0.0001995105849,1.212250663e-05,0,0,1.041784344e-05,0.0002873853955,0,0,0,0,0,0.005214294419,0.3594954014,0.008340208791,5.336145023e-06,0,0.002022575354,0,0.0328897126,4.367490692e-05,2.824902367e-05,5.60210101e-05,0.0003576634044,9.017452953e-07,0.0005363724194,3.936407666e-05,0,1.476780085e-07,0,0.000728689658,0.0003434031969
116,3.4596771e-05,0,2.05053002e-05,6.79276036e-06,0.01627811044,0.1769147813,0.003563916311,0.01203549094,1.427975349e-05,0,3.409018609e-05,2.58298187e-05,0,0.002380952472,0.002380952472,0.0001777794678,5.77285391e-05,0.000249727047,0.0003866898187,0.0001235054078,0.0002468756575,0.0004186870938,0,0,0.0001918516064,9.946171485e-05,1.336978494e-05,0.0003220306244,7.348079816e-05,0.0004278549168,0,0,0.0001236911339,0,0,0.0001487096888,0,0,0,0,0,0,0,0,0,0,0,0,0,0,0,0,0,0,0,0,0,0,0,0,0,0,7.905160601e-05,0,0,0,0,0.0007438787143,0,1.613799759e-05,0,0,0,0,0,0,0,0,0,0,0,0,0,0,0,0,0,0,0,0,0,0,0,0.00561301969,0.002942082006,0.006598044187,0.001674636384,0.00255325879,0,4.223479846e-05,0.0008382753003,0.00276932749,0,0,0,2.385693733e-06,3.383400156e-07,1.580346407e-06,6.502254109e-05,0,2.20819893e-05,0,2.772750349e-06,5.715206953e-06,0,0,0,3.545724758e-05,6.651955573e-07,0,0,0,0,0.005675244145,0.3574480116,0.01031243801,2.703786049e-05,0,0.0009968604427,0,0.04062245786,7.174781058e-05,0,1.256036103e-05,0,5.213426448e-06,9.504942136e-05,0,0,0,0,0.0004318514839,0.0006263579708
117,0.002280858578,0.0002163796307,0.001116216765,0.001283049467,0.0950184688,0.2488430291,0.01775345579,0.1059821323,4.960222577e-05,0,0.001421364606,0.004941205028,0.001685245777,0.006139283534,0,0.001469366136,0.002849423792,0.004290963989,0.004815146793,0.006086639129,0.002758478979,0.0008300288464,0,0.005060193129,0.002885560505,0.002632380463,0.0008032842306,0,0.004812553525,0.004482026212,0.002246958669,0.0005485583679,0.004761904944,0.0001961142261,0.001015364542,0.001435416751,0,0,0,0,0,0,0,0,0.004761904944,0.0005314290174,0,0.0004535151238,0.0002088992769,0,0.0006882457528,6.877179112e-05,0,0,0,0,0,0.000206432378,0,0,0,0,0.0001340525778,8.243916818e-05,0,0.002380952239,0,0.000176613903,0,0,0,0,0.002493948909,0,0,0,0,0,0,0.0003535059514,0,5.079922266e-05,0,0,0,0,0,0,0,0,0,0,0.001207179157,0.01522703096,0.005568245891,0.01228264067,0.007399653085,0.005889520515,0.007373925764,0.0003866282641,0.002867860952,0.003948470112,1.947526926e-06,0,1.445667522e-06,1.123155744e-05,9.019277059e-05,0.0001848629909,0.0004023933725,9.295745826e-07,7.791491953e-05,0,0.0003396195534,3.79555604e-05,1.041784344e-05,0,0,0.0001677936089,1.859188342e-05,0,0.0009649586282,0,3.67108114e-05,0.006968289614,0.3880395591,0.008593684062,6.966228739e-06,2.115226744e-05,8.896968939e-05,6.112608389e-05,0.02244562283,3.267939974e-05,9.057635907e-06,1.962627721e-05,0.001459954656,5.559800047e-05,0.002380952472,0.0009412761428,0,4.143243495e-05,0,0.0003895723494,0.0001733669051
118,0.007274757605,0.0004311211524,0.002408318687,0.005610182881,0.07390455902,0.3339857757,0.01259695366,0.1048286483,0.0005037920782,0.0001696559921,0.001190902549,0.007260735612,0.0005303865764,0.007341798395,0.005148249213,0.004042621236,0.007235840894,0.008690452203,0.00263927388,0.009625376202,0.008226134814,0.008710277267,0,0,0.002155254362,0.006979377009,0.003312139772,0.002380952472,0,0.002380952472,0.002495049965,0.002380952472,0.002380952239,0,0,0,0,0,0.002380952472,0,0,0,0,0.0001575155184,0,0,0.0001933667663,0.0004521551018,0.0002872788173,0,0.0005391326267,7.001809718e-05,0,0,0,0,0.001188420923,0.0002013665508,0.0001498507336,0.00242446945,0,0,0.0002701446647,0.0001858955802,0,0,0,0,0.0003198900085,0.0001720890141,0.0001003016441,0.004047687631,0.001933208085,8.267575322e-05,0,0,0,8.710108523e-05,0,0.0002364073734,4.156449722e-05,0.0004860249464,0.0003243047977,0.0004441663041,0.0003755454673,0.0001879652409,0,0,0.0001222344727,0,0,4.994856135e-05,0.0002760683128,0.02039868198,0.0006966968649,0.002263551345,0.0002888914896,0.0004917294718,0.001389016164,0.0005275250296,0.0004012517747,0.0004264314193,3.140766057e-05,3.991815447e-06,2.028998642e-05,0.0001485060784,2.435295391e-05,4.085867113e-05,0.00238289265,0.0001672316721,0.0001802066981,0,0.0002028962481,0.000137186551,0.0002873853955,3.545724758e-05,0.0001677936089,0,9.366799532e-06,4.853559221e-05,0,0.0005504320143,5.450444951e-05,0.003816654207,0.1358922273,0.020137107,0.0001507840934,0.0001553227921,0.0003629101557,0.0002556052932,0.01784434542,0.0004609113093,0.0003644281242,0.000360434613,0.0006408570334,0.0001585930295,0.0009786571609,0.0003250619629,1.374004114e-05,0.0001495315955,2.093373223e-05,0.0003882879391,0.0003053613182
119,0.0003411949147,0,4.901893408e-05,3.04956975e-05,0.05608094111,0.1605078578,0.0003474557016,0.03786596656,0.0003868892672,0,9.31929826e-05,0.0001055191387,0,0.002380952472,0,0.0006997337332,0.0001894616435,0,0,0.001972694881,0.004513467196,0,0,0,0,0,0,0,0,0,0,0.002380952472,0,0,0,0.001396811451,0,0,0,0,0,0,0,0,0,0,0,0,0,0,0,0,0,0,0,0,0,0,0,0,0,0,0.0006458670832,0,0,0,0,0,0,0,0,0,0,0,0,0,0,0,0,0,0,0,0,0,0,0,0,0,0,0,0,0.002380952472,0,0.00551865343,0.002026226372,0.002047338057,0.001858880278,0.006851007696,0.001503951033,0.000278803258,0.00175096374,0.0006791147753,1.249845991e-05,0,4.157737976e-07,0,7.436709893e-06,0,0.0003399302368,0,0.0003206623078,0,0,4.201475531e-05,0,6.651955573e-07,1.859188342e-05,9.366799532e-06,0,0,0,0,0,0,0.360624969,0.009762275033,0,0,0.000192645035,0,0.02764072083,0.0001043888769,0.000100355086,0.0001144275666,1.749063472e-06,0,0.0002249747049,2.258178392e-05,0,0,0,0,6.873913662e-05
120,2.39984056e-05,0,1.433141551e-05,0,0.02232155204,0.06559093297,0,0.006146948785,0,0,0,1.580136632e-05,0,0,0,0,0.0001366197102,0,0,0,0,0,0,0,0,0,0.001530137728,0,0,0,0,0,0,0,0,0,0,0,0,0,0,0,0,0,0,0,0,0,0,0,0,0,0,0,0,0,0,0,0,0,0,0,0,0,0,0,0,0,0,0,0,0,0,0,0,0,0,0,0,0,0,0,0,0,0,0,0,0,0,0,0,0,0,0.002551636659,0.0005175695987,0,0,0.002336694859,0.002380952239,0,0,0,0,0,0,0,0,0,1.975419582e-05,0,1.161192904e-05,0,0,0,0,0,0,4.853559221e-05,0,0,0,0,0,0.0001595332724,0.3225165606,0.009302591905,0,0,0,0,0.03700267524,0.0001449083938,0,5.436884385e-05,0,1.480669084e-06,0,0,0,0,0,0,0
121,4.097533019e-05,0,2.548675911e-05,9.021900951e-06,0.07180678844,0.1697123349,0,0.008105926216,0,0,0,1.589983731e-05,0.0007124312106,0,0,0.0001673470688,5.463793059e-05,0,0,0,0,0,0,0,0,0,0,0,0,0,0,0,0,0,0,0,0,0,0,0,0,0,0,0,0,0,0,0,0,0,0,0,0,0,0,0,0,0,0,0,0,0,0,0,0,0,0,0,0,0,0,0,0,0,0,0,0,0,0,0,0,0,0,0,0,0,0,0,0,0,0,0,0,0.001706033829,0,0.001155887498,0.00152104476,0.002850862686,0,0,0.0003888991487,0,0.0002892998164,0,0,0,0,0,0.0005018137163,0,0,0,0,0,0,0,0.0009649586282,0,0,0,0,0,0,0,0.4613378644,0.01311253756,0,0,0,0,0.05524939299,0,0,0.0007494705496,4.539563815e-05,0,0,0,0,0,0,3.243874517e-06,0
122,9.60315956e-05,0,0.000326170295,5.210551171e-05,0.06124590337,0.1052535325,0.0003173402511,0.0662253201,0,0,0,0,0,0,0,0.0002772727166,0,0.004172781017,0,0,0,0.002380952239,0,0,0,0,0,0,0.002380952472,0.002380952472,0,0,0,0,0,0,0,0,0,0,0,0,0,0,0,0,0.002380952472,0,0,0,0,0,0,0,0,0,0,0,0,0,0,0,0,0,0,0,0,0,0,0,0,0,0,0,0.002380952472,0,0,0,0,0,0,0,0,0,0,0,0,0,0,0,0,0,6.81542042e-06,0.003836713033,0.003700456815,0.001832136884,0.0006909458898,0.001306122867,0.0004384318891,0.0009343159618,0,0,0,0,0,0,0,0,0.0005808730493,0,0,0,5.262703553e-07,0,0,0,0,0.0005504320143,0,0,0,0,0,0,0.4027629793,0.01591083407,0,0,0,0,0.03079599515,0.0005465680733,0.0001687064505,0,0,0,0,0,0,0,0,0,0
123,2.561149813e-05,0,1.851857269e-05,2.084374501e-06,0.01725465246,0.1331684589,0,0.006848155987,3.131184712e-06,0,0,1.218400666e-05,0,0,0,4.931958028e-05,0.0001304810576,0,0,0.0003215179604,8.621488814e-05,0,0,0,0,0.0001756598649,0,0.00067163934,0,0,0.0002629798546,0,0,0,0,0,0,0,0,0,0,0,0,0,0,0,0,0,0,0,0,0,0,0,0,0,0,0,0,0,0,0,0,0,0,0,0,0,0,0,0,0,0.0002389896545,0,0,0,0,0,0,0,0,0,0,0,0,0,0,0,0,0,0,0,0,0.002816106658,0.009097951464,0.0004699556157,0.002380952472,0,4.813120177e-05,0.0001183007334,0.001703617978,0.0003645096149,0,0,0,0,6.829725407e-06,0,0.0001568516309,0,0,0,0,0,0,0,3.67108114e-05,5.450444951e-05,0,0,0,0,0,0,0.4078193009,0.01020962466,0,0,5.489765499e-06,0,0.03738833591,6.486379425e-05,2.538708577e-05,3.604222002e-05,0,0,0,0,0,0,0,0,1.131451518e-05
124,0.02999917604,1.765304296e-05,0.0001202219646,0.00241604913,0.06599462777,0.07229831815,2.692077032e-06,0.05105115473,0.001815698924,0,0.0001193879507,0,0.000912996009,0,0,0.000394711562,0.02739424072,0.002380952472,0,0.004143305589,0.006457571406,0.001196599216,0,0,0.002380952472,0.005515774712,0,0.004761904944,0.002380952472,0.002380952472,0,0,0,0,0.001528159715,0.004761904944,0.002380952472,0,0,0,0,0,0,0,0,0.001303482568,0,0,0.007808049675,0.004761904944,0.005985763855,0,0,0,0,0,0,0.003604799276,0.005148101598,0,0,0,0.008523287252,0.00565854786,0,0,0.0006053925026,0,0.0003611335997,0,0.0003731786273,0,0.0001425990631,0.004761904944,0.0007378320443,0,0,0,0,0.003961741924,0,0.009528334253,0,0.00132899289,0.0008408002323,0.004761904944,0,0,9.536837524e-07,0,0,0.00151522446,0.002322610235,0.01634290442,0.01025941037,0.006227314938,0.01611048728,0.006865391973,0.004611606244,0.009819215164,0.02057208866,0.01579235494,0.00615215674,0.004761904944,0.004475834314,0,0.006894617341,0.002792938147,0.01010376308,0.00668416312,0.01108192373,0,0.004294895101,0.007238454651,0.005214294419,0.005675244145,0.006968289614,0.003816654207,0,0.0001595332724,0,0,0,0,0.3673510849,0.03806948289,0.00933490321,0.001681800699,0.002638580045,0.0001307915372,0.1514945924,0.002207418671,0.006277741399,0.01007430255,1.374898511e-05,4.938714483e-06,2.520803946e-06,5.264568244e-06,9.718188267e-06,0.001896916772,0,0.0005299988552,0.0001793193369
125,0.7410293221,0.4888186455,0.5337413549,0.6140307188,0.7592592835,0.5525170565,0.5605688095,0.8264187574,0.4571993053,0.3714423478,0.5449789166,0.5697242618,0.4824921191,0.5525267124,0.4632558823,0.5737145543,0.6964928508,0.4993214309,0.5635471344,0.5829228759,0.5914475918,0.4793152511,0.3175091743,0.2306404412,0.550182879,0.5795388222,0.3336965144,0.135408625,0.1782179177,0.3423449993,0.2839346528,0.2052706182,0.162239939,0.09690195322,0.171779111,0.2697756886,0.1765437275,0.03095238283,0.05714286119,0.1475970596,0.05964298546,0.07862991095,0.01904761977,0.4927600026,0.4773793221,0.3774203062,0.4440022707,0.4593781531,0.4568339884,0.4387801886,0.4470854402,0.4397829771,0.1646117717,0.1054436341,0.109530665,0.1248958036,0.2120892256,0.4384582043,0.408714503,0.3743350506,0.1761636883,0.4114103317,0.438809067,0.4577793479,0.2680580914,0.3183241487,0.3156352341,0.3453443646,0.42903018,0.4262902439,0.3574163616,0.2869667709,0.5228834748,0.3629596233,0.388417393,0.2501658499,0.1594794989,0.1885567904,0.2612781823,0.4422789216,0.3768449128,0.4362869859,0.2506861687,0.4315955043,0.467174381,0.416839093,0.1795498133,0.1569593549,0.3562119305,0.3521884382,0.3231696784,0.4462717175,0.4510647953,0.5960758328,0.3715398908,0.4047590196,0.3959974647,0.4084627926,0.4649882913,0.3448488712,0.4094712138,0.4476113021,0.3206528127,0.3630788326,0.3786572218,0.3440072834,0.3983772695,0.5511468649,0.252301544,0.3576104343,0.4265394211,0.3466129601,0.4660738111,0.4690900743,0.3594954014,0.3574480116,0.3880395591,0.1358922273,0.360624969,0.3225165606,0.4613378644,0.4027629793,0.4078193009,0.3673510849,0,0.322319597,0.3959775865,0.355807215,0.4643646479,0.4634670317,0.4941010177,0.4038506746,0.380731076,0.366663307,0.2834400535,0.3561402857,0.4130745232,0.3406018019,0.4073602855,0.34454301,0.3602139056,0.4993474782,0.4774030149
126,0.1131758764,0.02063052543,0.04766419902,0.04692748189,0.1509295702,0.334498316,0.1081223339,0.2458374053,0.01693584211,0.01145412866,0.04015872627,0.04922231659,0.01982975006,0.05391393229,0.02568836324,0.04739788175,0.1103087589,0.02247331105,0.03465240076,0.05366747454,0.03871334717,0.0335531421,0.01346727367,0.0006502574543,0.02742951363,0.03933721036,0.005377358757,0.002380952472,0.004037332255,0.02025868371,0.004761904944,0.009523809887,0.002380952472,0.002380952239,0.01061075646,0.007142857648,0.008677628823,0,0,0,0.004761904944,0.004761904944,0.004761904478,0.02212892659,0.02367906645,0.01459542848,0.02043693885,0.0159354303,0.01786865294,0.02954115905,0.02075046487,0.01775388978,0.003156425431,0,0.0003307040024,0.005161026027,0.006893194746,0.01926127076,0.01602577604,0.007415734231,0.003776874859,0.0178597644,0.01895808987,0.02357576601,0.005249231588,0.006757574622,0.008217072114,0.01481198892,0.01788490452,0.01397648267,0.01230649091,0.009055052884,0.03596022725,0.008651413955,0.01892351359,0.01213657204,0.007112849038,0.008407094516,0.01025848184,0.01752331853,0.007522910833,0.01945333369,0.007222575136,0.01537817344,0.01818252727,0.01955800317,0.002380952472,0.005316888914,0.004975125659,0.009610647336,0.009837976657,0.02833565697,0.01848741435,0.04454321414,0.02526951581,0.0345348157,0.02016797662,0.02385807782,0.03192219138,0.01029640995,0.01816000789,0.0199152343,0.0107300384,0.01003467198,0.009489605203,0.007519267034,0.008877122775,0.01793771051,0.005226688925,0.008470228873,0.01596888341,0.01080319565,0.0179785993,0.01743119024,0.008340208791,0.01031243801,0.008593684062,0.020137107,0.009762275033,0.009302591905,0.01311253756,0.01591083407,0.01020962466,0.03806948289,0.322319597,0,0.009851982817,0.008245001547,0.01830734685,0.0195834022,0.0551353991,0.005254092161,0.005254644435,0.006836253218,0.02457120456,0.01055692509,0.0262964312,0.02097597159,0.009285088629,0.008687624708,0.009127292782,0.01967669092,0.01898342371
127,0.0007238108665,0,0.001158422441,0.001116713975,0.04930736497,0.2641408145,0.0204811804,0.1012131199,1.67276412e-05,0,0.0001205782319,0.001471446711,0.0001574281341,0.0005916742375,0.003111825325,0.001093579689,0.0009724486736,0.001305174897,0.001238398952,0.001264646999,0.001757623395,0.002847843105,0,0.0004053036973,0,0.001899814932,0,0,0.00199691439,0.0003639405186,0.003645938821,0.0008074083598,0.002380952472,0,0,0,0.0008059223765,0,0,0.002380952472,0,0,0.002380952239,0,0,0,0,0.0008028278826,0,0,0,0,0,0,0,0,0,4.380169776e-05,0,0,0,0,0.000294837344,0.0001013409856,0,0,0,0,2.28467743e-05,0,0,0.004761904944,8.184242324e-05,0,7.168161392e-05,0,0,0,0,0,0,8.075487858e-05,0,0,5.914185022e-05,0,0,0,0,0,0,0,7.357236882e-06,0.007983279414,0.00528588891,0.009044285864,0.004486560822,0.008086176589,0.004710323643,9.999129543e-05,0.0002247808734,0.0006260816008,9.092218534e-06,3.144391303e-05,3.808857946e-05,1.020960644e-05,8.387523849e-06,5.812335075e-05,0.0002683553903,0,8.448009794e-07,0,6.531152758e-05,5.347036449e-07,5.336145023e-06,2.703786049e-05,6.966228739e-06,0.0001507840934,0,0,0,0,0,0.00933490321,0.3959775865,0.009851982817,0,0,8.094881196e-06,0,0.03491047397,0.0001181147891,2.146608858e-05,3.932731943e-06,0.0001491716976,1.431130386e-05,0,4.749572327e-05,0,9.237160157e-06,0,0,9.036119445e-05
128,0.0004589119053,7.409625596e-06,0.0001948082499,0.0001683728333,0.05993372202,0.1823882461,0.00360421557,0.02381494455,0,0,0.0001134893755,0.0001274015231,0.0006104341592,0.000498267822,0.000522852235,0.0007384897326,0.000262245565,0,0,8.716796583e-05,0,0.0006482150056,0.001123550115,0,0,0,0,0,0,0,0,0,0,0,0,0.001059581176,0,0,0,0,0,0,0,0.0001741422457,0,0,0,0,0,0,0,0,0,0,0,0,0,0,0,0,0,0,0,0,0,0,0,0,0,0,0,0,0.0003013107053,0,0,0,0,0,3.294908765e-06,0,0,0,0,0,0,0.0004517639172,0,0,0,0,0,0,0,0.009310109541,0.001353924046,0.00374756963,0.001465770183,0.003853111761,0.002169107087,0.0007815580466,0.001352423104,0.0008083797875,3.53810151e-06,0.0001791765389,0,2.392308261e-06,2.563007229e-06,7.543672837e-06,0.0001031224674,0,8.878644439e-05,0,0.0004926345428,2.355316792e-05,0,0,2.115226744e-05,0.0001553227921,0,0,0,0,0,0.001681800699,0.355807215,0.008245001547,0,0,0.001155051054,0.0001837541931,0.03589186817,7.800841558e-05,2.701943686e-06,3.148020187e-05,3.762117558e-05,1.322369343e-07,7.529005416e-06,0,7.139789204e-07,0,0,0.0003655989422,0.0005440714885
129,0.00132866588,0.000733336492,0.003384613665,0.002996023977,0.05634163693,0.3506164551,0.001850936911,0.1154744029,0,0.0009962192271,0.0002648123482,0.001172811724,3.455400656e-05,0.001924627926,0.002380952472,0.0007999039954,0.0007532613818,0.001846355386,0.001845329884,0.002048215596,0.003391304053,0.0005328853149,0.002988667926,0.002380952472,0.002134830691,0.0003560003825,0.0003291509929,0.002380952472,0.0006622395013,0.002994198818,0.001407014905,0,0.0009301412501,0,0.0004905223614,0.002380952472,0,0,0,0,0,0,0,0,0,0,3.645980905e-05,0,1.355758923e-05,0,0,0,0,0,0,0,0,0,0,0,0,0,7.786959941e-06,1.558209442e-05,0,0,0,0,0,0,0,0.007073505316,7.782966713e-05,0,0,0,0,0,0,0,0,3.739709882e-06,0,0,0,0,0,0,0,0,0,1.955573316e-05,9.05291563e-06,0.001951688784,0.001695827697,0.002160323784,0.0007734519895,0.001756101963,0.0001018001858,0.00023206076,9.271786985e-05,1.843706195e-05,1.799651727e-05,4.49631807e-05,0.0008121493156,0.0002246533695,0.0001322935714,0.0002782089869,0.001325349906,0.0004220264091,8.946402886e-06,0.002380952239,5.466199582e-06,0.0002691448608,0.002022575354,0.0009968604427,8.896968939e-05,0.0003629101557,0.000192645035,0,0,0,5.489765499e-06,0.002638580045,0.4643646479,0.01830734685,8.094881196e-06,0.001155051054,0,1.41061073e-05,0.03786674514,0.0005147298216,0.0001537981589,0.0001271407236,0.0004382599145,0.0003260339145,0,0.001693539205,0,0,0.0001029901323,2.167242883e-06,1.215803877e-06
130,0.00107083749,0,0.002194375498,0.001009840285,0.04512609541,0.2727998793,0.0004603137786,0.0946303606,1.930107101e-05,0,0.000166769416,0.0007785985363,6.702727842e-05,0.00141543278,0,0.001597351162,0.001494056429,0,0.003386729863,0.002772267442,0.002471343847,0,0,0,0.002380952472,0.002380952472,0.0007070924621,0,0.0003663092502,0.0003000850556,0,0.000160530195,0,0,0,0,0,0,0,0,0,0,0,0,0,0,0,0,0,0,0,2.828921424e-05,0,0,0,0,0,0,1.165650474e-06,0,0,0,2.074606346e-05,1.789242378e-05,0,0,0,0,0,0,0,0,0,0,0,0,0,0,0,3.031782626e-06,0,3.715567436e-05,0,0,0,0,0,0,0,0,0,0,4.450931374e-05,0.001767857815,0.00412812829,0.00170932035,0.001166276867,0.0005575967953,5.533932199e-05,0.001007660409,0.0003639920906,0.0001661820133,0,0,0.0003273552284,2.260055226e-05,0,7.020724979e-07,0.003712724894,0,9.536213474e-05,0.001084316522,7.845363143e-06,0,0,0,6.112608389e-05,0.0002556052932,0,0,0,0,0,0.0001307915372,0.4634670317,0.0195834022,0,0.0001837541931,1.41061073e-05,0,0.04823639989,0.0009458990535,5.275916556e-05,0.0002970843925,0.002305151429,0.0002513162035,0,0,0,0,0,0,0
131,0.1693063825,0.09517859668,0.1053416133,0.1466902494,0.285890162,0.4440895021,0.2308568358,0.27729702,0.05250726268,0.07147878408,0.0828140527,0.1374935061,0.07127874345,0.1327426732,0.1029196456,0.1186461821,0.1953290552,0.1157074943,0.1171075925,0.1303553283,0.1240588725,0.09883952141,0.06378173828,0.04278884456,0.1239849031,0.1114374474,0.06156037748,0.03920820355,0.04172910377,0.08539131284,0.05678136274,0.04494958743,0.02704947628,0.007142857648,0.02614444681,0.03328084573,0.04447629303,0.002380952472,0.005619025324,0.0295322109,0.009523809887,0.015617406,0,0.06502103806,0.06732217222,0.0556143336,0.05562113971,0.04999195784,0.05878598243,0.05575347692,0.0535877943,0.04739291966,0.02109041251,0.01190930326,0.01621134207,0.01497695409,0.02843398787,0.03459114581,0.02426826954,0.0493221432,0.02183335274,0.04476673529,0.05628725886,0.04403014854,0.02611107379,0.0364247188,0.02443236113,0.02501908317,0.05822340772,0.03066923469,0.04098424688,0.1012155488,0.09558922052,0.03567773476,0.05338240042,0.05890614912,0.01379816141,0.03164245933,0.03297163174,0.04218858108,0.04238304496,0.05359687656,0.02856103703,0.05913165584,0.05713033304,0.04181885719,0.02736872621,0.02249773033,0.06778600812,0.05429947749,0.03366185352,0.05184369162,0.0514851436,0.1609306931,0.07396189868,0.1125808731,0.04405468702,0.0538608171,0.08504983783,0.04526747763,0.03431316093,0.03841098398,0.004434114788,0.01002654154,0.02351416275,0.03831423447,0.04989392683,0.04880977049,0.09473827481,0.03316020593,0.03271551803,0.03318811208,0.03435937315,0.02812771313,0.0328897126,0.04062245786,0.02244562283,0.01784434542,0.02764072083,0.03700267524,0.05524939299,0.03079599515,0.03738833591,0.1514945924,0.4941010177,0.0551353991,0.03491047397,0.03589186817,0.03786674514,0.04823639989,0,0.008320452645,0.01773387566,0.03369867802,0.1058972478,0.04399062693,0.1212753505,0.09724510461,0.04586308822,0.04451039433,0.03868831322,0.04551672563,0.04690334573
132,0.02087194286,0.0006415855023,0.00726864161,0.006720053963,0.1108940318,0.2101777494,0.02219385467,0.1293736398,0.0007330926019,0,0.002328760223,0.01076297928,0.001358800335,0.005127355456,0.00324748992,0.003797923448,0.02697279304,0.004761904944,0.007364649791,0.01271384582,0.006375194062,0.002380952472,0.000785967859,0,0,0.008040368557,0.001059759292,0,0,0.004761904944,0,0.002380952239,0,0,0,0.002380952472,0,0,0,0,0,0,0,0,0,0,0,0,0.0005169707001,0.0003616991744,0.0003475587873,0.001791011775,0,0,0,0,0,0.0007046412211,0.0002833181352,0.003117523622,0,0,6.098359518e-05,0.0002637059079,0,0,0,0.0003438513668,0,4.476560571e-05,0.000168756771,0,0,0,0.0004574566265,0,0,0,0,8.201542369e-05,0,0.0006603929796,0,0.001505276305,0,0.0006704890984,0,0,0,0,0,0.00054170168,0.000692444155,0.01576083712,0.002238492016,0.005695174448,0.00104466849,0.001484659035,0.002509496408,0.0003875664552,0.0006472953246,0.0009344636346,5.195699941e-06,1.461840293e-05,3.198680133e-05,1.730736585e-05,0.0003228874411,0.001597535331,0.0006325626164,9.293772746e-05,0.000231561964,0.0001850745612,0.0002925054869,0.0001005056038,4.367490692e-05,7.174781058e-05,3.267939974e-05,0.0004609113093,0.0001043888769,0.0001449083938,0,0.0005465680733,6.486379425e-05,0.002207418671,0.4038506746,0.005254092161,0.0001181147891,7.800841558e-05,0.0005147298216,0.0009458990535,0.008320452645,0,4.310760687e-06,5.05086864e-05,0.001304008649,9.279680671e-05,0,0.001348810736,7.83586438e-05,5.384234828e-05,0.0001995509665,0.0002024591959,0.0002779136412
133,0.01558254939,0.001102665206,0.004490702413,0.006185016595,0.09780751914,0.2225925177,0.02182207443,0.1343077272,0.0001710671495,0.002380952472,0.001416421728,0.006633440964,0,0.004761904944,0.002380952239,0.00721223047,0.01950134709,0,0.002380952472,0.00578047568,0.01433126256,0.003450750606,0,0.001025634585,0.003753362456,0.004226647317,0.002380952472,0,0,0,0.002380952472,0.002380952472,0,0,0,0,0.002380952472,0,0,0,0,0,0,0,0,0.001503582229,0,0,0.002380952472,0.0004178752424,0.002917107893,0.0005028419546,0,0,0,0,0,0.0003716092033,0,0,0,0,0.0007900274359,0.0003229522263,0,0,0,0,0,0.0006325222203,5.02694711e-05,0.002380952472,0.0005078237737,0.0001542745158,0.0002251680853,0,0,0,0,0,0,0.00063268136,0,0,0,0.002380952472,0,0,0,0,0,0,0.0005304680089,0.01613082923,0.005372686312,0.01480024215,0.003736357903,0.004171519075,0.004731233232,2.43942286e-05,0.001245441614,0.001082955161,6.333472811e-06,1.278043601e-05,2.529495578e-05,5.566854725e-06,0.0001034179149,0.000922098814,0.0001034870074,0,0.000267227937,0,0.0005033592461,0.0003076035355,2.824902367e-05,0,9.057635907e-06,0.0003644281242,0.000100355086,0,0,0.0001687064505,2.538708577e-05,0.006277741399,0.380731076,0.005254644435,2.146608858e-05,2.701943686e-06,0.0001537981589,5.275916556e-05,0.01773387566,4.310760687e-06,0,5.54858525e-06,0.0006330247852,6.067032882e-05,0.002582371933,0.0009163403884,0,0.0001829851681,9.238156053e-05,0.0004129234294,0.002501798794
134,0.003323177807,0.0003344666038,0.00270152255,0.002317595063,0.06084642187,0.3103976548,0.02610743232,0.1149457097,0.0007372788386,0.0006949680974,0.00220338162,0.00705947401,0.001246631728,0.0108181322,0.019263478,0.01112656388,0.004117028322,0.003702449612,0.006221614778,0.003940148279,0.0023892764,0.005354198627,0.0005167262862,0.009369563311,0.00269809179,0.003117450746,0.003397999797,0.003893107641,0.005356709938,0.001468389994,0.004693708383,0.00340241543,0.004761904944,0.0004949269351,0.007062275428,0.006306550931,0.002785749501,0,0,0.002380952472,0.002380952239,0,0,0.0004267269687,0.004840778187,0.0002478826209,0.0008790727588,0,0.001219803118,0.0003227394482,0.0001823373605,0.0001076880653,0,0,0,0,0.001418170519,0,9.807573952e-05,0.002756550908,0,0.002570882672,0.0003917467548,0.0003394400992,0,0,0,0.0007324622129,6.385624874e-05,0.0003336228838,0,0.02071163245,0.002497383393,0,0.0001577592338,0,0,0,0,0.0004282063164,0,0.0002077433455,0,0,0,0,0,0,0,0,0,0.002418183489,0.0002821123053,0.007290195208,0.003388712183,0.008156986907,0.003037008923,0.006957201287,0.006243616343,2.128921915e-05,0.0003062288743,0.0009569162503,3.276454299e-05,5.793357195e-05,0.000109656452,4.028500189e-05,3.701402966e-05,0.000640461396,7.701839058e-05,2.442259211e-05,1.706721559e-05,0,8.371348667e-05,5.154469181e-05,5.60210101e-05,1.256036103e-05,1.962627721e-05,0.000360434613,0.0001144275666,5.436884385e-05,0.0007494705496,0,3.604222002e-05,0.01007430255,0.366663307,0.006836253218,3.932731943e-06,3.148020187e-05,0.0001271407236,0.0002970843925,0.03369867802,5.05086864e-05,5.54858525e-06,0,0.002539488254,0.0002300186461,0.003184332745,0.0009855129756,5.384254473e-05,2.15999753e-05,7.513145192e-06,0.0002943121362,0.0006486519123
135,0.003485486843,1.092046205e-05,0.0001887532417,0.001078111818,0.04123374447,0.2027221918,0.0003847537155,0.0533785671,0.0009286458371,0,0.001725836424,0.008630555123,0.00425432343,0.01390719041,9.730916645e-05,0.005772637203,0.001832360751,0,0.002245915122,0.001142509631,0.001199209481,0.002380952472,0,0,0.0004343503388,0.002380952472,0.001721551525,0.002380952472,0.002380952472,0,0,0.0006863130839,0,0,0,0.001777547412,0,0,0,0,0,0,0,0.002380952472,0,0.001249832916,0,0,0.002720799996,0,0,0,0,0,0,0,0,0,0.0004966058186,0,0,0.002380952472,0.001905468758,0.001848093001,0,0,0,0.0008621055749,0,0,0,2.460055111e-05,0.003729197895,0,9.43711857e-05,2.000666427e-05,0,0,0,0.002380952472,0,0.0006722506369,0,0.002380952472,0,0.0001281303557,0,0,0,0,0,0,0.001191207557,0.02313388884,0.001999443397,0.002038683044,0.001607760321,0.001677079475,0.001801320468,0.001829854678,0.002098916564,0.002820676425,0.0005233854754,0.0002369421854,0.0001331377716,0.000310321775,0.0005765053793,0.0001940545335,0.003945534583,0.0006270459853,0.001733003301,0,0.00065090711,0.0007243473083,0.0003576634044,0,0.001459954656,0.0006408570334,1.749063472e-06,0,4.539563815e-05,0,0,1.374898511e-05,0.2834400535,0.02457120456,0.0001491716976,3.762117558e-05,0.0004382599145,0.002305151429,0.1058972478,0.001304008649,0.0006330247852,0.002539488254,0,4.406387234e-06,7.154150808e-05,1.395093568e-05,5.440056157e-06,0.0004184919235,1.930969847e-05,0.001332463347,0.0003854796814
136,0.0002671234834,0,3.626026592e-05,6.270744052e-05,0.04561325535,0.1721770614,0.0001167462542,0.01763300039,2.059125836e-05,5.463428806e-06,0.0001060922441,0.0002929596521,0,0.006190737244,0.001286729239,0.0003558953758,0.0005335234455,0.0005009078304,0,0.00177870458,0.0002467386075,0,0,0,0,0.0001772888209,0,0,0,9.760636021e-05,0,0,0,0,0,0,0,0,0,0,0,0,0,0,0,0,0,0,0,0,0,0,0,0,0,0,0,0,0,0,0,0,0.001567464322,0.0006219227798,0,0,0,0,0,0,0,0,0,0,0,0,0,0,0,0,0,0.0005541756982,0,0,0,0,0,0,0,0,0,0,0,0.008100367151,0.003092646832,0.003739671316,0.003011393361,0.001785871224,0.002639262471,0.0008636746788,0.001070495113,0.0008677956648,1.014232203e-05,0,0,1.082257404e-05,3.144634684e-05,6.542933988e-05,0.000442494551,9.315075658e-06,0.000556494866,0,6.332473276e-05,9.777563719e-06,9.017452953e-07,5.213426448e-06,5.559800047e-05,0.0001585930295,0,1.480669084e-06,0,0,0,4.938714483e-06,0.3561402857,0.01055692509,1.431130386e-05,1.322369343e-07,0.0003260339145,0.0002513162035,0.04399062693,9.279680671e-05,6.067032882e-05,0.0002300186461,4.406387234e-06,0,0,1.19075753e-06,3.500944672e-07,4.319731033e-06,0,0.0006126677035,0
137,0.0006122649647,0,3.450131408e-05,0.0003415744286,0.0688059181,0.09574876726,4.613354122e-06,0.022788072,0,0,0,0,0,0,0,0,0.001435654936,0.002380952472,0,0,0,0,0,0,0,0,0,0,0,0,0,0,0,0,0,0,0,0,0,0,0,0,0,0,0,0,0,0,0,0,0,0,0,0,0,0,0,0,0,0,0,0,0.001230912632,0,0,0,0,0,0,0,0,0,0,0,0,0,0,0,0,0,0,0,0,0,0,0,0,0,0,0,0,0,0.0001154948695,0.001722969813,0.002974784002,0.0001061151561,0.0007065480459,0.002470043721,0.0003093853302,0.002639139537,0.001594984322,0,0,0,0,0,0.001157636871,2.323164517e-05,0.006568059791,0,0.000283323403,0,0,0,0.0005363724194,9.504942136e-05,0.002380952472,0.0009786571609,0.0002249747049,0,0,0,0,2.520803946e-06,0.4130745232,0.0262964312,0,7.529005416e-06,0,0,0.1212753505,0,0.002582371933,0.003184332745,7.154150808e-05,0,0,0,0,0.0005036161747,0,7.795265446e-06,0
138,0.0003219611244,0,3.202481093e-05,0.0002346569963,0.02913897857,0.1014060378,3.652451414e-05,0.01215867233,5.317923751e-06,0,1.289969441e-05,0,0,0,0.0002981130092,0.0005760421045,0.0002426531282,0,0.002490943996,0.003145437222,0.000627662288,0.0003891642264,0,0,0,0,0,0,0,0,0,0,0,0,0,0,0,0,0,0,0,0,0,0,0,0,0,0,0,0,0.002380952472,0,0,0,0,0,0,0.001213812502,0,0,0,0,0.0005682889605,0.0008365684771,0,0,0,0,0,0,0,0,0.0001408561802,0,0,0,0,0,0,0.0013824458,0,9.062055324e-05,0,0,0,0,0,0,0,0,0,0,0.0001094233812,0.007599039469,0.001194324694,0.001009546104,0.0009281423991,0.003033530433,0.001904387493,0.0006267285789,0.001559596742,0.0002807113051,0,0,0.0005016665091,0,8.836010966e-05,0,0.001375216874,0,0.0003796516976,0,0,0.0006586805684,3.936407666e-05,0,0.0009412761428,0.0003250619629,2.258178392e-05,0,0,0,0,5.264568244e-06,0.3406018019,0.02097597159,4.749572327e-05,0,0.001693539205,0,0.09724510461,0.001348810736,0.0009163403884,0.0009855129756,1.395093568e-05,1.19075753e-06,0,0,0,3.050345185e-06,0,9.058006981e-05,4.911415817e-05
139,2.64086666e-05,1.076748617e-06,1.21592193e-05,9.125334145e-06,0.03259426728,0.1501520723,8.969553892e-05,0.003055606736,0,0,2.516375389e-06,0,0,0,0,2.671073889e-05,0,0,0,0.0002185067715,8.821306255e-05,0,0,0,0,0,0,0,0,3.335327347e-05,0,0,0,0,0,0,0,0,0,0,0,0,0,0,0,0,0,0,0,0,0,0,0,0,0,0,0,0,0,0,0,0,0,0.0001662616414,0,0,0,0,0,0,0,0,0,0,0,0,0,0,0,0,0,0,0,0,0,0,0,0,0,0,0,0,0,0.001214512042,0.003356528236,0.002101978753,0.0003635597532,0.0002047637245,0,0.0001964972616,8.627699572e-05,0.0004348044749,0,0,0,0,1.788657937e-05,5.625131053e-06,0.0003841196885,0,6.323237176e-05,0,2.379745638e-05,0,0,0,0,1.374004114e-05,0,0,0,0,0,9.718188267e-06,0.4073602855,0.009285088629,0,7.139789204e-07,0,0,0.04586308822,7.83586438e-05,0,5.384254473e-05,5.440056157e-06,3.500944672e-07,0,0,0,0,0,0,0
140,0.000443084311,6.160985322e-06,0.0001905481913,5.277616219e-05,0.05232968926,0.2031470984,0.01446031872,0.02424249984,0,0,5.583074017e-05,0.0003131428384,0,0.002380952472,0,0.0005442608963,0.000954314135,0,0.0004133211914,0.001566900639,0.0007801682805,0,0,0,0,0.0007759165601,0.001426900621,0,0,0,0,0,0,0,0.0008183788159,0,0,0,0,0,0,0,0,0,0,0,0,0,0,0,0,0,0,0,0,0,0,0,0,0,0,0,0,0,0,0,0,0,0,5.06126089e-05,0,0,0,0,4.91524188e-05,0,0,0,0,0,0,0.0005055157235,0,0,0,0,0,0,0,0,0,0,0,0.007954164408,0.006752084009,0.01044523623,0.006822362076,0.00625535287,0.007394790184,5.69370568e-05,0.0009470419609,0.00290479511,4.067646296e-05,0,0,0,7.391219015e-07,2.012351069e-05,6.962050975e-05,0,6.137054879e-05,0,0.0001717315608,1.101443286e-05,1.476780085e-07,0,4.143243495e-05,0.0001495315955,0,0,0,0,0,0.001896916772,0.34454301,0.008687624708,9.237160157e-06,0,0,0,0.04451039433,5.384234828e-05,0.0001829851681,2.15999753e-05,0.0004184919235,4.319731033e-06,0.0005036161747,3.050345185e-06,0,0,0,0.0004811844847,0
141,3.527215813e-05,8.569420061e-06,5.934906585e-05,2.168830633e-06,0.01867252029,0.09510342777,0.002380952472,0.006288951728,0,0,6.583185314e-05,8.648635412e-05,0,0,0.0009462122107,7.963842654e-05,0,0,0,0,0,0,0,0,0,0,0.0002749445848,0,0,0,0,0,0,0,0,0,0,0,0,0,0,0,0,0,0,0,0,0,0,0,0,0,0,0,0,0,0,0,0,0,0,0,0,0,0,0,0,0,0,0,0,0,0,0,0,0,0,0,0,0,0,0,0,0,0,0,0,0,0,0,0,0,0,0.004094588105,0.005308903754,0.001138810068,0.000603258959,0.002380952472,0,0,0.001031932305,0.0005410732701,0,0,3.816555545e-05,0,0,0,0.0001926131954,0,0,0,0,1.424778566e-05,0,0,0,2.093373223e-05,0,0,0,0,0,0,0.3602139056,0.009127292782,0,0,0.0001029901323,0,0.03868831322,0.0001995509665,9.238156053e-05,7.513145192e-06,1.930969847e-05,0,0,0,0,0,0,0.0002307020768,0
142,0.001927414793,0.0002540157584,0.002506105462,0.00367691624,0.05726027116,0.4093960524,0.003587245708,0.1208966076,0.000155210364,0,0.000969560293,0.002386369742,0,0.006678453181,0.003432593076,0.002534783445,0.003134673927,0.002691529691,0,0.002380952472,0.003485975787,0.002380952472,0,0.002380952472,0.001063906238,0.002503955504,0.0004115570046,0,0.002380952472,0.0006283448311,0.0009039883735,0.002380952472,0,0,0,0.002380952472,0,0,0,0,0,0,0,6.821844727e-05,0,0,1.686854011e-05,0,0,7.999716763e-05,0,0,0,0,0,0,0,0,0,0,0,0,5.731918645e-05,0.0001475387398,0,0,0,0,0,1.157084444e-05,0,0,0.0001788893715,0,0,0,0,0,0,1.417244403e-05,0,0,0,0.0001807236258,0,0,0,0,0,0,0,0,0,0.001172560384,0.0004163319245,0.00015934353,0.0001534445328,0.0001955288608,1.597631308e-05,0.001745768124,4.985873602e-05,9.281960956e-06,1.202890599e-05,0,0.001559323748,0.002380952472,0.004761904944,7.040891069e-05,0.001391472761,0,3.241074228e-05,0,3.579156328e-05,0.001647121855,0.000728689658,0.0004318514839,0.0003895723494,0.0003882879391,0,0,3.243874517e-06,0,0,0.0005299988552,0.4993474782,0.01967669092,0,0.0003655989422,2.167242883e-06,0,0.04551672563,0.0002024591959,0.0004129234294,0.0002943121362,0.001332463347,0.0006126677035,7.795265446e-06,9.058006981e-05,0,0.0004811844847,0.0002307020768,0,1.181134053e-06
143,0.001216228819,0.00013652294,0.001717507723,0.002848443808,0.05269490927,0.2846995592,0.0006405392778,0.1085953712,2.210929779e-05,5.000436795e-05,0.0002618129074,0.0005359424977,0,0.00121817179,0.002212482737,0.0005406577839,0.002733645961,0,0.00408202922,0.003694884945,0.002380952472,0.005689615849,0.003147613723,0,0,0.001250386704,0,0,0,0.001901444863,0,0,0,0,0,0.0005444434355,0,0,0,0,0,0,0,0,0,0,0,0,0,3.59268015e-05,0,0,0,0,0,0,0,7.822746738e-06,0,0,0,0,0,1.376968953e-06,0,0,0,0,0,0,0,0.0003848168999,0,0,0,0,0,0,0,1.319297735e-05,0,9.567743291e-06,0,0,0,0,0,0,0,0,0,0,0,0.001640006551,0.004998175893,0.00305399741,0.003175128717,0.002402507002,0.0001574670459,0.0001835528965,0.0007952704909,0.0001150605094,7.258047117e-05,0.0001904677338,0,0,0.001415940351,1.732288183e-05,0.00261812727,0,6.068023868e-05,0,2.375264785e-06,5.214331759e-05,0.0003434031969,0.0006263579708,0.0001733669051,0.0003053613182,6.873913662e-05,0,0,0,1.131451518e-05,0.0001793193369,0.4774030149,0.01898342371,9.036119445e-05,0.0005440714885,1.215803877e-06,0,0.04690334573,0.0002779136412,0.002501798794,0.0006486519123,0.0003854796814,0,0,4.911415817e-05,0,0,0,1.181134053e-06,0
