ROI_ID,1,2,3,4,5,6,7,8,9,10,11,12,13,14,15,16,17,18,19,20,21,22,23,24,25,26,27,28,29,30,31,32,33,34,35,36,37,38,39,40,41,42,43,44,45,46,47,48,49,50,51,52,53,54,55,56,57,58,59,60,61,62,63,64,65,66,67,68,69,70,71,72,73,74,75,76,77,78,79,80,81,82,83,84,85,86,87,88,89,90,91,92,93,94,95,96,97,98,99,100,101,102,103,104,105,106,107,108,109,110,111,112,113,114,115,116,117,118,119,120,121,122,123,124,125,126,127,128,129,130,131,132,133,134,135,136,137,138,139,140,141,142,143
1,0,4.652669361e-07,4.720638117e-06,8.973859622e-06,2.876485041e-06,9.099348063e-06,4.119744062e-06,7.003685823e-06,0.006988390349,0.001317688497,0.0323077701,0.005053061061,0.2563715279,0.5764229894,0.02708220109,0.07527622581,1.769953269e-05,5.472198973e-05,0.0001268623309,0.0001317065908,6.251784362e-05,0.0001153460107,0.0001500723301,6.910676893e-05,0,0.0001037597249,0.0007939267089,0.001503906678,0.00211155857,0.001420137822,0.001126239426,0.001263232203,0.001452410943,0.0008685320499,0.0004650709452,0.0009217637707,0.0002823381219,5.852038521e-05,0.000216605491,6.364364526e-05,0.0001075146865,0.0001702715817,0,0.3431383669,0.02636324801,0.01252620481,0.006093100179,0.008456573822,0.001532050199,0.004084012005,0.001573087415,0.0007361096796,0.003047934035,0.0007639201358,0.002913558856,0.001689602621,0.005003682338,0.002309420379,0.001572285895,0.006361582316,0.0009002065053,0.001366792363,0.0009986719815,0.0004918338964,0.0001452580618,0.0004650196934,0.007926532067,0.001205797889,0.02011709101,0.0001872018474,4.511318184e-05,0.01157149952,0.9235833883,0.0005144487368,0.002000065986,0.001323592965,0,0,8.467777661e-05,0.0001259603014,1.524717572e-05,0.0002034209756,0.003720552661,0.1758446842,0.3359119594,0.004334897734,0.05534876138,0.0007074550958,0.0001772645337,5.76343291e-06,2.573065285e-05,0.0002590329386,7.880666817e-05,9.440980648e-06,9.730099009e-06,0,3.056197556e-06,0,3.879608266e-05,0,5.466361472e-06,3.316988568e-06,3.959565947e-05,0,9.675486581e-06,0,1.279794787e-06,6.918101576e-07,2.348834278e-05,0,5.994273579e-06,0,2.203383519e-05,3.415023002e-06,0,3.325150999e-07,2.845402605e-06,0,0,0,0,0,8.960802234e-07,0.0001761475141,1.839522383e-06,0,1.168606468e-05,0,7.418628229e-05,1.981723835e-05,5.094153039e-06,5.43424585e-06,0,8.458086427e-07,0,5.993315995e-07,0,0,3.867543796e-07,0,0,3.607028339e-05,6.595061132e-05
2,4.652669361e-07,0,0,0,0,0,0,1.943354619e-06,0.001924831187,0.0002985533501,0.002674315125,0.004308304749,0.2236317098,0.1849333942,3.015941184e-05,0.03141669556,3.679596557e-05,5.164907998e-05,3.346497033e-05,0,1.892664113e-05,4.371938485e-05,0,0.0002701938211,0,0,0.000204199896,0,0.0003485505877,0.0002098502882,0.0001272051741,0.0002814609616,0.0001722129382,0,0,9.385289741e-05,0,0,0,0,0,0,0,0.1345686615,0.04643206671,0.01161226165,0.0332868509,0.02499866113,0.01003629435,0.01340012811,0.0092442194,0.0002498417743,0.001475311932,0,0.0002510187333,0.0007836648729,0.01059958711,0.009702343494,0.003167754505,0.008865382522,0.001431560609,0.001763021457,0.005268457811,0.002646096749,0.0001040510178,0.0003960475442,0.002380952472,0.0005381440278,0.00181254372,4.391755647e-05,0.0001030755229,0.0001398575841,0.6547945738,0.002221940551,0.007297017612,5.607768344e-06,0,0,0,8.08019031e-05,0,0.001433483209,0.0002599457512,0.1076306775,0.3007710278,0.001667079399,0.001055854489,0,0,0,0,0.0005143307499,0.0003084950149,0.0002548258926,0,0,0,0,0,0.0001448504336,0,0,0,0,0,0,0,4.214840374e-06,0,1.129640077e-05,3.817546531e-05,5.441654503e-05,7.133301551e-05,1.235751643e-05,0,0,0,0,0,0,0,0,0,0,0,0,0.000974953,0,4.240998896e-05,0,0,0,0,0,0,0,0,0,0,0,0,0,4.786868885e-05
3,4.720638117e-06,0,0,4.433171853e-06,5.966241588e-05,0.0001531074813,2.600998641e-06,1.375940792e-05,0.01197875384,0.000355911965,0.01802951656,0.001610294916,0.3635665774,0.3040147424,0.004685755819,0.1159372255,0.0001581043762,0.0005337749608,0.0003280263627,0.0001456267346,0.0002957195102,0.000183411059,0.000441779237,0,0,0.0003066484642,0.00293414155,0.006186002865,0.002609833144,0.001978938235,0.00230048201,0.001860671327,0.001820738893,0.003962165676,0.0009007932385,0.002352174837,0,0,0.001294390531,0.0001960938826,0,0.0005480816471,0,0.353782922,0.1084405929,0.04015623778,0.03040682152,0.03595432267,0.007193927187,0.01083554141,0.003300803481,0.001205614069,0.001141073182,0.0005873490009,0.001706226147,0.0005530021735,0.002502131741,0.001236435375,0.0006362356944,0.01788618602,0.002851546276,0.0004127611755,0.001060209703,0.0004422684433,0.0003020901931,0.0002218928566,0.01218478475,0.0009587252862,0.01771939918,7.699953858e-05,2.569921526e-05,0.001814568066,0.9334406257,0.0008756740717,0.005392516963,0.0003452586825,0.0003861300938,7.675307643e-06,0.0002701244375,0.0002310880664,1.028376846e-05,0.000339773891,0.01738431677,0.2192942053,0.3943740129,0.01685038768,0.02183371596,0.00131905661,3.176037717e-05,2.083794789e-05,4.982334758e-06,0.001504078391,0.0002675036085,4.730306318e-05,7.037887826e-06,0,1.071281076e-05,6.422737897e-06,9.396956739e-05,1.557326686e-05,1.390624948e-05,4.996618372e-05,1.042354597e-05,0,0,0,0,2.673706376e-06,3.47292621e-06,0,5.445010538e-05,0,0.0001114301413,1.182964843e-05,0,0,0,0,0,0,0,0,3.046349661e-07,5.821994478e-07,1.998185871e-05,3.13089331e-05,0,0,0.0001206757006,6.511038373e-05,1.229110148e-05,1.275139493e-05,0.0001188257011,6.110885352e-06,0,0,0,0,3.328645164e-07,0,0,0.0001207874302,0.0001192562704
4,8.973859622e-06,0,4.433171853e-06,0,4.068408816e-05,0,0,3.362127472e-06,0.009218034334,0.005688811652,0.01560353301,0.009554496966,0.274803251,0.2534219325,0.00291513605,0.03117778525,2.975401685e-06,4.650315168e-05,1.437196079e-05,8.550188795e-06,0,0,5.439517554e-05,0,2.056034282e-05,1.769440678e-05,0.0001172889242,3.079084854e-05,0.0001457676408,5.453022459e-05,7.002252096e-05,0.0001055246175,0.0002307170798,0,0.0001202122512,0.0001922744414,0,0,0,0,0,0,0,0.2419364154,0.1446626484,0.09003368765,0.0869776383,0.1077240109,0.0325788632,0.06643730402,0.04719723016,0.009444104508,0.003223308828,0.002176945098,0.004342448432,0.005109547172,0.02314203978,0.03673679382,0.00833930634,0.04310366139,0.003840102348,0.006402561441,0.01697032712,0.01043130737,0.0002858747903,0.001403049449,0.01623459347,0.007574132644,0.009763931856,0.001343243057,3.902017852e-05,0.004581845831,0.8030834794,0.0119053619,0.02930378169,0.0008617222193,0.001079904265,0.0003317863448,0.0007602388505,0.002662632614,6.881501122e-06,0.006942840759,0.02591875009,0.2460861355,0.3775141835,0.02631242573,0.0214644596,0.002497864189,1.971901293e-05,4.658715989e-05,0.0002717674943,0.01139638573,0.001473563258,0.0001354159613,0.000107941305,6.820174895e-05,0.0008964618319,0.000485693774,0,6.56634802e-05,5.495937876e-05,0.001323200646,0.0003160934139,0,0,0,2.613550691e-07,9.671989574e-06,0.0003110824618,0,0.0001458476327,0,0.0004154939961,6.427802145e-05,0,1.342830842e-06,0,0.0001111420352,0,0,0,0.0004552815226,0,0,0.0002589263022,6.770639447e-05,0.0001170317628,0,0.001419261564,0.0002331077849,0.0001908753475,0.0001088939898,0.000305405556,7.173269114e-05,0,0,0,0,0,0,0,0.0008115963428,0.001198923914
5,2.876485041e-06,0,5.966241588e-05,4.068408816e-05,0,9.889548892e-06,0,8.620114386e-06,0.01978632063,0.01084730588,0.06603632122,0.008830262348,0.1215649173,0.4871518612,0.01765955053,0.2212638706,0.0002922984131,0.0003262828686,0.0003320513933,0.002897776663,0.000658435456,0.00101956469,0,0,0.002380952472,0,0.01197113469,0.004582951777,0.002803578973,0.005894759204,0.00485862093,0.008220704272,0.001114963787,0.002380952239,0.003193794051,0.00644232519,0,0,0,0,0,0,0,0.3673934042,0.008110539056,0.01149823237,0.002626702189,0.001436335035,0.0004397473822,0.00166490837,0.0005973752704,0.00130619132,0.0008137898403,0.001307948958,0,0,0.01455675811,0.004873264581,0.007701195776,0.009320583194,3.580897828e-05,0,0.0008882181719,0.0003850964422,0.003268878441,0.001587753417,0.001787811168,0.002391463146,0.03881322965,0,0.0003813039511,0.03081907146,0.9573833346,0.003374021268,0.002934897086,0.02548574097,0,0.004761904944,0.007459381595,0.0004611236509,0,0.0004170924949,0.01808088273,0.2356907278,0.3779448569,0.007628211752,0.08003470302,0.01038648095,0.005137527362,0.0004335505073,0.0005248741945,0.0006398506812,0.0004422414349,0,0,0,1.032601813e-05,0,3.493250233e-06,0,7.085184188e-05,6.716419193e-06,6.339183892e-05,0,0,0,0,1.218473972e-05,1.547348984e-05,0,6.438617856e-05,0.0005065419828,0.0005754452432,5.773068915e-05,0,0,0,2.626011701e-05,0,0,0,0,0,0,1.502857003e-06,1.01200867e-05,0,0,0.0001355712593,0.0001536796335,0,0,0,1.612836786e-05,4.095722761e-05,0,0,3.509356975e-05,0,0,0,5.706679985e-06,3.555796866e-05
6,9.099348063e-06,0,0.0001531074813,0,9.889548892e-06,0,0,1.234980118e-05,0.08486347646,0.007450721692,0.01786755584,0.001093356288,0.3776709437,0.2030344903,0.001003345358,0.06479916722,0,0,0,0,0,0.001188611146,0,0.0009381077252,0,0.002380952472,0.006530630402,0.005595628638,0.004359489772,0.006807163823,0.00222213706,0.0008151380462,0.002380952472,0.003448682837,0.0004664898734,0.004947389476,0.002380952472,0,0,0,0,0,0,0.2591114342,0.12155509,0.08543178439,0.05472658575,0.06226458028,0.03070521727,0.0381193459,0.02676191367,0.007015356794,0.004761904944,0,0.002380952472,0.002380952239,0,0,0.001767563517,0.03211089224,0,0.004973355681,0.004194642883,0.0005985847674,0.004761904944,0.002380952472,0.01686061546,0.009357657284,0.03974954039,0,0,0.007300296333,0.8129751682,0.006740305107,0.01403168403,0.0285861548,0,0.004761904944,0.0142857153,0.002515089698,0,0.001735404483,0.02208236419,0.2567605376,0.3514344096,0.01912026107,0.01640187018,0.004761904944,0,0.003640289651,0.002144507598,0.006421824917,0.0003751842305,0,0,0,9.19734448e-05,0.000139329175,0.0002551836369,0.0001523385727,2.738446165e-05,0.0001346384961,0.0007128074067,0,0,0,7.299301797e-05,0.0001643905271,0.0002485625446,0,0.0007141222013,0,0.0002646404319,0.0005119756097,0,0,0.0005768334377,0.0001761213061,0,0,0,0.002380952472,0,0,0,0.0002348039561,0.0003465523769,0,0.0009671037551,0,0.0001112417522,0,0,0.0002295256563,0,0,0,0,0,0,0,0,0.004316268489
7,4.119744062e-06,0,2.600998641e-06,0,0,0,0,4.545288448e-06,0.03134332225,0,0.002675604308,0.001158630126,0.2421825379,0.1477668434,0.0003531869443,0.01861654408,0.0007226283778,0,0,0,0,0,0,0,0,0,0.002590966877,0,0,0,0,0.002380952472,0,0,0,0,0,0,0,0,0,0,0,0.1575455815,0.08135540038,0.08958540857,0.0556983985,0.04715146124,0.02461063862,0.03005281836,0.02312704548,0.0009171176935,0.002380952472,0.002380952472,0.004761904944,0,0.004761904944,0.002380952472,0,0.04010492563,0,0,0.0145380646,0.001272893976,0.004710232373,0,0.01063540392,0.006262855139,0.00779451523,0,0,0.0001645550074,0.6955297589,0.01510380208,0.01770159043,0,0.004761904944,0.0001956878405,0.01090920158,0.00154423865,0,0.001537575386,0.01465333626,0.1743757278,0.3229382932,0.0142857153,0.0009220857173,0.003247516695,0,0.0002943043364,0.003516195575,0,0.003458767664,0,0,8.053695637e-05,0,0,0,0.0005115060485,0,0.001149532269,0,0,0,0,0,0,0,0,0.00317811477,0,0.001268307096,0.002854291815,0,0,0,0.0001050073843,0,0,0,0.0001263806626,0.0003432230733,0,0,0.0006917141727,0.00103557657,0,0.002172015375,0,0,0,0,0.0001885221427,0,0,0,0,0,0,0,0,0.0002471526095
8,7.003685823e-06,1.943354619e-06,1.375940792e-05,3.362127472e-06,8.620114386e-06,1.234980118e-05,4.545288448e-06,0,0.02143201418,0.007288419176,0.03336227685,0.00816153083,0.3432757854,0.1964627951,0.001180275227,0.0363268517,2.232923543e-05,1.036361209e-05,3.471494347e-05,3.323662895e-05,3.612689034e-05,3.3115728e-05,2.490429688e-05,0,1.153199446e-05,3.944192213e-05,0.0005246472429,0.0004482184013,0.0006709038862,0.0003128269746,0.0003708484292,0.0004053160956,0.0004635264631,0.0004455826711,7.736012776e-05,0.0003213875461,7.724460011e-05,0,9.308319568e-05,0,0,0.0001544195111,0,0.3320895135,0.159087494,0.08261567354,0.0669875741,0.04713799804,0.01556001324,0.03693797067,0.01712024584,0.004149715882,0.003182014218,0.003790721064,0.006593024358,0.01202500239,0.02272015437,0.02042702585,0.01269766781,0.05700260401,0.008137216792,0.00350939692,0.00651204912,0.003620229894,0.004780070391,0.00278777699,0.01873779111,0.006568377838,0.03525727615,0.0005812649033,0.0006137591554,0.01171360631,0.9131872058,0.01202313043,0.02739435993,0.006067617331,0.003881413722,0.00186383212,0.003429433098,0.001424742979,9.146394586e-05,0.001941007446,0.04209845513,0.2647665441,0.4375278056,0.02728467062,0.07599722594,0.004981605336,0.001141557237,0.0003911915701,0.0003836094693,0.005150174256,0.001083448878,3.452042074e-05,1.133376554e-05,6.971801486e-05,2.177634633e-05,2.665372631e-05,8.269693353e-05,0,4.803933189e-05,8.675186109e-05,0.0003218466882,0,0,0,5.769163181e-06,6.221893727e-06,6.868295168e-05,0,0.0001597765513,0,0.0003870340588,6.392401701e-05,8.367979717e-06,0,2.813773426e-05,9.024408064e-05,0,0,9.846874309e-05,0.0002101714781,1.871063068e-05,1.66536538e-05,8.446501852e-06,0.000103921484,5.340357166e-05,0,0.0004807880032,0.0005035968497,6.558025052e-05,0,0,3.915135312e-05,0,2.855865023e-05,0,0,8.681821782e-06,0,0,0.0002168179053,0.0006853405503
9,0.006988390349,0.001924831187,0.01197875384,0.009218034334,0.01978632063,0.08486347646,0.03134332225,0.02143201418,0,0.0001273445669,0.04339528456,0.004642703105,0.3617816567,0.8030653,0.01758379862,0.1743515283,0.003428554861,0.01169583388,0.01493823621,0.01286917645,0.008730155416,0.009934463538,0.009987689555,0.006258662324,0.002406750573,0.006533476524,0.002811898245,0.01266104542,0.01428712066,0.01036615483,0.006152673159,0.009153136052,0.01399390306,0.00848667603,0.002379371785,0.006314673927,0.003528888803,0.00330120232,0.00299374084,0.001001849188,0.002643033862,0.001332476619,0.0006821542047,0.3921136558,0.1714410335,0.08878777176,0.06283798814,0.1167456806,0.06857097149,0.0316488333,0.02938218042,0.02187402733,0.006095388439,0.001340982737,0.001341160852,0.001033147448,0.0007592859329,0.001617687987,0.0006658058846,0.03345981613,0.001913738321,0.007060405798,0.01678625494,0.003025667742,0.001629248727,0.0002829760197,0.06210231408,0.006492238492,0.02376667969,0.001026227139,0.0001111901729,0.1272992939,0.9868853092,0.01505236793,0.02296424657,0.00251406827,0.001105025643,0.0003708703734,0.001967759803,0.01097316016,0.0001323783072,0.020942403,0.05280851945,0.4381566048,0.7234403491,0.0916679427,0.03190330043,0.001132198377,0.002473255387,0.0001148078009,0.0002351889707,0.02912362292,0.02140544169,0.0175115969,0.02770928107,0.0181046091,0.03947199881,0.03269111738,0.02409558557,0.02882467397,0.03703151643,0.03629701212,0.0128995534,0.009400344454,0.002250473015,0.0007915421156,0.002063248307,0.001524517545,0.02537879907,0.001391951111,0.02743899077,0.003806914436,0.01574859396,0.00838231761,0.0009768692544,0.001013340778,0.008778025396,0.0210759677,0.0003387570614,0.0001392535487,0.0002215372951,0.004135485273,0.0004061535292,0.1436688751,0.02970422991,0.02323073708,0.01795198955,0.0002099476842,0.03159856051,0.0121285785,0.02283674292,0.01493757404,0.01131105889,0.01856053807,0.0135433767,0.0006986903609,0.0007223667344,0.0007218670798,0.0002905135043,0.0005181867164,0.0004753925314,0.02208844386,0.01878213882
10,0.001317688497,0.0002985533501,0.000355911965,0.005688811652,0.01084730588,0.007450721692,0,0.007288419176,0.0001273445669,0,0.0002243269118,0.0001628681493,0.268021524,0.2885775268,5.450637036e-05,0.06028614566,0.006507090759,0.01025524363,0.01683639921,0.01246948168,0.01216307376,0.01137419231,0.01815409958,0.008878109045,0.007609476801,0.01042109914,0.00760251889,0.02353669144,0.02283518761,0.02256341837,0.0177816283,0.02334194072,0.02989784814,0.0197430104,0.009062747471,0.016483685,0.01040009968,0.008490134031,0.008483347483,0.006037096027,0.003273649374,0.004468458239,0,0.3416558802,0.1826201379,0.03234439343,0.1030205786,0.1295043975,0.04899716377,0.04123643786,0.0453627184,0.004787464626,0.0006577952299,0.0001884824742,7.615304639e-05,0.000104952218,0.0004988311557,0.001761837979,0.000249535311,0.009956351481,0.001040475094,0.001108025084,0.01055959705,0.001849258901,3.160146298e-05,7.548870781e-05,0.00794209633,0.0009616697207,0.0008691109251,0.0003402810544,4.228977559e-05,0.0001616077061,0.8995794058,0.001281423378,0.004132757895,7.164041108e-06,2.012357254e-05,2.426408855e-06,3.56213277e-05,0.0007868477842,5.439067081e-06,0.007874151692,0.007280170452,0.1547897458,0.6121013761,0.0182253886,0.001408400363,1.012275152e-05,5.718851753e-06,5.808955848e-06,1.527920358e-05,0.007822114974,0.002078142017,0.0087828096,0.0008397420752,0,0.001928626443,0.009547954425,0.003761718515,0.004524305928,0.02279778384,0.02120483853,0.004123063292,0.002380952472,0.0003962373012,0,0.00157694763,0.0005166903138,0.002075037686,0.0004563545808,0.01387616619,0,0.004981617909,0.001999551198,0,0.0002791524457,0.001821559505,0.003183488967,0.000446447666,6.326340372e-05,0,8.158760465e-05,6.1049941e-05,3.829033449e-05,0.005450893193,0.0004250138591,0.001938171103,0,0.01605031081,0.001334560569,0.009629796259,0.0005735895829,0,0.004720503464,0.0003545334039,0,5.717032309e-06,0,1.357693873e-05,0,0.0001494995959,0.003569796216,0.004093744792
11,0.0323077701,0.002674315125,0.01802951656,0.01560353301,0.06603632122,0.01786755584,0.002675604308,0.03336227685,0.04339528456,0.0002243269118,0,0.002483363496,0.5012544394,0.3086556196,0.0005958966794,0.138216123,0.05644094944,0.08058332652,0.09261021763,0.07402385771,0.08876737952,0.08720391244,0.09151091427,0.05988159031,0.04597470537,0.08504951745,0.1096757948,0.1534349471,0.16837053,0.158004567,0.143174246,0.1384826303,0.1547017097,0.1128630936,0.09224772453,0.1262750179,0.1000588313,0.04076115042,0.03844708577,0.03675905615,0.03981201723,0.05358051509,0.0005379301147,0.3673255444,0.165077284,0.06910352409,0.09214154631,0.1447705179,0.1164163649,0.05615442619,0.06054779515,0.003421226749,0.0005084769218,0.0002857209474,0.0007063687663,0.001205038629,0.0004517936322,0.001997889485,0.00106297317,0.03368249908,0.001563409693,0.009388009086,0.03228361905,0.008445098996,0.001054927823,0.0003124216746,0.01477178745,0.002100869315,0.003305115504,0.003438669257,0.0002029407624,0.000423531048,0.9574019313,0.01033348776,0.03062944487,0.0001476860925,0.0007833152777,0.0003900692682,0.002184252953,0.03214938194,0.0001291273657,0.05128255486,0.03171401098,0.2697022557,0.5894027948,0.0282828752,0.002049156465,0.0001618925162,9.385222074e-05,0.0001137561485,0.0003952235566,0.05320560187,0.04199251905,0.06696587056,0.07559267431,0.05695499852,0.08381264657,0.08926615119,0.08443272859,0.07202767581,0.08945522457,0.09241510183,0.04209760949,0.03009914421,0.007720919326,0.003014173592,0.006179186516,0.004037513398,0.05880410597,0.006956882309,0.06857417524,0.02066191658,0.04705405235,0.02464371733,0.002272950485,0.001607150887,0.02432558127,0.05306181312,0.001951731159,0.0002729581902,0.0003273888142,0.009823372588,0.0006582089118,0.002489505569,0.04550674558,0.04879561439,0.0466004014,0.0003563505597,0.0724478811,0.03519919887,0.05726210773,0.04235801473,0.02841159143,0.05037971959,0.01592863165,0.0009771439945,0.0001889786508,0.000262915506,0.0002359168429,0.001159355859,0.0009250570438,0.06462071091,0.05257450417
12,0.005053061061,0.004308304749,0.001610294916,0.009554496966,0.008830262348,0.001093356288,0.001158630126,0.00816153083,0.004642703105,0.0001628681493,0.002483363496,0,0.1821999401,0.2092421055,0.000323404005,0.04660056159,0.01272178348,0.01628180221,0.01577370055,0.01471891999,0.01574072056,0.01563178375,0.01586865075,0.01717908122,0.01127130538,0.01652828418,0.01493713539,0.03187450022,0.03106292896,0.03044501878,0.02690790221,0.03121459298,0.03474193066,0.0286709182,0.01815998368,0.02626314014,0.01851765998,0.01247871015,0.01732937992,0.008410581388,0.01192541327,0.009021123871,0.0001099561487,0.3896970749,0.1671655476,0.04100454971,0.07182797045,0.1163400039,0.06624691933,0.02221558243,0.02492420748,0.002496831352,0.0005755568272,0.0001394921273,0.0001553354814,0.0003174155136,0.0004132165341,0.001316227019,0.0006808417384,0.01213014964,0.0004672747455,0.001766622532,0.00631928863,0.002083862433,0.0002250424877,0.0001535720949,0.008269834332,0.001362393959,0.002764140489,0.0005070564221,6.823526928e-05,0.006399661768,0.917971611,0.003950026818,0.005314992275,0.0002348908311,0.0006111409166,0.0001753877441,0.0008014697814,0.004376337864,7.872888818e-05,0.008593339473,0.01299862191,0.1894285679,0.497661978,0.01826929674,0.003313638968,0.0001661315619,0.0002973075898,8.399489161e-05,0.0001561937679,0.01436313055,0.007419421803,0.01851001382,0.007138382178,0.007529065013,0.01725392789,0.01183981728,0.01051737927,0.008579585701,0.01174788643,0.01837216318,0.006471246015,0.003734979779,0.0003524138301,0.001338314614,0.003558167722,0.001072088024,0.005174327176,0.005959428381,0.007720429916,0,0.005508755799,0.004301015753,0.0004439429613,0.001523733954,0.002241935348,0.008324388415,0.0009124445496,7.234322402e-05,0.0003442075104,0.001286330167,0.0002516204549,0.00475557195,0.00213633175,0.005930739455,0.004210287239,0.0008637009305,0.01287905313,0.004591982346,0.005726192147,0.003669098951,0.001937812311,0.004501652904,0.004723247141,0.0004254675587,0.0002665625943,0.0001620026451,0.0003236782213,0.0007904870436,0.0008042752161,0.006966474,0.007269663271
13,0.2563715279,0.2236317098,0.3635665774,0.274803251,0.1215649173,0.3776709437,0.2421825379,0.3432757854,0.3617816567,0.268021524,0.5012544394,0.1821999401,0,0.8802416325,0.4806396663,0.684538424,0.1873686314,0.172593981,0.1479512453,0.1538932621,0.1688819081,0.1405675411,0.1214504763,0.0626354143,0.15254049,0.2145507336,0.4150166214,0.2811006904,0.3178182542,0.2984347045,0.2962749898,0.2591215968,0.2501861751,0.2077994049,0.2973474562,0.3108329475,0.1577076018,0.03107228316,0.04157225415,0.1063698754,0.05271785706,0.07332830131,0.009523809887,0.740509212,0.2850603163,0.5519549847,0.4133299887,0.2304359376,0.2063608468,0.4198137224,0.3136045933,0.569737792,0.6315206289,0.4187095463,0.444527626,0.3896398544,0.4806855619,0.661077857,0.5478954315,0.5615009069,0.6144371629,0.4653733969,0.4445442855,0.5357322693,0.3213415742,0.2166857272,0.6272260547,0.6474158168,0.5075708032,0.4895624518,0.1671194583,0.4712249637,0.9968316555,0.5314147472,0.4616903067,0.3719083071,0.3751992583,0.2474012375,0.3456333876,0.4043723345,0.3050900996,0.4048395455,0.5568503737,0.7644450665,0.9152790904,0.5947867632,0.4559401572,0.3591665924,0.4159541726,0.1520624608,0.1530948132,0.3887182772,0.4142634869,0.107999064,0.1377552897,0.09733721614,0.1881432086,0.1483910978,0.1001716629,0.2314802408,0.1879769564,0.1580005288,0.3744800389,0.2787216604,0.2048272491,0.1895666122,0.2833158374,0.4051699042,0.2490454316,0.2170851529,0.3249038756,0.1415970325,0.3653343618,0.4079165757,0.1723912954,0.1982727647,0.3338595629,0.3487531841,0.1667164266,0.07867310196,0.1414151341,0.4149951637,0.1650382876,0.2931274176,0.227532059,0.3049528003,0.3218155503,0.1419031322,0.3343645036,0.3624818623,0.3385338783,0.3174043,0.2411659807,0.3244235814,0.2276202738,0.1733611226,0.1863885075,0.1906148642,0.1396383345,0.1611695737,0.1259388179,0.1918415576,0.3742814958
14,0.5764229894,0.1849333942,0.3040147424,0.2534219325,0.4871518612,0.2030344903,0.1477668434,0.1964627951,0.8030653,0.2885775268,0.3086556196,0.2092421055,0.8802416325,0,0.1751489639,0.50248456,0.4256932735,0.4028019607,0.4712612629,0.5437544584,0.5386887789,0.4339563549,0.2251136154,0.120700404,0.2332892567,0.4358738065,0.7953250408,0.7436880469,0.804017961,0.8251936436,0.8115040064,0.7692142129,0.6201828122,0.5069099069,0.659653008,0.7451161742,0.3963408172,0.06506507844,0.07918228209,0.1520176828,0.1347609013,0.09507916123,0,0.8834671378,0.6142908335,0.7064688802,0.7068567276,0.6394374371,0.6794058084,0.7244827747,0.7433450818,0.6518315077,0.2904116213,0.3399758935,0.4156190455,0.3910290003,0.5473892093,0.6642255187,0.6133772731,0.7103050947,0.3147038221,0.6076749563,0.7338371873,0.722409904,0.5265675783,0.3873302341,0.5908252597,0.5850071311,0.7277418971,0.2992284,0.298853159,0.2198520005,0.9991232157,0.6526536942,0.7163460255,0.2948755324,0.4223167002,0.2704073191,0.5701812506,0.7326029539,0.2334184945,0.7385796309,0.6881148219,0.8085609674,0.9618955255,0.5856916904,0.417234093,0.3478535116,0.171489045,0.2586375475,0.3227191865,0.7664982677,0.7242743373,0.3235453665,0.2752855122,0.199447602,0.432074219,0.4488730431,0.4696274996,0.2725985348,0.63751477,0.6190032363,0.5263061523,0.1310049742,0.1010388732,0.06742512435,0.160555169,0.4427608848,0.4132801294,0.08449146152,0.7099202871,0.05999317393,0.7160255909,0.6295286417,0.06889586896,0.18807742,0.2740119994,0.5740886927,0.04680705443,0.03571428731,0.09645326436,0.3115803003,0.200192377,0.07889550924,0.2949505746,0.3678634167,0.3982077539,0.03877088428,0.7119985223,0.4421360493,0.461673677,0.2652409673,0.1304911226,0.5004594326,0.1374068409,0.05625945702,0.04647592455,0.07010105997,0.1532912701,0.09633488953,0.08866048604,0.5437425971,0.6909510493
15,0.02708220109,3.015941184e-05,0.004685755819,0.00291513605,0.01765955053,0.001003345358,0.0003531869443,0.001180275227,0.01758379862,5.450637036e-05,0.0005958966794,0.000323404005,0.4806396663,0.1751489639,0,0.005644385703,0,0,0,0,0.002380952472,0.002380952472,0,0,0,0,0.003547103843,0.005824099295,0.01023554709,0.004922324326,0.008777074516,0.007142857648,0.004761904944,0,0.0002215262211,0.002380952472,0,0,0,0,0,0,0,0.5299409032,0.2746923566,0.3263464868,0.2536097169,0.2293983251,0.1580693424,0.1958533078,0.2056301683,0.06537091732,0.01050548255,0.006316727959,0.02899331972,0.01736100949,0.01318772882,0.02726826072,0.0107617015,0.1599034667,0.009523809887,0.03077254631,0.1715120673,0.06588124484,0.04566516727,0.01325344946,0.08786114305,0.04228031635,0.0568921417,0.00327850203,0.003277158365,8.45679242e-05,0.947016716,0.06960725784,0.1900734156,0.0001304043981,0.01864861697,0.005195816047,0.04589788988,0.004933980759,1.9237792e-05,0.07844163477,0.1216616333,0.5310076475,0.7913277149,0.1376015693,0.002489352366,0.009733249433,7.63209755e-06,0.0008180846344,0.02273986116,0.02804608643,0.01893542148,0.002743544523,0.005666951649,0.001267355634,0.005003029481,0.01168657653,0.0181660261,0.005634712987,0.02997502871,0.04115521908,0.02572578937,0,0,0.002380952472,0,0.004761904944,0.0355040133,0,0.05857125297,0,0.03854155168,0.01807900518,0,0.01190476213,0.005571377464,0.01385309454,0,0,0.0001724763133,0.003722132416,0.006526266225,0,0.001998189371,0.009429708123,0.01084567048,0,0.0736727342,0.001519572223,0.0134738544,0.003320751246,0.001046844409,0.01602638699,0.000109884415,0,0,0,0.0004909096751,0.0006044904585,0.002380952472,0.01112140901,0.01774060167
16,0.07527622581,0.03141669556,0.1159372255,0.03117778525,0.2212638706,0.06479916722,0.01861654408,0.0363268517,0.1743515283,0.06028614566,0.138216123,0.04660056159,0.684538424,0.50248456,0.005644385703,0,0.01544677,0.05222265422,0.05413664132,0.04768325761,0.03708125278,0.04239917547,0.04519731551,0.04088775069,0.009050327353,0.03242087737,0.05151586235,0.1121578887,0.1398012787,0.09111608565,0.05360861495,0.07099033147,0.08462134004,0.05156004056,0.0219661016,0.05165382475,0.03860813752,0.026281517,0.0192375835,0.01406527683,0.01713131368,0.01107592601,0.007634467445,0.6021362543,0.4254417717,0.3879396021,0.3836856484,0.4041148722,0.3922694325,0.3705105484,0.3698768318,0.3641624451,0.3725513816,0.2160640508,0.2689857781,0.2193470597,0.2801010311,0.3482137322,0.3064368963,0.3528527915,0.355447948,0.3410944045,0.3593315184,0.3457319736,0.101163432,0.09469857067,0.3565719426,0.3634256721,0.2405434698,0.2789780796,0.04676653445,0.1312560886,0.9886823297,0.3299356401,0.3435512781,0.01609907858,0.031716723,0.01393653452,0.062667422,0.3307218552,0.01693620719,0.3592724204,0.3603492081,0.6011006832,0.7875458002,0.3668777347,0.116319634,0.02275794931,0.01418907102,0.006227310747,0.01762770303,0.3544016182,0.3331391215,0.2055507898,0.2384997457,0.1923501045,0.3545949161,0.3151879609,0.3294278681,0.2949291766,0.3491650224,0.3671545386,0.3696703315,0.2630916834,0.1875093877,0.1407653987,0.119922258,0.2203179151,0.2814311087,0.2496019006,0.3666831255,0.2237750292,0.3665165603,0.3417479396,0.07339785248,0.06924442202,0.3223247826,0.3483170867,0.05339285359,0.009508278221,0.02562304959,0.3165054321,0.05380589515,0.1144960448,0.1544287652,0.299170047,0.343318671,0.01791319996,0.3806173205,0.3367206454,0.2981397212,0.3521696031,0.2946773767,0.3255467713,0.204015553,0.03617551178,0.01557813678,0.02545019239,0.01047938038,0.03495584428,0.0221663788,0.3692678213,0.3731402457
17,1.769953269e-05,3.679596557e-05,0.0001581043762,2.975401685e-06,0.0002922984131,0,0.0007226283778,2.232923543e-05,0.003428554861,0.006507090759,0.05644094944,0.01272178348,0.1873686314,0.4256932735,0,0.01544677,0,0,9.316953538e-07,0,1.062130991e-06,0,0,0,0,0,5.327739018e-06,0,3.105795486e-06,1.730055919e-05,4.7567406e-05,8.281765622e-05,8.85330337e-06,0,0,6.066486094e-05,0,0,0,0,0,0,0,0.07241049409,0.06455298513,0.05355709046,0.08292168379,0.05931345373,0.03070320562,0.07581549138,0.07535960525,0.02376903221,0.01190476213,0.01268854085,0.02388331667,0.01277021132,0.04363621771,0.06873846054,0.04285697639,0.05030304939,0.01348267868,0.0203119237,0.04907142743,0.04776742309,0.0024031254,0.006842558272,0.01081475429,0.03639677912,0.01628988236,0.008123790845,0.001920129405,0.0068282336,0.436827749,0.02751635388,0.0506981127,0,0,0.0006376627134,0.002281826921,0.02014162205,0.0005052420311,0.01782127097,0.01145543996,0.08572303504,0.189831242,0.01577979513,0.01059592795,0,0,0,0.0004919824423,0.01050322596,0.005833165254,0,0.000305053487,0,0,0,0,0,0.0002327350958,0.0003846072068,0.001049236162,0,0.0006418994744,0.0009503104375,1.387081193e-05,0.0001331968233,0.002077932237,0,0.0007313773967,0,0.002220786875,0.000866390008,0,8.613174577e-05,5.199101724e-05,0,0,0,0,0.008315041661,0.0002376795455,0,0.0005530992639,0.001827976783,0,0,0.003198045306,0.0004361926112,0.0001201218402,0,0,0.0001211976851,0,0,0,0,0,0.000268427917,0,0.00176235917,0.00455514947
18,5.472198973e-05,5.164907998e-05,0.0005337749608,4.650315168e-05,0.0003262828686,0,0,1.036361209e-05,0.01169583388,0.01025524363,0.08058332652,0.01628180221,0.172593981,0.4028019607,0,0.05222265422,0,0,0,0,0,0,0,0,0,0,1.047919068e-05,1.467487709e-05,0,1.647399927e-06,2.675468068e-06,4.974589501e-06,3.472239041e-05,0,0,0,0,0,0,0,0,0,0,0.0312849991,0.04606908932,0.02686423063,0.04637409747,0.03314102814,0.01483540889,0.04954718053,0.07092784345,0.01895585842,0.01270453632,0.004804924596,0.02242425457,0.0187027473,0.04758637398,0.07671251148,0.05716959387,0.03093692288,0.01164247654,0.02881653607,0.08362335712,0.0841871649,0.001685009338,0.01613301411,0.002380952472,0.03308862075,0.01120248064,0.009864933789,0.003887327388,0,0.2736563385,0.0142857153,0.04823753983,0,0.001329305698,0,0.00265583978,0.02381771803,0,0.04644522071,0.003632906126,0.05218330026,0.1075887531,0.005673368927,0.002380952472,0,0,0.0002071838244,0,0.01190476213,0.0123623386,0,0,0,0,0.0006976115401,0,0,0.002380952472,0,0.006281831302,0,0,0,0.0001221152343,0.0005516525125,0,0,0.001741557382,0,0.01208837889,0.001954348758,0,6.592331192e-05,0,0.002756192582,0,0,0,0.002380952472,0.0001299312135,0,0,0,0.002423870377,0,0.001857985975,0.003816660726,0.001658979803,0.004761904944,0,0.0008246633806,0,0,0,0,0,0,0,0,0.008547649719
19,0.0001268623309,3.346497033e-05,0.0003280263627,1.437196079e-05,0.0003320513933,0,0,3.471494347e-05,0.01493823621,0.01683639921,0.09261021763,0.01577370055,0.1479512453,0.4712612629,0,0.05413664132,9.316953538e-07,0,0,0,2.474874464e-06,4.584588532e-05,0,0,0,0,2.009877062e-05,0,8.95651192e-06,1.550554043e-05,0,3.728867114e-06,0,0,0,2.680377111e-05,0,0,0,0,0,0,0,0.03922439739,0.08181096613,0.0415259786,0.08416954428,0.04163759202,0.03003715165,0.06900317222,0.07636217028,0.03806503117,0.003628177103,0.008940527216,0.02628451213,0.01897841319,0.04720658064,0.1004392356,0.06327316165,0.04651271552,0.02236107551,0.01468259003,0.07613961399,0.07815425843,0.003385572927,0.01349651907,0.01190476213,0.03992409632,0.01495171338,0.01319983602,0.004447653424,0.005734450184,0.3448672891,0.02560352162,0.05502767488,0.0004368240479,0.002964638406,0,0.002044816036,0.02129778452,0.0006142244092,0.03306525573,0.01784954965,0.07321866602,0.1055681929,0.009705205448,0.006628095172,0.001516970224,0,0.0002308888361,0.0009771038312,0.02034692466,0.01814557053,0,0.001608175342,0.002380952472,0.002380952239,0,0.002380952472,0,0.0001756284473,0.0003330792242,0.002705750288,0,0,0.002380952239,7.57312373e-05,0.0007853316492,0.0006429286441,0.001688041259,0.00133498176,0,0.008571377955,0.00142075459,0,0,0.0005536788958,0.001657595858,0,0,0,0.004761904944,0.0007588250446,0,0.0009713426116,0.0003934229899,0.0008458014927,0,0.006660815794,0.008560514078,0.003180675441,0.004761904944,0,0.0003747856827,0,0,0,0,0.0001618617971,0,0,0,0.001826127176
20,0.0001317065908,0,0.0001456267346,8.550188795e-06,0.002897776663,0,0,3.323662895e-05,0.01286917645,0.01246948168,0.07402385771,0.01471891999,0.1538932621,0.5437544584,0,0.04768325761,0,0,0,0,7.87995134e-07,0,0,0,0,0,4.456242095e-05,7.497664683e-06,1.074170723e-05,6.050539469e-06,1.730554345e-06,1.041961332e-05,0,7.279343117e-05,2.684918763e-05,1.558229633e-05,5.724717539e-06,0,0,0,0,0,0,0.04506892711,0.08071090281,0.06949230283,0.1037302092,0.06192739308,0.03829826787,0.07616633922,0.09144815058,0.0273458045,0.01134051662,0.02500393987,0.0304477755,0.03032820672,0.05571594834,0.08340489119,0.06945056468,0.06152080745,0.02179947495,0.04209155589,0.1029339954,0.0880843997,0.0118562337,0.01364183333,0.01993991435,0.04987629503,0.04982490093,0.03273051605,0.004754961934,0.01510334201,0.3977659345,0.03645468876,0.05862990394,0.0004215076042,0.0008994025993,0.003514594864,0.006503769197,0.04260397702,0.00122681458,0.03951603174,0.02763251215,0.09394486248,0.1837115586,0.01139705535,0.003420097055,0,0,0.0006696805358,0.002848985372,0.03207508847,0.01526254881,0,0,0,0,0.0003018696152,0.001663405565,0.002380952472,0.0004942054511,0.001205784036,0.002890996169,0,0.0008174707764,0,0.0001237081306,0.0007613130729,0,0,0.002978058765,0.0005756423925,0.01148171909,0.003520855214,0,0.0001099259753,0.0011400613,0.002041783417,0,0,0.002104966436,0.002388345543,0.0009808106115,0.001573140034,0.0008083388093,0.002986219013,0.0009939630982,0,0.008532315493,0.01281080022,0,0,0,0.001738127437,0,0,0,0,0,0,0,0.001155971084,0.00937167462
21,6.251784362e-05,1.892664113e-05,0.0002957195102,0,0.000658435456,0,0,3.612689034e-05,0.008730155416,0.01216307376,0.08876737952,0.01574072056,0.1688819081,0.5386887789,0.002380952472,0.03708125278,1.062130991e-06,0,2.474874464e-06,7.87995134e-07,0,0,0,0,1.719075499e-06,0,5.632989996e-05,1.249627348e-05,2.483813887e-06,4.80294284e-06,9.369020972e-07,0,7.874762559e-06,0,9.411040082e-06,2.198338734e-05,0,0,0,0,0,7.763379472e-06,0,0.0647014305,0.08071483672,0.05114990473,0.07693530619,0.06742201,0.03508557379,0.07509685308,0.0994284451,0.04407963157,0.02841630764,0.01396377571,0.02584162913,0.02304238826,0.05381217599,0.08819697797,0.06220663711,0.04703511298,0.01348502096,0.04123595729,0.08165922761,0.0733346045,0.004409180954,0.01237258688,0.008254040033,0.0583280921,0.02967408858,0.01530273445,0.004532815889,0.009523809887,0.3957991898,0.02150953189,0.05254236609,0.003969441168,0,0,0.002576868515,0.02011639811,0.001598128583,0.05074386671,0.02513121255,0.08826044202,0.1435488462,0.01387983188,0.002380952472,0.001245271065,0,0.0004206224694,0.002395473886,0.02101699449,0.02064749226,0,0,0,0.001554866321,0.002380952472,0,0.002380952472,0.0001341814495,0.0005429733428,0.006599469576,0,0,0,4.97896981e-05,0.0006247718702,0.006670849863,0,0.002637883881,0,0.006552374456,0.001980921021,0,0.0007665754529,0.006036934443,0.005898050033,0.0001801628678,0,0.0009624409722,0.003393917577,0.0002419894736,0,0.0001696276013,0,0,0.0009008430061,0.01002290659,0.008139752783,0.002211175393,0.002910089912,0.002380952472,0.0002625471097,0,0,0,0,0,0.001109964447,0,0.002477719681,0.01435517613
22,0.0001153460107,4.371938485e-05,0.000183411059,0,0.00101956469,0.001188611146,0,3.3115728e-05,0.009934463538,0.01137419231,0.08720391244,0.01563178375,0.1405675411,0.4339563549,0.002380952472,0.04239917547,0,0,4.584588532e-05,0,0,0,0,0,0,0,4.465597885e-05,2.624074841e-05,4.513485692e-06,0,0,2.525403033e-06,0,0,6.90996967e-06,2.533865336e-05,0,0,0,0,0,0,0,0.02417829633,0.0491047278,0.03601023182,0.07379122078,0.0345624499,0.02943618037,0.0633636266,0.08217044175,0.02791621722,0.009523809887,0.01072155032,0.02293644287,0.01968381554,0.05583323911,0.07826337963,0.06207177415,0.04029202461,0.01853663847,0.03419556096,0.06662619114,0.06256125867,0.00555671379,0.009346236475,0,0.01949561574,0.01432536542,0.01207914855,0.003850938752,0,0.287520349,0.01485997345,0.0634207353,0.002224278171,0,0,0.006705627777,0.02990000322,0,0.04406323656,0.02619047649,0.04011449963,0.08712506294,0.003316400805,0.0010086291,0,0,0,0.001732399687,0.02397018485,0.01038871333,0,0.002380952239,0,0,0.001059408998,0.002380952472,0,0.0008462074329,0,0.005115992855,0.001355129527,0.0008989978814,0,0.0003714135091,0.0007752450765,0,0,0.007215269841,0,0.006567717995,0.003864868311,0,3.645759716e-05,0,0.001458393293,0,0,0,0.002380952472,0.001385250827,0.002380952472,5.923668141e-05,0.002380952472,0.0001602985576,0,0.01173469611,0.008611842059,0,0,0,0.0009802188724,0,0,0,0,0,0,0,0.002818974433,0.01243690122
23,0.0001500723301,0,0.000441779237,5.439517554e-05,0,0,0,2.490429688e-05,0.009987689555,0.01815409958,0.09151091427,0.01586865075,0.1214504763,0.2251136154,0,0.04519731551,0,0,0,0,0,0,0,0,0,0,5.055848305e-05,0,0,6.129771918e-06,0,0,0,0,0,3.647670383e-05,0,0,0,0,0,0,0,0.02164010331,0.02278002352,0.01551412884,0.03925013915,0.01236398425,0.00583706703,0.05222084001,0.04855988547,0.007142857648,0.00805301033,0.007142857648,0.004761904944,0.004209210165,0.06232811883,0.05768229812,0.06252146512,0.02601023205,0.005703552626,0.01657624356,0.05089072511,0.05175801367,0.003780653467,0.01362517849,0,0.01666666754,0.01190476213,0.0142857153,0.001703638467,0,0.1476852,0.002380952472,0.02700203285,0.002985975938,0,0.002380952472,0.0008075471269,0.02195625752,0.001139176777,0.02708103694,0,0.02443683334,0.0633854866,0.002380952472,0,0,0,0,0,0.007142857648,0.004761904944,0,0,0,0,0,0,0,0,0.003574120114,0.002380952472,0.002380952472,0,0,0.0001823803032,0.0006901909364,0.001125535578,0,0.00237610098,0,0.007329850923,0.0003639599599,0.002380952472,0.0002082786959,0,0.001005632337,0,0,0,0,0,0,0,0,0.003455388593,0,0.01100235153,0,0,0,0,0,0,0,0,0,0,0,0,0,0.01190476213
24,6.910676893e-05,0.0002701938211,0,0,0,0.0009381077252,0,0,0.006258662324,0.008878109045,0.05988159031,0.01717908122,0.0626354143,0.120700404,0,0.04088775069,0,0,0,0,0,0,0,0,0,0,1.970681114e-05,0,0,0,0,0.0001310684893,0,0,2.945704182e-05,0,0,0,0,0,0,0,0.0002020221436,0.02310397848,0.0161732994,0.005152722821,0.01705740951,0.01542402059,0.002380952472,0.009234803729,0.03322141245,0.007142857648,0.002380952472,0.005197182298,0.002380952472,0.002380952472,0.03409654275,0.03440444916,0.04710232466,0.009875092655,0.007142857648,0.01118785888,0.03662205115,0.04632738233,0.002972535789,0.003842270235,0.002380952472,0.009368402883,0.006140179932,0.003432750236,0.006680622231,0.002380952472,0.07229224592,0.004998420831,0.01336743962,0,0.0008362289518,0,9.900810255e-05,0.004761904944,0,0.0253984388,0.006502861157,0.02142857201,0.02749899961,0.004761904944,0,0.0003719933447,0,0,0.001452260884,0.007142857648,0.002380952239,0,0,0,0.002380952239,0,0,0,0,0,0,0,0,0,0.0001502993837,0.0007226430462,0.002380952472,0,0,0,0.005969165824,0.001803276129,0,0,0,0,0,0,0,0,0,0,0.002380952472,0.002380952472,0,0,0.0007339987787,0.004125853069,0,0,0,0,0,0,0,0,0,0,0,0,0.00829672534
25,0,0,0,2.056034282e-05,0.002380952472,0,0,1.153199446e-05,0.002406750573,0.007609476801,0.04597470537,0.01127130538,0.15254049,0.2332892567,0,0.009050327353,0,0,0,0,1.719075499e-06,0,0,0,0,0,6.841036338e-06,0,0,0,1.422841433e-05,0,0,0,0,2.59068056e-05,0,0,0,0,0,0,0,0.02378572524,0.02963469736,0.02291509695,0.05574720353,0.01567366906,0.01211579237,0.03615203127,0.0425099507,0.005279470701,0,0.003517233999,0.009842305444,0.005609396845,0.03132552654,0.05686004087,0.04296004027,0.01249967609,0.002380952472,0.01519498229,0.03716070578,0.03826207295,0,0.01286961138,0.004761904944,0.004837402608,0.00643340731,0.01028945856,0.002348183189,0.001015907037,0.175204441,0.01057953667,0.01903942227,0,0,0,0.004963138141,0.02000543661,0.002087210305,0.02031743899,0,0.04371220618,0.04652739316,0,0.002380952472,0.001326133264,0,0,0.000429158099,0.007927006111,0.001296158647,0,0,0,0,0,0,0.001014262787,0.0001172651464,0,0.004761904944,0,0,0.0006365597364,3.987725722e-05,3.476411803e-05,0,0,0.001789150876,0,0.003442265093,0.001838813536,0,0.0001120756642,0,0,0,0,0,0.002380952472,0.0001762210741,0,0,0,0,0,0.002483759075,0.004761904944,0.002380952472,0.003470888129,0,0.0007051402354,0,0,0,0,0,0,0,0.001917748712,0.01425686385
26,0.0001037597249,0,0.0003066484642,1.769440678e-05,0,0.002380952472,0,3.944192213e-05,0.006533476524,0.01042109914,0.08504951745,0.01652828418,0.2145507336,0.4358738065,0,0.03242087737,0,0,0,0,0,0,0,0,0,0,8.756236639e-06,0,1.529800102e-05,1.376614546e-05,4.384409749e-06,1.96969595e-05,1.343037457e-05,0,0,2.110823061e-06,0,0,0,0,0,0,0,0.05740840361,0.04041053355,0.04087445885,0.05976260453,0.03421009332,0.01972750016,0.05398210883,0.04767323285,0.02752580121,0.01190476213,0.0143834576,0.01759619825,0.01060818229,0.05091762915,0.06491792202,0.05358046293,0.037716344,0.005681809038,0.02022062987,0.07248848677,0.0608042106,0.003771858755,0.009089027531,0.002380952472,0.02364627644,0.03058810532,0.01267236937,0.003970132675,0.009523809887,0.3112445176,0.01281362958,0.04104260355,0,0.002380952239,0,0.002670171438,0.009801520035,0,0.03419528529,0.007729958743,0.08206104487,0.1101971045,0.01175059658,0.003648075508,0,0,0.0004822436604,0.0001671056962,0.02565136924,0.01437807456,0.0003290218592,0,0,0,0,0.002380952472,0,0.001681934111,0.0007122966927,0.004051185213,0.002380952472,0,0,5.913109635e-05,0.0004238586407,0,0,0.001116205705,0.003805342829,0.004686423112,0.002669756068,0,7.814288983e-05,0,0.000497868692,0,0,0,0.004761904944,0,0,0,0.002380952239,0.0009292399045,0,0.001861707773,0.005213279743,0,0.0008939363761,0,0.0005141369184,0,0,0,0,0,0,0,0.0027096821,0.01499291882
27,0.0007939267089,0.000204199896,0.00293414155,0.0001172889242,0.01197113469,0.006530630402,0.002590966877,0.0005246472429,0.002811898245,0.00760251889,0.1096757948,0.01493713539,0.4150166214,0.7953250408,0.003547103843,0.05151586235,5.327739018e-06,1.047919068e-05,2.009877062e-05,4.456242095e-05,5.632989996e-05,4.465597885e-05,5.055848305e-05,1.970681114e-05,6.841036338e-06,8.756236639e-06,0,3.033364919e-06,9.561389561e-06,2.069893526e-05,7.425176136e-06,1.332066313e-05,3.50855189e-05,1.884983067e-05,1.18574153e-05,2.185927769e-05,1.906457555e-06,0.0002956276876,0,1.412457323e-06,0,0,0,0.1967809498,0.1589791626,0.0876005739,0.08509218693,0.1062962785,0.07616051286,0.06283964962,0.06318981946,0.06079925224,0.05342553183,0.02285068482,0.02249969169,0.02228684351,0.03336663544,0.04227604344,0.03891345114,0.05332992226,0.03577252105,0.05407072604,0.05947070569,0.04890811443,0.01147913188,0.009551557712,0.03195868433,0.04922816157,0.04263726249,0.0283187516,0.003765168134,0.0697606504,0.8892727494,0.03794278204,0.05762765557,0.001668147743,0.002175678732,0.001169868046,0.007364977617,0.05215043947,0.00156675058,0.05841784924,0.07826046646,0.3844996393,0.6400066614,0.07639247924,0.01425452251,0.001036137575,0.001897179172,0.0004783235781,0.001815216267,0.04475840926,0.0442859605,0.006069457158,0.01046631951,0.005884877872,0.01582203247,0.01358785294,0.01951518096,0.01783332229,0.01741716266,0.0211506281,0.02486142516,0.004448697902,0.002665503882,0.01036652084,0.0005425232812,0.004937443417,0.007868623361,0.0005746811512,0.03221559525,0.003065715311,0.04085058719,0.0250484664,0,0.0008825146942,0.03092330694,0.03527389467,0.0004614231293,0,0,0.01453926601,0.00100683677,0.03189876303,0.01829007268,0.02805791423,0.01417257916,0,0.05000960827,0.02376617864,0.03436192125,0.02370994352,0.01057021227,0.02642095089,0.003294084221,0.0004225329321,0.002380952472,0.0003154265287,0.0001674181549,0.0008147879271,0.001303375699,0.03333811834,0.03919926658
28,0.001503906678,0,0.006186002865,3.079084854e-05,0.004582951777,0.005595628638,0,0.0004482184013,0.01266104542,0.02353669144,0.1534349471,0.03187450022,0.2811006904,0.7436880469,0.005824099295,0.1121578887,0,1.467487709e-05,0,7.497664683e-06,1.249627348e-05,2.624074841e-05,0,0,0,0,3.033364919e-06,0,1.133182536e-06,4.984009593e-06,0,1.666637581e-05,1.171948315e-05,0,4.124229235e-06,0,0,0,0,0,0,0,0,0.09728389233,0.1090561524,0.08577175438,0.114284575,0.08075060695,0.06719943881,0.07248351723,0.1011395901,0.06098366529,0.02635133639,0.04170202091,0.04666151851,0.02776708268,0.06719848514,0.07491277158,0.06886472553,0.07073570788,0.03047162294,0.06483217329,0.1043073237,0.08250765502,0.01241055038,0.0203700345,0.01178969629,0.05034938455,0.04408178851,0.03163538501,0.015749624,0.01190476213,0.6376572847,0.03859496489,0.070861727,0.002380952472,0.003050508443,0.005030669272,0.005499282386,0.05152061209,0.003276975593,0.0865175426,0.03902094439,0.1935213953,0.349124372,0.04815490171,0.00718701724,0.0008390094736,0,0.002527970355,0.003876583884,0.0320674926,0.0163122844,0,0,0,0,0,0.007142857648,0.003837049706,0.008947232738,0.01435036026,0.01841666177,0.002380952472,0.000665948668,0.002380952472,0.0010736119,0.006112523377,0.00562797673,0.004761904944,0.0298674535,0.002380952472,0.04474043846,0.02067542076,0.004761904944,0.001250196947,0.01048780233,0.02023897506,0.0008880404639,0,0,0.01968332008,0.002597103594,0.002380952239,0.004147068132,0.0142857153,0.01501432993,0,0.043307852,0.01261344273,0.006874668878,0.007142857648,0.002380952472,0.007406016812,0.002380952472,0.001558829797,0,0,0,0,0,0.006104090717,0.03521174565
29,0.00211155857,0.0003485505877,0.002609833144,0.0001457676408,0.002803578973,0.004359489772,0,0.0006709038862,0.01428712066,0.02283518761,0.16837053,0.03106292896,0.3178182542,0.804017961,0.01023554709,0.1398012787,3.105795486e-06,0,8.95651192e-06,1.074170723e-05,2.483813887e-06,4.513485692e-06,0,0,0,1.529800102e-05,9.561389561e-06,1.133182536e-06,0,6.533220471e-07,2.083938489e-05,3.639658462e-05,3.961141192e-05,0,1.187281578e-05,2.786911136e-05,0,0,0.0001820067846,0.000119859702,0,5.974690066e-05,0,0.1535102129,0.1353758425,0.1095101088,0.1036723107,0.1267397702,0.0830161199,0.09472998977,0.07832682133,0.0709708482,0.04213865474,0.03651404381,0.05341715366,0.03393058851,0.05932902172,0.07127852738,0.06252525747,0.07502504438,0.02915255167,0.06567977369,0.08479326963,0.08067010343,0.01784049161,0.02113249712,0.02653684281,0.05857366696,0.05947131291,0.03932108358,0.01061522868,0.03765374795,0.7463848591,0.05747934803,0.0667231828,0.005838132463,0.003573906608,0.003516461933,0.01862862892,0.05501183495,0.006789684761,0.06748776138,0.05049875379,0.2482095957,0.4847421646,0.0422628969,0.00804977864,0.003871188499,0,0.0006871424266,0.006110260729,0.03499966115,0.05522266775,0.002704927465,0.004761904944,0.002380952472,0.007775924634,0.005203497596,0.009523809887,0.004156467505,0.02457149327,0.01928221993,0.02048834041,0,0.00344482041,0.0003001625591,0.0004276891996,0.007916912436,0.0197823979,0.01008052379,0.01997786015,0,0.04693868011,0.02480909601,0.002380952239,0.0009351442568,0.014457318,0.02304419503,0,0,0,0.01496589836,0.001619218383,0.007142857648,0.008042418398,0.0197463613,0.01176533941,0,0.04432656243,0.02020674571,0.02338638343,0.006751340814,0.002804487012,0.008256569505,0.002172103152,0,0,0,0.000523670984,0,0.0003059061128,0.01268112101,0.04769537598
30,0.001420137822,0.0002098502882,0.001978938235,5.453022459e-05,0.005894759204,0.006807163823,0,0.0003128269746,0.01036615483,0.02256341837,0.158004567,0.03044501878,0.2984347045,0.8251936436,0.004922324326,0.09111608565,1.730055919e-05,1.647399927e-06,1.550554043e-05,6.050539469e-06,4.80294284e-06,0,6.129771918e-06,0,0,1.376614546e-05,2.069893526e-05,4.984009593e-06,6.533220471e-07,0,4.239937425e-06,3.497862508e-06,2.101962309e-05,1.72570526e-05,4.029206139e-06,4.255241038e-06,1.054975201e-05,0,0,6.109305104e-05,0,0,0,0.159700498,0.1849995404,0.1127827242,0.104552418,0.1311993003,0.07748173922,0.1039807424,0.09086154401,0.09520049393,0.05638957396,0.03486957774,0.04903833568,0.05240331218,0.06506141275,0.07627697289,0.06758349389,0.09587611258,0.04970182478,0.07896338403,0.09623858333,0.07882232964,0.0220063813,0.02058759518,0.04906082898,0.07913435996,0.07271553576,0.06575437635,0.009266253561,0.0416781567,0.8176371455,0.08647126704,0.09800698608,0.002363167005,0.01081913989,0.003626310965,0.01534804888,0.06675054878,0.00393306138,0.09046200663,0.06163237989,0.2981932163,0.5068477392,0.0533689484,0.02034840174,0.01057110354,0.003779971274,0.0009935371345,0.003140131943,0.06349805743,0.06601767242,0.002811407205,0,0.007142857648,0.01961114444,0.009343476035,0.02748714015,0.007714016829,0.01892586239,0.03118103556,0.03469085321,0.009789034724,0.003481388558,0.002876674291,0.001507018926,0.006648176815,0.007738967892,0.006328487769,0.03282351419,0.002380952472,0.05820675194,0.02306888252,0.001550809713,0.0009264711407,0.02044381015,0.03151681274,0.0005777640617,0,0.001599602518,0.03457113728,0.001373614301,0.01061447524,0.009422392584,0.01378684584,0.01518979203,0,0.05396627635,0.02791216783,0.03338494524,0.01792107895,0.002380952472,0.01291729324,0.001798114972,0.0006148936227,0,0,0.0002048850874,0.001678544329,0,0.0185157042,0.07897482067
31,0.001126239426,0.0001272051741,0.00230048201,7.002252096e-05,0.00485862093,0.00222213706,0,0.0003708484292,0.006152673159,0.0177816283,0.143174246,0.02690790221,0.2962749898,0.8115040064,0.008777074516,0.05360861495,4.7567406e-05,2.675468068e-06,0,1.730554345e-06,9.369020972e-07,0,0,0,1.422841433e-05,4.384409749e-06,7.425176136e-06,0,2.083938489e-05,4.239937425e-06,0,3.236746807e-06,1.780523576e-06,0,2.678819556e-06,3.042679737e-06,0,0,0,0,0,0,0,0.1522538215,0.1579621881,0.1109686419,0.1221464574,0.1387585998,0.09925989062,0.08754128963,0.09046453238,0.07719163597,0.05854240432,0.03465957195,0.05208544806,0.05159557983,0.06187771261,0.07581027597,0.06768219918,0.08656703681,0.05898404494,0.07761563361,0.09369433671,0.08170281351,0.02502794378,0.01802827045,0.05320777744,0.0760845691,0.06603827327,0.04032757506,0.008871720172,0.03772477061,0.8144629598,0.05021382496,0.08805190027,0.005310390145,0.01144822408,0.00491265906,0.01563175768,0.04335265979,0.002741757082,0.08847463131,0.04907145351,0.2988536358,0.4967762828,0.05949311703,0.02397551015,0.01166432071,0.0005868953303,0.0008812855231,0.005006840453,0.08260171115,0.0724118799,0.005298234522,0.001145627466,0.002380952472,0.005872957874,0.007216139231,0.0142857153,0.00343737728,0.030157106,0.01621203125,0.03398118541,0.01245000958,0.003187820548,0.006219475996,0.001142366789,0.005708935205,0.0007653986686,0.007604991086,0.03532372043,0.001569028245,0.04753686115,0.01883367263,0.002947190311,0.0008744946681,0.008105135523,0.02474770881,0,0,0.0007735373802,0.01645175181,0.001099865069,0.02339511551,0.008572878316,0.01103787031,0.008285629563,0.00147010549,0.05877181515,0.02969677746,0.02491445653,0.01289408933,0.004761904944,0.009104252793,0.002880580025,0,0,0,8.944153524e-05,0.0004874707374,0.0001932156447,0.0230199825,0.05879486352
32,0.001263232203,0.0002814609616,0.001860671327,0.0001055246175,0.008220704272,0.0008151380462,0.002380952472,0.0004053160956,0.009153136052,0.02334194072,0.1384826303,0.03121459298,0.2591215968,0.7692142129,0.007142857648,0.07099033147,8.281765622e-05,4.974589501e-06,3.728867114e-06,1.041961332e-05,0,2.525403033e-06,0,0.0001310684893,0,1.96969595e-05,1.332066313e-05,1.666637581e-05,3.639658462e-05,3.497862508e-06,3.236746807e-06,0,6.562102612e-07,0,1.752217372e-06,3.903576271e-06,0,0,0,0,0,0,0,0.1044132262,0.1274611354,0.09608980268,0.103618525,0.1269520819,0.08087816089,0.1074620336,0.09771992266,0.06649691612,0.04604835808,0.03076791205,0.05977018178,0.03958727792,0.06420168281,0.08277343959,0.07885545492,0.09432600439,0.05232061818,0.05936582759,0.1040804386,0.09332767874,0.02031731047,0.02096764371,0.02706497908,0.08274573088,0.06612882018,0.04013125598,0.008412548341,0.05294867605,0.7309402227,0.04507556185,0.07926664501,0.0043269163,0.00303383288,0.001186296227,0.01844497398,0.06343447417,0.004335569683,0.07931715995,0.05840426311,0.219485119,0.3494329453,0.07222571224,0.009948854335,0.007458773442,0.00118175731,0.001382077462,0.007342386525,0.04993742332,0.05645254999,0.002594574122,0.007142857648,0.004761904944,0.004761904944,0.009523809887,0.009660511278,0.002380952472,0.01146767288,0.00992823299,0.03081101738,0,0.002380952472,0,0.00171340839,0.007765423972,0.02205001563,0,0.02643782459,0.003983813804,0.0472516343,0.0328951776,0.0006884496543,0.001011190354,0.01399086975,0.01840870641,0,0.002380952239,0.002615469974,0.01836351119,0.002951837843,0,0.005615343805,0.01190476213,0.007502965629,0.0007464155206,0.04813819006,0.02154575102,0.01265577041,0.004761904944,0.002380952472,0.005888903979,0.003050327767,0.001141089131,0,0,0.0006343532586,0.005103577394,0,0.0157135874,0.05332414433
33,0.001452410943,0.0001722129382,0.001820738893,0.0002307170798,0.001114963787,0.002380952472,0,0.0004635264631,0.01399390306,0.02989784814,0.1547017097,0.03474193066,0.2501861751,0.6201828122,0.004761904944,0.08462134004,8.85330337e-06,3.472239041e-05,0,0,7.874762559e-06,0,0,0,0,1.343037457e-05,3.50855189e-05,1.171948315e-05,3.961141192e-05,2.101962309e-05,1.780523576e-06,6.562102612e-07,0,2.24077084e-07,0,3.885986189e-06,2.873046651e-05,0,0,0,0,0,0,0.07121808827,0.1073055342,0.07780828327,0.09886122495,0.07837021351,0.04976914823,0.09344253689,0.0880901441,0.03944773227,0.0314360708,0.02814465575,0.04496293515,0.03761525825,0.0704004243,0.105933927,0.08258726448,0.06676840037,0.02240371145,0.04082931578,0.0836821124,0.1048661321,0.01401770487,0.02169756778,0.01190476213,0.05842390656,0.03190140054,0.03666220605,0.00740636792,0.02294221707,0.4870318174,0.04146662354,0.08161227405,0,0,0,0.01863840222,0.03942478821,0.004569741897,0.07832662016,0.03155012801,0.134683162,0.2246223241,0.01933816634,0.007142857648,0.002380952472,0,0.002512102015,0.003181006992,0.03114752658,0.03156149015,0,0,0,0.003362009302,0.003796055913,0.004761904944,0.002380952239,0.005742072128,0.01251177397,0.01763931848,0.002380952472,0.001195361488,0.0007023866056,0.002488786122,0.005981664173,0.002778901719,0,0.03470394015,0.007142857648,0.03295281902,0.02952800132,0,0.001268947497,0.009274137206,0.01305857021,0,0,0,0.006188505329,0.003499022219,0,0.0005986204487,0.003648026846,0.00602208497,0,0.0264541544,0.02077114768,0.01532773767,0.004761904944,0.005406667013,0.01168478839,0,0,0,0,0.0004666184541,0,0.0007180289249,0.006840872113,0.02938415855
34,0.0008685320499,0,0.003962165676,0,0.002380952239,0.003448682837,0,0.0004455826711,0.00848667603,0.0197430104,0.1128630936,0.0286709182,0.2077994049,0.5069099069,0,0.05156004056,0,0,0,7.279343117e-05,0,0,0,0,0,0,1.884983067e-05,0,0,1.72570526e-05,0,0,2.24077084e-07,0,2.57118586e-06,0,0,0,0,0,0,0,0,0.06272340566,0.0446832478,0.05853655562,0.07689254731,0.04215599969,0.02958104387,0.05588630587,0.07728163153,0.02427783608,0.01132912654,0.01301509701,0.01634179242,0.01028415933,0.05636638403,0.07915521413,0.06632038206,0.02718579024,0.0255802013,0.01510217972,0.07276850194,0.09106253833,0.01437824965,0.01764887944,0.002380952239,0.03984889388,0.01851989329,0.01636627875,0.01124812383,0.002380952472,0.4002515078,0.01606755517,0.04305721074,0.001004821155,0.002380952239,0,0.005656969734,0.04046268761,0.004061762709,0.05900705233,0.02289753035,0.09094125777,0.1453145146,0.004532815423,0.004761904944,0.002380952472,0,0.003085228149,0.002380952472,0.0249575302,0.02256987989,0,0,0,0.002380952472,0.001661095885,0.002380952472,0,0.002809726633,0.01368418708,0.007142857648,0,0,0,0.004393129144,0.009293361567,0,0,0.01456946973,0,0.01751603,0.007398882881,0,0.0004581969697,0.002380952472,0.01167819556,0,0,0,0.008495748043,0.002990321256,0.002380952472,0.001062665367,0.004761904478,0.01286454033,0,0.03250251338,0.007142857648,0.007142857648,0,0.002380952239,0.004761904478,0,0,0,0,0,0,0,0.007142857648,0.02140470967
35,0.0004650709452,0,0.0009007932385,0.0001202122512,0.003193794051,0.0004664898734,0,7.736012776e-05,0.002379371785,0.009062747471,0.09224772453,0.01815998368,0.2973474562,0.659653008,0.0002215262211,0.0219661016,0,0,0,2.684918763e-05,9.411040082e-06,6.90996967e-06,0,2.945704182e-05,0,0,1.18574153e-05,4.124229235e-06,1.187281578e-05,4.029206139e-06,2.678819556e-06,1.752217372e-06,0,2.57118586e-06,0,5.802497071e-06,0,0,0,0,0,0,0,0.1051106751,0.09545196593,0.05845229328,0.07763902098,0.07808577269,0.05955088884,0.07557700574,0.08474381268,0.05385224149,0.02082782984,0.02033011056,0.0359990783,0.02152881399,0.04596115649,0.06138412654,0.05177202821,0.04539710283,0.02356129698,0.04776855931,0.07990048081,0.07366909087,0.003919870593,0.01089693885,0.01374702156,0.03062335029,0.03683881834,0.02039681748,0.004286400974,0.02651429549,0.6852024198,0.03824417293,0.06287261099,0.0005814967444,0.002301189816,0,0.01017690916,0.03333530203,0.001907222788,0.06551207602,0.02129379846,0.1840532869,0.2936217189,0.01944740303,0.01083363779,0.004950823262,0.001442649285,0.001530825044,0.001203630236,0.03774571046,0.02734225988,0.006512719207,0.005157177337,0,0.004761904944,0.003712049685,0.01143792551,0,0.02022312768,0.01286416687,0.009523809887,0.002380952472,0.006825660355,0,0.0005677109584,0.004263908602,0.004761904944,0,0.01633216627,0,0.02116636373,0.0125214858,0.002380952472,0.00119996327,0.006745994557,0.02252102457,0.0004935274483,0,0,0.002433432033,0.0004876969324,0.002380952472,0.01241239533,0.0004849743564,0.008077275939,0,0.03761549294,0.0007976259221,0.00943333935,0,0.004761904944,0.01055659167,0.002380952472,0,0.0004130679881,0,0,0.0008848797297,0.000258132437,0.01369231474,0.03440051153
36,0.0009217637707,9.385289741e-05,0.002352174837,0.0001922744414,0.00644232519,0.004947389476,0,0.0003213875461,0.006314673927,0.016483685,0.1262750179,0.02626314014,0.3108329475,0.7451161742,0.002380952472,0.05165382475,6.066486094e-05,0,2.680377111e-05,1.558229633e-05,2.198338734e-05,2.533865336e-05,3.647670383e-05,0,2.59068056e-05,2.110823061e-06,2.185927769e-05,0,2.786911136e-05,4.255241038e-06,3.042679737e-06,3.903576271e-06,3.885986189e-06,0,5.802497071e-06,0,0,0,0,0,0,0,0,0.1094974577,0.1172400042,0.07273498923,0.08550978452,0.1151906624,0.06973025948,0.0793350786,0.09008804709,0.05769347399,0.04050263762,0.03811238706,0.04035323113,0.02441535518,0.05465860292,0.07616224885,0.06142316386,0.07457759231,0.04127033055,0.04571661353,0.08827871829,0.07563758641,0.01610889472,0.01424179599,0.02778605372,0.05427528918,0.04918659478,0.0344488211,0.006488642655,0.03149748594,0.7501180172,0.03287987784,0.0760275647,0.003016300499,0.004322448745,0,0.01541302167,0.05094577,0.001891489839,0.08800762147,0.03165270761,0.2059540302,0.4147791564,0.04869873077,0.01905685291,0.00494961068,0.001835759962,0.0001625726727,0.00254265964,0.03892680258,0.05517207831,0.002253487706,0.003510135226,0,0.00530479895,0.006647865754,0.01272486802,0.002380952472,0.008743617684,0.0295101162,0.0133889541,0.007142857648,0.005585379899,0.008832383901,0.001127649797,0.005372168496,0.004781624302,0.002380952239,0.02282034233,0.002380952239,0.03649191186,0.01393606514,0,0.00124207756,0.005960685667,0.01589672267,0.007142857648,0.002380952472,0,0.009755854495,0.002103720326,0.007142857648,0.01511109527,0.007142857648,0.008791241795,0,0.05493482575,0.01908935979,0.02799097262,0.002380952472,0.01190476213,0.01197077613,0,0,0.001008271705,0,0,0,0.0008265277138,0.00969820749,0.04486891627
37,0.0002823381219,0,0,0,0,0.002380952472,0,7.724460011e-05,0.003528888803,0.01040009968,0.1000588313,0.01851765998,0.1577076018,0.3963408172,0,0.03860813752,0,0,0,5.724717539e-06,0,0,0,0,0,0,1.906457555e-06,0,0,1.054975201e-05,0,0,2.873046651e-05,0,0,0,0,0,0,0,0,0,0,0.05346177518,0.03270684555,0.02812454663,0.05830935016,0.02524752542,0.02380952425,0.03570348024,0.04369233921,0.01578518748,0.006341418251,0.003730387427,0.006766994949,0.006682375912,0.04144961014,0.07156238705,0.06053297222,0.01967141591,0.01463692728,0.01548204012,0.06409978867,0.07800825685,0.00412984984,0.01270360313,0.002380952472,0.01266575232,0.01641182601,0.01190476213,0.004687228706,0,0.2545362413,0.005572569557,0.02784515917,0.002380952472,0,0.002380952472,0.005195218138,0.01653406769,0.002380952472,0.02944748662,0.006310655735,0.05655810237,0.08190340549,0.008608629927,0.002380952239,0,0,0,0,0.007693839259,0.002380952472,0,0,0,0.0009089456289,0,0,0,0.005266884807,0.002891172888,0.0059143533,0,0,0,0.000401197467,0.0005371117149,0,0.0005850609741,0.001165128313,0,0.006971424911,0.003201107262,0,0.002472552937,0,0.007142857648,0,0,0,0.0006388773327,0,0,0.002536917105,0,0,0,0.007126091979,0.002380952472,0,0.002380952472,0,0.00571206212,0,0,0,0,0,0,0,0.002380952472,0.007142857648
38,5.852038521e-05,0,0,0,0,0,0,0,0.00330120232,0.008490134031,0.04076115042,0.01247871015,0.03107228316,0.06506507844,0,0.026281517,0,0,0,0,0,0,0,0,0,0,0.0002956276876,0,0,0,0,0,0,0,0,0,0,0,0,0,0,0,0,0,0.002380952472,0.007142857648,0.01024402771,0.002380952472,0,0,0.003739637788,0.002380952472,0,0,0,0.004761904944,0.0131313568,0.02037104033,0.02392280847,0.001056885114,0,0.002380952472,0.02063189819,0.01724114642,0,0.002839728259,0,0,0.004761904944,0.002380952472,0,0,0.05527086928,0,0.004761904478,0,0,0,0,0,0,0.009523809887,0,0.009523809887,0.01904761977,0,0,0,0,0,0,0.002380952472,0,0,0,0,0,0,0,0,0,0,0,0,0,0,0,0,0,0,0.0007674741209,0,0.002380952472,0.002380952472,0,0,0,0,0,0,0,0,0,0,0,0,0,0,0,0,0,0,0,0,0,0,0,0,0,0,0,0,0
39,0.000216605491,0,0.001294390531,0,0,0,0,9.308319568e-05,0.00299374084,0.008483347483,0.03844708577,0.01732937992,0.04157225415,0.07918228209,0,0.0192375835,0,0,0,0,0,0,0,0,0,0,0,0,0.0001820067846,0,0,0,0,0,0,0,0,0,0,0,0,0,0,0.007142857648,0.01028534118,0.004761904944,0.003200695151,0.002380952472,0.002380952239,0.02052793652,0.009216927923,0.002380952472,0,0.004761904944,0,0,0.01041790377,0.0116313668,0.02752360888,0.004761904944,0,0.002380952472,0.01190476213,0.01364806574,0,0.005303529091,0,0.007142857648,0.005780638196,0.002380952472,0.0006124777137,0,0.04523809627,0,0.01190476213,0,0.002380952472,0,0,0.004761904944,0,0.002380952472,0,0.007142857648,0.02380952425,0.002380952472,0,0,0,0,0,0,0.002380952472,0,0,0,0,0,0.004761904944,0,0.002380952472,0.002380952472,0.002380952472,0,0,0,0,0,0,0,0,0,0.002380952472,0.001764794113,0,0,0,0,0,0,0,0,0,0,0,0,0,0,0,0,0,0,0,0,0,0,0,0,0,0,0,0,0
40,6.364364526e-05,0,0.0001960938826,0,0,0,0,0,0.001001849188,0.006037096027,0.03675905615,0.008410581388,0.1063698754,0.1520176828,0,0.01406527683,0,0,0,0,0,0,0,0,0,0,1.412457323e-06,0,0.000119859702,6.109305104e-05,0,0,0,0,0,0,0,0,0,0,0,0,0,0.00924562104,0.01246167533,0.01097224187,0.01330189407,0.01666666754,0.004761904944,0.0148561541,0.01279607788,0.002380952472,0.002380952472,0,0.007142857648,0,0.02058118023,0.02519655041,0.03555689007,0.002380952472,0.002380952472,0.004761904944,0.02062989771,0.04507022351,0.004761904944,0.006421527825,0.002380952472,0.004761904944,0.002380952472,0,0,0.004761904944,0.1190476269,0.004761904944,0.01399700437,0,0,0,0,0.008125061169,0,0.01563747786,0,0.02380952425,0.048626367,0.004761904944,0,0,0,0,0.000780266535,0.002380952239,0.004761904944,0,0,0,0,0,0,0,0.001673816587,0,0,0,0,0,0,0.001273884904,0,0,0.002931960858,0,0.003785341512,0.002380952472,0,0,0,0.002380952472,0,0,0,0,0,0.002380952472,0,0,0,0,0.004761904944,0.002380952239,0,0,0,0,0,0,0,0,0,0,0,0,0.003157816362
41,0.0001075146865,0,0,0,0,0,0,0,0.002643033862,0.003273649374,0.03981201723,0.01192541327,0.05271785706,0.1347609013,0,0.01713131368,0,0,0,0,0,0,0,0,0,0,0,0,0,0,0,0,0,0,0,0,0,0,0,0,0,0,0,0.005624325946,0.009523809887,0.003379949369,0.01001880877,0.01190476213,0.002380952472,0.007142857648,0.01666666754,0.005708729383,0.002380952472,0.002380952472,0.002380952472,0.000857330102,0.02087231167,0.02135778777,0.03758840635,0.007904684171,0,0.002380952472,0.03003895283,0.01461431198,0.002380952472,0.009485792369,0,0,0,0.002380952472,0.0007731856895,0.004761904944,0.05238095298,0,0.005619745236,0,0,0,0.002380952472,0.002227552468,0,0.005758559797,0,0.008530162275,0.01904761977,0,0,0,0,0,0,0,0.002380952239,0,0,0,0,0.002380952472,0,0,0,0,0.002380952472,0,0,0,0,0.003442573594,0,0,0,0,0.0004797462607,0.002380952472,0,0.0005300631747,0,0,0,0,0,0,0,0,0.002380952472,0,0,0,0.002380952472,0,0,0,0,0,0,0,0,0,0,0,0,0,0
42,0.0001702715817,0,0.0005480816471,0,0,0,0,0.0001544195111,0.001332476619,0.004468458239,0.05358051509,0.009021123871,0.07332830131,0.09507916123,0,0.01107592601,0,0,0,0,7.763379472e-06,0,0,0,0,0,0,0,5.974690066e-05,0,0,0,0,0,0,0,0,0,0,0,0,0,0,0.01356557012,0.002380952472,0.009523809887,0.01694656163,0.004761904944,0.002380952472,0.01190476213,0.01006377954,0.002380952472,0.004761904944,0,0.002380952472,0.002380952472,0.008062734269,0.02220528387,0.02438986115,0.004761904944,0,0.002380952472,0.01904761977,0.0166497957,0.002380952472,0.00231400365,0.002380952472,0.001256666961,0.002380952472,0,0.002380952472,0,0.04695078731,0.004761904944,0.007142857648,0,0,0,0.002380952472,0.007142857648,0.00344792055,0.002380952472,0,0.002380952472,0.009523809887,0,0,0,0,0,0,0.003703403519,0.002380952472,0,0,0,0,0,0,0,0,0,0,0,0.002380952472,0,0,0.0006806926685,0,0,0.001364303404,0,0.003695350373,0.002380952472,0,0,0,0,0,0,0,0,0,0,0,0,0.002380952472,0,0.004761904944,0,0,0,0,0,0,0,0,0,0,0,0,0,0.002380952472
43,0,0,0,0,0,0,0,0,0.0006821542047,0,0.0005379301147,0.0001099561487,0.009523809887,0,0,0.007634467445,0,0,0,0,0,0,0,0.0002020221436,0,0,0,0,0,0,0,0,0,0,0,0,0,0,0,0,0,0,0,0,0,0,0,0,0,0.002380952472,0,0,0,0,0,0,0,0,0.004036131315,0.001033824054,0,0,0.002380952472,0.002380952472,0,0,0,0,0,0,0,0,0.0142857153,0,0.002380952472,0,0,0,0,0,0,0.002380952472,0,0.002380952472,0.002380952239,0.002380952472,0,0,0,0,0,0,0,0,0,0,0,0,0,0,0,0,0,0,0,0,0,0,0,0,0,0,0,0,0,0,0,0,0,0,0,0,0,0,0,0,0,0,0,0,0,0,0,0,0,0,0,0,0,0,0,0,0
44,0.3431383669,0.1345686615,0.353782922,0.2419364154,0.3673934042,0.2591114342,0.1575455815,0.3320895135,0.3921136558,0.3416558802,0.3673255444,0.3896970749,0.740509212,0.8834671378,0.5299409032,0.6021362543,0.07241049409,0.0312849991,0.03922439739,0.04506892711,0.0647014305,0.02417829633,0.02164010331,0.02310397848,0.02378572524,0.05740840361,0.1967809498,0.09728389233,0.1535102129,0.159700498,0.1522538215,0.1044132262,0.07121808827,0.06272340566,0.1051106751,0.1094974577,0.05346177518,0,0.007142857648,0.00924562104,0.005624325946,0.01356557012,0,0,0.0858341977,0.1153920889,0.1676398516,0.239775002,0.2464048713,0.1211300939,0.2312228531,0.251319468,0.2807386816,0.3057223558,0.274641633,0.2289954871,0.2634371221,0.2653309107,0.3144875467,0.1677729934,0.2435351014,0.25314942,0.2181640118,0.2974919975,0.278444171,0.2244119644,0.3664273322,0.3751134276,0.2830378711,0.2961605191,0.3474455774,0.4054448307,0.9673818946,0.3571237624,0.2382842004,0.3195321262,0.3000565469,0.2414082438,0.253798008,0.3388917148,0.3499366045,0.3347288668,0.3180177808,0.5323803425,0.7831578851,0.3005267978,0.3589854836,0.320628345,0.3620802462,0.3344405591,0.2308697402,0.3323282599,0.3468126357,0.3496358395,0.3490470052,0.3680568337,0.3161225617,0.3372887969,0.3671027124,0.2390440702,0.3070964813,0.3289901912,0.2638539672,0.07260444015,0.09709247202,0.08910087496,0.1868275702,0.3143157065,0.2853860557,0.06736825407,0.2870262265,0.04023651406,0.3244363368,0.3256905079,0.1236972138,0.2258415967,0.1840033978,0.2883194089,0.06557571888,0.151538372,0.2178703696,0.2801463604,0.2597251534,0.1468930095,0.3471610844,0.259463042,0.2282725126,0.1563179046,0.2797363102,0.3001002073,0.3157891631,0.1856435537,0.1045813262,0.2505190074,0.1176656708,0.1519184858,0.1571792662,0.1499367058,0.2655779421,0.1779761463,0.1813843697,0.3332907259,0.3026414812
45,0.02636324801,0.04643206671,0.1084405929,0.1446626484,0.008110539056,0.12155509,0.08135540038,0.159087494,0.1714410335,0.1826201379,0.165077284,0.1671655476,0.2850603163,0.6142908335,0.2746923566,0.4254417717,0.06455298513,0.04606908932,0.08181096613,0.08071090281,0.08071483672,0.0491047278,0.02278002352,0.0161732994,0.02963469736,0.04041053355,0.1589791626,0.1090561524,0.1353758425,0.1849995404,0.1579621881,0.1274611354,0.1073055342,0.0446832478,0.09545196593,0.1172400042,0.03270684555,0.002380952472,0.01028534118,0.01246167533,0.009523809887,0.002380952472,0,0.0858341977,0,0.002231246792,0.0007593192277,0.000572489691,0.001032118686,0.001788003021,0.002363539999,0.04192594811,0.06169961393,0.07442664355,0.1099100634,0.07576091588,0.08118021488,0.08181048185,0.09262845665,0.02828787081,0.04002765194,0.06981399655,0.023077555,0.09424764663,0.1120518968,0.06017527729,0.1260784417,0.1157476902,0.07038746774,0.03095555492,0.05351250991,0.1556926966,0.9503189921,0.1646267027,0.09387048334,0.1365613043,0.1439851522,0.07498235255,0.1024881005,0.07075469196,0.05109760538,0.02268668078,0.1587761641,0.3485552371,0.5971516967,0.06513705105,0.1321954578,0.1350647807,0.09679076076,0.09344514459,0.06483908743,0.01009552367,0.03394198045,0.004488899838,0.005580083001,0.005671639927,0.005622810218,0.002951061353,0.002173240529,0.00395211298,0.005415902473,0.003150137374,0.03786602616,0.01507324353,0.007142857648,0.007142857648,0.007142857648,0.04661920294,0.01829301193,0.01036977395,0.03681662679,0,0.0904283002,0.1014681831,0.003616069211,0.0254213158,0.0221168939,0.03750898317,0.002380952472,0.01329312194,0.01474992186,0.03883977234,0.0307898391,0.05002560094,0.04837714881,0.02976193838,0.02852625027,0.006876031868,0.02524760738,0.04501782358,0.04416723922,0.01227877289,0.005444020964,0.03717218339,0.007384617347,0.009178797714,0.04109336808,0.03843419626,0.02661599591,0.005674954038,0.003331612563,0.009923209436,0.06441669911
46,0.01252620481,0.01161226165,0.04015623778,0.09003368765,0.01149823237,0.08543178439,0.08958540857,0.08261567354,0.08878777176,0.03234439343,0.06910352409,0.04100454971,0.5519549847,0.7064688802,0.3263464868,0.3879396021,0.05355709046,0.02686423063,0.0415259786,0.06949230283,0.05114990473,0.03601023182,0.01551412884,0.005152722821,0.02291509695,0.04087445885,0.0876005739,0.08577175438,0.1095101088,0.1127827242,0.1109686419,0.09608980268,0.07780828327,0.05853655562,0.05845229328,0.07273498923,0.02812454663,0.007142857648,0.004761904944,0.01097224187,0.003379949369,0.009523809887,0,0.1153920889,0.002231246792,0,0.001254176837,0.02132233232,0.01623673923,0.0003528334782,0.001505660824,0.008184899576,0.01269209571,0.007670110092,0.003130678553,0.001757593127,0.003407677403,0.005477075931,0.01378401928,0.0004446423554,0.004944764078,0.005587801803,0.002361652208,0.009661952034,0.003437957494,0.001746246126,0.01216975227,0.01893186569,0.02803108469,0.008460939862,0.005840879399,0.1684565693,0.6798870564,0.01124314126,0.00224806089,0.03916611895,0.005682942457,0.004568205681,0.003134987084,0.01925483346,0.01492522657,0.006567791104,0.003658670932,0.08759106696,0.4934276342,0.02170931175,0.1023370624,0.01341475546,0.09300371259,0.007814860903,0.002345849061,0.01729003154,0.02516194247,0.005485214759,0.009474730119,0.004519639071,0.001223911182,0.003956169821,0.004238465801,0.003901264863,0.003694861429,0.002390996087,0.003348988248,0.002983272774,0.001544389641,0.000706206949,0.001390669378,0.005131087732,0.008937662467,0.002825437579,0.009658686817,0.002781849355,0.01663419977,0.01649753749,0.005595575087,0.001974179177,0.01051725261,0.00538997259,0,0.0005521174171,0.005077778827,0.003952433821,0.003179238643,0.03489883244,0.03018837608,0.01914501935,0.01362268254,0.006884237751,0.008005243726,0.01111508906,0.00970154535,0.004372748546,0.006803197321,0.009176393971,0.005417936947,0.005711054895,0.02255709656,0.01223719399,0.002714845585,0.001229940332,0.001703512156,0.004929563031,0.01660840958
47,0.006093100179,0.0332868509,0.03040682152,0.0869776383,0.002626702189,0.05472658575,0.0556983985,0.0669875741,0.06283798814,0.1030205786,0.09214154631,0.07182797045,0.4133299887,0.7068567276,0.2536097169,0.3836856484,0.08292168379,0.04637409747,0.08416954428,0.1037302092,0.07693530619,0.07379122078,0.03925013915,0.01705740951,0.05574720353,0.05976260453,0.08509218693,0.114284575,0.1036723107,0.104552418,0.1221464574,0.103618525,0.09886122495,0.07689254731,0.07763902098,0.08550978452,0.05830935016,0.01024402771,0.003200695151,0.01330189407,0.01001880877,0.01694656163,0,0.1676398516,0.0007593192277,0.001254176837,0,0.0007608473534,0.00254227221,0.0002633253171,0.0005703601055,0.01133884676,0.02967688814,0.04171897471,0.07981748134,0.07122804224,0.07393850386,0.07814645022,0.1039947346,0.02783432603,0.03762612119,0.05322445557,0.02289285883,0.07162408531,0.06525615603,0.06876944005,0.04543376341,0.05928532034,0.02986188792,0.0186921861,0.04642537236,0.1408166587,0.9226800203,0.0832266286,0.07453589886,0.1040536761,0.07690192014,0.02034810372,0.07615937293,0.04878786951,0.0302709993,0.01436159294,0.08420018107,0.2287244946,0.4146662652,0.01738502085,0.1008602828,0.07142455876,0.07658914477,0.05963966995,0.04428145662,0.002914565848,0.03501087055,0.003661609953,0.001469394076,0.0002916007943,0.001874545706,0.0008478824748,0.001047355705,0.001605721423,0.0008894737693,0.0005533645744,0.02257229201,0.001034258865,0.000984836719,0,0.01518259011,0.03240347654,0.001986499876,0.00834005978,0.005607141182,0.002380952472,0.03188708797,0.03301953524,0.002380952472,0.01192703377,0.01417997386,0.007529382594,0,0.004761904944,0.007803533692,0.02943184972,0,0.06590244919,0.005985660944,0.004761172459,0.009336483665,0.004761904944,0.004864795133,0.01226700097,0.01090970635,0.007532239892,0.006641368382,0.007967133075,0.00582600059,0.01125549898,0.02679195069,0.02850840986,0.009440589696,0.004255602602,0,0.001318535069,0.01428365149
48,0.008456573822,0.02499866113,0.03595432267,0.1077240109,0.001436335035,0.06226458028,0.04715146124,0.04713799804,0.1167456806,0.1295043975,0.1447705179,0.1163400039,0.2304359376,0.6394374371,0.2293983251,0.4041148722,0.05931345373,0.03314102814,0.04163759202,0.06192739308,0.06742201,0.0345624499,0.01236398425,0.01542402059,0.01567366906,0.03421009332,0.1062962785,0.08075060695,0.1267397702,0.1311993003,0.1387585998,0.1269520819,0.07837021351,0.04215599969,0.07808577269,0.1151906624,0.02524752542,0.002380952472,0.002380952472,0.01666666754,0.01190476213,0.004761904944,0,0.239775002,0.000572489691,0.02132233232,0.0007608473534,0,0.0001414512808,0.004483726807,0.0001041307478,0.02305185795,0.0428269133,0.06147049367,0.05522663519,0.05181348324,0.05922926217,0.07922686636,0.09076187015,0.07783411443,0.03860164434,0.0570063889,0.03333075717,0.1016985998,0.1205754355,0.04975194111,0.09037613124,0.08708113432,0.05961407349,0.01935300417,0.0432652235,0.1711646169,0.9473308325,0.1233716309,0.1161479726,0.1369441748,0.11347875,0.06171262637,0.1122613847,0.04961847141,0.02808200009,0.0133753065,0.1383617222,0.3001703024,0.5238961577,0.0423813276,0.1279042214,0.1094678044,0.09855868667,0.06879740953,0.04308981076,0.001351065817,0.02666442655,0.001802926767,0.0006820021663,0.0008448552107,0.0007228775066,0.0005513068172,0.0007274808013,0.001193654607,0.0007948294515,0.0003978085879,0.01099417917,0.0003665006079,0.004761904944,0,0.01220671181,0.03499947116,0.001983232563,0.002380952472,0.009410969913,0.007142857648,0.051568266,0.05421096832,0.004761904944,0.02053770795,0.02015067637,0.009425055236,0,0.01771261171,0.007142857648,0.02013512142,0.00774576515,0.03453687206,0.01147242077,0.00951901637,0.01636531949,0.005753932986,0.006527930498,0.007429173682,0.005668204743,0.008383160457,0.001744586974,0.01090226322,0.01488731522,0.008260898292,0.02614420094,0.02100336924,0.0245515313,0.009523809887,0.009523809887,0.001214104122,0.0207152497
49,0.001532050199,0.01003629435,0.007193927187,0.0325788632,0.0004397473822,0.03070521727,0.02461063862,0.01556001324,0.06857097149,0.04899716377,0.1164163649,0.06624691933,0.2063608468,0.6794058084,0.1580693424,0.3922694325,0.03070320562,0.01483540889,0.03003715165,0.03829826787,0.03508557379,0.02943618037,0.00583706703,0.002380952472,0.01211579237,0.01972750016,0.07616051286,0.06719943881,0.0830161199,0.07748173922,0.09925989062,0.08087816089,0.04976914823,0.02958104387,0.05955088884,0.06973025948,0.02380952425,0,0.002380952239,0.004761904944,0.002380952472,0.002380952472,0,0.2464048713,0.001032118686,0.01623673923,0.00254227221,0.0001414512808,0,0.002549707424,0.0001060238574,0.008788486943,0.009545746259,0.01291798241,0.05997888744,0.03579625487,0.03645114601,0.03812370077,0.0298884213,0.03330505639,0.01766055077,0.03032728285,0.002364545595,0.009832278825,0.05216987431,0.02604212239,0.05264792964,0.04470245168,0.05909448862,0.007894206792,0.0005239845486,0.1243988872,0.9789789915,0.05725438893,0.04356764257,0.09929662943,0.05324586853,0.01577713713,0.07613936067,0.0003897340212,0.0001704446186,0.0003563247155,0.119166702,0.3397279084,0.5338988304,0.03608595207,0.1460669637,0.05767801777,0.006461921614,0.002067740541,0.01100591291,0.0001621330885,0.0003590433917,0.0001068121128,0.0001694342645,0.0002578090935,0.0001316636917,0.000174305882,0.000178392962,0.0004117030185,0.0001939265203,0.000151914297,0.003693470266,0.001710677519,0,0,0.002828461584,0.009451247752,0.0008710167604,0,0.001493787509,0,0.004145410843,0.00711865304,0.0008316346793,0.003154234728,0.005195175298,0.001472150325,0.0007464577211,0.001205173205,0.0003603004734,0.0001213879077,0.003101879265,0.01461634506,0.003604270052,0.002578562126,0.004059878178,0.0007186898729,0.0006948736846,0.001847367734,0.002590303775,0,0,0.00253167795,0,0.001034232322,0.003027682658,0.002711942652,0.003744405461,0,0,0.0002482822165,0.002774745226
50,0.004084012005,0.01340012811,0.01083554141,0.06643730402,0.00166490837,0.0381193459,0.03005281836,0.03693797067,0.0316488333,0.04123643786,0.05615442619,0.02221558243,0.4198137224,0.7244827747,0.1958533078,0.3705105484,0.07581549138,0.04954718053,0.06900317222,0.07616633922,0.07509685308,0.0633636266,0.05222084001,0.009234803729,0.03615203127,0.05398210883,0.06283964962,0.07248351723,0.09472998977,0.1039807424,0.08754128963,0.1074620336,0.09344253689,0.05588630587,0.07557700574,0.0793350786,0.03570348024,0,0.02052793652,0.0148561541,0.007142857648,0.01190476213,0.002380952472,0.1211300939,0.001788003021,0.0003528334782,0.0002633253171,0.004483726807,0.002549707424,0,0.0001369786914,0.00324619282,0.009170930833,0.01286182925,0.01110659912,0.007691229694,0.008986478671,0.008324459195,0.02756493725,0.0004642138956,0.0100212805,0.002741893753,0.0001738468709,0.004951616749,0.01291302778,0.003227428533,0.01462174952,0.02041318081,0.017327426,0.008769680746,0.01409726217,0.1616499573,0.9094050527,0.02136162296,0.004298447631,0.067590639,0.02563004568,0.006025269162,0.0106201563,0.01087526511,0.02257305384,0.0009024367901,0.02642793022,0.1951336116,0.3470665812,0.0087694088,0.09469684213,0.03340285644,0.06442408264,0.01574485563,0.002998362062,0.00130616047,0.009626255371,0.001130617806,0.0003664587857,0.00217588665,0.0002051723422,0.0003652146552,0.000362003746,0.0005832440802,0.0005285253865,0.0004235164088,0.002395043382,0.004761904944,0,0.002380952239,0.008671863005,0.006952636875,0.001756261336,0.001634336426,0.003356477246,0,0.008468018845,0.009812463075,0.0004716162221,0.004042018671,0.005315968301,0.001684099552,0,0.002380952472,0.002380952472,0.002400838537,0.004638168029,0.05352442712,0.007016120479,0.00728086615,0.007459591608,0.004761904944,0.002552642487,0.004396227654,0.003184393281,0.005675546359,0.0003305760038,0.006120222621,0.0004351511307,0.004761904944,0.009339669719,0.008349340409,0,0.002077132231,0.002942873864,0.001307280734,0.004937799182
51,0.001573087415,0.0092442194,0.003300803481,0.04719723016,0.0005973752704,0.02676191367,0.02312704548,0.01712024584,0.02938218042,0.0453627184,0.06054779515,0.02492420748,0.3136045933,0.7433450818,0.2056301683,0.3698768318,0.07535960525,0.07092784345,0.07636217028,0.09144815058,0.0994284451,0.08217044175,0.04855988547,0.03322141245,0.0425099507,0.04767323285,0.06318981946,0.1011395901,0.07832682133,0.09086154401,0.09046453238,0.09771992266,0.0880901441,0.07728163153,0.08474381268,0.09008804709,0.04369233921,0.003739637788,0.009216927923,0.01279607788,0.01666666754,0.01006377954,0,0.2312228531,0.002363539999,0.001505660824,0.0005703601055,0.0001041307478,0.0001060238574,0.0001369786914,0,0.002511079889,0.008326136507,0.01739995927,0.02211731859,0.014694768,0.02816926688,0.02160353772,0.04484180734,0.004905917682,0.008813174441,0.01570783556,0.00054600765,0.008101180196,0.02356381714,0.01311995275,0.01457976829,0.01542572118,0.01979541592,0.01126344595,0.005412979051,0.1817869395,0.9385466576,0.03056078218,0.01092493813,0.08845608681,0.02026065998,0.01594488323,0.02022035234,0.009429398924,0.02270001359,0.0003684269614,0.04470321164,0.2030406296,0.3253737688,0.007958073169,0.1050788462,0.05942855403,0.06811016053,0.02179669775,0.004124884959,0.0001891277498,0.003339617746,0.0003170650743,7.464976807e-05,2.548919292e-05,0.0001014923037,7.244709559e-05,7.463213842e-05,3.531184848e-05,9.544299974e-05,9.629563283e-05,0.001565228798,0.0106045045,0.0005597486161,0,0.008603292517,0.006130069029,0.0004927577102,0.003108625067,0.0008815076435,0.001591043547,0.00530582387,0.006709642243,0.0008687367663,0.007955648005,0.003765384434,0.001400396693,0,0.002380952472,0,0.01094880048,0.006644302048,0.04483302683,0.0014202405,0.0008989571361,0.002512050327,0.002475199988,0.0007716071559,0.00222123065,0.0004772392276,0.0006168769905,0.001882616198,0.0006448451313,0,0.001209051348,0.01774610579,0.005358018447,0.004950247239,0.004193698987,0,0.0001829183748,0.002157389419
52,0.0007361096796,0.0002498417743,0.001205614069,0.009444104508,0.00130619132,0.007015356794,0.0009171176935,0.004149715882,0.02187402733,0.004787464626,0.003421226749,0.002496831352,0.569737792,0.6518315077,0.06537091732,0.3641624451,0.02376903221,0.01895585842,0.03806503117,0.0273458045,0.04407963157,0.02791621722,0.007142857648,0.007142857648,0.005279470701,0.02752580121,0.06079925224,0.06098366529,0.0709708482,0.09520049393,0.07719163597,0.06649691612,0.03944773227,0.02427783608,0.05385224149,0.05769347399,0.01578518748,0.002380952472,0.002380952472,0.002380952472,0.005708729383,0.002380952472,0,0.251319468,0.04192594811,0.008184899576,0.01133884676,0.02305185795,0.008788486943,0.00324619282,0.002511079889,0,1.219795104e-05,6.005826435e-05,0.0008598807617,0.002741375472,0.0008295244188,0.0001425317314,0.0003700011002,0.002469840227,0.0001441215281,0.0008137518307,0.0006402858999,0.0002274192666,0.0009873160161,0.001419174601,0.0002941083803,6.20937135e-05,0.003969508223,0.0001422080531,0.0007659881376,0.1017027646,0.9537678957,0.0005468178424,0.001435263199,0.006510186009,0.001290766173,0.0009369834443,0.002745779697,0.0005834473413,0,0.000759946357,0.002769841813,0.1554422379,0.08616130799,0.0007656082162,0.02502947487,0.0007010666886,0.01006536372,0.0004926630645,0.0009725944255,0.001375304884,0.001002278877,0.001235538512,0.003025134793,0.0007719974965,0.004170385655,0.004125060048,0.003977756482,0.0001732831588,0.001498357975,0.001755985315,0.000363376108,0.001430697041,0,0,6.892217789e-05,8.369496209e-05,0.0007959725335,0,0.000963735336,0,0.0005522927386,0.0002954236406,5.796780169e-05,0.001211653464,5.640934978e-05,0.0007389241364,0,0.002904887544,0.0007435492589,0.0005657296861,0.001165934722,0.004690621048,0.0008606294869,0.0007399501628,0.001014930895,0,0.0008733092691,0.0004713608942,0.00156421843,0,0,0.001036311965,0.001822549733,0,0.002014183905,0.001690746401,0.00116795802,0.0003499258019,0,0.001102592098,0.0009646422695
53,0.003047934035,0.001475311932,0.001141073182,0.003223308828,0.0008137898403,0.004761904944,0.002380952472,0.003182014218,0.006095388439,0.0006577952299,0.0005084769218,0.0005755568272,0.6315206289,0.2904116213,0.01050548255,0.3725513816,0.01190476213,0.01270453632,0.003628177103,0.01134051662,0.02841630764,0.009523809887,0.00805301033,0.002380952472,0,0.01190476213,0.05342553183,0.02635133639,0.04213865474,0.05638957396,0.05854240432,0.04604835808,0.0314360708,0.01132912654,0.02082782984,0.04050263762,0.006341418251,0,0,0.002380952472,0.002380952472,0.004761904944,0,0.2807386816,0.06169961393,0.01269209571,0.02967688814,0.0428269133,0.009545746259,0.009170930833,0.008326136507,1.219795104e-05,0,3.233199379e-07,2.311627941e-05,9.707712161e-05,6.645032408e-05,1.392762169e-05,4.297276973e-05,0.001709004166,0,3.484808985e-05,0.0002364144893,0.0001673173247,5.717384192e-05,3.66021377e-05,0.0001778820151,2.173470193e-06,5.803153545e-05,0,0.0006024262984,0.008691300638,0.902346909,8.014855666e-06,0.0006589510594,0.0006632049335,0,0,0.001526707318,1.081091796e-05,0,0.0005043443525,0.001324011944,0.09977081418,0.1751501411,0.0007306524785,0.002346604131,4.650607298e-05,0.0008803206729,2.137009506e-05,0.0001814832649,0.007142857648,0,0,0.002380952239,0,0,0,0.0002826341079,0,0.002380952472,0,0,0,0,0,0,0,0,0,0.003235268639,0.0009397602989,0.003553696675,5.132182923e-05,0,0,0,0.001153589459,0,0,0,0,0,0.001406361,0.002380952472,0,0,0,0.0009938225849,0,0,0,0,0,0,0,0,0.0009005081374,0,0.0005881363177,0,0.0008866945282,0.0004019398184
54,0.0007639201358,0,0.0005873490009,0.002176945098,0.001307948958,0,0.002380952472,0.003790721064,0.001340982737,0.0001884824742,0.0002857209474,0.0001394921273,0.4187095463,0.3399758935,0.006316727959,0.2160640508,0.01268854085,0.004804924596,0.008940527216,0.02500393987,0.01396377571,0.01072155032,0.007142857648,0.005197182298,0.003517233999,0.0143834576,0.02285068482,0.04170202091,0.03651404381,0.03486957774,0.03465957195,0.03076791205,0.02814465575,0.01301509701,0.02033011056,0.03811238706,0.003730387427,0,0.004761904944,0,0.002380952472,0,0,0.3057223558,0.07442664355,0.007670110092,0.04171897471,0.06147049367,0.01291798241,0.01286182925,0.01739995927,6.005826435e-05,3.233199379e-07,0,8.133001188e-07,2.008609044e-06,5.00640499e-06,1.15870389e-05,0.000235318701,0.001142042223,0,0,0.0004810206883,0.0003036030103,5.7056277e-06,0,0.0001493802265,5.519669685e-06,2.401924394e-05,0,1.467955826e-05,0.006053153891,0.8539984822,1.286688894e-05,0.0001899412891,0.0003928844235,0,0,8.840477676e-06,0.0002486662706,0,0.001352368388,0.0002923001302,0.07704813033,0.2799105942,0.0009957997827,0.001026241109,1.904566489e-05,0.00111557194,0,0.000149048501,0.01353100501,0,0.002380952472,0,0,0.002380952239,0,0,0.002380952472,0.004761904944,0,0.0004743634781,0,0,0,0,0,0,0,0.0004651753407,0,0.0002764876408,0,0,1.384230382e-05,0,0,0,0,0,0,0,0,0.001567097264,0,0.001260523451,0,0.001644800417,0,0,0,0,0,0,0,0,0,0,0,0,0.002380952472,0.0002852564212
55,0.002913558856,0.0002510187333,0.001706226147,0.004342448432,0,0.002380952472,0.004761904944,0.006593024358,0.001341160852,7.615304639e-05,0.0007063687663,0.0001553354814,0.444527626,0.4156190455,0.02899331972,0.2689857781,0.02388331667,0.02242425457,0.02628451213,0.0304477755,0.02584162913,0.02293644287,0.004761904944,0.002380952472,0.009842305444,0.01759619825,0.02249969169,0.04666151851,0.05341715366,0.04903833568,0.05208544806,0.05977018178,0.04496293515,0.01634179242,0.0359990783,0.04035323113,0.006766994949,0,0,0.007142857648,0.002380952472,0.002380952472,0,0.274641633,0.1099100634,0.003130678553,0.07981748134,0.05522663519,0.05997888744,0.01110659912,0.02211731859,0.0008598807617,2.311627941e-05,8.133001188e-07,0,3.919150231e-07,4.614429145e-06,3.07430164e-05,0.0001250881178,0.0006113320123,4.13765747e-07,2.855853381e-06,0.0005070695188,0.0003504376509,6.884238246e-06,1.00396046e-05,0.001429799013,2.089462578e-05,0.0005455983919,0,7.177271618e-05,0.03227791935,0.8154219389,6.62884122e-05,0.0001253140945,0.003044710727,3.53050018e-05,0.0002550769423,3.964296047e-05,0.00121096056,0,0.003046891652,0.0003321564873,0.06969945133,0.3989426196,0.002232054481,0.008513979614,0.0003958541784,0.004761904944,0.0003941745381,0.0001333854452,0.008315697312,0.0008730277186,0,0,0,0,0,0,0,0.0009809302865,0,0,0,0,0,0,3.213246964e-05,0.001164226909,0,0.0002739524352,0,0.0001362159092,0,0,8.409822476e-05,0.0005422759568,0,0,0,0,4.874572187e-05,0,0,0.002380952239,0,0,0,0.007071046159,0,0,0,0,0,0,0,0,0,0,0,0.002380952472,0.002380952472,0
56,0.001689602621,0.0007836648729,0.0005530021735,0.005109547172,0,0.002380952239,0,0.01202500239,0.001033147448,0.000104952218,0.001205038629,0.0003174155136,0.3896398544,0.3910290003,0.01736100949,0.2193470597,0.01277021132,0.0187027473,0.01897841319,0.03032820672,0.02304238826,0.01968381554,0.004209210165,0.002380952472,0.005609396845,0.01060818229,0.02228684351,0.02776708268,0.03393058851,0.05240331218,0.05159557983,0.03958727792,0.03761525825,0.01028415933,0.02152881399,0.02441535518,0.006682375912,0.004761904944,0,0,0.000857330102,0.002380952472,0,0.2289954871,0.07576091588,0.001757593127,0.07122804224,0.05181348324,0.03579625487,0.007691229694,0.014694768,0.002741375472,9.707712161e-05,2.008609044e-06,3.919150231e-07,0,4.240856924e-06,4.689716661e-05,0.0001853255671,0.0003977771848,0,2.319220948e-05,0.0005453532794,0.0001590849133,1.731008888e-05,5.017282092e-06,0.00196584221,0.0007726644981,0.001567025902,0,3.160688357e-05,0.02936330624,0.8159554005,0.0001522289385,6.487067003e-05,0.003729037242,0.0002693186398,0.0008185213082,3.066007139e-06,0.0003905184858,1.611895095e-05,0.003776273457,0.0003320923424,0.07840889692,0.4111901224,0.002838255838,0.02153422497,0.002564769704,0.006407344714,0.0007526954869,1.278679156e-05,0.007953267545,0.004761904944,0,0,0,0,0,0,0,0,0,0,0,0,0,0,0,0,0,0.0001043786833,0,0.0001002168574,0.0001882009965,0,0,0,0,0,0,0,0,0,0,0.002380952472,0,0.0009026883054,0,0.001323967241,0,0,0,0,0,0,0,0,0,0,0,0,0,0.002380952472
57,0.005003682338,0.01059958711,0.002502131741,0.02314203978,0.01455675811,0,0.004761904944,0.02272015437,0.0007592859329,0.0004988311557,0.0004517936322,0.0004132165341,0.4806855619,0.5473892093,0.01318772882,0.2801010311,0.04363621771,0.04758637398,0.04720658064,0.05571594834,0.05381217599,0.05583323911,0.06232811883,0.03409654275,0.03132552654,0.05091762915,0.03336663544,0.06719848514,0.05932902172,0.06506141275,0.06187771261,0.06420168281,0.0704004243,0.05636638403,0.04596115649,0.05465860292,0.04144961014,0.0131313568,0.01041790377,0.02058118023,0.02087231167,0.008062734269,0,0.2634371221,0.08118021488,0.003407677403,0.07393850386,0.05922926217,0.03645114601,0.008986478671,0.02816926688,0.0008295244188,6.645032408e-05,5.00640499e-06,4.614429145e-06,4.240856924e-06,0,3.538789679e-05,0.0001387060038,0.0008840484661,2.289442875e-07,3.238152567e-05,0.000722634315,0.0005173184909,1.633896136e-05,2.216607209e-05,0.001154159079,0.0001467548718,0.0002181611198,0.0002910061739,0.0003346607555,0.02227755077,0.8214886189,9.242998203e-05,0.0002290008124,0.001180415857,9.614078408e-06,2.376253542e-05,2.744004087e-05,0.0009719465161,0.0002674300631,0.01093699876,0.0005059149698,0.09389273822,0.3422823846,0.005009669345,0.00431184331,0.0003501041792,0.0007106026751,0.0005522060674,9.836006211e-05,0.01193121914,0.005777235609,0.01589146815,0.001789616654,0,0.002380952472,0.006328955758,0.003974061925,0,0.00284585217,0.003752307268,0.0004231537168,0,0.0003423506569,0,0.001234598458,5.033072011e-05,0,0,0.002441914985,0,0.0005260938779,0.0004343480105,8.485939907e-05,0.000646932458,0.0006264421972,0.001988121774,0.0005461136461,0,0,0,0.0003489143855,0.002380952472,0.0173007641,0,0.0007737301057,0.001177108963,0.005029763561,0.000880486099,0.0007424758514,0,0.001876959228,0.0004080295621,0,0.003017432522,0.002380952472,0.001752288779,0.001217115088,0.001067411504,0.0003636867623,0.002702796832,0.001960618654
58,0.002309420379,0.009702343494,0.001236435375,0.03673679382,0.004873264581,0,0.002380952472,0.02042702585,0.001617687987,0.001761837979,0.001997889485,0.001316227019,0.661077857,0.6642255187,0.02726826072,0.3482137322,0.06873846054,0.07671251148,0.1004392356,0.08340489119,0.08819697797,0.07826337963,0.05768229812,0.03440444916,0.05686004087,0.06491792202,0.04227604344,0.07491277158,0.07127852738,0.07627697289,0.07581027597,0.08277343959,0.105933927,0.07915521413,0.06138412654,0.07616224885,0.07156238705,0.02037104033,0.0116313668,0.02519655041,0.02135778777,0.02220528387,0,0.2653309107,0.08181048185,0.005477075931,0.07814645022,0.07922686636,0.03812370077,0.008324459195,0.02160353772,0.0001425317314,1.392762169e-05,1.15870389e-05,3.07430164e-05,4.689716661e-05,3.538789679e-05,0,0.0001304484467,0.001973748906,1.327751193e-06,4.751673714e-06,0.0003401818394,5.792105367e-05,4.970020018e-05,0.0003313400957,0.001513280906,6.001075963e-05,0.000517825596,6.023011883e-05,0.0004750135122,0.05647194386,0.8653015494,6.009570279e-05,0.0003879724245,0.004826535005,7.341220771e-05,0,8.095899102e-05,0.000529097917,0,0.005667024292,0.001836382435,0.1214853302,0.2454305291,0.002135863993,0.01078669913,0.0001923949021,0.002972760238,0.001137042884,0.0003529400565,0.00756759569,0.003678215202,0.007410245948,0,0,0.000784240081,0.00616951799,0.00355224614,0,0.002035122365,0.002080431907,0.0003450756776,0,0.002897896804,0.0007187369047,0.004206962883,0.0003901607415,8.897941007e-05,0,0.0004415760923,0,0.0002005565766,5.248940579e-05,0,0.001893545035,0.0002051092888,0.0007115420303,0,0,0.001789388363,4.546125274e-05,0.00146223756,0.007967495359,0.004260099493,0.0004756770795,7.983365504e-05,0,0.000886909198,0.0001546331187,0,0,0,0.0001970778685,0,0.0006416578544,0,0,0.002194914501,0.0003559805336,0.002193813212,0.0001523026294,0.0003138067841
59,0.001572285895,0.003167754505,0.0006362356944,0.00833930634,0.007701195776,0.001767563517,0,0.01269766781,0.0006658058846,0.000249535311,0.00106297317,0.0006808417384,0.5478954315,0.6133772731,0.0107617015,0.3064368963,0.04285697639,0.05716959387,0.06327316165,0.06945056468,0.06220663711,0.06207177415,0.06252146512,0.04710232466,0.04296004027,0.05358046293,0.03891345114,0.06886472553,0.06252525747,0.06758349389,0.06768219918,0.07885545492,0.08258726448,0.06632038206,0.05177202821,0.06142316386,0.06053297222,0.02392280847,0.02752360888,0.03555689007,0.03758840635,0.02438986115,0.004036131315,0.3144875467,0.09262845665,0.01378401928,0.1039947346,0.09076187015,0.0298884213,0.02756493725,0.04484180734,0.0003700011002,4.297276973e-05,0.000235318701,0.0001250881178,0.0001853255671,0.0001387060038,0.0001304484467,0,0.005222396925,1.047570277e-05,0.0004692331422,0.002716752002,0.0001439600164,0.0001412202546,6.742084952e-05,0.0007451934507,0.0001858599717,0.000365599175,1.340304607e-06,1.718809472e-05,0.0183708705,0.8774648905,0.000538250315,0.002598849358,0.001850984525,0.0006778193056,0.0005134671228,0.0003786207235,2.491774649e-05,4.869731129e-05,0.001240287093,0.005900602788,0.1240574718,0.2630462348,0.003818478668,0.005832344294,0.0002813844476,0.001413652673,0.0006397376419,0.0002934985096,0.00451348396,0.001029367326,0.01049428154,0.002380952472,0.002380952472,0.001132415608,0,0.001395146828,0,0.003738253145,0.002521127462,0.0001836474548,0,3.483213368e-05,9.373033208e-06,0.0002636607387,2.742760444e-05,0.0006273605395,0,0.001059726579,0,0.0001014608497,7.284668391e-05,5.840440645e-05,0.000165325866,8.261021139e-05,0.0003045443154,0.001193946111,0.0002374286851,5.182707537e-05,8.485919352e-06,6.022453454e-05,0.00196777517,0.008153492585,9.089455853e-05,0.0001995524508,9.516696446e-05,0.002191691194,1.81525229e-05,0.0009379570838,0,0,0.0001600926917,0.002632356249,0.0006443796447,0.0003345702717,0.001339078182,0.001257939381,0.0004023281508,0.0006941268221,0.0009166122763,0.0002732954745
60,0.006361582316,0.008865382522,0.01788618602,0.04310366139,0.009320583194,0.03211089224,0.04010492563,0.05700260401,0.03345981613,0.009956351481,0.03368249908,0.01213014964,0.5615009069,0.7103050947,0.1599034667,0.3528527915,0.05030304939,0.03093692288,0.04651271552,0.06152080745,0.04703511298,0.04029202461,0.02601023205,0.009875092655,0.01249967609,0.037716344,0.05332992226,0.07073570788,0.07502504438,0.09587611258,0.08656703681,0.09432600439,0.06676840037,0.02718579024,0.04539710283,0.07457759231,0.01967141591,0.001056885114,0.004761904944,0.002380952472,0.007904684171,0.004761904944,0.001033824054,0.1677729934,0.02828787081,0.0004446423554,0.02783432603,0.07783411443,0.03330505639,0.0004642138956,0.004905917682,0.002469840227,0.001709004166,0.001142042223,0.0006113320123,0.0003977771848,0.0008840484661,0.001973748906,0.005222396925,0,0.0008142196457,0.001008534455,0.0003840086283,0.002401328646,0.0008350446005,0.0006332344492,0.0003669065773,0.00360299903,0.01275585126,0.002437700052,0.0006646665279,0.1228235289,0.8197276592,0.00123638846,0.0002475735382,0.01903337054,0.001228299923,0.0005172924139,0.0006542953779,0.009315659292,0.002796427347,0.002126931213,0.0001823746279,0.04180910811,0.3507264555,0.003253394505,0.06518959254,0.004153817892,0.04107255116,0.002012133365,0.0007056035101,0.0171335116,0.01157654356,0.009212185629,0.0003259108053,0.008315207437,0.001699405257,0.001711173798,0.006934456527,0.002377335681,0.004037178122,0.005179114174,0.006385317072,0,0,0,0.001962952781,0.001079957816,0.005032536574,0,0.007581929211,0,0.01005243696,0.005628392566,0.0005759527558,0.0008053221391,0.002073308686,0.01217385102,0.0005661974428,0.002146808896,0.002633009106,0.004035274498,0.0003505478089,0.02116706409,0.02025568485,0.00481037749,0.003997913096,0.001599663752,0.005914502777,0.003853533883,0.006283615716,0.004724524915,0.003128414275,0.002881467342,0.0004848529352,0.0009474182734,0.008047019131,0.01227910537,0.001064994722,0.0007914860034,0,0.004289681558,0.00521404855
61,0.0009002065053,0.001431560609,0.002851546276,0.003840102348,3.580897828e-05,0,0,0.008137216792,0.001913738321,0.001040475094,0.001563409693,0.0004672747455,0.6144371629,0.3147038221,0.009523809887,0.355447948,0.01348267868,0.01164247654,0.02236107551,0.02179947495,0.01348502096,0.01853663847,0.005703552626,0.007142857648,0.002380952472,0.005681809038,0.03577252105,0.03047162294,0.02915255167,0.04970182478,0.05898404494,0.05232061818,0.02240371145,0.0255802013,0.02356129698,0.04127033055,0.01463692728,0,0,0.002380952472,0,0,0,0.2435351014,0.04002765194,0.004944764078,0.03762612119,0.03860164434,0.01766055077,0.0100212805,0.008813174441,0.0001441215281,0,0,4.13765747e-07,0,2.289442875e-07,1.327751193e-06,1.047570277e-05,0.0008142196457,0,9.797212215e-07,8.88761133e-05,3.56880264e-05,4.044450179e-06,2.410563866e-05,0.0005564794992,1.439231369e-06,0.0002127965708,0,0.0008639371954,0.01225525141,0.8304831982,3.08336007e-06,3.927834041e-05,0.003339537885,0,0.0003531495749,3.514920536e-05,7.349206862e-05,0,0.0007592137554,0.0002956269018,0.07211408764,0.2935025692,0.002202158328,0.005922846962,0.0001023004152,0.002380952472,0.001130837481,0,0.007142857648,0.002380952472,0.002380952472,0,0,0,0,0,0,0,0,0,0,0,0,0,0,0,0,0.0004573563638,0,0.0001121376918,2.838905675e-05,0,0,0,0,0,0,0,0,0.0002260414185,0,0.002380952472,0,0,0,5.448327647e-05,0,0,0,0,0,0,0,0,0,0,0,0,0,0
62,0.001366792363,0.001763021457,0.0004127611755,0.006402561441,0,0.004973355681,0,0.00350939692,0.007060405798,0.001108025084,0.009388009086,0.001766622532,0.4653733969,0.6076749563,0.03077254631,0.3410944045,0.0203119237,0.02881653607,0.01468259003,0.04209155589,0.04123595729,0.03419556096,0.01657624356,0.01118785888,0.01519498229,0.02022062987,0.05407072604,0.06483217329,0.06567977369,0.07896338403,0.07761563361,0.05936582759,0.04082931578,0.01510217972,0.04776855931,0.04571661353,0.01548204012,0.002380952472,0.002380952472,0.004761904944,0.002380952472,0.002380952472,0,0.25314942,0.06981399655,0.005587801803,0.05322445557,0.0570063889,0.03032728285,0.002741893753,0.01570783556,0.0008137518307,3.484808985e-05,0,2.855853381e-06,2.319220948e-05,3.238152567e-05,4.751673714e-06,0.0004692331422,0.001008534455,9.797212215e-07,0,1.658938345e-05,0.0001313139364,1.646794772e-05,7.343485777e-05,0.000615369936,1.355196036e-05,0.00178356492,6.0269198e-05,0.0001288064814,0.02736098692,0.8737879992,3.882244528e-06,1.946788143e-05,0.003401076887,4.047074253e-05,0,6.296532229e-05,0.0009454592946,0,0.000868567382,0.0001220260092,0.11032217,0.2717870772,0.002584019909,0.02947448008,0.0001193560893,0.002648920985,0.0002866034629,8.593904568e-06,0.01135656983,0.003324386198,0.003704070579,0,0,0.0001004719015,0.0002485796285,0,0,0.0004941284424,0.001153795514,3.289456799e-05,0,0,0,0,0.0004459903575,0,0,0.0001474262826,0,6.142852362e-05,0,0,0.0006471413653,0,0,0,0,0,5.354224777e-05,0.0007911187713,0.002380952239,0.001085601747,0,0.0001781868195,0,0.0004329450894,8.805179823e-05,5.386439443e-05,0,0,0,0,0,0,0.0008656952414,0,0,0,0.0007229464827,0.00052165956
63,0.0009986719815,0.005268457811,0.001060209703,0.01697032712,0.0008882181719,0.004194642883,0.0145380646,0.00651204912,0.01678625494,0.01055959705,0.03228361905,0.00631928863,0.4445442855,0.7338371873,0.1715120673,0.3593315184,0.04907142743,0.08362335712,0.07613961399,0.1029339954,0.08165922761,0.06662619114,0.05089072511,0.03662205115,0.03716070578,0.07248848677,0.05947070569,0.1043073237,0.08479326963,0.09623858333,0.09369433671,0.1040804386,0.0836821124,0.07276850194,0.07990048081,0.08827871829,0.06409978867,0.02063189819,0.01190476213,0.02062989771,0.03003895283,0.01904761977,0.002380952472,0.2181640118,0.023077555,0.002361652208,0.02289285883,0.03333075717,0.002364545595,0.0001738468709,0.00054600765,0.0006402858999,0.0002364144893,0.0004810206883,0.0005070695188,0.0005453532794,0.000722634315,0.0003401818394,0.002716752002,0.0003840086283,8.88761133e-05,1.658938345e-05,0,0.0001038251939,0.001274005393,0.000482445641,0.003330079839,0.001285956358,0.0142966602,0.001244620304,0.0006482487661,0.1976280063,0.908270359,0.0007887681713,7.891369023e-05,0.04911959544,0.003224982182,0.002225808566,0.001282165875,0.001157373656,0.001823659288,0.0001209535112,0.004561969545,0.1614162326,0.2771033943,0.004409422167,0.1101349518,0.01025013532,0.04199095815,0.003565249033,0.0006550765247,0.0005146265612,0.000848742784,0.002426494379,0.0001826064399,0.0001974167244,0.0002258679451,0.0002052582277,0.0002888677118,0.0001995311904,0.0002226819925,0.0001714044483,0.00035426463,0.0008177772397,0,0,0.001142325695,0.001267536776,0.00020063587,0,0.0003532090923,0,0.0004426563974,0.0007021229248,0,0.001181443804,0.0007874823059,0.0005326056271,0.003548150649,0.001009150641,0.000115767667,0.000819420442,0.001219505095,0.01590014994,0.001626957208,0.0003205327084,0.0004231647472,0.0003515297722,0.0003654215834,0.0007455340237,0.0002217027795,0.0003113274288,5.988273915e-05,0.0002566872572,5.168282951e-05,0.0003855960967,0.00382775208,0.002467161277,0.001046651509,0.0005747168907,9.532582044e-05,0.0001845664665,0.0003283176047
64,0.0004918338964,0.002646096749,0.0004422684433,0.01043130737,0.0003850964422,0.0005985847674,0.001272893976,0.003620229894,0.003025667742,0.001849258901,0.008445098996,0.002083862433,0.5357322693,0.722409904,0.06588124484,0.3457319736,0.04776742309,0.0841871649,0.07815425843,0.0880843997,0.0733346045,0.06256125867,0.05175801367,0.04632738233,0.03826207295,0.0608042106,0.04890811443,0.08250765502,0.08067010343,0.07882232964,0.08170281351,0.09332767874,0.1048661321,0.09106253833,0.07366909087,0.07563758641,0.07800825685,0.01724114642,0.01364806574,0.04507022351,0.01461431198,0.0166497957,0.002380952472,0.2974919975,0.09424764663,0.009661952034,0.07162408531,0.1016985998,0.009832278825,0.004951616749,0.008101180196,0.0002274192666,0.0001673173247,0.0003036030103,0.0003504376509,0.0001590849133,0.0005173184909,5.792105367e-05,0.0001439600164,0.002401328646,3.56880264e-05,0.0001313139364,0.0001038251939,0,0.0003628099512,0.000195247776,0.001113826875,0.000358642661,0.003780166386,1.024589324e-06,3.14986064e-05,0.09103213996,0.9187216163,0.0002572700905,0.0006326750736,0.01418081205,0.0007744817995,0.001287059276,0.0004246694443,9.128900274e-05,7.11068933e-05,0.0001079048452,0.002878975356,0.1456529796,0.2249722332,0.002334700665,0.06824925542,0.001692377729,0.004191543907,0.0002710864355,0.0002078047401,0.001898348797,0.0002618930303,0.002479576971,0.0001669806807,0,0.000344914879,0.0006445398903,0.0007892117719,0.0001322315511,0.0004429309047,0.0006962559419,1.301722477e-05,0.0001151038086,0,0,0.001115777064,7.9660138e-05,2.300593042e-05,2.013753874e-05,7.871811977e-05,0,6.692583702e-05,7.221257692e-05,0,0.0005092411302,3.285075582e-05,0.0001178901512,0,0.0007581413956,0,3.110065518e-05,0.0002026831935,0.007046030369,0.000606073474,0.000137040508,1.048298873e-05,0.0007993944455,0.0002190071827,8.556975081e-05,8.821676602e-05,9.963000048e-05,3.015832226e-05,6.892981037e-05,0.000669249217,0.001361417817,0.0006025591865,0,0.0008051818004,5.54287144e-05,0,0.0002434232738,8.573634113e-05
65,0.0001452580618,0.0001040510178,0.0003020901931,0.0002858747903,0.003268878441,0.004761904944,0.004710232373,0.004780070391,0.001629248727,3.160146298e-05,0.001054927823,0.0002250424877,0.3213415742,0.5265675783,0.04566516727,0.101163432,0.0024031254,0.001685009338,0.003385572927,0.0118562337,0.004409180954,0.00555671379,0.003780653467,0.002972535789,0,0.003771858755,0.01147913188,0.01241055038,0.01784049161,0.0220063813,0.02502794378,0.02031731047,0.01401770487,0.01437824965,0.003919870593,0.01610889472,0.00412984984,0,0,0.004761904944,0.002380952472,0.002380952472,0,0.278444171,0.1120518968,0.003437957494,0.06525615603,0.1205754355,0.05216987431,0.01291302778,0.02356381714,0.0009873160161,5.717384192e-05,5.7056277e-06,6.884238246e-06,1.731008888e-05,1.633896136e-05,4.970020018e-05,0.0001412202546,0.0008350446005,4.044450179e-06,1.646794772e-05,0.001274005393,0.0003628099512,0,3.373334721e-06,0.0006866276381,7.320735313e-05,0.0002170296502,4.331524542e-05,0,0.05020537227,0.8317959905,7.996956265e-05,0.0001961923554,0.0003775739751,2.941970024e-06,0,3.192196345e-06,0.001101558679,5.145037903e-06,0.002613887889,0.000409077009,0.07256882638,0.3930887878,0.001993570942,0.005174943712,5.796277947e-06,0.00138077524,5.036415132e-06,4.117258868e-06,0.006982006598,0.002143645659,0.001273778267,0,0.002380952472,0.002380952472,0,0,0,0.0002945439774,0.0006810876657,0.0001145804054,0,0,0,0,7.129317055e-06,0.0003350230982,0,0.002498855814,0,0.0001225863525,0,0,2.392148645e-06,0,0.0007765551563,0,0,0,0,0,0.002380952472,0.002849147655,0.00026244935,0,0,0.002821695991,0.0003551270347,0.001496582991,0,0,0.0001519485668,0,0,0,0.0001402631606,0,0,0,0.002380952472,0.001655365573
66,0.0004650196934,0.0003960475442,0.0002218928566,0.001403049449,0.001587753417,0.002380952472,0,0.00278777699,0.0002829760197,7.548870781e-05,0.0003124216746,0.0001535720949,0.2166857272,0.3873302341,0.01325344946,0.09469857067,0.006842558272,0.01613301411,0.01349651907,0.01364183333,0.01237258688,0.009346236475,0.01362517849,0.003842270235,0.01286961138,0.009089027531,0.009551557712,0.0203700345,0.02113249712,0.02058759518,0.01802827045,0.02096764371,0.02169756778,0.01764887944,0.01089693885,0.01424179599,0.01270360313,0.002839728259,0.005303529091,0.006421527825,0.009485792369,0.00231400365,0,0.2244119644,0.06017527729,0.001746246126,0.06876944005,0.04975194111,0.02604212239,0.003227428533,0.01311995275,0.001419174601,3.66021377e-05,0,1.00396046e-05,5.017282092e-06,2.216607209e-05,0.0003313400957,6.742084952e-05,0.0006332344492,2.410563866e-05,7.343485777e-05,0.000482445641,0.000195247776,3.373334721e-06,0,0.001892630011,0.000482148811,0.0002079981787,1.880591662e-05,5.970981874e-06,0.02849948779,0.8273712993,0.0002945452288,0.0002022840927,0.0004132625763,8.287394849e-06,2.176387352e-05,7.773018297e-06,0.0004876070889,1.574182716e-05,0.001784540946,0.000802498078,0.09029331803,0.3542128205,0.004617499188,0.006919943262,9.075183334e-05,0.0004760799929,2.540194328e-05,2.942465017e-06,0.01076011453,0.0004253597581,0.009824687615,0,0,0,0,0.002380952239,0,0.0008055512444,0.001407224219,0.0003376401728,0,0,0,9.32767507e-05,4.068208727e-05,0.0004556883359,0,0.0004798947193,0,0,0.0001399513858,0,1.578718184e-05,0,0,0,0.0001167850787,3.409916872e-06,3.618073606e-05,2.508067382e-06,0,0.0031222424,0,6.014246537e-05,0,0.0008353423909,0.0001613494969,0,0,0,0.0008664265042,0,0.001778644859,0.001480728737,0,4.236914174e-05,3.345730511e-05,1.608279126e-05,0.001663964009,0.0003801053681
67,0.007926532067,0.002380952472,0.01218478475,0.01623459347,0.001787811168,0.01686061546,0.01063540392,0.01873779111,0.06210231408,0.00794209633,0.01477178745,0.008269834332,0.6272260547,0.5908252597,0.08786114305,0.3565719426,0.01081475429,0.002380952472,0.01190476213,0.01993991435,0.008254040033,0,0,0.002380952472,0.004761904944,0.002380952472,0.03195868433,0.01178969629,0.02653684281,0.04906082898,0.05320777744,0.02706497908,0.01190476213,0.002380952239,0.01374702156,0.02778605372,0.002380952472,0,0,0.002380952472,0,0.002380952472,0,0.3664273322,0.1260784417,0.01216975227,0.04543376341,0.09037613124,0.05264792964,0.01462174952,0.01457976829,0.0002941083803,0.0001778820151,0.0001493802265,0.001429799013,0.00196584221,0.001154159079,0.001513280906,0.0007451934507,0.0003669065773,0.0005564794992,0.000615369936,0.003330079839,0.001113826875,0.0006866276381,0.001892630011,0,0.0001121594032,0.007489117328,0.0001919611968,0.0003571946872,0.0891449973,0.9027233124,0.0001720656146,0.0008886803989,0.00792276673,0.0007553437026,0.001433299039,0.001659360831,0.004358618986,0.000375206786,0.003534503514,8.873813204e-05,0.06095611304,0.2464164048,0.0003184772213,0.0286816489,0.001020294148,0.01857064106,0.0007183946436,0.0005799471401,0.007497215644,0.003056119662,0.002380952472,0.002226645593,0.002380952472,0.01301819738,0.002115017502,0.01455205772,0.001656662324,0.01098242868,0.00355819473,0.001209393144,0.000620727893,0,0,0.0001977261563,0.0007395312423,0.004234923981,0,0.004663126078,0,0.003435003106,0.001876533614,0,0,0,0.00516063394,0,0,0.001078134635,0.0008759617922,0.0006159319892,0.009523809887,0.005765923299,0.002902474953,0.00516704889,0,0.006728621665,0.001003169687,0.007450207137,0,0.001354083302,0.004147023894,0.002380952239,0.001979673747,0,0.0004690163478,0,0.002380952472,0.00044306161,0.007359905168,0.003013073001
68,0.001205797889,0.0005381440278,0.0009587252862,0.007574132644,0.002391463146,0.009357657284,0.006262855139,0.006568377838,0.006492238492,0.0009616697207,0.002100869315,0.001362393959,0.6474158168,0.5850071311,0.04228031635,0.3634256721,0.03639677912,0.03308862075,0.03992409632,0.04987629503,0.0583280921,0.01949561574,0.01666666754,0.009368402883,0.004837402608,0.02364627644,0.04922816157,0.05034938455,0.05857366696,0.07913435996,0.0760845691,0.08274573088,0.05842390656,0.03984889388,0.03062335029,0.05427528918,0.01266575232,0,0.007142857648,0.004761904944,0,0.001256666961,0,0.3751134276,0.1157476902,0.01893186569,0.05928532034,0.08708113432,0.04470245168,0.02041318081,0.01542572118,6.20937135e-05,2.173470193e-06,5.519669685e-06,2.089462578e-05,0.0007726644981,0.0001467548718,6.001075963e-05,0.0001858599717,0.00360299903,1.439231369e-06,1.355196036e-05,0.001285956358,0.000358642661,7.320735313e-05,0.000482148811,0.0001121594032,0,0.0006616824539,9.607712127e-05,9.330634202e-05,0.04616606608,0.909894824,5.743336442e-05,0.001612262102,0.001468810602,0.0002098321711,0.0001289011707,0.0004458891635,0.0002619009465,4.14577371e-05,0.001811877242,0.0007594585768,0.09745464474,0.2325928062,0.0008177920827,0.006579626352,8.361255459e-05,0.001193821663,1.484077529e-05,0.0004380964383,0.007028299384,0.003498822916,0.003918461036,0,0,0,0,0.005735586397,0.002380952472,0.002834548708,0.009194889106,0.0001658535621,0,0,0,0,6.759246753e-05,0.0002562174632,0,0.0008317606407,0,0.0005380879738,0.0001205327062,0,0.0004682115105,0,0.0006240136572,0,0,0,0,0,0.004761904944,0.01518407185,0.002265927615,0.0006607237738,0,0.001990231918,0.000435642607,0.002380952239,0.0007333366084,0.0008837250643,0.0007981844828,0,0.0006169980043,0.0009646349936,0,0,0,0,0.00266549876,0.0008379654028
69,0.02011709101,0.00181254372,0.01771939918,0.009763931856,0.03881322965,0.03974954039,0.00779451523,0.03525727615,0.02376667969,0.0008691109251,0.003305115504,0.002764140489,0.5075708032,0.7277418971,0.0568921417,0.2405434698,0.01628988236,0.01120248064,0.01495171338,0.04982490093,0.02967408858,0.01432536542,0.01190476213,0.006140179932,0.00643340731,0.03058810532,0.04263726249,0.04408178851,0.05947131291,0.07271553576,0.06603827327,0.06612882018,0.03190140054,0.01851989329,0.03683881834,0.04918659478,0.01641182601,0.004761904944,0.005780638196,0.002380952472,0,0.002380952472,0,0.2830378711,0.07038746774,0.02803108469,0.02986188792,0.05961407349,0.05909448862,0.017327426,0.01979541592,0.003969508223,5.803153545e-05,2.401924394e-05,0.0005455983919,0.001567025902,0.0002181611198,0.000517825596,0.000365599175,0.01275585126,0.0002127965708,0.00178356492,0.0142966602,0.003780166386,0.0002170296502,0.0002079981787,0.007489117328,0.0006616824539,0,0.00122023141,0.0001119633671,0.01433262508,0.750028193,0.002226067707,0.01409774926,0.001465949579,0.0007765388,0.0004643006832,0.001198762679,0.01993283629,7.92177525e-05,0.02515041828,0.01139108464,0.2547475696,0.4930074215,0.01967936754,0.002335023135,5.058965326e-05,0.005167500582,8.970546332e-05,0.000160364667,0.02687656693,0.02660538629,0.03538266197,0.03536406904,0.04427183419,0.04343252629,0.04560073093,0.0452116318,0.03970388696,0.04837134108,0.04590009525,0.02549425885,0.01453102008,0.006095229182,0.001860057935,0.003586625447,0.001769937808,0.0370083712,0.004942727275,0.03843067586,0.006191835273,0.02486687526,0.01160348952,0.0008716091979,0.0009514308767,0.009888653643,0.0289610941,0.0005583267775,0.0003985249787,0.0005439850502,0.003648432437,0.0003661461524,0.0230687391,0.03556033224,0.03035414591,0.02770381607,0.0002105728636,0.04049509764,0.01896318235,0.03261170536,0.01405779552,0.01578935795,0.03300212696,0.01961334422,0.0004226657038,0.002354674507,0.002464384306,0.0002084555163,0.0006559684407,0.0002054368961,0.03281408921,0.0283626616
70,0.0001872018474,4.391755647e-05,7.699953858e-05,0.001343243057,0,0,0,0.0005812649033,0.001026227139,0.0003402810544,0.003438669257,0.0005070564221,0.4895624518,0.2992284,0.00327850203,0.2789780796,0.008123790845,0.009864933789,0.01319983602,0.03273051605,0.01530273445,0.01207914855,0.0142857153,0.003432750236,0.01028945856,0.01267236937,0.0283187516,0.03163538501,0.03932108358,0.06575437635,0.04032757506,0.04013125598,0.03666220605,0.01636627875,0.02039681748,0.0344488211,0.01190476213,0.002380952472,0.002380952472,0,0.002380952472,0,0,0.2961605191,0.03095555492,0.008460939862,0.0186921861,0.01935300417,0.007894206792,0.008769680746,0.01126344595,0.0001422080531,0,0,0,0,0.0002910061739,6.023011883e-05,1.340304607e-06,0.002437700052,0,6.0269198e-05,0.001244620304,1.024589324e-06,4.331524542e-05,1.880591662e-05,0.0001919611968,9.607712127e-05,0.00122023141,0,1.414136932e-06,0.003731896169,0.8046082854,0.0001902122312,0.003622901393,0.0004146779829,0,0,8.093117503e-05,0,0,1.655677988e-05,0.004051831551,0.1225183234,0.1841383874,0.001242102473,0.01015248708,0.0001657001849,4.352566975e-05,1.258389511e-05,0,0.0003661321825,4.366631401e-06,0,0,0,0,0,0,0,0,0.0007126324344,2.253215462e-05,0,0,0,3.558583921e-05,1.086639259e-05,0,0,0,0,6.890394434e-05,3.474384357e-05,0,9.266446432e-05,1.593724664e-05,0,0,0.0006150034023,0,0,0,0,0.000948285393,0,0,0,0,0,0,0,0,0,0,0,0,0,0,0,0,0,0
71,4.511318184e-05,0.0001030755229,2.569921526e-05,3.902017852e-05,0.0003813039511,0,0,0.0006137591554,0.0001111901729,4.228977559e-05,0.0002029407624,6.823526928e-05,0.1671194583,0.298853159,0.003277158365,0.04676653445,0.001920129405,0.003887327388,0.004447653424,0.004754961934,0.004532815889,0.003850938752,0.001703638467,0.006680622231,0.002348183189,0.003970132675,0.003765168134,0.015749624,0.01061522868,0.009266253561,0.008871720172,0.008412548341,0.00740636792,0.01124812383,0.004286400974,0.006488642655,0.004687228706,0,0.0006124777137,0,0.0007731856895,0.002380952472,0,0.3474455774,0.05351250991,0.005840879399,0.04642537236,0.0432652235,0.0005239845486,0.01409726217,0.005412979051,0.0007659881376,0.0006024262984,1.467955826e-05,7.177271618e-05,3.160688357e-05,0.0003346607555,0.0004750135122,1.718809472e-05,0.0006646665279,0.0008639371954,0.0001288064814,0.0006482487661,3.14986064e-05,0,5.970981874e-06,0.0003571946872,9.330634202e-05,0.0001119633671,1.414136932e-06,0,0.002248730743,0.8841770291,0.0002677326556,0.0004125910345,0.0002042300766,4.611106124e-05,8.898908163e-06,0,8.952662938e-06,1.057158343e-07,5.931539999e-05,0.00104134751,0.07827819884,0.372871995,0.002431333996,0.001979654888,0,5.789791885e-06,5.711513609e-07,1.739344384e-06,2.974168274e-05,1.493005129e-06,0,0,0,0,0,0,0,0.0002082804713,0,0.0005013482878,0,0,0,0,2.87906073e-06,0,0,0,0,0,1.633674037e-05,0,0,0.0004088443238,0,0,0,0,0,4.479232416e-07,0,0.001325993449,0,0,0,0.0001481495565,0,0.0003086942015,0,0,0.0001523277315,0,2.683187813e-05,0,0,0,0,0,0,0.0002333644516
72,0.01157149952,0.0001398575841,0.001814568066,0.004581845831,0.03081907146,0.007300296333,0.0001645550074,0.01171360631,0.1272992939,0.0001616077061,0.000423531048,0.006399661768,0.4712249637,0.2198520005,8.45679242e-05,0.1312560886,0.0068282336,0,0.005734450184,0.01510334201,0.009523809887,0,0,0.002380952472,0.001015907037,0.009523809887,0.0697606504,0.01190476213,0.03765374795,0.0416781567,0.03772477061,0.05294867605,0.02294221707,0.002380952472,0.02651429549,0.03149748594,0,0,0,0.004761904944,0.004761904944,0,0,0.4054448307,0.1556926966,0.1684565693,0.1408166587,0.1711646169,0.1243988872,0.1616499573,0.1817869395,0.1017027646,0.008691300638,0.006053153891,0.03227791935,0.02936330624,0.02227755077,0.05647194386,0.0183708705,0.1228235289,0.01225525141,0.02736098692,0.1976280063,0.09103213996,0.05020537227,0.02849948779,0.0891449973,0.04616606608,0.01433262508,0.003731896169,0.002248730743,0,0.8109731078,0.07840105891,0.1548996568,0.0001756271668,0.00854977034,0.003503039246,0.04257013276,0.01269953791,6.376518286e-05,0.09199596941,0.08740840852,0.4446756542,0.7485349774,0.11622601,0.001706004725,0.001593496883,6.962570478e-05,0.000176773392,0.009668178856,0.0187290851,0.01130165067,0.009056494571,0.02289825492,0.008218577132,0.02770824172,0.02403677255,0.02203186229,0.01804778166,0.06132019684,0.06660465896,0.03331644833,0.002380952472,0,0,0.001088810386,0.01438437961,0.04433502629,0.002380952472,0.1364883184,0.002380952239,0.08479711413,0.05513712019,0.002380952239,0.003751841374,0.0126768453,0.02322723158,0.0006152005517,0,0.0002262335038,0.003986790311,0.007383519784,0.0001125366107,0.01097878907,0.01844183914,0.03234700486,0,0.07154727727,0.004073275253,0.03061850369,0.01226031687,0.002380952472,0.02720120922,0.0001078032365,8.00673206e-06,0.0001138641601,8.507967141e-05,9.593391587e-05,0.003406424075,0.0002293189609,0.01086680591,0.0124726519
73,0.9235833883,0.6547945738,0.9334406257,0.8030834794,0.9573833346,0.8129751682,0.6955297589,0.9131872058,0.9868853092,0.8995794058,0.9574019313,0.917971611,0.9968316555,0.9991232157,0.947016716,0.9886823297,0.436827749,0.2736563385,0.3448672891,0.3977659345,0.3957991898,0.287520349,0.1476852,0.07229224592,0.175204441,0.3112445176,0.8892727494,0.6376572847,0.7463848591,0.8176371455,0.8144629598,0.7309402227,0.4870318174,0.4002515078,0.6852024198,0.7501180172,0.2545362413,0.05527086928,0.04523809627,0.1190476269,0.05238095298,0.04695078731,0.0142857153,0.9673818946,0.9503189921,0.6798870564,0.9226800203,0.9473308325,0.9789789915,0.9094050527,0.9385466576,0.9537678957,0.902346909,0.8539984822,0.8154219389,0.8159554005,0.8214886189,0.8653015494,0.8774648905,0.8197276592,0.8304831982,0.8737879992,0.908270359,0.9187216163,0.8317959905,0.8273712993,0.9027233124,0.909894824,0.750028193,0.8046082854,0.8841770291,0.8109731078,0,0.8710498214,0.841624558,0.8734801412,0.8449168801,0.8272396326,0.8264585733,0.952088356,0.9414884448,0.9475261569,0.8353469968,0.9176568985,0.9970127344,0.9671396613,0.7999461889,0.8662390709,0.8627470136,0.8777265549,0.8406267762,0.9853357077,0.9706064463,0.8700344563,0.8914995193,0.902598083,0.9025708437,0.9209018946,0.9524192214,0.7204114199,0.929308176,0.9419887066,0.8637056947,0.3912282884,0.322239846,0.3668186069,0.5736884475,0.8651158214,0.7980146408,0.280852586,0.9190219045,0.2257346064,0.9240976572,0.9232694507,0.5435037613,0.7954784632,0.6451665759,0.8818780184,0.3545067608,0.4796619713,0.7404838204,0.7653205991,0.7981083989,0.5378661752,0.8997556567,0.7957633138,0.7452304959,0.5138408542,0.919167161,0.8295279741,0.9070473909,0.6264156699,0.3683472872,0.8414332867,0.4490716755,0.523204267,0.6389151812,0.5778968334,0.8192439675,0.6866342425,0.6593405008,0.9354980588,0.9190702438
74,0.0005144487368,0.002221940551,0.0008756740717,0.0119053619,0.003374021268,0.006740305107,0.01510380208,0.01202313043,0.01505236793,0.001281423378,0.01033348776,0.003950026818,0.5314147472,0.6526536942,0.06960725784,0.3299356401,0.02751635388,0.0142857153,0.02560352162,0.03645468876,0.02150953189,0.01485997345,0.002380952472,0.004998420831,0.01057953667,0.01281362958,0.03794278204,0.03859496489,0.05747934803,0.08647126704,0.05021382496,0.04507556185,0.04146662354,0.01606755517,0.03824417293,0.03287987784,0.005572569557,0,0,0.004761904944,0,0.004761904944,0,0.3571237624,0.1646267027,0.01124314126,0.0832266286,0.1233716309,0.05725438893,0.02136162296,0.03056078218,0.0005468178424,8.014855666e-06,1.286688894e-05,6.62884122e-05,0.0001522289385,9.242998203e-05,6.009570279e-05,0.000538250315,0.00123638846,3.08336007e-06,3.882244528e-06,0.0007887681713,0.0002572700905,7.996956265e-05,0.0002945452288,0.0001720656146,5.743336442e-05,0.002226067707,0.0001902122312,0.0002677326556,0.07840105891,0.8710498214,0,0.0001218242032,0.001835736446,0.0001073437452,0.0002883176785,0.0002042374399,0.0008378424682,0.0002539245179,0.003189063165,8.586310287e-05,0.07381076366,0.3296534121,0.001102906652,0.01875751279,0.0002985217143,0.009892909788,0.0002533439256,0.0002826635027,0.009913793765,0.0012218724,0.003095594235,0,0.001208987553,0.004761904944,0.004567466211,0.008464127779,0.002845312934,0.008358672261,0.00786663685,0.0004692680377,0.001253338298,0,0,0.000329652481,6.524136552e-05,0.002327173715,0.002380952472,0.0009546133224,0,0.0003415448882,0.0002346902475,0.0004226244055,0,1.582513505e-05,0.001513480442,0,0.0001936660992,0,0.0001064961034,0.0001750703959,0.007142857648,0.004350878764,0.0003456783306,0.0008733973955,0,0.007715263404,0.001288102125,0.0004075254255,2.796827357e-05,0,1.503665499e-05,0.001180623309,0,0,0.002639043378,0.0001551242021,0.0001785000204,0,0.005713110324,0.0003123683273
75,0.002000065986,0.007297017612,0.005392516963,0.02930378169,0.002934897086,0.01403168403,0.01770159043,0.02739435993,0.02296424657,0.004132757895,0.03062944487,0.005314992275,0.4616903067,0.7163460255,0.1900734156,0.3435512781,0.0506981127,0.04823753983,0.05502767488,0.05862990394,0.05254236609,0.0634207353,0.02700203285,0.01336743962,0.01903942227,0.04104260355,0.05762765557,0.070861727,0.0667231828,0.09800698608,0.08805190027,0.07926664501,0.08161227405,0.04305721074,0.06287261099,0.0760275647,0.02784515917,0.004761904478,0.01190476213,0.01399700437,0.005619745236,0.007142857648,0.002380952472,0.2382842004,0.09387048334,0.00224806089,0.07453589886,0.1161479726,0.04356764257,0.004298447631,0.01092493813,0.001435263199,0.0006589510594,0.0001899412891,0.0001253140945,6.487067003e-05,0.0002290008124,0.0003879724245,0.002598849358,0.0002475735382,3.927834041e-05,1.946788143e-05,7.891369023e-05,0.0006326750736,0.0001961923554,0.0002022840927,0.0008886803989,0.001612262102,0.01409774926,0.003622901393,0.0004125910345,0.1548996568,0.841624558,0.0001218242032,0,0.01630242541,0.0004493959714,0.0003370550985,0.0002525664167,0.004312771372,4.353199256e-05,0.001566320891,0.0001316128037,0.08547941595,0.3203100562,0.003940442111,0.07744418085,0.001836155192,0.05416112021,0.0009468017379,9.770530596e-05,0.007487195078,0.004622714128,0.00616290234,0.0004403411003,0.0001266493491,0.001852585236,0.005259785801,0.00376832718,9.839196537e-06,0.003091097111,0.002931272844,0.001778703183,0,0.0008340096683,0.0001687692566,0.002851974219,0.001020269934,0.00349709671,0.002380952239,0.001632572152,0.0002403025137,0.00187260774,0.001550055691,0,0.0004591929901,0.001024298836,0.0004882189096,0,0,0.00170466362,0.0008203120669,0.0003673713654,0.01665972546,0.005841353443,0.0009793557692,0.000367060944,0,0.001523288316,0.001303703524,0.005812858697,0.002679158701,0.0002812778985,0.002138577634,0.002861661371,0.0001918388443,0.007724542171,0.003055125009,0.0006448117783,0,0,0.001057791291,0.001863831654
76,0.001323592965,5.607768344e-06,0.0003452586825,0.0008617222193,0.02548574097,0.0285861548,0,0.006067617331,0.00251406827,7.164041108e-06,0.0001476860925,0.0002348908311,0.3719083071,0.2948755324,0.0001304043981,0.01609907858,0,0,0.0004368240479,0.0004215076042,0.003969441168,0.002224278171,0.002985975938,0,0,0,0.001668147743,0.002380952472,0.005838132463,0.002363167005,0.005310390145,0.0043269163,0,0.001004821155,0.0005814967444,0.003016300499,0.002380952472,0,0,0,0,0,0,0.3195321262,0.1365613043,0.03916611895,0.1040536761,0.1369441748,0.09929662943,0.067590639,0.08845608681,0.006510186009,0.0006632049335,0.0003928844235,0.003044710727,0.003729037242,0.001180415857,0.004826535005,0.001850984525,0.01903337054,0.003339537885,0.003401076887,0.04911959544,0.01418081205,0.0003775739751,0.0004132625763,0.00792276673,0.001468810602,0.001465949579,0.0004146779829,0.0002042300766,0.0001756271668,0.8734801412,0.001835736446,0.01630242541,0,5.11205053e-06,3.930505045e-06,0.0002331991564,0.00882042665,3.232303789e-05,0.04632451385,0.009915821254,0.1824065298,0.647411406,0.01801400259,0.001337946393,1.5463198e-05,1.067990252e-05,4.534858817e-06,9.278288053e-05,0.01621692441,0.01184923109,0.008672355674,0.005423946772,0.006964868866,0.01782128774,0.02186084352,0.01662081853,0.007036854979,0.02976487577,0.03947753459,0.01451721601,0,0,0,0.0002595062251,0.002662308048,0.01479426213,0,0.06867625564,0.003877916839,0.03535978869,0.0175464768,0,0.000206794386,0.003308548825,0.00623285491,0,0,1.409781908e-05,0.002197756432,0,8.324760529e-06,0.01044226624,0.01268616784,0.01387639251,0,0.05016342551,0.002090702765,0.01390525233,0.008629865013,0.001501934254,0.0178786125,1.942593735e-05,2.001832399e-06,0,3.269546198e-07,2.265259127e-06,6.428083725e-05,0,0.007803083397,0.00768064009
77,0,0,0.0003861300938,0.001079904265,0,0,0.004761904944,0.003881413722,0.001105025643,2.012357254e-05,0.0007833152777,0.0006111409166,0.3751992583,0.4223167002,0.01864861697,0.031716723,0,0.001329305698,0.002964638406,0.0008994025993,0,0,0,0.0008362289518,0,0.002380952239,0.002175678732,0.003050508443,0.003573906608,0.01081913989,0.01144822408,0.00303383288,0,0.002380952239,0.002301189816,0.004322448745,0,0,0.002380952472,0,0,0,0,0.3000565469,0.1439851522,0.005682942457,0.07690192014,0.11347875,0.05324586853,0.02563004568,0.02026065998,0.001290766173,0,0,3.53050018e-05,0.0002693186398,9.614078408e-06,7.341220771e-05,0.0006778193056,0.001228299923,0,4.047074253e-05,0.003224982182,0.0007744817995,2.941970024e-06,8.287394849e-06,0.0007553437026,0.0002098321711,0.0007765388,0,4.611106124e-05,0.00854977034,0.8449168801,0.0001073437452,0.0004493959714,5.11205053e-06,0,0,2.581841727e-06,0.001597215654,4.674567663e-06,0.005065675359,0.0006711028982,0.07471142709,0.4113484025,0.002164983656,0.001660197042,2.511845196e-06,7.962538075e-05,6.94275343e-07,3.052114835e-06,0.006000874564,0.0001974563202,0,0.002380952472,0,0,0.001082935953,0,0,0,0.002380952239,0,0,0,0,0,0,0,0,0.002549670869,0,0.007257462014,0.0005792260636,0,0,0,0,0,0,0,0,0,0.0001082740127,0.006582504604,0.0009851498762,0,0,0.004080302548,0.001643205062,0.001309785759,0,0,0,0,0,0,0,0,0,0,0.0006872923113,0.003638953436
78,0,0,7.675307643e-06,0.0003317863448,0.004761904944,0.004761904944,0.0001956878405,0.00186383212,0.0003708703734,2.426408855e-06,0.0003900692682,0.0001753877441,0.2474012375,0.2704073191,0.005195816047,0.01393653452,0.0006376627134,0,0,0.003514594864,0,0,0.002380952472,0,0,0,0.001169868046,0.005030669272,0.003516461933,0.003626310965,0.00491265906,0.001186296227,0,0,0,0,0.002380952472,0,0,0,0,0,0,0.2414082438,0.07498235255,0.004568205681,0.02034810372,0.06171262637,0.01577713713,0.006025269162,0.01594488323,0.0009369834443,0,0,0.0002550769423,0.0008185213082,2.376253542e-05,0,0.0005134671228,0.0005172924139,0.0003531495749,0,0.002225808566,0.001287059276,0,2.176387352e-05,0.001433299039,0.0001289011707,0.0004643006832,0,8.898908163e-06,0.003503039246,0.8272396326,0.0002883176785,0.0003370550985,3.930505045e-06,0,0,2.833134261e-07,0.001928880461,0,0.003078858135,0.0008741072379,0.07766823471,0.4084142447,0.002308074385,0.001382144052,8.579252608e-06,0,3.915709215e-07,0,0.001271269284,0.001631759224,0,0,0,0,0,0.0006253556348,0.003491880838,0.001116156229,0.002380952472,0.001694594044,0,0,0,0,0.000136064642,0,0,0,0,0.004101620056,0,0,0,0,0.0001594793866,0,0,0,0.0001926843106,0,0.0004426433297,0.002793733496,0,0,0,0.001763175009,0.0002706337546,0,0,0,0,0,0,2.179984585e-05,0,0,0,0,0.0005262785126,0.0003552397538
79,8.467777661e-05,0,0.0002701244375,0.0007602388505,0.007459381595,0.0142857153,0.01090920158,0.003429433098,0.001967759803,3.56213277e-05,0.002184252953,0.0008014697814,0.3456333876,0.5701812506,0.04589788988,0.062667422,0.002281826921,0.00265583978,0.002044816036,0.006503769197,0.002576868515,0.006705627777,0.0008075471269,9.900810255e-05,0.004963138141,0.002670171438,0.007364977617,0.005499282386,0.01862862892,0.01534804888,0.01563175768,0.01844497398,0.01863840222,0.005656969734,0.01017690916,0.01541302167,0.005195218138,0,0,0,0.002380952472,0.002380952472,0,0.253798008,0.1024881005,0.003134987084,0.07615937293,0.1122613847,0.07613936067,0.0106201563,0.02022035234,0.002745779697,0.001526707318,8.840477676e-06,3.964296047e-05,3.066007139e-06,2.744004087e-05,8.095899102e-05,0.0003786207235,0.0006542953779,3.514920536e-05,6.296532229e-05,0.001282165875,0.0004246694443,3.192196345e-06,7.773018297e-06,0.001659360831,0.0004458891635,0.001198762679,8.093117503e-05,0,0.04257013276,0.8264585733,0.0002042374399,0.0002525664167,0.0002331991564,2.581841727e-06,2.833134261e-07,0,0.0009029718931,2.331991891e-05,0.008301393129,0.0008606629563,0.07683295757,0.4168810248,0.004440384917,0.01481361222,5.270940528e-05,0.001003818004,5.500146926e-06,1.915054099e-06,0.02865752764,0.01186946034,0.002874054946,0.002380952472,0,0.004761904944,0.002380952472,0.001282093232,0,0.003046933096,0.002974526957,0,0,0,4.350634845e-05,0,0,0,0,0.004039749037,0,0.0001501078805,3.370482955e-05,0,0,0.002658180892,0,0,0,0,0.0002374444448,0,0,0.005441555288,0.0001019456831,0,0,0.005443521775,0.0004447806859,0.001063678646,0,0,0,0,0,0,0.0001086500706,0,0,0,0,0.0003222077212
80,0.0001259603014,8.08019031e-05,0.0002310880664,0.002662632614,0.0004611236509,0.002515089698,0.00154423865,0.001424742979,0.01097316016,0.0007868477842,0.03214938194,0.004376337864,0.4043723345,0.7326029539,0.004933980759,0.3307218552,0.02014162205,0.02381771803,0.02129778452,0.04260397702,0.02011639811,0.02990000322,0.02195625752,0.004761904944,0.02000543661,0.009801520035,0.05215043947,0.05152061209,0.05501183495,0.06675054878,0.04335265979,0.06343447417,0.03942478821,0.04046268761,0.03333530203,0.05094577,0.01653406769,0,0.004761904944,0.008125061169,0.002227552468,0.007142857648,0,0.3388917148,0.07075469196,0.01925483346,0.04878786951,0.04961847141,0.0003897340212,0.01087526511,0.009429398924,0.0005834473413,1.081091796e-05,0.0002486662706,0.00121096056,0.0003905184858,0.0009719465161,0.000529097917,2.491774649e-05,0.009315659292,7.349206862e-05,0.0009454592946,0.001157373656,9.128900274e-05,0.001101558679,0.0004876070889,0.004358618986,0.0002619009465,0.01993283629,0,8.952662938e-06,0.01269953791,0.952088356,0.0008378424682,0.004312771372,0.00882042665,0.001597215654,0.001928880461,0.0009029718931,0,0,3.350084808e-05,0.01066684444,0.1690889895,0.2901455462,0.005832878873,0.07362120599,0.007228627335,5.31552505e-05,9.281668463e-05,0.0002366494155,1.528426765e-05,2.876196504e-06,0.0003120858746,0.0005364402314,0,0.000121990648,0.0001645418961,0.0003893409157,0,0.0003590593988,0.0004012814024,5.569498535e-05,0,0,0,0,7.98923702e-06,1.94009026e-05,0,0.0001913966116,3.759253013e-05,3.645279503e-05,6.239935465e-05,0.0005926160957,5.073269494e-05,1.700999746e-05,1.87503465e-05,0,0,0,3.886042759e-05,0,0.003056852613,0.0004177977389,0.0001850369881,4.285292016e-05,0,0.0001005823797,0,0.0001079710783,0,0,5.712897109e-05,0,0,0,0,0.0001073144449,0,0,3.596732495e-05,4.06459003e-05
81,1.524717572e-05,0,1.028376846e-05,6.881501122e-06,0,0,0,9.146394586e-05,0.0001323783072,5.439067081e-06,0.0001291273657,7.872888818e-05,0.3050900996,0.2334184945,1.9237792e-05,0.01693620719,0.0005052420311,0,0.0006142244092,0.00122681458,0.001598128583,0,0.001139176777,0,0.002087210305,0,0.00156675058,0.003276975593,0.006789684761,0.00393306138,0.002741757082,0.004335569683,0.004569741897,0.004061762709,0.001907222788,0.001891489839,0.002380952472,0,0,0,0,0.00344792055,0,0.3499366045,0.05109760538,0.01492522657,0.0302709993,0.02808200009,0.0001704446186,0.02257305384,0.02270001359,0,0,0,0,1.611895095e-05,0.0002674300631,0,4.869731129e-05,0.002796427347,0,0,0.001823659288,7.11068933e-05,5.145037903e-06,1.574182716e-05,0.000375206786,4.14577371e-05,7.92177525e-05,0,1.057158343e-07,6.376518286e-05,0.9414884448,0.0002539245179,4.353199256e-05,3.232303789e-05,4.674567663e-06,0,2.331991891e-05,0,0,5.724049697e-05,0.002803366398,0.09435934573,0.369772315,0.002524626907,0.0009718546644,7.475906841e-06,0,0,0,2.085325832e-05,5.093518212e-07,0,0,0,0,0,0,0,0.003076987341,0.001156781567,0,0,0,0,4.644154251e-05,0,0,0,0,0,0,1.164297646e-05,0,0,0,0,0,0,0,0,0,0,0,0,0,0,0,0,0,0,0,0,0,0,0,0,7.058195592e-07,0,0,0.0001960257796,0
82,0.0002034209756,0.001433483209,0.000339773891,0.006942840759,0.0004170924949,0.001735404483,0.001537575386,0.001941007446,0.020942403,0.007874151692,0.05128255486,0.008593339473,0.4048395455,0.7385796309,0.07844163477,0.3592724204,0.01782127097,0.04644522071,0.03306525573,0.03951603174,0.05074386671,0.04406323656,0.02708103694,0.0253984388,0.02031743899,0.03419528529,0.05841784924,0.0865175426,0.06748776138,0.09046200663,0.08847463131,0.07931715995,0.07832662016,0.05900705233,0.06551207602,0.08800762147,0.02944748662,0.009523809887,0.002380952472,0.01563747786,0.005758559797,0.002380952472,0.002380952472,0.3347288668,0.02268668078,0.006567791104,0.01436159294,0.0133753065,0.0003563247155,0.0009024367901,0.0003684269614,0.000759946357,0.0005043443525,0.001352368388,0.003046891652,0.003776273457,0.01093699876,0.005667024292,0.001240287093,0.002126931213,0.0007592137554,0.000868567382,0.0001209535112,0.0001079048452,0.002613887889,0.001784540946,0.003534503514,0.001811877242,0.02515041828,1.655677988e-05,5.931539999e-05,0.09199596941,0.9475261569,0.003189063165,0.001566320891,0.04632451385,0.005065675359,0.003078858135,0.008301393129,3.350084808e-05,5.724049697e-05,0,0.01293155178,0.1821775287,0.2995946109,0.006140920334,0.1460846663,0.01199396141,0.001850801171,0.0004579301458,0.0004460329947,3.412813385e-05,1.527491622e-05,0.0002363414533,7.002460916e-05,5.132025763e-05,0.0001703701564,0.0001069802383,4.906363029e-05,9.319584933e-05,4.753024768e-05,7.30908796e-05,3.254894182e-05,7.372726395e-05,0.0002998918062,0.00157349708,0.002028417075,0.0001453448203,0.000113239541,0,0.0001235307718,0,9.421658615e-05,8.593453822e-05,0.0003406491887,0.001302674995,6.249365833e-05,8.575572429e-05,0,0,0.0005807346897,3.657827619e-05,0.0001395073486,0.01048395317,0.0005663352204,7.459535846e-05,0.000241942922,0,9.82365018e-05,0.0001485045941,0.0001207891401,4.381754479e-05,1.999704909e-05,2.211966603e-05,0.0004893569276,0,0.001826262451,0.0008365471149,0,0,0.000239066183,0.0001236282405,0.0001079210269
83,0.003720552661,0.0002599457512,0.01738431677,0.02591875009,0.01808088273,0.02208236419,0.01465333626,0.04209845513,0.05280851945,0.007280170452,0.03171401098,0.01299862191,0.5568503737,0.6881148219,0.1216616333,0.3603492081,0.01145543996,0.003632906126,0.01784954965,0.02763251215,0.02513121255,0.02619047649,0,0.006502861157,0,0.007729958743,0.07826046646,0.03902094439,0.05049875379,0.06163237989,0.04907145351,0.05840426311,0.03155012801,0.02289753035,0.02129379846,0.03165270761,0.006310655735,0,0,0,0,0,0,0.3180177808,0.1587761641,0.003658670932,0.08420018107,0.1383617222,0.119166702,0.02642793022,0.04470321164,0.002769841813,0.001324011944,0.0002923001302,0.0003321564873,0.0003320923424,0.0005059149698,0.001836382435,0.005900602788,0.0001823746279,0.0002956269018,0.0001220260092,0.004561969545,0.002878975356,0.000409077009,0.000802498078,8.873813204e-05,0.0007594585768,0.01139108464,0.004051831551,0.00104134751,0.08740840852,0.8353469968,8.586310287e-05,0.0001316128037,0.009915821254,0.0006711028982,0.0008741072379,0.0008606629563,0.01066684444,0.002803366398,0.01293155178,0,0.05366766825,0.4034707844,0.001162939821,0.0573627986,0.002299896209,0.0383458361,0.002094039926,0.0007872071001,0.03331025317,0.01541535277,0.008806453086,0.004761904944,0.004761904944,0.009607915767,0.01099295728,0.02247096598,0.007385686971,0.01969211362,0.02348030359,0.001208494883,0.002380952472,0.0005210133968,0.0002784607641,0.0009711555322,0.002787397942,0.004228853155,0,0.0073806406,0.0002337903425,0.007339488715,0.00772836525,0,0.0003200613137,0.0004971247981,0.005335201509,0,0.0007792605902,0.000236366468,0,0.0006931017269,0.01236610487,0.0194513388,0.002382164123,0.004432749003,0,0.02160906605,0.006342239678,0.005928841885,0.003073533531,0,0.0004263980081,0.002325562527,0,0,0.002380952472,8.074341167e-05,0.001281112083,0,0.00598136289,0.005802764092
84,0.1758446842,0.1076306775,0.2192942053,0.2460861355,0.2356907278,0.2567605376,0.1743757278,0.2647665441,0.4381566048,0.1547897458,0.2697022557,0.1894285679,0.7644450665,0.8085609674,0.5310076475,0.6011006832,0.08572303504,0.05218330026,0.07321866602,0.09394486248,0.08826044202,0.04011449963,0.02443683334,0.02142857201,0.04371220618,0.08206104487,0.3844996393,0.1935213953,0.2482095957,0.2981932163,0.2988536358,0.219485119,0.134683162,0.09094125777,0.1840532869,0.2059540302,0.05655810237,0.009523809887,0.007142857648,0.02380952425,0.008530162275,0.002380952472,0.002380952472,0.5323803425,0.3485552371,0.08759106696,0.2287244946,0.3001703024,0.3397279084,0.1951336116,0.2030406296,0.1554422379,0.09977081418,0.07704813033,0.06969945133,0.07840889692,0.09389273822,0.1214853302,0.1240574718,0.04180910811,0.07211408764,0.11032217,0.1614162326,0.1456529796,0.07256882638,0.09029331803,0.06095611304,0.09745464474,0.2547475696,0.1225183234,0.07827819884,0.4446756542,0.9176568985,0.07381076366,0.08547941595,0.1824065298,0.07471142709,0.07766823471,0.07683295757,0.1690889895,0.09435934573,0.1821775287,0.05366766825,0,0.6421905756,0.09446720034,0.3590246141,0.09811581671,0.3213662505,0.09078142792,0.08335515857,0.2257676721,0.2018886954,0.1926392019,0.1908158809,0.2107549608,0.2166023403,0.2213112563,0.2413870096,0.1603803635,0.2197659761,0.2260455638,0.1916979849,0.09335894883,0.05003115162,0.06212591752,0.09282230586,0.1123500466,0.1641421467,0.05813045427,0.1956730187,0.06464856863,0.1703978628,0.1383788139,0.06219516695,0.09036353976,0.1099839807,0.1806818545,0.04659892246,0.0662298426,0.08019846678,0.1204483807,0.0808422789,0.1425560415,0.214065209,0.1786018312,0.1655986011,0.07224082202,0.2069698721,0.1625011563,0.1983585656,0.1410151273,0.09428220242,0.1915165931,0.08945072442,0.09361293167,0.1609611064,0.1155207977,0.07835379243,0.07036755234,0.08721734583,0.200502947,0.1920171231
85,0.3359119594,0.3007710278,0.3943740129,0.3775141835,0.3779448569,0.3514344096,0.3229382932,0.4375278056,0.7234403491,0.6121013761,0.5894027948,0.497661978,0.9152790904,0.9618955255,0.7913277149,0.7875458002,0.189831242,0.1075887531,0.1055681929,0.1837115586,0.1435488462,0.08712506294,0.0633854866,0.02749899961,0.04652739316,0.1101971045,0.6400066614,0.349124372,0.4847421646,0.5068477392,0.4967762828,0.3494329453,0.2246223241,0.1453145146,0.2936217189,0.4147791564,0.08190340549,0.01904761977,0.02380952425,0.048626367,0.01904761977,0.009523809887,0.002380952239,0.7831578851,0.5971516967,0.4934276342,0.4146662652,0.5238961577,0.5338988304,0.3470665812,0.3253737688,0.08616130799,0.1751501411,0.2799105942,0.3989426196,0.4111901224,0.3422823846,0.2454305291,0.2630462348,0.3507264555,0.2935025692,0.2717870772,0.2771033943,0.2249722332,0.3930887878,0.3542128205,0.2464164048,0.2325928062,0.4930074215,0.1841383874,0.372871995,0.7485349774,0.9970127344,0.3296534121,0.3203100562,0.647411406,0.4113484025,0.4084142447,0.4168810248,0.2901455462,0.369772315,0.2995946109,0.4034707844,0.6421905756,0,0.1424011439,0.7304567099,0.4564052224,0.7188398242,0.413692832,0.3845297098,0.3515904844,0.3456161916,0.3544741869,0.3446776271,0.3279977143,0.3590221703,0.4001511931,0.419110924,0.2695246935,0.3984335959,0.4168954194,0.2866173387,0.1665465534,0.1194169298,0.1218271032,0.1715055555,0.2286125422,0.3326195478,0.1043611094,0.3554038703,0.09562622011,0.3069417477,0.2518195212,0.1210418493,0.2828085423,0.1952280998,0.3510388732,0.07880596817,0.1560588032,0.2598203421,0.2181534618,0.3405615091,0.3346921504,0.3827390671,0.3143703043,0.2981980741,0.1691161096,0.3560560346,0.2849901319,0.3402891159,0.2312210649,0.1741161048,0.317833513,0.2021629065,0.1856324077,0.3668119907,0.3289273679,0.388469249,0.2131433785,0.201700449,0.3878081739,0.3347404003
86,0.004334897734,0.001667079399,0.01685038768,0.02631242573,0.007628211752,0.01912026107,0.0142857153,0.02728467062,0.0916679427,0.0182253886,0.0282828752,0.01826929674,0.5947867632,0.5856916904,0.1376015693,0.3668777347,0.01577979513,0.005673368927,0.009705205448,0.01139705535,0.01387983188,0.003316400805,0.002380952472,0.004761904944,0,0.01175059658,0.07639247924,0.04815490171,0.0422628969,0.0533689484,0.05949311703,0.07222571224,0.01933816634,0.004532815423,0.01944740303,0.04869873077,0.008608629927,0,0.002380952472,0.004761904944,0,0,0.002380952472,0.3005267978,0.06513705105,0.02170931175,0.01738502085,0.0423813276,0.03608595207,0.0087694088,0.007958073169,0.0007656082162,0.0007306524785,0.0009957997827,0.002232054481,0.002838255838,0.005009669345,0.002135863993,0.003818478668,0.003253394505,0.002202158328,0.002584019909,0.004409422167,0.002334700665,0.001993570942,0.004617499188,0.0003184772213,0.0008177920827,0.01967936754,0.001242102473,0.002431333996,0.11622601,0.9671396613,0.001102906652,0.003940442111,0.01801400259,0.002164983656,0.002308074385,0.004440384917,0.005832878873,0.002524626907,0.006140920334,0.001162939821,0.09446720034,0.1424011439,0,0.06289916486,0.003019847907,0.03810002655,0.001831591711,0.002882585395,0.009621594101,0.01106073149,0.007962043397,0.01099374238,0.005560622085,0.007337029092,0.008255008608,0.01858687215,0.01001531072,0.01000302657,0.01213182323,0.005949053913,0.003200473497,0.0003329913889,0.00291437353,0.0003475492413,0.00120586867,0.006679846905,0.0006247570273,0.008510649204,0,0.005967126228,0.002380277263,0.001314981258,0.001280072378,0.003056499641,0.007918282412,0.002380952472,0,0.0005686649238,0.001645366661,0.002541210037,0.004761904944,0.01240062993,0.005923340563,0.003768478753,0,0.01119103655,0.007115560118,0.003912022803,0.001238357625,0.003300246317,0.006541699637,0.002813250292,0.004983909428,0.005249743816,0.0008752724389,0.002377544995,0.0004915457102,0.0002956212265,0.007328802254,0.007194308564
87,0.05534876138,0.001055854489,0.02183371596,0.0214644596,0.08003470302,0.01640187018,0.0009220857173,0.07599722594,0.03190330043,0.001408400363,0.002049156465,0.003313638968,0.4559401572,0.417234093,0.002489352366,0.116319634,0.01059592795,0.002380952472,0.006628095172,0.003420097055,0.002380952472,0.0010086291,0,0,0.002380952472,0.003648075508,0.01425452251,0.00718701724,0.00804977864,0.02034840174,0.02397551015,0.009948854335,0.007142857648,0.004761904944,0.01083363779,0.01905685291,0.002380952239,0,0,0,0,0,0,0.3589854836,0.1321954578,0.1023370624,0.1008602828,0.1279042214,0.1460669637,0.09469684213,0.1050788462,0.02502947487,0.002346604131,0.001026241109,0.008513979614,0.02153422497,0.00431184331,0.01078669913,0.005832344294,0.06518959254,0.005922846962,0.02947448008,0.1101349518,0.06824925542,0.005174943712,0.006919943262,0.0286816489,0.006579626352,0.002335023135,0.01015248708,0.001979654888,0.001706004725,0.7999461889,0.01875751279,0.07744418085,0.001337946393,0.001660197042,0.001382144052,0.01481361222,0.07362120599,0.0009718546644,0.1460846663,0.0573627986,0.3590246141,0.7304567099,0.06289916486,0,0.000771136838,0.00163622119,0.0007902075886,0.002174876397,0.1020544842,0.08370900899,0.0419267416,0.02953057364,0.02280432545,0.07925415039,0.06726276875,0.06732111424,0.04315694049,0.1378503144,0.1320271939,0.06359748542,0.007060446776,0.006698717829,0.007142857648,0.01190476213,0.01571674645,0.05723603442,0.002380952239,0.1528624147,0.004761904944,0.1346745342,0.06786207855,0,0.01010626275,0.02420830354,0.05192374811,0.003484533168,0.0008626929484,0.001179145649,0.01897439174,0.004472414497,0.002277758904,0.0554163754,0.07165068388,0.04373018071,0.0004019748885,0.1364027858,0.02998297475,0.07466305792,0.03244974464,0.005270188209,0.0752864629,0.004067540169,0.001441848464,0.001558719436,0.001235202421,0.0009645111859,0.00344123994,0,0.05099014565,0.08788655698
88,0.0007074550958,0,0.00131905661,0.002497864189,0.01038648095,0.004761904944,0.003247516695,0.004981605336,0.001132198377,1.012275152e-05,0.0001618925162,0.0001661315619,0.3591665924,0.3478535116,0.009733249433,0.02275794931,0,0,0.001516970224,0,0.001245271065,0,0,0.0003719933447,0.001326133264,0,0.001036137575,0.0008390094736,0.003871188499,0.01057110354,0.01166432071,0.007458773442,0.002380952472,0.002380952472,0.004950823262,0.00494961068,0,0,0,0,0,0,0,0.320628345,0.1350647807,0.01341475546,0.07142455876,0.1094678044,0.05767801777,0.03340285644,0.05942855403,0.0007010666886,4.650607298e-05,1.904566489e-05,0.0003958541784,0.002564769704,0.0003501041792,0.0001923949021,0.0002813844476,0.004153817892,0.0001023004152,0.0001193560893,0.01025013532,0.001692377729,5.796277947e-06,9.075183334e-05,0.001020294148,8.361255459e-05,5.058965326e-05,0.0001657001849,0,0.001593496883,0.8662390709,0.0002985217143,0.001836155192,1.5463198e-05,2.511845196e-06,8.579252608e-06,5.270940528e-05,0.007228627335,7.475906841e-06,0.01199396141,0.002299896209,0.09811581671,0.4564052224,0.003019847907,0.000771136838,0,7.917069888e-05,2.995078148e-06,1.161823002e-05,0.01413164381,0.002278312342,0.001614239416,0.005838957615,0,0.01063509379,0.00791385863,0.009400256909,0.001110012177,0.01832061633,0.01908735931,0.0004892970901,0.001811899827,0,0,0,9.532493277e-05,0.01142116729,0,0.03232875466,0.002380952472,0.008111474104,0.001205967856,0,0,0,0.005348043051,0,1.015686667e-05,0,0.0004208019818,0,7.610055036e-05,0.01012957841,0.00957629364,0.003305529477,0,0.02505206689,0.004519290291,0.00654405402,0,0,0.0004660531122,0,0,0,0,0,0,0,0.004762975033,0.008927643299
89,0.0001772645337,0,3.176037717e-05,1.971901293e-05,0.005137527362,0,0,0.001141557237,0.002473255387,5.718851753e-06,9.385222074e-05,0.0002973075898,0.4159541726,0.171489045,7.63209755e-06,0.01418907102,0,0,0,0,0,0,0,0,0,0,0.001897179172,0,0,0.003779971274,0.0005868953303,0.00118175731,0,0,0.001442649285,0.001835759962,0,0,0,0,0,0,0,0.3620802462,0.09679076076,0.09300371259,0.07658914477,0.09855868667,0.006461921614,0.06442408264,0.06811016053,0.01006536372,0.0008803206729,0.00111557194,0.004761904944,0.006407344714,0.0007106026751,0.002972760238,0.001413652673,0.04107255116,0.002380952472,0.002648920985,0.04199095815,0.004191543907,0.00138077524,0.0004760799929,0.01857064106,0.001193821663,0.005167500582,4.352566975e-05,5.789791885e-06,6.962570478e-05,0.8627470136,0.009892909788,0.05416112021,1.067990252e-05,7.962538075e-05,0,0.001003818004,5.31552505e-05,0,0.001850801171,0.0383458361,0.3213662505,0.7188398242,0.03810002655,0.00163622119,7.917069888e-05,0,0,0.0007152049802,0.0001607313607,0.0001219909609,0.0003302363621,0.002063698135,0.0001953231986,0.00182350073,0.01040065289,0.004090692382,0,0.01214806549,0.006159293465,0.005855447147,0,0,0,0.002380952472,0.0002309478587,0.001001327881,0,0.01139642857,0,0.00607548235,0.006722804625,0,0,0.003419060027,0.0007679905975,0,0,0,0.0001605297148,0,0,0.0008233004482,0.002871016739,0,5.361453077e-06,0.005846219603,8.10127749e-05,0.005815149285,0.002380952472,0.001483683358,0.006456159055,0,0,0,0,0,0,0,0.0001009970438,0.0005986823235
90,5.76343291e-06,0,2.083794789e-05,4.658715989e-05,0.0004335505073,0.003640289651,0.0002943043364,0.0003911915701,0.0001148078009,5.808955848e-06,0.0001137561485,8.399489161e-05,0.1520624608,0.2586375475,0.0008180846344,0.006227310747,0,0.0002071838244,0.0002308888361,0.0006696805358,0.0004206224694,0,0,0,0,0.0004822436604,0.0004783235781,0.002527970355,0.0006871424266,0.0009935371345,0.0008812855231,0.001382077462,0.002512102015,0.003085228149,0.001530825044,0.0001625726727,0,0,0,0,0,0,0,0.3344405591,0.09344514459,0.007814860903,0.05963966995,0.06879740953,0.002067740541,0.01574485563,0.02179669775,0.0004926630645,2.137009506e-05,0,0.0003941745381,0.0007526954869,0.0005522060674,0.001137042884,0.0006397376419,0.002012133365,0.001130837481,0.0002866034629,0.003565249033,0.0002710864355,5.036415132e-06,2.540194328e-05,0.0007183946436,1.484077529e-05,8.970546332e-05,1.258389511e-05,5.711513609e-07,0.000176773392,0.8777265549,0.0002533439256,0.0009468017379,4.534858817e-06,6.94275343e-07,3.915709215e-07,5.500146926e-06,9.281668463e-05,0,0.0004579301458,0.002094039926,0.09078142792,0.413692832,0.001831591711,0.0007902075886,2.995078148e-06,0,0,0,7.083566743e-05,5.913238056e-05,0.0009394499357,0.001463708817,0,0.004205050878,0,0.000422903453,0.0006554180873,0.001163603738,0.006140434183,0.000358417572,0,0,0,0,0,0,0,0.001347327954,0,0.0009309132001,0.0001506874833,0,0,0.0004217991373,0.0002300400665,0,0,0,3.6950918e-05,0,0,0.0001843462087,0.0001911697764,0.0002605023328,0,0.002983637387,0.0005292253336,0.000317817321,0,0,0.0004801904433,0,0,0,8.673623029e-07,0,0,0,0.0005855202326,0.0001678397384
91,2.573065285e-05,0,4.982334758e-06,0.0002717674943,0.0005248741945,0.002144507598,0.003516195575,0.0003836094693,0.0002351889707,1.527920358e-05,0.0003952235566,0.0001561937679,0.1530948132,0.3227191865,0.02273986116,0.01762770303,0.0004919824423,0,0.0009771038312,0.002848985372,0.002395473886,0.001732399687,0,0.001452260884,0.000429158099,0.0001671056962,0.001815216267,0.003876583884,0.006110260729,0.003140131943,0.005006840453,0.007342386525,0.003181006992,0.002380952472,0.001203630236,0.00254265964,0,0,0,0.000780266535,0,0,0,0.2308697402,0.06483908743,0.002345849061,0.04428145662,0.04308981076,0.01100591291,0.002998362062,0.004124884959,0.0009725944255,0.0001814832649,0.000149048501,0.0001333854452,1.278679156e-05,9.836006211e-05,0.0003529400565,0.0002934985096,0.0007056035101,0,8.593904568e-06,0.0006550765247,0.0002078047401,4.117258868e-06,2.942465017e-06,0.0005799471401,0.0004380964383,0.000160364667,0,1.739344384e-06,0.009668178856,0.8406267762,0.0002826635027,9.770530596e-05,9.278288053e-05,3.052114835e-06,0,1.915054099e-06,0.0002366494155,0,0.0004460329947,0.0007872071001,0.08335515857,0.3845297098,0.002882585395,0.002174876397,1.161823002e-05,0.0007152049802,0,0,0.002607824747,0.0003500755411,0.001467390102,0,0,0,0,0,0,0,0.0007517408812,0,0,0,0,0,0,0.0002149230277,0,0.0004956681514,0,0.0002891240583,0.0005351309665,0,2.319258965e-05,0,0,0,0,0,0,4.316196282e-06,0,0.002380952472,0,0,0,0,0.0005508239847,0,0,0,0.0001536931668,0,0,0.000585672853,0,1.927905714e-06,0,0,0.0003041426826,0
92,0.0002590329386,0.0005143307499,0.001504078391,0.01139638573,0.0006398506812,0.006421824917,0,0.005150174256,0.02912362292,0.007822114974,0.05320560187,0.01436313055,0.3887182772,0.7664982677,0.02804608643,0.3544016182,0.01050322596,0.01190476213,0.02034692466,0.03207508847,0.02101699449,0.02397018485,0.007142857648,0.007142857648,0.007927006111,0.02565136924,0.04475840926,0.0320674926,0.03499966115,0.06349805743,0.08260171115,0.04993742332,0.03114752658,0.0249575302,0.03774571046,0.03892680258,0.007693839259,0.002380952472,0,0.002380952239,0,0.003703403519,0,0.3323282599,0.01009552367,0.01729003154,0.002914565848,0.001351065817,0.0001621330885,0.00130616047,0.0001891277498,0.001375304884,0.007142857648,0.01353100501,0.008315697312,0.007953267545,0.01193121914,0.00756759569,0.00451348396,0.0171335116,0.007142857648,0.01135656983,0.0005146265612,0.001898348797,0.006982006598,0.01076011453,0.007497215644,0.007028299384,0.02687656693,0.0003661321825,2.974168274e-05,0.0187290851,0.9853357077,0.009913793765,0.007487195078,0.01621692441,0.006000874564,0.001271269284,0.02865752764,1.528426765e-05,2.085325832e-05,3.412813385e-05,0.03331025317,0.2257676721,0.3515904844,0.009621594101,0.1020544842,0.01413164381,0.0001607313607,7.083566743e-05,0.002607824747,0,1.349016293e-05,0.0001635583321,0.0001354130654,0.0001536639611,2.290554221e-05,0.0001283558959,8.981945575e-05,3.544585707e-05,2.868666525e-05,6.54701289e-05,0.0004255359527,0,0,0,0.002253051149,2.80055865e-05,0.0004669994232,0,0.0001978608489,0,0.0003554706927,0.0001536959462,0,0.001231618808,0.003174884012,0.0003017693234,0,0.0008045711438,0,0,0,0.001412762911,0.001299150405,0.0004312931269,0.001182565233,0,0.0001860680932,1.270954908e-05,7.570020534e-05,0.001038107323,0,0.002587986412,0.0004219700349,0,0.0004537156492,0.001722045941,0.001262271428,0,0,1.43509551e-05,0.0001102554888
93,7.880666817e-05,0.0003084950149,0.0002675036085,0.001473563258,0.0004422414349,0.0003751842305,0.003458767664,0.001083448878,0.02140544169,0.002078142017,0.04199251905,0.007419421803,0.4142634869,0.7242743373,0.01893542148,0.3331391215,0.005833165254,0.0123623386,0.01814557053,0.01526254881,0.02064749226,0.01038871333,0.004761904944,0.002380952239,0.001296158647,0.01437807456,0.0442859605,0.0163122844,0.05522266775,0.06601767242,0.0724118799,0.05645254999,0.03156149015,0.02256987989,0.02734225988,0.05517207831,0.002380952472,0,0.002380952472,0.004761904944,0.002380952239,0.002380952472,0,0.3468126357,0.03394198045,0.02516194247,0.03501087055,0.02666442655,0.0003590433917,0.009626255371,0.003339617746,0.001002278877,0,0,0.0008730277186,0.004761904944,0.005777235609,0.003678215202,0.001029367326,0.01157654356,0.002380952472,0.003324386198,0.000848742784,0.0002618930303,0.002143645659,0.0004253597581,0.003056119662,0.003498822916,0.02660538629,4.366631401e-06,1.493005129e-06,0.01130165067,0.9706064463,0.0012218724,0.004622714128,0.01184923109,0.0001974563202,0.001631759224,0.01186946034,2.876196504e-06,5.093518212e-07,1.527491622e-05,0.01541535277,0.2018886954,0.3456161916,0.01106073149,0.08370900899,0.002278312342,0.0001219909609,5.913238056e-05,0.0003500755411,1.349016293e-05,0,6.818069232e-05,0.0001654992229,0.0001986433053,0.0002514496155,1.228094425e-05,0.000132234185,0,3.72686045e-05,0.0001128239601,1.65841866e-05,0,0,0,0.002143129008,7.181837282e-05,6.914585538e-05,0,0.0001006143284,0,4.210670886e-05,8.244202763e-05,0.0001638508547,0.0001855213486,8.4087922e-05,0.0001003044817,0,0,0,0,5.259631871e-05,0.002572154859,0.0004544678668,1.127469204e-05,3.136911255e-05,0,5.945619341e-05,4.119534424e-06,0.000135061724,4.653719589e-05,0,2.571882032e-05,0,6.963896158e-05,0,0.0002185136545,0.0001087407945,0.0008928423631,0,2.744173071e-05,5.105584933e-05
94,9.440980648e-06,0.0002548258926,4.730306318e-05,0.0001354159613,0,0,0,3.452042074e-05,0.0175115969,0.0087828096,0.06696587056,0.01851001382,0.107999064,0.3235453665,0.002743544523,0.2055507898,0,0,0,0,0,0,0,0,0,0.0003290218592,0.006069457158,0,0.002704927465,0.002811407205,0.005298234522,0.002594574122,0,0,0.006512719207,0.002253487706,0,0,0,0,0,0,0,0.3496358395,0.004488899838,0.005485214759,0.003661609953,0.001802926767,0.0001068121128,0.001130617806,0.0003170650743,0.001235538512,0,0.002380952472,0,0,0.01589146815,0.007410245948,0.01049428154,0.009212185629,0.002380952472,0.003704070579,0.002426494379,0.002479576971,0.001273778267,0.009824687615,0.002380952472,0.003918461036,0.03538266197,0,0,0.009056494571,0.8700344563,0.003095594235,0.00616290234,0.008672355674,0,0,0.002874054946,0.0003120858746,0,0.0002363414533,0.008806453086,0.1926392019,0.3544741869,0.007962043397,0.0419267416,0.001614239416,0.0003302363621,0.0009394499357,0.001467390102,0.0001635583321,6.818069232e-05,0,0,0,0,0,8.123367934e-07,0,7.282833394e-06,0,0,0,0,0,0,0,0,0,2.195638808e-05,0,1.679011621e-05,0,0,0,0,0,0,0,0,0,0,0,0,0,0,0,0,0,0,0,0,1.548948603e-05,0,0,0,0,0,0,0,0,0
95,9.730099009e-06,0,7.037887826e-06,0.000107941305,0,0,0,1.133376554e-05,0.02770928107,0.0008397420752,0.07559267431,0.007138382178,0.1377552897,0.2752855122,0.005666951649,0.2384997457,0.000305053487,0,0.001608175342,0,0,0.002380952239,0,0,0,0,0.01046631951,0,0.004761904944,0,0.001145627466,0.007142857648,0,0,0.005157177337,0.003510135226,0,0,0,0,0,0,0,0.3490470052,0.005580083001,0.009474730119,0.001469394076,0.0006820021663,0.0001694342645,0.0003664587857,7.464976807e-05,0.003025134793,0.002380952239,0,0,0,0.001789616654,0,0.002380952472,0.0003259108053,0,0,0.0001826064399,0.0001669806807,0,0,0.002226645593,0,0.03536406904,0,0,0.02289825492,0.8914995193,0,0.0004403411003,0.005423946772,0.002380952472,0,0.002380952472,0.0005364402314,0,7.002460916e-05,0.004761904944,0.1908158809,0.3446776271,0.01099374238,0.02953057364,0.005838957615,0.002063698135,0.001463708817,0,0.0001354130654,0.0001654992229,0,0,0,0,0,0,0,0,0,0,0,0,0,0,0,0,0,5.160093133e-05,0,0,0,0,0,0,2.845025847e-06,0,0,0,0,0,0,0,0,0,0,1.694597631e-05,0,0,0,0,0,0,0,0,0,0,0,0,0,0.000608551607
96,0,0,0,6.820174895e-05,0,0,8.053695637e-05,6.971801486e-05,0.0181046091,0,0.05695499852,0.007529065013,0.09733721614,0.199447602,0.001267355634,0.1923501045,0,0,0.002380952472,0,0,0,0,0,0,0,0.005884877872,0,0.002380952472,0.007142857648,0.002380952472,0.004761904944,0,0,0,0,0,0,0,0,0,0,0,0.3680568337,0.005671639927,0.004519639071,0.0002916007943,0.0008448552107,0.0002578090935,0.00217588665,2.548919292e-05,0.0007719974965,0,0,0,0,0,0,0.002380952472,0.008315207437,0,0,0.0001974167244,0,0.002380952472,0,0.002380952472,0,0.04427183419,0,0,0.008218577132,0.902598083,0.001208987553,0.0001266493491,0.006964868866,0,0,0,0,0,5.132025763e-05,0.004761904944,0.2107549608,0.3279977143,0.005560622085,0.02280432545,0,0.0001953231986,0,0,0.0001536639611,0.0001986433053,0,0,0,0,0,0,0,0,0,0,0,0,0,0,0,0,0,0.0001873244182,0,0,0,0,0,0,0,0,0,0,0,0,0,0,0,0,0,0,0,0,0,0,0,0,0,0,0,0,0,0,0,0
97,3.056197556e-06,0,1.071281076e-05,0.0008964618319,1.032601813e-05,9.19734448e-05,0,2.177634633e-05,0.03947199881,0.001928626443,0.08381264657,0.01725392789,0.1881432086,0.432074219,0.005003029481,0.3545949161,0,0,0.002380952239,0,0.001554866321,0,0,0.002380952239,0,0,0.01582203247,0,0.007775924634,0.01961114444,0.005872957874,0.004761904944,0.003362009302,0.002380952472,0.004761904944,0.00530479895,0.0009089456289,0,0,0,0,0,0,0.3161225617,0.005622810218,0.001223911182,0.001874545706,0.0007228775066,0.0001316636917,0.0002051723422,0.0001014923037,0.004170385655,0,0.002380952239,0,0,0.002380952472,0.000784240081,0.001132415608,0.001699405257,0,0.0001004719015,0.0002258679451,0.000344914879,0.002380952472,0,0.01301819738,0,0.04343252629,0,0,0.02770824172,0.9025708437,0.004761904944,0.001852585236,0.01782128774,0,0,0.004761904944,0.000121990648,0,0.0001703701564,0.009607915767,0.2166023403,0.3590221703,0.007337029092,0.07925415039,0.01063509379,0.00182350073,0.004205050878,0,2.290554221e-05,0.0002514496155,0,0,0,0,0,0,0,0,0,0,0,0,0,0,0,0,0,2.105773638e-05,0,0.0003721577814,0,0,0,0,0,0,0,0,0,0,0,0,0,0,0,2.851786303e-05,0,0,0,0,8.077497478e-05,0,0,0,0,0,0,0,1.763746332e-05,0
98,0,0,6.422737897e-06,0.000485693774,0,0.000139329175,0,2.665372631e-05,0.03269111738,0.009547954425,0.08926615119,0.01183981728,0.1483910978,0.4488730431,0.01168657653,0.3151879609,0,0.0006976115401,0,0.0003018696152,0.002380952472,0.001059408998,0,0,0,0,0.01358785294,0,0.005203497596,0.009343476035,0.007216139231,0.009523809887,0.003796055913,0.001661095885,0.003712049685,0.006647865754,0,0,0,0,0.002380952472,0,0,0.3372887969,0.002951061353,0.003956169821,0.0008478824748,0.0005513068172,0.000174305882,0.0003652146552,7.244709559e-05,0.004125060048,0,0,0,0,0.006328955758,0.00616951799,0,0.001711173798,0,0.0002485796285,0.0002052582277,0.0006445398903,0,0,0.002115017502,0,0.04560073093,0,0,0.02403677255,0.9209018946,0.004567466211,0.005259785801,0.02186084352,0.001082935953,0,0.002380952472,0.0001645418961,0,0.0001069802383,0.01099295728,0.2213112563,0.4001511931,0.008255008608,0.06726276875,0.00791385863,0.01040065289,0,0,0.0001283558959,1.228094425e-05,0,0,0,0,0,0,0,0,2.327504092e-07,0,0,0,0,0,0,4.006984e-06,0,2.474550092e-05,0,0,0,0,0,0,0,0,0,0,0,0,0.0008676967118,0,7.248798738e-06,0,0,0,0,0,0,0,0,0,0,0.002380952239,0,0,0,0,0,7.017020107e-05
99,3.879608266e-05,0,9.396956739e-05,0,3.493250233e-06,0.0002551836369,0,8.269693353e-05,0.02409558557,0.003761718515,0.08443272859,0.01051737927,0.1001716629,0.4696274996,0.0181660261,0.3294278681,0,0,0.002380952472,0.001663405565,0,0.002380952472,0,0,0,0.002380952472,0.01951518096,0.007142857648,0.009523809887,0.02748714015,0.0142857153,0.009660511278,0.004761904944,0.002380952472,0.01143792551,0.01272486802,0,0,0.004761904944,0,0,0,0,0.3671027124,0.002173240529,0.004238465801,0.001047355705,0.0007274808013,0.000178392962,0.000362003746,7.463213842e-05,0.003977756482,0.0002826341079,0,0,0,0.003974061925,0.00355224614,0.001395146828,0.006934456527,0,0,0.0002888677118,0.0007892117719,0,0.002380952239,0.01455205772,0.005735586397,0.0452116318,0,0,0.02203186229,0.9524192214,0.008464127779,0.00376832718,0.01662081853,0,0.0006253556348,0.001282093232,0.0003893409157,0,4.906363029e-05,0.02247096598,0.2413870096,0.419110924,0.01858687215,0.06732111424,0.009400256909,0.004090692382,0.000422903453,0,8.981945575e-05,0.000132234185,8.123367934e-07,0,0,0,0,0,0,1.314266342e-06,1.205808502e-07,0,0,0,0,0,0.0002230145765,0,0,0,0,2.622676402e-05,0,0,0,0,0,0,0,0,0,0,2.644838969e-05,2.218925829e-06,0,0,0,2.387389486e-06,0,0,0,0,0,0,0,0,0,0,0,0,0,1.64121011e-05
100,0,0.0001448504336,1.557326686e-05,6.56634802e-05,0,0.0001523385727,0.0005115060485,0,0.02882467397,0.004524305928,0.07202767581,0.008579585701,0.2314802408,0.2725985348,0.005634712987,0.2949291766,0,0,0,0.002380952472,0.002380952472,0,0,0,0.001014262787,0,0.01783332229,0.003837049706,0.004156467505,0.007714016829,0.00343737728,0.002380952472,0.002380952239,0,0,0.002380952472,0,0,0,0,0,0,0,0.2390440702,0.00395211298,0.003901264863,0.001605721423,0.001193654607,0.0004117030185,0.0005832440802,3.531184848e-05,0.0001732831588,0,0.002380952472,0,0,0,0,0,0.002377335681,0,0,0.0001995311904,0.0001322315511,0,0,0.001656662324,0.002380952472,0.03970388696,0,0,0.01804778166,0.7204114199,0.002845312934,9.839196537e-06,0.007036854979,0,0.003491880838,0,0,0,9.319584933e-05,0.007385686971,0.1603803635,0.2695246935,0.01001531072,0.04315694049,0.001110012177,0,0.0006554180873,0,3.544585707e-05,0,0,0,0,0,0,0,0,0,0,0,0,0,0,0,0,1.678091621e-07,0,0,0,0,0,0,0,0,0,0,0,0,0,0,7.09978849e-05,3.967670273e-05,0,0,0,0,0.0002410404268,0,0,0,0,0,0,0,0,0,0,0,0,0.0002556566906
101,5.466361472e-06,0,1.390624948e-05,5.495937876e-05,7.085184188e-05,2.738446165e-05,0,4.803933189e-05,0.03703151643,0.02279778384,0.08945522457,0.01174788643,0.1879769564,0.63751477,0.02997502871,0.3491650224,0.0002327350958,0.002380952472,0.0001756284473,0.0004942054511,0.0001341814495,0.0008462074329,0,0,0.0001172651464,0.001681934111,0.01741716266,0.008947232738,0.02457149327,0.01892586239,0.030157106,0.01146767288,0.005742072128,0.002809726633,0.02022312768,0.008743617684,0.005266884807,0,0.002380952472,0.001673816587,0,0,0,0.3070964813,0.005415902473,0.003694861429,0.0008894737693,0.0007948294515,0.0001939265203,0.0005285253865,9.544299974e-05,0.001498357975,0.002380952472,0.004761904944,0.0009809302865,0,0.00284585217,0.002035122365,0.003738253145,0.004037178122,0,0.0004941284424,0.0002226819925,0.0004429309047,0.0002945439774,0.0008055512444,0.01098242868,0.002834548708,0.04837134108,0,0.0002082804713,0.06132019684,0.929308176,0.008358672261,0.003091097111,0.02976487577,0,0.001116156229,0.003046933096,0.0003590593988,0.003076987341,4.753024768e-05,0.01969211362,0.2197659761,0.3984335959,0.01000302657,0.1378503144,0.01832061633,0.01214806549,0.001163603738,0,2.868666525e-05,3.72686045e-05,7.282833394e-06,0,0,0,0,1.314266342e-06,0,0,1.20798461e-07,0,0,0.0006587135722,0,0,0,0,0,2.150105956e-06,0,1.279067601e-05,2.349945316e-05,0,0,0,3.06861989e-06,0,0,0,0,0,2.794754619e-05,1.360413353e-05,0,0,0,0,0,0,0,0,0,0,0,0,0,0,0,0,3.083141337e-06,0
102,3.316988568e-06,0,4.996618372e-05,0.001323200646,6.716419193e-06,0.0001346384961,0.001149532269,8.675186109e-05,0.03629701212,0.02120483853,0.09241510183,0.01837216318,0.1580005288,0.6190032363,0.04115521908,0.3671545386,0.0003846072068,0,0.0003330792242,0.001205784036,0.0005429733428,0,0.003574120114,0,0,0.0007122966927,0.0211506281,0.01435036026,0.01928221993,0.03118103556,0.01621203125,0.00992823299,0.01251177397,0.01368418708,0.01286416687,0.0295101162,0.002891172888,0,0.002380952472,0,0,0,0,0.3289901912,0.003150137374,0.002390996087,0.0005533645744,0.0003978085879,0.000151914297,0.0004235164088,9.629563283e-05,0.001755985315,0,0,0,0,0.003752307268,0.002080431907,0.002521127462,0.005179114174,0,0.001153795514,0.0001714044483,0.0006962559419,0.0006810876657,0.001407224219,0.00355819473,0.009194889106,0.04590009525,0.0007126324344,0,0.06660465896,0.9419887066,0.00786663685,0.002931272844,0.03947753459,0.002380952239,0.002380952472,0.002974526957,0.0004012814024,0.001156781567,7.30908796e-05,0.02348030359,0.2260455638,0.4168954194,0.01213182323,0.1320271939,0.01908735931,0.006159293465,0.006140434183,0.0007517408812,6.54701289e-05,0.0001128239601,0,0,0,0,2.327504092e-07,1.205808502e-07,0,1.20798461e-07,0,0,0,0,0,0,0,0,0,2.479905788e-06,0,0,0,0,0.000306611968,0.0002452769259,0,0,0,0,0,0,0.003674705746,6.113938434e-05,0,0.0002383652754,0,2.643037078e-06,4.047867696e-05,0,0,0,0,0,4.407169035e-05,0.0006497551803,0,0,0,0,2.018145096e-06,5.873617283e-06
103,3.959565947e-05,0,1.042354597e-05,0.0003160934139,6.339183892e-05,0.0007128074067,0,0.0003218466882,0.0128995534,0.004123063292,0.04209760949,0.006471246015,0.3744800389,0.5263061523,0.02572578937,0.3696703315,0.001049236162,0.006281831302,0.002705750288,0.002890996169,0.006599469576,0.005115992855,0.002380952472,0,0.004761904944,0.004051185213,0.02486142516,0.01841666177,0.02048834041,0.03469085321,0.03398118541,0.03081101738,0.01763931848,0.007142857648,0.009523809887,0.0133889541,0.0059143533,0,0.002380952472,0,0.002380952472,0,0,0.2638539672,0.03786602616,0.003348988248,0.02257229201,0.01099417917,0.003693470266,0.002395043382,0.001565228798,0.000363376108,0,0.0004743634781,0,0,0.0004231537168,0.0003450756776,0.0001836474548,0.006385317072,0,3.289456799e-05,0.00035426463,1.301722477e-05,0.0001145804054,0.0003376401728,0.001209393144,0.0001658535621,0.02549425885,2.253215462e-05,0.0005013482878,0.03331644833,0.8637056947,0.0004692680377,0.001778703183,0.01451721601,0,0.001694594044,0,5.569498535e-05,0,3.254894182e-05,0.001208494883,0.1916979849,0.2866173387,0.005949053913,0.06359748542,0.0004892970901,0.005855447147,0.000358417572,0,0.0004255359527,1.65841866e-05,0,0,0,0,0,0,0,0,0,0,0,0,0,2.831482016e-05,0,0,0,5.845857345e-07,0,0,0,0,0,0,0,0,0,0,1.683674964e-05,0,0,0,0,0,0,2.076332385e-05,1.596135917e-05,0,0,0,0,0,0,0,0,0,0,0,0,0
104,0,0,0,0,0,0,0,0,0.009400344454,0.002380952472,0.03009914421,0.003734979779,0.2787216604,0.1310049742,0,0.2630916834,0,0,0,0,0,0.001355129527,0.002380952472,0,0,0.002380952472,0.004448697902,0.002380952472,0,0.009789034724,0.01245000958,0,0.002380952472,0,0.002380952472,0.007142857648,0,0,0,0,0,0,0,0.07260444015,0.01507324353,0.002983272774,0.001034258865,0.0003665006079,0.001710677519,0.004761904944,0.0106045045,0.001430697041,0,0,0,0,0,0,0,0,0,0,0.0008177772397,0.0001151038086,0,0,0.000620727893,0,0.01453102008,0,0,0.002380952472,0.3912282884,0.001253338298,0,0,0,0,0,0,0,7.372726395e-05,0.002380952472,0.09335894883,0.1665465534,0.003200473497,0.007060446776,0.001811899827,0,0,0,0,0,0,0,0,0,0,0,0,0,0,0,0,0,0,0,0,0,0,0,0,0,5.558471912e-06,0,0,0,0,0,0,0,0,0,0,0,0,0,0,0,0,9.190512174e-06,0,0,0,0,0,0,0,0,0,0,0,0
105,9.675486581e-06,0,0,0,0,0,0,0,0.002250473015,0.0003962373012,0.007720919326,0.0003524138301,0.2048272491,0.1010388732,0,0.1875093877,0.0006418994744,0,0,0.0008174707764,0,0.0008989978814,0,0,0,0,0.002665503882,0.000665948668,0.00344482041,0.003481388558,0.003187820548,0.002380952472,0.001195361488,0,0.006825660355,0.005585379899,0,0,0,0,0,0.002380952472,0,0.09709247202,0.007142857648,0.001544389641,0.000984836719,0.004761904944,0,0,0.0005597486161,0,0,0,0,0,0.0003423506569,0.002897896804,3.483213368e-05,0,0,0,0,0,0,0,0,0,0.006095229182,0,0,0,0.322239846,0,0.0008340096683,0,0,0,0,0,0,0.0002998918062,0.0005210133968,0.05003115162,0.1194169298,0.0003329913889,0.006698717829,0,0,0,0,0,0,0,0,0,0,0,0,0,0.0006587135722,0,0,0,0,0,0,0,0,0,0,0,0,0,0,0,0,0,0,0,0,0,0,0,0,0,0,0,0,0,0,0,0,0,0,0,0,0,0,0,0,0,0
106,0,0,0,0,0,0,0,0,0.0007915421156,0,0.003014173592,0.001338314614,0.1895666122,0.06742512435,0.002380952472,0.1407653987,0.0009503104375,0,0.002380952239,0,0,0,0,0,0.0006365597364,0,0.01036652084,0.002380952472,0.0003001625591,0.002876674291,0.006219475996,0,0.0007023866056,0,0,0.008832383901,0,0,0,0,0,0,0,0.08910087496,0.007142857648,0.000706206949,0,0,0,0.002380952239,0,0,0,0,0,0,0,0.0007187369047,9.373033208e-06,0,0,0,0,0,0,0,0,0,0.001860057935,0,0,0,0.3668186069,0,0.0001687692566,0,0,0,4.350634845e-05,0,0,0.00157349708,0.0002784607641,0.06212591752,0.1218271032,0.00291437353,0.007142857648,0,0,0,0,0,0,0,0,0,0,0,0,0,0,0,0,0,0,0,0,0,0,0,0,0,0,0,0,0,0,0,0,0,0,0,0,0,0,0,0,0,0,0,0,0,0,0,0,0,0,0,0,0,0,0,0
107,1.279794787e-06,0,0,2.613550691e-07,0,7.299301797e-05,0,5.769163181e-06,0.002063248307,0.00157694763,0.006179186516,0.003558167722,0.2833158374,0.160555169,0,0.119922258,1.387081193e-05,0.0001221152343,7.57312373e-05,0.0001237081306,4.97896981e-05,0.0003714135091,0.0001823803032,0.0001502993837,3.987725722e-05,5.913109635e-05,0.0005425232812,0.0010736119,0.0004276891996,0.001507018926,0.001142366789,0.00171340839,0.002488786122,0.004393129144,0.0005677109584,0.001127649797,0.000401197467,0,0,0,0,0,0,0.1868275702,0.007142857648,0.001390669378,0.01518259011,0.01220671181,0.002828461584,0.008671863005,0.008603292517,6.892217789e-05,0,0,0,0,0.001234598458,0.004206962883,0.0002636607387,0.001962952781,0,0,0.001142325695,0.001115777064,0,9.32767507e-05,0.0001977261563,0,0.003586625447,3.558583921e-05,0,0.001088810386,0.5736884475,0.000329652481,0.002851974219,0.0002595062251,0,0,0,0,4.644154251e-05,0.002028417075,0.0009711555322,0.09282230586,0.1715055555,0.0003475492413,0.01190476213,0,0.002380952472,0,0,0.002253051149,0.002143129008,0,0,0,0,0,0,0,0,0,2.831482016e-05,0,0,0,0,6.176337592e-07,0,0,4.412717772e-06,0,0.0001392242266,0,0,0,0,0,0,0,0,0,0,0,0.000190006569,0,0,0,0,0,0,0,0,0,0,0,0,0,0,0,0,0,0
108,6.918101576e-07,4.214840374e-06,2.673706376e-06,9.671989574e-06,1.218473972e-05,0.0001643905271,0,6.221893727e-06,0.001524517545,0.0005166903138,0.004037513398,0.001072088024,0.4051699042,0.4427608848,0.004761904944,0.2203179151,0.0001331968233,0.0005516525125,0.0007853316492,0.0007613130729,0.0006247718702,0.0007752450765,0.0006901909364,0.0007226430462,3.476411803e-05,0.0004238586407,0.004937443417,0.006112523377,0.007916912436,0.006648176815,0.005708935205,0.007765423972,0.005981664173,0.009293361567,0.004263908602,0.005372168496,0.0005371117149,0,0,0.001273884904,0.003442573594,0.0006806926685,0,0.3143157065,0.04661920294,0.005131087732,0.03240347654,0.03499947116,0.009451247752,0.006952636875,0.006130069029,8.369496209e-05,0,0,3.213246964e-05,0,5.033072011e-05,0.0003901607415,2.742760444e-05,0.001079957816,0,0.0004459903575,0.001267536776,7.9660138e-05,7.129317055e-06,4.068208727e-05,0.0007395312423,6.759246753e-05,0.001769937808,1.086639259e-05,2.87906073e-06,0.01438437961,0.8651158214,6.524136552e-05,0.001020269934,0.002662308048,0,0.000136064642,0,7.98923702e-06,0,0.0001453448203,0.002787397942,0.1123500466,0.2286125422,0.00120586867,0.01571674645,9.532493277e-05,0.0002309478587,0,0,2.80055865e-05,7.181837282e-05,0,0,0,0,0,0.0002230145765,0,0,0,0,0,0,0,6.176337592e-07,0,0,0,1.979638228e-06,0,0,0,0,0,0,1.632376097e-06,0,0,0,0,2.308667035e-07,0.001577646122,0.0002487228485,0,0,0,0,0,0,0,0,0,0,0,0,0,8.257665286e-06,0,0,0,1.907408114e-05
109,2.348834278e-05,0,3.47292621e-06,0.0003110824618,1.547348984e-05,0.0002485625446,0,6.868295168e-05,0.02537879907,0.002075037686,0.05880410597,0.005174327176,0.2490454316,0.4132801294,0.0355040133,0.2814311087,0.002077932237,0,0.0006429286441,0,0.006670849863,0,0.001125535578,0.002380952472,0,0,0.007868623361,0.00562797673,0.0197823979,0.007738967892,0.0007653986686,0.02205001563,0.002778901719,0,0.004761904944,0.004781624302,0,0,0,0,0,0,0,0.2853860557,0.01829301193,0.008937662467,0.001986499876,0.001983232563,0.0008710167604,0.001756261336,0.0004927577102,0.0007959725335,0,0,0.001164226909,0,0,8.897941007e-05,0.0006273605395,0.005032536574,0,0,0.00020063587,2.300593042e-05,0.0003350230982,0.0004556883359,0.004234923981,0.0002562174632,0.0370083712,0,0,0.04433502629,0.7980146408,0.002327173715,0.00349709671,0.01479426213,0,0,0,1.94009026e-05,0,0.000113239541,0.004228853155,0.1641421467,0.3326195478,0.006679846905,0.05723603442,0.01142116729,0.001001327881,0,0.0002149230277,0.0004669994232,6.914585538e-05,0,0,0,0,4.006984e-06,0,1.678091621e-07,0,0,0,0,0,0,0,0,0,0,5.567841981e-06,0,1.920531213e-05,4.112281022e-05,0,0,0,0,0,0,0,0,0,0,1.626765311e-06,0,0,0,2.31551785e-05,0,0,0,0,3.370841455e-07,0,0,0,0,0,0,0,0,0.000134825852
110,0,1.129640077e-05,0,0,0,0,0,0,0.001391951111,0.0004563545808,0.006956882309,0.005959428381,0.2170851529,0.08449146152,0,0.2496019006,0,0,0.001688041259,0,0,0,0,0,0,0,0.0005746811512,0.004761904944,0.01008052379,0.006328487769,0.007604991086,0,0,0,0,0.002380952239,0.0005850609741,0,0,0,0,0,0,0.06736825407,0.01036977395,0.002825437579,0.00834005978,0.002380952472,0,0.001634336426,0.003108625067,0,0,0,0,0,0,0,0,0,0,0,0,2.013753874e-05,0,0,0,0,0.004942727275,0,0,0.002380952472,0.280852586,0.002380952472,0.002380952239,0,0,0,0,0,0,0,0,0.05813045427,0.1043611094,0.0006247570273,0.002380952239,0,0,0,0,0,0,0,0,0,0,0,0,0,0,0,0,0,0,0,0,0,0,0,5.413939107e-06,0,1.678271656e-05,0,0,0,0,0,0,0,0,0,0,0,0,0,6.064905733e-07,0,0,0,0,0,0,0,0,0,0,0,0,0,0,0,0.0001867394021
111,5.994273579e-06,3.817546531e-05,5.445010538e-05,0.0001458476327,6.438617856e-05,0.0007141222013,0.00317811477,0.0001597765513,0.02743899077,0.01387616619,0.06857417524,0.007720429916,0.3249038756,0.7099202871,0.05857125297,0.3666831255,0.0007313773967,0.001741557382,0.00133498176,0.002978058765,0.002637883881,0.007215269841,0.00237610098,0,0.001789150876,0.001116205705,0.03221559525,0.0298674535,0.01997786015,0.03282351419,0.03532372043,0.02643782459,0.03470394015,0.01456946973,0.01633216627,0.02282034233,0.001165128313,0.0007674741209,0,0.002931960858,0,0.001364303404,0,0.2870262265,0.03681662679,0.009658686817,0.005607141182,0.009410969913,0.001493787509,0.003356477246,0.0008815076435,0.000963735336,0.003235268639,0.0004651753407,0.0002739524352,0.0001043786833,0.002441914985,0.0004415760923,0.001059726579,0.007581929211,0.0004573563638,0.0001474262826,0.0003532090923,7.871811977e-05,0.002498855814,0.0004798947193,0.004663126078,0.0008317606407,0.03843067586,0,0,0.1364883184,0.9190219045,0.0009546133224,0.001632572152,0.06867625564,0.002549670869,0,0.004039749037,0.0001913966116,0,0.0001235307718,0.0073806406,0.1956730187,0.3554038703,0.008510649204,0.1528624147,0.03232875466,0.01139642857,0.001347327954,0.0004956681514,0.0001978608489,0.0001006143284,2.195638808e-05,5.160093133e-05,0.0001873244182,2.105773638e-05,2.474550092e-05,0,0,2.150105956e-06,2.479905788e-06,5.845857345e-07,0,0,0,4.412717772e-06,1.979638228e-06,5.567841981e-06,5.413939107e-06,0,0,2.488660584e-06,1.38408052e-06,0,0,9.049572327e-06,2.34682534e-06,0,0,0,0,0,0.0004402309132,8.172138769e-05,0,0,0,1.448110743e-05,4.835801883e-05,9.13169788e-06,0,0,1.774106977e-07,0,5.558553676e-05,0.0002114783565,0,0,0,0,4.516786248e-06,5.29012359e-05
112,0,5.441654503e-05,0,0,0.0005065419828,0,0,0,0.003806914436,0,0.02066191658,0,0.1415970325,0.05999317393,0,0.2237750292,0,0,0,0.0005756423925,0,0,0,0,0,0.003805342829,0.003065715311,0.002380952472,0,0.002380952472,0.001569028245,0.003983813804,0.007142857648,0,0,0.002380952239,0,0,0,0,0,0,0,0.04023651406,0,0.002781849355,0.002380952472,0.007142857648,0,0,0.001591043547,0,0.0009397602989,0,0,0,0,0,0,0,0,0,0,0,0,0,0,0,0.006191835273,0,0,0.002380952239,0.2257346064,0,0.0002403025137,0.003877916839,0,0,0,3.759253013e-05,0,0,0.0002337903425,0.06464856863,0.09562622011,0,0.004761904944,0.002380952472,0,0,0,0,0,0,0,0,0,0,0,0,0,0,0,0,0,0,0,0,0,0,0,0,0,0,0,0,0,0,0,0,0,0,0,0,0,0,0,0,0,0,0,0,0,0,0,0,0,0,0,0,0,0,0
113,2.203383519e-05,7.133301551e-05,0.0001114301413,0.0004154939961,0.0005754452432,0.0002646404319,0.001268307096,0.0003870340588,0.01574859396,0.004981617909,0.04705405235,0.005508755799,0.3653343618,0.7160255909,0.03854155168,0.3665165603,0.002220786875,0.01208837889,0.008571377955,0.01148171909,0.006552374456,0.006567717995,0.007329850923,0.005969165824,0.003442265093,0.004686423112,0.04085058719,0.04474043846,0.04693868011,0.05820675194,0.04753686115,0.0472516343,0.03295281902,0.01751603,0.02116636373,0.03649191186,0.006971424911,0.002380952472,0.002380952472,0.003785341512,0.0004797462607,0.003695350373,0,0.3244363368,0.0904283002,0.01663419977,0.03188708797,0.051568266,0.004145410843,0.008468018845,0.00530582387,0.0005522927386,0.003553696675,0.0002764876408,0.0001362159092,0.0001002168574,0.0005260938779,0.0002005565766,0.0001014608497,0.01005243696,0.0001121376918,6.142852362e-05,0.0004426563974,6.692583702e-05,0.0001225863525,0,0.003435003106,0.0005380879738,0.02486687526,6.890394434e-05,0,0.08479711413,0.9240976572,0.0003415448882,0.00187260774,0.03535978869,0.007257462014,0.004101620056,0.0001501078805,3.645279503e-05,0,9.421658615e-05,0.007339488715,0.1703978628,0.3069417477,0.005967126228,0.1346745342,0.008111474104,0.00607548235,0.0009309132001,0.0002891240583,0.0003554706927,4.210670886e-05,1.679011621e-05,0,0,0.0003721577814,0,2.622676402e-05,0,1.279067601e-05,0,0,0,0,0,0.0001392242266,0,1.920531213e-05,1.678271656e-05,2.488660584e-06,0,0,4.490140327e-06,0,0,1.017441082e-05,1.101557973e-05,0,0,0,9.188835065e-06,0,0.0007593164919,0.0003565684019,9.771944315e-05,2.463952842e-05,0,2.343970118e-05,4.892922789e-06,2.875484279e-05,8.073999197e-06,4.244910087e-05,1.9175126e-05,0,0,4.654444274e-05,0.0001200516417,0,0,0,2.819939073e-05,1.105924457e-05
114,3.415023002e-06,1.235751643e-05,1.182964843e-05,6.427802145e-05,5.773068915e-05,0.0005119756097,0.002854291815,6.392401701e-05,0.00838231761,0.001999551198,0.02464371733,0.004301015753,0.4079165757,0.6295286417,0.01807900518,0.3417479396,0.000866390008,0.001954348758,0.00142075459,0.003520855214,0.001980921021,0.003864868311,0.0003639599599,0.001803276129,0.001838813536,0.002669756068,0.0250484664,0.02067542076,0.02480909601,0.02306888252,0.01883367263,0.0328951776,0.02952800132,0.007398882881,0.0125214858,0.01393606514,0.003201107262,0.002380952472,0.001764794113,0.002380952472,0.002380952472,0.002380952472,0,0.3256905079,0.1014681831,0.01649753749,0.03301953524,0.05421096832,0.00711865304,0.009812463075,0.006709642243,0.0002954236406,5.132182923e-05,0,0,0.0001882009965,0.0004343480105,5.248940579e-05,7.284668391e-05,0.005628392566,2.838905675e-05,0,0.0007021229248,7.221257692e-05,0,0.0001399513858,0.001876533614,0.0001205327062,0.01160348952,3.474384357e-05,1.633674037e-05,0.05513712019,0.9232694507,0.0002346902475,0.001550055691,0.0175464768,0.0005792260636,0,3.370482955e-05,6.239935465e-05,1.164297646e-05,8.593453822e-05,0.00772836525,0.1383788139,0.2518195212,0.002380277263,0.06786207855,0.001205967856,0.006722804625,0.0001506874833,0.0005351309665,0.0001536959462,8.244202763e-05,0,0,0,0,0,0,0,2.349945316e-05,0,0,5.558471912e-06,0,0,0,0,4.112281022e-05,0,1.38408052e-06,0,4.490140327e-06,0,0,0,0,0,0,7.160585665e-05,0,0,0,0.0004270298232,0.0002624913177,0,0,0,0.0003445391485,9.184089322e-06,1.381459697e-05,1.75067089e-05,0,1.227587518e-06,0,0,0,3.183470835e-05,0,0,0,0,0.0005991628859
115,0,0,0,0,0,0,0,8.367979717e-06,0.0009768692544,0,0.002272950485,0.0004439429613,0.1723912954,0.06889586896,0,0.07339785248,0,0,0,0,0,0,0.002380952472,0,0,0,0,0.004761904944,0.002380952239,0.001550809713,0.002947190311,0.0006884496543,0,0,0.002380952472,0,0,0,0,0,0,0,0,0.1236972138,0.003616069211,0.005595575087,0.002380952472,0.004761904944,0.0008316346793,0.0004716162221,0.0008687367663,5.796780169e-05,0,0,0,0,8.485939907e-05,0,5.840440645e-05,0.0005759527558,0,0,0,0,0,0,0,0,0.0008716091979,0,0,0.002380952239,0.5435037613,0.0004226244055,0,0,0,0,0,0.0005926160957,0,0.0003406491887,0,0.06219516695,0.1210418493,0.001314981258,0,0,0,0,0,0,0.0001638508547,0,0,0,0,0,0,0,0,0,0,0,0,0,0,0,0,0,0,0,0,0,0,0,0,0,0,0,0,0,0,0,0,0,0,0,0,0,0,0,0,0,0,0,0,0,0,0,0,0,0
116,3.325150999e-07,0,0,1.342830842e-06,0,0,0,0,0.001013340778,0.0002791524457,0.001607150887,0.001523733954,0.1982727647,0.18807742,0.01190476213,0.06924442202,8.613174577e-05,6.592331192e-05,0,0.0001099259753,0.0007665754529,3.645759716e-05,0.0002082786959,0,0.0001120756642,7.814288983e-05,0.0008825146942,0.001250196947,0.0009351442568,0.0009264711407,0.0008744946681,0.001011190354,0.001268947497,0.0004581969697,0.00119996327,0.00124207756,0.002472552937,0,0,0,0.0005300631747,0,0,0.2258415967,0.0254213158,0.001974179177,0.01192703377,0.02053770795,0.003154234728,0.004042018671,0.007955648005,0.001211653464,0,1.384230382e-05,8.409822476e-05,0,0.000646932458,0.001893545035,0.000165325866,0.0008053221391,0,0.0006471413653,0.001181443804,0.0005092411302,2.392148645e-06,1.578718184e-05,0,0.0004682115105,0.0009514308767,9.266446432e-05,0,0.003751841374,0.7954784632,0,0.0004591929901,0.000206794386,0,0,0,5.073269494e-05,0,0.001302674995,0.0003200613137,0.09036353976,0.2828085423,0.001280072378,0.01010626275,0,0,0,2.319258965e-05,0.001231618808,0.0001855213486,0,0,0,0,0,0,0,0,0.000306611968,0,0,0,0,0,0,0,0,0,0,0,0,0,0,0,0,0,0,0,4.778576113e-05,0,0.0004946466652,0,0,0,0,0,4.126591011e-05,0,0,0,0,0,0,0,0,0,0,0,0,6.118194142e-05
117,2.845402605e-06,0,0,0,0,0.0005768334377,0,2.813773426e-05,0.008778025396,0.001821559505,0.02432558127,0.002241935348,0.3338595629,0.2740119994,0.005571377464,0.3223247826,5.199101724e-05,0,0.0005536788958,0.0011400613,0.006036934443,0,0,0,0,0,0.03092330694,0.01048780233,0.014457318,0.02044381015,0.008105135523,0.01399086975,0.009274137206,0.002380952472,0.006745994557,0.005960685667,0,0,0,0,0,0,0,0.1840033978,0.0221168939,0.01051725261,0.01417997386,0.02015067637,0.005195175298,0.005315968301,0.003765384434,5.640934978e-05,0,0,0.0005422759568,0,0.0006264421972,0.0002051092888,8.261021139e-05,0.002073308686,0,0,0.0007874823059,3.285075582e-05,0,0,0,0,0.009888653643,1.593724664e-05,0.0004088443238,0.0126768453,0.6451665759,1.582513505e-05,0.001024298836,0.003308548825,0,0,0.002658180892,1.700999746e-05,0,6.249365833e-05,0.0004971247981,0.1099839807,0.1952280998,0.003056499641,0.02420830354,0,0.003419060027,0.0004217991373,0,0.003174884012,8.4087922e-05,0,0,0,0,0,0,0,0,0.0002452769259,0,0,0,0,0,0,0,0,9.049572327e-06,0,1.017441082e-05,0,0,0,0,0,0,0,0,0,0,0,0,0,0,0,0,0,0,0,0,0,0,0,0,0,0,0,0,0,0
118,0,0,0,0.0001111420352,2.626011701e-05,0.0001761213061,0.0001050073843,9.024408064e-05,0.0210759677,0.003183488967,0.05306181312,0.008324388415,0.3487531841,0.5740886927,0.01385309454,0.3483170867,0,0.002756192582,0.001657595858,0.002041783417,0.005898050033,0.001458393293,0.001005632337,0,0,0.000497868692,0.03527389467,0.02023897506,0.02304419503,0.03151681274,0.02474770881,0.01840870641,0.01305857021,0.01167819556,0.02252102457,0.01589672267,0.007142857648,0,0,0.002380952472,0,0,0,0.2883194089,0.03750898317,0.00538997259,0.007529382594,0.009425055236,0.001472150325,0.001684099552,0.001400396693,0.0007389241364,0.001153589459,0,0,0,0.001988121774,0.0007115420303,0.0003045443154,0.01217385102,0,0,0.0005326056271,0.0001178901512,0.0007765551563,0,0.00516063394,0.0006240136572,0.0289610941,0,0,0.02322723158,0.8818780184,0.001513480442,0.0004882189096,0.00623285491,0,0.0001594793866,0,1.87503465e-05,0,8.575572429e-05,0.005335201509,0.1806818545,0.3510388732,0.007918282412,0.05192374811,0.005348043051,0.0007679905975,0.0002300400665,0,0.0003017693234,0.0001003044817,0,2.845025847e-06,0,0,0,0,0,3.06861989e-06,0,0,0,0,0,0,1.632376097e-06,0,0,2.34682534e-06,0,1.101557973e-05,0,0,0,0,0,0,0,0,0,0,1.116053045e-05,0,0,0,0,0,0,0,0,0,0,0,0,0,3.743155276e-06,0,0,0,4.549401274e-05,1.56999904e-05
119,0,0,0,0,0,0,0,0,0.0003387570614,0.000446447666,0.001951731159,0.0009124445496,0.1667164266,0.04680705443,0,0.05339285359,0,0,0,0,0.0001801628678,0,0,0,0,0,0.0004614231293,0.0008880404639,0,0.0005777640617,0,0,0,0,0.0004935274483,0.007142857648,0,0,0,0,0,0,0,0.06557571888,0.002380952472,0,0,0,0.0007464577211,0,0,0,0,0,0,0,0.0005461136461,0,0.001193946111,0.0005661974428,0,0,0.003548150649,0,0,0,0,0,0.0005583267775,0,0,0.0006152005517,0.3545067608,0,0,0,0,0,0,0,0,0,0,0.04659892246,0.07880596817,0.002380952472,0.003484533168,0,0,0,0,0,0,0,0,0,0,0,0,0,0,0,0,0,0,0,0,0,0,0,0,0,0,0,0,0,0,0,0,0,0,0,0,0,0.0001610641775,0,0,0,0,0,0,0,0,0,0,0,0,0,0,0,0,0,0
120,0,0,0,0,0,0,0,0,0.0001392535487,6.326340372e-05,0.0002729581902,7.234322402e-05,0.07867310196,0.03571428731,0,0.009508278221,0,0,0,0,0,0,0,0,0,0,0,0,0,0,0,0.002380952239,0,0,0,0.002380952472,0,0,0,0,0,0,0,0.151538372,0.01329312194,0.0005521174171,0.004761904944,0.01771261171,0.001205173205,0.002380952472,0.002380952472,0.002904887544,0,0,0,0,0,0,0.0002374286851,0.002146808896,0,0,0.001009150641,0.0007581413956,0,0.0001167850787,0,0,0.0003985249787,0.0006150034023,0,0,0.4796619713,0.0001936660992,0,0,0,0,0,0,0,0,0.0007792605902,0.0662298426,0.1560588032,0,0.0008626929484,1.015686667e-05,0,0,0,0.0008045711438,0,0,0,0,0,0,0,0,0,0,0,0,0,0,0,0,0,0,0,0,0,7.160585665e-05,0,0,0,0,0,0,0,0,0,0,0,0,0,0,0.0002075749217,0,0,0,0,0,0,0,0,0,0,0,0,0,0
121,0,0,0,0,0,0,0,9.846874309e-05,0.0002215372951,0,0.0003273888142,0.0003442075104,0.1414151341,0.09645326436,0.0001724763133,0.02562304959,0,0,0,0.002104966436,0.0009624409722,0,0,0,0,0,0,0,0,0.001599602518,0.0007735373802,0.002615469974,0,0,0,0,0,0,0,0,0,0,0,0.2178703696,0.01474992186,0.005077778827,0.007803533692,0.007142857648,0.0003603004734,0.002380952472,0,0.0007435492589,0,0,0,0,0,0.001789388363,5.182707537e-05,0.002633009106,0,0,0.000115767667,0,0,3.409916872e-06,0.001078134635,0,0.0005439850502,0,0,0.0002262335038,0.7404838204,0,0.00170466362,1.409781908e-05,0,0,0,0,0,0.0005807346897,0.000236366468,0.08019846678,0.2598203421,0.0005686649238,0.001179145649,0,0,0,0,0,0,0,0,0,0,0,0,0,0,0,0,0,0,0,0,0,0,0,0,0,0,0,0,0,0,0,0,0,0,0,0,0,0,0,0,0,0,0,0,0,0,0,0,0,0,0,0,0,0,0,0
122,0,0,0,0.0004552815226,0,0.002380952472,0.0001263806626,0.0002101714781,0.004135485273,8.158760465e-05,0.009823372588,0.001286330167,0.4149951637,0.3115803003,0.003722132416,0.3165054321,0.008315041661,0.002380952472,0.004761904944,0.002388345543,0.003393917577,0.002380952472,0,0,0.002380952472,0.004761904944,0.01453926601,0.01968332008,0.01496589836,0.03457113728,0.01645175181,0.01836351119,0.006188505329,0.008495748043,0.002433432033,0.009755854495,0.0006388773327,0,0,0,0,0,0,0.2801463604,0.03883977234,0.003952433821,0.02943184972,0.02013512142,0.0001213879077,0.002400838537,0.01094880048,0.0005657296861,0,0,4.874572187e-05,0,0,4.546125274e-05,8.485919352e-06,0.004035274498,0,5.354224777e-05,0.000819420442,3.110065518e-05,0,3.618073606e-05,0.0008759617922,0,0.003648432437,0,0,0.003986790311,0.7653205991,0.0001064961034,0.0008203120669,0.002197756432,0,0.0001926843106,0.0002374444448,3.886042759e-05,0,3.657827619e-05,0,0.1204483807,0.2181534618,0.001645366661,0.01897439174,0.0004208019818,0.0001605297148,3.6950918e-05,0,0,0,0,0,0,0,0,0,0,0,0,1.683674964e-05,0,0,0,0,0,0,0,0,0,9.188835065e-06,0,0,4.778576113e-05,0,0,0,0,0,0,0,0.0001796983124,0.0001839528413,0,0,0,7.710888167e-05,0,0,0,0,0,0,0,0,0,6.630014013e-06,0,0,0,3.686621085e-06
123,8.960802234e-07,0,3.046349661e-07,0,0,0,0.0003432230733,1.871063068e-05,0.0004061535292,6.1049941e-05,0.0006582089118,0.0002516204549,0.1650382876,0.200192377,0.006526266225,0.05380589515,0.0002376795455,0.0001299312135,0.0007588250446,0.0009808106115,0.0002419894736,0.001385250827,0,0,0.0001762210741,0,0.00100683677,0.002597103594,0.001619218383,0.001373614301,0.001099865069,0.002951837843,0.003499022219,0.002990321256,0.0004876969324,0.002103720326,0,0,0,0,0,0,0,0.2597251534,0.0307898391,0.003179238643,0,0.00774576515,0.003101879265,0.004638168029,0.006644302048,0.001165934722,0,0,0,0,0.0003489143855,0.00146223756,6.022453454e-05,0.0003505478089,0.0002260414185,0.0007911187713,0.001219505095,0.0002026831935,0,2.508067382e-06,0.0006159319892,0,0.0003661461524,0,4.479232416e-07,0.007383519784,0.7981083989,0.0001750703959,0.0003673713654,0,0,0,0,0,0,0.0001395073486,0.0006931017269,0.0808422789,0.3405615091,0.002541210037,0.004472414497,0,0,0,4.316196282e-06,0,5.259631871e-05,0,0,0,0,0,0,0,0,0,0,0,0,0,0,2.308667035e-07,0,0,0,0,0,0,0,0,0,0,0,0,0,0,0,0,0,0,0,0,2.891675831e-05,0,0.0002415661438,0,0,0,0,0,0,0,0,0,0,0,0
124,0.0001761475141,0,5.821994478e-07,0,0,0,0,1.66536538e-05,0.1436688751,3.829033449e-05,0.002489505569,0.00475557195,0.2931274176,0.07889550924,0,0.1144960448,0,0,0,0.001573140034,0,0.002380952472,0,0,0,0,0.03189876303,0.002380952239,0.007142857648,0.01061447524,0.02339511551,0,0,0.002380952472,0.002380952472,0.007142857648,0,0,0,0.002380952472,0,0,0,0.1468930095,0.05002560094,0.03489883244,0.06590244919,0.03453687206,0.01461634506,0.05352442712,0.04483302683,0.004690621048,0.001406361,0,0,0,0.002380952472,0.007967495359,0.00196777517,0.02116706409,0,0.002380952239,0.01590014994,0.007046030369,0.002380952472,0,0.009523809887,0.004761904944,0.0230687391,0,0,0.0001125366107,0.5378661752,0.007142857648,0.01665972546,8.324760529e-06,0.0001082740127,0.0004426433297,0,0.003056852613,0,0.01048395317,0.01236610487,0.1425560415,0.3346921504,0.004761904944,0.002277758904,7.610055036e-05,0,0,0,0.001412762911,0.002572154859,0,0,0,0,0.0008676967118,2.644838969e-05,7.09978849e-05,2.794754619e-05,0.003674705746,0,0,0,0,0,0.001577646122,0,0,0.0004402309132,0,0.0007593164919,0.0004270298232,0,0.0004946466652,0,1.116053045e-05,0,0,0,0.0001796983124,0,0,0,0,0.001544531086,0,0.001811349182,0,0,0,0,0,3.989845538e-07,0,0,0,0,0,0,0,6.794850924e-05
125,1.839522383e-06,0,1.998185871e-05,0.0002589263022,1.502857003e-06,0,0,8.446501852e-06,0.02970422991,0.005450893193,0.04550674558,0.00213633175,0.227532059,0.2949505746,0.001998189371,0.1544287652,0.0005530992639,0,0.0009713426116,0.0008083388093,0.0001696276013,5.923668141e-05,0,0.002380952472,0,0,0.01829007268,0.004147068132,0.008042418398,0.009422392584,0.008572878316,0.005615343805,0.0005986204487,0.001062665367,0.01241239533,0.01511109527,0.002536917105,0,0,0,0.002380952472,0,0,0.3471610844,0.04837714881,0.03018837608,0.005985660944,0.01147242077,0.003604270052,0.007016120479,0.0014202405,0.0008606294869,0.002380952472,0.001567097264,0.002380952239,0.002380952472,0.0173007641,0.004260099493,0.008153492585,0.02025568485,0.002380952472,0.001085601747,0.001626957208,0.000606073474,0.002849147655,0.0031222424,0.005765923299,0.01518407185,0.03556033224,0.000948285393,0.001325993449,0.01097878907,0.8997556567,0.004350878764,0.005841353443,0.01044226624,0.006582504604,0.002793733496,0.005441555288,0.0004177977389,0,0.0005663352204,0.0194513388,0.214065209,0.3827390671,0.01240062993,0.0554163754,0.01012957841,0.0008233004482,0.0001843462087,0.002380952472,0.001299150405,0.0004544678668,0,0,0,0,0,2.218925829e-06,3.967670273e-05,1.360413353e-05,6.113938434e-05,0,0,0,0,0.000190006569,0.0002487228485,1.626765311e-06,0,8.172138769e-05,0,0.0003565684019,0.0002624913177,0,0,0,0,0.0001610641775,0,0,0.0001839528413,0,0,0,9.53920221e-07,0,0,4.584902854e-05,4.961160448e-05,0,0,0,2.365270348e-06,0,0,0,0,0,0,0,1.434587193e-05,9.054274415e-05
126,0,0,3.13089331e-05,6.770639447e-05,1.01200867e-05,0.0002348039561,0.0006917141727,0.000103921484,0.02323073708,0.0004250138591,0.04879561439,0.005930739455,0.3049528003,0.3678634167,0.009429708123,0.299170047,0.001827976783,0,0.0003934229899,0.002986219013,0,0.002380952472,0,0.002380952472,0,0.002380952239,0.02805791423,0.0142857153,0.0197463613,0.01378684584,0.01103787031,0.01190476213,0.003648026846,0.004761904478,0.0004849743564,0.007142857648,0,0,0,0,0,0,0,0.259463042,0.02976193838,0.01914501935,0.004761172459,0.00951901637,0.002578562126,0.00728086615,0.0008989571361,0.0007399501628,0,0,0,0,0,0.0004756770795,9.089455853e-05,0.00481037749,0,0,0.0003205327084,0.000137040508,0.00026244935,0,0.002902474953,0.002265927615,0.03035414591,0,0,0.01844183914,0.7957633138,0.0003456783306,0.0009793557692,0.01268616784,0.0009851498762,0,0.0001019456831,0.0001850369881,0,7.459535846e-05,0.002382164123,0.1786018312,0.3143703043,0.005923340563,0.07165068388,0.00957629364,0.002871016739,0.0001911697764,0,0.0004312931269,1.127469204e-05,0,0,0,0,7.248798738e-06,0,0,0,0,0,0,0,0,0,0,0,0,0,0,9.771944315e-05,0,0,0,0,0,0,0,0,0,0,0,9.53920221e-07,0,0,0,3.087903315e-05,0,0,0,0,0,0,0,0.0002912163909,0,0,0,0,0,0
127,1.168606468e-05,0.000974953,0,0.0001170317628,0,0.0003465523769,0.00103557657,5.340357166e-05,0.01795198955,0.001938171103,0.0466004014,0.004210287239,0.3218155503,0.3982077539,0.01084567048,0.343318671,0,0.002423870377,0.0008458014927,0.0009939630982,0,0.0001602985576,0.003455388593,0,0,0.0009292399045,0.01417257916,0.01501432993,0.01176533941,0.01518979203,0.008285629563,0.007502965629,0.00602208497,0.01286454033,0.008077275939,0.008791241795,0,0,0,0,0,0.002380952472,0,0.2282725126,0.02852625027,0.01362268254,0.009336483665,0.01636531949,0.004059878178,0.007459591608,0.002512050327,0.001014930895,0,0.001260523451,0,0.0009026883054,0.0007737301057,7.983365504e-05,0.0001995524508,0.003997913096,0,0.0001781868195,0.0004231647472,1.048298873e-05,0,6.014246537e-05,0.00516704889,0.0006607237738,0.02770381607,0,0,0.03234700486,0.7452304959,0.0008733973955,0.000367060944,0.01387639251,0,0,0,4.285292016e-05,0,0.000241942922,0.004432749003,0.1655986011,0.2981980741,0.003768478753,0.04373018071,0.003305529477,0,0.0002605023328,0,0.001182565233,3.136911255e-05,0,0,0,0,0,0,0,0,0.0002383652754,0,0,0,0,0,0,0,6.064905733e-07,0,0,2.463952842e-05,0,0,0,0,0,0,0,0,0,0,0.001544531086,0,0,0,0,0,0.0001225259766,2.071154813e-05,0,0,0,0,0,0,0,0,0,0,0,0.0001860294142
128,0,0,0,0,0,0,0,0,0.0002099476842,0,0.0003563505597,0.0008637009305,0.1419031322,0.03877088428,0,0.01791319996,0,0,0,0,0.0009008430061,0,0,0,0,0,0,0,0,0,0.00147010549,0.0007464155206,0,0,0,0,0,0,0,0,0,0,0,0.1563179046,0.006876031868,0.006884237751,0.004761904944,0.005753932986,0.0007186898729,0.004761904944,0.002475199988,0,0,0,0,0,0.001177108963,0,9.516696446e-05,0.001599663752,0,0,0.0003515297722,0.0007993944455,0,0,0,0,0.0002105728636,0,0,0,0.5138408542,0,0,0,0,0,0,0,0,0,0,0.07224082202,0.1691161096,0,0.0004019748885,0,5.361453077e-06,0,0,0,0,0,0,0,0,0,0,0,0,0,0,0,0,0,0,0,0,0,0,0,0,0,0,0,0,0,0,0,0,0,0,0,0,0,0,0,0,0,0,0,0,0,0,0,0,0,0,0,0,0,0
129,7.418628229e-05,4.240998896e-05,0.0001206757006,0.001419261564,0.0001355712593,0.0009671037551,0.002172015375,0.0004807880032,0.03159856051,0.01605031081,0.0724478811,0.01287905313,0.3343645036,0.7119985223,0.0736727342,0.3806173205,0.003198045306,0.001857985975,0.006660815794,0.008532315493,0.01002290659,0.01173469611,0.01100235153,0.0007339987787,0.002483759075,0.001861707773,0.05000960827,0.043307852,0.04432656243,0.05396627635,0.05877181515,0.04813819006,0.0264541544,0.03250251338,0.03761549294,0.05493482575,0.007126091979,0,0,0.004761904944,0.002380952472,0.004761904944,0,0.2797363102,0.02524760738,0.008005243726,0.004864795133,0.006527930498,0.0006948736846,0.002552642487,0.0007716071559,0.0008733092691,0.0009938225849,0.001644800417,0.007071046159,0.001323967241,0.005029763561,0.000886909198,0.002191691194,0.005914502777,5.448327647e-05,0.0004329450894,0.0003654215834,0.0002190071827,0.002821695991,0.0008353423909,0.006728621665,0.001990231918,0.04049509764,0,0.0001481495565,0.07154727727,0.919167161,0.007715263404,0.001523288316,0.05016342551,0.004080302548,0.001763175009,0.005443521775,0.0001005823797,0,9.82365018e-05,0.02160906605,0.2069698721,0.3560560346,0.01119103655,0.1364027858,0.02505206689,0.005846219603,0.002983637387,0,0.0001860680932,5.945619341e-05,0,1.694597631e-05,0,2.851786303e-05,0,2.387389486e-06,0,0,2.643037078e-06,2.076332385e-05,0,0,0,0,0,2.31551785e-05,0,1.448110743e-05,0,2.343970118e-05,0.0003445391485,0,0,0,0,0,0.0002075749217,0,7.710888167e-05,2.891675831e-05,0.001811349182,4.584902854e-05,3.087903315e-05,0,0,0,2.649700718e-06,0,0,0,0,0,0,7.219855615e-05,0.0004655704834,0,0,7.467785326e-05,7.414658967e-07,5.288655302e-06
130,1.981723835e-05,0,6.511038373e-05,0.0002331077849,0.0001536796335,0,0,0.0005035968497,0.0121285785,0.001334560569,0.03519919887,0.004591982346,0.3624818623,0.4421360493,0.001519572223,0.3367206454,0.0004361926112,0.003816660726,0.008560514078,0.01281080022,0.008139752783,0.008611842059,0,0.004125853069,0.004761904944,0.005213279743,0.02376617864,0.01261344273,0.02020674571,0.02791216783,0.02969677746,0.02154575102,0.02077114768,0.007142857648,0.0007976259221,0.01908935979,0.002380952472,0,0,0.002380952239,0,0,0,0.3001002073,0.04501782358,0.01111508906,0.01226700097,0.007429173682,0.001847367734,0.004396227654,0.00222123065,0.0004713608942,0,0,0,0,0.000880486099,0.0001546331187,1.81525229e-05,0.003853533883,0,8.805179823e-05,0.0007455340237,8.556975081e-05,0.0003551270347,0.0001613494969,0.001003169687,0.000435642607,0.01896318235,0,0,0.004073275253,0.8295279741,0.001288102125,0.001303703524,0.002090702765,0.001643205062,0.0002706337546,0.0004447806859,0,0,0.0001485045941,0.006342239678,0.1625011563,0.2849901319,0.007115560118,0.02998297475,0.004519290291,8.10127749e-05,0.0005292253336,0.0005508239847,1.270954908e-05,4.119534424e-06,0,0,0,0,0,0,0.0002410404268,0,4.047867696e-05,1.596135917e-05,0,0,0,0,0,0,0,4.835801883e-05,0,4.892922789e-06,9.184089322e-06,0,4.126591011e-05,0,0,0,0,0,0,0,0,4.961160448e-05,0,0.0001225259766,0,2.649700718e-06,0,0,0,0,0,0,0,0,0,5.670268365e-06,0,0,0,5.384599149e-07
131,5.094153039e-06,0,1.229110148e-05,0.0001908753475,0,0.0001112417522,0,6.558025052e-05,0.02283674292,0.009629796259,0.05726210773,0.005726192147,0.3385338783,0.461673677,0.0134738544,0.2981397212,0.0001201218402,0.001658979803,0.003180675441,0,0.002211175393,0,0,0,0.002380952472,0,0.03436192125,0.006874668878,0.02338638343,0.03338494524,0.02491445653,0.01265577041,0.01532773767,0.007142857648,0.00943333935,0.02799097262,0,0,0,0,0,0,0,0.3157891631,0.04416723922,0.00970154535,0.01090970635,0.005668204743,0.002590303775,0.003184393281,0.0004772392276,0.00156421843,0,0,0,0,0.0007424758514,0,0.0009379570838,0.006283615716,0,5.386439443e-05,0.0002217027795,8.821676602e-05,0.001496582991,0,0.007450207137,0.002380952239,0.03261170536,0,0.0003086942015,0.03061850369,0.9070473909,0.0004075254255,0.005812858697,0.01390525233,0.001309785759,0,0.001063678646,0.0001079710783,0,0.0001207891401,0.005928841885,0.1983585656,0.3402891159,0.003912022803,0.07466305792,0.00654405402,0.005815149285,0.000317817321,0,7.570020534e-05,0.000135061724,0,0,0,0,0,0,0,0,0,0,9.190512174e-06,0,0,0,0,0,0,9.13169788e-06,0,2.875484279e-05,1.381459697e-05,0,0,0,0,0,0,0,0,0.0002415661438,0,0,0,2.071154813e-05,0,0,0,0,0,0,0,0,0,0,0,0,0,0,0,7.05780476e-05
132,5.43424585e-06,0,1.275139493e-05,0.0001088939898,0,0,0,0,0.01493757404,0.0005735895829,0.04235801473,0.003669098951,0.3174043,0.2652409673,0.003320751246,0.3521696031,0,0.004761904944,0.004761904944,0,0.002910089912,0,0,0,0.003470888129,0.0008939363761,0.02370994352,0.007142857648,0.006751340814,0.01792107895,0.01289408933,0.004761904944,0.004761904944,0,0,0.002380952472,0.002380952472,0,0,0,0,0,0,0.1856435537,0.01227877289,0.004372748546,0.007532239892,0.008383160457,0,0.005675546359,0.0006168769905,0,0,0,0,0,0,0,0,0.004724524915,0,0,0.0003113274288,9.963000048e-05,0,0,0,0.0007333366084,0.01405779552,0,0,0.01226031687,0.6264156699,2.796827357e-05,0.002679158701,0.008629865013,0,0,0,0,0,4.381754479e-05,0.003073533531,0.1410151273,0.2312210649,0.001238357625,0.03244974464,0,0.002380952472,0,0,0.001038107323,4.653719589e-05,0,0,0,0,0,0,0,0,0,0,0,0,0,0,0,0,0,0,0,8.073999197e-06,1.75067089e-05,0,0,0,0,0,0,0,0,0,0,0,0,0,0,0,0,0,0,0,0,0,0,0,0,0,0,0,0,0
133,0,0,0.0001188257011,0.000305405556,0,0,0,0,0.01131105889,0,0.02841159143,0.001937812311,0.2411659807,0.1304911226,0.001046844409,0.2946773767,0,0,0,0,0.002380952472,0,0,0,0,0,0.01057021227,0.002380952472,0.002804487012,0.002380952472,0.004761904944,0.002380952472,0.005406667013,0.002380952239,0.004761904944,0.01190476213,0,0,0,0,0,0,0,0.1045813262,0.005444020964,0.006803197321,0.006641368382,0.001744586974,0,0.0003305760038,0.001882616198,0,0,0,0,0,0.001876959228,0,0,0.003128414275,0,0,5.988273915e-05,3.015832226e-05,0,0,0.001354083302,0.0008837250643,0.01578935795,0,0,0.002380952472,0.3683472872,0,0.0002812778985,0.001501934254,0,0,0,0,0,1.999704909e-05,0,0.09428220242,0.1741161048,0.003300246317,0.005270188209,0,0.001483683358,0,0,0,0,0,0,0,0,0,0,0,0,0,0,0,0,0,0,0,0,0,0,0,4.244910087e-05,0,0,0,0,0,0,0,0,0,0,0,0,0,0,0,0,0,0,0,0,0,0,0,0,0,0,0,0,0,0
134,8.458086427e-07,0,6.110885352e-06,7.173269114e-05,1.612836786e-05,0.0002295256563,0.0001885221427,3.915135312e-05,0.01856053807,0.004720503464,0.05037971959,0.004501652904,0.3244235814,0.5004594326,0.01602638699,0.3255467713,0.0001211976851,0.0008246633806,0.0003747856827,0.001738127437,0.0002625471097,0.0009802188724,0,0,0.0007051402354,0.0005141369184,0.02642095089,0.007406016812,0.008256569505,0.01291729324,0.009104252793,0.005888903979,0.01168478839,0.004761904478,0.01055659167,0.01197077613,0.00571206212,0,0,0,0,0,0,0.2505190074,0.03717218339,0.009176393971,0.007967133075,0.01090226322,0.00253167795,0.006120222621,0.0006448451313,0.001036311965,0,0,0,0,0.0004080295621,0.0001970778685,0.0001600926917,0.002881467342,0,0,0.0002566872572,6.892981037e-05,0.0001519485668,0.0008664265042,0.004147023894,0.0007981844828,0.03300212696,0,0.0001523277315,0.02720120922,0.8414332867,1.503665499e-05,0.002138577634,0.0178786125,0,0,0,5.712897109e-05,0,2.211966603e-05,0.0004263980081,0.1915165931,0.317833513,0.006541699637,0.0752864629,0.0004660531122,0.006456159055,0.0004801904433,0.0001536931668,0.002587986412,2.571882032e-05,1.548948603e-05,0,0,8.077497478e-05,0,0,0,0,0,0,0,0,0,0,0,3.370841455e-07,0,1.774106977e-07,0,1.9175126e-05,1.227587518e-06,0,0,0,0,0,0,0,0,0,0,2.365270348e-06,0,0,0,0,0,0,0,0,0,0,0,0.0004930269788,0,0,0,0,0,0
135,0,0,0,0,4.095722761e-05,0,0,0,0.0135433767,0.0003545334039,0.01592863165,0.004723247141,0.2276202738,0.1374068409,0.000109884415,0.204015553,0,0,0,0,0,0,0,0,0,0,0.003294084221,0.002380952472,0.002172103152,0.001798114972,0.002880580025,0.003050327767,0,0,0.002380952472,0,0,0,0,0,0,0,0,0.1176656708,0.007384617347,0.005417936947,0.00582600059,0.01488731522,0,0.0004351511307,0,0.001822549733,0,0,0,0,0,0,0.002632356249,0.0004848529352,0,0,5.168282951e-05,0.000669249217,0,0,0.002380952239,0,0.01961334422,0,0,0.0001078032365,0.4490716755,0.001180623309,0.002861661371,1.942593735e-05,0,0,0,0,0,0.0004893569276,0.002325562527,0.08945072442,0.2021629065,0.002813250292,0.004067540169,0,0,0,0,0.0004219700349,0,0,0,0,0,0,0,0,0,0,0,0,0,0,0,0,0,0,0,0,0,0,0,0,0,0,0,0,0,0,0,3.989845538e-07,0,0,0,0,0,0,0,0,0,0,0,0,0,0,0,0,0,0.0003682551323,0
136,5.993315995e-07,0,0,0,0,0,0,2.855865023e-05,0.0006986903609,0,0.0009771439945,0.0004254675587,0.1733611226,0.05625945702,0,0.03617551178,0,0,0,0,0,0,0,0,0,0,0.0004225329321,0.001558829797,0,0.0006148936227,0,0.001141089131,0,0,0,0,0,0,0,0,0,0,0,0.1519184858,0.009178797714,0.005711054895,0.01125549898,0.008260898292,0.001034232322,0.004761904944,0.001209051348,0,0,0,0,0,0.003017432522,0.0006416578544,0.0006443796447,0.0009474182734,0,0,0.0003855960967,0.001361417817,0,0.001778644859,0.001979673747,0.0006169980043,0.0004226657038,0,2.683187813e-05,8.00673206e-06,0.523204267,0,0.0001918388443,2.001832399e-06,0,0,0,0,0,0,0,0.09361293167,0.1856324077,0.004983909428,0.001441848464,0,0,0,0,0,6.963896158e-05,0,0,0,0,0,0,0,0,4.407169035e-05,0,0,0,0,0,0,0,0,5.558553676e-05,0,0,0,0,0,0,0,0,0,0,0,0,0,0,0,0,0,0,0,0,0,0,0,0,0,0,0,0,0,0,0,0
137,0,0,0,0,0,0,0,0,0.0007223667344,5.717032309e-06,0.0001889786508,0.0002665625943,0.1863885075,0.04647592455,0,0.01557813678,0,0,0,0,0,0,0,0,0,0,0.002380952472,0,0,0,0,0,0,0,0.0004130679881,0.001008271705,0,0,0,0,0,0,0,0.1571792662,0.04109336808,0.02255709656,0.02679195069,0.02614420094,0.003027682658,0.009339669719,0.01774610579,0.002014183905,0,0,0,0,0.002380952472,0,0.0003345702717,0.008047019131,0,0,0.00382775208,0.0006025591865,0,0.001480728737,0,0.0009646349936,0.002354674507,0,0,0.0001138641601,0.6389151812,0,0.007724542171,0,0,2.179984585e-05,0,0,0,0.001826262451,0,0.1609611064,0.3668119907,0.005249743816,0.001558719436,0,0,0,0.000585672853,0.0004537156492,0,0,0,0,0,0.002380952239,0,0,0,0.0006497551803,0,0,0,0,0,0,0,0,0.0002114783565,0,4.654444274e-05,0,0,0,0,0,0,0,0,0,0,0,0,0.0002912163909,0,0,7.219855615e-05,0,0,0,0,0.0004930269788,0,0,0,0,0,0,0,6.525685876e-06,1.49148434e-06
138,0,0,0,0,3.509356975e-05,0,0,0,0.0007218670798,0,0.000262915506,0.0001620026451,0.1906148642,0.07010105997,0,0.02545019239,0,0,0,0,0,0,0,0,0,0,0.0003154265287,0,0,0,0,0,0,0,0,0,0,0,0,0,0,0,0,0.1499367058,0.03843419626,0.01223719399,0.02850840986,0.02100336924,0.002711942652,0.008349340409,0.005358018447,0.001690746401,0.0009005081374,0,0,0,0.001752288779,0,0.001339078182,0.01227910537,0,0.0008656952414,0.002467161277,0,0.0001402631606,0,0.0004690163478,0,0.002464384306,0,0,8.507967141e-05,0.5778968334,0.002639043378,0.003055125009,3.269546198e-07,0,0,0.0001086500706,0,0,0.0008365471149,0.002380952472,0.1155207977,0.3289273679,0.0008752724389,0.001235202421,0,0,8.673623029e-07,0,0.001722045941,0.0002185136545,0,0,0,0,0,0,0,0,0,0,0,0,0,0,0,0,0,0,0,0.0001200516417,3.183470835e-05,0,0,0,3.743155276e-06,0,0,0,0,0,0,0,0,0,0,0.0004655704834,0,0,0,0,0,0,0,0,0,0,0,0,0,7.98081237e-05
139,3.867543796e-07,0,3.328645164e-07,0,0,0,0,8.681821782e-06,0.0002905135043,1.357693873e-05,0.0002359168429,0.0003236782213,0.1396383345,0.1532912701,0.0004909096751,0.01047938038,0,0,0.0001618617971,0,0,0,0,0,0,0,0.0001674181549,0,0.000523670984,0.0002048850874,8.944153524e-05,0.0006343532586,0.0004666184541,0,0,0,0,0,0,0,0,0,0,0.2655779421,0.02661599591,0.002714845585,0.009440589696,0.0245515313,0.003744405461,0,0.004950247239,0.00116795802,0,0,0,0,0.001217115088,0.002194914501,0.001257939381,0.001064994722,0,0,0.001046651509,0.0008051818004,0,4.236914174e-05,0,0,0.0002084555163,0,0,9.593391587e-05,0.8192439675,0.0001551242021,0.0006448117783,2.265259127e-06,0,0,0,0.0001073144449,7.058195592e-07,0,8.074341167e-05,0.07835379243,0.388469249,0.002377544995,0.0009645111859,0,0,0,1.927905714e-06,0.001262271428,0.0001087407945,0,0,0,0,0,0,0,0,0,0,0,0,0,0,8.257665286e-06,0,0,0,0,0,0,0,0,0,0,0,0,0,6.630014013e-06,0,0,0,0,0,0,0,5.670268365e-06,0,0,0,0,0,0,0,0,0,0,0,5.448038792e-06,0
140,0,0,0,0,0,0,0,0,0.0005181867164,0,0.001159355859,0.0007904870436,0.1611695737,0.09633488953,0.0006044904585,0.03495584428,0.000268427917,0,0,0,0.001109964447,0,0,0,0,0,0.0008147879271,0,0,0.001678544329,0.0004874707374,0.005103577394,0,0,0.0008848797297,0,0,0,0,0,0,0,0,0.1779761463,0.005674954038,0.001229940332,0.004255602602,0.009523809887,0,0.002077132231,0.004193698987,0.0003499258019,0.0005881363177,0,0,0,0.001067411504,0.0003559805336,0.0004023281508,0.0007914860034,0,0,0.0005747168907,5.54287144e-05,0,3.345730511e-05,0.002380952472,0,0.0006559684407,0,0,0.003406424075,0.6866342425,0.0001785000204,0,6.428083725e-05,0,0,0,0,0,0,0.001281112083,0.07036755234,0.2131433785,0.0004915457102,0.00344123994,0,0,0,0,0,0.0008928423631,0,0,0,0,0,0,0,0,0,0,0,0,0,0,0,0,0,0,0,0,0,0,0,0,0,0,0,0,0,0,0,0,0,0,0,0,0,0,0,0,0,0,0,0,0,0,0,0,0,0
141,0,0,0,0,0,0,0,0,0.0004753925314,0.0001494995959,0.0009250570438,0.0008042752161,0.1259388179,0.08866048604,0.002380952472,0.0221663788,0,0,0,0,0,0,0,0,0,0,0.001303375699,0,0.0003059061128,0,0.0001932156447,0,0.0007180289249,0,0.000258132437,0.0008265277138,0,0,0,0,0,0,0,0.1813843697,0.003331612563,0.001703512156,0,0.009523809887,0,0.002942873864,0,0,0,0,0.002380952472,0,0.0003636867623,0.002193813212,0.0006941268221,0,0,0,9.532582044e-05,0,0,1.608279126e-05,0.00044306161,0,0.0002054368961,0,0,0.0002293189609,0.6593405008,0,0,0,0,0,0,0,0,0.000239066183,0,0.08721734583,0.201700449,0.0002956212265,0,0,0,0,0,0,0,0,0,0,0,0,0,0,0,0,0,0,0,0,0,0,0,0,0,0,0,0,0,0,0,0,0,0,0,0,0,0,0,0,0,0,7.467785326e-05,0,0,0,0,0,0,0,0,0,0,0,0,0,0
142,3.607028339e-05,0,0.0001207874302,0.0008115963428,5.706679985e-06,0,0,0.0002168179053,0.02208844386,0.003569796216,0.06462071091,0.006966474,0.1918415576,0.5437425971,0.01112140901,0.3692678213,0.00176235917,0,0,0.001155971084,0.002477719681,0.002818974433,0,0,0.001917748712,0.0027096821,0.03333811834,0.006104090717,0.01268112101,0.0185157042,0.0230199825,0.0157135874,0.006840872113,0.007142857648,0.01369231474,0.00969820749,0.002380952472,0,0,0,0,0,0,0.3332907259,0.009923209436,0.004929563031,0.001318535069,0.001214104122,0.0002482822165,0.001307280734,0.0001829183748,0.001102592098,0.0008866945282,0.002380952472,0.002380952472,0,0.002702796832,0.0001523026294,0.0009166122763,0.004289681558,0,0.0007229464827,0.0001845664665,0.0002434232738,0.002380952472,0.001663964009,0.007359905168,0.00266549876,0.03281408921,0,0,0.01086680591,0.9354980588,0.005713110324,0.001057791291,0.007803083397,0.0006872923113,0.0005262785126,0,3.596732495e-05,0.0001960257796,0.0001236282405,0.00598136289,0.200502947,0.3878081739,0.007328802254,0.05099014565,0.004762975033,0.0001009970438,0.0005855202326,0.0003041426826,1.43509551e-05,2.744173071e-05,0,0,0,1.763746332e-05,0,0,0,3.083141337e-06,2.018145096e-06,0,0,0,0,0,0,0,0,4.516786248e-06,0,2.819939073e-05,0,0,0,0,4.549401274e-05,0,0,0,0,0,0,1.434587193e-05,0,0,0,7.414658967e-07,0,0,0,0,0,0.0003682551323,0,6.525685876e-06,0,5.448038792e-06,0,0,0,2.723629393e-07
143,6.595061132e-05,4.786868885e-05,0.0001192562704,0.001198923914,3.555796866e-05,0.004316268489,0.0002471526095,0.0006853405503,0.01878213882,0.004093744792,0.05257450417,0.007269663271,0.3742814958,0.6909510493,0.01774060167,0.3731402457,0.00455514947,0.008547649719,0.001826127176,0.00937167462,0.01435517613,0.01243690122,0.01190476213,0.00829672534,0.01425686385,0.01499291882,0.03919926658,0.03521174565,0.04769537598,0.07897482067,0.05879486352,0.05332414433,0.02938415855,0.02140470967,0.03440051153,0.04486891627,0.007142857648,0,0,0.003157816362,0,0.002380952472,0,0.3026414812,0.06441669911,0.01660840958,0.01428365149,0.0207152497,0.002774745226,0.004937799182,0.002157389419,0.0009646422695,0.0004019398184,0.0002852564212,0,0.002380952472,0.001960618654,0.0003138067841,0.0002732954745,0.00521404855,0,0.00052165956,0.0003283176047,8.573634113e-05,0.001655365573,0.0003801053681,0.003013073001,0.0008379654028,0.0283626616,0,0.0002333644516,0.0124726519,0.9190702438,0.0003123683273,0.001863831654,0.00768064009,0.003638953436,0.0003552397538,0.0003222077212,4.06459003e-05,0,0.0001079210269,0.005802764092,0.1920171231,0.3347404003,0.007194308564,0.08788655698,0.008927643299,0.0005986823235,0.0001678397384,0,0.0001102554888,5.105584933e-05,0,0.000608551607,0,0,7.017020107e-05,1.64121011e-05,0.0002556566906,0,5.873617283e-06,0,0,0,0,0,1.907408114e-05,0.000134825852,0.0001867394021,5.29012359e-05,0,1.105924457e-05,0.0005991628859,0,6.118194142e-05,0,1.56999904e-05,0,0,0,3.686621085e-06,0,6.794850924e-05,9.054274415e-05,0,0.0001860294142,0,5.288655302e-06,5.384599149e-07,7.05780476e-05,0,0,0,0,0,1.49148434e-06,7.98081237e-05,0,0,0,2.723629393e-07,0
