ROI_ID,1,2,3,4,5,6,7,8,9,10,11,12,13,14,15,16,17,18,19,20,21,22,23,24,25,26,27,28,29,30,31,32,33,34,35,36,37,38,39,40,41,42,43,44,45,46,47,48,49,50,51,52,53,54,55,56,57,58,59,60,61,62,63,64,65,66,67,68,69,70,71,72,73,74,75,76,77,78,79,80,81,82,83,84,85,86,87,88,89,90,91,92,93,94,95,96,97,98,99,100,101,102,103,104,105,106,107,108,109,110,111,112,113,114,115,116,117,118,119,120,121,122,123,124,125,126,127,128,129,130,131,132,133,134,135,136,137,138,139,140,141,142,143
1,0,0.0005300614866,0.006608515512,0.007700894959,0.1473054886,0.5151193738,0.006493629888,0.06425622851,0.008706910536,0.01180098765,0.0118783582,0.04268577695,0.01330034249,0.05492690951,0.05354884639,0.01975524984,0.01903565601,0.1460208744,0.1869480014,0.1187848896,0.07199589908,0.08721793443,0.1202806979,0.08812596649,0.0174040217,0.07005921006,0.03866682202,0.1187943369,0.1534016281,0.1234757677,0.08170238882,0.102726914,0.1224331111,0.07322651148,0.03012056462,0.0663176626,0.03063888662,0.02872222848,0.01985435374,0.009852916002,0.01620692946,0.009292789735,0.001813334413,0.01363366283,0.006411914714,0.0068906378,0.01010331325,0.006961276289,0.006924525369,0.009568742476,0.007962084375,0.006771631539,0.006612898782,0.001507738838,0.002716036513,0.004316738341,0.01564491168,0.008146681823,0.004075863864,0.01097559929,0.00306158117,0.005643785931,0.01261789352,0.00863978453,0.00135883328,0.003827410983,0.006502874196,0.002256026957,0.006088669412,0.003198402002,0.001357873785,0.02637506835,0.01774776168,0.005101006478,0.009154517204,0.001866701408,0.001029619016,0.0004579673987,0.0007194348145,0.006324336864,0.0005177494604,0.01110990439,0.007359521929,0.009952962399,0.008842024952,0.007661920972,0.003996926825,0.00166404841,0.002130120294,0.001046915539,0.001221826766,0.008774832822,0.01040553674,0.4657195807,0.05314163119,0.1333764642,0.01278654486,0.01935074478,0.04588478431,0.02534602769,0.009384214878,0.0101475399,0.06478996575,0.009397413582,0.004873165395,0.002511929721,0.001776204328,0.001375888824,0.1215751022,0.002832859289,0.005831887946,0.001485810964,0.00380574679,0.001627105055,0.005553295836,0.0006629506242,0.01354018413,0.1939733326,0.002623795066,0.0004307444033,0.000534819148,0.001083730604,0.0003958407324,0.1277997345,0.9964385033,0.5426360369,0.005227481481,0.002097077202,0.008511219174,0.00617417274,0.8889524341,0.1667085588,0.09234950691,0.01673911326,0.061852213,0.003099302528,0.01043060515,0.005606980063,0.0003486256173,0.00213941629,0.0003371071361,0.009721729904,0.007659285795
2,0.0005300614866,0,0.0001606714941,0.0009721126407,0.194671005,0.1571080983,8.377584891e-05,0.1454255432,0.02264108695,0.006474774331,0.003744292306,0.06894056499,0.0595321469,0.03477391601,5.818686623e-05,0.05924708396,0.07490454614,0.2885235846,0.2847565114,0.2644380033,0.2326579094,0.2647819221,0.2909695208,0.217573449,0.09024565667,0.2022951841,0.106117934,0.1820946336,0.191880092,0.181005463,0.1554565132,0.1694837362,0.1891707182,0.1366837621,0.08992147446,0.1526073664,0.1144481376,0.04026528448,0.05612853542,0.06011060625,0.06456383318,0.04435581714,0.005180424545,0.05842261016,0.01365444623,0.009389535524,0.01659551077,0.007782823872,0.01248806156,0.01561430097,0.02206334099,0.007178523112,0.001952835592,0.002855964703,0.006907853764,0.001808576169,0.02476899512,0.01163046993,0.009023691528,0.004363799468,0.002626460278,0.00616744021,0.02297170646,0.01198825426,0.0006896455889,0.005015160423,0.001512984629,0.004194422625,0.003696645843,0.003727185773,0.00137943076,9.436789696e-05,0.01917034574,0.004403492436,0.01064734347,9.964314086e-05,5.458608211e-05,0.0002313647128,0.0009137211018,0.003689494682,0.000336890429,0.01429198217,0.001247693319,0.007475990802,0.008780977689,0.004435069859,0.0003272632894,0.0007030434208,2.257583947e-05,0.0004706762556,0.001019165153,0.01067684963,0.007143967785,0.6466480494,0.1299177408,0.2334831506,0.04103624448,0.0662940219,0.072189264,0.04531904683,0.03666293249,0.03840119019,0.01960614882,0.001998648746,0.002560270019,0.0003151630517,0.0031091813,0.001966201467,0.06232599914,0.001818706398,0.01107476465,0.001377454726,0.004282464739,0.003725843271,0.0003208856215,0.0006879616412,0.006461271085,0.02680799551,0.0002746740647,4.308056668e-05,8.575895481e-05,0.0005610757507,0.0003430480137,0.002329957904,0.9650111198,0.2564045191,0.004833121318,9.431395301e-05,0.0148276668,0.001821525628,0.759163022,0.05949958041,0.03048653714,0.01272428688,0.001206544228,5.683660856e-05,1.368309586e-05,5.752761717e-05,0.0001222163701,0.000267932337,0.0002131664223,0.003921248484,0.002239543945
3,0.006608515512,0.0001606714941,0,0.001053723274,0.3175278306,0.1730132401,0.0003333573986,0.124208495,0.01549347304,0.00782096386,0.005704454146,0.02173612453,0.02045516111,0.007237688638,0.001487892354,0.025333656,0.09532336891,0.3164476156,0.3065651655,0.3045972586,0.2758469582,0.2886992395,0.3013589084,0.2537159324,0.1061631143,0.223570928,0.1134068146,0.1936557442,0.1894665509,0.1825867891,0.1598740816,0.1675796211,0.1620111316,0.1081371903,0.09735565633,0.1494809836,0.1316763312,0.05182229728,0.05006849766,0.06447312236,0.04291213676,0.03441042081,0.007892788388,0.02119474858,0.01415171567,0.01351699233,0.01712055504,0.0274395775,0.02008364908,0.01734061353,0.01717827283,0.01074224338,0.001368737314,0.0004057093756,0.003910726402,0.002079835394,0.01103107538,0.008594652638,0.002503472846,0.008177003823,0.001521141618,0.01245835517,0.02105045132,0.01382730436,0.0003694152401,0.001548601547,0.01120261289,0.003575631185,0.007527021226,0.003942290321,0.000511227001,0.000860338565,0.01156673022,0.007724307012,0.01488140598,0.0002821376838,0.0001850633125,0.0001483684027,0.001808367088,0.009407660924,0.0001707266492,0.01729972474,0.007156521082,0.01165114157,0.01186177973,0.01295378525,0.002164550126,0.0006854415988,0.0002058712707,0.0003478715662,0.0008286150987,0.01666066237,0.01653529331,0.5400406718,0.0587307103,0.1567424238,0.01588311046,0.02492991462,0.06457088888,0.02402024344,0.01243136916,0.01448663604,0.02433715574,0.0007054549642,0.0007516597398,0.00110976561,0.0003288705484,0.0005258644233,0.09019334614,0.001799538033,0.005956918467,0.0005905964645,0.005304071587,0.001071788371,0.002402538201,0.0002092077484,0.007348720916,0.07907944173,0.0005019888631,0.0001407966192,0.0002023029374,0.0005458313972,0.0001899770577,0.003244192107,0.9840324521,0.3650613427,0.004620681517,0.001447084476,0.01076138299,0.008751998655,0.8193552494,0.1082297489,0.04836678877,0.01385671366,0.002972069429,0.000425490638,0.000328187336,0.0003210294526,0.0001194855722,0.001261755358,0.0002309695992,0.01182877086,0.009162290022
4,0.007700894959,0.0009721126407,0.001053723274,0,0.184684664,0.1204679981,0.001255415031,0.1086109504,0.04630309716,0.04537929595,0.01462800801,0.06658808887,0.06654781103,0.01902432181,0.003172773169,0.06040536612,0.06592225283,0.1708608717,0.1721253991,0.1591425091,0.1485029161,0.1596326679,0.1744911075,0.1425781548,0.06670551747,0.1338802427,0.08884960413,0.1153845489,0.1183478832,0.1115800068,0.1064110547,0.1084199846,0.1135931909,0.1037114039,0.07118488103,0.107460849,0.09179327637,0.06446478516,0.08335703611,0.05625621602,0.06841643155,0.04597857967,0.01231696457,0.03943448514,0.02182266675,0.02061474323,0.03649289161,0.01715230756,0.04089869559,0.02963575721,0.04003386945,0.01649862342,0.01330381166,0.004343470093,0.0134196775,0.003023746191,0.0361886546,0.04472053424,0.0160389524,0.02094073594,0.003526083659,0.01829698309,0.04585045576,0.02937340178,0.002899112878,0.01027101185,0.003384266747,0.01585671306,0.01237739157,0.007416619454,0.003839682322,0.01495022606,0.01733399555,0.01239398867,0.02727581561,0.005282694474,0.009044717066,0.002860811539,0.005896936171,0.01500811614,0.00193973491,0.03135663643,0.009647680447,0.01344591286,0.01156500634,0.008157553151,0.007194230799,0.01092908159,0.001130083227,0.005621644203,0.006900011562,0.02400719561,0.02868067287,0.6652780175,0.1736540794,0.2979029417,0.07227206975,0.09556622058,0.1357914954,0.0405616723,0.04436351731,0.04853056744,0.01942153648,0.002954698633,0.001299139112,0.0008436984499,0.003182864282,0.004802582785,0.09437895566,0.002890278352,0.01559668407,0.004028264433,0.01359373797,0.007739139255,0.001099768211,0.001104521914,0.01052375603,0.06723653525,0.001043616328,0.000892701617,0.0009277728968,0.003096129978,0.0008793954039,0.02464974299,0.9806157947,0.3078364432,0.007326111663,0.001360431081,0.03081779368,0.009508503601,0.7701289058,0.06970516592,0.03662143275,0.01570912078,0.007135949563,0.001052036532,0.001433546655,0.0009545707144,0.000869612617,0.00102779048,0.0009587002569,0.03009537421,0.01634054631
5,0.1473054886,0.194671005,0.3175278306,0.184684664,0,0.8336299658,0.4994726777,0.2217405736,0.09968922287,0.2057800889,0.1486173868,0.3107204735,0.04888687655,0.2225070447,0.1965905279,0.1994096786,0.5081805587,0.4773923457,0.4986962676,0.5124639273,0.5007563233,0.4807932079,0.4009821117,0.3334020972,0.431828022,0.483204335,0.3487775326,0.2897481918,0.3619757593,0.3950954378,0.3665086031,0.3508893549,0.3170209825,0.224634558,0.3020215034,0.3223827183,0.2255543023,0.04144103453,0.06939339638,0.1477514356,0.06555604935,0.0630172044,0.006012099795,0.04473682866,0.03522756696,0.08169722557,0.05429086462,0.04108582065,0.04419126734,0.06485787034,0.05527013168,0.1143134758,0.06964749098,0.06595297903,0.08019521087,0.08185685426,0.154034704,0.09913314879,0.1780615896,0.1076925918,0.05940148607,0.08394844085,0.1068396121,0.106938608,0.09450308233,0.1582100093,0.07636834681,0.09219519049,0.08753094822,0.1319079995,0.1480100304,0.1288190037,0.0904917419,0.05540964752,0.1040237993,0.1348630786,0.05733847618,0.06513255835,0.08461920172,0.1250441968,0.138817504,0.105470553,0.06509944052,0.09407092631,0.1003764346,0.1071674079,0.04947918281,0.0389833115,0.2357053906,0.1724578887,0.1022244841,0.07011120766,0.1097775698,0.6255100369,0.1731062979,0.1346945614,0.2142860144,0.1579295993,0.1189175025,0.293840915,0.207506299,0.1586722732,0.3879468143,0.3410516083,0.3366340101,0.2932241559,0.2914873362,0.2953249812,0.4368239045,0.3325771987,0.1789106876,0.2701121569,0.152383849,0.2335951775,0.3368827999,0.1664647311,0.3487372994,0.5377321243,0.286791563,0.1304958463,0.2970109582,0.1850274801,0.1438889056,0.5222702026,0.9967673421,0.8358547091,0.1696493179,0.3053723276,0.2296428084,0.1983859837,0.9681504369,0.5716772079,0.5220127702,0.2317423075,0.5569560528,0.3637853861,0.3855988085,0.3762252927,0.1828620434,0.2379379421,0.1344788074,0.2716289759,0.2190969139
6,0.5151193738,0.1571080983,0.1730132401,0.1204679981,0.8336299658,0,0.03682748228,0.3526675105,0.3405689597,0.05374548957,0.1332601905,0.0866735056,0.258865118,0.0652198419,0.01414865628,0.1242483184,0.4731071293,0.4929469824,0.5674397349,0.6024909019,0.5568173528,0.4908820093,0.2823815346,0.2033151388,0.3447321057,0.4523515403,0.2469395101,0.1425185353,0.281157285,0.3599599004,0.3244344592,0.2082564086,0.1329677403,0.06936149299,0.1432887465,0.1940181851,0.1444687247,0.02380952425,0.05308600888,0.07934839278,0.03954551369,0.05136422068,0.009523809887,0.1454717368,0.1286084652,0.1638287604,0.2473753393,0.1927095205,0.2993943095,0.2643355727,0.3703235984,0.3144394159,0.03365461901,0.03399982676,0.01666666754,0.03333333507,0.04277100414,0.2479550391,0.2857819796,0.12983872,0.04046685994,0.1875420213,0.4024373591,0.4156264663,0.04633379728,0.1085809544,0.1133578718,0.1457477957,0.3110652566,0.1933396012,0.1421775073,0.0998628363,0.09172059596,0.2008108497,0.2585392594,0.05347539857,0.03095238283,0.01666666754,0.05760867149,0.3267698884,0.07188732177,0.407856971,0.08403551579,0.1930322796,0.158906132,0.2131547034,0.02631401643,0.01190476213,0.06136785075,0.08990541846,0.03641652688,0.3268841803,0.3883107305,0.8945378065,0.5144747496,0.635091126,0.4454458952,0.4527479112,0.5784929395,0.4992765486,0.4602484107,0.4686970413,0.5045742989,0.2488791943,0.4183010161,0.4350352585,0.3825311661,0.3517391086,0.7330479026,0.3538996279,0.4333620369,0.2234119177,0.4112349749,0.3975250125,0.5329672694,0.2954903841,0.5245105028,0.6642009616,0.3497474492,0.1394209862,0.205328837,0.1448052078,0.2208901644,0.1868382692,0.9979287386,0.9208731055,0.404278338,0.4570091069,0.4447637498,0.3868794143,0.9737862945,0.6413383484,0.5861232281,0.509429574,0.4414243698,0.3874625862,0.16303505,0.2087996751,0.2007122338,0.4246258736,0.1825261265,0.5213841796,0.4367741048
7,0.006493629888,8.377584891e-05,0.0003333573986,0.001255415031,0.4994726777,0.03682748228,0,0.008102354594,0.02431139722,8.498871466e-06,0.002510380931,0.004984670319,0.02132190391,0.003625858808,9.245743422e-05,0.006862672046,0.008844680153,0.003936244175,0.001333989552,0.0104054641,0.00479920255,0.006483620964,0.001144455746,0,0.001773938769,0.005399328191,0.002392634517,0.002380952472,0.002380952472,0.002717602532,0.002380952472,0.00160692737,0,0,0,0,0,0,0,0,0,0,0,0.003136522602,0.004761904944,0.01565544307,0.006082455628,0.01633024402,0.03351923451,0.01981579326,0.04592166841,0.04542108253,0,0,0,0,0.004761904944,0.02474428155,0.01207138412,0.004042416345,0.004761904944,0.03110967018,0.1370584071,0.1228600442,0.0007733844104,0,0.001349257887,0.0142857153,0.02564415149,0.01662034169,0.01656338945,0,0.00535801379,0.01533165853,0.03702163696,0,0,0.0009572569397,0.002380952472,0.03460192308,0.0008049754542,0.1232471317,0.004761904944,0.004033221398,0.01501118205,0.005366282538,0.0009408071055,0,1.37953939e-05,0.0004353634722,0,0.02369478717,0.07569004595,0.5479577184,0.2895137668,0.3706128001,0.1864071488,0.1861151308,0.1734133065,0.2146977782,0.2176476866,0.1534334272,0.1285412312,0.01190476213,0.05455324426,0.08471795171,0.04083555564,0.01219093706,0.5024958253,0.02293460071,0.1486324519,0.0142857153,0.04997913912,0.05339016765,0.1216668561,0.02203787863,0.156728223,0.158948347,0.04719071835,0.01134207193,1.910563151e-05,0.003845238592,0.009010271169,0.0007939562784,0.9617809057,0.6342726946,0.1180608347,0.0587897338,0.05049151182,0.003085691947,0.9007357359,0.2614806592,0.207196936,0.2851880193,0.003667464945,0.001996382372,1.044717101e-05,0.0002858013613,0.001002093428,0.09389137477,0.01091971435,0.00855071377,0.005244127009
8,0.06425622851,0.1454255432,0.124208495,0.1086109504,0.2217405736,0.3526675105,0.008102354594,0,0.08536610007,0.08964306116,0.1120402217,0.1166533306,0.1613543481,0.0689985007,0.008735459298,0.05777457356,0.07377719879,0.2951517403,0.3297163546,0.2524232566,0.1841879934,0.2068528682,0.2566601038,0.1904309243,0.04732421041,0.1531060636,0.1049202979,0.2230980396,0.2685158551,0.2268219143,0.1678296328,0.1946884245,0.2223678678,0.1353748441,0.06181355193,0.1260121465,0.09271780401,0.06841380149,0.06141546741,0.03254189715,0.04909970984,0.0307161063,0.005245974753,0.1755771935,0.1448590904,0.1945550293,0.1885908097,0.1732959151,0.209076643,0.2178212255,0.2024721801,0.2426216453,0.1702705771,0.1513853371,0.1762233973,0.1726743281,0.1958776116,0.2566914856,0.244424805,0.1818174571,0.2211575955,0.2129333466,0.2175813615,0.2506480217,0.1103096232,0.1379170865,0.2004602104,0.2621376216,0.1977710873,0.2651565671,0.1087454483,0.08591721952,0.1053682491,0.2350295037,0.214127779,0.05116456375,0.05515758321,0.05474267527,0.08024410158,0.2555745244,0.06579840183,0.2305135727,0.1641218215,0.1867450029,0.1908011138,0.2229962498,0.09469742328,0.06543672085,0.0484476462,0.05327721313,0.07081972808,0.2299042046,0.2269000858,0.6527369618,0.1867045462,0.2845104933,0.1659908295,0.1640429944,0.2165482938,0.1935269088,0.1918539554,0.2043050081,0.3145461082,0.3034718633,0.2791210413,0.2565533519,0.3278049827,0.3332653046,0.3044469357,0.3255016208,0.2706835866,0.3309428096,0.2883622348,0.3221346438,0.1786424667,0.1414046884,0.3229268491,0.3330792487,0.1427162737,0.05239358917,0.05990212411,0.262244761,0.09036917984,0.1317108721,0.9966961741,0.6784901619,0.2791538239,0.09608532488,0.2465545684,0.2465653867,0.9114372134,0.372466445,0.3196947277,0.2431686968,0.2078164816,0.07581780851,0.07443917543,0.05734197795,0.04145561904,0.1031410173,0.0546884425,0.239673838,0.2477777153
9,0.008706910536,0.02264108695,0.01549347304,0.04630309716,0.09968922287,0.3405689597,0.02431139722,0.08536610007,0,2.441220431e-06,2.574493919e-05,8.095527301e-05,6.051811852e-06,4.090343646e-05,7.226666639e-05,1.538876495e-05,0.01534838695,0.02111650817,0.03840512037,0.03233819455,0.01512876153,0.01009306684,0.007830679417,0.006804434583,0.002605195623,0.005983364768,0.0002428672597,0.001356136869,0.001885650214,0.001324386219,0.0004894993035,0.0007292493829,0.0008052447811,0.0005570591311,0.0001212226343,0.0002856244682,0.001448925002,0.002037680475,0.00122758979,0.0004901951179,0.0008716831217,0.0001811070106,0.000138197167,4.265373354e-05,0,0,0,2.268404569e-05,2.467478225e-05,5.368161965e-06,2.966554575e-06,1.636629349e-05,0,0,1.797045115e-05,3.050711939e-06,2.96659573e-06,1.958230678e-05,1.443056681e-05,0,0,2.905527253e-05,4.082968371e-05,4.743506361e-05,0,7.123725936e-06,3.671454033e-05,2.983425475e-05,5.686586519e-06,0.0001404520299,1.38178566e-05,4.156328214e-05,5.8984715e-06,9.87353269e-06,2.091592251e-05,1.596068796e-05,5.878807769e-06,0,6.032779766e-06,0.0001254620583,1.166992479e-05,0.0002122552396,1.846797386e-05,0,0,0.0001129805387,0,0,5.740323832e-05,3.344906872e-06,5.971984137e-06,9.345697617e-05,0.0001498349448,0.4388696849,0.02895103581,0.03118139878,0.009105059318,0.007839418016,0.003808752634,0.02177060023,0.006741291843,0.003599432996,0.02014198527,0.007012200542,0.00765158888,0.009646864608,0.05977832526,0.01618818566,0.03262164071,0.01804566383,0.003336138325,0.02421264537,0.001392297563,0.004966411274,0.001519546495,0.004727019928,0.0089428192,0.09460134059,0.002522030612,0.0003534953576,4.459312186e-05,0.0005311352434,0.0006833554362,0.05975097418,0.9724683166,0.3171224296,0.002576008439,0.0005727227544,0.001674914267,0.001102215145,0.711274147,0.02615048736,0.01580839418,0.01369588356,0.1032073721,0.003984794952,0.001204003813,0.003268551314,0.0003973762796,0.0005994830863,0.0004517548077,0.002135455376,0.0004420290934
10,0.01180098765,0.006474774331,0.00782096386,0.04537929595,0.2057800889,0.05374548957,8.498871466e-06,0.08964306116,2.441220431e-06,0,1.187268936e-06,6.076099453e-06,3.413900777e-05,0.0001197035454,0,1.404519389e-05,0.03755743429,0.02382844873,0.04098812491,0.0352306515,0.01677427068,0.01083755493,0.005143478047,0.003548407694,0.005361078773,0.005950603634,0.0005587324849,0.0012843929,0.0020209637,0.00138320541,0.0007653638022,0.0008936427766,0.00153662113,0.0004995940253,0.0002622717584,0.0005167164491,0.003404988674,0,0.0003135133593,0.0001330248197,0.0003387758625,0,0,0.0003600487253,0,0,0.000600350264,0,0,0.0004148392181,0,0.001430574455,0,4.711088332e-05,1.184224948e-05,3.162477515e-05,3.049249608e-05,4.557357533e-05,2.276529813e-05,0,0.0001717063424,0.0001521609811,0.0003088632948,0.0002294034057,0,2.869042191e-06,0,0,9.663357332e-07,0.0002290304838,1.17188365e-05,0,2.142158883e-05,0,0,8.264040616e-07,2.366122999e-06,0,4.458155217e-06,7.309479406e-05,4.218777121e-06,0.002022730652,0.0002141702134,0.0002672860865,0.0003441385343,0.001727467868,0,0,0,2.716031986e-06,0,0,0.0004201089614,0.4443794489,0.1018441319,0.07296495885,0.04076201841,0.03406863287,0.02742509916,0.03492849693,0.05903556198,0.0445276238,0.02469652519,0.01197139733,0.009944593534,0.004486668389,0.06272695214,0.0183912944,0.06205458567,0.01613882929,0.0366669409,0.01035877876,0.005994990002,0.02334967628,0.001084980438,0.003797244979,0.01745508797,0.03181268647,0.0005335247843,2.282699825e-05,5.830446389e-05,0.000211638544,0.0006813901709,0.001092724386,0.8291582465,0.2090739757,0.01951790601,0.0001926379919,0.01666908152,0.004766983911,0.6220778227,0.03301094845,0.02243434265,0.03154342249,0.004194309469,0.0001230208291,3.760588925e-06,5.104740558e-05,9.308677545e-05,0.0004394901334,0.0001378171728,0.007216890808,0.003171328921
11,0.0118783582,0.003744292306,0.005704454146,0.01462800801,0.1486173868,0.1332601905,0.002510380931,0.1120402217,2.574493919e-05,1.187268936e-06,0,1.479289585e-05,0.0001511273003,9.827743634e-05,9.567317647e-06,9.202882211e-05,0.05054634809,0.05013119429,0.06543107331,0.05615428463,0.03741420433,0.02490425296,0.0258466322,0.01244214643,0.01453450788,0.02853152901,0.001232441748,0.002730380511,0.002941311337,0.003797711572,0.001957682194,0.003612139728,0.005384199787,0.001002777833,0.001879812218,0.001888701576,0.006770314183,0.002380952472,0.005186567549,0.002380952472,0,0.00360864331,0,4.525185796e-05,6.594006209e-06,2.196379319e-05,3.91133608e-06,0,0.0001561770187,3.005120016e-05,8.472227637e-05,1.359810267e-05,5.119426987e-06,0,1.05131885e-05,0,0,7.29928297e-06,5.793495802e-06,3.925536021e-06,0,2.891844451e-05,0.0001441545901,0.0001154302954,4.366550002e-06,8.724915119e-07,1.495304241e-05,1.035843979e-05,1.321658237e-05,1.453623736e-05,1.507223715e-06,1.31694253e-06,1.087165037e-05,4.393958443e-05,2.277247586e-05,0,0,5.461624369e-06,0,0.0004189494939,1.330520604e-06,0.0004317566636,5.369603969e-05,2.60055258e-05,1.676565444e-05,1.790830538e-05,0,0,2.672464007e-06,1.007831543e-06,2.313517371e-06,0,0.0005181148299,0.4771475792,0.08471939713,0.1784525514,0.01660870761,0.02006022818,0.0220350977,0.04171762988,0.007631127723,0.003890970256,0.02070977725,0.002627448412,0.004661572166,0.005834803451,0.01225286815,0.003098000307,0.07762391865,0.003527516034,0.002468811814,0.001262770034,0.0007763356552,0.001417459222,0.001791570918,0.0007431151462,0.01133349258,0.09707950801,0.001246516127,0.0001439636253,4.666121822e-05,6.081418542e-05,8.349735435e-05,0.005793754943,0.9783886671,0.3649679124,0.003704504808,0.0004707152839,0.001141442452,0.00179069303,0.7502191067,0.055947382,0.02899287641,0.01559837721,0.05777222663,0.001894886489,0.0001612928754,0.0006889381912,5.578543642e-05,0.0004483978555,0.0001658090478,0.003012875561,0.0006287547876
12,0.04268577695,0.06894056499,0.02173612453,0.06658808887,0.3107204735,0.0866735056,0.004984670319,0.1166533306,8.095527301e-05,6.076099453e-06,1.479289585e-05,0,0.0001894316229,0.0003355775552,9.49896712e-05,2.931464223e-05,0.06707647443,0.03066154011,0.04964277893,0.04387911037,0.02317881212,0.01355678774,0.006276075263,0.007535081357,0.008761265315,0.009422846138,0.001076282584,0.001918293303,0.003034511115,0.003024663078,0.001731618773,0.001628592378,0.0010166344,0.0008964149165,0.0008620809531,0.0006041398738,0.004836912733,0.007973960601,0.007751249243,0.002173474291,0.0005303408834,0.001266655396,0.0001455906604,0.0003241823579,0.0003431814839,0.0001568197622,0.0001626938611,0.001046755468,0.001924876473,0.0001771009702,0.00108822179,0.0001362297771,0,0,2.262010457e-05,2.833744657e-05,1.687402801e-05,0.0001157147053,6.071471216e-05,0.0001451197022,0,0.0001948643039,0.0009196050232,0.0004759516451,1.891142892e-05,2.260290057e-05,0.0002816794149,9.261674859e-05,0.0001319626899,0.000567848736,3.327197919e-05,0,0.0002592291276,0.0002083240979,0.0001978635701,9.096458598e-06,7.063243629e-06,4.346333299e-05,2.091119131e-05,0.001958854264,1.839215656e-05,0.003531446215,0.0002676199656,8.933326171e-05,0.0001243027509,0.0004278749111,0,0,3.74784322e-05,2.735376802e-05,2.617004975e-05,0.0007796208374,0.005397307687,0.6096093059,0.2336240709,0.2759941816,0.07714971155,0.09717059135,0.09890922159,0.1281218678,0.1003487557,0.06544075906,0.03705057874,0.01999570616,0.03922158852,0.0157018546,0.1262547523,0.04461355507,0.1955371052,0.04335139692,0.0451791957,0.03279333934,0.0123744607,0.04018190503,0.007621801924,0.01190030761,0.05787928775,0.1063723192,0.005786468741,0.001720787259,0.0006656891783,0.002855971223,0.001848342479,0.02609666064,0.9733473659,0.4057402611,0.04241513088,0.003704640782,0.01768284291,0.01009644847,0.7744065523,0.09456049651,0.05888702348,0.08419641107,0.07869300991,0.008871307597,0.00075847056,0.001977932639,0.001123514143,0.00330618443,0.002816282213,0.02090747841,0.003442773595
13,0.01330034249,0.0595321469,0.02045516111,0.06654781103,0.04888687655,0.258865118,0.02132190391,0.1613543481,6.051811852e-06,3.413900777e-05,0.0001511273003,0.0001894316229,0,0,0,3.298426964e-05,0.1311785132,0.05867480114,0.09283722192,0.08399751037,0.06080552563,0.03657273203,0.01494964398,0.01076183561,0.02018692158,0.02670948207,0.003450683551,0.004077828024,0.005541455466,0.006481429562,0.003950115759,0.001724748407,0.001725696726,0,0.001970626414,0.0007086253609,0.001634119893,0,0,0.006269187201,0.003130455734,0.002380952472,0,7.304237784e-07,0,0,0,2.469241963e-06,3.251673888e-06,0,1.154153415e-05,0.0001721905719,0,0,0,0,0,0,7.774359983e-05,0,0,0,8.009441081e-05,0.0003976233711,0.0003092214174,0,0,0,8.407529094e-05,0.0004077204794,2.722225145e-05,0,1.500190592e-06,0,1.083021107e-05,0.0001039017297,0,0.0003218437778,0,0.0003214815224,0.0001470606803,7.745889889e-05,0,1.890139356e-05,0,2.799584581e-05,0,0,0.001412683516,0.0004184802528,0,4.079530117e-05,0.0001349718659,0.3754046559,0.01005982794,0.008280473761,0.003077824134,0.002003493486,0.0008184123435,0.01488689613,0.001847589854,0.0004551669117,0.02705205791,0.00291371718,0.005932350177,0.0255932156,0.0895454064,0.03061070852,0.04003901407,0.001013928675,0.002377454191,0.003186187474,0.0008341813809,0.007467760239,0.01154812705,0.01340855006,0.01396009419,0.1008073911,0.004431899637,0.003123297123,0.001822803169,8.664206689e-05,0.00256600976,0.07574031502,0.9764425755,0.3580121994,0.00571198808,0.00592711661,0.0008341765497,0.0003153378202,0.7743135095,0.04823826626,0.03600962088,0.01061316393,0.1533980817,0.05009032413,0.005156517029,0.0398545824,0.005544604268,0.004727472551,0.004745878745,0.0005561470171,0.0004334196565
14,0.05492690951,0.03477391601,0.007237688638,0.01902432181,0.2225070447,0.0652198419,0.003625858808,0.0689985007,4.090343646e-05,0.0001197035454,9.827743634e-05,0.0003355775552,0,0,4.949610593e-05,9.687611964e-06,0.04539543018,0.01595057175,0.03628543019,0.03380434215,0.02792098932,0.01277022436,0.005857877899,0,0.007849382237,0.005540538579,0,0,0.0007802764303,0.0005605570623,0,0.0009474791586,0,0,0,0.0008476135554,0.0006454588147,0,0,0,0,0.002380952472,0,0,0,0.0001731994125,8.689016249e-05,0,0.0006794546498,0.0001109602599,6.063804176e-05,0.001193678821,0,0,0,0,0.0002285054507,0.0005094985245,0.0007065568934,0,0,0.0004703042214,0.0008644770132,0.003979285713,0,0.001323575503,9.471986414e-05,0.001389359939,4.196425289e-05,0.00125541212,0,0.0004432426067,9.943400983e-07,6.136523734e-05,5.105999662e-05,0,0,0,0,0.0003388064506,0,0.003588193795,0,0.0001070383296,0,0.0003601016069,0,0,0.0009442776209,0,0,0.0008922594134,0.004373010248,0.3325268924,0.1171219721,0.1299246401,0.04203604162,0.05326631665,0.03979396075,0.05275426805,0.02617852762,0.01544135157,0.01716908067,0.002380952472,0.01834977977,0.01535344403,0.02038943581,0.02823392116,0.1652642787,0.004761904944,0.01332623512,0.004761904944,0.00416399492,0.008174913004,0.007642426062,0.01828699932,0.02961213887,0.1304054111,0.0103120124,0,0.004153644666,0.002380952239,0.002865204355,0.005160913337,0.8832201362,0.3305907845,0.01536903437,0.01769830659,0.005313939881,0.01555837877,0.6790800691,0.04601126909,0.04393095523,0.0518261157,0.05800981447,0.03874421492,0.001772214426,0.02036563493,0.006992178038,0.01813723892,0,0.01094415318,0.005310322624
15,0.05354884639,5.818686623e-05,0.001487892354,0.003172773169,0.1965905279,0.01414865628,9.245743422e-05,0.008735459298,7.226666639e-05,0,9.567317647e-06,9.49896712e-05,0,4.949610593e-05,0,8.776089089e-06,0.002036168939,0.002380952472,0.002380952472,0.004177709576,0.002380952472,0,0,0,0,0.002380952472,0,0,0,0,0,0,0,0,0,0,0,0,0,0,0,0,0,0,0.000248277036,0.001147936098,0.000542667869,0,0,0.004053921439,0.003988372162,0.002380952239,0,0,0,0,0,0.001482013962,0,0,0,0.0007399947499,0.009347666055,0.01755080931,0,0,0,0.001139945351,0.001049115672,0,0.0001494240569,0,0,0.0008949505282,0.0007109183935,0,0,0,0,0.003648080863,0,0.006764254533,0,6.525971548e-05,0,0.0005051779444,0,0,0,0,0,0.001135596889,0.002755118767,0.1736943573,0.1230938584,0.1189629138,0.05594084784,0.06977695227,0.06261202693,0.06717644632,0.05302704126,0.02112826705,0.01079863776,0,0.002380952472,0.007142857648,0.008209676482,0.009996328503,0.1809453219,0.007142857648,0.03252323344,0,0.006831950042,0.007142857648,0.02675947733,0.005694983527,0.01172204595,0.06827491522,0.004761904944,0,0,0,0.002380952472,0.000656381133,0.7347174287,0.1887041628,0.008231993765,0.005284756888,0.00239064591,0.00379042956,0.4264379144,0.03867264837,0.02857143059,0.07832124084,0.005266849417,0.005466211587,5.422557933e-06,0.0003243201645,0,0.009523809887,0.003327164566,0.009102616459,0.005203101784
16,0.01975524984,0.05924708396,0.025333656,0.06040536612,0.1994096786,0.1242483184,0.006862672046,0.05777457356,1.538876495e-05,1.404519389e-05,9.202882211e-05,2.931464223e-05,3.298426964e-05,9.687611964e-06,8.776089089e-06,0,0.03159467876,0.03810631111,0.06695519388,0.05106313527,0.01944141835,0.01145552751,0.008350247517,0.004070003517,0.002783332486,0.007483059075,0.000439630152,0.002038903069,0.003060947871,0.001921748626,0.0007672359934,0.00117559894,0.002042040927,0.000730459753,0.0002067104797,0.000208789701,0.004143128172,0.003056973917,0.00278328103,0.0003071370011,0.000433498295,0.0006472227396,0,0.0001131077806,4.778848597e-05,0.0001763585606,3.236230987e-05,8.243029879e-05,0.0001739609579,4.552126484e-05,0.0001126311618,0.0007522398373,0.000150216656,0,6.387198664e-05,0.0001275473624,1.053142e-06,0.0001158744781,0.0001037357652,3.786173329e-05,0,0.0002120401623,0.0003327598388,0.0004181280092,0.0001593734632,5.667353253e-05,0.0002385170228,0.0005257290322,0.0002753250883,0.001088698511,0.0001702017325,0,7.254700176e-05,0.0005625005579,4.701640864e-05,0,2.060180668e-05,0.0001088390418,7.219889085e-05,0.001968377735,0.0006101210602,0.001380459638,7.404685311e-05,0.0001581255201,0.0001197897218,0.0001802238257,0,0,0.0005657846923,6.580899208e-05,4.180496398e-05,0.0008982488653,0.004030176904,0.5875484943,0.1519928128,0.2229743898,0.04549036175,0.05733075738,0.05378542468,0.08352576196,0.03228262439,0.01843709312,0.03069946542,0.02764186077,0.03973706812,0.06662181765,0.1697744578,0.0775795728,0.1580888331,0.03434505686,0.0146899987,0.03394942731,0.007685577963,0.02309881337,0.01971835271,0.02780473232,0.04090541229,0.111994274,0.01711028069,0.003639886854,0.001871511224,0.002689702902,0.006689054426,0.0298544094,0.9809792042,0.4150194228,0.02067380212,0.008653228171,0.004707284272,0.006048418116,0.7836341262,0.07138361782,0.05325626209,0.0587807782,0.1374425888,0.01910118014,0.004729061387,0.01236104593,0.004397131968,0.009612133726,0.0078997612,0.01416327525,0.002785392338
17,0.01903565601,0.07490454614,0.09532336891,0.06592225283,0.5081805587,0.4731071293,0.008844680153,0.07377719879,0.01534838695,0.03755743429,0.05054634809,0.06707647443,0.1311785132,0.04539543018,0.002036168939,0.03159467876,0,0.0008536091773,0.00254753558,0.003587315325,0.00165876199,0.001585676218,0.001945731812,0.001398820546,0.0006609755801,0.00145817548,0.01645687595,0.02639361285,0.1114245504,0.08600432426,0.04287634417,0.03035627492,0.02079842798,0.01526887622,0.0127115706,0.01388799027,0.001166517963,0.002248858567,0.0006421054713,0.0001290964428,0.0004175672948,0.0003236649791,0.001281443867,0.1334050894,0.0320806168,0.02994629741,0.06060085073,0.04183716699,0.06550163776,0.07720670849,0.1095707342,0.09166454524,0.01932459325,0.03977866843,0.04024463147,0.03762257099,0.06096747145,0.09073506296,0.07887849957,0.03434997424,0.01781923696,0.04435868561,0.1123662814,0.1380909681,0.05379644036,0.04571901634,0.01668654941,0.06389077008,0.05660841987,0.08797991276,0.03715230525,0.01668527164,0.09743626416,0.07074318826,0.08086945862,0.02705158293,0.02208883502,0.01861583814,0.03417526931,0.1211390123,0.02961315773,0.1750711203,0.02419883944,0.02510371804,0.0357275717,0.03336688876,0.02376365289,0.0260150414,0.01993577369,0.03473711759,0.0291552823,0.06729214638,0.1206795275,0.6262503862,0.1872836351,0.215074271,0.1544354707,0.164617002,0.1633877605,0.1720041186,0.1998931617,0.2085740119,0.2187397033,0.1633714586,0.1520047635,0.1472874731,0.2355657965,0.2353565544,0.2102469057,0.2001457959,0.2337541431,0.1738474816,0.2195697576,0.2398911715,0.07842063904,0.07118283212,0.2135427445,0.285233438,0.0467945151,0.01932867058,0.02038137428,0.120016478,0.04044867679,0.06341168284,0.9849025607,0.4345164895,0.2027066052,0.0456004329,0.2062156647,0.1550949514,0.8793663979,0.154070437,0.1181392446,0.2107621431,0.04964096099,0.03548930213,0.0152844172,0.01960803755,0.01966697723,0.04286449775,0.02046293579,0.1885510981,0.1783231348
18,0.1460208744,0.2885235846,0.3164476156,0.1708608717,0.4773923457,0.4929469824,0.003936244175,0.2951517403,0.02111650817,0.02382844873,0.05013119429,0.03066154011,0.05867480114,0.01595057175,0.002380952472,0.03810631111,0.0008536091773,0,0.0002319805208,0.001104132389,0.0008185889455,0.001102581504,0.0008621907327,0.0006139789475,0.0003486799542,0.0007261615247,0.02686415985,0.003796090838,0.03330126405,0.02440503612,0.01229786221,0.006979298312,0.00450507272,0.005008344539,0.006598074455,0.005590499379,0.0002717464231,0.0006954841083,0.0002657604928,6.408481568e-05,0.0001863784855,0.0002777962654,0.00274541718,0.06503116339,0.008625867777,0.02199588902,0.03055364639,0.0169424843,0.03723642603,0.03329778835,0.06169272959,0.08135739714,0.01190476213,0.01904761977,0.0325612016,0.03147433326,0.02680232748,0.05651755631,0.06698495895,0.01134639326,0.01708944887,0.03449217603,0.1168050915,0.1654385775,0.02838386968,0.03896391019,0.01904761977,0.04124921933,0.06637712568,0.1104786322,0.04762503132,0.002380952472,0.06232098117,0.04183637723,0.03546164557,0.01600907557,0.009315022267,0.008586144075,0.01225726772,0.1632068157,0.02246570587,0.2363673598,0.002918310463,0.02521174401,0.01820526086,0.02726939693,0.004761904944,0.01677141339,0.01546463277,0.02346375398,0.01672325842,0.04080875218,0.1726987511,0.5920782685,0.291341126,0.1185787395,0.3216216564,0.3327035308,0.1887127161,0.305390656,0.4944054186,0.3927913606,0.2489233017,0.2162135392,0.3288649619,0.3441249132,0.5689228177,0.5729141831,0.3038000464,0.3055379987,0.5467948914,0.2524629831,0.4711118639,0.5664342642,0.1752912849,0.2283469588,0.3824002445,0.2866891623,0.09505401552,0.03107330389,0.04876627028,0.1444307268,0.1149232015,0.02619047649,0.7965941429,0.2126603574,0.3941313326,0.08586914837,0.3923869729,0.2455253452,0.5906535983,0.0840087086,0.0666930154,0.4881389141,0.05337489769,0.07650104165,0.01444117166,0.02773542702,0.05066140741,0.1144100577,0.07023172081,0.2560406029,0.2653912902
19,0.1869480014,0.2847565114,0.3065651655,0.1721253991,0.4986962676,0.5674397349,0.001333989552,0.3297163546,0.03840512037,0.04098812491,0.06543107331,0.04964277893,0.09283722192,0.03628543019,0.002380952472,0.06695519388,0.00254753558,0.0002319805208,0,0.0009772927733,0.002297471277,0.004390732385,0.004513155203,0.002790890867,0.001724663773,0.001822947059,0.07293645293,0.02629659139,0.05113806203,0.03780975565,0.0215488337,0.01374440361,0.008971082047,0.01201650687,0.01472788397,0.01202492882,0.002084307605,0.00352157373,0.002646168694,0.003855558112,0.003500678809,0.004997717217,0.006900047418,0.09768949449,0.01726959459,0.0568077825,0.05268216878,0.03377641365,0.04650615156,0.04813200235,0.07730336487,0.1277125925,0.02857143059,0.02380010672,0.02630446106,0.03786494583,0.04664833099,0.07199265808,0.08876360208,0.0298410207,0.0331257917,0.05529738218,0.1278166473,0.2048577517,0.04134589806,0.04906493425,0.03713100031,0.06495454162,0.09652815759,0.141415745,0.05901503935,0.005207692273,0.08499397337,0.06960056722,0.0723714754,0.02254796773,0.02165265381,0.02665663138,0.03889218345,0.1795895547,0.040770147,0.2498472929,0.0142857153,0.05594621971,0.02692219242,0.04007774591,0.01296519022,0.02851348184,0.01295242365,0.03878494725,0.03704009578,0.0873715058,0.2043549269,0.6432090402,0.3841053247,0.2096757293,0.3556162715,0.3309694827,0.2416680157,0.3716716468,0.4938308597,0.4475064874,0.3187612295,0.2796205282,0.3744256794,0.3958675861,0.5443807244,0.563765347,0.4160789251,0.362136066,0.5506877303,0.3140774369,0.4771775603,0.5650858879,0.2260102928,0.2341182083,0.4491742849,0.359462738,0.1280097216,0.03644656017,0.06220142916,0.1691631377,0.1308541894,0.02619047649,0.8705675602,0.278660655,0.3909924924,0.1036437005,0.4345775843,0.3015433848,0.6823229194,0.1621044874,0.1291079521,0.4819521904,0.07594618201,0.09817204624,0.02585800178,0.04682762548,0.05156088993,0.1103157327,0.08428872377,0.3287195861,0.3030621707
20,0.1187848896,0.2644380033,0.3045972586,0.1591425091,0.5124639273,0.6024909019,0.0104054641,0.2524232566,0.03233819455,0.0352306515,0.05615428463,0.04387911037,0.08399751037,0.03380434215,0.004177709576,0.05106313527,0.003587315325,0.001104132389,0.0009772927733,0,0.001047860598,0.003021437442,0.002519793576,0.002246896503,0.0007923542289,0.001528661116,0.07531341165,0.02988691069,0.05221842602,0.03809224814,0.02221361175,0.01436124463,0.0104352776,0.01120751444,0.01542569324,0.01206993125,0.005071243271,0.004982661456,0.002553804312,0.003596164985,0.006021166686,0.003400699934,0.008644321933,0.1201445386,0.01712871902,0.04303088039,0.04190469161,0.03785404935,0.07527560741,0.05893879011,0.1041613296,0.1689196825,0.03353491798,0.03386665136,0.03773747012,0.04648206383,0.05173225701,0.08735559881,0.08512537181,0.04569395632,0.03338774294,0.05632111803,0.1651411802,0.1947883368,0.0422646068,0.05082336441,0.05247520283,0.08817640692,0.1028348356,0.1827992946,0.05618180707,0.0009672812303,0.08289838582,0.06310084462,0.07233891636,0.02256827429,0.0325455144,0.03381459415,0.037170019,0.2560716569,0.03522306308,0.2855580151,0.02624426968,0.04946250096,0.05438183248,0.07065349072,0.01323969848,0.02737734281,0.03129136562,0.03716091439,0.0325329341,0.08925356716,0.2765248418,0.6893942356,0.4174105525,0.2689624131,0.4235354364,0.4160615206,0.3320631683,0.4461984038,0.5194995403,0.4826613963,0.407508105,0.3678308427,0.4574667513,0.3979780674,0.5652951002,0.5756723285,0.4373607635,0.465097636,0.5763499737,0.3640500307,0.5408828855,0.5901319981,0.2340949625,0.222775206,0.4685640037,0.4232157767,0.153900966,0.05865727738,0.04836866632,0.2214807868,0.1305232942,0.04294745252,0.9212691784,0.3737120926,0.5022653937,0.1045636237,0.5074650645,0.3319278359,0.7187821865,0.1869259179,0.1621960849,0.5288100243,0.08100989461,0.1135515049,0.03201030567,0.05032827333,0.05606406182,0.1279521137,0.07873934507,0.4045540392,0.3801290095
21,0.07199589908,0.2326579094,0.2758469582,0.1485029161,0.5007563233,0.5568173528,0.00479920255,0.1841879934,0.01512876153,0.01677427068,0.03741420433,0.02317881212,0.06080552563,0.02792098932,0.002380952472,0.01944141835,0.00165876199,0.0008185889455,0.002297471277,0.001047860598,0,0.0002753098088,0.0002442457771,0.0001671639184,0.0002006339055,0.0004739656579,0.03717225045,0.01406154595,0.03149276227,0.02213916183,0.01157079358,0.007515005767,0.004979708232,0.004888962954,0.007214417215,0.005470536184,0.001781140221,0.0005309742992,0.000478870701,0.0002729597618,0.0009702490643,0.0005364731769,0.0004931978765,0.07468555123,0.008756308816,0.02481879853,0.0285595376,0.02498428524,0.05736137927,0.03841330484,0.06386448443,0.1424527466,0.01229728106,0.0137646785,0.02825779282,0.04030470178,0.03225749359,0.0533695519,0.05864553154,0.0292592179,0.03909454495,0.0416652374,0.1341915578,0.1621043682,0.02705425583,0.02976736426,0.03772169724,0.08600196987,0.07754980773,0.186116904,0.03316599503,0.007142857648,0.07574360818,0.07355421782,0.04232604802,0.01463914569,0.01054126956,0.01809315942,0.0260975007,0.2284405082,0.03365451097,0.2809703648,0.02271164581,0.04793429375,0.05402584374,0.05365427583,0.006585321389,0.01505533885,0.01675529964,0.01997110806,0.02378051169,0.08390075713,0.2649834454,0.6732242107,0.3832607269,0.2400154173,0.4437409043,0.3986354172,0.3098432124,0.3897767663,0.5264324546,0.4765631258,0.3285962939,0.3362324834,0.4245063663,0.3972949088,0.5620297194,0.5679650903,0.41975227,0.4058091342,0.5750107169,0.3801751137,0.5373466611,0.5866298079,0.2247240394,0.2077056915,0.4571701288,0.4017091095,0.1203193963,0.04141654074,0.05793178827,0.2276158035,0.1145382449,0.02717340738,0.9018062949,0.3396149278,0.4701732397,0.08945730329,0.4573245645,0.3344167471,0.7552641034,0.1634354442,0.1457241327,0.5317857265,0.08877848089,0.06457481533,0.01670050621,0.02658043057,0.04146905616,0.1138633713,0.05828566104,0.3621406555,0.3459281325
22,0.08721793443,0.2647819221,0.2886992395,0.1596326679,0.4807932079,0.4908820093,0.006483620964,0.2068528682,0.01009306684,0.01083755493,0.02490425296,0.01355678774,0.03657273203,0.01277022436,0,0.01145552751,0.001585676218,0.001102581504,0.004390732385,0.003021437442,0.0002753098088,0,3.426278272e-05,2.717365714e-05,8.588145283e-05,0.0002755643509,0.02333429828,0.007901818492,0.02029311657,0.01483152341,0.007174917962,0.004489837214,0.002710108645,0.00228864653,0.003532134462,0.003331660759,0.0007755903644,0.0001632533967,0.0001453225414,0.0001068543424,0.0004187758896,0.0002568906057,0.0009679737268,0.04763494432,0.008457302116,0.005624394864,0.01540906634,0.003187264083,0.02894021571,0.02252934128,0.04450782761,0.1213668212,0.01006912347,0.007142857648,0.02532079257,0.02990737744,0.01807523891,0.04673447087,0.04715730622,0.0144094266,0.03538912535,0.03114749119,0.0939553231,0.1666069478,0.03016149253,0.0262600258,0.0142857153,0.0396971032,0.04420530796,0.1087800562,0.03960641846,0.002380952472,0.04028712213,0.03419265524,0.02574769221,0.00804425776,0.005513536744,0.007123938762,0.009441488422,0.1961644143,0.01956525631,0.2561095357,0.004761904944,0.0332188569,0.01464304794,0.01962294802,0,0.006848127581,0.004485997837,0.01144702733,0.01334177796,0.06616155058,0.1841542125,0.6325270534,0.3088387847,0.1631182283,0.390037328,0.3258884847,0.195222795,0.2984687984,0.5203562975,0.4606977999,0.2675578892,0.2135648727,0.3249977529,0.3665066063,0.5936192274,0.5995898247,0.3485279083,0.3496294916,0.6004713774,0.2752254009,0.51079458,0.6017438769,0.2119889259,0.2167548984,0.4005524814,0.3408991992,0.08483429253,0.03237580135,0.03516611084,0.1596946716,0.1277763098,0.01615955867,0.7749031782,0.2212280333,0.3582471013,0.07205488533,0.3712033033,0.2685012519,0.5429983139,0.1033882871,0.0960373804,0.5034186244,0.04613626003,0.05839545652,0.01036501862,0.01647270843,0.03048031032,0.1056689098,0.04763482511,0.3336063921,0.2363685519
23,0.1202806979,0.2909695208,0.3013589084,0.1744911075,0.4009821117,0.2823815346,0.001144455746,0.2566601038,0.007830679417,0.005143478047,0.0258466322,0.006276075263,0.01494964398,0.005857877899,0,0.008350247517,0.001945731812,0.0008621907327,0.004513155203,0.002519793576,0.0002442457771,3.426278272e-05,0,2.28679346e-06,4.608879681e-05,0.0001179919636,0.01351232734,0.005073614419,0.01177068241,0.008584123105,0.004239794798,0.002834662795,0.002773395507,0.001302489662,0.001974878833,0.001472113887,0.0005795792094,8.280850307e-05,8.48741256e-05,2.365722867e-05,0.0001613516797,0,0,0.03013621643,0.007142857648,0.00587570807,0.005527990405,0.002380952472,0.009866902605,0.01150931232,0.03463230655,0.05904784054,0,0.009995428845,0.01575216465,0.0109503679,0.01041335147,0.0253182333,0.04333312437,0.00115293765,0.007884715684,0.01753123477,0.08298458904,0.1285663247,0.006711648311,0.01440828014,0.009523809887,0.01904761977,0.02066214941,0.06269971281,0.03783382475,0,0.03169088811,0.01596807316,0.00904464256,0.005693408661,0,0.002380952472,0.01252552029,0.106056042,0.01553508639,0.1607201993,0.009523809887,0.02015707083,0.01915193349,0.009523809887,0.002380952472,0,0.002380952472,0.005466380622,0.007870195433,0.0142857153,0.1059848368,0.5108091831,0.1749258339,0.0867607072,0.2069227546,0.1988716871,0.1024671495,0.1723464876,0.4021514654,0.2938256264,0.147035718,0.1145535037,0.2248339951,0.2536928058,0.6103636026,0.6402273774,0.2035266757,0.2026117891,0.5299505591,0.1545343399,0.4088281989,0.6037210822,0.1144084781,0.2258651704,0.2817515731,0.1578543931,0.06440157443,0.01829944178,0.02511971071,0.08839735389,0.1182646304,0.002380952472,0.508983016,0.09525443614,0.2443110049,0.05333499983,0.3044192791,0.1133194193,0.2825538814,0.04307418317,0.04666248709,0.420989871,0.02290581353,0.04449703172,0.004390772898,0.01391957514,0.04385911673,0.0659917295,0.02739472501,0.1757833511,0.1656668931
24,0.08812596649,0.217573449,0.2537159324,0.1425781548,0.3334020972,0.2033151388,0,0.1904309243,0.006804434583,0.003548407694,0.01244214643,0.007535081357,0.01076183561,0,0,0.004070003517,0.001398820546,0.0006139789475,0.002790890867,0.002246896503,0.0001671639184,2.717365714e-05,2.28679346e-06,0,6.455130006e-06,8.080186672e-05,0.009338890202,0.003896735376,0.01151051838,0.009072219022,0.003593485337,0.002135804854,0.001108191558,0.001440800377,0.001219767262,0.001700351015,0.0005216645659,9.44648491e-05,0.0001729155629,1.558678741e-05,1.891055035e-05,0,0,0.02012541518,0.001173824072,0.009523809887,0.001948939404,0,0.002380952472,0.01206457056,0.01666666754,0.02857143059,0,0,0.008341812529,0.003800073871,0.01337469276,0.01651156321,0.03188128024,0.007142857648,0.007142857648,0.007142857648,0.05829804018,0.07747615129,0.01325570792,0.01654470339,0.002380952472,0.007142857648,0.01459685154,0.02787585557,0.02174258232,0,0.007384428754,0.01904761977,0.005986829288,0.001099106856,0.002380952239,0.002380952472,0.002560357098,0.0600198321,0.008502553217,0.1158469319,0.004761904944,0.007142857648,0.007142857648,0.01190476213,0,0.002380952472,0.002380952472,0.004778747447,0.002380952472,0.009523809887,0.05706574768,0.3918773234,0.1192238107,0.03809523955,0.1265718639,0.128196165,0.04145255312,0.1140361577,0.2794376612,0.1976242512,0.0750605315,0.05047608539,0.1424138099,0.161505267,0.5217857361,0.5378189683,0.1217076555,0.1133902445,0.3904511034,0.09712764621,0.2406795919,0.4535849392,0.07350649685,0.1647125334,0.1842744052,0.09396347404,0.02519675903,0.005972200539,0.0221448727,0.0553852953,0.08332299441,0.007142857648,0.374738276,0.05359632149,0.1728013903,0.02361224778,0.1660231203,0.09547638893,0.200044021,0.03809523955,0.01108769234,0.2885028422,0.0103746783,0.01910836436,0,0.01122989692,0.02002308704,0.05813241005,0.01631181687,0.09656058252,0.09928340465
25,0.0174040217,0.09024565667,0.1061631143,0.06670551747,0.431828022,0.3447321057,0.001773938769,0.04732421041,0.002605195623,0.005361078773,0.01453450788,0.008761265315,0.02018692158,0.007849382237,0,0.002783332486,0.0006609755801,0.0003486799542,0.001724663773,0.0007923542289,0.0002006339055,8.588145283e-05,4.608879681e-05,6.455130006e-06,0,8.057751984e-05,0.0084218923,0.005279869307,0.01956222765,0.01338881627,0.006693014875,0.003430815414,0.003012143075,0.001761642634,0.001252596616,0.001461478998,0.0003160415508,0.0005867262371,0.0001187330781,5.546221655e-05,1.829756729e-05,3.712013267e-06,0,0.03753456473,0,0.0110962484,0.01395303663,0.003574057017,0.01069416292,0.01612718217,0.03895584494,0.03233809397,0.009523809887,0.002380952472,0.004159127828,0.01252741646,0.01556900144,0.02370914444,0.032140214,0.004031809978,0.01024967432,0.01555736549,0.05577998981,0.1024834067,0.004448521417,0.01447840594,0.002380952472,0.01766987517,0.02571492083,0.0419453904,0.01622606069,0.001736279344,0.02400968969,0.01389317866,0.01689911261,0.004263731185,0,0.003447660245,0.005780233536,0.09532962739,0.005682223011,0.1468288153,0.002380952472,0.009523809887,0.002380952472,0.0271520149,0,0.00792964641,0,0.005434234627,0.003156921593,0.007142857648,0.09447078407,0.5222833753,0.1648844033,0.09740178287,0.2015014738,0.1545383632,0.08632589132,0.1376124769,0.3201804459,0.210895896,0.1204376593,0.09776118398,0.1606306583,0.1583220661,0.3255209625,0.331428349,0.1756954789,0.1604394764,0.3509371877,0.1258375347,0.2928708792,0.3378760219,0.07294952869,0.08287225664,0.2210263461,0.1889868677,0.05196392909,0.01106419135,0.01197169907,0.05882040039,0.03627685457,0.01187601592,0.8088712096,0.1555214822,0.1856305003,0.02236839198,0.2130610645,0.09960285574,0.5295917392,0.0485654287,0.04448040575,0.2702783644,0.0202985853,0.02013669908,0.001516715856,0.006665989757,0.01084700041,0.03582365811,0.02160457335,0.1123538166,0.1413256377
26,0.07005921006,0.2022951841,0.223570928,0.1338802427,0.483204335,0.4523515403,0.005399328191,0.1531060636,0.005983364768,0.005950603634,0.02853152901,0.009422846138,0.02670948207,0.005540538579,0.002380952472,0.007483059075,0.00145817548,0.0007261615247,0.001822947059,0.001528661116,0.0004739656579,0.0002755643509,0.0001179919636,8.080186672e-05,8.057751984e-05,0,0.01156383287,0.004884399939,0.01737892069,0.0131658148,0.005409859121,0.003714132821,0.001934932428,0.001991404919,0.001639394322,0.001459041727,0.0009604425286,0.000629602524,0.0003888272331,0.0002131459332,0.0008224723861,0.0002292622812,0,0.04009642825,0.003532974515,0.006691852119,0.02014170401,0.00877192989,0.02926937304,0.01889427938,0.04250907525,0.09507901967,0.01239948161,0.01112602837,0.01632365771,0.03045353107,0.01296358276,0.03901476413,0.0432173945,0.01060154103,0.0142857153,0.02465634607,0.09229823947,0.1198057458,0.02000057884,0.01809318177,0.02507806569,0.05319808796,0.06358644366,0.1038388312,0.02778592519,0,0.03046891652,0.03853852674,0.02769730054,0.008600163274,0.002748372732,0.007086557802,0.01044742763,0.1590493768,0.02033168823,0.2186573595,0.006820317823,0.0343163386,0.02307584509,0.04607697204,0.005436205305,0.006709112786,0.005190081429,0.008362263441,0.01072946656,0.04115780443,0.1603456587,0.5606603026,0.2609357536,0.1180310398,0.2968347371,0.2911765575,0.19012703,0.2775644064,0.417283237,0.3652662039,0.2282844484,0.2120994329,0.2989123762,0.3051693141,0.4902895391,0.4960235655,0.2994260192,0.2790101171,0.5012802482,0.2054831833,0.4287430048,0.5086297393,0.1685652137,0.1740785241,0.3657769561,0.282812506,0.08823738247,0.02357577533,0.02643104829,0.1583395749,0.08837237209,0.008068693802,0.8401600122,0.2092573643,0.3220262825,0.06361676753,0.3456777036,0.1942066252,0.5869016051,0.1083548516,0.0901009813,0.4110417962,0.04790565744,0.04845641926,0.004761904944,0.02165721171,0.03017165512,0.07952709496,0.03504857421,0.2737477124,0.219483301
27,0.03866682202,0.106117934,0.1134068146,0.08884960413,0.3487775326,0.2469395101,0.002392634517,0.1049202979,0.0002428672597,0.0005587324849,0.001232441748,0.001076282584,0.003450683551,0,0,0.000439630152,0.01645687595,0.02686415985,0.07293645293,0.07531341165,0.03717225045,0.02333429828,0.01351232734,0.009338890202,0.0084218923,0.01156383287,0,0.000162920609,0.0006688616122,0.001375446096,0.0006911166711,0.0009646301623,0.0008795622853,0.0003562990751,0.0002663882915,0.0004096584162,0.000469844992,0.0007190893521,0.0006831733044,0.0001046531543,0.0001211560011,0.0001811783295,0,0.002024315065,0.00118711777,0.002544887364,0,0.0007168415468,0.004167527892,0.0003001125297,0.002639572136,0.01566232182,0.002380952472,0,0.001026230631,0.002750516636,0.0009112515254,0.001353955362,0.002445065882,0.001279695774,0.008946066722,0.003645851742,0.002084183739,0.00722230738,0.001723945956,0.001434728736,0.003871731693,0.006466336548,0.006826201919,0.01508723851,0.00291792932,0.004761904944,0.002042791108,0.007687617559,0.00186659256,0.001616357593,8.447073196e-05,0.002261467045,0.001302908757,0.02603446692,0.002787934383,0.01805267669,0.002530134283,0.00220778631,0.002752619796,0.00910575036,0.0006769030006,0.0006440514699,0.0007272163639,0.002051578369,0.001207260764,0.0058794301,0.02968064882,0.6116899848,0.1263641715,0.04843579978,0.1423029751,0.1692943573,0.08444082737,0.15512532,0.3147974908,0.2207574695,0.09515123814,0.08223954588,0.1614342332,0.1674867719,0.3977621198,0.3754319847,0.1671914309,0.1970885396,0.2888875902,0.1467654854,0.1588500887,0.3020536005,0.05603218824,0.08420100063,0.2032331526,0.1407637596,0.04220907763,0.01796376333,0.01774174348,0.04720528051,0.03949632868,0.008927586488,0.7519502044,0.1453059614,0.1961531639,0.02083123103,0.1290614009,0.06787829846,0.4973641336,0.05054425076,0.02642555162,0.2801802456,0.03757755086,0.03262613341,0.006877218839,0.01562821865,0.02261366509,0.03158309683,0.02482810058,0.1260611117,0.06649817526
28,0.1187943369,0.1820946336,0.1936557442,0.1153845489,0.2897481918,0.1425185353,0.002380952472,0.2230980396,0.001356136869,0.0012843929,0.002730380511,0.001918293303,0.004077828024,0,0,0.002038903069,0.02639361285,0.003796090838,0.02629659139,0.02988691069,0.01406154595,0.007901818492,0.005073614419,0.003896735376,0.005279869307,0.004884399939,0.000162920609,0,0.0001152612385,0.0007280154387,0.0004030406417,0.0006390165072,0.0003879554861,0.0002126464969,0.0002418827935,0.0002378496283,0.0001101667513,0.000356273551,0.0001299585856,2.921628948e-05,7.357423601e-05,0.0001678012341,0,0.002101719379,0,0,0.0006300543901,0.001663772739,0.003725797404,0.005146144889,0.00235251151,0.008392989635,0,0,0,0.001989258453,0.001751888311,0.00166957383,0.004318215419,0,0.002380952472,0.002380952472,0.007830266841,0.01517739706,0.00447781384,0.003058515722,0,0.00588801736,0.006324176211,0.0156928692,0.007936689071,0,0.001403630362,0.004761904944,0.002696535783,0.001536588068,0.004761904944,0.001514726551,0.002380952472,0.03116977587,0.008846457116,0.03100024723,0,0.00361174834,0.002380952239,0.002380952472,0,0,0.003371016588,0.003669648431,0.004839261994,0.00344711449,0.03015547618,0.4743194282,0.06227128953,0.0142857153,0.07802932709,0.09110294282,0.04151008278,0.06807278097,0.2700710297,0.1271024048,0.06269357353,0.03699599952,0.1108295098,0.1505275965,0.5283277631,0.5168316364,0.08504991978,0.1130732447,0.3424524963,0.06488366425,0.1837887019,0.3752305806,0.0616604276,0.1386072189,0.1562917084,0.07926429063,0.01836823858,0.01621827856,0.01339135878,0.04655516148,0.07191357017,0.007142857648,0.3763777316,0.05556149408,0.09933963418,0.03355485201,0.1388395429,0.08190463483,0.1927145869,0.01190476213,0.01666666754,0.2453219444,0.0106409369,0.03093774058,0.001696763211,0.0146350842,0.03409215808,0.02821663953,0.02364876494,0.06732581556,0.05553802103
29,0.1534016281,0.191880092,0.1894665509,0.1183478832,0.3619757593,0.281157285,0.002380952472,0.2685158551,0.001885650214,0.0020209637,0.002941311337,0.003034511115,0.005541455466,0.0007802764303,0,0.003060947871,0.1114245504,0.03330126405,0.05113806203,0.05221842602,0.03149276227,0.02029311657,0.01177068241,0.01151051838,0.01956222765,0.01737892069,0.0006688616122,0.0001152612385,0,0.000881709042,0.001935460372,0.004355102312,0.004829449113,0.002132988069,0.001316001522,0.00103048142,0.001259833225,0.001942927833,0.002445367398,0.006483636796,0.005599114113,0.002836130094,0.000196383291,0.005764696281,0,0.003179810941,0.0002587835188,0.001271099783,0.008749918081,0.002104845596,0.001510117785,0.01848879829,0.001605601865,0.00239730021,0.004468758125,0.006973990239,0.002256537089,0.004931666888,0.005609123502,0.003704596777,0.00501574995,0.01002288796,0.00775473984,0.01209837757,0.005967780948,0.00505671883,0.003859386081,0.009506374598,0.01086799242,0.02288386784,0.01175135002,0.002380952239,0.004652424715,0.004282027483,0.006230189931,0.0008163106977,0.004329694901,0.007065574173,0.004336570855,0.03621161729,0.007944700308,0.03282269463,0,0.00550255226,0.003663395299,0.009523809887,0.004252457526,0.003269318957,0.008602994494,0.003906024853,0.01045772713,0.01085888129,0.03948767856,0.5896866918,0.1376345307,0.05952381343,0.1796807647,0.1804503053,0.08001811057,0.1745122671,0.3589099944,0.2187693417,0.1016680002,0.09006809443,0.1541104764,0.2294208854,0.5828253627,0.5647867322,0.1546767354,0.1714920104,0.4101800323,0.1430712938,0.248532936,0.4663439691,0.1021786556,0.156309247,0.2560320497,0.1491007656,0.06609881669,0.03016216122,0.0285408143,0.068409428,0.0820344761,0.009523809887,0.5237249136,0.1075664759,0.2038107663,0.05517439917,0.1831646711,0.1078887582,0.3179733753,0.03873374686,0.03017720766,0.3603748381,0.03305523843,0.04818854854,0.00552583579,0.02034245804,0.04540210962,0.06342574954,0.03902519867,0.1169252768,0.08308774233
30,0.1234757677,0.181005463,0.1825867891,0.1115800068,0.3950954378,0.3599599004,0.002717602532,0.2268219143,0.001324386219,0.00138320541,0.003797711572,0.003024663078,0.006481429562,0.0005605570623,0,0.001921748626,0.08600432426,0.02440503612,0.03780975565,0.03809224814,0.02213916183,0.01483152341,0.008584123105,0.009072219022,0.01338881627,0.0131658148,0.001375446096,0.0007280154387,0.000881709042,0,0.0005627726205,0.001819322002,0.002010979457,0.001464543515,0.000431653054,0.0008016912034,0.002999809105,0.00179919193,0.003204855369,0.003013661364,0.0025725835,0.002560709836,6.156803283e-05,0.009048279375,0,0.00376874744,0.0003335452056,0.0002234624699,0.004544953816,0.002432941459,0.002069497248,0.03178135306,0.003377437126,0.005814580712,0.004239721224,0.01213391684,0.00285525783,0.003774254816,0.005539878272,0.0009483205504,0.01240047347,0.005501390435,0.009910773486,0.0143225966,0.01222458854,0.004798355512,0.004761904944,0.01011180598,0.009217210114,0.03599024191,0.00978829246,0.0009962565964,0.004855188075,0.007506770547,0.006958768703,0.004742937628,0.005599960685,0.01162161399,0.008668974973,0.05541903526,0.01655874029,0.04621674493,0.007710508071,0.00896440912,0.002979248762,0.011999337,0,0.004350367468,0.01200216543,0.00619479781,0.004914098885,0.0132054016,0.06942204386,0.6290311217,0.2193014324,0.08395581692,0.2388439924,0.2481865585,0.1218943596,0.2562621534,0.4690032005,0.3581056297,0.1481249928,0.1379706264,0.3067661226,0.2816204727,0.5617104769,0.549441874,0.2502755225,0.2490312159,0.4613301158,0.2241323888,0.3064461946,0.506604135,0.1333647966,0.1518861502,0.3292230964,0.2003625631,0.06325081736,0.03508656099,0.032371521,0.1116656139,0.08158624917,0.01795695536,0.6889563799,0.1746520847,0.3037014604,0.05958514661,0.2605254948,0.1737813205,0.4856058657,0.06625654548,0.06727810949,0.4474752545,0.04578785226,0.05241345987,0.008451329544,0.03260280564,0.03966034576,0.05666848272,0.04218316823,0.227312699,0.1233155429
31,0.08170238882,0.1554565132,0.1598740816,0.1064110547,0.3665086031,0.3244344592,0.002380952472,0.1678296328,0.0004894993035,0.0007653638022,0.001957682194,0.001731618773,0.003950115759,0,0,0.0007672359934,0.04287634417,0.01229786221,0.0215488337,0.02221361175,0.01157079358,0.007174917962,0.004239794798,0.003593485337,0.006693014875,0.005409859121,0.0006911166711,0.0004030406417,0.001935460372,0.0005627726205,0,0.0001686898468,0.0001942943927,0.0001538099459,8.036993677e-05,0.0002913008211,0.000946837652,0.0002785287215,0.0006239395007,0.0004233991494,0.0003630448773,0.0003359524126,0,0.006681697443,0.003893008921,0,0.00124934467,0,0.003610823303,0.0005870570894,0.006359890103,0.0197606571,0.0055530346,0.0009245813126,0.005572789349,0.008909113705,0.001241073245,0.003571690992,0.004136767238,0.002618606668,0.004053323064,0.007420157082,0.007442336529,0.01260223519,0.002919782652,0.003171914257,0.002380952472,0.007892144844,0.007591156289,0.02682533301,0.006097420119,0,0.003018132178,0.01823616028,0.002244241768,0.003415829269,0.003744692542,0.007867944427,0.005645730533,0.04662427679,0.006819195114,0.0465374589,0.001819181256,0.002380952472,0.004916699138,0.01129933726,0,0.004392729606,0,0.003853441682,0.004873604514,0.006504232064,0.05788697675,0.5809634924,0.135629192,0.05713489279,0.2374095321,0.2044759244,0.08497989923,0.175037533,0.3852822185,0.2344474345,0.1164366528,0.1416411996,0.1996708363,0.2129979581,0.4961870015,0.4908807576,0.2056242526,0.2403644621,0.4411429167,0.1833510399,0.256803751,0.4533842802,0.1122471094,0.12434306,0.2513818443,0.154612273,0.05233803764,0.03497793153,0.02628596313,0.09624210745,0.06966876239,0.002380952472,0.5987280607,0.1294742227,0.2310508788,0.04024734348,0.195224002,0.1309042275,0.367028892,0.03954165801,0.0364907831,0.4054718316,0.03020088747,0.05047420785,0.01266269479,0.02793553285,0.03544944897,0.04084750265,0.03505942598,0.1662878692,0.1045992374
32,0.102726914,0.1694837362,0.1675796211,0.1084199846,0.3508893549,0.2082564086,0.00160692737,0.1946884245,0.0007292493829,0.0008936427766,0.003612139728,0.001628592378,0.001724748407,0.0009474791586,0,0.00117559894,0.03035627492,0.006979298312,0.01374440361,0.01436124463,0.007515005767,0.004489837214,0.002834662795,0.002135804854,0.003430815414,0.003714132821,0.0009646301623,0.0006390165072,0.004355102312,0.001819322002,0.0001686898468,0,2.629473238e-05,2.079694605e-05,5.766950562e-05,0.0001097192217,0.0009252729942,0.0008019150118,0.0008242550539,0.0001712215162,7.985618868e-05,0.0001576943469,0,0.006627494004,0,0,0.003501486965,0.001468627248,0.007093394641,0.004225068726,0.003014347982,0.03429966792,0,0.002380952472,0.001376078348,0.01234956365,0.001190244453,0.003540134523,0.004346244968,0.001587394043,0.007278234698,0.0006467766943,0.01176925655,0.01020256337,0.006078419276,0.002786022145,0.002380952472,0.01767614484,0.01045954041,0.03046268411,0.005284606013,0,0.004221786279,0.00514729321,0.001430030446,0.0004033689038,0.0005858412478,0.002631572774,0.006838295143,0.04332758114,0.008435128257,0.04474496096,0,0.005117569119,0.002380952472,0.003317105351,0,0,0.003187094582,0.002438549651,0.001452433877,0.004612088203,0.03999758512,0.495462954,0.1198926345,0.05155897513,0.1587967277,0.1449834555,0.06808935851,0.1277722865,0.3625584245,0.2005901933,0.09645140171,0.08262612671,0.1582162082,0.1829457283,0.5338602066,0.5193004012,0.1276826262,0.1698191166,0.4290118515,0.13161394,0.2718085051,0.4579831362,0.08480778337,0.1341156512,0.1841398627,0.1196119115,0.04351166636,0.01540450193,0.02646869421,0.06089592725,0.07378092408,0.002380952472,0.466152668,0.1052804887,0.1676028967,0.03332101181,0.1744167507,0.08733543009,0.2667916119,0.0565427728,0.03333333507,0.3284579813,0.03290091455,0.04873674363,0.004761904944,0.02525564283,0.03758093715,0.04453572631,0.03292642161,0.1023175418,0.07498034835
33,0.1224331111,0.1891707182,0.1620111316,0.1135931909,0.3170209825,0.1329677403,0,0.2223678678,0.0008052447811,0.00153662113,0.005384199787,0.0010166344,0.001725696726,0,0,0.002042040927,0.02079842798,0.00450507272,0.008971082047,0.0104352776,0.004979708232,0.002710108645,0.002773395507,0.001108191558,0.003012143075,0.001934932428,0.0008795622853,0.0003879554861,0.004829449113,0.002010979457,0.0001942943927,2.629473238e-05,0,2.75049365e-06,2.347685768e-05,6.621408829e-05,0.0009964319179,0.0003248293651,0.0003540201578,9.996393601e-06,2.725987724e-05,2.914236575e-05,0,0.002378794597,0,0,0.0007144678966,0,0.005740748253,0.003515908495,0.003443830181,0.01301983465,0.002380952472,0,0.002380952472,0.00338846934,0.001068913145,0.005533517338,0.003835753072,0.0001690453937,0.007556054275,0,0.004159728065,0.01245450415,0.003843614133,0.003378618509,0.001413889695,0.01666666754,0.00891011674,0.006763545796,0.007514046971,0,0.001849243068,0.002380952472,0.004594278056,0.001169730327,0,0,0.003080336377,0.02379767038,0.003114093561,0.02190811001,0,0.004267859273,0.002380952472,0.003559270175,0.002380952472,0,0,0.003659167094,0.007382729091,0.007928327657,0.02431404591,0.3749806583,0.06111796573,0.02857143059,0.08536528051,0.106735386,0.03217399865,0.07420608401,0.2057362795,0.121406436,0.04800293595,0.05118703097,0.08408117294,0.1032746583,0.5229876637,0.5234610438,0.07760445029,0.1129870787,0.3600972891,0.05313262343,0.1710671633,0.348367691,0.05723625049,0.1157334596,0.1262283176,0.06090001389,0.02167303301,0.01110716257,0.01330194063,0.0307556428,0.05902347341,0,0.343940407,0.05825673789,0.1258210838,0.02978114039,0.1340762973,0.05062675104,0.1373530179,0.0142857153,0.009523809887,0.2036412954,0.01300691627,0.01905561239,0.002380952472,0.01603570394,0.0354530476,0.03342206404,0.01479277667,0.07102877647,0.04215494171
34,0.07322651148,0.1366837621,0.1081371903,0.1037114039,0.224634558,0.06936149299,0,0.1353748441,0.0005570591311,0.0004995940253,0.001002777833,0.0008964149165,0,0,0,0.000730459753,0.01526887622,0.005008344539,0.01201650687,0.01120751444,0.004888962954,0.00228864653,0.001302489662,0.001440800377,0.001761642634,0.001991404919,0.0003562990751,0.0002126464969,0.002132988069,0.001464543515,0.0001538099459,2.079694605e-05,2.75049365e-06,0,4.155202987e-06,5.912915731e-05,0.0006151985144,0.000187641519,0.0002008659503,0,1.931367296e-05,0.0001136108549,0,0.001843471313,0.002380952472,0.004761904944,0.001714012935,0,0.002380952472,0,0.002593833255,0.01362864487,0.002380952472,0,0.002380952472,0,2.813758874e-05,0.0008126450703,0.003360891249,0.000279844593,0,0,0.002243019175,0.01389148924,0.001222617459,0.003092243569,0,0,0.0001630252227,0.01335241646,0.005098359194,0.002380952472,0.0004931016592,0,0.00282511441,0,0,0.002380952472,0.0004779718583,0.01594495587,0.006183811929,0.01621294953,0,0,0.0008150496869,0.002380952472,0,0,0,0.0005676925648,0.001204242115,0.002380952472,0.01764294133,0.2473241687,0.03095238283,0.009523809887,0.04380793124,0.04185781628,0.01666666754,0.04339051247,0.1391264945,0.07154688239,0.03473998979,0.02142857201,0.05439118296,0.06362111121,0.3873111606,0.4292277992,0.03903835639,0.04265813529,0.1846743226,0.03174066544,0.1336786896,0.2549258173,0.01296182908,0.1027428135,0.05829102546,0.03873807564,0.01257917564,0.0005987389595,0.01232655626,0.01818364486,0.03550907969,0,0.2200433314,0.02746183611,0.08007197082,0.008993635885,0.07400098443,0.03467440605,0.08947603405,0.01107657794,0.009523809887,0.1241728589,0.005996535067,0.01821834967,0.002380952472,0.005519505125,0.02174182422,0.01788594574,0.01158459578,0.03571428731,0.02852506563
35,0.03012056462,0.08992147446,0.09735565633,0.07118488103,0.3020215034,0.1432887465,0,0.06181355193,0.0001212226343,0.0002622717584,0.001879812218,0.0008620809531,0.001970626414,0,0,0.0002067104797,0.0127115706,0.006598074455,0.01472788397,0.01542569324,0.007214417215,0.003532134462,0.001974878833,0.001219767262,0.001252596616,0.001639394322,0.0002663882915,0.0002418827935,0.001316001522,0.000431653054,8.036993677e-05,5.766950562e-05,2.347685768e-05,4.155202987e-06,0,3.375583037e-05,0.000303944078,0.0003855314571,0.0001206855741,3.764859139e-05,3.291552639e-05,4.087436992e-06,0,0.003904581536,0,0,0.00390590285,0,0.005186060909,0,0.005993253086,0.008872213773,0,0,0.003246054286,0.007603795268,0.0007476261817,0.002334591234,0.003586280392,0.0002008247684,0.0002420809906,0,0.008393030614,0.008974607103,0.0031336674,0.001735329162,0.003677094122,0,0.008385357447,0.01991119049,0.002017736901,0,0.006175981835,0.007142857648,0.001301665208,0.0007885284722,0,0.002928669332,0.001866738312,0.02086107619,0.001189380884,0.03112882376,0,0.001900582574,0.002380952472,0.004761904944,0,0.0004028049298,0.003722570138,0.0005175144179,0.001670656609,0.006501438096,0.02199778147,0.3983024657,0.0706365034,0.01804561727,0.08424084634,0.08140014112,0.0238252338,0.06577116251,0.2076243013,0.1205615327,0.04400531575,0.04047619179,0.09862881154,0.08964064717,0.371062547,0.3410532176,0.06412716955,0.06603206694,0.2797822356,0.03714828566,0.1374700665,0.3550692499,0.03903281316,0.07577043772,0.132351771,0.07452948391,0.0205096975,0.006530258805,0.01165076718,0.02998747118,0.03279678524,0.003909111954,0.3824649155,0.06454335898,0.09194877744,0.02427778579,0.1072616428,0.03923558444,0.2072441727,0.004988597706,0.01666666754,0.2128254622,0.01488378551,0.02170648612,0,0.007057411131,0.01576870307,0.01772145554,0.01347702835,0.06981260329,0.04959508404
36,0.0663176626,0.1526073664,0.1494809836,0.107460849,0.3223827183,0.1940181851,0,0.1260121465,0.0002856244682,0.0005167164491,0.001888701576,0.0006041398738,0.0007086253609,0.0008476135554,0,0.000208789701,0.01388799027,0.005590499379,0.01202492882,0.01206993125,0.005470536184,0.003331660759,0.001472113887,0.001700351015,0.001461478998,0.001459041727,0.0004096584162,0.0002378496283,0.00103048142,0.0008016912034,0.0002913008211,0.0001097192217,6.621408829e-05,5.912915731e-05,3.375583037e-05,0,0.0003727792064,0.0004801419564,0.0002002117108,0.0002611876116,0,0,0,0.001625387813,0,0.001952286926,0,0.0005702179624,0.008227447048,8.320795314e-05,0.00512562599,0.01254612673,0,0,0.001547336346,0.003899281612,0.001156968414,0.001244638697,0.004127663095,0.002603140194,0.003046808997,0.001197451376,0.004906601273,0.01057600416,0.00194473553,0.00217350712,0.006177217234,0.005685748532,0.009961534292,0.01855188608,0.004057177808,0.001812700415,0.000740423915,0.009684232995,0.001213618787,0,0.002129165456,0.003878799733,0.003612092463,0.03765158728,0.003435258288,0.02802386694,0.002380952239,0.0004835467844,0.007139604539,0.01382041723,0,0,0.002380952472,0.002055569086,0.001382357674,0.008558239788,0.05278620869,0.40939942,0.092249237,0.02857143059,0.1143931374,0.1221175641,0.06049522012,0.1119172648,0.2787802517,0.1797773689,0.07574616373,0.08677187562,0.1461468488,0.1498401016,0.4445272088,0.4399411082,0.1237348393,0.1409328878,0.3593719602,0.1204202697,0.2119759917,0.3818449676,0.05467981845,0.1318448484,0.1720827967,0.08321627229,0.0290735513,0.01046335977,0.02296071127,0.04476387426,0.05309195444,0.007142857648,0.5041823983,0.09319473803,0.1225480661,0.01696042158,0.1275444329,0.0698120892,0.2561312318,0.02857143059,0.01904761977,0.2529443502,0.01606326178,0.02270517126,0.002380952472,0.01493752841,0.02423937991,0.03311880678,0.02674143575,0.05686537549,0.08421951532
37,0.03063888662,0.1144481376,0.1316763312,0.09179327637,0.2255543023,0.1444687247,0,0.09271780401,0.001448925002,0.003404988674,0.006770314183,0.004836912733,0.001634119893,0.0006454588147,0,0.004143128172,0.001166517963,0.0002717464231,0.002084307605,0.005071243271,0.001781140221,0.0007755903644,0.0005795792094,0.0005216645659,0.0003160415508,0.0009604425286,0.000469844992,0.0001101667513,0.001259833225,0.002999809105,0.000946837652,0.0009252729942,0.0009964319179,0.0006151985144,0.000303944078,0.0003727792064,0,0.0001021416974,1.420770332e-05,2.088945848e-06,3.733424091e-05,4.797976544e-06,0,0.01856232435,0.002380952472,0.002380952239,0.004871546291,0,0.005212187767,0.001172848744,0.002780007664,0.01045545284,0,0.0008128751651,0.002380952472,0,0.004474148154,0.002047297079,0.01089095045,0.001602696022,0.004761904944,0,0.006345535628,0.02827802487,0.006488763262,0.01063795574,0,0,0.00674354611,0.01773279719,0.008469503373,0.004761904944,0.008986886591,0.002380952239,0.002933074487,0,0.002380952472,0.002954189666,0.004761904944,0.01988203451,0.01020357385,0.04607017711,0,0.004761904944,0,0.004761904944,0,0,0.0007631653571,0.004310991149,0.0025126033,0,0.004761904944,0.3372199535,0.06276391447,0.02142857201,0.07766028494,0.07954277098,0.03223406523,0.05797991902,0.1838880479,0.07157708704,0.05392531678,0.03850281239,0.07175837457,0.1067501903,0.3829298615,0.3890353441,0.05846453086,0.07003185153,0.2865101993,0.06187757105,0.1424175501,0.3114047945,0.02982548624,0.1072337255,0.1047466472,0.06162732095,0.003845911706,0.01005952526,0.01090176962,0.024861807,0.0648779273,0.004761904944,0.3596095145,0.03930909559,0.07470151782,0.01177357975,0.1035606489,0.04862203822,0.1723676622,0.02380952425,0.01371178776,0.1470667273,0.01061415114,0.02025241964,0,0.009194026701,0.01636377908,0.02085236274,0.0164785143,0.05777246132,0.0351996012
38,0.02872222848,0.04026528448,0.05182229728,0.06446478516,0.04144103453,0.02380952425,0,0.06841380149,0.002037680475,0,0.002380952472,0.007973960601,0,0,0,0.003056973917,0.002248858567,0.0006954841083,0.00352157373,0.004982661456,0.0005309742992,0.0001632533967,8.280850307e-05,9.44648491e-05,0.0005867262371,0.000629602524,0.0007190893521,0.000356273551,0.001942927833,0.00179919193,0.0002785287215,0.0008019150118,0.0003248293651,0.000187641519,0.0003855314571,0.0004801419564,0.0001021416974,0,0,4.516843183e-05,7.468846161e-05,0,0,0.002380952472,0,0,0,0,0.002380952472,0,0,0,0,0,0,0,0,0,0.002922883024,0,0,0,0,0.007142857648,0.002380952472,0.003787630703,0,0,0,0,0.002380952472,0,0.007142857648,0,0,0,0,0,0.002380952239,0.007142857648,0,0.01190476213,0,0,0,0,0,0,0,0,0.0006310601602,0,0.003888679435,0.07318562269,0.01190476213,0.002380952472,0.009523809887,0.01190476213,0.002380952472,0.002380952472,0.03455077112,0.007142857648,0.002380952472,0.002380952472,0.004761904944,0.0142857153,0.1399925202,0.1915805489,0.004761904944,0.007142857648,0.06915078312,0.002380952472,0.02132651024,0.0561459288,0.007142857648,0.01745500043,0.02142857201,0.006325764116,0.002380952472,0,0.002380952472,0,0.006350109354,0.002380952472,0.08067816496,0.004761904944,0.009523809887,0,0.004761904944,0.004761904944,0.01904761977,0.004761904944,0,0.02735640481,0,0.00178326224,0,0.002380952472,0.002380952472,0.002380952472,0.001387731521,0.01190476213,0.002380952472
39,0.01985435374,0.05612853542,0.05006849766,0.08335703611,0.06939339638,0.05308600888,0,0.06141546741,0.00122758979,0.0003135133593,0.005186567549,0.007751249243,0,0,0,0.00278328103,0.0006421054713,0.0002657604928,0.002646168694,0.002553804312,0.000478870701,0.0001453225414,8.48741256e-05,0.0001729155629,0.0001187330781,0.0003888272331,0.0006831733044,0.0001299585856,0.002445367398,0.003204855369,0.0006239395007,0.0008242550539,0.0003540201578,0.0002008659503,0.0001206855741,0.0002002117108,1.420770332e-05,0,0,1.486626024e-05,1.29015707e-05,0,0,0,0,0,0,0,0,0,0.002380952472,0,0,0,0,0,0.003062750679,0.002380952472,0.004809923004,0,0,0.002380952472,0.004761904944,0.01028520335,0,0,0,0,0,0.004761904944,0.002380952472,0,0,0,0.004761904944,0,0,0,0,0.002083794912,0,0.008165550418,0,0,0,0,0,0,0.002380952472,0,0.0008808062994,0,0.004761904944,0.08273445815,0.01510310266,0.01190476213,0.002380952472,0.002380952472,0.009523809887,0.01582553051,0.03660584614,0.02619047649,0.002380952472,0.004761904944,0.02142857201,0.02023348585,0.1837598532,0.2548500597,0.01666666754,0.01190476213,0.06990738958,0.009523809887,0.03043209203,0.08619630337,0.0106548965,0.04616529122,0.02512110025,0.008027039468,0.004761904944,0,0,0,0.01661785133,0,0.1154811382,0.01190476213,0.01666666754,0.007142857648,0.01904761977,0.006537411362,0.02857143059,0.002380952472,0.002380952239,0.04187408835,0,0.002380952472,0,0,0.00783692766,0.007142857648,0.004761904944,0.009523809887,0.004761904944
40,0.009852916002,0.06011060625,0.06447312236,0.05625621602,0.1477514356,0.07934839278,0,0.03254189715,0.0004901951179,0.0001330248197,0.002380952472,0.002173474291,0.006269187201,0,0,0.0003071370011,0.0001290964428,6.408481568e-05,0.003855558112,0.003596164985,0.0002729597618,0.0001068543424,2.365722867e-05,1.558678741e-05,5.546221655e-05,0.0002131459332,0.0001046531543,2.921628948e-05,0.006483636796,0.003013661364,0.0004233991494,0.0001712215162,9.996393601e-06,0,3.764859139e-05,0.0002611876116,2.088945848e-06,4.516843183e-05,1.486626024e-05,0,1.108437687e-06,0,0,0.005210103467,0,0.002380952472,0,0,0,0.00151578337,0.001556104515,0.002380952472,0,0,0,0,0.0008065156871,0.004667003173,0.009230530821,0,0,0.003441322362,0.007835154422,0.01044973265,0.002380952472,0.00563253928,0,0,0,0.004761904944,0.003361654701,0,0,0.004761904944,0,0,0,0,0,0.007142857648,0.004283580929,0.01215373259,0,0,0,0,0,0,0,0.0007572314935,0.002380952472,0.002380952472,0.004761904944,0.1394717842,0.02756925672,0.01383664738,0.0200329721,0.03198452294,0.004761904944,0.01841783896,0.05052146316,0.03684579581,0.007142857648,0.01904761977,0.0241649393,0.03130779043,0.2209395766,0.231635496,0.02923236415,0.007142857648,0.1080254242,0.02273980714,0.06476637721,0.1537745446,0.01849387959,0.05324799567,0.02142857201,0.02283511497,0.003534409683,0.003623979632,0.002380952472,0.004761904944,0.01377110742,0,0.2450473309,0.02380952425,0.0210793186,0.004761904944,0.01770055108,0.007142857648,0.1262966245,0.002380952472,0.004761904944,0.07600070536,0.002380952472,0.002932594158,0,0.002380952472,0.006715197582,0.01845198497,0.008115961216,0.0154043287,0.01664272882
41,0.01620692946,0.06456383318,0.04291213676,0.06841643155,0.06555604935,0.03954551369,0,0.04909970984,0.0008716831217,0.0003387758625,0,0.0005303408834,0.003130455734,0,0,0.000433498295,0.0004175672948,0.0001863784855,0.003500678809,0.006021166686,0.0009702490643,0.0004187758896,0.0001613516797,1.891055035e-05,1.829756729e-05,0.0008224723861,0.0001211560011,7.357423601e-05,0.005599114113,0.0025725835,0.0003630448773,7.985618868e-05,2.725987724e-05,1.931367296e-05,3.291552639e-05,0,3.733424091e-05,7.468846161e-05,1.29015707e-05,1.108437687e-06,0,0,0,0.0003212195879,0,0,0,0,0,0,0,0,0,0,0.002380952472,0,0.001069160178,0,0.00865572691,0.002380952472,0,0,0,0.01236325689,0,0.002368115121,0,0.001793478616,0.002380952472,0.002380952472,0.007142857648,0,0,0.002380952472,0.002380952472,0,0,0,0,0.002380952472,0,0.007142857648,0,0,0,0.002380952472,0,0,0.002380952472,0,0,0,0.004761904944,0.0961901173,0.0142857153,0.007142857648,0.0142857153,0.01190476213,0.004761904944,0.01364162844,0.04410143942,0.02793389373,0.008360007778,0.007142857648,0.01530450676,0.0142857153,0.1785330474,0.2282181382,0.0142857153,0.002380952472,0.0813967213,0.01111580431,0.03184602782,0.0879509449,0.009523809887,0.04730813205,0.02538174763,0.0142857153,0.002380952472,0,0,0.002380952472,0.02877876908,0,0.1092944145,0.02142857201,0.03012284636,0.002380952239,0.01904761977,0.002380952472,0.04047619179,0.002380952472,0.002380952472,0.03907099739,0,0.008412482217,0.002380952472,0,0.002380952472,0.0008407421992,0,0.005476413295,0.007609813474
42,0.009292789735,0.04435581714,0.03441042081,0.04597857967,0.0630172044,0.05136422068,0,0.0307161063,0.0001811070106,0,0.00360864331,0.001266655396,0.002380952472,0.002380952472,0,0.0006472227396,0.0003236649791,0.0002777962654,0.004997717217,0.003400699934,0.0005364731769,0.0002568906057,0,0,3.712013267e-06,0.0002292622812,0.0001811783295,0.0001678012341,0.002836130094,0.002560709836,0.0003359524126,0.0001576943469,2.914236575e-05,0.0001136108549,4.087436992e-06,0,4.797976544e-06,0,0,0,0,0,0,0,0,0,0,0,0,0,0.002380952239,0.002380952472,0,0,0,0.004761904944,0.0006941850297,0.006040637847,0.007848002948,0,0,0,0.008172950707,0.01038038917,0.002380952472,0.001828175737,0,0,0.003236396937,0,0.006824959069,0,0.007142857648,0.002380952472,0,0,0,0,0,0.002380952239,0.002380952472,0.007142857648,0,0,0,0.002380952472,0,0,0,0,0,0,0.002380952472,0.104782179,0.01916966215,0.004761904944,0.009523809887,0.01190476213,0.004761904944,0.002380952472,0.02206249721,0.01966575533,0.007142857648,0.004761904944,0.008123802021,0.01678401604,0.1815627068,0.1852923185,0.0142857153,0.008492635563,0.05586910993,0.009523809887,0.03084173612,0.07311897725,0.009523809887,0.0260360688,0.0142857153,0.0142857153,0.004761904944,0,0.002380952239,0.002380952472,0.007386729587,0,0.1476190537,0.0142857153,0.0142857153,0,0.0232432466,0.008203923702,0.05163726211,0.002380952239,0,0.04360670596,0,0.005272180308,0,0.004761904944,0.01024243794,0.006371243391,0,0.004761904944,0.01250743959
43,0.001813334413,0.005180424545,0.007892788388,0.01231696457,0.006012099795,0.009523809887,0,0.005245974753,0.000138197167,0,0,0.0001455906604,0,0,0,0,0.001281443867,0.00274541718,0.006900047418,0.008644321933,0.0004931978765,0.0009679737268,0,0,0,0,0,0,0.000196383291,6.156803283e-05,0,0,0,0,0,0,0,0,0,0,0,0,0,0,0,0,0,0,0,0,0,0,0,0,0,0,0,0,0,0,0,0,0,0.002380952472,0,0,0,0,0,0,0,0,0,0,0,0,0,0,0,0,0,0,0,0,0,0,0,0,0,0,0,0,0,0.004761904944,0.002380952472,0,0,0,0,0.002380952472,0.002380952472,0,0,0.002380952472,0,0,0.01385890506,0.02368110418,0,0.002380952472,0.004761904944,0,0.002380952472,0.002380952239,0,0.002189186169,0,0.004761904944,0,0,0,0,0,0,0.02142857201,0.004761904478,0.002380952472,0.002380952472,0.002380952472,0,0.004761904944,0,0,0,0,0,0,0,0,0.002380952472,0,0,0
44,0.01363366283,0.05842261016,0.02119474858,0.03943448514,0.04473682866,0.1454717368,0.003136522602,0.1755771935,4.265373354e-05,0.0003600487253,4.525185796e-05,0.0003241823579,7.304237784e-07,0,0,0.0001131077806,0.1334050894,0.06503116339,0.09768949449,0.1201445386,0.07468555123,0.04763494432,0.03013621643,0.02012541518,0.03753456473,0.04009642825,0.002024315065,0.002101719379,0.005764696281,0.009048279375,0.006681697443,0.006627494004,0.002378794597,0.001843471313,0.003904581536,0.001625387813,0.01856232435,0.002380952472,0,0.005210103467,0.0003212195879,0,0,0,0,0,0,0,0,0,6.13304428e-06,2.575479084e-05,0,0,0,0,9.937368304e-06,0,0.0001285567705,0,0,0.001152896555,3.525287866e-06,0.0003772016498,0,0.0002340529172,0,0,1.782551226e-05,0.0002406642598,0,0,0,0,0,0,0,0,0,8.19953566e-05,6.113248674e-05,1.076928038e-05,0,0,0,0,0,0,0,0,0,0,0,0.395925045,0.003578651696,0.00786529202,0.0005189175718,0.0008236145368,0.001883669058,0.002116328804,0.001033155248,0.0004158450756,0.02159580402,0,0,0.004761904944,0.05582022667,0.03423591331,0.02559433505,0.00735154748,0.003227910958,0,0.00219413219,0.007383947261,0.0060022939,0.0109057473,0.01716507412,0.1044810191,0.005445254035,0.001868951716,0.001050875871,0.001768546645,0.001496069599,0.02288058214,0.9436218739,0.2711494267,0.005342052318,0.0008044074057,0.0006852219813,0.001973736333,0.7230949402,0.02900173701,0.009912915528,0.01308901887,0.05450489745,0.01156578586,0.002380952472,0.007180937566,0.00152722362,0.0008747025277,0.004761904944,0.0003127275559,0.001243660925
45,0.006411914714,0.01365444623,0.01415171567,0.02182266675,0.03522756696,0.1286084652,0.004761904944,0.1448590904,0,0,6.594006209e-06,0.0003431814839,0,0,0.000248277036,4.778848597e-05,0.0320806168,0.008625867777,0.01726959459,0.01712871902,0.008756308816,0.008457302116,0.007142857648,0.001173824072,0,0.003532974515,0.00118711777,0,0,0,0.003893008921,0,0,0.002380952472,0,0,0.002380952472,0,0,0,0,0,0,0,0,0,0,0,0,0,0,0,0,0,0,0,0,0,0,0,0,0,0,4.138209624e-05,0,0,0,0,0,0.002380952472,0,0,3.501726496e-06,0,0,0,0,0,0,0,0,0,0,0,0,0,0,0,0,0,0,0,0,0.3852116764,0.001545313746,0.002369331662,0.0009953541448,0.0006611228455,0.0005952924257,0.0004540059308,0.0002998989949,9.686883277e-05,0.01722309925,0.002380952472,0,0,0.004761904944,0.01254823804,0.02644079551,0,0.0009652739973,0,0.000586021808,0.002004283248,0,0.002380952472,0.01325557288,0.1121180728,0,0,0,0,0,0.01799310744,0.9205867052,0.2538959682,0,0.0005293320282,3.859318895e-05,0.0002695065632,0.6822315454,0.01620901376,0.004761904944,0.01712861285,0.06231158972,0.00968277175,0,0.0132057732,0.0009907389758,0,0,0.0003741759283,2.140336801e-05
46,0.0068906378,0.009389535524,0.01351699233,0.02061474323,0.08169722557,0.1638287604,0.01565544307,0.1945550293,0,0,2.196379319e-05,0.0001568197622,0,0.0001731994125,0.001147936098,0.0001763585606,0.02994629741,0.02199588902,0.0568077825,0.04303088039,0.02481879853,0.005624394864,0.00587570807,0.009523809887,0.0110962484,0.006691852119,0.002544887364,0,0.003179810941,0.00376874744,0,0,0,0.004761904944,0,0.001952286926,0.002380952239,0,0,0.002380952472,0,0,0,0,0,0,0,0,0,0,0,0,0,0,0,0,0,0,0,0,0,0,0,0,0,0,0,0,0,0,0,0.0002797798952,0,0,0,0.0001052046573,0,0,0,0,0,2.516825953e-05,0,0,0,0,0,0,0,0,0,0,0.000148307081,0.3012701869,0.006778534036,0.005849298555,0.0003659099166,0.0003489282972,0.001336345449,0.002901914762,0.0005833726027,0.0001488454145,0.02534176782,0,0,0.001101416536,0.007210882846,0.002178345574,0.01806529425,0,0.0004962254898,0,0.0002293592115,0.00361557072,0.001992663601,0.0003392580547,0.003348443424,0.09081457555,0,0,0,0,0,0.02302320674,0.8840420246,0.2811590731,0,0,0.0007746866904,0.0001097093627,0.7039333582,0.01942967065,0.01560198423,0.002243063878,0.09840261936,0.01064447965,0.007914126851,0.02104378119,0.0007111756713,0.0002164436446,0,0,0.000321102998
47,0.01010331325,0.01659551077,0.01712055504,0.03649289161,0.05429086462,0.2473753393,0.006082455628,0.1885908097,0,0.000600350264,3.91133608e-06,0.0001626938611,0,8.689016249e-05,0.000542667869,3.236230987e-05,0.06060085073,0.03055364639,0.05268216878,0.04190469161,0.0285595376,0.01540906634,0.005527990405,0.001948939404,0.01395303663,0.02014170401,0,0.0006300543901,0.0002587835188,0.0003335452056,0.00124934467,0.003501486965,0.0007144678966,0.001714012935,0.00390590285,0,0.004871546291,0,0,0,0,0,0,0,0,0,0,0,0,0,0,0,0,0,0,0,0,0,0.0006486367784,0,0,0,0,0.000301031454,0,0,0,0,0,0,0,4.521026494e-05,0,0,0,0,0,0,0,4.568031363e-05,0,0,0,0,0,0,0,0,0,0.001329779858,0,0,0,0.351568222,0.001719314256,0.001900474192,9.844105807e-05,0.0002263693605,0.0001626392623,0.001488306909,4.779878509e-05,2.508907528e-05,0.03494941816,0,0.005172194913,0.001029613311,0.0142857153,0.02796839923,0.01629988104,0,0.0004171199107,0,0.0002181149757,0.0003586675157,0,0.002380952472,0.009450202808,0.1026686728,0.002380952472,0,0.000237442262,0.002380952472,0,0.0592472367,0.9482588172,0.2815704942,0,0,8.261754556e-05,0.0006383653381,0.744117856,0.02309767902,0.01684052125,0.009265777655,0.1072691977,0.02763291635,0.005889138207,0.02471459843,0.002792661544,0,0,5.358288399e-05,0.0002866103896
48,0.006961276289,0.007782823872,0.0274395775,0.01715230756,0.04108582065,0.1927095205,0.01633024402,0.1732959151,2.268404569e-05,0,0,0.001046755468,2.469241963e-06,0,0,8.243029879e-05,0.04183716699,0.0169424843,0.03377641365,0.03785404935,0.02498428524,0.003187264083,0.002380952472,0,0.003574057017,0.00877192989,0.0007168415468,0.001663772739,0.001271099783,0.0002234624699,0,0.001468627248,0,0,0,0.0005702179624,0,0,0,0,0,0,0,0,0,0,0,0,0,0,0,0,0,0,0,0,0,0,0,0,0,0,0,0,0,0,0,0,0,0,0,0,2.622453394e-05,0,0,0,0,0,0,7.081439981e-05,0,0,0,0,0,0,0,0,0,0,0,0,0,0.3771163225,0.0009173455765,0.00172134384,0.0001960814843,0.0004978681682,0.0001047585829,0.001616515685,8.078197425e-05,4.272938168e-05,0.02839216217,0,0.002380952472,0.002380952472,0.007142857648,0.01010792423,0.01418994181,0,0.0002700843615,0,0.001753193676,0.002693689428,0.002380952472,0.002380952472,0.01024675369,0.110551022,0.002380952472,0,0,0,0.001151002827,0.03764825314,0.9558326006,0.2929771841,0.002385192085,0,3.320737596e-05,0.0009725525742,0.73322016,0.0246495083,0.01489793416,0.004898534156,0.09661725163,0.02803599462,0.004761904944,0.02589359879,0,0,0,9.935389244e-05,6.198621122e-05
49,0.006924525369,0.01248806156,0.02008364908,0.04089869559,0.04419126734,0.2993943095,0.03351923451,0.209076643,2.467478225e-05,0,0.0001561770187,0.001924876473,3.251673888e-06,0.0006794546498,0,0.0001739609579,0.06550163776,0.03723642603,0.04650615156,0.07527560741,0.05736137927,0.02894021571,0.009866902605,0.002380952472,0.01069416292,0.02926937304,0.004167527892,0.003725797404,0.008749918081,0.004544953816,0.003610823303,0.007093394641,0.005740748253,0.002380952472,0.005186060909,0.008227447048,0.005212187767,0.002380952472,0,0,0,0,0,0,0,0,0,0,0,0,0,0,0,0,0,0,0,0,0.0002457844676,0,0,0,8.621611414e-06,0.0002173296816,0,0,0,0,0,0,0,7.711270155e-05,9.090881576e-06,0,0,0,0,0,0,0,0,2.723165153e-06,0,0,0,5.144979878e-05,0,0,0,0.0002711942361,0,5.206001106e-07,4.316931154e-06,0.3626161516,0.002033772878,0.001559267403,0.0005298734177,0.0003470178344,0.0001965998672,0.002321664011,9.621253412e-05,2.857948311e-05,0.04546485469,0.003341781441,0.007998381741,0.00805767253,0.01107499097,0.003425559727,0.01247916277,0.01068483666,0.0002089035552,0.003298113821,0.0002847835131,0.001716239611,0.01043018326,0.001495388686,0.0146822324,0.101898849,0.008875921369,0.002380952472,0,0,0.001145753195,0.08041645586,0.9701871872,0.3371352851,0,0.006720033474,6.28364287e-05,0.0006785743753,0.7492716908,0.04273063317,0.02047979273,0.008232036605,0.1564631015,0.03589890152,0.007515755948,0.03160354495,0.001418609056,0.003293415532,0,8.813963359e-05,0.0001905367244
50,0.009568742476,0.01561430097,0.01734061353,0.02963575721,0.06485787034,0.2643355727,0.01981579326,0.2178212255,5.368161965e-06,0.0004148392181,3.005120016e-05,0.0001771009702,0,0.0001109602599,0.004053921439,4.552126484e-05,0.07720670849,0.03329778835,0.04813200235,0.05893879011,0.03841330484,0.02252934128,0.01150931232,0.01206457056,0.01612718217,0.01889427938,0.0003001125297,0.005146144889,0.002104845596,0.002432941459,0.0005870570894,0.004225068726,0.003515908495,0,0,8.320795314e-05,0.001172848744,0,0,0.00151578337,0,0,0,0,0,0,0,0,0,0,0,0,0,0,0,0,0,0,0,0,0,0,0,0,0,0,0,0,0,0,0,0,0,0,0,0,0,0,0,0.0002776311303,0,4.231290404e-06,0,0,0,0,0,0,0.001704133581,0,0,0,0.0001211075578,0.3785044551,0.0008412428433,0.003997904714,0.0008001131937,0.0007335494156,7.9500227e-05,0.002867125673,0.0001970711455,3.749663665e-05,0.03176667541,0.004761904944,0.003550091991,0.003133803839,0.01923547499,0.007087621372,0.01337809302,0.002380952472,0.0001351949031,0,0.0007327353815,0.001633161679,0.002607707866,0.0008144919411,0.009213465266,0.09647462517,0.009606493637,0,0.002380952472,0.002380952472,0.001225947286,0.04254719242,0.9556324482,0.3160151243,0.003912624437,0.001771198935,4.235580127e-05,0,0.7488939166,0.02712963335,0.009710539132,0.004460855853,0.104436703,0.02331695333,0.01162981894,0.02207597904,0.002059214283,0.001839479199,0,0.0001529883011,3.59268015e-05
51,0.007962084375,0.02206334099,0.01717827283,0.04003386945,0.05527013168,0.3703235984,0.04592166841,0.2024721801,2.966554575e-06,0,8.472227637e-05,0.00108822179,1.154153415e-05,6.063804176e-05,0.003988372162,0.0001126311618,0.1095707342,0.06169272959,0.07730336487,0.1041613296,0.06386448443,0.04450782761,0.03463230655,0.01666666754,0.03895584494,0.04250907525,0.002639572136,0.00235251151,0.001510117785,0.002069497248,0.006359890103,0.003014347982,0.003443830181,0.002593833255,0.005993253086,0.00512562599,0.002780007664,0,0.002380952472,0.001556104515,0,0.002380952239,0,6.13304428e-06,0,0,0,0,0,0,0,0,0,0,0,0,0,0,0.0006146355299,0,0,0,0,0,0,0,0,0,0,0,0,0.0001379649184,4.660149716e-05,0,0,0,0,0,0,3.303579069e-05,0,8.55123119e-07,0,0,0,0,0,0,0.000743890414,0,0,0,0,0.3698482513,0.001568746637,0.002573806327,0.000370997237,0.0002191713429,0.0001413579012,0.001568467473,0.0001057937479,3.346563608e-05,0.04136540368,0.006804189645,0.008075721562,0.005583221093,0.02659841441,0.01366944611,0.01179556362,0.007142857648,0.0001868634572,0,0.0003658524656,0.001916531823,0.01027297135,0.004152916837,0.01054973342,0.1020747051,0.01058536116,0.001969620585,0.001147914561,0.0007246359601,0.006305130199,0.08486753702,0.9600485563,0.3439539969,0.0008780136122,0.002380952472,6.382351421e-05,0.000247697084,0.7514374852,0.03910748661,0.02934538014,0.003138102824,0.1749753505,0.07704708725,0.01282264665,0.06328684092,0.01061588619,0,0,1.893954504e-05,0.0001434221631
52,0.006771631539,0.007178523112,0.01074224338,0.01649862342,0.1143134758,0.3144394159,0.04542108253,0.2426216453,1.636629349e-05,0.001430574455,1.359810267e-05,0.0001362297771,0.0001721905719,0.001193678821,0.002380952239,0.0007522398373,0.09166454524,0.08135739714,0.1277125925,0.1689196825,0.1424527466,0.1213668212,0.05904784054,0.02857143059,0.03233809397,0.09507901967,0.01566232182,0.008392989635,0.01848879829,0.03178135306,0.0197606571,0.03429966792,0.01301983465,0.01362864487,0.008872213773,0.01254612673,0.01045545284,0,0,0.002380952472,0,0.002380952472,0,2.575479084e-05,0,0,0,0,0,0,0,0,0,0,0,0,0,0,4.891928984e-05,0,0,0,5.064528523e-06,1.016506121e-05,0,0,0,0,0,1.489708575e-05,0,0.001061411225,9.397452231e-06,0,0,0,0,0,0,2.464968384e-05,0,1.59029787e-05,0,0,0,0,0,0,0.0008257633308,0,0,0,0,0.4326688945,0.0279957056,0.05879640952,0.008871181868,0.006162153557,0.004108176567,0.01495312434,0.002518601948,0.0006628978299,0.01458594669,0.0005812158342,0.003174969228,0,0.003115010448,0.0002755585301,0.02598647401,0.001315847621,0.0003490869713,0,8.71149241e-05,3.28892238e-05,0.001104014926,0.001708666794,0.0008053915226,0.09978317469,0.006091884337,0.006232366897,0.002403033199,0,0.0007570438902,0.09238933772,0.9605113268,0.3058055043,0.0004200846015,0.002079751343,0.000174827117,0.0001146692375,0.6862040758,0.0269672405,0.01054078899,0.006396206096,0.1431617737,0.03178111464,0.01506612357,0.04211304337,0.001255347976,0.003722183639,0.002739057411,0.0009037064738,9.865136963e-05
53,0.006612898782,0.001952835592,0.001368737314,0.01330381166,0.06964749098,0.03365461901,0,0.1702705771,0,0,5.119426987e-06,0,0,0,0,0.000150216656,0.01932459325,0.01190476213,0.02857143059,0.03353491798,0.01229728106,0.01006912347,0,0,0.009523809887,0.01239948161,0.002380952472,0,0.001605601865,0.003377437126,0.0055530346,0,0.002380952472,0.002380952472,0,0,0,0,0,0,0,0,0,0,0,0,0,0,0,0,0,0,0,0,0,0,0,0,0,0,0,0,0,0,0,0,0,0,0,0,0,0,0,0,0,0,0,0,0,0,0.0009043518803,0,0,0,0,0,0,0,0,0,0,0,0,0.09443558007,0.01190476213,0.004761904944,0.001247018576,0,0.0009646378458,0.006029852666,0.000691432273,0,0.01457194053,0.000278931926,0,0.002380952472,0.001758180093,0.00118488993,0.005322658457,0,0.0009084803169,0,0.0001073909079,0.0003133571008,0.0002242358896,0,0.002380952472,0.04906641319,0,0,0.002380952472,0.000151701548,0,0.00811744947,0.3533023,0.133214578,0,0,0.0003958891029,0,0.4162946343,0.004403068218,0.003783900756,0.001474656281,0.03275450319,0.004639016464,0,0.003183268942,0,0.001695392071,0,0,0
54,0.001507738838,0.002855964703,0.0004057093756,0.004343470093,0.06595297903,0.03399982676,0,0.1513853371,0,4.711088332e-05,0,0,0,0,0,0,0.03977866843,0.01904761977,0.02380010672,0.03386665136,0.0137646785,0.007142857648,0.009995428845,0,0.002380952472,0.01112602837,0,0,0.00239730021,0.005814580712,0.0009245813126,0.002380952472,0,0,0,0,0.0008128751651,0,0,0,0,0,0,0,0,0,0,0,0,0,0,0,0,0,0,0,0,0,0,0,0,0,0,0,0,0,0,0,0,0,0,0,0,0,0,0,0,0,0,0,0,0,0,0,0,0,0,0,0,0,0,0,0,0.08022692055,0.005682826042,0,0,0.002380952472,0,0,0.00122682401,0,0.004794930574,0.002380952472,0,0,0.002661326434,0.001653475454,0.003369206097,0.00122655218,0.0003514110867,0,0,0.0008040808025,0,0,0.002380952472,0.02602791414,0,0,0,0,5.173776663e-05,0.002380952472,0.2467149496,0.07277177274,0.002934545279,0,0.0007723598392,0,0.2652631402,0.008178186603,0,0.0002275801962,0.004761904944,0.001446532435,0,0.0001881765929,0,5.599073484e-05,0,0,0
55,0.002716036513,0.006907853764,0.003910726402,0.0134196775,0.08019521087,0.01666666754,0,0.1762233973,1.797045115e-05,1.184224948e-05,1.05131885e-05,2.262010457e-05,0,0,0,6.387198664e-05,0.04024463147,0.0325612016,0.02630446106,0.03773747012,0.02825779282,0.02532079257,0.01575216465,0.008341812529,0.004159127828,0.01632365771,0.001026230631,0,0.004468758125,0.004239721224,0.005572789349,0.001376078348,0.002380952472,0.002380952472,0.003246054286,0.001547336346,0.002380952472,0,0,0,0.002380952472,0,0,0,0,0,0,0,0,0,0,0,0,0,0,0,4.846408501e-06,0,3.773263643e-06,0,0,0,0,0,0,0,0,0,0,0,0,0,0,0,0,0,0,0,0,0,0,0,0,0,0,0,0,0,0,0,0,0,0,0.1214784384,0.002380952472,0.002380952472,0,0.002380952472,0,0,0.0005430413876,0,0.005738734733,0,0.002380952472,0.0001327050704,0.0008560444112,0.000260417728,0.007412897889,0,0.001159038162,0,0,0.0008659137529,0,0.000181526877,0.0005422759568,0.01825077645,0,0,0,0,4.830127e-05,0.002380952239,0.2675898075,0.07772551477,0,0,0.000931173272,0,0.2707577348,0.000299904088,0,0.0008083276916,0.01513424981,0,0,0.002380952472,0,0,0.002380952472,0,0
56,0.004316738341,0.001808576169,0.002079835394,0.003023746191,0.08185685426,0.03333333507,0,0.1726743281,3.050711939e-06,3.162477515e-05,0,2.833744657e-05,0,0,0,0.0001275473624,0.03762257099,0.03147433326,0.03786494583,0.04648206383,0.04030470178,0.02990737744,0.0109503679,0.003800073871,0.01252741646,0.03045353107,0.002750516636,0.001989258453,0.006973990239,0.01213391684,0.008909113705,0.01234956365,0.00338846934,0,0.007603795268,0.003899281612,0,0,0,0,0,0.004761904944,0,0,0,0,0,0,0,0,0,0,0,0,0,0,0,0,5.938898903e-05,0,0,0,0,0,0,1.123790412e-06,0,0,0,0,2.147027044e-05,0,0,0,0,0,0,0,0,0,0,0,0,0,0,0,0,0,0,0,0,0,0,0.08703586459,0.002380952472,0.003641619114,0,0,0,0.0008768723928,0.002380952472,0,0.008556174114,0.0007810473908,0,0.0002699353208,0.0007749018259,0.0001749201765,0.003481613239,0,0.0002066890302,0,4.35233087e-05,0.0006024821196,0,0,0.001999904402,0.02329741977,0,0,0,0,2.656584002e-05,0,0.3000000119,0.07098027319,0,0,0.0008787689731,0,0.2844390571,0.008160761558,0,0.001348468009,0.004761904944,0,0,0.001260995865,0.0003060780291,0,0,0,0
57,0.01564491168,0.02476899512,0.01103107538,0.0361886546,0.154034704,0.04277100414,0.004761904944,0.1958776116,2.96659573e-06,3.049249608e-05,0,1.687402801e-05,0,0.0002285054507,0,1.053142e-06,0.06096747145,0.02680232748,0.04664833099,0.05173225701,0.03225749359,0.01807523891,0.01041335147,0.01337469276,0.01556900144,0.01296358276,0.0009112515254,0.001751888311,0.002256537089,0.00285525783,0.001241073245,0.001190244453,0.001068913145,2.813758874e-05,0.0007476261817,0.001156968414,0.004474148154,0,0.003062750679,0.0008065156871,0.001069160178,0.0006941850297,0,9.937368304e-06,0,0,0,0,0,0,0,0,0,0,4.846408501e-06,0,0,0,5.326498922e-07,0,0,0,0,0,0,1.961233011e-06,0,0,0,0,2.930149458e-05,0,0,0,0,0,0,0,0,0.0003323931305,0.0001420151384,0.0003528515226,0,0,0,0,0,0,0,4.581277972e-05,0,0,0.0007911740104,0.3203320205,0.01533886325,0.005949579179,0.01190476213,0.01277529635,0.008277380839,0.01022827066,0.01880741492,0.009840189479,0.01337489113,0.008232175373,0.001470633317,0.000545026036,0.00958779268,0.0016545197,0.008318632841,0.001755178557,0.01809658483,0.002380952472,0.001093293657,0.003494752338,0.001096767606,0.00205174624,0.01245869137,0.04037960619,0.002380952472,0,9.299107478e-05,0.0002337608021,0.0005836128839,0.001022441196,0.5353178382,0.14577052,0.001807226799,0.0009822957218,0.01100810897,0.0006066579954,0.4719287157,0.01106998697,0.002884890186,0.009197333828,0.01461688988,0.002083227504,0.003635183442,0.003816681216,0.001114165061,0.0007970298175,0.0002168814972,0.002640021499,0.0004161196994
58,0.008146681823,0.01163046993,0.008594652638,0.04472053424,0.09913314879,0.2479550391,0.02474428155,0.2566914856,1.958230678e-05,4.557357533e-05,7.29928297e-06,0.0001157147053,0,0.0005094985245,0.001482013962,0.0001158744781,0.09073506296,0.05651755631,0.07199265808,0.08735559881,0.0533695519,0.04673447087,0.0253182333,0.01651156321,0.02370914444,0.03901476413,0.001353955362,0.00166957383,0.004931666888,0.003774254816,0.003571690992,0.003540134523,0.005533517338,0.0008126450703,0.002334591234,0.001244638697,0.002047297079,0,0.002380952472,0.004667003173,0,0.006040637847,0,0,0,0,0,0,0,0,0,0,0,0,0,0,0,0,3.879282303e-06,0,0,2.341712843e-06,2.152424941e-06,5.815786039e-07,0,0,0,0,0,0,2.118580232e-05,0,0,0,0,0,0,0,0,0.0004844499053,0,0.0006895229453,0,0,0,0,0,0,0.0003105712822,0.0001137038489,0,0,0.001485128072,0.4275768399,0.06235539541,0.04279025644,0.02518671937,0.03241934255,0.01651112922,0.01913454756,0.02245828323,0.01227334049,0.01123392396,0.002220071387,0.004372201394,0.002025162801,0.01467983238,0.001777862199,0.03973553702,0.003417463042,0.002058595419,0,0.0002293823054,0.0002999883727,0.001752451877,0.001874229987,0.001601314987,0.07932931185,0.001917411108,0.002850629156,0.0004643057182,9.954111192e-06,0.00133795687,0.05872434378,0.9404422045,0.3067569435,0.002336077858,0.002768025035,0.0008686945075,0.0003463123576,0.5970749855,0.01860957034,0.007186274976,0.004345113877,0.1142815948,0.01633163169,0.01296432968,0.02808370069,0.003088423051,0.002983815502,0.002794082509,0.003525417997,4.257133696e-05
59,0.004075863864,0.009023691528,0.002503472846,0.0160389524,0.1780615896,0.2857819796,0.01207138412,0.244424805,1.443056681e-05,2.276529813e-05,5.793495802e-06,6.071471216e-05,7.774359983e-05,0.0007065568934,0,0.0001037357652,0.07887849957,0.06698495895,0.08876360208,0.08512537181,0.05864553154,0.04715730622,0.04333312437,0.03188128024,0.032140214,0.0432173945,0.002445065882,0.004318215419,0.005609123502,0.005539878272,0.004136767238,0.004346244968,0.003835753072,0.003360891249,0.003586280392,0.004127663095,0.01089095045,0.002922883024,0.004809923004,0.009230530821,0.00865572691,0.007848002948,0,0.0001285567705,0,0,0.0006486367784,0,0.0002457844676,0,0.0006146355299,4.891928984e-05,0,0,3.773263643e-06,5.938898903e-05,5.326498922e-07,3.879282303e-06,0,0,0,0,1.513911047e-05,3.251308954e-06,4.865882147e-06,9.31669274e-06,0,0,0,6.357162192e-07,3.209833949e-06,0,0,0,4.757500847e-06,0,0,0,0,6.754199148e-06,0,0.0001653098298,0,0,0,8.921631525e-05,0,0,0.0003388439072,7.060401549e-05,5.921307093e-06,0.001007469487,0.0005173031823,0.5533435345,0.06435956061,0.06344337761,0.02674542926,0.03584918752,0.01720112376,0.01808441058,0.02860965207,0.01111826487,0.009336472489,7.92088249e-05,0.0005711495178,0.0002489518083,0.001864083693,0.0002570663055,0.01639556885,0.001361753209,0.003430667566,0.000451450207,0.000177328111,0.0004394573043,0.0002291266428,0.0005308219115,0.0009571225964,0.04500931501,0.001591526438,0.003220672486,0.0001032448636,2.472080268e-05,0.0001649940532,0.04403965175,0.9593932629,0.2517812848,0.003393361345,0.001153287361,0.001787593937,5.218704246e-05,0.5704849958,0.01744899899,0.003407829907,0.003304332029,0.05714179575,0.003015196184,0.0007468487602,0.01245318167,0.0006774198264,0.0002658923331,0.0007079151692,0.00392284058,0.0002311773569
60,0.01097559929,0.004363799468,0.008177003823,0.02094073594,0.1076925918,0.12983872,0.004042416345,0.1818174571,0,0,3.925536021e-06,0.0001451197022,0,0,0,3.786173329e-05,0.03434997424,0.01134639326,0.0298410207,0.04569395632,0.0292592179,0.0144094266,0.00115293765,0.007142857648,0.004031809978,0.01060154103,0.001279695774,0,0.003704596777,0.0009483205504,0.002618606668,0.001587394043,0.0001690453937,0.000279844593,0.0002008247684,0.002603140194,0.001602696022,0,0,0,0.002380952472,0,0,0,0,0,0,0,0,0,0,0,0,0,0,0,0,0,0,0,0,0,0,0,0,0,0,0,0,0,0,0,0,0,0,0.000103608123,0,0,0,0,0,0,0,0,0,0,0,0,0,0,0,0,0,0.2654062808,0.01123715099,0.01683641225,0.002653163392,0.002152484143,0.003619575175,0.00713490881,0.0002714458096,6.727810251e-05,0.01938612014,0.002380952472,0.0003824417945,0.0002943843429,0.006395212375,0.003768422874,0.01432384364,0,3.627885962e-05,0.00183714868,0.0005992793012,0.0006088785012,0,0.0007063730154,0.00830612611,0.09408850223,0.00197527837,0,0,0,0,0.01725508645,0.798941493,0.2316038311,0,0.001727713039,0.0005923326826,0,0.6444453001,0.02505191788,0.01170588564,0.007337197661,0.05977299809,0.01224118378,0.003459673608,0.009467254393,4.710001303e-05,0.0009984264616,0,0,0
61,0.00306158117,0.002626460278,0.001521141618,0.003526083659,0.05940148607,0.04046685994,0.004761904944,0.2211575955,0,0.0001717063424,0,0,0,0,0,0,0.01781923696,0.01708944887,0.0331257917,0.03338774294,0.03909454495,0.03538912535,0.007884715684,0.007142857648,0.01024967432,0.0142857153,0.008946066722,0.002380952472,0.00501574995,0.01240047347,0.004053323064,0.007278234698,0.007556054275,0,0.0002420809906,0.003046808997,0.004761904944,0,0,0,0,0,0,0,0,0,0,0,0,0,0,0,0,0,0,0,0,0,0,0,0,0,0,9.189880984e-06,0,3.575131632e-05,0,0,0,0,0.0001116335188,0,0,0,0,0,0,0,0,0,0,0,0,0,0,0,0,0,0,0,0,0,0,0.166018486,0.002380952472,0.007142857648,0.004761904944,0.007142857648,0.002380952472,0.004761904944,0.008716058917,0.003285651328,0.01251766179,0.0006119433092,0,3.321611075e-05,0,5.334154775e-05,0.006484992336,0,0.001331122476,0.002380952239,2.02401352e-05,0.0001954615582,0,0,1.581027573e-05,0.04152336344,0.0007867089589,0.001318575465,0,0,0.0003163400397,0,0.3787013292,0.09707612544,0,0,0,0,0.3540204167,0.002969295252,0.003174378769,0.004213337786,0.02261374891,0,0,0.0005603045574,0.0002173720568,0,0,0,0
62,0.005643785931,0.00616744021,0.01245835517,0.01829698309,0.08394844085,0.1875420213,0.03110967018,0.2129333466,2.905527253e-05,0.0001521609811,2.891844451e-05,0.0001948643039,0,0.0004703042214,0.0007399947499,0.0002120401623,0.04435868561,0.03449217603,0.05529738218,0.05632111803,0.0416652374,0.03114749119,0.01753123477,0.007142857648,0.01555736549,0.02465634607,0.003645851742,0.002380952472,0.01002288796,0.005501390435,0.007420157082,0.0006467766943,0,0,0,0.001197451376,0,0,0.002380952472,0.003441322362,0,0,0,0.001152896555,0,0,0,0,0,0,0,0,0,0,0,0,0,2.341712843e-06,0,0,0,0,0,0,0,0,0,0,0,0,0,0,0.000663640385,0,0,0,0,0,0,0.0001154546335,0,1.140649783e-05,0,0,0,0,0,0,0.001210396993,0,0,0,0.00020271416,0.2941706181,0.04536702484,0.02576695755,0.01459059585,0.0138315307,0.0008162406739,0.004381325562,0.005480695982,0.002358407248,0.01183119509,0,0.001626522164,0.000448650535,0.0001151356555,0.001281537465,0.02053715102,0.001525314408,0.000374974974,0.0008046615403,0.0001252176007,0,0.005809257273,0.001283444697,0.001916853478,0.08420531452,0.004189249594,0,0.000225752694,0,0.0003432930389,0.05673883855,0.8214505315,0.2804676294,0,0.002595703583,0.0002771313011,0,0.648275733,0.02060621604,0.004717818461,0.007888708264,0.09671217948,0.02096377872,0.01045646518,0.02872083336,0.0001848358079,0.0006546986988,0,0.003938540351,8.841975796e-05
63,0.01261789352,0.02297170646,0.02105045132,0.04585045576,0.1068396121,0.4024373591,0.1370584071,0.2175813615,4.082968371e-05,0.0003088632948,0.0001441545901,0.0009196050232,8.009441081e-05,0.0008644770132,0.009347666055,0.0003327598388,0.1123662814,0.1168050915,0.1278166473,0.1651411802,0.1341915578,0.0939553231,0.08298458904,0.05829804018,0.05577998981,0.09229823947,0.002084183739,0.007830266841,0.00775473984,0.009910773486,0.007442336529,0.01176925655,0.004159728065,0.002243019175,0.008393030614,0.004906601273,0.006345535628,0,0.004761904944,0.007835154422,0,0.008172950707,0,3.525287866e-06,0,0,0,0,8.621611414e-06,0,0,5.064528523e-06,0,0,0,0,0,2.152424941e-06,1.513911047e-05,0,0,0,0,3.209835313e-06,0,3.721586836e-06,0,0,0,0.0001639854599,0,0.0002259350003,3.684009425e-05,2.994468332e-06,0,0.0001927744306,0,0,0,0.0003634562017,0,2.507776571e-06,0,1.192799846e-05,0,0,0,7.342174649e-05,0.004341952503,3.164313239e-05,0,0,0.0002367998823,0.4034580886,0.01566673815,0.03828337044,0.003630867228,0.00400275737,0.003788871225,0.009687969461,0.001354634413,0.0005878046504,0.02614090405,0.003616946749,0.009866838343,0.004346994217,0.01629035175,0.004291263409,0.02596566454,0.00667192461,0.0005086919409,0.004001654685,0.0004716572003,0.0004651368072,0.008801848628,0.00171990227,0.01143605821,0.104520835,0.01994014531,0.01113410573,0.003628595266,2.272098936e-05,0.0002835400519,0.1529781818,0.9657687545,0.3250321746,0.001096731867,0.009297369979,0.0002522506402,0.0007390169194,0.7458249331,0.04084314778,0.02587669156,0.007862892933,0.2109327614,0.07060451061,0.03410281613,0.1084467396,0.01003081724,0.007315390743,0.000307808572,0.0003617987386,0.0001234845113
64,0.00863978453,0.01198825426,0.01382730436,0.02937340178,0.106938608,0.4156264663,0.1228600442,0.2506480217,4.743506361e-05,0.0002294034057,0.0001154302954,0.0004759516451,0.0003976233711,0.003979285713,0.01755080931,0.0004181280092,0.1380909681,0.1654385775,0.2048577517,0.1947883368,0.1621043682,0.1666069478,0.1285663247,0.07747615129,0.1024834067,0.1198057458,0.00722230738,0.01517739706,0.01209837757,0.0143225966,0.01260223519,0.01020256337,0.01245450415,0.01389148924,0.008974607103,0.01057600416,0.02827802487,0.007142857648,0.01028520335,0.01044973265,0.01236325689,0.01038038917,0.002380952472,0.0003772016498,4.138209624e-05,0,0.000301031454,0,0.0002173296816,0,0,1.016506121e-05,0,0,0,0,0,5.815786039e-07,3.251308954e-06,0,9.189880984e-06,0,3.209835313e-06,0,9.963754565e-06,5.428227269e-06,0,0,1.32424093e-05,1.599718189e-06,0,0.004077475052,0.0009775883518,1.216184592e-05,0,0.0003217245685,3.313100751e-05,0,0,3.717758591e-05,2.836692329e-05,2.075676639e-05,0,4.316652849e-05,1.487175177e-05,0,0,0,0.002313517965,3.992941856e-05,0,0.0002171170927,0.0001902550139,0.4743997753,0.09600012749,0.1585553885,0.02843142115,0.03550900519,0.01427359972,0.03493232653,0.01193178724,0.007205274422,0.01707197353,0.001756702783,0.002154506743,0.005224581342,0.004520996939,0.000792530016,0.04404051229,0.002559361048,0.0007280840073,7.991862367e-05,0.0001172527263,0.0001999597298,0.003644874785,0.001093166647,0.002954621101,0.1064842343,0.007774170488,0.001489492599,0.0007794557023,2.433928785e-05,0.0003123850329,0.1780109107,0.9794102907,0.3356209695,0.001206777524,0.006656022742,0.0003999408218,0.0004107585119,0.6749441028,0.02642395906,0.01570943557,0.006822247524,0.2176325172,0.0399209857,0.03173528239,0.09236393869,0.003460974433,0.001506443485,0.000897736405,0.001398899127,8.811023145e-05
65,0.00135883328,0.0006896455889,0.0003694152401,0.002899112878,0.09450308233,0.04633379728,0.0007733844104,0.1103096232,0,0,4.366550002e-06,1.891142892e-05,0.0003092214174,0,0,0.0001593734632,0.05379644036,0.02838386968,0.04134589806,0.0422646068,0.02705425583,0.03016149253,0.006711648311,0.01325570792,0.004448521417,0.02000057884,0.001723945956,0.00447781384,0.005967780948,0.01222458854,0.002919782652,0.006078419276,0.003843614133,0.001222617459,0.0031336674,0.00194473553,0.006488763262,0.002380952472,0,0.002380952472,0,0.002380952472,0,0,0,0,0,0,0,0,0,0,0,0,0,0,0,0,4.865882147e-06,0,0,0,0,9.963754565e-06,0,0,0,0,0,0,1.099459155e-06,0,0,0,0,0,0,0,0,0,3.85213616e-06,0,0,0,0,0,0,0,0,2.313984169e-06,0,0,0,0.2296687067,0.004761904944,0.004761904944,0,0.001746977912,0.002798409434,0.003224328393,0.002785942284,0.0004872755089,0.01180922333,0,0,0,0.0006884561735,0.0004698068369,0.006824332289,0,0.003637045855,0,0,0.0007635702495,3.878335701e-05,6.307166041e-05,0.0002334972814,0.02044654638,0.0001125628551,0,0,0,2.394450348e-05,0.005777102429,0.6387782097,0.1646219939,0,0,0,0,0.5079423189,0.01123782061,0.003395200474,0.0001490786235,0.01190871,0.0004709768109,0,0.0003043999604,0,0.0001275032409,6.429239875e-05,0,0
66,0.003827410983,0.005015160423,0.001548601547,0.01027101185,0.1582100093,0.1085809544,0,0.1379170865,7.123725936e-06,2.869042191e-06,8.724915119e-07,2.260290057e-05,0,0.001323575503,0,5.667353253e-05,0.04571901634,0.03896391019,0.04906493425,0.05082336441,0.02976736426,0.0262600258,0.01440828014,0.01654470339,0.01447840594,0.01809318177,0.001434728736,0.003058515722,0.00505671883,0.004798355512,0.003171914257,0.002786022145,0.003378618509,0.003092243569,0.001735329162,0.00217350712,0.01063795574,0.003787630703,0,0.00563253928,0.002368115121,0.001828175737,0,0.0002340529172,0,0,0,0,0,0,0,0,0,0,0,1.123790412e-06,1.961233011e-06,0,9.31669274e-06,0,3.575131632e-05,0,3.721586836e-06,5.428227269e-06,0,0,0,0,0,0,0,0.0008170692017,0.0002129129571,0,0,0,0,0,0,0,4.431410707e-05,0,0,0,0,0,0,0,0.0007808173541,1.210310347e-05,5.382974564e-07,0,0.001630446408,0.3300683498,0.01688839309,0.006458033342,0.0142857153,0.003938454669,0.007652940229,0.004910524469,0.01292209979,0.009697254747,0.01040390506,0.001651218161,0.0006436209078,0.0002080853737,0.002878794214,0.0008238027222,0.01112318784,0.004271342885,0.004457905423,0.002380952472,0.0009282157407,0.001884843688,1.522782622e-05,0.0001699950953,0.006562250666,0.02502007037,0.0001242617291,0,1.100113604e-05,0.0002220033202,4.981078018e-05,0.0164409671,0.7973329425,0.1680389047,0.002886038041,7.404042117e-05,0.002334149554,0,0.6154539585,0.01793523133,0.001734148129,0.005362498574,0.02513419278,0.0003684096446,0.002380952472,0.002760208212,0.0003391903592,0.0001752881653,0.0002036952646,0.001575671369,0.0007979791844
67,0.006502874196,0.001512984629,0.01120261289,0.003384266747,0.07636834681,0.1133578718,0.001349257887,0.2004602104,3.671454033e-05,0,1.495304241e-05,0.0002816794149,0,9.471986414e-05,0,0.0002385170228,0.01668654941,0.01904761977,0.03713100031,0.05247520283,0.03772169724,0.0142857153,0.009523809887,0.002380952472,0.002380952472,0.02507806569,0.003871731693,0,0.003859386081,0.004761904944,0.002380952472,0.002380952472,0.001413889695,0,0.003677094122,0.006177217234,0,0,0,0,0,0,0,0,0,0,0,0,0,0,0,0,0,0,0,0,0,0,0,0,0,0,0,0,0,0,0,0,0,0,0,0,0,0,0,0,0,0,0,1.565708953e-05,0,0,0,0,0,0,0,0,0,0,0,0,1.840997902e-05,0.2339036018,0.01844296791,0.02157403342,0.002543085022,0.006452297792,0.007393107284,0.009948253632,0.004633912817,0.002380952472,0.01475056726,0,0,0.001227991306,0,0.0007515050238,0.01355391368,0,0.0004812066327,0,7.900183846e-05,0.0002739173651,0,0,0.001680791262,0.07689979672,0.002380952239,0,0,0,0,0.02369332686,0.6222940087,0.2088505626,0.00242296583,0.00124767737,0.0001060159848,0.0005957363755,0.5063862205,0.005581593141,0.009755865671,0.0008014733903,0.06354717165,0.005169274285,0.002704026876,0.00704319356,0,0,0.0002887125884,0,0.0005137745175
68,0.002256026957,0.004194422625,0.003575631185,0.01585671306,0.09219519049,0.1457477957,0.0142857153,0.2621376216,2.983425475e-05,0,1.035843979e-05,9.261674859e-05,0,0.001389359939,0.001139945351,0.0005257290322,0.06389077008,0.04124921933,0.06495454162,0.08817640692,0.08600196987,0.0396971032,0.01904761977,0.007142857648,0.01766987517,0.05319808796,0.006466336548,0.00588801736,0.009506374598,0.01011180598,0.007892144844,0.01767614484,0.01666666754,0,0,0.005685748532,0,0,0,0,0.001793478616,0,0,0,0,0,0,0,0,0,0,0,0,0,0,0,0,0,0,0,0,0,0,0,0,0,0,0,0,0,0,0,0,2.575624421e-06,0,0,0,0,0,0,0,0,0,0,0,0,0,0,0,0,0,0,0,0.3002685606,0.03706466407,0.0203091111,0.01000709832,0.009898420423,0.005936191417,0.001155957812,0.007279631216,0.002616210375,0.009505409747,0.0005605563638,0.0003400664427,0.001262391917,9.292541654e-05,0.0001600851974,0.01464661583,0,0.0004334729456,0,1.766771493e-05,4.60899937e-05,0,0.001185733825,0.000577489147,0.06705833972,0,0,0.000144719379,4.060529318e-05,3.393365114e-05,0.03485119343,0.7470108867,0.2237962335,0,0,2.757611401e-05,1.495713968e-05,0.5302539468,0.01597089693,0.00292913476,0.00417946605,0.05769946426,0.005577633157,0.003380720969,0.008549627848,0,0,0.0007924040547,0.0001433985744,0.000161977965
69,0.006088669412,0.003696645843,0.007527021226,0.01237739157,0.08753094822,0.3110652566,0.02564415149,0.1977710873,5.686586519e-06,9.663357332e-07,1.321658237e-05,0.0001319626899,8.407529094e-05,4.196425289e-05,0.001049115672,0.0002753250883,0.05660841987,0.06637712568,0.09652815759,0.1028348356,0.07754980773,0.04420530796,0.02066214941,0.01459685154,0.02571492083,0.06358644366,0.006826201919,0.006324176211,0.01086799242,0.009217210114,0.007591156289,0.01045954041,0.00891011674,0.0001630252227,0.008385357447,0.009961534292,0.00674354611,0,0,0,0.002380952472,0.003236396937,0,1.782551226e-05,0,0,0,0,0,0,0,0,0,0,0,0,0,0,0,0,0,0,0,1.32424093e-05,0,0,0,0,0,0,0,8.351988981e-06,1.954466597e-06,0,0,0,0,0,0,0.0001005669474,0,1.447691011e-05,0,0,0,0,0,0,0,0,0,0,3.251849557e-05,0.387342751,0.02457465976,0.05469096825,0.002071538707,0.003512972733,0.002307920717,0.008302022703,0.001584760961,0.0006899054861,0.01829416864,0.002323084278,0.001138894586,0.001444920665,0.003558050608,0.0008185416227,0.02403944172,0.000220988557,0.0007724727038,0.0008758237818,0.0001163174238,0.0005243562046,0.0003591593995,8.644352783e-05,0.003664924065,0.08840143681,0.0008739128825,0,1.197299935e-05,0,4.977837307e-05,0.04538856447,0.9543605447,0.3278680146,0.002581474138,0.0001439901243,0.000243417875,6.244058022e-05,0.7124541998,0.03250141069,0.01508048363,0.003784688422,0.09845859557,0.004053398035,0.001828101231,0.004026157781,3.264378756e-05,0.000102450038,0,0.0005909004831,4.378553786e-05
70,0.003198402002,0.003727185773,0.003942290321,0.007416619454,0.1319079995,0.1933396012,0.01662034169,0.2651565671,0.0001404520299,0.0002290304838,1.453623736e-05,0.000567848736,0.0004077204794,0.00125541212,0,0.001088698511,0.08797991276,0.1104786322,0.141415745,0.1827992946,0.186116904,0.1087800562,0.06269971281,0.02787585557,0.0419453904,0.1038388312,0.01508723851,0.0156928692,0.02288386784,0.03599024191,0.02682533301,0.03046268411,0.006763545796,0.01335241646,0.01991119049,0.01855188608,0.01773279719,0,0.004761904944,0.004761904944,0.002380952472,0,0,0.0002406642598,0.002380952472,0,0,0,0,0,0,1.489708575e-05,0,0,0,0,0,0,6.357162192e-07,0,0,0,0.0001639854599,1.599718189e-06,0,0,0,0,0,0,1.640688083e-06,0.0002031742915,0.003473595949,0,0,5.940100164e-05,0,0.0001536138734,0,0,0,6.429225778e-06,0,0,0,0,0,0,0.0002077627287,0,0,0,0,0.4324631691,0.04959735274,0.03907265887,0.01487645693,0.02376572788,0.005923430435,0.02502468787,0.0215567369,0.01196043566,0.01211689785,0.0003660423099,0.0005681214388,7.258753612e-05,0.000171650463,2.926499474e-05,0.03974426538,0,0.0004429106775,0,1.856442032e-05,3.226122863e-05,0.0006840282003,0.0002809678263,0.0008161200094,0.07647284865,0.000682322192,0,0,0,0,0.02918987162,0.9066420197,0.2559740543,0.0002483876306,0.0003372339124,0.0009707643767,1.599016468e-05,0.5954551697,0.01863603294,0.00649428973,0.00310464506,0.07783233374,0.004399585538,0.009224819019,0.009198149666,0.0003789241891,0.001361040864,0.0004483978264,0.0007316698902,3.668533463e-05
71,0.001357873785,0.00137943076,0.000511227001,0.003839682322,0.1480100304,0.1421775073,0.01656338945,0.1087454483,1.38178566e-05,1.17188365e-05,1.507223715e-06,3.327197919e-05,2.722225145e-05,0,0.0001494240569,0.0001702017325,0.03715230525,0.04762503132,0.05901503935,0.05618180707,0.03316599503,0.03960641846,0.03783382475,0.02174258232,0.01622606069,0.02778592519,0.00291792932,0.007936689071,0.01175135002,0.00978829246,0.006097420119,0.005284606013,0.007514046971,0.005098359194,0.002017736901,0.004057177808,0.008469503373,0.002380952472,0.002380952472,0.003361654701,0.007142857648,0.006824959069,0,0,0,0,0,0,0,0,0,0,0,0,0,2.147027044e-05,2.930149458e-05,2.118580232e-05,3.209833949e-06,0,0.0001116335188,0,0,0,1.099459155e-06,0,0,0,0,1.640688083e-06,0,0,0,0,0,0,0,0,0,1.377176318e-06,0,0,0,0,0.0006352492492,0,0,7.881079e-06,0,1.916897645e-06,0,0,0,0.4248399734,0.02748796716,0.02032442018,0.006511418615,0.018703904,0.01142500807,0.003364226781,0.009516909719,0.007278339006,0.01096264645,0.0003545824147,8.75762853e-05,8.714860451e-05,0.001524994965,0.0004057970946,0.006467162166,0.001749984687,0.00426405156,0.0004643697757,0.0005593248061,0.0008774489979,1.880936543e-05,4.369660746e-05,0.001331547042,0.02011492662,8.073856588e-05,0,3.431895493e-06,3.019467658e-05,1.122575122e-05,0.02519733272,0.9271056652,0.1812695712,0.0006418123958,0,0.002690844471,1.619733666e-05,0.6447241902,0.0172855705,0.008129238151,0.002506540623,0.02059828304,0.0003571197158,0.001029575593,0.0006575800362,3.441235094e-05,6.391184343e-06,0,7.315557741e-05,2.532869257e-05
72,0.02637506835,9.436789696e-05,0.000860338565,0.01495022606,0.1288190037,0.0998628363,0,0.08591721952,4.156328214e-05,0,1.31694253e-06,0,0,0.0004432426067,0,0,0.01668527164,0.002380952472,0.005207692273,0.0009672812303,0.007142857648,0.002380952472,0,0,0.001736279344,0,0.004761904944,0,0.002380952239,0.0009962565964,0,0,0,0.002380952472,0,0.001812700415,0.004761904944,0,0,0,0,0,0,0,0,0.0002797798952,4.521026494e-05,0,7.711270155e-05,0,0.0001379649184,0.001061411225,0,0,0,0,0,0,0,0,0,0,0.0002259350003,0.004077475052,0,0.0008170692017,0,0,8.351988981e-06,0.0002031742915,0,0,0,0,0,0,0,0,0,0.0006492072134,0,0.0010636769,0,0,0,0,0,0,1.792698328e-07,0,0,0,7.098783681e-05,0.2588196993,0.09043500572,0.08052502573,0.02965579554,0.04613124579,0.03219920769,0.03713037446,0.03215580061,0.01128857303,0.01594013348,0,0.004761904944,0,0.003616924398,0.002261635847,0.08289153874,0,0.02288088389,0,0.004239548929,0.00645644404,0.0165541321,0,0.02680144645,0.03956103697,0.002060824074,0,0,0.0007170690224,0.0006996884476,0.0008207079954,0.6392381191,0.1315523535,0.01165666897,3.98982811e-05,0.004735095426,0.0009738687077,0.4752632976,0.06187655777,0.01881753467,0.05948709697,0.001059868024,4.815176362e-05,0,6.097231562e-06,9.382216376e-05,0.009527885355,0.004761904944,0.0004156505165,0.001033891574
73,0.01774776168,0.01917034574,0.01156673022,0.01733399555,0.0904917419,0.09172059596,0.00535801379,0.1053682491,5.8984715e-06,2.142158883e-05,1.087165037e-05,0.0002592291276,1.500190592e-06,9.943400983e-07,0,7.254700176e-05,0.09743626416,0.06232098117,0.08499397337,0.08289838582,0.07574360818,0.04028712213,0.03169088811,0.007384428754,0.02400968969,0.03046891652,0.002042791108,0.001403630362,0.004652424715,0.004855188075,0.003018132178,0.004221786279,0.001849243068,0.0004931016592,0.006175981835,0.000740423915,0.008986886591,0.007142857648,0,0,0,0.007142857648,0,0,3.501726496e-06,0,0,2.622453394e-05,9.090881576e-06,0,4.660149716e-05,9.397452231e-06,0,0,0,0,0,0,0,0,0,0.000663640385,3.684009425e-05,0.0009775883518,0,0.0002129129571,0,0,1.954466597e-06,0.003473595949,0,0,0,2.565952127e-05,0,0,0,0,0,2.735061753e-05,0,0.0003837082186,0,0,0,0,0,0,0,0,0,0,8.157903358e-05,0.4221466184,0.03782307357,0.0384237431,0.00651681982,0.007244662382,0.005745148286,0.01880193874,0.003777534002,0.002211232437,0.02654817514,0,0.01431018766,0.007642303128,0.02808029391,0.01489826571,0.06252445281,0,0.002410042332,0.00623413967,0.00175393722,0.002022911794,0.01035046019,0.004310424905,0.008471731097,0.1045031473,0.00261192047,0,0,0,0.003468764713,0.02330150269,0.9397662282,0.3657570779,0.001958608162,0.001169747673,0.0004482424411,0.002387153683,0.749281168,0.0538244769,0.0176158417,0.02041544579,0.1115809456,0.01071967371,0.004761904944,0.006032761186,0,0.001674462226,0.0003902736353,0.003091978608,0.0007410394028
74,0.005101006478,0.004403492436,0.007724307012,0.01239398867,0.05540964752,0.2008108497,0.01533165853,0.2350295037,9.87353269e-06,0,4.393958443e-05,0.0002083240979,0,6.136523734e-05,0.0008949505282,0.0005625005579,0.07074318826,0.04183637723,0.06960056722,0.06310084462,0.07355421782,0.03419265524,0.01596807316,0.01904761977,0.01389317866,0.03853852674,0.007687617559,0.004761904944,0.004282027483,0.007506770547,0.01823616028,0.00514729321,0.002380952472,0,0.007142857648,0.009684232995,0.002380952239,0,0,0.004761904944,0.002380952472,0.002380952472,0,0,0,0,0,0,0,0,0,0,0,0,0,0,0,0,0,0,0,0,2.994468332e-06,1.216184592e-05,0,0,0,2.575624421e-06,0,0,0,0,2.565952127e-05,0,0,0,0,0,0,5.486757073e-05,0,6.377747195e-05,0,0,0,0,0,0,0.0004139556841,0,0,0,0.0002988988126,0.2691729963,0.03147820756,0.02297348529,0.01644628495,0.008742405102,0.009152322076,0.01826904155,0.004558106884,0.0003714887425,0.01416682638,0,0.001062920783,0.001229090383,0.002110105241,9.518405568e-05,0.02767525986,0.001285009785,0.0001493485906,0.0001760629384,6.171760469e-05,8.22090351e-06,0.003072886029,0.0005655870773,0.001405700692,0.07594574243,0.00157664041,0,0.0004791542306,0,0,0.03820600361,0.7743776441,0.2446301877,0.0008417619974,0,0.0001141347821,7.272087532e-05,0.5660604835,0.01504689269,0.006504098885,0.006586819887,0.109155111,0.01070243865,0.003064448014,0.01851523295,0.0007999097579,0,0,0.0003245809057,0.0001210514893
75,0.009154517204,0.01064734347,0.01488140598,0.02727581561,0.1040237993,0.2585392594,0.03702163696,0.214127779,2.091592251e-05,0,2.277247586e-05,0.0001978635701,1.083021107e-05,5.105999662e-05,0.0007109183935,4.701640864e-05,0.08086945862,0.03546164557,0.0723714754,0.07233891636,0.04232604802,0.02574769221,0.00904464256,0.005986829288,0.01689911261,0.02769730054,0.00186659256,0.002696535783,0.006230189931,0.006958768703,0.002244241768,0.001430030446,0.004594278056,0.00282511441,0.001301665208,0.001213618787,0.002933074487,0,0.004761904944,0,0.002380952472,0,0,0,0,0,0,0,0,0,0,0,0,0,0,0,0,0,4.757500847e-06,0,0,0,0,0,0,0,0,0,0,0,0,0,0,0,0,0.0001530588197,0,0,0,0,0,5.631675322e-06,0,0,0,0,0,0,0,0,0,0,6.379482511e-05,0.3257466853,0.0292014312,0.03234229609,0.004608573392,0.002437734511,0.003833883209,0.006921652704,0.001467864728,0.0004776975838,0.02865038253,0.001242232509,0.004086562432,0.001281278906,0.01381811686,0.002113797702,0.01708667725,0,0.001955221174,0,5.863207116e-05,0.001076900167,0.0002633576223,0.000570362492,0.008920174092,0.09198955446,0.008621660993,0,0.001335198409,0.002380952472,6.068888251e-05,0.06728670001,0.8830090165,0.2910337746,0.0002864226117,0.0006326141884,8.010055899e-05,0.0002380288206,0.6986845732,0.03305634856,0.01239585318,0.006998708472,0.1051212549,0.01597177796,0.0061743767,0.02315002866,0.001335715759,0.0002956517565,0,0.0006518457085,5.061281627e-05
76,0.001866701408,9.964314086e-05,0.0002821376838,0.005282694474,0.1348630786,0.05347539857,0,0.05116456375,1.596068796e-05,8.264040616e-07,0,9.096458598e-06,0.0001039017297,0,0,0,0.02705158293,0.01600907557,0.02254796773,0.02256827429,0.01463914569,0.00804425776,0.005693408661,0.001099106856,0.004263731185,0.008600163274,0.001616357593,0.001536588068,0.0008163106977,0.004742937628,0.003415829269,0.0004033689038,0.001169730327,0,0.0007885284722,0,0,0,0,0,0,0,0,0,0,0.0001052046573,0,0,0,0,0,0,0,0,0,0,0,0,0,0.000103608123,0,0,0.0001927744306,0.0003217245685,0,0,0,0,0,5.940100164e-05,0,0,0,0,0.0001530588197,0,0,0,0,0.0002418472723,0,0.0005302703357,0,0,0,0,0,0,0,9.766570201e-07,0,0,0.0006129391841,0.2880786359,0.08993479609,0.07318013906,0.02887236141,0.02954531088,0.03462712839,0.04829182103,0.02996821702,0.01749365032,0.01926978864,0,0.009732375853,0.00355429668,0.01624668948,0.009309677407,0.06816568226,0,0.02227435261,0.002380952472,0.002364499262,0.005695259199,0.002262587193,0.002676105825,0.02455148846,0.01868047938,0.0004617793311,0,0,0,0.0004055982572,0.001840353827,0.6637148261,0.1891795248,0.005940641742,5.352942026e-05,0.003861954203,0.001539447927,0.5342980623,0.06210761517,0.03494064882,0.033386603,0.001013634494,1.752540447e-05,1.816039344e-06,2.949462669e-06,0,0.0004294785904,0,0.001456927974,0.0006156793097
77,0.001029619016,5.458608211e-05,0.0001850633125,0.009044717066,0.05733847618,0.03095238283,0,0.05515758321,5.878807769e-06,2.366122999e-06,0,7.063243629e-06,0,0,0,2.060180668e-05,0.02208883502,0.009315022267,0.02165265381,0.0325455144,0.01054126956,0.005513536744,0,0.002380952239,0,0.002748372732,8.447073196e-05,0.004761904944,0.004329694901,0.005599960685,0.003744692542,0.0005858412478,0,0,0,0.002129165456,0.002380952472,0,0,0,0,0,0,0,0,0,0,0,0,0,0,0,0,0,0,0,0,0,0,0,0,0,0,3.313100751e-05,0,0,0,0,0,0,0,0,0,0,0,0,0,0,0,0,0,0,0,0,0,0,0,0,0,0,0,0,0,0.2176192552,0.01895993203,0.004345623311,0.002979705343,0.0142857153,0.002775786677,0.009523809887,0.01177480072,0.003412869293,0.005320788361,0.0006576586165,0.002380952472,0.001516656135,0.01105554122,0.003312188899,0.02152611874,0,0.001324451761,0,0.000248153432,0.001516636461,0.0004548186262,0,0.0007721220609,0.01128661446,0,0,0,0,0.0001713244419,0.001350955921,0.4157579243,0.1198916733,0.002380952472,0,0,0,0.3536134362,0.01816209406,0.004723594524,0.001977095613,0.0005881690886,1.435299419e-05,0,0,2.027097707e-06,0,0,0,0.0002847386058
78,0.0004579673987,0.0002313647128,0.0001483684027,0.002860811539,0.06513255835,0.01666666754,0.0009572569397,0.05474267527,0,0,5.461624369e-06,4.346333299e-05,0.0003218437778,0,0,0.0001088390418,0.01861583814,0.008586144075,0.02665663138,0.03381459415,0.01809315942,0.007123938762,0.002380952472,0.002380952472,0.003447660245,0.007086557802,0.002261467045,0.001514726551,0.007065574173,0.01162161399,0.007867944427,0.002631572774,0,0.002380952472,0.002928669332,0.003878799733,0.002954189666,0,0,0,0,0,0,0,0,0,0,0,0,0,0,0,0,0,0,0,0,0,0,0,0,0,0,0,0,0,0,0,0,0.0001536138734,0,0,0,0,0,0,0,0,0,0,0,0,0,0,0,0,0,0,0,0,0,0,0,0.2400224507,0.01858739182,0.02692977153,0.007142857648,0.01250809524,0.004432006273,0.004581222311,0.008045639843,0.004761904944,0.007026041858,0,0,0,0.01016601548,0.004951064941,0.01524342038,0.002380952472,0.003069281112,0,0,0.002362652915,0.0002857757499,0.0003950341488,0.01235127915,0.0107278619,0,0,0,0,0,0.004476529546,0.5056412816,0.1640482098,0,2.413960283e-05,0.003474056255,0,0.4371707141,0.01330421027,0.002489563543,0.007863108069,0.000749766943,0,0,2.665867214e-06,0,0,0,0.0007352989633,0
79,0.0007194348145,0.0009137211018,0.001808367088,0.005896936171,0.08461920172,0.05760867149,0.002380952472,0.08024410158,6.032779766e-06,4.458155217e-06,0,2.091119131e-05,0,0,0,7.219889085e-05,0.03417526931,0.01225726772,0.03889218345,0.037170019,0.0260975007,0.009441488422,0.01252552029,0.002560357098,0.005780233536,0.01044742763,0.001302908757,0.002380952472,0.004336570855,0.008668974973,0.005645730533,0.006838295143,0.003080336377,0.0004779718583,0.001866738312,0.003612092463,0.004761904944,0.002380952239,0,0,0,0,0,0,0,0,0,0,0,0,0,0,0,0,0,0,0,0,0,0,0,0,0,0,0,0,0,0,0,0,0,0,0,0,0,0,0,0,0,0,0,0,0,0,0,0,0,0,0,0,0,0,0,0.2564022541,0.002380952472,0.003458305262,0.005408792291,0.00821055565,0.005060183816,0.002723705955,0.00335824606,0.002843814902,0.01491226535,0,0.0001308882638,0.0007306974148,0.00424269028,0.001924419077,0.01357962191,0,0.003444925416,0,9.100418538e-05,0.001939313835,0,7.809069211e-05,0.0001710337674,0.02034864947,6.026883057e-05,0,0,0,0,0.007142857648,0.7278859019,0.1708592772,0.001753375982,3.968569581e-05,0.0004498870694,0,0.5704496503,0.01436597481,0.001933655818,0.0002472268825,0.006133716553,1.817652628e-05,0,0.0001626986777,0,0,0,0,0
80,0.006324336864,0.003689494682,0.009407660924,0.01500811614,0.1250441968,0.3267698884,0.03460192308,0.2555745244,0.0001254620583,7.309479406e-05,0.0004189494939,0.001958854264,0.0003214815224,0.0003388064506,0.003648080863,0.001968377735,0.1211390123,0.1632068157,0.1795895547,0.2560716569,0.2284405082,0.1961644143,0.106056042,0.0600198321,0.09532962739,0.1590493768,0.02603446692,0.03116977587,0.03621161729,0.05541903526,0.04662427679,0.04332758114,0.02379767038,0.01594495587,0.02086107619,0.03765158728,0.01988203451,0.007142857648,0.002083794912,0.007142857648,0.002380952472,0.002380952239,0,8.19953566e-05,0,0,4.568031363e-05,7.081439981e-05,0,0.0002776311303,3.303579069e-05,2.464968384e-05,0,0,0,0,0.0003323931305,0.0004844499053,6.754199148e-06,0,0,0.0001154546335,0.0003634562017,3.717758591e-05,0,0,1.565708953e-05,0,0.0001005669474,0,1.377176318e-06,0.0006492072134,2.735061753e-05,5.486757073e-05,0,0.0002418472723,0,0,0,0,0,1.204622913e-05,0,0,6.328577729e-05,0,0,0,1.9657351e-05,1.082239305e-05,0.00040130454,0,2.379555099e-06,0.4707145095,0.05929176882,0.07269255817,0.02055688202,0.02010333911,0.004596958868,0.03051029891,0.008858781308,0.003090393264,0.01811763085,0.002001707209,0.001879766467,0.001551369205,0.0006928037037,6.415557436e-05,0.02892227657,0,0.000693095848,0,0.0001333917608,7.908867701e-05,0.005366242025,0.0007457599859,0.002162904944,0.102412954,0.008832408115,0,0.0003296973882,0,5.813026655e-05,0.05511613935,0.9741206169,0.2958244085,0.002360777464,0.004501905292,0.0001308882784,6.559914618e-05,0.6824313998,0.03214660659,0.01535171177,0.006074449047,0.1588315815,0.0256997887,0.005500681698,0.02574635483,0.001603628858,0.001593071618,0.0005756635219,0.0001876813767,5.942778807e-05
81,0.0005177494604,0.000336890429,0.0001707266492,0.00193973491,0.138817504,0.07188732177,0.0008049754542,0.06579840183,1.166992479e-05,4.218777121e-06,1.330520604e-06,1.839215656e-05,0.0001470606803,0,0,0.0006101210602,0.02961315773,0.02246570587,0.040770147,0.03522306308,0.03365451097,0.01956525631,0.01553508639,0.008502553217,0.005682223011,0.02033168823,0.002787934383,0.008846457116,0.007944700308,0.01655874029,0.006819195114,0.008435128257,0.003114093561,0.006183811929,0.001189380884,0.003435258288,0.01020357385,0,0,0.004283580929,0,0.002380952472,0,6.113248674e-05,0,0,0,0,0,0,0,0,0.0009043518803,0,0,0,0.0001420151384,0,0,0,0,0,0,2.836692329e-05,3.85213616e-06,4.431410707e-05,0,0,0,0,0,0,0,0,0,0,0,0,0,0,0,0,0,0,0,0,0,0,0,8.245709182e-07,0,0,8.116899721e-07,0.412421912,0.02823005989,0.03288931027,0.01728298143,0.01371237449,0.00421622023,0.005555431359,0.009715379216,0.004259445239,0.008641851135,0.00100811536,0.0003368418838,0.0005736864405,0.002603296423,0.0004135858035,0.01244590804,0,0.002786643337,0,0.0003740495013,0.0004512012238,2.596296144e-05,0.0001233328367,0.002622572705,0.01018758677,0,0,0,0,1.114960651e-05,0.001150668482,0.9035449624,0.1748331338,0.001063633477,1.181002244e-05,0.003036831273,0.0003246529668,0.6153868437,0.02336811647,0.007535741199,0.001969737234,0.001094624517,3.267142165e-05,0,1.43861007e-05,3.782540716e-06,0,0,0,0.0001322823955
82,0.01110990439,0.01429198217,0.01729972474,0.03135663643,0.105470553,0.407856971,0.1232471317,0.2305135727,0.0002122552396,0.002022730652,0.0004317566636,0.003531446215,7.745889889e-05,0.003588193795,0.006764254533,0.001380459638,0.1750711203,0.2363673598,0.2498472929,0.2855580151,0.2809703648,0.2561095357,0.1607201993,0.1158469319,0.1468288153,0.2186573595,0.01805267669,0.03100024723,0.03282269463,0.04621674493,0.0465374589,0.04474496096,0.02190811001,0.01621294953,0.03112882376,0.02802386694,0.04607017711,0.01190476213,0.008165550418,0.01215373259,0.007142857648,0.007142857648,0,1.076928038e-05,0,2.516825953e-05,0,0,2.723165153e-06,4.231290404e-06,8.55123119e-07,1.59029787e-05,0,0,0,0,0.0003528515226,0.0006895229453,0.0001653098298,0,0,1.140649783e-05,2.507776571e-06,2.075676639e-05,0,0,0,0,1.447691011e-05,6.429225778e-06,0,0.0010636769,0.0003837082186,6.377747195e-05,5.631675322e-06,0.0005302703357,0,0,0,1.204622913e-05,0,0,0.0001000101911,1.306285958e-05,0.0001153017947,0,0.0002864398994,0.0001690516801,0.0009774429491,1.744803922e-05,0,2.07404355e-06,5.46443016e-06,0.4059427083,0.01721193269,0.03608456999,0.002671386115,0.003629787825,0.002235364402,0.01329663116,0.001235503471,0.000523833558,0.02384797111,0.003313266207,0.003331084037,0.007827409543,0.006683884189,0.001434896956,0.02613961883,0.002845673822,0.0004323003232,0.0007707171608,0.0001636244415,0.0001977955544,0.01447600964,0.002396916039,0.01088988036,0.103672564,0.01526125427,0.003382362658,0.0003257011413,0.0002585682669,0.0005842440296,0.1521730423,0.9682495594,0.3346500993,0.001609820873,0.005846975371,0.0001477791811,0.0001855498849,0.7329603434,0.04055602849,0.02683639154,0.005538515281,0.2164868712,0.05972123891,0.02499088272,0.08292718232,0.003522852436,0.003331892891,0.0003967383818,0.0003211298317,0.0001087277706
83,0.007359521929,0.001247693319,0.007156521082,0.009647680447,0.06509944052,0.08403551579,0.004761904944,0.1641218215,1.846797386e-05,0.0002141702134,5.369603969e-05,0.0002676199656,0,0,0,7.404685311e-05,0.02419883944,0.002918310463,0.0142857153,0.02624426968,0.02271164581,0.004761904944,0.009523809887,0.004761904944,0.002380952472,0.006820317823,0.002530134283,0,0,0.007710508071,0.001819181256,0,0,0,0,0.002380952239,0,0,0,0,0,0,0,0,0,0,0,0,0,0,0,0,0,0,0,0,0,0,0,0,0,0,0,0,0,0,0,0,0,0,0,0,0,0,0,0,0,0,0,0,0,0.0001000101911,0,0,0,0,0,0,0,0,0,0,0,0.1286563873,0.006132166833,0.006699146703,0.005463101901,0.001131948782,0.003386922879,0.003837990575,0.00105933845,0.0006505093188,0.01048779208,0.001677362015,0,0.001051455736,0.002675497672,0.0001917377522,0.0117311189,0,0.00122306589,0,0,0,0,0,0.002380952472,0.04554968327,0,0,0,0,0,0.0139788501,0.5108616948,0.1589283198,0.0002103915031,0,0.0001687206968,0,0.4445517659,0.00410215091,0.004761904944,0.004552981351,0.04364360496,0.003978708293,0.002270427532,0.005992243066,0,0,0,0.0004216005909,0
84,0.009952962399,0.007475990802,0.01165114157,0.01344591286,0.09407092631,0.1930322796,0.004033221398,0.1867450029,0,0.0002672860865,2.60055258e-05,8.933326171e-05,1.890139356e-05,0.0001070383296,6.525971548e-05,0.0001581255201,0.02510371804,0.02521174401,0.05594621971,0.04946250096,0.04793429375,0.0332188569,0.02015707083,0.007142857648,0.009523809887,0.0343163386,0.00220778631,0.00361174834,0.00550255226,0.00896440912,0.002380952472,0.005117569119,0.004267859273,0,0.001900582574,0.0004835467844,0.004761904944,0,0,0,0,0,0,0,0,0,0,0,0,0,0,0,0,0,0,0,0,0,0,0,0,0,1.192799846e-05,4.316652849e-05,0,0,0,0,0,0,0,0,0,0,0,0,0,0,0,0,0,1.306285958e-05,0,0,0,0,0,0,0,0,0,5.086839883e-05,5.85891612e-05,0.3627939224,0.01229327451,0.03085008264,0.001327016274,0.006054307334,0.005048456136,0.0110052349,0.001810399001,0.0003024594916,0.01980083622,0.0002841175301,0.005202801432,0,0.0001200425468,0.002378144301,0.02021951228,0,0.0001543565013,0,0.0002170248626,4.116016498e-05,0.002039052779,4.445195009e-05,0.002795054344,0.09012199193,0.002380952472,0.0006249360158,0,0,0,0.04997171462,0.8876506686,0.2785670161,0.0005737660686,0.0004212756176,3.297251533e-05,5.893841808e-05,0.7073400617,0.02383522131,0.006992519367,0.006780319382,0.1174026281,0.01024706848,0.003771994729,0.0201860182,0.0003681288799,0,0,0.0004661635321,0.0004548671131
85,0.008842024952,0.008780977689,0.01186177973,0.01156500634,0.1003764346,0.158906132,0.01501118205,0.1908011138,0,0.0003441385343,1.676565444e-05,0.0001243027509,0,0,0,0.0001197897218,0.0357275717,0.01820526086,0.02692219242,0.05438183248,0.05402584374,0.01464304794,0.01915193349,0.007142857648,0.002380952472,0.02307584509,0.002752619796,0.002380952239,0.003663395299,0.002979248762,0.004916699138,0.002380952472,0.002380952472,0.0008150496869,0.002380952472,0.007139604539,0,0,0,0,0,0,0,0,0,0,0,0,0,0,0,0,0,0,0,0,0,0,0,0,0,0,0,1.487175177e-05,0,0,0,0,0,0,0.0006352492492,0,0,0,0,0,0,0,0,6.328577729e-05,0,0.0001153017947,0,0,0,0,0,0,0,0,0,0,0,0.316302985,0.01552711707,0.01752734743,0.003597396426,0.00119056087,0.002125430852,0.0007051866851,0.001005963422,0.0002958672994,0.01738471538,0.0001717304986,0.002380952472,0,0.002734206617,0.001157732331,0.04095879942,0,0.0002457661612,0,6.878273416e-05,6.312436017e-05,0,0.0008594701067,0.0001096294582,0.09854770452,0.007142857648,0.00182484265,0,0,0,0.04226003587,0.9114753008,0.2925644219,0.001663217437,0,0.0001497053745,0.0001418228785,0.6936276555,0.03570455313,0.01748529635,0.006967047695,0.1054686755,0.01175015885,0.0003470865195,0.01982179284,0.001404590323,0,0,0,6.0096776e-05
86,0.007661920972,0.004435069859,0.01295378525,0.008157553151,0.1071674079,0.2131547034,0.005366282538,0.2229962498,0.0001129805387,0.001727467868,1.790830538e-05,0.0004278749111,2.799584581e-05,0.0003601016069,0.0005051779444,0.0001802238257,0.03336688876,0.02726939693,0.04007774591,0.07065349072,0.05365427583,0.01962294802,0.009523809887,0.01190476213,0.0271520149,0.04607697204,0.00910575036,0.002380952472,0.009523809887,0.011999337,0.01129933726,0.003317105351,0.003559270175,0.002380952472,0.004761904944,0.01382041723,0.004761904944,0,0,0,0.002380952472,0.002380952472,0,0,0,0,0,0,5.144979878e-05,0,0,0,0,0,0,0,0,0,8.921631525e-05,0,0,0,0,0,0,0,0,0,0,0,0,0,0,0,0,0,0,0,0,0,0,0,0,0,0,0,0,0,0.0006420188001,0,0,0,0,0.3336622417,0.02055974491,0.01854485273,0.003279013094,0.005509498063,0.002912633121,0.01377600245,0.001677724649,0.001394962776,0.02059514076,0.0004245642631,0.001095613814,0,0.0007441693451,9.445737669e-05,0.02001897804,0,0.001011262531,0,0,1.847231761e-05,0.00153268245,0.0001475581957,0.002702534199,0.09019841999,0,0,0,0,0.00150252576,0.04923652112,0.8993700743,0.2718728781,0.0002495619119,0.0004517639172,0.0001035911555,0.000161632357,0.6606675982,0.02006446756,0.009351490065,0.003157069441,0.1005212367,0.01513618883,0.003010583809,0.02023416571,0.001219939324,0.001920464332,0,0.0002239456808,0.0001442820358
87,0.003996926825,0.0003272632894,0.002164550126,0.007194230799,0.04947918281,0.02631401643,0.0009408071055,0.09469742328,0,0,0,0,0,0,0,0,0.02376365289,0.004761904944,0.01296519022,0.01323969848,0.006585321389,0,0.002380952472,0,0,0.005436205305,0.0006769030006,0,0.004252457526,0,0,0,0.002380952472,0,0,0,0,0,0,0,0,0,0,0,0,0,0,0,0,0,0,0,0,0,0,0,0,0,0,0,0,0,0,0,0,0,0,0,0,0,0,0,0,0,0,0,0,0,0,0,0,0.0002864398994,0,0,0,0,0,0,0,0,0,0,0,0.1281270534,0.009365369566,0.007463478018,0.001789881382,0.00340534118,0.003146212082,0.004761904944,0.001300019328,0.002557118656,0.009883161634,0,0.002380952472,0,0.01361570973,0.005164992996,0.01466468442,0,0.0005528625334,0,0.00193172018,0.003523276886,0,0.003466570051,0.004761904944,0.03865813464,0.001106454758,0,0,0,0.002380952472,0.001032368629,0.3927280903,0.1002427563,0,0,0.0001985668641,0,0.3452394903,0.007547532208,0.008193638176,0.0100148106,0.007247190457,0.0001546954882,3.295289935e-05,1.822833292e-05,0,0.0001397064334,0.000228725723,0,0
88,0.00166404841,0.0007030434208,0.0006854415988,0.01092908159,0.0389833115,0.01190476213,0,0.06543672085,0,0,0,0,0,0,0,0,0.0260150414,0.01677141339,0.02851348184,0.02737734281,0.01505533885,0.006848127581,0,0.002380952472,0.00792964641,0.006709112786,0.0006440514699,0,0.003269318957,0.004350367468,0.004392729606,0,0,0,0.0004028049298,0,0,0,0,0,0,0,0,0,0,0,0,0,0,0,0,0,0,0,0,0,0,0,0,0,0,0,7.342174649e-05,0,0,0,0,0,0,0,7.881079e-06,0,0,0,0,0,0,0,0,0,0,0.0001690516801,0,0,0,0,0,0,0,0,0,0,0,0.1216296181,0.009008977562,0.01039810199,0.002633315045,0.0002263289207,0.003358664224,0.004761904944,0.01310566068,0.004761904944,0.003495494137,0,0,0,0.0121236071,0.005962771829,0.01173822489,0,0.005579341669,0.001585433958,0,0.0004242008436,0,0.001639189431,0,0.01144707389,0,0,0,0,0,0.001880360185,0.3533032537,0.1228963658,0.0005917560775,0,0,0,0.3032400012,0.00287237484,0.007142857648,0.004544219933,0.001055516186,1.349984177e-05,0,0,0,0,0,0,8.976212121e-05
89,0.002130120294,2.257583947e-05,0.0002058712707,0.001130083227,0.2357053906,0.06136785075,1.37953939e-05,0.0484476462,5.740323832e-05,0,2.672464007e-06,3.74784322e-05,0.001412683516,0.0009442776209,0,0.0005657846923,0.01993577369,0.01546463277,0.01295242365,0.03129136562,0.01675529964,0.004485997837,0.002380952472,0.002380952472,0,0.005190081429,0.0007272163639,0.003371016588,0.008602994494,0.01200216543,0,0.003187094582,0,0,0.003722570138,0.002380952472,0.0007631653571,0,0.002380952472,0,0.002380952472,0,0,0,0,0,0,0,0,0.001704133581,0.000743890414,0.0008257633308,0,0,0,0,0,0.0003105712822,0.0003388439072,0,0,0.001210396993,0.004341952503,0.002313517965,0,0.0007808173541,0,0,0,0.0002077627287,0,1.792698328e-07,0,0.0004139556841,0,0,0,0,0,1.9657351e-05,0,0.0009774429491,0,0,0,0.0006420188001,0,0,0,0,0,2.212255458e-05,4.443245416e-05,0.3809455037,0.1295711696,0.1542134285,0.06520557404,0.06527147442,0.03051868454,0.08236685395,0.05641139671,0.03642548248,0.02634148672,0.004761904944,0.01768579893,0.01857426018,0.001642426243,0.00114028086,0.1628122479,0.005242528394,0.04158429429,0,0.005207602866,0.006055131089,0.0130951805,0.002030222444,0.04213371128,0.02362431586,0.0009767676238,0,0,9.748592856e-05,0.0004984014668,0.001060054288,0.8590431213,0.229125917,0.0181069579,9.994653374e-05,0.008194489405,0.000285594695,0.6752740741,0.09206044674,0.06480009109,0.06802071631,0.0008880386595,4.458914191e-05,4.392375104e-07,4.968361281e-06,6.3755474e-06,0.00172301766,0,0.00108871155,0.000266263407
90,0.001046915539,0.0004706762556,0.0003478715662,0.005621644203,0.1724578887,0.08990541846,0.0004353634722,0.05327721313,3.344906872e-06,2.716031986e-06,1.007831543e-06,2.735376802e-05,0.0004184802528,0,0,6.580899208e-05,0.03473711759,0.02346375398,0.03878494725,0.03716091439,0.01997110806,0.01144702733,0.005466380622,0.004778747447,0.005434234627,0.008362263441,0.002051578369,0.003669648431,0.003906024853,0.00619479781,0.003853441682,0.002438549651,0.003659167094,0.0005676925648,0.0005175144179,0.002055569086,0.004310991149,0,0,0.0007572314935,0,0,0,0,0,0,0.001329779858,0,0.0002711942361,0,0,0,0,0,0,0,4.581277972e-05,0.0001137038489,7.060401549e-05,0,0,0,3.164313239e-05,3.992941856e-05,2.313984169e-06,1.210310347e-05,0,0,0,0,1.916897645e-06,0,0,0,0,9.766570201e-07,0,0,0,1.082239305e-05,8.245709182e-07,1.744803922e-05,0,0,0,0,0,0,0,0,0,9.93935646e-06,9.397124813e-06,0.4263617098,0.06051755324,0.06430474669,0.03100484796,0.03292560205,0.006094749086,0.0101568494,0.02065774612,0.0159883704,0.0113728866,0.00171363377,0.001189758885,0.00461000856,0.01658984274,0.006473358721,0.02466887794,0.001640427858,0.006151976064,0.00150818401,0.000909627066,0.006906738039,0.0001226091845,0.0004581952235,0.009710546583,0.01121191867,9.219285857e-05,3.521923418e-06,3.848855158e-06,0.0001227168104,3.530078538e-05,0.001253355993,0.9199931026,0.1920138597,0.0008668234805,6.453115475e-06,0.001274412381,0.0004264646559,0.6567991972,0.03039772063,0.007302038372,0.008456803858,0.001217222307,1.308853734e-05,4.654320946e-06,9.757667613e-06,1.102200372e-06,3.202558946e-05,1.272203826e-05,0.0002417661453,1.578572483e-05
91,0.001221826766,0.001019165153,0.0008286150987,0.006900011562,0.1022244841,0.03641652688,0,0.07081972808,5.971984137e-06,0,2.313517371e-06,2.617004975e-05,0,0,0,4.180496398e-05,0.0291552823,0.01672325842,0.03704009578,0.0325329341,0.02378051169,0.01334177796,0.007870195433,0.002380952472,0.003156921593,0.01072946656,0.001207260764,0.004839261994,0.01045772713,0.004914098885,0.004873604514,0.001452433877,0.007382729091,0.001204242115,0.001670656609,0.001382357674,0.0025126033,0.0006310601602,0.0008808062994,0.002380952472,0,0,0,0,0,0,0,0,0,0,0,0,0,0,0,0,0,0,5.921307093e-06,0,0,0,0,0,0,5.382974564e-07,0,0,0,0,0,0,0,0,0,0,0,0,0,0.00040130454,0,0,0,0,0,0,0,0,0,0,0,0.0004906009999,0.0004733390233,0.3223789632,0.004017212894,0.004761904944,0.004761904944,0.005572447088,0.005941543728,0.005794089753,0.01228998974,0.005178668536,0.01155575644,0,0.001378455898,0.0006622468936,0.01521169767,0.004118603654,0.007397620939,0.003575125942,0.003967850469,0,0.0003197349433,0.004658760037,0,0.0003074969281,0.004139209166,0.01303495374,0,8.024759882e-05,0,9.801317356e-05,3.312381523e-05,0.007030100562,0.7669882178,0.1827028543,0.0006753409398,1.384538336e-05,0.00638533337,0.0006736024516,0.593757689,0.01929872297,0.0008981932187,0.004194018897,0.006152607966,6.76172931e-05,0,3.651870429e-05,6.941945685e-07,6.303806913e-06,0,0.001024388708,0.0001225712913
92,0.008774832822,0.01067684963,0.01666066237,0.02400719561,0.07011120766,0.3268841803,0.02369478717,0.2299042046,9.345697617e-05,0,0,0.0007796208374,4.079530117e-05,0.0008922594134,0.001135596889,0.0008982488653,0.06729214638,0.04080875218,0.0873715058,0.08925356716,0.08390075713,0.06616155058,0.0142857153,0.009523809887,0.007142857648,0.04115780443,0.0058794301,0.00344711449,0.01085888129,0.0132054016,0.006504232064,0.004612088203,0.007928327657,0.002380952472,0.006501438096,0.008558239788,0,0,0,0.002380952472,0,0,0,0,0,0,0,0,5.206001106e-07,0,0,0,0,0,0,0,0,0,0.001007469487,0,0,0,0,0.0002171170927,0,0,0,0,0,0,0,0,0,0,0,0,0,0,0,0,0,2.07404355e-06,0,5.086839883e-05,0,0,0,0,2.212255458e-05,9.93935646e-06,0.0004906009999,0,5.056703571e-07,0.36911273,0.003582663136,0.003910888918,0.0002711219422,0.0005012294278,0.0001598381059,0.002579496475,0.0001147993607,4.234908556e-05,0.03222842887,0.001311891479,0.0005544838496,0.005734422244,0.005049066618,0.002346774796,0.01428592112,0.0008408353315,0.0004407734086,0.0006886335905,0.0005273535498,0.0005409703008,0.01004561502,0.0003973933635,0.007959526032,0.1077059954,0.01428170688,0,0,0.0001847495296,0,0.04326246679,0.9656258821,0.3275442719,0.0006467205822,0.001630755374,2.797606612e-05,3.744768765e-05,0.7303308845,0.0311671216,0.02732435055,0.007392740343,0.1444612443,0.02572187595,0.00164496433,0.01635132544,0.002242519753,0.001399972127,0.001217954792,0.000194470078,0.0001596272923
93,0.01040553674,0.007143967785,0.01653529331,0.02868067287,0.1097775698,0.3883107305,0.07569004595,0.2269000858,0.0001498349448,0.0004201089614,0.0005181148299,0.005397307687,0.0001349718659,0.004373010248,0.002755118767,0.004030176904,0.1206795275,0.1726987511,0.2043549269,0.2765248418,0.2649834454,0.1841542125,0.1059848368,0.05706574768,0.09447078407,0.1603456587,0.02968064882,0.03015547618,0.03948767856,0.06942204386,0.05788697675,0.03999758512,0.02431404591,0.01764294133,0.02199778147,0.05278620869,0.004761904944,0.003888679435,0.004761904944,0.004761904944,0.004761904944,0.002380952472,0,0,0,0.000148307081,0,0,4.316931154e-06,0.0001211075578,0,0,0,0,0,0,0.0007911740104,0.001485128072,0.0005173031823,0,0,0.00020271416,0.0002367998823,0.0001902550139,0,0.001630446408,1.840997902e-05,0,3.251849557e-05,0,0,7.098783681e-05,8.157903358e-05,0.0002988988126,6.379482511e-05,0.0006129391841,0,0,0,2.379555099e-06,8.116899721e-07,5.46443016e-06,0,5.85891612e-05,0,0,0,0,4.443245416e-05,9.397124813e-06,0.0004733390233,5.056703571e-07,0,0.4103194177,0.02882003598,0.06450787187,0.003980811685,0.005784381181,0.004014504608,0.01788762212,0.002097959165,0.001293513691,0.02305615321,0.002022625878,0.003446837422,0.008119862527,0.004861519206,0.0006362738786,0.02560081333,0.002705918159,0.0004650575283,0.000517931825,0.0001320626034,0.0003727688454,0.0134571204,0.001054326189,0.01268114895,0.09585897624,0.01423743926,0.0006174248992,0.0002159870201,6.958244194e-05,0,0.07965410501,0.9698430896,0.3256378174,0.0005466573057,0.006840629037,0.0002106120664,0.0001875006565,0.7271528244,0.03868611529,0.03576170281,0.006658094004,0.1923845261,0.03630804643,0.007301406935,0.03110197,0.001628656872,0.005250651855,0.0003438421118,0.0003130199329,3.188485425e-05
94,0.4657195807,0.6466480494,0.5400406718,0.6652780175,0.6255100369,0.8945378065,0.5479577184,0.6527369618,0.4388696849,0.4443794489,0.4771475792,0.6096093059,0.3754046559,0.3325268924,0.1736943573,0.5875484943,0.6262503862,0.5920782685,0.6432090402,0.6893942356,0.6732242107,0.6325270534,0.5108091831,0.3918773234,0.5222833753,0.5606603026,0.6116899848,0.4743194282,0.5896866918,0.6290311217,0.5809634924,0.495462954,0.3749806583,0.2473241687,0.3983024657,0.40939942,0.3372199535,0.07318562269,0.08273445815,0.1394717842,0.0961901173,0.104782179,0.004761904944,0.395925045,0.3852116764,0.3012701869,0.351568222,0.3771163225,0.3626161516,0.3785044551,0.3698482513,0.4326688945,0.09443558007,0.08022692055,0.1214784384,0.08703586459,0.3203320205,0.4275768399,0.5533435345,0.2654062808,0.166018486,0.2941706181,0.4034580886,0.4743997753,0.2296687067,0.3300683498,0.2339036018,0.3002685606,0.387342751,0.4324631691,0.4248399734,0.2588196993,0.4221466184,0.2691729963,0.3257466853,0.2880786359,0.2176192552,0.2400224507,0.2564022541,0.4707145095,0.412421912,0.4059427083,0.1286563873,0.3627939224,0.316302985,0.3336622417,0.1281270534,0.1216296181,0.3809455037,0.4263617098,0.3223789632,0.36911273,0.4103194177,0,0.1201771572,0.1148776114,0.2490864098,0.2906507254,0.2843542099,0.1833892763,0.2872286141,0.3683279157,0.4457086027,0.5332086682,0.6321739554,0.5252711773,0.6668909788,0.7248874903,0.2307229638,0.5367064476,0.4118483961,0.4549244046,0.5222447515,0.6271225214,0.4821511209,0.5155960917,0.6260972023,0.5293233395,0.4998922646,0.3163070083,0.4355988204,0.4643913805,0.4804665446,0.543666482,0.9779312015,0.6426199079,0.4940142632,0.3990933299,0.4217425585,0.4268488586,0.9255884886,0.4810264409,0.4777107835,0.3551652133,0.5983496904,0.4969408214,0.4455237389,0.4614694715,0.437158972,0.3435019851,0.3261740208,0.3610734046,0.4119713008
95,0.05314163119,0.1299177408,0.0587307103,0.1736540794,0.1731062979,0.5144747496,0.2895137668,0.1867045462,0.02895103581,0.1018441319,0.08471939713,0.2336240709,0.01005982794,0.1171219721,0.1230938584,0.1519928128,0.1872836351,0.291341126,0.3841053247,0.4174105525,0.3832607269,0.3088387847,0.1749258339,0.1192238107,0.1648844033,0.2609357536,0.1263641715,0.06227128953,0.1376345307,0.2193014324,0.135629192,0.1198926345,0.06111796573,0.03095238283,0.0706365034,0.092249237,0.06276391447,0.01190476213,0.01510310266,0.02756925672,0.0142857153,0.01916966215,0.002380952472,0.003578651696,0.001545313746,0.006778534036,0.001719314256,0.0009173455765,0.002033772878,0.0008412428433,0.001568746637,0.0279957056,0.01190476213,0.005682826042,0.002380952472,0.002380952472,0.01533886325,0.06235539541,0.06435956061,0.01123715099,0.002380952472,0.04536702484,0.01566673815,0.09600012749,0.004761904944,0.01688839309,0.01844296791,0.03706466407,0.02457465976,0.04959735274,0.02748796716,0.09043500572,0.03782307357,0.03147820756,0.0292014312,0.08993479609,0.01895993203,0.01858739182,0.002380952472,0.05929176882,0.02823005989,0.01721193269,0.006132166833,0.01229327451,0.01552711707,0.02055974491,0.009365369566,0.009008977562,0.1295711696,0.06051755324,0.004017212894,0.003582663136,0.02882003598,0.1201771572,0,0.0007081961376,0.0004105117987,0.0004921024665,0.003036130685,0.005064467434,0.001706752228,0.003643891541,0.2256338149,0.150753215,0.2077536881,0.1532999873,0.07209362835,0.09884739667,0.01021722518,0.1482277066,0.02333744243,0.03195548058,0.09533660114,0.08721684664,0.1979523003,0.07569093257,0.2475355119,0.1667963415,0.1677714288,0.0581007041,0.07347721606,0.05306515098,0.07318896055,0.2643136382,0.9250553846,0.4151485562,0.07771507651,0.1338940561,0.0254969243,0.06299962103,0.8444753289,0.1631709188,0.1970486641,0.07073608786,0.2643049359,0.1951318234,0.2056462616,0.1872351766,0.1292050034,0.1052044332,0.06280870736,0.009047286585,0.052481547
96,0.1333764642,0.2334831506,0.1567424238,0.2979029417,0.1346945614,0.635091126,0.3706128001,0.2845104933,0.03118139878,0.07296495885,0.1784525514,0.2759941816,0.008280473761,0.1299246401,0.1189629138,0.2229743898,0.215074271,0.1185787395,0.2096757293,0.2689624131,0.2400154173,0.1631182283,0.0867607072,0.03809523955,0.09740178287,0.1180310398,0.04843579978,0.0142857153,0.05952381343,0.08395581692,0.05713489279,0.05155897513,0.02857143059,0.009523809887,0.01804561727,0.02857143059,0.02142857201,0.002380952472,0.01190476213,0.01383664738,0.007142857648,0.004761904944,0,0.00786529202,0.002369331662,0.005849298555,0.001900474192,0.00172134384,0.001559267403,0.003997904714,0.002573806327,0.05879640952,0.004761904944,0,0.002380952472,0.003641619114,0.005949579179,0.04279025644,0.06344337761,0.01683641225,0.007142857648,0.02576695755,0.03828337044,0.1585553885,0.004761904944,0.006458033342,0.02157403342,0.0203091111,0.05469096825,0.03907265887,0.02032442018,0.08052502573,0.0384237431,0.02297348529,0.03234229609,0.07318013906,0.004345623311,0.02692977153,0.003458305262,0.07269255817,0.03288931027,0.03608456999,0.006699146703,0.03085008264,0.01752734743,0.01854485273,0.007463478018,0.01039810199,0.1542134285,0.06430474669,0.004761904944,0.003910888918,0.06450787187,0.1148776114,0.0007081961376,0,0.009021108039,0.0008726700325,0.0001885549573,0.01574999467,0.005497402046,0.0008782575605,0.2178098857,0.1033603698,0.2514405251,0.1936309338,0.09441693872,0.1263560951,0.03532214835,0.1380829364,0.03406466171,0.02779753134,0.1142679453,0.1106880531,0.2710564137,0.1141111776,0.3413262963,0.2431712896,0.2226690054,0.06170765311,0.04353569448,0.0288201794,0.05881207436,0.3526480794,0.9317081571,0.5132243633,0.1114316806,0.2239740789,0.02016668767,0.05516157299,0.9037581086,0.2670349479,0.3012171686,0.1193201542,0.3554395437,0.289827764,0.2094809115,0.2599327564,0.1254666597,0.1245583594,0.06217173114,0.003799965605,0.03329899162
97,0.01278654486,0.04103624448,0.01588311046,0.07227206975,0.2142860144,0.4454458952,0.1864071488,0.1659908295,0.009105059318,0.04076201841,0.01660870761,0.07714971155,0.003077824134,0.04203604162,0.05594084784,0.04549036175,0.1544354707,0.3216216564,0.3556162715,0.4235354364,0.4437409043,0.390037328,0.2069227546,0.1265718639,0.2015014738,0.2968347371,0.1423029751,0.07802932709,0.1796807647,0.2388439924,0.2374095321,0.1587967277,0.08536528051,0.04380793124,0.08424084634,0.1143931374,0.07766028494,0.009523809887,0.002380952472,0.0200329721,0.0142857153,0.009523809887,0,0.0005189175718,0.0009953541448,0.0003659099166,9.844105807e-05,0.0001960814843,0.0005298734177,0.0008001131937,0.000370997237,0.008871181868,0.001247018576,0,0,0,0.01190476213,0.02518671937,0.02674542926,0.002653163392,0.004761904944,0.01459059585,0.003630867228,0.02843142115,0,0.0142857153,0.002543085022,0.01000709832,0.002071538707,0.01487645693,0.006511418615,0.02965579554,0.00651681982,0.01644628495,0.004608573392,0.02887236141,0.002979705343,0.007142857648,0.005408792291,0.02055688202,0.01728298143,0.002671386115,0.005463101901,0.001327016274,0.003597396426,0.003279013094,0.001789881382,0.002633315045,0.06520557404,0.03100484796,0.004761904944,0.0002711219422,0.003980811685,0.2490864098,0.0004105117987,0.009021108039,0,0.0002558177803,0.004632557742,0.0008678403101,0.0001662305294,0.001803095336,0.1845643818,0.1183969006,0.1454927474,0.09643622488,0.04208437726,0.0768404454,0.005166173913,0.08974559605,0.01405301969,0.0173559878,0.05586786196,0.05187994242,0.1277756095,0.06294248998,0.1513456553,0.1283568591,0.108238861,0.01995676383,0.03377746418,0.02083986439,0.04340469092,0.1743391603,0.9494721293,0.3381398022,0.0597397089,0.09771021456,0.009801743552,0.0278903842,0.7622379661,0.0875235647,0.1033376306,0.05383899063,0.1956448704,0.1328840852,0.113609165,0.1212159321,0.0679236576,0.07219291478,0.0263527967,0.002207691083,0.0203564968
98,0.01935074478,0.0662940219,0.02492991462,0.09556622058,0.1579295993,0.4527479112,0.1861151308,0.1640429944,0.007839418016,0.03406863287,0.02006022818,0.09717059135,0.002003493486,0.05326631665,0.06977695227,0.05733075738,0.164617002,0.3327035308,0.3309694827,0.4160615206,0.3986354172,0.3258884847,0.1988716871,0.128196165,0.1545383632,0.2911765575,0.1692943573,0.09110294282,0.1804503053,0.2481865585,0.2044759244,0.1449834555,0.106735386,0.04185781628,0.08140014112,0.1221175641,0.07954277098,0.01190476213,0.002380952472,0.03198452294,0.01190476213,0.01190476213,0,0.0008236145368,0.0006611228455,0.0003489282972,0.0002263693605,0.0004978681682,0.0003470178344,0.0007335494156,0.0002191713429,0.006162153557,0,0.002380952472,0.002380952472,0,0.01277529635,0.03241934255,0.03584918752,0.002152484143,0.007142857648,0.0138315307,0.00400275737,0.03550900519,0.001746977912,0.003938454669,0.006452297792,0.009898420423,0.003512972733,0.02376572788,0.018703904,0.04613124579,0.007244662382,0.008742405102,0.002437734511,0.02954531088,0.0142857153,0.01250809524,0.00821055565,0.02010333911,0.01371237449,0.003629787825,0.001131948782,0.006054307334,0.00119056087,0.005509498063,0.00340534118,0.0002263289207,0.06527147442,0.03292560205,0.005572447088,0.0005012294278,0.005784381181,0.2906507254,0.0004921024665,0.0008726700325,0.0002558177803,0,0.0005640435847,0.02506832033,0.0003282276739,0.0001623089338,0.1965013444,0.1185998395,0.187946856,0.1360101998,0.1059751436,0.09205427021,0.03455381468,0.1064288169,0.03063618951,0.02973848954,0.07392990589,0.07784914225,0.1792885661,0.06658299267,0.181673333,0.1434956491,0.1587097049,0.03949564323,0.03869114816,0.01659387536,0.0663433075,0.2004264295,0.9557275772,0.3847677112,0.08561297506,0.1425519288,0.01412342116,0.02098534256,0.7955313921,0.1074970663,0.1450031549,0.1003897041,0.2093399167,0.1559051424,0.110707216,0.1486834884,0.07978155464,0.1053014547,0.04035722464,0.002134674694,0.02431474067
99,0.04588478431,0.072189264,0.06457088888,0.1357914954,0.1189175025,0.5784929395,0.1734133065,0.2165482938,0.003808752634,0.02742509916,0.0220350977,0.09890922159,0.0008184123435,0.03979396075,0.06261202693,0.05378542468,0.1633877605,0.1887127161,0.2416680157,0.3320631683,0.3098432124,0.195222795,0.1024671495,0.04145255312,0.08632589132,0.19012703,0.08444082737,0.04151008278,0.08001811057,0.1218943596,0.08497989923,0.06808935851,0.03217399865,0.01666666754,0.0238252338,0.06049522012,0.03223406523,0.002380952472,0.009523809887,0.004761904944,0.004761904944,0.004761904944,0,0.001883669058,0.0005952924257,0.001336345449,0.0001626392623,0.0001047585829,0.0001965998672,7.9500227e-05,0.0001413579012,0.004108176567,0.0009646378458,0,0,0,0.008277380839,0.01651112922,0.01720112376,0.003619575175,0.002380952472,0.0008162406739,0.003788871225,0.01427359972,0.002798409434,0.007652940229,0.007393107284,0.005936191417,0.002307920717,0.005923430435,0.01142500807,0.03219920769,0.005745148286,0.009152322076,0.003833883209,0.03462712839,0.002775786677,0.004432006273,0.005060183816,0.004596958868,0.00421622023,0.002235364402,0.003386922879,0.005048456136,0.002125430852,0.002912633121,0.003146212082,0.003358664224,0.03051868454,0.006094749086,0.005941543728,0.0001598381059,0.004014504608,0.2843542099,0.003036130685,0.0001885549573,0.004632557742,0.0005640435847,0,0.02591732703,0.001114267623,2.981371472e-05,0.08805593103,0.04277765006,0.1194266081,0.1534666866,0.0568045564,0.0267974101,0.05961915106,0.09295454621,0.00411125971,0.01293135807,0.01230638847,0.03992031887,0.1660567522,0.03757276386,0.143072173,0.1813835353,0.09819333255,0.02873699926,0.00112546829,0.004922972526,0.004974201787,0.1822270006,0.9671831727,0.4667660892,0.02837766521,0.1089802459,0.0009193713777,0.001490746974,0.8427848816,0.128814593,0.1738264859,0.07274381071,0.2837489545,0.1835828722,0.01548878103,0.1270131618,0.007559974212,0.0995073244,0.02434836514,0.0002115191164,0.001344203483
100,0.02534602769,0.04531904683,0.02402024344,0.0405616723,0.293840915,0.4992765486,0.2146977782,0.1935269088,0.02177060023,0.03492849693,0.04171762988,0.1281218678,0.01488689613,0.05275426805,0.06717644632,0.08352576196,0.1720041186,0.305390656,0.3716716468,0.4461984038,0.3897767663,0.2984687984,0.1723464876,0.1140361577,0.1376124769,0.2775644064,0.15512532,0.06807278097,0.1745122671,0.2562621534,0.175037533,0.1277722865,0.07420608401,0.04339051247,0.06577116251,0.1119172648,0.05797991902,0.002380952472,0.01582553051,0.01841783896,0.01364162844,0.002380952472,0.002380952472,0.002116328804,0.0004540059308,0.002901914762,0.001488306909,0.001616515685,0.002321664011,0.002867125673,0.001568467473,0.01495312434,0.006029852666,0,0,0.0008768723928,0.01022827066,0.01913454756,0.01808441058,0.00713490881,0.004761904944,0.004381325562,0.009687969461,0.03493232653,0.003224328393,0.004910524469,0.009948253632,0.001155957812,0.008302022703,0.02502468787,0.003364226781,0.03713037446,0.01880193874,0.01826904155,0.006921652704,0.04829182103,0.009523809887,0.004581222311,0.002723705955,0.03051029891,0.005555431359,0.01329663116,0.003837990575,0.0110052349,0.0007051866851,0.01377600245,0.004761904944,0.004761904944,0.08236685395,0.0101568494,0.005794089753,0.002579496475,0.01788762212,0.1833892763,0.005064467434,0.01574999467,0.0008678403101,0.02506832033,0.02591732703,0,0.0002454786736,0.003122407943,0.08870579302,0.03047005646,0.03470520303,0.007889345288,0.003062706208,0.02474009246,0.002266190713,0.008540940471,0.001261630678,0.00144607469,0.01671149395,0.007260679267,0.01380667835,0.004964050371,0.03628715128,0.1536390334,0.03038864024,0.01078110468,0.02630209737,0.008238009177,0.005030457396,0.2429505587,0.9187541008,0.2091609836,0.003601615317,0.00971076265,0.006001795176,0.03349328786,0.7282309532,0.04401029274,0.001008632942,0.0004760270822,0.2483591139,0.0603851974,0.1282825321,0.1195320562,0.03915510699,0.00305591966,0.005210574716,0.009042433463,0.02091095224
101,0.009384214878,0.03666293249,0.01243136916,0.04436351731,0.207506299,0.4602484107,0.2176476866,0.1918539554,0.006741291843,0.05903556198,0.007631127723,0.1003487557,0.001847589854,0.02617852762,0.05302704126,0.03228262439,0.1998931617,0.4944054186,0.4938308597,0.5194995403,0.5264324546,0.5203562975,0.4021514654,0.2794376612,0.3201804459,0.417283237,0.3147974908,0.2700710297,0.3589099944,0.4690032005,0.3852822185,0.3625584245,0.2057362795,0.1391264945,0.2076243013,0.2787802517,0.1838880479,0.03455077112,0.03660584614,0.05052146316,0.04410143942,0.02206249721,0.002380952472,0.001033155248,0.0002998989949,0.0005833726027,4.779878509e-05,8.078197425e-05,9.621253412e-05,0.0001970711455,0.0001057937479,0.002518601948,0.000691432273,0.00122682401,0.0005430413876,0.002380952472,0.01880741492,0.02245828323,0.02860965207,0.0002714458096,0.008716058917,0.005480695982,0.001354634413,0.01193178724,0.002785942284,0.01292209979,0.004633912817,0.007279631216,0.001584760961,0.0215567369,0.009516909719,0.03215580061,0.003777534002,0.004558106884,0.001467864728,0.02996821702,0.01177480072,0.008045639843,0.00335824606,0.008858781308,0.009715379216,0.001235503471,0.00105933845,0.001810399001,0.001005963422,0.001677724649,0.001300019328,0.01310566068,0.05641139671,0.02065774612,0.01228998974,0.0001147993607,0.002097959165,0.2872286141,0.001706752228,0.005497402046,0.0001662305294,0.0003282276739,0.001114267623,0.0002454786736,0,0.0001458908082,0.07823782414,0.03330995888,0.06493527442,0.05244289711,0.0238173604,0.03729121014,0.00576591352,0.04731247574,0.000327555259,0.007551522925,0.007438767701,0.01545123104,0.05727281421,0.02070170641,0.07171409577,0.1489726007,0.06058869511,0.01233678032,0.02254074067,0.01748587191,0.02109297179,0.2192380577,0.951071322,0.3139501512,0.004145606421,0.03769410029,0.001207511639,0.01051963028,0.6975998878,0.05128470436,0.04034874961,0.005143687129,0.2269876301,0.1013567522,0.1319587231,0.1366803944,0.05453297496,0.0170111116,0.01059463061,0.0006882320158,0.007761099376
102,0.0101475399,0.03840119019,0.01448663604,0.04853056744,0.1586722732,0.4686970413,0.1534334272,0.2043050081,0.003599432996,0.0445276238,0.003890970256,0.06544075906,0.0004551669117,0.01544135157,0.02112826705,0.01843709312,0.2085740119,0.3927913606,0.4475064874,0.4826613963,0.4765631258,0.4606977999,0.2938256264,0.1976242512,0.210895896,0.3652662039,0.2207574695,0.1271024048,0.2187693417,0.3581056297,0.2344474345,0.2005901933,0.121406436,0.07154688239,0.1205615327,0.1797773689,0.07157708704,0.007142857648,0.02619047649,0.03684579581,0.02793389373,0.01966575533,0,0.0004158450756,9.686883277e-05,0.0001488454145,2.508907528e-05,4.272938168e-05,2.857948311e-05,3.749663665e-05,3.346563608e-05,0.0006628978299,0,0,0,0,0.009840189479,0.01227334049,0.01111826487,6.727810251e-05,0.003285651328,0.002358407248,0.0005878046504,0.007205274422,0.0004872755089,0.009697254747,0.002380952472,0.002616210375,0.0006899054861,0.01196043566,0.007278339006,0.01128857303,0.002211232437,0.0003714887425,0.0004776975838,0.01749365032,0.003412869293,0.004761904944,0.002843814902,0.003090393264,0.004259445239,0.000523833558,0.0006505093188,0.0003024594916,0.0002958672994,0.001394962776,0.002557118656,0.004761904944,0.03642548248,0.0159883704,0.005178668536,4.234908556e-05,0.001293513691,0.3683279157,0.003643891541,0.0008782575605,0.001803095336,0.0001623089338,2.981371472e-05,0.003122407943,0.0001458908082,0,0.0631487146,0.02492392249,0.04973903671,0.04969463125,0.03254904598,0.04381384328,0.01805653051,0.04267783463,0.000669159519,0.007977109402,0.00801562611,0.01768453605,0.06737383455,0.02617984451,0.07083624601,0.1375633329,0.04166399688,0.01756021567,0.02447089739,0.00577426143,0.02200149745,0.2167587876,0.9683063626,0.3361447155,0.01000639424,0.04803069308,0.0002815627086,0.007084104698,0.6908272505,0.04590509087,0.04746060818,0.01371661667,0.2562841177,0.1068395376,0.07368344814,0.1315204352,0.04543803632,0.03159518912,0.01351705566,0.0001146338327,0.001417630236
103,0.06478996575,0.01960614882,0.02433715574,0.01942153648,0.3879468143,0.5045742989,0.1285412312,0.3145461082,0.02014198527,0.02469652519,0.02070977725,0.03705057874,0.02705205791,0.01716908067,0.01079863776,0.03069946542,0.2187397033,0.2489233017,0.3187612295,0.407508105,0.3285962939,0.2675578892,0.147035718,0.0750605315,0.1204376593,0.2282844484,0.09515123814,0.06269357353,0.1016680002,0.1481249928,0.1164366528,0.09645140171,0.04800293595,0.03473998979,0.04400531575,0.07574616373,0.05392531678,0.002380952472,0.002380952472,0.007142857648,0.008360007778,0.007142857648,0,0.02159580402,0.01722309925,0.02534176782,0.03494941816,0.02839216217,0.04546485469,0.03176667541,0.04136540368,0.01458594669,0.01457194053,0.004794930574,0.005738734733,0.008556174114,0.01337489113,0.01123392396,0.009336472489,0.01938612014,0.01251766179,0.01183119509,0.02614090405,0.01707197353,0.01180922333,0.01040390506,0.01475056726,0.009505409747,0.01829416864,0.01211689785,0.01096264645,0.01594013348,0.02654817514,0.01416682638,0.02865038253,0.01926978864,0.005320788361,0.007026041858,0.01491226535,0.01811763085,0.008641851135,0.02384797111,0.01048779208,0.01980083622,0.01738471538,0.02059514076,0.009883161634,0.003495494137,0.02634148672,0.0113728866,0.01155575644,0.03222842887,0.02305615321,0.4457086027,0.2256338149,0.2178098857,0.1845643818,0.1965013444,0.08805593103,0.08870579302,0.07823782414,0.0631487146,0,0.003424056107,0.002802821575,0.0112272175,0.01100198925,0.007817694917,0.06566252559,0.006862377282,0.01813944988,0.00851370953,0.01219964772,0.008234077133,0.007822718471,0.01373664383,0.003218150465,0.2044531703,0.005465306807,0.01224136446,0.01276304852,0.009216938168,0.01043732651,0.2218162417,0.985211134,0.2467527688,0.01588269137,0.01114195026,0.02320991643,0.01823888719,0.3582254946,0.02371486276,0.008053552359,0.02528689429,0.1018319577,0.00884726271,0.07000846416,0.06887315959,0.009766971692,0.02255234122,0.01245389041,0.02478325181,0.01959865727
104,0.009397413582,0.001998648746,0.0007054549642,0.002954698633,0.3410516083,0.2488791943,0.01190476213,0.3034718633,0.007012200542,0.01197139733,0.002627448412,0.01999570616,0.00291371718,0.002380952472,0,0.02764186077,0.1633714586,0.2162135392,0.2796205282,0.3678308427,0.3362324834,0.2135648727,0.1145535037,0.05047608539,0.09776118398,0.2120994329,0.08223954588,0.03699599952,0.09006809443,0.1379706264,0.1416411996,0.08262612671,0.05118703097,0.02142857201,0.04047619179,0.08677187562,0.03850281239,0.002380952472,0.004761904944,0.01904761977,0.007142857648,0.004761904944,0.002380952472,0,0.002380952472,0,0,0,0.003341781441,0.004761904944,0.006804189645,0.0005812158342,0.000278931926,0.002380952472,0,0.0007810473908,0.008232175373,0.002220071387,7.92088249e-05,0.002380952472,0.0006119433092,0,0.003616946749,0.001756702783,0,0.001651218161,0,0.0005605563638,0.002323084278,0.0003660423099,0.0003545824147,0,0,0,0.001242232509,0,0.0006576586165,0,0,0.002001707209,0.00100811536,0.003313266207,0.001677362015,0.0002841175301,0.0001717304986,0.0004245642631,0,0,0.004761904944,0.00171363377,0,0.001311891479,0.002022625878,0.5332086682,0.150753215,0.1033603698,0.1183969006,0.1185998395,0.04277765006,0.03047005646,0.03330995888,0.02492392249,0.003424056107,0,1.163971865e-05,0.0001981004316,6.787781604e-05,0.0001210810733,0.02029342949,0.0001255178067,0.001187277143,2.851932732e-05,0.0006431209622,0.0001704185561,0.0006181172794,0.0005981525755,0.0002556343388,0.0151465917,5.045869693e-05,0.0009344122373,0.0001446730312,0,0.0003466627968,0.08226402849,0.9736283422,0.2222907394,0.0008293896099,0.00194953545,0.003667218378,0.001836994197,0.4593491256,0.01174002234,0.003829895286,0.004872465506,0.01902270876,0.00125194143,0.0134005826,0.01442466769,0.0006619513151,0.001230028342,0.0006480730954,0.004275973886,0.001519341487
105,0.004873165395,0.002560270019,0.0007516597398,0.001299139112,0.3366340101,0.4183010161,0.05455324426,0.2791210413,0.00765158888,0.009944593534,0.004661572166,0.03922158852,0.005932350177,0.01834977977,0.002380952472,0.03973706812,0.1520047635,0.3288649619,0.3744256794,0.4574667513,0.4245063663,0.3249977529,0.2248339951,0.1424138099,0.1606306583,0.2989123762,0.1614342332,0.1108295098,0.1541104764,0.3067661226,0.1996708363,0.1582162082,0.08408117294,0.05439118296,0.09862881154,0.1461468488,0.07175837457,0.004761904944,0.02142857201,0.0241649393,0.01530450676,0.008123802021,0,0,0,0,0.005172194913,0.002380952472,0.007998381741,0.003550091991,0.008075721562,0.003174969228,0,0,0.002380952472,0,0.001470633317,0.004372201394,0.0005711495178,0.0003824417945,0,0.001626522164,0.009866838343,0.002154506743,0,0.0006436209078,0,0.0003400664427,0.001138894586,0.0005681214388,8.75762853e-05,0.004761904944,0.01431018766,0.001062920783,0.004086562432,0.009732375853,0.002380952472,0,0.0001308882638,0.001879766467,0.0003368418838,0.003331084037,0,0.005202801432,0.002380952472,0.001095613814,0.002380952472,0,0.01768579893,0.001189758885,0.001378455898,0.0005544838496,0.003446837422,0.6321739554,0.2077536881,0.2514405251,0.1454927474,0.187946856,0.1194266081,0.03470520303,0.06493527442,0.04973903671,0.002802821575,1.163971865e-05,0,4.299846478e-05,0.0001504795218,0.0003538121819,0.0171801988,1.629587678e-05,0.003666982055,4.191952394e-05,0.002358185593,0.0004337713181,0.000151921864,9.334884817e-05,0.0001383595809,0.01451044809,2.527126526e-05,0.0003611292923,0.002133480739,0.0008309067343,6.942493928e-05,0.1607557982,0.9744696021,0.1987465769,0.0004109030706,0.0009451103979,0.01772303693,0.002771807369,0.5372790694,0.01199213415,0.003024256323,0.003793865908,0.03173989803,0.001239842619,0.02357848547,0.03540147841,0.00118593208,0.000741665659,0.0003302739933,0.01459258609,0.009314698167
106,0.002511929721,0.0003151630517,0.00110976561,0.0008436984499,0.2932241559,0.4350352585,0.08471795171,0.2565533519,0.009646864608,0.004486668389,0.005834803451,0.0157018546,0.0255932156,0.01535344403,0.007142857648,0.06662181765,0.1472874731,0.3441249132,0.3958675861,0.3979780674,0.3972949088,0.3665066063,0.2536928058,0.161505267,0.1583220661,0.3051693141,0.1674867719,0.1505275965,0.2294208854,0.2816204727,0.2129979581,0.1829457283,0.1032746583,0.06362111121,0.08964064717,0.1498401016,0.1067501903,0.0142857153,0.02023348585,0.03130779043,0.0142857153,0.01678401604,0,0.004761904944,0,0.001101416536,0.001029613311,0.002380952472,0.00805767253,0.003133803839,0.005583221093,0,0.002380952472,0,0.0001327050704,0.0002699353208,0.000545026036,0.002025162801,0.0002489518083,0.0002943843429,3.321611075e-05,0.000448650535,0.004346994217,0.005224581342,0,0.0002080853737,0.001227991306,0.001262391917,0.001444920665,7.258753612e-05,8.714860451e-05,0,0.007642303128,0.001229090383,0.001281278906,0.00355429668,0.001516656135,0,0.0007306974148,0.001551369205,0.0005736864405,0.007827409543,0.001051455736,0,0,0,0,0,0.01857426018,0.00461000856,0.0006622468936,0.005734422244,0.008119862527,0.5252711773,0.1532999873,0.1936309338,0.09643622488,0.1360101998,0.1534666866,0.007889345288,0.05244289711,0.04969463125,0.0112272175,0.0001981004316,4.299846478e-05,0,2.402003884e-05,0.0003652127634,0.007422293071,1.139246524e-05,0.002409128938,3.820640359e-06,0.003459542058,0.0004069550487,6.316922372e-05,6.700886297e-05,0.0005561278085,0.04548395425,0.0005359584466,0.0009784488939,0.001942598145,0.00125269487,0.00014457824,0.1766074449,0.9467132688,0.1584239155,0.0001530324371,0.0002996005351,0.02374221757,0.002078487305,0.6385162473,0.01576080918,0.002471309621,0.001375503838,0.1389769763,0.004374609329,0.03832146898,0.04104651511,0.004728083033,0.0001264439488,0.000255761639,0.02736946754,0.009441984817
107,0.001776204328,0.0031091813,0.0003288705484,0.003182864282,0.2914873362,0.3825311661,0.04083555564,0.3278049827,0.05977832526,0.06272695214,0.01225286815,0.1262547523,0.0895454064,0.02038943581,0.008209676482,0.1697744578,0.2355657965,0.5689228177,0.5443807244,0.5652951002,0.5620297194,0.5936192274,0.6103636026,0.5217857361,0.3255209625,0.4902895391,0.3977621198,0.5283277631,0.5828253627,0.5617104769,0.4961870015,0.5338602066,0.5229876637,0.3873111606,0.371062547,0.4445272088,0.3829298615,0.1399925202,0.1837598532,0.2209395766,0.1785330474,0.1815627068,0.01385890506,0.05582022667,0.004761904944,0.007210882846,0.0142857153,0.007142857648,0.01107499097,0.01923547499,0.02659841441,0.003115010448,0.001758180093,0.002661326434,0.0008560444112,0.0007749018259,0.00958779268,0.01467983238,0.001864083693,0.006395212375,0,0.0001151356555,0.01629035175,0.004520996939,0.0006884561735,0.002878794214,0,9.292541654e-05,0.003558050608,0.000171650463,0.001524994965,0.003616924398,0.02808029391,0.002110105241,0.01381811686,0.01624668948,0.01105554122,0.01016601548,0.00424269028,0.0006928037037,0.002603296423,0.006683884189,0.002675497672,0.0001200425468,0.002734206617,0.0007441693451,0.01361570973,0.0121236071,0.001642426243,0.01658984274,0.01521169767,0.005049066618,0.004861519206,0.6668909788,0.07209362835,0.09441693872,0.04208437726,0.1059751436,0.0568045564,0.003062706208,0.0238173604,0.03254904598,0.01100198925,6.787781604e-05,0.0001504795218,2.402003884e-05,0,0.0006248239661,0.006132054608,3.615419701e-05,0.001004649559,9.791853699e-06,0.009261085652,0.0002611537057,0.0001101607777,0.0001382593182,0.001036835369,0.00514051877,0.0001336255518,0.00255258102,0.004928184673,0.00140051276,0.002838213462,0.07460235059,0.9358606339,0.1637958884,9.756075451e-05,0.0005202300963,0.01186267938,0.001002619043,0.658095777,0.0220049005,0.00294539961,0.0004969073925,0.01645034179,0.001454152167,0.01532231364,0.01361457538,0.00650909869,9.389107436e-05,0.0006110036629,0.02622140199,0.01518089604
108,0.001375888824,0.001966201467,0.0005258644233,0.004802582785,0.2953249812,0.3517391086,0.01219093706,0.3332653046,0.01618818566,0.0183912944,0.003098000307,0.04461355507,0.03061070852,0.02823392116,0.009996328503,0.0775795728,0.2353565544,0.5729141831,0.563765347,0.5756723285,0.5679650903,0.5995898247,0.6402273774,0.5378189683,0.331428349,0.4960235655,0.3754319847,0.5168316364,0.5647867322,0.549441874,0.4908807576,0.5193004012,0.5234610438,0.4292277992,0.3410532176,0.4399411082,0.3890353441,0.1915805489,0.2548500597,0.231635496,0.2282181382,0.1852923185,0.02368110418,0.03423591331,0.01254823804,0.002178345574,0.02796839923,0.01010792423,0.003425559727,0.007087621372,0.01366944611,0.0002755585301,0.00118488993,0.001653475454,0.000260417728,0.0001749201765,0.0016545197,0.001777862199,0.0002570663055,0.003768422874,5.334154775e-05,0.001281537465,0.004291263409,0.000792530016,0.0004698068369,0.0008238027222,0.0007515050238,0.0001600851974,0.0008185416227,2.926499474e-05,0.0004057970946,0.002261635847,0.01489826571,9.518405568e-05,0.002113797702,0.009309677407,0.003312188899,0.004951064941,0.001924419077,6.415557436e-05,0.0004135858035,0.001434896956,0.0001917377522,0.002378144301,0.001157732331,9.445737669e-05,0.005164992996,0.005962771829,0.00114028086,0.006473358721,0.004118603654,0.002346774796,0.0006362738786,0.7248874903,0.09884739667,0.1263560951,0.0768404454,0.09205427021,0.0267974101,0.02474009246,0.03729121014,0.04381384328,0.007817694917,0.0001210810733,0.0003538121819,0.0003652127634,0.0006248239661,0,0.02174150012,0.0006104659988,0.00265989732,0.0008092997014,0.0003773653298,0.000167783699,0.0004954450997,0.0005506335292,0.002657784615,0.005480031483,0.0002629871306,0.002512166044,5.187888746e-05,1.05994668e-05,0.0001450681448,0.02580777369,0.9777631164,0.2296561599,0.001104051247,0.001140539651,0.005567117594,5.063163189e-05,0.5848586559,0.01775355823,0.006537553389,0.005037159193,0.009860585444,0.001680732123,0.0001414074795,0.006867412012,0.002382096834,0.001792572904,0.00328159309,0.005129849073,0.0003110767866
109,0.1215751022,0.06232599914,0.09019334614,0.09437895566,0.4368239045,0.7330479026,0.5024958253,0.3044469357,0.03262164071,0.06205458567,0.07762391865,0.1955371052,0.04003901407,0.1652642787,0.1809453219,0.1580888331,0.2102469057,0.3038000464,0.4160789251,0.4373607635,0.41975227,0.3485279083,0.2035266757,0.1217076555,0.1756954789,0.2994260192,0.1671914309,0.08504991978,0.1546767354,0.2502755225,0.2056242526,0.1276826262,0.07760445029,0.03903835639,0.06412716955,0.1237348393,0.05846453086,0.004761904944,0.01666666754,0.02923236415,0.0142857153,0.0142857153,0,0.02559433505,0.02644079551,0.01806529425,0.01629988104,0.01418994181,0.01247916277,0.01337809302,0.01179556362,0.02598647401,0.005322658457,0.003369206097,0.007412897889,0.003481613239,0.008318632841,0.03973553702,0.01639556885,0.01432384364,0.006484992336,0.02053715102,0.02596566454,0.04404051229,0.006824332289,0.01112318784,0.01355391368,0.01464661583,0.02403944172,0.03974426538,0.006467162166,0.08289153874,0.06252445281,0.02767525986,0.01708667725,0.06816568226,0.02152611874,0.01524342038,0.01357962191,0.02892227657,0.01244590804,0.02613961883,0.0117311189,0.02021951228,0.04095879942,0.02001897804,0.01466468442,0.01173822489,0.1628122479,0.02466887794,0.007397620939,0.01428592112,0.02560081333,0.2307229638,0.01021722518,0.03532214835,0.005166173913,0.03455381468,0.05961915106,0.002266190713,0.00576591352,0.01805653051,0.06566252559,0.02029342949,0.0171801988,0.007422293071,0.006132054608,0.02174150012,0,0.008627359755,0.008918122388,0.0075137401,0.03196011484,0.0142228324,0.009695512243,0.006975523196,0.01781899109,0.2270059884,0.02263329923,0.01382909995,0.05973947421,0.03253893182,0.01129946299,0.4487530589,0.8451612592,0.1589055508,0.008175252937,0.009513475001,0.02190177888,0.04017535597,0.8059412837,0.05342741683,0.005386353936,0.004603040405,0.3953328729,0.04592733085,0.2926431,0.1882434934,0.03275411576,0.006549836136,0.008876878768,0.03379869089,0.03598512337
110,0.002832859289,0.001818706398,0.001799538033,0.002890278352,0.3325771987,0.3538996279,0.02293460071,0.3255016208,0.01804566383,0.01613882929,0.003527516034,0.04335139692,0.001013928675,0.004761904944,0.007142857648,0.03434505686,0.2001457959,0.3055379987,0.362136066,0.465097636,0.4058091342,0.3496294916,0.2026117891,0.1133902445,0.1604394764,0.2790101171,0.1970885396,0.1130732447,0.1714920104,0.2490312159,0.2403644621,0.1698191166,0.1129870787,0.04265813529,0.06603206694,0.1409328878,0.07003185153,0.007142857648,0.01190476213,0.007142857648,0.002380952472,0.008492635563,0.002380952472,0.00735154748,0,0,0,0,0.01068483666,0.002380952472,0.007142857648,0.001315847621,0,0.00122655218,0,0,0.001755178557,0.003417463042,0.001361753209,0,0,0.001525314408,0.00667192461,0.002559361048,0,0.004271342885,0,0,0.000220988557,0,0.001749984687,0,0,0.001285009785,0,0,0,0.002380952472,0,0,0,0.002845673822,0,0,0,0,0,0,0.005242528394,0.001640427858,0.003575125942,0.0008408353315,0.002705918159,0.5367064476,0.1482277066,0.1380829364,0.08974559605,0.1064288169,0.09295454621,0.008540940471,0.04731247574,0.04267783463,0.006862377282,0.0001255178067,1.629587678e-05,1.139246524e-05,3.615419701e-05,0.0006104659988,0.008627359755,0,0.0003125061048,1.191089467e-07,0.001706415322,5.949906335e-05,0.0001763288165,0.0009788941825,5.857272845e-05,0.0343955718,0.0004686321772,0.0006818452384,0.006859863177,0.003090439131,0.000816425716,0.111999549,0.957826972,0.169111982,1.554565642e-05,0.001031942898,0.008210609667,0.00315630273,0.590892911,0.01489237323,0.002717631869,0.001061381074,0.1048191413,0.003046277445,0.02069927938,0.03460304812,0.004172036424,0.0004475109454,0.001703669666,0.01525819115,0.007019467186
111,0.005831887946,0.01107476465,0.005956918467,0.01559668407,0.1789106876,0.4333620369,0.1486324519,0.2706835866,0.003336138325,0.0366669409,0.002468811814,0.0451791957,0.002377454191,0.01332623512,0.03252323344,0.0146899987,0.2337541431,0.5467948914,0.5506877303,0.5763499737,0.5750107169,0.6004713774,0.5299505591,0.3904511034,0.3509371877,0.5012802482,0.2888875902,0.3424524963,0.4101800323,0.4613301158,0.4411429167,0.4290118515,0.3600972891,0.1846743226,0.2797822356,0.3593719602,0.2865101993,0.06915078312,0.06990738958,0.1080254242,0.0813967213,0.05586910993,0.004761904944,0.003227910958,0.0009652739973,0.0004962254898,0.0004171199107,0.0002700843615,0.0002089035552,0.0001351949031,0.0001868634572,0.0003490869713,0.0009084803169,0.0003514110867,0.001159038162,0.0002066890302,0.01809658483,0.002058595419,0.003430667566,3.627885962e-05,0.001331122476,0.000374974974,0.0005086919409,0.0007280840073,0.003637045855,0.004457905423,0.0004812066327,0.0004334729456,0.0007724727038,0.0004429106775,0.00426405156,0.02288088389,0.002410042332,0.0001493485906,0.001955221174,0.02227435261,0.001324451761,0.003069281112,0.003444925416,0.000693095848,0.002786643337,0.0004323003232,0.00122306589,0.0001543565013,0.0002457661612,0.001011262531,0.0005528625334,0.005579341669,0.04158429429,0.006151976064,0.003967850469,0.0004407734086,0.0004650575283,0.4118483961,0.02333744243,0.03406466171,0.01405301969,0.03063618951,0.00411125971,0.001261630678,0.000327555259,0.000669159519,0.01813944988,0.001187277143,0.003666982055,0.002409128938,0.001004649559,0.00265989732,0.008918122388,0.0003125061048,0,2.539976231e-05,0.0001437264436,0.0001194268407,0.005223236512,0.00119976548,0.002554413164,0.08725041151,0.007352208719,0.003314977977,0.001887436956,0.000500668888,0.001863658195,0.1831981242,0.9605500102,0.2809214592,2.298966137e-05,0.006117575802,0.0001342034229,0.001122345682,0.6348096132,0.02671952173,0.01114747208,0.0002693929709,0.2220056355,0.03396173939,0.04133767635,0.07333044708,0.01017260831,0.001639535185,0.000683036109,0.0005517658428,0.0007595385541
112,0.001485810964,0.001377454726,0.0005905964645,0.004028264433,0.2701121569,0.2234119177,0.0142857153,0.3309428096,0.02421264537,0.01035877876,0.001262770034,0.03279333934,0.003186187474,0.004761904944,0,0.03394942731,0.1738474816,0.2524629831,0.3140774369,0.3640500307,0.3801751137,0.2752254009,0.1545343399,0.09712764621,0.1258375347,0.2054831833,0.1467654854,0.06488366425,0.1430712938,0.2241323888,0.1833510399,0.13161394,0.05313262343,0.03174066544,0.03714828566,0.1204202697,0.06187757105,0.002380952472,0.009523809887,0.02273980714,0.01111580431,0.009523809887,0,0,0,0,0,0,0.003298113821,0,0,0,0,0,0,0,0.002380952472,0,0.000451450207,0.00183714868,0.002380952239,0.0008046615403,0.004001654685,7.991862367e-05,0,0.002380952472,0,0,0.0008758237818,0,0.0004643697757,0,0.00623413967,0.0001760629384,0,0.002380952472,0,0,0,0,0,0.0007707171608,0,0,0,0,0,0.001585433958,0,0.00150818401,0,0.0006886335905,0.000517931825,0.4549244046,0.03195548058,0.02779753134,0.0173559878,0.02973848954,0.01293135807,0.00144607469,0.007551522925,0.007977109402,0.00851370953,2.851932732e-05,4.191952394e-05,3.820640359e-06,9.791853699e-06,0.0008092997014,0.0075137401,1.191089467e-07,2.539976231e-05,0,0.001194471144,1.227148368e-05,4.103337415e-05,0.0006689246511,7.272965013e-05,0.01531733479,0.0002352700394,0,0.0033649283,0,0.0004818261659,0.03701534122,0.856074512,0.1668729186,3.005144436e-06,0.0002786590776,0.00347273564,0.003465268761,0.6175729632,0.01666329801,0.002382026985,0.0001052991865,0.05490690097,0.0005743250949,0,0.02152529918,0.002618423663,7.150425517e-05,0.0001209845723,0.006815541536,0.004134879448
113,0.00380574679,0.004282464739,0.005304071587,0.01359373797,0.152383849,0.4112349749,0.04997913912,0.2883622348,0.001392297563,0.005994990002,0.0007763356552,0.0123744607,0.0008341813809,0.00416399492,0.006831950042,0.007685577963,0.2195697576,0.4711118639,0.4771775603,0.5408828855,0.5373466611,0.51079458,0.4088281989,0.2406795919,0.2928708792,0.4287430048,0.1588500887,0.1837887019,0.248532936,0.3064461946,0.256803751,0.2718085051,0.1710671633,0.1336786896,0.1374700665,0.2119759917,0.1424175501,0.02132651024,0.03043209203,0.06476637721,0.03184602782,0.03084173612,0.002380952472,0.00219413219,0.000586021808,0.0002293592115,0.0002181149757,0.001753193676,0.0002847835131,0.0007327353815,0.0003658524656,8.71149241e-05,0.0001073909079,0,0,4.35233087e-05,0.001093293657,0.0002293823054,0.000177328111,0.0005992793012,2.02401352e-05,0.0001252176007,0.0004716572003,0.0001172527263,0,0.0009282157407,7.900183846e-05,1.766771493e-05,0.0001163174238,1.856442032e-05,0.0005593248061,0.004239548929,0.00175393722,6.171760469e-05,5.863207116e-05,0.002364499262,0.000248153432,0,9.100418538e-05,0.0001333917608,0.0003740495013,0.0001636244415,0,0.0002170248626,6.878273416e-05,0,0.00193172018,0,0.005207602866,0.000909627066,0.0003197349433,0.0005273535498,0.0001320626034,0.5222447515,0.09533660114,0.1142679453,0.05586786196,0.07392990589,0.01230638847,0.01671149395,0.007438767701,0.00801562611,0.01219964772,0.0006431209622,0.002358185593,0.003459542058,0.009261085652,0.0003773653298,0.03196011484,0.001706415322,0.0001437264436,0.001194471144,0,0.0001318564173,0.002994849579,0.0005905290018,0.00460846629,0.072339423,0.001425049617,0.000919676153,4.034533777e-05,1.799107667e-05,4.534424079e-05,0.05447281525,0.9825989604,0.3103899062,0.0004290084471,0.005093888845,0.0001316276612,6.24734239e-05,0.6167784929,0.02536646463,0.01512206066,0.002036591759,0.1551091373,0.01472698431,0.002036055783,0.03202876821,0.0007590273744,0.004250285216,0.0004476010508,0.001069532009,4.086300032e-05
114,0.001627105055,0.003725843271,0.001071788371,0.007739139255,0.2335951775,0.3975250125,0.05339016765,0.3221346438,0.004966411274,0.02334967628,0.001417459222,0.04018190503,0.007467760239,0.008174913004,0.007142857648,0.02309881337,0.2398911715,0.5664342642,0.5650858879,0.5901319981,0.5866298079,0.6017438769,0.6037210822,0.4535849392,0.3378760219,0.5086297393,0.3020536005,0.3752305806,0.4663439691,0.506604135,0.4533842802,0.4579831362,0.348367691,0.2549258173,0.3550692499,0.3818449676,0.3114047945,0.0561459288,0.08619630337,0.1537745446,0.0879509449,0.07311897725,0.002380952239,0.007383947261,0.002004283248,0.00361557072,0.0003586675157,0.002693689428,0.001716239611,0.001633161679,0.001916531823,3.28892238e-05,0.0003133571008,0.0008040808025,0.0008659137529,0.0006024821196,0.003494752338,0.0002999883727,0.0004394573043,0.0006088785012,0.0001954615582,0,0.0004651368072,0.0001999597298,0.0007635702495,0.001884843688,0.0002739173651,4.60899937e-05,0.0005243562046,3.226122863e-05,0.0008774489979,0.00645644404,0.002022911794,8.22090351e-06,0.001076900167,0.005695259199,0.001516636461,0.002362652915,0.001939313835,7.908867701e-05,0.0004512012238,0.0001977955544,0,4.116016498e-05,6.312436017e-05,1.847231761e-05,0.003523276886,0.0004242008436,0.006055131089,0.006906738039,0.004658760037,0.0005409703008,0.0003727688454,0.6271225214,0.08721684664,0.1106880531,0.05187994242,0.07784914225,0.03992031887,0.007260679267,0.01545123104,0.01768453605,0.008234077133,0.0001704185561,0.0004337713181,0.0004069550487,0.0002611537057,0.000167783699,0.0142228324,5.949906335e-05,0.0001194268407,1.227148368e-05,0.0001318564173,0,0.0007423563511,0.0003862744779,0.0005573799135,0.02344896086,0.0007424002979,0.002220253693,0.0002673606214,2.053342541e-05,0.0002445213613,0.1020234898,0.9653875232,0.2468919605,4.491041182e-05,0.002013065387,0.003654604079,0.0001788758527,0.5735298395,0.0189164672,0.004582624882,0.0005564101739,0.1014999598,0.005776410457,0.006762937177,0.03038527444,0.002392846625,0.0005398467183,0.0003272618633,0.0100587029,0.001245288062
115,0.005553295836,0.0003208856215,0.002402538201,0.001099768211,0.3368827999,0.5329672694,0.1216668561,0.1786424667,0.001519546495,0.001084980438,0.001791570918,0.007621801924,0.01154812705,0.007642426062,0.02675947733,0.01971835271,0.07842063904,0.1752912849,0.2260102928,0.2340949625,0.2247240394,0.2119889259,0.1144084781,0.07350649685,0.07294952869,0.1685652137,0.05603218824,0.0616604276,0.1021786556,0.1333647966,0.1122471094,0.08480778337,0.05723625049,0.01296182908,0.03903281316,0.05467981845,0.02982548624,0.007142857648,0.0106548965,0.01849387959,0.009523809887,0.009523809887,0,0.0060022939,0,0.001992663601,0,0.002380952472,0.01043018326,0.002607707866,0.01027297135,0.001104014926,0.0002242358896,0,0,0,0.001096767606,0.001752451877,0.0002291266428,0,0,0.005809257273,0.008801848628,0.003644874785,3.878335701e-05,1.522782622e-05,0,0,0.0003591593995,0.0006840282003,1.880936543e-05,0.0165541321,0.01035046019,0.003072886029,0.0002633576223,0.002262587193,0.0004548186262,0.0002857757499,0,0.005366242025,2.596296144e-05,0.01447600964,0,0.002039052779,0,0.00153268245,0,0,0.0130951805,0.0001226091845,0,0.01004561502,0.0134571204,0.4821511209,0.1979523003,0.2710564137,0.1277756095,0.1792885661,0.1660567522,0.01380667835,0.05727281421,0.06737383455,0.007822718471,0.0006181172794,0.000151921864,6.316922372e-05,0.0001101607777,0.0004954450997,0.009695512243,0.0001763288165,0.005223236512,4.103337415e-05,0.002994849579,0.0007423563511,0,3.027326602e-05,0.001021235832,0.08077134192,0.0001031347711,0.0004348276707,0.0002915063524,0.0005129875499,2.817234781e-05,0.2248244286,0.9613808393,0.1761308312,0.0006165108643,2.809618672e-05,0.02171166986,0.007361806929,0.609005928,0.01692356728,0.003046680009,0.003188951872,0.05477304384,0.0002688222448,0.06679821759,0.01414051931,0.0001547218999,2.090832822e-05,1.192766194e-05,0.01750005782,0.009237627499
116,0.0006629506242,0.0006879616412,0.0002092077484,0.001104521914,0.1664647311,0.2954903841,0.02203787863,0.1414046884,0.004727019928,0.003797244979,0.0007431151462,0.01190030761,0.01340855006,0.01828699932,0.005694983527,0.02780473232,0.07118283212,0.2283469588,0.2341182083,0.222775206,0.2077056915,0.2167548984,0.2258651704,0.1647125334,0.08287225664,0.1740785241,0.08420100063,0.1386072189,0.156309247,0.1518861502,0.12434306,0.1341156512,0.1157334596,0.1027428135,0.07577043772,0.1318448484,0.1072337255,0.01745500043,0.04616529122,0.05324799567,0.04730813205,0.0260360688,0.002189186169,0.0109057473,0.002380952472,0.0003392580547,0.002380952472,0.002380952472,0.001495388686,0.0008144919411,0.004152916837,0.001708666794,0,0,0.000181526877,0,0.00205174624,0.001874229987,0.0005308219115,0.0007063730154,0,0.001283444697,0.00171990227,0.001093166647,6.307166041e-05,0.0001699950953,0,0.001185733825,8.644352783e-05,0.0002809678263,4.369660746e-05,0,0.004310424905,0.0005655870773,0.000570362492,0.002676105825,0,0.0003950341488,7.809069211e-05,0.0007457599859,0.0001233328367,0.002396916039,0,4.445195009e-05,0.0008594701067,0.0001475581957,0.003466570051,0.001639189431,0.002030222444,0.0004581952235,0.0003074969281,0.0003973933635,0.001054326189,0.5155960917,0.07569093257,0.1141111776,0.06294248998,0.06658299267,0.03757276386,0.004964050371,0.02070170641,0.02617984451,0.01373664383,0.0005981525755,9.334884817e-05,6.700886297e-05,0.0001382593182,0.0005506335292,0.006975523196,0.0009788941825,0.00119976548,0.0006689246511,0.0005905290018,0.0003862744779,3.027326602e-05,0,0.002145352308,0.01146040671,2.136921103e-05,4.900934073e-05,0.0001333170949,0.0004164199636,9.461450099e-05,0.08069646358,0.937571764,0.1778280288,0.0003499252489,9.426957695e-05,0.00743928086,0.00234584487,0.6542243361,0.01950202696,0.003728519194,0.0008761375793,0.0149235893,0.0004197811359,0.009451303631,0.002819407964,0.0002994667739,2.068261892e-05,9.150450751e-06,0.006990768481,0.003307820531
117,0.01354018413,0.006461271085,0.007348720916,0.01052375603,0.3487372994,0.5245105028,0.156728223,0.3229268491,0.0089428192,0.01745508797,0.01133349258,0.05787928775,0.01396009419,0.02961213887,0.01172204595,0.04090541229,0.2135427445,0.3824002445,0.4491742849,0.4685640037,0.4571701288,0.4005524814,0.2817515731,0.1842744052,0.2210263461,0.3657769561,0.2032331526,0.1562917084,0.2560320497,0.3292230964,0.2513818443,0.1841398627,0.1262283176,0.05829102546,0.132351771,0.1720827967,0.1047466472,0.02142857201,0.02512110025,0.02142857201,0.02538174763,0.0142857153,0,0.01716507412,0.01325557288,0.003348443424,0.009450202808,0.01024675369,0.0146822324,0.009213465266,0.01054973342,0.0008053915226,0.002380952472,0.002380952472,0.0005422759568,0.001999904402,0.01245869137,0.001601314987,0.0009571225964,0.00830612611,1.581027573e-05,0.001916853478,0.01143605821,0.002954621101,0.0002334972814,0.006562250666,0.001680791262,0.000577489147,0.003664924065,0.0008161200094,0.001331547042,0.02680144645,0.008471731097,0.001405700692,0.008920174092,0.02455148846,0.0007721220609,0.01235127915,0.0001710337674,0.002162904944,0.002622572705,0.01088988036,0.002380952472,0.002795054344,0.0001096294582,0.002702534199,0.004761904944,0,0.04213371128,0.009710546583,0.004139209166,0.007959526032,0.01268114895,0.6260972023,0.2475355119,0.3413262963,0.1513456553,0.181673333,0.143072173,0.03628715128,0.07171409577,0.07083624601,0.003218150465,0.0002556343388,0.0001383595809,0.0005561278085,0.001036835369,0.002657784615,0.01781899109,5.857272845e-05,0.002554413164,7.272965013e-05,0.00460846629,0.0005573799135,0.001021235832,0.002145352308,0,0.09125114232,0.0008579118294,0.005442101974,0.01212106179,0.0007331689703,0.001866082428,0.2593364716,0.9782589078,0.1845073104,0.0002251147671,0.002300855704,0.01063964702,0.005024307873,0.5335050821,0.01020532474,0.0009379260009,0.0009725174168,0.1655360311,0.004939041566,0.1150046885,0.1000240818,0.00643366389,0.002121606143,0.002170228865,0.01601170562,0.007728980388
118,0.1939733326,0.02680799551,0.07907944173,0.06723653525,0.5377321243,0.6642009616,0.158948347,0.3330792487,0.09460134059,0.03181268647,0.09707950801,0.1063723192,0.1008073911,0.1304054111,0.06827491522,0.111994274,0.285233438,0.2866891623,0.359462738,0.4232157767,0.4017091095,0.3408991992,0.1578543931,0.09396347404,0.1889868677,0.282812506,0.1407637596,0.07926429063,0.1491007656,0.2003625631,0.154612273,0.1196119115,0.06090001389,0.03873807564,0.07452948391,0.08321627229,0.06162732095,0.006325764116,0.008027039468,0.02283511497,0.0142857153,0.0142857153,0.004761904944,0.1044810191,0.1121180728,0.09081457555,0.1026686728,0.110551022,0.101898849,0.09647462517,0.1020747051,0.09978317469,0.04906641319,0.02602791414,0.01825077645,0.02329741977,0.04037960619,0.07932931185,0.04500931501,0.09408850223,0.04152336344,0.08420531452,0.104520835,0.1064842343,0.02044654638,0.02502007037,0.07689979672,0.06705833972,0.08840143681,0.07647284865,0.02011492662,0.03956103697,0.1045031473,0.07594574243,0.09198955446,0.01868047938,0.01128661446,0.0107278619,0.02034864947,0.102412954,0.01018758677,0.103672564,0.04554968327,0.09012199193,0.09854770452,0.09019841999,0.03865813464,0.01144707389,0.02362431586,0.01121191867,0.01303495374,0.1077059954,0.09585897624,0.5293233395,0.1667963415,0.2431712896,0.1283568591,0.1434956491,0.1813835353,0.1536390334,0.1489726007,0.1375633329,0.2044531703,0.0151465917,0.01451044809,0.04548395425,0.00514051877,0.005480031483,0.2270059884,0.0343955718,0.08725041151,0.01531733479,0.072339423,0.02344896086,0.08077134192,0.01146040671,0.09125114232,0,0.003869373351,0.01151327416,0.01161117386,0.03446920216,0.01050369907,0.0947130993,0.8935194016,0.528978169,0.0743342489,0.06994896382,0.1098143086,0.1039954275,0.8723996282,0.4021200836,0.269551754,0.1423888505,0.05488914624,0.03557519242,0.04989863187,0.04199938849,0.007324937731,0.05581657961,0.01100491732,0.110949181,0.09096167982
119,0.002623795066,0.0002746740647,0.0005019888631,0.001043616328,0.286791563,0.3497474492,0.04719071835,0.1427162737,0.002522030612,0.0005335247843,0.001246516127,0.005786468741,0.004431899637,0.0103120124,0.004761904944,0.01711028069,0.0467945151,0.09505401552,0.1280097216,0.153900966,0.1203193963,0.08483429253,0.06440157443,0.02519675903,0.05196392909,0.08823738247,0.04220907763,0.01836823858,0.06609881669,0.06325081736,0.05233803764,0.04351166636,0.02167303301,0.01257917564,0.0205096975,0.0290735513,0.003845911706,0.002380952472,0.004761904944,0.003534409683,0.002380952472,0.004761904944,0,0.005445254035,0,0,0.002380952472,0.002380952472,0.008875921369,0.009606493637,0.01058536116,0.006091884337,0,0,0,0,0.002380952472,0.001917411108,0.001591526438,0.00197527837,0.0007867089589,0.004189249594,0.01994014531,0.007774170488,0.0001125628551,0.0001242617291,0.002380952239,0,0.0008739128825,0.000682322192,8.073856588e-05,0.002060824074,0.00261192047,0.00157664041,0.008621660993,0.0004617793311,0,0,6.026883057e-05,0.008832408115,0,0.01526125427,0,0.002380952472,0.007142857648,0,0.001106454758,0,0.0009767676238,9.219285857e-05,0,0.01428170688,0.01423743926,0.4998922646,0.1677714288,0.2226690054,0.108238861,0.1587097049,0.09819333255,0.03038864024,0.06058869511,0.04166399688,0.005465306807,5.045869693e-05,2.527126526e-05,0.0005359584466,0.0001336255518,0.0002629871306,0.02263329923,0.0004686321772,0.007352208719,0.0002352700394,0.001425049617,0.0007424002979,0.0001031347711,2.136921103e-05,0.0008579118294,0.003869373351,0,4.464214726e-05,2.362135638e-05,0.0004486921825,2.593308182e-06,0.04602454603,0.9683039188,0.2095139474,0.0009636696777,0.0002023788402,0.01305814367,0.00229300675,0.5709694624,0.01622345112,0.005281846505,0.00582696218,0.0003636857437,4.220653136e-05,0.003797853366,0.001077118563,2.731732275e-05,0.000106216401,3.671151262e-06,0.009250626899,0.002484561643
120,0.0004307444033,4.308056668e-05,0.0001407966192,0.000892701617,0.1304958463,0.1394209862,0.01134207193,0.05239358917,0.0003534953576,2.282699825e-05,0.0001439636253,0.001720787259,0.003123297123,0,0,0.003639886854,0.01932867058,0.03107330389,0.03644656017,0.05865727738,0.04141654074,0.03237580135,0.01829944178,0.005972200539,0.01106419135,0.02357577533,0.01796376333,0.01621827856,0.03016216122,0.03508656099,0.03497793153,0.01540450193,0.01110716257,0.0005987389595,0.006530258805,0.01046335977,0.01005952526,0,0,0.003623979632,0,0,0,0.001868951716,0,0,0,0,0.002380952472,0,0.001969620585,0.006232366897,0,0,0,0,0,0.002850629156,0.003220672486,0,0.001318575465,0,0.01113410573,0.001489492599,0,0,0,0,0,0,0,0,0,0,0,0,0,0,0,0,0,0.003382362658,0,0.0006249360158,0.00182484265,0,0,0,0,3.521923418e-06,8.024759882e-05,0,0.0006174248992,0.3163070083,0.0581007041,0.06170765311,0.01995676383,0.03949564323,0.02873699926,0.01078110468,0.01233678032,0.01756021567,0.01224136446,0.0009344122373,0.0003611292923,0.0009784488939,0.00255258102,0.002512166044,0.01382909995,0.0006818452384,0.003314977977,0,0.000919676153,0.002220253693,0.0004348276707,4.900934073e-05,0.005442101974,0.01151327416,4.464214726e-05,0,2.149253851e-05,9.233574383e-05,0.0001378571469,0.01595047303,0.9095242023,0.1935738772,9.253023745e-05,1.067700623e-06,0.003772572847,0.00184538227,0.6570340395,0.02080268972,0.005244520027,0.002937365323,0.00137654494,2.446486542e-05,5.499493636e-05,6.055719041e-06,1.57478425e-07,2.100125585e-06,1.345773342e-07,0.002789198887,0.0003944634227
121,0.000534819148,8.575895481e-05,0.0002023029374,0.0009277728968,0.2970109582,0.205328837,1.910563151e-05,0.05990212411,4.459312186e-05,5.830446389e-05,4.666121822e-05,0.0006656891783,0.001822803169,0.004153644666,0,0.001871511224,0.02038137428,0.04876627028,0.06220142916,0.04836866632,0.05793178827,0.03516611084,0.02511971071,0.0221448727,0.01197169907,0.02643104829,0.01774174348,0.01339135878,0.0285408143,0.032371521,0.02628596313,0.02646869421,0.01330194063,0.01232655626,0.01165076718,0.02296071127,0.01090176962,0.002380952472,0,0.002380952472,0,0.002380952239,0,0.001050875871,0,0,0.000237442262,0,0,0.002380952472,0.001147914561,0.002403033199,0.002380952472,0,0,0,9.299107478e-05,0.0004643057182,0.0001032448636,0,0,0.000225752694,0.003628595266,0.0007794557023,0,1.100113604e-05,0,0.000144719379,1.197299935e-05,0,3.431895493e-06,0,0,0.0004791542306,0.001335198409,0,0,0,0,0.0003296973882,0,0.0003257011413,0,0,0,0,0,0,0,3.848855158e-06,0,0,0.0002159870201,0.4355988204,0.07347721606,0.04353569448,0.03377746418,0.03869114816,0.00112546829,0.02630209737,0.02254074067,0.02447089739,0.01276304852,0.0001446730312,0.002133480739,0.001942598145,0.004928184673,5.187888746e-05,0.05973947421,0.006859863177,0.001887436956,0.0033649283,4.034533777e-05,0.0002673606214,0.0002915063524,0.0001333170949,0.01212106179,0.01161117386,2.362135638e-05,2.149253851e-05,0,5.349029379e-07,7.703688425e-07,0.0007278260891,0.9902671576,0.2408028245,0.001546174171,0,0.0001468778355,4.276850632e-06,0.690649569,0.04812975228,0.01798355952,0.01548867021,0.001907955855,7.31196269e-05,7.988797392e-07,4.724600512e-05,3.804309188e-07,0.0003064088523,2.029640018e-05,2.416795178e-05,4.050873031e-06
122,0.001083730604,0.0005610757507,0.0005458313972,0.003096129978,0.1850274801,0.1448052078,0.003845238592,0.262244761,0.0005311352434,0.000211638544,6.081418542e-05,0.002855971223,8.664206689e-05,0.002380952239,0,0.002689702902,0.120016478,0.1444307268,0.1691631377,0.2214807868,0.2276158035,0.1596946716,0.08839735389,0.0553852953,0.05882040039,0.1583395749,0.04720528051,0.04655516148,0.068409428,0.1116656139,0.09624210745,0.06089592725,0.0307556428,0.01818364486,0.02998747118,0.04476387426,0.024861807,0,0,0.004761904944,0.002380952472,0.002380952472,0,0.001768546645,0,0,0.002380952472,0,0,0.002380952472,0.0007246359601,0,0.000151701548,0,0,0,0.0002337608021,9.954111192e-06,2.472080268e-05,0,0,0,2.272098936e-05,2.433928785e-05,0,0.0002220033202,0,4.060529318e-05,0,0,3.019467658e-05,0.0007170690224,0,0,0.002380952472,0,0,0,0,0,0,0.0002585682669,0,0,0,0,0,0,9.748592856e-05,0.0001227168104,9.801317356e-05,0.0001847495296,6.958244194e-05,0.4643913805,0.05306515098,0.0288201794,0.02083986439,0.01659387536,0.004922972526,0.008238009177,0.01748587191,0.00577426143,0.009216938168,0,0.0008309067343,0.00125269487,0.00140051276,1.05994668e-05,0.03253893182,0.003090439131,0.000500668888,0,1.799107667e-05,2.053342541e-05,0.0005129875499,0.0004164199636,0.0007331689703,0.03446920216,0.0004486921825,9.233574383e-05,5.349029379e-07,0,3.504556389e-06,0.001448399969,0.8449306488,0.2004477382,0.001896576141,0.000463704404,0.0001496562327,4.784722023e-06,0.5265545845,0.02041507512,0.009257959202,0.002648237627,0.01336015016,0.003245641943,0,0.0007222254062,6.100040082e-06,0,8.652769611e-05,0,1.981912646e-06
123,0.0003958407324,0.0003430480137,0.0001899770577,0.0008793954039,0.1438889056,0.2208901644,0.009010271169,0.09036917984,0.0006833554362,0.0006813901709,8.349735435e-05,0.001848342479,0.00256600976,0.002865204355,0.002380952472,0.006689054426,0.04044867679,0.1149232015,0.1308541894,0.1305232942,0.1145382449,0.1277763098,0.1182646304,0.08332299441,0.03627685457,0.08837237209,0.03949632868,0.07191357017,0.0820344761,0.08158624917,0.06966876239,0.07378092408,0.05902347341,0.03550907969,0.03279678524,0.05309195444,0.0648779273,0.006350109354,0.01661785133,0.01377110742,0.02877876908,0.007386729587,0,0.001496069599,0,0,0,0.001151002827,0.001145753195,0.001225947286,0.006305130199,0.0007570438902,0,5.173776663e-05,4.830127e-05,2.656584002e-05,0.0005836128839,0.00133795687,0.0001649940532,0,0.0003163400397,0.0003432930389,0.0002835400519,0.0003123850329,2.394450348e-05,4.981078018e-05,0,3.393365114e-05,4.977837307e-05,0,1.122575122e-05,0.0006996884476,0.003468764713,0,6.068888251e-05,0.0004055982572,0.0001713244419,0,0,5.813026655e-05,1.114960651e-05,0.0005842440296,0,0,0,0.00150252576,0.002380952472,0,0.0004984014668,3.530078538e-05,3.312381523e-05,0,0,0.4804665446,0.07318896055,0.05881207436,0.04340469092,0.0663433075,0.004974201787,0.005030457396,0.02109297179,0.02200149745,0.01043732651,0.0003466627968,6.942493928e-05,0.00014457824,0.002838213462,0.0001450681448,0.01129946299,0.000816425716,0.001863658195,0.0004818261659,4.534424079e-05,0.0002445213613,2.817234781e-05,9.461450099e-05,0.001866082428,0.01050369907,2.593308182e-06,0.0001378571469,7.703688425e-07,3.504556389e-06,0,0.03297943622,0.9647457004,0.1832944304,0.001264707418,6.307521107e-05,0.001695769955,2.12287232e-05,0.6361136436,0.01826372743,0.005688764155,0.003073683707,0.006859778892,0.0001534367329,0.0005274030846,0.001035530237,3.703986295e-05,0.0001078799396,4.848320714e-06,0.0003354519722,6.534982094e-05
124,0.1277997345,0.002329957904,0.003244192107,0.02464974299,0.5222702026,0.1868382692,0.0007939562784,0.1317108721,0.05975097418,0.001092724386,0.005793754943,0.02609666064,0.07574031502,0.005160913337,0.000656381133,0.0298544094,0.06341168284,0.02619047649,0.02619047649,0.04294745252,0.02717340738,0.01615955867,0.002380952472,0.007142857648,0.01187601592,0.008068693802,0.008927586488,0.007142857648,0.009523809887,0.01795695536,0.002380952472,0.002380952472,0,0,0.003909111954,0.007142857648,0.004761904944,0.002380952472,0,0,0,0,0,0.02288058214,0.01799310744,0.02302320674,0.0592472367,0.03764825314,0.08041645586,0.04254719242,0.08486753702,0.09238933772,0.00811744947,0.002380952472,0.002380952239,0,0.001022441196,0.05872434378,0.04403965175,0.01725508645,0,0.05673883855,0.1529781818,0.1780109107,0.005777102429,0.0164409671,0.02369332686,0.03485119343,0.04538856447,0.02918987162,0.02519733272,0.0008207079954,0.02330150269,0.03820600361,0.06728670001,0.001840353827,0.001350955921,0.004476529546,0.007142857648,0.05511613935,0.001150668482,0.1521730423,0.0139788501,0.04997171462,0.04226003587,0.04923652112,0.001032368629,0.001880360185,0.001060054288,0.001253355993,0.007030100562,0.04326246679,0.07965410501,0.543666482,0.2643136382,0.3526480794,0.1743391603,0.2004264295,0.1822270006,0.2429505587,0.2192380577,0.2167587876,0.2218162417,0.08226402849,0.1607557982,0.1766074449,0.07460235059,0.02580777369,0.4487530589,0.111999549,0.1831981242,0.03701534122,0.05447281525,0.1020234898,0.2248244286,0.08069646358,0.2593364716,0.0947130993,0.04602454603,0.01595047303,0.0007278260891,0.001448399969,0.03297943622,0,0.935978353,0.6926939487,0.1728836745,0.06596112996,0.07235975564,0.00533642713,0.9335282445,0.3470189273,0.3271087706,0.2808187902,0.007919954136,0.005284560379,0.0008181557641,0.003126566531,0.004421872552,0.1432034969,0.03521965072,0.01108670048,0.00595014682
125,0.9964385033,0.9650111198,0.9840324521,0.9806157947,0.9967673421,0.9979287386,0.9617809057,0.9966961741,0.9724683166,0.8291582465,0.9783886671,0.9733473659,0.9764425755,0.8832201362,0.7347174287,0.9809792042,0.9849025607,0.7965941429,0.8705675602,0.9212691784,0.9018062949,0.7749031782,0.508983016,0.374738276,0.8088712096,0.8401600122,0.7519502044,0.3763777316,0.5237249136,0.6889563799,0.5987280607,0.466152668,0.343940407,0.2200433314,0.3824649155,0.5041823983,0.3596095145,0.08067816496,0.1154811382,0.2450473309,0.1092944145,0.1476190537,0.02142857201,0.9436218739,0.9205867052,0.8840420246,0.9482588172,0.9558326006,0.9701871872,0.9556324482,0.9600485563,0.9605113268,0.3533023,0.2467149496,0.2675898075,0.3000000119,0.5353178382,0.9404422045,0.9593932629,0.798941493,0.3787013292,0.8214505315,0.9657687545,0.9794102907,0.6387782097,0.7973329425,0.6222940087,0.7470108867,0.9543605447,0.9066420197,0.9271056652,0.6392381191,0.9397662282,0.7743776441,0.8830090165,0.6637148261,0.4157579243,0.5056412816,0.7278859019,0.9741206169,0.9035449624,0.9682495594,0.5108616948,0.8876506686,0.9114753008,0.8993700743,0.3927280903,0.3533032537,0.8590431213,0.9199931026,0.7669882178,0.9656258821,0.9698430896,0.9779312015,0.9250553846,0.9317081571,0.9494721293,0.9557275772,0.9671831727,0.9187541008,0.951071322,0.9683063626,0.985211134,0.9736283422,0.9744696021,0.9467132688,0.9358606339,0.9777631164,0.8451612592,0.957826972,0.9605500102,0.856074512,0.9825989604,0.9653875232,0.9613808393,0.937571764,0.9782589078,0.8935194016,0.9683039188,0.9095242023,0.9902671576,0.8449306488,0.9647457004,0.935978353,0,0.9485839009,0.9595760703,0.9518569112,0.9815248847,0.9877777696,0.997159481,0.9934597015,0.9782145023,0.9486925006,0.9123564363,0.9593635798,0.9603847265,0.9400294423,0.9712814093,0.9361685514,0.9278515577,0.9911726713,0.9867271185
126,0.5426360369,0.2564045191,0.3650613427,0.3078364432,0.8358547091,0.9208731055,0.6342726946,0.6784901619,0.3171224296,0.2090739757,0.3649679124,0.4057402611,0.3580121994,0.3305907845,0.1887041628,0.4150194228,0.4345164895,0.2126603574,0.278660655,0.3737120926,0.3396149278,0.2212280333,0.09525443614,0.05359632149,0.1555214822,0.2092573643,0.1453059614,0.05556149408,0.1075664759,0.1746520847,0.1294742227,0.1052804887,0.05825673789,0.02746183611,0.06454335898,0.09319473803,0.03930909559,0.004761904944,0.01190476213,0.02380952425,0.02142857201,0.0142857153,0.004761904478,0.2711494267,0.2538959682,0.2811590731,0.2815704942,0.2929771841,0.3371352851,0.3160151243,0.3439539969,0.3058055043,0.133214578,0.07277177274,0.07772551477,0.07098027319,0.14577052,0.3067569435,0.2517812848,0.2316038311,0.09707612544,0.2804676294,0.3250321746,0.3356209695,0.1646219939,0.1680389047,0.2088505626,0.2237962335,0.3278680146,0.2559740543,0.1812695712,0.1315523535,0.3657570779,0.2446301877,0.2910337746,0.1891795248,0.1198916733,0.1640482098,0.1708592772,0.2958244085,0.1748331338,0.3346500993,0.1589283198,0.2785670161,0.2925644219,0.2718728781,0.1002427563,0.1228963658,0.229125917,0.1920138597,0.1827028543,0.3275442719,0.3256378174,0.6426199079,0.4151485562,0.5132243633,0.3381398022,0.3847677112,0.4667660892,0.2091609836,0.3139501512,0.3361447155,0.2467527688,0.2222907394,0.1987465769,0.1584239155,0.1637958884,0.2296561599,0.1589055508,0.169111982,0.2809214592,0.1668729186,0.3103899062,0.2468919605,0.1761308312,0.1778280288,0.1845073104,0.528978169,0.2095139474,0.1935738772,0.2408028245,0.2004477382,0.1832944304,0.6926939487,0.9485839009,0,0.1949649751,0.1742306054,0.3075067103,0.3119838536,0.7524594069,0.1631795019,0.1201027855,0.1418959796,0.6047602892,0.2161030322,0.4353049994,0.4185772538,0.2165916562,0.1666172594,0.1824498177,0.3345951736,0.3199972808
127,0.005227481481,0.004833121318,0.004620681517,0.007326111663,0.1696493179,0.404278338,0.1180608347,0.2791538239,0.002576008439,0.01951790601,0.003704504808,0.04241513088,0.00571198808,0.01536903437,0.008231993765,0.02067380212,0.2027066052,0.3941313326,0.3909924924,0.5022653937,0.4701732397,0.3582471013,0.2443110049,0.1728013903,0.1856305003,0.3220262825,0.1961531639,0.09933963418,0.2038107663,0.3037014604,0.2310508788,0.1676028967,0.1258210838,0.08007197082,0.09194877744,0.1225480661,0.07470151782,0.009523809887,0.01666666754,0.0210793186,0.03012284636,0.0142857153,0.002380952472,0.005342052318,0,0,0,0.002385192085,0,0.003912624437,0.0008780136122,0.0004200846015,0,0.002934545279,0,0,0.001807226799,0.002336077858,0.003393361345,0,0,0,0.001096731867,0.001206777524,0,0.002886038041,0.00242296583,0,0.002581474138,0.0002483876306,0.0006418123958,0.01165666897,0.001958608162,0.0008417619974,0.0002864226117,0.005940641742,0.002380952472,0,0.001753375982,0.002360777464,0.001063633477,0.001609820873,0.0002103915031,0.0005737660686,0.001663217437,0.0002495619119,0,0.0005917560775,0.0181069579,0.0008668234805,0.0006753409398,0.0006467205822,0.0005466573057,0.4940142632,0.07771507651,0.1114316806,0.0597397089,0.08561297506,0.02837766521,0.003601615317,0.004145606421,0.01000639424,0.01588269137,0.0008293896099,0.0004109030706,0.0001530324371,9.756075451e-05,0.001104051247,0.008175252937,1.554565642e-05,2.298966137e-05,3.005144436e-06,0.0004290084471,4.491041182e-05,0.0006165108643,0.0003499252489,0.0002251147671,0.0743342489,0.0009636696777,9.253023745e-05,0.001546174171,0.001896576141,0.001264707418,0.1728836745,0.9595760703,0.1949649751,0,0.0007464217488,0.0005793520832,0.004023408983,0.6197522879,0.01694897562,0.002644059947,8.938246174e-05,0.1714858413,0.006858382374,0.05029009283,0.03381212056,0.005217369646,0.000106297528,0.0003321534314,0.004653280601,0.003463268979
128,0.002097077202,9.431395301e-05,0.001447084476,0.001360431081,0.3053723276,0.4570091069,0.0587897338,0.09608532488,0.0005727227544,0.0001926379919,0.0004707152839,0.003704640782,0.00592711661,0.01769830659,0.005284756888,0.008653228171,0.0456004329,0.08586914837,0.1036437005,0.1045636237,0.08945730329,0.07205488533,0.05333499983,0.02361224778,0.02236839198,0.06361676753,0.02083123103,0.03355485201,0.05517439917,0.05958514661,0.04024734348,0.03332101181,0.02978114039,0.008993635885,0.02427778579,0.01696042158,0.01177357975,0,0.007142857648,0.004761904944,0.002380952239,0,0.002380952472,0.0008044074057,0.0005293320282,0,0,0,0.006720033474,0.001771198935,0.002380952472,0.002079751343,0,0,0,0,0.0009822957218,0.002768025035,0.001153287361,0.001727713039,0,0.002595703583,0.009297369979,0.006656022742,0,7.404042117e-05,0.00124767737,0,0.0001439901243,0.0003372339124,0,3.98982811e-05,0.001169747673,0,0.0006326141884,5.352942026e-05,0,2.413960283e-05,3.968569581e-05,0.004501905292,1.181002244e-05,0.005846975371,0,0.0004212756176,0,0.0004517639172,0,0,9.994653374e-05,6.453115475e-06,1.384538336e-05,0.001630755374,0.006840629037,0.3990933299,0.1338940561,0.2239740789,0.09771021456,0.1425519288,0.1089802459,0.00971076265,0.03769410029,0.04803069308,0.01114195026,0.00194953545,0.0009451103979,0.0002996005351,0.0005202300963,0.001140539651,0.009513475001,0.001031942898,0.006117575802,0.0002786590776,0.005093888845,0.002013065387,2.809618672e-05,9.426957695e-05,0.002300855704,0.06994896382,0.0002023788402,1.067700623e-06,0,0.000463704404,6.307521107e-05,0.06596112996,0.9518569112,0.1742306054,0.0007464217488,0,0.0135627538,0.01144400146,0.631092906,0.01878222078,0.003777088597,0.003130948404,0.01188574359,4.375589924e-05,0.001564024366,0.0001607305603,3.344920697e-05,1.079549565e-05,2.439324089e-05,0.003622486023,0.003208684968
129,0.008511219174,0.0148276668,0.01076138299,0.03081779368,0.2296428084,0.4447637498,0.05049151182,0.2465545684,0.001674914267,0.01666908152,0.001141442452,0.01768284291,0.0008341765497,0.005313939881,0.00239064591,0.004707284272,0.2062156647,0.3923869729,0.4345775843,0.5074650645,0.4573245645,0.3712033033,0.3044192791,0.1660231203,0.2130610645,0.3456777036,0.1290614009,0.1388395429,0.1831646711,0.2605254948,0.195224002,0.1744167507,0.1340762973,0.07400098443,0.1072616428,0.1275444329,0.1035606489,0.004761904944,0.01904761977,0.01770055108,0.01904761977,0.0232432466,0.002380952472,0.0006852219813,3.859318895e-05,0.0007746866904,8.261754556e-05,3.320737596e-05,6.28364287e-05,4.235580127e-05,6.382351421e-05,0.000174827117,0.0003958891029,0.0007723598392,0.000931173272,0.0008787689731,0.01100810897,0.0008686945075,0.001787593937,0.0005923326826,0,0.0002771313011,0.0002522506402,0.0003999408218,0,0.002334149554,0.0001060159848,2.757611401e-05,0.000243417875,0.0009707643767,0.002690844471,0.004735095426,0.0004482424411,0.0001141347821,8.010055899e-05,0.003861954203,0,0.003474056255,0.0004498870694,0.0001308882784,0.003036831273,0.0001477791811,0.0001687206968,3.297251533e-05,0.0001497053745,0.0001035911555,0.0001985668641,0,0.008194489405,0.001274412381,0.00638533337,2.797606612e-05,0.0002106120664,0.4217425585,0.0254969243,0.02016668767,0.009801743552,0.01412342116,0.0009193713777,0.006001795176,0.001207511639,0.0002815627086,0.02320991643,0.003667218378,0.01772303693,0.02374221757,0.01186267938,0.005567117594,0.02190177888,0.008210609667,0.0001342034229,0.00347273564,0.0001316276612,0.003654604079,0.02171166986,0.00743928086,0.01063964702,0.1098143086,0.01305814367,0.003772572847,0.0001468778355,0.0001496562327,0.001695769955,0.07235975564,0.9815248847,0.3075067103,0.0005793520832,0.0135627538,0,0.0001252384245,0.6700299382,0.03305530176,0.01919182576,0.001983285649,0.1774288267,0.03771908581,0.002120549558,0.05076527968,0.002017910127,0.01308447123,0.003764736699,3.810191265e-05,5.067137317e-05
130,0.00617417274,0.001821525628,0.008751998655,0.009508503601,0.1983859837,0.3868794143,0.003085691947,0.2465653867,0.001102215145,0.004766983911,0.00179069303,0.01009644847,0.0003153378202,0.01555837877,0.00379042956,0.006048418116,0.1550949514,0.2455253452,0.3015433848,0.3319278359,0.3344167471,0.2685012519,0.1133194193,0.09547638893,0.09960285574,0.1942066252,0.06787829846,0.08190463483,0.1078887582,0.1737813205,0.1309042275,0.08733543009,0.05062675104,0.03467440605,0.03923558444,0.0698120892,0.04862203822,0.004761904944,0.006537411362,0.007142857648,0.002380952472,0.008203923702,0,0.001973736333,0.0002695065632,0.0001097093627,0.0006383653381,0.0009725525742,0.0006785743753,0,0.000247697084,0.0001146692375,0,0,0,0,0.0006066579954,0.0003463123576,5.218704246e-05,0,0,0,0.0007390169194,0.0004107585119,0,0,0.0005957363755,1.495713968e-05,6.244058022e-05,1.599016468e-05,1.619733666e-05,0.0009738687077,0.002387153683,7.272087532e-05,0.0002380288206,0.001539447927,0,0,0,6.559914618e-05,0.0003246529668,0.0001855498849,0,5.893841808e-05,0.0001418228785,0.000161632357,0,0,0.000285594695,0.0004264646559,0.0006736024516,3.744768765e-05,0.0001875006565,0.4268488586,0.06299962103,0.05516157299,0.0278903842,0.02098534256,0.001490746974,0.03349328786,0.01051963028,0.007084104698,0.01823888719,0.001836994197,0.002771807369,0.002078487305,0.001002619043,5.063163189e-05,0.04017535597,0.00315630273,0.001122345682,0.003465268761,6.24734239e-05,0.0001788758527,0.007361806929,0.00234584487,0.005024307873,0.1039954275,0.00229300675,0.00184538227,4.276850632e-06,4.784722023e-06,2.12287232e-05,0.00533642713,0.9877777696,0.3119838536,0.004023408983,0.01144400146,0.0001252384245,0,0.7005150914,0.02863243781,0.01804542355,0.01041808352,0.08315802366,0.01329117548,0.0001261152065,0.004066186491,0.0001571682515,0.005186966155,0.0003213755554,3.455756814e-05,6.944410416e-06
131,0.8889524341,0.759163022,0.8193552494,0.7701289058,0.9681504369,0.9737862945,0.9007357359,0.9114372134,0.711274147,0.6220778227,0.7502191067,0.7744065523,0.7743135095,0.6790800691,0.4264379144,0.7836341262,0.8793663979,0.5906535983,0.6823229194,0.7187821865,0.7552641034,0.5429983139,0.2825538814,0.200044021,0.5295917392,0.5869016051,0.4973641336,0.1927145869,0.3179733753,0.4856058657,0.367028892,0.2667916119,0.1373530179,0.08947603405,0.2072441727,0.2561312318,0.1723676622,0.01904761977,0.02857143059,0.1262966245,0.04047619179,0.05163726211,0.004761904944,0.7230949402,0.6822315454,0.7039333582,0.744117856,0.73322016,0.7492716908,0.7488939166,0.7514374852,0.6862040758,0.4162946343,0.2652631402,0.2707577348,0.2844390571,0.4719287157,0.5970749855,0.5704849958,0.6444453001,0.3540204167,0.648275733,0.7458249331,0.6749441028,0.5079423189,0.6154539585,0.5063862205,0.5302539468,0.7124541998,0.5954551697,0.6447241902,0.4752632976,0.749281168,0.5660604835,0.6986845732,0.5342980623,0.3536134362,0.4371707141,0.5704496503,0.6824313998,0.6153868437,0.7329603434,0.4445517659,0.7073400617,0.6936276555,0.6606675982,0.3452394903,0.3032400012,0.6752740741,0.6567991972,0.593757689,0.7303308845,0.7271528244,0.9255884886,0.8444753289,0.9037581086,0.7622379661,0.7955313921,0.8427848816,0.7282309532,0.6975998878,0.6908272505,0.3582254946,0.4593491256,0.5372790694,0.6385162473,0.658095777,0.5848586559,0.8059412837,0.590892911,0.6348096132,0.6175729632,0.6167784929,0.5735298395,0.609005928,0.6542243361,0.5335050821,0.8723996282,0.5709694624,0.6570340395,0.690649569,0.5265545845,0.6361136436,0.9335282445,0.997159481,0.7524594069,0.6197522879,0.631092906,0.6700299382,0.7005150914,0,0.3814002275,0.4905492961,0.6263612509,0.9082546234,0.6526514888,0.8145959377,0.8436719775,0.6464613676,0.6753092408,0.6476182938,0.6891906857,0.6853650212
132,0.1667085588,0.05949958041,0.1082297489,0.06970516592,0.5716772079,0.6413383484,0.2614806592,0.372466445,0.02615048736,0.03301094845,0.055947382,0.09456049651,0.04823826626,0.04601126909,0.03867264837,0.07138361782,0.154070437,0.0840087086,0.1621044874,0.1869259179,0.1634354442,0.1033882871,0.04307418317,0.03809523955,0.0485654287,0.1083548516,0.05054425076,0.01190476213,0.03873374686,0.06625654548,0.03954165801,0.0565427728,0.0142857153,0.01107657794,0.004988597706,0.02857143059,0.02380952425,0.004761904944,0.002380952472,0.002380952472,0.002380952472,0.002380952239,0,0.02900173701,0.01620901376,0.01942967065,0.02309767902,0.0246495083,0.04273063317,0.02712963335,0.03910748661,0.0269672405,0.004403068218,0.008178186603,0.000299904088,0.008160761558,0.01106998697,0.01860957034,0.01744899899,0.02505191788,0.002969295252,0.02060621604,0.04084314778,0.02642395906,0.01123782061,0.01793523133,0.005581593141,0.01597089693,0.03250141069,0.01863603294,0.0172855705,0.06187655777,0.0538244769,0.01504689269,0.03305634856,0.06210761517,0.01816209406,0.01330421027,0.01436597481,0.03214660659,0.02336811647,0.04055602849,0.00410215091,0.02383522131,0.03570455313,0.02006446756,0.007547532208,0.00287237484,0.09206044674,0.03039772063,0.01929872297,0.0311671216,0.03868611529,0.4810264409,0.1631709188,0.2670349479,0.0875235647,0.1074970663,0.128814593,0.04401029274,0.05128470436,0.04590509087,0.02371486276,0.01174002234,0.01199213415,0.01576080918,0.0220049005,0.01775355823,0.05342741683,0.01489237323,0.02671952173,0.01666329801,0.02536646463,0.0189164672,0.01692356728,0.01950202696,0.01020532474,0.4021200836,0.01622345112,0.02080268972,0.04812975228,0.02041507512,0.01826372743,0.3470189273,0.9934597015,0.1631795019,0.01694897562,0.01878222078,0.03305530176,0.02863243781,0.3814002275,0,0.004607447889,0.01213746332,0.309689343,0.02950081043,0.1824359447,0.2039323449,0.03397923708,0.02145930752,0.01658065431,0.04192094877,0.03015920147
133,0.09234950691,0.03048653714,0.04836678877,0.03662143275,0.5220127702,0.5861232281,0.207196936,0.3196947277,0.01580839418,0.02243434265,0.02899287641,0.05888702348,0.03600962088,0.04393095523,0.02857143059,0.05325626209,0.1181392446,0.0666930154,0.1291079521,0.1621960849,0.1457241327,0.0960373804,0.04666248709,0.01108769234,0.04448040575,0.0901009813,0.02642555162,0.01666666754,0.03017720766,0.06727810949,0.0364907831,0.03333333507,0.009523809887,0.009523809887,0.01666666754,0.01904761977,0.01371178776,0,0.002380952239,0.004761904944,0.002380952472,0,0,0.009912915528,0.004761904944,0.01560198423,0.01684052125,0.01489793416,0.02047979273,0.009710539132,0.02934538014,0.01054078899,0.003783900756,0,0,0,0.002884890186,0.007186274976,0.003407829907,0.01170588564,0.003174378769,0.004717818461,0.02587669156,0.01570943557,0.003395200474,0.001734148129,0.009755865671,0.00292913476,0.01508048363,0.00649428973,0.008129238151,0.01881753467,0.0176158417,0.006504098885,0.01239585318,0.03494064882,0.004723594524,0.002489563543,0.001933655818,0.01535171177,0.007535741199,0.02683639154,0.004761904944,0.006992519367,0.01748529635,0.009351490065,0.008193638176,0.007142857648,0.06480009109,0.007302038372,0.0008981932187,0.02732435055,0.03576170281,0.4777107835,0.1970486641,0.3012171686,0.1033376306,0.1450031549,0.1738264859,0.001008632942,0.04034874961,0.04746060818,0.008053552359,0.003829895286,0.003024256323,0.002471309621,0.00294539961,0.006537553389,0.005386353936,0.002717631869,0.01114747208,0.002382026985,0.01512206066,0.004582624882,0.003046680009,0.003728519194,0.0009379260009,0.269551754,0.005281846505,0.005244520027,0.01798355952,0.009257959202,0.005688764155,0.3271087706,0.9782145023,0.1201027855,0.002644059947,0.003777088597,0.01919182576,0.01804542355,0.4905492961,0.004607447889,0,0.0004282204609,0.2641498744,0.01236081868,0.1377354264,0.1161132008,0.01942670532,0.003022509161,0.00342968991,0.03390400112,0.02262942307
134,0.01673911326,0.01272428688,0.01385671366,0.01570912078,0.2317423075,0.509429574,0.2851880193,0.2431686968,0.01369588356,0.03154342249,0.01559837721,0.08419641107,0.01061316393,0.0518261157,0.07832124084,0.0587807782,0.2107621431,0.4881389141,0.4819521904,0.5288100243,0.5317857265,0.5034186244,0.420989871,0.2885028422,0.2702783644,0.4110417962,0.2801802456,0.2453219444,0.3603748381,0.4474752545,0.4054718316,0.3284579813,0.2036412954,0.1241728589,0.2128254622,0.2529443502,0.1470667273,0.02735640481,0.04187408835,0.07600070536,0.03907099739,0.04360670596,0,0.01308901887,0.01712861285,0.002243063878,0.009265777655,0.004898534156,0.008232036605,0.004460855853,0.003138102824,0.006396206096,0.001474656281,0.0002275801962,0.0008083276916,0.001348468009,0.009197333828,0.004345113877,0.003304332029,0.007337197661,0.004213337786,0.007888708264,0.007862892933,0.006822247524,0.0001490786235,0.005362498574,0.0008014733903,0.00417946605,0.003784688422,0.00310464506,0.002506540623,0.05948709697,0.02041544579,0.006586819887,0.006998708472,0.033386603,0.001977095613,0.007863108069,0.0002472268825,0.006074449047,0.001969737234,0.005538515281,0.004552981351,0.006780319382,0.006967047695,0.003157069441,0.0100148106,0.004544219933,0.06802071631,0.008456803858,0.004194018897,0.007392740343,0.006658094004,0.3551652133,0.07073608786,0.1193201542,0.05383899063,0.1003897041,0.07274381071,0.0004760270822,0.005143687129,0.01371661667,0.02528689429,0.004872465506,0.003793865908,0.001375503838,0.0004969073925,0.005037159193,0.004603040405,0.001061381074,0.0002693929709,0.0001052991865,0.002036591759,0.0005564101739,0.003188951872,0.0008761375793,0.0009725174168,0.1423888505,0.00582696218,0.002937365323,0.01548867021,0.002648237627,0.003073683707,0.2808187902,0.9486925006,0.1418959796,8.938246174e-05,0.003130948404,0.001983285649,0.01041808352,0.6263612509,0.01213746332,0.0004282204609,0,0.2465475649,0.02128768712,0.1521541625,0.08004507422,0.01191139687,0.0008711236296,0.0009776221123,0.009697506204,0.009246780537
135,0.061852213,0.001206544228,0.002972069429,0.007135949563,0.5569560528,0.4414243698,0.003667464945,0.2078164816,0.1032073721,0.004194309469,0.05777222663,0.07869300991,0.1533980817,0.05800981447,0.005266849417,0.1374425888,0.04964096099,0.05337489769,0.07594618201,0.08100989461,0.08877848089,0.04613626003,0.02290581353,0.0103746783,0.0202985853,0.04790565744,0.03757755086,0.0106409369,0.03305523843,0.04578785226,0.03020088747,0.03290091455,0.01300691627,0.005996535067,0.01488378551,0.01606326178,0.01061415114,0,0,0.002380952472,0,0,0,0.05450489745,0.06231158972,0.09840261936,0.1072691977,0.09661725163,0.1564631015,0.104436703,0.1749753505,0.1431617737,0.03275450319,0.004761904944,0.01513424981,0.004761904944,0.01461688988,0.1142815948,0.05714179575,0.05977299809,0.02261374891,0.09671217948,0.2109327614,0.2176325172,0.01190871,0.02513419278,0.06354717165,0.05769946426,0.09845859557,0.07783233374,0.02059828304,0.001059868024,0.1115809456,0.109155111,0.1051212549,0.001013634494,0.0005881690886,0.000749766943,0.006133716553,0.1588315815,0.001094624517,0.2164868712,0.04364360496,0.1174026281,0.1054686755,0.1005212367,0.007247190457,0.001055516186,0.0008880386595,0.001217222307,0.006152607966,0.1444612443,0.1923845261,0.5983496904,0.2643049359,0.3554395437,0.1956448704,0.2093399167,0.2837489545,0.2483591139,0.2269876301,0.2562841177,0.1018319577,0.01902270876,0.03173989803,0.1389769763,0.01645034179,0.009860585444,0.3953328729,0.1048191413,0.2220056355,0.05490690097,0.1551091373,0.1014999598,0.05477304384,0.0149235893,0.1655360311,0.05488914624,0.0003636857437,0.00137654494,0.001907955855,0.01336015016,0.006859778892,0.007919954136,0.9123564363,0.6047602892,0.1714858413,0.01188574359,0.1774288267,0.08315802366,0.9082546234,0.309689343,0.2641498744,0.2465475649,0,0.0006834603846,0.00123740104,0.00108793145,0.0007980497903,0.04766512662,0.004614608828,0.1160567626,0.07725391537
136,0.003099302528,5.683660856e-05,0.000425490638,0.001052036532,0.3637853861,0.3874625862,0.001996382372,0.07581780851,0.003984794952,0.0001230208291,0.001894886489,0.008871307597,0.05009032413,0.03874421492,0.005466211587,0.01910118014,0.03548930213,0.07650104165,0.09817204624,0.1135515049,0.06457481533,0.05839545652,0.04449703172,0.01910836436,0.02013669908,0.04845641926,0.03262613341,0.03093774058,0.04818854854,0.05241345987,0.05047420785,0.04873674363,0.01905561239,0.01821834967,0.02170648612,0.02270517126,0.02025241964,0.00178326224,0.002380952472,0.002932594158,0.008412482217,0.005272180308,0,0.01156578586,0.00968277175,0.01064447965,0.02763291635,0.02803599462,0.03589890152,0.02331695333,0.07704708725,0.03178111464,0.004639016464,0.001446532435,0,0,0.002083227504,0.01633163169,0.003015196184,0.01224118378,0,0.02096377872,0.07060451061,0.0399209857,0.0004709768109,0.0003684096446,0.005169274285,0.005577633157,0.004053398035,0.004399585538,0.0003571197158,4.815176362e-05,0.01071967371,0.01070243865,0.01597177796,1.752540447e-05,1.435299419e-05,0,1.817652628e-05,0.0256997887,3.267142165e-05,0.05972123891,0.003978708293,0.01024706848,0.01175015885,0.01513618883,0.0001546954882,1.349984177e-05,4.458914191e-05,1.308853734e-05,6.76172931e-05,0.02572187595,0.03630804643,0.4969408214,0.1951318234,0.289827764,0.1328840852,0.1559051424,0.1835828722,0.0603851974,0.1013567522,0.1068395376,0.00884726271,0.00125194143,0.001239842619,0.004374609329,0.001454152167,0.001680732123,0.04592733085,0.003046277445,0.03396173939,0.0005743250949,0.01472698431,0.005776410457,0.0002688222448,0.0004197811359,0.004939041566,0.03557519242,4.220653136e-05,2.446486542e-05,7.31196269e-05,0.003245641943,0.0001534367329,0.005284560379,0.9593635798,0.2161030322,0.006858382374,4.375589924e-05,0.03771908581,0.01329117548,0.6526514888,0.02950081043,0.01236081868,0.02128768712,0.0006834603846,0,0.0003999343025,8.448661538e-05,4.412174894e-05,0.0004412563576,5.646588033e-05,0.02009954117,0.01077029109
137,0.01043060515,1.368309586e-05,0.000328187336,0.001433546655,0.3855988085,0.16303505,1.044717101e-05,0.07443917543,0.001204003813,3.760588925e-06,0.0001612928754,0.00075847056,0.005156517029,0.001772214426,5.422557933e-06,0.004729061387,0.0152844172,0.01444117166,0.02585800178,0.03201030567,0.01670050621,0.01036501862,0.004390772898,0,0.001516715856,0.004761904944,0.006877218839,0.001696763211,0.00552583579,0.008451329544,0.01266269479,0.004761904944,0.002380952472,0.002380952472,0,0.002380952472,0,0,0,0,0.002380952472,0,0,0.002380952472,0,0.007914126851,0.005889138207,0.004761904944,0.007515755948,0.01162981894,0.01282264665,0.01506612357,0,0,0,0,0.003635183442,0.01296432968,0.0007468487602,0.003459673608,0,0.01045646518,0.03410281613,0.03173528239,0,0.002380952472,0.002704026876,0.003380720969,0.001828101231,0.009224819019,0.001029575593,0,0.004761904944,0.003064448014,0.0061743767,1.816039344e-06,0,0,0,0.005500681698,0,0.02499088272,0.002270427532,0.003771994729,0.0003470865195,0.003010583809,3.295289935e-05,0,4.392375104e-07,4.654320946e-06,0,0.00164496433,0.007301406935,0.4455237389,0.2056462616,0.2094809115,0.113609165,0.110707216,0.01548878103,0.1282825321,0.1319587231,0.07368344814,0.07000846416,0.0134005826,0.02357848547,0.03832146898,0.01532231364,0.0001414074795,0.2926431,0.02069927938,0.04133767635,0,0.002036055783,0.006762937177,0.06679821759,0.009451303631,0.1150046885,0.04989863187,0.003797853366,5.499493636e-05,7.988797392e-07,0,0.0005274030846,0.0008181557641,0.9603847265,0.4353049994,0.05029009283,0.001564024366,0.002120549558,0.0001261152065,0.8145959377,0.1824359447,0.1377354264,0.1521541625,0.00123740104,0.0003999343025,0,1.987980249e-05,2.41291832e-06,0.01751690917,0.004371993709,0.0001971827442,8.194686961e-05
138,0.005606980063,5.752761717e-05,0.0003210294526,0.0009545707144,0.3762252927,0.2087996751,0.0002858013613,0.05734197795,0.003268551314,5.104740558e-05,0.0006889381912,0.001977932639,0.0398545824,0.02036563493,0.0003243201645,0.01236104593,0.01960803755,0.02773542702,0.04682762548,0.05032827333,0.02658043057,0.01647270843,0.01391957514,0.01122989692,0.006665989757,0.02165721171,0.01562821865,0.0146350842,0.02034245804,0.03260280564,0.02793553285,0.02525564283,0.01603570394,0.005519505125,0.007057411131,0.01493752841,0.009194026701,0.002380952472,0,0.002380952472,0,0.004761904944,0,0.007180937566,0.0132057732,0.02104378119,0.02471459843,0.02589359879,0.03160354495,0.02207597904,0.06328684092,0.04211304337,0.003183268942,0.0001881765929,0.002380952472,0.001260995865,0.003816681216,0.02808370069,0.01245318167,0.009467254393,0.0005603045574,0.02872083336,0.1084467396,0.09236393869,0.0003043999604,0.002760208212,0.00704319356,0.008549627848,0.004026157781,0.009198149666,0.0006575800362,6.097231562e-06,0.006032761186,0.01851523295,0.02315002866,2.949462669e-06,0,2.665867214e-06,0.0001626986777,0.02574635483,1.43861007e-05,0.08292718232,0.005992243066,0.0201860182,0.01982179284,0.02023416571,1.822833292e-05,0,4.968361281e-06,9.757667613e-06,3.651870429e-05,0.01635132544,0.03110197,0.4614694715,0.1872351766,0.2599327564,0.1212159321,0.1486834884,0.1270131618,0.1195320562,0.1366803944,0.1315204352,0.06887315959,0.01442466769,0.03540147841,0.04104651511,0.01361457538,0.006867412012,0.1882434934,0.03460304812,0.07333044708,0.02152529918,0.03202876821,0.03038527444,0.01414051931,0.002819407964,0.1000240818,0.04199938849,0.001077118563,6.055719041e-06,4.724600512e-05,0.0007222254062,0.001035530237,0.003126566531,0.9400294423,0.4185772538,0.03381212056,0.0001607305603,0.05076527968,0.004066186491,0.8436719775,0.2039323449,0.1161132008,0.08004507422,0.00108793145,8.448661538e-05,1.987980249e-05,0,1.211172821e-05,0.001676092274,0.0002106258762,0.007916917093,0.004675515927
139,0.0003486256173,0.0001222163701,0.0001194855722,0.000869612617,0.1828620434,0.2007122338,0.001002093428,0.04145561904,0.0003973762796,9.308677545e-05,5.578543642e-05,0.001123514143,0.005544604268,0.006992178038,0,0.004397131968,0.01966697723,0.05066140741,0.05156088993,0.05606406182,0.04146905616,0.03048031032,0.04385911673,0.02002308704,0.01084700041,0.03017165512,0.02261366509,0.03409215808,0.04540210962,0.03966034576,0.03544944897,0.03758093715,0.0354530476,0.02174182422,0.01576870307,0.02423937991,0.01636377908,0.002380952472,0.00783692766,0.006715197582,0.002380952472,0.01024243794,0,0.00152722362,0.0009907389758,0.0007111756713,0.002792661544,0,0.001418609056,0.002059214283,0.01061588619,0.001255347976,0,0,0,0.0003060780291,0.001114165061,0.003088423051,0.0006774198264,4.710001303e-05,0.0002173720568,0.0001848358079,0.01003081724,0.003460974433,0,0.0003391903592,0,0,3.264378756e-05,0.0003789241891,3.441235094e-05,9.382216376e-05,0,0.0007999097579,0.001335715759,0,2.027097707e-06,0,0,0.001603628858,3.782540716e-06,0.003522852436,0,0.0003681288799,0.001404590323,0.001219939324,0,0,6.3755474e-06,1.102200372e-06,6.941945685e-07,0.002242519753,0.001628656872,0.437158972,0.1292050034,0.1254666597,0.0679236576,0.07978155464,0.007559974212,0.03915510699,0.05453297496,0.04543803632,0.009766971692,0.0006619513151,0.00118593208,0.004728083033,0.00650909869,0.002382096834,0.03275411576,0.004172036424,0.01017260831,0.002618423663,0.0007590273744,0.002392846625,0.0001547218999,0.0002994667739,0.00643366389,0.007324937731,2.731732275e-05,1.57478425e-07,3.804309188e-07,6.100040082e-06,3.703986295e-05,0.004421872552,0.9712814093,0.2165916562,0.005217369646,3.344920697e-05,0.002017910127,0.0001571682515,0.6464613676,0.03397923708,0.01942670532,0.01191139687,0.0007980497903,4.412174894e-05,2.41291832e-06,1.211172821e-05,0,8.960410923e-05,8.777786888e-07,0.0001590042666,6.930041127e-05
140,0.00213941629,0.000267932337,0.001261755358,0.00102779048,0.2379379421,0.4246258736,0.09389137477,0.1031410173,0.0005994830863,0.0004394901334,0.0004483978555,0.00330618443,0.004727472551,0.01813723892,0.009523809887,0.009612133726,0.04286449775,0.1144100577,0.1103157327,0.1279521137,0.1138633713,0.1056689098,0.0659917295,0.05813241005,0.03582365811,0.07952709496,0.03158309683,0.02821663953,0.06342574954,0.05666848272,0.04084750265,0.04453572631,0.03342206404,0.01788594574,0.01772145554,0.03311880678,0.02085236274,0.002380952472,0.007142857648,0.01845198497,0.0008407421992,0.006371243391,0.002380952472,0.0008747025277,0,0.0002164436446,0,0,0.003293415532,0.001839479199,0,0.003722183639,0.001695392071,5.599073484e-05,0,0,0.0007970298175,0.002983815502,0.0002658923331,0.0009984264616,0,0.0006546986988,0.007315390743,0.001506443485,0.0001275032409,0.0001752881653,0,0,0.000102450038,0.001361040864,6.391184343e-06,0.009527885355,0.001674462226,0,0.0002956517565,0.0004294785904,0,0,0,0.001593071618,0,0.003331892891,0,0,0,0.001920464332,0.0001397064334,0,0.00172301766,3.202558946e-05,6.303806913e-06,0.001399972127,0.005250651855,0.3435019851,0.1052044332,0.1245583594,0.07219291478,0.1053014547,0.0995073244,0.00305591966,0.0170111116,0.03159518912,0.02255234122,0.001230028342,0.000741665659,0.0001264439488,9.389107436e-05,0.001792572904,0.006549836136,0.0004475109454,0.001639535185,7.150425517e-05,0.004250285216,0.0005398467183,2.090832822e-05,2.068261892e-05,0.002121606143,0.05581657961,0.000106216401,2.100125585e-06,0.0003064088523,0,0.0001078799396,0.1432034969,0.9361685514,0.1666172594,0.000106297528,1.079549565e-05,0.01308447123,0.005186966155,0.6753092408,0.02145930752,0.003022509161,0.0008711236296,0.04766512662,0.0004412563576,0.01751690917,0.001676092274,8.960410923e-05,0,3.135254019e-06,0.01408826653,0.006069114897
141,0.0003371071361,0.0002131664223,0.0002309695992,0.0009587002569,0.1344788074,0.1825261265,0.01091971435,0.0546884425,0.0004517548077,0.0001378171728,0.0001658090478,0.002816282213,0.004745878745,0,0.003327164566,0.0078997612,0.02046293579,0.07023172081,0.08428872377,0.07873934507,0.05828566104,0.04763482511,0.02739472501,0.01631181687,0.02160457335,0.03504857421,0.02482810058,0.02364876494,0.03902519867,0.04218316823,0.03505942598,0.03292642161,0.01479277667,0.01158459578,0.01347702835,0.02674143575,0.0164785143,0.001387731521,0.004761904944,0.008115961216,0,0,0,0.004761904944,0,0,0,0,0,0,0,0.002739057411,0,0,0.002380952472,0,0.0002168814972,0.002794082509,0.0007079151692,0,0,0,0.000307808572,0.000897736405,6.429239875e-05,0.0002036952646,0.0002887125884,0.0007924040547,0,0.0004483978264,0,0.004761904944,0.0003902736353,0,0,0,0,0,0,0.0005756635219,0,0.0003967383818,0,0,0,0,0.000228725723,0,0,1.272203826e-05,0,0.001217954792,0.0003438421118,0.3261740208,0.06280870736,0.06217173114,0.0263527967,0.04035722464,0.02434836514,0.005210574716,0.01059463061,0.01351705566,0.01245389041,0.0006480730954,0.0003302739933,0.000255761639,0.0006110036629,0.00328159309,0.008876878768,0.001703669666,0.000683036109,0.0001209845723,0.0004476010508,0.0003272618633,1.192766194e-05,9.150450751e-06,0.002170228865,0.01100491732,3.671151262e-06,1.345773342e-07,2.029640018e-05,8.652769611e-05,4.848320714e-06,0.03521965072,0.9278515577,0.1824498177,0.0003321534314,2.439324089e-05,0.003764736699,0.0003213755554,0.6476182938,0.01658065431,0.00342968991,0.0009776221123,0.004614608828,5.646588033e-05,0.004371993709,0.0002106258762,8.777786888e-07,3.135254019e-06,0,0.003378532128,0.0002039569954
142,0.009721729904,0.003921248484,0.01182877086,0.03009537421,0.2716289759,0.5213841796,0.00855071377,0.239673838,0.002135455376,0.007216890808,0.003012875561,0.02090747841,0.0005561470171,0.01094415318,0.009102616459,0.01416327525,0.1885510981,0.2560406029,0.3287195861,0.4045540392,0.3621406555,0.3336063921,0.1757833511,0.09656058252,0.1123538166,0.2737477124,0.1260611117,0.06732581556,0.1169252768,0.227312699,0.1662878692,0.1023175418,0.07102877647,0.03571428731,0.06981260329,0.05686537549,0.05777246132,0.01190476213,0.009523809887,0.0154043287,0.005476413295,0.004761904944,0,0.0003127275559,0.0003741759283,0,5.358288399e-05,9.935389244e-05,8.813963359e-05,0.0001529883011,1.893954504e-05,0.0009037064738,0,0,0,0,0.002640021499,0.003525417997,0.00392284058,0,0,0.003938540351,0.0003617987386,0.001398899127,0,0.001575671369,0,0.0001433985744,0.0005909004831,0.0007316698902,7.315557741e-05,0.0004156505165,0.003091978608,0.0003245809057,0.0006518457085,0.001456927974,0,0.0007352989633,0,0.0001876813767,0,0.0003211298317,0.0004216005909,0.0004661635321,0,0.0002239456808,0,0,0.00108871155,0.0002417661453,0.001024388708,0.000194470078,0.0003130199329,0.3610734046,0.009047286585,0.003799965605,0.002207691083,0.002134674694,0.0002115191164,0.009042433463,0.0006882320158,0.0001146338327,0.02478325181,0.004275973886,0.01459258609,0.02736946754,0.02622140199,0.005129849073,0.03379869089,0.01525819115,0.0005517658428,0.006815541536,0.001069532009,0.0100587029,0.01750005782,0.006990768481,0.01601170562,0.110949181,0.009250626899,0.002789198887,2.416795178e-05,0,0.0003354519722,0.01108670048,0.9911726713,0.3345951736,0.004653280601,0.003622486023,3.810191265e-05,3.455756814e-05,0.6891906857,0.04192094877,0.03390400112,0.009697506204,0.1160567626,0.02009954117,0.0001971827442,0.007916917093,0.0001590042666,0.01408826653,0.003378532128,0,1.732165219e-05
143,0.007659285795,0.002239543945,0.009162290022,0.01634054631,0.2190969139,0.4367741048,0.005244127009,0.2477777153,0.0004420290934,0.003171328921,0.0006287547876,0.003442773595,0.0004334196565,0.005310322624,0.005203101784,0.002785392338,0.1783231348,0.2653912902,0.3030621707,0.3801290095,0.3459281325,0.2363685519,0.1656668931,0.09928340465,0.1413256377,0.219483301,0.06649817526,0.05553802103,0.08308774233,0.1233155429,0.1045992374,0.07498034835,0.04215494171,0.02852506563,0.04959508404,0.08421951532,0.0351996012,0.002380952472,0.004761904944,0.01664272882,0.007609813474,0.01250743959,0,0.001243660925,2.140336801e-05,0.000321102998,0.0002866103896,6.198621122e-05,0.0001905367244,3.59268015e-05,0.0001434221631,9.865136963e-05,0,0,0,0,0.0004161196994,4.257133696e-05,0.0002311773569,0,0,8.841975796e-05,0.0001234845113,8.811023145e-05,0,0.0007979791844,0.0005137745175,0.000161977965,4.378553786e-05,3.668533463e-05,2.532869257e-05,0.001033891574,0.0007410394028,0.0001210514893,5.061281627e-05,0.0006156793097,0.0002847386058,0,0,5.942778807e-05,0.0001322823955,0.0001087277706,0,0.0004548671131,6.0096776e-05,0.0001442820358,0,8.976212121e-05,0.000266263407,1.578572483e-05,0.0001225712913,0.0001596272923,3.188485425e-05,0.4119713008,0.052481547,0.03329899162,0.0203564968,0.02431474067,0.001344203483,0.02091095224,0.007761099376,0.001417630236,0.01959865727,0.001519341487,0.009314698167,0.009441984817,0.01518089604,0.0003110767866,0.03598512337,0.007019467186,0.0007595385541,0.004134879448,4.086300032e-05,0.001245288062,0.009237627499,0.003307820531,0.007728980388,0.09096167982,0.002484561643,0.0003944634227,4.050873031e-06,1.981912646e-06,6.534982094e-05,0.00595014682,0.9867271185,0.3199972808,0.003463268979,0.003208684968,5.067137317e-05,6.944410416e-06,0.6853650212,0.03015920147,0.02262942307,0.009246780537,0.07725391537,0.01077029109,8.194686961e-05,0.004675515927,6.930041127e-05,0.006069114897,0.0002039569954,1.732165219e-05,0
