ROI_ID,1,2,3,4,5,6,7,8,9,10,11,12,13,14,15,16,17,18,19,20,21,22,23,24,25,26,27,28,29,30,31,32,33,34,35,36,37,38,39,40,41,42,43,44,45,46,47,48,49,50,51,52,53,54,55,56,57,58,59,60,61,62,63,64,65,66,67,68,69,70,71,72,73,74,75,76,77,78,79,80,81,82,83,84,85,86,87,88,89,90,91,92,93,94,95,96,97,98,99,100,101,102,103,104,105,106,107,108,109,110,111,112,113,114,115,116,117,118,119,120,121,122,123,124,125,126,127,128,129,130,131,132,133,134,135,136,137,138,139,140,141,142,143
1,0,5.234056175e-07,0,2.745030088e-06,2.238944717e-06,5.6381582e-06,0,1.025669008e-06,0.0003504708875,0.0004355305864,0.0006412453367,0.0008319210028,0.03237785399,0.05904333666,0.002679987345,0.009584333748,1.264490402e-05,1.452270408e-05,5.576913827e-05,4.445192099e-05,5.574725947e-05,3.803413347e-05,0.0001044606397,1.695019091e-05,0,2.251375736e-05,0.0001679936395,0.000534539402,0.0005199052393,0.0009077349678,0.0006690043956,0.0004895978491,0.000792789564,0.0006357087404,0.0001364193449,0.000621851359,0.0001393197308,0,0,0,9.902739112e-05,0,0,0.2355794609,0.005648999941,0.007089229301,0.001136940671,0.001064280164,0.0001885716774,0.001040108618,0.0002928059839,0.00505052926,0.0006669817376,0.0008276274311,0.0008629791555,0.0003060992458,0.001680988469,0.0009814188816,0.0006241432275,0.001962034265,0.001211206312,8.78853316e-05,0.0004435760784,0.0001346476638,0,0.0001024277008,0.0076602716,0.0005479406682,0.00315230526,0.0002641149913,1.220235845e-05,0.003273983952,0.9214996099,0.0005830529262,0.0006462697638,0.0002056576777,0,0,4.59660514e-05,7.073646702e-05,0,6.024629693e-05,0.002448233077,0.4203200042,0.4636910856,0.03463032842,0.01194669493,1.043131851e-05,2.738832154e-05,0,0,8.411205636e-05,5.535469882e-06,0,0,0,0,0,1.822301601e-05,0,0,0,0,0,0,0,0,6.838510558e-07,0,0,2.135324848e-06,0,8.267767043e-06,1.270820576e-06,0,0,0,0,0,0,0,0,0,0,0,0,0,0,3.802822903e-05,0,0,0,0,0,0,0,0,0,0,0,0,0,3.071128594e-05
2,5.234056175e-07,0,0,0,0,0,0,1.274118745e-06,0.0004947312409,0.0001485428802,0.0002338386403,0.0006806167657,0.02308997139,0.02113123052,3.015941184e-05,0.00692980038,1.034814704e-05,0,3.346497033e-05,2.312654397e-05,0,0.0002144314058,0,0,0,0,0.0001663522562,0,0.0001464432571,0.0001264191815,0,0,9.91517154e-05,0,0,9.385289741e-05,0,0,0,0,0,0,0,0.1010871828,0.01072876714,0.007667534053,0.007142857648,0.004761904944,0.002380952472,0.01186232269,0.002583438996,0.00588621432,0.001475311932,0,0,0.0007836648729,0.004594442435,0.002000415465,0.00104859448,0.004494590685,0,0.0007124227122,0.00190151541,0.002189263003,4.92685358e-05,4.87110774e-05,0.002910391428,0,0.002311251592,4.391755647e-05,3.072094842e-05,0.0002694297291,0.6847642064,0.0004253567022,0.00281251804,3.013013838e-06,0,0,0,0,0,0.0002183882752,0.001597857801,0.2647922039,0.3972598314,0.03821082413,0.00233101449,0,0,0,0,0,0.0005262247287,0.0002548258926,0,0,0,0,0,0,0,0,0,0,0,0,0,0,0,1.129640077e-05,2.852750549e-05,0,4.295744293e-05,0,0,0,0,0,0,0,0,0,0,0,0,0,0,0,0,0,0.0001376051659,0,0,0,0,0,0,0,0,0,0,0,0
3,0,0,0,1.554933647e-06,1.69867817e-05,0,1.354430196e-06,1.931762426e-06,0.0005665008794,0.0001019026968,0.0003856192634,0.0002360248473,0.02992777713,0.02470723353,0.0003548500245,0.01490191557,7.469622506e-05,0.000474466593,0,0.0001457093458,0.0004068360722,0.0002295736631,0.0002354677708,0,0,0.0002302459034,0.001025874284,0.001986061456,0.001411048928,0.0009085502825,0.001288620988,0.001196486992,0.002539619571,0.001204464352,0.0002241557668,0.001430662815,0,0,0,0,0,0.0005480816471,0,0.2124921829,0.02450728603,0.01516536903,0.002100535203,0.00499574095,0.001235801727,0.002361355117,0.0004365851055,0.005375561304,0,0.000391116424,0.0001585840946,0.0001100775698,0.0008224714547,0.0004526127886,0.0002162514138,0.006287141237,0.002486850135,1.36816916e-05,0.0003801031853,0.0001016502865,0.0001767936337,9.885863255e-05,0.009365342557,0.001396391308,0.002992248163,1.132443504e-05,0,0.0007565418491,0.9340760112,0.0005066689337,0.002348467009,9.072154353e-05,0.0003411735815,0,0.000132759611,6.135241711e-05,0,6.126926019e-05,0.01194543764,0.4461191297,0.5202207565,0.04690511525,0.005557183642,0.0004381318286,0,0,4.284737224e-05,0.0004242762516,1.648376929e-05,0,1.773456233e-06,0,0,0,2.131298061e-05,0,4.567123597e-06,0,0,0,0,0,0,8.967022609e-07,0,0,1.38686728e-05,0,3.988143726e-05,0,0,0,0,0,0,0,0,0,3.046349661e-07,0,0,1.132312264e-05,0,0,1.357989368e-05,0,0,0,0,0,0,0,0,0,3.328645164e-07,0,0,0,1.42435847e-05
4,2.745030088e-06,0,1.554933647e-06,0,1.74245597e-05,0,0,1.399713256e-06,0.001952469815,0.002204850316,0.001921814983,0.00152406143,0.02125266939,0.01739561558,0.001376418048,0.007069843356,9.265519111e-06,0,4.397823432e-05,8.550188795e-06,2.547345684e-05,0,0,0,2.056034282e-05,0,7.570568414e-05,0,0.0001352625695,1.986117786e-05,1.044921555e-05,7.254493539e-05,0.0001383701019,0,3.184538582e-05,0,6.240309449e-05,0,0,0,0,0,0,0.1214660853,0.03406871855,0.02807909995,0.02127063088,0.009783752263,0.002741392469,0.01952205226,0.01240813918,0.01028688531,0,0.001660736278,0.0009995382279,0.003045318415,0.00486118719,0.01719923131,0.003264516126,0.01580481417,0.0009882494342,0.00150319119,0.006413696334,0.005894370377,0.0001548585133,0.0004713707895,0.01147820987,0.009638275951,0.00410688296,0,6.790272164e-05,0.002786153462,0.7985957265,0.006123370025,0.01175908837,0.0005075760419,0.0006436342373,0.0002605599875,0.0001750290394,0.001664080308,0,0.00243240525,0.01444028039,0.4066024721,0.4550798535,0.04585269466,0.008235908113,0.0006128222449,0,4.238709516e-05,0.0002384112158,0.0004134729097,0,0,0,6.820174895e-05,0.0002049688337,0,0,0,0,0,0.0001064751486,0,0,0,0,7.401406037e-06,0.0001960380905,0,4.258084664e-05,0,9.879333811e-05,0.0001084586838,0,0,0,3.108998862e-05,0,0,0,0,0,0,0.0002472854976,0,0,0,1.364105083e-05,0,6.056964048e-05,0,0,4.505255856e-05,0,0,0,0,0,0,0,0,0.0004946245463
5,2.238944717e-06,0,1.69867817e-05,1.74245597e-05,0,0,0,1.325573521e-06,0.000907479669,0.003627825994,0.001597864437,0.000605559675,0.03580429778,0.09396333247,0.001176400925,0.02454188839,0,0,0.0008207273204,0,0.002274336061,0,0,0,0.002380952472,0,0.004229729064,0.001492081559,0.0001645140437,0.002946120687,0.003915076144,0.004460600205,0.001571868313,0.002380952239,0.002250099322,0.003628597828,0,0,0,0,0,0,0,0.2560093999,0.00225576479,0.005507366732,0.0004570169258,0.0001732811215,0.0001696293039,0.0006735186907,0.0001384205389,0.004711275455,0.0002245981741,0,0,0,0.006453996524,0.0006252950989,0.00170960906,0.00728486618,3.580897828e-05,0,4.912061922e-05,7.77374371e-05,0,0.0001551034948,0.007214470301,0.0001440114283,0.00697100535,0,0,0.002571306424,0.9513896704,0.0006147067761,0.001496512094,0.005702686496,0,0.002380952472,0.002893412253,5.613468966e-05,0,0.0001916413457,0.007204144262,0.4823754132,0.5097703934,0.03931467235,0.02653601766,0.0006000688882,0.0008312923019,0,0,5.872227121e-05,0.0001490169088,0,0,0,0,0,0,0,0,0,0,0,0,0,0,5.939584753e-06,0,0,6.202532859e-06,0,0.0002125644387,0.0001350134989,0,0,0,0,0,0,0,0,0,0,2.160485906e-07,1.01200867e-05,0,0,0,0,0,0,0,0,0,0,0,0,0,0,0,0,0
6,5.6381582e-06,0,0,0,0,0,0,8.469793102e-06,0.004160032142,0.001302159973,0.0006616060273,0.0001436448802,0.03066751547,0.007879005745,0,0.005314279813,0,0,0,0,0,0.001188611146,0,0,0,0,0,0.003248339752,0.003003710415,0.003054370638,0.003063190496,0.0008151380462,0,0.0004213621723,0,0.001324399607,0,0,0,0,0,0,0,0.09665960819,0.02130190469,0.03340229392,0.01200270932,0.008313712664,0.009196809493,0.001933962456,0.005347650498,0.005875529721,0,0,0.002380952472,0.002380952239,0,0,0,0.0149461953,0,0,0.001360617462,0.0002342717198,0,0.002380952472,0.01125005446,0.006320866756,0.01182003412,0,0,0.00166868628,0.8134309649,0.001368771074,0.0001446943788,0.008619917557,0,0.002380952239,0.007142857648,0,0,0.0001178342718,0.01583491266,0.4128698707,0.4138940573,0.02326732874,0.008570899256,0.007142857648,0,0.001259337296,0.00114497426,0.002607458737,0,0,0,0,0,4.036644896e-05,0,0,0,0,0,0,0,0,0,0.0001643905271,0,0,0,0,0,0,0,0,0,0,0,0,0,0.002380952472,0,0,0,0.0002281942579,0,0,7.55304136e-05,0,0,0,0,0,0,0,0,0,0,0,0,0,0
7,0,0,1.354430196e-06,0,0,0,0,0,0.00601603277,0,0.0004367397923,0,0.04071110487,0.006948799826,4.721416644e-06,0.001874537906,0.0007226283778,0,0,0,0,0,0,0,0,0,0.002380952472,0,0,0,0,0,0,0,0,0,0,0,0,0,0,0,0,0.05710602552,0.01389737707,0.02712273784,0.01214504242,0.0120297065,0.007064007688,0.01006914675,0.004219768103,0.0009171176935,0.002380952472,0.002380952472,0.004761904944,0,0,0,0,0.017420711,0,0,0.005837262608,0,0.004710232373,0,0.01063540392,0.003881902434,0.04648352787,0,0,0.0003388778132,0.7011737823,0.009699504822,0.002380952472,0,0.002380952239,0,0.008528248407,0,0,0,0.005812700838,0.2539156079,0.3490739465,0.02380952425,0.005555519834,0.002380952472,0,0.0002943043364,0.001135243336,0,0.0006295916974,0,0,0,0,0,0,0,0,0.0008868995355,0,0,0,0,0,0,0,0,0,0,0,0,0,0,0,0,0,0,0,0,0,0,0,0,0,0,0.0002430807072,0,0,0,0,0,0,0,0,0,0,0,0,0,0
8,1.025669008e-06,1.274118745e-06,1.931762426e-06,1.399713256e-06,1.325573521e-06,8.469793102e-06,0,0,0.001214262797,0.001898635644,0.002244461561,0.001659900066,0.02679795213,0.01068062615,0.0004730220826,0.003026947612,3.848601864e-06,1.036361209e-05,1.438385152e-05,1.722224988e-05,1.339223945e-05,6.582606147e-06,2.368451351e-05,2.600859443e-05,1.153199446e-05,8.846964192e-06,5.39442517e-05,0.0001506351546,0.0002564975584,9.371901251e-05,0.0001119418666,0.0001948405261,0.0001076750123,0.0002586055489,3.366113378e-05,7.403219934e-05,0,0,0,0,0,0,0,0.1803355217,0.03049551137,0.02598110959,0.004998509772,0.005875518546,0.001667815843,0.01115709078,0.001617635484,0.006111430936,0.00112641498,0.002042282838,0.0007673767395,0.005523515865,0.007756009698,0.007779759355,0.005285760388,0.0163925495,0.005962827243,0.003032288747,0.001448948402,0.001946350443,0.002956293989,0.001591658685,0.01059333328,0.003213183023,0.006388775539,0,0.0001333897089,0.004029330797,0.9098777175,0.006557592191,0.008842683397,0.0005639198935,0.002398592886,0,0.001055391505,0.0002631284005,4.454009104e-05,0.0005427041324,0.02354925871,0.4718554318,0.5363231897,0.05902310461,0.01785626262,0.0009861018043,0,4.838976747e-05,0.0003031342058,0.001427631243,0.0002117799886,0.0001734623365,0,0,0,0,2.457073606e-05,1.285436338e-05,8.114182492e-06,1.067489666e-05,7.669761544e-05,0,0,0,5.769163181e-06,1.129603788e-05,4.065556368e-06,0,1.021974367e-05,0,6.829923223e-05,2.524834235e-05,8.367979717e-06,3.918471521e-06,1.041875385e-05,1.596886614e-05,0,0,9.846874309e-05,0,0,0,1.321652599e-05,0,0,0,4.42648161e-05,0.0003298969532,1.457089456e-05,0,0,2.315043457e-05,0,0,0,0,3.932713298e-06,0,0,5.174690523e-05,5.768824121e-05
9,0.0003504708875,0.0004947312409,0.0005665008794,0.001952469815,0.000907479669,0.004160032142,0.00601603277,0.001214262797,0,2.102406324e-05,0.001336663961,0.0004430637346,0.009999314323,0.06215795875,0.001522598672,0.005418980494,0.00154903566,0.005593323149,0.006113371812,0.005659747403,0.003875489114,0.004197714385,0.004905913956,0.003324592486,0.0009773946367,0.002993620932,0.001083068782,0.006827886216,0.007245434914,0.005777895451,0.003338554408,0.004722085781,0.0078529967,0.004022028763,0.001207456342,0.003100876929,0.002356243785,0.002935540164,0.001333522028,0.0009411491337,0.00119772472,0.0008305297815,0,0.216425404,0.01763081551,0.02974753082,0.004024870694,0.008032917976,0.005704667885,0.004073396325,0.002253445098,0.02623117156,0.002745980397,0.0004829410464,0.0005135393585,0.000355269236,0.0001390248362,0.0002487709862,9.88253887e-05,0.01014848705,0.0006400402635,0.0006310282042,0.001245957334,0.0002942965657,0.0007111613522,7.699774142e-05,0.04212533683,0.003805499757,0.01336666197,0.0002179209114,2.844556548e-05,0.02172387764,0.9838044047,0.006680520717,0.003483138047,0.0005737601896,0.0005712286802,0.0001561598183,0.0008312941063,0.0006005404284,3.353063221e-05,0.001057046698,0.02496800013,0.6193206906,0.8095011115,0.1207530871,0.01370229851,0.0004218823742,0.0008411417948,2.959924132e-05,7.818372251e-05,0.002617633203,0.0007178653032,0.002818036824,0.001314494642,0.001267693238,0.001394960564,0.001184752444,0.0004630854528,0.003071290907,0.001245447202,0.001260392717,0.0004293770762,0.0006272306782,0.0002254155261,0.0001205352164,0.0008526504389,0.0003134223807,0.0008205783088,0.0002997398551,0.0008103793953,0.0005591823719,0.0006045027985,0.0006502897595,0,0.0001770580711,0.0001379612804,0.0005609719665,5.41910922e-05,5.532135765e-05,1.19532433e-05,0.0004366493959,0.000127893305,0.001328408252,0.001736207865,0.0004725519684,0.0006864909083,4.889516276e-05,0.0008690896793,0.0004542550014,0.0003134285216,0.0006255648914,0.001506117755,0.0004774813715,0,1.000643169e-05,8.760893252e-05,2.451404544e-05,7.893863949e-05,3.96796604e-05,0.0001169098032,0.0006816966925,0.0005862500984
10,0.0004355305864,0.0001485428802,0.0001019026968,0.002204850316,0.003627825994,0.001302159973,0,0.001898635644,2.102406324e-05,0,1.469618564e-05,4.225624434e-05,0.01010493841,0.0217656102,5.45754483e-06,0.01261437684,0.002535067732,0.004054858815,0.00519890571,0.004732497968,0.004614745267,0.004183135461,0.01050339453,0.001344199176,0.002901625354,0.003652599175,0.00281704287,0.008839722723,0.009495162405,0.009750229307,0.007300846279,0.009560878389,0.01054337714,0.006847807672,0.004050827119,0.007714705076,0.003344840137,0.004022143316,0.0008054099744,0.00256919302,0.002414237475,0.001857915428,0,0.2380478382,0.03743987158,0.0147477556,0.01924639568,0.02388438769,0.01288599335,0.007954232395,0.007049466949,0.006653302815,0.0003543057828,3.283914339e-05,6.266369746e-05,8.170870569e-05,0.0001531273156,0.0004167879815,7.842342166e-05,0.003443507478,0.0002132581867,0.0001313541434,0.00144851231,0.0003131437988,1.373949453e-05,1.097897348e-05,0.008806820028,0.0009122404736,0.001584582613,9.117358422e-05,2.907196722e-05,0.0002244178177,0.911003828,0.0006469011423,0.001068835729,1.601605732e-06,1.086681004e-05,2.426408855e-06,2.724990918e-05,8.917149535e-05,7.466300303e-06,0.001380768721,0.003811157076,0.3074583113,0.7166617513,0.05402422696,0.000227105018,8.324894225e-06,3.579280019e-06,3.010296268e-06,8.335158782e-06,0.0009992015548,0,0.004321978427,0,0,0.001014057663,0,0.0006340704276,0,0.0007937203045,0.001905004843,0,0,0.0003962373012,0,0.0009169710102,0.0001919921924,0,0,0.00028177473,0,0.002800761722,0.0003102445917,0,2.811785089e-05,0,0,0,0,0,0,2.086622089e-06,0,0.001903040451,0,0,0,0.001320275245,0.0001469364506,0,0,0,0,0,0,0,0,0,0,0,0.0001707644406,0.0005631300155
11,0.0006412453367,0.0002338386403,0.0003856192634,0.001921814983,0.001597864437,0.0006616060273,0.0004367397923,0.002244461561,0.001336663961,1.469618564e-05,0,0.0001385219075,0.06236096472,0.03847802803,6.349632167e-05,0.0145076476,0.008849841543,0.0222165212,0.01492634602,0.01695143618,0.0197158847,0.01527787559,0.01330303308,0.01540548634,0.008040341549,0.01923408732,0.006773746107,0.01806731895,0.01965441369,0.02123630606,0.01897145249,0.02602513507,0.02508286014,0.01754824072,0.01229064632,0.01798021048,0.01111382339,0.00660803169,0.005522215739,0.004236551467,0.005774464924,0.00558598619,0,0.195825547,0.01390317548,0.01749639958,0.00359330466,0.007249708753,0.007389061153,0.003830517875,0.002412259346,0.004961992148,0.0001340764284,7.155992353e-05,0.0002458210511,0.0002672585251,3.075645145e-05,7.40982141e-05,4.456460374e-05,0.006088836119,0.0002566392068,0.0004482117947,0.001294949558,0.0003194088058,0.0004905858077,4.46200138e-05,0.01120078564,0.001009361586,0.002966279862,0.0001541203237,2.810236947e-05,0.0003707813448,0.9614667892,0.002702184021,0.002121774945,7.893618749e-05,0.0002897415252,0.0001017455143,0.0007578858058,0.0009483447066,2.146699444e-05,0.00114667078,0.01112428121,0.4799139798,0.7044448853,0.0618443042,0.0009420214919,8.694561257e-05,5.313325892e-05,2.192697139e-05,6.150398985e-05,0.001817541779,0.001218291698,0.003150028642,0.0009785392322,0.001519305049,0.001405367861,0.002054384211,0.002349161543,0.0006135140429,0.001087642857,0.001133623067,0.000473546359,0.0001509720605,0.0002105135936,0,0.0003181608918,0.0003530598478,0.0007910098648,0,0.0008327307878,6.466334889e-05,0.0007459695335,0.001042302931,3.161646237e-05,6.748572196e-05,0.0005865059793,0.0003217135381,0,5.552850416e-05,1.324682216e-05,0.0002389782021,8.409142174e-05,2.741240496e-05,0.0004753026878,0.0005996685359,0.0006636153557,2.364123793e-05,0.0008920103428,0.0007662452408,0.0008891405887,0.001343787648,0.000290240394,0.0006673318567,0.0004545189731,0,8.281083137e-05,3.187700713e-05,2.372279414e-05,0.0001101419984,1.909901948e-05,0.001377852983,0.0007253562217
12,0.0008319210028,0.0006806167657,0.0002360248473,0.00152406143,0.000605559675,0.0001436448802,0,0.001659900066,0.0004430637346,4.225624434e-05,0.0001385219075,0,0.01156025752,0.01225157175,0.000149043597,0.005387326237,0.002759247087,0.003079757327,0.003423234913,0.002597408136,0.002943971194,0.002369109774,0.002609932795,0.003767348593,0.002059558174,0.003042686498,0.003545982298,0.006376569625,0.007002808154,0.006785474252,0.006194074638,0.006872827187,0.007760941517,0.007123472635,0.003052464919,0.005410159938,0.00557584269,0.000713288784,0.0004962477251,0.002050567186,0.002754414221,0.002417776268,0,0.2264549583,0.0356098488,0.01794420369,0.0129954936,0.02149276994,0.01257005613,0.00507215783,0.005351720843,0.00399240572,0.0001531007583,2.804931682e-05,8.501478442e-05,0.000124070837,0.000130129527,0.0004555555934,0.0002107375476,0.005028695334,0.0001863379439,0.0004500166397,0.00151054142,0.000573274272,0.0001298964053,3.215080869e-05,0.007937584072,0.0008861481911,0.002049522474,9.148940444e-05,1.669788071e-05,0.005411100574,0.9186015725,0.002292313147,0.001310709282,0.0001211695053,0.0003263810358,0.0001089359794,0.000429223699,0.0006426753826,1.51990389e-05,0.001594338915,0.007221081294,0.3517612815,0.6098602414,0.0486144498,0.002087260596,5.459280146e-05,3.045456651e-05,2.196538844e-05,3.755863145e-05,0.002180133713,0.001241891296,0.003851942252,0,0.002013392514,0.0004602088593,0.0009436586988,0.00220040977,0.0002398187935,0.001109618577,0.00144074834,0.0004847390228,0.0006445944309,0,1.781278661e-05,0.0004884500522,0.0001741775486,0.0004995387862,0,0.001398018794,0,0.0006294456543,0.0004576688807,3.715689309e-05,0.0003152739955,0.0004101709637,0.00130124425,0.000601214997,0,0.000181585041,0.0002511414932,2.263273564e-05,0,0.0005840125959,0.0005976702087,0.000517205277,0.0001137032086,0.001456582686,6.549866521e-05,0,0,0,0.0001165992508,0,2.774241148e-05,0.0003236017074,0,1.843543578e-05,0.0004701559665,0.0002077714453,0.002191109583,0.001736963284
13,0.03237785399,0.02308997139,0.02992777713,0.02125266939,0.03580429778,0.03066751547,0.04071110487,0.02679795213,0.009999314323,0.01010493841,0.06236096472,0.01156025752,0,0.2831166983,0.085051395,0.0132923713,0.02216345258,0.02830287069,0.02986853197,0.02944075316,0.03131465986,0.02236391045,0.0140846055,0.0100661125,0.01815765724,0.02011158131,0.04239613935,0.04274059087,0.0353237167,0.04531792551,0.03670660779,0.05141882226,0.04084651917,0.0280670654,0.03308894485,0.03316104412,0.02122708783,0.002380952239,0.002380952472,0.01176526956,0.003742621746,0.01474605687,0,0.4734477699,0.0773615092,0.2147016376,0.06234771386,0.05284686014,0.0905700177,0.0881126225,0.08043085039,0.2540657818,0.1368937343,0.06491607428,0.06269496679,0.05046146736,0.02102269977,0.04178009182,0.02244376577,0.1846644282,0.08603489399,0.05095394328,0.063864775,0.0399755612,0.1030063331,0.01513446495,0.3586773276,0.2000568211,0.1717498153,0.05964234471,0.04675335437,0.1007886082,0.9802808762,0.2028126419,0.09611831605,0.07988718152,0.1759255081,0.08253688365,0.1462028176,0.1368709356,0.1842250377,0.1272081435,0.2560314834,0.8123608828,0.9216470718,0.4218339324,0.1159330606,0.1113688946,0.1832445413,0.06268683076,0.05028698593,0.2084327936,0.1838531047,0.03376694024,0.03279493004,0.03940700367,0.03251263499,0.03739440814,0.0361090377,0.03336511552,0.0377481766,0.04170387983,0.02379755303,0.01802557334,0.01402588189,0.01589566283,0.02988404594,0.03855190426,0.02854705229,0.0243498385,0.02157535218,0.004418993834,0.02373032458,0.03543673083,0.01516099274,0.02677468024,0.0185891632,0.02367313765,0.02092164382,0.01282916311,0.02239341661,0.054511372,0.02625955269,0.02009001002,0.03034501709,0.02335771173,0.01816209592,0.03931259736,0.02777670696,0.04106880352,0.01795421727,0.01438367181,0.008458999917,0.01935315877,0.0199486427,0.01709692366,0.03814519942,0.03403617442,0.04412473366,0.02986395545,0.03779136762,0.03877833858,0.01933271624
14,0.05904333666,0.02113123052,0.02470723353,0.01739561558,0.09396333247,0.007879005745,0.006948799826,0.01068062615,0.06215795875,0.0217656102,0.03847802803,0.01225157175,0.2831166983,0,0.01334971376,0.03514000773,0.04045008123,0.02318527922,0.03662629053,0.05599624664,0.04612514004,0.03592169657,0.02572663128,0.008401555009,0.0219679568,0.02359051071,0.0379294306,0.04800739512,0.04650107399,0.06023769453,0.0579245314,0.05670598522,0.04437363148,0.0395832397,0.03287883475,0.04382462427,0.03436935693,0.009523809887,0,0.002380952472,0.009523809887,0.003592455527,0,0.6046420932,0.1812875867,0.3290946484,0.0960657075,0.1279082,0.2177900374,0.1178702563,0.09250490367,0.2628049552,0.09321758151,0.1477669328,0.1910794973,0.1802327782,0.08565191925,0.06625085324,0.04392695799,0.2415948361,0.09393750876,0.08993206918,0.09005134553,0.0652551055,0.2655066252,0.1114961132,0.3716834784,0.2696538568,0.3480727673,0.03704053164,0.09797155857,0.1412809789,0.9981076717,0.2920785248,0.168889001,0.1434102654,0.2466392219,0.144847706,0.2941176593,0.09978862107,0.1308127493,0.1038514674,0.3518702686,0.8535314202,0.9532096386,0.4490977228,0.2596243322,0.1771869212,0.09681802988,0.1121851578,0.1342496127,0.2928905487,0.167793408,0.06957438588,0.03707417101,0.02774169669,0.04910895973,0.0631872192,0.09942597151,0.03334545717,0.06873521954,0.09485719353,0.03888695687,0.002380952472,0.01833719201,0.004761904944,0.02503716759,0.05390252918,0.04309188575,0.007142857648,0.06495410949,0.007142857648,0.05844871327,0.05866000429,0.009523809887,0.03206509724,0.02794225141,0.0313360244,0.008923338726,0.01666666754,0.02162736841,0.02646670677,0.08230789006,0.01004361548,0.02506890148,0.02956488542,0.03510226309,0.004761904944,0.05861243233,0.03553980216,0.04117574543,0.01948432997,0.006470642984,0.03198038414,0.01076035853,0.005302311853,0.02188524231,0.01675096713,0.04554414004,0.03758513182,0.02298213914,0.05198631436,0.04447167367
15,0.002679987345,3.015941184e-05,0.0003548500245,0.001376418048,0.001176400925,0,4.721416644e-06,0.0004730220826,0.001522598672,5.45754483e-06,6.349632167e-05,0.000149043597,0.085051395,0.01334971376,0,0.0003944672062,0,0,0,0,0,0,0,0,0,0,0.0008716171142,0,0,0.001254001167,0.0009321219986,0,0,0,0,0,0,0,0,0,0,0,0,0.2276406288,0.06693471968,0.1455170214,0.06790884584,0.04668462649,0.02688559145,0.06162898988,0.02843204513,0.05904855952,0.004761904944,0.006316727959,0.02158006653,0.006930256262,0.006825570948,0.004653770011,0.003428093623,0.06544243544,0.007142857648,0.004761904944,0.05112463981,0.01521111466,0.04036803171,0.008767560124,0.05574214458,0.03077375144,0.1148498654,0.00327850203,0.003549274988,0.0001365192438,0.9578648806,0.05195764452,0.05802291632,8.586421609e-05,0.009221473709,0.004218728747,0.02612388134,0.001130312914,0,0.01848160103,0.06007900834,0.6745764613,0.8392390013,0.1374502033,0.001847631531,0.008702578954,8.827852071e-06,0.0005868091248,0.01427332312,0.007321941666,0.00152119447,0,0,0,0.002380952472,0.002380952472,0.0003462289169,0.001213403069,0.003637352958,0.005971509032,0.002380952472,0,0,0,0,0.007142857648,0.004105174914,0,0.005380061921,0,0.001981474226,0.004041576758,0,0,0,0,0,0,0,0.0008527984028,0.00310153747,0,0.0002062534331,0.0008545509772,0.002380952472,0,0.006655475125,0,0.001583426027,0.002380952472,0,0.003234579461,0,0,5.814941687e-06,0,0,0.0006044904585,0,0,0.001935470849
16,0.009584333748,0.00692980038,0.01490191557,0.007069843356,0.02454188839,0.005314279813,0.001874537906,0.003026947612,0.005418980494,0.01261437684,0.0145076476,0.005387326237,0.0132923713,0.03514000773,0.0003944672062,0,0.003567477223,0.01259143185,0.01479226165,0.01263250969,0.009948507883,0.01147597656,0.01166124828,0.008905740455,0.002361385617,0.007405214943,0.00428609224,0.0203538835,0.02139491402,0.01666837931,0.01008490752,0.01711976156,0.02255228534,0.0126988655,0.003689103061,0.008985359222,0.007896998897,0.004731920548,0.00301324483,0.002495846013,0.001377949258,0.001628414611,0,0.2103046924,0.03299859911,0.05328981951,0.01832209527,0.02392803505,0.03302699327,0.02701801993,0.02770642005,0.07846417278,0.07617001235,0.03941626474,0.0478361249,0.03327253833,0.05861425772,0.08923576027,0.06975734979,0.03963394463,0.0772978738,0.06213981286,0.05648829043,0.07858858258,0.01568097249,0.01538168732,0.09099250287,0.07898379117,0.0421891585,0.06412893534,0.00716851186,0.02090791985,0.9830116034,0.06563238055,0.04551259056,0.002588868607,0.006506402045,0.002422661055,0.009485960938,0.05142965913,0.002428998007,0.05130866542,0.0633489266,0.6473850608,0.7944424152,0.1609671712,0.02852033079,0.004348658025,0.002665783511,0.0007530308212,0.003097229172,0.04376684874,0.04441802204,0.02209967375,0.01967827976,0.02024383843,0.02262034453,0.02512560971,0.02922307141,0.03229622915,0.02771478519,0.02955072373,0.04720447958,0.04770790786,0.02339423448,0.0160797406,0.02382443659,0.04118131474,0.02308529243,0.05512806028,0.03918323293,0.03548754752,0.0495906584,0.05463515595,0.009881054051,0.01017974224,0.04900048673,0.03711923212,0.00530354213,0.001022970886,0.003046260914,0.05132446438,0.007945854217,0.003168854397,0.0183427427,0.03441178054,0.04346829653,0.001910766237,0.03608553484,0.04484849796,0.0325076133,0.03547613695,0.02856453322,0.03853156418,0.0230731722,0.005181317218,0.001883230405,0.003528307891,0.00182549993,0.00585072441,0.003986359574,0.04032393545,0.04503344744
17,1.264490402e-05,1.034814704e-05,7.469622506e-05,9.265519111e-06,0,0,0.0007226283778,3.848601864e-06,0.00154903566,0.002535067732,0.008849841543,0.002759247087,0.02216345258,0.04045008123,0,0.003567477223,0,0,0,0,0,0,0,0,0,0,1.076171702e-05,4.273239028e-06,5.673182386e-06,2.57912634e-05,0,4.020229244e-05,0,0,0,0,0,0,0,0,0,0,0,0.0559158586,0.01619868726,0.02873564512,0.04084548354,0.02094951272,0.01121461112,0.03131290525,0.0314919576,0.02148474753,0.002380952472,0.0005722430651,0.007652622648,0.006877924316,0.01878771,0.03144365549,0.01858830452,0.02796399966,0.01038888469,0.01193115395,0.03120165877,0.03091095202,0.0007530709845,0.002347380389,0.003847862594,0.02310017124,0.006261157803,0.0007337816642,0.0004922164953,0,0.4290107489,0.005993665196,0.02461478487,0,0,0,0.001068000565,0.01127398759,0,0.01044132281,0.008260421455,0.17981942,0.219862476,0.02962197177,0.002380952472,0,0,9.4320887e-05,0.0003894524125,0.006434544921,0.001763816923,0,0.000305053487,0,0,0,0.0007375121349,0,0.0001334478147,8.484927093e-05,0.0002183391771,0,0.0003284219711,0,6.027705604e-05,8.280237671e-05,0.001602451899,0.0009311668691,0.0002417589858,0,0.0008092812495,0.0004126692365,0,0,5.199101724e-05,0.0008416803903,0,0,0,0.003220573068,0.0001055818793,0,0.0001222050778,0.0007463277434,0,0,0.002282728907,0,0.0001201218402,0,0,0,0,0,0,0,0,0,0,0.0009453885723,0.002529493766
18,1.452270408e-05,0,0.000474466593,0,0,0,0,1.036361209e-05,0.005593323149,0.004054858815,0.0222165212,0.003079757327,0.02830287069,0.02318527922,0,0.01259143185,0,0,0,0,0,0,1.742985478e-05,0,0,0,5.388768477e-05,1.623548656e-06,1.830815745e-05,0,1.480305491e-05,0,0,0,0,0,0,0,0,0,0,0,0,0.04075145349,0.005183052272,0.01827917807,0.01522978954,0.01300545316,0.01383372303,0.02036494389,0.03450495005,0.006090905983,0.009523809887,0.00290782284,0.00773043884,0.004782596137,0.01607329585,0.03228227422,0.02581907064,0.01549693197,0.01013992913,0.01246795803,0.05539825559,0.03742819652,0,0.003006019862,0.002380952472,0.01200575382,0.004433928989,0.000796318287,0.001436467632,0,0.2744012177,0.007142857648,0.02289129794,0,0,0,0,0.007738238201,0,0.02395214885,0,0.07704373449,0.1282905489,0.01158158109,0,0,0,0.0002071838244,0,0.002380952472,0.009089801461,0,0,0,0,0,0,0,0,0,0.003900878597,0,0,0,0,0.0002068742906,0,0,0.001355628367,0,0.002150363754,0.001200040453,0,6.592331192e-05,0,0.00484800199,0,0,0,0,0,0,0,0,0.003532887669,0,0.000402593374,0.0005301480414,0,0.004761904944,0,0.0001757471036,0,0,0,0,0,0.0005630673841,0,0,0.008341641165
19,5.576913827e-05,3.346497033e-05,0,4.397823432e-05,0.0008207273204,0,0,1.438385152e-05,0.006113371812,0.00519890571,0.01492634602,0.003423234913,0.02986853197,0.03662629053,0,0.01479226165,0,0,0,0,2.474874464e-06,4.584588532e-05,0,0,0,0,5.503184366e-05,0,1.904623787e-05,6.922414741e-06,4.376828201e-06,9.689582839e-06,0,0,0,2.172588211e-05,0,0,0,0,0,0,0,0.04971364513,0.02273723856,0.01696848311,0.03493065014,0.01722126827,0.008709536865,0.02671672776,0.04157982394,0.02312014997,0.002380952472,0.002380952472,0.004841572605,0.004761904944,0.02221961506,0.04459131509,0.02710340731,0.01632697135,0.01045631245,0.01124333683,0.04573502764,0.04942919314,0.00313688023,0.003085549222,0.007142857648,0.01502743643,0.007654343266,0.01134901121,0.001214806107,0.008688598871,0.3404698372,0.02143110149,0.03027439676,0,0.002964638406,0,0.0007537358324,0.00944414828,0,0.01735662483,0.007142857648,0.1410977244,0.1183533669,0.0118469391,0.002380952472,0,0,0,0.0002061740524,0.009523809887,0.007665228564,0,0.001608175342,0.002380952472,0,0,0,0,0.0005176768755,0.0004840583715,0,0,0,0.002380952239,0,0.0001566775609,0,0.001688041259,0.001312035136,0,0.003240372054,0.0005925223231,0,0.0001746810158,0.0009132596897,0.001478272607,0,0,0,0.007142857648,0,0,0,0,0,0,0.001301563694,0.00234176009,0.0007997227949,0,0,0,0,0,0,0,0,0,0,0.002380952472,0.002380952472
20,4.445192099e-05,2.312654397e-05,0.0001457093458,8.550188795e-06,0,0,0,1.722224988e-05,0.005659747403,0.004732497968,0.01695143618,0.002597408136,0.02944075316,0.05599624664,0,0.01263250969,0,0,0,0,0,0,0,0,0,0,7.278151315e-05,1.084896303e-05,7.56997315e-06,2.761564929e-06,0,3.617058837e-06,0,0,0,0,7.272759376e-06,0,0,0,0,0,0,0.05791188031,0.02343949303,0.03930117935,0.03501522541,0.02405184507,0.01779418997,0.03845078871,0.05138684809,0.01616129465,0.01101495791,0.006784181111,0.01612671092,0.01301432122,0.02021544613,0.04955189675,0.03108452819,0.03570517153,0.01201558299,0.02118973434,0.05477927253,0.04306774214,0.003995936364,0.002727162093,0.0146781113,0.02929697745,0.01678897627,0.01157800481,0.001485327375,0.002380952472,0.3959500492,0.02958805487,0.03479954228,0,0.0008994025993,0.001133642392,0.002727164421,0.02463313006,0.0005916000227,0.02468436025,0.01791182347,0.1813806891,0.2113043517,0.01904761977,0.003420097288,0,0,0.000150425316,0.001042018761,0.01335569471,0.007424098905,0,0,0,0,0,0.0007808667142,0.002380952472,0.0002777904738,0,0,0,0,0,0.0001848219108,0.0002046185109,0,0,0.00145428325,0,0.004689627327,0.001500009093,0,0,0,0.002509040758,0,0,0,0.001302374061,0.0006160334451,0,0.0004837164888,0.004761904944,0.001442807028,0,0.00658217445,0.001584452693,0,0,0,0.001822805149,0,0,0,0,0,0,0,0,0.004078635946
21,5.574725947e-05,0,0.0004068360722,2.547345684e-05,0.002274336061,0,0,1.339223945e-05,0.003875489114,0.004614745267,0.0197158847,0.002943971194,0.03131465986,0.04612514004,0,0.009948507883,0,0,2.474874464e-06,0,0,0,0,0,0,0,4.000044646e-05,1.517887813e-05,0,6.899327673e-06,1.882511924e-06,0,0,2.866109207e-05,0,2.198338734e-05,0,0,0,0,0,0,0,0.06323072314,0.03274121508,0.02422612347,0.03375897929,0.01400542632,0.01238128264,0.04432357848,0.05232741684,0.02341805026,0.01122909877,0.003467918606,0.004379109014,0.0106659662,0.01930607483,0.0323243998,0.02747910842,0.02513005771,0.01201910153,0.01763091795,0.0406552963,0.04394835606,0.0008187901112,0.004022870213,0.004761904944,0.02974087931,0.01391796581,0.01148600411,0.0008194950642,0.007142857648,0.396961987,0.008467076346,0.02440549806,0.002798333764,0,0,0.001743939472,0.01224430744,0.0006988449604,0.02142821997,0.003478833241,0.1463531852,0.1840729564,0.02049603127,0,0.0005296224263,0,0.0004498442286,0.0008791909204,0.018060131,0.01077378541,0,0,0,0.0009182682843,0,0.001170388889,0,0.000354335818,0.0003212595766,0.004680435639,0,0,0,0,0.0003657005145,0.002877518302,0,0.002204969991,0.00390610192,0.003784005297,0.0007165665156,0,0.0007665754529,0.0003467128554,0.0008869557059,0,0,0.0009624409722,0.001834727707,0,0,0,0,0,0.0009008430061,0.003910479136,0.00425437931,0,0.0005291373236,0,0,0,0,0,0,0,0,0,0,0.009494078346
22,3.803413347e-05,0.0002144314058,0.0002295736631,0,0,0.001188611146,0,6.582606147e-06,0.004197714385,0.004183135461,0.01527787559,0.002369109774,0.02236391045,0.03592169657,0,0.01147597656,0,0,4.584588532e-05,0,0,0,0,0,0,0,3.578673932e-05,2.624074841e-05,0,2.069518587e-06,0,0,0,0,0,1.006798357e-05,0,0,0,0,0,0,0,0.03790777177,0.01085286308,0.02139991708,0.02186207473,0.009640308097,0.01317510102,0.01926024817,0.04099965468,0.015941469,0.002380952472,0.002380952472,0.009440244175,0.008605493233,0.02059821226,0.03224248812,0.02284021862,0.02168073319,0.009523809887,0.02619496919,0.03512098268,0.03145963699,0.003932390828,0.001695041778,0,0.008676447906,0.009841143154,0.006470710039,0.001274977345,0,0.2870748043,0.006238810252,0.03317198157,0,0,0,0.003327891463,0.0111053586,0,0.02384640463,0.004761904944,0.09460434318,0.1136872768,0.007529037539,0,0,0,0,0.0004924439709,0.002380952472,0.007931097411,0,0,0,0,0.003890689695,0,0,0.0002720473858,0,0,0,0.0008989978814,0,0,0.0004076508048,0.0007888203254,0,0.002544646384,0,0.005793221295,0.004450742621,0,3.645759716e-05,0,0.000418791984,0,0,0,0,0.0005491016782,0.002380952472,0,0.002380952472,0,0,0.006777072325,0.00330235553,0,0,0,0.0009802188724,0,0,0,0,0,0,0,0,0.002380952472
23,0.0001044606397,0,0.0002354677708,0,0,0,0,2.368451351e-05,0.004905913956,0.01050339453,0.01330303308,0.002609932795,0.0140846055,0.02572663128,0,0.01166124828,0,1.742985478e-05,0,0,0,0,0,0,0,0,0.0001136569117,0,1.270241864e-05,0,0,0,0,0,0,0,0,0,0,0,0,0,0,0.02907334641,0.003732405137,0.004761904944,0.02029176988,0.007142857648,0.004761904944,0.01595493406,0.0165470168,0.004761904944,0.005672058091,0,0,0.004761904944,0.019004317,0.03591841832,0.02452919446,0.0209214054,0.002380952472,0.00515680667,0.03959491849,0.02332917973,0.001399700996,0.00418256782,0,0.002380952472,0.009523809887,0.008814976551,0.001082608826,0.002380952239,0.1429232806,0,0.01250264887,0,0,0,0,0.01023805607,0,0.01219887938,0,0.04418297112,0.07811433077,0.003647774225,0.002380952472,0,0,0,0,0.01190476213,0,0,0.002380952472,0,0,0,0,0,0,0.002380952472,0,0.002380952472,0.001186876907,0,0.002380952239,0.0003330810869,0.001125535578,0,0,0,0.003483661218,0.0003352564236,0,0,0,0.002380952472,0,0,0,0,0,0,0,0,0.002380952239,0,0.004761904944,0,0,0,0,0,0,0,0,0,0,0,0,0,0.007142857648
24,1.695019091e-05,0,0,0,0,0,0,2.600859443e-05,0.003324592486,0.001344199176,0.01540548634,0.003767348593,0.0100661125,0.008401555009,0,0.008905740455,0,0,0,0,0,0,0,0,0,0,2.797939487e-06,0,0,0,0,0,0,0,0,0,0,0,0,0,0,0,0,0.02694581263,0.003588080639,0.002380952472,0.01140200999,0.004761904944,0,0.00721950084,0.01429562736,0.009088480845,0.002380952472,0.002380952472,0.002526967321,0.002380952472,0.0121283168,0.01018669829,0.02223091014,0,0.004761904944,0.003499872517,0.01711319946,0.02102995664,0.002380952472,0.001735479455,0,0.006539342925,0,0.003432750236,0.003987376112,0,0.07229224592,0.002380952472,0.01086334512,0,0.0008362289518,0,0.001156890416,0.002380952472,0,0.009341514669,0.003573532449,0.02857143059,0.03226090595,0.002380952472,0.002380952472,0.0003719933447,0,0,0.000200269089,0.004761904944,0,0,0,0,0.002380952239,0,0,0,0,0,0,0,0,0,0,0.001151981414,0,0,0,0,0.005260233767,0.001440844848,0,0,0,0,0,0,0,0,0,0,0.002380952472,0,0,0,0,0,0,0,0,0.002380952472,0,0,0,0,0,0,0,0,0.002380952239
25,0,0,0,2.056034282e-05,0.002380952472,0,0,1.153199446e-05,0.0009773946367,0.002901625354,0.008040341549,0.002059558174,0.01815765724,0.0219679568,0,0.002361385617,0,0,0,0,0,0,0,0,0,0,2.213929474e-05,0,0,1.377029639e-05,1.422841433e-05,0,0,0,0,1.974247789e-05,0,0,0,0,0,0,0,0.03150332719,0.009487071075,0.00534921186,0.01259160787,0.007142857648,0.003206550376,0.01770428568,0.01988147572,0.009547139518,0.002380952472,0.002380952472,0.003166936338,0.002380952472,0.01149160787,0.02729759738,0.01337659825,0.00584028149,0.004761904944,0.007748243865,0.01996358298,0.02378564142,0,0.001436787774,0.004761904944,0.004761904944,0.004798326176,0.004761904944,0.0005873293849,0,0.1775853932,0.0006455316907,0.002212177264,0,0,0,0.003156939056,0.005717338528,0.001424680115,0.01346287597,0,0.07694794983,0.05843215436,0.004761904944,0,0,0,0,0,0.003361154115,0,0,0,0,0,0,0,0,0,0,0.004761904944,0,0,0.0006365597364,0,6.598280743e-05,0,0,0.0003396431275,0,0.003648817074,0.0007208314491,0,0,0,0,0.001317411661,0,0,0.002380952472,0,0,0,0,0,0,0.003634848632,0.002380952239,0,0.002380952472,0,0.0007051402354,0,0,0,0,0,0,0,0,0.0009004057501
26,2.251375736e-05,0,0.0002302459034,0,0,0,0,8.846964192e-06,0.002993620932,0.003652599175,0.01923408732,0.003042686498,0.02011158131,0.02359051071,0,0.007405214943,0,0,0,0,0,0,0,0,0,0,1.754548794e-05,0,2.796607259e-05,4.670556791e-06,0,0,0,0,0,0,0,0,0,0,0,0,0,0.07296516001,0.005166439805,0.01480850019,0.01348957699,0.004761904944,0.0107497219,0.03046723269,0.02027943917,0.01419725269,0.004761904944,0.002427004045,0.009706351906,0.004761904944,0.02513640374,0.03109515086,0.02385700494,0.01412924845,0,0.00709597161,0.03470146284,0.02411931939,0.002380952239,0.004408580717,0,0.005342834629,0.00608824892,0.009936264716,0.0002481542178,0,0.3067452013,0.01269525848,0.0233201962,0,0.002380952239,0.001436439692,0.001126628253,0.006419566926,0,0.009364886209,0.007729958743,0.1157593876,0.1235432997,0.0127901556,0,0.002380952472,0,0.0002248736419,0,0.01060518809,0.002380952472,0,0,0,0,0,0,0,0.001327486942,0,0.001670232741,0,0,0,2.615676749e-05,0.0001208008252,0,0,0.0007950931904,0,0.003990541212,0.001123656286,0,8.34080638e-05,0,0,0,0,0,0,0,0,0,0,0.0001442524954,0,0.0008223868208,0.003681878326,0,0,0,0.0005210723029,0,0,0,0,0,0,0,0.0004216483503,0.01016898453
27,0.0001679936395,0.0001663522562,0.001025874284,7.570568414e-05,0.004229729064,0,0.002380952472,5.39442517e-05,0.001083068782,0.00281704287,0.006773746107,0.003545982298,0.04239613935,0.0379294306,0.0008716171142,0.00428609224,1.076171702e-05,5.388768477e-05,5.503184366e-05,7.278151315e-05,4.000044646e-05,3.578673932e-05,0.0001136569117,2.797939487e-06,2.213929474e-05,1.754548794e-05,0,6.48862283e-07,7.144977189e-06,1.498943675e-05,8.20756577e-06,1.487308873e-05,1.094039089e-05,2.995629802e-05,9.42681163e-06,2.915071309e-05,1.906457555e-06,0,0,0,0,0,3.004799328e-05,0.1399993151,0.02489954792,0.02604743093,0.0173624754,0.01627779938,0.02272743545,0.01764794067,0.0202129595,0.03534762934,0.01690312102,0.0102181742,0.01063841116,0.005954473745,0.01280442812,0.020728359,0.0170235578,0.02407495119,0.02321134694,0.01415180042,0.02213430032,0.01938395388,0.003941669594,0.003815794131,0.01710022613,0.02286145277,0.01838061027,0.01945205219,0.001256275224,0.01205962058,0.8883185387,0.01913121343,0.01920835674,0.0001036537433,0.001876153285,0.0003898492723,0.002535503125,0.01395891141,0.0008180059376,0.01682272181,0.02740030549,0.5319028497,0.712929666,0.065661259,0.006792899687,0.0001102146416,0.0007464408409,0.0001360243623,0.0006900799926,0.02080193721,0.01105141267,0.003975408152,0.001758206519,0,0.008086406626,0.003223140491,0.00407378329,0.002380952472,0.003788819304,0.006761894561,0.006522061769,0.001029622392,0.005046456587,0.0005950422492,6.583539653e-05,0.002620063024,0.004371162038,0,0.009090949781,0,0.01322123595,0.009499079548,0.0003900800657,0.0002513361396,0.009433282539,0.006378950085,0,0,0,0.008250772022,0.000266107585,0,0.003400354879,0.01058063563,0.003146477975,0,0.01440382097,0.004239890724,0.006515346002,0.005333490204,0.0004955921904,0.005856989883,0.00111252442,0,0,0.001391606289,0.0001513272437,0,0,0.009346757084,0.01238434855
28,0.000534539402,0,0.001986061456,0,0.001492081559,0.003248339752,0,0.0001506351546,0.006827886216,0.008839722723,0.01806731895,0.006376569625,0.04274059087,0.04800739512,0,0.0203538835,4.273239028e-06,1.623548656e-06,0,1.084896303e-05,1.517887813e-05,2.624074841e-05,0,0,0,0,6.48862283e-07,0,9.306444895e-07,7.319701581e-06,0,0,1.171948315e-05,0,0,0,0,0,0,0,0,0,0,0.07586861402,0.02411977015,0.02684538439,0.03993361816,0.02400072664,0.02551808394,0.02177193575,0.03524691984,0.01814477704,0.006749453023,0.01986753009,0.009631215595,0.009883658029,0.0252115801,0.0377525948,0.0273531545,0.04267481714,0.01845559664,0.02974267118,0.05241076276,0.04130687937,0.006353111006,0.00745435711,0.01085845474,0.02767710947,0.02561900765,0.01534319017,0.007456384134,0.002380952472,0.6270518303,0.01842354424,0.04216454923,0.002380952472,0.002380952472,0.003881549463,0.008548419923,0.01551324595,0,0.02854568325,0.01422393508,0.262488395,0.3753338158,0.04804409295,0,0.0008390094736,0,0.001031461754,0.0008572465158,0.01977125928,0.003176646773,0,0,0,0,0,0.004761904944,0.003837049706,0.00515475031,0.002863853471,0.01127380505,0,0.000665948668,0,0.0002982084116,0.001940899645,0.002380952472,0.002380952239,0.009350008331,0.001792416559,0.02230914682,0.01640241593,0.002380952472,0.0001200201004,0.005032756366,0.01190476213,0,0,0,0.01138094068,0.001235018484,0,0.005736360326,0.006462157704,0.003109567333,0,0.01999454387,0.005470585078,0.005125282798,0.002380952472,0.002380952472,0.006339986343,0,0.003939782269,0,0,0.0002610791707,0,0,0.004761904944,0.01648384705
29,0.0005199052393,0.0001464432571,0.001411048928,0.0001352625695,0.0001645140437,0.003003710415,0,0.0002564975584,0.007245434914,0.009495162405,0.01965441369,0.007002808154,0.0353237167,0.04650107399,0,0.02139491402,5.673182386e-06,1.830815745e-05,1.904623787e-05,7.56997315e-06,0,0,1.270241864e-05,0,0,2.796607259e-05,7.144977189e-06,9.306444895e-07,0,7.193601164e-07,2.706417035e-06,1.717573286e-05,5.718783541e-06,0,5.945784324e-06,0,0,0,0,0,0,0,0,0.1073880121,0.027013693,0.03205744177,0.03221276402,0.02771903947,0.02229019441,0.03143270686,0.03315914422,0.04100457206,0.01785396412,0.01124126371,0.03041709401,0.01100434642,0.02517226152,0.0373468399,0.02953573316,0.02650539018,0.009343403392,0.02597191744,0.03989128396,0.0413376689,0.006544500124,0.008725019172,0.02258669399,0.02738437243,0.02688652091,0.008953528479,0.00253613689,0.002380952472,0.7357759476,0.0207490474,0.03297394514,0,0,0,0.00723706698,0.01586609706,0.003433842212,0.03126874194,0.024512114,0.336789906,0.5408604145,0.04305811226,0.005962846801,0.00348426681,0,0.0006252393359,0.001943175332,0.01801230758,0.02050764672,0.002380952239,0,0,0,0.005203497596,0.004761904944,0.0003630896099,0.00394447986,0.008500034921,0.008534758352,0.003277565353,0.003025693586,0,0.0001800989121,0.00319056632,0.0009703391115,0.005938329268,0.01261461247,0,0.019339744,0.01613959856,0,6.354934158e-05,0.004514728207,0.01117468625,0,0,0,0.01118459832,0.0005661724717,0.002380952472,0.005058397073,0.006809495389,0.004761904944,0,0.01774960011,0.006233937107,0.01079269219,0.002380952472,0,0.001274339389,0.003035286674,0,0,0,0,0,0,0.01361038722,0.02079349756
30,0.0009077349678,0.0001264191815,0.0009085502825,1.986117786e-05,0.002946120687,0.003054370638,0,9.371901251e-05,0.005777895451,0.009750229307,0.02123630606,0.006785474252,0.04531792551,0.06023769453,0.001254001167,0.01666837931,2.57912634e-05,0,6.922414741e-06,2.761564929e-06,6.899327673e-06,2.069518587e-06,0,0,1.377029639e-05,4.670556791e-06,1.498943675e-05,7.319701581e-06,7.193601164e-07,0,7.720985877e-07,4.917204137e-07,1.377053468e-05,1.282964513e-05,0,3.036882617e-06,3.090228574e-06,0,0,0,0,0,0,0.1225632206,0.04005537182,0.04332742468,0.04236375913,0.03437871486,0.02849631384,0.04802962393,0.03961220756,0.04163170978,0.02653541975,0.02013362572,0.02016496658,0.0182085149,0.02877095714,0.04291183501,0.03344552219,0.05412825197,0.02691163495,0.0330943577,0.04652636126,0.04214977846,0.01007855404,0.006434270181,0.02313648723,0.05015037209,0.03551822901,0.02252025157,0.004092011601,0.004735659808,0.8162361383,0.04014946148,0.04413417727,0.001505451975,0.006014675833,0.001722897752,0.005214572884,0.02142857946,0.001437317231,0.03857985511,0.02916507795,0.437697798,0.5918233395,0.08270329237,0.009977275506,0.007874975912,0,0.000126572806,0.001104796422,0.02710776031,0.02938346565,0.002454357687,0.001337264897,0.004761904944,0.009405273944,0.0037583136,0.007142857648,0.002901804866,0.008722272702,0.007876076736,0.01828178763,0.003344436875,0.002380952472,0.0002657754812,0.0003527171211,0.003366671735,0.002812269842,0.008848682046,0.0163730979,0.002380952472,0.02187943831,0.01681004278,0,0.0002982708684,0.007531278767,0.01311239693,0.0005777640617,0,0.0002858756052,0.0186743103,0.0003846835752,0,0.001944521442,0.0111086173,0.009269230068,0,0.02556680888,0.0152933402,0.01221361291,0.00841551926,0.002380952472,0.005126109812,0.003316212445,0,0,0,0.0001040295538,0.001410413417,0,0.009950955398,0.03649713472
31,0.0006690043956,0,0.001288620988,1.044921555e-05,0.003915076144,0.003063190496,0,0.0001119418666,0.003338554408,0.007300846279,0.01897145249,0.006194074638,0.03670660779,0.0579245314,0.0009321219986,0.01008490752,0,1.480305491e-05,4.376828201e-06,0,1.882511924e-06,0,0,0,1.422841433e-05,0,8.20756577e-06,0,2.706417035e-06,7.720985877e-07,0,1.521161494e-06,0,0,1.469833592e-06,2.425609409e-06,0,0,0,0,2.823104296e-05,0,0,0.1114376113,0.04254017025,0.04060195759,0.04935640842,0.03034766205,0.03604979813,0.04169299826,0.0522063747,0.05227243155,0.03100203723,0.01830428466,0.01682105847,0.01139548235,0.02813450992,0.04304400459,0.0311387945,0.04412722588,0.03660684824,0.0438343212,0.05259045213,0.048092857,0.006238371134,0.008080145344,0.02011923864,0.03314596415,0.03681431338,0.03810079396,0.002718128962,0.0116504943,0.8093309999,0.02056761086,0.04138270766,0.0008821608499,0.005008740816,0,0.004850171041,0.0161642395,0.001884077676,0.04497524723,0.02155168727,0.4133499265,0.5671024919,0.05836085603,0.008556533605,0.004548302386,0,0.0001830761321,0.005141672678,0.02608885616,0.03460342064,0.00382442656,0.002380952472,0.002380952472,0.004761904944,0.005140665919,0.004761904944,0.004761904944,0.01018119697,0.008118552156,0.01888976432,0.007142857648,0,0,0.0002729726839,0.002928847447,0.0007653986686,0.002380952472,0.01461190637,0.0007754513645,0.03189432248,0.01190785598,0,0.0003662117233,0.00445220666,0.01181038376,0,0,0,0.005889248103,0.001109161414,0.004347494803,0.000242705355,0.009596873075,0.002533659106,0,0.03764012083,0.01228266489,0.01387280133,0.002762971213,0.002380952472,0.004653630313,0.002880580025,0,0,0,0.0003367887402,0.0004156780196,0.0001148771698,0.01213950943,0.02762672864
32,0.0004895978491,0,0.001196486992,7.254493539e-05,0.004460600205,0.0008151380462,0,0.0001948405261,0.004722085781,0.009560878389,0.02602513507,0.006872827187,0.05141882226,0.05670598522,0,0.01711976156,4.020229244e-05,0,9.689582839e-06,3.617058837e-06,0,0,0,0,0,0,1.487308873e-05,0,1.717573286e-05,4.917204137e-07,1.521161494e-06,0,0,0,4.322276084e-07,0,0,0,0,0,0,0,0,0.108975932,0.03967721388,0.03758296743,0.04644712061,0.03103817813,0.03541080281,0.04967386648,0.05111332238,0.04377985001,0.01602741331,0.009697169997,0.01852783374,0.01851200685,0.03180091083,0.04503779858,0.03583701327,0.04312191531,0.02576697804,0.03113330714,0.05868730322,0.05051835626,0.004948180635,0.009439686313,0.01843340695,0.03476012126,0.04312124103,0.02472763322,0.002903375076,0.003747072304,0.7277297974,0.02424496599,0.04394390061,0.002404075116,0.0007321515004,0.001182144159,0.01129695401,0.03491929546,0.0008868127479,0.04742812365,0.02114040963,0.2910206318,0.4076314867,0.05464022607,0.002380952239,0.005806029774,0,0.0002452961926,0.003855558578,0.0170890484,0.02795782872,0,0.004761904944,0.002380952472,0.004761904944,0.004761904944,0.005785599351,0.002380952472,0.004567270633,0.005904606543,0.02148403227,0,0,0.002380952472,0.0003723875852,0.005863935687,0.00500087766,0.0005428570439,0.02300146967,0.001602861681,0.02199838124,0.01129371859,0,0.0004049038689,0.006048214622,0.01033502072,0,0,0,0.01525487006,0.001186510781,0,0.001177769853,0.009523809887,0,0,0.02362472564,0.01197167207,0.006431890186,0,0,0.006962629966,0.003050327767,0,0,0,0.0002312281722,0.005103577394,0.0006793706561,0.001427872456,0.03847061843
33,0.000792789564,9.91517154e-05,0.002539619571,0.0001383701019,0.001571868313,0,0,0.0001076750123,0.0078529967,0.01054337714,0.02508286014,0.007760941517,0.04084651917,0.04437363148,0,0.02255228534,0,0,0,0,0,0,0,0,0,0,1.094039089e-05,1.171948315e-05,5.718783541e-06,1.377053468e-05,0,0,0,0,0,0,2.873046651e-05,0,0,0,0,0,0,0.08175777644,0.03624560311,0.03786504269,0.03603025153,0.02022482455,0.02344844118,0.05507096648,0.05005256832,0.02466609888,0.009363373742,0.01248824317,0.01067282632,0.009656951763,0.0314251259,0.05284858122,0.04057895392,0.03407921642,0.01097426657,0.02761072852,0.05346729979,0.06032184139,0.005317566916,0.005992973689,0.007310493384,0.02712192386,0.01550055295,0.030812921,0.003422300331,0.003894597758,0.4859620631,0.02322755009,0.04232767969,0,0.002380952472,0,0.0131814573,0.0276672896,0.003759810003,0.04206277803,0.02152600139,0.2027568221,0.2620479167,0.0138585344,0,0,0,0.002122020116,0.001889795414,0.0140003683,0.01811006665,0.002380952472,0,0,0.0009810567135,0.002380952472,0.004761904944,0.002380952472,0,0.000607010792,0.007780516986,0.002380952239,0.001195361488,0.0008507207385,0.0009976272704,0.003170684911,0,0,0.02205170691,0.002380952239,0.02303404175,0.02522030845,0,0.0005595968105,0.002380952472,0.01292921882,0,0,0,0.007661543787,0.001084852731,0,0.0005986204487,0,0,0.002380952472,0.021323191,0.002380952472,0.005803928711,0.004761904944,0.0006447621272,0.001663076458,0,0,0,0,0.0001102046735,0,0,0.005497565493,0.01515229419
34,0.0006357087404,0,0.001204464352,0,0.002380952239,0.0004213621723,0,0.0002586055489,0.004022028763,0.006847807672,0.01754824072,0.007123472635,0.0280670654,0.0395832397,0,0.0126988655,0,0,0,0,2.866109207e-05,0,0,0,0,0,2.995629802e-05,0,0,1.282964513e-05,0,0,0,0,0,0,0,0,0,0,0,0,0,0.05446285382,0.01904555783,0.03107179329,0.02937321924,0.01013741549,0.009523809887,0.01822827756,0.02756725624,0.0143380519,0.007142857648,0.01068389788,0.008723221719,0.005605772603,0.02763901278,0.03576721996,0.03382446617,0.02618388832,0.006462657358,0.01489625406,0.04906621575,0.05486334115,0.004138266668,0.006082486827,0.0008885720163,0.03084187023,0.01255503576,0.008341691457,0.003105725627,0,0.3970831037,0.01148308069,0.02239074185,0.001004821155,0,0,0.002380952472,0.007615804207,0.00139049266,0.03053719923,0.007142857648,0.1345527917,0.1515296698,0.009756004438,0.004761904944,0,0,0.001408792217,0,0.01499579474,0.007734264247,0,0,0,0,0,0,0,0.0008978070691,0.007142857648,0,0,0,0,0,0.003821432823,0,0,0.009034280665,0,0.004483166616,0.008024063893,0,0,0,0.006160516758,0,0,0,0.009523809887,1.951278136e-05,0.002380952472,0,0,0.002380952472,0,0.01412583143,0.007142857648,0.004761904944,0,0.002380952239,0,0,0,0,0,0,0,0,0.002380952239,0.01342154481
35,0.0001364193449,0,0.0002241557668,3.184538582e-05,0.002250099322,0,0,3.366113378e-05,0.001207456342,0.004050827119,0.01229064632,0.003052464919,0.03308894485,0.03287883475,0,0.003689103061,0,0,0,0,0,0,0,0,0,0,9.42681163e-06,0,5.945784324e-06,0,1.469833592e-06,4.322276084e-07,0,0,0,2.476831924e-06,0,0,0,0,0,0,0,0.08691588044,0.02248373255,0.03485328332,0.02899868041,0.01468468923,0.01834976301,0.03789740428,0.02858255431,0.02344915643,0.002380952472,0.004515966401,0.01718353108,0.007364123594,0.0181443058,0.0286157988,0.02348135039,0.01553382911,0.01515129115,0.02125108615,0.04159387574,0.0398401916,0.0002230436949,0.002984944033,0.01134100091,0.02365605533,0.01796060614,0.01260617934,0.001113687176,0.007975767367,0.6793804765,0.01500078477,0.02844915912,0.000314054545,0.0005197760765,0,0.004199075978,0.01502777915,0.0005674547283,0.03687673062,0.002855071099,0.2577163875,0.3558249474,0.01900935173,0.001384877367,0,0.001442649285,0.0002099184785,0.001664685667,0.01955058612,0.01349753514,0.002380952472,0.002380952472,0,0.002380952239,0,0.003832587972,0,0.006073825527,0.01470709126,0.00808591675,0,0.002380952472,0,0.0002842830727,0.001784461201,0.002380952472,0,0.00603452092,0.003404463641,0.009784817696,0.01072945073,0.002380952472,0.0002523619041,0,0.003297197632,0.0004935274483,0,0,0,0,0,0.002380952239,0,0.003436679021,0,0.02004368231,0,0.00506151747,0,0,0.008791296743,0,0,0,0,0,0,0.000258132437,0.007142857648,0.02181939781
36,0.000621851359,9.385289741e-05,0.001430662815,0,0.003628597828,0.001324399607,0,7.403219934e-05,0.003100876929,0.007714705076,0.01798021048,0.005410159938,0.03316104412,0.04382462427,0,0.008985359222,0,0,2.172588211e-05,0,2.198338734e-05,1.006798357e-05,0,0,1.974247789e-05,0,2.915071309e-05,0,0,3.036882617e-06,2.425609409e-06,0,0,0,2.476831924e-06,0,0,0,0,3.366103192e-05,0,0,0,0.1041009948,0.02201379277,0.02326691523,0.03041275777,0.02481611632,0.02839493938,0.03352244571,0.04752616584,0.03525225073,0.02296649478,0.02178939432,0.01989793405,0.01210715342,0.0194195658,0.03941062838,0.02794039063,0.02777541801,0.02478266694,0.02107944526,0.04323243722,0.04075196758,0.007561484817,0.005429678597,0.01312846504,0.02790820226,0.02903861739,0.01361125708,0.003562010126,0.002816195833,0.7450150251,0.02141650207,0.03891029209,0.0001794305717,0.003953186795,0,0.002334862715,0.02309930511,0.0003091914405,0.04528563097,0.01307226345,0.3090304434,0.4462133944,0.04241497442,0.006484687794,0.002261215122,0,0.0001404185896,0.0007370383828,0.02510491386,0.02828435414,0.0009014636162,0.003510135226,0,0,0.004135567695,0.0008201055462,0.002380952472,0.00425505219,0.01376630086,0.007849185728,0.002380952472,0.009523809887,0.003730176715,3.088685116e-05,0.001893213135,0.003286248539,0,0.008194696158,0.002380952239,0.02164158225,0.01109494176,0,0.0002019544045,0.003169814823,0.007142857648,0.002380952472,0,0,0.003755759448,0.0006195910391,0,0.002380952472,0.004761904944,0.007142857648,0,0.01787211932,0.007982528768,0.01492724661,0.001127032097,0,0.002358850092,0,0,0,0,0,0,0.0008265277138,0.008777116425,0.01940411888
37,0.0001393197308,0,0,6.240309449e-05,0,0,0,0,0.002356243785,0.003344840137,0.01111382339,0.00557584269,0.02122708783,0.03436935693,0,0.007896998897,0,0,0,7.272759376e-06,0,0,0,0,0,0,1.906457555e-06,0,0,3.090228574e-06,0,0,2.873046651e-05,0,0,0,0,0,0,0,0,0,0,0.0357696116,0.009344489314,0.01204751618,0.01021636557,0.003933207132,0.004761904944,0.01066279318,0.01151166111,0.004589790478,0,0.0004614823556,0.003181735752,0.002380952472,0.01469754241,0.03274481744,0.02417996339,0.008224642836,0.008982885629,0.001059444039,0.03015704267,0.03209797293,0.002380952472,0.002339929342,0,0.008116229437,0.006044715177,0.006570433732,0.0007984442636,0,0.2554168105,0.0008106646128,0.01110190619,0,0,0,0.002380952472,0.0009954506531,0,0.02693376131,0.002380952472,0.09465334564,0.09867873788,0.006279487628,0,0,0,0,0.001206942252,0.003053890541,0.004761904944,0,0,0,0,0,0,0,0.0011071997,0.002380952472,0.0008524999139,0,0,0,0.0002345991525,0.0007393382839,0,0.0005850609741,0.0003121884074,0,0.01038674358,0.005527422298,0,0,0,0,0,0,0,0,0,0,0.0001559646626,0,0.002380952472,0,0.001684741583,0,0,0,0,0,0,0,0,0,0,0,0,0.002380952472,0.002380952472
38,0,0,0,0,0,0,0,0,0.002935540164,0.004022143316,0.00660803169,0.000713288784,0.002380952239,0.009523809887,0,0.004731920548,0,0,0,0,0,0,0,0,0,0,0,0,0,0,0,0,0,0,0,0,0,0,0,0,0,0,0,0.003883064725,0.002380952472,0,0.002380952472,0,0,0,0,0.002380952472,0,0,0,0,0.0007001730264,0.007544221822,0.009475064464,0,0,0,0.005371528212,0.007142857648,0,0,0,0,0,0,0.001216293662,0,0.05527086928,0,0.004761904478,0,0,0,0,0,0,0.002380952472,0.002380952239,0.01190476213,0.01904761977,0,0,0,0,0,0,0,0,0,0,0,0,0,0,0,0.002380952239,0,0,0,0,0,0,0,0,0,0,0,0.002380952472,0.002380952472,0,0,0,0,0,0,0,0,0,0,0,0,0.002380952472,0,0,0,0,0,0,0,0,0,0,0,0,0,0,0,0
39,0,0,0,0,0,0,0,0,0.001333522028,0.0008054099744,0.005522215739,0.0004962477251,0.002380952472,0,0,0.00301324483,0,0,0,0,0,0,0,0,0,0,0,0,0,0,0,0,0,0,0,0,0,0,0,0,0,0,0,0.00837334618,0,0,0,0,0.002380952239,0.00776621094,0.002380952239,0.002380952472,0,0.002380952472,0,0,0.003022151766,0.00822298415,0.004815937951,0.002380952472,0,0.002380952472,0.003118100343,0.005767771043,0,0.002822251758,0,0.002380952472,0.002380952472,0,0,0,0.04523809627,0,0.008386161178,0,0,0,0,0,0,0,0,0.004761904944,0.03095238283,0.002380952472,0,0,0,0,0,0,0,0,0,0,0,0,0.002380952472,0,0,0,0.002380952472,0,0,0,0,0,0,0,0,0,0.002380952472,0.001764794113,0,0,0,0,0,0,0,0,0,0,0,0,0,0,0,0,0,0,0,0,0,0,0,0,0,0,0,0,0.002380952472
40,0,0,0,0,0,0,0,0,0.0009411491337,0.00256919302,0.004236551467,0.002050567186,0.01176526956,0.002380952472,0,0.002495846013,0,0,0,0,0,0,0,0,0,0,0,0,0,0,0,0,0,0,0,3.366103192e-05,0,0,0,0,0,0,0,0.00896571856,0.003586392617,0.002380952472,0.007142857648,0.004761904944,0,0.004761904944,0.007142857648,0.002380952239,0,0,0.002380952472,0,0.01328986976,0.01063210424,0.009688476101,0,0,0.002380952472,0.01043752767,0.01839661039,0,0.00111137901,0.002380952472,0.002380952472,0.002380952472,0,0.001180085354,0,0.1166666746,0.004761904944,0.005824520718,0,0,0,0,0.003137869062,0,0.009523809887,0,0.02955258638,0.06767398864,0.004761904944,0,0,0,0,0.000780266535,0,0.002380952472,0,0,0,0,0,0,0,0,0,0,0,0,0,0,0.001273884904,0,0,0.0005510084447,0,0.0004656635865,0,0,0,0,0.002380952472,0,0,0,0,0,0,0,0,0.0009224360692,0,0.002380952472,0,0,0,0,0,0,0,0,0,0,0,0,0,0
41,9.902739112e-05,0,0,0,0,0,0,0,0.00119772472,0.002414237475,0.005774464924,0.002754414221,0.003742621746,0.009523809887,0,0.001377949258,0,0,0,0,0,0,0,0,0,0,0,0,0,0,2.823104296e-05,0,0,0,0,0,0,0,0,0,0,0,0,0.005624325946,0.009523809887,0.0009989968967,0.004761904944,0,0,0.004761904944,0.007142857648,0.004761904944,0,0,0.002380952472,0.000857330102,0.005789292511,0.01030286495,0.0220573321,0.0007618264644,0,0,0.01087912172,0.005658085924,0,0.002588963835,0,0.004761904944,0.002380952239,0.002380952472,0,0,0.05238095298,0,0.01190476213,0,0,0,0.002380952472,0.001400104957,0,0.003377607558,0,0.008530162275,0.02142857201,0.002380952472,0,0,0,0,0,0,0,0,0,0,0,0,0,0,0,0,0.002380952472,0,0,0,0,0,0,0,0,0,0,0.001419099048,0,0,0,0,0,0,0,0,0,0,0,0,0,0,0,0,0,0,0,0,0,0,0,0,0,0,0,0,0
42,0,0,0.0005480816471,0,0,0,0,0,0.0008305297815,0.001857915428,0.00558598619,0.002417776268,0.01474605687,0.003592455527,0,0.001628414611,0,0,0,0,0,0,0,0,0,0,0,0,0,0,0,0,0,0,0,0,0,0,0,0,0,0,0,0.009523809887,0,0.002380952472,0,0,0,0.007142857648,0.005184066482,0,0.002380952239,0,0,0.002380952472,0.003427716903,0.01833165623,0.01002886333,0,0,0.002380952472,0.008978397585,0.01082454808,0,0,0,0,0.004761904944,0,0,0,0.04695078731,0,0.002380952472,0,0,0,0,0.007142857648,0,0,0,0.004761904944,0.009523809887,0,0,0,0,0,0,0.002380952472,0.002380952472,0,0,0,0,0,0,0,0,0,0,0,0,0,0,0,0,0,0,0,0,0,0,0,0,0,0,0,0,0,0,0,0,0,0,0,0.002380952472,0,0,0,0,0,0,0,0,0,0,0,0,0,0.002380952472
43,0,0,0,0,0,0,0,0,0,0,0,0,0,0,0,0,0,0,0,0,0,0,0,0,0,0,3.004799328e-05,0,0,0,0,0,0,0,0,0,0,0,0,0,0,0,0,0,0,0,0,0,0,0,0,0,0,0,0,0,0.000395316194,0,0,0,0,0,0,0,0,0,0,0,0,0,0,0,0.0142857153,0,0,0,0,0,0,0,0,0,0,0.002380952472,0.002380952239,0.002380952472,0,0,0,0,0,0,0,0,0,0,0,0,0,0,0,0,0,0,0,0,0,0,0,0,0,0,0,0,0,0,0,0,0,0,0,0,0,0,0,0,0,0,0,0,0,0,0,0,0,0,0,0,0,0,0,0,0
44,0.2355794609,0.1010871828,0.2124921829,0.1214660853,0.2560093999,0.09665960819,0.05710602552,0.1803355217,0.216425404,0.2380478382,0.195825547,0.2264549583,0.4734477699,0.6046420932,0.2276406288,0.2103046924,0.0559158586,0.04075145349,0.04971364513,0.05791188031,0.06323072314,0.03790777177,0.02907334641,0.02694581263,0.03150332719,0.07296516001,0.1399993151,0.07586861402,0.1073880121,0.1225632206,0.1114376113,0.108975932,0.08175777644,0.05446285382,0.08691588044,0.1041009948,0.0357696116,0.003883064725,0.00837334618,0.00896571856,0.005624325946,0.009523809887,0,0,0.09242295474,0.1486423314,0.1566737443,0.1739542931,0.1638977081,0.1420911252,0.1878839433,0.2219016254,0.1958357096,0.2152888626,0.2146286517,0.1914812028,0.2323334962,0.2275585085,0.2526034713,0.179377377,0.203053236,0.2024372369,0.1910812855,0.229119584,0.2256369293,0.2053293884,0.2745982409,0.2625300884,0.2220905721,0.1987037957,0.2569010258,0.2091627866,0.930310905,0.2514099479,0.2037820369,0.1754037291,0.2216586769,0.1910788864,0.2086290568,0.2428705394,0.2517685592,0.2426787317,0.2353776693,0.5945680737,0.8393751979,0.3045611978,0.2065373659,0.2084060907,0.2509334385,0.2401507199,0.2035965919,0.2273770869,0.2459320277,0.2506065369,0.2434975356,0.2622486651,0.2322414815,0.2402137369,0.2654311955,0.1866852492,0.2276142091,0.2357099205,0.1945011914,0.05053262413,0.07144588977,0.0812433362,0.1573588699,0.2262043506,0.1882132888,0.04774938151,0.2062990665,0.03851089627,0.2305884808,0.2262568921,0.1019764915,0.1857878566,0.1207627356,0.2020141333,0.06513060629,0.1142209768,0.1900854409,0.2175317556,0.201757893,0.06982143968,0.2331841439,0.1824280918,0.1643479764,0.116556488,0.1985374689,0.2010503709,0.2074140906,0.13085109,0.07400164753,0.1683793664,0.08925031126,0.1035923511,0.09654575586,0.1172966883,0.2115421146,0.1235533282,0.1547367126,0.2349450141,0.2163835466
45,0.005648999941,0.01072876714,0.02450728603,0.03406871855,0.00225576479,0.02130190469,0.01389737707,0.03049551137,0.01763081551,0.03743987158,0.01390317548,0.0356098488,0.0773615092,0.1812875867,0.06693471968,0.03299859911,0.01619868726,0.005183052272,0.02273723856,0.02343949303,0.03274121508,0.01085286308,0.003732405137,0.003588080639,0.009487071075,0.005166439805,0.02489954792,0.02411977015,0.027013693,0.04005537182,0.04254017025,0.03967721388,0.03624560311,0.01904555783,0.02248373255,0.02201379277,0.009344489314,0.002380952472,0,0.003586392617,0.009523809887,0,0,0.09242295474,0,0.002283033216,0.0003374018997,0.0002483605058,0.0004160681856,0.001034990535,0.001043985016,0.08793785423,0.06315363944,0.07598794252,0.1013612673,0.05024172366,0.03908729553,0.03921794146,0.03298069164,0.02262243815,0.03465250507,0.03770789877,0.01025932748,0.0452355817,0.09856621176,0.04661191627,0.1368076801,0.1079991609,0.02486560121,0.01770726033,0.0255905278,0.06756586581,0.93041116,0.1403651983,0.06164070591,0.03627990186,0.09961166978,0.05267484114,0.08970301598,0.02341789193,0.02003408782,0.00943102967,0.1368584931,0.6209000349,0.7142086029,0.1424361914,0.05637035519,0.06841336191,0.03490643576,0.03144947439,0.05037939548,0.003261820413,0.01255056635,0.002663513878,0.001327930368,0.000411928806,0.001130194287,0.0004816568398,0.0002905204019,0.001036625588,0.001604296267,0.000530017307,0.006453285459,0,0.007142857648,0.002380952472,0.003742196131,0.02320722491,0.006720562465,0,0.00731407851,0,0.02877566777,0.03628184646,0,0.01560906041,0.004334354773,0.008076244965,0.003083945485,0.004761904944,0.00259590894,0.009760936722,0.01229506172,0.001331652282,0.007198983338,0.006507992279,0.01421177667,0,0.006702037994,0.014114419,0.003616591217,0,0,0.009032990783,0,0.002380952472,0.01037874073,0.009048197418,0.009998315014,0.004761904944,0.002380952472,0.003917086869,0.01625524089
46,0.007089229301,0.007667534053,0.01516536903,0.02807909995,0.005507366732,0.03340229392,0.02712273784,0.02598110959,0.02974753082,0.0147477556,0.01749639958,0.01794420369,0.2147016376,0.3290946484,0.1455170214,0.05328981951,0.02873564512,0.01827917807,0.01696848311,0.03930117935,0.02422612347,0.02139991708,0.004761904944,0.002380952472,0.00534921186,0.01480850019,0.02604743093,0.02684538439,0.03205744177,0.04332742468,0.04060195759,0.03758296743,0.03786504269,0.03107179329,0.03485328332,0.02326691523,0.01204751618,0,0,0.002380952472,0.0009989968967,0.002380952472,0,0.1486423314,0.002283033216,0,0.001178387669,0.01764744893,0.01126330253,0.0004609045573,0.001344716875,0.02897755243,0.01488398015,0.008532172069,0.004595888779,0.00272426731,0.00305217714,0.00532059744,0.005346269812,0.000793555635,0.006667996291,0.005063460674,0.002224402037,0.007616811432,0.005165413488,0.002941515762,0.0179794766,0.02354278415,0.0214128159,0.009083788842,0.005646780133,0.09452623129,0.6876968145,0.0139885433,0.002909540897,0.02007455006,0.006685032044,0.002653593663,0.004446870182,0.01269271784,0.00937138591,0.004366780166,0.005249246955,0.1801609695,0.6208623648,0.07716864347,0.07382321358,0.01094398927,0.05124907568,0.006404736545,0.003251999384,0.01021703146,0.01314596459,0.002809884259,0.001739120926,0.003410562407,0.0007814035635,0.002506958088,0.002313289791,0.002865728224,0.002296752296,0.001451803022,0.002690050285,0.004761904944,0.0007408495876,0.001832641545,0.001011220273,0.006797918119,0.003379804082,0.0006258927751,0.006704333704,0.002380952472,0.009438966401,0.008314531296,0.006247185171,0.001837949036,0.00898037944,0.005084731616,0.004226424266,0.001748092705,0.006574598141,0.00801040791,0.00348434085,0.01333472412,0.01002337597,0.009304042906,0.002487026853,0.006600383669,0.004277555272,0.005610218272,0.005110410973,0.002072496805,0.003329855157,0.003821805585,0.0009525817586,0.0008689954411,0.007368075196,0.003508807393,0.00223944732,0.003005547216,0.003161943285,0.003256164957,0.008222152479
47,0.001136940671,0.007142857648,0.002100535203,0.02127063088,0.0004570169258,0.01200270932,0.01214504242,0.004998509772,0.004024870694,0.01924639568,0.00359330466,0.0129954936,0.06234771386,0.0960657075,0.06790884584,0.01832209527,0.04084548354,0.01522978954,0.03493065014,0.03501522541,0.03375897929,0.02186207473,0.02029176988,0.01140200999,0.01259160787,0.01348957699,0.0173624754,0.03993361816,0.03221276402,0.04236375913,0.04935640842,0.04644712061,0.03603025153,0.02937321924,0.02899868041,0.03041275777,0.01021636557,0.002380952472,0,0.007142857648,0.004761904944,0,0,0.1566737443,0.0003374018997,0.001178387669,0,0.0002888522868,0.0009054461843,0.0001404348295,0.0002301449276,0.04798770323,0.03580455109,0.03364144266,0.06868372113,0.06158828363,0.01689229161,0.03308746591,0.01566089876,0.02251079492,0.02181312069,0.0322865583,0.008051725104,0.03091463633,0.05843824521,0.03673479706,0.05946145952,0.0668540597,0.011171408,0.02039072476,0.03116826527,0.04523970932,0.9161880612,0.07282797992,0.04194233567,0.02255645581,0.05789536238,0.01995853521,0.06278842688,0.01983469538,0.01543466561,0.005345399026,0.07686063647,0.5213212371,0.5605391264,0.07829547673,0.04672974721,0.0302365385,0.03393010795,0.01179776154,0.0356971398,0.001154622878,0.008377686143,0.001164925168,0.00024370756,4.913262092e-05,0.0001180897307,4.597315274e-05,0.0001185839137,0.0004228327016,8.978765254e-05,6.918316649e-05,0.004641782958,0,0,0,0.007532458752,0.02414625324,4.049676863e-05,0.002380952472,0.001684729941,0.002380952472,0.006049549207,0.01148489024,0,0.006978714373,0.00197282969,0.0002847385185,0,0,0.0003462673048,0.01635577157,0.00368040707,0.005065596662,0.0009305080748,3.092690167e-05,0.0009416614193,0.002380952472,0.001003968413,0.005723413546,0.001065600081,0.0005327149993,0.003014579415,0.001199866296,0,0,0.007926529273,0.004155667499,0.001713818521,0.001458127866,0.001315321191,0.0003120822075,0.003556936048
48,0.001064280164,0.004761904944,0.00499574095,0.009783752263,0.0001732811215,0.008313712664,0.0120297065,0.005875518546,0.008032917976,0.02388438769,0.007249708753,0.02149276994,0.05284686014,0.1279082,0.04668462649,0.02392803505,0.02094951272,0.01300545316,0.01722126827,0.02405184507,0.01400542632,0.009640308097,0.007142857648,0.004761904944,0.007142857648,0.004761904944,0.01627779938,0.02400072664,0.02771903947,0.03437871486,0.03034766205,0.03103817813,0.02022482455,0.01013741549,0.01468468923,0.02481611632,0.003933207132,0,0,0.004761904944,0,0,0,0.1739542931,0.0002483605058,0.01764744893,0.0002888522868,0,5.064076322e-05,0.002128463471,3.959781679e-05,0.06080106646,0.03684930876,0.04568804801,0.04036488011,0.04452873766,0.02625191584,0.02388573065,0.01498487312,0.05761489645,0.02394512296,0.02758911066,0.01442023832,0.03945347667,0.09908793867,0.03022377566,0.09477157891,0.08906652033,0.0186510589,0.01231456175,0.01545116398,0.04731908813,0.9379550815,0.1122996062,0.06909350306,0.03342097998,0.07297118753,0.03709020093,0.07952713966,0.01309446804,0.009108312428,0.0052110916,0.1229046807,0.5866339207,0.653347671,0.1071368158,0.04592716694,0.04818929732,0.0255227536,0.02401097864,0.02963292785,0.0004089786671,0.003661266528,0.0002911099291,0.000201764371,0.0001607542945,0.0001796781871,3.207723785e-05,4.650433402e-05,0.000146164195,0.0001081932569,9.942080214e-05,0.001560683828,0,0,0,0.008393624797,0.01546909288,0.0001668218756,0.002380952472,0.001143770409,0.002380952472,0.01449361164,0.02625063807,0.002380952472,0.002380952472,0.002531416714,0.001461083884,0,0,0,0.001056597335,0.002380952472,0.007142857648,0.002403265098,0.0001011767963,0.001622059732,0,0.001037516049,0.003083414631,0.0005333520239,0.0009753084159,0.001744586974,0.00250422419,0.003691925434,0,0.003739055945,0.000397279131,0,0.002380952472,0,0.0003319207462,0.004542034119
49,0.0001885716774,0.002380952472,0.001235801727,0.002741392469,0.0001696293039,0.009196809493,0.007064007688,0.001667815843,0.005704667885,0.01288599335,0.007389061153,0.01257005613,0.0905700177,0.2177900374,0.02688559145,0.03302699327,0.01121461112,0.01383372303,0.008709536865,0.01779418997,0.01238128264,0.01317510102,0.004761904944,0,0.003206550376,0.0107497219,0.02272743545,0.02551808394,0.02229019441,0.02849631384,0.03604979813,0.03541080281,0.02344844118,0.009523809887,0.01834976301,0.02839493938,0.004761904944,0,0.002380952239,0,0,0,0,0.1638977081,0.0004160681856,0.01126330253,0.0009054461843,5.064076322e-05,0,0.001212430652,3.971269689e-05,0.02333496697,0.01255413424,0.0120071508,0.04214576632,0.02303011157,0.01616480015,0.01565570384,0.004780927207,0.02400245145,0.0129315434,0.01261911914,0.000917258265,0.003663721029,0.04456215352,0.01845450886,0.05694130808,0.04159567133,0.01824724302,0.003049305407,0.0002337547776,0.03026731871,0.9663479328,0.05660164356,0.02591515332,0.02223007008,0.04050202668,0.006964303553,0.05417789146,0.0001406295778,8.482641715e-05,9.96009112e-05,0.1071925461,0.6025841832,0.6507617235,0.08472067118,0.05712466314,0.01869754493,0.001320558134,0.0003836209653,0.01487567835,4.127074135e-05,0.0001060759168,4.384870863e-06,0,7.29868043e-06,3.457856292e-05,5.953837172e-05,2.3399356e-05,0,4.158954471e-05,1.280358174e-05,0.000111092515,0,0,0,0.002380952472,0.003779245075,9.956880967e-05,0,0.0005422467366,0,0.001246284111,0.003350359853,0.0008316346793,0.003154234728,0.003983439412,0.0001007849496,0,0.001205173205,0,0.003144723596,0.0001303240424,0,0.001642496558,1.886113205e-05,4.354276098e-05,0,0.0001935223117,0.0009936679853,0.0004609318858,7.905800885e-05,0,0.0008628184441,0,0,0.002380952239,0.0007333879475,0.0003505075292,0,0,7.322817692e-05,0.0008172739181
50,0.001040108618,0.01186232269,0.002361355117,0.01952205226,0.0006735186907,0.001933962456,0.01006914675,0.01115709078,0.004073396325,0.007954232395,0.003830517875,0.00507215783,0.0881126225,0.1178702563,0.06162898988,0.02701801993,0.03131290525,0.02036494389,0.02671672776,0.03845078871,0.04432357848,0.01926024817,0.01595493406,0.00721950084,0.01770428568,0.03046723269,0.01764794067,0.02177193575,0.03143270686,0.04802962393,0.04169299826,0.04967386648,0.05507096648,0.01822827756,0.03789740428,0.03352244571,0.01066279318,0,0.00776621094,0.004761904944,0.004761904944,0.007142857648,0,0.1420911252,0.001034990535,0.0004609045573,0.0001404348295,0.002128463471,0.001212430652,0,7.056116738e-05,0.02052587457,0.01322881225,0.01234788354,0.0142521197,0.008534959517,0.004932690412,0.001772673335,0.004203842487,0.0004231109342,0.010606247,0.003389909863,9.603521903e-05,0.002405230189,0.01579320058,0.004644613713,0.02253053151,0.02773666941,0.01119015273,0.005390994716,0.01128810365,0.05502907559,0.8959797025,0.02619990893,0.003239265876,0.02590314113,0.01240153611,0.004040221684,0.01179550122,0.004433778115,0.02214198373,0.000384255196,0.02822444588,0.4666723609,0.4946671426,0.05531184003,0.05992815644,0.01837910153,0.016702516,0.00648230454,0.001727864379,0.0006611333229,0.003407481126,6.843204028e-05,6.284449046e-05,0.001137375832,7.089253631e-05,0.0001997486834,1.441873246e-05,7.831656694e-05,1.424985476e-05,5.741096174e-05,9.522973414e-05,0,0,0,0.004761904944,0.004982343875,0.0009625338716,0.002380952472,0.0006458341377,0,0.002506189747,0.007093266118,0,0.001661066432,0.0009969070088,0.000160700627,0,0,0.0002259527537,0.002916188212,0.002094631782,0.004761904944,0.001932213549,0,0.001073336694,0,0.0008318172768,0.004917198326,0.0004192872439,0.000301197957,0.002380952472,0.001067860168,0,0,0.001991841709,0.005230944604,0,0.002552678576,0.005605799612,0.0002262910712,0.0009128222009
51,0.0002928059839,0.002583438996,0.0004365851055,0.01240813918,0.0001384205389,0.005347650498,0.004219768103,0.001617635484,0.002253445098,0.007049466949,0.002412259346,0.005351720843,0.08043085039,0.09250490367,0.02843204513,0.02770642005,0.0314919576,0.03450495005,0.04157982394,0.05138684809,0.05232741684,0.04099965468,0.0165470168,0.01429562736,0.01988147572,0.02027943917,0.0202129595,0.03524691984,0.03315914422,0.03961220756,0.0522063747,0.05111332238,0.05005256832,0.02756725624,0.02858255431,0.04752616584,0.01151166111,0,0.002380952239,0.007142857648,0.007142857648,0.005184066482,0,0.1878839433,0.001043985016,0.001344716875,0.0002301449276,3.959781679e-05,3.971269689e-05,7.056116738e-05,0,0.0174756702,0.006947809365,0.01659702323,0.01375678554,0.01772951707,0.009762965143,0.004837472457,0.007050066255,0.003783722408,0.005652004387,0.005640047137,0.000242832175,0.00394302886,0.02325182781,0.009583866224,0.02320954762,0.0194083862,0.009068775922,0.005034933332,0.003458629129,0.05395367369,0.9325271845,0.03010178357,0.007461121771,0.02353807539,0.0201936774,0.007017944008,0.02107998542,0.00298830308,0.002776239533,0.0001205817462,0.0394240208,0.4946558475,0.4732882679,0.05073612556,0.04805079475,0.01950482093,0.01286494173,0.007722737268,0.003875629045,6.958350423e-05,0.001084909891,8.399759099e-05,9.89624823e-06,0,3.988618573e-06,0,2.121279795e-05,5.672967291e-06,7.103484677e-06,7.462035683e-06,0.0002251183032,0.0003713110636,0,0,0.001368845114,0.002626148984,7.26300641e-05,0,0.0001218278194,0.0003764809517,0.001072865911,0.002013922436,0,0.003757562954,0.0005564115127,4.950612492e-05,0,0,0,0.005211416632,0.002380952472,0,0.0004275493266,1.34060756e-05,0.0001664739539,0,0.0001068342099,0.001006088452,4.804303535e-05,6.653735181e-05,0,7.21289689e-05,0,0.0007667578757,0.001734112622,0.0007408185629,0.001631244202,0,0.001327313366,1.697319203e-05,0.0004086174886
52,0.00505052926,0.00588621432,0.005375561304,0.01028688531,0.004711275455,0.005875529721,0.0009171176935,0.006111430936,0.02623117156,0.006653302815,0.004961992148,0.00399240572,0.2540657818,0.2628049552,0.05904855952,0.07846417278,0.02148474753,0.006090905983,0.02312014997,0.01616129465,0.02341805026,0.015941469,0.004761904944,0.009088480845,0.009547139518,0.01419725269,0.03534762934,0.01814477704,0.04100457206,0.04163170978,0.05227243155,0.04377985001,0.02466609888,0.0143380519,0.02344915643,0.03525225073,0.004589790478,0.002380952472,0.002380952472,0.002380952239,0.004761904944,0,0,0.2219016254,0.08793785423,0.02897755243,0.04798770323,0.06080106646,0.02333496697,0.02052587457,0.0174756702,0,0.0003100045142,0.0006761311088,0.005076576024,0.01342609804,0.002496385016,0.001479416853,0.001579824951,0.01682487689,0.001080114278,0.003205976216,0.00536432676,0.002404730767,0.005418662447,0.005813809577,0.004412390292,0.0008960466366,0.02774496004,0.001435826882,0.003154272446,0.1601575464,0.961992383,0.003853533184,0.00893816445,0.01318362355,0.00612985529,0.005158856511,0.01483662147,0.004806962796,0.00172259484,0.005208957475,0.01374587417,0.4404982626,0.2591280937,0.01955986768,0.0484838672,0.003144119866,0.01991256885,0.002034690231,0.007137986366,0.007087770849,0.005452738609,0.005324168131,0.0107858628,0.008140691556,0.01048377249,0.00983642973,0.008099053055,0.004091383424,0.008329733275,0.00937278755,0.003916649614,0.001637554844,0.001512831892,0.003454398131,0.003638330614,0.00239061052,0.006155777257,0.003623714671,0.005366910249,0.0005005254061,0.004370253533,0.00326311402,0.004068413749,0.005540443119,0.001981796697,0.004810225219,0.001684575458,0.005390250124,0.005678599235,0.003107302822,0.01090203039,0.003971503582,0.005220964551,0.0054997853,0.004156117328,0.001069686608,0.006031393073,0.003325215308,0.004794606473,0.004670706112,0.003078719368,0.005521570798,0.002111003269,0.00211472204,0.008356616832,0.005123067182,0.002515767002,0.002912356053,0.004132478964,0.005972333252,0.00512604462
53,0.0006669817376,0.001475311932,0,0,0.0002245981741,0,0.002380952472,0.00112641498,0.002745980397,0.0003543057828,0.0001340764284,0.0001531007583,0.1368937343,0.09321758151,0.004761904944,0.07617001235,0.002380952472,0.009523809887,0.002380952472,0.01101495791,0.01122909877,0.002380952472,0.005672058091,0.002380952472,0.002380952472,0.004761904944,0.01690312102,0.006749453023,0.01785396412,0.02653541975,0.03100203723,0.01602741331,0.009363373742,0.007142857648,0.002380952472,0.02296649478,0,0,0,0,0,0.002380952239,0,0.1958357096,0.06315363944,0.01488398015,0.03580455109,0.03684930876,0.01255413424,0.01322881225,0.006947809365,0.0003100045142,0,1.134583499e-06,7.369170362e-06,9.707712161e-05,2.24461528e-05,0,0,0.002874551108,1.865683589e-05,0,0.000746698759,4.329297008e-05,8.187519416e-05,6.14089513e-05,0.0009186271927,1.023812547e-05,9.667575796e-05,0,0.000570278673,0.01145150978,0.917073369,3.793185533e-05,0.0004896114697,0.0001041975411,8.524332952e-05,0.0002870603348,0.002237941604,1.081091796e-05,0,0.0007850587135,0.00388350198,0.3592720032,0.2934862375,0.02035787515,0.002940100152,4.998208169e-05,0.0008803206729,2.137009506e-05,0.001315428759,0.005067649763,0,0,0,0,0,0,0,0,0,0,0,0,0,0,0,0.0002987345215,0,0,0.0003382719005,0,0,0,0,0,0,0.001153589459,0,0,0,0,0,0,0,0,0,0,0.0004701542784,0,0,0,0,0,0,0,0,0.0009005081374,0,0,0,0,0
54,0.0008276274311,0,0.000391116424,0.001660736278,0,0,0.002380952472,0.002042282838,0.0004829410464,3.283914339e-05,7.155992353e-05,2.804931682e-05,0.06491607428,0.1477669328,0.006316727959,0.03941626474,0.0005722430651,0.00290782284,0.002380952472,0.006784181111,0.003467918606,0.002380952472,0,0.002380952472,0.002380952472,0.002427004045,0.0102181742,0.01986753009,0.01124126371,0.02013362572,0.01830428466,0.009697169997,0.01248824317,0.01068389788,0.004515966401,0.02178939432,0.0004614823556,0,0.002380952472,0,0,0,0,0.2152888626,0.07598794252,0.008532172069,0.03364144266,0.04568804801,0.0120071508,0.01234788354,0.01659702323,0.0006761311088,1.134583499e-06,0,1.513961593e-06,2.008609044e-06,2.009148147e-06,2.325786227e-06,3.939125963e-05,0.002072531031,0,1.847057501e-05,0.0005593364476,0.0002836447966,7.653344255e-06,0,0.001660790527,1.092647744e-05,3.662833478e-05,0,1.467955826e-05,0.01033215411,0.8760387897,4.131637252e-05,0.0002987975022,0.0003151468118,9.964738274e-05,0,8.271070692e-05,0.0009057699353,0,0.0003887990897,0.0004796354333,0.2567327619,0.4013144374,0.03075012006,0.0006569096004,4.918898412e-05,0.00111557194,0,4.155973147e-05,0.009523809887,0.001297951909,0,0,0,0,0,0,0,0,0,0,0,0,0,0,6.070267045e-05,0,0,0,0,0.000248954806,0,0,0,0,0,0,0,0,0.0002156580158,0,0,0,0,0,0,0.001644800417,0.0001477288024,0,0,0,0,0,0,0,0,0,0,0,0.002380952472,0.0002852564212
55,0.0008629791555,0,0.0001585840946,0.0009995382279,0,0.002380952472,0.004761904944,0.0007673767395,0.0005135393585,6.266369746e-05,0.0002458210511,8.501478442e-05,0.06269496679,0.1910794973,0.02158006653,0.0478361249,0.007652622648,0.00773043884,0.004841572605,0.01612671092,0.004379109014,0.009440244175,0,0.002526967321,0.003166936338,0.009706351906,0.01063841116,0.009631215595,0.03041709401,0.02016496658,0.01682105847,0.01852783374,0.01067282632,0.008723221719,0.01718353108,0.01989793405,0.003181735752,0,0,0.002380952472,0.002380952472,0,0,0.2146286517,0.1013612673,0.004595888779,0.06868372113,0.04036488011,0.04214576632,0.0142521197,0.01375678554,0.005076576024,7.369170362e-06,1.513961593e-06,0,1.175803391e-06,5.48919752e-06,1.049011826e-05,3.344437573e-05,0.000574035279,4.13765747e-07,8.804973731e-06,0.0005594141548,0.0001434754959,1.313475877e-05,2.087351504e-06,0.004981075879,3.896523776e-05,0.0005869255401,0,3.355459194e-05,0.03638613597,0.8237515092,0.0001282724406,0.0001333569671,0.002963442821,3.53050018e-05,0,4.280251233e-05,0.0001000280754,3.356030356e-05,0.002740790835,0.0004399312893,0.1931049228,0.5361346006,0.04034468532,0.008954096586,0.0004059301864,0.007142857648,0,3.120035035e-05,0.006791987922,0,0,0,0,0.002380952472,0,0,0,0,0,0,0,0,0,0,3.57190288e-06,0,0,0.0008000119124,0,0,0.0001024070807,0,0,0,0,0,0,0,0,0,0.002380952472,0,0,0,0,0.0001686557662,0,0,0,0,0,0,0,0,0,0,0,0,0.002380952472,0
56,0.0003060992458,0.0007836648729,0.0001100775698,0.003045318415,0,0.002380952239,0,0.005523515865,0.000355269236,8.170870569e-05,0.0002672585251,0.000124070837,0.05046146736,0.1802327782,0.006930256262,0.03327253833,0.006877924316,0.004782596137,0.004761904944,0.01301432122,0.0106659662,0.008605493233,0.004761904944,0.002380952472,0.002380952472,0.004761904944,0.005954473745,0.009883658029,0.01100434642,0.0182085149,0.01139548235,0.01851200685,0.009656951763,0.005605772603,0.007364123594,0.01210715342,0.002380952472,0,0,0,0.000857330102,0.002380952472,0,0.1914812028,0.05024172366,0.00272426731,0.06158828363,0.04452873766,0.02303011157,0.008534959517,0.01772951707,0.01342609804,9.707712161e-05,2.008609044e-06,1.175803391e-06,0,2.122571004e-06,4.750352218e-06,2.738817784e-05,0.0004243723815,0,2.015809878e-05,0.000372305949,4.744099351e-05,1.799210622e-05,2.644480219e-06,0.003680498106,0.0007018966135,0.002284760121,0,0,0.01703115925,0.8144487739,0.0001720468281,5.004817649e-05,0.001912425621,0.0004622047418,0.0004120737431,4.343359615e-05,0.0003905184858,1.611895095e-05,0.001078142086,0.0005490838084,0.1970603615,0.5455733538,0.03837443516,0.01816464588,0.002417428186,0.003255006857,0,1.278679156e-05,0.005075924564,0.004761904944,0,0,0,0,0,0,0,0,0,0,0,0,0,0,0,0,0,0.0003970426624,0,0.0001002168574,0.0001882009965,0,0,0,0,0,0,0,0,0,0,0.002380952472,0,0.0009026883054,0,0,0,0,0,0,0,0,0,0,0,0,0,0,0,0.002380952472
57,0.001680988469,0.004594442435,0.0008224714547,0.00486118719,0.006453996524,0,0,0.007756009698,0.0001390248362,0.0001531273156,3.075645145e-05,0.000130129527,0.02102269977,0.08565191925,0.006825570948,0.05861425772,0.01878771,0.01607329585,0.02221961506,0.02021544613,0.01930607483,0.02059821226,0.019004317,0.0121283168,0.01149160787,0.02513640374,0.01280442812,0.0252115801,0.02517226152,0.02877095714,0.02813450992,0.03180091083,0.0314251259,0.02763901278,0.0181443058,0.0194195658,0.01469754241,0.0007001730264,0.003022151766,0.01328986976,0.005789292511,0.003427716903,0.000395316194,0.2323334962,0.03908729553,0.00305217714,0.01689229161,0.02625191584,0.01616480015,0.004932690412,0.009762965143,0.002496385016,2.24461528e-05,2.009148147e-06,5.48919752e-06,2.122571004e-06,0,1.124966002e-05,4.538167559e-05,0.0006561392802,1.200515499e-06,1.089270086e-06,0.0001581506222,8.769045235e-05,2.066371417e-05,8.115494893e-06,0.003126363037,0.0001130520977,0.0002358439087,0.0001528384018,4.739049473e-05,0.007525243331,0.8123254776,3.80778074e-05,0.000111575122,0.0002269922552,0,0,2.917772508e-05,0.0004226830788,0,0.002056568628,0.0005794158787,0.2406918705,0.4700309932,0.03607853502,0.003475062549,0.0002111740323,0,0.0003153177968,2.46790496e-05,0,0.002695139963,0.00685321074,0.001789616654,0,0,0.002380952472,0,0,0,0,0,0,0,0,0.0005629067309,3.287044456e-05,0.0007624761201,0,0.0001639989641,0,7.506676775e-05,0.0001695164101,0,0.0002819637593,0,0.001188420923,0,0,0,0,0.000235112122,0,0.001599238953,0,0,0.0003425324394,0,0.0001028155166,0,0,0,0.0006263136165,0,0.002432707464,0.002380952472,0,8.307034295e-05,0,0,0,0
58,0.0009814188816,0.002000415465,0.0004526127886,0.01719923131,0.0006252950989,0,0,0.007779759355,0.0002487709862,0.0004167879815,7.40982141e-05,0.0004555555934,0.04178009182,0.06625085324,0.004653770011,0.08923576027,0.03144365549,0.03228227422,0.04459131509,0.04955189675,0.0323243998,0.03224248812,0.03591841832,0.01018669829,0.02729759738,0.03109515086,0.020728359,0.0377525948,0.0373468399,0.04291183501,0.04304400459,0.04503779858,0.05284858122,0.03576721996,0.0286157988,0.03941062838,0.03274481744,0.007544221822,0.00822298415,0.01063210424,0.01030286495,0.01833165623,0,0.2275585085,0.03921794146,0.00532059744,0.03308746591,0.02388573065,0.01565570384,0.001772673335,0.004837472457,0.001479416853,0,2.325786227e-06,1.049011826e-05,4.750352218e-06,1.124966002e-05,0,4.47677121e-05,0.0007741426816,5.320025025e-07,5.366359801e-07,0.0001109565783,2.130342546e-05,4.504046592e-05,4.654962322e-05,0.00262942072,5.614571637e-05,0.0004081958614,0,0.0001043351222,0.01765400916,0.8673318624,6.699609366e-05,0.000145168975,0.001591503271,5.152975791e-05,7.631061453e-05,5.346288162e-05,0,0.000298577419,0.0003737689694,0.001495121862,0.3267657161,0.3834698498,0.02615303546,0.007119605318,0,0.002380952472,0.001029146835,3.305416976e-05,0.003288232489,0.0001244088635,0.007007414475,0,0,0,0.002380952239,0.0004855144653,0,0.001116664149,0,0,0,0,0.0006963203195,0.001377743669,0.0001589682652,0,0,0,0,1.283906022e-05,1.858148062e-05,0,0.0003886646009,0.0002247267257,0.0006212539156,0,0,0,0.0002270225668,0.0003255656338,0,0.0018300761,0.0001398439199,0,0,8.172606613e-05,0,0,0,0,0,0,0,0,0,0.0004178239033,0,0.0008070414769,0.0002147307823,0.000138276504
59,0.0006241432275,0.00104859448,0.0002162514138,0.003264516126,0.00170960906,0,0,0.005285760388,9.88253887e-05,7.842342166e-05,4.456460374e-05,0.0002107375476,0.02244376577,0.04392695799,0.003428093623,0.06975734979,0.01858830452,0.02581907064,0.02710340731,0.03108452819,0.02747910842,0.02284021862,0.02452919446,0.02223091014,0.01337659825,0.02385700494,0.0170235578,0.0273531545,0.02953573316,0.03344552219,0.0311387945,0.03583701327,0.04057895392,0.03382446617,0.02348135039,0.02794039063,0.02417996339,0.009475064464,0.004815937951,0.009688476101,0.0220573321,0.01002886333,0,0.2526034713,0.03298069164,0.005346269812,0.01566089876,0.01498487312,0.004780927207,0.004203842487,0.007050066255,0.001579824951,0,3.939125963e-05,3.344437573e-05,2.738817784e-05,4.538167559e-05,4.47677121e-05,0,0.002502055606,9.331934962e-06,0.0001148461743,0.0005557969562,2.765122917e-05,3.881904922e-05,2.008944648e-05,0.002046054462,0.0001476317266,0.0002384756808,0,6.116508303e-06,0.006286906078,0.8743764758,0.0001457965263,0.001260823221,0.0008465941064,0.0001950324076,9.177060565e-05,0.0002555591345,4.097373676e-06,8.79892832e-06,0.0002884691348,0.00399622228,0.3428944349,0.4011392593,0.0254672654,0.003267915687,4.519081267e-05,0.0004864337679,0.0004992551985,0.0001823387865,0.0005251060356,9.744912859e-06,0.002816266147,0,0,0.002380952472,0,0,0,0.0003594296868,0.0002362983068,0,0,0,0,0.0001251421054,1.181531479e-05,0.000368970359,0,0.0004100093793,2.471652442e-05,2.577223768e-06,3.851759175e-05,4.570809324e-05,7.597146032e-05,1.868249092e-05,0,0,0,1.445988528e-05,0,2.525220043e-05,0,0.004019524902,0,0,0,0.0002284320362,0,0,0,0,1.94632521e-05,0,0,0.0003345702717,0.00122700783,0.0003628661798,0.0002120079444,0.0003378886613,0.0003281633544,2.364021566e-05
60,0.001962034265,0.004494590685,0.006287141237,0.01580481417,0.00728486618,0.0149461953,0.017420711,0.0163925495,0.01014848705,0.003443507478,0.006088836119,0.005028695334,0.1846644282,0.2415948361,0.06544243544,0.03963394463,0.02796399966,0.01549693197,0.01632697135,0.03570517153,0.02513005771,0.02168073319,0.0209214054,0,0.00584028149,0.01412924845,0.02407495119,0.04267481714,0.02650539018,0.05412825197,0.04412722588,0.04312191531,0.03407921642,0.02618388832,0.01553382911,0.02777541801,0.008224642836,0,0.002380952472,0,0.0007618264644,0,0,0.179377377,0.02262243815,0.000793555635,0.02251079492,0.05761489645,0.02400245145,0.0004231109342,0.003783722408,0.01682487689,0.002874551108,0.002072531031,0.000574035279,0.0004243723815,0.0006561392802,0.0007741426816,0.002502055606,0,0.0008198519936,0.0006377919926,0.0002826971177,0.001867698389,0.001191146206,0.0005784571986,0.002326678485,0.005633387715,0.0120156873,0.002519071102,0.0009938766016,0.07833386958,0.8217622638,0.001974445302,0.000273077545,0.01167824306,0.001694842707,0.0005883264239,0.0009365540463,0.009275973774,0.001209699316,0.001281975419,0.0002773421875,0.1155904904,0.4932798743,0.04122004285,0.05254336447,0.002393354429,0.02812999859,0.00180868723,0.0006509554223,0.00884534698,0.005443895236,0.003714322578,0,0.001902422286,0.0003423993185,0.001354378415,0.002050869633,0.0009301843238,0.001850745291,0.001703359769,0.004723233636,0.001791067421,0.002380952472,0,0,0.001452426892,0.001999536995,0,0.006242960226,0.002380952472,0.004453395493,0.002709310269,0.0003212085867,0.0006794842775,0.001445707399,0.003580671037,0.0005661974428,0,0.002088913927,0.003468357259,0.000615045079,0,0.01226375718,0.0002732060966,0.003528740723,0.000468429731,0.002274084371,0.003146882402,0.002880692249,0.0002589915239,0.0007474618033,0.004055505153,0,0.0005370367435,0.001868525054,0.008688046597,0.0005469188327,0.0007914860034,0,0.001367380959,0.003323008073
61,0.001211206312,0,0.002486850135,0.0009882494342,3.580897828e-05,0,0,0.005962827243,0.0006400402635,0.0002132581867,0.0002566392068,0.0001863379439,0.08603489399,0.09393750876,0.007142857648,0.0772978738,0.01038888469,0.01013992913,0.01045631245,0.01201558299,0.01201910153,0.009523809887,0.002380952472,0.004761904944,0.004761904944,0,0.02321134694,0.01845559664,0.009343403392,0.02691163495,0.03660684824,0.02576697804,0.01097426657,0.006462657358,0.01515129115,0.02478266694,0.008982885629,0,0,0,0,0,0,0.203053236,0.03465250507,0.006667996291,0.02181312069,0.02394512296,0.0129315434,0.010606247,0.005652004387,0.001080114278,1.865683589e-05,0,4.13765747e-07,0,1.200515499e-06,5.320025025e-07,9.331934962e-06,0.0008198519936,0,0,3.372839274e-05,2.7226979e-05,4.044450179e-06,7.256111076e-06,0.002317959908,4.85485225e-06,0.0002788799757,0,6.436092372e-05,0.01085205562,0.8310972452,4.2018778e-06,4.992136746e-05,0.001041050651,4.015279046e-05,0.0003531495749,0.0001064175885,1.542316386e-05,0,0.0007067981642,0.0003039773146,0.2218225002,0.4097252786,0.03698429465,0.01154407952,0.0001023004152,0,0,0,0.004761904944,0.002380952472,0.001203940599,0,0,0,0,0,0,0,0,0,0,0,0,0,0,0,0,0.0004573563638,0,0,0,0,0,0,0,0,0,0,0,0,0,0,0,0,0,0,0,0,0,0,0,0,0,0,0,0,0,0,0,0
62,8.78853316e-05,0.0007124227122,1.36816916e-05,0.00150319119,0,0,0,0.003032288747,0.0006310282042,0.0001313541434,0.0004482117947,0.0004500166397,0.05095394328,0.08993206918,0.004761904944,0.06213981286,0.01193115395,0.01246795803,0.01124333683,0.02118973434,0.01763091795,0.02619496919,0.00515680667,0.003499872517,0.007748243865,0.00709597161,0.01415180042,0.02974267118,0.02597191744,0.0330943577,0.0438343212,0.03113330714,0.02761072852,0.01489625406,0.02125108615,0.02107944526,0.001059444039,0,0.002380952472,0.002380952472,0,0.002380952472,0,0.2024372369,0.03770789877,0.005063460674,0.0322865583,0.02758911066,0.01261911914,0.003389909863,0.005640047137,0.003205976216,0,1.847057501e-05,8.804973731e-06,2.015809878e-05,1.089270086e-06,5.366359801e-07,0.0001148461743,0.0006377919926,0,0,4.189156243e-06,8.752161193e-06,3.166577153e-05,2.13343792e-05,0.002397992648,2.340927313e-05,0.0005717647728,0,0.0002249993413,0.009409259073,0.8760892153,7.310663477e-06,1.055530811e-05,0.000936680939,4.712248119e-05,0,5.072327986e-05,3.290670429e-05,0,0.0001256141986,0.0001605557773,0.3060818017,0.3999691308,0.02703272179,0.009241200052,3.951957842e-05,0.0002679687168,0,7.096321497e-06,0.005914555397,0.001671433798,0.00395504944,0,0,0,0,0.002380952472,0,0,0,0,0,0,0,0,0.0001249820052,0,0,2.438482261e-05,0,0.0001102994211,0,0,0,0,0,0,0,0,5.354224777e-05,0,0,0.0001388921082,0,0,0,3.250193549e-05,0,5.386439443e-05,0,0,0,0,0,0,0,0,0,0,0.0007229464827,0
63,0.0004435760784,0.00190151541,0.0003801031853,0.006413696334,4.912061922e-05,0.001360617462,0.005837262608,0.001448948402,0.001245957334,0.00144851231,0.001294949558,0.00151054142,0.063864775,0.09005134553,0.05112463981,0.05648829043,0.03120165877,0.05539825559,0.04573502764,0.05477927253,0.0406552963,0.03512098268,0.03959491849,0.01711319946,0.01996358298,0.03470146284,0.02213430032,0.05241076276,0.03989128396,0.04652636126,0.05259045213,0.05868730322,0.05346729979,0.04906621575,0.04159387574,0.04323243722,0.03015704267,0.005371528212,0.003118100343,0.01043752767,0.01087912172,0.008978397585,0,0.1910812855,0.01025932748,0.002224402037,0.008051725104,0.01442023832,0.000917258265,9.603521903e-05,0.000242832175,0.00536432676,0.000746698759,0.0005593364476,0.0005594141548,0.000372305949,0.0001581506222,0.0001109565783,0.0005557969562,0.0002826971177,3.372839274e-05,4.189156243e-06,0,3.890393054e-05,0.001437818166,0.0003168169933,0.005966420285,0.001512975665,0.004874350969,0.0006094116834,0.0001780277817,0.05743663013,0.904746592,0.00068474625,5.624839105e-05,0.01034260727,0.002698121592,0.0006991721457,0.00117658102,0.0004811622784,0.000539589324,4.244059164e-05,0.00510672899,0.4161354303,0.4152915776,0.03638998792,0.04391934723,0.003738545347,0.01329066325,0.000778463087,0.0004583236587,0.0001595098001,0.000237472952,0.0007706277538,0,0,0,1.94316508e-05,3.448037387e-05,9.948045044e-05,3.559003289e-06,3.473378456e-05,9.200761269e-06,0,0,0,0.001296149218,0.0006533642299,3.049416773e-05,0,6.165228842e-05,0,0.0001879194315,0.0002903955756,0,0.0009999575559,0.0002093143848,0.0001513946336,0,0.000552984653,0,0.0004061792861,0.0001629206818,0.0005332272849,0.0002821919043,2.789144492e-05,8.139750571e-05,0,7.785769412e-05,0.0005185549962,3.44685327e-06,5.988257908e-05,0,0.0001340144518,5.168282951e-05,0,0.001446799492,0.000354679185,0.0013483488,0.0009477696731,0,1.028723091e-05,3.04535406e-05
64,0.0001346476638,0.002189263003,0.0001016502865,0.005894370377,7.77374371e-05,0.0002342717198,0,0.001946350443,0.0002942965657,0.0003131437988,0.0003194088058,0.000573274272,0.0399755612,0.0652551055,0.01521111466,0.07858858258,0.03091095202,0.03742819652,0.04942919314,0.04306774214,0.04394835606,0.03145963699,0.02332917973,0.02102995664,0.02378564142,0.02411931939,0.01938395388,0.04130687937,0.0413376689,0.04214977846,0.048092857,0.05051835626,0.06032184139,0.05486334115,0.0398401916,0.04075196758,0.03209797293,0.007142857648,0.005767771043,0.01839661039,0.005658085924,0.01082454808,0,0.229119584,0.0452355817,0.007616811432,0.03091463633,0.03945347667,0.003663721029,0.002405230189,0.00394302886,0.002404730767,4.329297008e-05,0.0002836447966,0.0001434754959,4.744099351e-05,8.769045235e-05,2.130342546e-05,2.765122917e-05,0.001867698389,2.7226979e-05,8.752161193e-06,3.890393054e-05,0,0.0003621840151,7.138813089e-05,0.002400696278,0.0002791906008,0.001911255531,0,3.278943041e-06,0.03377389535,0.9236684442,0.0002795479086,0.0002920996922,0.004262590781,0.001105040894,0.0002504664299,0.0004822424089,1.684062408e-05,0,2.586833762e-05,0.002834823681,0.4006358385,0.361962229,0.02564562485,0.03276069462,0.0003716197971,0.001049355953,9.497765132e-05,2.443334233e-05,0.0008220907766,2.911039337e-05,0.00102491735,3.200534411e-05,0,0,1.166181664e-05,8.305755182e-05,4.100943261e-05,1.931399311e-05,1.495820743e-05,1.280767628e-05,0,0,0.0001425598457,0.0007868349785,3.929004743e-05,0,0,3.737154475e-05,0,1.864648584e-05,2.460807264e-05,0,0.0003710264864,6.02034379e-06,1.178874027e-05,0,0,0,1.34446127e-05,0.0003919390147,0,0.0002082245192,2.675905307e-05,0,0,5.015970237e-05,0,0,0,0,5.141672318e-06,0,0.0003380156413,0,0,0.0002463298151,0,0.0004081407969,1.004204296e-05,1.31799361e-05
65,0,4.92685358e-05,0.0001767936337,0.0001548585133,0,0,0.004710232373,0.002956293989,0.0007111613522,1.373949453e-05,0.0004905858077,0.0001298964053,0.1030063331,0.2655066252,0.04036803171,0.01568097249,0.0007530709845,0,0.00313688023,0.003995936364,0.0008187901112,0.003932390828,0.001399700996,0.002380952472,0,0.002380952239,0.003941669594,0.006353111006,0.006544500124,0.01007855404,0.006238371134,0.004948180635,0.005317566916,0.004138266668,0.0002230436949,0.007561484817,0.002380952472,0,0,0,0,0,0,0.2256369293,0.09856621176,0.005165413488,0.05843824521,0.09908793867,0.04456215352,0.01579320058,0.02325182781,0.005418662447,8.187519416e-05,7.653344255e-06,1.313475877e-05,1.799210622e-05,2.066371417e-05,4.504046592e-05,3.881904922e-05,0.001191146206,4.044450179e-06,3.166577153e-05,0.001437818166,0.0003621840151,0,3.165913085e-06,0.003627015045,0.0001977296488,0.0002595403057,0.0001288458152,1.620940225e-06,0.04190921411,0.8458286524,0.0001361859468,0.0002452585613,0.0003441231675,5.130078989e-06,0,5.083943051e-06,0.0006744514103,0,0.002688191831,0.0007376108551,0.2047806978,0.5268537402,0.04114630818,0.00420315098,6.909587682e-06,0.0009706644923,2.767162414e-06,8.384028661e-06,0.006206350401,0.002052192809,0.001273778267,0,0,0,0,0,0,0,0.0006810876657,0.0001365474745,0,0,0,0,1.129955581e-05,0,0,0.0004973444738,0,0,0,0,2.392148645e-06,0,0,0,0,0,0,0,0.002380952472,0,0,0,0,0.002513785614,0.0003551270347,0.001029123086,0,0,0,0.002380952472,0,0,0,0,0,0,0,0.0006505838246
66,0.0001024277008,4.87110774e-05,9.885863255e-05,0.0004713707895,0.0001551034948,0.002380952472,0,0.001591658685,7.699774142e-05,1.097897348e-05,4.46200138e-05,3.215080869e-05,0.01513446495,0.1114961132,0.008767560124,0.01538168732,0.002347380389,0.003006019862,0.003085549222,0.002727162093,0.004022870213,0.001695041778,0.00418256782,0.001735479455,0.001436787774,0.004408580717,0.003815794131,0.00745435711,0.008725019172,0.006434270181,0.008080145344,0.009439686313,0.005992973689,0.006082486827,0.002984944033,0.005429678597,0.002339929342,0,0.002822251758,0.00111137901,0.002588963835,0,0,0.2053293884,0.04661191627,0.002941515762,0.03673479706,0.03022377566,0.01845450886,0.004644613713,0.009583866224,0.005813809577,6.14089513e-05,0,2.087351504e-06,2.644480219e-06,8.115494893e-06,4.654962322e-05,2.008944648e-05,0.0005784571986,7.256111076e-06,2.13343792e-05,0.0003168169933,7.138813089e-05,3.165913085e-06,0,0.003892049426,0.0006960557075,0.0001974100596,1.880591662e-05,4.967936547e-06,0.01503589004,0.825453341,0.0003895522968,0.0001241023856,0.000256654137,3.103714698e-05,3.830657442e-05,7.75917124e-06,0.0002161509328,0,0.0005905481521,0.0009487557691,0.2282583714,0.5011193752,0.04338781536,0.002520777285,1.547014472e-05,0.0004109470756,1.243894417e-06,7.442344554e-07,0.002562313341,0.000153933579,0.002380952472,0,0,0,0,0.002380952239,0,0,0.0001153850171,0,0,0,0,9.32767507e-05,1.996403171e-06,0,0,0,0,0,0.0001399513858,0,0,0,0,0,0,0,0,1.061935677e-06,0,0.0005514893564,0,0,0,0.0001696641848,0.0001613494969,0,0,0,0,0,6.655484322e-05,0,0,2.365563887e-05,1.044279088e-05,0,0,5.501837222e-05
67,0.0076602716,0.002910391428,0.009365342557,0.01147820987,0.007214470301,0.01125005446,0.01063540392,0.01059333328,0.04212533683,0.008806820028,0.01120078564,0.007937584072,0.3586773276,0.3716834784,0.05574214458,0.09099250287,0.003847862594,0.002380952472,0.007142857648,0.0146781113,0.004761904944,0,0,0,0.004761904944,0,0.01710022613,0.01085845474,0.02258669399,0.02313648723,0.02011923864,0.01843340695,0.007310493384,0.0008885720163,0.01134100091,0.01312846504,0,0,0,0.002380952472,0,0,0,0.2745982409,0.1368076801,0.0179794766,0.05946145952,0.09477157891,0.05694130808,0.02253053151,0.02320954762,0.004412390292,0.0009186271927,0.001660790527,0.004981075879,0.003680498106,0.003126363037,0.00262942072,0.002046054462,0.002326678485,0.002317959908,0.002397992648,0.005966420285,0.002400696278,0.003627015045,0.003892049426,0,0.001057916204,0.01379660703,0.001896163099,0.002665828913,0.09255922586,0.9249694943,0.001425957307,0.003366749501,0.01167281065,0.003103228519,0.006054164376,0.004955843557,0.003059200477,0.00515376078,0.0048574307,0.001395871746,0.2333478332,0.3670013845,0.01832677796,0.04599126056,0.003047314007,0.02154607698,0.003946667537,0.002420501085,0.009163356386,0.007457866799,0.004761904944,0.003862249432,0.002380952472,0.0036865531,0.004683902487,0.01325195748,0.00536017213,0.008481726982,0.006456951145,0.003138973378,0.0003766512673,0.0005158123095,0.002380952472,0.0009421082214,0.00217772834,0.007178536616,0,0.004577498883,0,0.003656239016,0.001565051731,0.001332492102,0.001362468814,0.002943538595,0.001955953427,0,0,0.003678593086,0.003842033213,0.002808661433,0.007142857648,0.007412007544,0.002677236218,0.00393562438,0.001584870974,0.006603607442,0.00388286449,0.00097275601,0.001112174708,0.002380952239,0.002862350317,0,0.001979673747,0,0,0.001141051762,0.003340132069,0.0009358415846,0.005849454552,0.003603220452
68,0.0005479406682,0,0.001396391308,0.009638275951,0.0001440114283,0.006320866756,0.003881902434,0.003213183023,0.003805499757,0.0009122404736,0.001009361586,0.0008861481911,0.2000568211,0.2696538568,0.03077375144,0.07898379117,0.02310017124,0.01200575382,0.01502743643,0.02929697745,0.02974087931,0.008676447906,0.002380952472,0.006539342925,0.004761904944,0.005342834629,0.02286145277,0.02767710947,0.02738437243,0.05015037209,0.03314596415,0.03476012126,0.02712192386,0.03084187023,0.02365605533,0.02790820226,0.008116229437,0,0.002380952472,0.002380952472,0.004761904944,0,0,0.2625300884,0.1079991609,0.02354278415,0.0668540597,0.08906652033,0.04159567133,0.02773666941,0.0194083862,0.0008960466366,1.023812547e-05,1.092647744e-05,3.896523776e-05,0.0007018966135,0.0001130520977,5.614571637e-05,0.0001476317266,0.005633387715,4.85485225e-06,2.340927313e-05,0.001512975665,0.0002791906008,0.0001977296488,0.0006960557075,0.001057916204,0,0.001065021846,0.0002131046349,0.0001051181607,0.06217467412,0.9311088324,0.0001199211983,0.002265247982,0.001645936863,0.0003905885096,0.0005210970412,0.001106104464,0.0003366550663,0,0.001536174561,0.001989840297,0.3330138624,0.3580034673,0.02393517829,0.008431766182,0.0001114687548,0.002781843068,0.0001892645814,0.0007028916152,0.005122595467,0.002943458734,0.0005679226015,0.001130593359,0,0,0,0.008116538636,0.002380952472,0.002022354631,0.006276940461,2.544514609e-05,0,0,0,0,1.275620707e-05,0,0,0.0004436797462,0,0.0001544402912,0.0002393046598,0,0.0002505237935,0.0002189222287,0.000208418729,0,0,0.0001149213931,0,0.0006745290011,0.003092500614,0.01192344166,0.0007524330285,0.0002206166246,0,0.002563437447,0.0006169854314,7.178425585e-05,0.0007333366084,0.0008837250643,0.0004081314546,0,0.000458140712,0,0,5.35291656e-05,0,0,0.0006445710897,0.0007700237911
69,0.00315230526,0.002311251592,0.002992248163,0.00410688296,0.00697100535,0.01182003412,0.04648352787,0.006388775539,0.01336666197,0.001584582613,0.002966279862,0.002049522474,0.1717498153,0.3480727673,0.1148498654,0.0421891585,0.006261157803,0.004433928989,0.007654343266,0.01678897627,0.01391796581,0.009841143154,0.009523809887,0,0.004798326176,0.00608824892,0.01838061027,0.02561900765,0.02688652091,0.03551822901,0.03681431338,0.04312124103,0.01550055295,0.01255503576,0.01796060614,0.02903861739,0.006044715177,0,0.002380952472,0.002380952472,0.002380952239,0.004761904944,0,0.2220905721,0.02486560121,0.0214128159,0.011171408,0.0186510589,0.01824724302,0.01119015273,0.009068775922,0.02774496004,9.667575796e-05,3.662833478e-05,0.0005869255401,0.002284760121,0.0002358439087,0.0004081958614,0.0002384756808,0.0120156873,0.0002788799757,0.0005717647728,0.004874350969,0.001911255531,0.0002595403057,0.0001974100596,0.01379660703,0.001065021846,0,0.0007708425401,6.878050772e-05,0.1036969423,0.8892482519,0.002229240723,0.005747167394,0.008499292657,0.001011415152,0.000574085163,0.00138732756,0.005652536172,0.0002825318952,0.005533819087,0.01132816635,0.522028029,0.7015011311,0.07101724297,0.01946561784,0.0001551993628,0.03222478181,0.0001483465312,0.0001565770799,0.007185620721,0.004181819968,0.009359174408,0.003056378104,0.008369685151,0.007935880683,0.007476680912,0.008773117326,0.008666325361,0.006775791757,0.007354687899,0.003338179318,0.002793063642,0.0002986777108,0,0.001059059869,0.001075857901,0.006360573228,0.0005928822211,0.004824455827,0.001250128378,0.004298350308,0.003719960339,0.0002201093594,0.0004605657014,0.002536825137,0.004988129716,2.854960076e-05,5.069865801e-05,0.0003556451993,0.001229010057,0.0002156939299,0.04744229838,0.007153404411,0.002846765565,0.003177365055,0.0001949555008,0.004595070612,0.002880125307,0.004230552819,0.001518532401,0.003257539589,0.004353797529,0.002879037056,0.0008640790475,0.01543428376,0.004886312876,0.0002445182763,0.0004708040506,6.005470641e-05,0.006976444274,0.004102217499
70,0.0002641149913,4.391755647e-05,1.132443504e-05,0,0,0,0,0,0.0002179209114,9.117358422e-05,0.0001541203237,9.148940444e-05,0.05964234471,0.03704053164,0.00327850203,0.06412893534,0.0007337816642,0.000796318287,0.01134901121,0.01157800481,0.01148600411,0.006470710039,0.008814976551,0.003432750236,0.004761904944,0.009936264716,0.01945205219,0.01534319017,0.008953528479,0.02252025157,0.03810079396,0.02472763322,0.030812921,0.008341691457,0.01260617934,0.01361125708,0.006570433732,0,0,0,0.002380952472,0,0,0.1987037957,0.01770726033,0.009083788842,0.02039072476,0.01231456175,0.003049305407,0.005390994716,0.005034933332,0.001435826882,0,0,0,0,0.0001528384018,0,0,0.002519071102,0,0,0.0006094116834,0,0.0001288458152,1.880591662e-05,0.001896163099,0.0002131046349,0.0007708425401,0,6.472451446e-07,0.003446377814,0.8106919527,5.711275298e-05,0.001906915917,0.0001764102199,0,0.0004209817562,0.0007582512335,0,0,4.208171958e-06,0.006564678159,0.3436828852,0.3188811243,0.02229250595,0.0053803958,0,4.352566975e-05,1.194564084e-05,0,0.001055078814,1.040322331e-06,0,0,0,0,0.002380952472,0,0,0.0002901786647,0,2.253215462e-05,0,0,0,0,4.979122878e-06,0,0,0,0,0,3.474384357e-05,0,0,0,0,0,0,0,0,0,0,0,0,0,0,0,0,0,0,0,0,0,0,0,0,0,0,0,0,0
71,1.220235845e-05,3.072094842e-05,0,6.790272164e-05,0,0,0,0.0001333897089,2.844556548e-05,2.907196722e-05,2.810236947e-05,1.669788071e-05,0.04675335437,0.09797155857,0.003549274988,0.00716851186,0.0004922164953,0.001436467632,0.001214806107,0.001485327375,0.0008194950642,0.001274977345,0.001082608826,0.003987376112,0.0005873293849,0.0002481542178,0.001256275224,0.007456384134,0.00253613689,0.004092011601,0.002718128962,0.002903375076,0.003422300331,0.003105725627,0.001113687176,0.003562010126,0.0007984442636,0.001216293662,0,0.001180085354,0,0,0,0.2569010258,0.0255905278,0.005646780133,0.03116826527,0.01545116398,0.0002337547776,0.01128810365,0.003458629129,0.003154272446,0.000570278673,1.467955826e-05,3.355459194e-05,0,4.739049473e-05,0.0001043351222,6.116508303e-06,0.0009938766016,6.436092372e-05,0.0002249993413,0.0001780277817,3.278943041e-06,1.620940225e-06,4.967936547e-06,0.002665828913,0.0001051181607,6.878050772e-05,6.472451446e-07,0,0.0006297753425,0.890288353,0.0004568439326,0.0003295038186,0.0001457879553,0,8.898908163e-06,2.596350669e-06,3.123177521e-06,0,3.265160922e-05,0.001248927787,0.2280542403,0.5007053614,0.04265788943,0.001389804413,6.182343895e-06,0,0,4.831566002e-06,0,2.570425522e-06,0.0005359607167,0,0,0,0,0,0,0,0,0,0,0,0,0,2.299624839e-06,0,0,0,0,0,0,0,0,0,0,0,0,0,0,4.479232416e-07,0,0.0008554146625,0,0,0,0,0,0,0,0,0,0,0,0,0,0,0,0,0,2.422524267e-05
72,0.003273983952,0.0002694297291,0.0007565418491,0.002786153462,0.002571306424,0.00166868628,0.0003388778132,0.004029330797,0.02172387764,0.0002244178177,0.0003707813448,0.005411100574,0.1007886082,0.1412809789,0.0001365192438,0.02090791985,0,0,0.008688598871,0.002380952472,0.007142857648,0,0.002380952239,0,0,0,0.01205962058,0.002380952472,0.002380952472,0.004735659808,0.0116504943,0.003747072304,0.003894597758,0,0.007975767367,0.002816195833,0,0,0,0,0,0,0,0.2091627866,0.06756586581,0.09452623129,0.04523970932,0.04731908813,0.03026731871,0.05502907559,0.05395367369,0.1601575464,0.01145150978,0.01033215411,0.03638613597,0.01703115925,0.007525243331,0.01765400916,0.006286906078,0.07833386958,0.01085205562,0.009409259073,0.05743663013,0.03377389535,0.04190921411,0.01503589004,0.09255922586,0.06217467412,0.1036969423,0.003446377814,0.0006297753425,0,0.9066408873,0.06529203057,0.06160314754,0.0002504547301,0.008536754176,0.004314084537,0.03825509921,0.002114444971,0.0001227013709,0.0223417636,0.07768409699,0.7007590532,0.8930913806,0.1976690441,0.002701966558,0.001391536207,0.0001606323203,0.0002391667222,0.007702237461,0.00672245631,0.002274477156,0.001688475604,0.001883011078,0.002380952239,0.008447933011,0.007552161813,0.007507142145,0,0.00496190507,0.01244360767,0.005193845835,0,0,0,0,0.005204901565,0.004324848764,0.002380952472,0.02364074625,0,0.01286355034,0.006352000404,0,0.004809218459,0.002878971398,0.0004874887818,0,0,0.0002253342827,0.00350442389,0.003856761148,0.000240819325,0.00016920708,0.003086023964,0.001237979857,4.401158367e-05,0.0112606436,0.0007806269568,0.008910546079,0.00132290239,0,0.003175823484,1.124378377e-05,8.00673206e-06,0.0002253055864,0.0001751806267,0.0001514117175,0.000308473449,0,0.0005163167953,0.004219671711
73,0.9214996099,0.6847642064,0.9340760112,0.7985957265,0.9513896704,0.8134309649,0.7011737823,0.9098777175,0.9838044047,0.911003828,0.9614667892,0.9186015725,0.9802808762,0.9981076717,0.9578648806,0.9830116034,0.4290107489,0.2744012177,0.3404698372,0.3959500492,0.396961987,0.2870748043,0.1429232806,0.07229224592,0.1775853932,0.3067452013,0.8883185387,0.6270518303,0.7357759476,0.8162361383,0.8093309999,0.7277297974,0.4859620631,0.3970831037,0.6793804765,0.7450150251,0.2554168105,0.05527086928,0.04523809627,0.1166666746,0.05238095298,0.04695078731,0.0142857153,0.930310905,0.93041116,0.6876968145,0.9161880612,0.9379550815,0.9663479328,0.8959797025,0.9325271845,0.961992383,0.917073369,0.8760387897,0.8237515092,0.8144487739,0.8123254776,0.8673318624,0.8743764758,0.8217622638,0.8310972452,0.8760892153,0.904746592,0.9236684442,0.8458286524,0.825453341,0.9249694943,0.9311088324,0.8892482519,0.8106919527,0.890288353,0.9066408873,0,0.8911773562,0.8470755219,0.9202129245,0.8600883484,0.8353388309,0.8326274157,0.9550176859,0.9489678741,0.9462276101,0.852142632,0.9496538639,0.9982199073,0.9794273973,0.9088258147,0.8901292682,0.9334307909,0.8911953568,0.8410178423,0.9778394103,0.9679539204,0.8599439859,0.8751085401,0.8910434842,0.8941985965,0.9094591737,0.9420853257,0.7159705758,0.9193680882,0.9292570353,0.8654797673,0.3937292993,0.3160755038,0.3595665395,0.5832037926,0.8685801029,0.8051278591,0.2770044804,0.9187636971,0.230841279,0.9285630584,0.9302695394,0.5459068418,0.7882044911,0.6490524411,0.8820294142,0.3466372788,0.4786291718,0.7498122454,0.7859502435,0.8066593409,0.5689108372,0.9007178545,0.7926272154,0.7464883327,0.5175825357,0.9119117856,0.8443791866,0.9013410211,0.628412962,0.3777865469,0.8359510303,0.4563357234,0.5396431684,0.6735251546,0.617896378,0.8349446058,0.686406672,0.6618731618,0.917478919,0.9224312305
74,0.0005830529262,0.0004253567022,0.0005066689337,0.006123370025,0.0006147067761,0.001368771074,0.009699504822,0.006557592191,0.006680520717,0.0006469011423,0.002702184021,0.002292313147,0.2028126419,0.2920785248,0.05195764452,0.06563238055,0.005993665196,0.007142857648,0.02143110149,0.02958805487,0.008467076346,0.006238810252,0,0.002380952472,0.0006455316907,0.01269525848,0.01913121343,0.01842354424,0.0207490474,0.04014946148,0.02056761086,0.02424496599,0.02322755009,0.01148308069,0.01500078477,0.02141650207,0.0008106646128,0,0,0.004761904944,0,0,0,0.2514099479,0.1403651983,0.0139885433,0.07282797992,0.1122996062,0.05660164356,0.02619990893,0.03010178357,0.003853533184,3.793185533e-05,4.131637252e-05,0.0001282724406,0.0001720468281,3.80778074e-05,6.699609366e-05,0.0001457965263,0.001974445302,4.2018778e-06,7.310663477e-06,0.00068474625,0.0002795479086,0.0001361859468,0.0003895522968,0.001425957307,0.0001199211983,0.002229240723,5.711275298e-05,0.0004568439326,0.06529203057,0.8911773562,0,0.000162133525,0.001643890631,0.00019119223,0.0003070252424,0.0005125899334,0.0009303998668,0.0008434524643,0.002327054506,0.0001602822595,0.2406557947,0.4551638365,0.03124471009,0.01849780791,0.0003387903271,0.009885977022,0.0004279123386,0.0004337202117,0.0062275948,0.002076776233,0.0004333735851,0,0,0,0.002529586665,0.002585074631,0.002380952472,0.002009117277,0.009044393897,0.0004976163036,0,9.996648441e-05,0,0.0001441498607,0.0001771125098,0.0007366443751,0,0.0004834667488,0,0.0001887503313,0.0002832924656,0,0,4.484292731e-05,0.0002367144043,0,0.0001936660992,0,9.914155089e-05,0,0.002380952472,0.005828357302,0.001294494607,2.921618943e-05,0,0.004275178537,0.0002728272812,0,0,0,0.001180895837,0.001180623309,0,0,0.0002580908476,0.0002447039005,0.0001785000204,0,0.0009764748975,0.001101952395
75,0.0006462697638,0.00281251804,0.002348467009,0.01175908837,0.001496512094,0.0001446943788,0.002380952472,0.008842683397,0.003483138047,0.001068835729,0.002121774945,0.001310709282,0.09611831605,0.168889001,0.05802291632,0.04551259056,0.02461478487,0.02289129794,0.03027439676,0.03479954228,0.02440549806,0.03317198157,0.01250264887,0.01086334512,0.002212177264,0.0233201962,0.01920835674,0.04216454923,0.03297394514,0.04413417727,0.04138270766,0.04394390061,0.04232767969,0.02239074185,0.02844915912,0.03891029209,0.01110190619,0.004761904478,0.008386161178,0.005824520718,0.01190476213,0.002380952472,0,0.2037820369,0.06164070591,0.002909540897,0.04194233567,0.06909350306,0.02591515332,0.003239265876,0.007461121771,0.00893816445,0.0004896114697,0.0002987975022,0.0001333569671,5.004817649e-05,0.000111575122,0.000145168975,0.001260823221,0.000273077545,4.992136746e-05,1.055530811e-05,5.624839105e-05,0.0002920996922,0.0002452585613,0.0001241023856,0.003366749501,0.002265247982,0.005747167394,0.001906915917,0.0003295038186,0.06160314754,0.8470755219,0.000162133525,0,0.005003231112,0.0007305901963,0.0003395166423,0.0002730459673,0.001274338225,0.0005633785622,0.0006673170137,0.000186627105,0.2313685715,0.4575392306,0.03991223499,0.04657640308,0.001281016739,0.01940053329,0.0004319832951,0.0001306766935,0.004480495583,0.001648128382,0.003776587313,0.0005995543906,0.002380952472,0.0003406192118,0.0001834651193,0.003448644653,0.0003268882865,0.001080048503,0.0008932068595,0.001201107749,0,0,0,0.0004803575284,0.0006422554725,0.003033412388,0,0.001624121913,0.0002403025137,0.0006834294181,0.0009760693647,0,5.697231245e-05,0.0001677952823,0.0002257690649,0,0,0.001665637945,0.002326518297,9.182463691e-05,0.001000804361,0.002254842315,0.0001415560109,0.0003481990716,0.0004048398696,0.0009910814697,0.0009508393705,0.0006795517402,0.001243852079,0,0.0008995677927,0,0,0.005454510916,0,0.000217720677,0,0,9.85366205e-05,0.0006738504744
76,0.0002056576777,3.013013838e-06,9.072154353e-05,0.0005075760419,0.005702686496,0.008619917557,0,0.0005639198935,0.0005737601896,1.601605732e-06,7.893618749e-05,0.0001211695053,0.07988718152,0.1434102654,8.586421609e-05,0.002588868607,0,0,0,0,0.002798333764,0,0,0,0,0,0.0001036537433,0.002380952472,0,0.001505451975,0.0008821608499,0.002404075116,0,0.001004821155,0.000314054545,0.0001794305717,0,0,0,0,0,0,0,0.1754037291,0.03627990186,0.02007455006,0.02255645581,0.03342097998,0.02223007008,0.02590314113,0.02353807539,0.01318362355,0.0001041975411,0.0003151468118,0.002963442821,0.001912425621,0.0002269922552,0.001591503271,0.0008465941064,0.01167824306,0.001041050651,0.000936680939,0.01034260727,0.004262590781,0.0003441231675,0.000256654137,0.01167281065,0.001645936863,0.008499292657,0.0001764102199,0.0001457879553,0.0002504547301,0.9202129245,0.001643890631,0.005003231112,0,4.654445547e-06,1.230469934e-06,0.0001894355373,0.001451907214,0,0.005993920378,0.008397298865,0.3768521547,0.7757581472,0.06441483647,0.0003567136009,1.125044128e-05,1.076037097e-05,5.87521663e-06,4.305261973e-05,0.002537737135,0.0002823234827,0,0.0001976732747,0,0,0.004909994081,0.003729965072,0,0.001437520841,0.001235225704,0.0009581723134,0,0,0,0,0.001042958465,0.002636204939,0,0.004914602265,0,0.004184735008,0.002806407632,0,0.000206794386,0,0.0003763848508,0,0,9.94876973e-06,0,0,4.87410216e-06,0.0004973420291,0,0,0,0.003037536517,0.000640210812,0.000161917269,0,0,0.0006351189222,0,0,0,3.269546198e-07,2.265259127e-06,0,0,0.0006458265707,0.0004289021308
77,0,0,0.0003411735815,0.0006436342373,0,0,0.002380952239,0.002398592886,0.0005712286802,1.086681004e-05,0.0002897415252,0.0003263810358,0.1759255081,0.2466392219,0.009221473709,0.006506402045,0,0,0.002964638406,0.0008994025993,0,0,0,0.0008362289518,0,0.002380952239,0.001876153285,0.002380952472,0,0.006014675833,0.005008740816,0.0007321515004,0.002380952472,0,0.0005197760765,0.003953186795,0,0,0,0,0,0,0,0.2216586769,0.09961166978,0.006685032044,0.05789536238,0.07297118753,0.04050202668,0.01240153611,0.0201936774,0.00612985529,8.524332952e-05,9.964738274e-05,3.53050018e-05,0.0004622047418,0,5.152975791e-05,0.0001950324076,0.001694842707,4.015279046e-05,4.712248119e-05,0.002698121592,0.001105040894,5.130078989e-06,3.103714698e-05,0.003103228519,0.0003905885096,0.001011415152,0,0,0.008536754176,0.8600883484,0.00019119223,0.0007305901963,4.654445547e-06,0,3.277745577e-07,4.781386906e-06,0.002084285021,0,0.0020127811,0.0009984032949,0.2202064544,0.5393894315,0.04214692488,0.001541857026,3.347573738e-06,7.776413986e-05,3.178457064e-06,0,0.002898904728,0.0004218417744,0,0,0,0,0,0,0,0,0,0,0,0,0,0,0.0001470780553,0,0,0,0,0.000656301796,0.0001131537429,0,0,0,0,0,0,0,0,0,0,0.002953345655,0.0009851498762,0,0,0,0.001291672699,0,0,0,0,0,0,0,0,0,0,0,0.0006872923113,0.0002042337583
78,0,0,0,0.0002605599875,0.002380952472,0.002380952239,0,0,0.0001561598183,2.426408855e-06,0.0001017455143,0.0001089359794,0.08253688365,0.144847706,0.004218728747,0.002422661055,0,0,0,0.001133642392,0,0,0,0,0,0.001436439692,0.0003898492723,0.003881549463,0,0.001722897752,0,0.001182144159,0,0,0,0,0,0,0,0,0,0,0,0.1910788864,0.05267484114,0.002653593663,0.01995853521,0.03709020093,0.006964303553,0.004040221684,0.007017944008,0.005158856511,0.0002870603348,0,0,0.0004120737431,0,7.631061453e-05,9.177060565e-05,0.0005883264239,0.0003531495749,0,0.0006991721457,0.0002504664299,0,3.830657442e-05,0.006054164376,0.0005210970412,0.000574085163,0.0004209817562,8.898908163e-06,0.004314084537,0.8353388309,0.0003070252424,0.0003395166423,1.230469934e-06,3.277745577e-07,0,3.964453867e-07,0.0002369152062,0,0.001447007642,0.001909105456,0.2166157216,0.5290249586,0.04839481041,0.001085297321,8.579252608e-06,6.182290963e-05,5.590000569e-07,0,0.0002841694513,0.0002573193924,0,0,0,0,0,0,0,0,0,0,0,0,0,0,0,0,0,0,0,0.0009130711551,0,0,0,0,0,0,0,0,0,0,0.0004426433297,0.0004127810535,0,0,0,0,0,0,0,0,0,0,0,2.179984585e-05,0,0,0,0,0,0
79,4.59660514e-05,0,0.000132759611,0.0001750290394,0.002893412253,0.007142857648,0.008528248407,0.001055391505,0.0008312941063,2.724990918e-05,0.0007578858058,0.000429223699,0.1462028176,0.2941176593,0.02612388134,0.009485960938,0.001068000565,0,0.0007537358324,0.002727164421,0.001743939472,0.003327891463,0,0.001156890416,0.003156939056,0.001126628253,0.002535503125,0.008548419923,0.00723706698,0.005214572884,0.004850171041,0.01129695401,0.0131814573,0.002380952472,0.004199075978,0.002334862715,0.002380952472,0,0,0,0.002380952472,0,0,0.2086290568,0.08970301598,0.004446870182,0.06278842688,0.07952713966,0.05417789146,0.01179550122,0.02107998542,0.01483662147,0.002237941604,8.271070692e-05,4.280251233e-05,4.343359615e-05,2.917772508e-05,5.346288162e-05,0.0002555591345,0.0009365540463,0.0001064175885,5.072327986e-05,0.00117658102,0.0004822424089,5.083943051e-06,7.75917124e-06,0.004955843557,0.001106104464,0.00138732756,0.0007582512335,2.596350669e-06,0.03825509921,0.8326274157,0.0005125899334,0.0002730459673,0.0001894355373,4.781386906e-06,3.964453867e-07,0,0.0009455602267,1.238848654e-05,0.005947428755,0.001235932345,0.2005072832,0.5528976917,0.04999800399,0.01434390526,5.060011608e-05,0.0004484472447,9.18657679e-06,3.048010967e-06,0.02252838574,0.004516522866,0,0,0,0,0,0.003056745976,0,0.0009191969875,0.002380952472,0,0,0,0,0,0,0,0,0.001290451968,0,0.00048275257,0.0002578886342,0,0,0,0,0,0,0,0.000278979307,0,0,0.00379980891,0,0,0,0.0009859941201,0.001405397081,0.0003024553007,0,0,0,0,0,0,0.0001086500706,0,0,0,0.001255790121,9.00773739e-05
80,7.073646702e-05,0,6.135241711e-05,0.001664080308,5.613468966e-05,0,0,0.0002631284005,0.0006005404284,8.917149535e-05,0.0009483447066,0.0006426753826,0.1368709356,0.09978862107,0.001130312914,0.05142965913,0.01127398759,0.007738238201,0.00944414828,0.02463313006,0.01224430744,0.0111053586,0.01023805607,0.002380952472,0.005717338528,0.006419566926,0.01395891141,0.01551324595,0.01586609706,0.02142857946,0.0161642395,0.03491929546,0.0276672896,0.007615804207,0.01502777915,0.02309930511,0.0009954506531,0,0,0.003137869062,0.001400104957,0.007142857648,0,0.2428705394,0.02341789193,0.01269271784,0.01983469538,0.01309446804,0.0001406295778,0.004433778115,0.00298830308,0.004806962796,1.081091796e-05,0.0009057699353,0.0001000280754,0.0003905184858,0.0004226830788,0,4.097373676e-06,0.009275973774,1.542316386e-05,3.290670429e-05,0.0004811622784,1.684062408e-05,0.0006744514103,0.0002161509328,0.003059200477,0.0003366550663,0.005652536172,0,3.123177521e-06,0.002114444971,0.9550176859,0.0009303998668,0.001274338225,0.001451907214,0.002084285021,0.0002369152062,0.0009455602267,0,0,1.115780015e-05,0.008718871512,0.418722719,0.4221078455,0.03095902316,0.02450302616,0.004081614781,1.856048948e-05,2.001341636e-05,0.000306194328,2.683079401e-06,5.062179298e-07,0.0002412073809,0,0,0,0,0.0002433392219,0,0,8.825312398e-05,0,0,0,0,3.547353117e-05,5.333145964e-06,0.0001586008002,0,2.512843275e-05,0,2.214441702e-05,0,0.0005926160957,0.0002380933147,0,2.358014171e-05,0,0,0,1.217083627e-05,3.114495485e-05,0,0.0005924514844,0,7.744751201e-05,0,4.97766996e-05,0,0,3.534316056e-05,0,8.429152331e-06,0,0,0,0,0.0001871851855,0,0,3.072867548e-05,2.919609869e-05
81,0,0,0,0,0,0,0,4.454009104e-05,3.353063221e-05,7.466300303e-06,2.146699444e-05,1.51990389e-05,0.1842250377,0.1308127493,0,0.002428998007,0,0,0,0.0005916000227,0.0006988449604,0,0,0,0.001424680115,0,0.0008180059376,0,0.003433842212,0.001437317231,0.001884077676,0.0008868127479,0.003759810003,0.00139049266,0.0005674547283,0.0003091914405,0,0,0,0,0,0,0,0.2517685592,0.02003408782,0.00937138591,0.01543466561,0.009108312428,8.482641715e-05,0.02214198373,0.002776239533,0.00172259484,0,0,3.356030356e-05,1.611895095e-05,0,0.000298577419,8.79892832e-06,0.001209699316,0,0,0.000539589324,0,0,0,0.00515376078,0,0.0002825318952,0,0,0.0001227013709,0.9489678741,0.0008434524643,0.0005633785622,0,0,0,1.238848654e-05,0,0,9.947713806e-06,0.0003675807093,0.2611168325,0.4820435941,0.04365344346,0.0006524764467,1.014715235e-05,0,0,0,3.062184533e-06,0,0,0,0,0,0,0,0,0,0,0,0,0,0,0,0,0,0,0,0,0,0,0,0,0,0,0,0,0,0,0,0,0,0,0,0,0,0,0,0,0,0,0,0,0,0,0,0,0,0,0
82,6.024629693e-05,0.0002183882752,6.126926019e-05,0.00243240525,0.0001916413457,0.0001178342718,0,0.0005427041324,0.001057046698,0.001380768721,0.00114667078,0.001594338915,0.1272081435,0.1038514674,0.01848160103,0.05130866542,0.01044132281,0.02395214885,0.01735662483,0.02468436025,0.02142821997,0.02384640463,0.01219887938,0.009341514669,0.01346287597,0.009364886209,0.01682272181,0.02854568325,0.03126874194,0.03857985511,0.04497524723,0.04742812365,0.04206277803,0.03053719923,0.03687673062,0.04528563097,0.02693376131,0.002380952472,0,0.009523809887,0.003377607558,0,0,0.2426787317,0.00943102967,0.004366780166,0.005345399026,0.0052110916,9.96009112e-05,0.000384255196,0.0001205817462,0.005208957475,0.0007850587135,0.0003887990897,0.002740790835,0.001078142086,0.002056568628,0.0003737689694,0.0002884691348,0.001281975419,0.0007067981642,0.0001256141986,4.244059164e-05,2.586833762e-05,0.002688191831,0.0005905481521,0.0048574307,0.001536174561,0.005533819087,4.208171958e-06,3.265160922e-05,0.0223417636,0.9462276101,0.002327054506,0.0006673170137,0.005993920378,0.0020127811,0.001447007642,0.005947428755,1.115780015e-05,9.947713806e-06,0,0.011287448,0.4469425678,0.4343203306,0.03724103421,0.03583430871,0.001761632389,0.0003439145221,7.256614481e-05,0.0006205746904,1.342720316e-05,3.274772325e-06,4.455341696e-05,0,0,4.298139902e-05,0,0,0,1.311418055e-05,2.794929242e-05,6.248341379e-06,0,4.829690079e-05,0,0.0004736496194,0.0001403892238,0,0,1.237235392e-05,0,1.789752241e-05,1.840447112e-05,0,0.001303972094,6.673529424e-05,4.354563316e-06,0,0,0,2.75874645e-05,7.396613364e-05,0,0.0001604949503,2.773372944e-05,0.0001079337453,0,1.117928514e-05,3.506279245e-05,0,0,0,2.357226367e-05,0,0,0,0,0,0,0,1.521967624e-05,8.554880878e-06
83,0.002448233077,0.001597857801,0.01194543764,0.01444028039,0.007204144262,0.01583491266,0.005812700838,0.02354925871,0.02496800013,0.003811157076,0.01112428121,0.007221081294,0.2560314834,0.3518702686,0.06007900834,0.0633489266,0.008260421455,0,0.007142857648,0.01791182347,0.003478833241,0.004761904944,0,0.003573532449,0,0.007729958743,0.02740030549,0.01422393508,0.024512114,0.02916507795,0.02155168727,0.02114040963,0.02152600139,0.007142857648,0.002855071099,0.01307226345,0.002380952472,0.002380952239,0,0,0,0,0,0.2353776693,0.1368584931,0.005249246955,0.07686063647,0.1229046807,0.1071925461,0.02822444588,0.0394240208,0.01374587417,0.00388350198,0.0004796354333,0.0004399312893,0.0005490838084,0.0005794158787,0.001495121862,0.00399622228,0.0002773421875,0.0003039773146,0.0001605557773,0.00510672899,0.002834823681,0.0007376108551,0.0009487557691,0.001395871746,0.001989840297,0.01132816635,0.006564678159,0.001248927787,0.07768409699,0.852142632,0.0001602822595,0.000186627105,0.008397298865,0.0009984032949,0.001909105456,0.001235932345,0.008718871512,0.0003675807093,0.011287448,0,0.1695517153,0.5288773775,0.03110938147,0.0550904572,0.00249687396,0.02877507359,0.002211752115,0.001223423169,0.0243244227,0.01480615418,0.004520324524,0.002380952472,0.0003552733979,0.003802886,0.01259766426,0.01611921564,0.0002428293083,0.01088094432,0.003135146573,0.0006492410903,0,0,0,0.0006931789685,0.003981158603,0.002446103375,0,0.002317587845,0.0002337903425,0.003971628379,0.005249748938,0,0.0004592475889,0.0005724642542,0.003063322743,0,0.0007792605902,0.000236366468,0.0003806068853,0.0004159269156,0.003792154836,0.006410364062,0.0026481112,0.0008178186254,0,0.009814602323,0.001303894795,0.0014376865,0.004915803671,0,0.0002205164783,0.0004923557281,0,0,0.00331598823,0.0003160371562,0.001454060781,0,0.00387437758,0.006404270884
84,0.4203200042,0.2647922039,0.4461191297,0.4066024721,0.4823754132,0.4128698707,0.2539156079,0.4718554318,0.6193206906,0.3074583113,0.4799139798,0.3517612815,0.8123608828,0.8535314202,0.6745764613,0.6473850608,0.17981942,0.07704373449,0.1410977244,0.1813806891,0.1463531852,0.09460434318,0.04418297112,0.02857143059,0.07694794983,0.1157593876,0.5319028497,0.262488395,0.336789906,0.437697798,0.4133499265,0.2910206318,0.2027568221,0.1345527917,0.2577163875,0.3090304434,0.09465334564,0.01190476213,0.004761904944,0.02955258638,0.008530162275,0.004761904944,0.002380952472,0.5945680737,0.6209000349,0.1801609695,0.5213212371,0.5866339207,0.6025841832,0.4666723609,0.4946558475,0.4404982626,0.3592720032,0.2567327619,0.1931049228,0.1970603615,0.2406918705,0.3267657161,0.3428944349,0.1155904904,0.2218225002,0.3060818017,0.4161354303,0.4006358385,0.2047806978,0.2282583714,0.2333478332,0.3330138624,0.522028029,0.3436828852,0.2280542403,0.7007590532,0.9496538639,0.2406557947,0.2313685715,0.3768521547,0.2202064544,0.2166157216,0.2005072832,0.418722719,0.2611168325,0.4469425678,0.1695517153,0,0.8029950261,0.4247685969,0.6334394217,0.2712426782,0.5466013551,0.2596403658,0.2249952555,0.4827452004,0.4516607523,0.4026737809,0.3984580636,0.3758297563,0.4448734522,0.4776366055,0.4948332012,0.3520166576,0.4773637056,0.4845394194,0.4436576366,0.2648211122,0.1880919635,0.177662313,0.2648980319,0.3316119313,0.4091337025,0.167560026,0.455219835,0.174041301,0.4251422584,0.3887414634,0.1777690947,0.227611199,0.3274778128,0.4162419438,0.1374766827,0.2341374457,0.2200796008,0.3785532117,0.2203491628,0.2288659513,0.449093014,0.4046675265,0.4018146098,0.2088480294,0.4520592391,0.4063658416,0.4448987246,0.33933568,0.2545199096,0.4216046035,0.2430351377,0.2293566614,0.2828095555,0.2902625501,0.2287086695,0.1975770146,0.2187814415,0.4512855113,0.446683377
85,0.4636910856,0.3972598314,0.5202207565,0.4550798535,0.5097703934,0.4138940573,0.3490739465,0.5363231897,0.8095011115,0.7166617513,0.7044448853,0.6098602414,0.9216470718,0.9532096386,0.8392390013,0.7944424152,0.219862476,0.1282905489,0.1183533669,0.2113043517,0.1840729564,0.1136872768,0.07811433077,0.03226090595,0.05843215436,0.1235432997,0.712929666,0.3753338158,0.5408604145,0.5918233395,0.5671024919,0.4076314867,0.2620479167,0.1515296698,0.3558249474,0.4462133944,0.09867873788,0.01904761977,0.03095238283,0.06767398864,0.02142857201,0.009523809887,0.002380952239,0.8393751979,0.7142086029,0.6208623648,0.5605391264,0.653347671,0.6507617235,0.4946671426,0.4732882679,0.2591280937,0.2934862375,0.4013144374,0.5361346006,0.5455733538,0.4700309932,0.3834698498,0.4011392593,0.4932798743,0.4097252786,0.3999691308,0.4152915776,0.361962229,0.5268537402,0.5011193752,0.3670013845,0.3580034673,0.7015011311,0.3188811243,0.5007053614,0.8930913806,0.9982199073,0.4551638365,0.4575392306,0.7757581472,0.5393894315,0.5290249586,0.5528976917,0.4221078455,0.4820435941,0.4343203306,0.5288773775,0.8029950261,0,0.2563846707,0.884519577,0.5799915791,0.8473144174,0.5390961766,0.5185464025,0.4892140925,0.4829877913,0.4541110694,0.4418071508,0.3978891373,0.4901974499,0.5156686306,0.5394117236,0.3601475358,0.5256401896,0.54728055,0.4094074965,0.2271196693,0.1666795909,0.157013759,0.2530114651,0.3748904765,0.4470444024,0.1623888016,0.4828195572,0.1417402476,0.4362795353,0.3844940066,0.2099469751,0.402667433,0.299590081,0.4659898877,0.109801814,0.1973306686,0.3354421556,0.3367232978,0.4687774181,0.4012075663,0.4988737106,0.4295894504,0.4283036888,0.2195564508,0.4853434861,0.4235366881,0.4624278545,0.3441619277,0.2382318079,0.4417238533,0.2615876198,0.2400326729,0.4590345323,0.4059897363,0.4832116365,0.2946217358,0.257964313,0.5009929538,0.4576070607
86,0.03463032842,0.03821082413,0.04690511525,0.04585269466,0.03931467235,0.02326732874,0.02380952425,0.05902310461,0.1207530871,0.05402422696,0.0618443042,0.0486144498,0.4218339324,0.4490977228,0.1374502033,0.1609671712,0.02962197177,0.01158158109,0.0118469391,0.01904761977,0.02049603127,0.007529037539,0.003647774225,0.002380952472,0.004761904944,0.0127901556,0.065661259,0.04804409295,0.04305811226,0.08270329237,0.05836085603,0.05464022607,0.0138585344,0.009756004438,0.01900935173,0.04241497442,0.006279487628,0,0.002380952472,0.004761904944,0.002380952472,0,0.002380952472,0.3045611978,0.1424361914,0.07716864347,0.07829547673,0.1071368158,0.08472067118,0.05531184003,0.05073612556,0.01955986768,0.02035787515,0.03075012006,0.04034468532,0.03837443516,0.03607853502,0.02615303546,0.0254672654,0.04122004285,0.03698429465,0.02703272179,0.03638998792,0.02564562485,0.04114630818,0.04338781536,0.01832677796,0.02393517829,0.07101724297,0.02229250595,0.04265788943,0.1976690441,0.9794273973,0.03124471009,0.03991223499,0.06441483647,0.04214692488,0.04839481041,0.04999800399,0.03095902316,0.04365344346,0.03724103421,0.03110938147,0.4247685969,0.2563846707,0,0.1414128989,0.04101914167,0.08676532656,0.03762404993,0.04381801188,0.0445693247,0.04056714848,0.03371839225,0.03520981967,0.02677050233,0.05081720278,0.04148618877,0.05838569254,0.02596499771,0.04811783135,0.0497388728,0.02990162745,0.02520009503,0.01350301597,0.008885215968,0.02596521936,0.02629572898,0.03375319019,0.01627812348,0.03910037875,0.0115277553,0.03375241905,0.0284644682,0.04534387216,0.03492582589,0.02558943816,0.04123409092,0.009275419638,0.02788631991,0.03699923679,0.02695469186,0.03676334396,0.01837877929,0.0473449491,0.02896505408,0.03443701938,0.03528630361,0.04648477212,0.03155001625,0.03385286033,0.02271248773,0.01161547471,0.03596515581,0.01432645041,0.02585896663,0.03170609474,0.02876920439,0.03509978205,0.02617448568,0.01480844058,0.05105256662,0.0359098576
87,0.01194669493,0.00233101449,0.005557183642,0.008235908113,0.02653601766,0.008570899256,0.005555519834,0.01785626262,0.01370229851,0.000227105018,0.0009420214919,0.002087260596,0.1159330606,0.2596243322,0.001847631531,0.02852033079,0.002380952472,0,0.002380952472,0.003420097288,0,0,0.002380952472,0.002380952472,0,0,0.006792899687,0,0.005962846801,0.009977275506,0.008556533605,0.002380952239,0,0.004761904944,0.001384877367,0.006484687794,0,0,0,0,0,0,0,0.2065373659,0.05637035519,0.07382321358,0.04672974721,0.04592716694,0.05712466314,0.05992815644,0.04805079475,0.0484838672,0.002940100152,0.0006569096004,0.008954096586,0.01816464588,0.003475062549,0.007119605318,0.003267915687,0.05254336447,0.01154407952,0.009241200052,0.04391934723,0.03276069462,0.00420315098,0.002520777285,0.04599126056,0.008431766182,0.01946561784,0.0053803958,0.001389804413,0.002701966558,0.9088258147,0.01849780791,0.04657640308,0.0003567136009,0.001541857026,0.001085297321,0.01434390526,0.02450302616,0.0006524764467,0.03583430871,0.0550904572,0.6334394217,0.884519577,0.1414128989,0,0.0001023975929,0.002339429222,0.0003178714542,0.002096798737,0.02814859711,0.01695318334,0.00699174311,0.003072273219,0.005434173159,0.009923730977,0.01213418599,0.01498359628,0.00846001599,0.01801043376,0.01812651753,0.01183280535,0,0.001936812652,0,0.007142857648,0.006963555701,0.004563258495,0.002380952239,0.03075812384,0,0.02634039707,0.01576422714,0,0.000341665087,0.01193934307,0.008636595681,0,0.0002839417721,0.0004219099646,0.002312458819,0.0036099602,0.000962879858,0.008412425406,0.01122729853,0.007167515345,0.003056880552,0.02268888988,0.009685028344,0.01803021692,0.004761904944,0.002380952472,0.009289810434,0.001077718567,0.0007736030384,0.0005405989359,0.0008082658169,0.0004781289317,0.001223791158,0.0005221737665,0.007583821192,0.01514065545
88,1.043131851e-05,0,0.0004381318286,0.0006128222449,0.0006000688882,0.007142857648,0.002380952472,0.0009861018043,0.0004218823742,8.324894225e-06,8.694561257e-05,5.459280146e-05,0.1113688946,0.1771869212,0.008702578954,0.004348658025,0,0,0,0,0.0005296224263,0,0,0.0003719933447,0,0.002380952472,0.0001102146416,0.0008390094736,0.00348426681,0.007874975912,0.004548302386,0.005806029774,0,0,0,0.002261215122,0,0,0,0,0,0,0,0.2084060907,0.06841336191,0.01094398927,0.0302365385,0.04818929732,0.01869754493,0.01837910153,0.01950482093,0.003144119866,4.998208169e-05,4.918898412e-05,0.0004059301864,0.002417428186,0.0002111740323,0,4.519081267e-05,0.002393354429,0.0001023004152,3.951957842e-05,0.003738545347,0.0003716197971,6.909587682e-06,1.547014472e-05,0.003047314007,0.0001114687548,0.0001551993628,0,6.182343895e-06,0.001391536207,0.8901292682,0.0003387903271,0.001281016739,1.125044128e-05,3.347573738e-06,8.579252608e-06,5.060011608e-05,0.004081614781,1.014715235e-05,0.001761632389,0.00249687396,0.2712426782,0.5799915791,0.04101914167,0.0001023975929,0,6.721395766e-05,5.351562777e-06,8.826551493e-06,0.004745356739,0.0005368640414,0,0,0,0,0,0,0,0,0.002380952472,0,0,0,0,0.000227122553,0.0002035707148,0.002380952239,0,0.00401282683,0,0.0005851881579,0.00149094325,0,0,0,0,0,0,0,0,0,0,0.000575545826,0,0.001532803057,0,0.000847906922,0.001535477,0,0,0,0,0,0,0,0,0,0,0,0,0.001375172171
89,2.738832154e-05,0,0,0,0.0008312923019,0,0,0,0.0008411417948,3.579280019e-06,5.313325892e-05,3.045456651e-05,0.1832445413,0.09681802988,8.827852071e-06,0.002665783511,0,0,0,0,0,0,0,0,0,0,0.0007464408409,0,0,0,0,0,0,0,0.001442649285,0,0,0,0,0,0,0,0,0.2509334385,0.03490643576,0.05124907568,0.03393010795,0.0255227536,0.001320558134,0.016702516,0.01286494173,0.01991256885,0.0008803206729,0.00111557194,0.007142857648,0.003255006857,0,0.002380952472,0.0004864337679,0.02812999859,0,0.0002679687168,0.01329066325,0.001049355953,0.0009706644923,0.0004109470756,0.02154607698,0.002781843068,0.03222478181,4.352566975e-05,0,0.0001606323203,0.9334307909,0.009885977022,0.01940053329,1.076037097e-05,7.776413986e-05,6.182290963e-05,0.0004484472447,1.856048948e-05,0,0.0003439145221,0.02877507359,0.5466013551,0.8473144174,0.08676532656,0.002339429222,6.721395766e-05,0,3.129525226e-07,0.0003984739305,8.231791071e-06,2.073107316e-05,0,0,0,0,0,0.0004190536565,0,0.001005122322,0,0,0,0,0,0.002380952472,0.0002309478587,0,0,0.0003647518461,0,0.0007048196858,0.00210188143,0,0,0.002380952472,0.0003579045588,0,0,0,0,0,0,0.0004496407346,0.002380952472,0,5.361453077e-06,0.0006454850663,5.423647963e-05,0.002033786848,0,0,0.002380952472,0,0,0,0,0,0,0,0,0.0001602530538
90,0,0,0,4.238709516e-05,0,0.001259337296,0.0002943043364,4.838976747e-05,2.959924132e-05,3.010296268e-06,2.192697139e-05,2.196538844e-05,0.06268683076,0.1121851578,0.0005868091248,0.0007530308212,9.4320887e-05,0.0002071838244,0,0.000150425316,0.0004498442286,0,0,0,0,0.0002248736419,0.0001360243623,0.001031461754,0.0006252393359,0.000126572806,0.0001830761321,0.0002452961926,0.002122020116,0.001408792217,0.0002099184785,0.0001404185896,0,0,0,0,0,0,0,0.2401507199,0.03144947439,0.006404736545,0.01179776154,0.02401097864,0.0003836209653,0.00648230454,0.007722737268,0.002034690231,2.137009506e-05,0,0,0,0.0003153177968,0.001029146835,0.0004992551985,0.00180868723,0,0,0.000778463087,9.497765132e-05,2.767162414e-06,1.243894417e-06,0.003946667537,0.0001892645814,0.0001483465312,1.194564084e-05,0,0.0002391667222,0.8911953568,0.0004279123386,0.0004319832951,5.87521663e-06,3.178457064e-06,5.590000569e-07,9.18657679e-06,2.001341636e-05,0,7.256614481e-05,0.002211752115,0.2596403658,0.5390961766,0.03762404993,0.0003178714542,5.351562777e-06,3.129525226e-07,0,0,2.276090891e-05,2.02275578e-06,0,0,0,0.000750608684,0,0,0,0,0,0,0,0,0,0,0,0,0,0.001578180585,0,8.931865159e-05,0,0,0,0,0,0,0,0,3.6950918e-05,0,0,0.0001843462087,0,0,0,0,0,0,0,0,0,0,0,0,0,0,0,0,5.864872946e-05,0
91,0,0,4.284737224e-05,0.0002384112158,0,0.00114497426,0.001135243336,0.0003031342058,7.818372251e-05,8.335158782e-06,6.150398985e-05,3.755863145e-05,0.05028698593,0.1342496127,0.01427332312,0.003097229172,0.0003894524125,0,0.0002061740524,0.001042018761,0.0008791909204,0.0004924439709,0,0.000200269089,0,0,0.0006900799926,0.0008572465158,0.001943175332,0.001104796422,0.005141672678,0.003855558578,0.001889795414,0,0.001664685667,0.0007370383828,0.001206942252,0,0,0.000780266535,0,0,0,0.2035965919,0.05037939548,0.003251999384,0.0356971398,0.02963292785,0.01487567835,0.001727864379,0.003875629045,0.007137986366,0.001315428759,4.155973147e-05,3.120035035e-05,1.278679156e-05,2.46790496e-05,3.305416976e-05,0.0001823387865,0.0006509554223,0,7.096321497e-06,0.0004583236587,2.443334233e-05,8.384028661e-06,7.442344554e-07,0.002420501085,0.0007028916152,0.0001565770799,0,4.831566002e-06,0.007702237461,0.8410178423,0.0004337202117,0.0001306766935,4.305261973e-05,0,0,3.048010967e-06,0.000306194328,0,0.0006205746904,0.001223423169,0.2249952555,0.5185464025,0.04381801188,0.002096798737,8.826551493e-06,0.0003984739305,0,0,0.002238885965,0,0,0,0,0,0,0,0,0,0,0,0,0,0,0,0,0,0,0,0,5.890160173e-05,0,0,0,0,0,0,0,0,0,0,0,0,0,0,0,0,0,0,0,0,0,0,0,0,0,0,0,0,0,0
92,8.411205636e-05,0,0.0004242762516,0.0004134729097,5.872227121e-05,0.002607458737,0,0.001427631243,0.002617633203,0.0009992015548,0.001817541779,0.002180133713,0.2084327936,0.2928905487,0.007321941666,0.04376684874,0.006434544921,0.002380952472,0.009523809887,0.01335569471,0.018060131,0.002380952472,0.01190476213,0.004761904944,0.003361154115,0.01060518809,0.02080193721,0.01977125928,0.01801230758,0.02710776031,0.02608885616,0.0170890484,0.0140003683,0.01499579474,0.01955058612,0.02510491386,0.003053890541,0,0,0,0,0.002380952472,0,0.2273770869,0.003261820413,0.01021703146,0.001154622878,0.0004089786671,4.127074135e-05,0.0006611333229,6.958350423e-05,0.007087770849,0.005067649763,0.009523809887,0.006791987922,0.005075924564,0,0.003288232489,0.0005251060356,0.00884534698,0.004761904944,0.005914555397,0.0001595098001,0.0008220907766,0.006206350401,0.002562313341,0.009163356386,0.005122595467,0.007185620721,0.001055078814,0,0.00672245631,0.9778394103,0.0062275948,0.004480495583,0.002537737135,0.002898904728,0.0002841694513,0.02252838574,2.683079401e-06,3.062184533e-06,1.342720316e-05,0.0243244227,0.4827452004,0.4892140925,0.0445693247,0.02814859711,0.004745356739,8.231791071e-06,2.276090891e-05,0.002238885965,0,2.260373094e-06,0,0,0.0001258327247,1.247624368e-05,0,0,3.544585707e-05,9.213501471e-06,5.753241112e-06,0,0,0,0,0.001152106794,4.397194789e-05,0.0001583178237,0,1.338955008e-05,0,2.7712269e-05,0,0,0,0.0007939316565,0.0003569420078,0,0,0,0,0,0,0.0001276346156,0.0001431906276,0.001734012039,0,8.241360774e-06,0,0,0.0002622807515,0,0.0001236459211,0,0,6.043617759e-05,0,0,0,0,0,5.303664148e-05
93,5.535469882e-06,0.0005262247287,1.648376929e-05,0,0.0001490169088,0,0.0006295916974,0.0002117799886,0.0007178653032,0,0.001218291698,0.001241891296,0.1838531047,0.167793408,0.00152119447,0.04441802204,0.001763816923,0.009089801461,0.007665228564,0.007424098905,0.01077378541,0.007931097411,0,0,0,0.002380952472,0.01105141267,0.003176646773,0.02050764672,0.02938346565,0.03460342064,0.02795782872,0.01811006665,0.007734264247,0.01349753514,0.02828435414,0.004761904944,0,0,0.002380952472,0,0.002380952472,0,0.2459320277,0.01255056635,0.01314596459,0.008377686143,0.003661266528,0.0001060759168,0.003407481126,0.001084909891,0.005452738609,0,0.001297951909,0,0.004761904944,0.002695139963,0.0001244088635,9.744912859e-06,0.005443895236,0.002380952472,0.001671433798,0.000237472952,2.911039337e-05,0.002052192809,0.000153933579,0.007457866799,0.002943458734,0.004181819968,1.040322331e-06,2.570425522e-06,0.002274477156,0.9679539204,0.002076776233,0.001648128382,0.0002823234827,0.0004218417744,0.0002573193924,0.004516522866,5.062179298e-07,0,3.274772325e-06,0.01480615418,0.4516607523,0.4829877913,0.04056714848,0.01695318334,0.0005368640414,2.073107316e-05,2.02275578e-06,0,2.260373094e-06,0,0,0,0,0,0,0,0,0,1.333750333e-05,0,3.464373367e-05,0,0,0.001143433037,3.711838872e-05,1.106469608e-05,0,2.611083255e-05,0.0003868409258,1.834098498e-06,1.112418067e-05,0,0.0004265593016,3.376186214e-05,1.077658271e-05,0,0,0,0,5.259631871e-05,0,9.985404904e-05,0,3.136911255e-05,0,5.403496743e-06,1.266045456e-05,1.258549128e-05,0,0,0,0,0,0,0,0,0,0,2.295980266e-05,2.162532382e-06
94,0,0.0002548258926,0,0,0,0,0,0.0001734623365,0.002818036824,0.004321978427,0.003150028642,0.003851942252,0.03376694024,0.06957438588,0,0.02209967375,0,0,0,0,0,0,0,0,0,0,0.003975408152,0,0.002380952239,0.002454357687,0.00382442656,0,0.002380952472,0,0.002380952472,0.0009014636162,0,0,0,0,0,0,0,0.2506065369,0.002663513878,0.002809884259,0.001164925168,0.0002911099291,4.384870863e-06,6.843204028e-05,8.399759099e-05,0.005324168131,0,0,0,0,0.00685321074,0.007007414475,0.002816266147,0.003714322578,0.001203940599,0.00395504944,0.0007706277538,0.00102491735,0.001273778267,0.002380952472,0.004761904944,0.0005679226015,0.009359174408,0,0.0005359607167,0.001688475604,0.8599439859,0.0004333735851,0.003776587313,0,0,0,0,0.0002412073809,0,4.455341696e-05,0.004520324524,0.4026737809,0.4541110694,0.03371839225,0.00699174311,0,0,0,0,0,0,0,0,0,0,0,8.123367934e-07,0,0,0,0,0,0,0,0,0,0,0,0,0,1.679011621e-05,7.434724102e-05,0,0,0,0,0,0,0,0,0,0,0,0,0,0,0,0,0,0,0,0,0,0,0,0,0,0,0,0,0
95,0,0,1.773456233e-06,0,0,0,0,0,0.001314494642,0,0.0009785392322,0,0.03279493004,0.03707417101,0,0.01967827976,0.000305053487,0,0.001608175342,0,0,0,0.002380952472,0,0,0,0.001758206519,0,0,0.001337264897,0.002380952472,0.004761904944,0,0,0.002380952472,0.003510135226,0,0,0,0,0,0,0,0.2434975356,0.001327930368,0.001739120926,0.00024370756,0.000201764371,0,6.284449046e-05,9.89624823e-06,0.0107858628,0,0,0,0,0.001789616654,0,0,0,0,0,0,3.200534411e-05,0,0,0.003862249432,0.001130593359,0.003056378104,0,0,0.001883011078,0.8751085401,0,0.0005995543906,0.0001976732747,0,0,0,0,0,0,0.002380952472,0.3984580636,0.4418071508,0.03520981967,0.003072273219,0,0,0,0,0,0,0,0,0,0,0,0,0,0,0,0,0,0,0,0,0,0,0,0,0,0,0,0,0,0,0,0,0,0,0,0,0,0,0,0,0,0,0,0,0,0,0,0,0,0,0,0,0,0,0,0
96,0,0,0,6.820174895e-05,0,0,0,0,0.001267693238,0,0.001519305049,0.002013392514,0.03940700367,0.02774169669,0,0.02024383843,0,0,0.002380952472,0,0,0,0,0,0,0,0,0,0,0.004761904944,0.002380952472,0.002380952472,0,0,0,0,0,0,0,0,0,0,0,0.2622486651,0.000411928806,0.003410562407,4.913262092e-05,0.0001607542945,7.29868043e-06,0.001137375832,0,0.008140691556,0,0,0,0,0,0,0,0.001902422286,0,0,0,0,0,0,0.002380952472,0,0.008369685151,0,0,0.002380952239,0.8910434842,0,0.002380952472,0,0,0,0,0,0,0,0.0003552733979,0.3758297563,0.3978891373,0.02677050233,0.005434173159,0,0,0,0,0.0001258327247,0,0,0,0,0,0,0,0,0,0,0,0,0,0,0,0,0,0,0,0,0,0,0,0,0,0,0,0,0,0,0,0,0,0,0,0,0,0,0,0,0,0,0,0,0,0,0,0,0,0,0
97,0,0,0,0.0002049688337,0,0,0,0,0.001394960564,0.001014057663,0.001405367861,0.0004602088593,0.03251263499,0.04910895973,0.002380952472,0.02262034453,0,0,0,0,0.0009182682843,0,0,0.002380952239,0,0,0.008086406626,0,0,0.009405273944,0.004761904944,0.004761904944,0.0009810567135,0,0.002380952239,0,0,0,0,0,0,0,0,0.2322414815,0.001130194287,0.0007814035635,0.0001180897307,0.0001796781871,3.457856292e-05,7.089253631e-05,3.988618573e-06,0.01048377249,0,0,0.002380952472,0,0,0,0.002380952472,0.0003423993185,0,0,0,0,0,0,0.0036865531,0,0.007935880683,0,0,0.008447933011,0.8941985965,0,0.0003406192118,0,0,0,0,0,0,4.298139902e-05,0.003802886,0.4448734522,0.4901974499,0.05081720278,0.009923730977,0,0,0.000750608684,0,1.247624368e-05,0,0,0,0,0,0,0,0,0,0,0,0,0,0,0,0,0,0,2.105773638e-05,0,0,0,0,0,0,0,0,0,0,0,0,0,0,0,0,0,0,0,0,0,0,0,0,0,0,0,0,0,0,0,0
98,0,0,0,0,0,4.036644896e-05,0,0,0.001184752444,0,0.002054384211,0.0009436586988,0.03739440814,0.0631872192,0.002380952472,0.02512560971,0,0,0,0,0,0.003890689695,0,0,0,0,0.003223140491,0,0.005203497596,0.0037583136,0.005140665919,0.004761904944,0.002380952472,0,0,0.004135567695,0,0,0,0,0,0,0,0.2402137369,0.0004816568398,0.002506958088,4.597315274e-05,3.207723785e-05,5.953837172e-05,0.0001997486834,0,0.00983642973,0,0,0,0,0.002380952472,0.002380952239,0,0.001354378415,0,0,1.94316508e-05,1.166181664e-05,0,0,0.004683902487,0,0.007476680912,0.002380952472,0,0.007552161813,0.9094591737,0.002529586665,0.0001834651193,0.004909994081,0,0,0,0,0,0,0.01259766426,0.4776366055,0.5156686306,0.04148618877,0.01213418599,0,0,0,0,0,0,0,0,0,0,0,0,0,0,0,0,0,0,0,0,0,4.006984e-06,0,0,0,0,0,0,0,0,0,0,0,0,0,0,0,0,0,0,0,0,0,0,0,0,0,0,0,0,0,0,0,0,0,0
99,1.822301601e-05,0,2.131298061e-05,0,0,0,0,2.457073606e-05,0.0004630854528,0.0006340704276,0.002349161543,0.00220040977,0.0361090377,0.09942597151,0.0003462289169,0.02922307141,0.0007375121349,0,0,0.0007808667142,0.001170388889,0,0,0,0,0,0.00407378329,0.004761904944,0.004761904944,0.007142857648,0.004761904944,0.005785599351,0.004761904944,0,0.003832587972,0.0008201055462,0,0,0.002380952472,0,0,0,0,0.2654311955,0.0002905204019,0.002313289791,0.0001185839137,4.650433402e-05,2.3399356e-05,1.441873246e-05,2.121279795e-05,0.008099053055,0,0,0,0,0,0.0004855144653,0,0.002050869633,0,0.002380952472,3.448037387e-05,8.305755182e-05,0,0.002380952239,0.01325195748,0.008116538636,0.008773117326,0,0,0.007507142145,0.9420853257,0.002585074631,0.003448644653,0.003729965072,0,0,0.003056745976,0.0002433392219,0,0,0.01611921564,0.4948332012,0.5394117236,0.05838569254,0.01498359628,0,0.0004190536565,0,0,0,0,8.123367934e-07,0,0,0,0,0,0,0,0,0,0,0,0,0,0,0,0,0,0,0,0,0,0,0,0,0,0,0,0,0,0,0,0,0,0,0,0,0,0,0,0,0,0,0,0,0,0,0,0,0
100,0,0,0,0,0,0,0,1.285436338e-05,0.003071290907,0,0.0006135140429,0.0002398187935,0.03336511552,0.03334545717,0.001213403069,0.03229622915,0,0,0,0.002380952472,0,0,0,0,0,0,0.002380952472,0.003837049706,0.0003630896099,0.002901804866,0.004761904944,0.002380952472,0.002380952472,0,0,0.002380952472,0,0,0,0,0,0,0,0.1866852492,0.001036625588,0.002865728224,0.0004228327016,0.000146164195,0,7.831656694e-05,5.672967291e-06,0.004091383424,0,0,0,0,0,0,0,0.0009301843238,0,0,9.948045044e-05,4.100943261e-05,0,0,0.00536017213,0.002380952472,0.008666325361,0,0,0,0.7159705758,0.002380952472,0.0003268882865,0,0,0,0,0,0,0,0.0002428293083,0.3520166576,0.3601475358,0.02596499771,0.00846001599,0,0,0,0,3.544585707e-05,0,0,0,0,0,0,0,0,0,0,0,0,0,0,0,0,0,0,0,0,0,0,0,0,0,0,0,0,0,0,0,0,0,0,0,0,0,0,0,0,0,0,0,0,0,0,0,0,0,0,0
101,0,0,4.567123597e-06,0,0,0,0,8.114182492e-06,0.001245447202,0.0007937203045,0.001087642857,0.001109618577,0.0377481766,0.06873521954,0.003637352958,0.02771478519,0.0001334478147,0,0.0005176768755,0.0002777904738,0.000354335818,0.0002720473858,0,0,0,0.001327486942,0.003788819304,0.00515475031,0.00394447986,0.008722272702,0.01018119697,0.004567270633,0,0.0008978070691,0.006073825527,0.00425505219,0.0011071997,0.002380952239,0,0,0,0,0,0.2276142091,0.001604296267,0.002296752296,8.978765254e-05,0.0001081932569,4.158954471e-05,1.424985476e-05,7.103484677e-06,0.008329733275,0,0,0,0,0,0.001116664149,0.0003594296868,0.001850745291,0,0,3.559003289e-06,1.931399311e-05,0,0,0.008481726982,0.002022354631,0.006775791757,0.0002901786647,0,0.00496190507,0.9193680882,0.002009117277,0.001080048503,0.001437520841,0,0,0.0009191969875,0,0,1.311418055e-05,0.01088094432,0.4773637056,0.5256401896,0.04811783135,0.01801043376,0,0.001005122322,0,0,9.213501471e-06,0,0,0,0,0,0,0,0,0,0,0,0,0,0,0,0,0,0,0,0,0,0,0,0,0,0,0,0,0,0,0,0,0,0,0,0,0,0,0,0,0,0,0,0,0,0,0,0,0,0,0
102,0,0,0,0,0,0,0.0008868995355,1.067489666e-05,0.001260392717,0.001905004843,0.001133623067,0.00144074834,0.04170387983,0.09485719353,0.005971509032,0.02955072373,8.484927093e-05,0,0.0004840583715,0,0.0003212595766,0,0.002380952472,0,0,0,0.006761894561,0.002863853471,0.008500034921,0.007876076736,0.008118552156,0.005904606543,0.000607010792,0.007142857648,0.01470709126,0.01376630086,0.002380952472,0,0,0,0,0,0,0.2357099205,0.000530017307,0.001451803022,6.918316649e-05,9.942080214e-05,1.280358174e-05,5.741096174e-05,7.462035683e-06,0.00937278755,0,0,0,0,0,0,0.0002362983068,0.001703359769,0,0,3.473378456e-05,1.495820743e-05,0.0006810876657,0.0001153850171,0.006456951145,0.006276940461,0.007354687899,0,0,0.01244360767,0.9292570353,0.009044393897,0.0008932068595,0.001235225704,0,0,0.002380952472,8.825312398e-05,0,2.794929242e-05,0.003135146573,0.4845394194,0.54728055,0.0497388728,0.01812651753,0.002380952472,0,0,0,5.753241112e-06,1.333750333e-05,0,0,0,0,0,0,0,0,0,0,0,0,0,0,0,0,0,0,0,0,0,0,0,0,0,0,0,0,0,0,0,0,0,0,0,0,0,0,0,0,0,0,0,0,0,0,0,0,0,0
103,0,0,0,0.0001064751486,0,0,0,7.669761544e-05,0.0004293770762,0,0.000473546359,0.0004847390228,0.02379755303,0.03888695687,0.002380952472,0.04720447958,0.0002183391771,0.003900878597,0,0,0.004680435639,0,0,0,0.004761904944,0.001670232741,0.006522061769,0.01127380505,0.008534758352,0.01828178763,0.01888976432,0.02148403227,0.007780516986,0,0.00808591675,0.007849185728,0.0008524999139,0,0.002380952472,0,0.002380952472,0,0,0.1945011914,0.006453285459,0.002690050285,0.004641782958,0.001560683828,0.000111092515,9.522973414e-05,0.0002251183032,0.003916649614,0,0,0,0,0,0,0,0.004723233636,0,0,9.200761269e-06,1.280767628e-05,0.0001365474745,0,0.003138973378,2.544514609e-05,0.003338179318,2.253215462e-05,0,0.005193845835,0.8654797673,0.0004976163036,0.001201107749,0.0009581723134,0,0,0,0,0,6.248341379e-06,0.0006492410903,0.4436576366,0.4094074965,0.02990162745,0.01183280535,0,0,0,0,0,0,0,0,0,0,0,0,0,0,0,0,0,0,0,2.831482016e-05,0,0,0,0,0,0,0,0,0,0,0,0,0,0,0,0,0,0,0,0,0,0,0,0,0,0,0,0,0,0,0,0,0,0,0,0
104,0,0,0,0,0,0,0,0,0.0006272306782,0,0.0001509720605,0.0006445944309,0.01802557334,0.002380952472,0,0.04770790786,0,0,0,0,0,0,0.002380952472,0,0,0,0.001029622392,0,0.003277565353,0.003344436875,0.007142857648,0,0.002380952239,0,0,0.002380952472,0,0,0,0,0,0,0,0.05053262413,0,0.004761904944,0,0,0,0,0.0003713110636,0.001637554844,0,0,0,0,0,0,0,0.001791067421,0,0,0,0,0,0,0.0003766512673,0,0.002793063642,0,0,0,0.3937292993,0,0,0,0,0,0,0,0,0,0,0.2648211122,0.2271196693,0.02520009503,0,0,0,0,0,0,3.464373367e-05,0,0,0,0,0,0,0,0,0,0,0,0,0,0,0,0,0,0,0,0,5.558471912e-06,0,0,0,0,0,0,0,0,0,0,0,0,0,0,0,0,0,0,0,0,0,0,0,0,0,0,0,0,0
105,0,0,0,0,0,0,0,0,0.0002254155261,0.0003962373012,0.0002105135936,0,0.01402588189,0.01833719201,0,0.02339423448,0.0003284219711,0,0,0,0,0.0008989978814,0.001186876907,0,0,0,0.005046456587,0.000665948668,0.003025693586,0.002380952472,0,0,0.001195361488,0,0.002380952472,0.009523809887,0,0,0,0,0,0,0,0.07144588977,0.007142857648,0.0007408495876,0,0,0,0,0,0.001512831892,0,0,0,0,0,0,0,0.002380952472,0,0,0,0,0,0,0.0005158123095,0,0.0002986777108,0,0,0,0.3160755038,9.996648441e-05,0,0,0,0,0,0,0,4.829690079e-05,0,0.1880919635,0.1666795909,0.01350301597,0.001936812652,0,0,0,0,0,0,0,0,0,0,0,0,0,0,0,0,0,0,0,0,0,0,0,0,0,0,0,0,0,0,0,0,0,0,0,0,0,0,0,0,0,0,0,0,0,0,0,0,0,0,0,0,0,0,0,0
106,0,0,0,0,0,0,0,0,0.0001205352164,0,0,1.781278661e-05,0.01589566283,0.004761904944,0,0.0160797406,0,0,0.002380952239,0,0,0,0,0,0.0006365597364,0,0.0005950422492,0,0,0.0002657754812,0,0.002380952472,0.0008507207385,0,0,0.003730176715,0,0,0,0,0,0,0,0.0812433362,0.002380952472,0.001832641545,0,0,0,0,0,0.003454398131,0,0,0,0,0,0.0006963203195,0,0,0,0,0,0.0001425598457,0,0,0.002380952472,0,0,0,0,0,0.3595665395,0,0,0,0,0,0,0,0,0,0,0.177662313,0.157013759,0.008885215968,0,0,0,0,0,0,0,0,0,0,0,0,0,0,0,0,0,0,0,0,0,0,0,0,0,0,0,0,0,0,0,0,0,0,0,0,0,0,0,0,0,0,0,0,0,0,0,0,0,0,0,0,0,0,0,0,0
107,0,0,0,0,0,0,0,5.769163181e-06,0.0008526504389,0.0009169710102,0.0003181608918,0.0004884500522,0.02988404594,0.02503716759,0,0.02382443659,6.027705604e-05,0,0,0.0001848219108,0,0,0.002380952239,0,0,2.615676749e-05,6.583539653e-05,0.0002982084116,0.0001800989121,0.0003527171211,0.0002729726839,0.0003723875852,0.0009976272704,0,0.0002842830727,3.088685116e-05,0.0002345991525,0,0,0,0,0,0,0.1573588699,0.003742196131,0.001011220273,0.007532458752,0.008393624797,0.002380952472,0.004761904944,0.001368845114,0.003638330614,0,0,0,0,0.0005629067309,0.001377743669,0.0001251421054,0,0,0,0.001296149218,0.0007868349785,0,9.32767507e-05,0.0009421082214,0,0.001059059869,0,0,0,0.5832037926,0.0001441498607,0.0004803575284,0,0,0,0,3.547353117e-05,0,0.0004736496194,0.0006931789685,0.2648980319,0.2530114651,0.02596521936,0.007142857648,0.000227122553,0.002380952472,0,0,0.001152106794,0.001143433037,0,0,0,0,0,0,0,0,0,2.831482016e-05,0,0,0,0,0,0,0,0,0,6.03489716e-05,0,0,0,0,0,0,0,0,0,0,0,0.000190006569,0,0,0,0,0,0,0,0,0,0,0,0,0,0,0,0,0,0
108,6.838510558e-07,0,8.967022609e-07,7.401406037e-06,5.939584753e-06,0.0001643905271,0,1.129603788e-05,0.0003134223807,0.0001919921924,0.0003530598478,0.0001741775486,0.03855190426,0.05390252918,0.007142857648,0.04118131474,8.280237671e-05,0.0002068742906,0.0001566775609,0.0002046185109,0.0003657005145,0.0004076508048,0.0003330810869,0.001151981414,6.598280743e-05,0.0001208008252,0.002620063024,0.001940899645,0.00319056632,0.003366671735,0.002928847447,0.005863935687,0.003170684911,0.003821432823,0.001784461201,0.001893213135,0.0007393382839,0,0,0.001273884904,0,0,0,0.2262043506,0.02320722491,0.006797918119,0.02414625324,0.01546909288,0.003779245075,0.004982343875,0.002626148984,0.00239061052,0.0002987345215,6.070267045e-05,3.57190288e-06,0,3.287044456e-05,0.0001589682652,1.181531479e-05,0.001452426892,0,0.0001249820052,0.0006533642299,3.929004743e-05,1.129955581e-05,1.996403171e-06,0.00217772834,1.275620707e-05,0.001075857901,4.979122878e-06,2.299624839e-06,0.005204901565,0.8685801029,0.0001771125098,0.0006422554725,0.001042958465,0.0001470780553,0,0,5.333145964e-06,0,0.0001403892238,0.003981158603,0.3316119313,0.3748904765,0.02629572898,0.006963555701,0.0002035707148,0.0002309478587,0,0,4.397194789e-05,3.711838872e-05,0,0,0,0,0,0,0,0,0,0,0,0,0,0,0,0,0,0,0,0,2.220901365e-07,0,0,0,0,0,0,0,0,2.308667035e-07,0,0,0,0,0,0,0,0,0,0,0,0,0,0,0,0,0,0,0,0
109,0,0,0,0.0001960380905,0,0,0,4.065556368e-06,0.0008205783088,0,0.0007910098648,0.0004995387862,0.02854705229,0.04309188575,0.004105174914,0.02308529243,0.001602451899,0,0,0,0.002877518302,0.0007888203254,0.001125535578,0,0,0,0.004371162038,0.002380952472,0.0009703391115,0.002812269842,0.0007653986686,0.00500087766,0,0,0.002380952472,0.003286248539,0,0,0,0,0,0,0,0.1882132888,0.006720562465,0.003379804082,4.049676863e-05,0.0001668218756,9.956880967e-05,0.0009625338716,7.26300641e-05,0.006155777257,0,0,0,0,0.0007624761201,0,0.000368970359,0.001999536995,0,0,3.049416773e-05,0,0,0,0.007178536616,0,0.006360573228,0,0,0.004324848764,0.8051278591,0.0007366443751,0.003033412388,0.002636204939,0,0,0,0.0001586008002,0,0,0.002446103375,0.4091337025,0.4470444024,0.03375319019,0.004563258495,0.002380952239,0,0,0,0.0001583178237,1.106469608e-05,0,0,0,0,4.006984e-06,0,0,0,0,0,0,0,0,0,0,0,0,0,0,0,0,0,0,0,0,0,0,0,0,0,0,0,0,0,0,0,0,0,0,0,0,0,0,0,0,0,0,0,0,0
110,0,1.129640077e-05,0,0,0,0,0,0,0.0002997398551,0,0,0,0.0243498385,0.007142857648,0,0.05512806028,0.0009311668691,0,0.001688041259,0,0,0,0,0,0,0,0,0.002380952239,0.005938329268,0.008848682046,0.002380952472,0.0005428570439,0,0,0,0,0.0005850609741,0,0,0,0,0,0,0.04774938151,0,0.0006258927751,0.002380952472,0.002380952472,0,0.002380952472,0,0.003623714671,0,0,0,0,0,0,0,0,0,0,0,0,0,0,0,0,0.0005928822211,0,0,0.002380952472,0.2770044804,0,0,0,0,0,0,0,0,0,0,0.167560026,0.1623888016,0.01627812348,0.002380952239,0,0,0,0,0,0,0,0,0,0,0,0,0,0,0,0,0,0,0,0,0,0,0,0,0,0,0,0,0,0,0,0,0,0,0,0,0,0,0,0,0,0,0,0,0,0,0,0,0,0,0,0,0,0,0,0
111,2.135324848e-06,2.852750549e-05,1.38686728e-05,4.258084664e-05,6.202532859e-06,0,0,1.021974367e-05,0.0008103793953,0.00028177473,0.0008327307878,0.001398018794,0.02157535218,0.06495410949,0.005380061921,0.03918323293,0.0002417589858,0.001355628367,0.001312035136,0.00145428325,0.002204969991,0.002544646384,0,0,0.0003396431275,0.0007950931904,0.009090949781,0.009350008331,0.01261461247,0.0163730979,0.01461190637,0.02300146967,0.02205170691,0.009034280665,0.00603452092,0.008194696158,0.0003121884074,0,0,0.0005510084447,0,0,0,0.2062990665,0.00731407851,0.006704333704,0.001684729941,0.001143770409,0.0005422467366,0.0006458341377,0.0001218278194,0.005366910249,0.0003382719005,0,0.0008000119124,0.0003970426624,0.0001639989641,0,0.0004100093793,0.006242960226,0.0004573563638,2.438482261e-05,6.165228842e-05,3.737154475e-05,0.0004973444738,0,0.004577498883,0.0004436797462,0.004824455827,0,0,0.02364074625,0.9187636971,0.0004834667488,0.001624121913,0.004914602265,0,0,0.001290451968,2.512843275e-05,0,1.237235392e-05,0.002317587845,0.455219835,0.4828195572,0.03910037875,0.03075812384,0.00401282683,0.0003647518461,0.001578180585,0,1.338955008e-05,2.611083255e-05,0,0,0,2.105773638e-05,0,0,0,0,0,0,0,0,0,0,0,0,0,0,0,2.39673426e-07,0,0,0,0,0,0,0,0,0,0,0,0,0,0,0,1.657413009e-06,0,0,0,0,0,0,0,0,0,0,0,0,2.563730277e-06,0
112,0,0,0,0,0,0,0,0,0.0005591823719,0,6.466334889e-05,0,0.004418993834,0.007142857648,0,0.03548754752,0,0,0,0,0.00390610192,0,0,0,0,0,0,0.001792416559,0,0.002380952472,0.0007754513645,0.001602861681,0.002380952239,0,0.003404463641,0.002380952239,0,0,0,0,0,0,0,0.03851089627,0,0.002380952472,0.002380952472,0.002380952472,0,0,0.0003764809517,0.0005005254061,0,0,0,0,0,0,2.471652442e-05,0.002380952472,0,0,0,0,0,0,0,0,0.001250128378,0,0,0,0.230841279,0,0.0002403025137,0,0,0,0,0,0,0,0.0002337903425,0.174041301,0.1417402476,0.0115277553,0,0,0,0,0,0,0.0003868409258,0,0,0,0,0,0,0,0,0,0,0,0,0,0,0,0,0,0,0,0,0,0,0,0,0,0,0,0,0,0,0,0,0,0,0,0,0,0,0,0,0,0,0,0,0,0,0,0,0,0
113,8.267767043e-06,4.295744293e-05,3.988143726e-05,9.879333811e-05,0.0002125644387,0,0,6.829923223e-05,0.0006045027985,0.002800761722,0.0007459695335,0.0006294456543,0.02373032458,0.05844871327,0.001981474226,0.0495906584,0.0008092812495,0.002150363754,0.003240372054,0.004689627327,0.003784005297,0.005793221295,0.003483661218,0.005260233767,0.003648817074,0.003990541212,0.01322123595,0.02230914682,0.019339744,0.02187943831,0.03189432248,0.02199838124,0.02303404175,0.004483166616,0.009784817696,0.02164158225,0.01038674358,0.002380952472,0.002380952472,0.0004656635865,0,0,0,0.2305884808,0.02877566777,0.009438966401,0.006049549207,0.01449361164,0.001246284111,0.002506189747,0.001072865911,0.004370253533,0,0.000248954806,0,0.0001002168574,7.506676775e-05,1.283906022e-05,2.577223768e-06,0.004453395493,0,0.0001102994211,0.0001879194315,1.864648584e-05,0,0,0.003656239016,0.0001544402912,0.004298350308,0,0,0.01286355034,0.9285630584,0.0001887503313,0.0006834294181,0.004184735008,0.000656301796,0.0009130711551,0.00048275257,2.214441702e-05,0,1.789752241e-05,0.003971628379,0.4251422584,0.4362795353,0.03375241905,0.02634039707,0.0005851881579,0.0007048196858,8.931865159e-05,5.890160173e-05,2.7712269e-05,1.834098498e-06,1.679011621e-05,0,0,0,0,0,0,0,0,0,0,0,0,6.03489716e-05,0,0,0,2.39673426e-07,0,0,0,0,0,0,0,0,0,0,0,0,0,0.0002404983534,0,0,0,0,0,0,0,0,0,0,0,0,0,0,0,0,2.819939073e-05,0
114,1.270820576e-06,0,0,0.0001084586838,0.0001350134989,0,0,2.524834235e-05,0.0006502897595,0.0003102445917,0.001042302931,0.0004576688807,0.03543673083,0.05866000429,0.004041576758,0.05463515595,0.0004126692365,0.001200040453,0.0005925223231,0.001500009093,0.0007165665156,0.004450742621,0.0003352564236,0.001440844848,0.0007208314491,0.001123656286,0.009499079548,0.01640241593,0.01613959856,0.01681004278,0.01190785598,0.01129371859,0.02522030845,0.008024063893,0.01072945073,0.01109494176,0.005527422298,0.002380952472,0.001764794113,0,0.001419099048,0,0,0.2262568921,0.03628184646,0.008314531296,0.01148489024,0.02625063807,0.003350359853,0.007093266118,0.002013922436,0.00326311402,0,0,0.0001024070807,0.0001882009965,0.0001695164101,1.858148062e-05,3.851759175e-05,0.002709310269,0,0,0.0002903955756,2.460807264e-05,0,0.0001399513858,0.001565051731,0.0002393046598,0.003719960339,3.474384357e-05,0,0.006352000404,0.9302695394,0.0002832924656,0.0009760693647,0.002806407632,0.0001131537429,0,0.0002578886342,0,0,1.840447112e-05,0.005249748938,0.3887414634,0.3844940066,0.0284644682,0.01576422714,0.00149094325,0.00210188143,0,0,0,1.112418067e-05,7.434724102e-05,0,0,0,0,0,0,0,0,0,5.558471912e-06,0,0,0,2.220901365e-07,0,0,0,0,0,0,0,1.243920087e-05,0,0,0,7.160585665e-05,0,0,0,0,0,0,0,0,1.810775575e-05,0,0,0,0,0,0,0,0,0,0,0,0,0,0
115,0,0,0,0,0,0,0,8.367979717e-06,0,0,3.161646237e-05,3.715689309e-05,0.01516099274,0.009523809887,0,0.009881054051,0,0,0,0,0,0,0,0,0,0,0.0003900800657,0.002380952472,0,0,0,0,0,0,0.002380952472,0,0,0,0,0,0,0,0,0.1019764915,0,0.006247185171,0,0.002380952472,0.0008316346793,0,0,0.004068413749,0,0,0,0,0,0,4.570809324e-05,0.0003212085867,0,0,0,0,0,0,0.001332492102,0,0.0002201093594,0,0,0,0.5459068418,0,0,0,0,0,0,0.0005926160957,0,0,0,0.1777690947,0.2099469751,0.04534387216,0,0,0,0,0,0,0,0,0,0,0,0,0,0,0,0,0,0,0,0,0,0,0,0,0,0,0,0,0,0,0,0,0,0,0,0,0,0,0,0,0,0,0,0,0,0,0,0,0,0,0,0,0,0,0,0,0
116,0,0,0,0,0,0,0,3.918471521e-06,0.0001770580711,2.811785089e-05,6.748572196e-05,0.0003152739955,0.02677468024,0.03206509724,0,0.01017974224,0,6.592331192e-05,0.0001746810158,0,0.0007665754529,3.645759716e-05,0,0,0,8.34080638e-05,0.0002513361396,0.0001200201004,6.354934158e-05,0.0002982708684,0.0003662117233,0.0004049038689,0.0005595968105,0,0.0002523619041,0.0002019544045,0,0,0,0,0,0,0,0.1857878566,0.01560906041,0.001837949036,0.006978714373,0.002380952472,0.003154234728,0.001661066432,0.003757562954,0.005540443119,0,0,0,0,0.0002819637593,0.0003886646009,7.597146032e-05,0.0006794842775,0,0,0.0009999575559,0.0003710264864,2.392148645e-06,0,0.001362468814,0.0002505237935,0.0004605657014,0,0,0.004809218459,0.7882044911,0,5.697231245e-05,0.000206794386,0,0,0,0.0002380933147,0,0.001303972094,0.0004592475889,0.227611199,0.402667433,0.03492582589,0.000341665087,0,0,0,0,0,0.0004265593016,0,0,0,0,0,0,0,0,0,0,0,0,0,0,0,0,0,0,0,0,1.243920087e-05,0,0,0,0,0,0,0,4.778576113e-05,0,0,0,0,0,0,0,4.126591011e-05,0,0,0,0,0,0,0,0,0,0,0,0,0
117,0,0,0,0,0,0,0,1.041875385e-05,0.0001379612804,0,0.0005865059793,0.0004101709637,0.0185891632,0.02794225141,0,0.04900048673,5.199101724e-05,0,0.0009132596897,0,0.0003467128554,0,0,0,0,0,0.009433282539,0.005032756366,0.004514728207,0.007531278767,0.00445220666,0.006048214622,0.002380952472,0,0,0.003169814823,0,0,0,0,0,0,0,0.1207627356,0.004334354773,0.00898037944,0.00197282969,0.002531416714,0.003983439412,0.0009969070088,0.0005564115127,0.001981796697,0,0,0,0,0,0.0002247267257,1.868249092e-05,0.001445707399,0,0,0.0002093143848,6.02034379e-06,0,0,0.002943538595,0.0002189222287,0.002536825137,0,0,0.002878971398,0.6490524411,4.484292731e-05,0.0001677952823,0,0,0,0,0,0,6.673529424e-05,0.0005724642542,0.3274778128,0.299590081,0.02558943816,0.01193934307,0,0.002380952472,0,0,0.0007939316565,3.376186214e-05,0,0,0,0,0,0,0,0,0,0,0,0,0,0,0,0,0,0,0,0,0,0,0,0,0,0,0,0,0,0,0,0,0,0,0,0,0,0,0,0,0,0,0,0,0,0,0,0,0,0
118,0,0,0,3.108998862e-05,0,0,0,1.596886614e-05,0.0005609719665,0,0.0003217135381,0.00130124425,0.02367313765,0.0313360244,0,0.03711923212,0.0008416803903,0.00484800199,0.001478272607,0.002509040758,0.0008869557059,0.000418791984,0.002380952472,0,0,0,0.006378950085,0.01190476213,0.01117468625,0.01311239693,0.01181038376,0.01033502072,0.01292921882,0.006160516758,0.003297197632,0.007142857648,0,0,0,0.002380952472,0,0,0,0.2020141333,0.008076244965,0.005084731616,0.0002847385185,0.001461083884,0.0001007849496,0.000160700627,4.950612492e-05,0.004810225219,0.001153589459,0,0,0,0.001188420923,0.0006212539156,0,0.003580671037,0,0,0.0001513946336,1.178874027e-05,0,0,0.001955953427,0.000208418729,0.004988129716,0,0,0.0004874887818,0.8820294142,0.0002367144043,0.0002257690649,0.0003763848508,0,0,0,2.358014171e-05,0,4.354563316e-06,0.003063322743,0.4162419438,0.4659898877,0.04123409092,0.008636595681,0,0.0003579045588,0,0,0.0003569420078,1.077658271e-05,0,0,0,0,0,0,0,0,0,0,0,0,0,0,0,0,0,0,0,0,0,0,0,0,0,0,0,0,0,0,0,0,0,0,0,0,4.532144885e-05,0,0,0,0,0,0,0,0,0,0,0,0,0
119,0,0,0,0,0,0,0,0,5.41910922e-05,0,0,0.000601214997,0.02092164382,0.008923338726,0,0.00530354213,0,0,0,0,0,0,0,0,0.001317411661,0,0,0,0,0.0005777640617,0,0,0,0,0.0004935274483,0.002380952472,0,0,0,0,0,0,0,0.06513060629,0.003083945485,0.004226424266,0,0,0,0,0,0.001684575458,0,0,0,0,0,0,0,0.0005661974428,0,0,0,0,0,0,0,0,2.854960076e-05,0,0,0,0.3466372788,0,0,0,0,0,0,0,0,0,0,0.1374766827,0.109801814,0.009275419638,0,0,0,0,0,0,0,0,0,0,0,0,0,0,0,0,0,0,0,0,0,0,0,0,0,0,0,0,0,0,0,0,0,0,0,0,0,0,0.0001610641775,0,0,0,0,0,0,0,0,0,0,0,0,0,0,0,0,0,0
120,0,0,0,0,0,0,0,0,5.532135765e-05,0,5.552850416e-05,0,0.01282916311,0.01666666754,0,0.001022970886,0,0,0,0,0,0,0,0,0,0,0,0,0,0,0,0,0,0,0,0,0,0,0,0,0,0,0,0.1142209768,0.004761904944,0.001748092705,0,0,0.001205173205,0,0,0.005390250124,0,0,0,0,0,0,0,0,0,0,0.000552984653,0,0,0,0,0,5.069865801e-05,0,0,0,0.4786291718,0.0001936660992,0,0,0,0,0,0,0,0,0.0007792605902,0.2341374457,0.1973306686,0.02788631991,0.0002839417721,0,0,0,0,0,0,0,0,0,0,0,0,0,0,0,0,0,0,0,0,0,0,0,0,0,0,7.160585665e-05,0,0,0,0,0,0,0,0,0,0,0,0,0,0,0,0,0,0,0,0,0,0,0,0,0,0,0,0,0
121,0,0,0,0,0,0,0,9.846874309e-05,1.19532433e-05,0,1.324682216e-05,0.000181585041,0.02239341661,0.02162736841,0,0.003046260914,0,0,0,0,0.0009624409722,0,0,0,0,0,0,0,0,0.0002858756052,0,0,0,0,0,0,0,0,0,0,0,0,0,0.1900854409,0.00259590894,0.006574598141,0.0003462673048,0,0,0.0002259527537,0,0.005678599235,0,0,0,0,0,0,1.445988528e-05,0.002088913927,0,0,0,0,0,0,0.003678593086,0.0001149213931,0.0003556451993,0,0,0.0002253342827,0.7498122454,0,0.001665637945,9.94876973e-06,0,0,0,0,0,0,0.000236366468,0.2200796008,0.3354421556,0.03699923679,0.0004219099646,0,0,0,0,0,0,0,0,0,0,0,0,0,0,0,0,0,0,0,0,0,0,0,0,0,0,0,0,0,0,0,0,0,0,0,0,0,0,0,0,0,0,0,0,0,0,0,0,0,0,0,0,0,0,0,0
122,0,0,0,0,0,0.002380952472,0,0,0.0004366493959,0,0.0002389782021,0.0002511414932,0.054511372,0.02646670677,0.0008527984028,0.05132446438,0.003220573068,0,0.007142857648,0.001302374061,0.001834727707,0,0,0,0.002380952472,0,0.008250772022,0.01138094068,0.01118459832,0.0186743103,0.005889248103,0.01525487006,0.007661543787,0.009523809887,0,0.003755759448,0,0,0,0,0,0,0,0.2175317556,0.009760936722,0.00801040791,0.01635577157,0.001056597335,0.003144723596,0.002916188212,0.005211416632,0.003107302822,0,0.0002156580158,0,0,0,0.0002270225668,0,0.003468357259,0,5.354224777e-05,0.0004061792861,1.34446127e-05,0,0,0.003842033213,0,0.001229010057,0,0,0.00350442389,0.7859502435,9.914155089e-05,0.002326518297,0,0,0,0.000278979307,1.217083627e-05,0,2.75874645e-05,0.0003806068853,0.3785532117,0.3367232978,0.02695469186,0.002312458819,0,0,3.6950918e-05,0,0,0,0,0,0,0,0,0,0,0,0,0,0,0,0,0,0,0,0,0,0,0,0,0,4.778576113e-05,0,0,0,0,0,0,0,0,0.0001839528413,0,0,0,0,0,0,0,0,0,0,0,0,0,2.267268246e-05,0,0,0,0
123,0,0,3.046349661e-07,0,0,0,0,0,0.000127893305,2.086622089e-06,8.409142174e-05,2.263273564e-05,0.02625955269,0.08230789006,0.00310153747,0.007945854217,0.0001055818793,0,0,0.0006160334451,0,0.0005491016782,0,0,0,0,0.000266107585,0.001235018484,0.0005661724717,0.0003846835752,0.001109161414,0.001186510781,0.001084852731,1.951278136e-05,0,0.0006195910391,0,0,0,0,0,0,0,0.201757893,0.01229506172,0.00348434085,0.00368040707,0.002380952472,0.0001303240424,0.002094631782,0.002380952472,0.01090203039,0,0,0,0,0.000235112122,0.0003255656338,2.525220043e-05,0.000615045079,0,0,0.0001629206818,0.0003919390147,0,1.061935677e-06,0.002808661433,0.0006745290011,0.0002156939299,0,4.479232416e-07,0.003856761148,0.8066593409,0,9.182463691e-05,0,0,0,0,3.114495485e-05,0,7.396613364e-05,0.0004159269156,0.2203491628,0.4687774181,0.03676334396,0.0036099602,0,0,0,0,0,5.259631871e-05,0,0,0,0,0,0,0,0,0,0,0,0,0,0,2.308667035e-07,0,0,0,0,0,0,0,0,0,0,0,0,0,0,0,0,0,0,0,0,0,0,0,0,0,0,0,0,0,0,0,0,0,0,0
124,0,0,0,0,0,0,0,0,0.001328408252,0,2.741240496e-05,0,0.02009001002,0.01004361548,0,0.003168854397,0,0,0,0,0,0.002380952472,0,0,0,0,0,0,0.002380952472,0,0.004347494803,0,0,0.002380952472,0,0,0,0,0,0,0,0,0,0.06982143968,0.001331652282,0.01333472412,0.005065596662,0.007142857648,0,0.004761904944,0,0.003971503582,0,0,0.002380952472,0,0,0,0,0,0,0,0.0005332272849,0,0.002380952472,0,0.007142857648,0.003092500614,0.04744229838,0,0,0.000240819325,0.5689108372,0.002380952472,0.001000804361,4.87410216e-06,0,0.0004426433297,0,0,0,0,0.003792154836,0.2288659513,0.4012075663,0.01837877929,0.000962879858,0,0,0,0,0,0,0,0,0,0,0,0,0,0,0,0,0,0,0,0,0,0,0,0,0,0,0,0,0,0,0,0,0,0,0,0,0,0,0,0,0,0,0,0,0,0,0,0,0,0,0,0,0,0,0,0
125,0,0,0,0.0002472854976,2.160485906e-07,0,0,1.321652599e-05,0.001736207865,0.001903040451,0.0004753026878,0.0005840125959,0.03034501709,0.02506890148,0.0002062534331,0.0183427427,0.0001222050778,0,0,0.0004837164888,0,0,0,0.002380952472,0,0,0.003400354879,0.005736360326,0.005058397073,0.001944521442,0.000242705355,0.001177769853,0.0005986204487,0,0.002380952239,0.002380952472,0.0001559646626,0,0,0,0,0,0,0.2331841439,0.007198983338,0.01002337597,0.0009305080748,0.002403265098,0.001642496558,0.001932213549,0.0004275493266,0.005220964551,0,0,0,0.002380952472,0.001599238953,0.0018300761,0.004019524902,0.01226375718,0,0.0001388921082,0.0002821919043,0.0002082245192,0,0.0005514893564,0.007412007544,0.01192344166,0.007153404411,0,0.0008554146625,0.00016920708,0.9007178545,0.005828357302,0.002254842315,0.0004973420291,0.002953345655,0.0004127810535,0.00379980891,0.0005924514844,0,0.0001604949503,0.006410364062,0.449093014,0.4988737106,0.0473449491,0.008412425406,0.000575545826,0.0004496407346,0.0001843462087,0,0.0001276346156,9.985404904e-05,0,0,0,0,0,0,0,0,0,0,0,0,0,0.000190006569,0,0,0,0,0,0.0002404983534,0,0,0,0,0,0.0001610641775,0,0,0.0001839528413,0,0,0,0,0,0,2.349214446e-05,0,4.131501896e-07,0,0,0,0,0,0,0,0,0,0,0,0
126,0,0,1.132312264e-05,0,1.01200867e-05,0.0002281942579,0,0,0.0004725519684,0,0.0005996685359,0.0005976702087,0.02335771173,0.02956488542,0.0008545509772,0.03441178054,0.0007463277434,0,0,0.004761904944,0,0.002380952472,0,0,0,0,0.01058063563,0.006462157704,0.006809495389,0.0111086173,0.009596873075,0.009523809887,0,0,0,0.004761904944,0,0,0,0,0,0,0,0.1824280918,0.006507992279,0.009304042906,3.092690167e-05,0.0001011767963,1.886113205e-05,0,1.34060756e-05,0.0054997853,0,0,0,0,0,0.0001398439199,0,0.0002732060966,0,0,2.789144492e-05,2.675905307e-05,0,0,0.002677236218,0.0007524330285,0.002846765565,0,0,0.003086023964,0.7926272154,0.001294494607,0.0001415560109,0,0.0009851498762,0,0,0,0,2.773372944e-05,0.0026481112,0.4046675265,0.4295894504,0.02896505408,0.01122729853,0,0.002380952472,0,0,0.0001431906276,0,0,0,0,0,0,0,0,0,0,0,0,0,0,0,0,0,0,0,0,0,0,0,0,0,0,0,0,0,0,0,0,0,0,0,0,0,0,0,0,0,0,0,0,0,0,0,0,0,0,0
127,0,0,0,0,0,0,0,0,0.0006864909083,0,0.0006636153557,0.000517205277,0.01816209592,0.03510226309,0.002380952472,0.04346829653,0,0.003532887669,0,0.001442807028,0,0,0.002380952239,0,0,0.0001442524954,0.003146477975,0.003109567333,0.004761904944,0.009269230068,0.002533659106,0,0,0.002380952472,0.003436679021,0.007142857648,0.002380952472,0.002380952472,0,0.0009224360692,0,0,0,0.1643479764,0.01421177667,0.002487026853,0.0009416614193,0.001622059732,4.354276098e-05,0.001073336694,0.0001664739539,0.004156117328,0,0,0,0.0009026883054,0,0,0,0.003528740723,0,0,8.139750571e-05,0,0,0,0.00393562438,0.0002206166246,0.003177365055,0,0,0.001237979857,0.7464883327,2.921618943e-05,0.0003481990716,0,0,0,0,7.744751201e-05,0,0.0001079337453,0.0008178186254,0.4018146098,0.4283036888,0.03443701938,0.007167515345,0.001532803057,0,0,0,0.001734012039,3.136911255e-05,0,0,0,0,0,0,0,0,0,0,0,0,0,0,0,0,0,0,0,0,0,0,0,0,0,0,0,0,0,0,0,0,0,0,0,0,0,0,0,0,0,0,0,0,0,0,0,0,0,0
128,0,0,0,0,0,0,0,0,4.889516276e-05,0,2.364123793e-05,0.0001137032086,0.03931259736,0.004761904944,0,0.001910766237,0,0,0,0,0.0009008430061,0,0,0,0,0,0,0,0,0,0,0,0.002380952472,0,0,0,0,0,0,0,0,0,0,0.116556488,0,0.006600383669,0.002380952472,0,0,0,0,0.001069686608,0,0,0,0,0.0003425324394,0,0,0.000468429731,0,0,0,0,0,0,0.001584870974,0,0.0001949555008,0,0,4.401158367e-05,0.5175825357,0,0.0004048398696,0,0,0,0,0,0,0,0,0.2088480294,0.2195564508,0.03528630361,0.003056880552,0,5.361453077e-06,0,0,0,0,0,0,0,0,0,0,0,0,0,0,0,0,0,0,0,0,0,0,0,0,0,0,0,0,0,0,0,0,0,0,0,0,0,0,0,0,0,0,0,0,0,0,0,0,0,0,0,0,0,0
129,3.802822903e-05,0,1.357989368e-05,1.364105083e-05,0,7.55304136e-05,0.0002430807072,4.42648161e-05,0.0008690896793,0.001320275245,0.0008920103428,0.001456582686,0.02777670696,0.05861243233,0.006655475125,0.03608553484,0.002282728907,0.000402593374,0.001301563694,0.00658217445,0.003910479136,0.006777072325,0.004761904944,0,0.003634848632,0.0008223868208,0.01440382097,0.01999454387,0.01774960011,0.02556680888,0.03764012083,0.02362472564,0.021323191,0.01412583143,0.02004368231,0.01787211932,0.001684741583,0,0,0.002380952472,0,0.002380952472,0,0.1985374689,0.006702037994,0.004277555272,0.001003968413,0.001037516049,0.0001935223117,0.0008318172768,0.0001068342099,0.006031393073,0.0004701542784,0.001644800417,0.0001686557662,0,0,8.172606613e-05,0.0002284320362,0.002274084371,0,3.250193549e-05,7.785769412e-05,5.015970237e-05,0.002513785614,0.0001696641848,0.006603607442,0.002563437447,0.004595070612,0,0,0.0112606436,0.9119117856,0.004275178537,0.0009910814697,0.003037536517,0,0,0.0009859941201,4.97766996e-05,0,1.117928514e-05,0.009814602323,0.4520592391,0.4853434861,0.04648477212,0.02268888988,0.000847906922,0.0006454850663,0,0,8.241360774e-06,5.403496743e-06,0,0,0,0,0,0,0,0,0,0,0,0,0,0,0,0,0,1.657413009e-06,0,0,1.810775575e-05,0,0,0,0,0,0,0,0,0,0,2.349214446e-05,0,0,0,0,0,0,0,0,0,0,0,0,0,0,0,0,0,0
130,0,0,0,0,0,0,0,0.0003298969532,0.0004542550014,0.0001469364506,0.0007662452408,6.549866521e-05,0.04106880352,0.03553980216,0,0.04484849796,0,0.0005301480414,0.00234176009,0.001584452693,0.00425437931,0.00330235553,0,0,0.002380952239,0.003681878326,0.004239890724,0.005470585078,0.006233937107,0.0152933402,0.01228266489,0.01197167207,0.002380952472,0.007142857648,0,0.007982528768,0,0,0,0,0,0,0,0.2010503709,0.014114419,0.005610218272,0.005723413546,0.003083414631,0.0009936679853,0.004917198326,0.001006088452,0.003325215308,0,0.0001477288024,0,0,0.0001028155166,0,0,0.003146882402,0,0,0.0005185549962,0,0.0003551270347,0.0001613494969,0.00388286449,0.0006169854314,0.002880125307,0,0,0.0007806269568,0.8443791866,0.0002728272812,0.0009508393705,0.000640210812,0.001291672699,0,0.001405397081,0,0,3.506279245e-05,0.001303894795,0.4063658416,0.4235366881,0.03155001625,0.009685028344,0.001535477,5.423647963e-05,0,0,0,1.266045456e-05,0,0,0,0,0,0,0,0,0,0,0,0,0,0,0,0,0,0,0,0,0,0,4.126591011e-05,0,4.532144885e-05,0,0,0,0,0,0,0,0,0,0,0,0,0,0,0,0,0,0,0,0,0,0,0,0,0
131,0,0.0001376051659,0,6.056964048e-05,0,0,0,1.457089456e-05,0.0003134285216,0,0.0008891405887,0,0.01795421727,0.04117574543,0.001583426027,0.0325076133,0.0001201218402,0,0.0007997227949,0,0,0,0,0,0,0,0.006515346002,0.005125282798,0.01079269219,0.01221361291,0.01387280133,0.006431890186,0.005803928711,0.004761904944,0.00506151747,0.01492724661,0,0,0,0,0,0,0,0.2074140906,0.003616591217,0.005110410973,0.001065600081,0.0005333520239,0.0004609318858,0.0004192872439,4.804303535e-05,0.004794606473,0,0,0,0,0,0,0,0.002880692249,0,5.386439443e-05,3.44685327e-06,0,0.001029123086,0,0.00097275601,7.178425585e-05,0.004230552819,0,0,0.008910546079,0.9013410211,0,0.0006795517402,0.000161917269,0,0,0.0003024553007,0,0,0,0.0014376865,0.4448987246,0.4624278545,0.03385286033,0.01803021692,0,0.002033786848,0,0,0,1.258549128e-05,0,0,0,0,0,0,0,0,0,0,0,0,0,0,0,0,0,0,0,0,0,0,0,0,0,0,0,0,0,0,0,4.131501896e-07,0,0,0,0,0,0,0,0,0,0,0,0,0,0,0,0,0,0
132,0,0,0,0,0,0,0,0,0.0006255648914,0,0.001343787648,0,0.01438367181,0.01948432997,0.002380952472,0.03547613695,0,0.004761904944,0,0,0.0005291373236,0,0,0,0.002380952472,0,0.005333490204,0.002380952472,0.002380952472,0.00841551926,0.002762971213,0,0.004761904944,0,0,0.001127032097,0,0,0,0,0,0,0,0.13085109,0,0.002072496805,0.0005327149993,0.0009753084159,7.905800885e-05,0.000301197957,6.653735181e-05,0.004670706112,0,0,0,0,0,0,0,0.0002589915239,0,0,5.988257908e-05,0,0,0,0.001112174708,0.0007333366084,0.001518532401,0,0,0.00132290239,0.628412962,0,0.001243852079,0,0,0,0,3.534316056e-05,0,0,0.004915803671,0.33933568,0.3441619277,0.02271248773,0.004761904944,0,0,0,0,0.0002622807515,0,0,0,0,0,0,0,0,0,0,0,0,0,0,0,0,0,0,0,0,0,0,0,0,0,0,0,0,0,0,0,0,0,0,0,0,0,0,0,0,0,0,0,0,0,0,0,0,0,0,0
133,0,0,0,0,0,0,0,0,0.001506117755,0,0.000290240394,0,0.008458999917,0.006470642984,0,0.02856453322,0,0,0,0,0,0,0,0,0,0,0.0004955921904,0.002380952472,0,0.002380952472,0.002380952472,0,0.0006447621272,0.002380952239,0,0,0,0,0,0,0,0,0,0.07400164753,0,0.003329855157,0.003014579415,0.001744586974,0,0.002380952472,0,0.003078719368,0,0,0,0,0,0,0,0.0007474618033,0,0,0,0,0,0,0.002380952239,0.0008837250643,0.003257539589,0,0,0,0.3777865469,0,0,0,0,0,0,0,0,0,0,0.2545199096,0.2382318079,0.01161547471,0.002380952472,0,0,0,0,0,0,0,0,0,0,0,0,0,0,0,0,0,0,0,0,0,0,0,0,0,0,0,0,0,0,0,0,0,0,0,0,0,0,0,0,0,0,0,0,0,0,0,0,0,0,0,0,0,0,0,0
134,0,0,0,4.505255856e-05,0,0,0,2.315043457e-05,0.0004774813715,0,0.0006673318567,0.0001165992508,0.01935315877,0.03198038414,0.003234579461,0.03853156418,0,0.0001757471036,0,0.001822805149,0,0.0009802188724,0,0.002380952472,0.0007051402354,0.0005210723029,0.005856989883,0.006339986343,0.001274339389,0.005126109812,0.004653630313,0.006962629966,0.001663076458,0,0.008791296743,0.002358850092,0,0,0,0,0,0,0,0.1683793664,0.009032990783,0.003821805585,0.001199866296,0.00250422419,0.0008628184441,0.001067860168,7.21289689e-05,0.005521570798,0,0,0,0,0.0006263136165,0,1.94632521e-05,0.004055505153,0,0,0.0001340144518,5.141672318e-06,0,0,0.002862350317,0.0004081314546,0.004353797529,0,0,0.003175823484,0.8359510303,0.001180895837,0.0008995677927,0.0006351189222,0,0,0,8.429152331e-06,0,2.357226367e-05,0.0002205164783,0.4216046035,0.4417238533,0.03596515581,0.009289810434,0,0.002380952472,0,0,0.0001236459211,0,0,0,0,0,0,0,0,0,0,0,0,0,0,0,0,0,0,0,0,0,0,0,0,0,0,0,0,0,0,0,0,0,0,0,0,0,0,0,0,0,0,0,0,0,0,0,0,0,0,0
135,0,0,0,0,0,0,0,0,0,0,0.0004545189731,0,0.0199486427,0.01076035853,0,0.0230731722,0,0,0,0,0,0,0,0,0,0,0.00111252442,0,0.003035286674,0.003316212445,0.002880580025,0.003050327767,0,0,0,0,0,0,0,0,0,0,0,0.08925031126,0,0.0009525817586,0,0.003691925434,0,0,0,0.002111003269,0,0,0,0,0,0,0,0,0,0,5.168282951e-05,0,0.002380952472,0,0,0,0.002879037056,0,0,1.124378377e-05,0.4563357234,0.001180623309,0,0,0,0,0,0,0,0,0.0004923557281,0.2430351377,0.2615876198,0.01432645041,0.001077718567,0,0,0,0,0,0,0,0,0,0,0,0,0,0,0,0,0,0,0,0,0,0,0,0,0,0,0,0,0,0,0,0,0,0,0,0,0,0,0,0,0,0,0,0,0,0,0,0,0,0,0,0,0,0,0,0
136,0,0,0,0,0,0,0,0,1.000643169e-05,0,0,2.774241148e-05,0.01709692366,0.005302311853,0,0.005181317218,0,0,0,0,0,0,0,0,0,0,0,0.003939782269,0,0,0,0,0,0,0,0,0,0,0,0,0,0,0,0.1035923511,0.002380952472,0.0008689954411,0,0,0,0,0.0007667578757,0.00211472204,0,0,0,0,0.002432707464,0,0,0.0005370367435,0,0,0,0.0003380156413,0,6.655484322e-05,0.001979673747,0.000458140712,0.0008640790475,0,0,8.00673206e-06,0.5396431684,0,0,0,0,0,0,0,0,0,0,0.2293566614,0.2400326729,0.02585896663,0.0007736030384,0,0,0,0,0,0,0,0,0,0,0,0,0,0,0,0,0,0,0,0,0,0,0,0,0,0,0,0,0,0,0,0,0,0,0,0,0,0,0,0,0,0,0,0,0,0,0,0,0,0,0,0,0,0,0,0
137,0,0,0,0,0,0,0,0,8.760893252e-05,0,8.281083137e-05,0.0003236017074,0.03814519942,0.02188524231,5.814941687e-06,0.001883230405,0,0,0,0,0,0,0,0,0,0,0,0,0,0,0,0,0,0,0,0,0,0,0,0,0,0,0,0.09654575586,0.01037874073,0.007368075196,0.007926529273,0.003739055945,0.002380952239,0.001991841709,0.001734112622,0.008356616832,0,0,0,0,0.002380952472,0,0.0003345702717,0.001868525054,0,0,0.001446799492,0,0,0,0,0,0.01543428376,0,0,0.0002253055864,0.6735251546,0,0.005454510916,0,0,2.179984585e-05,0,0,0,0,0,0.2828095555,0.4590345323,0.03170609474,0.0005405989359,0,0,0,0,6.043617759e-05,0,0,0,0,0,0,0,0,0,0,0,0,0,0,0,0,0,0,0,0,0,0,0,0,0,0,0,0,0,0,0,0,0,0,0,0,0,0,0,0,0,0,0,0,0,0,0,0,0,0,0
138,0,0,0,0,0,0,0,0,2.451404544e-05,0,3.187700713e-05,0,0.03403617442,0.01675096713,0,0.003528307891,0,0,0,0,0,0,0,0,0,0,0.001391606289,0,0,0,0,0,0,0,0,0,0,0,0,0,0,0,0,0.1172966883,0.009048197418,0.003508807393,0.004155667499,0.000397279131,0.0007333879475,0.005230944604,0.0007408185629,0.005123067182,0.0009005081374,0,0,0,0,0,0.00122700783,0.008688046597,0,0,0.000354679185,0,0,0,0,0,0.004886312876,0,0,0.0001751806267,0.617896378,0.0002580908476,0,3.269546198e-07,0,0,0.0001086500706,0,0,0,0.00331598823,0.2902625501,0.4059897363,0.02876920439,0.0008082658169,0,0,0,0,0,0,0,0,0,0,0,0,0,0,0,0,0,0,0,0,0,0,0,0,0,0,0,0,0,0,0,0,0,0,0,0,0,0,0,0,0,0,0,0,0,0,0,0,0,0,0,0,0,0,0,0
139,0,0,3.328645164e-07,0,0,0,0,3.932713298e-06,7.893863949e-05,0,2.372279414e-05,1.843543578e-05,0.04412473366,0.04554414004,0,0.00182549993,0,0,0,0,0,0,0,0,0,0,0.0001513272437,0.0002610791707,0,0.0001040295538,0.0003367887402,0.0002312281722,0.0001102046735,0,0,0,0,0,0,0,0,0,0,0.2115421146,0.009998315014,0.00223944732,0.001713818521,0,0.0003505075292,0,0.001631244202,0.002515767002,0,0,0,0,8.307034295e-05,0.0004178239033,0.0003628661798,0.0005469188327,0,0,0.0013483488,0.0002463298151,0,2.365563887e-05,0.001141051762,5.35291656e-05,0.0002445182763,0,0,0.0001514117175,0.8349446058,0.0002447039005,0.000217720677,2.265259127e-06,0,0,0,0.0001871851855,0,0,0.0003160371562,0.2287086695,0.4832116365,0.03509978205,0.0004781289317,0,0,0,0,0,0,0,0,0,0,0,0,0,0,0,0,0,0,0,0,0,0,0,0,0,0,0,0,0,0,0,0,0,0,2.267268246e-05,0,0,0,0,0,0,0,0,0,0,0,0,0,0,0,0,0,0,0,0,0
140,0,0,0,0,0,0,0,0,3.96796604e-05,0,0.0001101419984,0.0004701559665,0.02986395545,0.03758513182,0.0006044904585,0.00585072441,0,0.0005630673841,0,0,0,0,0,0,0,0,0,0,0,0.001410413417,0.0004156780196,0.005103577394,0,0,0,0,0,0,0,0,0,0,0,0.1235533282,0.004761904944,0.003005547216,0.001458127866,0.002380952472,0,0.002552678576,0,0.002912356053,0,0,0,0,0,0,0.0002120079444,0.0007914860034,0,0,0.0009477696731,0,0,1.044279088e-05,0.003340132069,0,0.0004708040506,0,0,0.000308473449,0.686406672,0.0001785000204,0,0,0,0,0,0,0,0,0.001454060781,0.1975770146,0.2946217358,0.02617448568,0.001223791158,0,0,0,0,0,0,0,0,0,0,0,0,0,0,0,0,0,0,0,0,0,0,0,0,0,0,0,0,0,0,0,0,0,0,0,0,0,0,0,0,0,0,0,0,0,0,0,0,0,0,0,0,0,0,0,0
141,0,0,0,0,0,0,0,0,0.0001169098032,0,1.909901948e-05,0.0002077714453,0.03779136762,0.02298213914,0,0.003986359574,0,0,0,0,0,0,0,0,0,0,0,0,0,0,0.0001148771698,0.0006793706561,0,0,0.000258132437,0.0008265277138,0,0,0,0,0,0,0,0.1547367126,0.002380952472,0.003161943285,0.001315321191,0,0,0.005605799612,0.001327313366,0.004132478964,0,0,0,0,0,0.0008070414769,0.0003378886613,0,0,0,0,0.0004081407969,0,0,0.0009358415846,0,6.005470641e-05,0,0,0,0.6618731618,0,0,0,0,0,0,0,0,0,0,0.2187814415,0.257964313,0.01480844058,0.0005221737665,0,0,0,0,0,0,0,0,0,0,0,0,0,0,0,0,0,0,0,0,0,0,0,0,0,0,0,0,0,0,0,0,0,0,0,0,0,0,0,0,0,0,0,0,0,0,0,0,0,0,0,0,0,0,0,0
142,0,0,0,0,0,0,0,5.174690523e-05,0.0006816966925,0.0001707644406,0.001377852983,0.002191109583,0.03877833858,0.05198631436,0,0.04032393545,0.0009453885723,0,0.002380952472,0,0,0,0,0,0,0.0004216483503,0.009346757084,0.004761904944,0.01361038722,0.009950955398,0.01213950943,0.001427872456,0.005497565493,0.002380952239,0.007142857648,0.008777116425,0.002380952472,0,0,0,0,0,0,0.2349450141,0.003917086869,0.003256164957,0.0003120822075,0.0003319207462,7.322817692e-05,0.0002262910712,1.697319203e-05,0.005972333252,0,0.002380952472,0.002380952472,0,0,0.0002147307823,0.0003281633544,0.001367380959,0,0.0007229464827,1.028723091e-05,1.004204296e-05,0,0,0.005849454552,0.0006445710897,0.006976444274,0,0,0.0005163167953,0.917478919,0.0009764748975,9.85366205e-05,0.0006458265707,0.0006872923113,0,0.001255790121,3.072867548e-05,0,1.521967624e-05,0.00387437758,0.4512855113,0.5009929538,0.05105256662,0.007583821192,0,0,5.864872946e-05,0,0,2.295980266e-05,0,0,0,0,0,0,0,0,0,0,0,0,0,0,0,0,0,2.563730277e-06,0,2.819939073e-05,0,0,0,0,0,0,0,0,0,0,0,0,0,0,0,0,0,0,0,0,0,0,0,0,0,0,0,0,0,0
143,3.071128594e-05,0,1.42435847e-05,0.0004946245463,0,0,0,5.768824121e-05,0.0005862500984,0.0005631300155,0.0007253562217,0.001736963284,0.01933271624,0.04447167367,0.001935470849,0.04503344744,0.002529493766,0.008341641165,0.002380952472,0.004078635946,0.009494078346,0.002380952472,0.007142857648,0.002380952239,0.0009004057501,0.01016898453,0.01238434855,0.01648384705,0.02079349756,0.03649713472,0.02762672864,0.03847061843,0.01515229419,0.01342154481,0.02181939781,0.01940411888,0.002380952472,0,0.002380952472,0,0,0.002380952472,0,0.2163835466,0.01625524089,0.008222152479,0.003556936048,0.004542034119,0.0008172739181,0.0009128222009,0.0004086174886,0.00512604462,0,0.0002852564212,0,0.002380952472,0,0.000138276504,2.364021566e-05,0.003323008073,0,0,3.04535406e-05,1.31799361e-05,0.0006505838246,5.501837222e-05,0.003603220452,0.0007700237911,0.004102217499,0,2.422524267e-05,0.004219671711,0.9224312305,0.001101952395,0.0006738504744,0.0004289021308,0.0002042337583,0,9.00773739e-05,2.919609869e-05,0,8.554880878e-06,0.006404270884,0.446683377,0.4576070607,0.0359098576,0.01514065545,0.001375172171,0.0001602530538,0,0,5.303664148e-05,2.162532382e-06,0,0,0,0,0,0,0,0,0,0,0,0,0,0,0,0,0,0,0,0,0,0,0,0,0,0,0,0,0,0,0,0,0,0,0,0,0,0,0,0,0,0,0,0,0,0,0,0,0,0
