ROI_ID,1,2,3,4,5,6,7,8,9,10,11,12,13,14,15,16,17,18,19,20,21,22,23,24,25,26,27,28,29,30,31,32,33,34,35,36,37,38,39,40,41,42,43,44,45,46,47,48,49,50,51,52,53,54,55,56,57,58,59,60,61,62,63,64,65,66,67,68,69,70,71,72,73,74,75,76,77,78,79,80,81,82,83,84,85,86,87,88,89,90,91,92,93,94,95,96,97,98,99,100,101,102,103,104,105,106,107,108,109,110,111,112,113,114,115,116,117,118,119,120,121,122,123,124,125,126,127,128,129,130,131,132,133,134,135,136,137,138,139,140,141,142,143
1,0,0.0002872741898,0.01333843078,0.003217957215,0.09001021087,0.3553121388,0.01646358334,0.07190366089,0.004374150187,0.002939282218,0.01906408183,0.02501281351,0.01487655006,0.1290880591,0.1447565258,0.01334579568,0.001433392521,0.006980642676,0.009273439646,0.005835014395,0.003354287241,0.004235732835,0.006072536577,0.005299487617,0.0008062741254,0.002917719539,0.004445762839,0.01004187204,0.01570940018,0.0127807362,0.006696449127,0.006468009204,0.005844867788,0.006672556512,0.001373168314,0.004158646334,0.002132597379,0.001281682169,0.001722734771,0.001815936412,0.0007090118015,0.0008454723284,0.002491220599,0.01099279895,0.01108308975,0.01008973084,0.01100024674,0.00909484271,0.009442715906,0.01257651392,0.0111679798,0.009071285836,0.005438674241,0.001162801986,0.0002313151344,0.001221074257,0.003399239155,0.006308985408,0.001276631374,0.01459556818,0.00372920977,0.01066327095,0.01784191839,0.0112410821,0.0005315795424,0.0008754596929,0.009352472611,0.003010320244,0.008839005604,0.00301010441,0.000416160794,0.04155871272,0.03147904947,0.007241777144,0.01353774872,0.004014994483,0.0008457247168,0.0004564634,0.0004567601427,0.007590492722,0.0004488426202,0.0154211754,0.01239911839,0.01420124527,0.0140925413,0.01001625974,0.004828887992,0.001139848377,0.007102307864,0.0007312756497,0.0003329287574,0.01279561128,0.01403469965,0.2983568013,0.08060023189,0.1908949912,0.01880837977,0.02957471088,0.06651846319,0.03580901027,0.01244791504,0.01385570318,0.09624724835,0.0106076831,0.005796710961,0.002926405286,0.0002941556741,0.0001142477413,0.1487824917,0.00302120205,0.006480775774,0.001153398189,0.00405296823,0.0007958065253,0.006912996527,0.000248789991,0.01721118763,0.501766026,0.005299096461,0.0007009520195,0.0008674911223,0.0009390297928,0.0001461632055,0.3002236187,0.99429667,0.5127797127,0.006285568699,0.002915894147,0.01040047687,0.007674238645,0.869679153,0.2156515121,0.1211989373,0.02181028202,0.1444991827,0.007908631116,0.02738939784,0.01663370058,0.0005810256116,0.002883813344,0.0002783724922,0.01163865626,0.009932178073
2,0.0002872741898,0,0.0001133690021,0.000106416388,0.0432975255,0.1557836831,0.0001365018834,0.0209508501,0.003545638639,0.0006373943761,0.001623123186,0.008779094554,0.04474375769,0.02823225595,0.000120806566,0.008114903234,0.005121017341,0.01480941288,0.01382034831,0.01469575055,0.01275583357,0.01376230177,0.01654241234,0.01247675344,0.005754919723,0.009601168334,0.01077283174,0.01230060309,0.02327008545,0.01836245321,0.01166870445,0.0124911461,0.007623553742,0.008484708145,0.005094682332,0.008148822933,0.008014064282,0.003028940177,0.002169442596,0.003893860383,0.005124239717,0.001468543778,0,0.01862432063,0.0179958269,0.01285629813,0.02489517629,0.02262618206,0.03434510529,0.03281096369,0.05483236909,0.01369107887,0.0006705589476,0.001126037212,0,0,0.00210279203,0.006473043002,0.001401924179,0.01299499068,0.0006276826025,0.008376764134,0.0468477942,0.01689277031,3.645871402e-05,0.0006053426187,0.008704854175,0.002696970943,0.004680370912,0.002274236642,0.0001735370315,6.684263644e-05,0.008876696229,0.006776740309,0.01332396828,1.896972026e-05,4.266393807e-05,1.914041059e-05,0,0.007702228148,4.245753735e-05,0.03521744534,0.004115197808,0.007199198008,0.006127377506,0.008378997445,0.0001008532345,0,2.105883141e-05,4.187808736e-05,0.0002794546017,0.02023502998,0.0200451538,0.2755177319,0.3604846597,0.5214736462,0.176548481,0.2409110814,0.1773213297,0.1023681611,0.07508766651,0.1014413759,0.03350641206,0.002785629127,0.002118175151,0.0005584548926,0.0002710345434,0.0001476728794,0.09267150611,0.0008974310476,0.01372645423,0.001363256481,0.004633539356,0.0007833237178,0.0006771516637,0.0001008429681,0.01283075474,0.05643716455,0.0003633143788,2.380822116e-05,5.116356988e-05,0.0002760250063,5.257363955e-05,0.001163717126,0.9639413357,0.2080242038,0.006369172595,0.0001537789067,0.021207368,0.002417422598,0.7160375714,0.1047305316,0.06447048485,0.02417240851,0.001723943744,8.885141142e-05,3.124406066e-05,7.901855133e-05,2.300742744e-05,0.0002704654762,9.429168858e-05,0.008967543952,0.003985637799
3,0.01333843078,0.0001133690021,0,0.0004036258906,0.3498969674,0.2179698795,0.0007985639968,0.03982289508,0.02707727812,0.001503392356,0.01842006855,0.008564711548,0.06530665606,0.02278227732,0.00269250595,0.02208030224,0.006135796662,0.008792565204,0.01343561895,0.01153467502,0.01190482173,0.01234393846,0.01129816845,0.01111237146,0.003757039085,0.009170023724,0.010874887,0.01117713191,0.01423009764,0.01154978294,0.009548750706,0.008963221684,0.005520232022,0.007523203269,0.004533315543,0.005597942509,0.007983985357,0.002380952472,0.0005991667276,0.004451628309,0,0.002799988491,0,0.0541475825,0.06583325565,0.04983709008,0.06634117663,0.07436510175,0.07593313605,0.06899480522,0.0711902082,0.04558075964,0.01374834124,0.0006216107868,0.000895891746,0.003624860197,0.004861647729,0.02320691571,0.002703482984,0.04247912765,0.005294725765,0.051295463,0.07823612541,0.05005439371,0.001159223844,0.001139714033,0.03256446123,0.01207845937,0.02738830633,0.01108175702,0.0005039965035,0.001154312049,0.03456767648,0.02959965914,0.05410749838,0.0004594843776,0.0003874019894,0.0002230303508,0.0004315709812,0.0345508419,0.0002826412092,0.06985711306,0.03410581127,0.04100895673,0.0536567308,0.04577001929,0.007644234225,0.0005764237721,0.0005486335722,0.0003074530105,0.0007971090381,0.06227479875,0.06287711114,0.3519216776,0.1850438863,0.3683675528,0.06361032277,0.09579747915,0.1808766425,0.06681004167,0.03818546608,0.04643435031,0.0451442264,0.001784641412,0.001749554067,0.00238827453,0.000198971291,0.0001548075816,0.1492760628,0.003193147248,0.01867998391,0.001396066276,0.01601590775,0.002131064422,0.005003728438,0.0002423082042,0.01632613502,0.1767615229,0.001269741217,0.0003575799055,0.000374377094,0.002311895136,0.0001771235111,0.003150573932,0.9845137596,0.3424457908,0.01561835594,0.003560650395,0.04056262597,0.026997054,0.8196356893,0.190691635,0.1017622128,0.03822149336,0.006158413831,0.001142528607,0.0008779500495,0.0009372465429,0.0002356149489,0.00300640706,0.0004113686446,0.03662326559,0.03114181384
4,0.003217957215,0.000106416388,0.0004036258906,0,0.06137249991,0.1050905287,0.001717118197,0.02187126502,0.01117899083,0.007513955235,0.007487050258,0.01179777179,0.03626225516,0.005783398636,0.001821303042,0.01253695879,0.009126194753,0.02085081302,0.0221118927,0.02122877352,0.01818675362,0.02095535584,0.02644624375,0.01717877761,0.009474091232,0.01632768475,0.0161877051,0.01491483208,0.02134475484,0.01971096918,0.01433282997,0.01547382493,0.01541004702,0.01352883317,0.009486857802,0.01275900099,0.01184421778,0.00894302316,0.01297374256,0.00414369069,0.007752994541,0.002965245862,0,0.02732324228,0.01544362959,0.02270668186,0.04907370731,0.03834854811,0.08196806908,0.03632136062,0.07588540018,0.04269601405,0.01207340043,0.0003912669781,0.004110486247,0.0005055502988,0.0082683824,0.01680840179,0.003133095335,0.02103551105,0.001071167411,0.02346988022,0.07003134489,0.03725662082,0.001621845178,0.001358382637,0.01659034565,0.00778568862,0.0149471825,0.005710276309,0.0004862146452,0.002139972523,0.01151635032,0.01846908033,0.03650731966,0.001149865566,0.000524977746,0.0003836437827,0.001207641093,0.01738934405,0.000933050178,0.06747957319,0.01428665966,0.02103232034,0.02885668911,0.02054575644,0.003940385301,0.002928297035,0.0006972638075,0.0009023353923,0.001053663436,0.05489795655,0.06186795607,0.3967605233,0.3447347879,0.5205828547,0.1436071247,0.2007515281,0.2551400661,0.06899321824,0.05171096325,0.06399166584,0.03074831143,0.001507854788,0.0007267301553,0.0005048337625,0.0002623015316,0.0003166071547,0.1200866401,0.001034586341,0.01229702495,0.001047163503,0.007293308154,0.001564889681,0.001253784634,0.000178316317,0.009952094406,0.1405079812,0.0008438143414,0.000342029176,0.0001946685225,0.0009481497691,0.0001570518216,0.01857936941,0.9631364942,0.2558205128,0.007424236741,0.001610924141,0.03259848431,0.01243294682,0.7293659449,0.08633847535,0.05128345266,0.02061379515,0.01015088242,0.0008278033347,0.002052290831,0.00107679714,0.0001734118996,0.0009116809815,0.0001495220931,0.03338856623,0.02741099335
5,0.09001021087,0.0432975255,0.3498969674,0.06137249991,0,0.6742990613,0.7324359417,0.3588684499,0.04626469687,0.1584720314,0.1238059774,0.2672267258,0.03383568302,0.2761584818,0.2928188741,0.1653301865,0.2044206262,0.1430333257,0.1523553282,0.1651953012,0.1596275568,0.1558323652,0.1208415031,0.1194809899,0.1417524219,0.1433195472,0.1507443488,0.1515034735,0.1705526263,0.1632698327,0.1424066126,0.150980711,0.1001721099,0.06710514426,0.104411535,0.1063099429,0.08546276391,0.01255735289,0.01403864007,0.0560557507,0.01666666754,0.03039074689,0.004761904944,0.03117356263,0.02704970539,0.05312421173,0.03626812622,0.03013908863,0.03089629672,0.03912638128,0.03631620854,0.04521346465,0.02578926459,0.007979496382,0.0148492353,0.01565244794,0.03286636248,0.03471313789,0.04108598456,0.05455077067,0.0146322893,0.03298773617,0.05066997185,0.04087623581,0.02936033346,0.04333461449,0.02973550558,0.01848113909,0.03959875181,0.03497327119,0.04357293993,0.2128902674,0.08049251884,0.0171511434,0.04669858143,0.2077436,0.05842113122,0.06636334956,0.04517162219,0.05418838561,0.08788932115,0.04870771244,0.02997667715,0.04770017043,0.04765572026,0.04352180287,0.038209714,0.03699116036,0.349331975,0.1333122551,0.05586230755,0.04610834643,0.05179424956,0.4643660188,0.1422189921,0.1001274511,0.1667741686,0.1242747158,0.08876887709,0.2504045367,0.1502907425,0.1150736287,0.3174322844,0.1683759689,0.170068562,0.117645517,0.0286528524,0.02313121036,0.3684935272,0.1130750254,0.09309086204,0.07727353275,0.05575091764,0.04242975637,0.2325359732,0.02809089981,0.2438545823,0.8512033224,0.2620737255,0.1139044613,0.2393667549,0.05920156464,0.04143127427,0.8191995025,0.9921173453,0.769892633,0.07401955128,0.2586976588,0.1511668563,0.1234978735,0.943913281,0.5523666739,0.4898969829,0.1720528454,0.8795651793,0.4992444813,0.4553579092,0.6271264553,0.1554307193,0.1623845994,0.07015416771,0.1952007115,0.1466642022
6,0.3553121388,0.1557836831,0.2179698795,0.1050905287,0.6742990613,0,0.1604488641,0.2040425837,0.393905431,0.1025785282,0.2501993477,0.1672816426,0.3408466578,0.1394681334,0.09582529962,0.140933007,0.1088519618,0.08174072951,0.1046549976,0.1046606675,0.09692461044,0.06007509306,0.04065612331,0.0221649725,0.08184857666,0.08197423071,0.05924649537,0.02373876423,0.03480822966,0.0723348707,0.04918949679,0.03938954324,0.01809199341,0.01782057993,0.03254757449,0.04003769159,0.02719038166,0.004761904944,0.0142857153,0.01294442639,0.007978087291,0.01190476213,0,0.2179118842,0.2055300772,0.2397520542,0.3007628918,0.3008779585,0.383436501,0.346537441,0.4560043812,0.4059122801,0.05631317198,0.02142857201,0.01904761977,0.03333333507,0.0385399051,0.2681202292,0.2169914544,0.1964567155,0.03913487121,0.2666731179,0.5033448935,0.5109138489,0.05389942229,0.1044920906,0.1516531557,0.1550513953,0.391495049,0.226841405,0.1770129204,0.05115031078,0.2069856822,0.2328047156,0.3434774578,0.06373088062,0.02827966586,0.02204873227,0.05029090866,0.3973950148,0.06600080431,0.5111367702,0.1312365979,0.2757217288,0.2855349183,0.2764869928,0.06526256353,0.01904761977,0.1171200499,0.1292432398,0.05714202672,0.41492787,0.4994249344,0.8340989947,0.6476126909,0.8419879079,0.3907205164,0.4713327587,0.7181847692,0.4946792722,0.3541500866,0.4036786854,0.5178806186,0.2147966623,0.425360918,0.506709218,0.1992582828,0.1021937281,0.8323771358,0.3031196594,0.3825771213,0.162461102,0.3940515816,0.2489648759,0.6176442504,0.2285927236,0.5287581086,0.8459857106,0.4160059392,0.1401650459,0.2383316606,0.1199130639,0.18770504,0.2989521027,0.9998608232,0.9589948654,0.407982409,0.5435864925,0.4272877872,0.4546940327,0.9834583402,0.8185471892,0.7310312986,0.5226813555,0.6584587693,0.5257353187,0.2577770054,0.4069314301,0.2112705708,0.5023224354,0.1991984844,0.5084751844,0.4681994319
7,0.01646358334,0.0001365018834,0.0007985639968,0.001717118197,0.7324359417,0.1604488641,0,0.01498996746,0.09265694022,7.244849985e-05,0.007738583256,0.01246077847,0.07595006377,0.006715965457,9.245743422e-05,0.03012799844,0.01338957809,0.004761904944,0.007532854099,0.004150699824,0.002380952472,0.004102668259,0,0,0.002229159698,0.0006654328899,0.002602649154,0,0,0.002380952472,0.003451498691,0.003319961019,0,0,0,0.002380952472,0,0,0,0.001133661834,0,0,0,0.009591115639,0.01391769107,0.03977307677,0.04513383284,0.057965599,0.1055918857,0.06707973033,0.1628188491,0.1410525739,0.002380952472,0.004761904944,0.002380952239,0.002380952472,0.01190476213,0.07423587888,0.04781256244,0.03520683944,0.009523809887,0.07262700051,0.3388256729,0.3739114106,0.005535289645,0.002380952472,0.01666666754,0.04047619179,0.09304009378,0.04849227145,0.03083940409,2.17393208e-05,0.01318269968,0.05156437308,0.1175884083,0,0,0.0009572569397,0.004761904944,0.1192582697,0.0008917882806,0.4526223242,0.02061090618,0.03577503562,0.05296394601,0.0482234247,0.0009408071055,0,1.37953939e-05,0.001300026779,0.01077146456,0.09580225497,0.2021758258,0.6000753641,0.7900292277,0.7734836936,0.5700705051,0.6353242397,0.3892583847,0.55001688,0.6100842953,0.4633922577,0.2659066319,0.04498841614,0.1313360929,0.1955222487,0.07832986861,0.01669466682,0.816028595,0.05520417169,0.4385517836,0.02380952425,0.1370325834,0.1468778104,0.2582309842,0.05171949416,0.3567299247,0.2352344841,0.1055038422,0.01445847936,3.593393558e-05,0.005381198134,0.02602658235,0.0006240545772,0.9751070142,0.7366544008,0.3029528856,0.12926355,0.139538765,0.009117142297,0.9298863411,0.5197959542,0.4365738332,0.6736389995,0.003751181532,0.003233576892,1.384662482e-05,0.0003952826955,0.001550249057,0.1730353236,0.03135287762,0.0271992106,0.01507192012
8,0.07190366089,0.0209508501,0.03982289508,0.02187126502,0.3588684499,0.2040425837,0.01498996746,0,0.03457969427,0.03360484913,0.05105181038,0.05047801509,0.0761667788,0.02478343435,0.01191027369,0.02249905281,0.02235979587,0.07900716364,0.08643262088,0.06422311068,0.04792278633,0.05656396225,0.07207740098,0.05287247896,0.01383097656,0.04305902869,0.04369811714,0.07749450952,0.1052899659,0.08641383797,0.05854512379,0.06470708549,0.07333357632,0.04421332106,0.02204742655,0.04246603325,0.02752891555,0.02342730202,0.01614698581,0.007873155177,0.01927901432,0.009036202915,0.002629981143,0.1054242104,0.0902062878,0.09287767112,0.109486945,0.09938973933,0.1151752695,0.107895121,0.1149411127,0.09515740722,0.03597033396,0.03097418696,0.02419878915,0.03248896822,0.04665893689,0.06950675696,0.0437692292,0.07880993187,0.04178956896,0.08294821531,0.1115058959,0.09245544672,0.02572372556,0.03255183995,0.06288609654,0.06754603982,0.08613140136,0.04896143824,0.02209339291,0.04290850833,0.05750349537,0.06284744292,0.09979247302,0.02970896848,0.01561366022,0.01178847905,0.0201495178,0.08065059781,0.01397115178,0.1129467711,0.06651253253,0.0711799264,0.07579938322,0.08309144527,0.04159026593,0.0150885256,0.03332066536,0.0139450971,0.02020200156,0.1093450785,0.1033761948,0.3721358776,0.2110755593,0.3588338792,0.1453814358,0.1593761891,0.2049791515,0.1436257213,0.1199609414,0.1125983745,0.156835258,0.04458348453,0.03922343999,0.03570847213,0.03269530088,0.03138067573,0.2530249655,0.03698977083,0.07495760173,0.03625426814,0.05819349363,0.03718780354,0.04716538265,0.02300449833,0.06550788879,0.6047474146,0.03933139145,0.01076127402,0.01347155962,0.03148820996,0.01673210226,0.1697681695,0.9952740073,0.5954575539,0.06782406569,0.03185440227,0.09380311519,0.08669064194,0.8923685551,0.3230540752,0.2289551198,0.1045135558,0.3726182282,0.04367174953,0.08940463513,0.06784416735,0.007150899153,0.02865147032,0.01086670719,0.09740161896,0.08459968865
9,0.004374150187,0.003545638639,0.02707727812,0.01117899083,0.04626469687,0.393905431,0.09265694022,0.03457969427,0,9.890740102e-07,6.233098975e-05,8.88017239e-05,5.912049346e-06,0.000105060768,0.0003094997664,1.396913831e-05,0.002633305732,0.002446788829,0.004403253086,0.003466277849,0.001066472847,0.0008335420862,0.0003689060104,0.0002457110386,0.0003073769039,0.0004836096487,1.69578816e-05,5.988370322e-05,2.49758541e-05,5.941294148e-05,5.225371206e-05,9.069409134e-05,7.244085282e-05,0,8.661605534e-06,1.101704129e-05,0.0004164625716,0,0,2.223072988e-05,0,0,0,5.722610149e-05,0,0,0,0,4.412915951e-05,0,1.517666192e-06,6.656413916e-06,0,3.391723567e-06,0,0,1.074940656e-06,2.562971531e-06,7.442052947e-07,0,0,2.869843047e-05,9.116121873e-06,2.223389492e-05,0,1.052993639e-06,0.0001103388786,0,1.337596132e-05,1.042104032e-05,7.755695037e-07,7.803986955e-05,2.577612759e-05,9.87353269e-06,4.270286354e-06,4.650455594e-05,0,5.742355825e-06,0,7.423799252e-05,8.493689734e-07,5.400559166e-05,1.846797386e-05,0,0,2.846446296e-05,0,0,0.0002907422895,1.275951035e-06,0,7.322444435e-05,6.164217484e-05,0.2242266983,0.04371299967,0.03779711574,0.008113976568,0.009507902898,0.004043761175,0.0199710466,0.003567875596,0.00179691473,0.03402772918,0.002520315815,0.001332445187,0.001485648565,0.00265305792,0.0007725166506,0.02234504372,0.0004325823975,0.0009834141238,0.003695935477,0.0001499196369,0.0004413484712,0.0006123735802,0.0005967211328,0.005277513526,0.3552117348,0.004383292049,0.00020806065,0.000106243926,2.463864257e-05,0.0001183340937,0.1872017384,0.9567674994,0.2110632956,0.0007093712338,0.000622253574,0.0003202280204,0.0004536272318,0.6400659084,0.02148949914,0.01543141343,0.006594264414,0.3883937001,0.01366445888,0.004834849853,0.01665510237,0.0003237140481,0.0001949079597,0.0001151800752,0.001212040312,0.0001145138813
10,0.002939282218,0.0006373943761,0.001503392356,0.007513955235,0.1584720314,0.1025785282,7.244849985e-05,0.03360484913,9.890740102e-07,0,6.144986742e-07,6.398590813e-07,9.349225729e-05,3.066025965e-05,0,3.517937103e-06,0.007880485617,0.003942687996,0.005467010662,0.004203687422,0.00203995523,0.0009164139046,0,0.0007736541447,0.000572505407,0.0004608358722,1.343709118e-05,0,0,0.0001683881856,0.0001101442249,6.228053098e-05,2.166056402e-05,8.208604413e-05,0,4.560533489e-05,0.001127999276,0,0,0,0.0003387758625,0,0,4.896120663e-05,0.000172398155,0.0001116369822,0.000600350264,0,0.0006292629987,0,0.00041486189,0.000331734831,0,0,0,0,0,0,3.422212103e-06,0,0,0.0001913409506,0.0005116862594,0.000203980002,0,4.397687007e-06,0,8.737407916e-05,1.554791379e-05,0,5.922623131e-06,0,0,1.321945183e-05,8.653031546e-05,0,0,0,0,0.0001353254775,1.836806064e-06,0.0009270095034,0,1.621732554e-05,0,0,0,0,0,0,0,0,0.000568358344,0.2485079616,0.2399135977,0.1568870544,0.09362838417,0.1029212624,0.06216577068,0.08703108877,0.05189936981,0.04145337269,0.03591350466,0.004137825221,0.004936779384,0.001796961296,0.003530576359,0.001034707529,0.07685661316,0.002923993859,0.008212817833,0.002380952472,0.001687798765,0.002132119145,0.0005376665504,0.0007805310306,0.01922981441,0.07681030035,0.000197408619,2.90700882e-05,1.366691208e-06,0,0.0001151573815,0.0005232733674,0.8096269369,0.1576384306,0.008796790615,6.320515968e-05,0.009907052852,0.001693356084,0.5798646808,0.05706685036,0.03456657752,0.01976977661,0.007684295066,0.0001567449071,1.141690245e-05,5.565192259e-05,2.528186451e-05,0.0001663334551,0.0001338710135,0.004046334885,0.001270384062
11,0.01906408183,0.001623123186,0.01842006855,0.007487050258,0.1238059774,0.2501993477,0.007738583256,0.05105181038,6.233098975e-05,6.144986742e-07,0,3.432749145e-05,0.0003580871271,0.0003269998997,2.336510443e-05,0.000144135789,0.00665079616,0.004850272089,0.007500090171,0.005050148349,0.001396939741,0.0008289045654,0.0006325473078,0,0.0006530247629,0.002870681463,0.0001393111743,0.0002262009948,0.0001674494706,0.0003290102759,1.709265416e-05,3.895125701e-05,0,0,0,0,0,0,0.001435015234,0,0,0.0002220779425,0,4.42737437e-05,2.085209235e-05,4.723341044e-05,2.831031088e-05,3.686476339e-05,0.0003946277429,5.552750736e-05,0.0001405959047,2.183650395e-05,7.850163456e-06,0,1.580639037e-06,1.263198101e-05,1.396445327e-06,4.13551461e-05,3.983250281e-06,9.428911653e-06,0,0.0001238229452,0.0003680035297,0.0003227603738,7.046497558e-06,7.90414731e-07,2.68176791e-05,2.295590093e-05,2.974612289e-05,8.794094174e-05,1.507223715e-06,2.920516181e-06,4.170448301e-05,0.000100868805,5.919420073e-05,2.967659611e-07,3.01414525e-06,5.461624369e-06,0,0.0009712562896,5.804124612e-06,0.001482326305,4.684692976e-05,6.600227789e-05,5.790105934e-05,0.0001131065219,7.140551475e-07,1.2007946e-06,1.880480704e-05,1.959557039e-06,2.313517371e-06,0.0003155898594,0.001693777274,0.3009960949,0.1836583316,0.3045168221,0.03703305498,0.0468281731,0.04403844103,0.08503589779,0.01376712136,0.00850197766,0.03852900863,0.004637443926,0.007598161232,0.005976406857,0.0005849139416,0.0002187606442,0.09481826425,0.003486376023,0.003985322081,0.001410982455,0.001620092429,0.001076263841,0.002754946938,0.0005149312783,0.01580519602,0.3552786112,0.006073973607,0.000307381124,4.337927749e-05,0.0001999155938,2.852052239e-05,0.01749712788,0.9706923366,0.2779547572,0.008347598836,0.0008756252355,0.002258193912,0.003218310652,0.6964942217,0.05984476581,0.04187449813,0.02831090242,0.2048702389,0.006644176785,0.000600768486,0.00284073432,0.0001825039362,0.0007415718283,0.000198231166,0.004800003022,0.001356156776
12,0.02501281351,0.008779094554,0.008564711548,0.01179777179,0.2672267258,0.1672816426,0.01246077847,0.05047801509,8.88017239e-05,6.398590813e-07,3.432749145e-05,0,0.0002431858738,0.0004859117034,0.000102118458,1.635513945e-05,0.01460752357,0.006346432958,0.007628250401,0.005907192826,0.002707245527,0.0008875029162,0.0006217206828,0.0007904591039,0.002148647327,0.001506916014,6.273461622e-05,0,0.0001421525958,0.0001513308962,0.000124847953,0.0001156265425,3.313892739e-05,3.245169864e-05,5.74751466e-05,1.875920498e-05,0.000586313894,0,0.00113091385,9.310433234e-05,0.0004020067281,0.0008172582602,0,0.0008351328433,0.001369364909,0.0002749545965,0.001007781713,0.001434278791,0.004031940363,0.0005630500382,0.001873130794,0.0007824656786,0.0001291391236,0,1.80455645e-05,0,1.472009558e-06,6.257784844e-05,1.157610495e-05,0.0002058537357,0,0.0005513986689,0.001462928951,0.0008397687925,5.02994817e-06,6.41746874e-06,0.000373829942,5.252200208e-05,0.0002856538922,0.0004820761387,1.492165302e-05,0,0.0001033369845,0.0008032967453,0.0003658754576,5.377987691e-06,8.425498891e-06,4.346333299e-05,3.103335621e-05,0.0020027461,1.159311978e-05,0.005799053237,0.0003513672564,0.0002508889302,0.000480544375,0.0008351123543,0,0,6.833514635e-05,3.319900998e-06,1.650407057e-06,0.002989951987,0.009029667825,0.4593695402,0.4034647346,0.5167294145,0.1579263657,0.2246049345,0.1900189221,0.1885218918,0.09332531691,0.06489742547,0.04935073107,0.008878740482,0.009112082422,0.009860488586,0.008952880278,0.003074280918,0.2431576848,0.01843346469,0.0221428927,0.008240453899,0.005113392603,0.004247413483,0.005706498399,0.002765769139,0.04551130161,0.2967143655,0.00597512722,0.0004107268178,9.444061288e-05,0.0005755672464,0.0004136497446,0.07048543543,0.9606974125,0.3544006348,0.03436727077,0.002851954661,0.01322740875,0.008851701394,0.7330233455,0.1324496567,0.09825081378,0.07735581696,0.1915425807,0.01021254435,0.0007571151364,0.004749484826,0.0003413975646,0.003734235186,0.001213893876,0.01819832623,0.00529800728
13,0.01487655006,0.04474375769,0.06530665606,0.03626225516,0.03383568302,0.3408466578,0.07595006377,0.0761667788,5.912049346e-06,9.349225729e-05,0.0003580871271,0.0002431858738,0,1.616339796e-05,0.0002315936581,4.249365156e-05,0.03423836082,0.005910130218,0.01267811749,0.009808822535,0.003866679268,0.0007473579608,0.0006713134353,0,0.002619363368,0.0007814919809,0.001046865713,0.001376688131,0.0003902474418,0.0001756017155,0,0,0,0,0,0.0002899751416,0,0,0,0.002809406491,0,0,0,9.153493465e-07,0,0,3.379133659e-06,2.469241963e-06,4.34334288e-06,0,2.632526594e-05,0.0001721905719,0,0,0,0,0,8.528187209e-06,3.598527428e-06,0,0,6.901953748e-05,0.0002539807465,0.0003924945486,0,0,0,0,0.000109500681,0.0008421515231,0,5.976865577e-05,1.370305426e-06,7.852949784e-05,1.362495914e-05,0.0003647384292,0,0.0003218437778,0,0.0002269636752,0,0.0002426652354,0,1.890139356e-05,0,5.630657688e-05,0,7.939559873e-05,0.00311230612,0.0002181635209,0,5.841132952e-05,0.0002422561665,0.2173334509,0.0149858864,0.01181668974,0.004144414794,0.002875519218,0.001075697946,0.0175862778,0.001674190396,0.0004175863578,0.04129249603,0.001301434124,0.01683032326,0.01139703952,0.006769845728,0.001799688092,0.03207009658,0.0003204795939,0.001111594145,0,0.0003939559974,0.00100642757,0.007978841662,0.005141314585,0.01129162963,0.459651202,0.02506105974,0.001789110014,0.002156437142,9.092870459e-05,0.0008417589124,0.2033822238,0.9652345777,0.2545858622,0.005887440871,0.01110310666,0.0003459439613,0.0007762964815,0.6985093951,0.03701943532,0.03415431082,0.01300058607,0.5792289376,0.1797246784,0.03805284202,0.1702105254,0.0109875286,0.002144118771,0.0004771318636,0.0007313351962,0.0002523530857
14,0.1290880591,0.02823225595,0.02278227732,0.005783398636,0.2761584818,0.1394681334,0.006715965457,0.02478343435,0.000105060768,3.066025965e-05,0.0003269998997,0.0004859117034,1.616339796e-05,0,4.949610593e-05,2.38695211e-05,0.01062885299,0.0003547951928,0.006199151743,0.005674405955,0.001866771956,0,0,0,0,0,0,0,0,0,0,0,0,0,0,0,0,0,0,0,0,0,0,3.294617636e-05,0,0.0001922448428,0.0001940449292,0.0001534446783,0.001303502242,0.0001460130734,0.0005243900814,0.003511848161,0,0,0,0,0.0002285054507,0.002432634356,0.0002548373013,0,0.001181975473,0.003172479803,0.002227814635,0.01029559318,0.000327649439,0,0.002341316314,0.0008881384274,0.0009307814762,0.005355461501,0,0.0004432426067,1.247628347e-06,0.001764227403,0.0003546051157,0,0,0,0,0.005488072522,0.0007132189348,0.008903633803,0.000235044834,0.0001806889341,0.0001336439746,0.0006499703159,0,0,0.001803865656,0,0,0.003930444364,0.01386926789,0.2976642251,0.2914247513,0.2774468064,0.09576588869,0.1192759052,0.1089331508,0.0992217809,0.04514700174,0.04194978625,0.03241568804,0.002380952472,0.02228167094,0.0296391584,0,0.008129896596,0.2384948134,0.009523809887,0.02712824754,0.002380952472,0.00804176461,0.01064047869,0.01425103471,0.008189933375,0.06456046551,0.3884303272,0.02089929953,0,0.007142857648,0.003064843593,0.004761904944,0.03129901737,0.8837042451,0.2962546945,0.02811386064,0.02484116331,0.01461879164,0.02379274741,0.6569898129,0.06088622287,0.05909753591,0.1093820632,0.1708927006,0.06252886355,0.01191776898,0.06318911165,0.01006807853,0.02889556065,0,0.03594556823,0.01038900483
15,0.1447565258,0.000120806566,0.00269250595,0.001821303042,0.2928188741,0.09582529962,9.245743422e-05,0.01191027369,0.0003094997664,0,2.336510443e-05,0.000102118458,0.0002315936581,4.949610593e-05,0,1.388091005e-05,0.0008584838361,0,0,0.002380952239,0,0,0,0,0,0.003696877277,0.0005485395668,0,0,0,0,0,0,0,0,0,0,0,0,0,0,0,0,0,0.0004859504406,0.00131754356,0.003773429431,0.002380952472,0.005528397858,0.004431904294,0.006767500658,0.009523809887,0,0,0,0,0,0.01100582443,0.001227222499,0.002217025263,0,0.003120947396,0.01745489985,0.03599640727,0,0,0,0.001139945351,0.00158116594,0.004761904944,0.0004218061222,1.089708121e-06,2.23345196e-05,0.004751087632,0.003428356489,0,0,0,0,0.006575577892,0,0.03041320667,0.002884872025,0.00152957323,0,0.003874120302,0,0,4.098038175e-07,0,0,0.002159484895,0.006381539162,0.2079884261,0.3256107271,0.2813292146,0.1510708034,0.1783166528,0.140413478,0.1319604069,0.15388529,0.05286717042,0.03056981787,0,0.007142857648,0.01190476213,0.002380952472,0.009523809887,0.2674044967,0.01190476213,0.08379030973,0,0.02749763988,0.01414980739,0.03866423666,0.005694983527,0.04455395788,0.1074202806,0.01036483515,0,0,0.002380952472,0.004761904944,0.0004220411065,0.7401684523,0.2091516554,0.0436608009,0.01090382878,0.02611133642,0.006517172791,0.4336770773,0.09429830313,0.05715937167,0.1742824465,0.005557016004,0.006658947095,5.422557933e-06,0.000356667646,0,0.0199735295,0.005708117504,0.01589610241,0.01465277839
16,0.01334579568,0.008114903234,0.02208030224,0.01253695879,0.1653301865,0.140933007,0.03012799844,0.02249905281,1.396913831e-05,3.517937103e-06,0.000144135789,1.635513945e-05,4.249365156e-05,2.38695211e-05,1.388091005e-05,0,0.007936290465,0.007104038261,0.01281835511,0.007232229691,0.002402147511,0.001831916044,0.0005054639187,0.0002902068372,0.0004421196354,0.001147003262,4.150037785e-05,7.698023546e-05,0.0002323821245,0.0001653952349,4.609231473e-05,3.024513171e-05,2.266854972e-05,3.009331522e-05,3.243545507e-05,3.155685408e-05,0.0006680328515,0.0001391968835,0,7.079014176e-05,3.889520667e-05,0,0,9.432120714e-05,0.0001102179449,0.0003290467721,7.010975969e-05,0.0001722593879,0.0005399946822,6.716090138e-05,0.0002395184565,0.001233446761,0.000312337681,0,7.499362255e-06,3.798796024e-05,6.45594946e-06,9.120402683e-05,2.305177077e-05,0.0001171762997,0,0.0005493169301,0.000776102941,0.0007148659788,4.688704576e-05,1.911453001e-05,0.0008632246754,0.0002888654708,0.0004391450784,0.0007791353273,9.679869254e-05,6.836395914e-05,7.366584759e-05,0.001285986858,0.0002612328972,0.0001028375118,3.202886728e-05,0,2.726148705e-05,0.001763090375,4.499336137e-05,0.003001599805,8.794465975e-05,0.0003557385353,0.0002168035135,0.000691498979,0.0001202262865,0,0.0005370815634,1.534467447e-05,1.072589293e-05,0.001278561424,0.004205897916,0.4056032002,0.2975252569,0.4021731913,0.08099841326,0.1029595286,0.1013979018,0.1236989051,0.03059070744,0.02238383517,0.05005420744,0.009767021053,0.03168516979,0.01916111074,0.01339286566,0.004772975575,0.2046577036,0.007279316895,0.008951037191,0.010418077,0.0035194722,0.0031090267,0.01723006554,0.008185795508,0.02639727294,0.3974371254,0.01440564729,0.002504730131,0.001022807555,0.00279786624,0.001061105984,0.1030014977,0.9673165679,0.3278792799,0.01576726884,0.008150196634,0.004430168774,0.005275830626,0.7305585146,0.08209910989,0.08334199339,0.0658511892,0.4573315978,0.03463563323,0.01022327226,0.03427691758,0.001286325743,0.005642311648,0.001755262725,0.01260854304,0.003233504947
17,0.001433392521,0.005121017341,0.006135796662,0.009126194753,0.2044206262,0.1088519618,0.01338957809,0.02235979587,0.002633305732,0.007880485617,0.00665079616,0.01460752357,0.03423836082,0.01062885299,0.0008584838361,0.007936290465,0,0.000142624107,0.0004974087351,0.0006497400464,0.0003166037495,0.0003115407599,0.0004648379399,0.0002194589324,0.0001872282737,0.0002993085072,0.003339081304,0.00473076757,0.02072641812,0.01526805013,0.007713070139,0.005360987503,0.00412519509,0.002756440081,0.002413786948,0.002578876913,0.0002410173038,0.0002699449542,9.859517013e-05,2.331673932e-05,6.205426325e-05,7.421161718e-05,0.00094134541,0.03253842145,0.0121461032,0.004333373159,0.01455328707,0.004712616559,0.005017761607,0.018376939,0.02186326683,0.008895059116,0.002380952472,0.00987468753,0.0005830787704,0.008023795672,0.01219203975,0.01392108295,0.01181949396,0.004847448319,0.002380952472,0.01191478502,0.01260604151,0.01780750044,0.005509349983,0.009080962278,0,0.004520252813,0.009586929344,0.005106314085,0.006120307837,0.00289695384,0.03095532581,0.008743707091,0.01006308198,0.004232872743,0.004150743131,0.004374168348,0.008675259538,0.009337778203,0.01027517207,0.0133992983,0.004761904944,0.001195224002,0.003235347802,0.00617378531,0.003615792375,0.00133519771,0.003442255314,0.005577624775,0.004363769665,0.01029787585,0.00479566399,0.3121922612,0.07305601984,0.1996736526,0.02216931991,0.02965117432,0.0710073337,0.02309653908,0.01041126251,0.01778259873,0.09219829738,0.01161000226,0.00974472519,0.009451375343,0.007848713547,0.006717164535,0.1040087119,0.00866694469,0.007857904769,0.008362447843,0.005209092051,0.004791968036,0.01264518034,0.007144494448,0.01313168462,0.4576556087,0.006008654367,0.00283837365,0.002857867628,0.002123859245,0.005824529566,0.07259984314,0.9604266286,0.3264662027,0.007250320632,0.004399435129,0.009195548482,0.007576257922,0.8508074284,0.1241534501,0.07392394543,0.01709579118,0.1047122106,0.01136924792,0.01111790165,0.01195842493,0.003929321654,0.007109912112,0.003688843688,0.01276257448,0.01074628159
18,0.006980642676,0.01480941288,0.008792565204,0.02085081302,0.1430333257,0.08174072951,0.004761904944,0.07900716364,0.002446788829,0.003942687996,0.004850272089,0.006346432958,0.005910130218,0.0003547951928,0,0.007104038261,0.000142624107,0,3.940537863e-05,0.0001476244797,9.650759603e-05,0.0001719879074,0.0001570920722,0.0001036605609,0.0001083462412,8.942403656e-05,0.003737471998,0.0004193138739,0.004168567248,0.002508675912,0.001532807597,0.0008668259252,0.0004281946458,0.0007928388659,0.0009505706257,0.0008452503243,2.29485413e-05,8.760426135e-05,5.166563824e-06,9.758708075e-06,3.360791743e-05,3.435261533e-06,0,0.005986860022,0,0,0.002380952472,0.002380952239,0,0.001568146632,0.002999974648,0.007142857648,0,0,0.007934502326,0,0.003358371556,0.005510215182,0.004138943739,0.000453678862,0.002380952472,0.008218837902,0.004455402959,0.005179441068,0.002380952472,0.005254577845,0.004761904944,0,0,0.002380952472,0.006412512157,0,0.01010555122,0,0.001400444424,0.003226240631,0,0,0.002807723824,0.002380952472,0.0006356528611,0.003704595147,0,0.002380952472,0,0,0.001665977412,0.0009013303206,0.004761904944,0.002829981735,0.003371870611,0.001372407773,0.003693594597,0.2167834342,0.0335817039,0.04870952666,0.01615558378,0.0217071306,0.01504176669,0.01239370927,0.01371847652,0.006068319548,0.02939126268,0.0009696779889,0.008902058937,0.01632554643,0.01383002196,0.013067347,0.04972194508,0.01150884666,0.01058548316,0.001364687574,0.00862288475,0.009413394146,0.01019756682,0.01994789578,0.01111369953,0.2609419525,0.00787445344,0.006852102466,0.00205703266,0.01031614002,0.01736137643,0.02380952425,0.7649810314,0.110293895,0.009825366549,0.003914959263,0.01270743646,0.0008246168727,0.5185161233,0.02040594816,0.0142857153,0.01396538783,0.04121622816,0.009544919245,0.004761904944,0.006939594168,0.01012599096,0.01372421626,0.009926114231,0.002978561213,0.008226250298
19,0.009273439646,0.01382034831,0.01343561895,0.0221118927,0.1523553282,0.1046549976,0.007532854099,0.08643262088,0.004403253086,0.005467010662,0.007500090171,0.007628250401,0.01267811749,0.006199151743,0,0.01281835511,0.0004974087351,3.940537863e-05,0,0.0001038660703,0.0002425889106,0.0006045374903,0.0003740290995,0.0004089854483,0.000218478337,0.0003849594214,0.01022991072,0.002989883767,0.005992127117,0.004099669401,0.002446883824,0.00122058508,0.001030136365,0.001379578607,0.00170100003,0.001606756123,0.0003150483535,0.0005784381065,0.0001815075811,0.0003207249683,0.0004744655162,0.001105625299,0.0007399999886,0.01277243253,0,0.002257152926,0.004090833943,0.004761904478,0.009884548374,0.003931800835,0.004195209127,0.0039547286,0,0.003593912814,0.0005566023756,0.0007149090525,0.005388210528,0.005946476944,0.007648440078,0.006364402361,0.002380952239,0,0.009948257357,0.01251964644,0.004228626378,0.006018715911,0,0.002380952472,0.001447849092,0.004625951406,0.008140291087,0,0.01006466802,0,0.008886128664,0.006250510924,0,0.0009406612953,0.005929142237,0.002654913114,0.002854555612,0.007601998746,0,0.005672129337,0.002380952472,0,0.002380952472,0.00374823343,0,0.006415356416,0.004309396259,0,0.003262628103,0.2640715241,0.05750426278,0.07555959374,0.02099964209,0.01377690211,0.0226776395,0.01607266441,0.01482613292,0.01264735032,0.04786543176,0.004425245337,0.01023069024,0.02447097749,0.01435538195,0.01229571737,0.06165432185,0.008881493472,0.01351655461,0.006463964935,0.006257910281,0.008053087629,0.01343786158,0.0174998194,0.01237338129,0.3287821114,0.00519776158,0.002380952239,0.002361168619,0.00280877878,0.01686882228,0.01980226859,0.8264390826,0.1363161057,0.01196014509,0.01251156535,0.01086013112,0.008260991424,0.6090333462,0.04738231748,0.02146572061,0.02183275111,0.07573330402,0.00960690435,0.007142857648,0.01741581596,0.005662957672,0.01237124298,0.01013586856,0.002992914757,0.005782414228
20,0.005835014395,0.01469575055,0.01153467502,0.02122877352,0.1651953012,0.1046606675,0.004150699824,0.06422311068,0.003466277849,0.004203687422,0.005050148349,0.005907192826,0.009808822535,0.005674405955,0.002380952239,0.007232229691,0.0006497400464,0.0001476244797,0.0001038660703,0,9.384145233e-05,0.0002239705063,0.0002200539166,0.0002797388588,0.0001273567323,0.0001447562245,0.007921159267,0.002320572501,0.004508524202,0.00305670849,0.001743052853,0.001100350171,0.0007370429812,0.0009784044232,0.001471936586,0.0008943940629,0.0003955882275,0.0004349649535,0.0002143006132,0.0005577782867,0.0001532845636,0.0002764945675,0.003721724963,0.01176695712,0,0.002380952472,0.001850932604,0,0.004761904944,0.003416390857,0.007516013924,0.006111614872,0.002380952472,0.004723849706,0.003456864506,0.004757329356,0.005638843868,0.01063309982,0.006971969735,0,0.0004855206062,0.0008958326071,0.006590666249,0.006756340154,0.000810847152,0.005045990925,0,0.005024149548,0.005886357278,0.007220962085,0.003789487528,0,0.01041994803,0.004761904944,0.006374402903,0.001005455037,0.005095788743,0.00309557654,0.007642921526,0.008158642799,0.004648560658,0.005228671711,0.001673148945,0.00485170586,0.002380952239,0.001991339028,0,0.002673387527,0.002452156972,0.005443649366,0.004735702649,0.002772700973,0.004356327001,0.2786091268,0.06798647344,0.1175504625,0.01137259323,0.02979839966,0.03915500641,0.02194412611,0.01097032148,0.01209113374,0.05003458261,0.001336861867,0.01699936949,0.02080476657,0.01439174172,0.01265187189,0.0739203319,0.01364076044,0.008847920224,0.00738370046,0.01008451357,0.009683556855,0.01280674059,0.02200236544,0.01184842084,0.3465555608,0.01112960745,0.006407471374,0.004777092952,0.004952266347,0.01834285259,0.03489681706,0.874697268,0.1852093786,0.01062919199,0.006869708188,0.008846700191,0.001317093731,0.6598742604,0.04147110879,0.02863308042,0.02112399973,0.07582197338,0.01097184047,0.007142857648,0.01659331098,0.009182599373,0.01103276946,0.01112876926,0.007696792483,0.006794260349
21,0.003354287241,0.01275583357,0.01190482173,0.01818675362,0.1596275568,0.09692461044,0.002380952472,0.04792278633,0.001066472847,0.00203995523,0.001396939741,0.002707245527,0.003866679268,0.001866771956,0,0.002402147511,0.0003166037495,9.650759603e-05,0.0002425889106,9.384145233e-05,0,2.440455319e-05,1.481533218e-05,6.091018349e-06,2.035412399e-05,4.101233571e-05,0.003176979721,0.0009094310226,0.002223097486,0.001350296196,0.0007060256321,0.000466617028,0.0001776189019,0.0002361819352,0.0003796353703,0.0003594718582,0.0001317427668,3.634901077e-05,6.215129542e-05,3.097215813e-05,0.0001636036031,7.285168522e-06,0,0.003934767097,0,0,0,0,0.005298443139,0.0004468778498,0,0.003246010281,0,0,0.002955212258,0.004761904944,0.002612617798,0.004148866981,0.003324767575,0.002768288832,0,0,0.003873061389,0.005845015403,0.00361765502,0.004367063753,0.002380952472,0.001448309631,0.0005773919402,0.002380952472,0.003218116239,0.001157490071,0.007459830027,0,0.001552951289,0,0,0.009350196458,0.002612327691,0.003495985409,0.006463006604,0.006804246455,0,0.002380952472,0.002380952472,0.004761904944,0,0,0.001456101192,0.002764307428,0.0002655241406,0,0.008971189149,0.2394458503,0.05767233297,0.07995798439,0.01808892936,0.02438305132,0.03094177879,0.01478643157,0.01436655503,0.0148440171,0.04702888802,0.003722827416,0.01540909521,0.01652095839,0.01436261088,0.01360701397,0.06322758645,0.00750885345,0.006717233919,0.007875242271,0.008765865117,0.006812962703,0.01878829673,0.01699898019,0.01129007619,0.3363500834,0.01256413665,0.006280445028,0.002510971855,0.006565335672,0.01456564851,0.01598138176,0.8639876842,0.1638870686,0.0117955897,0.007912925445,0.007125798147,0.005410061218,0.6589217186,0.04889671877,0.02703121677,0.02424540929,0.0847312808,0.009494050406,0.004642404616,0.008167443797,0.004232709762,0.01186320279,0.009682275355,0.004267115612,0.003695743857
22,0.004235732835,0.01376230177,0.01234393846,0.02095535584,0.1558323652,0.06007509306,0.004102668259,0.05656396225,0.0008335420862,0.0009164139046,0.0008289045654,0.0008875029162,0.0007473579608,0,0,0.001831916044,0.0003115407599,0.0001719879074,0.0006045374903,0.0002239705063,2.440455319e-05,0,3.830568858e-06,4.653678388e-06,3.483492037e-06,2.51186666e-05,0.001837593387,0.000633827236,0.001234861091,0.0007477294421,0.0003513734264,0.0002625145426,0.0001841053017,0.0001686870091,0.0001176587393,0.0002519922564,3.47195346e-05,0,0,0,8.627263014e-05,3.209100396e-05,0,0.004775968846,0,0,0.002380952472,0,0.004566879477,0,0.00099821412,0,0,0,0,0,0.0003077257425,0.0005043645506,0.002671263181,0,0,0.005227921996,0.004001627211,0.002978534438,0.003066555131,0.002422123449,0,0,0.002380952472,0.001456753002,0.008215535432,0,0.002495074179,0.003853685455,0.002380952239,0,0.00038040441,0,0.0006044136826,0.007999350317,0.001852411195,0.007675300818,0,0,0,0,0,0,0.0007374234265,0.001588588464,0.0007271725917,0.001569487387,0.002391489455,0.2164787054,0.05397148803,0.05170928314,0.01075019781,0.03107595071,0.0150709739,0.01587267779,0.01100756694,0.009340194985,0.04374596849,0.002223773161,0.01036423445,0.008513070643,0.01583487354,0.01397453249,0.03515321389,0.0008520782576,0.007524407934,0.008829458617,0.008491185494,0.01335170772,0.02075998299,0.021158088,0.006603392772,0.2212721109,0.009163265117,0.001044437406,0.004495106172,0,0.01746918634,0.01268923469,0.7338417172,0.11512696,0.009310053661,0.01325197238,0.005110053811,0.006472316571,0.4944337606,0.02222609892,0.01653485,0.01950997487,0.05127767846,0.008253817447,0.004761904944,0.003880515229,0.005878880154,0.01260311808,0.009220195003,0.004521587398,0.005358051974
23,0.006072536577,0.01654241234,0.01129816845,0.02644624375,0.1208415031,0.04065612331,0,0.07207740098,0.0003689060104,0,0.0006325473078,0.0006217206828,0.0006713134353,0,0,0.0005054639187,0.0004648379399,0.0001570920722,0.0003740290995,0.0002200539166,1.481533218e-05,3.830568858e-06,0,9.545218518e-07,3.061066082e-06,7.474044651e-06,0.0008550463244,0.0004041346256,0.0005878600059,0.0004271261278,0.0001706470212,0.0001979611843,0.0001277442643,0,2.192771171e-05,6.299452798e-05,8.38752967e-05,0,0,0,0,0,0,0.0007068649866,0,0,0,0,0,0,0,0,0,0,0,0,0.0004942369997,0,0.003081831848,0,0.002380952472,0.002380952472,0.0004763441393,0,0,0.001930256141,0,0,0,0,0.005171521567,0,0.0009398371913,0.001068039099,0,0,0.002380952472,0,0,0.002380952472,0.0006683944957,0.004622324836,0,0,0,0,0,0,0,0.000696686795,0,0,0.003099639667,0.1770069748,0.02663826756,0.03739155456,0.002740224591,0.007502171211,0.008371209726,0.001273272792,0.007263861131,0.00852287747,0.01035552565,0.0006238847272,0.006283698604,0.004639453255,0.02012677118,0.01218115445,0.03680338338,0.005236200523,0.01043118071,0,0.005328363739,0.01362124644,0.003326989478,0.02195966616,0.001308692736,0.1199595332,0.004761904944,0.002380952472,0.001612552674,0.005856120959,0.01840206049,0,0.4792681932,0.04924393445,0.001701198402,0.002380952472,0.007812766358,0,0.2391746938,0.005200337619,0,0.02595442161,0.0142857153,0.0131484624,0.002009820193,0.002380952472,0.004048688337,0.009087254293,0.00319660781,0.005070722662,0.002975771669
24,0.005299487617,0.01247675344,0.01111237146,0.01717877761,0.1194809899,0.0221649725,0,0.05287247896,0.0002457110386,0.0007736541447,0,0.0007904591039,0,0,0,0.0002902068372,0.0002194589324,0.0001036605609,0.0004089854483,0.0002797388588,6.091018349e-06,4.653678388e-06,9.545218518e-07,0,7.491157703e-07,2.408921137e-05,0.0005545403692,0.0001107299831,0.0006318553933,0.000325863919,0.0001548546279,8.68083298e-05,3.327629747e-05,0,0,0,0.000196990266,0,1.293131209e-05,0,0,0,0,0,0,0,0,0,0,0,0.002380952472,0.002380952472,0,0,0,0,0.0003138624306,0,0,0,0,0,0,0.004761904944,0.002380952472,0,0,0,0,0.0007450058474,0.0002147260675,0,0,0,0,0,0,0,0,0.002988844644,0.0001924960961,0.004761904944,0,0,0,0,0,0,0.002380952472,0,0,0,0.002380952472,0.1230077446,0.02379856631,0.0142857153,0.01117378473,0.008171032183,0.002380952472,0.009977389127,0.001815061085,0.00547547359,0.009523809887,0,0.0005676276051,0.004122975282,0.01057277713,0.01755559817,0.02019662783,0.004806907382,0.008898305707,0,0.002611392178,0.002569792792,0.007040752564,0.01812181063,0.00368863577,0.06986664981,0,0,0.002380952472,0,0.01806921884,0.004761904944,0.3435792923,0.03031470254,0.003993884195,0.003966212273,0.003790433519,0,0.1800136566,0.009523809887,0.00340658729,0.01578955911,0.0103746783,0.006295904517,0,0.002380952472,0.009497638792,0.007669294719,0.005838247947,0.003252215683,0
25,0.0008062741254,0.005754919723,0.003757039085,0.009474091232,0.1417524219,0.08184857666,0.002229159698,0.01383097656,0.0003073769039,0.000572505407,0.0006530247629,0.002148647327,0.002619363368,0,0,0.0004421196354,0.0001872282737,0.0001083462412,0.000218478337,0.0001273567323,2.035412399e-05,3.483492037e-06,3.061066082e-06,7.491157703e-07,0,4.900166005e-06,0.0009484231705,0.0003904540499,0.001970140729,0.00104593765,0.0004892083234,0.0001149667733,0.0003144226794,8.891813923e-05,6.126143853e-05,9.074239642e-05,3.502027175e-05,0.0002270025579,0,0,0,0,0,0.002906700131,0,0,0,0,0,0.002380952239,0.002380952472,0.0002297373867,0,0,0,0,0.001823950442,0,0.002181563759,0,0,0,0.00430230936,0.001001453144,0.00225584791,0.001819087425,0,0,0,0,0.001098545967,0,0.0007325063343,0,0,0.003782067448,0,0,0,0.006755117793,0.002809834667,0.003487420036,0.002380952472,0,0,0.002380952472,0,0.002380952472,0.0009495192207,0.0007955404581,0.0002125861356,0.002380952472,0,0.2011892051,0.05087319389,0.0691293925,0.01409260556,0.03106616624,0.01383261755,0.01947456785,0.01354748011,0.005463832989,0.02763241529,0.004761904944,0.01275049895,0.006779809017,0.008860827424,0.009030323476,0.07510897517,0.003001172794,0.005502212793,0.002380952472,0.004762972705,0.00817845203,0.01468608622,0.005271423608,0.01077296678,0.2323860228,0.000400787103,0.0001688143675,0.004541026428,0.002380952472,0.006546194665,0.01571147889,0.7862808704,0.08938592672,0.002975484589,0.001450370532,0.007152996957,0.0050810026,0.4876137972,0.02592212521,0.007263204083,0.009410813451,0.02589304931,0.002012245124,0.0005550494534,0.0006844380405,0.001933319145,0.003323365469,0.004979178775,0.005391311366,0.01135589089
26,0.002917719539,0.009601168334,0.009170023724,0.01632768475,0.1433195472,0.08197423071,0.0006654328899,0.04305902869,0.0004836096487,0.0004608358722,0.002870681463,0.001506916014,0.0007814919809,0,0.003696877277,0.001147003262,0.0002993085072,8.942403656e-05,0.0003849594214,0.0001447562245,4.101233571e-05,2.51186666e-05,7.474044651e-06,2.408921137e-05,4.900166005e-06,0,0.00162332959,0.000597282371,0.001954142703,0.001010020147,0.0005098602851,0.0004406830121,0.0001360476017,0.0001025710444,0.0001779659651,0.0001949703292,9.768438758e-05,0,1.767135655e-05,0,0,0,0,0.007233103737,0,0,0,0,0,0.0007582546095,0.0008774998714,0,0,0,0,0,0,0.00103591464,0.001410295954,0,0,0,0.0008762165671,0.00749506196,0.001835009665,0.002084723441,0.002380952472,0,0,0,0.004096396267,0,0.001222528517,0.0008502281271,0.001235458534,0.00183305773,0,0.00109769078,0.001593214576,0.002935294993,0.002671752824,0.008398108184,0,0,0,0.0005859931116,0.001068425132,0.0007202869165,0,0.003900987562,0.001052136533,0.002380952472,0.006064330228,0.1951707304,0.04459347576,0.06949073821,0.01563358866,0.01394041814,0.03413239866,0.01824628934,0.01869994216,0.007551500108,0.03828002885,0.003795899451,0.007451762911,0.01103173662,0.01057253405,0.01024618,0.04776912555,0.002872315003,0.005785648245,0,0.002104862127,0.005224748049,0.02354870178,0.01736583188,0.01020555012,0.2610057592,0.008402543142,0.002380952472,0.008695114404,0.006223216187,0.01416611299,0.01365337428,0.8081799746,0.1054846868,0.005040330812,0.003160637338,0.006562771276,0.006101684179,0.5257727504,0.02432704344,0.01365655567,0.01709086075,0.05072853342,0.007350860629,0,0.01420200989,0.002356788842,0.01160587184,0.006589069963,0.006545988843,0.005544454325
27,0.004445762839,0.01077283174,0.010874887,0.0161877051,0.1507443488,0.05924649537,0.002602649154,0.04369811714,1.69578816e-05,1.343709118e-05,0.0001393111743,6.273461622e-05,0.001046865713,0,0.0005485395668,4.150037785e-05,0.003339081304,0.003737471998,0.01022991072,0.007921159267,0.003176979721,0.001837593387,0.0008550463244,0.0005545403692,0.0009484231705,0.00162332959,0,1.383017843e-05,3.440758883e-05,6.748994929e-05,3.308199302e-05,5.974299711e-05,3.912380635e-05,2.651854265e-05,1.674611485e-05,4.958484351e-05,6.545826909e-05,1.105868432e-05,0.0001219316546,1.273042199e-05,3.825560725e-06,1.032800446e-05,0,0.000193369342,0,0,0,0,0,0,0.0002048761089,0,0,0,0,0,6.789456529e-05,0,0.0001596553629,0,0,0,0,0.0004106348206,0.0001292340457,0.0005479265237,0,0,6.3697109e-05,0.003109520534,0.0003814187949,0,0.0004252575163,0.0007274496602,0,0,0,0.0001879110932,0.0004343386681,0.000678337412,0.0003783499706,0.0008102864958,0,0,0,0,0,0,0,0.0002318430197,0,0,0.0009981699986,0.2857201695,0.0325708054,0.01510950178,0.008686179295,0.01628878713,0.008695277385,0.008547429927,0.0252693966,0.01299173012,0.02405258082,0.003234951757,0.01333572529,0.01597070508,0.02195680514,0.01942047663,0.03127519041,0.008009085432,0.01016548742,0.005022887606,0.004836768843,0.01163120009,0.01111826487,0.01916910894,0.003984495532,0.2311110497,0.002431932604,0.003981175367,0.002940827981,0.00110460259,0.01205200423,0.02668115683,0.7030088902,0.07988021523,0.009916180745,0.0007158165681,0.00681527378,0.002174138092,0.482729584,0.02385825291,0.007142857648,0.01096047275,0.04775995761,0.005446925759,0,0.005980453454,0.003409487428,0.006776472554,0.004766270053,0,0.001465695561
28,0.01004187204,0.01230060309,0.01117713191,0.01491483208,0.1515034735,0.02373876423,0,0.07749450952,5.988370322e-05,0,0.0002262009948,0,0.001376688131,0,0,7.698023546e-05,0.00473076757,0.0004193138739,0.002989883767,0.002320572501,0.0009094310226,0.000633827236,0.0004041346256,0.0001107299831,0.0003904540499,0.000597282371,1.383017843e-05,0,5.989167676e-06,3.554111754e-05,4.664482549e-05,5.690209946e-05,0,9.283312465e-06,1.480338869e-05,2.759144991e-06,1.119183889e-05,2.156811934e-05,1.180986146e-05,5.344143119e-06,0,0,0,0,0,0,0,0,0,0,0,0,0,0.002380952472,0,0,0.0001544718689,0.000451201282,0,0,0,0,0.002380952472,0.0002991736983,0,0,0,0,0,0,0.0005565799074,0,0,0,0,0,0,0,0,0.001476676436,0,0.002728928579,0,0,0,0,0,0,0,0.0009561979678,0.0004307380586,0,0.001751499716,0.1920882761,0.002380952472,0.007770698518,0,0.001668721205,0.004761904944,0.004761904944,0.009151904844,0.007142857648,0.01324605849,0.002380952472,0.005554641131,0.01064705849,0.02346175164,0.01785311289,0.01402352285,0.002380952472,0.008603824303,0.002969488502,0.003307709936,0.01025374327,0.006277033594,0.02874976955,0,0.1024349779,0.002380952472,0.002380952472,0,0,0.01432125829,0.007142857648,0.327336967,0.02857143059,0.003266599728,0.003731363919,0.01298837177,0.002380952472,0.1888016313,0.002380952472,0,0.007857367396,0.01160457078,0.001263990649,0.001696763211,0.00609850185,0.00461261766,0.001175728859,0.005132639781,0,0.002380952472
29,0.01570940018,0.02327008545,0.01423009764,0.02134475484,0.1705526263,0.03480822966,0,0.1052899659,2.49758541e-05,0,0.0001674494706,0.0001421525958,0.0003902474418,0,0,0.0002323821245,0.02072641812,0.004168567248,0.005992127117,0.004508524202,0.002223097486,0.001234861091,0.0005878600059,0.0006318553933,0.001970140729,0.001954142703,3.440758883e-05,5.989167676e-06,0,3.444556569e-05,8.107561007e-05,0.0001325039484,3.861340883e-05,0.0002439480886,5.561163562e-05,6.863581802e-05,0.0001850528788,0.0001893575536,0.000200968876,0,0.001529690227,4.899857595e-05,0,0.0007560734521,0,0,0,0,0,0,0.0003367141762,0,0,0,0,0,0.0002605761401,0.0002500397095,0.0003544556384,0,0,0.002380952472,0,0.0007859292091,0.0003095173452,0.0001235019154,0,0,0,0.004655749537,0.001982450252,0,0,0,0.0005108869518,0,0,0,0.003919880837,0.002380952472,0.000493939966,0.001166823669,0,0,0,0,0,0,0,0.0001683307637,0.001742387307,0,0,0.2591409385,0.01927876286,0.02752794139,0.0134887062,0.009523809887,0.01333283447,0.01238677278,0.01839167811,0.007400283124,0.01307459921,0.002380952472,0.01320321858,0.01973983087,0.03681044653,0.03405969962,0.03027805313,0.009523809887,0.01479680184,0.007142857648,0.01230840199,0.01807246543,0.01413592976,0.02874310687,0.0120106861,0.1609341055,0.009523809887,0.002300051739,0,0.001957336208,0.0152907595,0.01190476213,0.4637808204,0.03677179664,0.01135531161,0.002514541848,0.002945005428,0.004138763528,0.2883406579,0.002380952472,0.007142857648,0.01976717636,0.02372131497,0.007372625172,0,0.002380952472,0.002339587081,0.01660688221,0.007433576975,0.005105242133,0.001915229484
30,0.0127807362,0.01836245321,0.01154978294,0.01971096918,0.1632698327,0.0723348707,0.002380952472,0.08641383797,5.941294148e-05,0.0001683881856,0.0003290102759,0.0001513308962,0.0001756017155,0,0,0.0001653952349,0.01526805013,0.002508675912,0.004099669401,0.00305670849,0.001350296196,0.0007477294421,0.0004271261278,0.000325863919,0.00104593765,0.001010020147,6.748994929e-05,3.554111754e-05,3.444556569e-05,0,2.667021909e-05,8.367270493e-05,8.854726912e-05,5.240235987e-05,2.338976628e-05,3.391231439e-05,0.0002124479215,7.993100007e-05,8.700384205e-05,0.0002183782781,0.0001059062924,0.0002893041819,0,0.0002277962049,0,0.0002724769583,0,0,0,0,0,0.001448537689,0,0,0.0003437869018,0.00229368615,5.845028136e-05,6.28385751e-05,0.0002258997119,0,0,0,0,0.000277745421,0.002537801163,0.00070877705,0.001049904386,0,0,0,0.001379013876,0,0.0003377269895,0,0,0,0,0.0009589508991,0.0006782765267,0.002013392979,0.001520015299,0.001378388144,0,0.002380952239,0,0,0,0,0,0.001168665127,0.001209215377,0,0.001852081739,0.2648952305,0.02470371686,0.02773794159,0.01755858772,0.02675176412,0.008256275207,0.00980335474,0.02390701137,0.01433865633,0.03523576632,0.007374508306,0.02275563031,0.02032090724,0.03176222742,0.02836393937,0.01773152314,0.01819018275,0.01746461168,0.005840830039,0.006860779133,0.01511535142,0.01472144667,0.02825460956,0.0142552834,0.2301951945,0.000923905638,0.0003724756243,0.006314050872,0.003545249579,0.02463929541,0.0142857153,0.6282659769,0.07252214849,0.01506764069,0.003589947009,0.005925465375,0.008723098785,0.4168502688,0.004761904944,0.004761904944,0.01544354949,0.03520574421,0.002891353332,0.001074601547,0.004591700155,0.005477538798,0.01204135548,0.00765415933,0.009546387941,0.004263951443
31,0.006696449127,0.01166870445,0.009548750706,0.01433282997,0.1424066126,0.04918949679,0.003451498691,0.05854512379,5.225371206e-05,0.0001101442249,1.709265416e-05,0.000124847953,0,0,0,4.609231473e-05,0.007713070139,0.001532807597,0.002446883824,0.001743052853,0.0007060256321,0.0003513734264,0.0001706470212,0.0001548546279,0.0004892083234,0.0005098602851,3.308199302e-05,4.664482549e-05,8.107561007e-05,2.667021909e-05,0,5.013429472e-06,1.123433867e-05,2.19918893e-05,2.032459179e-06,3.034825386e-05,8.392495511e-05,6.229316932e-05,5.327575127e-05,3.311115142e-05,5.704039359e-05,0,0,0,0,0,0,0,0.0008109800401,0,7.241172716e-05,0.002380952472,0,0,0,0.001511892304,0,0.0002295405429,0.0001041067444,0,0,0.0008284280775,0.0005848724395,0.0001752591779,0.0008988729096,0.0003621070646,0,0.0001837168675,0.0005595492548,0.000778186426,0.0008313469007,0,0,0,0,0,0,0.0005667922087,0.0003358722606,0.001458411571,0.001364065451,0.0006350111216,0,0,0,0,0,0,0,0.0004513396998,0.0005792712327,0,0.001621971838,0.2333506346,0.01593760401,0.02602181025,0.01190476213,0.01366436668,0.0110799633,0.0142857153,0.007485448848,0.008069937117,0.03032888658,0.0085806977,0.007521431427,0.009366682731,0.01824386604,0.01800174266,0.03232005239,0.004144916311,0.0087546492,0,0.005196389742,0.01261757594,0.01604126394,0.01909394749,0.007381008472,0.1825359464,0.002594761085,0.001549099572,0.004017148633,0.002380952472,0.01565716043,0,0.5456747413,0.05849878117,0.007995965891,0.00373017299,0.0005601108423,0.009656115435,0.3342339694,0.009523809887,0.007142857648,0.01900309511,0.02699709684,0.005503685679,0.001877012313,0.003112911247,0.003873158712,0.01012570318,0.006360542029,0.004885057453,0.003308187239
32,0.006468009204,0.0124911461,0.008963221684,0.01547382493,0.150980711,0.03938954324,0.003319961019,0.06470708549,9.069409134e-05,6.228053098e-05,3.895125701e-05,0.0001156265425,0,0,0,3.024513171e-05,0.005360987503,0.0008668259252,0.00122058508,0.001100350171,0.000466617028,0.0002625145426,0.0001979611843,8.68083298e-05,0.0001149667733,0.0004406830121,5.974299711e-05,5.690209946e-05,0.0001325039484,8.367270493e-05,5.013429472e-06,0,2.7316608e-07,1.087364126e-06,4.543861905e-06,8.191046618e-06,4.348720904e-05,3.703312541e-05,0.0001607616432,1.318786417e-05,0,0,0,0.0006529424572,0,0,0,0,0,0,0,0.0008191228262,0,0,0,0.000744206598,0,0,0.0002521601855,0,0.0004832810082,0,0,4.947273192e-05,0.0006077312282,0.0002796058543,0,0,0,0,0.0007414207212,0,0,0,0.0003742362896,0,0.0006396261742,0,0,0.00124594348,0,0.004264144693,0,0,0,0,0,0,0,0,0,0,0,0.196254015,0.02648218721,0.0182256382,0.008294465952,0.003376673441,0.003660664894,0.02123780921,0.0139097413,0.005039099138,0.01606249623,0,0.004475249909,0.007741022389,0.02081956714,0.01755005307,0.0264350865,0.001342806034,0.01005916856,0.002380952472,0.008922595531,0.008196292445,0.01656322367,0.02178597823,0.009911573492,0.1378038824,0.007252844051,0.001033634995,0.001222251449,0,0.01481968164,0.002380952472,0.43173787,0.0421975106,0.003188360948,0.005006271414,0.002380952472,0.000160530195,0.2480279058,0.02142857201,0.002380952472,0.01097219624,0.02473570593,0.003903444158,0,0.002380952472,0.002961769002,0.007710835431,0.006255846005,0,0.003038335824
33,0.005844867788,0.007623553742,0.005520232022,0.01541004702,0.1001721099,0.01809199341,0,0.07333357632,7.244085282e-05,2.166056402e-05,0,3.313892739e-05,0,0,0,2.266854972e-05,0.00412519509,0.0004281946458,0.001030136365,0.0007370429812,0.0001776189019,0.0001841053017,0.0001277442643,3.327629747e-05,0.0003144226794,0.0001360476017,3.912380635e-05,0,3.861340883e-05,8.854726912e-05,1.123433867e-05,2.7316608e-07,0,0,0,1.511269147e-06,0,0,0,0,0,0,0,0,0,0,0,0,0,0,0,0,0,0,0,0,0,0,0,0,0,0,0,0,0.002380952472,0.00103226176,0,0,0,0.002380952472,0.002173628425,0,0,0,0.001029599574,0,0.002380952472,0,0,0.0003229455324,0.0004477722687,0,0,0,0,0,0,0,0,0,0,0,0,0.1674120426,0.01061861683,0.01190476213,0.007142857648,0.007142857648,0.002380952472,0.004761904944,0.009502419271,0.002380952472,0.01016917918,0.004761904944,0.008427832276,0.002380952472,0.02204835974,0.01874398813,0.01486651413,0.002380952472,0.002856459003,0,0.004864225164,0.004865234252,0,0.01883378811,0.002380952472,0.06510203332,0.0006968060625,0.001364566735,0,0.002380952472,0.01605007425,0.002380952472,0.321621418,0.01539959293,0,0.005972765386,0.007002164144,0.008275285363,0.1248589009,0.002380952239,0,0.00877904892,0.005864058621,0.001356283319,0.002380952472,0.002380952472,0.006409451831,0.003062766511,0.005266843829,0,0.004761904944
34,0.006672556512,0.008484708145,0.007523203269,0.01352883317,0.06710514426,0.01782057993,0,0.04421332106,0,8.208604413e-05,0,3.245169864e-05,0,0,0,3.009331522e-05,0.002756440081,0.0007928388659,0.001379578607,0.0009784044232,0.0002361819352,0.0001686870091,0,0,8.891813923e-05,0.0001025710444,2.651854265e-05,9.283312465e-06,0.0002439480886,5.240235987e-05,2.19918893e-05,1.087364126e-06,0,0,0,5.721893558e-06,0,0,0.0002008659503,0,0,0,0,0,0,0,0,0,0,0,0,0,0,0,0,0,0,0,7.441968046e-05,0,0,0,0,0,0,0.0001873492874,0,0,0,0,0,0,0,0,0,0,0,0,0,0,0,0,0,0,0,0,0,0,0,0,0,0,0,0.1025040075,0.007142857648,0,0.002380952472,0.007142857648,0,0.004761904944,0.001387360157,0.007142857648,0.005997266155,0.004761904944,0,0.008546118625,0.009789980017,0.01266326569,0.002380952472,0,0.003369299928,0,0,0.003540656064,0.00173816178,0.008586416952,0.004761904944,0.0418748036,0,0,0,0.002380952472,0.003079195274,0,0.1934213638,0.01190476213,0,0,0.004761904944,0,0.07713356614,0.002380952472,0,0.004879802931,0.001234630239,0,0,0,0.004239771981,0,0.0008557033143,0,0
35,0.001373168314,0.005094682332,0.004533315543,0.009486857802,0.104411535,0.03254757449,0,0.02204742655,8.661605534e-06,0,0,5.74751466e-05,0,0,0,3.243545507e-05,0.002413786948,0.0009505706257,0.00170100003,0.001471936586,0.0003796353703,0.0001176587393,2.192771171e-05,0,6.126143853e-05,0.0001779659651,1.674611485e-05,1.480338869e-05,5.561163562e-05,2.338976628e-05,2.032459179e-06,4.543861905e-06,0,0,0,5.257265002e-06,4.135869312e-05,0.0002011412726,0,0,8.839737347e-06,0,0,0,0,0,0,0,0,0,0,0,0,0,0,0.002380952472,0,0,0.0002166234335,0,0,0,0,0,0,0.0002330052812,0,0,0,0.002380952239,0.0001127742653,0,0.0004856440064,0,0.001647776575,0,0,0,0,0,0,0,0,0,0,0,0,0,0,0.001797118457,0,0,0,0.1708395928,0.01181940362,0.007142857648,0.007142857648,0.004761904944,0,0.004761904944,0.007193304598,0.003357162466,0.01317784749,0,0.007661454845,0.01092508249,0.01380286086,0.01039087214,0.001551708323,0.0014556112,0.005479424726,0,0.003233283525,0.006766683888,0.009756390937,0.00783411786,0.00368380663,0.1164147034,0.003415060462,0.001083736774,0.0006177989999,0.0009514905396,0.00722935237,0.004761904944,0.3395180702,0.04126168415,0,0.0007064802339,0.004583294038,0.001425396302,0.1839669496,0,0,0.01211080328,0.01644483954,0.003619253403,0,0,0.001856076648,0.00204668357,0.002203757409,0,0
36,0.004158646334,0.008148822933,0.005597942509,0.01275900099,0.1063099429,0.04003769159,0.002380952472,0.04246603325,1.101704129e-05,4.560533489e-05,0,1.875920498e-05,0.0002899751416,0,0,3.155685408e-05,0.002578876913,0.0008452503243,0.001606756123,0.0008943940629,0.0003594718582,0.0002519922564,6.299452798e-05,0,9.074239642e-05,0.0001949703292,4.958484351e-05,2.759144991e-06,6.863581802e-05,3.391231439e-05,3.034825386e-05,8.191046618e-06,1.511269147e-06,5.721893558e-06,5.257265002e-06,0,0.0001692069491,0,0,3.989634934e-05,0,0,0,0,0,0,0,0,0,8.320795314e-05,0,0,0,0,0,0,0,0,9.635988681e-05,0.001384329749,0,0.0005505677545,9.336154471e-05,0.0001151631295,0,0.0001034779852,0,0,0,0.003478057217,0.0002723512007,0,0,0,0,0.0002642182808,0,0,0,0,0.0003711630416,0,0,0,0,0.001077669673,0,0,0.001195207471,6.508551451e-05,0.0004581955727,0,0,0.1498940289,0.02440829203,0.009523809887,0.00658922689,0.007746010087,0.005672436208,0.002380952472,0.00471022306,0.005182538182,0.01568844169,0.002380952239,0.007241964806,0.01149216201,0.01617008448,0.01349544991,0.01741639711,0.003604507307,0.01293296553,0.001242128899,0.003742329311,0.006626969203,0.003631277243,0.01709366776,0.004340515472,0.115369238,0.001196367899,0.003096923465,0.001361100469,0,0.009560944512,0.007142857648,0.4666231871,0.04274174944,0.0005707524833,0.006774174515,0.001455851714,0.001317516435,0.2336091697,0.008953964338,0.004761904944,0.01190347876,0.01190476213,0.00120844075,0.000732994522,0.004761904944,0.001660660258,0.003071124433,0.001621078933,0,0.003370374674
37,0.002132597379,0.008014064282,0.007983985357,0.01184421778,0.08546276391,0.02719038166,0,0.02752891555,0.0004164625716,0.001127999276,0,0.000586313894,0,0,0,0.0006680328515,0.0002410173038,2.29485413e-05,0.0003150483535,0.0003955882275,0.0001317427668,3.47195346e-05,8.38752967e-05,0.000196990266,3.502027175e-05,9.768438758e-05,6.545826909e-05,1.119183889e-05,0.0001850528788,0.0002124479215,8.392495511e-05,4.348720904e-05,0,0,4.135869312e-05,0.0001692069491,0,1.504579814e-05,0,0,0,3.352364956e-06,0,0.0007865881198,0,0,0,0,0.002380952472,0,0,0,0,0,0,0,0.0007091545849,0,0.001566703198,0.001602696022,0,0,0,0.002159865573,0,0.0002846691932,0,0,0.002380952239,0,0.004211714957,0.004761904944,0.002380952472,0,0,0,0,0,0,0.002380952472,0.0006002979935,0.005378730595,0,0,0,0,0,0,0,0.0005386677221,0,0,0,0.1313788891,0.01470919978,0.007142857648,0.006324165035,0.006502279546,0,0.007142857648,0.00439908402,0.003155088518,0.01197614521,0.001335966168,0.002625807887,0.004761904944,0.01432440709,0.01654586196,0.01625241339,0.001795891556,0.006367887836,0.004761904944,0,0.002770952182,0.003246561857,0.01491662487,0.004117074423,0.08025946468,0.002380952472,0.004761904944,0,0,0.005891511682,0.002380952472,0.3231036067,0.02142857201,0.002380952472,0.002380952239,0.002380952472,0.003982192837,0.1603090465,0.002380952472,0.004761904944,0.007547654677,0.01299510431,0.002175412141,0,0.00148148986,0.01171450503,0.00451876875,0.003049619496,0.002380952472,0
38,0.001281682169,0.003028940177,0.002380952472,0.00894302316,0.01255735289,0.004761904944,0,0.02342730202,0,0,0,0,0,0,0,0.0001391968835,0.0002699449542,8.760426135e-05,0.0005784381065,0.0004349649535,3.634901077e-05,0,0,0,0.0002270025579,0,1.105868432e-05,2.156811934e-05,0.0001893575536,7.993100007e-05,6.229316932e-05,3.703312541e-05,0,0,0.0002011412726,0,1.504579814e-05,0,0,0,0,0,0,0,0,0,0,0,0,0,0,0,0,0,0,0,0,0,0,0,0,0,0,0,0,0,0,0,0,0,0,0,0,0,0,0,0,0,0,0,0,0,0,0,0,0,0,0,0,0,0,0,0,0.02599288896,0.004761904944,0,0,0,0.002380952472,0,0.002380952472,0.002380952472,0,0,0,0,0.001243668259,0.002279385226,0,0,0.002380952472,0,0,0,0.002380952472,0.001215893193,0.002380952472,0.004761904944,0,0,0,0,0.002380952239,0,0.06681104749,0.002380952239,0,0,0,0,0.01666666754,0,0,0,0,0,0,0,0,0,0.002380952239,0,0
39,0.001722734771,0.002169442596,0.0005991667276,0.01297374256,0.01403864007,0.0142857153,0,0.01614698581,0,0,0.001435015234,0.00113091385,0,0,0,0,9.859517013e-05,5.166563824e-06,0.0001815075811,0.0002143006132,6.215129542e-05,0,0,1.293131209e-05,0,1.767135655e-05,0.0001219316546,1.180986146e-05,0.000200968876,8.700384205e-05,5.327575127e-05,0.0001607616432,0,0.0002008659503,0,0,0,0,0,0,0,0,0,0,0,0,0,0,0,0,0,0,0,0,0,0,0,0,0,0,0,0,0,0,0.002380952472,0,0,0,0,0,0,0,0,0,0,0,0,0,0,0,0,0,0,0,0,0,0,0,0,0,0,0,0,0.04129049182,0.002380952472,0.004761904944,0,0,0,0.002380952472,0,0.002380952472,0.002380952472,0,0,0,0.008220452815,0.006897002459,0.004761904944,0.002380952239,0.002380952239,0,0,0,0,0.005897977855,0,0.009154479019,0,0,0,0,0.001670565456,0,0.1015010402,0.002380952472,0,0,0,0,0.02619047649,0.002380952472,0,0.004761904944,0,0.0005214575795,0,0,0,0.002380952472,0,0,0
40,0.001815936412,0.003893860383,0.004451628309,0.00414369069,0.0560557507,0.01294442639,0.001133661834,0.007873155177,2.223072988e-05,0,0,9.310433234e-05,0.002809406491,0,0,7.079014176e-05,2.331673932e-05,9.758708075e-06,0.0003207249683,0.0005577782867,3.097215813e-05,0,0,0,0,0,1.273042199e-05,5.344143119e-06,0,0.0002183782781,3.311115142e-05,1.318786417e-05,0,0,0,3.989634934e-05,0,0,0,0,0,0,0,0,0,0,0,0,0,0,0,0,0,0,0,0,0,0,0.003389427904,0,0,0,0.0006894347025,0.0004935594043,0,0.001238204888,0,0,0,0,0.0007508045528,0,0,0,0,0,0,0,0,0,0,0.002380952472,0,0,0,0,0,0,0,0,0,0.002380952472,0,0.04393156245,0.01084907353,0.01190476213,0.002380952472,0.01261940505,0.005925175734,0.003102472052,0.00541680539,0,0,0,0.002380952472,0,0.003421681002,0.004114868585,0.01792511158,0,0.001389947836,0,0.004761904944,0.003154392587,0.004761904944,0.006101763342,0.002380952472,0.03663705662,0.002380952472,0,0,0,0,0.004761904944,0.2400577962,0.01190476213,0.004761904944,0,0.002045751084,0,0.1066248491,0.002380952472,0,0.01620764658,0.002380952239,0,0,0,0,0,0.00210920372,0,0
41,0.0007090118015,0.005124239717,0,0.007752994541,0.01666666754,0.007978087291,0,0.01927901432,0,0.0003387758625,0,0.0004020067281,0,0,0,3.889520667e-05,6.205426325e-05,3.360791743e-05,0.0004744655162,0.0001532845636,0.0001636036031,8.627263014e-05,0,0,0,0,3.825560725e-06,0,0.001529690227,0.0001059062924,5.704039359e-05,0,0,0,8.839737347e-06,0,0,0,0,0,0,0,0,0,0,0,0,0,0,0,0,0,0,0,0,0,0,0,0,0,0,0,0,0,0,0,0,0,0,0,0,0,0,0,0,0,0,0,0,0,0,0,0,0,0,0,0,0,0,0,0,0,0.004761904944,0.04028201476,0.007142857648,0.01190476213,0.002380952472,0,0,0.002380952472,0.002380952472,0.002380952239,0.002380952472,0,0.002380952472,0.002380952472,0.009603247978,0.005577505566,0,0,0,0,0.002380952472,0.002380952239,0,0.004421538208,0,0.01766243577,0,0,0,0,0,0,0.1102877408,0.01666666754,0,0,0.002380952472,0,0.04047619179,0,0,0.006195069291,0.004761904944,0,0,0,0.002380952472,0.002380952472,0,0.002380952472,0
42,0.0008454723284,0.001468543778,0.002799988491,0.002965245862,0.03039074689,0.01190476213,0,0.009036202915,0,0,0.0002220779425,0.0008172582602,0,0,0,0,7.421161718e-05,3.435261533e-06,0.001105625299,0.0002764945675,7.285168522e-06,3.209100396e-05,0,0,0,0,1.032800446e-05,0,4.899857595e-05,0.0002893041819,0,0,0,0,0,0,3.352364956e-06,0,0,0,0,0,0,0,0,0,0,0,0,0,0,0,0,0,0,0,0,0,0,0,0,0,0,0.0009283331456,0,0.001828175737,0,0,0,0,0.00138823851,0,0.002380952472,0,0,0,0,0,0,0,0,0,0,0,0,0,0,0,0,0,0,0,0,0.03162872046,0.007142857648,0.004761904944,0,0,0.004761904944,0.004761904944,0.008162678219,0,0.007142857648,0,0,0,0.004142317455,0.006730403285,0.002380952472,0,0.003722267458,0,0.001553590642,0,0,0.003209504066,0,0.01666666754,0,0,0,0,0.0007036919123,0,0.1329489052,0.007142857648,0.002380952472,0.002380952472,0.002380952472,0,0.05714286119,0.002380952472,0,0.002380952472,0.002380952472,0.002380952472,0,0.002380952239,0.002380952472,0,0,0,0
43,0.002491220599,0,0,0,0.004761904944,0,0,0.002629981143,0,0,0,0,0,0,0,0,0.00094134541,0,0.0007399999886,0.003721724963,0,0,0,0,0,0,0,0,0,0,0,0,0,0,0,0,0,0,0,0,0,0,0,0,0,0,0,0,0,0,0,0,0,0,0,0,0,0,0,0,0,0,0,0,0,0,0,0,0,0,0,0,0,0,0,0,0,0,0,0,0,0,0,0,0,0,0,0,0,0,0,0,0,0.002380952472,0.002380952472,0.002380952472,0,0.003214610275,0,0,0,0,0,0,0,0,0.004050720483,0.0003636909823,0,0,0,0,0,0,0,0.0007657415117,0,0.009523809887,0,0,0,0,0,0,0.02142857201,0.004761904478,0,0.002380952472,0,0,0.004761904944,0,0,0,0,0,0,0,0,0,0,0,0
44,0.01099279895,0.01862432063,0.0541475825,0.02732324228,0.03117356263,0.2179118842,0.009591115639,0.1054242104,5.722610149e-05,4.896120663e-05,4.42737437e-05,0.0008351328433,9.153493465e-07,3.294617636e-05,0,9.432120714e-05,0.03253842145,0.005986860022,0.01277243253,0.01176695712,0.003934767097,0.004775968846,0.0007068649866,0,0.002906700131,0.007233103737,0.000193369342,0,0.0007560734521,0.0002277962049,0,0.0006529424572,0,0,0,0,0.0007865881198,0,0,0,0,0,0,0,6.962757766e-07,0,0,0,0,0,8.777115909e-06,0,0,0,0,0,0,0,0,0,0,0.00142052304,7.274245036e-06,0.0001696148975,0,0,0.0001289978827,0,1.782551226e-05,0,0,0,2.010572047e-07,0,0,0.0001171422919,0,0,0,8.19953566e-05,6.113248674e-05,2.125243009e-05,0,0,0,5.352263179e-05,0,0,9.089070227e-05,0,0,0,4.613403689e-06,0.2340635955,0.008773206733,0.01035580318,0.001060223207,0.00215001381,0.002033572411,0.005653204396,0.000501436065,0.0002154842805,0.04601522908,0,0.002380952239,0.004761904944,0.006372158881,0.002027763985,0.01685966551,0,0.001787105692,0,0.0005865477142,0.0007909910637,0.004882059526,0.00187795423,0.009022753686,0.4330091774,0.0138353901,0.003798051504,0.0001550080633,0,0.003697984153,0.08907838911,0.9251958728,0.1895315945,0.00371986255,0.00178627437,0.0006393242511,0.0005097250105,0.6708751917,0.02301224321,0.007900166325,0.01545150671,0.2745532095,0.06114429608,0.008753698319,0.05495772883,0.000984713668,0.004761904944,0,0.001044231001,0.0007787143695
45,0.01108308975,0.0179958269,0.06583325565,0.01544362959,0.02704970539,0.2055300772,0.01391769107,0.0902062878,0,0.000172398155,2.085209235e-05,0.001369364909,0,0,0.0004859504406,0.0001102179449,0.0121461032,0,0,0,0,0,0,0,0,0,0,0,0,0,0,0,0,0,0,0,0,0,0,0,0,0,0,6.962757766e-07,0,0,0,0,0,0,0,0,0,0,0,0,0,0,0,0,0,0,2.197158392e-05,0.0002579686407,0,0,0,0,1.348778915e-05,0.002380952472,0,0,3.501726496e-06,0.0004564193659,0,0,0,0,0,0,0,4.341678505e-05,0,0,0,0,0,0,9.859798593e-05,0,0,0,3.377442408e-05,0.2453858852,0.006897361018,0.004495999776,0.001423255075,0.001266119885,0.0006776993978,0.001555900788,0.0003579102631,0.0001165811045,0.03158464655,0.002380952472,0,0.002380952472,0,0.002380952239,0.01770404167,0,0.001692511723,0,0.001270220266,0.001207630732,0.003616069211,0,0.01357628591,0.4310730398,0.008434582502,0,0.0006357470411,0,0,0.06983540952,0.9036660194,0.1792835891,0.001120304805,0.005291236565,0.0003544141946,0.0006450091605,0.6144843698,0.0203225892,0.01190476213,0.02476599626,0.2579027116,0.05530595407,0.01694821008,0.05372333154,0.004985858221,0,0,0.0004036847386,0.0007321360754
46,0.01008973084,0.01285629813,0.04983709008,0.02270668186,0.05312421173,0.2397520542,0.03977307677,0.09287767112,0,0.0001116369822,4.723341044e-05,0.0002749545965,0,0.0001922448428,0.00131754356,0.0003290467721,0.004333373159,0,0.002257152926,0.002380952472,0,0,0,0,0,0,0,0,0,0.0002724769583,0,0,0,0,0,0,0,0,0,0,0,0,0,0,0,0,0,0,7.425173408e-06,0,0,0,0,0,0,0,0,0,0,0,0,0,3.266500471e-06,9.662070806e-05,0,0,0,0,0,0,0,0.0002797798952,0,0,0,0.0001052046573,0,0,0,0,0.0005099847331,2.785683319e-05,0,0,0,0,0,0,0.0007047787658,0,0,0,0.0004487473925,0.1690598875,0.007775073871,0.006688046735,0.0008115390083,0.001042283373,0.001611954649,0.004033613019,0.0006502494216,0.0002023291599,0.04311963171,0,0,0.003482368775,0,0.001683611306,0.0103807915,0,0.00087786722,0,0.0006400524289,0.0008821579977,0.002816236112,0,0.00679334905,0.3858903348,0.01110723149,0.002938832156,0.0006894046091,0,0,0.1108791381,0.865655303,0.2036450803,0.0002050182957,0.005531636067,0.0007746866904,8.399970829e-05,0.6656837463,0.01199084893,0.01641117595,0.004521427676,0.3285594881,0.06347688287,0.02054339275,0.07475653291,0.002175302012,0.0002164436446,0,8.705611981e-05,0.0002793981403
47,0.01100024674,0.02489517629,0.06634117663,0.04907370731,0.03626812622,0.3007628918,0.04513383284,0.109486945,0,0.000600350264,2.831031088e-05,0.001007781713,3.379133659e-06,0.0001940449292,0.003773429431,7.010975969e-05,0.01455328707,0.002380952472,0.004090833943,0.001850932604,0,0.002380952472,0,0,0,0,0,0,0,0,0,0,0,0,0,0,0,0,0,0,0,0,0,0,0,0,0,0,0,0,0,0,0,0,0,0,0,0.000357992918,0,0,0,0,0,0.0004853835562,0,0,0,0,0,0,0,0.000170396801,4.147582786e-06,0,0,0,0,0,0,4.568031363e-05,0,0,0,0,0,0,0,0,0.0005790237337,0.001329779858,0,1.920115756e-05,4.355054261e-05,0.2076896131,0.002849961631,0.002068454167,0.001241074991,0.0006006158656,0.0002359154896,0.0006760241231,0.0001238649711,2.492449858e-05,0.05379010737,0,0.005172194913,0.001029613311,0.003024471225,0.006589090917,0.01154337171,0,0.000120735669,0,2.487164602e-05,0.001365855103,0,0,0.009481739253,0.4506544471,0.0206948705,0.004325925838,0.002799889306,0.003999550827,0.001481948653,0.1744531393,0.9242997169,0.1921891272,0.002380952472,0.01140858512,6.996947195e-05,0.0008974306984,0.6692672372,0.0193348024,0.01344339829,0.007840836421,0.4603110254,0.1185069233,0.02745922655,0.1360119581,0.007534686942,0,0,5.566542313e-05,0.0002866103896
48,0.00909484271,0.02262618206,0.07436510175,0.03834854811,0.03013908863,0.3008779585,0.057965599,0.09938973933,0,0,3.686476339e-05,0.001434278791,2.469241963e-06,0.0001534446783,0.002380952472,0.0001722593879,0.004712616559,0.002380952239,0.004761904478,0,0,0,0,0,0,0,0,0,0,0,0,0,0,0,0,0,0,0,0,0,0,0,0,0,0,0,0,0,0,0,0,0,0,0,0,0,0,0,0,0,0,0,0,0.0001941868104,0,0,0,0,0,0,0,0,1.927986523e-05,0,0,0,0,0,0,7.081439981e-05,0,1.660436828e-05,0,0,0,0,0,0,0.0001365650969,0,0,0,0.0008687641239,0.2249476761,0.001164663001,0.002208216814,0.0004126486892,0.0004786409554,0.0001589338208,0.0009293555049,0.0001365346398,5.197648352e-05,0.06185209379,0,0.002380952472,0,0,0.0005001803511,0.008426795714,0.004761904944,0.0001634166401,0,0.004134146031,0,0,0,0.008717822842,0.4662258625,0.01056710817,0.004818012938,0.000549443881,0,0,0.1220178679,0.9421088696,0.2054359317,0.002725254977,0.004761904944,0.000109272296,0.0009725525742,0.6648716927,0.02457118779,0.01340344269,0.002345088637,0.3721040785,0.1098456904,0.02624251693,0.09672806412,0.009707109071,0,0,0.0001925185061,0.002636758378
49,0.009442715906,0.03434510529,0.07593313605,0.08196806908,0.03089629672,0.383436501,0.1055918857,0.1151752695,4.412915951e-05,0.0006292629987,0.0003946277429,0.004031940363,4.34334288e-06,0.001303502242,0.005528397858,0.0005399946822,0.005017761607,0,0.009884548374,0.004761904944,0.005298443139,0.004566879477,0,0,0,0,0,0,0,0,0.0008109800401,0,0,0,0,0,0.002380952472,0,0,0,0,0,0,0,0,7.425173408e-06,0,0,0,0,0,0,0,0,0,0,0,0,0.0004824975913,0,0,0,8.621611414e-06,0.000208542755,0,0,0,0,2.774942186e-05,0,0,0.0002339022612,9.090881576e-06,0,0,0,0,0,0,0,0,9.940245036e-06,0,0,0,5.144979878e-05,0,0.0005674604909,0.0003162606736,0.0003626405378,0,6.967691775e-07,2.424325612e-05,0.2143734246,0.002370024566,0.001741044456,0.0006243655807,0.0003248177236,0.0001538664364,0.002777976217,0.0001554287446,5.062191485e-05,0.07161027193,0.003341781441,0.01648007706,0.005103420466,0.003074435517,0.002380952472,0.005249808077,0.01306578889,0.0003834743693,0.003298113821,0.0003273822949,0.0008312727441,0.01258122083,0.001096837805,0.01698527113,0.4509972632,0.03997892886,0.005481068045,0.0003312824119,0,0,0.2513201535,0.9500101209,0.2249563038,8.936975064e-05,0.01342989877,7.401726907e-05,0.0004282089358,0.6780901551,0.03191366419,0.02076603286,0.008952174336,0.5770395398,0.1573750377,0.03780143335,0.16588974,0.01408384368,0.003293415532,0,6.108794332e-05,0.0003857108532
50,0.01257651392,0.03281096369,0.06899480522,0.03632136062,0.03912638128,0.346537441,0.06707973033,0.107895121,0,0,5.552750736e-05,0.0005630500382,0,0.0001460130734,0.004431904294,6.716090138e-05,0.018376939,0.001568146632,0.003931800835,0.003416390857,0.0004468778498,0,0,0,0.002380952239,0.0007582546095,0,0,0,0,0,0,0,0,0,8.320795314e-05,0,0,0,0,0,0,0,0,0,0,0,0,0,0,0,3.843762443e-06,0,0,0,0,0,0,0,0,0,0,0,0,0,0,0,0,0,0,0,6.760838733e-05,1.370154132e-05,0,6.544615644e-06,0.0001338650764,0,0,0,0,0,3.221817678e-06,0,0,0,0,0,0,0.004521726631,7.697398541e-05,0,0,2.263505303e-05,0.2148231566,0.001588591025,0.004108320456,0.0006511957617,0.0007231102209,0.0001324062614,0.00276724156,0.0002480944386,3.957030276e-05,0.0591002889,0.004761904944,0.005931044463,0.005514755845,0,0,0.007773848716,0,0.0002677543089,0,0.0004725314502,0.0001410937257,0.007369612809,0,0.01005011983,0.4408437312,0.02570136264,0.006538275164,0.000648190151,0,0.002380952472,0.1718031317,0.9370304942,0.2033559084,0.004233062267,0.01069320273,4.432352216e-05,0.001262133359,0.6775279045,0.02493724227,0.01042147633,0.006039088126,0.5381138325,0.1184351891,0.04082414508,0.145356968,0.01209393516,0,0,0.0002063506836,0.0001137887375
51,0.0111679798,0.05483236909,0.0711902082,0.07588540018,0.03631620854,0.4560043812,0.1628188491,0.1149411127,1.517666192e-06,0.00041486189,0.0001405959047,0.001873130794,2.632526594e-05,0.0005243900814,0.006767500658,0.0002395184565,0.02186326683,0.002999974648,0.004195209127,0.007516013924,0,0.00099821412,0,0.002380952472,0.002380952472,0.0008774998714,0.0002048761089,0,0.0003367141762,0,7.241172716e-05,0,0,0,0,0,0,0,0,0,0,0,0,8.777115909e-06,0,0,0,0,0,0,0,0,0,0,0,0,0,0,0,0,0,0,0,0,0,0,0,0,0,0,0,0.002518917434,6.263429532e-05,0,0,0.0009383822326,0,0,0,5.588959175e-05,0,1.469895892e-06,0,5.205698471e-06,6.590077646e-06,0,0.0001707312331,0,0.005829145666,4.375281424e-05,0,0,0.0001552937028,0.2121276259,0.002281493042,0.002666137647,0.0005275062867,0.0003179393243,0.0002059145481,0.002474186709,0.0001088586578,3.664090036e-05,0.07571626455,0.007308651228,0.002380952472,0.003202268854,0.001716421801,0.001789534697,0.005958518013,0.007142857648,0.0003108830133,0,0.0004260984715,0.001899275114,0.01032271888,0.001250550966,0.0119592743,0.4556290209,0.06000353396,0.00873800274,0.005244153086,0,0,0.3559208214,0.9368058443,0.2331405878,0.001084402902,0.01190476213,0.0001215845114,0.0002801742521,0.6775901914,0.03422248363,0.02538901754,0.003791984869,0.7410048842,0.3223428726,0.06742719561,0.2897060215,0.0416068323,0,0.0005931713968,2.672907613e-05,0.0001609804749
52,0.009071285836,0.01369107887,0.04558075964,0.04269601405,0.04521346465,0.4059122801,0.1410525739,0.09515740722,6.656413916e-06,0.000331734831,2.183650395e-05,0.0007824656786,0.0001721905719,0.003511848161,0.009523809887,0.001233446761,0.008895059116,0.007142857648,0.0039547286,0.006111614872,0.003246010281,0,0,0.002380952472,0.0002297373867,0,0,0,0,0.001448537689,0.002380952472,0.0008191228262,0,0,0,0,0,0,0,0,0,0,0,0,0,0,0,0,0,3.843762443e-06,0,0,0,0,0,0,0,0,0,0,0,6.753046819e-06,2.55798227e-06,1.244186478e-05,0,0,0,0,3.709671432e-07,1.489708575e-05,0,0.001191001036,5.878669253e-05,0,0,7.853029092e-05,0,0,0,2.464968384e-05,0,2.692093585e-05,0,0,0,0,0,0,0.007873139344,7.524600733e-06,0,0,5.04542877e-05,0.172974959,0.03707440943,0.06685184687,0.01046707109,0.008455965668,0.007329146378,0.02025908232,0.004103498068,0.001633773558,0.02999641933,0.0005985960015,0.003835721174,0,0.0009160335176,7.072534208e-05,0.0218988359,4.839637404e-05,0.0005236935685,0,7.408836245e-05,6.401856808e-05,0.00262038596,0.000189288301,0.001207948313,0.3464976251,0.02497171611,0.01470873877,0.003128153272,3.966545046e-05,0.0001765747438,0.292876929,0.9420528412,0.2045793831,0.0007959434879,0.006713494658,0.0002502663119,0.000134363363,0.6213544011,0.02148283832,0.01041793544,0.007641676348,0.5818428397,0.1202917174,0.04963171482,0.191584453,0.0067201294,0.0007352328976,0.002739057411,0.001193857752,0.0001284116879
53,0.005438674241,0.0006705589476,0.01374834124,0.01207340043,0.02578926459,0.05631317198,0.002380952472,0.03597033396,0,0,7.850163456e-06,0.0001291391236,0,0,0,0.000312337681,0.002380952472,0,0,0.002380952472,0,0,0,0,0,0,0,0,0,0,0,0,0,0,0,0,0,0,0,0,0,0,0,0,0,0,0,0,0,0,0,0,0,0,0,0,0,0,0,0,0,0,0,0,0,0,0,0,0,0,0,0,0.0002116314135,0,0,0,0,0,0,0,0.0009043518803,0,0,0,0,0,0,0,0.000724243233,0,0,0,0.001043262077,0.03108507209,0.01486991066,0.007142857648,0,0,0.001559517812,0.002380952239,0.000691432273,0,0.02416060492,0.000278931926,0,0,0,0.0002987345215,0.006361700129,0,0,0,0.0002138534619,0.0002230281534,0,0,0,0.1558713913,0.00183397613,0,0.002380952472,0.000151701548,0,0.01781724393,0.3492116034,0.08624495566,0,0.0005020924727,0.0003958891029,0,0.3595020473,0.002030774252,0.003783900756,0.002269788878,0.07597384602,0.00944735948,0,0.0176597219,0,0,0,0,0
54,0.001162801986,0.001126037212,0.0006216107868,0.0003912669781,0.007979496382,0.02142857201,0.004761904944,0.03097418696,3.391723567e-06,0,0,0,0,0,0,0,0.00987468753,0,0.003593912814,0.004723849706,0,0,0,0,0,0,0,0.002380952472,0,0,0,0,0,0,0,0,0,0,0,0,0,0,0,0,0,0,0,0,0,0,0,0,0,0,0,0,0,0,0,0,0,0,0,0,0,0,0,0,0,0,0,0,7.540137449e-05,0,0,0,0,0,0,0,0,0,0,0,0,0,0,0,0,0,0,0,0,0.03342104703,0.00249403622,0,0,0.002380952472,0,0,0.001877999748,0,0.01330024749,0,0,0,0.0001557821233,2.541754839e-05,0,0,0,0,0,0,0,0,0,0.07743484527,0.0006226802361,0,0,0,0,0.0142857153,0.2378136069,0.05075655505,0,0,0,0,0.2327031493,0.001035329537,0,0,0.01842820272,0.001985495677,0,0.001479881932,0,0,0,0,0
55,0.0002313151344,0,0.000895891746,0.004110486247,0.0148492353,0.01904761977,0.002380952239,0.02419878915,0,0,1.580639037e-06,1.80455645e-05,0,0,0,7.499362255e-06,0.0005830787704,0.007934502326,0.0005566023756,0.003456864506,0.002955212258,0,0,0,0,0,0,0,0,0.0003437869018,0,0,0,0,0,0,0,0,0,0,0,0,0,0,0,0,0,0,0,0,0,0,0,0,0,0,0,0,3.773263643e-06,0,0,0,0,0,0,0,0,0,0,0,0,0,0,0,0,0,0,0,0,0,0,0,0,0,0,0,0,0,0,0,0,0,0,0.04052887112,0.004761904944,0.004761904944,0.001106344978,0.002380952472,0.002380952472,0,0.003404812422,0,0.009684655815,0,0,0,0.0001027736071,0,0.001257618773,0,0,0,0,0,0,0,0,0.06423798203,0,0,0,0,0,0.009523809887,0.2557798326,0.04344429076,0,0,0,0,0.2401085496,0.002380952472,0,0.0009039130528,0.02786662057,0.004960559309,0,0.005674800836,0,0,0,0,0
56,0.001221074257,0,0.003624860197,0.0005055502988,0.01565244794,0.03333333507,0.002380952472,0.03248896822,0,0,1.263198101e-05,0,0,0,0,3.798796024e-05,0.008023795672,0,0.0007149090525,0.004757329356,0.004761904944,0,0,0,0,0,0,0,0,0.00229368615,0.001511892304,0.000744206598,0,0,0.002380952472,0,0,0,0,0,0,0,0,0,0,0,0,0,0,0,0,0,0,0,0,0,0,0,0,0,0,0,0,0,0,0,0,0,0,0,0,0,0,0,0,0,0,0,0,0,0,0,0,0,0,0,0,0,0,0,0,0,0,0.02635362372,0.002380952472,0.006022571586,0,0,0,0.0008768723928,0.004761904944,0.004761904944,0.01762565412,0,0,0,0,0,0,0,0,0,0,0,0,0,0.0001985328272,0.06321132183,0,0,0,0,6.590741123e-06,0,0.2831452191,0.04506805539,0,0,0,0,0.2465851456,0.004761904944,0.002380952239,0.0002364473476,0.0157150235,0.0008066360024,0,0.007125022355,0.0003044691111,0,0,0,0
57,0.003399239155,0.00210279203,0.004861647729,0.0082683824,0.03286636248,0.0385399051,0.01190476213,0.04665893689,1.074940656e-06,0,1.396445327e-06,1.472009558e-06,0,0.0002285054507,0,6.45594946e-06,0.01219203975,0.003358371556,0.005388210528,0.005638843868,0.002612617798,0.0003077257425,0.0004942369997,0.0003138624306,0.001823950442,0,6.789456529e-05,0.0001544718689,0.0002605761401,5.845028136e-05,0,0,0,0,0,0,0.0007091545849,0,0,0,0,0,0,0,0,0,0,0,0,0,0,0,0,0,0,0,0,0,0,0,0,0,0,0,0,0,0,0,0,0,0,0,0,1.659630107e-05,0,0,0,0,0,0,0,0,0,0,0,0,0,0,0,0,0,0,0,0.1427257955,0.003022049554,0.008330531418,0.0059031602,0.003898577532,0.004076882731,0.005233911797,0.003679982619,0,0.01568775438,0.0005387284909,0,0,0.0006689564907,3.928149818e-05,0.004307434428,0,0.001567301224,0,9.766875337e-06,0,0,0.0001446422393,0.0001346424251,0.1111459956,0,0,0.0002155003313,0,0.0003648645943,0.02608451992,0.5058582425,0.07740636915,0,0,0.0007732114755,4.864106813e-05,0.4194594026,0.006451041438,0.001007930958,0.001132270903,0.06085135788,0.003240093822,0.003635183442,0.01625571772,0.0001064875905,0,0.0008752094582,0,5.260295438e-05
58,0.006308985408,0.006473043002,0.02320691571,0.01680840179,0.03471313789,0.2681202292,0.07423587888,0.06950675696,2.562971531e-06,0,4.13551461e-05,6.257784844e-05,8.528187209e-06,0.002432634356,0.01100582443,9.120402683e-05,0.01392108295,0.005510215182,0.005946476944,0.01063309982,0.004148866981,0.0005043645506,0,0,0,0.00103591464,0,0.000451201282,0.0002500397095,6.28385751e-05,0.0002295405429,0,0,0,0,0,0,0,0,0,0,0,0,0,0,0,0.000357992918,0,0,0,0,0,0,0,0,0,0,0,0,0,0,1.16917488e-06,0,0,0,0,0,0,0,0,0,0,0,0,0,0.0003312561894,0,0,0,0.0004002156202,0,2.255634354e-05,0,0,0,0,0,0,0.008724721149,0,3.5057481e-05,0.0004471314314,0,0.1440259665,0.07663950324,0.05108241364,0.01924236491,0.02834260836,0.01670108549,0.02530773543,0.02519124746,0.01166617684,0.02147847228,0.001985635841,0.001497074845,0.0007338221767,0.0005437536165,5.256252552e-05,0.02676116303,0,0.0007224665023,0,7.740177534e-05,7.743094466e-05,0.002071376191,0.0006692937459,0.001012700959,0.2425395399,0.006113647483,0.005713116843,0.0005469625467,9.954111192e-06,0.00140105933,0.1791301221,0.9315282702,0.1939826459,0.0004108787398,0.001879239455,0.0005717893364,0.0001532430324,0.5496075153,0.009466303512,0.005932193715,0.005885687657,0.4020277262,0.06215145439,0.02766156942,0.09989459813,0.006214744877,0.002631725976,0,0.0002717879543,6.707144348e-05
59,0.001276631374,0.001401924179,0.002703482984,0.003133095335,0.04108598456,0.2169914544,0.04781256244,0.0437692292,7.442052947e-07,3.422212103e-06,3.983250281e-06,1.157610495e-05,3.598527428e-06,0.0002548373013,0.001227222499,2.305177077e-05,0.01181949396,0.004138943739,0.007648440078,0.006971969735,0.003324767575,0.002671263181,0.003081831848,0,0.002181563759,0.001410295954,0.0001596553629,0,0.0003544556384,0.0002258997119,0.0001041067444,0.0002521601855,0,7.441968046e-05,0.0002166234335,9.635988681e-05,0.001566703198,0,0,0.003389427904,0,0,0,0,0,0,0,0,0.0004824975913,0,0,0,0,0,3.773263643e-06,0,0,0,0,0,0,0,1.271645851e-05,1.085829581e-06,0,0,0,0,0,0,0,0,6.637510069e-06,0,0,0.0002227312652,0,0,0,2.599907702e-07,3.115078925e-06,2.603265602e-05,2.512628816e-05,0,0,0,0,0,0.0007969311555,1.261249326e-05,0,0,0.0001442206412,0.2229335457,0.06478248537,0.06073006988,0.04082798958,0.03458230942,0.014867099,0.01353081875,0.01682233065,0.009223493747,0.01741989702,0.000215254302,0.0001454609737,2.625437082e-05,8.068214811e-05,1.114668339e-05,0.009643385187,0,0.0005719637848,0,3.086305878e-05,5.210271047e-05,8.113891818e-05,0.0001001044147,0.0006787116872,0.1157184839,0.0004750209046,0.0006297122454,7.963670214e-05,3.382773457e-06,2.17949073e-05,0.1329698116,0.9314414859,0.1564692408,0.0006301817484,0.0005428628647,0.0005540492712,7.8525145e-06,0.5172522068,0.01080398727,0.004302624147,0.002652595285,0.2386859655,0.009217567742,0.00620323373,0.04092439637,0.0009089880623,7.181960245e-05,0.0008231235552,0.001693146303,3.5224155e-05
60,0.01459556818,0.01299499068,0.04247912765,0.02103551105,0.05455077067,0.1964567155,0.03520683944,0.07880993187,0,0,9.428911653e-06,0.0002058537357,0,0,0.002217025263,0.0001171762997,0.004847448319,0.000453678862,0.006364402361,0,0.002768288832,0,0,0,0,0,0,0,0,0,0,0,0,0,0,0.001384329749,0.001602696022,0,0,0,0,0,0,0,0,0,0,0,0,0,0,0,0,0,0,0,0,0,0,0,0,0,0,0,0,0,0,0,0,0,0,0.002380952239,3.280473265e-06,0,0,0.000103608123,0,0,0,0,0,0,0,0,0,0,0,0,0,0,0,0,0,0.1296049505,0.01284218207,0.01693083718,0.005046568811,0.001228058012,0.003496016841,0.01218282431,0.0005550068454,0.000323663,0.033627294,0.002380952472,0,0.0002943843429,0.002113173483,0.0002579902066,0.007646693382,0,0.0004579289525,0,0.001143043395,0.0001972242026,0,0.000209297621,0.009523809887,0.3676200509,0.007988802157,0.0009894601535,0.00037703829,0,0,0.0898462534,0.7840958834,0.1604769081,3.022597957e-05,0.0005948359612,0.0001177256054,0.0007093619206,0.5817613602,0.01724165678,0.008610171266,0.006105142646,0.269734621,0.04611931369,0.01347128581,0.06239036098,0.0006525357603,0.0001183999921,0.0002152598172,0.0004773700493,0.000161583157
61,0.00372920977,0.0006276826025,0.005294725765,0.001071167411,0.0146322893,0.03913487121,0.009523809887,0.04178956896,0,0,0,0,0,0.001181975473,0,0,0.002380952472,0.002380952472,0.002380952239,0.0004855206062,0,0,0.002380952472,0,0,0,0,0,0,0,0,0.0004832810082,0,0,0,0,0,0,0,0,0,0,0,0,0,0,0,0,0,0,0,0,0,0,0,0,0,0,0,0,0,0,0,0,0,0,0,0,0,0,0,0,0,2.439463515e-06,0,0,0,0,0,0,0,0,0,0,0,0,0,0,0.004761904944,0,0,0,0,0.05188358575,0,0.009523809887,0.004761904944,0.004761904944,0.004274457693,0.004761904478,0.01200238243,0.0009046991472,0.02178253233,0.0006119433092,0,0,0,0,0.007364370394,0,0.0008737660828,0,2.02401352e-05,0,0,0,0,0.1081945822,0.0007867089589,0,0,0,0,0.02380952425,0.3772454262,0.06667850167,0,0,0,0,0.3290888667,0.0009144027135,0.002762416843,0.004213337786,0.06671527773,0.002985985018,0,0.01450105011,0,0,0,0,0
62,0.01066327095,0.008376764134,0.051295463,0.02346988022,0.03298773617,0.2666731179,0.07262700051,0.08294821531,2.869843047e-05,0.0001913409506,0.0001238229452,0.0005513986689,6.901953748e-05,0.003172479803,0.003120947396,0.0005493169301,0.01191478502,0.008218837902,0,0.0008958326071,0,0.005227921996,0.002380952472,0,0,0,0,0,0.002380952472,0,0.0008284280775,0,0,0,0,0.0005505677545,0,0,0,0,0,0,0,0.00142052304,0,0,0,0,0,0,0,6.753046819e-06,0,0,0,0,0,1.16917488e-06,0,0,0,0,0,0,0,0,0,0,0,0,0,0,0.0007835243596,0,0,0,0,0,0,4.759106014e-05,0,0.0001767877693,0,0,0,0,0,0,0.001210396993,0,0,0,0.00020271416,0.1444392353,0.03834251687,0.03616180271,0.01626695879,0.01252557337,0.004710657056,0.0168899633,0.007173337508,0.002985358704,0.02094186656,0.002671070397,0.002143371385,0,8.967760368e-05,4.51861597e-05,0.01610926539,0.0002170540829,0.0002999667777,0.001013189438,0.0001563288679,0,0.0002646268695,0,0.0006248854916,0.3303014636,0.01318055391,0.002426513704,0.001525775646,0,0.0003362615535,0.1612567604,0.8079256415,0.1930370927,0,0.004583275411,0.0003035193949,0.0004359948216,0.5828206539,0.0173554197,0.00488716783,0.005731885321,0.3454425335,0.07407111675,0.02580418997,0.1107374951,0.003306229832,0,0,0.003938540351,0.0001737335842
63,0.01784191839,0.0468477942,0.07823612541,0.07003134489,0.05066997185,0.5033448935,0.3388256729,0.1115058959,9.116121873e-06,0.0005116862594,0.0003680035297,0.001462928951,0.0002539807465,0.002227814635,0.01745489985,0.000776102941,0.01260604151,0.004455402959,0.009948257357,0.006590666249,0.003873061389,0.004001627211,0.0004763441393,0,0.00430230936,0.0008762165671,0,0.002380952472,0,0,0.0005848724395,0,0,0,0,9.336154471e-05,0,0,0,0.0006894347025,0,0,0,7.274245036e-06,2.197158392e-05,3.266500471e-06,0,0,8.621611414e-06,0,0,2.55798227e-06,0,0,0,0,0,0,1.271645851e-05,0,0,0,0,5.130574209e-06,0,0,0,0,4.375458957e-06,0.0005991347134,0,0.002068266273,0.0002122032602,0,0,0.001450713375,8.120665734e-05,1.071274255e-05,0,0.0001927929407,0.003087364603,9.956078429e-06,2.281565912e-06,1.372425868e-05,0,0,9.248137212e-05,0.0001846415689,0.02413908951,0.0001408149255,0,0,0.0002742069482,0.1893964857,0.02184342965,0.04593722522,0.003816079348,0.005001084413,0.004351900425,0.00956261158,0.001871376648,0.000740791671,0.0473610945,0.004687675741,0.01291805599,0.006865403615,0.002981062513,0.0006438303972,0.02000467293,0.003833542811,0.0005092212814,0.0003299243108,0.000240686335,0.0003375618253,0.01134365238,0.002313687699,0.007283738814,0.4427757859,0.0732703954,0.03702259064,0.005807150155,0.0001607190061,0.0002395517222,0.544508934,0.9499319792,0.2217458785,0.001521495869,0.01624218933,0.0003102749761,0.000715826347,0.6721383929,0.03138197213,0.02330156602,0.006866698153,0.7907153964,0.305115521,0.155203864,0.4644711018,0.03800439462,0.006330100819,0.002637705533,0.0003134935396,0.0001133449041
64,0.0112410821,0.01689277031,0.05005439371,0.03725662082,0.04087623581,0.5109138489,0.3739114106,0.09245544672,2.223389492e-05,0.000203980002,0.0003227603738,0.0008397687925,0.0003924945486,0.01029559318,0.03599640727,0.0007148659788,0.01780750044,0.005179441068,0.01251964644,0.006756340154,0.005845015403,0.002978534438,0,0.004761904944,0.001001453144,0.00749506196,0.0004106348206,0.0002991736983,0.0007859292091,0.000277745421,0.0001752591779,4.947273192e-05,0,0,0,0.0001151631295,0.002159865573,0,0,0.0004935594043,0,0.0009283331456,0,0.0001696148975,0.0002579686407,9.662070806e-05,0.0004853835562,0.0001941868104,0.000208542755,0,0,1.244186478e-05,0,0,0,0,0,0,1.085829581e-06,0,0,0,5.130574209e-06,0,2.022030822e-05,0,0,0,1.52210132e-05,1.599718189e-06,9.201169178e-07,0.008835194632,0.001595775364,4.616335445e-06,1.509440608e-06,0.00219774479,3.313100751e-05,0.0001883171208,3.123166607e-05,4.125575288e-05,9.094868437e-05,2.519440568e-05,0,4.476592949e-05,2.024592322e-05,0,0.0002969262714,0.0002658302255,0.00810464099,6.268212019e-05,0,0.0002213978441,0.000275774888,0.20227772,0.1180915534,0.1830855459,0.03678067774,0.04697740823,0.0221277941,0.04060438275,0.01541428361,0.01092828624,0.03061030805,0.002786718775,0.002363037784,0.003206976457,0.0005778041668,6.152326387e-05,0.03599488363,0.001511453185,0.0008455648785,6.774156645e-05,9.08508955e-05,0.0001072887389,0.004133073147,0.0002700646874,0.003146091942,0.3555172384,0.03343552351,0.01700006239,0.002143679187,8.674532e-05,4.417596574e-05,0.5779906511,0.9691311717,0.2258388549,0.001099977409,0.01486973371,0.0004612726916,0.000419181044,0.6071455479,0.02050769329,0.01275358256,0.006660903338,0.7690680027,0.1739536375,0.1112797707,0.3718342185,0.01573684998,0.001463901601,0.001547877328,0.00127679552,0.0001113597536
65,0.0005315795424,3.645871402e-05,0.001159223844,0.001621845178,0.02936033346,0.05389942229,0.005535289645,0.02572372556,0,0,7.046497558e-06,5.02994817e-06,0,0.000327649439,0,4.688704576e-05,0.005509349983,0.002380952472,0.004228626378,0.000810847152,0.00361765502,0.003066555131,0,0.002380952472,0.00225584791,0.001835009665,0.0001292340457,0,0.0003095173452,0.002537801163,0.0008988729096,0.0006077312282,0.002380952472,0,0,0,0,0,0.002380952472,0,0,0,0,0,0,0,0,0,0,0,0,0,0,0,0,0,0,0,0,0,0,0,0,2.022030822e-05,0,0,0,0,0,0,0,0,0,0,0,0,0,0,0,0,0,0,0,0,0,0,0,0,0,2.360842927e-06,0,0,0,0.1001034454,0.01901592873,0.007142857648,0.002380952472,0.008889835328,0.003220876446,0.004955627024,0.004291949328,0.0004872755089,0.02320298553,0.002380952472,6.154309085e-05,0,0,2.287640564e-05,0.002877522958,0,0.0005038709496,0,0,0,0,0,0,0.06504099071,4.43124809e-05,0,0,0,0,0.01190476213,0.6144086719,0.09467869997,0.0002911448828,1.074665761e-05,0,0,0.4268015027,0.005005001556,0.003395200474,0.0008117725956,0.03924392536,0.0004809329403,0.0006840497372,0.0007365740021,0,0,0,0,0
66,0.0008754596929,0.0006053426187,0.001139714033,0.001358382637,0.04333461449,0.1044920906,0.002380952472,0.03255183995,1.052993639e-06,4.397687007e-06,7.90414731e-07,6.41746874e-06,0,0,0,1.911453001e-05,0.009080962278,0.005254577845,0.006018715911,0.005045990925,0.004367063753,0.002422123449,0.001930256141,0,0.001819087425,0.002084723441,0.0005479265237,0,0.0001235019154,0.00070877705,0.0003621070646,0.0002796058543,0.00103226176,0.0001873492874,0.0002330052812,0.0001034779852,0.0002846691932,0,0,0.001238204888,0,0.001828175737,0,0,0,0,0,0,0,0,0,0,0,0,0,0,0,0,0,0,0,0,0,0,0,0,0,0,0,0,0,0,0,0,0,0,0,0,1.688525003e-06,0,0,0,0,0,0,0,0,0,0.001097377506,0,0,0,0,0.1530164033,0.01695347391,0.01360089052,0.004761904944,0.0008234500419,0.003408324672,0.005796063226,0.003369522281,0.002380952472,0.01768890955,0.001651218161,0.00023074825,0,0.0001983827096,3.771390766e-05,0.004836173262,0,0.0004148863081,0,0,0.0001701616566,0,1.414759572e-05,0.00107741938,0.0750733614,9.081535245e-05,0,0,0,1.097933637e-05,0.04060205072,0.7717263103,0.09281606227,0,0.0001945320982,0.00154041755,0,0.525262177,0.009061872959,0.002566484967,0.001780068618,0.08141262084,0.001337551279,0.002607733477,0.00611027237,0.0001457753533,7.484090747e-05,0.0001123201218,0,0
67,0.009352472611,0.008704854175,0.03256446123,0.01659034565,0.02973550558,0.1516531557,0.01666666754,0.06288609654,0.0001103388786,0,2.68176791e-05,0.000373829942,0,0.002341316314,0,0.0008632246754,0,0.004761904944,0,0,0.002380952472,0,0,0,0,0.002380952472,0,0,0,0.001049904386,0,0,0,0,0,0,0,0,0,0,0,0,0,0.0001289978827,0,0,0,0,0,0,0,0,0,0,0,0,0,0,0,0,0,0,0,0,0,0,0,0,0,0,0,0,0,0,8.256634828e-06,0,0,0,0,0,0,0,0,0,0,0,0,0,0,0,0,0,1.840997902e-05,0.1007122919,0.02320319414,0.0263359379,0.002543085022,0.007436760701,0.003722514026,0.01216987148,0.00443123607,0.002380952472,0.02881134301,0.0008772668079,0,0,0,2.717316238e-05,0.01704410464,0,0.0003707812575,0,0.0001064208773,0.0001539855875,0.001049891813,0,0.001680791262,0.2467637509,0.008653861471,0,0.000878650404,0,0,0.08529378474,0.6156831384,0.1535609215,0.003461111104,0.002429161221,0.00013428081,0.0004744488979,0.4391766787,0.003974679857,0.004915921483,0.0007751040976,0.2112583369,0.03316045552,0.003775744466,0.0381979011,0.001147750649,0,0,0,0.0005137745175
68,0.003010320244,0.002696970943,0.01207845937,0.00778568862,0.01848113909,0.1550513953,0.04047619179,0.06754603982,0,8.737407916e-05,2.295590093e-05,5.252200208e-05,0,0.0008881384274,0.001139945351,0.0002888654708,0.004520252813,0,0.002380952472,0.005024149548,0.001448309631,0,0,0,0,0,0,0,0,0,0.0001837168675,0,0,0,0,0,0,0,0,0,0,0,0,0,0,0,0,0,0,0,0,0,0,0,0,0,0,0,0,0,0,0,0,0,0,0,0,0,0,0,0,0,0,2.575624421e-06,0,4.398909368e-05,0,0,0,0,0,0,0,0,0,0,0,0,0.001904853736,0,0,0,0,0.08908689022,0.04009016603,0.01316625252,0.01522519719,0.01279763505,0.005936191417,0.008624566719,0.01251304429,0.00193189166,0.01895149611,0.0006515886635,0.0005642846809,0.001262391917,0,0,0.01330422983,0,0.0004576450156,0,3.344091601e-05,3.02016324e-05,0,0.0007438787143,0.0003724069393,0.2048173845,0,0,0.000144719379,4.060529318e-05,0,0.08826845884,0.7398133874,0.1467057019,0,0,0.00100548286,8.657904982e-05,0.4777297676,0.01049816608,0.000939750229,0.006066080183,0.216244787,0.01702863723,0.007868338376,0.02040414698,0.0004799907911,0,0.0007924040547,0.0001433985744,6.984604988e-05
69,0.008839005604,0.004680370912,0.02738830633,0.0149471825,0.03959875181,0.391495049,0.09304009378,0.08613140136,1.337596132e-05,1.554791379e-05,2.974612289e-05,0.0002856538922,0.000109500681,0.0009307814762,0.00158116594,0.0004391450784,0.009586929344,0,0.001447849092,0.005886357278,0.0005773919402,0.002380952472,0,0,0,0,6.3697109e-05,0,0,0,0.0005595492548,0,0,0,0,0,0.002380952239,0,0,0,0,0,0,1.782551226e-05,1.348778915e-05,0,0,0,2.774942186e-05,0,0,3.709671432e-07,0,0,0,0,0,0,0,0,0,0,4.375458957e-06,1.52210132e-05,0,0,0,0,0,0,0,1.857227289e-05,4.583437203e-06,0,0,0,0,0,0,0.0001221644488,4.969700967e-06,3.395362e-05,0,0,0,0,0,0,0.000114788083,0,0,7.876275049e-05,7.162538532e-05,0.1593345851,0.03575157747,0.06737128645,0.003490285948,0.005667087622,0.003265392268,0.01479025744,0.002565698465,0.0009396652458,0.03331699967,0.004778651521,0.0008110494236,0.001590985688,0.0001515133918,0.0002089097834,0.01759506389,0.000220988557,0.0007164777489,0,0.0001962441893,9.075935668e-05,0.0001371854451,1.329578754e-05,0.005501185544,0.3599539995,0.003790470771,0.001001911354,8.464299026e-05,0,2.963401357e-06,0.1439145207,0.9364933968,0.2211054713,0.00217567943,0.0001664427546,0.0002563699381,0.0001234768861,0.6433465481,0.0307554435,0.01734660007,0.003764086636,0.3650705516,0.009793184698,0.006292577833,0.01848055236,0.0001967226563,6.922583998e-05,2.446507642e-05,0.0006313860649,5.576734111e-05
70,0.00301010441,0.002274236642,0.01108175702,0.005710276309,0.03497327119,0.226841405,0.04849227145,0.04896143824,1.042104032e-05,0,8.794094174e-05,0.0004820761387,0.0008421515231,0.005355461501,0.004761904944,0.0007791353273,0.005106314085,0.002380952472,0.004625951406,0.007220962085,0.002380952472,0.001456753002,0,0.0007450058474,0,0,0.003109520534,0,0.004655749537,0,0.000778186426,0,0.002380952472,0,0.002380952239,0.003478057217,0,0,0,0,0,0,0,0,0.002380952472,0,0,0,0,0,0,1.489708575e-05,0,0,0,0,0,0,0,0,0,0,0.0005991347134,1.599718189e-06,0,0,0,0,0,0,0,0.0002031742915,0.003473595949,0.0001948149438,0,0.0004373899719,0.000678699289,0.0001536138734,0,4.048374933e-07,0,4.566304597e-06,0,0,0,0,0,0,0.0002668977831,0,0,0,4.282054306e-06,0.1807785779,0.05328887329,0.04522411525,0.02203235961,0.03502029926,0.007919811644,0.0309223067,0.02822704054,0.007810413372,0.02036615647,0.001134661492,0.0003625547397,0.0001555395575,6.010042125e-05,8.573942068e-06,0.02328896336,0,0.0009912266396,0,3.244288382e-05,2.953398689e-05,0.000656043936,5.12727529e-05,0.0006297689979,0.2018568218,0.005579258781,0.0005511521013,0,0,0,0.1012754664,0.8990288377,0.1643281579,0.0001055844914,0.0007111110608,0.001056582318,4.832908598e-05,0.5463392138,0.009680663235,0.006546481512,0.003394026775,0.2719275355,0.02147447318,0.01496258192,0.05292829871,0.0007873819559,0.0001253586524,0.0001954471372,0.0007316698902,4.432515925e-05
71,0.000416160794,0.0001735370315,0.0005039965035,0.0004862146452,0.04357293993,0.1770129204,0.03083940409,0.02209339291,7.755695037e-07,5.922623131e-06,1.507223715e-06,1.492165302e-05,0,0,0.0004218061222,9.679869254e-05,0.006120307837,0.006412512157,0.008140291087,0.003789487528,0.003218116239,0.008215535432,0.005171521567,0.0002147260675,0.001098545967,0.004096396267,0.0003814187949,0.0005565799074,0.001982450252,0.001379013876,0.0008313469007,0.0007414207212,0.002173628425,0,0.0001127742653,0.0002723512007,0.004211714957,0,0,0.0007508045528,0,0.00138823851,0,0,0,0,0,0,0,0,0,0,0,0,0,0,0,0,0,0,0,0,0,9.201169178e-07,0,0,0,0,0,0,0,0,0,0,0,0,0,0,0,1.483932465e-06,0,3.03833076e-06,0,0,0,0,0,0,0,0,0,0,0,0.1966325343,0.03713709861,0.02667391673,0.0133765284,0.02394841798,0.01003767084,0.001008337131,0.005052276421,0.001222800813,0.01649342105,0.0002062706626,0,0,8.679996972e-05,2.005085662e-05,0.001554680755,0,0.0001392624399,0,1.260287718e-05,1.790518945e-05,2.013206085e-06,9.488544492e-06,0.0004767991486,0.05859415233,9.398739348e-05,8.961503227e-06,9.694325627e-07,0,1.986262532e-06,0.05194531009,0.8909831643,0.1035957113,4.333336256e-05,0,4.456161696e-05,1.588354826e-05,0.5442395806,0.01017748285,0.006172541063,0.0003848176275,0.05328737944,0.0005524456501,0.001270198962,0.002531417646,4.1628914e-06,0,2.061166379e-05,0,0
72,0.04155871272,6.684263644e-05,0.001154312049,0.002139972523,0.2128902674,0.05115031078,2.17393208e-05,0.04290850833,7.803986955e-05,0,2.920516181e-06,0,5.976865577e-05,0.0004432426067,1.089708121e-06,6.836395914e-05,0.00289695384,0,0,0,0.001157490071,0,0,0,0,0,0,0,0,0,0,0,0,0,0,0,0.004761904944,0,0,0,0,0,0,0,0,0.0002797798952,0.000170396801,0,0.0002339022612,6.760838733e-05,0.002518917434,0.001191001036,0,0,0,0,0,0,0,0.002380952239,0,0,0.002068266273,0.008835194632,0,0,0,0,1.857227289e-05,0.0002031742915,0,0,0,0.000945085776,0,0,0,0,0,0.0007806578069,1.462257569e-05,0.00624824455,0,9.056467388e-05,0.001498906873,0.0001576131035,0,0,1.792698328e-07,2.088742804e-05,0,0.0003820379789,0.0002142650628,0.2029931694,0.2705137432,0.1958952844,0.09790419787,0.1370500326,0.08696855605,0.1013774797,0.08779605478,0.03947951645,0.04006810114,0.002380952472,0.02142857201,0.009523809887,0.003616924398,0.001650023507,0.1696425527,0.004761904944,0.05102917925,0,0.007511354983,0.01765921339,0.03322079778,0.0002505416924,0.07298281044,0.09279599041,0.005119227804,0,0,0.0007170690224,0.002380952472,0.0005440239911,0.6587002277,0.1583931744,0.0347151272,0.0008205407648,0.0121440161,0.001233599964,0.494892329,0.105557248,0.05120666325,0.1417443603,0.0009858630365,0.0001423055073,0,9.164446965e-06,8.187716594e-05,0.009169640951,0,0.004033358768,0.002336960752
73,0.03147904947,0.008876696229,0.03456767648,0.01151635032,0.08049251884,0.2069856822,0.01318269968,0.05750349537,2.577612759e-05,0,4.170448301e-05,0.0001033369845,1.370305426e-06,1.247628347e-06,2.23345196e-05,7.366584759e-05,0.03095532581,0.01010555122,0.01006466802,0.01041994803,0.007459830027,0.002495074179,0.0009398371913,0,0.0007325063343,0.001222528517,0.0004252575163,0,0,0.0003377269895,0,0,0,0,0.0004856440064,0,0.002380952472,0,0,0,0,0.002380952472,0,2.010572047e-07,3.501726496e-06,0,4.147582786e-06,1.927986523e-05,9.090881576e-06,1.370154132e-05,6.263429532e-05,5.878669253e-05,0.0002116314135,7.540137449e-05,0,0,0,0,6.637510069e-06,3.280473265e-06,0,0.0007835243596,0.0002122032602,0.001595775364,0,0,0,0,4.583437203e-06,0.003473595949,0,0,0,2.974866584e-05,1.826729567e-05,0,0,0,0,0.0004116179771,0,0.0005609802902,0,6.994291084e-07,0,0,0,0,0,0,1.174253975e-05,1.227709799e-05,0.000459787494,0.2777220011,0.0848903656,0.07214187831,0.01432765368,0.01812361181,0.01276190486,0.05450079218,0.005591492634,0.002582244575,0.05101188272,0.002315511927,0.01894296706,0.01064756326,0.005805626512,0.002294262405,0.07882968336,0,0.002970685018,0.002380952472,0.002871240489,0.002204450313,0.01246479619,0.000856360537,0.02663925849,0.4187906086,0.01479781512,0,0,0.0002533668885,0.001492338721,0.07063116133,0.9244062304,0.2834331691,0.007503235247,0.002120349323,0.0020956886,0.002771633677,0.6954824924,0.05990594625,0.03523599356,0.03739327192,0.3652963638,0.05081335455,0.01077228505,0.02856624871,0.001618813374,0.004332967103,0.0003902736353,0.005602185614,0.001465282869
74,0.007241777144,0.006776740309,0.02959965914,0.01846908033,0.0171511434,0.2328047156,0.05156437308,0.06284744292,9.87353269e-06,1.321945183e-05,0.000100868805,0.0008032967453,7.852949784e-05,0.001764227403,0.004751087632,0.001285986858,0.008743707091,0,0,0.004761904944,0,0.003853685455,0.001068039099,0,0,0.0008502281271,0.0007274496602,0,0,0,0,0,0,0,0,0,0,0,0,0,0,0,0,0,0.0004564193659,0,0,0,0,0,0,0,0,0,0,0,1.659630107e-05,0,0,0,2.439463515e-06,0,0,4.616335445e-06,0,0,0,2.575624421e-06,0,0.0001948149438,0,0.000945085776,2.974866584e-05,0,0,1.278003674e-05,0,0,0,0,0,8.249634266e-05,0,0,0,0,0,0,0.003316966351,0,0,0,0.0001004131991,0.09395647049,0.03965163231,0.03064092435,0.02324864082,0.01133537292,0.01317072753,0.01962472685,0.009683408774,0.002123855753,0.02456788346,0,0.0008679956081,0.0007033661823,0,8.195154078e-05,0.02027675882,0.001285009785,0.0002946015156,0,6.657482299e-05,0,0.002038980834,0.0002205947821,0.0004378288577,0.26233989,0.004533620086,0.001597688766,0.0007861232152,0,0.0002115158859,0.1395537853,0.7559580207,0.1643543094,5.347308615e-05,0.0004890030832,0.0003487656359,6.958902668e-05,0.5057726502,0.01158139482,0.01006685942,0.006265994161,0.3128940463,0.04365177825,0.01817017049,0.06967517734,0.002020468004,0,0.0003347863967,0.0003245809057,4.434416405e-05
75,0.01353774872,0.01332396828,0.05410749838,0.03650731966,0.04669858143,0.3434774578,0.1175884083,0.09979247302,4.270286354e-06,8.653031546e-05,5.919420073e-05,0.0003658754576,1.362495914e-05,0.0003546051157,0.003428356489,0.0002612328972,0.01006308198,0.001400444424,0.008886128664,0.006374402903,0.001552951289,0.002380952239,0,0,0,0.001235458534,0,0,0.0005108869518,0,0,0.0003742362896,0.001029599574,0,0.001647776575,0,0,0,0,0,0,0,0,0,0,0,0,0,0,6.544615644e-06,0,0,0,0,0,0,0,0,0,0,0,0,0,1.509440608e-06,0,0,8.256634828e-06,0,0,0,0,0,1.826729567e-05,0,0,0.0002087175526,0,0.0001418026513,0,0.0001893860317,0.0006677400088,1.389354202e-05,0,6.946973826e-06,0,0,0,6.368354207e-06,0.00563664129,0,0,0,9.24375272e-05,0.1698549092,0.03034760989,0.03993415087,0.008328979835,0.005141410977,0.00699342927,0.007824163884,0.003918107133,0.0009787526214,0.0445538722,0.003623184748,0.004086562432,0.001281278906,0.00169594225,0.0001345654018,0.01651845314,0.0009125523502,0.0003677722998,0,0.0001141938046,0.0001317074348,0.00264431024,0.0002811597078,0.01237361971,0.3962967694,0.02222848684,0.003232386196,0.002059624298,0.002380952472,6.068888251e-05,0.2398412228,0.8677834272,0.1874399781,0.0003456526611,0.004617017694,6.133972056e-05,0.0003744543355,0.6248342991,0.02113477886,0.01558745094,0.005247252062,0.5042929053,0.1075666621,0.03133936971,0.134631291,0.003104467178,0.0002956517565,0.001101549948,0.0008940351545,2.92375953e-05
76,0.004014994483,1.896972026e-05,0.0004594843776,0.001149865566,0.2077436,0.06373088062,0,0.02970896848,4.650455594e-05,0,2.967659611e-07,5.377987691e-06,0.0003647384292,0,0,0.0001028375118,0.004232872743,0.003226240631,0.006250510924,0.001005455037,0,0,0,0,0.003782067448,0.00183305773,0,0,0,0,0,0,0,0,0,0.0002642182808,0,0,0,0,0,0,0,0.0001171422919,0,0.0001052046573,0,0,0,0.0001338650764,0.0009383822326,7.853029092e-05,0,0,0,0,0,0.0003312561894,0.0002227312652,0.000103608123,0,0,0.001450713375,0.00219774479,0,0,0,4.398909368e-05,0,0.0004373899719,0,0,0,1.278003674e-05,0.0002087175526,0,0,0,0,0.001066396595,0,0.004011201672,9.519768355e-05,0,0,5.34179344e-05,1.69336829e-07,0,0,0,0,0.0006017946289,0.001453629811,0.2489858568,0.336409837,0.257108748,0.1456064433,0.182759434,0.1016320288,0.1529062539,0.1454302818,0.06725619733,0.05973528698,0,0.02738276124,0.02170657367,0.01024665497,0.00212420919,0.1900843382,0.004761904944,0.04560945183,0.009523809887,0.01071391907,0.006055010948,0.01020975132,0.001537782256,0.06279574335,0.04622854292,0.0008269257378,0,0,0.0001940842048,5.622877143e-05,0.0009477690328,0.6746349335,0.1870280355,0.01566812955,0.0001442250068,0.02110618539,0.001170476782,0.5488182902,0.1467771083,0.06634899229,0.1200766042,0.0009658341878,3.659361391e-05,1.816039344e-06,4.111993348e-06,2.488540076e-06,0.001091019833,5.246948785e-05,0.004070566036,0.001285900478
77,0.0008457247168,4.266393807e-05,0.0003874019894,0.000524977746,0.05842113122,0.02827966586,0,0.01561366022,0,0,3.01414525e-06,8.425498891e-06,0,0,0,3.202886728e-05,0.004150743131,0,0,0.005095788743,0,0.00038040441,0.002380952472,0,0,0,0,0,0,0,0,0.0006396261742,0.002380952472,0,0,0,0,0,0,0,0,0,0,0,0,0,0,0,0,0,0,0,0,0,0,0,0,0,0,0,0,0,8.120665734e-05,3.313100751e-05,0,0,0,0,0,0.000678699289,0,0,0,0,0,0,0,0,0,0.0004833642452,0,0.0004298435233,0,0,0,0,0,0,0,0,0,0,0,0.1543853432,0.06154865772,0.04523809627,0.03982217982,0.04177420586,0.01902749389,0.02547221445,0.04279554263,0.01071118657,0.01204540208,0.0006576586165,0.005463180132,0.003003192134,0,0,0.03141262382,0,0.008195674047,0,0.002985266969,0.0002839545195,0.000508162484,0.0001328393118,0.005819870625,0.03009968624,0,0,0,0,0,0.0008116990793,0.4053534269,0.09284646809,0.004761904944,5.775881073e-05,0.00434631668,0.0002631207171,0.3125800788,0.03162982687,0.007009170949,0.01040832512,0.002952246461,3.739750173e-05,0,6.171693713e-06,0,5.180519292e-05,0,0.0009220011416,0.0005325006205
78,0.0004564634,1.914041059e-05,0.0002230303508,0.0003836437827,0.06636334956,0.02204873227,0.0009572569397,0.01178847905,5.742355825e-06,0,5.461624369e-06,4.346333299e-05,0.0003218437778,0,0,0,0.004374168348,0,0.0009406612953,0.00309557654,0.009350196458,0,0,0,0,0.00109769078,0.0001879110932,0,0,0.0009589508991,0.0005667922087,0,0,0,0,0,0,0,0,0,0,0,0,0,0,0,0,0,0,0,0,0,0,0,0,0,0,0,0,0,0,0,1.071274255e-05,0.0001883171208,0,0,0,0,0,0.0001536138734,0,0,0,0,0.0001418026513,0,0,0,0,0.0005502294516,0,0.002989503322,0,0,0,0,0,0,0,0,0,0,0,0.1649669558,0.1214580461,0.06584617496,0.05435805768,0.07399563491,0.02456847951,0.04119085148,0.04540702328,0.02291342802,0.009304666892,0,0.002380952472,0.0007811592659,0.000843603455,0,0.02655961737,0.002380952472,0.01125641819,0,0.001289725536,0,0.000725625956,0,0.01754434593,0.02633348666,0,0,0,0,0,0.001681198133,0.4992927015,0.1080231145,0.001239784877,9.540147403e-06,0.004662739113,0,0.3896590471,0.02871719562,0.008517700247,0.0212711636,0.002099685604,4.865013398e-05,0,2.119727287e-05,1.06902462e-06,0.0001349015947,0,0.002212139312,9.031702939e-05
79,0.0004567601427,0,0.0004315709812,0.001207641093,0.04517162219,0.05029090866,0.004761904944,0.0201495178,0,0,0,3.103335621e-05,0,0,0,2.726148705e-05,0.008675259538,0.002807723824,0.005929142237,0.007642921526,0.002612327691,0.0006044136826,0,0,0,0.001593214576,0.0004343386681,0,0.003919880837,0.0006782765267,0.0003358722606,0,0,0,0,0,0,0,0,0,0,0,0,0,0,0,0,0,0,0,0,0,0,0,0,0,0,0,0,0,0,0,0,3.123166607e-05,0,1.688525003e-06,0,0,0,0,0,0,0,0,0,0,0,0,0,0,0,0,0,0,0,0,0,0,0,0,0,0,0,0.1549599916,0.02435402758,0.009523809887,0.003850825131,0.02204369381,0.007794354577,0.004761904944,0.008245628327,0,0.0221190732,0,0.0001111174643,0.0003373296349,0.0001132267062,6.374490476e-05,0.006411439739,0,0.0008571984363,0,0,2.950771341e-05,0,1.748751856e-05,0.002380952472,0.06036269665,1.179148421e-05,0,0,0,0,0.01687886193,0.6926005483,0.1059460789,0.002380952472,1.975021178e-06,0.002830839483,0,0.491836518,0.005574319512,0.001003580051,0.0004995208001,0.02923578955,6.331237091e-05,0,0.001170506352,2.436280738e-06,0,0,0.0001302529126,0.0001592242043
80,0.007590492722,0.007702228148,0.0345508419,0.01738934405,0.05418838561,0.3973950148,0.1192582697,0.08065059781,7.423799252e-05,0.0001353254775,0.0009712562896,0.0020027461,0.0002269636752,0.005488072522,0.006575577892,0.001763090375,0.009337778203,0.002380952472,0.002654913114,0.008158642799,0.003495985409,0.007999350317,0.002380952472,0.002988844644,0.006755117793,0.002935294993,0.000678337412,0.001476676436,0.002380952472,0.002013392979,0.001458411571,0.00124594348,0.0003229455324,0,0,0,0.002380952472,0,0,0,0,0,0,8.19953566e-05,0,0,4.568031363e-05,7.081439981e-05,0,0,5.588959175e-05,2.464968384e-05,0,0,0,0,0,0.0004002156202,2.599907702e-07,0,0,4.759106014e-05,0.0001927929407,4.125575288e-05,0,0,0,0,0.0001221644488,4.048374933e-07,1.483932465e-06,0.0007806578069,0.0004116179771,0,0.0001893860317,0.001066396595,0.0004833642452,0.0005502294516,0,0,4.549029654e-06,2.221143404e-05,0,0.0001140217355,0.0001213767755,0,0,0,0.0001110140001,6.133787247e-05,8.132606308e-05,0,1.374750013e-06,0.2369165719,0.08192833513,0.08034560084,0.02531083114,0.02500269003,0.006425385363,0.03065553121,0.01030045189,0.00367112807,0.0305708237,0.002431107219,0.00178073463,0.001918515656,0.0001187612506,5.845894975e-06,0.02362388372,0.0002933446376,0.0008501253324,0.0001283254387,0.0001765764609,6.230425788e-05,0.006871229038,0.0001659129775,0.002499774098,0.3391567767,0.01864583045,0.00346004474,0.0005813450553,8.880161658e-06,6.135152216e-05,0.1960675418,0.9618386626,0.1972748935,0.001980368048,0.007722663227,0.0002387474233,2.722687714e-05,0.6194754839,0.02276200242,0.01350972522,0.005649820436,0.5750231147,0.08201465756,0.01651722379,0.07910630852,0.005328237079,0.001335086767,0.000554043334,0.0002339829807,8.70953736e-05
81,0.0004488426202,4.245753735e-05,0.0002826412092,0.000933050178,0.08788932115,0.06600080431,0.0008917882806,0.01397115178,8.493689734e-07,1.836806064e-06,5.804124612e-06,1.159311978e-05,0,0.0007132189348,0,4.499336137e-05,0.01027517207,0.0006356528611,0.002854555612,0.004648560658,0.006463006604,0.001852411195,0.0006683944957,0.0001924960961,0.002809834667,0.002671752824,0.0003783499706,0,0.000493939966,0.001520015299,0.001364065451,0,0.0004477722687,0,0,0.0003711630416,0.0006002979935,0,0,0,0,0,0,6.113248674e-05,0,0.0005099847331,0,0,0,0,0,0,0.0009043518803,0,0,0,0,0,3.115078925e-06,0,0,0,0.003087364603,9.094868437e-05,0,0,0,0,4.969700967e-06,0,0,1.462257569e-05,0,0,0.0006677400088,0,0,0,0,4.549029654e-06,0,9.832290743e-06,0,0,0,0.0001193128628,0,0,0,0,0,0,3.724852149e-06,0.2364786267,0.1354635209,0.1134582907,0.06511449069,0.08988369256,0.01760947146,0.03297160938,0.03868189082,0.02207322232,0.01834218018,0,0.000116919,0.000508575351,0.0001132454199,4.456017268e-05,0.02128748223,0.005266957451,0.004229359329,0,0.0003036952985,0.0001746415801,0.0001249594934,1.027906819e-05,0.008876706474,0.02641024999,2.693682654e-05,3.402950597e-06,0,0,3.070829052e-06,0.0009934639093,0.8849804401,0.1096083,0.002370257629,2.458481868e-05,0.001444415422,0.0002690281544,0.5413732529,0.03817665577,0.01311361231,0.01024328824,0.00359120802,7.318633288e-05,8.82382119e-06,5.907230661e-05,2.263962187e-06,2.473037966e-05,2.079206752e-06,0.0004025257949,6.408368063e-05
82,0.0154211754,0.03521744534,0.06985711306,0.06747957319,0.04870771244,0.5111367702,0.4526223242,0.1129467711,5.400559166e-05,0.0009270095034,0.001482326305,0.005799053237,0.0002426652354,0.008903633803,0.03041320667,0.003001599805,0.0133992983,0.003704595147,0.007601998746,0.005228671711,0.006804246455,0.007675300818,0.004622324836,0.004761904944,0.003487420036,0.008398108184,0.0008102864958,0.002728928579,0.001166823669,0.001378388144,0.0006350111216,0.004264144693,0,0,0,0,0.005378730595,0,0,0.002380952472,0,0,0,2.125243009e-05,4.341678505e-05,2.785683319e-05,0,1.660436828e-05,9.940245036e-06,3.221817678e-06,1.469895892e-06,2.692093585e-05,0,0,0,0,0,2.255634354e-05,2.603265602e-05,0,0,0.0001767877693,9.956078429e-06,2.519440568e-05,0,0,0,0,3.395362e-05,4.566304597e-06,3.03833076e-06,0.00624824455,0.0005609802902,8.249634266e-05,1.389354202e-05,0.004011201672,0.0004298435233,0.002989503322,0,2.221143404e-05,9.832290743e-06,0,0.000103681843,0.0001142799156,0.0001153017947,4.627332237e-05,0.0002864398994,0.0001690516801,0.002585452516,0.0003494138073,0,1.634689738e-06,9.476829291e-06,0.1920048892,0.0230021663,0.04089445993,0.003214553464,0.004390835296,0.002751463093,0.01490556076,0.001632780884,0.0006287011784,0.04387386516,0.005413480103,0.006515324581,0.006005987525,0.001700731576,0.0004065220128,0.0184289813,0.002135769231,0.0005318188923,0.0007707171608,0.0001814332791,0.0001619944669,0.01914507337,0.002018380677,0.009657124057,0.4272360206,0.07976944,0.03093762882,0.003421508474,0.000116514726,0.000368120207,0.5462881327,0.9517508149,0.2252465487,0.001481340965,0.01919992454,0.0001604571007,0.0002855960629,0.6636000872,0.03252549097,0.0252327323,0.006221357733,0.8039765358,0.2736589611,0.09822734445,0.3817844689,0.0214551799,0.004612672608,0.002514638938,0.000424373924,0.0001457920298
83,0.01239911839,0.004115197808,0.03410581127,0.01428665966,0.02997667715,0.1312365979,0.02061090618,0.06651253253,1.846797386e-05,0,4.684692976e-05,0.0003513672564,0,0.000235044834,0.002884872025,8.794465975e-05,0.004761904944,0,0,0.001673148945,0,0,0,0,0.002380952472,0,0,0,0,0,0,0,0,0,0,0,0,0,0,0,0,0,0,0,0,0,0,0,0,0,0,0,0,0,0,0,0,0,2.512628816e-05,0,0,0,2.281565912e-06,0,0,0,0,0,0,0,0,0,0,0,0,9.519768355e-05,0,0,0,0,0,0.000103681843,0,0,0,0,0,0,0,0,0,0,0,0.05444619432,0.00752674602,0.020984862,0.008603861555,0.00639034342,0.006887882482,0.006693714298,0.006776004098,0.004509272519,0.01987535693,0.001677362015,0,0,0.001542663784,0,0.007756148465,0,0.0004536772612,0.001754150377,0,0,0,0,0.002380952472,0.2229452878,0.0001532715396,0.0008441704558,0,0,0,0.06047367305,0.5066822767,0.1006220281,0.0002103915031,0,0.0002293887519,0,0.4094859362,0.00702806795,0.006038988009,0.003465361195,0.1465769112,0.02452305518,0.006254622713,0.02911672927,0.0003151878191,0.0004610116011,0,0.0004216005909,0
84,0.01420124527,0.007199198008,0.04100895673,0.02103232034,0.04770017043,0.2757217288,0.03577503562,0.0711799264,0,1.621732554e-05,6.600227789e-05,0.0002508889302,1.890139356e-05,0.0001806889341,0.00152957323,0.0003557385353,0.001195224002,0.002380952472,0.005672129337,0.00485170586,0.002380952472,0,0,0,0,0,0,0,0,0.002380952239,0,0,0,0,0,0,0,0,0,0,0,0,0,0,0,0,0,0,0,0,5.205698471e-06,0,0,0,0,0,0,0,0,0,0,0,1.372425868e-05,4.476592949e-05,0,0,0,0,0,0,0,9.056467388e-05,6.994291084e-07,0,6.946973826e-06,0,0,0,0,0.0001140217355,0,0.0001142799156,0,0,0,0,0,0,0,0,0,6.764967111e-05,0.0007055122987,0.1630779356,0.03249976039,0.05254524574,0.002408631844,0.005263439845,0.004917773884,0.01452392153,0.002904644236,0.000797363813,0.03437561169,0.001119568362,0.003416731954,0,0.0001200425468,0,0.01597550884,0,0.0009188874392,0,0.0003716036736,0.0002401099191,0.001988994889,4.445195009e-05,0.008758994751,0.3929185867,0.009237193502,0.0006249360158,0,0,0,0.1508192718,0.8697757721,0.1877220273,0.0009079900919,0.001364770113,0.0001702616282,0.0002353381133,0.6159650683,0.02392234467,0.007177494001,0.01041999552,0.4084788561,0.04856553674,0.01876671985,0.05856939405,0.002145845443,0.0003447952913,0.0004278147244,0.0008893526974,0.0003247151908
85,0.0140925413,0.006127377506,0.0536567308,0.02885668911,0.04765572026,0.2855349183,0.05296394601,0.07579938322,0,0,5.790105934e-05,0.000480544375,0,0.0001336439746,0,0.0002168035135,0.003235347802,0,0.002380952472,0.002380952239,0.002380952472,0,0,0,0,0,0,0,0,0,0,0,0,0,0,0,0,0,0,0,0,0,0,0,0,0,0,0,0,0,6.590077646e-06,0,0,0,0,0,0,0,0,0,0,0,0,2.024592322e-05,0,0,0,0,0,0,0,0.001498906873,0,0,0,0,0,0,0,0.0001213767755,0,0.0001153017947,0,0,0,0,0,0,0,0,0,0,3.337336602e-05,0.1409745514,0.02500187233,0.02937782556,0.005169519689,0.004929900169,0.00453569321,0.001552233472,0.001883314922,0.0006220723153,0.02978241444,0.002782310825,0.002380952472,0.0009732938488,0.0002651868563,2.32362745e-05,0.02415185049,0,0.000411225803,0,8.008175064e-05,0.0001080331931,0.002380952239,0,0.004550077487,0.3918801844,0.01908869669,0.004205795471,0.002700272948,0,0,0.1019541919,0.8999074697,0.2011086792,0.00162325846,0.001783593791,0.0003249304136,0.0001418228785,0.6286924481,0.0224179104,0.02126149833,0.007856977172,0.3911511302,0.08256657422,0.01004444994,0.07361311466,0.009602122009,0,0,0.0002993357193,5.499449253e-05
86,0.01001625974,0.008378997445,0.04577001929,0.02054575644,0.04352180287,0.2764869928,0.0482234247,0.08309144527,2.846446296e-05,0,0.0001131065219,0.0008351123543,5.630657688e-05,0.0006499703159,0.003874120302,0.000691498979,0.00617378531,0,0,0.001991339028,0.004761904944,0,0,0,0.002380952472,0.0005859931116,0,0,0,0,0,0,0,0,0,0.001077669673,0,0,0,0,0,0,0,5.352263179e-05,0,0,0,0,5.144979878e-05,0,0,0,0,0,0,0,0,0,0,0,0,0,0,0,0,0,0,0,0,0,0,0.0001576131035,0,0,0,5.34179344e-05,0,0,0,0,0.0001193128628,4.627332237e-05,0,0,0,0,0,0,0.0009298330406,0,0,0,0,0.1424013078,0.02645055018,0.0238882713,0.00932617113,0.01105089672,0.003243501298,0.01852853224,0.002894679317,0.001968710218,0.03414307907,0.0004245642631,0.001811072114,0,0.0003594454029,0,0.02060906403,0,0.0009309772868,0,1.685411917e-05,1.847231761e-05,0.003677375149,0,0.005280185957,0.3525385261,0.0162736997,0.0001509779104,0.0008453201153,0,0.00150252576,0.1850438714,0.885658145,0.1782586724,0.0004037967301,0.001655020751,0.0002084662265,9.330305329e-05,0.5916391015,0.01751710847,0.01143263746,0.004375242628,0.3782201409,0.07563921809,0.01925217919,0.08580611646,0.002993305679,0.001920464332,0,0.0004948718706,0.0002362116502
87,0.004828887992,0.0001008532345,0.007644234225,0.003940385301,0.038209714,0.06526256353,0.0009408071055,0.04159026593,0,0,7.140551475e-07,0,0,0,0,0.0001202262865,0.003615792375,0.001665977412,0.002380952472,0,0,0,0,0,0,0.001068425132,0,0,0,0,0,0,0,0,0,0,0,0,0,0,0,0,0,0,0,0,0,0,0,0,0.0001707312331,0,0,0,0,0,0,0,0,0,0,0,9.248137212e-05,0.0002969262714,0,0,0,0,0,0,0,0,0,0,0,1.69336829e-07,0,0,0,0,0,0.0002864398994,0,0,0,0,0,0,0,0,0,0.00141417433,0.0003239162033,0.07946828753,0.03876646236,0.03189844638,0.01418812107,0.03438714147,0.003618171904,0.0206543617,0.01195295155,0.009635476395,0.0164738968,0,0.003328655846,0,0.002380952472,0,0.02020202577,0,0.002024130663,0,0.003594373586,0.001142324531,0.005727018695,0.002380952472,0.005323550664,0.1410429627,0.001106454758,0.0004831736733,0,0,0,0.0008854116895,0.384650588,0.06233666465,0,5.969514677e-05,0.0001985668641,0.000398290751,0.3132690787,0.02183324844,0.0142857153,0.01784592122,0.02103978954,0.001020223484,4.935957622e-05,5.17949411e-05,0,0.000794444466,0.000228725723,0,0
88,0.001139848377,0,0.0005764237721,0.002928297035,0.03699116036,0.01904761977,0,0.0150885256,0,0,1.2007946e-06,0,7.939559873e-05,0,0,0,0.00133519771,0.0009013303206,0.00374823343,0.002673387527,0,0,0,0,0.002380952472,0.0007202869165,0,0,0,0,0,0,0,0,0,0,0,0,0,0,0,0,0,0,0,0,0,0,0.0005674604909,0,0,0,0,0,0,0,0,0,0,0,0,0,0.0001846415689,0.0002658302255,0,0,0,0,0,0,0,0,0,0,6.368354207e-06,0,0,0,0,0,0,0.0001690516801,0,0,0,0,0,0,0,0,0,0,0,0.06488223374,0.05142375082,0.04135048389,0.02346501686,0.03783797845,0.01950620301,0.01370144822,0.02034485526,0.01090473123,0.01260501146,0,0.001291061519,0.0003179972118,0,0.0003989655233,0.01650122367,0,0.003965352196,0,0.001240279642,0.0003787842579,3.273071343e-05,0,0.001301263925,0.02975818142,0,0,0,0,0,0.001452439465,0.3453629613,0.07005373389,0.0005917560775,5.050570053e-06,0.00069641968,0.0003808494366,0.2739278972,0.01108795125,0.0128522506,0.01493740268,0.0039892653,2.091127317e-05,0,0,0,0,0,0,8.976212121e-05
89,0.007102307864,2.105883141e-05,0.0005486335722,0.0006972638075,0.349331975,0.1171200499,1.37953939e-05,0.03332066536,0.0002907422895,0,1.880480704e-05,6.833514635e-05,0.00311230612,0.001803865656,4.098038175e-07,0.0005370815634,0.003442255314,0.004761904944,0,0.002452156972,0.001456101192,0.0007374234265,0,0.002380952472,0.0009495192207,0,0,0,0,0,0,0,0,0,0,0.001195207471,0,0,0,0,0,0,0,9.089070227e-05,9.859798593e-05,0.0007047787658,0.0005790237337,0.0001365650969,0.0003162606736,0.004521726631,0.005829145666,0.007873139344,0.000724243233,0,0,0,0,0.008724721149,0.0007969311555,0,0.004761904944,0.001210396993,0.02413908951,0.00810464099,0,0.001097377506,0,0.001904853736,0.000114788083,0.0002668977831,0,1.792698328e-07,0,0.003316966351,0.00563664129,0,0,0,0,0.0001110140001,0,0.002585452516,0,0,0,0.0009298330406,0,0,0,0,0,0.0001395032887,0.0002969180932,0.3381630182,0.4762294888,0.4303644001,0.2584188581,0.3150367737,0.1250104457,0.2676949501,0.2794810236,0.1684828252,0.07608296722,0.01789744198,0.04958141595,0.06029620767,0.004967500456,0.001135245897,0.3812801242,0.02881021425,0.1407627314,0.009523809887,0.01644578762,0.01854014769,0.03693730012,0.003192666685,0.1033937782,0.04209942371,0.002007936127,2.741363096e-05,0,0.0002405354026,0.0009201244684,0.0005169498618,0.8747276068,0.3076314628,0.04169632867,0.0001878089097,0.02865205333,0.001401585061,0.7081283331,0.23290205,0.1806749701,0.2536606491,0.0007734035025,7.87033423e-05,4.392375104e-07,8.282880117e-06,2.915003961e-06,0.00511758076,0.0001706391486,0.002873005578,0.001746558817
90,0.0007312756497,4.187808736e-05,0.0003074530105,0.0009023353923,0.1333122551,0.1292432398,0.001300026779,0.0139450971,1.275951035e-06,0,1.959557039e-06,3.319900998e-06,0.0002181635209,0,0,1.534467447e-05,0.005577624775,0.002829981735,0.006415356416,0.005443649366,0.002764307428,0.001588588464,0.000696686795,0,0.0007955404581,0.003900987562,0.0002318430197,0.0009561979678,0.0001683307637,0.001168665127,0.0004513396998,0,0,0,0.001797118457,6.508551451e-05,0.0005386677221,0,0,0,0,0,0,0,0,0,0.001329779858,0,0.0003626405378,7.697398541e-05,4.375281424e-05,7.524600733e-06,0,0,0,0,0,0,1.261249326e-05,0,0,0,0.0001408149255,6.268212019e-05,2.360842927e-06,0,0,0,0,0,0,2.088742804e-05,0,0,0,0,0,0,0,6.133787247e-05,0,0.0003494138073,0,0,0,0,0,0,0,0,3.393035968e-07,1.562144644e-05,7.559545338e-05,0.2695910931,0.2618148923,0.2213309556,0.1607218534,0.1602577567,0.04533186555,0.05788970366,0.07423307747,0.04780004919,0.02421175502,0.002958150813,0.0027276373,0.001966495765,0.001091078855,0.000127355117,0.04123929143,0.001732002245,0.01105634402,0,0.0007341187447,0.0006310533499,0.0003412493097,3.15003017e-05,0.01724502444,0.02822537534,8.931625052e-05,7.986967034e-07,0,0,1.927425728e-05,0.001336448127,0.9088355899,0.1311201602,0.002249452053,2.256929292e-05,0.006850748789,0.0004698137345,0.5711838603,0.050994955,0.01770398766,0.01561080292,0.001715808292,2.954107185e-05,6.868865057e-06,1.420068111e-05,6.794446108e-07,5.581943333e-05,1.718637577e-06,0.0008049197495,0.000407972926
91,0.0003329287574,0.0002794546017,0.0007971090381,0.001053663436,0.05586230755,0.05714202672,0.01077146456,0.02020200156,0,0,2.313517371e-06,1.650407057e-06,0,0,0,1.072589293e-05,0.004363769665,0.003371870611,0.004309396259,0.004735702649,0.0002655241406,0.0007271725917,0,0,0.0002125861356,0.001052136533,0,0.0004307380586,0.001742387307,0.001209215377,0.0005792712327,0,0,0,0,0.0004581955727,0,0,0,0,0,0,0,0,0,0,0,0,0,0,0,0,0,0,0,0,0,3.5057481e-05,0,0,0,0,0,0,0,0,0,0,0,0,0,0,1.174253975e-05,0,0,0,0,0,0,8.132606308e-05,0,0,0,0,0,0,0,0,0,3.393035968e-07,0,0.0004906009999,0.0004733390233,0.1840828359,0.0188253168,0.01391103212,0.01158824284,0.03365314752,0.00291412673,0.00756583875,0.01605986245,0.007322824094,0.0158773046,0.001239231089,0.0002012424084,0,4.584345515e-05,0.0001879211341,0.002369158668,0,0.000555354869,0.002380952472,0,0,2.064631371e-05,5.458671512e-05,0.0005039048265,0.04653366655,0,0,2.513057325e-06,0,4.272797923e-06,0.01547271572,0.749905467,0.1085151359,0.000250718731,4.567781161e-06,0.003226962639,0.0001471810829,0.4974359572,0.007528420538,0.001011630637,0.0007113015163,0.01435438264,0.0001468536502,0,0.0003594349255,0,2.730442793e-05,0,0.001121314242,0
92,0.01279561128,0.02023502998,0.06227479875,0.05489795655,0.04610834643,0.41492787,0.09580225497,0.1093450785,7.322444435e-05,0,0.0003155898594,0.002989951987,5.841132952e-05,0.003930444364,0.002159484895,0.001278561424,0.01029787585,0.001372407773,0,0.002772700973,0,0.001569487387,0,0,0.002380952472,0.002380952472,0,0,0,0,0,0,0,0,0,0,0,0,0,0.002380952472,0,0,0,0,0,0,1.920115756e-05,0,6.967691775e-07,0,0,0,0,0,0,0,0,0.0004471314314,0,0,0,0,0,0.0002213978441,0,0,0,0,7.876275049e-05,0,0,0.0003820379789,1.227709799e-05,0,0,0.0006017946289,0,0,0,0,0,1.634689738e-06,0,6.764967111e-05,0,0,0.00141417433,0,0.0001395032887,1.562144644e-05,0.0004906009999,0,1.114057341e-06,0.2077035755,0.004481982905,0.004396314267,0.0005659841117,0.0006243076641,0.0001744024339,0.003394078696,0.000212009385,5.129819692e-05,0.05345499143,0.005163022783,0.0022228444,0.008597159758,0.001799529535,0.001053361455,0.00814757403,0.0008408353315,0.0005949019105,0.0006886335905,0.0004424890503,0.0004420705955,0.01046443824,0,0.01080807764,0.4167133272,0.03429988027,0.003412035294,0.0005858818768,0.0001847495296,0.0003800763516,0.2054288834,0.9479153752,0.2263042033,0.0005481677363,0.003844647901,5.904623322e-05,0.000229317724,0.6569162607,0.02432916127,0.02687329054,0.007877009921,0.5520510674,0.1198037937,0.01370558701,0.08325002342,0.006978057325,0.00037224486,0.0006935861311,0.0001604835852,0.0001614996581
93,0.01403469965,0.0200451538,0.06287711114,0.06186795607,0.05179424956,0.4994249344,0.2021758258,0.1033761948,6.164217484e-05,0.000568358344,0.001693777274,0.009029667825,0.0002422561665,0.01386926789,0.006381539162,0.004205897916,0.00479566399,0.003693594597,0.003262628103,0.004356327001,0.008971189149,0.002391489455,0.003099639667,0.002380952472,0,0.006064330228,0.0009981699986,0.001751499716,0,0.001852081739,0.001621971838,0,0,0,0,0,0,0,0,0,0.004761904944,0,0,4.613403689e-06,3.377442408e-05,0.0004487473925,4.355054261e-05,0.0008687641239,2.424325612e-05,2.263505303e-05,0.0001552937028,5.04542877e-05,0.001043262077,0,0,0,0,0,0.0001442206412,0,0,0.00020271416,0.0002742069482,0.000275774888,0,0,1.840997902e-05,0,7.162538532e-05,4.282054306e-06,0,0.0002142650628,0.000459787494,0.0001004131991,9.24375272e-05,0.001453629811,0,0,0,1.374750013e-06,3.724852149e-06,9.476829291e-06,0,0.0007055122987,3.337336602e-05,0,0.0003239162033,0,0.0002969180932,7.559545338e-05,0.0004733390233,1.114057341e-06,0,0.1961786598,0.04113594815,0.0665691793,0.006018124521,0.01003265195,0.004427505191,0.02430690639,0.002684229985,0.001343653188,0.04139766097,0.003595010843,0.003188871313,0.008555031382,0.0007100250223,0.0005486431182,0.02057489008,0.002664600965,0.0005609682994,0.000517931825,0.0001420219487,0.0004223098513,0.01183888689,0.000427488354,0.009437675588,0.4042403996,0.04984925687,0.008090588264,0.001612553955,0.0001044693054,0,0.3128854334,0.9536934495,0.2232686579,0.000520505826,0.009034783579,0.0002254509891,0.0001834945433,0.6578772664,0.03114330396,0.02972596511,0.006423860323,0.7002434134,0.1438364387,0.03014520183,0.1429460645,0.008263384923,0.004824311938,0.0002054779034,0.0003980819019,9.940808377e-05
94,0.2983568013,0.2755177319,0.3519216776,0.3967605233,0.4643660188,0.8340989947,0.6000753641,0.3721358776,0.2242266983,0.2485079616,0.3009960949,0.4593695402,0.2173334509,0.2976642251,0.2079884261,0.4056032002,0.3121922612,0.2167834342,0.2640715241,0.2786091268,0.2394458503,0.2164787054,0.1770069748,0.1230077446,0.2011892051,0.1951707304,0.2857201695,0.1920882761,0.2591409385,0.2648952305,0.2333506346,0.196254015,0.1674120426,0.1025040075,0.1708395928,0.1498940289,0.1313788891,0.02599288896,0.04129049182,0.04393156245,0.04028201476,0.03162872046,0.002380952472,0.2340635955,0.2453858852,0.1690598875,0.2076896131,0.2249476761,0.2143734246,0.2148231566,0.2121276259,0.172974959,0.03108507209,0.03342104703,0.04052887112,0.02635362372,0.1427257955,0.1440259665,0.2229335457,0.1296049505,0.05188358575,0.1444392353,0.1893964857,0.20227772,0.1001034454,0.1530164033,0.1007122919,0.08908689022,0.1593345851,0.1807785779,0.1966325343,0.2029931694,0.2777220011,0.09395647049,0.1698549092,0.2489858568,0.1543853432,0.1649669558,0.1549599916,0.2369165719,0.2364786267,0.1920048892,0.05444619432,0.1630779356,0.1409745514,0.1424013078,0.07946828753,0.06488223374,0.3381630182,0.2695910931,0.1840828359,0.2077035755,0.1961786598,0,0.05497771502,0.0594724603,0.1130263805,0.1534835845,0.1688615233,0.06593350321,0.1378577501,0.2119332552,0.2622864842,0.1767222136,0.1932496578,0.171543479,0.09642577171,0.1374801099,0.06152688339,0.1276282817,0.169909209,0.07514155656,0.1804246008,0.1077358946,0.2214069217,0.1384712756,0.2355189621,0.7202236652,0.3343863487,0.2028366029,0.2738921642,0.1814693511,0.2608518302,0.6344490647,0.946941793,0.4524090588,0.1433472037,0.2171865404,0.2384419292,0.2518386543,0.8672229648,0.3236456513,0.2834117711,0.1257520467,0.910246551,0.5424602628,0.3036606908,0.5627169013,0.282007575,0.1319566965,0.1491758525,0.2098580748,0.238695249
95,0.08060023189,0.3604846597,0.1850438863,0.3447347879,0.1422189921,0.6476126909,0.7900292277,0.2110755593,0.04371299967,0.2399135977,0.1836583316,0.4034647346,0.0149858864,0.2914247513,0.3256107271,0.2975252569,0.07305601984,0.0335817039,0.05750426278,0.06798647344,0.05767233297,0.05397148803,0.02663826756,0.02379856631,0.05087319389,0.04459347576,0.0325708054,0.002380952472,0.01927876286,0.02470371686,0.01593760401,0.02648218721,0.01061861683,0.007142857648,0.01181940362,0.02440829203,0.01470919978,0.004761904944,0.002380952472,0.01084907353,0.007142857648,0.007142857648,0.002380952472,0.008773206733,0.006897361018,0.007775073871,0.002849961631,0.001164663001,0.002370024566,0.001588591025,0.002281493042,0.03707440943,0.01486991066,0.00249403622,0.004761904944,0.002380952472,0.003022049554,0.07663950324,0.06478248537,0.01284218207,0,0.03834251687,0.02184342965,0.1180915534,0.01901592873,0.01695347391,0.02320319414,0.04009016603,0.03575157747,0.05328887329,0.03713709861,0.2705137432,0.0848903656,0.03965163231,0.03034760989,0.336409837,0.06154865772,0.1214580461,0.02435402758,0.08192833513,0.1354635209,0.0230021663,0.00752674602,0.03249976039,0.02500187233,0.02645055018,0.03876646236,0.05142375082,0.4762294888,0.2618148923,0.0188253168,0.004481982905,0.04113594815,0.05497771502,0,0.0007723791641,0.0005258161691,0.000606834772,0.003230484435,0.0055457321,0.002147149527,0.004394844174,0.309243381,0.1769031584,0.2253191024,0.1405137181,0.07110544294,0.1249657795,0.00265546795,0.1309647858,0.02871384472,0.03240060434,0.119190678,0.1001418233,0.1860633194,0.09803421795,0.2295351923,0.661490202,0.4064079523,0.2168242186,0.2941482365,0.08658004552,0.1075793058,0.8059110045,0.873462379,0.2846210897,0.09107007831,0.2052027881,0.03311411291,0.08915826678,0.7516613007,0.124666594,0.1671574563,0.06940233707,0.8563834429,0.645442605,0.6525124311,0.7544899583,0.459793061,0.1129922718,0.1091629863,0.00893226359,0.08106186241
96,0.1908949912,0.5214736462,0.3683675528,0.5205828547,0.1001274511,0.8419879079,0.7734836936,0.3588338792,0.03779711574,0.1568870544,0.3045168221,0.5167294145,0.01181668974,0.2774468064,0.2813292146,0.4021731913,0.1996736526,0.04870952666,0.07555959374,0.1175504625,0.07995798439,0.05170928314,0.03739155456,0.0142857153,0.0691293925,0.06949073821,0.01510950178,0.007770698518,0.02752794139,0.02773794159,0.02602181025,0.0182256382,0.01190476213,0,0.007142857648,0.009523809887,0.007142857648,0,0.004761904944,0.01190476213,0.01190476213,0.004761904944,0.002380952472,0.01035580318,0.004495999776,0.006688046735,0.002068454167,0.002208216814,0.001741044456,0.004108320456,0.002666137647,0.06685184687,0.007142857648,0,0.004761904944,0.006022571586,0.008330531418,0.05108241364,0.06073006988,0.01693083718,0.009523809887,0.03616180271,0.04593722522,0.1830855459,0.007142857648,0.01360089052,0.0263359379,0.01316625252,0.06737128645,0.04522411525,0.02667391673,0.1958952844,0.07214187831,0.03064092435,0.03993415087,0.257108748,0.04523809627,0.06584617496,0.009523809887,0.08034560084,0.1134582907,0.04089445993,0.020984862,0.05254524574,0.02937782556,0.0238882713,0.03189844638,0.04135048389,0.4303644001,0.2213309556,0.01391103212,0.004396314267,0.0665691793,0.0594724603,0.0007723791641,0,0.01112365071,0.001037970651,0.0001810449321,0.01716838032,0.006366534159,0.0009795543738,0.2710707784,0.1390395761,0.26262483,0.1731523722,0.1070185229,0.1635348052,0.01246755291,0.1418535709,0.03793371096,0.03553022072,0.1360746324,0.1534961909,0.2689525485,0.1297099143,0.3175466061,0.7768645287,0.4551344216,0.1992429048,0.1018240824,0.05234993249,0.09435141832,0.8429265022,0.8846685886,0.3838387132,0.13898848,0.2998381555,0.01993328147,0.06716133654,0.8303565383,0.2199046612,0.2635178864,0.1151844785,0.9188170433,0.7520982623,0.4851195514,0.7982892394,0.3697208762,0.1229775622,0.1126886234,0.002353526419,0.03536695987
97,0.01880837977,0.176548481,0.06361032277,0.1436071247,0.1667741686,0.3907205164,0.5700705051,0.1453814358,0.008113976568,0.09362838417,0.03703305498,0.1579263657,0.004144414794,0.09576588869,0.1510708034,0.08099841326,0.02216931991,0.01615558378,0.02099964209,0.01137259323,0.01808892936,0.01075019781,0.002740224591,0.01117378473,0.01409260556,0.01563358866,0.008686179295,0,0.0134887062,0.01755858772,0.01190476213,0.008294465952,0.007142857648,0.002380952472,0.007142857648,0.00658922689,0.006324165035,0,0,0.002380952472,0.002380952472,0,0,0.001060223207,0.001423255075,0.0008115390083,0.001241074991,0.0004126486892,0.0006243655807,0.0006511957617,0.0005275062867,0.01046707109,0,0,0.001106344978,0,0.0059031602,0.01924236491,0.04082798958,0.005046568811,0.004761904944,0.01626695879,0.003816079348,0.03678067774,0.002380952472,0.004761904944,0.002543085022,0.01522519719,0.003490285948,0.02203235961,0.0133765284,0.09790419787,0.01432765368,0.02324864082,0.008328979835,0.1456064433,0.03982217982,0.05435805768,0.003850825131,0.02531083114,0.06511449069,0.003214553464,0.008603861555,0.002408631844,0.005169519689,0.00932617113,0.01418812107,0.02346501686,0.2584188581,0.1607218534,0.01158824284,0.0005659841117,0.006018124521,0.1130263805,0.0005258161691,0.01112365071,0,0.0003369657788,0.005316949449,0.0009732760373,0.0002114658419,0.002229186008,0.2843438983,0.1455251426,0.1495648772,0.09694018215,0.04442390054,0.04963343218,0.002076352248,0.08207482845,0.0179482419,0.02221593075,0.06268681586,0.05329141766,0.1306156814,0.06337244064,0.146740213,0.5015890598,0.2919545472,0.1614480466,0.1713770479,0.04879223555,0.0516218394,0.6621720195,0.9152929783,0.2178825438,0.06995162368,0.1497218311,0.0139327459,0.04200743884,0.6737439632,0.06709459424,0.09054608643,0.05665640905,0.7581961155,0.5182124972,0.4886115789,0.6020076871,0.34665066,0.07356984913,0.05648792535,0.002951009665,0.03373780474
98,0.02957471088,0.2409110814,0.09579747915,0.2007515281,0.1242747158,0.4713327587,0.6353242397,0.1593761891,0.009507902898,0.1029212624,0.0468281731,0.2246049345,0.002875519218,0.1192759052,0.1783166528,0.1029595286,0.02965117432,0.0217071306,0.01377690211,0.02979839966,0.02438305132,0.03107595071,0.007502171211,0.008171032183,0.03106616624,0.01394041814,0.01628878713,0.001668721205,0.009523809887,0.02675176412,0.01366436668,0.003376673441,0.007142857648,0.007142857648,0.004761904944,0.007746010087,0.006502279546,0,0,0.01261940505,0,0,0.003214610275,0.00215001381,0.001266119885,0.001042283373,0.0006006158656,0.0004786409554,0.0003248177236,0.0007231102209,0.0003179393243,0.008455965668,0,0.002380952472,0.002380952472,0,0.003898577532,0.02834260836,0.03458230942,0.001228058012,0.004761904944,0.01252557337,0.005001084413,0.04697740823,0.008889835328,0.0008234500419,0.007436760701,0.01279763505,0.005667087622,0.03502029926,0.02394841798,0.1370500326,0.01812361181,0.01133537292,0.005141410977,0.182759434,0.04177420586,0.07399563491,0.02204369381,0.02500269003,0.08988369256,0.004390835296,0.00639034342,0.005263439845,0.004929900169,0.01105089672,0.03438714147,0.03783797845,0.3150367737,0.1602577567,0.03365314752,0.0006243076641,0.01003265195,0.1534835845,0.000606834772,0.001037970651,0.0003369657788,0,0.0006659036735,0.03139993176,0.0004199950199,0.0002030373871,0.2942793071,0.1456898004,0.2001608312,0.1371852756,0.09295345098,0.05952143669,0.01749261096,0.08902139217,0.03998318315,0.0356278643,0.08382060379,0.09224198759,0.1775284857,0.06969451159,0.1682187468,0.5581863523,0.3633816838,0.2038366497,0.2116003186,0.03249785304,0.07352463156,0.7248247266,0.9265781641,0.2597604096,0.106441319,0.2234908789,0.01881661639,0.02745098807,0.7081075311,0.08695906401,0.1327630728,0.1040495858,0.7950288653,0.5733101964,0.5061944127,0.6604828238,0.3983624279,0.1198456436,0.1084790155,0.002623063046,0.03236948326
99,0.06651846319,0.1773213297,0.1808766425,0.2551400661,0.08876887709,0.7181847692,0.3892583847,0.2049791515,0.004043761175,0.06216577068,0.04403844103,0.1900189221,0.001075697946,0.1089331508,0.140413478,0.1013979018,0.0710073337,0.01504176669,0.0226776395,0.03915500641,0.03094177879,0.0150709739,0.008371209726,0.002380952472,0.01383261755,0.03413239866,0.008695277385,0.004761904944,0.01333283447,0.008256275207,0.0110799633,0.003660664894,0.002380952472,0,0,0.005672436208,0,0.002380952472,0,0.005925175734,0,0.004761904944,0,0.002033572411,0.0006776993978,0.001611954649,0.0002359154896,0.0001589338208,0.0001538664364,0.0001324062614,0.0002059145481,0.007329146378,0.001559517812,0,0.002380952472,0,0.004076882731,0.01670108549,0.014867099,0.003496016841,0.004274457693,0.004710657056,0.004351900425,0.0221277941,0.003220876446,0.003408324672,0.003722514026,0.005936191417,0.003265392268,0.007919811644,0.01003767084,0.08696855605,0.01276190486,0.01317072753,0.00699342927,0.1016320288,0.01902749389,0.02456847951,0.007794354577,0.006425385363,0.01760947146,0.002751463093,0.006887882482,0.004917773884,0.00453569321,0.003243501298,0.003618171904,0.01950620301,0.1250104457,0.04533186555,0.00291412673,0.0001744024339,0.004427505191,0.1688615233,0.003230484435,0.0001810449321,0.005316949449,0.0006659036735,0,0.02818881534,0.001251030015,3.365461816e-05,0.1355338693,0.05210564658,0.1276567727,0.1593240649,0.06190352142,0.02945058048,0.03125109524,0.09343423694,0.004937059246,0.01582809724,0.01562650129,0.05496115237,0.1648861319,0.04270001501,0.1358637214,0.6289845109,0.2394897789,0.1234101653,0.002803561045,0.01118797809,0.007722822018,0.4928768873,0.9448061585,0.3438276052,0.03837195784,0.15986453,0.001064719982,0.001484359498,0.7698330879,0.1096608862,0.1645665169,0.07544290274,0.8462406397,0.5316163898,0.04490300268,0.4574371278,0.03335966542,0.09898844361,0.049921114,0.0001414754515,0.001416301937
100,0.03580901027,0.1023681611,0.06681004167,0.06899321824,0.2504045367,0.4946792722,0.55001688,0.1436257213,0.0199710466,0.08703108877,0.08503589779,0.1885218918,0.0175862778,0.0992217809,0.1319604069,0.1236989051,0.02309653908,0.01239370927,0.01607266441,0.02194412611,0.01478643157,0.01587267779,0.001273272792,0.009977389127,0.01947456785,0.01824628934,0.008547429927,0.004761904944,0.01238677278,0.00980335474,0.0142857153,0.02123780921,0.004761904944,0.004761904944,0.004761904944,0.002380952472,0.007142857648,0,0.002380952472,0.003102472052,0.002380952472,0.004761904944,0,0.005653204396,0.001555900788,0.004033613019,0.0006760241231,0.0009293555049,0.002777976217,0.00276724156,0.002474186709,0.02025908232,0.002380952239,0,0,0.0008768723928,0.005233911797,0.02530773543,0.01353081875,0.01218282431,0.004761904478,0.0168899633,0.00956261158,0.04060438275,0.004955627024,0.005796063226,0.01216987148,0.008624566719,0.01479025744,0.0309223067,0.001008337131,0.1013774797,0.05450079218,0.01962472685,0.007824163884,0.1529062539,0.02547221445,0.04119085148,0.004761904944,0.03065553121,0.03297160938,0.01490556076,0.006693714298,0.01452392153,0.001552233472,0.01852853224,0.0206543617,0.01370144822,0.2676949501,0.05788970366,0.00756583875,0.003394078696,0.02430690639,0.06593350321,0.0055457321,0.01716838032,0.0009732760373,0.03139993176,0.02818881534,0,0.0002947253815,0.003710492048,0.1444787234,0.04274109006,0.02933259867,0.007246536203,0.001795681193,0.01939225011,0.0005220260355,0.009183507413,0.001455059741,0.001485157874,0.01710423641,0.006758244708,0.01246479619,0.004177223891,0.03225810453,0.490560919,0.07884973288,0.03441374004,0.1043400094,0.01735128462,0.005753299221,0.7232068777,0.8589445949,0.1242528483,0.003522975836,0.01387868822,0.007104563061,0.03622768819,0.6374699473,0.02906951308,0.0007907921099,0.0004445459344,0.7727693319,0.1958559752,0.4455129206,0.4435704648,0.1428847015,0.002640687861,0.006565850228,0.01166567393,0.033345595
101,0.01244791504,0.07508766651,0.03818546608,0.05171096325,0.1502907425,0.3541500866,0.6100842953,0.1199609414,0.003567875596,0.05189936981,0.01376712136,0.09332531691,0.001674190396,0.04514700174,0.15388529,0.03059070744,0.01041126251,0.01371847652,0.01482613292,0.01097032148,0.01436655503,0.01100756694,0.007263861131,0.001815061085,0.01354748011,0.01869994216,0.0252693966,0.009151904844,0.01839167811,0.02390701137,0.007485448848,0.0139097413,0.009502419271,0.001387360157,0.007193304598,0.00471022306,0.00439908402,0.002380952472,0,0.00541680539,0.002380952472,0.008162678219,0,0.000501436065,0.0003579102631,0.0006502494216,0.0001238649711,0.0001365346398,0.0001554287446,0.0002480944386,0.0001088586578,0.004103498068,0.000691432273,0.001877999748,0.003404812422,0.004761904944,0.003679982619,0.02519124746,0.01682233065,0.0005550068454,0.01200238243,0.007173337508,0.001871376648,0.01541428361,0.004291949328,0.003369522281,0.00443123607,0.01251304429,0.002565698465,0.02822704054,0.005052276421,0.08779605478,0.005591492634,0.009683408774,0.003918107133,0.1454302818,0.04279554263,0.04540702328,0.008245628327,0.01030045189,0.03868189082,0.001632780884,0.006776004098,0.002904644236,0.001883314922,0.002894679317,0.01195295155,0.02034485526,0.2794810236,0.07423307747,0.01605986245,0.000212009385,0.002684229985,0.1378577501,0.002147149527,0.006366534159,0.0002114658419,0.0004199950199,0.001251030015,0.0002947253815,0,0.0001803661144,0.1367615908,0.05020496622,0.06761191785,0.04377498478,0.01440310944,0.01708733849,0.002242128365,0.0450861305,0.0003949950333,0.00773869548,0.009084056132,0.01439195685,0.05244021863,0.0158229582,0.07117307931,0.4199896157,0.1477094889,0.06338758767,0.09116245061,0.01723813452,0.02341030352,0.6734272838,0.9164990783,0.196847558,0.005023821257,0.05339745805,0.001505427179,0.014471462,0.6343071461,0.04214714468,0.03621589392,0.005461653695,0.7618258595,0.3363819718,0.446396172,0.5207843184,0.1888375282,0.01963088475,0.01378309075,0.0008155952091,0.009015846066
102,0.01385570318,0.1014413759,0.04643435031,0.06399166584,0.1150736287,0.4036786854,0.4633922577,0.1125983745,0.00179691473,0.04145337269,0.00850197766,0.06489742547,0.0004175863578,0.04194978625,0.05286717042,0.02238383517,0.01778259873,0.006068319548,0.01264735032,0.01209113374,0.0148440171,0.009340194985,0.00852287747,0.00547547359,0.005463832989,0.007551500108,0.01299173012,0.007142857648,0.007400283124,0.01433865633,0.008069937117,0.005039099138,0.002380952472,0.007142857648,0.003357162466,0.005182538182,0.003155088518,0.002380952472,0.002380952472,0,0.002380952239,0,0,0.0002154842805,0.0001165811045,0.0002023291599,2.492449858e-05,5.197648352e-05,5.062191485e-05,3.957030276e-05,3.664090036e-05,0.001633773558,0,0,0,0.004761904944,0,0.01166617684,0.009223493747,0.000323663,0.0009046991472,0.002985358704,0.000740791671,0.01092828624,0.0004872755089,0.002380952472,0.002380952472,0.00193189166,0.0009396652458,0.007810413372,0.001222800813,0.03947951645,0.002582244575,0.002123855753,0.0009787526214,0.06725619733,0.01071118657,0.02291342802,0,0.00367112807,0.02207322232,0.0006287011784,0.004509272519,0.000797363813,0.0006220723153,0.001968710218,0.009635476395,0.01090473123,0.1684828252,0.04780004919,0.007322824094,5.129819692e-05,0.001343653188,0.2119332552,0.004394844174,0.0009795543738,0.002229186008,0.0002030373871,3.365461816e-05,0.003710492048,0.0001803661144,0,0.1118610054,0.03549026325,0.06008496135,0.05011972785,0.01341729425,0.01895153522,0.009422139265,0.04486785457,0.0008634935366,0.01499636564,0.009046105668,0.01720774733,0.06172436848,0.02195920609,0.07541052252,0.4075579047,0.1457065344,0.06713026762,0.04915889725,0.01300900709,0.01828753762,0.6510128379,0.9491847754,0.2224016041,0.009100240655,0.06602991372,0.0003551703703,0.006945146713,0.635057807,0.03803109005,0.04542225227,0.01531781722,0.7950660586,0.375367105,0.3193148375,0.543957293,0.1705255955,0.03210143372,0.02235886827,0.0001081833107,0.001761967433
103,0.09624724835,0.03350641206,0.0451442264,0.03074831143,0.3174322844,0.5178806186,0.2659066319,0.156835258,0.03402772918,0.03591350466,0.03852900863,0.04935073107,0.04129249603,0.03241568804,0.03056981787,0.05005420744,0.09219829738,0.02939126268,0.04786543176,0.05003458261,0.04702888802,0.04374596849,0.01035552565,0.009523809887,0.02763241529,0.03828002885,0.02405258082,0.01324605849,0.01307459921,0.03523576632,0.03032888658,0.01606249623,0.01016917918,0.005997266155,0.01317784749,0.01568844169,0.01197614521,0,0.002380952472,0,0.002380952472,0.007142857648,0,0.04601522908,0.03158464655,0.04311963171,0.05379010737,0.06185209379,0.07161027193,0.0591002889,0.07571626455,0.02999641933,0.02416060492,0.01330024749,0.009684655815,0.01762565412,0.01568775438,0.02147847228,0.01741989702,0.033627294,0.02178253233,0.02094186656,0.0473610945,0.03061030805,0.02320298553,0.01768890955,0.02881134301,0.01895149611,0.03331699967,0.02036615647,0.01649342105,0.04006810114,0.05101188272,0.02456788346,0.0445538722,0.05973528698,0.01204540208,0.009304666892,0.0221190732,0.0305708237,0.01834218018,0.04387386516,0.01987535693,0.03437561169,0.02978241444,0.03414307907,0.0164738968,0.01260501146,0.07608296722,0.02421175502,0.0158773046,0.05345499143,0.04139766097,0.2622864842,0.309243381,0.2710707784,0.2843438983,0.2942793071,0.1355338693,0.1444787234,0.1367615908,0.1118610054,0,0.007771815173,0.005272906739,0.01675267704,0.01962480135,0.0141071165,0.09043305367,0.01194387767,0.0346492976,0.01758093387,0.02371903881,0.01624056138,0.01280553918,0.02225212753,0.005789570976,0.2836890519,0.009790598415,0.02464989386,0.02681786567,0.01796509884,0.01887531206,0.5694130063,0.9684682488,0.1483787,0.02897955291,0.01808919571,0.04357685894,0.03171857819,0.4289344251,0.04019483179,0.01372133754,0.04446567968,0.2621997893,0.01733283885,0.1869081408,0.1943240464,0.02204990014,0.03643123433,0.02137190104,0.04603575915,0.03307445347
104,0.0106076831,0.002785629127,0.001784641412,0.001507854788,0.1683759689,0.2147966623,0.04498841614,0.04458348453,0.002520315815,0.004137825221,0.004637443926,0.008878740482,0.001301434124,0.002380952472,0,0.009767021053,0.01161000226,0.0009696779889,0.004425245337,0.001336861867,0.003722827416,0.002223773161,0.0006238847272,0,0.004761904944,0.003795899451,0.003234951757,0.002380952472,0.002380952472,0.007374508306,0.0085806977,0,0.004761904944,0.004761904944,0,0.002380952239,0.001335966168,0,0,0,0,0,0,0,0.002380952472,0,0,0,0.003341781441,0.004761904944,0.007308651228,0.0005985960015,0.000278931926,0,0,0,0.0005387284909,0.001985635841,0.000215254302,0.002380952472,0.0006119433092,0.002671070397,0.004687675741,0.002786718775,0.002380952472,0.001651218161,0.0008772668079,0.0006515886635,0.004778651521,0.001134661492,0.0002062706626,0.002380952472,0.002315511927,0,0.003623184748,0,0.0006576586165,0,0,0.002431107219,0,0.005413480103,0.001677362015,0.001119568362,0.002782310825,0.0004245642631,0,0,0.01789744198,0.002958150813,0.001239231089,0.005163022783,0.003595010843,0.1767222136,0.1769031584,0.1390395761,0.1455251426,0.1456898004,0.05210564658,0.04274109006,0.05020496622,0.03549026325,0.007771815173,0,1.397354208e-05,0.0003633092565,3.327450031e-05,5.244486238e-05,0.01498667151,0.0001255878888,0.001996995183,3.735406426e-05,0.0009237845661,0.000201932562,0.0005662179901,0.0002248293313,0.0002730418055,0.03082222305,0.0001153859048,0.002604741137,0.002012181096,0.001025755191,0.0001854136353,0.2274584919,0.9543136954,0.12760593,0.001254329225,0.002258632099,0.005489440169,0.002384948777,0.4774818718,0.01121133473,0.003381802468,0.006231625099,0.06219535694,0.003158789594,0.04589331523,0.06504493207,0.003863898572,0.001629131963,0.0008611847297,0.005998799112,0.002950437134
105,0.005796710961,0.002118175151,0.001749554067,0.0007267301553,0.170068562,0.425360918,0.1313360929,0.03922343999,0.001332445187,0.004936779384,0.007598161232,0.009112082422,0.01683032326,0.02228167094,0.007142857648,0.03168516979,0.00974472519,0.008902058937,0.01023069024,0.01699936949,0.01540909521,0.01036423445,0.006283698604,0.0005676276051,0.01275049895,0.007451762911,0.01333572529,0.005554641131,0.01320321858,0.02275563031,0.007521431427,0.004475249909,0.008427832276,0,0.007661454845,0.007241964806,0.002625807887,0,0,0.002380952472,0.002380952472,0,0,0.002380952239,0,0,0.005172194913,0.002380952472,0.01648007706,0.005931044463,0.002380952472,0.003835721174,0,0,0,0,0,0.001497074845,0.0001454609737,0,0,0.002143371385,0.01291805599,0.002363037784,6.154309085e-05,0.00023074825,0,0.0005642846809,0.0008110494236,0.0003625547397,0,0.02142857201,0.01894296706,0.0008679956081,0.004086562432,0.02738276124,0.005463180132,0.002380952472,0.0001111174643,0.00178073463,0.000116919,0.006515324581,0,0.003416731954,0.002380952472,0.001811072114,0.003328655846,0.001291061519,0.04958141595,0.0027276373,0.0002012424084,0.0022228444,0.003188871313,0.1932496578,0.2253191024,0.26262483,0.1495648772,0.2001608312,0.1276567727,0.02933259867,0.06761191785,0.06008496135,0.005272906739,1.397354208e-05,0,1.75733403e-05,5.107410107e-05,3.586724415e-05,0.008615863509,9.103971934e-06,0.004124444444,1.701426845e-05,0.002485085279,0.0003954691929,8.636913844e-05,3.877664494e-05,7.841461775e-05,0.0345691666,5.102999057e-05,0.002409738721,0.002776686568,0.0008309067343,1.040396364e-05,0.4135041237,0.9529822469,0.1093531623,0.0004118714714,0.0007356863352,0.01353882346,0.003448038828,0.4400762022,0.003930191975,0.001668210723,0.002759428928,0.08270333707,0.00280545908,0.08837860823,0.09734742343,0.004194710404,0.0005762602668,0.0001382490736,0.01908048801,0.01361076627
106,0.002926405286,0.0005584548926,0.00238827453,0.0005048337625,0.117645517,0.506709218,0.1955222487,0.03570847213,0.001485648565,0.001796961296,0.005976406857,0.009860488586,0.01139703952,0.0296391584,0.01190476213,0.01916111074,0.009451375343,0.01632554643,0.02447097749,0.02080476657,0.01652095839,0.008513070643,0.004639453255,0.004122975282,0.006779809017,0.01103173662,0.01597070508,0.01064705849,0.01973983087,0.02032090724,0.009366682731,0.007741022389,0.002380952472,0.008546118625,0.01092508249,0.01149216201,0.004761904944,0,0,0,0.002380952472,0,0,0.004761904944,0.002380952472,0.003482368775,0.001029613311,0,0.005103420466,0.005514755845,0.003202268854,0,0,0,0,0,0,0.0007338221767,2.625437082e-05,0.0002943843429,0,0,0.006865403615,0.003206976457,0,0,0,0.001262391917,0.001590985688,0.0001555395575,0,0.009523809887,0.01064756326,0.0007033661823,0.001281278906,0.02170657367,0.003003192134,0.0007811592659,0.0003373296349,0.001918515656,0.000508575351,0.006005987525,0,0,0.0009732938488,0,0,0.0003179972118,0.06029620767,0.001966495765,0,0.008597159758,0.008555031382,0.171543479,0.1405137181,0.1731523722,0.09694018215,0.1371852756,0.1593240649,0.007246536203,0.04377498478,0.05011972785,0.01675267704,0.0003633092565,1.75733403e-05,0,5.733591024e-06,6.559930625e-05,0.002415140392,4.61472564e-06,0.00172885647,1.114246857e-06,0.00320920907,0.0001591886394,3.319203461e-05,1.469401468e-05,0.0002782848605,0.1231069863,0.0009583638748,0.006740480661,0.003235315904,0.00125269487,8.238836017e-06,0.4795363843,0.9054012895,0.08682515472,0.0001182967462,0.0003149906115,0.02612776123,0.0007685915916,0.5113422275,0.005690946709,0.001154610654,0.0008862473187,0.3423045576,0.01085966825,0.1254383177,0.1364208758,0.01442598645,6.877371925e-05,0.0006146458327,0.02434935421,0.006065386347
107,0.0002941556741,0.0002710345434,0.000198971291,0.0002623015316,0.0286528524,0.1992582828,0.07832986861,0.03269530088,0.00265305792,0.003530576359,0.0005849139416,0.008952880278,0.006769845728,0,0.002380952472,0.01339286566,0.007848713547,0.01383002196,0.01435538195,0.01439174172,0.01436261088,0.01583487354,0.02012677118,0.01057277713,0.008860827424,0.01057253405,0.02195680514,0.02346175164,0.03681044653,0.03176222742,0.01824386604,0.02081956714,0.02204835974,0.009789980017,0.01380286086,0.01617008448,0.01432440709,0.001243668259,0.008220452815,0.003421681002,0.009603247978,0.004142317455,0.004050720483,0.006372158881,0,0,0.003024471225,0,0.003074435517,0,0.001716421801,0.0009160335176,0,0.0001557821233,0.0001027736071,0,0.0006689564907,0.0005437536165,8.068214811e-05,0.002113173483,0,8.967760368e-05,0.002981062513,0.0005778041668,0,0.0001983827096,0,0,0.0001515133918,6.010042125e-05,8.679996972e-05,0.003616924398,0.005805626512,0,0.00169594225,0.01024665497,0,0.000843603455,0.0001132267062,0.0001187612506,0.0001132454199,0.001700731576,0.001542663784,0.0001200425468,0.0002651868563,0.0003594454029,0.002380952472,0,0.004967500456,0.001091078855,4.584345515e-05,0.001799529535,0.0007100250223,0.09642577171,0.07110544294,0.1070185229,0.04442390054,0.09295345098,0.06190352142,0.001795681193,0.01440310944,0.01341729425,0.01962480135,3.327450031e-05,5.107410107e-05,5.733591024e-06,0,1.850801891e-05,0.002302455017,9.199204214e-06,0.0002467452723,1.624659262e-06,0.001118868357,2.16838398e-05,3.341620686e-05,8.15475596e-06,0.0004946811823,0.01496857405,0.000150101725,0.0003689444857,0.002000831533,0.0004022056237,0.000132492889,0.2156091481,0.8829015493,0.0944737792,3.022173405e-05,9.621192294e-05,0.004277047236,0.0007397281588,0.5812875032,0.01050203387,0.002171993488,0.0002464957943,0.05796513706,0.001694807317,0.04311693832,0.02506671101,0.001323058736,7.900870514e-06,4.010340035e-06,0.007725807372,0.008668376133
108,0.0001142477413,0.0001476728794,0.0001548075816,0.0003166071547,0.02313121036,0.1021937281,0.01669466682,0.03138067573,0.0007725166506,0.001034707529,0.0002187606442,0.003074280918,0.001799688092,0.008129896596,0.009523809887,0.004772975575,0.006717164535,0.013067347,0.01229571737,0.01265187189,0.01360701397,0.01397453249,0.01218115445,0.01755559817,0.009030323476,0.01024618,0.01942047663,0.01785311289,0.03405969962,0.02836393937,0.01800174266,0.01755005307,0.01874398813,0.01266326569,0.01039087214,0.01349544991,0.01654586196,0.002279385226,0.006897002459,0.004114868585,0.005577505566,0.006730403285,0.0003636909823,0.002027763985,0.002380952239,0.001683611306,0.006589090917,0.0005001803511,0.002380952472,0,0.001789534697,7.072534208e-05,0.0002987345215,2.541754839e-05,0,0,3.928149818e-05,5.256252552e-05,1.114668339e-05,0.0002579902066,0,4.51861597e-05,0.0006438303972,6.152326387e-05,2.287640564e-05,3.771390766e-05,2.717316238e-05,0,0.0002089097834,8.573942068e-06,2.005085662e-05,0.001650023507,0.002294262405,8.195154078e-05,0.0001345654018,0.00212420919,0,0,6.374490476e-05,5.845894975e-06,4.456017268e-05,0.0004065220128,0,0,2.32362745e-05,0,0,0.0003989655233,0.001135245897,0.000127355117,0.0001879211341,0.001053361455,0.0005486431182,0.1374801099,0.1249657795,0.1635348052,0.04963343218,0.05952143669,0.02945058048,0.01939225011,0.01708733849,0.01895153522,0.0141071165,5.244486238e-05,3.586724415e-05,6.559930625e-05,1.850801891e-05,0,0.01946434192,5.72024037e-05,0.0005088613834,0.0001109141958,5.696397784e-05,8.023305782e-06,0.0002168938372,3.554999785e-05,0.000450074207,0.01393286511,0.0001390308316,9.896579286e-05,4.44194211e-06,2.623776481e-06,1.16878382e-05,0.05493217334,0.9514762163,0.1383927912,0.0002355915494,0.0002650699462,0.001191847259,1.528946632e-05,0.5515186191,0.0143963499,0.006392772309,0.002030108357,0.02932591923,0.0009274970507,0.0008461833349,0.007606616244,0.0002649179369,0.0001651081548,7.39190873e-05,0.001360154594,7.345299673e-05
109,0.1487824917,0.09267150611,0.1492760628,0.1200866401,0.3684935272,0.8323771358,0.816028595,0.2530249655,0.02234504372,0.07685661316,0.09481826425,0.2431576848,0.03207009658,0.2384948134,0.2674044967,0.2046577036,0.1040087119,0.04972194508,0.06165432185,0.0739203319,0.06322758645,0.03515321389,0.03680338338,0.02019662783,0.07510897517,0.04776912555,0.03127519041,0.01402352285,0.03027805313,0.01773152314,0.03232005239,0.0264350865,0.01486651413,0.002380952472,0.001551708323,0.01741639711,0.01625241339,0,0.004761904944,0.01792511158,0,0.002380952472,0,0.01685966551,0.01770404167,0.0103807915,0.01154337171,0.008426795714,0.005249808077,0.007773848716,0.005958518013,0.0218988359,0.006361700129,0,0.001257618773,0,0.004307434428,0.02676116303,0.009643385187,0.007646693382,0.007364370394,0.01610926539,0.02000467293,0.03599488363,0.002877522958,0.004836173262,0.01704410464,0.01330422983,0.01759506389,0.02328896336,0.001554680755,0.1696425527,0.07882968336,0.02027675882,0.01651845314,0.1900843382,0.03141262382,0.02655961737,0.006411439739,0.02362388372,0.02128748223,0.0184289813,0.007756148465,0.01597550884,0.02415185049,0.02060906403,0.02020202577,0.01650122367,0.3812801242,0.04123929143,0.002369158668,0.00814757403,0.02057489008,0.06152688339,0.00265546795,0.01246755291,0.002076352248,0.01749261096,0.03125109524,0.0005220260355,0.002242128365,0.009422139265,0.09043305367,0.01498667151,0.008615863509,0.002415140392,0.002302455017,0.01946434192,0,0.003592092311,0.004452128429,0.00233813189,0.02252725884,0.01039360557,0.003989020362,0.00249887933,0.009851801209,0.5704706311,0.02912751772,0.02030699886,0.09246215969,0.02521258406,0.005468849093,0.8519560695,0.7175207734,0.06870973855,0.004178980831,0.00428751763,0.0139943473,0.03470508754,0.7120087147,0.02955701202,0.002459982876,0.001506953617,0.7889761329,0.08354317397,0.6010037661,0.4025824964,0.06259477139,0.001930051018,0.004183274228,0.01727648638,0.03275348619
110,0.00302120205,0.0008974310476,0.003193147248,0.001034586341,0.1130750254,0.3031196594,0.05520417169,0.03698977083,0.0004325823975,0.002923993859,0.003486376023,0.01843346469,0.0003204795939,0.009523809887,0.01190476213,0.007279316895,0.00866694469,0.01150884666,0.008881493472,0.01364076044,0.00750885345,0.0008520782576,0.005236200523,0.004806907382,0.003001172794,0.002872315003,0.008009085432,0.002380952472,0.009523809887,0.01819018275,0.004144916311,0.001342806034,0.002380952472,0,0.0014556112,0.003604507307,0.001795891556,0,0.002380952239,0,0,0,0,0,0,0,0,0.004761904944,0.01306578889,0,0.007142857648,4.839637404e-05,0,0,0,0,0,0,0,0,0,0.0002170540829,0.003833542811,0.001511453185,0,0,0,0,0.000220988557,0,0,0.004761904944,0,0.001285009785,0.0009125523502,0.004761904944,0,0.002380952472,0,0.0002933446376,0.005266957451,0.002135769231,0,0,0,0,0,0,0.02881021425,0.001732002245,0,0.0008408353315,0.002664600965,0.1276282817,0.1309647858,0.1418535709,0.08207482845,0.08902139217,0.09343423694,0.009183507413,0.0450861305,0.04486785457,0.01194387767,0.0001255878888,9.103971934e-06,4.61472564e-06,9.199204214e-06,5.72024037e-05,0.003592092311,0,0.0003072007676,1.191089467e-07,0.001706630574,3.478151484e-05,0.0001068304482,7.182953414e-05,3.594180089e-05,0.08798669279,0.0006269847509,0.003562200116,0.01152058039,0.005471391603,0.0001727133495,0.2986195683,0.9237980247,0.09212392569,9.866090295e-06,0.0008645590278,0.01065659989,0.003496586345,0.4712963402,0.004273085389,0.001946012024,0.0007346441853,0.2720200121,0.007713608444,0.05878923833,0.1323944479,0.01409896836,0.0001887648978,0.0006115990109,0.01147646643,0.004527865443
111,0.006480775774,0.01372645423,0.01867998391,0.01229702495,0.09309086204,0.3825771213,0.4385517836,0.07495760173,0.0009834141238,0.008212817833,0.003985322081,0.0221428927,0.001111594145,0.02712824754,0.08379030973,0.008951037191,0.007857904769,0.01058548316,0.01351655461,0.008847920224,0.006717233919,0.007524407934,0.01043118071,0.008898305707,0.005502212793,0.005785648245,0.01016548742,0.008603824303,0.01479680184,0.01746461168,0.0087546492,0.01005916856,0.002856459003,0.003369299928,0.005479424726,0.01293296553,0.006367887836,0.002380952472,0.002380952239,0.001389947836,0,0.003722267458,0,0.001787105692,0.001692511723,0.00087786722,0.000120735669,0.0001634166401,0.0003834743693,0.0002677543089,0.0003108830133,0.0005236935685,0,0,0,0,0.001567301224,0.0007224665023,0.0005719637848,0.0004579289525,0.0008737660828,0.0002999667777,0.0005092212814,0.0008455648785,0.0005038709496,0.0004148863081,0.0003707812575,0.0004576450156,0.0007164777489,0.0009912266396,0.0001392624399,0.05102917925,0.002970685018,0.0002946015156,0.0003677722998,0.04560945183,0.008195674047,0.01125641819,0.0008571984363,0.0008501253324,0.004229359329,0.0005318188923,0.0004536772612,0.0009188874392,0.000411225803,0.0009309772868,0.002024130663,0.003965352196,0.1407627314,0.01105634402,0.000555354869,0.0005949019105,0.0005609682994,0.169909209,0.02871384472,0.03793371096,0.0179482419,0.03998318315,0.004937059246,0.001455059741,0.0003949950333,0.0008634935366,0.0346492976,0.001996995183,0.004124444444,0.00172885647,0.0002467452723,0.0005088613834,0.004452128429,0.0003072007676,0,1.149351465e-05,0.000156679278,8.460954996e-05,0.004691487178,0.0002367230481,0.002406370826,0.2387235165,0.01691257022,0.01202606875,0.005421534646,0.00060441409,0.0006150702247,0.6041334271,0.9349238276,0.175293237,2.51438596e-05,0.008181551471,0.0001865871891,0.001239235164,0.5854998231,0.02103602886,0.01077986602,0.0002883092675,0.7256913781,0.1132893488,0.1574467272,0.3140285015,0.02598487586,0.001380984439,0.0005182453315,0.0005809217691,0.001034121029
112,0.001153398189,0.001363256481,0.001396066276,0.001047163503,0.07727353275,0.162461102,0.02380952425,0.03625426814,0.003695935477,0.002380952472,0.001410982455,0.008240453899,0,0.002380952472,0,0.010418077,0.008362447843,0.001364687574,0.006463964935,0.00738370046,0.007875242271,0.008829458617,0,0,0.002380952472,0,0.005022887606,0.002969488502,0.007142857648,0.005840830039,0,0.002380952472,0,0,0,0.001242128899,0.004761904944,0,0,0,0,0,0,0,0,0,0,0,0.003298113821,0,0,0,0,0,0,0,0,0,0,0,0,0.001013189438,0.0003299243108,6.774156645e-05,0,0,0,0,0,0,0,0,0.002380952472,0,0,0.009523809887,0,0,0,0.0001283254387,0,0.0007707171608,0.001754150377,0,0,0,0,0,0.009523809887,0,0.002380952472,0.0006886335905,0.000517931825,0.07514155656,0.03240060434,0.03553022072,0.02221593075,0.0356278643,0.01582809724,0.001485157874,0.00773869548,0.01499636564,0.01758093387,3.735406426e-05,1.701426845e-05,1.114246857e-06,1.624659262e-06,0.0001109141958,0.00233813189,1.191089467e-07,1.149351465e-05,0,0.0003767056332,1.927601488e-06,3.062318137e-05,1.102259557e-05,5.572561349e-05,0.0424242951,0.0005770744756,0,0.001491712173,0,0,0.1127058417,0.8064305782,0.09950242192,2.177284841e-06,0.000115753588,0.003269418143,0.003465268761,0.5377054811,0.01142440829,0.002308751224,8.028967568e-05,0.1706872433,0.003119579284,0.009523809887,0.06524564326,0.00300905318,3.749620737e-05,0.0002325751702,0.008532459848,0.004134879448
113,0.00405296823,0.004633539356,0.01601590775,0.007293308154,0.05575091764,0.3940515816,0.1370325834,0.05819349363,0.0001499196369,0.001687798765,0.001620092429,0.005113392603,0.0003939559974,0.00804176461,0.02749763988,0.0035194722,0.005209092051,0.00862288475,0.006257910281,0.01008451357,0.008765865117,0.008491185494,0.005328363739,0.002611392178,0.004762972705,0.002104862127,0.004836768843,0.003307709936,0.01230840199,0.006860779133,0.005196389742,0.008922595531,0.004864225164,0,0.003233283525,0.003742329311,0,0,0,0.004761904944,0.002380952472,0.001553590642,0,0.0005865477142,0.001270220266,0.0006400524289,2.487164602e-05,0.004134146031,0.0003273822949,0.0004725314502,0.0004260984715,7.408836245e-05,0.0002138534619,0,0,0,9.766875337e-06,7.740177534e-05,3.086305878e-05,0.001143043395,2.02401352e-05,0.0001563288679,0.000240686335,9.08508955e-05,0,0,0.0001064208773,3.344091601e-05,0.0001962441893,3.244288382e-05,1.260287718e-05,0.007511354983,0.002871240489,6.657482299e-05,0.0001141938046,0.01071391907,0.002985266969,0.001289725536,0,0.0001765764609,0.0003036952985,0.0001814332791,0,0.0003716036736,8.008175064e-05,1.685411917e-05,0.003594373586,0.001240279642,0.01644578762,0.0007341187447,0,0.0004424890503,0.0001420219487,0.1804246008,0.119190678,0.1360746324,0.06268681586,0.08382060379,0.01562650129,0.01710423641,0.009084056132,0.009046105668,0.02371903881,0.0009237845661,0.002485085279,0.00320920907,0.001118868357,5.696397784e-05,0.02252725884,0.001706630574,0.000156679278,0.0003767056332,0,9.722819232e-05,0.00298686116,6.753270281e-05,0.004130498506,0.1961023062,0.005270312075,0.007151131518,9.176567255e-05,1.117683041e-05,1.268871802e-05,0.1742957234,0.9717454314,0.1964342594,0.0006388666807,0.006929775234,0.0001877800969,5.889998283e-05,0.5667896867,0.01770224795,0.01592536457,0.002190673957,0.5406598449,0.0516599454,0.008063832298,0.1130269691,0.001746604219,0.004400462378,0.0006756953662,0.001250505797,5.756499013e-05
114,0.0007958065253,0.0007833237178,0.002131064422,0.001564889681,0.04242975637,0.2489648759,0.1468778104,0.03718780354,0.0004413484712,0.002132119145,0.001076263841,0.004247413483,0.00100642757,0.01064047869,0.01414980739,0.0031090267,0.004791968036,0.009413394146,0.008053087629,0.009683556855,0.006812962703,0.01335170772,0.01362124644,0.002569792792,0.00817845203,0.005224748049,0.01163120009,0.01025374327,0.01807246543,0.01511535142,0.01261757594,0.008196292445,0.004865234252,0.003540656064,0.006766683888,0.006626969203,0.002770952182,0,0,0.003154392587,0.002380952239,0,0,0.0007909910637,0.001207630732,0.0008821579977,0.001365855103,0,0.0008312727441,0.0001410937257,0.001899275114,6.401856808e-05,0.0002230281534,0,0,0,0,7.743094466e-05,5.210271047e-05,0.0001972242026,0,0,0.0003375618253,0.0001072887389,0,0.0001701616566,0.0001539855875,3.02016324e-05,9.075935668e-05,2.953398689e-05,1.790518945e-05,0.01765921339,0.002204450313,0,0.0001317074348,0.006055010948,0.0002839545195,0,2.950771341e-05,6.230425788e-05,0.0001746415801,0.0001619944669,0,0.0002401099191,0.0001080331931,1.847231761e-05,0.001142324531,0.0003787842579,0.01854014769,0.0006310533499,0,0.0004420705955,0.0004223098513,0.1077358946,0.1001418233,0.1534961909,0.05329141766,0.09224198759,0.05496115237,0.006758244708,0.01439195685,0.01720774733,0.01624056138,0.000201932562,0.0003954691929,0.0001591886394,2.16838398e-05,8.023305782e-06,0.01039360557,3.478151484e-05,8.460954996e-05,1.927601488e-06,9.722819232e-05,0,0.0004733171081,2.148067688e-05,0.0004570666642,0.05677734315,0.001863671117,0.001153829973,0.0001613488712,2.160722579e-05,1.929639075e-05,0.2812710702,0.9430493116,0.153607294,2.746869541e-05,0.002653823467,0.003969527315,0.0001132300822,0.5385408401,0.01483502239,0.004415240604,0.000595285499,0.3211850524,0.0151345795,0.03911111504,0.1005501524,0.001620256109,0.0003665489203,0.0001156798899,0.005300034769,0.001075566746
115,0.006912996527,0.0006771516637,0.005003728438,0.001253784634,0.2325359732,0.6176442504,0.2582309842,0.04716538265,0.0006123735802,0.0005376665504,0.002754946938,0.005706498399,0.007978841662,0.01425103471,0.03866423666,0.01723006554,0.01264518034,0.01019756682,0.01343786158,0.01280674059,0.01878829673,0.02075998299,0.003326989478,0.007040752564,0.01468608622,0.02354870178,0.01111826487,0.006277033594,0.01413592976,0.01472144667,0.01604126394,0.01656322367,0,0.00173816178,0.009756390937,0.003631277243,0.003246561857,0.002380952472,0,0.004761904944,0,0,0,0.004882059526,0.003616069211,0.002816236112,0,0,0.01258122083,0.007369612809,0.01032271888,0.00262038596,0,0,0,0,0,0.002071376191,8.113891818e-05,0,0,0.0002646268695,0.01134365238,0.004133073147,0,0,0.001049891813,0,0.0001371854451,0.000656043936,2.013206085e-06,0.03322079778,0.01246479619,0.002038980834,0.00264431024,0.01020975132,0.000508162484,0.000725625956,0,0.006871229038,0.0001249594934,0.01914507337,0,0.001988994889,0.002380952239,0.003677375149,0.005727018695,3.273071343e-05,0.03693730012,0.0003412493097,2.064631371e-05,0.01046443824,0.01183888689,0.2214069217,0.1860633194,0.2689525485,0.1306156814,0.1775284857,0.1648861319,0.01246479619,0.05244021863,0.06172436848,0.01280553918,0.0005662179901,8.636913844e-05,3.319203461e-05,3.341620686e-05,0.0002168938372,0.003989020362,0.0001068304482,0.004691487178,3.062318137e-05,0.00298686116,0.0004733171081,0,1.030601743e-05,0.0005261204788,0.1954636723,0.0001855839801,0.0008204525802,0.001072455896,0.0009081255994,8.693627933e-06,0.5169169307,0.9299923778,0.09689699858,0.0005242167972,2.078671969e-05,0.02339164913,0.008078954183,0.4804777801,0.005359807052,0.001575122238,0.002027916489,0.1362252533,0.0006476907874,0.1687172949,0.04491141066,0.0007231099298,1.313001121e-05,2.528296682e-05,0.02092373371,0.009992026724
116,0.000248789991,0.0001008429681,0.0002423082042,0.000178316317,0.02809089981,0.2285927236,0.05171949416,0.02300449833,0.0005967211328,0.0007805310306,0.0005149312783,0.002765769139,0.005141314585,0.008189933375,0.005694983527,0.008185795508,0.007144494448,0.01994789578,0.0174998194,0.02200236544,0.01699898019,0.021158088,0.02195966616,0.01812181063,0.005271423608,0.01736583188,0.01916910894,0.02874976955,0.02874310687,0.02825460956,0.01909394749,0.02178597823,0.01883378811,0.008586416952,0.00783411786,0.01709366776,0.01491662487,0.001215893193,0.005897977855,0.006101763342,0.004421538208,0.003209504066,0.0007657415117,0.00187795423,0,0,0,0,0.001096837805,0,0.001250550966,0.000189288301,0,0,0,0,0.0001446422393,0.0006692937459,0.0001001044147,0.000209297621,0,0,0.002313687699,0.0002700646874,0,1.414759572e-05,0,0.0007438787143,1.329578754e-05,5.12727529e-05,9.488544492e-06,0.0002505416924,0.000856360537,0.0002205947821,0.0002811597078,0.001537782256,0.0001328393118,0,1.748751856e-05,0.0001659129775,1.027906819e-05,0.002018380677,0,4.445195009e-05,0,0,0.002380952472,0,0.003192666685,3.15003017e-05,5.458671512e-05,0,0.000427488354,0.1384712756,0.09803421795,0.1297099143,0.06337244064,0.06969451159,0.04270001501,0.004177223891,0.0158229582,0.02195920609,0.02225212753,0.0002248293313,3.877664494e-05,1.469401468e-05,8.15475596e-06,3.554999785e-05,0.00249887933,7.182953414e-05,0.0002367230481,1.102259557e-05,6.753270281e-05,2.148067688e-05,1.030601743e-05,0,0.000975977513,0.03322597221,2.665708598e-05,7.768819341e-05,6.642820517e-05,0,9.014429452e-06,0.2014963329,0.8961753845,0.1041598395,9.653809684e-05,6.020747969e-05,0.003143104026,0.001098835142,0.5473614931,0.008926938288,0.002010329161,0.0005246031797,0.03782707825,0.0008670702227,0.02112776786,0.008996495977,0.0001090270307,6.488883628e-06,2.951614988e-06,0.004267688841,0.00299221254
117,0.01721118763,0.01283075474,0.01632613502,0.009952094406,0.2438545823,0.5287581086,0.3567299247,0.06550788879,0.005277513526,0.01922981441,0.01580519602,0.04551130161,0.01129162963,0.06456046551,0.04455395788,0.02639727294,0.01313168462,0.01111369953,0.01237338129,0.01184842084,0.01129007619,0.006603392772,0.001308692736,0.00368863577,0.01077296678,0.01020555012,0.003984495532,0,0.0120106861,0.0142552834,0.007381008472,0.009911573492,0.002380952472,0.004761904944,0.00368380663,0.004340515472,0.004117074423,0.002380952472,0,0.002380952472,0,0,0,0.009022753686,0.01357628591,0.00679334905,0.009481739253,0.008717822842,0.01698527113,0.01005011983,0.0119592743,0.001207948313,0,0,0,0.0001985328272,0.0001346424251,0.001012700959,0.0006787116872,0.009523809887,0,0.0006248854916,0.007283738814,0.003146091942,0,0.00107741938,0.001680791262,0.0003724069393,0.005501185544,0.0006297689979,0.0004767991486,0.07298281044,0.02663925849,0.0004378288577,0.01237361971,0.06279574335,0.005819870625,0.01754434593,0.002380952472,0.002499774098,0.008876706474,0.009657124057,0.002380952472,0.008758994751,0.004550077487,0.005280185957,0.005323550664,0.001301263925,0.1033937782,0.01724502444,0.0005039048265,0.01080807764,0.009437675588,0.2355189621,0.2295351923,0.3175466061,0.146740213,0.1682187468,0.1358637214,0.03225810453,0.07117307931,0.07541052252,0.005789570976,0.0002730418055,7.841461775e-05,0.0002782848605,0.0004946811823,0.000450074207,0.009851801209,3.594180089e-05,0.002406370826,5.572561349e-05,0.004130498506,0.0004570666642,0.0005261204788,0.000975977513,0,0.1992974877,0.001286683488,0.01289684139,0.02618899383,0.0006900389562,0.001138883061,0.658254981,0.9595430493,0.1001597941,0.0001885630772,0.001652902341,0.01018721424,0.007398556452,0.4183173478,0.003033709247,0.0004580883542,0.0006393410731,0.4161646068,0.01146087702,0.2790296376,0.2866246104,0.02182777785,0.001398903318,0.002097796882,0.01478211116,0.009121402167
118,0.501766026,0.05643716455,0.1767615229,0.1405079812,0.8512033224,0.8459857106,0.2352344841,0.6047474146,0.3552117348,0.07681030035,0.3552786112,0.2967143655,0.459651202,0.3884303272,0.1074202806,0.3974371254,0.4576556087,0.2609419525,0.3287821114,0.3465555608,0.3363500834,0.2212721109,0.1199595332,0.06986664981,0.2323860228,0.2610057592,0.2311110497,0.1024349779,0.1609341055,0.2301951945,0.1825359464,0.1378038824,0.06510203332,0.0418748036,0.1164147034,0.115369238,0.08025946468,0.004761904944,0.009154479019,0.03663705662,0.01766243577,0.01666666754,0.009523809887,0.4330091774,0.4310730398,0.3858903348,0.4506544471,0.4662258625,0.4509972632,0.4408437312,0.4556290209,0.3464976251,0.1558713913,0.07743484527,0.06423798203,0.06321132183,0.1111459956,0.2425395399,0.1157184839,0.3676200509,0.1081945822,0.3303014636,0.4427757859,0.3555172384,0.06504099071,0.0750733614,0.2467637509,0.2048173845,0.3599539995,0.2018568218,0.05859415233,0.09279599041,0.4187906086,0.26233989,0.3962967694,0.04622854292,0.03009968624,0.02633348666,0.06036269665,0.3391567767,0.02641024999,0.4272360206,0.2229452878,0.3929185867,0.3918801844,0.3525385261,0.1410429627,0.02975818142,0.04209942371,0.02822537534,0.04653366655,0.4167133272,0.4042403996,0.7202236652,0.661490202,0.7768645287,0.5015890598,0.5581863523,0.6289845109,0.490560919,0.4199896157,0.4075579047,0.2836890519,0.03082222305,0.0345691666,0.1231069863,0.01496857405,0.01393286511,0.5704706311,0.08798669279,0.2387235165,0.0424242951,0.1961023062,0.05677734315,0.1954636723,0.03322597221,0.1992974877,0,0.009018466808,0.03893189505,0.02700834163,0.09296584129,0.02647367679,0.1279491335,0.9135268331,0.6986287236,0.2225170434,0.1779633909,0.3363092542,0.3412343562,0.8081848621,0.6730051041,0.5707838535,0.3867480755,0.07797833532,0.07399345934,0.08385775983,0.0681836158,0.01658089086,0.1515837908,0.02927480452,0.3415002525,0.3113598526
119,0.005299096461,0.0003633143788,0.001269741217,0.0008438143414,0.2620737255,0.4160059392,0.1055038422,0.03933139145,0.004383292049,0.000197408619,0.006073973607,0.00597512722,0.02506105974,0.02089929953,0.01036483515,0.01440564729,0.006008654367,0.00787445344,0.00519776158,0.01112960745,0.01256413665,0.009163265117,0.004761904944,0,0.000400787103,0.008402543142,0.002431932604,0.002380952472,0.009523809887,0.000923905638,0.002594761085,0.007252844051,0.0006968060625,0,0.003415060462,0.001196367899,0.002380952472,0,0,0.002380952472,0,0,0,0.0138353901,0.008434582502,0.01110723149,0.0206948705,0.01056710817,0.03997892886,0.02570136264,0.06000353396,0.02497171611,0.00183397613,0.0006226802361,0,0,0,0.006113647483,0.0004750209046,0.007988802157,0.0007867089589,0.01318055391,0.0732703954,0.03343552351,4.43124809e-05,9.081535245e-05,0.008653861471,0,0.003790470771,0.005579258781,9.398739348e-05,0.005119227804,0.01479781512,0.004533620086,0.02222848684,0.0008269257378,0,0,1.179148421e-05,0.01864583045,2.693682654e-05,0.07976944,0.0001532715396,0.009237193502,0.01908869669,0.0162736997,0.001106454758,0,0.002007936127,8.931625052e-05,0,0.03429988027,0.04984925687,0.3343863487,0.4064079523,0.4551344216,0.2919545472,0.3633816838,0.2394897789,0.07884973288,0.1477094889,0.1457065344,0.009790598415,0.0001153859048,5.102999057e-05,0.0009583638748,0.000150101725,0.0001390308316,0.02912751772,0.0006269847509,0.01691257022,0.0005770744756,0.005270312075,0.001863671117,0.0001855839801,2.665708598e-05,0.001286683488,0.009018466808,0,0.000109963752,0.0001118873988,0.000751866377,9.384496479e-06,0.07475827634,0.9504695535,0.1208398119,0.002094803378,0.0004763217294,0.03870650381,0.01008721534,0.4754349291,0.01301384158,0.006774232723,0.01150270924,0.0007830987452,9.916974523e-05,0.01082215365,0.003581499681,7.596466457e-05,0.0003103503259,2.260535985e-05,0.0218523778,0.008082728833
120,0.0007009520195,2.380822116e-05,0.0003575799055,0.000342029176,0.1139044613,0.1401650459,0.01445847936,0.01076127402,0.00020806065,2.90700882e-05,0.000307381124,0.0004107268178,0.001789110014,0,0,0.002504730131,0.00283837365,0.006852102466,0.002380952239,0.006407471374,0.006280445028,0.001044437406,0.002380952472,0,0.0001688143675,0.002380952472,0.003981175367,0.002380952472,0.002300051739,0.0003724756243,0.001549099572,0.001033634995,0.001364566735,0,0.001083736774,0.003096923465,0.004761904944,0,0,0,0,0,0,0.003798051504,0,0.002938832156,0.004325925838,0.004818012938,0.005481068045,0.006538275164,0.00873800274,0.01470873877,0,0,0,0,0,0.005713116843,0.0006297122454,0.0009894601535,0,0.002426513704,0.03702259064,0.01700006239,0,0,0,0,0.001001911354,0.0005511521013,8.961503227e-06,0,0,0.001597688766,0.003232386196,0,0,0,0,0.00346004474,3.402950597e-06,0.03093762882,0.0008441704558,0.0006249360158,0.004205795471,0.0001509779104,0.0004831736733,0,2.741363096e-05,7.986967034e-07,0,0.003412035294,0.008090588264,0.2028366029,0.2168242186,0.1992429048,0.1614480466,0.2038366497,0.1234101653,0.03441374004,0.06338758767,0.06713026762,0.02464989386,0.002604741137,0.002409738721,0.006740480661,0.0003689444857,9.896579286e-05,0.02030699886,0.003562200116,0.01202606875,0,0.007151131518,0.001153829973,0.0008204525802,7.768819341e-05,0.01289684139,0.03893189505,0.000109963752,0,3.244348409e-05,0.000235692336,5.053393397e-05,0.0219143685,0.8826279044,0.1240153834,0.001594760339,6.550344096e-06,0.02506685071,0.003900889074,0.5723199248,0.03875962272,0.01238259953,0.007873877883,0.003594780341,9.610279085e-05,0.0003479153675,2.373619645e-05,1.003520651e-06,1.142885776e-05,1.567043e-06,0.01425818354,0.00231070281
121,0.0008674911223,5.116356988e-05,0.000374377094,0.0001946685225,0.2393667549,0.2383316606,3.593393558e-05,0.01347155962,0.000106243926,1.366691208e-06,4.337927749e-05,9.444061288e-05,0.002156437142,0.007142857648,0,0.001022807555,0.002857867628,0.00205703266,0.002361168619,0.004777092952,0.002510971855,0.004495106172,0.001612552674,0.002380952472,0.004541026428,0.008695114404,0.002940827981,0,0,0.006314050872,0.004017148633,0.001222251449,0,0,0.0006177989999,0.001361100469,0,0,0,0,0,0,0,0.0001550080633,0.0006357470411,0.0006894046091,0.002799889306,0.000549443881,0.0003312824119,0.000648190151,0.005244153086,0.003128153272,0.002380952472,0,0,0,0.0002155003313,0.0005469625467,7.963670214e-05,0.00037703829,0,0.001525775646,0.005807150155,0.002143679187,0,0,0.000878650404,0.000144719379,8.464299026e-05,0,9.694325627e-07,0,0,0.0007861232152,0.002059624298,0,0,0,0,0.0005813450553,0,0.003421508474,0,0,0.002700272948,0.0008453201153,0,0,0,0,2.513057325e-06,0.0005858818768,0.001612553955,0.2738921642,0.2941482365,0.1018240824,0.1713770479,0.2116003186,0.002803561045,0.1043400094,0.09116245061,0.04915889725,0.02681786567,0.002012181096,0.002776686568,0.003235315904,0.002000831533,4.44194211e-06,0.09246215969,0.01152058039,0.005421534646,0.001491712173,9.176567255e-05,0.0001613488712,0.001072455896,6.642820517e-05,0.02618899383,0.02700834163,0.0001118873988,3.244348409e-05,0,5.349029379e-07,1.706156581e-06,0.0004728246422,0.9890508652,0.161209166,0.006446606014,7.773115067e-05,0.0005962763098,1.413699283e-05,0.6109060049,0.06919161975,0.03396961465,0.04542866722,0.002891930519,0.0001774064876,1.044594114e-06,0.0001177958329,9.015649312e-07,0.0003343719291,1.322514709e-05,6.792364002e-05,9.508877156e-06
122,0.0009390297928,0.0002760250063,0.002311895136,0.0009481497691,0.05920156464,0.1199130639,0.005381198134,0.03148820996,2.463864257e-05,0,0.0001999155938,0.0005755672464,9.092870459e-05,0.003064843593,0.002380952472,0.00279786624,0.002123859245,0.01031614002,0.00280877878,0.004952266347,0.006565335672,0,0.005856120959,0,0.002380952472,0.006223216187,0.00110460259,0,0.001957336208,0.003545249579,0.002380952472,0,0.002380952472,0.002380952472,0.0009514905396,0,0,0,0,0,0,0,0,0,0,0,0.003999550827,0,0,0,0,3.966545046e-05,0.000151701548,0,0,0,0,9.954111192e-06,3.382773457e-06,0,0,0,0.0001607190061,8.674532e-05,0,0,0,4.060529318e-05,0,0,0,0.0007170690224,0.0002533668885,0,0.002380952472,0.0001940842048,0,0,0,8.880161658e-06,0,0.000116514726,0,0,0,0,0,0,0.0002405354026,0,0,0.0001847495296,0.0001044693054,0.1814693511,0.08658004552,0.05234993249,0.04879223555,0.03249785304,0.01118797809,0.01735128462,0.01723813452,0.01300900709,0.01796509884,0.001025755191,0.0008309067343,0.00125269487,0.0004022056237,2.623776481e-06,0.02521258406,0.005471391603,0.00060441409,0,1.117683041e-05,2.160722579e-05,0.0009081255994,0,0.0006900389562,0.09296584129,0.000751866377,0.000235692336,5.349029379e-07,0,0,0.003220202634,0.8381078243,0.1254472435,0.001300091622,0.0002106086758,0.0001677013061,6.474145721e-06,0.4900313914,0.01588733494,0.01058024727,0.00840467494,0.05057962984,0.006545708515,1.278282889e-05,0.0038231574,1.660841008e-05,0.002380952472,8.652769611e-05,0,1.981912646e-06
123,0.0001461632055,5.257363955e-05,0.0001771235111,0.0001570518216,0.04143127427,0.18770504,0.02602658235,0.01673210226,0.0001183340937,0.0001151573815,2.852052239e-05,0.0004136497446,0.0008417589124,0.004761904944,0.004761904944,0.001061105984,0.005824529566,0.01736137643,0.01686882228,0.01834285259,0.01456564851,0.01746918634,0.01840206049,0.01806921884,0.006546194665,0.01416611299,0.01205200423,0.01432125829,0.0152907595,0.02463929541,0.01565716043,0.01481968164,0.01605007425,0.003079195274,0.00722935237,0.009560944512,0.005891511682,0.002380952239,0.001670565456,0,0,0.0007036919123,0,0.003697984153,0,0,0.001481948653,0,0,0.002380952472,0,0.0001765747438,0,0,0,6.590741123e-06,0.0003648645943,0.00140105933,2.17949073e-05,0,0,0.0003362615535,0.0002395517222,4.417596574e-05,0,1.097933637e-05,0,0,2.963401357e-06,0,1.986262532e-06,0.002380952472,0.001492338721,0.0002115158859,6.068888251e-05,5.622877143e-05,0,0,0,6.135152216e-05,3.070829052e-06,0.000368120207,0,0,0,0.00150252576,0,0,0.0009201244684,1.927425728e-05,4.272797923e-06,0.0003800763516,0,0.2608518302,0.1075793058,0.09435141832,0.0516218394,0.07352463156,0.007722822018,0.005753299221,0.02341030352,0.01828753762,0.01887531206,0.0001854136353,1.040396364e-05,8.238836017e-06,0.000132492889,1.16878382e-05,0.005468849093,0.0001727133495,0.0006150702247,0,1.268871802e-05,1.929639075e-05,8.693627933e-06,9.014429452e-06,0.001138883061,0.02647367679,9.384496479e-06,5.053393397e-05,1.706156581e-06,0,0,0.06739854068,0.9431279898,0.103329733,0.0005379432696,7.151895261e-05,0.0005810454022,3.052444526e-06,0.5309433341,0.00875584688,0.003842192004,0.002403533319,0.01854110695,0.0003130183904,0.0015147269,0.003000794211,2.448403757e-05,3.458307037e-05,2.21827122e-05,0.0002737081086,7.275416283e-05
124,0.3002236187,0.001163717126,0.003150573932,0.01857936941,0.8191995025,0.2989521027,0.0006240545772,0.1697681695,0.1872017384,0.0005232733674,0.01749712788,0.07048543543,0.2033822238,0.03129901737,0.0004220411065,0.1030014977,0.07259984314,0.02380952425,0.01980226859,0.03489681706,0.01598138176,0.01268923469,0,0.004761904944,0.01571147889,0.01365337428,0.02668115683,0.007142857648,0.01190476213,0.0142857153,0,0.002380952472,0.002380952472,0,0.004761904944,0.007142857648,0.002380952472,0,0,0.004761904944,0,0,0,0.08907838911,0.06983540952,0.1108791381,0.1744531393,0.1220178679,0.2513201535,0.1718031317,0.3559208214,0.292876929,0.01781724393,0.0142857153,0.009523809887,0,0.02608451992,0.1791301221,0.1329698116,0.0898462534,0.02380952425,0.1612567604,0.544508934,0.5779906511,0.01190476213,0.04060205072,0.08529378474,0.08826845884,0.1439145207,0.1012754664,0.05194531009,0.0005440239911,0.07063116133,0.1395537853,0.2398412228,0.0009477690328,0.0008116990793,0.001681198133,0.01687886193,0.1960675418,0.0009934639093,0.5462881327,0.06047367305,0.1508192718,0.1019541919,0.1850438714,0.0008854116895,0.001452439465,0.0005169498618,0.001336448127,0.01547271572,0.2054288834,0.3128854334,0.6344490647,0.8059110045,0.8429265022,0.6621720195,0.7248247266,0.4928768873,0.7232068777,0.6734272838,0.6510128379,0.5694130063,0.2274584919,0.4135041237,0.4795363843,0.2156091481,0.05493217334,0.8519560695,0.2986195683,0.6041334271,0.1127058417,0.1742957234,0.2812710702,0.5169169307,0.2014963329,0.658254981,0.1279491335,0.07475827634,0.0219143685,0.0004728246422,0.003220202634,0.06739854068,0,0.9669772387,0.86628896,0.5178996921,0.1457273215,0.2336983234,0.01402918994,0.9770966172,0.801373601,0.7546574473,0.7538087964,0.003649327438,0.002181022195,0.0004267570621,0.001377291395,0.003566019703,0.3550655246,0.07338660955,0.0319493264,0.0174552314
125,0.99429667,0.9639413357,0.9845137596,0.9631364942,0.9921173453,0.9998608232,0.9751070142,0.9952740073,0.9567674994,0.8096269369,0.9706923366,0.9606974125,0.9652345777,0.8837042451,0.7401684523,0.9673165679,0.9604266286,0.7649810314,0.8264390826,0.874697268,0.8639876842,0.7338417172,0.4792681932,0.3435792923,0.7862808704,0.8081799746,0.7030088902,0.327336967,0.4637808204,0.6282659769,0.5456747413,0.43173787,0.321621418,0.1934213638,0.3395180702,0.4666231871,0.3231036067,0.06681104749,0.1015010402,0.2400577962,0.1102877408,0.1329489052,0.02142857201,0.9251958728,0.9036660194,0.865655303,0.9242997169,0.9421088696,0.9500101209,0.9370304942,0.9368058443,0.9420528412,0.3492116034,0.2378136069,0.2557798326,0.2831452191,0.5058582425,0.9315282702,0.9314414859,0.7840958834,0.3772454262,0.8079256415,0.9499319792,0.9691311717,0.6144086719,0.7717263103,0.6156831384,0.7398133874,0.9364933968,0.8990288377,0.8909831643,0.6587002277,0.9244062304,0.7559580207,0.8677834272,0.6746349335,0.4053534269,0.4992927015,0.6926005483,0.9618386626,0.8849804401,0.9517508149,0.5066822767,0.8697757721,0.8999074697,0.885658145,0.384650588,0.3453629613,0.8747276068,0.9088355899,0.749905467,0.9479153752,0.9536934495,0.946941793,0.873462379,0.8846685886,0.9152929783,0.9265781641,0.9448061585,0.8589445949,0.9164990783,0.9491847754,0.9684682488,0.9543136954,0.9529822469,0.9054012895,0.8829015493,0.9514762163,0.7175207734,0.9237980247,0.9349238276,0.8064305782,0.9717454314,0.9430493116,0.9299923778,0.8961753845,0.9595430493,0.9135268331,0.9504695535,0.8826279044,0.9890508652,0.8381078243,0.9431279898,0.9669772387,0,0.9028977752,0.9325198531,0.9157255888,0.9691087604,0.9789212346,0.9542224407,0.9857224822,0.959055841,0.9097118378,0.9581850171,0.9567946792,0.9781478643,0.9608871937,0.9665948153,0.8903867006,0.8932612538,0.9833547473,0.9784777164
126,0.5127797127,0.2080242038,0.3424457908,0.2558205128,0.769892633,0.9589948654,0.7366544008,0.5954575539,0.2110632956,0.1576384306,0.2779547572,0.3544006348,0.2545858622,0.2962546945,0.2091516554,0.3278792799,0.3264662027,0.110293895,0.1363161057,0.1852093786,0.1638870686,0.11512696,0.04924393445,0.03031470254,0.08938592672,0.1054846868,0.07988021523,0.02857143059,0.03677179664,0.07252214849,0.05849878117,0.0421975106,0.01539959293,0.01190476213,0.04126168415,0.04274174944,0.02142857201,0.002380952239,0.002380952472,0.01190476213,0.01666666754,0.007142857648,0.004761904478,0.1895315945,0.1792835891,0.2036450803,0.1921891272,0.2054359317,0.2249563038,0.2033559084,0.2331405878,0.2045793831,0.08624495566,0.05075655505,0.04344429076,0.04506805539,0.07740636915,0.1939826459,0.1564692408,0.1604769081,0.06667850167,0.1930370927,0.2217458785,0.2258388549,0.09467869997,0.09281606227,0.1535609215,0.1467057019,0.2211054713,0.1643281579,0.1035957113,0.1583931744,0.2834331691,0.1643543094,0.1874399781,0.1870280355,0.09284646809,0.1080231145,0.1059460789,0.1972748935,0.1096083,0.2252465487,0.1006220281,0.1877220273,0.2011086792,0.1782586724,0.06233666465,0.07005373389,0.3076314628,0.1311201602,0.1085151359,0.2263042033,0.2232686579,0.4524090588,0.2846210897,0.3838387132,0.2178825438,0.2597604096,0.3438276052,0.1242528483,0.196847558,0.2224016041,0.1483787,0.12760593,0.1093531623,0.08682515472,0.0944737792,0.1383927912,0.06870973855,0.09212392569,0.175293237,0.09950242192,0.1964342594,0.153607294,0.09689699858,0.1041598395,0.1001597941,0.6986287236,0.1208398119,0.1240153834,0.161209166,0.1254472435,0.103329733,0.86628896,0.9028977752,0,0.1143039167,0.09779347479,0.2011782825,0.2117839903,0.5770181417,0.07494664192,0.06119534746,0.07843790203,0.7414114475,0.1426501572,0.5390700698,0.4635829926,0.1431138068,0.0957788527,0.1067357659,0.2262272835,0.2126615345
127,0.006285568699,0.006369172595,0.01561835594,0.007424236741,0.07401955128,0.407982409,0.3029528856,0.06782406569,0.0007093712338,0.008796790615,0.008347598836,0.03436727077,0.005887440871,0.02811386064,0.0436608009,0.01576726884,0.007250320632,0.009825366549,0.01196014509,0.01062919199,0.0117955897,0.009310053661,0.001701198402,0.003993884195,0.002975484589,0.005040330812,0.009916180745,0.003266599728,0.01135531161,0.01506764069,0.007995965891,0.003188360948,0,0,0,0.0005707524833,0.002380952472,0,0,0.004761904944,0,0.002380952472,0,0.00371986255,0.001120304805,0.0002050182957,0.002380952472,0.002725254977,8.936975064e-05,0.004233062267,0.001084402902,0.0007959434879,0,0,0,0,0,0.0004108787398,0.0006301817484,3.022597957e-05,0,0,0.001521495869,0.001099977409,0.0002911448828,0,0.003461111104,0,0.00217567943,0.0001055844914,4.333336256e-05,0.0347151272,0.007503235247,5.347308615e-05,0.0003456526611,0.01566812955,0.004761904944,0.001239784877,0.002380952472,0.001980368048,0.002370257629,0.001481340965,0.0002103915031,0.0009079900919,0.00162325846,0.0004037967301,0,0.0005917560775,0.04169632867,0.002249452053,0.000250718731,0.0005481677363,0.000520505826,0.1433472037,0.09107007831,0.13898848,0.06995162368,0.106441319,0.03837195784,0.003522975836,0.005023821257,0.009100240655,0.02897955291,0.001254329225,0.0004118714714,0.0001182967462,3.022173405e-05,0.0002355915494,0.004178980831,9.866090295e-06,2.51438596e-05,2.177284841e-06,0.0006388666807,2.746869541e-05,0.0005242167972,9.653809684e-05,0.0001885630772,0.2225170434,0.002094803378,0.001594760339,0.006446606014,0.001300091622,0.0005379432696,0.5178996921,0.9325198531,0.1143039167,0,0.001205228618,0.0007694092928,0.004589248914,0.5476940274,0.01044996735,0.00221904763,7.815063145e-05,0.5560814738,0.02196162567,0.1807705164,0.1507396996,0.01677982509,9.162830247e-05,0.0003260710509,0.005158562679,0.004230771679
128,0.002915894147,0.0001537789067,0.003560650395,0.001610924141,0.2586976588,0.5435864925,0.12926355,0.03185440227,0.000622253574,6.320515968e-05,0.0008756252355,0.002851954661,0.01110310666,0.02484116331,0.01090382878,0.008150196634,0.004399435129,0.003914959263,0.01251156535,0.006869708188,0.007912925445,0.01325197238,0.002380952472,0.003966212273,0.001450370532,0.003160637338,0.0007158165681,0.003731363919,0.002514541848,0.003589947009,0.00373017299,0.005006271414,0.005972765386,0,0.0007064802339,0.006774174515,0.002380952239,0,0,0,0,0.002380952472,0.002380952472,0.00178627437,0.005291236565,0.005531636067,0.01140858512,0.004761904944,0.01342989877,0.01069320273,0.01190476213,0.006713494658,0.0005020924727,0,0,0,0,0.001879239455,0.0005428628647,0.0005948359612,0,0.004583275411,0.01624218933,0.01486973371,1.074665761e-05,0.0001945320982,0.002429161221,0,0.0001664427546,0.0007111110608,0,0.0008205407648,0.002120349323,0.0004890030832,0.004617017694,0.0001442250068,5.775881073e-05,9.540147403e-06,1.975021178e-06,0.007722663227,2.458481868e-05,0.01919992454,0,0.001364770113,0.001783593791,0.001655020751,5.969514677e-05,5.050570053e-06,0.0001878089097,2.256929292e-05,4.567781161e-06,0.003844647901,0.009034783579,0.2171865404,0.2052027881,0.2998381555,0.1497218311,0.2234908789,0.15986453,0.01387868822,0.05339745805,0.06602991372,0.01808919571,0.002258632099,0.0007356863352,0.0003149906115,9.621192294e-05,0.0002650699462,0.00428751763,0.0008645590278,0.008181551471,0.000115753588,0.006929775234,0.002653823467,2.078671969e-05,6.020747969e-05,0.001652902341,0.1779633909,0.0004763217294,6.550344096e-06,7.773115067e-05,0.0002106086758,7.151895261e-05,0.1457273215,0.9157255888,0.09779347479,0.001205228618,0,0.02256857045,0.01046013087,0.5064167976,0.007180287503,0.002518485766,0.002846383257,0.02880883403,0.0001126843781,0.00472243689,0.0004724863684,0.0001238112891,9.896083611e-06,2.26193315e-05,0.006657321472,0.006569777615
129,0.01040047687,0.021207368,0.04056262597,0.03259848431,0.1511668563,0.4272877872,0.139538765,0.09380311519,0.0003202280204,0.009907052852,0.002258193912,0.01322740875,0.0003459439613,0.01461879164,0.02611133642,0.004430168774,0.009195548482,0.01270743646,0.01086013112,0.008846700191,0.007125798147,0.005110053811,0.007812766358,0.003790433519,0.007152996957,0.006562771276,0.00681527378,0.01298837177,0.002945005428,0.005925465375,0.0005601108423,0.002380952472,0.007002164144,0.004761904944,0.004583294038,0.001455851714,0.002380952472,0,0,0.002045751084,0.002380952472,0.002380952472,0,0.0006393242511,0.0003544141946,0.0007746866904,6.996947195e-05,0.000109272296,7.401726907e-05,4.432352216e-05,0.0001215845114,0.0002502663119,0.0003958891029,0,0,0,0.0007732114755,0.0005717893364,0.0005540492712,0.0001177256054,0,0.0003035193949,0.0003102749761,0.0004612726916,0,0.00154041755,0.00013428081,0.00100548286,0.0002563699381,0.001056582318,4.456161696e-05,0.0121440161,0.0020956886,0.0003487656359,6.133972056e-05,0.02110618539,0.00434631668,0.004662739113,0.002830839483,0.0002387474233,0.001444415422,0.0001604571007,0.0002293887519,0.0001702616282,0.0003249304136,0.0002084662265,0.0001985668641,0.00069641968,0.02865205333,0.006850748789,0.003226962639,5.904623322e-05,0.0002254509891,0.2384419292,0.03311411291,0.01993328147,0.0139327459,0.01881661639,0.001064719982,0.007104563061,0.001505427179,0.0003551703703,0.04357685894,0.005489440169,0.01353882346,0.02612776123,0.004277047236,0.001191847259,0.0139943473,0.01065659989,0.0001865871891,0.003269418143,0.0001877800969,0.003969527315,0.02339164913,0.003143104026,0.01018721424,0.3363092542,0.03870650381,0.02506685071,0.0005962763098,0.0001677013061,0.0005810454022,0.2336983234,0.9691087604,0.2011782825,0.0007694092928,0.02256857045,0,0.0002049423492,0.6175097823,0.02779338136,0.0185767021,0.002165309153,0.66996032,0.1618171185,0.008496982045,0.1940322816,0.00525845075,0.01274491288,0.003146631876,3.623496377e-05,5.681842958e-05
130,0.007674238645,0.002417422598,0.026997054,0.01243294682,0.1234978735,0.4546940327,0.009117142297,0.08669064194,0.0004536272318,0.001693356084,0.003218310652,0.008851701394,0.0007762964815,0.02379274741,0.006517172791,0.005275830626,0.007576257922,0.0008246168727,0.008260991424,0.001317093731,0.005410061218,0.006472316571,0,0,0.0050810026,0.006101684179,0.002174138092,0.002380952472,0.004138763528,0.008723098785,0.009656115435,0.000160530195,0.008275285363,0,0.001425396302,0.001317516435,0.003982192837,0,0,0,0,0,0,0.0005097250105,0.0006450091605,8.399970829e-05,0.0008974306984,0.0009725525742,0.0004282089358,0.001262133359,0.0002801742521,0.000134363363,0,0,0,0,4.864106813e-05,0.0001532430324,7.8525145e-06,0.0007093619206,0,0.0004359948216,0.000715826347,0.000419181044,0,0,0.0004744488979,8.657904982e-05,0.0001234768861,4.832908598e-05,1.588354826e-05,0.001233599964,0.002771633677,6.958902668e-05,0.0003744543355,0.001170476782,0.0002631207171,0,0,2.722687714e-05,0.0002690281544,0.0002855960629,0,0.0002353381133,0.0001418228785,9.330305329e-05,0.000398290751,0.0003808494366,0.001401585061,0.0004698137345,0.0001471810829,0.000229317724,0.0001834945433,0.2518386543,0.08915826678,0.06716133654,0.04200743884,0.02745098807,0.001484359498,0.03622768819,0.014471462,0.006945146713,0.03171857819,0.002384948777,0.003448038828,0.0007685915916,0.0007397281588,1.528946632e-05,0.03470508754,0.003496586345,0.001239235164,0.003465268761,5.889998283e-05,0.0001132300822,0.008078954183,0.001098835142,0.007398556452,0.3412343562,0.01008721534,0.003900889074,1.413699283e-05,6.474145721e-06,3.052444526e-06,0.01402918994,0.9789212346,0.2117839903,0.004589248914,0.01046013087,0.0002049423492,0,0.6357477903,0.02654265054,0.02125719935,0.0111836642,0.290452987,0.06793803722,0.0002997734409,0.01754387468,0.0005624208134,0.005285860971,0.0006114446442,2.325211426e-05,1.03002576e-05
131,0.869679153,0.7160375714,0.8196356893,0.7293659449,0.943913281,0.9834583402,0.9298863411,0.8923685551,0.6400659084,0.5798646808,0.6964942217,0.7330233455,0.6985093951,0.6569898129,0.4336770773,0.7305585146,0.8508074284,0.5185161233,0.6090333462,0.6598742604,0.6589217186,0.4944337606,0.2391746938,0.1800136566,0.4876137972,0.5257727504,0.482729584,0.1888016313,0.2883406579,0.4168502688,0.3342339694,0.2480279058,0.1248589009,0.07713356614,0.1839669496,0.2336091697,0.1603090465,0.01666666754,0.02619047649,0.1066248491,0.04047619179,0.05714286119,0.004761904944,0.6708751917,0.6144843698,0.6656837463,0.6692672372,0.6648716927,0.6780901551,0.6775279045,0.6775901914,0.6213544011,0.3595020473,0.2327031493,0.2401085496,0.2465851456,0.4194594026,0.5496075153,0.5172522068,0.5817613602,0.3290888667,0.5828206539,0.6721383929,0.6071455479,0.4268015027,0.525262177,0.4391766787,0.4777297676,0.6433465481,0.5463392138,0.5442395806,0.494892329,0.6954824924,0.5057726502,0.6248342991,0.5488182902,0.3125800788,0.3896590471,0.491836518,0.6194754839,0.5413732529,0.6636000872,0.4094859362,0.6159650683,0.6286924481,0.5916391015,0.3132690787,0.2739278972,0.7081283331,0.5711838603,0.4974359572,0.6569162607,0.6578772664,0.8672229648,0.7516613007,0.8303565383,0.6737439632,0.7081075311,0.7698330879,0.6374699473,0.6343071461,0.635057807,0.4289344251,0.4774818718,0.4400762022,0.5113422275,0.5812875032,0.5515186191,0.7120087147,0.4712963402,0.5854998231,0.5377054811,0.5667896867,0.5385408401,0.4804777801,0.5473614931,0.4183173478,0.8081848621,0.4754349291,0.5723199248,0.6109060049,0.4900313914,0.5309433341,0.9770966172,0.9542224407,0.5770181417,0.5476940274,0.5064167976,0.6175097823,0.6357477903,0,0.2674223781,0.3685791492,0.520149529,0.9511865973,0.5688712597,0.8478152156,0.8741598725,0.5808116794,0.5588664412,0.5448689461,0.6363925934,0.6258627176
132,0.2156515121,0.1047305316,0.190691635,0.08633847535,0.5523666739,0.8185471892,0.5197959542,0.3230540752,0.02148949914,0.05706685036,0.05984476581,0.1324496567,0.03701943532,0.06088622287,0.09429830313,0.08209910989,0.1241534501,0.02040594816,0.04738231748,0.04147110879,0.04889671877,0.02222609892,0.005200337619,0.009523809887,0.02592212521,0.02432704344,0.02385825291,0.002380952472,0.002380952472,0.004761904944,0.009523809887,0.02142857201,0.002380952239,0.002380952472,0,0.008953964338,0.002380952472,0,0.002380952472,0.002380952472,0,0.002380952472,0,0.02301224321,0.0203225892,0.01199084893,0.0193348024,0.02457118779,0.03191366419,0.02493724227,0.03422248363,0.02148283832,0.002030774252,0.001035329537,0.002380952472,0.004761904944,0.006451041438,0.009466303512,0.01080398727,0.01724165678,0.0009144027135,0.0173554197,0.03138197213,0.02050769329,0.005005001556,0.009061872959,0.003974679857,0.01049816608,0.0307554435,0.009680663235,0.01017748285,0.105557248,0.05990594625,0.01158139482,0.02113477886,0.1467771083,0.03162982687,0.02871719562,0.005574319512,0.02276200242,0.03817665577,0.03252549097,0.00702806795,0.02392234467,0.0224179104,0.01751710847,0.02183324844,0.01108795125,0.23290205,0.050994955,0.007528420538,0.02432916127,0.03114330396,0.3236456513,0.124666594,0.2199046612,0.06709459424,0.08695906401,0.1096608862,0.02906951308,0.04214714468,0.03803109005,0.04019483179,0.01121133473,0.003930191975,0.005690946709,0.01050203387,0.0143963499,0.02955701202,0.004273085389,0.02103602886,0.01142440829,0.01770224795,0.01483502239,0.005359807052,0.008926938288,0.003033709247,0.6730051041,0.01301384158,0.03875962272,0.06919161975,0.01588733494,0.00875584688,0.801373601,0.9857224822,0.07494664192,0.01044996735,0.007180287503,0.02779338136,0.02654265054,0.2674223781,0,0.00090441067,0.004223971628,0.6730681062,0.04158649594,0.4444261491,0.4521926939,0.0579216294,0.00888230186,0.01122296043,0.03388703987,0.02525462955
133,0.1211989373,0.06447048485,0.1017622128,0.05128345266,0.4898969829,0.7310312986,0.4365738332,0.2289551198,0.01543141343,0.03456657752,0.04187449813,0.09825081378,0.03415431082,0.05909753591,0.05715937167,0.08334199339,0.07392394543,0.0142857153,0.02146572061,0.02863308042,0.02703121677,0.01653485,0,0.00340658729,0.007263204083,0.01365655567,0.007142857648,0,0.007142857648,0.004761904944,0.007142857648,0.002380952472,0,0,0,0.004761904944,0.004761904944,0,0,0,0,0,0,0.007900166325,0.01190476213,0.01641117595,0.01344339829,0.01340344269,0.02076603286,0.01042147633,0.02538901754,0.01041793544,0.003783900756,0,0,0.002380952239,0.001007930958,0.005932193715,0.004302624147,0.008610171266,0.002762416843,0.00488716783,0.02330156602,0.01275358256,0.003395200474,0.002566484967,0.004915921483,0.000939750229,0.01734660007,0.006546481512,0.006172541063,0.05120666325,0.03523599356,0.01006685942,0.01558745094,0.06634899229,0.007009170949,0.008517700247,0.001003580051,0.01350972522,0.01311361231,0.0252327323,0.006038988009,0.007177494001,0.02126149833,0.01143263746,0.0142857153,0.0128522506,0.1806749701,0.01770398766,0.001011630637,0.02687329054,0.02972596511,0.2834117711,0.1671574563,0.2635178864,0.09054608643,0.1327630728,0.1645665169,0.0007907921099,0.03621589392,0.04542225227,0.01372133754,0.003381802468,0.001668210723,0.001154610654,0.002171993488,0.006392772309,0.002459982876,0.001946012024,0.01077986602,0.002308751224,0.01592536457,0.004415240604,0.001575122238,0.002010329161,0.0004580883542,0.5707838535,0.006774232723,0.01238259953,0.03396961465,0.01058024727,0.003842192004,0.7546574473,0.959055841,0.06119534746,0.00221904763,0.002518485766,0.0185767021,0.02125719935,0.3685791492,0.00090441067,0,0.0002401516394,0.6301858425,0.02556655183,0.3405187726,0.3138728738,0.04059915617,0.00212930562,0.002965662163,0.03878735378,0.0234692432
134,0.02181028202,0.02417240851,0.03822149336,0.02061379515,0.1720528454,0.5226813555,0.6736389995,0.1045135558,0.006594264414,0.01976977661,0.02831090242,0.07735581696,0.01300058607,0.1093820632,0.1742824465,0.0658511892,0.01709579118,0.01396538783,0.02183275111,0.02112399973,0.02424540929,0.01950997487,0.02595442161,0.01578955911,0.009410813451,0.01709086075,0.01096047275,0.007857367396,0.01976717636,0.01544354949,0.01900309511,0.01097219624,0.00877904892,0.004879802931,0.01211080328,0.01190347876,0.007547654677,0,0.004761904944,0.01620764658,0.006195069291,0.002380952472,0,0.01545150671,0.02476599626,0.004521427676,0.007840836421,0.002345088637,0.008952174336,0.006039088126,0.003791984869,0.007641676348,0.002269788878,0,0.0009039130528,0.0002364473476,0.001132270903,0.005885687657,0.002652595285,0.006105142646,0.004213337786,0.005731885321,0.006866698153,0.006660903338,0.0008117725956,0.001780068618,0.0007751040976,0.006066080183,0.003764086636,0.003394026775,0.0003848176275,0.1417443603,0.03739327192,0.006265994161,0.005247252062,0.1200766042,0.01040832512,0.0212711636,0.0004995208001,0.005649820436,0.01024328824,0.006221357733,0.003465361195,0.01041999552,0.007856977172,0.004375242628,0.01784592122,0.01493740268,0.2536606491,0.01561080292,0.0007113015163,0.007877009921,0.006423860323,0.1257520467,0.06940233707,0.1151844785,0.05665640905,0.1040495858,0.07544290274,0.0004445459344,0.005461653695,0.01531781722,0.04446567968,0.006231625099,0.002759428928,0.0008862473187,0.0002464957943,0.002030108357,0.001506953617,0.0007346441853,0.0002883092675,8.028967568e-05,0.002190673957,0.000595285499,0.002027916489,0.0005246031797,0.0006393410731,0.3867480755,0.01150270924,0.007873877883,0.04542866722,0.00840467494,0.002403533319,0.7538087964,0.9097118378,0.07843790203,7.815063145e-05,0.002846383257,0.002165309153,0.0111836642,0.520149529,0.004223971628,0.0002401516394,0,0.716907084,0.06137131155,0.4680083692,0.2750440836,0.03860517964,0.0006127316738,0.0009518709849,0.00897986535,0.01013266295
135,0.1444991827,0.001723943744,0.006158413831,0.01015088242,0.8795651793,0.6584587693,0.003751181532,0.3726182282,0.3883937001,0.007684295066,0.2048702389,0.1915425807,0.5792289376,0.1708927006,0.005557016004,0.4573315978,0.1047122106,0.04121622816,0.07573330402,0.07582197338,0.0847312808,0.05127767846,0.0142857153,0.0103746783,0.02589304931,0.05072853342,0.04775995761,0.01160457078,0.02372131497,0.03520574421,0.02699709684,0.02473570593,0.005864058621,0.001234630239,0.01644483954,0.01190476213,0.01299510431,0,0,0.002380952239,0.004761904944,0.002380952472,0,0.2745532095,0.2579027116,0.3285594881,0.4603110254,0.3721040785,0.5770395398,0.5381138325,0.7410048842,0.5818428397,0.07597384602,0.01842820272,0.02786662057,0.0157150235,0.06085135788,0.4020277262,0.2386859655,0.269734621,0.06671527773,0.3454425335,0.7907153964,0.7690680027,0.03924392536,0.08141262084,0.2112583369,0.216244787,0.3650705516,0.2719275355,0.05328737944,0.0009858630365,0.3652963638,0.3128940463,0.5042929053,0.0009658341878,0.002952246461,0.002099685604,0.02923578955,0.5750231147,0.00359120802,0.8039765358,0.1465769112,0.4084788561,0.3911511302,0.3782201409,0.02103978954,0.0039892653,0.0007734035025,0.001715808292,0.01435438264,0.5520510674,0.7002434134,0.910246551,0.8563834429,0.9188170433,0.7581961155,0.7950288653,0.8462406397,0.7727693319,0.7618258595,0.7950660586,0.2621997893,0.06219535694,0.08270333707,0.3423045576,0.05796513706,0.02932591923,0.7889761329,0.2720200121,0.7256913781,0.1706872433,0.5406598449,0.3211850524,0.1362252533,0.03782707825,0.4161646068,0.07797833532,0.0007830987452,0.003594780341,0.002891930519,0.05057962984,0.01854110695,0.003649327438,0.9581850171,0.7414114475,0.5560814738,0.02880883403,0.66996032,0.290452987,0.9511865973,0.6730681062,0.6301858425,0.716907084,0,0.0006526091602,0.0009769554017,0.0007276799297,0.001493944786,0.1301947236,0.0139009878,0.3939822614,0.2811484337
136,0.007908631116,8.885141142e-05,0.001142528607,0.0008278033347,0.4992444813,0.5257353187,0.003233576892,0.04367174953,0.01366445888,0.0001567449071,0.006644176785,0.01021254435,0.1797246784,0.06252886355,0.006658947095,0.03463563323,0.01136924792,0.009544919245,0.00960690435,0.01097184047,0.009494050406,0.008253817447,0.0131484624,0.006295904517,0.002012245124,0.007350860629,0.005446925759,0.001263990649,0.007372625172,0.002891353332,0.005503685679,0.003903444158,0.001356283319,0,0.003619253403,0.00120844075,0.002175412141,0,0.0005214575795,0,0,0.002380952472,0,0.06114429608,0.05530595407,0.06347688287,0.1185069233,0.1098456904,0.1573750377,0.1184351891,0.3223428726,0.1202917174,0.00944735948,0.001985495677,0.004960559309,0.0008066360024,0.003240093822,0.06215145439,0.009217567742,0.04611931369,0.002985985018,0.07407111675,0.305115521,0.1739536375,0.0004809329403,0.001337551279,0.03316045552,0.01702863723,0.009793184698,0.02147447318,0.0005524456501,0.0001423055073,0.05081335455,0.04365177825,0.1075666621,3.659361391e-05,3.739750173e-05,4.865013398e-05,6.331237091e-05,0.08201465756,7.318633288e-05,0.2736589611,0.02452305518,0.04856553674,0.08256657422,0.07563921809,0.001020223484,2.091127317e-05,7.87033423e-05,2.954107185e-05,0.0001468536502,0.1198037937,0.1438364387,0.5424602628,0.645442605,0.7520982623,0.5182124972,0.5733101964,0.5316163898,0.1958559752,0.3363819718,0.375367105,0.01733283885,0.003158789594,0.00280545908,0.01085966825,0.001694807317,0.0009274970507,0.08354317397,0.007713608444,0.1132893488,0.003119579284,0.0516599454,0.0151345795,0.0006476907874,0.0008670702227,0.01146087702,0.07399345934,9.916974523e-05,9.610279085e-05,0.0001774064876,0.006545708515,0.0003130183904,0.002181022195,0.9567946792,0.1426501572,0.02196162567,0.0001126843781,0.1618171185,0.06793803722,0.5688712597,0.04158649594,0.02556655183,0.06137131155,0.0006526091602,0,0.0008045124705,0.0002088145993,0.0001049208804,0.001334111206,0.0001686858886,0.07514635473,0.04235858098
137,0.02738939784,3.124406066e-05,0.0008779500495,0.002052290831,0.4553579092,0.2577770054,1.384662482e-05,0.08940463513,0.004834849853,1.141690245e-05,0.000600768486,0.0007571151364,0.03805284202,0.01191776898,5.422557933e-06,0.01022327226,0.01111790165,0.004761904944,0.007142857648,0.007142857648,0.004642404616,0.004761904944,0.002009820193,0,0.0005550494534,0,0,0.001696763211,0,0.001074601547,0.001877012313,0,0.002380952472,0,0,0.000732994522,0,0,0,0,0,0,0,0.008753698319,0.01694821008,0.02054339275,0.02745922655,0.02624251693,0.03780143335,0.04082414508,0.06742719561,0.04963171482,0,0,0,0,0.003635183442,0.02766156942,0.00620323373,0.01347128581,0,0.02580418997,0.155203864,0.1112797707,0.0006840497372,0.002607733477,0.003775744466,0.007868338376,0.006292577833,0.01496258192,0.001270198962,0,0.01077228505,0.01817017049,0.03133936971,1.816039344e-06,0,0,0,0.01651722379,8.82382119e-06,0.09822734445,0.006254622713,0.01876671985,0.01004444994,0.01925217919,4.935957622e-05,0,4.392375104e-07,6.868865057e-06,0,0.01370558701,0.03014520183,0.3036606908,0.6525124311,0.4851195514,0.4886115789,0.5061944127,0.04490300268,0.4455129206,0.446396172,0.3193148375,0.1869081408,0.04589331523,0.08837860823,0.1254383177,0.04311693832,0.0008461833349,0.6010037661,0.05878923833,0.1574467272,0.009523809887,0.008063832298,0.03911111504,0.1687172949,0.02112776786,0.2790296376,0.08385775983,0.01082215365,0.0003479153675,1.044594114e-06,1.278282889e-05,0.0015147269,0.0004267570621,0.9781478643,0.5390700698,0.1807705164,0.00472243689,0.008496982045,0.0002997734409,0.8478152156,0.4444261491,0.3405187726,0.4680083692,0.0009769554017,0.0008045124705,0,3.318561721e-05,4.274534604e-06,0.0448345989,0.009268824011,0.0005983713199,0.0003457849962
138,0.01663370058,7.901855133e-05,0.0009372465429,0.00107679714,0.6271264553,0.4069314301,0.0003952826955,0.06784416735,0.01665510237,5.565192259e-05,0.00284073432,0.004749484826,0.1702105254,0.06318911165,0.000356667646,0.03427691758,0.01195842493,0.006939594168,0.01741581596,0.01659331098,0.008167443797,0.003880515229,0.002380952472,0.002380952472,0.0006844380405,0.01420200989,0.005980453454,0.00609850185,0.002380952472,0.004591700155,0.003112911247,0.002380952472,0.002380952472,0,0,0.004761904944,0.00148148986,0,0,0,0,0.002380952239,0,0.05495772883,0.05372333154,0.07475653291,0.1360119581,0.09672806412,0.16588974,0.145356968,0.2897060215,0.191584453,0.0176597219,0.001479881932,0.005674800836,0.007125022355,0.01625571772,0.09989459813,0.04092439637,0.06239036098,0.01450105011,0.1107374951,0.4644711018,0.3718342185,0.0007365740021,0.00611027237,0.0381979011,0.02040414698,0.01848055236,0.05292829871,0.002531417646,9.164446965e-06,0.02856624871,0.06967517734,0.134631291,4.111993348e-06,6.171693713e-06,2.119727287e-05,0.001170506352,0.07910630852,5.907230661e-05,0.3817844689,0.02911672927,0.05856939405,0.07361311466,0.08580611646,5.17949411e-05,0,8.282880117e-06,1.420068111e-05,0.0003594349255,0.08325002342,0.1429460645,0.5627169013,0.7544899583,0.7982892394,0.6020076871,0.6604828238,0.4574371278,0.4435704648,0.5207843184,0.543957293,0.1943240464,0.06504493207,0.09734742343,0.1364208758,0.02506671101,0.007606616244,0.4025824964,0.1323944479,0.3140285015,0.06524564326,0.1130269691,0.1005501524,0.04491141066,0.008996495977,0.2866246104,0.0681836158,0.003581499681,2.373619645e-05,0.0001177958329,0.0038231574,0.003000794211,0.001377291395,0.9608871937,0.4635829926,0.1507396996,0.0004724863684,0.1940322816,0.01754387468,0.8741598725,0.4521926939,0.3138728738,0.2750440836,0.0007276799297,0.0002088145993,3.318561721e-05,0,3.200300489e-05,0.005245709792,0.000586218317,0.03164728731,0.01800946891
139,0.0005810256116,2.300742744e-05,0.0002356149489,0.0001734118996,0.1554307193,0.2112705708,0.001550249057,0.007150899153,0.0003237140481,2.528186451e-05,0.0001825039362,0.0003413975646,0.0109875286,0.01006807853,0,0.001286325743,0.003929321654,0.01012599096,0.005662957672,0.009182599373,0.004232709762,0.005878880154,0.004048688337,0.009497638792,0.001933319145,0.002356788842,0.003409487428,0.00461261766,0.002339587081,0.005477538798,0.003873158712,0.002961769002,0.006409451831,0.004239771981,0.001856076648,0.001660660258,0.01171450503,0,0,0,0.002380952472,0.002380952472,0,0.000984713668,0.004985858221,0.002175302012,0.007534686942,0.009707109071,0.01408384368,0.01209393516,0.0416068323,0.0067201294,0,0,0,0.0003044691111,0.0001064875905,0.006214744877,0.0009089880623,0.0006525357603,0,0.003306229832,0.03800439462,0.01573684998,0,0.0001457753533,0.001147750649,0.0004799907911,0.0001967226563,0.0007873819559,4.1628914e-06,8.187716594e-05,0.001618813374,0.002020468004,0.003104467178,2.488540076e-06,0,1.06902462e-06,2.436280738e-06,0.005328237079,2.263962187e-06,0.0214551799,0.0003151878191,0.002145845443,0.009602122009,0.002993305679,0,0,2.915003961e-06,6.794446108e-07,0,0.006978057325,0.008263384923,0.282007575,0.459793061,0.3697208762,0.34665066,0.3983624279,0.03335966542,0.1428847015,0.1888375282,0.1705255955,0.02204990014,0.003863898572,0.004194710404,0.01442598645,0.001323058736,0.0002649179369,0.06259477139,0.01409896836,0.02598487586,0.00300905318,0.001746604219,0.001620256109,0.0007231099298,0.0001090270307,0.02182777785,0.01658089086,7.596466457e-05,1.003520651e-06,9.015649312e-07,1.660841008e-05,2.448403757e-05,0.003566019703,0.9665948153,0.1431138068,0.01677982509,0.0001238112891,0.00525845075,0.0005624208134,0.5808116794,0.0579216294,0.04059915617,0.03860517964,0.001493944786,0.0001049208804,4.274534604e-06,3.200300489e-05,0,0.0002332018048,5.458885425e-06,0.0004513606546,0.0002617036807
140,0.002883813344,0.0002704654762,0.00300640706,0.0009116809815,0.1623845994,0.5023224354,0.1730353236,0.02865147032,0.0001949079597,0.0001663334551,0.0007415718283,0.003734235186,0.002144118771,0.02889556065,0.0199735295,0.005642311648,0.007109912112,0.01372421626,0.01237124298,0.01103276946,0.01186320279,0.01260311808,0.009087254293,0.007669294719,0.003323365469,0.01160587184,0.006776472554,0.001175728859,0.01660688221,0.01204135548,0.01012570318,0.007710835431,0.003062766511,0,0.00204668357,0.003071124433,0.00451876875,0,0.002380952472,0,0.002380952472,0,0,0.004761904944,0,0.0002164436446,0,0,0.003293415532,0,0,0.0007352328976,0,0,0,0,0,0.002631725976,7.181960245e-05,0.0001183999921,0,0,0.006330100819,0.001463901601,0,7.484090747e-05,0,0,6.922583998e-05,0.0001253586524,0,0.009169640951,0.004332967103,0,0.0002956517565,0.001091019833,5.180519292e-05,0.0001349015947,0,0.001335086767,2.473037966e-05,0.004612672608,0.0004610116011,0.0003447952913,0,0.001920464332,0.000794444466,0,0.00511758076,5.581943333e-05,2.730442793e-05,0.00037224486,0.004824311938,0.1319566965,0.1129922718,0.1229775622,0.07356984913,0.1198456436,0.09898844361,0.002640687861,0.01963088475,0.03210143372,0.03643123433,0.001629131963,0.0005762602668,6.877371925e-05,7.900870514e-06,0.0001651081548,0.001930051018,0.0001887648978,0.001380984439,3.749620737e-05,0.004400462378,0.0003665489203,1.313001121e-05,6.488883628e-06,0.001398903318,0.1515837908,0.0003103503259,1.142885776e-05,0.0003343719291,0.002380952472,3.458307037e-05,0.3550655246,0.8903867006,0.0957788527,9.162830247e-05,9.896083611e-06,0.01274491288,0.005285860971,0.5588664412,0.00888230186,0.00212930562,0.0006127316738,0.1301947236,0.001334111206,0.0448345989,0.005245709792,0.0002332018048,0,1.721727926e-06,0.01030755229,0.005072524771
141,0.0002783724922,9.429168858e-05,0.0004113686446,0.0001495220931,0.07015416771,0.1991984844,0.03135287762,0.01086670719,0.0001151800752,0.0001338710135,0.000198231166,0.001213893876,0.0004771318636,0,0.005708117504,0.001755262725,0.003688843688,0.009926114231,0.01013586856,0.01112876926,0.009682275355,0.009220195003,0.00319660781,0.005838247947,0.004979178775,0.006589069963,0.004766270053,0.005132639781,0.007433576975,0.00765415933,0.006360542029,0.006255846005,0.005266843829,0.0008557033143,0.002203757409,0.001621078933,0.003049619496,0.002380952239,0,0.00210920372,0,0,0,0,0,0,0,0,0,0,0.0005931713968,0.002739057411,0,0,0,0,0.0008752094582,0,0.0008231235552,0.0002152598172,0,0,0.002637705533,0.001547877328,0,0.0001123201218,0,0.0007924040547,2.446507642e-05,0.0001954471372,2.061166379e-05,0,0.0003902736353,0.0003347863967,0.001101549948,5.246948785e-05,0,0,0,0.000554043334,2.079206752e-06,0.002514638938,0,0.0004278147244,0,0,0.000228725723,0,0.0001706391486,1.718637577e-06,0,0.0006935861311,0.0002054779034,0.1491758525,0.1091629863,0.1126886234,0.05648792535,0.1084790155,0.049921114,0.006565850228,0.01378309075,0.02235886827,0.02137190104,0.0008611847297,0.0001382490736,0.0006146458327,4.010340035e-06,7.39190873e-05,0.004183274228,0.0006115990109,0.0005182453315,0.0002325751702,0.0006756953662,0.0001156798899,2.528296682e-05,2.951614988e-06,0.002097796882,0.02927480452,2.260535985e-05,1.567043e-06,1.322514709e-05,8.652769611e-05,2.21827122e-05,0.07338660955,0.8932612538,0.1067357659,0.0003260710509,2.26193315e-05,0.003146631876,0.0006114446442,0.5448689461,0.01122296043,0.002965662163,0.0009518709849,0.0139009878,0.0001686858886,0.009268824011,0.000586218317,5.458885425e-06,1.721727926e-06,0,0.00223793136,0.000459432049
142,0.01163865626,0.008967543952,0.03662326559,0.03338856623,0.1952007115,0.5084751844,0.0271992106,0.09740161896,0.001212040312,0.004046334885,0.004800003022,0.01819832623,0.0007313351962,0.03594556823,0.01589610241,0.01260854304,0.01276257448,0.002978561213,0.002992914757,0.007696792483,0.004267115612,0.004521587398,0.005070722662,0.003252215683,0.005391311366,0.006545988843,0,0,0.005105242133,0.009546387941,0.004885057453,0,0,0,0,0,0.002380952472,0,0,0,0.002380952472,0,0,0.001044231001,0.0004036847386,8.705611981e-05,5.566542313e-05,0.0001925185061,6.108794332e-05,0.0002063506836,2.672907613e-05,0.001193857752,0,0,0,0,0,0.0002717879543,0.001693146303,0.0004773700493,0,0.003938540351,0.0003134935396,0.00127679552,0,0,0,0.0001433985744,0.0006313860649,0.0007316698902,0,0.004033358768,0.005602185614,0.0003245809057,0.0008940351545,0.004070566036,0.0009220011416,0.002212139312,0.0001302529126,0.0002339829807,0.0004025257949,0.000424373924,0.0004216005909,0.0008893526974,0.0002993357193,0.0004948718706,0,0,0.002873005578,0.0008049197495,0.001121314242,0.0001604835852,0.0003980819019,0.2098580748,0.00893226359,0.002353526419,0.002951009665,0.002623063046,0.0001414754515,0.01166567393,0.0008155952091,0.0001081833107,0.04603575915,0.005998799112,0.01908048801,0.02434935421,0.007725807372,0.001360154594,0.01727648638,0.01147646643,0.0005809217691,0.008532459848,0.001250505797,0.005300034769,0.02092373371,0.004267688841,0.01478211116,0.3415002525,0.0218523778,0.01425818354,6.792364002e-05,0,0.0002737081086,0.0319493264,0.9833547473,0.2262272835,0.005158562679,0.006657321472,3.623496377e-05,2.325211426e-05,0.6363925934,0.03388703987,0.03878735378,0.00897986535,0.3939822614,0.07514635473,0.0005983713199,0.03164728731,0.0004513606546,0.01030755229,0.00223793136,0,1.813590825e-05
143,0.009932178073,0.003985637799,0.03114181384,0.02741099335,0.1466642022,0.4681994319,0.01507192012,0.08459968865,0.0001145138813,0.001270384062,0.001356156776,0.00529800728,0.0002523530857,0.01038900483,0.01465277839,0.003233504947,0.01074628159,0.008226250298,0.005782414228,0.006794260349,0.003695743857,0.005358051974,0.002975771669,0,0.01135589089,0.005544454325,0.001465695561,0.002380952472,0.001915229484,0.004263951443,0.003308187239,0.003038335824,0.004761904944,0,0,0.003370374674,0,0,0,0,0,0,0,0.0007787143695,0.0007321360754,0.0002793981403,0.0002866103896,0.002636758378,0.0003857108532,0.0001137887375,0.0001609804749,0.0001284116879,0,0,0,0,5.260295438e-05,6.707144348e-05,3.5224155e-05,0.000161583157,0,0.0001737335842,0.0001133449041,0.0001113597536,0,0,0.0005137745175,6.984604988e-05,5.576734111e-05,4.432515925e-05,0,0.002336960752,0.001465282869,4.434416405e-05,2.92375953e-05,0.001285900478,0.0005325006205,9.031702939e-05,0.0001592242043,8.70953736e-05,6.408368063e-05,0.0001457920298,0,0.0003247151908,5.499449253e-05,0.0002362116502,0,8.976212121e-05,0.001746558817,0.000407972926,0,0.0001614996581,9.940808377e-05,0.238695249,0.08106186241,0.03536695987,0.03373780474,0.03236948326,0.001416301937,0.033345595,0.009015846066,0.001761967433,0.03307445347,0.002950437134,0.01361076627,0.006065386347,0.008668376133,7.345299673e-05,0.03275348619,0.004527865443,0.001034121029,0.004134879448,5.756499013e-05,0.001075566746,0.009992026724,0.00299221254,0.009121402167,0.3113598526,0.008082728833,0.00231070281,9.508877156e-06,1.981912646e-06,7.275416283e-05,0.0174552314,0.9784777164,0.2126615345,0.004230771679,0.006569777615,5.681842958e-05,1.03002576e-05,0.6258627176,0.02525462955,0.0234692432,0.01013266295,0.2811484337,0.04235858098,0.0003457849962,0.01800946891,0.0002617036807,0.005072524771,0.000459432049,1.813590825e-05,0
